meta	prose_heavy	records	2048
meta	prose_heavy	semantic_digest	11367502346538253063
result	prose_heavy	sqlite	raw	artifact_bytes	11259904
result	prose_heavy	sqlite	raw	build_ns	37395333
sample	prose_heavy	sqlite	raw	open	0	184709
sample	prose_heavy	sqlite	raw	open	1	68208
sample	prose_heavy	sqlite	raw	open	2	56334
sample	prose_heavy	sqlite	raw	open	3	144791
sample	prose_heavy	sqlite	raw	open	4	68125
sample	prose_heavy	sqlite	raw	open	5	60250
sample	prose_heavy	sqlite	raw	open	6	54000
sample	prose_heavy	sqlite	raw	open	7	49292
sample	prose_heavy	sqlite	raw	open	8	48375
sample	prose_heavy	sqlite	raw	open	9	47084
sample	prose_heavy	sqlite	raw	open	10	47667
sample	prose_heavy	sqlite	raw	open	11	46250
sample	prose_heavy	sqlite	raw	open	12	45542
sample	prose_heavy	sqlite	raw	open	13	45292
sample	prose_heavy	sqlite	raw	open	14	45625
sample	prose_heavy	sqlite	raw	open	15	46041
sample	prose_heavy	sqlite	raw	open	16	46583
sample	prose_heavy	sqlite	raw	open	17	45833
sample	prose_heavy	sqlite	raw	open	18	46542
sample	prose_heavy	sqlite	raw	open	19	47042
sample	prose_heavy	sqlite	raw	open	20	44958
sample	prose_heavy	sqlite	raw	open	21	48084
sample	prose_heavy	sqlite	raw	open	22	47542
sample	prose_heavy	sqlite	raw	open	23	46375
sample	prose_heavy	sqlite	raw	open	24	48375
result	prose_heavy	sqlite	raw	open_ns	47542
result	prose_heavy	sqlite	raw	semantic_digest	11367502346538253063
result	prose_heavy	sqlite	raw	query_checksum	4133005253181784452
result	prose_heavy	sqlite	raw	outputs	1024875
result	prose_heavy	sqlite	raw	logical_prose_bytes	10498986
sample	prose_heavy	sqlite	raw	exact	0	1127209
sample	prose_heavy	sqlite	raw	exact	1	85083
sample	prose_heavy	sqlite	raw	exact	2	26458
sample	prose_heavy	sqlite	raw	exact	3	32500
sample	prose_heavy	sqlite	raw	exact	4	23250
sample	prose_heavy	sqlite	raw	exact	5	61916
sample	prose_heavy	sqlite	raw	exact	6	71667
sample	prose_heavy	sqlite	raw	exact	7	16209
sample	prose_heavy	sqlite	raw	exact	8	7875
sample	prose_heavy	sqlite	raw	exact	9	6333
sample	prose_heavy	sqlite	raw	exact	10	6459
sample	prose_heavy	sqlite	raw	exact	11	5750
sample	prose_heavy	sqlite	raw	exact	12	6000
sample	prose_heavy	sqlite	raw	exact	13	5917
sample	prose_heavy	sqlite	raw	exact	14	14584
sample	prose_heavy	sqlite	raw	exact	15	7417
sample	prose_heavy	sqlite	raw	exact	16	6917
sample	prose_heavy	sqlite	raw	exact	17	6208
sample	prose_heavy	sqlite	raw	exact	18	6916
sample	prose_heavy	sqlite	raw	exact	19	5541
sample	prose_heavy	sqlite	raw	exact	20	7667
sample	prose_heavy	sqlite	raw	exact	21	6042
sample	prose_heavy	sqlite	raw	exact	22	6000
sample	prose_heavy	sqlite	raw	exact	23	8500
sample	prose_heavy	sqlite	raw	exact	24	6833
sample	prose_heavy	sqlite	raw	exact	25	5875
sample	prose_heavy	sqlite	raw	exact	26	6292
sample	prose_heavy	sqlite	raw	exact	27	5500
sample	prose_heavy	sqlite	raw	exact	28	6000
sample	prose_heavy	sqlite	raw	exact	29	5500
sample	prose_heavy	sqlite	raw	exact	30	5584
sample	prose_heavy	sqlite	raw	exact	31	5625
sample	prose_heavy	sqlite	raw	exact	32	6125
sample	prose_heavy	sqlite	raw	exact	33	12916
sample	prose_heavy	sqlite	raw	exact	34	9292
sample	prose_heavy	sqlite	raw	exact	35	11458
sample	prose_heavy	sqlite	raw	exact	36	7750
sample	prose_heavy	sqlite	raw	exact	37	6083
sample	prose_heavy	sqlite	raw	exact	38	6291
sample	prose_heavy	sqlite	raw	exact	39	6375
sample	prose_heavy	sqlite	raw	exact	40	7875
sample	prose_heavy	sqlite	raw	exact	41	5625
sample	prose_heavy	sqlite	raw	exact	42	6042
sample	prose_heavy	sqlite	raw	exact	43	5709
sample	prose_heavy	sqlite	raw	exact	44	6000
sample	prose_heavy	sqlite	raw	exact	45	5625
sample	prose_heavy	sqlite	raw	exact	46	5917
sample	prose_heavy	sqlite	raw	exact	47	5625
sample	prose_heavy	sqlite	raw	exact	48	5834
sample	prose_heavy	sqlite	raw	exact	49	5500
sample	prose_heavy	sqlite	raw	exact	50	5958
sample	prose_heavy	sqlite	raw	exact	51	5458
sample	prose_heavy	sqlite	raw	exact	52	5625
sample	prose_heavy	sqlite	raw	exact	53	5459
sample	prose_heavy	sqlite	raw	exact	54	5791
sample	prose_heavy	sqlite	raw	exact	55	5750
sample	prose_heavy	sqlite	raw	exact	56	5833
sample	prose_heavy	sqlite	raw	exact	57	5333
sample	prose_heavy	sqlite	raw	exact	58	5750
sample	prose_heavy	sqlite	raw	exact	59	5334
sample	prose_heavy	sqlite	raw	exact	60	5917
sample	prose_heavy	sqlite	raw	exact	61	5416
sample	prose_heavy	sqlite	raw	exact	62	5625
sample	prose_heavy	sqlite	raw	exact	63	5625
sample	prose_heavy	sqlite	raw	exact	64	5625
sample	prose_heavy	sqlite	raw	exact	65	5500
sample	prose_heavy	sqlite	raw	exact	66	13833
sample	prose_heavy	sqlite	raw	exact	67	7417
sample	prose_heavy	sqlite	raw	exact	68	6417
sample	prose_heavy	sqlite	raw	exact	69	6041
sample	prose_heavy	sqlite	raw	exact	70	6333
sample	prose_heavy	sqlite	raw	exact	71	6083
sample	prose_heavy	sqlite	raw	exact	72	6208
sample	prose_heavy	sqlite	raw	exact	73	5542
sample	prose_heavy	sqlite	raw	exact	74	5791
sample	prose_heavy	sqlite	raw	exact	75	5417
sample	prose_heavy	sqlite	raw	exact	76	5708
sample	prose_heavy	sqlite	raw	exact	77	5583
sample	prose_heavy	sqlite	raw	exact	78	5792
sample	prose_heavy	sqlite	raw	exact	79	5833
sample	prose_heavy	sqlite	raw	exact	80	5833
sample	prose_heavy	sqlite	raw	exact	81	6000
sample	prose_heavy	sqlite	raw	exact	82	6209
sample	prose_heavy	sqlite	raw	exact	83	5875
sample	prose_heavy	sqlite	raw	exact	84	6291
sample	prose_heavy	sqlite	raw	exact	85	71375
sample	prose_heavy	sqlite	raw	exact	86	10583
sample	prose_heavy	sqlite	raw	exact	87	5667
sample	prose_heavy	sqlite	raw	exact	88	6000
sample	prose_heavy	sqlite	raw	exact	89	5500
sample	prose_heavy	sqlite	raw	exact	90	5917
sample	prose_heavy	sqlite	raw	exact	91	5375
sample	prose_heavy	sqlite	raw	exact	92	5625
sample	prose_heavy	sqlite	raw	exact	93	5458
sample	prose_heavy	sqlite	raw	exact	94	5709
sample	prose_heavy	sqlite	raw	exact	95	5541
sample	prose_heavy	sqlite	raw	exact	96	5917
sample	prose_heavy	sqlite	raw	exact	97	5375
sample	prose_heavy	sqlite	raw	exact	98	6209
sample	prose_heavy	sqlite	raw	exact	99	5791
sample	prose_heavy	sqlite	raw	exact	100	69875
sample	prose_heavy	sqlite	raw	exact	101	11166
sample	prose_heavy	sqlite	raw	exact	102	50167
sample	prose_heavy	sqlite	raw	exact	103	33458
sample	prose_heavy	sqlite	raw	exact	104	89916
sample	prose_heavy	sqlite	raw	exact	105	13333
sample	prose_heavy	sqlite	raw	exact	106	8500
sample	prose_heavy	sqlite	raw	exact	107	7083
sample	prose_heavy	sqlite	raw	exact	108	6792
sample	prose_heavy	sqlite	raw	exact	109	6916
sample	prose_heavy	sqlite	raw	exact	110	6084
sample	prose_heavy	sqlite	raw	exact	111	16833
sample	prose_heavy	sqlite	raw	exact	112	13667
sample	prose_heavy	sqlite	raw	exact	113	9333
sample	prose_heavy	sqlite	raw	exact	114	6292
sample	prose_heavy	sqlite	raw	exact	115	5500
sample	prose_heavy	sqlite	raw	exact	116	6000
sample	prose_heavy	sqlite	raw	exact	117	5459
sample	prose_heavy	sqlite	raw	exact	118	95292
sample	prose_heavy	sqlite	raw	exact	119	116292
sample	prose_heavy	sqlite	raw	exact	120	25667
sample	prose_heavy	sqlite	raw	exact	121	7625
sample	prose_heavy	sqlite	raw	exact	122	7208
sample	prose_heavy	sqlite	raw	exact	123	6833
sample	prose_heavy	sqlite	raw	exact	124	7000
sample	prose_heavy	sqlite	raw	exact	125	7416
sample	prose_heavy	sqlite	raw	exact	126	6834
sample	prose_heavy	sqlite	raw	exact	127	5916
sample	prose_heavy	sqlite	raw	exact	128	5875
sample	prose_heavy	sqlite	raw	exact	129	70125
sample	prose_heavy	sqlite	raw	exact	130	29167
sample	prose_heavy	sqlite	raw	exact	131	38625
sample	prose_heavy	sqlite	raw	exact	132	15750
sample	prose_heavy	sqlite	raw	exact	133	13708
sample	prose_heavy	sqlite	raw	exact	134	19083
sample	prose_heavy	sqlite	raw	exact	135	45375
sample	prose_heavy	sqlite	raw	exact	136	20208
sample	prose_heavy	sqlite	raw	exact	137	7958
sample	prose_heavy	sqlite	raw	exact	138	6625
sample	prose_heavy	sqlite	raw	exact	139	6000
sample	prose_heavy	sqlite	raw	exact	140	7167
sample	prose_heavy	sqlite	raw	exact	141	6250
sample	prose_heavy	sqlite	raw	exact	142	6291
sample	prose_heavy	sqlite	raw	exact	143	6500
sample	prose_heavy	sqlite	raw	exact	144	6292
sample	prose_heavy	sqlite	raw	exact	145	9375
sample	prose_heavy	sqlite	raw	exact	146	7333
sample	prose_heavy	sqlite	raw	exact	147	5791
sample	prose_heavy	sqlite	raw	exact	148	6542
sample	prose_heavy	sqlite	raw	exact	149	5959
sample	prose_heavy	sqlite	raw	exact	150	6084
sample	prose_heavy	sqlite	raw	exact	151	5958
sample	prose_heavy	sqlite	raw	exact	152	6167
sample	prose_heavy	sqlite	raw	exact	153	6167
sample	prose_heavy	sqlite	raw	exact	154	6291
sample	prose_heavy	sqlite	raw	exact	155	5875
sample	prose_heavy	sqlite	raw	exact	156	5750
sample	prose_heavy	sqlite	raw	exact	157	5375
sample	prose_heavy	sqlite	raw	exact	158	5542
sample	prose_heavy	sqlite	raw	exact	159	5584
sample	prose_heavy	sqlite	raw	exact	160	6000
sample	prose_heavy	sqlite	raw	exact	161	5584
sample	prose_heavy	sqlite	raw	exact	162	6208
sample	prose_heavy	sqlite	raw	exact	163	5791
sample	prose_heavy	sqlite	raw	exact	164	5667
sample	prose_heavy	sqlite	raw	exact	165	5834
sample	prose_heavy	sqlite	raw	exact	166	5708
sample	prose_heavy	sqlite	raw	exact	167	5542
sample	prose_heavy	sqlite	raw	exact	168	5625
sample	prose_heavy	sqlite	raw	exact	169	10750
sample	prose_heavy	sqlite	raw	exact	170	6375
sample	prose_heavy	sqlite	raw	exact	171	5333
sample	prose_heavy	sqlite	raw	exact	172	5917
sample	prose_heavy	sqlite	raw	exact	173	5625
sample	prose_heavy	sqlite	raw	exact	174	5542
sample	prose_heavy	sqlite	raw	exact	175	5750
sample	prose_heavy	sqlite	raw	exact	176	5750
sample	prose_heavy	sqlite	raw	exact	177	5667
sample	prose_heavy	sqlite	raw	exact	178	5500
sample	prose_heavy	sqlite	raw	exact	179	5333
sample	prose_heavy	sqlite	raw	exact	180	5500
sample	prose_heavy	sqlite	raw	exact	181	5209
sample	prose_heavy	sqlite	raw	exact	182	5584
sample	prose_heavy	sqlite	raw	exact	183	5750
sample	prose_heavy	sqlite	raw	exact	184	5667
sample	prose_heavy	sqlite	raw	exact	185	5584
sample	prose_heavy	sqlite	raw	exact	186	80667
sample	prose_heavy	sqlite	raw	exact	187	21000
sample	prose_heavy	sqlite	raw	exact	188	42000
sample	prose_heavy	sqlite	raw	exact	189	70583
sample	prose_heavy	sqlite	raw	exact	190	37042
sample	prose_heavy	sqlite	raw	exact	191	14291
sample	prose_heavy	sqlite	raw	exact	192	14708
sample	prose_heavy	sqlite	raw	exact	193	12708
sample	prose_heavy	sqlite	raw	exact	194	13292
sample	prose_heavy	sqlite	raw	exact	195	11292
sample	prose_heavy	sqlite	raw	exact	196	12167
sample	prose_heavy	sqlite	raw	exact	197	11333
sample	prose_heavy	sqlite	raw	exact	198	12292
sample	prose_heavy	sqlite	raw	exact	199	11792
sample	prose_heavy	sqlite	raw	exact	200	16916
sample	prose_heavy	sqlite	raw	exact	201	6834
sample	prose_heavy	sqlite	raw	exact	202	6375
sample	prose_heavy	sqlite	raw	exact	203	6125
sample	prose_heavy	sqlite	raw	exact	204	6375
sample	prose_heavy	sqlite	raw	exact	205	6542
sample	prose_heavy	sqlite	raw	exact	206	5958
sample	prose_heavy	sqlite	raw	exact	207	5625
sample	prose_heavy	sqlite	raw	exact	208	5834
sample	prose_heavy	sqlite	raw	exact	209	5458
sample	prose_heavy	sqlite	raw	exact	210	5500
sample	prose_heavy	sqlite	raw	exact	211	5292
sample	prose_heavy	sqlite	raw	exact	212	5708
sample	prose_heavy	sqlite	raw	exact	213	5375
sample	prose_heavy	sqlite	raw	exact	214	5459
sample	prose_heavy	sqlite	raw	exact	215	5791
sample	prose_heavy	sqlite	raw	exact	216	6042
sample	prose_heavy	sqlite	raw	exact	217	5458
sample	prose_heavy	sqlite	raw	exact	218	5666
sample	prose_heavy	sqlite	raw	exact	219	5209
sample	prose_heavy	sqlite	raw	exact	220	12125
sample	prose_heavy	sqlite	raw	exact	221	6625
sample	prose_heavy	sqlite	raw	exact	222	5833
sample	prose_heavy	sqlite	raw	exact	223	5583
sample	prose_heavy	sqlite	raw	exact	224	5667
sample	prose_heavy	sqlite	raw	exact	225	5333
sample	prose_heavy	sqlite	raw	exact	226	5584
sample	prose_heavy	sqlite	raw	exact	227	5458
sample	prose_heavy	sqlite	raw	exact	228	5875
sample	prose_heavy	sqlite	raw	exact	229	14542
sample	prose_heavy	sqlite	raw	exact	230	13208
sample	prose_heavy	sqlite	raw	exact	231	5708
sample	prose_heavy	sqlite	raw	exact	232	6333
sample	prose_heavy	sqlite	raw	exact	233	5792
sample	prose_heavy	sqlite	raw	exact	234	5709
sample	prose_heavy	sqlite	raw	exact	235	5458
sample	prose_heavy	sqlite	raw	exact	236	5709
sample	prose_heavy	sqlite	raw	exact	237	5458
sample	prose_heavy	sqlite	raw	exact	238	5583
sample	prose_heavy	sqlite	raw	exact	239	5583
sample	prose_heavy	sqlite	raw	exact	240	5542
sample	prose_heavy	sqlite	raw	exact	241	6250
sample	prose_heavy	sqlite	raw	exact	242	6125
sample	prose_heavy	sqlite	raw	exact	243	6167
sample	prose_heavy	sqlite	raw	exact	244	6583
sample	prose_heavy	sqlite	raw	exact	245	11000
sample	prose_heavy	sqlite	raw	exact	246	6167
sample	prose_heavy	sqlite	raw	exact	247	10542
sample	prose_heavy	sqlite	raw	exact	248	5750
sample	prose_heavy	sqlite	raw	exact	249	11292
sample	prose_heavy	sqlite	raw	exact	250	5791
sample	prose_heavy	sqlite	raw	exact	251	5375
sample	prose_heavy	sqlite	raw	exact	252	5583
sample	prose_heavy	sqlite	raw	exact	253	5292
sample	prose_heavy	sqlite	raw	exact	254	5500
sample	prose_heavy	sqlite	raw	exact	255	59542
sample	prose_heavy	sqlite	raw	exact	256	130625
sample	prose_heavy	sqlite	raw	exact	257	79750
sample	prose_heavy	sqlite	raw	exact	258	64458
sample	prose_heavy	sqlite	raw	exact	259	88542
sample	prose_heavy	sqlite	raw	exact	260	49083
sample	prose_heavy	sqlite	raw	exact	261	30791
sample	prose_heavy	sqlite	raw	exact	262	22500
sample	prose_heavy	sqlite	raw	exact	263	16625
sample	prose_heavy	sqlite	raw	exact	264	16042
sample	prose_heavy	sqlite	raw	exact	265	14125
sample	prose_heavy	sqlite	raw	exact	266	16083
sample	prose_heavy	sqlite	raw	exact	267	16667
sample	prose_heavy	sqlite	raw	exact	268	15667
sample	prose_heavy	sqlite	raw	exact	269	14291
sample	prose_heavy	sqlite	raw	exact	270	13750
sample	prose_heavy	sqlite	raw	exact	271	14458
sample	prose_heavy	sqlite	raw	exact	272	14917
sample	prose_heavy	sqlite	raw	exact	273	13583
sample	prose_heavy	sqlite	raw	exact	274	16000
sample	prose_heavy	sqlite	raw	exact	275	13500
sample	prose_heavy	sqlite	raw	exact	276	32250
sample	prose_heavy	sqlite	raw	exact	277	9542
sample	prose_heavy	sqlite	raw	exact	278	7708
sample	prose_heavy	sqlite	raw	exact	279	6334
sample	prose_heavy	sqlite	raw	exact	280	533209
sample	prose_heavy	sqlite	raw	exact	281	118417
sample	prose_heavy	sqlite	raw	exact	282	11583
sample	prose_heavy	sqlite	raw	exact	283	42042
sample	prose_heavy	sqlite	raw	exact	284	40667
sample	prose_heavy	sqlite	raw	exact	285	11833
sample	prose_heavy	sqlite	raw	exact	286	7375
sample	prose_heavy	sqlite	raw	exact	287	17208
sample	prose_heavy	sqlite	raw	exact	288	12958
sample	prose_heavy	sqlite	raw	exact	289	7208
sample	prose_heavy	sqlite	raw	exact	290	9584
sample	prose_heavy	sqlite	raw	exact	291	6708
sample	prose_heavy	sqlite	raw	exact	292	7584
sample	prose_heavy	sqlite	raw	exact	293	77791
sample	prose_heavy	sqlite	raw	exact	294	78125
sample	prose_heavy	sqlite	raw	exact	295	27167
sample	prose_heavy	sqlite	raw	exact	296	8167
sample	prose_heavy	sqlite	raw	exact	297	6583
sample	prose_heavy	sqlite	raw	exact	298	7708
sample	prose_heavy	sqlite	raw	exact	299	6917
sample	prose_heavy	sqlite	raw	exact	300	8750
sample	prose_heavy	sqlite	raw	exact	301	6417
sample	prose_heavy	sqlite	raw	exact	302	7458
sample	prose_heavy	sqlite	raw	exact	303	19667
sample	prose_heavy	sqlite	raw	exact	304	6833
sample	prose_heavy	sqlite	raw	exact	305	5708
sample	prose_heavy	sqlite	raw	exact	306	6166
sample	prose_heavy	sqlite	raw	exact	307	69542
sample	prose_heavy	sqlite	raw	exact	308	45959
sample	prose_heavy	sqlite	raw	exact	309	35500
sample	prose_heavy	sqlite	raw	exact	310	22500
sample	prose_heavy	sqlite	raw	exact	311	62792
sample	prose_heavy	sqlite	raw	exact	312	41167
sample	prose_heavy	sqlite	raw	exact	313	159667
sample	prose_heavy	sqlite	raw	exact	314	1161041
sample	prose_heavy	sqlite	raw	exact	315	61917
sample	prose_heavy	sqlite	raw	exact	316	55541
sample	prose_heavy	sqlite	raw	exact	317	61667
sample	prose_heavy	sqlite	raw	exact	318	65750
sample	prose_heavy	sqlite	raw	exact	319	44084
sample	prose_heavy	sqlite	raw	exact	320	31833
sample	prose_heavy	sqlite	raw	exact	321	24542
sample	prose_heavy	sqlite	raw	exact	322	18417
sample	prose_heavy	sqlite	raw	exact	323	8042
sample	prose_heavy	sqlite	raw	exact	324	7542
sample	prose_heavy	sqlite	raw	exact	325	5833
sample	prose_heavy	sqlite	raw	exact	326	6125
sample	prose_heavy	sqlite	raw	exact	327	5958
sample	prose_heavy	sqlite	raw	exact	328	6000
sample	prose_heavy	sqlite	raw	exact	329	12500
sample	prose_heavy	sqlite	raw	exact	330	7625
sample	prose_heavy	sqlite	raw	exact	331	6917
sample	prose_heavy	sqlite	raw	exact	332	6833
sample	prose_heavy	sqlite	raw	exact	333	5791
sample	prose_heavy	sqlite	raw	exact	334	5917
sample	prose_heavy	sqlite	raw	exact	335	6042
sample	prose_heavy	sqlite	raw	exact	336	6417
sample	prose_heavy	sqlite	raw	exact	337	6166
sample	prose_heavy	sqlite	raw	exact	338	6958
sample	prose_heavy	sqlite	raw	exact	339	6000
sample	prose_heavy	sqlite	raw	exact	340	6709
sample	prose_heavy	sqlite	raw	exact	341	6375
sample	prose_heavy	sqlite	raw	exact	342	6291
sample	prose_heavy	sqlite	raw	exact	343	58292
sample	prose_heavy	sqlite	raw	exact	344	14583
sample	prose_heavy	sqlite	raw	exact	345	6875
sample	prose_heavy	sqlite	raw	exact	346	7542
sample	prose_heavy	sqlite	raw	exact	347	6708
sample	prose_heavy	sqlite	raw	exact	348	6375
sample	prose_heavy	sqlite	raw	exact	349	5833
sample	prose_heavy	sqlite	raw	exact	350	6167
sample	prose_heavy	sqlite	raw	exact	351	6042
sample	prose_heavy	sqlite	raw	exact	352	6083
sample	prose_heavy	sqlite	raw	exact	353	5708
sample	prose_heavy	sqlite	raw	exact	354	6500
sample	prose_heavy	sqlite	raw	exact	355	5916
sample	prose_heavy	sqlite	raw	exact	356	6208
sample	prose_heavy	sqlite	raw	exact	357	5666
sample	prose_heavy	sqlite	raw	exact	358	6792
sample	prose_heavy	sqlite	raw	exact	359	6042
sample	prose_heavy	sqlite	raw	exact	360	6250
sample	prose_heavy	sqlite	raw	exact	361	5750
sample	prose_heavy	sqlite	raw	exact	362	6083
sample	prose_heavy	sqlite	raw	exact	363	5667
sample	prose_heavy	sqlite	raw	exact	364	5750
sample	prose_heavy	sqlite	raw	exact	365	16250
sample	prose_heavy	sqlite	raw	exact	366	19834
sample	prose_heavy	sqlite	raw	exact	367	6917
sample	prose_heavy	sqlite	raw	exact	368	6583
sample	prose_heavy	sqlite	raw	exact	369	6083
sample	prose_heavy	sqlite	raw	exact	370	6083
sample	prose_heavy	sqlite	raw	exact	371	5416
sample	prose_heavy	sqlite	raw	exact	372	6166
sample	prose_heavy	sqlite	raw	exact	373	5958
sample	prose_heavy	sqlite	raw	exact	374	5916
sample	prose_heavy	sqlite	raw	exact	375	5875
sample	prose_heavy	sqlite	raw	exact	376	6166
sample	prose_heavy	sqlite	raw	exact	377	6208
sample	prose_heavy	sqlite	raw	exact	378	6584
sample	prose_heavy	sqlite	raw	exact	379	5416
sample	prose_heavy	sqlite	raw	exact	380	6125
sample	prose_heavy	sqlite	raw	exact	381	5833
sample	prose_heavy	sqlite	raw	exact	382	6042
sample	prose_heavy	sqlite	raw	exact	383	5833
sample	prose_heavy	sqlite	raw	exact	384	5916
sample	prose_heavy	sqlite	raw	exact	385	5959
sample	prose_heavy	sqlite	raw	exact	386	5541
sample	prose_heavy	sqlite	raw	exact	387	33250
sample	prose_heavy	sqlite	raw	exact	388	12500
sample	prose_heavy	sqlite	raw	exact	389	7333
sample	prose_heavy	sqlite	raw	exact	390	17750
sample	prose_heavy	sqlite	raw	exact	391	6958
sample	prose_heavy	sqlite	raw	exact	392	60167
sample	prose_heavy	sqlite	raw	exact	393	58417
sample	prose_heavy	sqlite	raw	exact	394	42625
sample	prose_heavy	sqlite	raw	exact	395	85000
sample	prose_heavy	sqlite	raw	exact	396	84250
sample	prose_heavy	sqlite	raw	exact	397	18708
sample	prose_heavy	sqlite	raw	exact	398	8125
sample	prose_heavy	sqlite	raw	exact	399	7125
sample	prose_heavy	sqlite	raw	exact	400	26250
sample	prose_heavy	sqlite	raw	exact	401	7500
sample	prose_heavy	sqlite	raw	exact	402	6166
sample	prose_heavy	sqlite	raw	exact	403	47500
sample	prose_heavy	sqlite	raw	exact	404	141084
sample	prose_heavy	sqlite	raw	exact	405	95375
sample	prose_heavy	sqlite	raw	exact	406	73916
sample	prose_heavy	sqlite	raw	exact	407	48958
sample	prose_heavy	sqlite	raw	exact	408	147375
sample	prose_heavy	sqlite	raw	exact	409	26666
sample	prose_heavy	sqlite	raw	exact	410	8333
sample	prose_heavy	sqlite	raw	exact	411	7500
sample	prose_heavy	sqlite	raw	exact	412	6541
sample	prose_heavy	sqlite	raw	exact	413	6250
sample	prose_heavy	sqlite	raw	exact	414	6125
sample	prose_heavy	sqlite	raw	exact	415	5625
sample	prose_heavy	sqlite	raw	exact	416	6458
sample	prose_heavy	sqlite	raw	exact	417	5709
sample	prose_heavy	sqlite	raw	exact	418	6125
sample	prose_heavy	sqlite	raw	exact	419	5375
sample	prose_heavy	sqlite	raw	exact	420	6708
sample	prose_heavy	sqlite	raw	exact	421	42458
sample	prose_heavy	sqlite	raw	exact	422	55125
sample	prose_heavy	sqlite	raw	exact	423	36083
sample	prose_heavy	sqlite	raw	exact	424	24208
sample	prose_heavy	sqlite	raw	exact	425	29250
sample	prose_heavy	sqlite	raw	exact	426	47208
sample	prose_heavy	sqlite	raw	exact	427	20083
sample	prose_heavy	sqlite	raw	exact	428	32500
sample	prose_heavy	sqlite	raw	exact	429	22625
sample	prose_heavy	sqlite	raw	exact	430	21542
sample	prose_heavy	sqlite	raw	exact	431	26000
sample	prose_heavy	sqlite	raw	exact	432	40958
sample	prose_heavy	sqlite	raw	exact	433	81833
sample	prose_heavy	sqlite	raw	exact	434	102625
sample	prose_heavy	sqlite	raw	exact	435	12458
sample	prose_heavy	sqlite	raw	exact	436	7666
sample	prose_heavy	sqlite	raw	exact	437	6750
sample	prose_heavy	sqlite	raw	exact	438	8209
sample	prose_heavy	sqlite	raw	exact	439	9917
sample	prose_heavy	sqlite	raw	exact	440	6375
sample	prose_heavy	sqlite	raw	exact	441	5916
sample	prose_heavy	sqlite	raw	exact	442	8750
sample	prose_heavy	sqlite	raw	exact	443	5458
sample	prose_heavy	sqlite	raw	exact	444	6000
sample	prose_heavy	sqlite	raw	exact	445	5542
sample	prose_heavy	sqlite	raw	exact	446	5708
sample	prose_heavy	sqlite	raw	exact	447	5708
sample	prose_heavy	sqlite	raw	exact	448	5833
sample	prose_heavy	sqlite	raw	exact	449	5334
sample	prose_heavy	sqlite	raw	exact	450	5458
sample	prose_heavy	sqlite	raw	exact	451	5542
sample	prose_heavy	sqlite	raw	exact	452	6000
sample	prose_heavy	sqlite	raw	exact	453	5875
sample	prose_heavy	sqlite	raw	exact	454	6667
sample	prose_heavy	sqlite	raw	exact	455	6333
sample	prose_heavy	sqlite	raw	exact	456	6167
sample	prose_heavy	sqlite	raw	exact	457	5708
sample	prose_heavy	sqlite	raw	exact	458	6458
sample	prose_heavy	sqlite	raw	exact	459	5666
sample	prose_heavy	sqlite	raw	exact	460	6417
sample	prose_heavy	sqlite	raw	exact	461	5625
sample	prose_heavy	sqlite	raw	exact	462	6625
sample	prose_heavy	sqlite	raw	exact	463	5708
sample	prose_heavy	sqlite	raw	exact	464	59083
sample	prose_heavy	sqlite	raw	exact	465	39917
sample	prose_heavy	sqlite	raw	exact	466	63500
sample	prose_heavy	sqlite	raw	exact	467	19042
sample	prose_heavy	sqlite	raw	exact	468	8959
sample	prose_heavy	sqlite	raw	exact	469	6750
sample	prose_heavy	sqlite	raw	exact	470	7834
sample	prose_heavy	sqlite	raw	exact	471	6500
sample	prose_heavy	sqlite	raw	exact	472	6334
sample	prose_heavy	sqlite	raw	exact	473	5583
sample	prose_heavy	sqlite	raw	exact	474	6458
sample	prose_heavy	sqlite	raw	exact	475	5584
sample	prose_heavy	sqlite	raw	exact	476	6208
sample	prose_heavy	sqlite	raw	exact	477	32125
sample	prose_heavy	sqlite	raw	exact	478	104750
sample	prose_heavy	sqlite	raw	exact	479	11875
sample	prose_heavy	sqlite	raw	exact	480	7000
sample	prose_heavy	sqlite	raw	exact	481	7000
sample	prose_heavy	sqlite	raw	exact	482	7125
sample	prose_heavy	sqlite	raw	exact	483	5958
sample	prose_heavy	sqlite	raw	exact	484	6334
sample	prose_heavy	sqlite	raw	exact	485	5500
sample	prose_heavy	sqlite	raw	exact	486	8208
sample	prose_heavy	sqlite	raw	exact	487	5583
sample	prose_heavy	sqlite	raw	exact	488	5667
sample	prose_heavy	sqlite	raw	exact	489	68750
sample	prose_heavy	sqlite	raw	exact	490	12125
sample	prose_heavy	sqlite	raw	exact	491	6041
sample	prose_heavy	sqlite	raw	exact	492	6625
sample	prose_heavy	sqlite	raw	exact	493	6000
sample	prose_heavy	sqlite	raw	exact	494	6375
sample	prose_heavy	sqlite	raw	exact	495	6125
sample	prose_heavy	sqlite	raw	exact	496	6083
sample	prose_heavy	sqlite	raw	exact	497	5875
sample	prose_heavy	sqlite	raw	exact	498	6084
sample	prose_heavy	sqlite	raw	exact	499	5542
sample	prose_heavy	sqlite	raw	exact	500	6459
sample	prose_heavy	sqlite	raw	exact	501	5542
sample	prose_heavy	sqlite	raw	exact	502	6125
sample	prose_heavy	sqlite	raw	exact	503	22084
sample	prose_heavy	sqlite	raw	exact	504	6333
sample	prose_heavy	sqlite	raw	exact	505	5458
sample	prose_heavy	sqlite	raw	exact	506	58750
sample	prose_heavy	sqlite	raw	exact	507	62625
sample	prose_heavy	sqlite	raw	exact	508	28833
sample	prose_heavy	sqlite	raw	exact	509	47291
sample	prose_heavy	sqlite	raw	exact	510	51209
sample	prose_heavy	sqlite	raw	exact	511	20916
sample	prose_heavy	sqlite	raw	exact	512	9000
sample	prose_heavy	sqlite	raw	exact	513	7125
sample	prose_heavy	sqlite	raw	exact	514	8083
sample	prose_heavy	sqlite	raw	exact	515	9625
sample	prose_heavy	sqlite	raw	exact	516	6542
sample	prose_heavy	sqlite	raw	exact	517	5625
sample	prose_heavy	sqlite	raw	exact	518	8208
sample	prose_heavy	sqlite	raw	exact	519	6250
sample	prose_heavy	sqlite	raw	exact	520	6334
sample	prose_heavy	sqlite	raw	exact	521	5541
sample	prose_heavy	sqlite	raw	exact	522	5958
sample	prose_heavy	sqlite	raw	exact	523	5500
sample	prose_heavy	sqlite	raw	exact	524	6000
sample	prose_heavy	sqlite	raw	exact	525	5500
sample	prose_heavy	sqlite	raw	exact	526	6000
sample	prose_heavy	sqlite	raw	exact	527	99667
sample	prose_heavy	sqlite	raw	exact	528	52292
sample	prose_heavy	sqlite	raw	exact	529	28750
sample	prose_heavy	sqlite	raw	exact	530	23459
sample	prose_heavy	sqlite	raw	exact	531	25125
sample	prose_heavy	sqlite	raw	exact	532	11500
sample	prose_heavy	sqlite	raw	exact	533	7500
sample	prose_heavy	sqlite	raw	exact	534	7625
sample	prose_heavy	sqlite	raw	exact	535	6792
sample	prose_heavy	sqlite	raw	exact	536	7958
sample	prose_heavy	sqlite	raw	exact	537	16291
sample	prose_heavy	sqlite	raw	exact	538	15625
sample	prose_heavy	sqlite	raw	exact	539	5709
sample	prose_heavy	sqlite	raw	exact	540	6041
sample	prose_heavy	sqlite	raw	exact	541	5542
sample	prose_heavy	sqlite	raw	exact	542	60166
sample	prose_heavy	sqlite	raw	exact	543	81791
sample	prose_heavy	sqlite	raw	exact	544	11166
sample	prose_heavy	sqlite	raw	exact	545	7500
sample	prose_heavy	sqlite	raw	exact	546	6833
sample	prose_heavy	sqlite	raw	exact	547	6875
sample	prose_heavy	sqlite	raw	exact	548	6500
sample	prose_heavy	sqlite	raw	exact	549	5917
sample	prose_heavy	sqlite	raw	exact	550	6500
sample	prose_heavy	sqlite	raw	exact	551	86625
sample	prose_heavy	sqlite	raw	exact	552	13166
sample	prose_heavy	sqlite	raw	exact	553	6458
sample	prose_heavy	sqlite	raw	exact	554	7417
sample	prose_heavy	sqlite	raw	exact	555	6584
sample	prose_heavy	sqlite	raw	exact	556	6834
sample	prose_heavy	sqlite	raw	exact	557	5917
sample	prose_heavy	sqlite	raw	exact	558	6250
sample	prose_heavy	sqlite	raw	exact	559	6333
sample	prose_heavy	sqlite	raw	exact	560	74459
sample	prose_heavy	sqlite	raw	exact	561	56750
sample	prose_heavy	sqlite	raw	exact	562	104916
sample	prose_heavy	sqlite	raw	exact	563	265875
sample	prose_heavy	sqlite	raw	exact	564	197666
sample	prose_heavy	sqlite	raw	exact	565	80291
sample	prose_heavy	sqlite	raw	exact	566	71625
sample	prose_heavy	sqlite	raw	exact	567	122083
sample	prose_heavy	sqlite	raw	exact	568	67500
sample	prose_heavy	sqlite	raw	exact	569	36084
sample	prose_heavy	sqlite	raw	exact	570	25334
sample	prose_heavy	sqlite	raw	exact	571	18375
sample	prose_heavy	sqlite	raw	exact	572	18208
sample	prose_heavy	sqlite	raw	exact	573	36167
sample	prose_heavy	sqlite	raw	exact	574	41458
sample	prose_heavy	sqlite	raw	exact	575	230541
sample	prose_heavy	sqlite	raw	exact	576	96500
sample	prose_heavy	sqlite	raw	exact	577	15500
sample	prose_heavy	sqlite	raw	exact	578	7709
sample	prose_heavy	sqlite	raw	exact	579	8000
sample	prose_heavy	sqlite	raw	exact	580	7000
sample	prose_heavy	sqlite	raw	exact	581	6000
sample	prose_heavy	sqlite	raw	exact	582	7042
sample	prose_heavy	sqlite	raw	exact	583	11791
sample	prose_heavy	sqlite	raw	exact	584	12209
sample	prose_heavy	sqlite	raw	exact	585	11833
sample	prose_heavy	sqlite	raw	exact	586	12875
sample	prose_heavy	sqlite	raw	exact	587	12416
sample	prose_heavy	sqlite	raw	exact	588	6334
sample	prose_heavy	sqlite	raw	exact	589	10250
sample	prose_heavy	sqlite	raw	exact	590	10583
sample	prose_heavy	sqlite	raw	exact	591	11209
sample	prose_heavy	sqlite	raw	exact	592	6625
sample	prose_heavy	sqlite	raw	exact	593	5500
sample	prose_heavy	sqlite	raw	exact	594	6250
sample	prose_heavy	sqlite	raw	exact	595	5709
sample	prose_heavy	sqlite	raw	exact	596	6458
sample	prose_heavy	sqlite	raw	exact	597	5708
sample	prose_heavy	sqlite	raw	exact	598	6125
sample	prose_heavy	sqlite	raw	exact	599	5708
sample	prose_heavy	sqlite	raw	exact	600	5541
sample	prose_heavy	sqlite	raw	exact	601	5500
sample	prose_heavy	sqlite	raw	exact	602	6084
sample	prose_heavy	sqlite	raw	exact	603	5375
sample	prose_heavy	sqlite	raw	exact	604	6333
sample	prose_heavy	sqlite	raw	exact	605	5709
sample	prose_heavy	sqlite	raw	exact	606	11334
sample	prose_heavy	sqlite	raw	exact	607	16208
sample	prose_heavy	sqlite	raw	exact	608	6125
sample	prose_heavy	sqlite	raw	exact	609	10708
sample	prose_heavy	sqlite	raw	exact	610	6166
sample	prose_heavy	sqlite	raw	exact	611	5583
sample	prose_heavy	sqlite	raw	exact	612	5542
sample	prose_heavy	sqlite	raw	exact	613	5375
sample	prose_heavy	sqlite	raw	exact	614	5583
sample	prose_heavy	sqlite	raw	exact	615	5500
sample	prose_heavy	sqlite	raw	exact	616	5542
sample	prose_heavy	sqlite	raw	exact	617	5625
sample	prose_heavy	sqlite	raw	exact	618	13042
sample	prose_heavy	sqlite	raw	exact	619	11708
sample	prose_heavy	sqlite	raw	exact	620	5875
sample	prose_heavy	sqlite	raw	exact	621	5416
sample	prose_heavy	sqlite	raw	exact	622	5708
sample	prose_heavy	sqlite	raw	exact	623	6208
sample	prose_heavy	sqlite	raw	exact	624	5583
sample	prose_heavy	sqlite	raw	exact	625	5291
sample	prose_heavy	sqlite	raw	exact	626	5542
sample	prose_heavy	sqlite	raw	exact	627	5250
sample	prose_heavy	sqlite	raw	exact	628	5500
sample	prose_heavy	sqlite	raw	exact	629	5333
sample	prose_heavy	sqlite	raw	exact	630	5584
sample	prose_heavy	sqlite	raw	exact	631	5417
sample	prose_heavy	sqlite	raw	exact	632	5667
sample	prose_heavy	sqlite	raw	exact	633	5291
sample	prose_heavy	sqlite	raw	exact	634	15500
sample	prose_heavy	sqlite	raw	exact	635	5250
sample	prose_heavy	sqlite	raw	exact	636	75708
sample	prose_heavy	sqlite	raw	exact	637	626167
sample	prose_heavy	sqlite	raw	exact	638	86750
sample	prose_heavy	sqlite	raw	exact	639	29459
sample	prose_heavy	sqlite	raw	exact	640	10958
sample	prose_heavy	sqlite	raw	exact	641	8375
sample	prose_heavy	sqlite	raw	exact	642	7583
sample	prose_heavy	sqlite	raw	exact	643	7625
sample	prose_heavy	sqlite	raw	exact	644	6542
sample	prose_heavy	sqlite	raw	exact	645	8167
sample	prose_heavy	sqlite	raw	exact	646	6209
sample	prose_heavy	sqlite	raw	exact	647	8000
sample	prose_heavy	sqlite	raw	exact	648	6209
sample	prose_heavy	sqlite	raw	exact	649	5959
sample	prose_heavy	sqlite	raw	exact	650	70750
sample	prose_heavy	sqlite	raw	exact	651	31959
sample	prose_heavy	sqlite	raw	exact	652	29167
sample	prose_heavy	sqlite	raw	exact	653	34584
sample	prose_heavy	sqlite	raw	exact	654	106500
sample	prose_heavy	sqlite	raw	exact	655	31292
sample	prose_heavy	sqlite	raw	exact	656	21084
sample	prose_heavy	sqlite	raw	exact	657	19084
sample	prose_heavy	sqlite	raw	exact	658	22917
sample	prose_heavy	sqlite	raw	exact	659	24791
sample	prose_heavy	sqlite	raw	exact	660	20583
sample	prose_heavy	sqlite	raw	exact	661	17166
sample	prose_heavy	sqlite	raw	exact	662	15667
sample	prose_heavy	sqlite	raw	exact	663	17834
sample	prose_heavy	sqlite	raw	exact	664	34167
sample	prose_heavy	sqlite	raw	exact	665	32584
sample	prose_heavy	sqlite	raw	exact	666	10875
sample	prose_heavy	sqlite	raw	exact	667	6750
sample	prose_heavy	sqlite	raw	exact	668	6209
sample	prose_heavy	sqlite	raw	exact	669	6084
sample	prose_heavy	sqlite	raw	exact	670	46583
sample	prose_heavy	sqlite	raw	exact	671	58250
sample	prose_heavy	sqlite	raw	exact	672	169000
sample	prose_heavy	sqlite	raw	exact	673	126291
sample	prose_heavy	sqlite	raw	exact	674	92667
sample	prose_heavy	sqlite	raw	exact	675	29084
sample	prose_heavy	sqlite	raw	exact	676	9500
sample	prose_heavy	sqlite	raw	exact	677	146708
sample	prose_heavy	sqlite	raw	exact	678	48125
sample	prose_heavy	sqlite	raw	exact	679	69375
sample	prose_heavy	sqlite	raw	exact	680	152125
sample	prose_heavy	sqlite	raw	exact	681	66458
sample	prose_heavy	sqlite	raw	exact	682	28291
sample	prose_heavy	sqlite	raw	exact	683	163125
sample	prose_heavy	sqlite	raw	exact	684	21333
sample	prose_heavy	sqlite	raw	exact	685	9042
sample	prose_heavy	sqlite	raw	exact	686	7125
sample	prose_heavy	sqlite	raw	exact	687	9834
sample	prose_heavy	sqlite	raw	exact	688	7708
sample	prose_heavy	sqlite	raw	exact	689	6750
sample	prose_heavy	sqlite	raw	exact	690	6250
sample	prose_heavy	sqlite	raw	exact	691	5666
sample	prose_heavy	sqlite	raw	exact	692	6500
sample	prose_heavy	sqlite	raw	exact	693	5542
sample	prose_heavy	sqlite	raw	exact	694	6666
sample	prose_heavy	sqlite	raw	exact	695	88041
sample	prose_heavy	sqlite	raw	exact	696	88291
sample	prose_heavy	sqlite	raw	exact	697	34167
sample	prose_heavy	sqlite	raw	exact	698	37459
sample	prose_heavy	sqlite	raw	exact	699	29958
sample	prose_heavy	sqlite	raw	exact	700	61708
sample	prose_heavy	sqlite	raw	exact	701	29458
sample	prose_heavy	sqlite	raw	exact	702	26791
sample	prose_heavy	sqlite	raw	exact	703	28042
sample	prose_heavy	sqlite	raw	exact	704	27958
sample	prose_heavy	sqlite	raw	exact	705	26125
sample	prose_heavy	sqlite	raw	exact	706	61459
sample	prose_heavy	sqlite	raw	exact	707	41958
sample	prose_heavy	sqlite	raw	exact	708	66709
sample	prose_heavy	sqlite	raw	exact	709	76833
sample	prose_heavy	sqlite	raw	exact	710	42125
sample	prose_heavy	sqlite	raw	exact	711	9917
sample	prose_heavy	sqlite	raw	exact	712	8708
sample	prose_heavy	sqlite	raw	exact	713	7125
sample	prose_heavy	sqlite	raw	exact	714	71750
sample	prose_heavy	sqlite	raw	exact	715	10625
sample	prose_heavy	sqlite	raw	exact	716	10458
sample	prose_heavy	sqlite	raw	exact	717	6000
sample	prose_heavy	sqlite	raw	exact	718	6208
sample	prose_heavy	sqlite	raw	exact	719	5875
sample	prose_heavy	sqlite	raw	exact	720	70042
sample	prose_heavy	sqlite	raw	exact	721	39167
sample	prose_heavy	sqlite	raw	exact	722	27334
sample	prose_heavy	sqlite	raw	exact	723	16000
sample	prose_heavy	sqlite	raw	exact	724	9042
sample	prose_heavy	sqlite	raw	exact	725	6667
sample	prose_heavy	sqlite	raw	exact	726	7208
sample	prose_heavy	sqlite	raw	exact	727	6041
sample	prose_heavy	sqlite	raw	exact	728	6042
sample	prose_heavy	sqlite	raw	exact	729	5583
sample	prose_heavy	sqlite	raw	exact	730	89250
sample	prose_heavy	sqlite	raw	exact	731	412167
sample	prose_heavy	sqlite	raw	exact	732	106875
sample	prose_heavy	sqlite	raw	exact	733	43000
sample	prose_heavy	sqlite	raw	exact	734	76000
sample	prose_heavy	sqlite	raw	exact	735	21375
sample	prose_heavy	sqlite	raw	exact	736	8417
sample	prose_heavy	sqlite	raw	exact	737	8792
sample	prose_heavy	sqlite	raw	exact	738	6666
sample	prose_heavy	sqlite	raw	exact	739	5583
sample	prose_heavy	sqlite	raw	exact	740	6625
sample	prose_heavy	sqlite	raw	exact	741	6333
sample	prose_heavy	sqlite	raw	exact	742	6333
sample	prose_heavy	sqlite	raw	exact	743	5917
sample	prose_heavy	sqlite	raw	exact	744	6833
sample	prose_heavy	sqlite	raw	exact	745	5417
sample	prose_heavy	sqlite	raw	exact	746	43125
sample	prose_heavy	sqlite	raw	exact	747	74209
sample	prose_heavy	sqlite	raw	exact	748	86500
sample	prose_heavy	sqlite	raw	exact	749	6959
sample	prose_heavy	sqlite	raw	exact	750	44209
sample	prose_heavy	sqlite	raw	exact	751	57583
sample	prose_heavy	sqlite	raw	exact	752	48000
sample	prose_heavy	sqlite	raw	exact	753	30417
sample	prose_heavy	sqlite	raw	exact	754	32667
sample	prose_heavy	sqlite	raw	exact	755	27209
sample	prose_heavy	sqlite	raw	exact	756	18958
sample	prose_heavy	sqlite	raw	exact	757	7166
sample	prose_heavy	sqlite	raw	exact	758	7875
sample	prose_heavy	sqlite	raw	exact	759	6083
sample	prose_heavy	sqlite	raw	exact	760	6209
sample	prose_heavy	sqlite	raw	exact	761	6250
sample	prose_heavy	sqlite	raw	exact	762	7250
sample	prose_heavy	sqlite	raw	exact	763	6875
sample	prose_heavy	sqlite	raw	exact	764	6666
sample	prose_heavy	sqlite	raw	exact	765	6000
sample	prose_heavy	sqlite	raw	exact	766	6584
sample	prose_heavy	sqlite	raw	exact	767	6125
sample	prose_heavy	sqlite	raw	exact	768	6833
sample	prose_heavy	sqlite	raw	exact	769	5958
sample	prose_heavy	sqlite	raw	exact	770	6708
sample	prose_heavy	sqlite	raw	exact	771	6083
sample	prose_heavy	sqlite	raw	exact	772	85334
sample	prose_heavy	sqlite	raw	exact	773	93209
sample	prose_heavy	sqlite	raw	exact	774	107416
sample	prose_heavy	sqlite	raw	exact	775	110708
sample	prose_heavy	sqlite	raw	exact	776	90417
sample	prose_heavy	sqlite	raw	exact	777	58750
sample	prose_heavy	sqlite	raw	exact	778	48542
sample	prose_heavy	sqlite	raw	exact	779	25208
sample	prose_heavy	sqlite	raw	exact	780	29333
sample	prose_heavy	sqlite	raw	exact	781	18417
sample	prose_heavy	sqlite	raw	exact	782	40041
sample	prose_heavy	sqlite	raw	exact	783	33208
sample	prose_heavy	sqlite	raw	exact	784	102834
sample	prose_heavy	sqlite	raw	exact	785	64375
sample	prose_heavy	sqlite	raw	exact	786	51000
sample	prose_heavy	sqlite	raw	exact	787	50125
sample	prose_heavy	sqlite	raw	exact	788	41042
sample	prose_heavy	sqlite	raw	exact	789	19208
sample	prose_heavy	sqlite	raw	exact	790	41917
sample	prose_heavy	sqlite	raw	exact	791	48375
sample	prose_heavy	sqlite	raw	exact	792	35667
sample	prose_heavy	sqlite	raw	exact	793	86583
sample	prose_heavy	sqlite	raw	exact	794	45042
sample	prose_heavy	sqlite	raw	exact	795	41667
sample	prose_heavy	sqlite	raw	exact	796	24458
sample	prose_heavy	sqlite	raw	exact	797	24416
sample	prose_heavy	sqlite	raw	exact	798	10125
sample	prose_heavy	sqlite	raw	exact	799	6958
sample	prose_heavy	sqlite	raw	exact	800	7458
sample	prose_heavy	sqlite	raw	exact	801	6875
sample	prose_heavy	sqlite	raw	exact	802	6500
sample	prose_heavy	sqlite	raw	exact	803	5792
sample	prose_heavy	sqlite	raw	exact	804	6416
sample	prose_heavy	sqlite	raw	exact	805	5625
sample	prose_heavy	sqlite	raw	exact	806	5917
sample	prose_heavy	sqlite	raw	exact	807	5834
sample	prose_heavy	sqlite	raw	exact	808	9041
sample	prose_heavy	sqlite	raw	exact	809	5542
sample	prose_heavy	sqlite	raw	exact	810	6041
sample	prose_heavy	sqlite	raw	exact	811	17000
sample	prose_heavy	sqlite	raw	exact	812	13042
sample	prose_heavy	sqlite	raw	exact	813	16542
sample	prose_heavy	sqlite	raw	exact	814	78542
sample	prose_heavy	sqlite	raw	exact	815	60000
sample	prose_heavy	sqlite	raw	exact	816	115750
sample	prose_heavy	sqlite	raw	exact	817	45625
sample	prose_heavy	sqlite	raw	exact	818	13500
sample	prose_heavy	sqlite	raw	exact	819	9292
sample	prose_heavy	sqlite	raw	exact	820	7375
sample	prose_heavy	sqlite	raw	exact	821	5709
sample	prose_heavy	sqlite	raw	exact	822	7125
sample	prose_heavy	sqlite	raw	exact	823	6667
sample	prose_heavy	sqlite	raw	exact	824	9167
sample	prose_heavy	sqlite	raw	exact	825	5375
sample	prose_heavy	sqlite	raw	exact	826	6541
sample	prose_heavy	sqlite	raw	exact	827	5417
sample	prose_heavy	sqlite	raw	exact	828	5750
sample	prose_heavy	sqlite	raw	exact	829	5583
sample	prose_heavy	sqlite	raw	exact	830	6375
sample	prose_heavy	sqlite	raw	exact	831	5625
sample	prose_heavy	sqlite	raw	exact	832	6042
sample	prose_heavy	sqlite	raw	exact	833	5667
sample	prose_heavy	sqlite	raw	exact	834	6166
sample	prose_heavy	sqlite	raw	exact	835	5250
sample	prose_heavy	sqlite	raw	exact	836	6250
sample	prose_heavy	sqlite	raw	exact	837	5667
sample	prose_heavy	sqlite	raw	exact	838	5959
sample	prose_heavy	sqlite	raw	exact	839	5708
sample	prose_heavy	sqlite	raw	exact	840	5500
sample	prose_heavy	sqlite	raw	exact	841	5375
sample	prose_heavy	sqlite	raw	exact	842	6250
sample	prose_heavy	sqlite	raw	exact	843	5459
sample	prose_heavy	sqlite	raw	exact	844	6750
sample	prose_heavy	sqlite	raw	exact	845	5375
sample	prose_heavy	sqlite	raw	exact	846	5917
sample	prose_heavy	sqlite	raw	exact	847	5792
sample	prose_heavy	sqlite	raw	exact	848	5833
sample	prose_heavy	sqlite	raw	exact	849	5375
sample	prose_heavy	sqlite	raw	exact	850	5500
sample	prose_heavy	sqlite	raw	exact	851	5666
sample	prose_heavy	sqlite	raw	exact	852	5958
sample	prose_heavy	sqlite	raw	exact	853	6167
sample	prose_heavy	sqlite	raw	exact	854	6209
sample	prose_heavy	sqlite	raw	exact	855	6083
sample	prose_heavy	sqlite	raw	exact	856	5916
sample	prose_heavy	sqlite	raw	exact	857	5333
sample	prose_heavy	sqlite	raw	exact	858	5625
sample	prose_heavy	sqlite	raw	exact	859	5333
sample	prose_heavy	sqlite	raw	exact	860	5708
sample	prose_heavy	sqlite	raw	exact	861	5750
sample	prose_heavy	sqlite	raw	exact	862	5916
sample	prose_heavy	sqlite	raw	exact	863	5583
sample	prose_heavy	sqlite	raw	exact	864	6000
sample	prose_heavy	sqlite	raw	exact	865	193208
sample	prose_heavy	sqlite	raw	exact	866	1020792
sample	prose_heavy	sqlite	raw	exact	867	328208
sample	prose_heavy	sqlite	raw	exact	868	55542
sample	prose_heavy	sqlite	raw	exact	869	95208
sample	prose_heavy	sqlite	raw	exact	870	57709
sample	prose_heavy	sqlite	raw	exact	871	14833
sample	prose_heavy	sqlite	raw	exact	872	7708
sample	prose_heavy	sqlite	raw	exact	873	6125
sample	prose_heavy	sqlite	raw	exact	874	6750
sample	prose_heavy	sqlite	raw	exact	875	5833
sample	prose_heavy	sqlite	raw	exact	876	6292
sample	prose_heavy	sqlite	raw	exact	877	5667
sample	prose_heavy	sqlite	raw	exact	878	6083
sample	prose_heavy	sqlite	raw	exact	879	6042
sample	prose_heavy	sqlite	raw	exact	880	6209
sample	prose_heavy	sqlite	raw	exact	881	6208
sample	prose_heavy	sqlite	raw	exact	882	7625
sample	prose_heavy	sqlite	raw	exact	883	6625
sample	prose_heavy	sqlite	raw	exact	884	6875
sample	prose_heavy	sqlite	raw	exact	885	6125
sample	prose_heavy	sqlite	raw	exact	886	6291
sample	prose_heavy	sqlite	raw	exact	887	6042
sample	prose_heavy	sqlite	raw	exact	888	8750
sample	prose_heavy	sqlite	raw	exact	889	5417
sample	prose_heavy	sqlite	raw	exact	890	5750
sample	prose_heavy	sqlite	raw	exact	891	5459
sample	prose_heavy	sqlite	raw	exact	892	5917
sample	prose_heavy	sqlite	raw	exact	893	5542
sample	prose_heavy	sqlite	raw	exact	894	6209
sample	prose_heavy	sqlite	raw	exact	895	5666
sample	prose_heavy	sqlite	raw	exact	896	5958
sample	prose_heavy	sqlite	raw	exact	897	5292
sample	prose_heavy	sqlite	raw	exact	898	6000
sample	prose_heavy	sqlite	raw	exact	899	5292
sample	prose_heavy	sqlite	raw	exact	900	6000
sample	prose_heavy	sqlite	raw	exact	901	5708
sample	prose_heavy	sqlite	raw	exact	902	6542
sample	prose_heavy	sqlite	raw	exact	903	5750
sample	prose_heavy	sqlite	raw	exact	904	6459
sample	prose_heavy	sqlite	raw	exact	905	5375
sample	prose_heavy	sqlite	raw	exact	906	6416
sample	prose_heavy	sqlite	raw	exact	907	5334
sample	prose_heavy	sqlite	raw	exact	908	5583
sample	prose_heavy	sqlite	raw	exact	909	5334
sample	prose_heavy	sqlite	raw	exact	910	5500
sample	prose_heavy	sqlite	raw	exact	911	5625
sample	prose_heavy	sqlite	raw	exact	912	5750
sample	prose_heavy	sqlite	raw	exact	913	5334
sample	prose_heavy	sqlite	raw	exact	914	5834
sample	prose_heavy	sqlite	raw	exact	915	5375
sample	prose_heavy	sqlite	raw	exact	916	6042
sample	prose_heavy	sqlite	raw	exact	917	9458
sample	prose_heavy	sqlite	raw	exact	918	5667
sample	prose_heavy	sqlite	raw	exact	919	5500
sample	prose_heavy	sqlite	raw	exact	920	163959
sample	prose_heavy	sqlite	raw	exact	921	90166
sample	prose_heavy	sqlite	raw	exact	922	65416
sample	prose_heavy	sqlite	raw	exact	923	18375
sample	prose_heavy	sqlite	raw	exact	924	15792
sample	prose_heavy	sqlite	raw	exact	925	6459
sample	prose_heavy	sqlite	raw	exact	926	5834
sample	prose_heavy	sqlite	raw	exact	927	5833
sample	prose_heavy	sqlite	raw	exact	928	6166
sample	prose_heavy	sqlite	raw	exact	929	5542
sample	prose_heavy	sqlite	raw	exact	930	5708
sample	prose_heavy	sqlite	raw	exact	931	11375
sample	prose_heavy	sqlite	raw	exact	932	12500
sample	prose_heavy	sqlite	raw	exact	933	5750
sample	prose_heavy	sqlite	raw	exact	934	5958
sample	prose_heavy	sqlite	raw	exact	935	5625
sample	prose_heavy	sqlite	raw	exact	936	6375
sample	prose_heavy	sqlite	raw	exact	937	5583
sample	prose_heavy	sqlite	raw	exact	938	5917
sample	prose_heavy	sqlite	raw	exact	939	9584
sample	prose_heavy	sqlite	raw	exact	940	10291
sample	prose_heavy	sqlite	raw	exact	941	5792
sample	prose_heavy	sqlite	raw	exact	942	5917
sample	prose_heavy	sqlite	raw	exact	943	5542
sample	prose_heavy	sqlite	raw	exact	944	6042
sample	prose_heavy	sqlite	raw	exact	945	5375
sample	prose_heavy	sqlite	raw	exact	946	5875
sample	prose_heavy	sqlite	raw	exact	947	5333
sample	prose_heavy	sqlite	raw	exact	948	6083
sample	prose_heavy	sqlite	raw	exact	949	9792
sample	prose_heavy	sqlite	raw	exact	950	9875
sample	prose_heavy	sqlite	raw	exact	951	9208
sample	prose_heavy	sqlite	raw	exact	952	9791
sample	prose_heavy	sqlite	raw	exact	953	5416
sample	prose_heavy	sqlite	raw	exact	954	9916
sample	prose_heavy	sqlite	raw	exact	955	9541
sample	prose_heavy	sqlite	raw	exact	956	11542
sample	prose_heavy	sqlite	raw	exact	957	6334
sample	prose_heavy	sqlite	raw	exact	958	5541
sample	prose_heavy	sqlite	raw	exact	959	5417
sample	prose_heavy	sqlite	raw	exact	960	5750
sample	prose_heavy	sqlite	raw	exact	961	5583
sample	prose_heavy	sqlite	raw	exact	962	49375
sample	prose_heavy	sqlite	raw	exact	963	111167
sample	prose_heavy	sqlite	raw	exact	964	45542
sample	prose_heavy	sqlite	raw	exact	965	55334
sample	prose_heavy	sqlite	raw	exact	966	125875
sample	prose_heavy	sqlite	raw	exact	967	170875
sample	prose_heavy	sqlite	raw	exact	968	89584
sample	prose_heavy	sqlite	raw	exact	969	361000
sample	prose_heavy	sqlite	raw	exact	970	41750
sample	prose_heavy	sqlite	raw	exact	971	9417
sample	prose_heavy	sqlite	raw	exact	972	8833
sample	prose_heavy	sqlite	raw	exact	973	279875
sample	prose_heavy	sqlite	raw	exact	974	76709
sample	prose_heavy	sqlite	raw	exact	975	61667
sample	prose_heavy	sqlite	raw	exact	976	43708
sample	prose_heavy	sqlite	raw	exact	977	26542
sample	prose_heavy	sqlite	raw	exact	978	27250
sample	prose_heavy	sqlite	raw	exact	979	13750
sample	prose_heavy	sqlite	raw	exact	980	14208
sample	prose_heavy	sqlite	raw	exact	981	13875
sample	prose_heavy	sqlite	raw	exact	982	53167
sample	prose_heavy	sqlite	raw	exact	983	57458
sample	prose_heavy	sqlite	raw	exact	984	59792
sample	prose_heavy	sqlite	raw	exact	985	24042
sample	prose_heavy	sqlite	raw	exact	986	28208
sample	prose_heavy	sqlite	raw	exact	987	34333
sample	prose_heavy	sqlite	raw	exact	988	25167
sample	prose_heavy	sqlite	raw	exact	989	81625
sample	prose_heavy	sqlite	raw	exact	990	924917
sample	prose_heavy	sqlite	raw	exact	991	68833
sample	prose_heavy	sqlite	raw	exact	992	40583
sample	prose_heavy	sqlite	raw	exact	993	67292
sample	prose_heavy	sqlite	raw	exact	994	125583
sample	prose_heavy	sqlite	raw	exact	995	204917
sample	prose_heavy	sqlite	raw	exact	996	76458
sample	prose_heavy	sqlite	raw	exact	997	33542
sample	prose_heavy	sqlite	raw	exact	998	57667
sample	prose_heavy	sqlite	raw	exact	999	43167
sample	prose_heavy	sqlite	raw	prefix	0	166042
sample	prose_heavy	sqlite	raw	prefix	1	36709
sample	prose_heavy	sqlite	raw	prefix	2	1007042
sample	prose_heavy	sqlite	raw	prefix	3	1546333
sample	prose_heavy	sqlite	raw	prefix	4	226500
sample	prose_heavy	sqlite	raw	prefix	5	60792
sample	prose_heavy	sqlite	raw	prefix	6	755875
sample	prose_heavy	sqlite	raw	prefix	7	1307959
sample	prose_heavy	sqlite	raw	prefix	8	261000
sample	prose_heavy	sqlite	raw	prefix	9	177834
sample	prose_heavy	sqlite	raw	prefix	10	3056417
sample	prose_heavy	sqlite	raw	prefix	11	1047625
sample	prose_heavy	sqlite	raw	prefix	12	173834
sample	prose_heavy	sqlite	raw	prefix	13	156542
sample	prose_heavy	sqlite	raw	prefix	14	1060791
sample	prose_heavy	sqlite	raw	prefix	15	585125
sample	prose_heavy	sqlite	raw	prefix	16	175167
sample	prose_heavy	sqlite	raw	prefix	17	76917
sample	prose_heavy	sqlite	raw	prefix	18	1033375
sample	prose_heavy	sqlite	raw	prefix	19	1193000
sample	prose_heavy	sqlite	raw	prefix	20	119708
sample	prose_heavy	sqlite	raw	prefix	21	19833
sample	prose_heavy	sqlite	raw	prefix	22	1112667
sample	prose_heavy	sqlite	raw	prefix	23	919250
sample	prose_heavy	sqlite	raw	prefix	24	205542
sample	prose_heavy	sqlite	raw	prefix	25	52458
sample	prose_heavy	sqlite	raw	prefix	26	1088458
sample	prose_heavy	sqlite	raw	prefix	27	1246542
sample	prose_heavy	sqlite	raw	prefix	28	206375
sample	prose_heavy	sqlite	raw	prefix	29	82125
sample	prose_heavy	sqlite	raw	prefix	30	1166542
sample	prose_heavy	sqlite	raw	prefix	31	1474125
sample	prose_heavy	sqlite	raw	prefix	32	142083
sample	prose_heavy	sqlite	raw	prefix	33	97250
sample	prose_heavy	sqlite	raw	prefix	34	1015458
sample	prose_heavy	sqlite	raw	prefix	35	1122250
sample	prose_heavy	sqlite	raw	prefix	36	304834
sample	prose_heavy	sqlite	raw	prefix	37	49041
sample	prose_heavy	sqlite	raw	prefix	38	800667
sample	prose_heavy	sqlite	raw	prefix	39	1373375
sample	prose_heavy	sqlite	raw	prefix	40	135042
sample	prose_heavy	sqlite	raw	prefix	41	199500
sample	prose_heavy	sqlite	raw	prefix	42	967125
sample	prose_heavy	sqlite	raw	prefix	43	560083
sample	prose_heavy	sqlite	raw	prefix	44	194958
sample	prose_heavy	sqlite	raw	prefix	45	67000
sample	prose_heavy	sqlite	raw	prefix	46	677375
sample	prose_heavy	sqlite	raw	prefix	47	1209250
sample	prose_heavy	sqlite	raw	prefix	48	228500
sample	prose_heavy	sqlite	raw	prefix	49	75875
sample	prose_heavy	sqlite	raw	prefix	50	666167
sample	prose_heavy	sqlite	raw	prefix	51	1069042
sample	prose_heavy	sqlite	raw	prefix	52	214625
sample	prose_heavy	sqlite	raw	prefix	53	69459
sample	prose_heavy	sqlite	raw	prefix	54	1200875
sample	prose_heavy	sqlite	raw	prefix	55	1372875
sample	prose_heavy	sqlite	raw	prefix	56	285541
sample	prose_heavy	sqlite	raw	prefix	57	103917
sample	prose_heavy	sqlite	raw	prefix	58	1204959
sample	prose_heavy	sqlite	raw	prefix	59	2304041
sample	prose_heavy	sqlite	raw	prefix	60	179834
sample	prose_heavy	sqlite	raw	prefix	61	47375
sample	prose_heavy	sqlite	raw	prefix	62	666916
sample	prose_heavy	sqlite	raw	prefix	63	1464958
sample	prose_heavy	sqlite	raw	prefix	64	171875
sample	prose_heavy	sqlite	raw	prefix	65	65500
sample	prose_heavy	sqlite	raw	prefix	66	1044375
sample	prose_heavy	sqlite	raw	prefix	67	676375
sample	prose_heavy	sqlite	raw	prefix	68	174583
sample	prose_heavy	sqlite	raw	prefix	69	68083
sample	prose_heavy	sqlite	raw	prefix	70	1396625
sample	prose_heavy	sqlite	raw	prefix	71	857167
sample	prose_heavy	sqlite	raw	prefix	72	160916
sample	prose_heavy	sqlite	raw	prefix	73	193500
sample	prose_heavy	sqlite	raw	prefix	74	2697000
sample	prose_heavy	sqlite	raw	prefix	75	1168500
sample	prose_heavy	sqlite	raw	prefix	76	100458
sample	prose_heavy	sqlite	raw	prefix	77	16792
sample	prose_heavy	sqlite	raw	prefix	78	938917
sample	prose_heavy	sqlite	raw	prefix	79	1312541
sample	prose_heavy	sqlite	raw	prefix	80	112916
sample	prose_heavy	sqlite	raw	prefix	81	21625
sample	prose_heavy	sqlite	raw	prefix	82	1038541
sample	prose_heavy	sqlite	raw	prefix	83	2412083
sample	prose_heavy	sqlite	raw	prefix	84	122542
sample	prose_heavy	sqlite	raw	prefix	85	28500
sample	prose_heavy	sqlite	raw	prefix	86	865958
sample	prose_heavy	sqlite	raw	prefix	87	896542
sample	prose_heavy	sqlite	raw	prefix	88	152666
sample	prose_heavy	sqlite	raw	prefix	89	86750
sample	prose_heavy	sqlite	raw	prefix	90	1116500
sample	prose_heavy	sqlite	raw	prefix	91	1225000
sample	prose_heavy	sqlite	raw	prefix	92	195625
sample	prose_heavy	sqlite	raw	prefix	93	38334
sample	prose_heavy	sqlite	raw	prefix	94	1969708
sample	prose_heavy	sqlite	raw	prefix	95	2292125
sample	prose_heavy	sqlite	raw	prefix	96	76542
sample	prose_heavy	sqlite	raw	prefix	97	1173917
sample	prose_heavy	sqlite	raw	prefix	98	2835875
sample	prose_heavy	sqlite	raw	prefix	99	698375
sample	prose_heavy	sqlite	raw	prefix	100	144292
sample	prose_heavy	sqlite	raw	prefix	101	40542
sample	prose_heavy	sqlite	raw	prefix	102	541667
sample	prose_heavy	sqlite	raw	prefix	103	573083
sample	prose_heavy	sqlite	raw	prefix	104	76041
sample	prose_heavy	sqlite	raw	prefix	105	73208
sample	prose_heavy	sqlite	raw	prefix	106	1197834
sample	prose_heavy	sqlite	raw	prefix	107	2247500
sample	prose_heavy	sqlite	raw	prefix	108	217291
sample	prose_heavy	sqlite	raw	prefix	109	27250
sample	prose_heavy	sqlite	raw	prefix	110	1546292
sample	prose_heavy	sqlite	raw	prefix	111	975167
sample	prose_heavy	sqlite	raw	prefix	112	174292
sample	prose_heavy	sqlite	raw	prefix	113	48625
sample	prose_heavy	sqlite	raw	prefix	114	590833
sample	prose_heavy	sqlite	raw	prefix	115	1418667
sample	prose_heavy	sqlite	raw	prefix	116	137083
sample	prose_heavy	sqlite	raw	prefix	117	41042
sample	prose_heavy	sqlite	raw	prefix	118	489333
sample	prose_heavy	sqlite	raw	prefix	119	552125
sample	prose_heavy	sqlite	raw	prefix	120	103917
sample	prose_heavy	sqlite	raw	prefix	121	21000
sample	prose_heavy	sqlite	raw	prefix	122	525250
sample	prose_heavy	sqlite	raw	prefix	123	2075125
sample	prose_heavy	sqlite	raw	prefix	124	91750
sample	prose_heavy	sqlite	raw	prefix	125	16292
sample	prose_heavy	sqlite	raw	prefix	126	643791
sample	prose_heavy	sqlite	raw	prefix	127	1175833
sample	prose_heavy	sqlite	raw	prefix	128	73042
sample	prose_heavy	sqlite	raw	prefix	129	30291
sample	prose_heavy	sqlite	raw	prefix	130	495875
sample	prose_heavy	sqlite	raw	prefix	131	1864166
sample	prose_heavy	sqlite	raw	prefix	132	106750
sample	prose_heavy	sqlite	raw	prefix	133	20084
sample	prose_heavy	sqlite	raw	prefix	134	559833
sample	prose_heavy	sqlite	raw	prefix	135	1663916
sample	prose_heavy	sqlite	raw	prefix	136	68792
sample	prose_heavy	sqlite	raw	prefix	137	20875
sample	prose_heavy	sqlite	raw	prefix	138	2101083
sample	prose_heavy	sqlite	raw	prefix	139	599000
sample	prose_heavy	sqlite	raw	prefix	140	238625
sample	prose_heavy	sqlite	raw	prefix	141	75750
sample	prose_heavy	sqlite	raw	prefix	142	1097875
sample	prose_heavy	sqlite	raw	prefix	143	544625
sample	prose_heavy	sqlite	raw	prefix	144	157375
sample	prose_heavy	sqlite	raw	prefix	145	67917
sample	prose_heavy	sqlite	raw	prefix	146	1539917
sample	prose_heavy	sqlite	raw	prefix	147	546541
sample	prose_heavy	sqlite	raw	prefix	148	166583
sample	prose_heavy	sqlite	raw	prefix	149	157542
sample	prose_heavy	sqlite	raw	prefix	150	2444250
sample	prose_heavy	sqlite	raw	prefix	151	674750
sample	prose_heavy	sqlite	raw	prefix	152	219459
sample	prose_heavy	sqlite	raw	prefix	153	81625
sample	prose_heavy	sqlite	raw	prefix	154	1049291
sample	prose_heavy	sqlite	raw	prefix	155	823167
sample	prose_heavy	sqlite	raw	prefix	156	175958
sample	prose_heavy	sqlite	raw	prefix	157	119875
sample	prose_heavy	sqlite	raw	prefix	158	1305917
sample	prose_heavy	sqlite	raw	prefix	159	570875
sample	prose_heavy	sqlite	raw	prefix	160	75333
sample	prose_heavy	sqlite	raw	prefix	161	20458
sample	prose_heavy	sqlite	raw	prefix	162	1013292
sample	prose_heavy	sqlite	raw	prefix	163	1024125
sample	prose_heavy	sqlite	raw	prefix	164	95375
sample	prose_heavy	sqlite	raw	prefix	165	46542
sample	prose_heavy	sqlite	raw	prefix	166	480584
sample	prose_heavy	sqlite	raw	prefix	167	992500
sample	prose_heavy	sqlite	raw	prefix	168	194750
sample	prose_heavy	sqlite	raw	prefix	169	49708
sample	prose_heavy	sqlite	raw	prefix	170	898833
sample	prose_heavy	sqlite	raw	prefix	171	643792
sample	prose_heavy	sqlite	raw	prefix	172	90291
sample	prose_heavy	sqlite	raw	prefix	173	14959
sample	prose_heavy	sqlite	raw	prefix	174	483042
sample	prose_heavy	sqlite	raw	prefix	175	1217666
sample	prose_heavy	sqlite	raw	prefix	176	69583
sample	prose_heavy	sqlite	raw	prefix	177	18000
sample	prose_heavy	sqlite	raw	prefix	178	2181625
sample	prose_heavy	sqlite	raw	prefix	179	1460084
sample	prose_heavy	sqlite	raw	prefix	180	72834
sample	prose_heavy	sqlite	raw	prefix	181	14292
sample	prose_heavy	sqlite	raw	prefix	182	480084
sample	prose_heavy	sqlite	raw	prefix	183	800125
sample	prose_heavy	sqlite	raw	prefix	184	78042
sample	prose_heavy	sqlite	raw	prefix	185	23958
sample	prose_heavy	sqlite	raw	prefix	186	586375
sample	prose_heavy	sqlite	raw	prefix	187	1274916
sample	prose_heavy	sqlite	raw	prefix	188	156792
sample	prose_heavy	sqlite	raw	prefix	189	34000
sample	prose_heavy	sqlite	raw	prefix	190	499042
sample	prose_heavy	sqlite	raw	prefix	191	576084
sample	prose_heavy	sqlite	raw	prefix	192	68417
sample	prose_heavy	sqlite	raw	prefix	193	20042
sample	prose_heavy	sqlite	raw	prefix	194	485833
sample	prose_heavy	sqlite	raw	prefix	195	1882167
sample	prose_heavy	sqlite	raw	prefix	196	168708
sample	prose_heavy	sqlite	raw	prefix	197	36333
sample	prose_heavy	sqlite	raw	prefix	198	3304333
sample	prose_heavy	sqlite	raw	prefix	199	551541
sample	prose_heavy	sqlite	raw	prefix	200	160958
sample	prose_heavy	sqlite	raw	prefix	201	62416
sample	prose_heavy	sqlite	raw	prefix	202	481167
sample	prose_heavy	sqlite	raw	prefix	203	1705584
sample	prose_heavy	sqlite	raw	prefix	204	107875
sample	prose_heavy	sqlite	raw	prefix	205	69291
sample	prose_heavy	sqlite	raw	prefix	206	996458
sample	prose_heavy	sqlite	raw	prefix	207	805333
sample	prose_heavy	sqlite	raw	prefix	208	78292
sample	prose_heavy	sqlite	raw	prefix	209	24333
sample	prose_heavy	sqlite	raw	prefix	210	915875
sample	prose_heavy	sqlite	raw	prefix	211	5616666
sample	prose_heavy	sqlite	raw	prefix	212	109834
sample	prose_heavy	sqlite	raw	prefix	213	21958
sample	prose_heavy	sqlite	raw	prefix	214	545625
sample	prose_heavy	sqlite	raw	prefix	215	534917
sample	prose_heavy	sqlite	raw	prefix	216	84750
sample	prose_heavy	sqlite	raw	prefix	217	19916
sample	prose_heavy	sqlite	raw	prefix	218	480458
sample	prose_heavy	sqlite	raw	prefix	219	541083
sample	prose_heavy	sqlite	raw	prefix	220	75208
sample	prose_heavy	sqlite	raw	prefix	221	15458
sample	prose_heavy	sqlite	raw	prefix	222	475417
sample	prose_heavy	sqlite	raw	prefix	223	556583
sample	prose_heavy	sqlite	raw	prefix	224	61584
sample	prose_heavy	sqlite	raw	prefix	225	17334
sample	prose_heavy	sqlite	raw	prefix	226	992458
sample	prose_heavy	sqlite	raw	prefix	227	541542
sample	prose_heavy	sqlite	raw	prefix	228	227417
sample	prose_heavy	sqlite	raw	prefix	229	86958
sample	prose_heavy	sqlite	raw	prefix	230	1156834
sample	prose_heavy	sqlite	raw	prefix	231	1107625
sample	prose_heavy	sqlite	raw	prefix	232	78125
sample	prose_heavy	sqlite	raw	prefix	233	291333
sample	prose_heavy	sqlite	raw	prefix	234	1239917
sample	prose_heavy	sqlite	raw	prefix	235	1175625
sample	prose_heavy	sqlite	raw	prefix	236	86416
sample	prose_heavy	sqlite	raw	prefix	237	17292
sample	prose_heavy	sqlite	raw	prefix	238	476917
sample	prose_heavy	sqlite	raw	prefix	239	902542
sample	prose_heavy	sqlite	raw	prefix	240	75458
sample	prose_heavy	sqlite	raw	prefix	241	18875
sample	prose_heavy	sqlite	raw	prefix	242	753000
sample	prose_heavy	sqlite	raw	prefix	243	703416
sample	prose_heavy	sqlite	raw	prefix	244	699709
sample	prose_heavy	sqlite	raw	prefix	245	37375
sample	prose_heavy	sqlite	raw	prefix	246	717709
sample	prose_heavy	sqlite	raw	prefix	247	861500
sample	prose_heavy	sqlite	raw	prefix	248	226292
sample	prose_heavy	sqlite	raw	prefix	249	45709
sample	prose_heavy	sqlite	raw	prefix	250	1497625
sample	prose_heavy	sqlite	raw	prefix	251	2164708
sample	prose_heavy	sqlite	raw	prefix	252	84791
sample	prose_heavy	sqlite	raw	prefix	253	20083
sample	prose_heavy	sqlite	raw	prefix	254	659167
sample	prose_heavy	sqlite	raw	prefix	255	539709
sample	prose_heavy	sqlite	raw	prefix	256	105958
sample	prose_heavy	sqlite	raw	prefix	257	28417
sample	prose_heavy	sqlite	raw	prefix	258	968542
sample	prose_heavy	sqlite	raw	prefix	259	634083
sample	prose_heavy	sqlite	raw	prefix	260	334750
sample	prose_heavy	sqlite	raw	prefix	261	51291
sample	prose_heavy	sqlite	raw	prefix	262	1191875
sample	prose_heavy	sqlite	raw	prefix	263	547250
sample	prose_heavy	sqlite	raw	prefix	264	1133000
sample	prose_heavy	sqlite	raw	prefix	265	45083
sample	prose_heavy	sqlite	raw	prefix	266	486667
sample	prose_heavy	sqlite	raw	prefix	267	532542
sample	prose_heavy	sqlite	raw	prefix	268	78333
sample	prose_heavy	sqlite	raw	prefix	269	24667
sample	prose_heavy	sqlite	raw	prefix	270	505209
sample	prose_heavy	sqlite	raw	prefix	271	573209
sample	prose_heavy	sqlite	raw	prefix	272	68458
sample	prose_heavy	sqlite	raw	prefix	273	19250
sample	prose_heavy	sqlite	raw	prefix	274	604458
sample	prose_heavy	sqlite	raw	prefix	275	541583
sample	prose_heavy	sqlite	raw	prefix	276	72000
sample	prose_heavy	sqlite	raw	prefix	277	15250
sample	prose_heavy	sqlite	raw	prefix	278	712792
sample	prose_heavy	sqlite	raw	prefix	279	590250
sample	prose_heavy	sqlite	raw	prefix	280	105208
sample	prose_heavy	sqlite	raw	prefix	281	1038917
sample	prose_heavy	sqlite	raw	prefix	282	564292
sample	prose_heavy	sqlite	raw	prefix	283	568167
sample	prose_heavy	sqlite	raw	prefix	284	69167
sample	prose_heavy	sqlite	raw	prefix	285	18084
sample	prose_heavy	sqlite	raw	prefix	286	482792
sample	prose_heavy	sqlite	raw	prefix	287	699375
sample	prose_heavy	sqlite	raw	prefix	288	91125
sample	prose_heavy	sqlite	raw	prefix	289	22625
sample	prose_heavy	sqlite	raw	prefix	290	495500
sample	prose_heavy	sqlite	raw	prefix	291	1009792
sample	prose_heavy	sqlite	raw	prefix	292	587625
sample	prose_heavy	sqlite	raw	prefix	293	51208
sample	prose_heavy	sqlite	raw	prefix	294	506500
sample	prose_heavy	sqlite	raw	prefix	295	834167
sample	prose_heavy	sqlite	raw	prefix	296	66458
sample	prose_heavy	sqlite	raw	prefix	297	52917
sample	prose_heavy	sqlite	raw	prefix	298	1689625
sample	prose_heavy	sqlite	raw	prefix	299	769875
sample	prose_heavy	sqlite	raw	prefix	300	101125
sample	prose_heavy	sqlite	raw	prefix	301	18000
sample	prose_heavy	sqlite	raw	prefix	302	1387583
sample	prose_heavy	sqlite	raw	prefix	303	1119541
sample	prose_heavy	sqlite	raw	prefix	304	80000
sample	prose_heavy	sqlite	raw	prefix	305	301917
sample	prose_heavy	sqlite	raw	prefix	306	1405666
sample	prose_heavy	sqlite	raw	prefix	307	978167
sample	prose_heavy	sqlite	raw	prefix	308	214750
sample	prose_heavy	sqlite	raw	prefix	309	205000
sample	prose_heavy	sqlite	raw	prefix	310	1069000
sample	prose_heavy	sqlite	raw	prefix	311	1251750
sample	prose_heavy	sqlite	raw	prefix	312	173792
sample	prose_heavy	sqlite	raw	prefix	313	121000
sample	prose_heavy	sqlite	raw	prefix	314	857791
sample	prose_heavy	sqlite	raw	prefix	315	929959
sample	prose_heavy	sqlite	raw	prefix	316	86041
sample	prose_heavy	sqlite	raw	prefix	317	21042
sample	prose_heavy	sqlite	raw	prefix	318	484958
sample	prose_heavy	sqlite	raw	prefix	319	584000
sample	prose_heavy	sqlite	raw	prefix	320	55208
sample	prose_heavy	sqlite	raw	prefix	321	26292
sample	prose_heavy	sqlite	raw	prefix	322	501625
sample	prose_heavy	sqlite	raw	prefix	323	644459
sample	prose_heavy	sqlite	raw	prefix	324	80375
sample	prose_heavy	sqlite	raw	prefix	325	16583
sample	prose_heavy	sqlite	raw	prefix	326	1381833
sample	prose_heavy	sqlite	raw	prefix	327	1301125
sample	prose_heavy	sqlite	raw	prefix	328	72041
sample	prose_heavy	sqlite	raw	prefix	329	21833
sample	prose_heavy	sqlite	raw	prefix	330	474708
sample	prose_heavy	sqlite	raw	prefix	331	1864333
sample	prose_heavy	sqlite	raw	prefix	332	91250
sample	prose_heavy	sqlite	raw	prefix	333	20417
sample	prose_heavy	sqlite	raw	prefix	334	1035250
sample	prose_heavy	sqlite	raw	prefix	335	1124875
sample	prose_heavy	sqlite	raw	prefix	336	68417
sample	prose_heavy	sqlite	raw	prefix	337	21541
sample	prose_heavy	sqlite	raw	prefix	338	478375
sample	prose_heavy	sqlite	raw	prefix	339	566167
sample	prose_heavy	sqlite	raw	prefix	340	37667
sample	prose_heavy	sqlite	raw	prefix	341	21208
sample	prose_heavy	sqlite	raw	prefix	342	779750
sample	prose_heavy	sqlite	raw	prefix	343	1298416
sample	prose_heavy	sqlite	raw	prefix	344	83083
sample	prose_heavy	sqlite	raw	prefix	345	72375
sample	prose_heavy	sqlite	raw	prefix	346	1275209
sample	prose_heavy	sqlite	raw	prefix	347	555292
sample	prose_heavy	sqlite	raw	prefix	348	49125
sample	prose_heavy	sqlite	raw	prefix	349	14459
sample	prose_heavy	sqlite	raw	prefix	350	814417
sample	prose_heavy	sqlite	raw	prefix	351	625583
sample	prose_heavy	sqlite	raw	prefix	352	68916
sample	prose_heavy	sqlite	raw	prefix	353	19834
sample	prose_heavy	sqlite	raw	prefix	354	475208
sample	prose_heavy	sqlite	raw	prefix	355	542416
sample	prose_heavy	sqlite	raw	prefix	356	159875
sample	prose_heavy	sqlite	raw	prefix	357	40375
sample	prose_heavy	sqlite	raw	prefix	358	1008958
sample	prose_heavy	sqlite	raw	prefix	359	551042
sample	prose_heavy	sqlite	raw	prefix	360	74500
sample	prose_heavy	sqlite	raw	prefix	361	21708
sample	prose_heavy	sqlite	raw	prefix	362	484542
sample	prose_heavy	sqlite	raw	prefix	363	624791
sample	prose_heavy	sqlite	raw	prefix	364	73959
sample	prose_heavy	sqlite	raw	prefix	365	27417
sample	prose_heavy	sqlite	raw	prefix	366	474292
sample	prose_heavy	sqlite	raw	prefix	367	1177209
sample	prose_heavy	sqlite	raw	prefix	368	76125
sample	prose_heavy	sqlite	raw	prefix	369	20666
sample	prose_heavy	sqlite	raw	prefix	370	2014292
sample	prose_heavy	sqlite	raw	prefix	371	1562958
sample	prose_heavy	sqlite	raw	prefix	372	79625
sample	prose_heavy	sqlite	raw	prefix	373	34666
sample	prose_heavy	sqlite	raw	prefix	374	481167
sample	prose_heavy	sqlite	raw	prefix	375	963542
sample	prose_heavy	sqlite	raw	prefix	376	82666
sample	prose_heavy	sqlite	raw	prefix	377	67083
sample	prose_heavy	sqlite	raw	prefix	378	511250
sample	prose_heavy	sqlite	raw	prefix	379	514625
sample	prose_heavy	sqlite	raw	prefix	380	73875
sample	prose_heavy	sqlite	raw	prefix	381	15875
sample	prose_heavy	sqlite	raw	prefix	382	465917
sample	prose_heavy	sqlite	raw	prefix	383	620542
sample	prose_heavy	sqlite	raw	prefix	384	106042
sample	prose_heavy	sqlite	raw	prefix	385	718791
sample	prose_heavy	sqlite	raw	prefix	386	530958
sample	prose_heavy	sqlite	raw	prefix	387	596208
sample	prose_heavy	sqlite	raw	prefix	388	78375
sample	prose_heavy	sqlite	raw	prefix	389	42292
sample	prose_heavy	sqlite	raw	prefix	390	916625
sample	prose_heavy	sqlite	raw	prefix	391	545333
sample	prose_heavy	sqlite	raw	prefix	392	53500
sample	prose_heavy	sqlite	raw	prefix	393	18459
sample	prose_heavy	sqlite	raw	prefix	394	482250
sample	prose_heavy	sqlite	raw	prefix	395	1180792
sample	prose_heavy	sqlite	raw	prefix	396	82750
sample	prose_heavy	sqlite	raw	prefix	397	67500
sample	prose_heavy	sqlite	raw	prefix	398	1089375
sample	prose_heavy	sqlite	raw	prefix	399	1462500
sample	prose_heavy	sqlite	raw	prefix	400	123042
sample	prose_heavy	sqlite	raw	prefix	401	21916
sample	prose_heavy	sqlite	raw	prefix	402	1127708
sample	prose_heavy	sqlite	raw	prefix	403	549125
sample	prose_heavy	sqlite	raw	prefix	404	74542
sample	prose_heavy	sqlite	raw	prefix	405	18125
sample	prose_heavy	sqlite	raw	prefix	406	530292
sample	prose_heavy	sqlite	raw	prefix	407	570458
sample	prose_heavy	sqlite	raw	prefix	408	68250
sample	prose_heavy	sqlite	raw	prefix	409	17959
sample	prose_heavy	sqlite	raw	prefix	410	479292
sample	prose_heavy	sqlite	raw	prefix	411	998792
sample	prose_heavy	sqlite	raw	prefix	412	93292
sample	prose_heavy	sqlite	raw	prefix	413	15334
sample	prose_heavy	sqlite	raw	prefix	414	1446042
sample	prose_heavy	sqlite	raw	prefix	415	1642792
sample	prose_heavy	sqlite	raw	prefix	416	73167
sample	prose_heavy	sqlite	raw	prefix	417	19875
sample	prose_heavy	sqlite	raw	prefix	418	478167
sample	prose_heavy	sqlite	raw	prefix	419	616458
sample	prose_heavy	sqlite	raw	prefix	420	70041
sample	prose_heavy	sqlite	raw	prefix	421	15000
sample	prose_heavy	sqlite	raw	prefix	422	692917
sample	prose_heavy	sqlite	raw	prefix	423	1407333
sample	prose_heavy	sqlite	raw	prefix	424	158125
sample	prose_heavy	sqlite	raw	prefix	425	52583
sample	prose_heavy	sqlite	raw	prefix	426	1248375
sample	prose_heavy	sqlite	raw	prefix	427	937000
sample	prose_heavy	sqlite	raw	prefix	428	163250
sample	prose_heavy	sqlite	raw	prefix	429	112167
sample	prose_heavy	sqlite	raw	prefix	430	849833
sample	prose_heavy	sqlite	raw	prefix	431	549500
sample	prose_heavy	sqlite	raw	prefix	432	70834
sample	prose_heavy	sqlite	raw	prefix	433	20917
sample	prose_heavy	sqlite	raw	prefix	434	579583
sample	prose_heavy	sqlite	raw	prefix	435	875000
sample	prose_heavy	sqlite	raw	prefix	436	68833
sample	prose_heavy	sqlite	raw	prefix	437	13792
sample	prose_heavy	sqlite	raw	prefix	438	806209
sample	prose_heavy	sqlite	raw	prefix	439	1010833
sample	prose_heavy	sqlite	raw	prefix	440	157042
sample	prose_heavy	sqlite	raw	prefix	441	38292
sample	prose_heavy	sqlite	raw	prefix	442	1552084
sample	prose_heavy	sqlite	raw	prefix	443	767958
sample	prose_heavy	sqlite	raw	prefix	444	88458
sample	prose_heavy	sqlite	raw	prefix	445	15000
sample	prose_heavy	sqlite	raw	prefix	446	610208
sample	prose_heavy	sqlite	raw	prefix	447	2100875
sample	prose_heavy	sqlite	raw	prefix	448	93416
sample	prose_heavy	sqlite	raw	prefix	449	18250
sample	prose_heavy	sqlite	raw	prefix	450	989459
sample	prose_heavy	sqlite	raw	prefix	451	1015875
sample	prose_heavy	sqlite	raw	prefix	452	214625
sample	prose_heavy	sqlite	raw	prefix	453	59833
sample	prose_heavy	sqlite	raw	prefix	454	518541
sample	prose_heavy	sqlite	raw	prefix	455	579208
sample	prose_heavy	sqlite	raw	prefix	456	63167
sample	prose_heavy	sqlite	raw	prefix	457	110084
sample	prose_heavy	sqlite	raw	prefix	458	1472291
sample	prose_heavy	sqlite	raw	prefix	459	1748458
sample	prose_heavy	sqlite	raw	prefix	460	84917
sample	prose_heavy	sqlite	raw	prefix	461	29167
sample	prose_heavy	sqlite	raw	prefix	462	487834
sample	prose_heavy	sqlite	raw	prefix	463	998625
sample	prose_heavy	sqlite	raw	prefix	464	91125
sample	prose_heavy	sqlite	raw	prefix	465	21792
sample	prose_heavy	sqlite	raw	prefix	466	480166
sample	prose_heavy	sqlite	raw	prefix	467	555833
sample	prose_heavy	sqlite	raw	prefix	468	92333
sample	prose_heavy	sqlite	raw	prefix	469	44625
sample	prose_heavy	sqlite	raw	prefix	470	738458
sample	prose_heavy	sqlite	raw	prefix	471	936334
sample	prose_heavy	sqlite	raw	prefix	472	84292
sample	prose_heavy	sqlite	raw	prefix	473	17750
sample	prose_heavy	sqlite	raw	prefix	474	647791
sample	prose_heavy	sqlite	raw	prefix	475	2325959
sample	prose_heavy	sqlite	raw	prefix	476	209042
sample	prose_heavy	sqlite	raw	prefix	477	52084
sample	prose_heavy	sqlite	raw	prefix	478	762167
sample	prose_heavy	sqlite	raw	prefix	479	587958
sample	prose_heavy	sqlite	raw	prefix	480	80292
sample	prose_heavy	sqlite	raw	prefix	481	21083
sample	prose_heavy	sqlite	raw	prefix	482	1705958
sample	prose_heavy	sqlite	raw	prefix	483	1220084
sample	prose_heavy	sqlite	raw	prefix	484	62000
sample	prose_heavy	sqlite	raw	prefix	485	12833
sample	prose_heavy	sqlite	raw	prefix	486	1177625
sample	prose_heavy	sqlite	raw	prefix	487	737917
sample	prose_heavy	sqlite	raw	prefix	488	79834
sample	prose_heavy	sqlite	raw	prefix	489	31459
sample	prose_heavy	sqlite	raw	prefix	490	610042
sample	prose_heavy	sqlite	raw	prefix	491	863000
sample	prose_heavy	sqlite	raw	prefix	492	76042
sample	prose_heavy	sqlite	raw	prefix	493	85458
sample	prose_heavy	sqlite	raw	prefix	494	702709
sample	prose_heavy	sqlite	raw	prefix	495	545583
sample	prose_heavy	sqlite	raw	prefix	496	101542
sample	prose_heavy	sqlite	raw	prefix	497	23375
sample	prose_heavy	sqlite	raw	prefix	498	892500
sample	prose_heavy	sqlite	raw	prefix	499	754166
sample	prose_heavy	sqlite	raw	prefix	500	220917
sample	prose_heavy	sqlite	raw	prefix	501	117833
sample	prose_heavy	sqlite	raw	prefix	502	644167
sample	prose_heavy	sqlite	raw	prefix	503	572167
sample	prose_heavy	sqlite	raw	prefix	504	330000
sample	prose_heavy	sqlite	raw	prefix	505	84333
sample	prose_heavy	sqlite	raw	prefix	506	513834
sample	prose_heavy	sqlite	raw	prefix	507	615667
sample	prose_heavy	sqlite	raw	prefix	508	173542
sample	prose_heavy	sqlite	raw	prefix	509	64917
sample	prose_heavy	sqlite	raw	prefix	510	671500
sample	prose_heavy	sqlite	raw	prefix	511	541625
sample	prose_heavy	sqlite	raw	prefix	512	58333
sample	prose_heavy	sqlite	raw	prefix	513	16208
sample	prose_heavy	sqlite	raw	prefix	514	471042
sample	prose_heavy	sqlite	raw	prefix	515	729209
sample	prose_heavy	sqlite	raw	prefix	516	68458
sample	prose_heavy	sqlite	raw	prefix	517	21750
sample	prose_heavy	sqlite	raw	prefix	518	1665250
sample	prose_heavy	sqlite	raw	prefix	519	992041
sample	prose_heavy	sqlite	raw	prefix	520	68208
sample	prose_heavy	sqlite	raw	prefix	521	17583
sample	prose_heavy	sqlite	raw	prefix	522	485875
sample	prose_heavy	sqlite	raw	prefix	523	499208
sample	prose_heavy	sqlite	raw	prefix	524	190375
sample	prose_heavy	sqlite	raw	prefix	525	41166
sample	prose_heavy	sqlite	raw	prefix	526	573000
sample	prose_heavy	sqlite	raw	prefix	527	563083
sample	prose_heavy	sqlite	raw	prefix	528	955375
sample	prose_heavy	sqlite	raw	prefix	529	24375
sample	prose_heavy	sqlite	raw	prefix	530	1100000
sample	prose_heavy	sqlite	raw	prefix	531	1360959
sample	prose_heavy	sqlite	raw	prefix	532	281417
sample	prose_heavy	sqlite	raw	prefix	533	66792
sample	prose_heavy	sqlite	raw	prefix	534	651875
sample	prose_heavy	sqlite	raw	prefix	535	1230917
sample	prose_heavy	sqlite	raw	prefix	536	84042
sample	prose_heavy	sqlite	raw	prefix	537	29333
sample	prose_heavy	sqlite	raw	prefix	538	1014834
sample	prose_heavy	sqlite	raw	prefix	539	2015875
sample	prose_heavy	sqlite	raw	prefix	540	105000
sample	prose_heavy	sqlite	raw	prefix	541	192292
sample	prose_heavy	sqlite	raw	prefix	542	921250
sample	prose_heavy	sqlite	raw	prefix	543	578000
sample	prose_heavy	sqlite	raw	prefix	544	83458
sample	prose_heavy	sqlite	raw	prefix	545	23125
sample	prose_heavy	sqlite	raw	prefix	546	539000
sample	prose_heavy	sqlite	raw	prefix	547	698834
sample	prose_heavy	sqlite	raw	prefix	548	93084
sample	prose_heavy	sqlite	raw	prefix	549	99917
sample	prose_heavy	sqlite	raw	prefix	550	502750
sample	prose_heavy	sqlite	raw	prefix	551	822375
sample	prose_heavy	sqlite	raw	prefix	552	84333
sample	prose_heavy	sqlite	raw	prefix	553	20583
sample	prose_heavy	sqlite	raw	prefix	554	609625
sample	prose_heavy	sqlite	raw	prefix	555	1199833
sample	prose_heavy	sqlite	raw	prefix	556	87750
sample	prose_heavy	sqlite	raw	prefix	557	17042
sample	prose_heavy	sqlite	raw	prefix	558	479750
sample	prose_heavy	sqlite	raw	prefix	559	746666
sample	prose_heavy	sqlite	raw	prefix	560	79125
sample	prose_heavy	sqlite	raw	prefix	561	19875
sample	prose_heavy	sqlite	raw	prefix	562	2063250
sample	prose_heavy	sqlite	raw	prefix	563	937959
sample	prose_heavy	sqlite	raw	prefix	564	92167
sample	prose_heavy	sqlite	raw	prefix	565	28375
sample	prose_heavy	sqlite	raw	prefix	566	529416
sample	prose_heavy	sqlite	raw	prefix	567	556375
sample	prose_heavy	sqlite	raw	prefix	568	66250
sample	prose_heavy	sqlite	raw	prefix	569	69584
sample	prose_heavy	sqlite	raw	prefix	570	628584
sample	prose_heavy	sqlite	raw	prefix	571	1171125
sample	prose_heavy	sqlite	raw	prefix	572	144833
sample	prose_heavy	sqlite	raw	prefix	573	79208
sample	prose_heavy	sqlite	raw	prefix	574	535125
sample	prose_heavy	sqlite	raw	prefix	575	1010292
sample	prose_heavy	sqlite	raw	prefix	576	74916
sample	prose_heavy	sqlite	raw	prefix	577	28167
sample	prose_heavy	sqlite	raw	prefix	578	477208
sample	prose_heavy	sqlite	raw	prefix	579	1180417
sample	prose_heavy	sqlite	raw	prefix	580	76459
sample	prose_heavy	sqlite	raw	prefix	581	24500
sample	prose_heavy	sqlite	raw	prefix	582	483458
sample	prose_heavy	sqlite	raw	prefix	583	1503833
sample	prose_heavy	sqlite	raw	prefix	584	167083
sample	prose_heavy	sqlite	raw	prefix	585	122084
sample	prose_heavy	sqlite	raw	prefix	586	513667
sample	prose_heavy	sqlite	raw	prefix	587	1241125
sample	prose_heavy	sqlite	raw	prefix	588	75291
sample	prose_heavy	sqlite	raw	prefix	589	73958
sample	prose_heavy	sqlite	raw	prefix	590	667792
sample	prose_heavy	sqlite	raw	prefix	591	1241042
sample	prose_heavy	sqlite	raw	prefix	592	83375
sample	prose_heavy	sqlite	raw	prefix	593	19208
sample	prose_heavy	sqlite	raw	prefix	594	706042
sample	prose_heavy	sqlite	raw	prefix	595	618667
sample	prose_heavy	sqlite	raw	prefix	596	85208
sample	prose_heavy	sqlite	raw	prefix	597	36333
sample	prose_heavy	sqlite	raw	prefix	598	542666
sample	prose_heavy	sqlite	raw	prefix	599	548667
sample	prose_heavy	sqlite	raw	prefix	600	84417
sample	prose_heavy	sqlite	raw	prefix	601	86125
sample	prose_heavy	sqlite	raw	prefix	602	1046750
sample	prose_heavy	sqlite	raw	prefix	603	1011708
sample	prose_heavy	sqlite	raw	prefix	604	181375
sample	prose_heavy	sqlite	raw	prefix	605	58125
sample	prose_heavy	sqlite	raw	prefix	606	713917
sample	prose_heavy	sqlite	raw	prefix	607	544334
sample	prose_heavy	sqlite	raw	prefix	608	71166
sample	prose_heavy	sqlite	raw	prefix	609	22375
sample	prose_heavy	sqlite	raw	prefix	610	955417
sample	prose_heavy	sqlite	raw	prefix	611	563084
sample	prose_heavy	sqlite	raw	prefix	612	99584
sample	prose_heavy	sqlite	raw	prefix	613	183000
sample	prose_heavy	sqlite	raw	prefix	614	515500
sample	prose_heavy	sqlite	raw	prefix	615	561458
sample	prose_heavy	sqlite	raw	prefix	616	108875
sample	prose_heavy	sqlite	raw	prefix	617	38833
sample	prose_heavy	sqlite	raw	prefix	618	494875
sample	prose_heavy	sqlite	raw	prefix	619	562875
sample	prose_heavy	sqlite	raw	prefix	620	109667
sample	prose_heavy	sqlite	raw	prefix	621	20792
sample	prose_heavy	sqlite	raw	prefix	622	1210834
sample	prose_heavy	sqlite	raw	prefix	623	540458
sample	prose_heavy	sqlite	raw	prefix	624	86250
sample	prose_heavy	sqlite	raw	prefix	625	72416
sample	prose_heavy	sqlite	raw	prefix	626	788625
sample	prose_heavy	sqlite	raw	prefix	627	1309541
sample	prose_heavy	sqlite	raw	prefix	628	174916
sample	prose_heavy	sqlite	raw	prefix	629	641250
sample	prose_heavy	sqlite	raw	prefix	630	531333
sample	prose_heavy	sqlite	raw	prefix	631	1219959
sample	prose_heavy	sqlite	raw	prefix	632	200791
sample	prose_heavy	sqlite	raw	prefix	633	86167
sample	prose_heavy	sqlite	raw	prefix	634	499708
sample	prose_heavy	sqlite	raw	prefix	635	538083
sample	prose_heavy	sqlite	raw	prefix	636	199958
sample	prose_heavy	sqlite	raw	prefix	637	156667
sample	prose_heavy	sqlite	raw	prefix	638	1161208
sample	prose_heavy	sqlite	raw	prefix	639	635042
sample	prose_heavy	sqlite	raw	prefix	640	186417
sample	prose_heavy	sqlite	raw	prefix	641	35917
sample	prose_heavy	sqlite	raw	prefix	642	489083
sample	prose_heavy	sqlite	raw	prefix	643	553875
sample	prose_heavy	sqlite	raw	prefix	644	192666
sample	prose_heavy	sqlite	raw	prefix	645	179916
sample	prose_heavy	sqlite	raw	prefix	646	1009458
sample	prose_heavy	sqlite	raw	prefix	647	1279542
sample	prose_heavy	sqlite	raw	prefix	648	168292
sample	prose_heavy	sqlite	raw	prefix	649	56125
sample	prose_heavy	sqlite	raw	prefix	650	668500
sample	prose_heavy	sqlite	raw	prefix	651	1248583
sample	prose_heavy	sqlite	raw	prefix	652	70042
sample	prose_heavy	sqlite	raw	prefix	653	22875
sample	prose_heavy	sqlite	raw	prefix	654	950166
sample	prose_heavy	sqlite	raw	prefix	655	1273084
sample	prose_heavy	sqlite	raw	prefix	656	202125
sample	prose_heavy	sqlite	raw	prefix	657	32000
sample	prose_heavy	sqlite	raw	prefix	658	478750
sample	prose_heavy	sqlite	raw	prefix	659	547250
sample	prose_heavy	sqlite	raw	prefix	660	163583
sample	prose_heavy	sqlite	raw	prefix	661	91500
sample	prose_heavy	sqlite	raw	prefix	662	1121791
sample	prose_heavy	sqlite	raw	prefix	663	1320959
sample	prose_heavy	sqlite	raw	prefix	664	89750
sample	prose_heavy	sqlite	raw	prefix	665	21750
sample	prose_heavy	sqlite	raw	prefix	666	717292
sample	prose_heavy	sqlite	raw	prefix	667	690167
sample	prose_heavy	sqlite	raw	prefix	668	89417
sample	prose_heavy	sqlite	raw	prefix	669	41791
sample	prose_heavy	sqlite	raw	prefix	670	879667
sample	prose_heavy	sqlite	raw	prefix	671	1955125
sample	prose_heavy	sqlite	raw	prefix	672	72333
sample	prose_heavy	sqlite	raw	prefix	673	29375
sample	prose_heavy	sqlite	raw	prefix	674	1850833
sample	prose_heavy	sqlite	raw	prefix	675	1029541
sample	prose_heavy	sqlite	raw	prefix	676	64000
sample	prose_heavy	sqlite	raw	prefix	677	15541
sample	prose_heavy	sqlite	raw	prefix	678	789584
sample	prose_heavy	sqlite	raw	prefix	679	569209
sample	prose_heavy	sqlite	raw	prefix	680	168625
sample	prose_heavy	sqlite	raw	prefix	681	98167
sample	prose_heavy	sqlite	raw	prefix	682	984833
sample	prose_heavy	sqlite	raw	prefix	683	1318625
sample	prose_heavy	sqlite	raw	prefix	684	88208
sample	prose_heavy	sqlite	raw	prefix	685	15292
sample	prose_heavy	sqlite	raw	prefix	686	471750
sample	prose_heavy	sqlite	raw	prefix	687	837125
sample	prose_heavy	sqlite	raw	prefix	688	81292
sample	prose_heavy	sqlite	raw	prefix	689	56958
sample	prose_heavy	sqlite	raw	prefix	690	544125
sample	prose_heavy	sqlite	raw	prefix	691	544334
sample	prose_heavy	sqlite	raw	prefix	692	209166
sample	prose_heavy	sqlite	raw	prefix	693	33959
sample	prose_heavy	sqlite	raw	prefix	694	1043625
sample	prose_heavy	sqlite	raw	prefix	695	612500
sample	prose_heavy	sqlite	raw	prefix	696	502375
sample	prose_heavy	sqlite	raw	prefix	697	106083
sample	prose_heavy	sqlite	raw	prefix	698	787542
sample	prose_heavy	sqlite	raw	prefix	699	1349750
sample	prose_heavy	sqlite	raw	prefix	700	190209
sample	prose_heavy	sqlite	raw	prefix	701	84375
sample	prose_heavy	sqlite	raw	prefix	702	2042917
sample	prose_heavy	sqlite	raw	prefix	703	1255375
sample	prose_heavy	sqlite	raw	prefix	704	178208
sample	prose_heavy	sqlite	raw	prefix	705	92875
sample	prose_heavy	sqlite	raw	prefix	706	526041
sample	prose_heavy	sqlite	raw	prefix	707	1856125
sample	prose_heavy	sqlite	raw	prefix	708	71916
sample	prose_heavy	sqlite	raw	prefix	709	13875
sample	prose_heavy	sqlite	raw	prefix	710	1318375
sample	prose_heavy	sqlite	raw	prefix	711	545125
sample	prose_heavy	sqlite	raw	prefix	712	142459
sample	prose_heavy	sqlite	raw	prefix	713	78375
sample	prose_heavy	sqlite	raw	prefix	714	751000
sample	prose_heavy	sqlite	raw	prefix	715	1001417
sample	prose_heavy	sqlite	raw	prefix	716	86667
sample	prose_heavy	sqlite	raw	prefix	717	18083
sample	prose_heavy	sqlite	raw	prefix	718	472042
sample	prose_heavy	sqlite	raw	prefix	719	1179250
sample	prose_heavy	sqlite	raw	prefix	720	157041
sample	prose_heavy	sqlite	raw	prefix	721	84541
sample	prose_heavy	sqlite	raw	prefix	722	986417
sample	prose_heavy	sqlite	raw	prefix	723	1330709
sample	prose_heavy	sqlite	raw	prefix	724	211667
sample	prose_heavy	sqlite	raw	prefix	725	33167
sample	prose_heavy	sqlite	raw	prefix	726	499875
sample	prose_heavy	sqlite	raw	prefix	727	912250
sample	prose_heavy	sqlite	raw	prefix	728	68625
sample	prose_heavy	sqlite	raw	prefix	729	16917
sample	prose_heavy	sqlite	raw	prefix	730	501750
sample	prose_heavy	sqlite	raw	prefix	731	574291
sample	prose_heavy	sqlite	raw	prefix	732	86625
sample	prose_heavy	sqlite	raw	prefix	733	68458
sample	prose_heavy	sqlite	raw	prefix	734	984625
sample	prose_heavy	sqlite	raw	prefix	735	2136334
sample	prose_heavy	sqlite	raw	prefix	736	242000
sample	prose_heavy	sqlite	raw	prefix	737	165125
sample	prose_heavy	sqlite	raw	prefix	738	515625
sample	prose_heavy	sqlite	raw	prefix	739	565416
sample	prose_heavy	sqlite	raw	prefix	740	55250
sample	prose_heavy	sqlite	raw	prefix	741	13833
sample	prose_heavy	sqlite	raw	prefix	742	495333
sample	prose_heavy	sqlite	raw	prefix	743	593041
sample	prose_heavy	sqlite	raw	prefix	744	43792
sample	prose_heavy	sqlite	raw	prefix	745	13958
sample	prose_heavy	sqlite	raw	prefix	746	1066375
sample	prose_heavy	sqlite	raw	prefix	747	1053000
sample	prose_heavy	sqlite	raw	prefix	748	88542
sample	prose_heavy	sqlite	raw	prefix	749	17083
sample	prose_heavy	sqlite	raw	prefix	750	855792
sample	prose_heavy	sqlite	raw	prefix	751	1884791
sample	prose_heavy	sqlite	raw	prefix	752	66875
sample	prose_heavy	sqlite	raw	prefix	753	17375
sample	prose_heavy	sqlite	raw	prefix	754	641250
sample	prose_heavy	sqlite	raw	prefix	755	777750
sample	prose_heavy	sqlite	raw	prefix	756	63458
sample	prose_heavy	sqlite	raw	prefix	757	12000
sample	prose_heavy	sqlite	raw	prefix	758	480708
sample	prose_heavy	sqlite	raw	prefix	759	924125
sample	prose_heavy	sqlite	raw	prefix	760	74875
sample	prose_heavy	sqlite	raw	prefix	761	25417
sample	prose_heavy	sqlite	raw	prefix	762	1355584
sample	prose_heavy	sqlite	raw	prefix	763	1061167
sample	prose_heavy	sqlite	raw	prefix	764	46875
sample	prose_heavy	sqlite	raw	prefix	765	12875
sample	prose_heavy	sqlite	raw	prefix	766	478667
sample	prose_heavy	sqlite	raw	prefix	767	933500
sample	prose_heavy	sqlite	raw	prefix	768	164333
sample	prose_heavy	sqlite	raw	prefix	769	69125
sample	prose_heavy	sqlite	raw	prefix	770	696375
sample	prose_heavy	sqlite	raw	prefix	771	764958
sample	prose_heavy	sqlite	raw	prefix	772	60041
sample	prose_heavy	sqlite	raw	prefix	773	66917
sample	prose_heavy	sqlite	raw	prefix	774	502375
sample	prose_heavy	sqlite	raw	prefix	775	557042
sample	prose_heavy	sqlite	raw	prefix	776	72500
sample	prose_heavy	sqlite	raw	prefix	777	66625
sample	prose_heavy	sqlite	raw	prefix	778	992834
sample	prose_heavy	sqlite	raw	prefix	779	519083
sample	prose_heavy	sqlite	raw	prefix	780	178083
sample	prose_heavy	sqlite	raw	prefix	781	118375
sample	prose_heavy	sqlite	raw	prefix	782	599792
sample	prose_heavy	sqlite	raw	prefix	783	560584
sample	prose_heavy	sqlite	raw	prefix	784	52625
sample	prose_heavy	sqlite	raw	prefix	785	17875
sample	prose_heavy	sqlite	raw	prefix	786	1905292
sample	prose_heavy	sqlite	raw	prefix	787	865625
sample	prose_heavy	sqlite	raw	prefix	788	65333
sample	prose_heavy	sqlite	raw	prefix	789	15917
sample	prose_heavy	sqlite	raw	prefix	790	517625
sample	prose_heavy	sqlite	raw	prefix	791	567583
sample	prose_heavy	sqlite	raw	prefix	792	50833
sample	prose_heavy	sqlite	raw	prefix	793	14083
sample	prose_heavy	sqlite	raw	prefix	794	469334
sample	prose_heavy	sqlite	raw	prefix	795	596875
sample	prose_heavy	sqlite	raw	prefix	796	72375
sample	prose_heavy	sqlite	raw	prefix	797	16750
sample	prose_heavy	sqlite	raw	prefix	798	475125
sample	prose_heavy	sqlite	raw	prefix	799	1078833
sample	prose_heavy	sqlite	raw	prefix	800	163584
sample	prose_heavy	sqlite	raw	prefix	801	67584
sample	prose_heavy	sqlite	raw	prefix	802	833208
sample	prose_heavy	sqlite	raw	prefix	803	778334
sample	prose_heavy	sqlite	raw	prefix	804	57792
sample	prose_heavy	sqlite	raw	prefix	805	18458
sample	prose_heavy	sqlite	raw	prefix	806	470583
sample	prose_heavy	sqlite	raw	prefix	807	548833
sample	prose_heavy	sqlite	raw	prefix	808	133667
sample	prose_heavy	sqlite	raw	prefix	809	54250
sample	prose_heavy	sqlite	raw	prefix	810	488292
sample	prose_heavy	sqlite	raw	prefix	811	1893666
sample	prose_heavy	sqlite	raw	prefix	812	67333
sample	prose_heavy	sqlite	raw	prefix	813	15875
sample	prose_heavy	sqlite	raw	prefix	814	1359750
sample	prose_heavy	sqlite	raw	prefix	815	544542
sample	prose_heavy	sqlite	raw	prefix	816	196625
sample	prose_heavy	sqlite	raw	prefix	817	54000
sample	prose_heavy	sqlite	raw	prefix	818	742708
sample	prose_heavy	sqlite	raw	prefix	819	526333
sample	prose_heavy	sqlite	raw	prefix	820	69958
sample	prose_heavy	sqlite	raw	prefix	821	15041
sample	prose_heavy	sqlite	raw	prefix	822	473625
sample	prose_heavy	sqlite	raw	prefix	823	653416
sample	prose_heavy	sqlite	raw	prefix	824	400291
sample	prose_heavy	sqlite	raw	prefix	825	78750
sample	prose_heavy	sqlite	raw	prefix	826	573708
sample	prose_heavy	sqlite	raw	prefix	827	622166
sample	prose_heavy	sqlite	raw	prefix	828	81042
sample	prose_heavy	sqlite	raw	prefix	829	14542
sample	prose_heavy	sqlite	raw	prefix	830	728625
sample	prose_heavy	sqlite	raw	prefix	831	1990583
sample	prose_heavy	sqlite	raw	prefix	832	68625
sample	prose_heavy	sqlite	raw	prefix	833	17917
sample	prose_heavy	sqlite	raw	prefix	834	502958
sample	prose_heavy	sqlite	raw	prefix	835	514334
sample	prose_heavy	sqlite	raw	prefix	836	155041
sample	prose_heavy	sqlite	raw	prefix	837	84042
sample	prose_heavy	sqlite	raw	prefix	838	964042
sample	prose_heavy	sqlite	raw	prefix	839	877500
sample	prose_heavy	sqlite	raw	prefix	840	74041
sample	prose_heavy	sqlite	raw	prefix	841	22833
sample	prose_heavy	sqlite	raw	prefix	842	472958
sample	prose_heavy	sqlite	raw	prefix	843	1386250
sample	prose_heavy	sqlite	raw	prefix	844	86792
sample	prose_heavy	sqlite	raw	prefix	845	25750
sample	prose_heavy	sqlite	raw	prefix	846	625542
sample	prose_heavy	sqlite	raw	prefix	847	1130500
sample	prose_heavy	sqlite	raw	prefix	848	53500
sample	prose_heavy	sqlite	raw	prefix	849	15166
sample	prose_heavy	sqlite	raw	prefix	850	920709
sample	prose_heavy	sqlite	raw	prefix	851	730167
sample	prose_heavy	sqlite	raw	prefix	852	70584
sample	prose_heavy	sqlite	raw	prefix	853	20292
sample	prose_heavy	sqlite	raw	prefix	854	478000
sample	prose_heavy	sqlite	raw	prefix	855	1187625
sample	prose_heavy	sqlite	raw	prefix	856	141875
sample	prose_heavy	sqlite	raw	prefix	857	83666
sample	prose_heavy	sqlite	raw	prefix	858	1144666
sample	prose_heavy	sqlite	raw	prefix	859	525625
sample	prose_heavy	sqlite	raw	prefix	860	91750
sample	prose_heavy	sqlite	raw	prefix	861	73500
sample	prose_heavy	sqlite	raw	prefix	862	1100417
sample	prose_heavy	sqlite	raw	prefix	863	577500
sample	prose_heavy	sqlite	raw	prefix	864	73334
sample	prose_heavy	sqlite	raw	prefix	865	24750
sample	prose_heavy	sqlite	raw	prefix	866	489875
sample	prose_heavy	sqlite	raw	prefix	867	919667
sample	prose_heavy	sqlite	raw	prefix	868	180459
sample	prose_heavy	sqlite	raw	prefix	869	57041
sample	prose_heavy	sqlite	raw	prefix	870	496541
sample	prose_heavy	sqlite	raw	prefix	871	1649583
sample	prose_heavy	sqlite	raw	prefix	872	72084
sample	prose_heavy	sqlite	raw	prefix	873	17750
sample	prose_heavy	sqlite	raw	prefix	874	478833
sample	prose_heavy	sqlite	raw	prefix	875	1280708
sample	prose_heavy	sqlite	raw	prefix	876	186958
sample	prose_heavy	sqlite	raw	prefix	877	43000
sample	prose_heavy	sqlite	raw	prefix	878	868375
sample	prose_heavy	sqlite	raw	prefix	879	548625
sample	prose_heavy	sqlite	raw	prefix	880	160000
sample	prose_heavy	sqlite	raw	prefix	881	76041
sample	prose_heavy	sqlite	raw	prefix	882	1389208
sample	prose_heavy	sqlite	raw	prefix	883	2441666
sample	prose_heavy	sqlite	raw	prefix	884	256541
sample	prose_heavy	sqlite	raw	prefix	885	92875
sample	prose_heavy	sqlite	raw	prefix	886	560250
sample	prose_heavy	sqlite	raw	prefix	887	784583
sample	prose_heavy	sqlite	raw	prefix	888	81083
sample	prose_heavy	sqlite	raw	prefix	889	30750
sample	prose_heavy	sqlite	raw	prefix	890	485708
sample	prose_heavy	sqlite	raw	prefix	891	555375
sample	prose_heavy	sqlite	raw	prefix	892	49333
sample	prose_heavy	sqlite	raw	prefix	893	119833
sample	prose_heavy	sqlite	raw	prefix	894	1076500
sample	prose_heavy	sqlite	raw	prefix	895	568291
sample	prose_heavy	sqlite	raw	prefix	896	62375
sample	prose_heavy	sqlite	raw	prefix	897	98792
sample	prose_heavy	sqlite	raw	prefix	898	986625
sample	prose_heavy	sqlite	raw	prefix	899	531042
sample	prose_heavy	sqlite	raw	prefix	900	227708
sample	prose_heavy	sqlite	raw	prefix	901	63667
sample	prose_heavy	sqlite	raw	prefix	902	928000
sample	prose_heavy	sqlite	raw	prefix	903	541792
sample	prose_heavy	sqlite	raw	prefix	904	61208
sample	prose_heavy	sqlite	raw	prefix	905	30375
sample	prose_heavy	sqlite	raw	prefix	906	794292
sample	prose_heavy	sqlite	raw	prefix	907	540375
sample	prose_heavy	sqlite	raw	prefix	908	98917
sample	prose_heavy	sqlite	raw	prefix	909	19375
sample	prose_heavy	sqlite	raw	prefix	910	481041
sample	prose_heavy	sqlite	raw	prefix	911	2326541
sample	prose_heavy	sqlite	raw	prefix	912	254291
sample	prose_heavy	sqlite	raw	prefix	913	92084
sample	prose_heavy	sqlite	raw	prefix	914	1639000
sample	prose_heavy	sqlite	raw	prefix	915	570541
sample	prose_heavy	sqlite	raw	prefix	916	150542
sample	prose_heavy	sqlite	raw	prefix	917	125875
sample	prose_heavy	sqlite	raw	prefix	918	1169125
sample	prose_heavy	sqlite	raw	prefix	919	563708
sample	prose_heavy	sqlite	raw	prefix	920	213625
sample	prose_heavy	sqlite	raw	prefix	921	68000
sample	prose_heavy	sqlite	raw	prefix	922	685541
sample	prose_heavy	sqlite	raw	prefix	923	919292
sample	prose_heavy	sqlite	raw	prefix	924	215083
sample	prose_heavy	sqlite	raw	prefix	925	287083
sample	prose_heavy	sqlite	raw	prefix	926	1402834
sample	prose_heavy	sqlite	raw	prefix	927	678000
sample	prose_heavy	sqlite	raw	prefix	928	69334
sample	prose_heavy	sqlite	raw	prefix	929	33833
sample	prose_heavy	sqlite	raw	prefix	930	476541
sample	prose_heavy	sqlite	raw	prefix	931	614166
sample	prose_heavy	sqlite	raw	prefix	932	84333
sample	prose_heavy	sqlite	raw	prefix	933	17417
sample	prose_heavy	sqlite	raw	prefix	934	820584
sample	prose_heavy	sqlite	raw	prefix	935	2327208
sample	prose_heavy	sqlite	raw	prefix	936	63583
sample	prose_heavy	sqlite	raw	prefix	937	19209
sample	prose_heavy	sqlite	raw	prefix	938	549917
sample	prose_heavy	sqlite	raw	prefix	939	1076500
sample	prose_heavy	sqlite	raw	prefix	940	73834
sample	prose_heavy	sqlite	raw	prefix	941	37625
sample	prose_heavy	sqlite	raw	prefix	942	816334
sample	prose_heavy	sqlite	raw	prefix	943	688333
sample	prose_heavy	sqlite	raw	prefix	944	95250
sample	prose_heavy	sqlite	raw	prefix	945	26084
sample	prose_heavy	sqlite	raw	prefix	946	487750
sample	prose_heavy	sqlite	raw	prefix	947	579125
sample	prose_heavy	sqlite	raw	prefix	948	199667
sample	prose_heavy	sqlite	raw	prefix	949	110625
sample	prose_heavy	sqlite	raw	prefix	950	1661875
sample	prose_heavy	sqlite	raw	prefix	951	2382250
sample	prose_heavy	sqlite	raw	prefix	952	95250
sample	prose_heavy	sqlite	raw	prefix	953	21000
sample	prose_heavy	sqlite	raw	prefix	954	809000
sample	prose_heavy	sqlite	raw	prefix	955	1180916
sample	prose_heavy	sqlite	raw	prefix	956	229375
sample	prose_heavy	sqlite	raw	prefix	957	96792
sample	prose_heavy	sqlite	raw	prefix	958	1282417
sample	prose_heavy	sqlite	raw	prefix	959	803333
sample	prose_heavy	sqlite	raw	prefix	960	327625
sample	prose_heavy	sqlite	raw	prefix	961	33667
sample	prose_heavy	sqlite	raw	prefix	962	3262500
sample	prose_heavy	sqlite	raw	prefix	963	575125
sample	prose_heavy	sqlite	raw	prefix	964	89250
sample	prose_heavy	sqlite	raw	prefix	965	18584
sample	prose_heavy	sqlite	raw	prefix	966	857500
sample	prose_heavy	sqlite	raw	prefix	967	1428167
sample	prose_heavy	sqlite	raw	prefix	968	155958
sample	prose_heavy	sqlite	raw	prefix	969	1212000
sample	prose_heavy	sqlite	raw	prefix	970	534792
sample	prose_heavy	sqlite	raw	prefix	971	1106584
sample	prose_heavy	sqlite	raw	prefix	972	109292
sample	prose_heavy	sqlite	raw	prefix	973	19167
sample	prose_heavy	sqlite	raw	prefix	974	485875
sample	prose_heavy	sqlite	raw	prefix	975	1404834
sample	prose_heavy	sqlite	raw	prefix	976	153167
sample	prose_heavy	sqlite	raw	prefix	977	79625
sample	prose_heavy	sqlite	raw	prefix	978	1096834
sample	prose_heavy	sqlite	raw	prefix	979	1701500
sample	prose_heavy	sqlite	raw	prefix	980	554625
sample	prose_heavy	sqlite	raw	prefix	981	61666
sample	prose_heavy	sqlite	raw	prefix	982	504000
sample	prose_heavy	sqlite	raw	prefix	983	1220084
sample	prose_heavy	sqlite	raw	prefix	984	206209
sample	prose_heavy	sqlite	raw	prefix	985	80083
sample	prose_heavy	sqlite	raw	prefix	986	678000
sample	prose_heavy	sqlite	raw	prefix	987	718709
sample	prose_heavy	sqlite	raw	prefix	988	202167
sample	prose_heavy	sqlite	raw	prefix	989	100833
sample	prose_heavy	sqlite	raw	prefix	990	1285333
sample	prose_heavy	sqlite	raw	prefix	991	1442042
sample	prose_heavy	sqlite	raw	prefix	992	95834
sample	prose_heavy	sqlite	raw	prefix	993	23000
sample	prose_heavy	sqlite	raw	prefix	994	481709
sample	prose_heavy	sqlite	raw	prefix	995	1302625
sample	prose_heavy	sqlite	raw	prefix	996	119792
sample	prose_heavy	sqlite	raw	prefix	997	23375
sample	prose_heavy	sqlite	raw	prefix	998	776917
sample	prose_heavy	sqlite	raw	prefix	999	563584
sample	prose_heavy	sqlite	raw	render	0	79875
sample	prose_heavy	sqlite	raw	render	1	25833
sample	prose_heavy	sqlite	raw	render	2	17958
sample	prose_heavy	sqlite	raw	render	3	242875
sample	prose_heavy	sqlite	raw	render	4	68250
sample	prose_heavy	sqlite	raw	render	5	23500
sample	prose_heavy	sqlite	raw	render	6	11209
sample	prose_heavy	sqlite	raw	render	7	71875
sample	prose_heavy	sqlite	raw	render	8	106042
sample	prose_heavy	sqlite	raw	render	9	91666
sample	prose_heavy	sqlite	raw	render	10	825250
sample	prose_heavy	sqlite	raw	render	11	41250
sample	prose_heavy	sqlite	raw	render	12	273833
sample	prose_heavy	sqlite	raw	render	13	93292
sample	prose_heavy	sqlite	raw	render	14	72083
sample	prose_heavy	sqlite	raw	render	15	95250
sample	prose_heavy	sqlite	raw	render	16	124084
sample	prose_heavy	sqlite	raw	render	17	113167
sample	prose_heavy	sqlite	raw	render	18	220292
sample	prose_heavy	sqlite	raw	render	19	110917
sample	prose_heavy	sqlite	raw	render	20	70417
sample	prose_heavy	sqlite	raw	render	21	168250
sample	prose_heavy	sqlite	raw	render	22	63750
sample	prose_heavy	sqlite	raw	render	23	114250
sample	prose_heavy	sqlite	raw	render	24	61708
sample	prose_heavy	sqlite	raw	render	25	24917
sample	prose_heavy	sqlite	raw	render	26	15208
sample	prose_heavy	sqlite	raw	render	27	10125
sample	prose_heavy	sqlite	raw	render	28	10666
sample	prose_heavy	sqlite	raw	render	29	75125
sample	prose_heavy	sqlite	raw	render	30	82666
sample	prose_heavy	sqlite	raw	render	31	78917
sample	prose_heavy	sqlite	raw	render	32	26708
sample	prose_heavy	sqlite	raw	render	33	10875
sample	prose_heavy	sqlite	raw	render	34	35000
sample	prose_heavy	sqlite	raw	render	35	18417
sample	prose_heavy	sqlite	raw	render	36	78083
sample	prose_heavy	sqlite	raw	render	37	42250
sample	prose_heavy	sqlite	raw	render	38	40125
sample	prose_heavy	sqlite	raw	render	39	71000
sample	prose_heavy	sqlite	raw	render	40	130500
sample	prose_heavy	sqlite	raw	render	41	276750
sample	prose_heavy	sqlite	raw	render	42	23333
sample	prose_heavy	sqlite	raw	render	43	30584
sample	prose_heavy	sqlite	raw	render	44	28875
sample	prose_heavy	sqlite	raw	render	45	115417
sample	prose_heavy	sqlite	raw	render	46	122875
sample	prose_heavy	sqlite	raw	render	47	103541
sample	prose_heavy	sqlite	raw	render	48	108750
sample	prose_heavy	sqlite	raw	render	49	224834
sample	prose_heavy	sqlite	raw	render	50	126416
sample	prose_heavy	sqlite	raw	render	51	73292
sample	prose_heavy	sqlite	raw	render	52	61375
sample	prose_heavy	sqlite	raw	render	53	34916
sample	prose_heavy	sqlite	raw	render	54	44959
sample	prose_heavy	sqlite	raw	render	55	69208
sample	prose_heavy	sqlite	raw	render	56	230292
sample	prose_heavy	sqlite	raw	render	57	90750
sample	prose_heavy	sqlite	raw	render	58	45042
sample	prose_heavy	sqlite	raw	render	59	85250
sample	prose_heavy	sqlite	raw	render	60	53333
sample	prose_heavy	sqlite	raw	render	61	26541
sample	prose_heavy	sqlite	raw	render	62	48792
sample	prose_heavy	sqlite	raw	render	63	162083
sample	prose_heavy	sqlite	raw	render	64	131167
sample	prose_heavy	sqlite	raw	render	65	105250
sample	prose_heavy	sqlite	raw	render	66	147958
sample	prose_heavy	sqlite	raw	render	67	78708
sample	prose_heavy	sqlite	raw	render	68	25292
sample	prose_heavy	sqlite	raw	render	69	37084
sample	prose_heavy	sqlite	raw	render	70	18666
sample	prose_heavy	sqlite	raw	render	71	13792
sample	prose_heavy	sqlite	raw	render	72	713250
sample	prose_heavy	sqlite	raw	render	73	170917
sample	prose_heavy	sqlite	raw	render	74	176125
sample	prose_heavy	sqlite	raw	render	75	136083
sample	prose_heavy	sqlite	raw	render	76	81667
sample	prose_heavy	sqlite	raw	render	77	218375
sample	prose_heavy	sqlite	raw	render	78	45917
sample	prose_heavy	sqlite	raw	render	79	473209
sample	prose_heavy	sqlite	raw	render	80	126833
sample	prose_heavy	sqlite	raw	render	81	309833
sample	prose_heavy	sqlite	raw	render	82	194791
sample	prose_heavy	sqlite	raw	render	83	56000
sample	prose_heavy	sqlite	raw	render	84	88708
sample	prose_heavy	sqlite	raw	render	85	139250
sample	prose_heavy	sqlite	raw	render	86	144000
sample	prose_heavy	sqlite	raw	render	87	400500
sample	prose_heavy	sqlite	raw	render	88	41416
sample	prose_heavy	sqlite	raw	render	89	87041
sample	prose_heavy	sqlite	raw	render	90	102375
sample	prose_heavy	sqlite	raw	render	91	100208
sample	prose_heavy	sqlite	raw	render	92	96875
sample	prose_heavy	sqlite	raw	render	93	62166
sample	prose_heavy	sqlite	raw	render	94	79917
sample	prose_heavy	sqlite	raw	render	95	124125
sample	prose_heavy	sqlite	raw	render	96	170417
sample	prose_heavy	sqlite	raw	render	97	74208
sample	prose_heavy	sqlite	raw	render	98	93500
sample	prose_heavy	sqlite	raw	render	99	123916
sample	prose_heavy	sqlite	raw	render	100	231834
sample	prose_heavy	sqlite	raw	render	101	184125
sample	prose_heavy	sqlite	raw	render	102	61208
sample	prose_heavy	sqlite	raw	render	103	33166
sample	prose_heavy	sqlite	raw	render	104	43834
sample	prose_heavy	sqlite	raw	render	105	79541
sample	prose_heavy	sqlite	raw	render	106	90208
sample	prose_heavy	sqlite	raw	render	107	63583
sample	prose_heavy	sqlite	raw	render	108	61000
sample	prose_heavy	sqlite	raw	render	109	75209
sample	prose_heavy	sqlite	raw	render	110	96000
sample	prose_heavy	sqlite	raw	render	111	75917
sample	prose_heavy	sqlite	raw	render	112	133084
sample	prose_heavy	sqlite	raw	render	113	59959
sample	prose_heavy	sqlite	raw	render	114	45250
sample	prose_heavy	sqlite	raw	render	115	44833
sample	prose_heavy	sqlite	raw	render	116	79542
sample	prose_heavy	sqlite	raw	render	117	53333
sample	prose_heavy	sqlite	raw	render	118	42500
sample	prose_heavy	sqlite	raw	render	119	96041
sample	prose_heavy	sqlite	raw	render	120	75875
sample	prose_heavy	sqlite	raw	render	121	183458
sample	prose_heavy	sqlite	raw	render	122	210416
sample	prose_heavy	sqlite	raw	render	123	121917
sample	prose_heavy	sqlite	raw	render	124	63625
sample	prose_heavy	sqlite	raw	render	125	17834
sample	prose_heavy	sqlite	raw	render	126	24375
sample	prose_heavy	sqlite	raw	render	127	78959
sample	prose_heavy	sqlite	raw	render	128	23167
sample	prose_heavy	sqlite	raw	render	129	99334
sample	prose_heavy	sqlite	raw	render	130	103958
sample	prose_heavy	sqlite	raw	render	131	159458
sample	prose_heavy	sqlite	raw	render	132	120167
sample	prose_heavy	sqlite	raw	render	133	84458
sample	prose_heavy	sqlite	raw	render	134	86250
sample	prose_heavy	sqlite	raw	render	135	116042
sample	prose_heavy	sqlite	raw	render	136	144917
sample	prose_heavy	sqlite	raw	render	137	334583
sample	prose_heavy	sqlite	raw	render	138	217042
sample	prose_heavy	sqlite	raw	render	139	444084
sample	prose_heavy	sqlite	raw	render	140	234750
sample	prose_heavy	sqlite	raw	render	141	67750
sample	prose_heavy	sqlite	raw	render	142	75208
sample	prose_heavy	sqlite	raw	render	143	71417
sample	prose_heavy	sqlite	raw	render	144	140167
sample	prose_heavy	sqlite	raw	render	145	85458
sample	prose_heavy	sqlite	raw	render	146	41542
sample	prose_heavy	sqlite	raw	render	147	12958
sample	prose_heavy	sqlite	raw	render	148	18541
sample	prose_heavy	sqlite	raw	render	149	101958
sample	prose_heavy	sqlite	raw	render	150	49667
sample	prose_heavy	sqlite	raw	render	151	97333
sample	prose_heavy	sqlite	raw	render	152	141791
sample	prose_heavy	sqlite	raw	render	153	71333
sample	prose_heavy	sqlite	raw	render	154	181625
sample	prose_heavy	sqlite	raw	render	155	34083
sample	prose_heavy	sqlite	raw	render	156	15333
sample	prose_heavy	sqlite	raw	render	157	81958
sample	prose_heavy	sqlite	raw	render	158	154709
sample	prose_heavy	sqlite	raw	render	159	626750
sample	prose_heavy	sqlite	raw	render	160	91250
sample	prose_heavy	sqlite	raw	render	161	137958
sample	prose_heavy	sqlite	raw	render	162	92125
sample	prose_heavy	sqlite	raw	render	163	205458
sample	prose_heavy	sqlite	raw	render	164	510292
sample	prose_heavy	sqlite	raw	render	165	128375
sample	prose_heavy	sqlite	raw	render	166	103209
sample	prose_heavy	sqlite	raw	render	167	23208
sample	prose_heavy	sqlite	raw	render	168	121750
sample	prose_heavy	sqlite	raw	render	169	28042
sample	prose_heavy	sqlite	raw	render	170	84583
sample	prose_heavy	sqlite	raw	render	171	145667
sample	prose_heavy	sqlite	raw	render	172	95708
sample	prose_heavy	sqlite	raw	render	173	54833
sample	prose_heavy	sqlite	raw	render	174	63250
sample	prose_heavy	sqlite	raw	render	175	28542
sample	prose_heavy	sqlite	raw	render	176	132167
sample	prose_heavy	sqlite	raw	render	177	53333
sample	prose_heavy	sqlite	raw	render	178	35792
sample	prose_heavy	sqlite	raw	render	179	13208
sample	prose_heavy	sqlite	raw	render	180	15125
sample	prose_heavy	sqlite	raw	render	181	194250
sample	prose_heavy	sqlite	raw	render	182	43500
sample	prose_heavy	sqlite	raw	render	183	46042
sample	prose_heavy	sqlite	raw	render	184	12917
sample	prose_heavy	sqlite	raw	render	185	155459
sample	prose_heavy	sqlite	raw	render	186	41708
sample	prose_heavy	sqlite	raw	render	187	24834
sample	prose_heavy	sqlite	raw	render	188	40084
sample	prose_heavy	sqlite	raw	render	189	28875
sample	prose_heavy	sqlite	raw	render	190	22500
sample	prose_heavy	sqlite	raw	render	191	18041
sample	prose_heavy	sqlite	raw	render	192	1183708
sample	prose_heavy	sqlite	raw	render	193	308209
sample	prose_heavy	sqlite	raw	render	194	31291
sample	prose_heavy	sqlite	raw	render	195	33417
sample	prose_heavy	sqlite	raw	render	196	23333
sample	prose_heavy	sqlite	raw	render	197	95958
sample	prose_heavy	sqlite	raw	render	198	95333
sample	prose_heavy	sqlite	raw	render	199	97708
sample	prose_heavy	sqlite	raw	render	200	75584
sample	prose_heavy	sqlite	raw	render	201	122042
sample	prose_heavy	sqlite	raw	render	202	210750
sample	prose_heavy	sqlite	raw	render	203	27917
sample	prose_heavy	sqlite	raw	render	204	36084
sample	prose_heavy	sqlite	raw	render	205	82834
sample	prose_heavy	sqlite	raw	render	206	292834
sample	prose_heavy	sqlite	raw	render	207	142625
sample	prose_heavy	sqlite	raw	render	208	269834
sample	prose_heavy	sqlite	raw	render	209	265417
sample	prose_heavy	sqlite	raw	render	210	119041
sample	prose_heavy	sqlite	raw	render	211	71750
sample	prose_heavy	sqlite	raw	render	212	46791
sample	prose_heavy	sqlite	raw	render	213	50666
sample	prose_heavy	sqlite	raw	render	214	13292
sample	prose_heavy	sqlite	raw	render	215	92000
sample	prose_heavy	sqlite	raw	render	216	84083
sample	prose_heavy	sqlite	raw	render	217	16625
sample	prose_heavy	sqlite	raw	render	218	16959
sample	prose_heavy	sqlite	raw	render	219	11417
sample	prose_heavy	sqlite	raw	render	220	79542
sample	prose_heavy	sqlite	raw	render	221	47666
sample	prose_heavy	sqlite	raw	render	222	106250
sample	prose_heavy	sqlite	raw	render	223	262000
sample	prose_heavy	sqlite	raw	render	224	111250
sample	prose_heavy	sqlite	raw	render	225	145791
sample	prose_heavy	sqlite	raw	render	226	166208
sample	prose_heavy	sqlite	raw	render	227	51083
sample	prose_heavy	sqlite	raw	render	228	1016375
sample	prose_heavy	sqlite	raw	render	229	102792
sample	prose_heavy	sqlite	raw	render	230	153291
sample	prose_heavy	sqlite	raw	render	231	175541
sample	prose_heavy	sqlite	raw	render	232	68500
sample	prose_heavy	sqlite	raw	render	233	16625
sample	prose_heavy	sqlite	raw	render	234	2082917
sample	prose_heavy	sqlite	raw	render	235	99167
sample	prose_heavy	sqlite	raw	render	236	21292
sample	prose_heavy	sqlite	raw	render	237	243875
sample	prose_heavy	sqlite	raw	render	238	56500
sample	prose_heavy	sqlite	raw	render	239	15708
sample	prose_heavy	sqlite	raw	render	240	21500
sample	prose_heavy	sqlite	raw	render	241	26042
sample	prose_heavy	sqlite	raw	render	242	129250
sample	prose_heavy	sqlite	raw	render	243	111500
sample	prose_heavy	sqlite	raw	render	244	139875
sample	prose_heavy	sqlite	raw	render	245	135500
sample	prose_heavy	sqlite	raw	render	246	111916
sample	prose_heavy	sqlite	raw	render	247	46959
sample	prose_heavy	sqlite	raw	render	248	138666
sample	prose_heavy	sqlite	raw	render	249	161375
sample	prose_heavy	sqlite	raw	render	250	195208
sample	prose_heavy	sqlite	raw	render	251	42250
sample	prose_heavy	sqlite	raw	render	252	31541
sample	prose_heavy	sqlite	raw	render	253	20083
sample	prose_heavy	sqlite	raw	render	254	541709
sample	prose_heavy	sqlite	raw	render	255	90292
sample	prose_heavy	sqlite	raw	render	256	43083
sample	prose_heavy	sqlite	raw	render	257	85459
sample	prose_heavy	sqlite	raw	render	258	93084
sample	prose_heavy	sqlite	raw	render	259	68958
sample	prose_heavy	sqlite	raw	render	260	69458
sample	prose_heavy	sqlite	raw	render	261	181750
sample	prose_heavy	sqlite	raw	render	262	178208
sample	prose_heavy	sqlite	raw	render	263	54459
sample	prose_heavy	sqlite	raw	render	264	1370500
sample	prose_heavy	sqlite	raw	render	265	53750
sample	prose_heavy	sqlite	raw	render	266	53917
sample	prose_heavy	sqlite	raw	render	267	1670500
sample	prose_heavy	sqlite	raw	render	268	616792
sample	prose_heavy	sqlite	raw	render	269	111917
sample	prose_heavy	sqlite	raw	render	270	41625
sample	prose_heavy	sqlite	raw	render	271	185500
sample	prose_heavy	sqlite	raw	render	272	28375
sample	prose_heavy	sqlite	raw	render	273	14166
sample	prose_heavy	sqlite	raw	render	274	11250
sample	prose_heavy	sqlite	raw	render	275	64458
sample	prose_heavy	sqlite	raw	render	276	231167
sample	prose_heavy	sqlite	raw	render	277	69041
sample	prose_heavy	sqlite	raw	render	278	25000
sample	prose_heavy	sqlite	raw	render	279	18209
sample	prose_heavy	sqlite	raw	render	280	1353541
sample	prose_heavy	sqlite	raw	render	281	84458
sample	prose_heavy	sqlite	raw	render	282	262833
sample	prose_heavy	sqlite	raw	render	283	151334
sample	prose_heavy	sqlite	raw	render	284	2379541
sample	prose_heavy	sqlite	raw	render	285	80167
sample	prose_heavy	sqlite	raw	render	286	144959
sample	prose_heavy	sqlite	raw	render	287	1662459
sample	prose_heavy	sqlite	raw	render	288	142417
sample	prose_heavy	sqlite	raw	render	289	87041
sample	prose_heavy	sqlite	raw	render	290	98083
sample	prose_heavy	sqlite	raw	render	291	126750
sample	prose_heavy	sqlite	raw	render	292	78916
sample	prose_heavy	sqlite	raw	render	293	71584
sample	prose_heavy	sqlite	raw	render	294	24333
sample	prose_heavy	sqlite	raw	render	295	19834
sample	prose_heavy	sqlite	raw	render	296	106667
sample	prose_heavy	sqlite	raw	render	297	193375
sample	prose_heavy	sqlite	raw	render	298	79791
sample	prose_heavy	sqlite	raw	render	299	272833
sample	prose_heavy	sqlite	raw	render	300	101917
sample	prose_heavy	sqlite	raw	render	301	139750
sample	prose_heavy	sqlite	raw	render	302	66125
sample	prose_heavy	sqlite	raw	render	303	102334
sample	prose_heavy	sqlite	raw	render	304	82583
sample	prose_heavy	sqlite	raw	render	305	137875
sample	prose_heavy	sqlite	raw	render	306	24375
sample	prose_heavy	sqlite	raw	render	307	111542
sample	prose_heavy	sqlite	raw	render	308	83084
sample	prose_heavy	sqlite	raw	render	309	74583
sample	prose_heavy	sqlite	raw	render	310	66250
sample	prose_heavy	sqlite	raw	render	311	22750
sample	prose_heavy	sqlite	raw	render	312	85541
sample	prose_heavy	sqlite	raw	render	313	54000
sample	prose_heavy	sqlite	raw	render	314	22333
sample	prose_heavy	sqlite	raw	render	315	82708
sample	prose_heavy	sqlite	raw	render	316	60583
sample	prose_heavy	sqlite	raw	render	317	38291
sample	prose_heavy	sqlite	raw	render	318	36209
sample	prose_heavy	sqlite	raw	render	319	27625
sample	prose_heavy	sqlite	raw	render	320	17417
sample	prose_heavy	sqlite	raw	render	321	9375
sample	prose_heavy	sqlite	raw	render	322	36125
sample	prose_heavy	sqlite	raw	render	323	11750
sample	prose_heavy	sqlite	raw	render	324	13042
sample	prose_heavy	sqlite	raw	render	325	15375
sample	prose_heavy	sqlite	raw	render	326	8875
sample	prose_heavy	sqlite	raw	render	327	16459
sample	prose_heavy	sqlite	raw	render	328	81375
sample	prose_heavy	sqlite	raw	render	329	49167
sample	prose_heavy	sqlite	raw	render	330	29875
sample	prose_heavy	sqlite	raw	render	331	159042
sample	prose_heavy	sqlite	raw	render	332	41041
sample	prose_heavy	sqlite	raw	render	333	19917
sample	prose_heavy	sqlite	raw	render	334	10166
sample	prose_heavy	sqlite	raw	render	335	9459
sample	prose_heavy	sqlite	raw	render	336	14000
sample	prose_heavy	sqlite	raw	render	337	63667
sample	prose_heavy	sqlite	raw	render	338	82375
sample	prose_heavy	sqlite	raw	render	339	112833
sample	prose_heavy	sqlite	raw	render	340	57917
sample	prose_heavy	sqlite	raw	render	341	110375
sample	prose_heavy	sqlite	raw	render	342	37500
sample	prose_heavy	sqlite	raw	render	343	38625
sample	prose_heavy	sqlite	raw	render	344	27125
sample	prose_heavy	sqlite	raw	render	345	114250
sample	prose_heavy	sqlite	raw	render	346	148625
sample	prose_heavy	sqlite	raw	render	347	38334
sample	prose_heavy	sqlite	raw	render	348	14417
sample	prose_heavy	sqlite	raw	render	349	9708
sample	prose_heavy	sqlite	raw	render	350	178500
sample	prose_heavy	sqlite	raw	render	351	106000
sample	prose_heavy	sqlite	raw	render	352	46375
sample	prose_heavy	sqlite	raw	render	353	19291
sample	prose_heavy	sqlite	raw	render	354	29209
sample	prose_heavy	sqlite	raw	render	355	21334
sample	prose_heavy	sqlite	raw	render	356	16000
sample	prose_heavy	sqlite	raw	render	357	38792
sample	prose_heavy	sqlite	raw	render	358	86208
sample	prose_heavy	sqlite	raw	render	359	62167
sample	prose_heavy	sqlite	raw	render	360	66083
sample	prose_heavy	sqlite	raw	render	361	72417
sample	prose_heavy	sqlite	raw	render	362	79709
sample	prose_heavy	sqlite	raw	render	363	40125
sample	prose_heavy	sqlite	raw	render	364	22541
sample	prose_heavy	sqlite	raw	render	365	15333
sample	prose_heavy	sqlite	raw	render	366	8709
sample	prose_heavy	sqlite	raw	render	367	8667
sample	prose_heavy	sqlite	raw	render	368	97750
sample	prose_heavy	sqlite	raw	render	369	37375
sample	prose_heavy	sqlite	raw	render	370	12375
sample	prose_heavy	sqlite	raw	render	371	9875
sample	prose_heavy	sqlite	raw	render	372	9333
sample	prose_heavy	sqlite	raw	render	373	12166
sample	prose_heavy	sqlite	raw	render	374	59000
sample	prose_heavy	sqlite	raw	render	375	21375
sample	prose_heavy	sqlite	raw	render	376	18625
sample	prose_heavy	sqlite	raw	render	377	20041
sample	prose_heavy	sqlite	raw	render	378	15375
sample	prose_heavy	sqlite	raw	render	379	16208
sample	prose_heavy	sqlite	raw	render	380	16709
sample	prose_heavy	sqlite	raw	render	381	142208
sample	prose_heavy	sqlite	raw	render	382	126459
sample	prose_heavy	sqlite	raw	render	383	45834
sample	prose_heavy	sqlite	raw	render	384	12542
sample	prose_heavy	sqlite	raw	render	385	10458
sample	prose_heavy	sqlite	raw	render	386	9666
sample	prose_heavy	sqlite	raw	render	387	8584
sample	prose_heavy	sqlite	raw	render	388	18750
sample	prose_heavy	sqlite	raw	render	389	39292
sample	prose_heavy	sqlite	raw	render	390	13916
sample	prose_heavy	sqlite	raw	render	391	338375
sample	prose_heavy	sqlite	raw	render	392	28917
sample	prose_heavy	sqlite	raw	render	393	19459
sample	prose_heavy	sqlite	raw	render	394	25167
sample	prose_heavy	sqlite	raw	render	395	11917
sample	prose_heavy	sqlite	raw	render	396	33791
sample	prose_heavy	sqlite	raw	render	397	12708
sample	prose_heavy	sqlite	raw	render	398	17125
sample	prose_heavy	sqlite	raw	render	399	10250
sample	prose_heavy	sqlite	raw	render	400	11167
sample	prose_heavy	sqlite	raw	render	401	9459
sample	prose_heavy	sqlite	raw	render	402	9625
sample	prose_heavy	sqlite	raw	render	403	17333
sample	prose_heavy	sqlite	raw	render	404	34667
sample	prose_heavy	sqlite	raw	render	405	78375
sample	prose_heavy	sqlite	raw	render	406	41833
sample	prose_heavy	sqlite	raw	render	407	17584
sample	prose_heavy	sqlite	raw	render	408	18750
sample	prose_heavy	sqlite	raw	render	409	9584
sample	prose_heavy	sqlite	raw	render	410	11125
sample	prose_heavy	sqlite	raw	render	411	17792
sample	prose_heavy	sqlite	raw	render	412	9917
sample	prose_heavy	sqlite	raw	render	413	70209
sample	prose_heavy	sqlite	raw	render	414	38042
sample	prose_heavy	sqlite	raw	render	415	25459
sample	prose_heavy	sqlite	raw	render	416	19500
sample	prose_heavy	sqlite	raw	render	417	16750
sample	prose_heavy	sqlite	raw	render	418	44417
sample	prose_heavy	sqlite	raw	render	419	76959
sample	prose_heavy	sqlite	raw	render	420	99125
sample	prose_heavy	sqlite	raw	render	421	103458
sample	prose_heavy	sqlite	raw	render	422	178375
sample	prose_heavy	sqlite	raw	render	423	125875
sample	prose_heavy	sqlite	raw	render	424	44000
sample	prose_heavy	sqlite	raw	render	425	68833
sample	prose_heavy	sqlite	raw	render	426	14542
sample	prose_heavy	sqlite	raw	render	427	779625
sample	prose_heavy	sqlite	raw	render	428	116958
sample	prose_heavy	sqlite	raw	render	429	44250
sample	prose_heavy	sqlite	raw	render	430	23541
sample	prose_heavy	sqlite	raw	render	431	17167
sample	prose_heavy	sqlite	raw	render	432	9833
sample	prose_heavy	sqlite	raw	render	433	8750
sample	prose_heavy	sqlite	raw	render	434	28583
sample	prose_heavy	sqlite	raw	render	435	18250
sample	prose_heavy	sqlite	raw	render	436	51417
sample	prose_heavy	sqlite	raw	render	437	22667
sample	prose_heavy	sqlite	raw	render	438	12667
sample	prose_heavy	sqlite	raw	render	439	20125
sample	prose_heavy	sqlite	raw	render	440	13833
sample	prose_heavy	sqlite	raw	render	441	11291
sample	prose_heavy	sqlite	raw	render	442	9791
sample	prose_heavy	sqlite	raw	render	443	22917
sample	prose_heavy	sqlite	raw	render	444	19667
sample	prose_heavy	sqlite	raw	render	445	96625
sample	prose_heavy	sqlite	raw	render	446	39292
sample	prose_heavy	sqlite	raw	render	447	13542
sample	prose_heavy	sqlite	raw	render	448	42958
sample	prose_heavy	sqlite	raw	render	449	19667
sample	prose_heavy	sqlite	raw	render	450	9958
sample	prose_heavy	sqlite	raw	render	451	9833
sample	prose_heavy	sqlite	raw	render	452	10541
sample	prose_heavy	sqlite	raw	render	453	10375
sample	prose_heavy	sqlite	raw	render	454	18041
sample	prose_heavy	sqlite	raw	render	455	13375
sample	prose_heavy	sqlite	raw	render	456	14375
sample	prose_heavy	sqlite	raw	render	457	30542
sample	prose_heavy	sqlite	raw	render	458	11334
sample	prose_heavy	sqlite	raw	render	459	100375
sample	prose_heavy	sqlite	raw	render	460	36083
sample	prose_heavy	sqlite	raw	render	461	126208
sample	prose_heavy	sqlite	raw	render	462	106291
sample	prose_heavy	sqlite	raw	render	463	48417
sample	prose_heavy	sqlite	raw	render	464	22000
sample	prose_heavy	sqlite	raw	render	465	13125
sample	prose_heavy	sqlite	raw	render	466	22208
sample	prose_heavy	sqlite	raw	render	467	9167
sample	prose_heavy	sqlite	raw	render	468	9167
sample	prose_heavy	sqlite	raw	render	469	79625
sample	prose_heavy	sqlite	raw	render	470	16166
sample	prose_heavy	sqlite	raw	render	471	61458
sample	prose_heavy	sqlite	raw	render	472	40583
sample	prose_heavy	sqlite	raw	render	473	14500
sample	prose_heavy	sqlite	raw	render	474	11000
sample	prose_heavy	sqlite	raw	render	475	10625
sample	prose_heavy	sqlite	raw	render	476	9042
sample	prose_heavy	sqlite	raw	render	477	20500
sample	prose_heavy	sqlite	raw	render	478	46792
sample	prose_heavy	sqlite	raw	render	479	27709
sample	prose_heavy	sqlite	raw	render	480	26167
sample	prose_heavy	sqlite	raw	render	481	25084
sample	prose_heavy	sqlite	raw	render	482	107875
sample	prose_heavy	sqlite	raw	render	483	17041
sample	prose_heavy	sqlite	raw	render	484	20000
sample	prose_heavy	sqlite	raw	render	485	13792
sample	prose_heavy	sqlite	raw	render	486	9583
sample	prose_heavy	sqlite	raw	render	487	30417
sample	prose_heavy	sqlite	raw	render	488	14583
sample	prose_heavy	sqlite	raw	render	489	8708
sample	prose_heavy	sqlite	raw	render	490	9250
sample	prose_heavy	sqlite	raw	render	491	8166
sample	prose_heavy	sqlite	raw	render	492	63958
sample	prose_heavy	sqlite	raw	render	493	25875
sample	prose_heavy	sqlite	raw	render	494	25292
sample	prose_heavy	sqlite	raw	render	495	20791
sample	prose_heavy	sqlite	raw	render	496	17792
sample	prose_heavy	sqlite	raw	render	497	14042
sample	prose_heavy	sqlite	raw	render	498	8792
sample	prose_heavy	sqlite	raw	render	499	67000
sample	prose_heavy	sqlite	raw	render	500	87375
sample	prose_heavy	sqlite	raw	render	501	76834
sample	prose_heavy	sqlite	raw	render	502	37291
sample	prose_heavy	sqlite	raw	render	503	16875
sample	prose_heavy	sqlite	raw	render	504	10375
sample	prose_heavy	sqlite	raw	render	505	8625
sample	prose_heavy	sqlite	raw	render	506	71625
sample	prose_heavy	sqlite	raw	render	507	139917
sample	prose_heavy	sqlite	raw	render	508	51834
sample	prose_heavy	sqlite	raw	render	509	88000
sample	prose_heavy	sqlite	raw	render	510	34500
sample	prose_heavy	sqlite	raw	render	511	12209
sample	prose_heavy	sqlite	raw	render	512	109875
sample	prose_heavy	sqlite	raw	render	513	85125
sample	prose_heavy	sqlite	raw	render	514	67250
sample	prose_heavy	sqlite	raw	render	515	113542
sample	prose_heavy	sqlite	raw	render	516	73875
sample	prose_heavy	sqlite	raw	render	517	20709
sample	prose_heavy	sqlite	raw	render	518	126625
sample	prose_heavy	sqlite	raw	render	519	69625
sample	prose_heavy	sqlite	raw	render	520	185333
sample	prose_heavy	sqlite	raw	render	521	24667
sample	prose_heavy	sqlite	raw	render	522	41292
sample	prose_heavy	sqlite	raw	render	523	12291
sample	prose_heavy	sqlite	raw	render	524	128375
sample	prose_heavy	sqlite	raw	render	525	38459
sample	prose_heavy	sqlite	raw	render	526	17250
sample	prose_heavy	sqlite	raw	render	527	29208
sample	prose_heavy	sqlite	raw	render	528	16250
sample	prose_heavy	sqlite	raw	render	529	10916
sample	prose_heavy	sqlite	raw	render	530	28084
sample	prose_heavy	sqlite	raw	render	531	44167
sample	prose_heavy	sqlite	raw	render	532	115958
sample	prose_heavy	sqlite	raw	render	533	42667
sample	prose_heavy	sqlite	raw	render	534	11792
sample	prose_heavy	sqlite	raw	render	535	9667
sample	prose_heavy	sqlite	raw	render	536	10125
sample	prose_heavy	sqlite	raw	render	537	9542
sample	prose_heavy	sqlite	raw	render	538	15083
sample	prose_heavy	sqlite	raw	render	539	50458
sample	prose_heavy	sqlite	raw	render	540	16750
sample	prose_heavy	sqlite	raw	render	541	10917
sample	prose_heavy	sqlite	raw	render	542	24125
sample	prose_heavy	sqlite	raw	render	543	117708
sample	prose_heavy	sqlite	raw	render	544	43166
sample	prose_heavy	sqlite	raw	render	545	135500
sample	prose_heavy	sqlite	raw	render	546	61459
sample	prose_heavy	sqlite	raw	render	547	16166
sample	prose_heavy	sqlite	raw	render	548	11333
sample	prose_heavy	sqlite	raw	render	549	10000
sample	prose_heavy	sqlite	raw	render	550	9916
sample	prose_heavy	sqlite	raw	render	551	25542
sample	prose_heavy	sqlite	raw	render	552	48167
sample	prose_heavy	sqlite	raw	render	553	20417
sample	prose_heavy	sqlite	raw	render	554	18583
sample	prose_heavy	sqlite	raw	render	555	16250
sample	prose_heavy	sqlite	raw	render	556	15916
sample	prose_heavy	sqlite	raw	render	557	71291
sample	prose_heavy	sqlite	raw	render	558	25250
sample	prose_heavy	sqlite	raw	render	559	27417
sample	prose_heavy	sqlite	raw	render	560	10750
sample	prose_heavy	sqlite	raw	render	561	8375
sample	prose_heavy	sqlite	raw	render	562	8084
sample	prose_heavy	sqlite	raw	render	563	8709
sample	prose_heavy	sqlite	raw	render	564	8416
sample	prose_heavy	sqlite	raw	render	565	25750
sample	prose_heavy	sqlite	raw	render	566	113292
sample	prose_heavy	sqlite	raw	render	567	137375
sample	prose_heavy	sqlite	raw	render	568	210083
sample	prose_heavy	sqlite	raw	render	569	189750
sample	prose_heavy	sqlite	raw	render	570	43583
sample	prose_heavy	sqlite	raw	render	571	103333
sample	prose_heavy	sqlite	raw	render	572	24000
sample	prose_heavy	sqlite	raw	render	573	126125
sample	prose_heavy	sqlite	raw	render	574	108292
sample	prose_heavy	sqlite	raw	render	575	134792
sample	prose_heavy	sqlite	raw	render	576	113750
sample	prose_heavy	sqlite	raw	render	577	50250
sample	prose_heavy	sqlite	raw	render	578	18583
sample	prose_heavy	sqlite	raw	render	579	14584
sample	prose_heavy	sqlite	raw	render	580	20458
sample	prose_heavy	sqlite	raw	render	581	16625
sample	prose_heavy	sqlite	raw	render	582	8708
sample	prose_heavy	sqlite	raw	render	583	8292
sample	prose_heavy	sqlite	raw	render	584	8291
sample	prose_heavy	sqlite	raw	render	585	8125
sample	prose_heavy	sqlite	raw	render	586	8917
sample	prose_heavy	sqlite	raw	render	587	38208
sample	prose_heavy	sqlite	raw	render	588	15292
sample	prose_heavy	sqlite	raw	render	589	34584
sample	prose_heavy	sqlite	raw	render	590	18583
sample	prose_heavy	sqlite	raw	render	591	14625
sample	prose_heavy	sqlite	raw	render	592	8208
sample	prose_heavy	sqlite	raw	render	593	139375
sample	prose_heavy	sqlite	raw	render	594	175292
sample	prose_heavy	sqlite	raw	render	595	35500
sample	prose_heavy	sqlite	raw	render	596	64166
sample	prose_heavy	sqlite	raw	render	597	71750
sample	prose_heavy	sqlite	raw	render	598	99750
sample	prose_heavy	sqlite	raw	render	599	102625
sample	prose_heavy	sqlite	raw	render	600	36584
sample	prose_heavy	sqlite	raw	render	601	13750
sample	prose_heavy	sqlite	raw	render	602	10750
sample	prose_heavy	sqlite	raw	render	603	8917
sample	prose_heavy	sqlite	raw	render	604	72458
sample	prose_heavy	sqlite	raw	render	605	56458
sample	prose_heavy	sqlite	raw	render	606	69375
sample	prose_heavy	sqlite	raw	render	607	87875
sample	prose_heavy	sqlite	raw	render	608	45833
sample	prose_heavy	sqlite	raw	render	609	25250
sample	prose_heavy	sqlite	raw	render	610	18709
sample	prose_heavy	sqlite	raw	render	611	8458
sample	prose_heavy	sqlite	raw	render	612	9167
sample	prose_heavy	sqlite	raw	render	613	9125
sample	prose_heavy	sqlite	raw	render	614	14792
sample	prose_heavy	sqlite	raw	render	615	71292
sample	prose_heavy	sqlite	raw	render	616	31625
sample	prose_heavy	sqlite	raw	render	617	12000
sample	prose_heavy	sqlite	raw	render	618	14084
sample	prose_heavy	sqlite	raw	render	619	8709
sample	prose_heavy	sqlite	raw	render	620	67500
sample	prose_heavy	sqlite	raw	render	621	72667
sample	prose_heavy	sqlite	raw	render	622	30084
sample	prose_heavy	sqlite	raw	render	623	22959
sample	prose_heavy	sqlite	raw	render	624	23417
sample	prose_heavy	sqlite	raw	render	625	15500
sample	prose_heavy	sqlite	raw	render	626	16916
sample	prose_heavy	sqlite	raw	render	627	8542
sample	prose_heavy	sqlite	raw	render	628	93167
sample	prose_heavy	sqlite	raw	render	629	64666
sample	prose_heavy	sqlite	raw	render	630	41291
sample	prose_heavy	sqlite	raw	render	631	41000
sample	prose_heavy	sqlite	raw	render	632	88416
sample	prose_heavy	sqlite	raw	render	633	41417
sample	prose_heavy	sqlite	raw	render	634	13750
sample	prose_heavy	sqlite	raw	render	635	85666
sample	prose_heavy	sqlite	raw	render	636	104958
sample	prose_heavy	sqlite	raw	render	637	1157708
sample	prose_heavy	sqlite	raw	render	638	75875
sample	prose_heavy	sqlite	raw	render	639	21667
sample	prose_heavy	sqlite	raw	render	640	56458
sample	prose_heavy	sqlite	raw	render	641	143958
sample	prose_heavy	sqlite	raw	render	642	107792
sample	prose_heavy	sqlite	raw	render	643	36042
sample	prose_heavy	sqlite	raw	render	644	31459
sample	prose_heavy	sqlite	raw	render	645	99792
sample	prose_heavy	sqlite	raw	render	646	24083
sample	prose_heavy	sqlite	raw	render	647	110709
sample	prose_heavy	sqlite	raw	render	648	40083
sample	prose_heavy	sqlite	raw	render	649	13750
sample	prose_heavy	sqlite	raw	render	650	53709
sample	prose_heavy	sqlite	raw	render	651	27667
sample	prose_heavy	sqlite	raw	render	652	10375
sample	prose_heavy	sqlite	raw	render	653	18625
sample	prose_heavy	sqlite	raw	render	654	13750
sample	prose_heavy	sqlite	raw	render	655	8500
sample	prose_heavy	sqlite	raw	render	656	8417
sample	prose_heavy	sqlite	raw	render	657	7792
sample	prose_heavy	sqlite	raw	render	658	8333
sample	prose_heavy	sqlite	raw	render	659	45542
sample	prose_heavy	sqlite	raw	render	660	63708
sample	prose_heavy	sqlite	raw	render	661	21083
sample	prose_heavy	sqlite	raw	render	662	11333
sample	prose_heavy	sqlite	raw	render	663	9167
sample	prose_heavy	sqlite	raw	render	664	44584
sample	prose_heavy	sqlite	raw	render	665	115416
sample	prose_heavy	sqlite	raw	render	666	40916
sample	prose_heavy	sqlite	raw	render	667	28708
sample	prose_heavy	sqlite	raw	render	668	12208
sample	prose_heavy	sqlite	raw	render	669	9166
sample	prose_heavy	sqlite	raw	render	670	7959
sample	prose_heavy	sqlite	raw	render	671	1179458
sample	prose_heavy	sqlite	raw	render	672	118166
sample	prose_heavy	sqlite	raw	render	673	54792
sample	prose_heavy	sqlite	raw	render	674	12916
sample	prose_heavy	sqlite	raw	render	675	13500
sample	prose_heavy	sqlite	raw	render	676	28500
sample	prose_heavy	sqlite	raw	render	677	10667
sample	prose_heavy	sqlite	raw	render	678	134792
sample	prose_heavy	sqlite	raw	render	679	132583
sample	prose_heavy	sqlite	raw	render	680	25000
sample	prose_heavy	sqlite	raw	render	681	13625
sample	prose_heavy	sqlite	raw	render	682	16125
sample	prose_heavy	sqlite	raw	render	683	10958
sample	prose_heavy	sqlite	raw	render	684	16542
sample	prose_heavy	sqlite	raw	render	685	32333
sample	prose_heavy	sqlite	raw	render	686	15625
sample	prose_heavy	sqlite	raw	render	687	27625
sample	prose_heavy	sqlite	raw	render	688	19750
sample	prose_heavy	sqlite	raw	render	689	17291
sample	prose_heavy	sqlite	raw	render	690	9500
sample	prose_heavy	sqlite	raw	render	691	9500
sample	prose_heavy	sqlite	raw	render	692	8458
sample	prose_heavy	sqlite	raw	render	693	7791
sample	prose_heavy	sqlite	raw	render	694	12708
sample	prose_heavy	sqlite	raw	render	695	8750
sample	prose_heavy	sqlite	raw	render	696	8583
sample	prose_heavy	sqlite	raw	render	697	9125
sample	prose_heavy	sqlite	raw	render	698	10125
sample	prose_heavy	sqlite	raw	render	699	86167
sample	prose_heavy	sqlite	raw	render	700	86375
sample	prose_heavy	sqlite	raw	render	701	28667
sample	prose_heavy	sqlite	raw	render	702	105625
sample	prose_heavy	sqlite	raw	render	703	103416
sample	prose_heavy	sqlite	raw	render	704	73375
sample	prose_heavy	sqlite	raw	render	705	75917
sample	prose_heavy	sqlite	raw	render	706	127750
sample	prose_heavy	sqlite	raw	render	707	187375
sample	prose_heavy	sqlite	raw	render	708	23209
sample	prose_heavy	sqlite	raw	render	709	88250
sample	prose_heavy	sqlite	raw	render	710	108500
sample	prose_heavy	sqlite	raw	render	711	33292
sample	prose_heavy	sqlite	raw	render	712	100750
sample	prose_heavy	sqlite	raw	render	713	47083
sample	prose_heavy	sqlite	raw	render	714	18166
sample	prose_heavy	sqlite	raw	render	715	9792
sample	prose_heavy	sqlite	raw	render	716	10458
sample	prose_heavy	sqlite	raw	render	717	9292
sample	prose_heavy	sqlite	raw	render	718	20917
sample	prose_heavy	sqlite	raw	render	719	17458
sample	prose_heavy	sqlite	raw	render	720	26958
sample	prose_heavy	sqlite	raw	render	721	20209
sample	prose_heavy	sqlite	raw	render	722	9000
sample	prose_heavy	sqlite	raw	render	723	21750
sample	prose_heavy	sqlite	raw	render	724	16125
sample	prose_heavy	sqlite	raw	render	725	9875
sample	prose_heavy	sqlite	raw	render	726	45584
sample	prose_heavy	sqlite	raw	render	727	17792
sample	prose_heavy	sqlite	raw	render	728	20750
sample	prose_heavy	sqlite	raw	render	729	13375
sample	prose_heavy	sqlite	raw	render	730	123792
sample	prose_heavy	sqlite	raw	render	731	114833
sample	prose_heavy	sqlite	raw	render	732	34375
sample	prose_heavy	sqlite	raw	render	733	13958
sample	prose_heavy	sqlite	raw	render	734	20042
sample	prose_heavy	sqlite	raw	render	735	105833
sample	prose_heavy	sqlite	raw	render	736	18500
sample	prose_heavy	sqlite	raw	render	737	20375
sample	prose_heavy	sqlite	raw	render	738	39583
sample	prose_heavy	sqlite	raw	render	739	23708
sample	prose_heavy	sqlite	raw	render	740	93500
sample	prose_heavy	sqlite	raw	render	741	21167
sample	prose_heavy	sqlite	raw	render	742	14541
sample	prose_heavy	sqlite	raw	render	743	57583
sample	prose_heavy	sqlite	raw	render	744	13750
sample	prose_heavy	sqlite	raw	render	745	29875
sample	prose_heavy	sqlite	raw	render	746	90584
sample	prose_heavy	sqlite	raw	render	747	82625
sample	prose_heavy	sqlite	raw	render	748	138708
sample	prose_heavy	sqlite	raw	render	749	59791
sample	prose_heavy	sqlite	raw	render	750	15458
sample	prose_heavy	sqlite	raw	render	751	12667
sample	prose_heavy	sqlite	raw	render	752	9000
sample	prose_heavy	sqlite	raw	render	753	88250
sample	prose_heavy	sqlite	raw	render	754	123917
sample	prose_heavy	sqlite	raw	render	755	116916
sample	prose_heavy	sqlite	raw	render	756	42666
sample	prose_heavy	sqlite	raw	render	757	24417
sample	prose_heavy	sqlite	raw	render	758	58709
sample	prose_heavy	sqlite	raw	render	759	49125
sample	prose_heavy	sqlite	raw	render	760	35958
sample	prose_heavy	sqlite	raw	render	761	11625
sample	prose_heavy	sqlite	raw	render	762	83500
sample	prose_heavy	sqlite	raw	render	763	108417
sample	prose_heavy	sqlite	raw	render	764	98208
sample	prose_heavy	sqlite	raw	render	765	56625
sample	prose_heavy	sqlite	raw	render	766	63125
sample	prose_heavy	sqlite	raw	render	767	76250
sample	prose_heavy	sqlite	raw	render	768	39625
sample	prose_heavy	sqlite	raw	render	769	16625
sample	prose_heavy	sqlite	raw	render	770	14292
sample	prose_heavy	sqlite	raw	render	771	15166
sample	prose_heavy	sqlite	raw	render	772	105208
sample	prose_heavy	sqlite	raw	render	773	155917
sample	prose_heavy	sqlite	raw	render	774	78542
sample	prose_heavy	sqlite	raw	render	775	120250
sample	prose_heavy	sqlite	raw	render	776	82750
sample	prose_heavy	sqlite	raw	render	777	65667
sample	prose_heavy	sqlite	raw	render	778	35083
sample	prose_heavy	sqlite	raw	render	779	14375
sample	prose_heavy	sqlite	raw	render	780	466000
sample	prose_heavy	sqlite	raw	render	781	41625
sample	prose_heavy	sqlite	raw	render	782	108167
sample	prose_heavy	sqlite	raw	render	783	29625
sample	prose_heavy	sqlite	raw	render	784	10417
sample	prose_heavy	sqlite	raw	render	785	9333
sample	prose_heavy	sqlite	raw	render	786	7709
sample	prose_heavy	sqlite	raw	render	787	7875
sample	prose_heavy	sqlite	raw	render	788	36333
sample	prose_heavy	sqlite	raw	render	789	11000
sample	prose_heavy	sqlite	raw	render	790	10250
sample	prose_heavy	sqlite	raw	render	791	22625
sample	prose_heavy	sqlite	raw	render	792	34583
sample	prose_heavy	sqlite	raw	render	793	30791
sample	prose_heavy	sqlite	raw	render	794	110417
sample	prose_heavy	sqlite	raw	render	795	45750
sample	prose_heavy	sqlite	raw	render	796	36583
sample	prose_heavy	sqlite	raw	render	797	16083
sample	prose_heavy	sqlite	raw	render	798	18666
sample	prose_heavy	sqlite	raw	render	799	18292
sample	prose_heavy	sqlite	raw	render	800	13208
sample	prose_heavy	sqlite	raw	render	801	10292
sample	prose_heavy	sqlite	raw	render	802	10708
sample	prose_heavy	sqlite	raw	render	803	8625
sample	prose_heavy	sqlite	raw	render	804	8792
sample	prose_heavy	sqlite	raw	render	805	25541
sample	prose_heavy	sqlite	raw	render	806	18250
sample	prose_heavy	sqlite	raw	render	807	8708
sample	prose_heavy	sqlite	raw	render	808	15375
sample	prose_heavy	sqlite	raw	render	809	15291
sample	prose_heavy	sqlite	raw	render	810	32125
sample	prose_heavy	sqlite	raw	render	811	20417
sample	prose_heavy	sqlite	raw	render	812	11125
sample	prose_heavy	sqlite	raw	render	813	9042
sample	prose_heavy	sqlite	raw	render	814	9375
sample	prose_heavy	sqlite	raw	render	815	9208
sample	prose_heavy	sqlite	raw	render	816	21291
sample	prose_heavy	sqlite	raw	render	817	97792
sample	prose_heavy	sqlite	raw	render	818	24958
sample	prose_heavy	sqlite	raw	render	819	29041
sample	prose_heavy	sqlite	raw	render	820	18791
sample	prose_heavy	sqlite	raw	render	821	16583
sample	prose_heavy	sqlite	raw	render	822	25041
sample	prose_heavy	sqlite	raw	render	823	151625
sample	prose_heavy	sqlite	raw	render	824	26708
sample	prose_heavy	sqlite	raw	render	825	12167
sample	prose_heavy	sqlite	raw	render	826	11083
sample	prose_heavy	sqlite	raw	render	827	8792
sample	prose_heavy	sqlite	raw	render	828	8209
sample	prose_heavy	sqlite	raw	render	829	8542
sample	prose_heavy	sqlite	raw	render	830	30917
sample	prose_heavy	sqlite	raw	render	831	12917
sample	prose_heavy	sqlite	raw	render	832	103459
sample	prose_heavy	sqlite	raw	render	833	93166
sample	prose_heavy	sqlite	raw	render	834	117375
sample	prose_heavy	sqlite	raw	render	835	39875
sample	prose_heavy	sqlite	raw	render	836	11459
sample	prose_heavy	sqlite	raw	render	837	83667
sample	prose_heavy	sqlite	raw	render	838	25792
sample	prose_heavy	sqlite	raw	render	839	78459
sample	prose_heavy	sqlite	raw	render	840	140791
sample	prose_heavy	sqlite	raw	render	841	133667
sample	prose_heavy	sqlite	raw	render	842	132792
sample	prose_heavy	sqlite	raw	render	843	113916
sample	prose_heavy	sqlite	raw	render	844	77833
sample	prose_heavy	sqlite	raw	render	845	108208
sample	prose_heavy	sqlite	raw	render	846	58417
sample	prose_heavy	sqlite	raw	render	847	18042
sample	prose_heavy	sqlite	raw	render	848	11625
sample	prose_heavy	sqlite	raw	render	849	49791
sample	prose_heavy	sqlite	raw	render	850	52000
sample	prose_heavy	sqlite	raw	render	851	33667
sample	prose_heavy	sqlite	raw	render	852	20083
sample	prose_heavy	sqlite	raw	render	853	16042
sample	prose_heavy	sqlite	raw	render	854	9875
sample	prose_heavy	sqlite	raw	render	855	8542
sample	prose_heavy	sqlite	raw	render	856	24417
sample	prose_heavy	sqlite	raw	render	857	118000
sample	prose_heavy	sqlite	raw	render	858	73708
sample	prose_heavy	sqlite	raw	render	859	78709
sample	prose_heavy	sqlite	raw	render	860	149416
sample	prose_heavy	sqlite	raw	render	861	122500
sample	prose_heavy	sqlite	raw	render	862	38042
sample	prose_heavy	sqlite	raw	render	863	59917
sample	prose_heavy	sqlite	raw	render	864	11500
sample	prose_heavy	sqlite	raw	render	865	8958
sample	prose_heavy	sqlite	raw	render	866	118792
sample	prose_heavy	sqlite	raw	render	867	56959
sample	prose_heavy	sqlite	raw	render	868	17500
sample	prose_heavy	sqlite	raw	render	869	20667
sample	prose_heavy	sqlite	raw	render	870	18333
sample	prose_heavy	sqlite	raw	render	871	33542
sample	prose_heavy	sqlite	raw	render	872	22958
sample	prose_heavy	sqlite	raw	render	873	9958
sample	prose_heavy	sqlite	raw	render	874	9625
sample	prose_heavy	sqlite	raw	render	875	8666
sample	prose_heavy	sqlite	raw	render	876	103791
sample	prose_heavy	sqlite	raw	render	877	20917
sample	prose_heavy	sqlite	raw	render	878	95667
sample	prose_heavy	sqlite	raw	render	879	32000
sample	prose_heavy	sqlite	raw	render	880	30375
sample	prose_heavy	sqlite	raw	render	881	18583
sample	prose_heavy	sqlite	raw	render	882	35166
sample	prose_heavy	sqlite	raw	render	883	18375
sample	prose_heavy	sqlite	raw	render	884	31292
sample	prose_heavy	sqlite	raw	render	885	11958
sample	prose_heavy	sqlite	raw	render	886	10292
sample	prose_heavy	sqlite	raw	render	887	24166
sample	prose_heavy	sqlite	raw	render	888	20500
sample	prose_heavy	sqlite	raw	render	889	69417
sample	prose_heavy	sqlite	raw	render	890	58125
sample	prose_heavy	sqlite	raw	render	891	82500
sample	prose_heavy	sqlite	raw	render	892	123334
sample	prose_heavy	sqlite	raw	render	893	108875
sample	prose_heavy	sqlite	raw	render	894	121666
sample	prose_heavy	sqlite	raw	render	895	86208
sample	prose_heavy	sqlite	raw	render	896	33083
sample	prose_heavy	sqlite	raw	render	897	13458
sample	prose_heavy	sqlite	raw	render	898	13417
sample	prose_heavy	sqlite	raw	render	899	9500
sample	prose_heavy	sqlite	raw	render	900	9084
sample	prose_heavy	sqlite	raw	render	901	138958
sample	prose_heavy	sqlite	raw	render	902	292917
sample	prose_heavy	sqlite	raw	render	903	18292
sample	prose_heavy	sqlite	raw	render	904	23708
sample	prose_heavy	sqlite	raw	render	905	9916
sample	prose_heavy	sqlite	raw	render	906	7917
sample	prose_heavy	sqlite	raw	render	907	7542
sample	prose_heavy	sqlite	raw	render	908	88666
sample	prose_heavy	sqlite	raw	render	909	97916
sample	prose_heavy	sqlite	raw	render	910	39167
sample	prose_heavy	sqlite	raw	render	911	15584
sample	prose_heavy	sqlite	raw	render	912	12333
sample	prose_heavy	sqlite	raw	render	913	33292
sample	prose_heavy	sqlite	raw	render	914	36125
sample	prose_heavy	sqlite	raw	render	915	42375
sample	prose_heavy	sqlite	raw	render	916	33208
sample	prose_heavy	sqlite	raw	render	917	19250
sample	prose_heavy	sqlite	raw	render	918	12792
sample	prose_heavy	sqlite	raw	render	919	15458
sample	prose_heavy	sqlite	raw	render	920	14750
sample	prose_heavy	sqlite	raw	render	921	9542
sample	prose_heavy	sqlite	raw	render	922	8416
sample	prose_heavy	sqlite	raw	render	923	15750
sample	prose_heavy	sqlite	raw	render	924	9000
sample	prose_heavy	sqlite	raw	render	925	8416
sample	prose_heavy	sqlite	raw	render	926	33375
sample	prose_heavy	sqlite	raw	render	927	24792
sample	prose_heavy	sqlite	raw	render	928	18084
sample	prose_heavy	sqlite	raw	render	929	16500
sample	prose_heavy	sqlite	raw	render	930	19750
sample	prose_heavy	sqlite	raw	render	931	54084
sample	prose_heavy	sqlite	raw	render	932	29666
sample	prose_heavy	sqlite	raw	render	933	20375
sample	prose_heavy	sqlite	raw	render	934	20708
sample	prose_heavy	sqlite	raw	render	935	23750
sample	prose_heavy	sqlite	raw	render	936	74667
sample	prose_heavy	sqlite	raw	render	937	32833
sample	prose_heavy	sqlite	raw	render	938	11625
sample	prose_heavy	sqlite	raw	render	939	10291
sample	prose_heavy	sqlite	raw	render	940	8917
sample	prose_heavy	sqlite	raw	render	941	21792
sample	prose_heavy	sqlite	raw	render	942	181583
sample	prose_heavy	sqlite	raw	render	943	1233667
sample	prose_heavy	sqlite	raw	render	944	101000
sample	prose_heavy	sqlite	raw	render	945	34916
sample	prose_heavy	sqlite	raw	render	946	24041
sample	prose_heavy	sqlite	raw	render	947	16500
sample	prose_heavy	sqlite	raw	render	948	11834
sample	prose_heavy	sqlite	raw	render	949	618833
sample	prose_heavy	sqlite	raw	render	950	43833
sample	prose_heavy	sqlite	raw	render	951	20917
sample	prose_heavy	sqlite	raw	render	952	13250
sample	prose_heavy	sqlite	raw	render	953	62375
sample	prose_heavy	sqlite	raw	render	954	92208
sample	prose_heavy	sqlite	raw	render	955	62167
sample	prose_heavy	sqlite	raw	render	956	18833
sample	prose_heavy	sqlite	raw	render	957	15916
sample	prose_heavy	sqlite	raw	render	958	15250
sample	prose_heavy	sqlite	raw	render	959	112000
sample	prose_heavy	sqlite	raw	render	960	34625
sample	prose_heavy	sqlite	raw	render	961	11542
sample	prose_heavy	sqlite	raw	render	962	9333
sample	prose_heavy	sqlite	raw	render	963	8209
sample	prose_heavy	sqlite	raw	render	964	9084
sample	prose_heavy	sqlite	raw	render	965	10750
sample	prose_heavy	sqlite	raw	render	966	30833
sample	prose_heavy	sqlite	raw	render	967	28291
sample	prose_heavy	sqlite	raw	render	968	120250
sample	prose_heavy	sqlite	raw	render	969	28459
sample	prose_heavy	sqlite	raw	render	970	40083
sample	prose_heavy	sqlite	raw	render	971	19958
sample	prose_heavy	sqlite	raw	render	972	82667
sample	prose_heavy	sqlite	raw	render	973	70167
sample	prose_heavy	sqlite	raw	render	974	52375
sample	prose_heavy	sqlite	raw	render	975	26000
sample	prose_heavy	sqlite	raw	render	976	32417
sample	prose_heavy	sqlite	raw	render	977	64583
sample	prose_heavy	sqlite	raw	render	978	54958
sample	prose_heavy	sqlite	raw	render	979	23417
sample	prose_heavy	sqlite	raw	render	980	22125
sample	prose_heavy	sqlite	raw	render	981	20583
sample	prose_heavy	sqlite	raw	render	982	61875
sample	prose_heavy	sqlite	raw	render	983	140250
sample	prose_heavy	sqlite	raw	render	984	93250
sample	prose_heavy	sqlite	raw	render	985	105250
sample	prose_heavy	sqlite	raw	render	986	108500
sample	prose_heavy	sqlite	raw	render	987	26917
sample	prose_heavy	sqlite	raw	render	988	211292
sample	prose_heavy	sqlite	raw	render	989	27042
sample	prose_heavy	sqlite	raw	render	990	26417
sample	prose_heavy	sqlite	raw	render	991	27500
sample	prose_heavy	sqlite	raw	render	992	18750
sample	prose_heavy	sqlite	raw	render	993	21083
sample	prose_heavy	sqlite	raw	render	994	9375
sample	prose_heavy	sqlite	raw	render	995	55166
sample	prose_heavy	sqlite	raw	render	996	65667
sample	prose_heavy	sqlite	raw	render	997	24292
sample	prose_heavy	sqlite	raw	render	998	39583
sample	prose_heavy	sqlite	raw	render	999	10916
result	prose_heavy	sqlite	raw	exact.p50_ns	6750
result	prose_heavy	sqlite	raw	exact.p95_ns	90166
result	prose_heavy	sqlite	raw	exact.p99_ns	279875
result	prose_heavy	sqlite	raw	prefix.p50_ns	475208
result	prose_heavy	sqlite	raw	prefix.p95_ns	1552084
result	prose_heavy	sqlite	raw	prefix.p99_ns	2382250
result	prose_heavy	sqlite	raw	render.p50_ns	38792
result	prose_heavy	sqlite	raw	render.p95_ns	210083
result	prose_heavy	sqlite	raw	render.p99_ns	1157708
result	prose_heavy	sqlite	raw	exact.hit.p50_ns	6833
result	prose_heavy	sqlite	raw	exact.hit.p95_ns	90417
result	prose_heavy	sqlite	raw	exact.hit.p99_ns	197666
result	prose_heavy	sqlite	raw	exact.miss.p50_ns	6458
result	prose_heavy	sqlite	raw	exact.miss.p95_ns	88542
result	prose_heavy	sqlite	raw	exact.miss.p99_ns	328208
result	prose_heavy	sqlite	raw	prefix.zero.p50_ns	72333
result	prose_heavy	sqlite	raw	prefix.zero.p95_ns	228500
result	prose_heavy	sqlite	raw	prefix.zero.p99_ns	641250
result	prose_heavy	sqlite	raw	prefix.one.p50_ns	78333
result	prose_heavy	sqlite	raw	prefix.one.p95_ns	256541
result	prose_heavy	sqlite	raw	prefix.one.p99_ns	1038917
result	prose_heavy	sqlite	raw	prefix.many.p50_ns	794292
result	prose_heavy	sqlite	raw	prefix.many.p95_ns	2015875
result	prose_heavy	sqlite	raw	prefix.many.p99_ns	2835875
result	prose_heavy	sqlite	raw	prefix.pathological.p50_ns	-
result	prose_heavy	sqlite	raw	prefix.pathological.p95_ns	-
result	prose_heavy	sqlite	raw	prefix.pathological.p99_ns	-
result	prose_heavy	sqlite	zlib	artifact_bytes	98801
unavailable	prose_heavy	sqlite	zlib	reason	SQLite cannot seek compressed pages without a decompression staging policy
result	prose_heavy	sqlite	zstd	artifact_bytes	46173
unavailable	prose_heavy	sqlite	zstd	reason	SQLite cannot seek compressed pages without a decompression staging policy
result	prose_heavy	stardict	raw	artifact_bytes	10547609
result	prose_heavy	stardict	raw	build_ns	13758500
sample	prose_heavy	stardict	raw	open	0	3652667
sample	prose_heavy	stardict	raw	open	1	5196042
sample	prose_heavy	stardict	raw	open	2	2435708
sample	prose_heavy	stardict	raw	open	3	3720000
sample	prose_heavy	stardict	raw	open	4	2610000
sample	prose_heavy	stardict	raw	open	5	2310042
sample	prose_heavy	stardict	raw	open	6	2427084
sample	prose_heavy	stardict	raw	open	7	3709584
sample	prose_heavy	stardict	raw	open	8	2515042
sample	prose_heavy	stardict	raw	open	9	3458667
sample	prose_heavy	stardict	raw	open	10	4125584
sample	prose_heavy	stardict	raw	open	11	2508333
sample	prose_heavy	stardict	raw	open	12	3516167
sample	prose_heavy	stardict	raw	open	13	2826292
sample	prose_heavy	stardict	raw	open	14	2376542
sample	prose_heavy	stardict	raw	open	15	3242500
sample	prose_heavy	stardict	raw	open	16	2694000
sample	prose_heavy	stardict	raw	open	17	3105000
sample	prose_heavy	stardict	raw	open	18	3118417
sample	prose_heavy	stardict	raw	open	19	4045334
sample	prose_heavy	stardict	raw	open	20	3990833
sample	prose_heavy	stardict	raw	open	21	3114416
sample	prose_heavy	stardict	raw	open	22	4813500
sample	prose_heavy	stardict	raw	open	23	2688208
sample	prose_heavy	stardict	raw	open	24	2495875
result	prose_heavy	stardict	raw	open_ns	3114416
result	prose_heavy	stardict	raw	semantic_digest	11367502346538253063
result	prose_heavy	stardict	raw	query_checksum	4133005253181784452
result	prose_heavy	stardict	raw	outputs	1024875
result	prose_heavy	stardict	raw	logical_prose_bytes	10498986
sample	prose_heavy	stardict	raw	exact	0	1208
sample	prose_heavy	stardict	raw	exact	1	708
sample	prose_heavy	stardict	raw	exact	2	1000
sample	prose_heavy	stardict	raw	exact	3	583
sample	prose_heavy	stardict	raw	exact	4	1083
sample	prose_heavy	stardict	raw	exact	5	583
sample	prose_heavy	stardict	raw	exact	6	1416
sample	prose_heavy	stardict	raw	exact	7	1583
sample	prose_heavy	stardict	raw	exact	8	917
sample	prose_heavy	stardict	raw	exact	9	417
sample	prose_heavy	stardict	raw	exact	10	1125
sample	prose_heavy	stardict	raw	exact	11	9375
sample	prose_heavy	stardict	raw	exact	12	8209
sample	prose_heavy	stardict	raw	exact	13	3292
sample	prose_heavy	stardict	raw	exact	14	3875
sample	prose_heavy	stardict	raw	exact	15	2167
sample	prose_heavy	stardict	raw	exact	16	3042
sample	prose_heavy	stardict	raw	exact	17	1417
sample	prose_heavy	stardict	raw	exact	18	3625
sample	prose_heavy	stardict	raw	exact	19	3541
sample	prose_heavy	stardict	raw	exact	20	3791
sample	prose_heavy	stardict	raw	exact	21	2375
sample	prose_heavy	stardict	raw	exact	22	1625
sample	prose_heavy	stardict	raw	exact	23	833
sample	prose_heavy	stardict	raw	exact	24	2041
sample	prose_heavy	stardict	raw	exact	25	583
sample	prose_heavy	stardict	raw	exact	26	1958
sample	prose_heavy	stardict	raw	exact	27	542
sample	prose_heavy	stardict	raw	exact	28	1500
sample	prose_heavy	stardict	raw	exact	29	458
sample	prose_heavy	stardict	raw	exact	30	916
sample	prose_heavy	stardict	raw	exact	31	708
sample	prose_heavy	stardict	raw	exact	32	1416
sample	prose_heavy	stardict	raw	exact	33	459
sample	prose_heavy	stardict	raw	exact	34	1333
sample	prose_heavy	stardict	raw	exact	35	459
sample	prose_heavy	stardict	raw	exact	36	1583
sample	prose_heavy	stardict	raw	exact	37	500
sample	prose_heavy	stardict	raw	exact	38	1125
sample	prose_heavy	stardict	raw	exact	39	750
sample	prose_heavy	stardict	raw	exact	40	1333
sample	prose_heavy	stardict	raw	exact	41	417
sample	prose_heavy	stardict	raw	exact	42	1167
sample	prose_heavy	stardict	raw	exact	43	459
sample	prose_heavy	stardict	raw	exact	44	1000
sample	prose_heavy	stardict	raw	exact	45	458
sample	prose_heavy	stardict	raw	exact	46	1166
sample	prose_heavy	stardict	raw	exact	47	625
sample	prose_heavy	stardict	raw	exact	48	1250
sample	prose_heavy	stardict	raw	exact	49	375
sample	prose_heavy	stardict	raw	exact	50	1500
sample	prose_heavy	stardict	raw	exact	51	500
sample	prose_heavy	stardict	raw	exact	52	1292
sample	prose_heavy	stardict	raw	exact	53	458
sample	prose_heavy	stardict	raw	exact	54	875
sample	prose_heavy	stardict	raw	exact	55	5666
sample	prose_heavy	stardict	raw	exact	56	2542
sample	prose_heavy	stardict	raw	exact	57	3250
sample	prose_heavy	stardict	raw	exact	58	3667
sample	prose_heavy	stardict	raw	exact	59	2000
sample	prose_heavy	stardict	raw	exact	60	2209
sample	prose_heavy	stardict	raw	exact	61	1000
sample	prose_heavy	stardict	raw	exact	62	2125
sample	prose_heavy	stardict	raw	exact	63	1375
sample	prose_heavy	stardict	raw	exact	64	2500
sample	prose_heavy	stardict	raw	exact	65	1458
sample	prose_heavy	stardict	raw	exact	66	4334
sample	prose_heavy	stardict	raw	exact	67	1500
sample	prose_heavy	stardict	raw	exact	68	1541
sample	prose_heavy	stardict	raw	exact	69	5959
sample	prose_heavy	stardict	raw	exact	70	12125
sample	prose_heavy	stardict	raw	exact	71	10083
sample	prose_heavy	stardict	raw	exact	72	4750
sample	prose_heavy	stardict	raw	exact	73	4875
sample	prose_heavy	stardict	raw	exact	74	4834
sample	prose_heavy	stardict	raw	exact	75	2333
sample	prose_heavy	stardict	raw	exact	76	3584
sample	prose_heavy	stardict	raw	exact	77	625
sample	prose_heavy	stardict	raw	exact	78	1875
sample	prose_heavy	stardict	raw	exact	79	833
sample	prose_heavy	stardict	raw	exact	80	2000
sample	prose_heavy	stardict	raw	exact	81	625
sample	prose_heavy	stardict	raw	exact	82	1292
sample	prose_heavy	stardict	raw	exact	83	500
sample	prose_heavy	stardict	raw	exact	84	1500
sample	prose_heavy	stardict	raw	exact	85	1083
sample	prose_heavy	stardict	raw	exact	86	1375
sample	prose_heavy	stardict	raw	exact	87	625
sample	prose_heavy	stardict	raw	exact	88	1500
sample	prose_heavy	stardict	raw	exact	89	375
sample	prose_heavy	stardict	raw	exact	90	833
sample	prose_heavy	stardict	raw	exact	91	458
sample	prose_heavy	stardict	raw	exact	92	1458
sample	prose_heavy	stardict	raw	exact	93	459
sample	prose_heavy	stardict	raw	exact	94	1459
sample	prose_heavy	stardict	raw	exact	95	625
sample	prose_heavy	stardict	raw	exact	96	1459
sample	prose_heavy	stardict	raw	exact	97	417
sample	prose_heavy	stardict	raw	exact	98	1542
sample	prose_heavy	stardict	raw	exact	99	458
sample	prose_heavy	stardict	raw	exact	100	1584
sample	prose_heavy	stardict	raw	exact	101	500
sample	prose_heavy	stardict	raw	exact	102	1375
sample	prose_heavy	stardict	raw	exact	103	583
sample	prose_heavy	stardict	raw	exact	104	1167
sample	prose_heavy	stardict	raw	exact	105	542
sample	prose_heavy	stardict	raw	exact	106	833
sample	prose_heavy	stardict	raw	exact	107	458
sample	prose_heavy	stardict	raw	exact	108	958
sample	prose_heavy	stardict	raw	exact	109	458
sample	prose_heavy	stardict	raw	exact	110	916
sample	prose_heavy	stardict	raw	exact	111	542
sample	prose_heavy	stardict	raw	exact	112	1291
sample	prose_heavy	stardict	raw	exact	113	500
sample	prose_heavy	stardict	raw	exact	114	917
sample	prose_heavy	stardict	raw	exact	115	458
sample	prose_heavy	stardict	raw	exact	116	875
sample	prose_heavy	stardict	raw	exact	117	500
sample	prose_heavy	stardict	raw	exact	118	917
sample	prose_heavy	stardict	raw	exact	119	625
sample	prose_heavy	stardict	raw	exact	120	875
sample	prose_heavy	stardict	raw	exact	121	459
sample	prose_heavy	stardict	raw	exact	122	791
sample	prose_heavy	stardict	raw	exact	123	458
sample	prose_heavy	stardict	raw	exact	124	833
sample	prose_heavy	stardict	raw	exact	125	458
sample	prose_heavy	stardict	raw	exact	126	1209
sample	prose_heavy	stardict	raw	exact	127	708
sample	prose_heavy	stardict	raw	exact	128	1208
sample	prose_heavy	stardict	raw	exact	129	459
sample	prose_heavy	stardict	raw	exact	130	1167
sample	prose_heavy	stardict	raw	exact	131	500
sample	prose_heavy	stardict	raw	exact	132	875
sample	prose_heavy	stardict	raw	exact	133	500
sample	prose_heavy	stardict	raw	exact	134	792
sample	prose_heavy	stardict	raw	exact	135	583
sample	prose_heavy	stardict	raw	exact	136	833
sample	prose_heavy	stardict	raw	exact	137	417
sample	prose_heavy	stardict	raw	exact	138	708
sample	prose_heavy	stardict	raw	exact	139	542
sample	prose_heavy	stardict	raw	exact	140	916
sample	prose_heavy	stardict	raw	exact	141	375
sample	prose_heavy	stardict	raw	exact	142	917
sample	prose_heavy	stardict	raw	exact	143	625
sample	prose_heavy	stardict	raw	exact	144	1334
sample	prose_heavy	stardict	raw	exact	145	458
sample	prose_heavy	stardict	raw	exact	146	12542
sample	prose_heavy	stardict	raw	exact	147	1458
sample	prose_heavy	stardict	raw	exact	148	1375
sample	prose_heavy	stardict	raw	exact	149	500
sample	prose_heavy	stardict	raw	exact	150	1000
sample	prose_heavy	stardict	raw	exact	151	750
sample	prose_heavy	stardict	raw	exact	152	1208
sample	prose_heavy	stardict	raw	exact	153	4542
sample	prose_heavy	stardict	raw	exact	154	3333
sample	prose_heavy	stardict	raw	exact	155	2917
sample	prose_heavy	stardict	raw	exact	156	4625
sample	prose_heavy	stardict	raw	exact	157	2834
sample	prose_heavy	stardict	raw	exact	158	8500
sample	prose_heavy	stardict	raw	exact	159	3583
sample	prose_heavy	stardict	raw	exact	160	3250
sample	prose_heavy	stardict	raw	exact	161	1375
sample	prose_heavy	stardict	raw	exact	162	5250
sample	prose_heavy	stardict	raw	exact	163	11042
sample	prose_heavy	stardict	raw	exact	164	11833
sample	prose_heavy	stardict	raw	exact	165	4334
sample	prose_heavy	stardict	raw	exact	166	5125
sample	prose_heavy	stardict	raw	exact	167	1500
sample	prose_heavy	stardict	raw	exact	168	1917
sample	prose_heavy	stardict	raw	exact	169	583
sample	prose_heavy	stardict	raw	exact	170	1583
sample	prose_heavy	stardict	raw	exact	171	500
sample	prose_heavy	stardict	raw	exact	172	1791
sample	prose_heavy	stardict	raw	exact	173	500
sample	prose_heavy	stardict	raw	exact	174	1333
sample	prose_heavy	stardict	raw	exact	175	667
sample	prose_heavy	stardict	raw	exact	176	1375
sample	prose_heavy	stardict	raw	exact	177	500
sample	prose_heavy	stardict	raw	exact	178	1625
sample	prose_heavy	stardict	raw	exact	179	541
sample	prose_heavy	stardict	raw	exact	180	7250
sample	prose_heavy	stardict	raw	exact	181	5125
sample	prose_heavy	stardict	raw	exact	182	6666
sample	prose_heavy	stardict	raw	exact	183	3750
sample	prose_heavy	stardict	raw	exact	184	4083
sample	prose_heavy	stardict	raw	exact	185	4458
sample	prose_heavy	stardict	raw	exact	186	39542
sample	prose_heavy	stardict	raw	exact	187	2959
sample	prose_heavy	stardict	raw	exact	188	2875
sample	prose_heavy	stardict	raw	exact	189	2250
sample	prose_heavy	stardict	raw	exact	190	3542
sample	prose_heavy	stardict	raw	exact	191	2542
sample	prose_heavy	stardict	raw	exact	192	3584
sample	prose_heavy	stardict	raw	exact	193	708
sample	prose_heavy	stardict	raw	exact	194	1416
sample	prose_heavy	stardict	raw	exact	195	709
sample	prose_heavy	stardict	raw	exact	196	1333
sample	prose_heavy	stardict	raw	exact	197	500
sample	prose_heavy	stardict	raw	exact	198	1333
sample	prose_heavy	stardict	raw	exact	199	1042
sample	prose_heavy	stardict	raw	exact	200	1542
sample	prose_heavy	stardict	raw	exact	201	417
sample	prose_heavy	stardict	raw	exact	202	1125
sample	prose_heavy	stardict	raw	exact	203	542
sample	prose_heavy	stardict	raw	exact	204	1417
sample	prose_heavy	stardict	raw	exact	205	459
sample	prose_heavy	stardict	raw	exact	206	1125
sample	prose_heavy	stardict	raw	exact	207	667
sample	prose_heavy	stardict	raw	exact	208	1250
sample	prose_heavy	stardict	raw	exact	209	375
sample	prose_heavy	stardict	raw	exact	210	875
sample	prose_heavy	stardict	raw	exact	211	500
sample	prose_heavy	stardict	raw	exact	212	1167
sample	prose_heavy	stardict	raw	exact	213	416
sample	prose_heavy	stardict	raw	exact	214	1250
sample	prose_heavy	stardict	raw	exact	215	583
sample	prose_heavy	stardict	raw	exact	216	1125
sample	prose_heavy	stardict	raw	exact	217	375
sample	prose_heavy	stardict	raw	exact	218	35167
sample	prose_heavy	stardict	raw	exact	219	2250
sample	prose_heavy	stardict	raw	exact	220	207000
sample	prose_heavy	stardict	raw	exact	221	5292
sample	prose_heavy	stardict	raw	exact	222	2708
sample	prose_heavy	stardict	raw	exact	223	1958
sample	prose_heavy	stardict	raw	exact	224	3959
sample	prose_heavy	stardict	raw	exact	225	917
sample	prose_heavy	stardict	raw	exact	226	1083
sample	prose_heavy	stardict	raw	exact	227	667
sample	prose_heavy	stardict	raw	exact	228	1458
sample	prose_heavy	stardict	raw	exact	229	458
sample	prose_heavy	stardict	raw	exact	230	1667
sample	prose_heavy	stardict	raw	exact	231	875
sample	prose_heavy	stardict	raw	exact	232	1375
sample	prose_heavy	stardict	raw	exact	233	500
sample	prose_heavy	stardict	raw	exact	234	1250
sample	prose_heavy	stardict	raw	exact	235	459
sample	prose_heavy	stardict	raw	exact	236	1458
sample	prose_heavy	stardict	raw	exact	237	458
sample	prose_heavy	stardict	raw	exact	238	1042
sample	prose_heavy	stardict	raw	exact	239	667
sample	prose_heavy	stardict	raw	exact	240	1292
sample	prose_heavy	stardict	raw	exact	241	417
sample	prose_heavy	stardict	raw	exact	242	1500
sample	prose_heavy	stardict	raw	exact	243	459
sample	prose_heavy	stardict	raw	exact	244	1000
sample	prose_heavy	stardict	raw	exact	245	459
sample	prose_heavy	stardict	raw	exact	246	1292
sample	prose_heavy	stardict	raw	exact	247	666
sample	prose_heavy	stardict	raw	exact	248	1458
sample	prose_heavy	stardict	raw	exact	249	416
sample	prose_heavy	stardict	raw	exact	250	1375
sample	prose_heavy	stardict	raw	exact	251	500
sample	prose_heavy	stardict	raw	exact	252	1208
sample	prose_heavy	stardict	raw	exact	253	458
sample	prose_heavy	stardict	raw	exact	254	959
sample	prose_heavy	stardict	raw	exact	255	625
sample	prose_heavy	stardict	raw	exact	256	1167
sample	prose_heavy	stardict	raw	exact	257	417
sample	prose_heavy	stardict	raw	exact	258	1000
sample	prose_heavy	stardict	raw	exact	259	458
sample	prose_heavy	stardict	raw	exact	260	1167
sample	prose_heavy	stardict	raw	exact	261	417
sample	prose_heavy	stardict	raw	exact	262	1125
sample	prose_heavy	stardict	raw	exact	263	6041
sample	prose_heavy	stardict	raw	exact	264	4209
sample	prose_heavy	stardict	raw	exact	265	1541
sample	prose_heavy	stardict	raw	exact	266	2291
sample	prose_heavy	stardict	raw	exact	267	1583
sample	prose_heavy	stardict	raw	exact	268	3042
sample	prose_heavy	stardict	raw	exact	269	875
sample	prose_heavy	stardict	raw	exact	270	1083
sample	prose_heavy	stardict	raw	exact	271	875
sample	prose_heavy	stardict	raw	exact	272	1792
sample	prose_heavy	stardict	raw	exact	273	708
sample	prose_heavy	stardict	raw	exact	274	1083
sample	prose_heavy	stardict	raw	exact	275	541
sample	prose_heavy	stardict	raw	exact	276	1125
sample	prose_heavy	stardict	raw	exact	277	500
sample	prose_heavy	stardict	raw	exact	278	1208
sample	prose_heavy	stardict	raw	exact	279	709
sample	prose_heavy	stardict	raw	exact	280	958
sample	prose_heavy	stardict	raw	exact	281	375
sample	prose_heavy	stardict	raw	exact	282	1417
sample	prose_heavy	stardict	raw	exact	283	500
sample	prose_heavy	stardict	raw	exact	284	1084
sample	prose_heavy	stardict	raw	exact	285	1458
sample	prose_heavy	stardict	raw	exact	286	1291
sample	prose_heavy	stardict	raw	exact	287	875
sample	prose_heavy	stardict	raw	exact	288	1250
sample	prose_heavy	stardict	raw	exact	289	458
sample	prose_heavy	stardict	raw	exact	290	1416
sample	prose_heavy	stardict	raw	exact	291	459
sample	prose_heavy	stardict	raw	exact	292	1459
sample	prose_heavy	stardict	raw	exact	293	500
sample	prose_heavy	stardict	raw	exact	294	1042
sample	prose_heavy	stardict	raw	exact	295	625
sample	prose_heavy	stardict	raw	exact	296	1583
sample	prose_heavy	stardict	raw	exact	297	417
sample	prose_heavy	stardict	raw	exact	298	1458
sample	prose_heavy	stardict	raw	exact	299	500
sample	prose_heavy	stardict	raw	exact	300	92916
sample	prose_heavy	stardict	raw	exact	301	5458
sample	prose_heavy	stardict	raw	exact	302	6583
sample	prose_heavy	stardict	raw	exact	303	3333
sample	prose_heavy	stardict	raw	exact	304	2792
sample	prose_heavy	stardict	raw	exact	305	3959
sample	prose_heavy	stardict	raw	exact	306	3542
sample	prose_heavy	stardict	raw	exact	307	1667
sample	prose_heavy	stardict	raw	exact	308	2500
sample	prose_heavy	stardict	raw	exact	309	2958
sample	prose_heavy	stardict	raw	exact	310	2958
sample	prose_heavy	stardict	raw	exact	311	4125
sample	prose_heavy	stardict	raw	exact	312	3708
sample	prose_heavy	stardict	raw	exact	313	2875
sample	prose_heavy	stardict	raw	exact	314	3791
sample	prose_heavy	stardict	raw	exact	315	5958
sample	prose_heavy	stardict	raw	exact	316	7958
sample	prose_heavy	stardict	raw	exact	317	3167
sample	prose_heavy	stardict	raw	exact	318	3667
sample	prose_heavy	stardict	raw	exact	319	1291
sample	prose_heavy	stardict	raw	exact	320	1917
sample	prose_heavy	stardict	raw	exact	321	875
sample	prose_heavy	stardict	raw	exact	322	1458
sample	prose_heavy	stardict	raw	exact	323	625
sample	prose_heavy	stardict	raw	exact	324	1666
sample	prose_heavy	stardict	raw	exact	325	458
sample	prose_heavy	stardict	raw	exact	326	2209
sample	prose_heavy	stardict	raw	exact	327	1250
sample	prose_heavy	stardict	raw	exact	328	1542
sample	prose_heavy	stardict	raw	exact	329	375
sample	prose_heavy	stardict	raw	exact	330	1250
sample	prose_heavy	stardict	raw	exact	331	458
sample	prose_heavy	stardict	raw	exact	332	1125
sample	prose_heavy	stardict	raw	exact	333	459
sample	prose_heavy	stardict	raw	exact	334	1500
sample	prose_heavy	stardict	raw	exact	335	584
sample	prose_heavy	stardict	raw	exact	336	1750
sample	prose_heavy	stardict	raw	exact	337	458
sample	prose_heavy	stardict	raw	exact	338	1625
sample	prose_heavy	stardict	raw	exact	339	500
sample	prose_heavy	stardict	raw	exact	340	1542
sample	prose_heavy	stardict	raw	exact	341	417
sample	prose_heavy	stardict	raw	exact	342	1458
sample	prose_heavy	stardict	raw	exact	343	625
sample	prose_heavy	stardict	raw	exact	344	1209
sample	prose_heavy	stardict	raw	exact	345	417
sample	prose_heavy	stardict	raw	exact	346	1709
sample	prose_heavy	stardict	raw	exact	347	500
sample	prose_heavy	stardict	raw	exact	348	958
sample	prose_heavy	stardict	raw	exact	349	417
sample	prose_heavy	stardict	raw	exact	350	1000
sample	prose_heavy	stardict	raw	exact	351	583
sample	prose_heavy	stardict	raw	exact	352	1458
sample	prose_heavy	stardict	raw	exact	353	417
sample	prose_heavy	stardict	raw	exact	354	1417
sample	prose_heavy	stardict	raw	exact	355	542
sample	prose_heavy	stardict	raw	exact	356	1291
sample	prose_heavy	stardict	raw	exact	357	500
sample	prose_heavy	stardict	raw	exact	358	1041
sample	prose_heavy	stardict	raw	exact	359	625
sample	prose_heavy	stardict	raw	exact	360	709
sample	prose_heavy	stardict	raw	exact	361	417
sample	prose_heavy	stardict	raw	exact	362	917
sample	prose_heavy	stardict	raw	exact	363	459
sample	prose_heavy	stardict	raw	exact	364	708
sample	prose_heavy	stardict	raw	exact	365	458
sample	prose_heavy	stardict	raw	exact	366	709
sample	prose_heavy	stardict	raw	exact	367	625
sample	prose_heavy	stardict	raw	exact	368	959
sample	prose_heavy	stardict	raw	exact	369	375
sample	prose_heavy	stardict	raw	exact	370	1042
sample	prose_heavy	stardict	raw	exact	371	459
sample	prose_heavy	stardict	raw	exact	372	750
sample	prose_heavy	stardict	raw	exact	373	458
sample	prose_heavy	stardict	raw	exact	374	708
sample	prose_heavy	stardict	raw	exact	375	584
sample	prose_heavy	stardict	raw	exact	376	875
sample	prose_heavy	stardict	raw	exact	377	500
sample	prose_heavy	stardict	raw	exact	378	708
sample	prose_heavy	stardict	raw	exact	379	458
sample	prose_heavy	stardict	raw	exact	380	875
sample	prose_heavy	stardict	raw	exact	381	375
sample	prose_heavy	stardict	raw	exact	382	750
sample	prose_heavy	stardict	raw	exact	383	708
sample	prose_heavy	stardict	raw	exact	384	1125
sample	prose_heavy	stardict	raw	exact	385	416
sample	prose_heavy	stardict	raw	exact	386	917
sample	prose_heavy	stardict	raw	exact	387	500
sample	prose_heavy	stardict	raw	exact	388	3083
sample	prose_heavy	stardict	raw	exact	389	750
sample	prose_heavy	stardict	raw	exact	390	1208
sample	prose_heavy	stardict	raw	exact	391	750
sample	prose_heavy	stardict	raw	exact	392	1084
sample	prose_heavy	stardict	raw	exact	393	459
sample	prose_heavy	stardict	raw	exact	394	792
sample	prose_heavy	stardict	raw	exact	395	500
sample	prose_heavy	stardict	raw	exact	396	750
sample	prose_heavy	stardict	raw	exact	397	458
sample	prose_heavy	stardict	raw	exact	398	875
sample	prose_heavy	stardict	raw	exact	399	708
sample	prose_heavy	stardict	raw	exact	400	1292
sample	prose_heavy	stardict	raw	exact	401	417
sample	prose_heavy	stardict	raw	exact	402	1000
sample	prose_heavy	stardict	raw	exact	403	459
sample	prose_heavy	stardict	raw	exact	404	875
sample	prose_heavy	stardict	raw	exact	405	459
sample	prose_heavy	stardict	raw	exact	406	1000
sample	prose_heavy	stardict	raw	exact	407	625
sample	prose_heavy	stardict	raw	exact	408	959
sample	prose_heavy	stardict	raw	exact	409	417
sample	prose_heavy	stardict	raw	exact	410	791
sample	prose_heavy	stardict	raw	exact	411	459
sample	prose_heavy	stardict	raw	exact	412	1084
sample	prose_heavy	stardict	raw	exact	413	417
sample	prose_heavy	stardict	raw	exact	414	833
sample	prose_heavy	stardict	raw	exact	415	625
sample	prose_heavy	stardict	raw	exact	416	958
sample	prose_heavy	stardict	raw	exact	417	416
sample	prose_heavy	stardict	raw	exact	418	833
sample	prose_heavy	stardict	raw	exact	419	458
sample	prose_heavy	stardict	raw	exact	420	625
sample	prose_heavy	stardict	raw	exact	421	542
sample	prose_heavy	stardict	raw	exact	422	917
sample	prose_heavy	stardict	raw	exact	423	583
sample	prose_heavy	stardict	raw	exact	424	708
sample	prose_heavy	stardict	raw	exact	425	417
sample	prose_heavy	stardict	raw	exact	426	875
sample	prose_heavy	stardict	raw	exact	427	500
sample	prose_heavy	stardict	raw	exact	428	708
sample	prose_heavy	stardict	raw	exact	429	458
sample	prose_heavy	stardict	raw	exact	430	917
sample	prose_heavy	stardict	raw	exact	431	625
sample	prose_heavy	stardict	raw	exact	432	1458
sample	prose_heavy	stardict	raw	exact	433	500
sample	prose_heavy	stardict	raw	exact	434	1417
sample	prose_heavy	stardict	raw	exact	435	459
sample	prose_heavy	stardict	raw	exact	436	875
sample	prose_heavy	stardict	raw	exact	437	500
sample	prose_heavy	stardict	raw	exact	438	959
sample	prose_heavy	stardict	raw	exact	439	708
sample	prose_heavy	stardict	raw	exact	440	791
sample	prose_heavy	stardict	raw	exact	441	542
sample	prose_heavy	stardict	raw	exact	442	875
sample	prose_heavy	stardict	raw	exact	443	500
sample	prose_heavy	stardict	raw	exact	444	875
sample	prose_heavy	stardict	raw	exact	445	458
sample	prose_heavy	stardict	raw	exact	446	958
sample	prose_heavy	stardict	raw	exact	447	666
sample	prose_heavy	stardict	raw	exact	448	1208
sample	prose_heavy	stardict	raw	exact	449	375
sample	prose_heavy	stardict	raw	exact	450	875
sample	prose_heavy	stardict	raw	exact	451	458
sample	prose_heavy	stardict	raw	exact	452	792
sample	prose_heavy	stardict	raw	exact	453	458
sample	prose_heavy	stardict	raw	exact	454	791
sample	prose_heavy	stardict	raw	exact	455	584
sample	prose_heavy	stardict	raw	exact	456	875
sample	prose_heavy	stardict	raw	exact	457	416
sample	prose_heavy	stardict	raw	exact	458	917
sample	prose_heavy	stardict	raw	exact	459	458
sample	prose_heavy	stardict	raw	exact	460	959
sample	prose_heavy	stardict	raw	exact	461	500
sample	prose_heavy	stardict	raw	exact	462	834
sample	prose_heavy	stardict	raw	exact	463	625
sample	prose_heavy	stardict	raw	exact	464	1583
sample	prose_heavy	stardict	raw	exact	465	417
sample	prose_heavy	stardict	raw	exact	466	1000
sample	prose_heavy	stardict	raw	exact	467	1625
sample	prose_heavy	stardict	raw	exact	468	1125
sample	prose_heavy	stardict	raw	exact	469	417
sample	prose_heavy	stardict	raw	exact	470	833
sample	prose_heavy	stardict	raw	exact	471	667
sample	prose_heavy	stardict	raw	exact	472	792
sample	prose_heavy	stardict	raw	exact	473	3833
sample	prose_heavy	stardict	raw	exact	474	4167
sample	prose_heavy	stardict	raw	exact	475	1958
sample	prose_heavy	stardict	raw	exact	476	5542
sample	prose_heavy	stardict	raw	exact	477	29833
sample	prose_heavy	stardict	raw	exact	478	2667
sample	prose_heavy	stardict	raw	exact	479	1084
sample	prose_heavy	stardict	raw	exact	480	1042
sample	prose_heavy	stardict	raw	exact	481	875
sample	prose_heavy	stardict	raw	exact	482	1500
sample	prose_heavy	stardict	raw	exact	483	500
sample	prose_heavy	stardict	raw	exact	484	1542
sample	prose_heavy	stardict	raw	exact	485	458
sample	prose_heavy	stardict	raw	exact	486	1958
sample	prose_heavy	stardict	raw	exact	487	583
sample	prose_heavy	stardict	raw	exact	488	1417
sample	prose_heavy	stardict	raw	exact	489	417
sample	prose_heavy	stardict	raw	exact	490	1875
sample	prose_heavy	stardict	raw	exact	491	458
sample	prose_heavy	stardict	raw	exact	492	1542
sample	prose_heavy	stardict	raw	exact	493	416
sample	prose_heavy	stardict	raw	exact	494	1084
sample	prose_heavy	stardict	raw	exact	495	584
sample	prose_heavy	stardict	raw	exact	496	1209
sample	prose_heavy	stardict	raw	exact	497	458
sample	prose_heavy	stardict	raw	exact	498	1292
sample	prose_heavy	stardict	raw	exact	499	458
sample	prose_heavy	stardict	raw	exact	500	1250
sample	prose_heavy	stardict	raw	exact	501	375
sample	prose_heavy	stardict	raw	exact	502	1042
sample	prose_heavy	stardict	raw	exact	503	542
sample	prose_heavy	stardict	raw	exact	504	1500
sample	prose_heavy	stardict	raw	exact	505	1083
sample	prose_heavy	stardict	raw	exact	506	7250
sample	prose_heavy	stardict	raw	exact	507	625
sample	prose_heavy	stardict	raw	exact	508	1250
sample	prose_heavy	stardict	raw	exact	509	500
sample	prose_heavy	stardict	raw	exact	510	1125
sample	prose_heavy	stardict	raw	exact	511	791
sample	prose_heavy	stardict	raw	exact	512	1292
sample	prose_heavy	stardict	raw	exact	513	416
sample	prose_heavy	stardict	raw	exact	514	5833
sample	prose_heavy	stardict	raw	exact	515	4417
sample	prose_heavy	stardict	raw	exact	516	6000
sample	prose_heavy	stardict	raw	exact	517	1042
sample	prose_heavy	stardict	raw	exact	518	1542
sample	prose_heavy	stardict	raw	exact	519	750
sample	prose_heavy	stardict	raw	exact	520	1417
sample	prose_heavy	stardict	raw	exact	521	500
sample	prose_heavy	stardict	raw	exact	522	2041
sample	prose_heavy	stardict	raw	exact	523	417
sample	prose_heavy	stardict	raw	exact	524	1334
sample	prose_heavy	stardict	raw	exact	525	458
sample	prose_heavy	stardict	raw	exact	526	1417
sample	prose_heavy	stardict	raw	exact	527	542
sample	prose_heavy	stardict	raw	exact	528	1458
sample	prose_heavy	stardict	raw	exact	529	416
sample	prose_heavy	stardict	raw	exact	530	1208
sample	prose_heavy	stardict	raw	exact	531	458
sample	prose_heavy	stardict	raw	exact	532	1416
sample	prose_heavy	stardict	raw	exact	533	458
sample	prose_heavy	stardict	raw	exact	534	1208
sample	prose_heavy	stardict	raw	exact	535	542
sample	prose_heavy	stardict	raw	exact	536	1041
sample	prose_heavy	stardict	raw	exact	537	500
sample	prose_heavy	stardict	raw	exact	538	1458
sample	prose_heavy	stardict	raw	exact	539	458
sample	prose_heavy	stardict	raw	exact	540	916
sample	prose_heavy	stardict	raw	exact	541	458
sample	prose_heavy	stardict	raw	exact	542	1125
sample	prose_heavy	stardict	raw	exact	543	542
sample	prose_heavy	stardict	raw	exact	544	1292
sample	prose_heavy	stardict	raw	exact	545	417
sample	prose_heavy	stardict	raw	exact	546	1125
sample	prose_heavy	stardict	raw	exact	547	417
sample	prose_heavy	stardict	raw	exact	548	833
sample	prose_heavy	stardict	raw	exact	549	6125
sample	prose_heavy	stardict	raw	exact	550	4000
sample	prose_heavy	stardict	raw	exact	551	2250
sample	prose_heavy	stardict	raw	exact	552	1500
sample	prose_heavy	stardict	raw	exact	553	833
sample	prose_heavy	stardict	raw	exact	554	1083
sample	prose_heavy	stardict	raw	exact	555	459
sample	prose_heavy	stardict	raw	exact	556	1000
sample	prose_heavy	stardict	raw	exact	557	459
sample	prose_heavy	stardict	raw	exact	558	3333
sample	prose_heavy	stardict	raw	exact	559	958
sample	prose_heavy	stardict	raw	exact	560	1500
sample	prose_heavy	stardict	raw	exact	561	583
sample	prose_heavy	stardict	raw	exact	562	1125
sample	prose_heavy	stardict	raw	exact	563	4250
sample	prose_heavy	stardict	raw	exact	564	3417
sample	prose_heavy	stardict	raw	exact	565	1292
sample	prose_heavy	stardict	raw	exact	566	2041
sample	prose_heavy	stardict	raw	exact	567	833
sample	prose_heavy	stardict	raw	exact	568	1417
sample	prose_heavy	stardict	raw	exact	569	459
sample	prose_heavy	stardict	raw	exact	570	1042
sample	prose_heavy	stardict	raw	exact	571	458
sample	prose_heavy	stardict	raw	exact	572	1000
sample	prose_heavy	stardict	raw	exact	573	458
sample	prose_heavy	stardict	raw	exact	574	1208
sample	prose_heavy	stardict	raw	exact	575	625
sample	prose_heavy	stardict	raw	exact	576	1500
sample	prose_heavy	stardict	raw	exact	577	458
sample	prose_heavy	stardict	raw	exact	578	1292
sample	prose_heavy	stardict	raw	exact	579	458
sample	prose_heavy	stardict	raw	exact	580	1458
sample	prose_heavy	stardict	raw	exact	581	417
sample	prose_heavy	stardict	raw	exact	582	1000
sample	prose_heavy	stardict	raw	exact	583	625
sample	prose_heavy	stardict	raw	exact	584	959
sample	prose_heavy	stardict	raw	exact	585	458
sample	prose_heavy	stardict	raw	exact	586	1167
sample	prose_heavy	stardict	raw	exact	587	417
sample	prose_heavy	stardict	raw	exact	588	1000
sample	prose_heavy	stardict	raw	exact	589	417
sample	prose_heavy	stardict	raw	exact	590	1083
sample	prose_heavy	stardict	raw	exact	591	584
sample	prose_heavy	stardict	raw	exact	592	1208
sample	prose_heavy	stardict	raw	exact	593	417
sample	prose_heavy	stardict	raw	exact	594	1083
sample	prose_heavy	stardict	raw	exact	595	459
sample	prose_heavy	stardict	raw	exact	596	917
sample	prose_heavy	stardict	raw	exact	597	458
sample	prose_heavy	stardict	raw	exact	598	958
sample	prose_heavy	stardict	raw	exact	599	542
sample	prose_heavy	stardict	raw	exact	600	958
sample	prose_heavy	stardict	raw	exact	601	375
sample	prose_heavy	stardict	raw	exact	602	959
sample	prose_heavy	stardict	raw	exact	603	458
sample	prose_heavy	stardict	raw	exact	604	750
sample	prose_heavy	stardict	raw	exact	605	416
sample	prose_heavy	stardict	raw	exact	606	875
sample	prose_heavy	stardict	raw	exact	607	625
sample	prose_heavy	stardict	raw	exact	608	1042
sample	prose_heavy	stardict	raw	exact	609	375
sample	prose_heavy	stardict	raw	exact	610	875
sample	prose_heavy	stardict	raw	exact	611	500
sample	prose_heavy	stardict	raw	exact	612	750
sample	prose_heavy	stardict	raw	exact	613	416
sample	prose_heavy	stardict	raw	exact	614	875
sample	prose_heavy	stardict	raw	exact	615	625
sample	prose_heavy	stardict	raw	exact	616	1000
sample	prose_heavy	stardict	raw	exact	617	8584
sample	prose_heavy	stardict	raw	exact	618	6333
sample	prose_heavy	stardict	raw	exact	619	8000
sample	prose_heavy	stardict	raw	exact	620	7917
sample	prose_heavy	stardict	raw	exact	621	4667
sample	prose_heavy	stardict	raw	exact	622	3375
sample	prose_heavy	stardict	raw	exact	623	1250
sample	prose_heavy	stardict	raw	exact	624	1917
sample	prose_heavy	stardict	raw	exact	625	750
sample	prose_heavy	stardict	raw	exact	626	1334
sample	prose_heavy	stardict	raw	exact	627	541
sample	prose_heavy	stardict	raw	exact	628	1750
sample	prose_heavy	stardict	raw	exact	629	500
sample	prose_heavy	stardict	raw	exact	630	1167
sample	prose_heavy	stardict	raw	exact	631	666
sample	prose_heavy	stardict	raw	exact	632	1125
sample	prose_heavy	stardict	raw	exact	633	375
sample	prose_heavy	stardict	raw	exact	634	1542
sample	prose_heavy	stardict	raw	exact	635	458
sample	prose_heavy	stardict	raw	exact	636	1459
sample	prose_heavy	stardict	raw	exact	637	459
sample	prose_heavy	stardict	raw	exact	638	1458
sample	prose_heavy	stardict	raw	exact	639	667
sample	prose_heavy	stardict	raw	exact	640	1750
sample	prose_heavy	stardict	raw	exact	641	459
sample	prose_heavy	stardict	raw	exact	642	1250
sample	prose_heavy	stardict	raw	exact	643	583
sample	prose_heavy	stardict	raw	exact	644	1792
sample	prose_heavy	stardict	raw	exact	645	459
sample	prose_heavy	stardict	raw	exact	646	1584
sample	prose_heavy	stardict	raw	exact	647	625
sample	prose_heavy	stardict	raw	exact	648	1208
sample	prose_heavy	stardict	raw	exact	649	417
sample	prose_heavy	stardict	raw	exact	650	1333
sample	prose_heavy	stardict	raw	exact	651	500
sample	prose_heavy	stardict	raw	exact	652	750
sample	prose_heavy	stardict	raw	exact	653	417
sample	prose_heavy	stardict	raw	exact	654	834
sample	prose_heavy	stardict	raw	exact	655	542
sample	prose_heavy	stardict	raw	exact	656	1167
sample	prose_heavy	stardict	raw	exact	657	417
sample	prose_heavy	stardict	raw	exact	658	708
sample	prose_heavy	stardict	raw	exact	659	459
sample	prose_heavy	stardict	raw	exact	660	708
sample	prose_heavy	stardict	raw	exact	661	500
sample	prose_heavy	stardict	raw	exact	662	708
sample	prose_heavy	stardict	raw	exact	663	584
sample	prose_heavy	stardict	raw	exact	664	750
sample	prose_heavy	stardict	raw	exact	665	417
sample	prose_heavy	stardict	raw	exact	666	792
sample	prose_heavy	stardict	raw	exact	667	458
sample	prose_heavy	stardict	raw	exact	668	875
sample	prose_heavy	stardict	raw	exact	669	458
sample	prose_heavy	stardict	raw	exact	670	1166
sample	prose_heavy	stardict	raw	exact	671	625
sample	prose_heavy	stardict	raw	exact	672	958
sample	prose_heavy	stardict	raw	exact	673	416
sample	prose_heavy	stardict	raw	exact	674	791
sample	prose_heavy	stardict	raw	exact	675	459
sample	prose_heavy	stardict	raw	exact	676	875
sample	prose_heavy	stardict	raw	exact	677	459
sample	prose_heavy	stardict	raw	exact	678	1000
sample	prose_heavy	stardict	raw	exact	679	584
sample	prose_heavy	stardict	raw	exact	680	833
sample	prose_heavy	stardict	raw	exact	681	416
sample	prose_heavy	stardict	raw	exact	682	792
sample	prose_heavy	stardict	raw	exact	683	459
sample	prose_heavy	stardict	raw	exact	684	834
sample	prose_heavy	stardict	raw	exact	685	458
sample	prose_heavy	stardict	raw	exact	686	958
sample	prose_heavy	stardict	raw	exact	687	583
sample	prose_heavy	stardict	raw	exact	688	1333
sample	prose_heavy	stardict	raw	exact	689	417
sample	prose_heavy	stardict	raw	exact	690	833
sample	prose_heavy	stardict	raw	exact	691	500
sample	prose_heavy	stardict	raw	exact	692	750
sample	prose_heavy	stardict	raw	exact	693	458
sample	prose_heavy	stardict	raw	exact	694	875
sample	prose_heavy	stardict	raw	exact	695	625
sample	prose_heavy	stardict	raw	exact	696	22625
sample	prose_heavy	stardict	raw	exact	697	1583
sample	prose_heavy	stardict	raw	exact	698	958
sample	prose_heavy	stardict	raw	exact	699	541
sample	prose_heavy	stardict	raw	exact	700	834
sample	prose_heavy	stardict	raw	exact	701	500
sample	prose_heavy	stardict	raw	exact	702	709
sample	prose_heavy	stardict	raw	exact	703	708
sample	prose_heavy	stardict	raw	exact	704	1000
sample	prose_heavy	stardict	raw	exact	705	416
sample	prose_heavy	stardict	raw	exact	706	708
sample	prose_heavy	stardict	raw	exact	707	500
sample	prose_heavy	stardict	raw	exact	708	750
sample	prose_heavy	stardict	raw	exact	709	5375
sample	prose_heavy	stardict	raw	exact	710	5292
sample	prose_heavy	stardict	raw	exact	711	3625
sample	prose_heavy	stardict	raw	exact	712	2833
sample	prose_heavy	stardict	raw	exact	713	1875
sample	prose_heavy	stardict	raw	exact	714	2833
sample	prose_heavy	stardict	raw	exact	715	1333
sample	prose_heavy	stardict	raw	exact	716	3041
sample	prose_heavy	stardict	raw	exact	717	1250
sample	prose_heavy	stardict	raw	exact	718	6125
sample	prose_heavy	stardict	raw	exact	719	2334
sample	prose_heavy	stardict	raw	exact	720	3875
sample	prose_heavy	stardict	raw	exact	721	1875
sample	prose_heavy	stardict	raw	exact	722	4084
sample	prose_heavy	stardict	raw	exact	723	2541
sample	prose_heavy	stardict	raw	exact	724	3417
sample	prose_heavy	stardict	raw	exact	725	3000
sample	prose_heavy	stardict	raw	exact	726	3709
sample	prose_heavy	stardict	raw	exact	727	4708
sample	prose_heavy	stardict	raw	exact	728	5375
sample	prose_heavy	stardict	raw	exact	729	666
sample	prose_heavy	stardict	raw	exact	730	1667
sample	prose_heavy	stardict	raw	exact	731	834
sample	prose_heavy	stardict	raw	exact	732	2000
sample	prose_heavy	stardict	raw	exact	733	500
sample	prose_heavy	stardict	raw	exact	734	1625
sample	prose_heavy	stardict	raw	exact	735	1084
sample	prose_heavy	stardict	raw	exact	736	1791
sample	prose_heavy	stardict	raw	exact	737	458
sample	prose_heavy	stardict	raw	exact	738	1917
sample	prose_heavy	stardict	raw	exact	739	542
sample	prose_heavy	stardict	raw	exact	740	1208
sample	prose_heavy	stardict	raw	exact	741	500
sample	prose_heavy	stardict	raw	exact	742	1625
sample	prose_heavy	stardict	raw	exact	743	708
sample	prose_heavy	stardict	raw	exact	744	1708
sample	prose_heavy	stardict	raw	exact	745	5542
sample	prose_heavy	stardict	raw	exact	746	4375
sample	prose_heavy	stardict	raw	exact	747	1209
sample	prose_heavy	stardict	raw	exact	748	1750
sample	prose_heavy	stardict	raw	exact	749	542
sample	prose_heavy	stardict	raw	exact	750	1208
sample	prose_heavy	stardict	raw	exact	751	625
sample	prose_heavy	stardict	raw	exact	752	1583
sample	prose_heavy	stardict	raw	exact	753	584
sample	prose_heavy	stardict	raw	exact	754	1250
sample	prose_heavy	stardict	raw	exact	755	500
sample	prose_heavy	stardict	raw	exact	756	1666
sample	prose_heavy	stardict	raw	exact	757	1250
sample	prose_heavy	stardict	raw	exact	758	1500
sample	prose_heavy	stardict	raw	exact	759	875
sample	prose_heavy	stardict	raw	exact	760	1000
sample	prose_heavy	stardict	raw	exact	761	458
sample	prose_heavy	stardict	raw	exact	762	1000
sample	prose_heavy	stardict	raw	exact	763	500
sample	prose_heavy	stardict	raw	exact	764	834
sample	prose_heavy	stardict	raw	exact	765	4375
sample	prose_heavy	stardict	raw	exact	766	5208
sample	prose_heavy	stardict	raw	exact	767	3042
sample	prose_heavy	stardict	raw	exact	768	7833
sample	prose_heavy	stardict	raw	exact	769	3875
sample	prose_heavy	stardict	raw	exact	770	4667
sample	prose_heavy	stardict	raw	exact	771	2667
sample	prose_heavy	stardict	raw	exact	772	3416
sample	prose_heavy	stardict	raw	exact	773	625
sample	prose_heavy	stardict	raw	exact	774	1458
sample	prose_heavy	stardict	raw	exact	775	667
sample	prose_heavy	stardict	raw	exact	776	1667
sample	prose_heavy	stardict	raw	exact	777	541
sample	prose_heavy	stardict	raw	exact	778	1250
sample	prose_heavy	stardict	raw	exact	779	417
sample	prose_heavy	stardict	raw	exact	780	1375
sample	prose_heavy	stardict	raw	exact	781	500
sample	prose_heavy	stardict	raw	exact	782	1125
sample	prose_heavy	stardict	raw	exact	783	625
sample	prose_heavy	stardict	raw	exact	784	1500
sample	prose_heavy	stardict	raw	exact	785	375
sample	prose_heavy	stardict	raw	exact	786	1292
sample	prose_heavy	stardict	raw	exact	787	458
sample	prose_heavy	stardict	raw	exact	788	959
sample	prose_heavy	stardict	raw	exact	789	417
sample	prose_heavy	stardict	raw	exact	790	1083
sample	prose_heavy	stardict	raw	exact	791	584
sample	prose_heavy	stardict	raw	exact	792	1125
sample	prose_heavy	stardict	raw	exact	793	375
sample	prose_heavy	stardict	raw	exact	794	1125
sample	prose_heavy	stardict	raw	exact	795	459
sample	prose_heavy	stardict	raw	exact	796	1417
sample	prose_heavy	stardict	raw	exact	797	417
sample	prose_heavy	stardict	raw	exact	798	1542
sample	prose_heavy	stardict	raw	exact	799	625
sample	prose_heavy	stardict	raw	exact	800	1250
sample	prose_heavy	stardict	raw	exact	801	333
sample	prose_heavy	stardict	raw	exact	802	792
sample	prose_heavy	stardict	raw	exact	803	458
sample	prose_heavy	stardict	raw	exact	804	750
sample	prose_heavy	stardict	raw	exact	805	500
sample	prose_heavy	stardict	raw	exact	806	875
sample	prose_heavy	stardict	raw	exact	807	542
sample	prose_heavy	stardict	raw	exact	808	792
sample	prose_heavy	stardict	raw	exact	809	375
sample	prose_heavy	stardict	raw	exact	810	666
sample	prose_heavy	stardict	raw	exact	811	459
sample	prose_heavy	stardict	raw	exact	812	875
sample	prose_heavy	stardict	raw	exact	813	416
sample	prose_heavy	stardict	raw	exact	814	708
sample	prose_heavy	stardict	raw	exact	815	584
sample	prose_heavy	stardict	raw	exact	816	1208
sample	prose_heavy	stardict	raw	exact	817	375
sample	prose_heavy	stardict	raw	exact	818	959
sample	prose_heavy	stardict	raw	exact	819	500
sample	prose_heavy	stardict	raw	exact	820	792
sample	prose_heavy	stardict	raw	exact	821	500
sample	prose_heavy	stardict	raw	exact	822	833
sample	prose_heavy	stardict	raw	exact	823	584
sample	prose_heavy	stardict	raw	exact	824	875
sample	prose_heavy	stardict	raw	exact	825	416
sample	prose_heavy	stardict	raw	exact	826	958
sample	prose_heavy	stardict	raw	exact	827	375
sample	prose_heavy	stardict	raw	exact	828	958
sample	prose_heavy	stardict	raw	exact	829	417
sample	prose_heavy	stardict	raw	exact	830	792
sample	prose_heavy	stardict	raw	exact	831	542
sample	prose_heavy	stardict	raw	exact	832	1166
sample	prose_heavy	stardict	raw	exact	833	417
sample	prose_heavy	stardict	raw	exact	834	1042
sample	prose_heavy	stardict	raw	exact	835	416
sample	prose_heavy	stardict	raw	exact	836	833
sample	prose_heavy	stardict	raw	exact	837	417
sample	prose_heavy	stardict	raw	exact	838	875
sample	prose_heavy	stardict	raw	exact	839	666
sample	prose_heavy	stardict	raw	exact	840	791
sample	prose_heavy	stardict	raw	exact	841	417
sample	prose_heavy	stardict	raw	exact	842	1958
sample	prose_heavy	stardict	raw	exact	843	583
sample	prose_heavy	stardict	raw	exact	844	792
sample	prose_heavy	stardict	raw	exact	845	500
sample	prose_heavy	stardict	raw	exact	846	1125
sample	prose_heavy	stardict	raw	exact	847	583
sample	prose_heavy	stardict	raw	exact	848	1167
sample	prose_heavy	stardict	raw	exact	849	458
sample	prose_heavy	stardict	raw	exact	850	1000
sample	prose_heavy	stardict	raw	exact	851	500
sample	prose_heavy	stardict	raw	exact	852	834
sample	prose_heavy	stardict	raw	exact	853	417
sample	prose_heavy	stardict	raw	exact	854	958
sample	prose_heavy	stardict	raw	exact	855	708
sample	prose_heavy	stardict	raw	exact	856	875
sample	prose_heavy	stardict	raw	exact	857	459
sample	prose_heavy	stardict	raw	exact	858	917
sample	prose_heavy	stardict	raw	exact	859	458
sample	prose_heavy	stardict	raw	exact	860	1041
sample	prose_heavy	stardict	raw	exact	861	417
sample	prose_heavy	stardict	raw	exact	862	958
sample	prose_heavy	stardict	raw	exact	863	625
sample	prose_heavy	stardict	raw	exact	864	1125
sample	prose_heavy	stardict	raw	exact	865	375
sample	prose_heavy	stardict	raw	exact	866	916
sample	prose_heavy	stardict	raw	exact	867	500
sample	prose_heavy	stardict	raw	exact	868	959
sample	prose_heavy	stardict	raw	exact	869	542
sample	prose_heavy	stardict	raw	exact	870	875
sample	prose_heavy	stardict	raw	exact	871	625
sample	prose_heavy	stardict	raw	exact	872	959
sample	prose_heavy	stardict	raw	exact	873	500
sample	prose_heavy	stardict	raw	exact	874	833
sample	prose_heavy	stardict	raw	exact	875	500
sample	prose_heavy	stardict	raw	exact	876	916
sample	prose_heavy	stardict	raw	exact	877	459
sample	prose_heavy	stardict	raw	exact	878	958
sample	prose_heavy	stardict	raw	exact	879	584
sample	prose_heavy	stardict	raw	exact	880	1083
sample	prose_heavy	stardict	raw	exact	881	417
sample	prose_heavy	stardict	raw	exact	882	875
sample	prose_heavy	stardict	raw	exact	883	500
sample	prose_heavy	stardict	raw	exact	884	1000
sample	prose_heavy	stardict	raw	exact	885	417
sample	prose_heavy	stardict	raw	exact	886	917
sample	prose_heavy	stardict	raw	exact	887	542
sample	prose_heavy	stardict	raw	exact	888	1166
sample	prose_heavy	stardict	raw	exact	889	375
sample	prose_heavy	stardict	raw	exact	890	875
sample	prose_heavy	stardict	raw	exact	891	458
sample	prose_heavy	stardict	raw	exact	892	917
sample	prose_heavy	stardict	raw	exact	893	500
sample	prose_heavy	stardict	raw	exact	894	750
sample	prose_heavy	stardict	raw	exact	895	542
sample	prose_heavy	stardict	raw	exact	896	1042
sample	prose_heavy	stardict	raw	exact	897	416
sample	prose_heavy	stardict	raw	exact	898	708
sample	prose_heavy	stardict	raw	exact	899	459
sample	prose_heavy	stardict	raw	exact	900	792
sample	prose_heavy	stardict	raw	exact	901	417
sample	prose_heavy	stardict	raw	exact	902	1000
sample	prose_heavy	stardict	raw	exact	903	2834
sample	prose_heavy	stardict	raw	exact	904	1291
sample	prose_heavy	stardict	raw	exact	905	3875
sample	prose_heavy	stardict	raw	exact	906	3375
sample	prose_heavy	stardict	raw	exact	907	1125
sample	prose_heavy	stardict	raw	exact	908	1083
sample	prose_heavy	stardict	raw	exact	909	459
sample	prose_heavy	stardict	raw	exact	910	959
sample	prose_heavy	stardict	raw	exact	911	667
sample	prose_heavy	stardict	raw	exact	912	1208
sample	prose_heavy	stardict	raw	exact	913	458
sample	prose_heavy	stardict	raw	exact	914	1041
sample	prose_heavy	stardict	raw	exact	915	625
sample	prose_heavy	stardict	raw	exact	916	792
sample	prose_heavy	stardict	raw	exact	917	458
sample	prose_heavy	stardict	raw	exact	918	792
sample	prose_heavy	stardict	raw	exact	919	625
sample	prose_heavy	stardict	raw	exact	920	875
sample	prose_heavy	stardict	raw	exact	921	416
sample	prose_heavy	stardict	raw	exact	922	1292
sample	prose_heavy	stardict	raw	exact	923	500
sample	prose_heavy	stardict	raw	exact	924	1125
sample	prose_heavy	stardict	raw	exact	925	417
sample	prose_heavy	stardict	raw	exact	926	1041
sample	prose_heavy	stardict	raw	exact	927	625
sample	prose_heavy	stardict	raw	exact	928	1167
sample	prose_heavy	stardict	raw	exact	929	417
sample	prose_heavy	stardict	raw	exact	930	9458
sample	prose_heavy	stardict	raw	exact	931	2959
sample	prose_heavy	stardict	raw	exact	932	3667
sample	prose_heavy	stardict	raw	exact	933	1291
sample	prose_heavy	stardict	raw	exact	934	3708
sample	prose_heavy	stardict	raw	exact	935	2541
sample	prose_heavy	stardict	raw	exact	936	4125
sample	prose_heavy	stardict	raw	exact	937	1791
sample	prose_heavy	stardict	raw	exact	938	6333
sample	prose_heavy	stardict	raw	exact	939	2917
sample	prose_heavy	stardict	raw	exact	940	3000
sample	prose_heavy	stardict	raw	exact	941	1375
sample	prose_heavy	stardict	raw	exact	942	3125
sample	prose_heavy	stardict	raw	exact	943	1708
sample	prose_heavy	stardict	raw	exact	944	3041
sample	prose_heavy	stardict	raw	exact	945	3625
sample	prose_heavy	stardict	raw	exact	946	3167
sample	prose_heavy	stardict	raw	exact	947	1500
sample	prose_heavy	stardict	raw	exact	948	3583
sample	prose_heavy	stardict	raw	exact	949	2167
sample	prose_heavy	stardict	raw	exact	950	2416
sample	prose_heavy	stardict	raw	exact	951	1041
sample	prose_heavy	stardict	raw	exact	952	1542
sample	prose_heavy	stardict	raw	exact	953	625
sample	prose_heavy	stardict	raw	exact	954	1917
sample	prose_heavy	stardict	raw	exact	955	500
sample	prose_heavy	stardict	raw	exact	956	1667
sample	prose_heavy	stardict	raw	exact	957	459
sample	prose_heavy	stardict	raw	exact	958	1959
sample	prose_heavy	stardict	raw	exact	959	667
sample	prose_heavy	stardict	raw	exact	960	1167
sample	prose_heavy	stardict	raw	exact	961	541
sample	prose_heavy	stardict	raw	exact	962	1375
sample	prose_heavy	stardict	raw	exact	963	500
sample	prose_heavy	stardict	raw	exact	964	1709
sample	prose_heavy	stardict	raw	exact	965	4709
sample	prose_heavy	stardict	raw	exact	966	6250
sample	prose_heavy	stardict	raw	exact	967	3959
sample	prose_heavy	stardict	raw	exact	968	5500
sample	prose_heavy	stardict	raw	exact	969	1959
sample	prose_heavy	stardict	raw	exact	970	3375
sample	prose_heavy	stardict	raw	exact	971	2042
sample	prose_heavy	stardict	raw	exact	972	3625
sample	prose_heavy	stardict	raw	exact	973	1958
sample	prose_heavy	stardict	raw	exact	974	6459
sample	prose_heavy	stardict	raw	exact	975	2208
sample	prose_heavy	stardict	raw	exact	976	4917
sample	prose_heavy	stardict	raw	exact	977	1416
sample	prose_heavy	stardict	raw	exact	978	3083
sample	prose_heavy	stardict	raw	exact	979	1333
sample	prose_heavy	stardict	raw	exact	980	2708
sample	prose_heavy	stardict	raw	exact	981	1041
sample	prose_heavy	stardict	raw	exact	982	3000
sample	prose_heavy	stardict	raw	exact	983	1625
sample	prose_heavy	stardict	raw	exact	984	3584
sample	prose_heavy	stardict	raw	exact	985	750
sample	prose_heavy	stardict	raw	exact	986	2083
sample	prose_heavy	stardict	raw	exact	987	625
sample	prose_heavy	stardict	raw	exact	988	1292
sample	prose_heavy	stardict	raw	exact	989	500
sample	prose_heavy	stardict	raw	exact	990	1208
sample	prose_heavy	stardict	raw	exact	991	917
sample	prose_heavy	stardict	raw	exact	992	1291
sample	prose_heavy	stardict	raw	exact	993	417
sample	prose_heavy	stardict	raw	exact	994	1375
sample	prose_heavy	stardict	raw	exact	995	458
sample	prose_heavy	stardict	raw	exact	996	1708
sample	prose_heavy	stardict	raw	exact	997	417
sample	prose_heavy	stardict	raw	exact	998	1000
sample	prose_heavy	stardict	raw	exact	999	667
sample	prose_heavy	stardict	raw	prefix	0	1625
sample	prose_heavy	stardict	raw	prefix	1	1542
sample	prose_heavy	stardict	raw	prefix	2	152333
sample	prose_heavy	stardict	raw	prefix	3	452083
sample	prose_heavy	stardict	raw	prefix	4	13750
sample	prose_heavy	stardict	raw	prefix	5	833
sample	prose_heavy	stardict	raw	prefix	6	148584
sample	prose_heavy	stardict	raw	prefix	7	367667
sample	prose_heavy	stardict	raw	prefix	8	10125
sample	prose_heavy	stardict	raw	prefix	9	1750
sample	prose_heavy	stardict	raw	prefix	10	147083
sample	prose_heavy	stardict	raw	prefix	11	162333
sample	prose_heavy	stardict	raw	prefix	12	9167
sample	prose_heavy	stardict	raw	prefix	13	791
sample	prose_heavy	stardict	raw	prefix	14	151041
sample	prose_heavy	stardict	raw	prefix	15	164166
sample	prose_heavy	stardict	raw	prefix	16	9209
sample	prose_heavy	stardict	raw	prefix	17	1875
sample	prose_heavy	stardict	raw	prefix	18	146833
sample	prose_heavy	stardict	raw	prefix	19	546625
sample	prose_heavy	stardict	raw	prefix	20	39792
sample	prose_heavy	stardict	raw	prefix	21	2584
sample	prose_heavy	stardict	raw	prefix	22	149375
sample	prose_heavy	stardict	raw	prefix	23	467042
sample	prose_heavy	stardict	raw	prefix	24	10792
sample	prose_heavy	stardict	raw	prefix	25	2250
sample	prose_heavy	stardict	raw	prefix	26	148417
sample	prose_heavy	stardict	raw	prefix	27	163209
sample	prose_heavy	stardict	raw	prefix	28	21792
sample	prose_heavy	stardict	raw	prefix	29	2792
sample	prose_heavy	stardict	raw	prefix	30	273708
sample	prose_heavy	stardict	raw	prefix	31	162083
sample	prose_heavy	stardict	raw	prefix	32	10667
sample	prose_heavy	stardict	raw	prefix	33	3083
sample	prose_heavy	stardict	raw	prefix	34	146209
sample	prose_heavy	stardict	raw	prefix	35	162292
sample	prose_heavy	stardict	raw	prefix	36	13875
sample	prose_heavy	stardict	raw	prefix	37	834
sample	prose_heavy	stardict	raw	prefix	38	372542
sample	prose_heavy	stardict	raw	prefix	39	163292
sample	prose_heavy	stardict	raw	prefix	40	7500
sample	prose_heavy	stardict	raw	prefix	41	3000
sample	prose_heavy	stardict	raw	prefix	42	156042
sample	prose_heavy	stardict	raw	prefix	43	157209
sample	prose_heavy	stardict	raw	prefix	44	12375
sample	prose_heavy	stardict	raw	prefix	45	666
sample	prose_heavy	stardict	raw	prefix	46	154208
sample	prose_heavy	stardict	raw	prefix	47	166958
sample	prose_heavy	stardict	raw	prefix	48	19667
sample	prose_heavy	stardict	raw	prefix	49	4875
sample	prose_heavy	stardict	raw	prefix	50	146833
sample	prose_heavy	stardict	raw	prefix	51	442750
sample	prose_heavy	stardict	raw	prefix	52	16000
sample	prose_heavy	stardict	raw	prefix	53	917
sample	prose_heavy	stardict	raw	prefix	54	145625
sample	prose_heavy	stardict	raw	prefix	55	425250
sample	prose_heavy	stardict	raw	prefix	56	19750
sample	prose_heavy	stardict	raw	prefix	57	9333
sample	prose_heavy	stardict	raw	prefix	58	216542
sample	prose_heavy	stardict	raw	prefix	59	245500
sample	prose_heavy	stardict	raw	prefix	60	22958
sample	prose_heavy	stardict	raw	prefix	61	36750
sample	prose_heavy	stardict	raw	prefix	62	446334
sample	prose_heavy	stardict	raw	prefix	63	173459
sample	prose_heavy	stardict	raw	prefix	64	13375
sample	prose_heavy	stardict	raw	prefix	65	3292
sample	prose_heavy	stardict	raw	prefix	66	205375
sample	prose_heavy	stardict	raw	prefix	67	163917
sample	prose_heavy	stardict	raw	prefix	68	13791
sample	prose_heavy	stardict	raw	prefix	69	875
sample	prose_heavy	stardict	raw	prefix	70	370250
sample	prose_heavy	stardict	raw	prefix	71	174750
sample	prose_heavy	stardict	raw	prefix	72	17000
sample	prose_heavy	stardict	raw	prefix	73	4375
sample	prose_heavy	stardict	raw	prefix	74	148750
sample	prose_heavy	stardict	raw	prefix	75	359459
sample	prose_heavy	stardict	raw	prefix	76	16583
sample	prose_heavy	stardict	raw	prefix	77	1959
sample	prose_heavy	stardict	raw	prefix	78	147209
sample	prose_heavy	stardict	raw	prefix	79	160875
sample	prose_heavy	stardict	raw	prefix	80	15167
sample	prose_heavy	stardict	raw	prefix	81	2833
sample	prose_heavy	stardict	raw	prefix	82	1695292
sample	prose_heavy	stardict	raw	prefix	83	164292
sample	prose_heavy	stardict	raw	prefix	84	9375
sample	prose_heavy	stardict	raw	prefix	85	750
sample	prose_heavy	stardict	raw	prefix	86	146500
sample	prose_heavy	stardict	raw	prefix	87	163959
sample	prose_heavy	stardict	raw	prefix	88	10125
sample	prose_heavy	stardict	raw	prefix	89	3125
sample	prose_heavy	stardict	raw	prefix	90	144917
sample	prose_heavy	stardict	raw	prefix	91	162291
sample	prose_heavy	stardict	raw	prefix	92	14708
sample	prose_heavy	stardict	raw	prefix	93	7833
sample	prose_heavy	stardict	raw	prefix	94	157750
sample	prose_heavy	stardict	raw	prefix	95	1046292
sample	prose_heavy	stardict	raw	prefix	96	10792
sample	prose_heavy	stardict	raw	prefix	97	2917
sample	prose_heavy	stardict	raw	prefix	98	713958
sample	prose_heavy	stardict	raw	prefix	99	157125
sample	prose_heavy	stardict	raw	prefix	100	35625
sample	prose_heavy	stardict	raw	prefix	101	2875
sample	prose_heavy	stardict	raw	prefix	102	153917
sample	prose_heavy	stardict	raw	prefix	103	177291
sample	prose_heavy	stardict	raw	prefix	104	17958
sample	prose_heavy	stardict	raw	prefix	105	3833
sample	prose_heavy	stardict	raw	prefix	106	147083
sample	prose_heavy	stardict	raw	prefix	107	171583
sample	prose_heavy	stardict	raw	prefix	108	6084
sample	prose_heavy	stardict	raw	prefix	109	792
sample	prose_heavy	stardict	raw	prefix	110	143375
sample	prose_heavy	stardict	raw	prefix	111	174791
sample	prose_heavy	stardict	raw	prefix	112	16125
sample	prose_heavy	stardict	raw	prefix	113	7250
sample	prose_heavy	stardict	raw	prefix	114	150834
sample	prose_heavy	stardict	raw	prefix	115	160292
sample	prose_heavy	stardict	raw	prefix	116	37208
sample	prose_heavy	stardict	raw	prefix	117	10750
sample	prose_heavy	stardict	raw	prefix	118	479750
sample	prose_heavy	stardict	raw	prefix	119	1492625
sample	prose_heavy	stardict	raw	prefix	120	11625
sample	prose_heavy	stardict	raw	prefix	121	2708
sample	prose_heavy	stardict	raw	prefix	122	153959
sample	prose_heavy	stardict	raw	prefix	123	183917
sample	prose_heavy	stardict	raw	prefix	124	20541
sample	prose_heavy	stardict	raw	prefix	125	4833
sample	prose_heavy	stardict	raw	prefix	126	387375
sample	prose_heavy	stardict	raw	prefix	127	415042
sample	prose_heavy	stardict	raw	prefix	128	17958
sample	prose_heavy	stardict	raw	prefix	129	7542
sample	prose_heavy	stardict	raw	prefix	130	386083
sample	prose_heavy	stardict	raw	prefix	131	163125
sample	prose_heavy	stardict	raw	prefix	132	16000
sample	prose_heavy	stardict	raw	prefix	133	1000
sample	prose_heavy	stardict	raw	prefix	134	147959
sample	prose_heavy	stardict	raw	prefix	135	410167
sample	prose_heavy	stardict	raw	prefix	136	18208
sample	prose_heavy	stardict	raw	prefix	137	3042
sample	prose_heavy	stardict	raw	prefix	138	153125
sample	prose_heavy	stardict	raw	prefix	139	162125
sample	prose_heavy	stardict	raw	prefix	140	11625
sample	prose_heavy	stardict	raw	prefix	141	709
sample	prose_heavy	stardict	raw	prefix	142	148542
sample	prose_heavy	stardict	raw	prefix	143	185125
sample	prose_heavy	stardict	raw	prefix	144	13291
sample	prose_heavy	stardict	raw	prefix	145	4625
sample	prose_heavy	stardict	raw	prefix	146	514583
sample	prose_heavy	stardict	raw	prefix	147	815083
sample	prose_heavy	stardict	raw	prefix	148	6875
sample	prose_heavy	stardict	raw	prefix	149	625
sample	prose_heavy	stardict	raw	prefix	150	149208
sample	prose_heavy	stardict	raw	prefix	151	376834
sample	prose_heavy	stardict	raw	prefix	152	5959
sample	prose_heavy	stardict	raw	prefix	153	2708
sample	prose_heavy	stardict	raw	prefix	154	156250
sample	prose_heavy	stardict	raw	prefix	155	222417
sample	prose_heavy	stardict	raw	prefix	156	23917
sample	prose_heavy	stardict	raw	prefix	157	5042
sample	prose_heavy	stardict	raw	prefix	158	406375
sample	prose_heavy	stardict	raw	prefix	159	436083
sample	prose_heavy	stardict	raw	prefix	160	11208
sample	prose_heavy	stardict	raw	prefix	161	2792
sample	prose_heavy	stardict	raw	prefix	162	147375
sample	prose_heavy	stardict	raw	prefix	163	151958
sample	prose_heavy	stardict	raw	prefix	164	15792
sample	prose_heavy	stardict	raw	prefix	165	792
sample	prose_heavy	stardict	raw	prefix	166	201542
sample	prose_heavy	stardict	raw	prefix	167	454833
sample	prose_heavy	stardict	raw	prefix	168	10541
sample	prose_heavy	stardict	raw	prefix	169	4875
sample	prose_heavy	stardict	raw	prefix	170	152375
sample	prose_heavy	stardict	raw	prefix	171	158625
sample	prose_heavy	stardict	raw	prefix	172	8791
sample	prose_heavy	stardict	raw	prefix	173	750
sample	prose_heavy	stardict	raw	prefix	174	185708
sample	prose_heavy	stardict	raw	prefix	175	159334
sample	prose_heavy	stardict	raw	prefix	176	10083
sample	prose_heavy	stardict	raw	prefix	177	3250
sample	prose_heavy	stardict	raw	prefix	178	148208
sample	prose_heavy	stardict	raw	prefix	179	153833
sample	prose_heavy	stardict	raw	prefix	180	9500
sample	prose_heavy	stardict	raw	prefix	181	750
sample	prose_heavy	stardict	raw	prefix	182	166166
sample	prose_heavy	stardict	raw	prefix	183	412667
sample	prose_heavy	stardict	raw	prefix	184	10875
sample	prose_heavy	stardict	raw	prefix	185	6709
sample	prose_heavy	stardict	raw	prefix	186	404334
sample	prose_heavy	stardict	raw	prefix	187	166000
sample	prose_heavy	stardict	raw	prefix	188	19917
sample	prose_heavy	stardict	raw	prefix	189	791
sample	prose_heavy	stardict	raw	prefix	190	1664625
sample	prose_heavy	stardict	raw	prefix	191	162208
sample	prose_heavy	stardict	raw	prefix	192	17625
sample	prose_heavy	stardict	raw	prefix	193	4666
sample	prose_heavy	stardict	raw	prefix	194	398541
sample	prose_heavy	stardict	raw	prefix	195	506375
sample	prose_heavy	stardict	raw	prefix	196	11209
sample	prose_heavy	stardict	raw	prefix	197	583
sample	prose_heavy	stardict	raw	prefix	198	314959
sample	prose_heavy	stardict	raw	prefix	199	211834
sample	prose_heavy	stardict	raw	prefix	200	19541
sample	prose_heavy	stardict	raw	prefix	201	7750
sample	prose_heavy	stardict	raw	prefix	202	151458
sample	prose_heavy	stardict	raw	prefix	203	160417
sample	prose_heavy	stardict	raw	prefix	204	16583
sample	prose_heavy	stardict	raw	prefix	205	958
sample	prose_heavy	stardict	raw	prefix	206	503875
sample	prose_heavy	stardict	raw	prefix	207	165084
sample	prose_heavy	stardict	raw	prefix	208	5458
sample	prose_heavy	stardict	raw	prefix	209	5791
sample	prose_heavy	stardict	raw	prefix	210	157875
sample	prose_heavy	stardict	raw	prefix	211	152833
sample	prose_heavy	stardict	raw	prefix	212	12583
sample	prose_heavy	stardict	raw	prefix	213	792
sample	prose_heavy	stardict	raw	prefix	214	145583
sample	prose_heavy	stardict	raw	prefix	215	160834
sample	prose_heavy	stardict	raw	prefix	216	4875
sample	prose_heavy	stardict	raw	prefix	217	2583
sample	prose_heavy	stardict	raw	prefix	218	196125
sample	prose_heavy	stardict	raw	prefix	219	150500
sample	prose_heavy	stardict	raw	prefix	220	11625
sample	prose_heavy	stardict	raw	prefix	221	708
sample	prose_heavy	stardict	raw	prefix	222	146125
sample	prose_heavy	stardict	raw	prefix	223	1255417
sample	prose_heavy	stardict	raw	prefix	224	11458
sample	prose_heavy	stardict	raw	prefix	225	2333
sample	prose_heavy	stardict	raw	prefix	226	1640792
sample	prose_heavy	stardict	raw	prefix	227	345542
sample	prose_heavy	stardict	raw	prefix	228	15500
sample	prose_heavy	stardict	raw	prefix	229	833
sample	prose_heavy	stardict	raw	prefix	230	149500
sample	prose_heavy	stardict	raw	prefix	231	162458
sample	prose_heavy	stardict	raw	prefix	232	12042
sample	prose_heavy	stardict	raw	prefix	233	2750
sample	prose_heavy	stardict	raw	prefix	234	148375
sample	prose_heavy	stardict	raw	prefix	235	155834
sample	prose_heavy	stardict	raw	prefix	236	10958
sample	prose_heavy	stardict	raw	prefix	237	833
sample	prose_heavy	stardict	raw	prefix	238	157750
sample	prose_heavy	stardict	raw	prefix	239	158125
sample	prose_heavy	stardict	raw	prefix	240	6041
sample	prose_heavy	stardict	raw	prefix	241	2334
sample	prose_heavy	stardict	raw	prefix	242	146541
sample	prose_heavy	stardict	raw	prefix	243	162459
sample	prose_heavy	stardict	raw	prefix	244	15000
sample	prose_heavy	stardict	raw	prefix	245	750
sample	prose_heavy	stardict	raw	prefix	246	148417
sample	prose_heavy	stardict	raw	prefix	247	162083
sample	prose_heavy	stardict	raw	prefix	248	12083
sample	prose_heavy	stardict	raw	prefix	249	2625
sample	prose_heavy	stardict	raw	prefix	250	149708
sample	prose_heavy	stardict	raw	prefix	251	157167
sample	prose_heavy	stardict	raw	prefix	252	18167
sample	prose_heavy	stardict	raw	prefix	253	2708
sample	prose_heavy	stardict	raw	prefix	254	385667
sample	prose_heavy	stardict	raw	prefix	255	166750
sample	prose_heavy	stardict	raw	prefix	256	10916
sample	prose_heavy	stardict	raw	prefix	257	2584
sample	prose_heavy	stardict	raw	prefix	258	145333
sample	prose_heavy	stardict	raw	prefix	259	162750
sample	prose_heavy	stardict	raw	prefix	260	13583
sample	prose_heavy	stardict	raw	prefix	261	5958
sample	prose_heavy	stardict	raw	prefix	262	480291
sample	prose_heavy	stardict	raw	prefix	263	1906291
sample	prose_heavy	stardict	raw	prefix	264	11917
sample	prose_heavy	stardict	raw	prefix	265	4459
sample	prose_heavy	stardict	raw	prefix	266	370750
sample	prose_heavy	stardict	raw	prefix	267	200542
sample	prose_heavy	stardict	raw	prefix	268	22083
sample	prose_heavy	stardict	raw	prefix	269	2875
sample	prose_heavy	stardict	raw	prefix	270	152584
sample	prose_heavy	stardict	raw	prefix	271	463042
sample	prose_heavy	stardict	raw	prefix	272	29667
sample	prose_heavy	stardict	raw	prefix	273	6375
sample	prose_heavy	stardict	raw	prefix	274	406583
sample	prose_heavy	stardict	raw	prefix	275	518334
sample	prose_heavy	stardict	raw	prefix	276	14459
sample	prose_heavy	stardict	raw	prefix	277	5375
sample	prose_heavy	stardict	raw	prefix	278	386875
sample	prose_heavy	stardict	raw	prefix	279	162208
sample	prose_heavy	stardict	raw	prefix	280	10625
sample	prose_heavy	stardict	raw	prefix	281	2792
sample	prose_heavy	stardict	raw	prefix	282	148333
sample	prose_heavy	stardict	raw	prefix	283	170250
sample	prose_heavy	stardict	raw	prefix	284	11084
sample	prose_heavy	stardict	raw	prefix	285	750
sample	prose_heavy	stardict	raw	prefix	286	152875
sample	prose_heavy	stardict	raw	prefix	287	158292
sample	prose_heavy	stardict	raw	prefix	288	4875
sample	prose_heavy	stardict	raw	prefix	289	1916
sample	prose_heavy	stardict	raw	prefix	290	142167
sample	prose_heavy	stardict	raw	prefix	291	163709
sample	prose_heavy	stardict	raw	prefix	292	26583
sample	prose_heavy	stardict	raw	prefix	293	6208
sample	prose_heavy	stardict	raw	prefix	294	387000
sample	prose_heavy	stardict	raw	prefix	295	439917
sample	prose_heavy	stardict	raw	prefix	296	18291
sample	prose_heavy	stardict	raw	prefix	297	20125
sample	prose_heavy	stardict	raw	prefix	298	645167
sample	prose_heavy	stardict	raw	prefix	299	162208
sample	prose_heavy	stardict	raw	prefix	300	13667
sample	prose_heavy	stardict	raw	prefix	301	5416
sample	prose_heavy	stardict	raw	prefix	302	149500
sample	prose_heavy	stardict	raw	prefix	303	238417
sample	prose_heavy	stardict	raw	prefix	304	25750
sample	prose_heavy	stardict	raw	prefix	305	6667
sample	prose_heavy	stardict	raw	prefix	306	482083
sample	prose_heavy	stardict	raw	prefix	307	159708
sample	prose_heavy	stardict	raw	prefix	308	12875
sample	prose_heavy	stardict	raw	prefix	309	11541
sample	prose_heavy	stardict	raw	prefix	310	312209
sample	prose_heavy	stardict	raw	prefix	311	432750
sample	prose_heavy	stardict	raw	prefix	312	16125
sample	prose_heavy	stardict	raw	prefix	313	3333
sample	prose_heavy	stardict	raw	prefix	314	307042
sample	prose_heavy	stardict	raw	prefix	315	156917
sample	prose_heavy	stardict	raw	prefix	316	9750
sample	prose_heavy	stardict	raw	prefix	317	708
sample	prose_heavy	stardict	raw	prefix	318	325625
sample	prose_heavy	stardict	raw	prefix	319	169833
sample	prose_heavy	stardict	raw	prefix	320	10583
sample	prose_heavy	stardict	raw	prefix	321	2625
sample	prose_heavy	stardict	raw	prefix	322	148667
sample	prose_heavy	stardict	raw	prefix	323	160042
sample	prose_heavy	stardict	raw	prefix	324	14750
sample	prose_heavy	stardict	raw	prefix	325	5541
sample	prose_heavy	stardict	raw	prefix	326	351541
sample	prose_heavy	stardict	raw	prefix	327	513584
sample	prose_heavy	stardict	raw	prefix	328	9500
sample	prose_heavy	stardict	raw	prefix	329	3000
sample	prose_heavy	stardict	raw	prefix	330	150334
sample	prose_heavy	stardict	raw	prefix	331	163750
sample	prose_heavy	stardict	raw	prefix	332	16583
sample	prose_heavy	stardict	raw	prefix	333	958
sample	prose_heavy	stardict	raw	prefix	334	154542
sample	prose_heavy	stardict	raw	prefix	335	170583
sample	prose_heavy	stardict	raw	prefix	336	8541
sample	prose_heavy	stardict	raw	prefix	337	3125
sample	prose_heavy	stardict	raw	prefix	338	148333
sample	prose_heavy	stardict	raw	prefix	339	156750
sample	prose_heavy	stardict	raw	prefix	340	21250
sample	prose_heavy	stardict	raw	prefix	341	3208
sample	prose_heavy	stardict	raw	prefix	342	149917
sample	prose_heavy	stardict	raw	prefix	343	161208
sample	prose_heavy	stardict	raw	prefix	344	8083
sample	prose_heavy	stardict	raw	prefix	345	2083
sample	prose_heavy	stardict	raw	prefix	346	148250
sample	prose_heavy	stardict	raw	prefix	347	362541
sample	prose_heavy	stardict	raw	prefix	348	18542
sample	prose_heavy	stardict	raw	prefix	349	2791
sample	prose_heavy	stardict	raw	prefix	350	404791
sample	prose_heavy	stardict	raw	prefix	351	571041
sample	prose_heavy	stardict	raw	prefix	352	6916
sample	prose_heavy	stardict	raw	prefix	353	1583
sample	prose_heavy	stardict	raw	prefix	354	169416
sample	prose_heavy	stardict	raw	prefix	355	447833
sample	prose_heavy	stardict	raw	prefix	356	11417
sample	prose_heavy	stardict	raw	prefix	357	750
sample	prose_heavy	stardict	raw	prefix	358	148000
sample	prose_heavy	stardict	raw	prefix	359	163833
sample	prose_heavy	stardict	raw	prefix	360	17083
sample	prose_heavy	stardict	raw	prefix	361	5958
sample	prose_heavy	stardict	raw	prefix	362	407750
sample	prose_heavy	stardict	raw	prefix	363	172167
sample	prose_heavy	stardict	raw	prefix	364	23250
sample	prose_heavy	stardict	raw	prefix	365	8250
sample	prose_heavy	stardict	raw	prefix	366	452958
sample	prose_heavy	stardict	raw	prefix	367	162875
sample	prose_heavy	stardict	raw	prefix	368	18167
sample	prose_heavy	stardict	raw	prefix	369	5750
sample	prose_heavy	stardict	raw	prefix	370	324334
sample	prose_heavy	stardict	raw	prefix	371	159542
sample	prose_heavy	stardict	raw	prefix	372	38709
sample	prose_heavy	stardict	raw	prefix	373	2792
sample	prose_heavy	stardict	raw	prefix	374	155500
sample	prose_heavy	stardict	raw	prefix	375	667083
sample	prose_heavy	stardict	raw	prefix	376	10625
sample	prose_heavy	stardict	raw	prefix	377	2916
sample	prose_heavy	stardict	raw	prefix	378	147958
sample	prose_heavy	stardict	raw	prefix	379	396625
sample	prose_heavy	stardict	raw	prefix	380	17208
sample	prose_heavy	stardict	raw	prefix	381	833
sample	prose_heavy	stardict	raw	prefix	382	1294250
sample	prose_heavy	stardict	raw	prefix	383	1450167
sample	prose_heavy	stardict	raw	prefix	384	10000
sample	prose_heavy	stardict	raw	prefix	385	7792
sample	prose_heavy	stardict	raw	prefix	386	266833
sample	prose_heavy	stardict	raw	prefix	387	183375
sample	prose_heavy	stardict	raw	prefix	388	31500
sample	prose_heavy	stardict	raw	prefix	389	4708
sample	prose_heavy	stardict	raw	prefix	390	459541
sample	prose_heavy	stardict	raw	prefix	391	191125
sample	prose_heavy	stardict	raw	prefix	392	20083
sample	prose_heavy	stardict	raw	prefix	393	5333
sample	prose_heavy	stardict	raw	prefix	394	150583
sample	prose_heavy	stardict	raw	prefix	395	167542
sample	prose_heavy	stardict	raw	prefix	396	29292
sample	prose_heavy	stardict	raw	prefix	397	5125
sample	prose_heavy	stardict	raw	prefix	398	154834
sample	prose_heavy	stardict	raw	prefix	399	479417
sample	prose_heavy	stardict	raw	prefix	400	11958
sample	prose_heavy	stardict	raw	prefix	401	2709
sample	prose_heavy	stardict	raw	prefix	402	147709
sample	prose_heavy	stardict	raw	prefix	403	167625
sample	prose_heavy	stardict	raw	prefix	404	24917
sample	prose_heavy	stardict	raw	prefix	405	4875
sample	prose_heavy	stardict	raw	prefix	406	148667
sample	prose_heavy	stardict	raw	prefix	407	167334
sample	prose_heavy	stardict	raw	prefix	408	8834
sample	prose_heavy	stardict	raw	prefix	409	2541
sample	prose_heavy	stardict	raw	prefix	410	147166
sample	prose_heavy	stardict	raw	prefix	411	413417
sample	prose_heavy	stardict	raw	prefix	412	15000
sample	prose_heavy	stardict	raw	prefix	413	875
sample	prose_heavy	stardict	raw	prefix	414	153834
sample	prose_heavy	stardict	raw	prefix	415	151375
sample	prose_heavy	stardict	raw	prefix	416	15958
sample	prose_heavy	stardict	raw	prefix	417	7167
sample	prose_heavy	stardict	raw	prefix	418	267791
sample	prose_heavy	stardict	raw	prefix	419	148500
sample	prose_heavy	stardict	raw	prefix	420	9459
sample	prose_heavy	stardict	raw	prefix	421	709
sample	prose_heavy	stardict	raw	prefix	422	287417
sample	prose_heavy	stardict	raw	prefix	423	162417
sample	prose_heavy	stardict	raw	prefix	424	11625
sample	prose_heavy	stardict	raw	prefix	425	3875
sample	prose_heavy	stardict	raw	prefix	426	151042
sample	prose_heavy	stardict	raw	prefix	427	162750
sample	prose_heavy	stardict	raw	prefix	428	28000
sample	prose_heavy	stardict	raw	prefix	429	3958
sample	prose_heavy	stardict	raw	prefix	430	294125
sample	prose_heavy	stardict	raw	prefix	431	163083
sample	prose_heavy	stardict	raw	prefix	432	19750
sample	prose_heavy	stardict	raw	prefix	433	5958
sample	prose_heavy	stardict	raw	prefix	434	150209
sample	prose_heavy	stardict	raw	prefix	435	175000
sample	prose_heavy	stardict	raw	prefix	436	13459
sample	prose_heavy	stardict	raw	prefix	437	958
sample	prose_heavy	stardict	raw	prefix	438	276208
sample	prose_heavy	stardict	raw	prefix	439	258625
sample	prose_heavy	stardict	raw	prefix	440	9000
sample	prose_heavy	stardict	raw	prefix	441	2500
sample	prose_heavy	stardict	raw	prefix	442	144833
sample	prose_heavy	stardict	raw	prefix	443	194959
sample	prose_heavy	stardict	raw	prefix	444	8125
sample	prose_heavy	stardict	raw	prefix	445	750
sample	prose_heavy	stardict	raw	prefix	446	150750
sample	prose_heavy	stardict	raw	prefix	447	214958
sample	prose_heavy	stardict	raw	prefix	448	5916
sample	prose_heavy	stardict	raw	prefix	449	2792
sample	prose_heavy	stardict	raw	prefix	450	351500
sample	prose_heavy	stardict	raw	prefix	451	430500
sample	prose_heavy	stardict	raw	prefix	452	23375
sample	prose_heavy	stardict	raw	prefix	453	3125
sample	prose_heavy	stardict	raw	prefix	454	153084
sample	prose_heavy	stardict	raw	prefix	455	180584
sample	prose_heavy	stardict	raw	prefix	456	10750
sample	prose_heavy	stardict	raw	prefix	457	2834
sample	prose_heavy	stardict	raw	prefix	458	151208
sample	prose_heavy	stardict	raw	prefix	459	399708
sample	prose_heavy	stardict	raw	prefix	460	38083
sample	prose_heavy	stardict	raw	prefix	461	2167
sample	prose_heavy	stardict	raw	prefix	462	169500
sample	prose_heavy	stardict	raw	prefix	463	244708
sample	prose_heavy	stardict	raw	prefix	464	8666
sample	prose_heavy	stardict	raw	prefix	465	2708
sample	prose_heavy	stardict	raw	prefix	466	162000
sample	prose_heavy	stardict	raw	prefix	467	156875
sample	prose_heavy	stardict	raw	prefix	468	14250
sample	prose_heavy	stardict	raw	prefix	469	916
sample	prose_heavy	stardict	raw	prefix	470	150791
sample	prose_heavy	stardict	raw	prefix	471	421250
sample	prose_heavy	stardict	raw	prefix	472	20500
sample	prose_heavy	stardict	raw	prefix	473	11083
sample	prose_heavy	stardict	raw	prefix	474	447667
sample	prose_heavy	stardict	raw	prefix	475	158333
sample	prose_heavy	stardict	raw	prefix	476	12917
sample	prose_heavy	stardict	raw	prefix	477	959
sample	prose_heavy	stardict	raw	prefix	478	148584
sample	prose_heavy	stardict	raw	prefix	479	184708
sample	prose_heavy	stardict	raw	prefix	480	15833
sample	prose_heavy	stardict	raw	prefix	481	15500
sample	prose_heavy	stardict	raw	prefix	482	479583
sample	prose_heavy	stardict	raw	prefix	483	158833
sample	prose_heavy	stardict	raw	prefix	484	14083
sample	prose_heavy	stardict	raw	prefix	485	875
sample	prose_heavy	stardict	raw	prefix	486	150625
sample	prose_heavy	stardict	raw	prefix	487	670583
sample	prose_heavy	stardict	raw	prefix	488	12667
sample	prose_heavy	stardict	raw	prefix	489	2750
sample	prose_heavy	stardict	raw	prefix	490	544292
sample	prose_heavy	stardict	raw	prefix	491	161708
sample	prose_heavy	stardict	raw	prefix	492	13500
sample	prose_heavy	stardict	raw	prefix	493	750
sample	prose_heavy	stardict	raw	prefix	494	152833
sample	prose_heavy	stardict	raw	prefix	495	151750
sample	prose_heavy	stardict	raw	prefix	496	13292
sample	prose_heavy	stardict	raw	prefix	497	2667
sample	prose_heavy	stardict	raw	prefix	498	151667
sample	prose_heavy	stardict	raw	prefix	499	150375
sample	prose_heavy	stardict	raw	prefix	500	10584
sample	prose_heavy	stardict	raw	prefix	501	1375
sample	prose_heavy	stardict	raw	prefix	502	148625
sample	prose_heavy	stardict	raw	prefix	503	569209
sample	prose_heavy	stardict	raw	prefix	504	6791
sample	prose_heavy	stardict	raw	prefix	505	2416
sample	prose_heavy	stardict	raw	prefix	506	147250
sample	prose_heavy	stardict	raw	prefix	507	317333
sample	prose_heavy	stardict	raw	prefix	508	58333
sample	prose_heavy	stardict	raw	prefix	509	3791
sample	prose_heavy	stardict	raw	prefix	510	160250
sample	prose_heavy	stardict	raw	prefix	511	447583
sample	prose_heavy	stardict	raw	prefix	512	23084
sample	prose_heavy	stardict	raw	prefix	513	10958
sample	prose_heavy	stardict	raw	prefix	514	263750
sample	prose_heavy	stardict	raw	prefix	515	153083
sample	prose_heavy	stardict	raw	prefix	516	13000
sample	prose_heavy	stardict	raw	prefix	517	5542
sample	prose_heavy	stardict	raw	prefix	518	411125
sample	prose_heavy	stardict	raw	prefix	519	164583
sample	prose_heavy	stardict	raw	prefix	520	5542
sample	prose_heavy	stardict	raw	prefix	521	1958
sample	prose_heavy	stardict	raw	prefix	522	144542
sample	prose_heavy	stardict	raw	prefix	523	237084
sample	prose_heavy	stardict	raw	prefix	524	11625
sample	prose_heavy	stardict	raw	prefix	525	834
sample	prose_heavy	stardict	raw	prefix	526	150083
sample	prose_heavy	stardict	raw	prefix	527	466500
sample	prose_heavy	stardict	raw	prefix	528	14750
sample	prose_heavy	stardict	raw	prefix	529	8083
sample	prose_heavy	stardict	raw	prefix	530	520375
sample	prose_heavy	stardict	raw	prefix	531	195250
sample	prose_heavy	stardict	raw	prefix	532	12916
sample	prose_heavy	stardict	raw	prefix	533	833
sample	prose_heavy	stardict	raw	prefix	534	149666
sample	prose_heavy	stardict	raw	prefix	535	151667
sample	prose_heavy	stardict	raw	prefix	536	19333
sample	prose_heavy	stardict	raw	prefix	537	3208
sample	prose_heavy	stardict	raw	prefix	538	154542
sample	prose_heavy	stardict	raw	prefix	539	168042
sample	prose_heavy	stardict	raw	prefix	540	20041
sample	prose_heavy	stardict	raw	prefix	541	3250
sample	prose_heavy	stardict	raw	prefix	542	149292
sample	prose_heavy	stardict	raw	prefix	543	173125
sample	prose_heavy	stardict	raw	prefix	544	16959
sample	prose_heavy	stardict	raw	prefix	545	5083
sample	prose_heavy	stardict	raw	prefix	546	406291
sample	prose_heavy	stardict	raw	prefix	547	1545875
sample	prose_heavy	stardict	raw	prefix	548	11334
sample	prose_heavy	stardict	raw	prefix	549	666
sample	prose_heavy	stardict	raw	prefix	550	393125
sample	prose_heavy	stardict	raw	prefix	551	168792
sample	prose_heavy	stardict	raw	prefix	552	16417
sample	prose_heavy	stardict	raw	prefix	553	5417
sample	prose_heavy	stardict	raw	prefix	554	334000
sample	prose_heavy	stardict	raw	prefix	555	157417
sample	prose_heavy	stardict	raw	prefix	556	22084
sample	prose_heavy	stardict	raw	prefix	557	5750
sample	prose_heavy	stardict	raw	prefix	558	438417
sample	prose_heavy	stardict	raw	prefix	559	162667
sample	prose_heavy	stardict	raw	prefix	560	11167
sample	prose_heavy	stardict	raw	prefix	561	8375
sample	prose_heavy	stardict	raw	prefix	562	1307833
sample	prose_heavy	stardict	raw	prefix	563	164750
sample	prose_heavy	stardict	raw	prefix	564	15958
sample	prose_heavy	stardict	raw	prefix	565	875
sample	prose_heavy	stardict	raw	prefix	566	149083
sample	prose_heavy	stardict	raw	prefix	567	163167
sample	prose_heavy	stardict	raw	prefix	568	12125
sample	prose_heavy	stardict	raw	prefix	569	2917
sample	prose_heavy	stardict	raw	prefix	570	148917
sample	prose_heavy	stardict	raw	prefix	571	161667
sample	prose_heavy	stardict	raw	prefix	572	14917
sample	prose_heavy	stardict	raw	prefix	573	833
sample	prose_heavy	stardict	raw	prefix	574	147417
sample	prose_heavy	stardict	raw	prefix	575	321375
sample	prose_heavy	stardict	raw	prefix	576	10000
sample	prose_heavy	stardict	raw	prefix	577	2625
sample	prose_heavy	stardict	raw	prefix	578	147625
sample	prose_heavy	stardict	raw	prefix	579	165958
sample	prose_heavy	stardict	raw	prefix	580	14875
sample	prose_heavy	stardict	raw	prefix	581	5417
sample	prose_heavy	stardict	raw	prefix	582	149500
sample	prose_heavy	stardict	raw	prefix	583	161208
sample	prose_heavy	stardict	raw	prefix	584	9167
sample	prose_heavy	stardict	raw	prefix	585	2083
sample	prose_heavy	stardict	raw	prefix	586	148209
sample	prose_heavy	stardict	raw	prefix	587	487292
sample	prose_heavy	stardict	raw	prefix	588	14708
sample	prose_heavy	stardict	raw	prefix	589	792
sample	prose_heavy	stardict	raw	prefix	590	147709
sample	prose_heavy	stardict	raw	prefix	591	163333
sample	prose_heavy	stardict	raw	prefix	592	16791
sample	prose_heavy	stardict	raw	prefix	593	2417
sample	prose_heavy	stardict	raw	prefix	594	456708
sample	prose_heavy	stardict	raw	prefix	595	161791
sample	prose_heavy	stardict	raw	prefix	596	5459
sample	prose_heavy	stardict	raw	prefix	597	1459
sample	prose_heavy	stardict	raw	prefix	598	172417
sample	prose_heavy	stardict	raw	prefix	599	243583
sample	prose_heavy	stardict	raw	prefix	600	14042
sample	prose_heavy	stardict	raw	prefix	601	5708
sample	prose_heavy	stardict	raw	prefix	602	157041
sample	prose_heavy	stardict	raw	prefix	603	234416
sample	prose_heavy	stardict	raw	prefix	604	18208
sample	prose_heavy	stardict	raw	prefix	605	3292
sample	prose_heavy	stardict	raw	prefix	606	152708
sample	prose_heavy	stardict	raw	prefix	607	331667
sample	prose_heavy	stardict	raw	prefix	608	11875
sample	prose_heavy	stardict	raw	prefix	609	2084
sample	prose_heavy	stardict	raw	prefix	610	150375
sample	prose_heavy	stardict	raw	prefix	611	162375
sample	prose_heavy	stardict	raw	prefix	612	15375
sample	prose_heavy	stardict	raw	prefix	613	750
sample	prose_heavy	stardict	raw	prefix	614	149208
sample	prose_heavy	stardict	raw	prefix	615	172250
sample	prose_heavy	stardict	raw	prefix	616	15041
sample	prose_heavy	stardict	raw	prefix	617	8958
sample	prose_heavy	stardict	raw	prefix	618	434750
sample	prose_heavy	stardict	raw	prefix	619	1360000
sample	prose_heavy	stardict	raw	prefix	620	13875
sample	prose_heavy	stardict	raw	prefix	621	875
sample	prose_heavy	stardict	raw	prefix	622	246041
sample	prose_heavy	stardict	raw	prefix	623	162958
sample	prose_heavy	stardict	raw	prefix	624	7125
sample	prose_heavy	stardict	raw	prefix	625	2167
sample	prose_heavy	stardict	raw	prefix	626	348042
sample	prose_heavy	stardict	raw	prefix	627	163542
sample	prose_heavy	stardict	raw	prefix	628	12625
sample	prose_heavy	stardict	raw	prefix	629	708
sample	prose_heavy	stardict	raw	prefix	630	376583
sample	prose_heavy	stardict	raw	prefix	631	887042
sample	prose_heavy	stardict	raw	prefix	632	10500
sample	prose_heavy	stardict	raw	prefix	633	66375
sample	prose_heavy	stardict	raw	prefix	634	443458
sample	prose_heavy	stardict	raw	prefix	635	563250
sample	prose_heavy	stardict	raw	prefix	636	21000
sample	prose_heavy	stardict	raw	prefix	637	2708
sample	prose_heavy	stardict	raw	prefix	638	152583
sample	prose_heavy	stardict	raw	prefix	639	169625
sample	prose_heavy	stardict	raw	prefix	640	17166
sample	prose_heavy	stardict	raw	prefix	641	5459
sample	prose_heavy	stardict	raw	prefix	642	151916
sample	prose_heavy	stardict	raw	prefix	643	167791
sample	prose_heavy	stardict	raw	prefix	644	12458
sample	prose_heavy	stardict	raw	prefix	645	833
sample	prose_heavy	stardict	raw	prefix	646	150875
sample	prose_heavy	stardict	raw	prefix	647	170625
sample	prose_heavy	stardict	raw	prefix	648	5167
sample	prose_heavy	stardict	raw	prefix	649	2417
sample	prose_heavy	stardict	raw	prefix	650	148583
sample	prose_heavy	stardict	raw	prefix	651	502125
sample	prose_heavy	stardict	raw	prefix	652	18000
sample	prose_heavy	stardict	raw	prefix	653	1750
sample	prose_heavy	stardict	raw	prefix	654	150375
sample	prose_heavy	stardict	raw	prefix	655	360209
sample	prose_heavy	stardict	raw	prefix	656	11333
sample	prose_heavy	stardict	raw	prefix	657	2708
sample	prose_heavy	stardict	raw	prefix	658	149542
sample	prose_heavy	stardict	raw	prefix	659	701000
sample	prose_heavy	stardict	raw	prefix	660	21375
sample	prose_heavy	stardict	raw	prefix	661	5083
sample	prose_heavy	stardict	raw	prefix	662	557041
sample	prose_heavy	stardict	raw	prefix	663	513458
sample	prose_heavy	stardict	raw	prefix	664	10167
sample	prose_heavy	stardict	raw	prefix	665	4834
sample	prose_heavy	stardict	raw	prefix	666	150834
sample	prose_heavy	stardict	raw	prefix	667	159208
sample	prose_heavy	stardict	raw	prefix	668	21375
sample	prose_heavy	stardict	raw	prefix	669	1083
sample	prose_heavy	stardict	raw	prefix	670	154875
sample	prose_heavy	stardict	raw	prefix	671	230500
sample	prose_heavy	stardict	raw	prefix	672	11792
sample	prose_heavy	stardict	raw	prefix	673	3125
sample	prose_heavy	stardict	raw	prefix	674	1435500
sample	prose_heavy	stardict	raw	prefix	675	160041
sample	prose_heavy	stardict	raw	prefix	676	17541
sample	prose_heavy	stardict	raw	prefix	677	1000
sample	prose_heavy	stardict	raw	prefix	678	259541
sample	prose_heavy	stardict	raw	prefix	679	154458
sample	prose_heavy	stardict	raw	prefix	680	17958
sample	prose_heavy	stardict	raw	prefix	681	4708
sample	prose_heavy	stardict	raw	prefix	682	152500
sample	prose_heavy	stardict	raw	prefix	683	159750
sample	prose_heavy	stardict	raw	prefix	684	14833
sample	prose_heavy	stardict	raw	prefix	685	708
sample	prose_heavy	stardict	raw	prefix	686	151417
sample	prose_heavy	stardict	raw	prefix	687	163000
sample	prose_heavy	stardict	raw	prefix	688	9833
sample	prose_heavy	stardict	raw	prefix	689	2833
sample	prose_heavy	stardict	raw	prefix	690	151583
sample	prose_heavy	stardict	raw	prefix	691	667833
sample	prose_heavy	stardict	raw	prefix	692	8000
sample	prose_heavy	stardict	raw	prefix	693	750
sample	prose_heavy	stardict	raw	prefix	694	145959
sample	prose_heavy	stardict	raw	prefix	695	174042
sample	prose_heavy	stardict	raw	prefix	696	10083
sample	prose_heavy	stardict	raw	prefix	697	2709
sample	prose_heavy	stardict	raw	prefix	698	150416
sample	prose_heavy	stardict	raw	prefix	699	1510958
sample	prose_heavy	stardict	raw	prefix	700	14584
sample	prose_heavy	stardict	raw	prefix	701	959
sample	prose_heavy	stardict	raw	prefix	702	229875
sample	prose_heavy	stardict	raw	prefix	703	153417
sample	prose_heavy	stardict	raw	prefix	704	11250
sample	prose_heavy	stardict	raw	prefix	705	2209
sample	prose_heavy	stardict	raw	prefix	706	149125
sample	prose_heavy	stardict	raw	prefix	707	160209
sample	prose_heavy	stardict	raw	prefix	708	23791
sample	prose_heavy	stardict	raw	prefix	709	5500
sample	prose_heavy	stardict	raw	prefix	710	584708
sample	prose_heavy	stardict	raw	prefix	711	314333
sample	prose_heavy	stardict	raw	prefix	712	13375
sample	prose_heavy	stardict	raw	prefix	713	2833
sample	prose_heavy	stardict	raw	prefix	714	152833
sample	prose_heavy	stardict	raw	prefix	715	435042
sample	prose_heavy	stardict	raw	prefix	716	29792
sample	prose_heavy	stardict	raw	prefix	717	7083
sample	prose_heavy	stardict	raw	prefix	718	442583
sample	prose_heavy	stardict	raw	prefix	719	168458
sample	prose_heavy	stardict	raw	prefix	720	10958
sample	prose_heavy	stardict	raw	prefix	721	2750
sample	prose_heavy	stardict	raw	prefix	722	156708
sample	prose_heavy	stardict	raw	prefix	723	288166
sample	prose_heavy	stardict	raw	prefix	724	8042
sample	prose_heavy	stardict	raw	prefix	725	916
sample	prose_heavy	stardict	raw	prefix	726	150458
sample	prose_heavy	stardict	raw	prefix	727	165208
sample	prose_heavy	stardict	raw	prefix	728	24584
sample	prose_heavy	stardict	raw	prefix	729	10708
sample	prose_heavy	stardict	raw	prefix	730	151583
sample	prose_heavy	stardict	raw	prefix	731	226208
sample	prose_heavy	stardict	raw	prefix	732	10709
sample	prose_heavy	stardict	raw	prefix	733	7291
sample	prose_heavy	stardict	raw	prefix	734	154333
sample	prose_heavy	stardict	raw	prefix	735	185958
sample	prose_heavy	stardict	raw	prefix	736	13458
sample	prose_heavy	stardict	raw	prefix	737	3000
sample	prose_heavy	stardict	raw	prefix	738	400250
sample	prose_heavy	stardict	raw	prefix	739	162375
sample	prose_heavy	stardict	raw	prefix	740	11292
sample	prose_heavy	stardict	raw	prefix	741	875
sample	prose_heavy	stardict	raw	prefix	742	149041
sample	prose_heavy	stardict	raw	prefix	743	158292
sample	prose_heavy	stardict	raw	prefix	744	11334
sample	prose_heavy	stardict	raw	prefix	745	3917
sample	prose_heavy	stardict	raw	prefix	746	157833
sample	prose_heavy	stardict	raw	prefix	747	157083
sample	prose_heavy	stardict	raw	prefix	748	4625
sample	prose_heavy	stardict	raw	prefix	749	8583
sample	prose_heavy	stardict	raw	prefix	750	407042
sample	prose_heavy	stardict	raw	prefix	751	566500
sample	prose_heavy	stardict	raw	prefix	752	13333
sample	prose_heavy	stardict	raw	prefix	753	3167
sample	prose_heavy	stardict	raw	prefix	754	156917
sample	prose_heavy	stardict	raw	prefix	755	297542
sample	prose_heavy	stardict	raw	prefix	756	12042
sample	prose_heavy	stardict	raw	prefix	757	875
sample	prose_heavy	stardict	raw	prefix	758	149125
sample	prose_heavy	stardict	raw	prefix	759	164084
sample	prose_heavy	stardict	raw	prefix	760	10500
sample	prose_heavy	stardict	raw	prefix	761	2916
sample	prose_heavy	stardict	raw	prefix	762	149500
sample	prose_heavy	stardict	raw	prefix	763	152542
sample	prose_heavy	stardict	raw	prefix	764	9917
sample	prose_heavy	stardict	raw	prefix	765	792
sample	prose_heavy	stardict	raw	prefix	766	150916
sample	prose_heavy	stardict	raw	prefix	767	346667
sample	prose_heavy	stardict	raw	prefix	768	11833
sample	prose_heavy	stardict	raw	prefix	769	2417
sample	prose_heavy	stardict	raw	prefix	770	733708
sample	prose_heavy	stardict	raw	prefix	771	163334
sample	prose_heavy	stardict	raw	prefix	772	13209
sample	prose_heavy	stardict	raw	prefix	773	834
sample	prose_heavy	stardict	raw	prefix	774	147292
sample	prose_heavy	stardict	raw	prefix	775	172708
sample	prose_heavy	stardict	raw	prefix	776	9958
sample	prose_heavy	stardict	raw	prefix	777	3000
sample	prose_heavy	stardict	raw	prefix	778	153833
sample	prose_heavy	stardict	raw	prefix	779	164333
sample	prose_heavy	stardict	raw	prefix	780	5666
sample	prose_heavy	stardict	raw	prefix	781	6250
sample	prose_heavy	stardict	raw	prefix	782	393083
sample	prose_heavy	stardict	raw	prefix	783	171750
sample	prose_heavy	stardict	raw	prefix	784	9834
sample	prose_heavy	stardict	raw	prefix	785	2667
sample	prose_heavy	stardict	raw	prefix	786	149458
sample	prose_heavy	stardict	raw	prefix	787	149458
sample	prose_heavy	stardict	raw	prefix	788	16166
sample	prose_heavy	stardict	raw	prefix	789	2208
sample	prose_heavy	stardict	raw	prefix	790	160916
sample	prose_heavy	stardict	raw	prefix	791	176875
sample	prose_heavy	stardict	raw	prefix	792	5667
sample	prose_heavy	stardict	raw	prefix	793	2417
sample	prose_heavy	stardict	raw	prefix	794	159750
sample	prose_heavy	stardict	raw	prefix	795	160209
sample	prose_heavy	stardict	raw	prefix	796	12292
sample	prose_heavy	stardict	raw	prefix	797	1291
sample	prose_heavy	stardict	raw	prefix	798	150375
sample	prose_heavy	stardict	raw	prefix	799	163417
sample	prose_heavy	stardict	raw	prefix	800	12209
sample	prose_heavy	stardict	raw	prefix	801	3292
sample	prose_heavy	stardict	raw	prefix	802	145500
sample	prose_heavy	stardict	raw	prefix	803	442083
sample	prose_heavy	stardict	raw	prefix	804	23542
sample	prose_heavy	stardict	raw	prefix	805	2666
sample	prose_heavy	stardict	raw	prefix	806	694167
sample	prose_heavy	stardict	raw	prefix	807	162000
sample	prose_heavy	stardict	raw	prefix	808	17416
sample	prose_heavy	stardict	raw	prefix	809	6375
sample	prose_heavy	stardict	raw	prefix	810	463667
sample	prose_heavy	stardict	raw	prefix	811	1743791
sample	prose_heavy	stardict	raw	prefix	812	11667
sample	prose_heavy	stardict	raw	prefix	813	750
sample	prose_heavy	stardict	raw	prefix	814	151709
sample	prose_heavy	stardict	raw	prefix	815	412000
sample	prose_heavy	stardict	raw	prefix	816	10209
sample	prose_heavy	stardict	raw	prefix	817	3459
sample	prose_heavy	stardict	raw	prefix	818	152333
sample	prose_heavy	stardict	raw	prefix	819	154041
sample	prose_heavy	stardict	raw	prefix	820	13834
sample	prose_heavy	stardict	raw	prefix	821	709
sample	prose_heavy	stardict	raw	prefix	822	150625
sample	prose_heavy	stardict	raw	prefix	823	180375
sample	prose_heavy	stardict	raw	prefix	824	9542
sample	prose_heavy	stardict	raw	prefix	825	2542
sample	prose_heavy	stardict	raw	prefix	826	515917
sample	prose_heavy	stardict	raw	prefix	827	209208
sample	prose_heavy	stardict	raw	prefix	828	14125
sample	prose_heavy	stardict	raw	prefix	829	833
sample	prose_heavy	stardict	raw	prefix	830	196708
sample	prose_heavy	stardict	raw	prefix	831	499708
sample	prose_heavy	stardict	raw	prefix	832	7959
sample	prose_heavy	stardict	raw	prefix	833	1875
sample	prose_heavy	stardict	raw	prefix	834	161208
sample	prose_heavy	stardict	raw	prefix	835	169291
sample	prose_heavy	stardict	raw	prefix	836	4667
sample	prose_heavy	stardict	raw	prefix	837	667
sample	prose_heavy	stardict	raw	prefix	838	143917
sample	prose_heavy	stardict	raw	prefix	839	293125
sample	prose_heavy	stardict	raw	prefix	840	16375
sample	prose_heavy	stardict	raw	prefix	841	4084
sample	prose_heavy	stardict	raw	prefix	842	287000
sample	prose_heavy	stardict	raw	prefix	843	1092250
sample	prose_heavy	stardict	raw	prefix	844	9083
sample	prose_heavy	stardict	raw	prefix	845	709
sample	prose_heavy	stardict	raw	prefix	846	147666
sample	prose_heavy	stardict	raw	prefix	847	163625
sample	prose_heavy	stardict	raw	prefix	848	9750
sample	prose_heavy	stardict	raw	prefix	849	2292
sample	prose_heavy	stardict	raw	prefix	850	144834
sample	prose_heavy	stardict	raw	prefix	851	334709
sample	prose_heavy	stardict	raw	prefix	852	9584
sample	prose_heavy	stardict	raw	prefix	853	750
sample	prose_heavy	stardict	raw	prefix	854	145458
sample	prose_heavy	stardict	raw	prefix	855	401542
sample	prose_heavy	stardict	raw	prefix	856	20458
sample	prose_heavy	stardict	raw	prefix	857	8500
sample	prose_heavy	stardict	raw	prefix	858	393750
sample	prose_heavy	stardict	raw	prefix	859	163791
sample	prose_heavy	stardict	raw	prefix	860	35583
sample	prose_heavy	stardict	raw	prefix	861	5250
sample	prose_heavy	stardict	raw	prefix	862	149625
sample	prose_heavy	stardict	raw	prefix	863	160292
sample	prose_heavy	stardict	raw	prefix	864	9542
sample	prose_heavy	stardict	raw	prefix	865	2416
sample	prose_heavy	stardict	raw	prefix	866	166417
sample	prose_heavy	stardict	raw	prefix	867	164208
sample	prose_heavy	stardict	raw	prefix	868	13000
sample	prose_heavy	stardict	raw	prefix	869	708
sample	prose_heavy	stardict	raw	prefix	870	147958
sample	prose_heavy	stardict	raw	prefix	871	163625
sample	prose_heavy	stardict	raw	prefix	872	11916
sample	prose_heavy	stardict	raw	prefix	873	2584
sample	prose_heavy	stardict	raw	prefix	874	148625
sample	prose_heavy	stardict	raw	prefix	875	153833
sample	prose_heavy	stardict	raw	prefix	876	4208
sample	prose_heavy	stardict	raw	prefix	877	666
sample	prose_heavy	stardict	raw	prefix	878	142875
sample	prose_heavy	stardict	raw	prefix	879	371791
sample	prose_heavy	stardict	raw	prefix	880	10042
sample	prose_heavy	stardict	raw	prefix	881	2791
sample	prose_heavy	stardict	raw	prefix	882	147333
sample	prose_heavy	stardict	raw	prefix	883	736542
sample	prose_heavy	stardict	raw	prefix	884	10250
sample	prose_heavy	stardict	raw	prefix	885	834
sample	prose_heavy	stardict	raw	prefix	886	149292
sample	prose_heavy	stardict	raw	prefix	887	172167
sample	prose_heavy	stardict	raw	prefix	888	10250
sample	prose_heavy	stardict	raw	prefix	889	2292
sample	prose_heavy	stardict	raw	prefix	890	150166
sample	prose_heavy	stardict	raw	prefix	891	155208
sample	prose_heavy	stardict	raw	prefix	892	14959
sample	prose_heavy	stardict	raw	prefix	893	917
sample	prose_heavy	stardict	raw	prefix	894	154959
sample	prose_heavy	stardict	raw	prefix	895	428334
sample	prose_heavy	stardict	raw	prefix	896	10708
sample	prose_heavy	stardict	raw	prefix	897	2833
sample	prose_heavy	stardict	raw	prefix	898	172458
sample	prose_heavy	stardict	raw	prefix	899	387833
sample	prose_heavy	stardict	raw	prefix	900	10500
sample	prose_heavy	stardict	raw	prefix	901	875
sample	prose_heavy	stardict	raw	prefix	902	154583
sample	prose_heavy	stardict	raw	prefix	903	159709
sample	prose_heavy	stardict	raw	prefix	904	39500
sample	prose_heavy	stardict	raw	prefix	905	6667
sample	prose_heavy	stardict	raw	prefix	906	494167
sample	prose_heavy	stardict	raw	prefix	907	295917
sample	prose_heavy	stardict	raw	prefix	908	18666
sample	prose_heavy	stardict	raw	prefix	909	833
sample	prose_heavy	stardict	raw	prefix	910	148291
sample	prose_heavy	stardict	raw	prefix	911	459917
sample	prose_heavy	stardict	raw	prefix	912	7375
sample	prose_heavy	stardict	raw	prefix	913	7708
sample	prose_heavy	stardict	raw	prefix	914	151292
sample	prose_heavy	stardict	raw	prefix	915	611667
sample	prose_heavy	stardict	raw	prefix	916	11584
sample	prose_heavy	stardict	raw	prefix	917	750
sample	prose_heavy	stardict	raw	prefix	918	144125
sample	prose_heavy	stardict	raw	prefix	919	163583
sample	prose_heavy	stardict	raw	prefix	920	13459
sample	prose_heavy	stardict	raw	prefix	921	2875
sample	prose_heavy	stardict	raw	prefix	922	196125
sample	prose_heavy	stardict	raw	prefix	923	155042
sample	prose_heavy	stardict	raw	prefix	924	6000
sample	prose_heavy	stardict	raw	prefix	925	667
sample	prose_heavy	stardict	raw	prefix	926	918750
sample	prose_heavy	stardict	raw	prefix	927	417958
sample	prose_heavy	stardict	raw	prefix	928	8250
sample	prose_heavy	stardict	raw	prefix	929	2791
sample	prose_heavy	stardict	raw	prefix	930	147125
sample	prose_heavy	stardict	raw	prefix	931	146917
sample	prose_heavy	stardict	raw	prefix	932	21708
sample	prose_heavy	stardict	raw	prefix	933	5166
sample	prose_heavy	stardict	raw	prefix	934	171833
sample	prose_heavy	stardict	raw	prefix	935	475291
sample	prose_heavy	stardict	raw	prefix	936	9708
sample	prose_heavy	stardict	raw	prefix	937	2583
sample	prose_heavy	stardict	raw	prefix	938	188208
sample	prose_heavy	stardict	raw	prefix	939	432000
sample	prose_heavy	stardict	raw	prefix	940	13959
sample	prose_heavy	stardict	raw	prefix	941	916
sample	prose_heavy	stardict	raw	prefix	942	148583
sample	prose_heavy	stardict	raw	prefix	943	150250
sample	prose_heavy	stardict	raw	prefix	944	18209
sample	prose_heavy	stardict	raw	prefix	945	8125
sample	prose_heavy	stardict	raw	prefix	946	403333
sample	prose_heavy	stardict	raw	prefix	947	171041
sample	prose_heavy	stardict	raw	prefix	948	7792
sample	prose_heavy	stardict	raw	prefix	949	917
sample	prose_heavy	stardict	raw	prefix	950	146833
sample	prose_heavy	stardict	raw	prefix	951	164042
sample	prose_heavy	stardict	raw	prefix	952	9625
sample	prose_heavy	stardict	raw	prefix	953	7375
sample	prose_heavy	stardict	raw	prefix	954	219416
sample	prose_heavy	stardict	raw	prefix	955	165416
sample	prose_heavy	stardict	raw	prefix	956	21000
sample	prose_heavy	stardict	raw	prefix	957	5416
sample	prose_heavy	stardict	raw	prefix	958	1186750
sample	prose_heavy	stardict	raw	prefix	959	164709
sample	prose_heavy	stardict	raw	prefix	960	13667
sample	prose_heavy	stardict	raw	prefix	961	7500
sample	prose_heavy	stardict	raw	prefix	962	155166
sample	prose_heavy	stardict	raw	prefix	963	167083
sample	prose_heavy	stardict	raw	prefix	964	10500
sample	prose_heavy	stardict	raw	prefix	965	959
sample	prose_heavy	stardict	raw	prefix	966	151458
sample	prose_heavy	stardict	raw	prefix	967	159000
sample	prose_heavy	stardict	raw	prefix	968	13792
sample	prose_heavy	stardict	raw	prefix	969	10417
sample	prose_heavy	stardict	raw	prefix	970	421959
sample	prose_heavy	stardict	raw	prefix	971	439584
sample	prose_heavy	stardict	raw	prefix	972	40584
sample	prose_heavy	stardict	raw	prefix	973	11250
sample	prose_heavy	stardict	raw	prefix	974	1507541
sample	prose_heavy	stardict	raw	prefix	975	160667
sample	prose_heavy	stardict	raw	prefix	976	20167
sample	prose_heavy	stardict	raw	prefix	977	4750
sample	prose_heavy	stardict	raw	prefix	978	157208
sample	prose_heavy	stardict	raw	prefix	979	153791
sample	prose_heavy	stardict	raw	prefix	980	15000
sample	prose_heavy	stardict	raw	prefix	981	917
sample	prose_heavy	stardict	raw	prefix	982	157625
sample	prose_heavy	stardict	raw	prefix	983	162292
sample	prose_heavy	stardict	raw	prefix	984	16000
sample	prose_heavy	stardict	raw	prefix	985	5250
sample	prose_heavy	stardict	raw	prefix	986	150916
sample	prose_heavy	stardict	raw	prefix	987	334209
sample	prose_heavy	stardict	raw	prefix	988	19792
sample	prose_heavy	stardict	raw	prefix	989	833
sample	prose_heavy	stardict	raw	prefix	990	232333
sample	prose_heavy	stardict	raw	prefix	991	477958
sample	prose_heavy	stardict	raw	prefix	992	11750
sample	prose_heavy	stardict	raw	prefix	993	3125
sample	prose_heavy	stardict	raw	prefix	994	150167
sample	prose_heavy	stardict	raw	prefix	995	165792
sample	prose_heavy	stardict	raw	prefix	996	13209
sample	prose_heavy	stardict	raw	prefix	997	5625
sample	prose_heavy	stardict	raw	prefix	998	212125
sample	prose_heavy	stardict	raw	prefix	999	162834
sample	prose_heavy	stardict	raw	render	0	7292
sample	prose_heavy	stardict	raw	render	1	4250
sample	prose_heavy	stardict	raw	render	2	26542
sample	prose_heavy	stardict	raw	render	3	8625
sample	prose_heavy	stardict	raw	render	4	2458
sample	prose_heavy	stardict	raw	render	5	9625
sample	prose_heavy	stardict	raw	render	6	10959
sample	prose_heavy	stardict	raw	render	7	7125
sample	prose_heavy	stardict	raw	render	8	1917
sample	prose_heavy	stardict	raw	render	9	3667
sample	prose_heavy	stardict	raw	render	10	2167
sample	prose_heavy	stardict	raw	render	11	1458
sample	prose_heavy	stardict	raw	render	12	1416
sample	prose_heavy	stardict	raw	render	13	1792
sample	prose_heavy	stardict	raw	render	14	3708
sample	prose_heavy	stardict	raw	render	15	10417
sample	prose_heavy	stardict	raw	render	16	2417
sample	prose_heavy	stardict	raw	render	17	13708
sample	prose_heavy	stardict	raw	render	18	6375
sample	prose_heavy	stardict	raw	render	19	1834
sample	prose_heavy	stardict	raw	render	20	1541
sample	prose_heavy	stardict	raw	render	21	1625
sample	prose_heavy	stardict	raw	render	22	1417
sample	prose_heavy	stardict	raw	render	23	15542
sample	prose_heavy	stardict	raw	render	24	3792
sample	prose_heavy	stardict	raw	render	25	3917
sample	prose_heavy	stardict	raw	render	26	2208
sample	prose_heavy	stardict	raw	render	27	2000
sample	prose_heavy	stardict	raw	render	28	1583
sample	prose_heavy	stardict	raw	render	29	5000
sample	prose_heavy	stardict	raw	render	30	1500
sample	prose_heavy	stardict	raw	render	31	4292
sample	prose_heavy	stardict	raw	render	32	2041
sample	prose_heavy	stardict	raw	render	33	1959
sample	prose_heavy	stardict	raw	render	34	2500
sample	prose_heavy	stardict	raw	render	35	1458
sample	prose_heavy	stardict	raw	render	36	7958
sample	prose_heavy	stardict	raw	render	37	3708
sample	prose_heavy	stardict	raw	render	38	1916
sample	prose_heavy	stardict	raw	render	39	1959
sample	prose_heavy	stardict	raw	render	40	1583
sample	prose_heavy	stardict	raw	render	41	4875
sample	prose_heavy	stardict	raw	render	42	2625
sample	prose_heavy	stardict	raw	render	43	1750
sample	prose_heavy	stardict	raw	render	44	2834
sample	prose_heavy	stardict	raw	render	45	1292
sample	prose_heavy	stardict	raw	render	46	1542
sample	prose_heavy	stardict	raw	render	47	10375
sample	prose_heavy	stardict	raw	render	48	3125
sample	prose_heavy	stardict	raw	render	49	1917
sample	prose_heavy	stardict	raw	render	50	1459
sample	prose_heavy	stardict	raw	render	51	12417
sample	prose_heavy	stardict	raw	render	52	5125
sample	prose_heavy	stardict	raw	render	53	1833
sample	prose_heavy	stardict	raw	render	54	1542
sample	prose_heavy	stardict	raw	render	55	1500
sample	prose_heavy	stardict	raw	render	56	4625
sample	prose_heavy	stardict	raw	render	57	4834
sample	prose_heavy	stardict	raw	render	58	2291
sample	prose_heavy	stardict	raw	render	59	19500
sample	prose_heavy	stardict	raw	render	60	3167
sample	prose_heavy	stardict	raw	render	61	1875
sample	prose_heavy	stardict	raw	render	62	1500
sample	prose_heavy	stardict	raw	render	63	10834
sample	prose_heavy	stardict	raw	render	64	6875
sample	prose_heavy	stardict	raw	render	65	2375
sample	prose_heavy	stardict	raw	render	66	1708
sample	prose_heavy	stardict	raw	render	67	10458
sample	prose_heavy	stardict	raw	render	68	10709
sample	prose_heavy	stardict	raw	render	69	3792
sample	prose_heavy	stardict	raw	render	70	11250
sample	prose_heavy	stardict	raw	render	71	4791
sample	prose_heavy	stardict	raw	render	72	7750
sample	prose_heavy	stardict	raw	render	73	11042
sample	prose_heavy	stardict	raw	render	74	6667
sample	prose_heavy	stardict	raw	render	75	16375
sample	prose_heavy	stardict	raw	render	76	6709
sample	prose_heavy	stardict	raw	render	77	5333
sample	prose_heavy	stardict	raw	render	78	2292
sample	prose_heavy	stardict	raw	render	79	11625
sample	prose_heavy	stardict	raw	render	80	6500
sample	prose_heavy	stardict	raw	render	81	2292
sample	prose_heavy	stardict	raw	render	82	1459
sample	prose_heavy	stardict	raw	render	83	1750
sample	prose_heavy	stardict	raw	render	84	1791
sample	prose_heavy	stardict	raw	render	85	8292
sample	prose_heavy	stardict	raw	render	86	4208
sample	prose_heavy	stardict	raw	render	87	2042
sample	prose_heavy	stardict	raw	render	88	3875
sample	prose_heavy	stardict	raw	render	89	3417
sample	prose_heavy	stardict	raw	render	90	1250
sample	prose_heavy	stardict	raw	render	91	1834
sample	prose_heavy	stardict	raw	render	92	1500
sample	prose_heavy	stardict	raw	render	93	5708
sample	prose_heavy	stardict	raw	render	94	7167
sample	prose_heavy	stardict	raw	render	95	1750
sample	prose_heavy	stardict	raw	render	96	1625
sample	prose_heavy	stardict	raw	render	97	1875
sample	prose_heavy	stardict	raw	render	98	2833
sample	prose_heavy	stardict	raw	render	99	7458
sample	prose_heavy	stardict	raw	render	100	2208
sample	prose_heavy	stardict	raw	render	101	16875
sample	prose_heavy	stardict	raw	render	102	31000
sample	prose_heavy	stardict	raw	render	103	6834
sample	prose_heavy	stardict	raw	render	104	2500
sample	prose_heavy	stardict	raw	render	105	2167
sample	prose_heavy	stardict	raw	render	106	2625
sample	prose_heavy	stardict	raw	render	107	2000
sample	prose_heavy	stardict	raw	render	108	1583
sample	prose_heavy	stardict	raw	render	109	4584
sample	prose_heavy	stardict	raw	render	110	7250
sample	prose_heavy	stardict	raw	render	111	3542
sample	prose_heavy	stardict	raw	render	112	1667
sample	prose_heavy	stardict	raw	render	113	2250
sample	prose_heavy	stardict	raw	render	114	1959
sample	prose_heavy	stardict	raw	render	115	8250
sample	prose_heavy	stardict	raw	render	116	2583
sample	prose_heavy	stardict	raw	render	117	2792
sample	prose_heavy	stardict	raw	render	118	1833
sample	prose_heavy	stardict	raw	render	119	8708
sample	prose_heavy	stardict	raw	render	120	5833
sample	prose_heavy	stardict	raw	render	121	8166
sample	prose_heavy	stardict	raw	render	122	3875
sample	prose_heavy	stardict	raw	render	123	4208
sample	prose_heavy	stardict	raw	render	124	8167
sample	prose_heavy	stardict	raw	render	125	3708
sample	prose_heavy	stardict	raw	render	126	3709
sample	prose_heavy	stardict	raw	render	127	2083
sample	prose_heavy	stardict	raw	render	128	1541
sample	prose_heavy	stardict	raw	render	129	1666
sample	prose_heavy	stardict	raw	render	130	1625
sample	prose_heavy	stardict	raw	render	131	6042
sample	prose_heavy	stardict	raw	render	132	2708
sample	prose_heavy	stardict	raw	render	133	2666
sample	prose_heavy	stardict	raw	render	134	1958
sample	prose_heavy	stardict	raw	render	135	9709
sample	prose_heavy	stardict	raw	render	136	9291
sample	prose_heavy	stardict	raw	render	137	5291
sample	prose_heavy	stardict	raw	render	138	2083
sample	prose_heavy	stardict	raw	render	139	6791
sample	prose_heavy	stardict	raw	render	140	3000
sample	prose_heavy	stardict	raw	render	141	5000
sample	prose_heavy	stardict	raw	render	142	2959
sample	prose_heavy	stardict	raw	render	143	2250
sample	prose_heavy	stardict	raw	render	144	2125
sample	prose_heavy	stardict	raw	render	145	9500
sample	prose_heavy	stardict	raw	render	146	11458
sample	prose_heavy	stardict	raw	render	147	10083
sample	prose_heavy	stardict	raw	render	148	5084
sample	prose_heavy	stardict	raw	render	149	2209
sample	prose_heavy	stardict	raw	render	150	1541
sample	prose_heavy	stardict	raw	render	151	1625
sample	prose_heavy	stardict	raw	render	152	1625
sample	prose_heavy	stardict	raw	render	153	4791
sample	prose_heavy	stardict	raw	render	154	2250
sample	prose_heavy	stardict	raw	render	155	1750
sample	prose_heavy	stardict	raw	render	156	1792
sample	prose_heavy	stardict	raw	render	157	12458
sample	prose_heavy	stardict	raw	render	158	3666
sample	prose_heavy	stardict	raw	render	159	2208
sample	prose_heavy	stardict	raw	render	160	7458
sample	prose_heavy	stardict	raw	render	161	5292
sample	prose_heavy	stardict	raw	render	162	2083
sample	prose_heavy	stardict	raw	render	163	2958
sample	prose_heavy	stardict	raw	render	164	1625
sample	prose_heavy	stardict	raw	render	165	4000
sample	prose_heavy	stardict	raw	render	166	1833
sample	prose_heavy	stardict	raw	render	167	2166
sample	prose_heavy	stardict	raw	render	168	2834
sample	prose_heavy	stardict	raw	render	169	2333
sample	prose_heavy	stardict	raw	render	170	4208
sample	prose_heavy	stardict	raw	render	171	7875
sample	prose_heavy	stardict	raw	render	172	3416
sample	prose_heavy	stardict	raw	render	173	2000
sample	prose_heavy	stardict	raw	render	174	1584
sample	prose_heavy	stardict	raw	render	175	1292
sample	prose_heavy	stardict	raw	render	176	1875
sample	prose_heavy	stardict	raw	render	177	7292
sample	prose_heavy	stardict	raw	render	178	11333
sample	prose_heavy	stardict	raw	render	179	4083
sample	prose_heavy	stardict	raw	render	180	2625
sample	prose_heavy	stardict	raw	render	181	2709
sample	prose_heavy	stardict	raw	render	182	4292
sample	prose_heavy	stardict	raw	render	183	1542
sample	prose_heavy	stardict	raw	render	184	44791
sample	prose_heavy	stardict	raw	render	185	5000
sample	prose_heavy	stardict	raw	render	186	1791
sample	prose_heavy	stardict	raw	render	187	1750
sample	prose_heavy	stardict	raw	render	188	1459
sample	prose_heavy	stardict	raw	render	189	1583
sample	prose_heavy	stardict	raw	render	190	11292
sample	prose_heavy	stardict	raw	render	191	5750
sample	prose_heavy	stardict	raw	render	192	7250
sample	prose_heavy	stardict	raw	render	193	5541
sample	prose_heavy	stardict	raw	render	194	1959
sample	prose_heavy	stardict	raw	render	195	1167
sample	prose_heavy	stardict	raw	render	196	70542
sample	prose_heavy	stardict	raw	render	197	4625
sample	prose_heavy	stardict	raw	render	198	1875
sample	prose_heavy	stardict	raw	render	199	1625
sample	prose_heavy	stardict	raw	render	200	3375
sample	prose_heavy	stardict	raw	render	201	2083
sample	prose_heavy	stardict	raw	render	202	1500
sample	prose_heavy	stardict	raw	render	203	1458
sample	prose_heavy	stardict	raw	render	204	10166
sample	prose_heavy	stardict	raw	render	205	14500
sample	prose_heavy	stardict	raw	render	206	7417
sample	prose_heavy	stardict	raw	render	207	1875
sample	prose_heavy	stardict	raw	render	208	9042
sample	prose_heavy	stardict	raw	render	209	6250
sample	prose_heavy	stardict	raw	render	210	9125
sample	prose_heavy	stardict	raw	render	211	3917
sample	prose_heavy	stardict	raw	render	212	2208
sample	prose_heavy	stardict	raw	render	213	2042
sample	prose_heavy	stardict	raw	render	214	3459
sample	prose_heavy	stardict	raw	render	215	2375
sample	prose_heavy	stardict	raw	render	216	7542
sample	prose_heavy	stardict	raw	render	217	9250
sample	prose_heavy	stardict	raw	render	218	16417
sample	prose_heavy	stardict	raw	render	219	9708
sample	prose_heavy	stardict	raw	render	220	15625
sample	prose_heavy	stardict	raw	render	221	9625
sample	prose_heavy	stardict	raw	render	222	6625
sample	prose_heavy	stardict	raw	render	223	4250
sample	prose_heavy	stardict	raw	render	224	1791
sample	prose_heavy	stardict	raw	render	225	7584
sample	prose_heavy	stardict	raw	render	226	10250
sample	prose_heavy	stardict	raw	render	227	14041
sample	prose_heavy	stardict	raw	render	228	11000
sample	prose_heavy	stardict	raw	render	229	13500
sample	prose_heavy	stardict	raw	render	230	7083
sample	prose_heavy	stardict	raw	render	231	5083
sample	prose_heavy	stardict	raw	render	232	6875
sample	prose_heavy	stardict	raw	render	233	2875
sample	prose_heavy	stardict	raw	render	234	1708
sample	prose_heavy	stardict	raw	render	235	2125
sample	prose_heavy	stardict	raw	render	236	1459
sample	prose_heavy	stardict	raw	render	237	4709
sample	prose_heavy	stardict	raw	render	238	2542
sample	prose_heavy	stardict	raw	render	239	12917
sample	prose_heavy	stardict	raw	render	240	5542
sample	prose_heavy	stardict	raw	render	241	7042
sample	prose_heavy	stardict	raw	render	242	6542
sample	prose_heavy	stardict	raw	render	243	3333
sample	prose_heavy	stardict	raw	render	244	4000
sample	prose_heavy	stardict	raw	render	245	2000
sample	prose_heavy	stardict	raw	render	246	1584
sample	prose_heavy	stardict	raw	render	247	6084
sample	prose_heavy	stardict	raw	render	248	6917
sample	prose_heavy	stardict	raw	render	249	3250
sample	prose_heavy	stardict	raw	render	250	1666
sample	prose_heavy	stardict	raw	render	251	5167
sample	prose_heavy	stardict	raw	render	252	1750
sample	prose_heavy	stardict	raw	render	253	2625
sample	prose_heavy	stardict	raw	render	254	3208
sample	prose_heavy	stardict	raw	render	255	1541
sample	prose_heavy	stardict	raw	render	256	1750
sample	prose_heavy	stardict	raw	render	257	1458
sample	prose_heavy	stardict	raw	render	258	1458
sample	prose_heavy	stardict	raw	render	259	7917
sample	prose_heavy	stardict	raw	render	260	4250
sample	prose_heavy	stardict	raw	render	261	3875
sample	prose_heavy	stardict	raw	render	262	1750
sample	prose_heavy	stardict	raw	render	263	1417
sample	prose_heavy	stardict	raw	render	264	7209
sample	prose_heavy	stardict	raw	render	265	14042
sample	prose_heavy	stardict	raw	render	266	11584
sample	prose_heavy	stardict	raw	render	267	9416
sample	prose_heavy	stardict	raw	render	268	3875
sample	prose_heavy	stardict	raw	render	269	1750
sample	prose_heavy	stardict	raw	render	270	6459
sample	prose_heavy	stardict	raw	render	271	8417
sample	prose_heavy	stardict	raw	render	272	5750
sample	prose_heavy	stardict	raw	render	273	3167
sample	prose_heavy	stardict	raw	render	274	1541
sample	prose_heavy	stardict	raw	render	275	4125
sample	prose_heavy	stardict	raw	render	276	2167
sample	prose_heavy	stardict	raw	render	277	1500
sample	prose_heavy	stardict	raw	render	278	2875
sample	prose_heavy	stardict	raw	render	279	11292
sample	prose_heavy	stardict	raw	render	280	3875
sample	prose_heavy	stardict	raw	render	281	1750
sample	prose_heavy	stardict	raw	render	282	1541
sample	prose_heavy	stardict	raw	render	283	1750
sample	prose_heavy	stardict	raw	render	284	1875
sample	prose_heavy	stardict	raw	render	285	6458
sample	prose_heavy	stardict	raw	render	286	8541
sample	prose_heavy	stardict	raw	render	287	7166
sample	prose_heavy	stardict	raw	render	288	4917
sample	prose_heavy	stardict	raw	render	289	6875
sample	prose_heavy	stardict	raw	render	290	1833
sample	prose_heavy	stardict	raw	render	291	2917
sample	prose_heavy	stardict	raw	render	292	1667
sample	prose_heavy	stardict	raw	render	293	3000
sample	prose_heavy	stardict	raw	render	294	3791
sample	prose_heavy	stardict	raw	render	295	3125
sample	prose_heavy	stardict	raw	render	296	2083
sample	prose_heavy	stardict	raw	render	297	2083
sample	prose_heavy	stardict	raw	render	298	1667
sample	prose_heavy	stardict	raw	render	299	1625
sample	prose_heavy	stardict	raw	render	300	2583
sample	prose_heavy	stardict	raw	render	301	1833
sample	prose_heavy	stardict	raw	render	302	2166
sample	prose_heavy	stardict	raw	render	303	2000
sample	prose_heavy	stardict	raw	render	304	1667
sample	prose_heavy	stardict	raw	render	305	10083
sample	prose_heavy	stardict	raw	render	306	7875
sample	prose_heavy	stardict	raw	render	307	3583
sample	prose_heavy	stardict	raw	render	308	7333
sample	prose_heavy	stardict	raw	render	309	10791
sample	prose_heavy	stardict	raw	render	310	6958
sample	prose_heavy	stardict	raw	render	311	2042
sample	prose_heavy	stardict	raw	render	312	10417
sample	prose_heavy	stardict	raw	render	313	9167
sample	prose_heavy	stardict	raw	render	314	3458
sample	prose_heavy	stardict	raw	render	315	1459
sample	prose_heavy	stardict	raw	render	316	1500
sample	prose_heavy	stardict	raw	render	317	7709
sample	prose_heavy	stardict	raw	render	318	6042
sample	prose_heavy	stardict	raw	render	319	13291
sample	prose_heavy	stardict	raw	render	320	4375
sample	prose_heavy	stardict	raw	render	321	5958
sample	prose_heavy	stardict	raw	render	322	1625
sample	prose_heavy	stardict	raw	render	323	7625
sample	prose_heavy	stardict	raw	render	324	7833
sample	prose_heavy	stardict	raw	render	325	2458
sample	prose_heavy	stardict	raw	render	326	2000
sample	prose_heavy	stardict	raw	render	327	6125
sample	prose_heavy	stardict	raw	render	328	2333
sample	prose_heavy	stardict	raw	render	329	2875
sample	prose_heavy	stardict	raw	render	330	4833
sample	prose_heavy	stardict	raw	render	331	2166
sample	prose_heavy	stardict	raw	render	332	1334
sample	prose_heavy	stardict	raw	render	333	3416
sample	prose_heavy	stardict	raw	render	334	1792
sample	prose_heavy	stardict	raw	render	335	1458
sample	prose_heavy	stardict	raw	render	336	1625
sample	prose_heavy	stardict	raw	render	337	1250
sample	prose_heavy	stardict	raw	render	338	1500
sample	prose_heavy	stardict	raw	render	339	1666
sample	prose_heavy	stardict	raw	render	340	1958
sample	prose_heavy	stardict	raw	render	341	1792
sample	prose_heavy	stardict	raw	render	342	6208
sample	prose_heavy	stardict	raw	render	343	2375
sample	prose_heavy	stardict	raw	render	344	1459
sample	prose_heavy	stardict	raw	render	345	2875
sample	prose_heavy	stardict	raw	render	346	1625
sample	prose_heavy	stardict	raw	render	347	3583
sample	prose_heavy	stardict	raw	render	348	2584
sample	prose_heavy	stardict	raw	render	349	1416
sample	prose_heavy	stardict	raw	render	350	5333
sample	prose_heavy	stardict	raw	render	351	2041
sample	prose_heavy	stardict	raw	render	352	1750
sample	prose_heavy	stardict	raw	render	353	2042
sample	prose_heavy	stardict	raw	render	354	1458
sample	prose_heavy	stardict	raw	render	355	1625
sample	prose_heavy	stardict	raw	render	356	1417
sample	prose_heavy	stardict	raw	render	357	4084
sample	prose_heavy	stardict	raw	render	358	4250
sample	prose_heavy	stardict	raw	render	359	1833
sample	prose_heavy	stardict	raw	render	360	1291
sample	prose_heavy	stardict	raw	render	361	1542
sample	prose_heavy	stardict	raw	render	362	1417
sample	prose_heavy	stardict	raw	render	363	5291
sample	prose_heavy	stardict	raw	render	364	6417
sample	prose_heavy	stardict	raw	render	365	3375
sample	prose_heavy	stardict	raw	render	366	3208
sample	prose_heavy	stardict	raw	render	367	17834
sample	prose_heavy	stardict	raw	render	368	2125
sample	prose_heavy	stardict	raw	render	369	1583
sample	prose_heavy	stardict	raw	render	370	1417
sample	prose_heavy	stardict	raw	render	371	1709
sample	prose_heavy	stardict	raw	render	372	7667
sample	prose_heavy	stardict	raw	render	373	8916
sample	prose_heavy	stardict	raw	render	374	3500
sample	prose_heavy	stardict	raw	render	375	3000
sample	prose_heavy	stardict	raw	render	376	2375
sample	prose_heavy	stardict	raw	render	377	1541
sample	prose_heavy	stardict	raw	render	378	2917
sample	prose_heavy	stardict	raw	render	379	1958
sample	prose_heavy	stardict	raw	render	380	2792
sample	prose_heavy	stardict	raw	render	381	2084
sample	prose_heavy	stardict	raw	render	382	3708
sample	prose_heavy	stardict	raw	render	383	2500
sample	prose_heavy	stardict	raw	render	384	1667
sample	prose_heavy	stardict	raw	render	385	2500
sample	prose_heavy	stardict	raw	render	386	1708
sample	prose_heavy	stardict	raw	render	387	1792
sample	prose_heavy	stardict	raw	render	388	1667
sample	prose_heavy	stardict	raw	render	389	1834
sample	prose_heavy	stardict	raw	render	390	1417
sample	prose_heavy	stardict	raw	render	391	12500
sample	prose_heavy	stardict	raw	render	392	2834
sample	prose_heavy	stardict	raw	render	393	1750
sample	prose_heavy	stardict	raw	render	394	1625
sample	prose_heavy	stardict	raw	render	395	1375
sample	prose_heavy	stardict	raw	render	396	1958
sample	prose_heavy	stardict	raw	render	397	3667
sample	prose_heavy	stardict	raw	render	398	1667
sample	prose_heavy	stardict	raw	render	399	1833
sample	prose_heavy	stardict	raw	render	400	6791
sample	prose_heavy	stardict	raw	render	401	12333
sample	prose_heavy	stardict	raw	render	402	11792
sample	prose_heavy	stardict	raw	render	403	30083
sample	prose_heavy	stardict	raw	render	404	13000
sample	prose_heavy	stardict	raw	render	405	6916
sample	prose_heavy	stardict	raw	render	406	3417
sample	prose_heavy	stardict	raw	render	407	6583
sample	prose_heavy	stardict	raw	render	408	3375
sample	prose_heavy	stardict	raw	render	409	1667
sample	prose_heavy	stardict	raw	render	410	65708
sample	prose_heavy	stardict	raw	render	411	42084
sample	prose_heavy	stardict	raw	render	412	11958
sample	prose_heavy	stardict	raw	render	413	3792
sample	prose_heavy	stardict	raw	render	414	1667
sample	prose_heavy	stardict	raw	render	415	1709
sample	prose_heavy	stardict	raw	render	416	1458
sample	prose_heavy	stardict	raw	render	417	4792
sample	prose_heavy	stardict	raw	render	418	1667
sample	prose_heavy	stardict	raw	render	419	5709
sample	prose_heavy	stardict	raw	render	420	3083
sample	prose_heavy	stardict	raw	render	421	2000
sample	prose_heavy	stardict	raw	render	422	8625
sample	prose_heavy	stardict	raw	render	423	5083
sample	prose_heavy	stardict	raw	render	424	9666
sample	prose_heavy	stardict	raw	render	425	4125
sample	prose_heavy	stardict	raw	render	426	1875
sample	prose_heavy	stardict	raw	render	427	1333
sample	prose_heavy	stardict	raw	render	428	1292
sample	prose_heavy	stardict	raw	render	429	3916
sample	prose_heavy	stardict	raw	render	430	3167
sample	prose_heavy	stardict	raw	render	431	1667
sample	prose_heavy	stardict	raw	render	432	1750
sample	prose_heavy	stardict	raw	render	433	1833
sample	prose_heavy	stardict	raw	render	434	8541
sample	prose_heavy	stardict	raw	render	435	3417
sample	prose_heavy	stardict	raw	render	436	8625
sample	prose_heavy	stardict	raw	render	437	2500
sample	prose_heavy	stardict	raw	render	438	1833
sample	prose_heavy	stardict	raw	render	439	1708
sample	prose_heavy	stardict	raw	render	440	4375
sample	prose_heavy	stardict	raw	render	441	2584
sample	prose_heavy	stardict	raw	render	442	3000
sample	prose_heavy	stardict	raw	render	443	2667
sample	prose_heavy	stardict	raw	render	444	1959
sample	prose_heavy	stardict	raw	render	445	1458
sample	prose_heavy	stardict	raw	render	446	1625
sample	prose_heavy	stardict	raw	render	447	8541
sample	prose_heavy	stardict	raw	render	448	5166
sample	prose_heavy	stardict	raw	render	449	2375
sample	prose_heavy	stardict	raw	render	450	1292
sample	prose_heavy	stardict	raw	render	451	1625
sample	prose_heavy	stardict	raw	render	452	1750
sample	prose_heavy	stardict	raw	render	453	9334
sample	prose_heavy	stardict	raw	render	454	4250
sample	prose_heavy	stardict	raw	render	455	9750
sample	prose_heavy	stardict	raw	render	456	8333
sample	prose_heavy	stardict	raw	render	457	1750
sample	prose_heavy	stardict	raw	render	458	1833
sample	prose_heavy	stardict	raw	render	459	1542
sample	prose_heavy	stardict	raw	render	460	1416
sample	prose_heavy	stardict	raw	render	461	12834
sample	prose_heavy	stardict	raw	render	462	6625
sample	prose_heavy	stardict	raw	render	463	6583
sample	prose_heavy	stardict	raw	render	464	9958
sample	prose_heavy	stardict	raw	render	465	3625
sample	prose_heavy	stardict	raw	render	466	2292
sample	prose_heavy	stardict	raw	render	467	1416
sample	prose_heavy	stardict	raw	render	468	3875
sample	prose_heavy	stardict	raw	render	469	3583
sample	prose_heavy	stardict	raw	render	470	1709
sample	prose_heavy	stardict	raw	render	471	1625
sample	prose_heavy	stardict	raw	render	472	8000
sample	prose_heavy	stardict	raw	render	473	5792
sample	prose_heavy	stardict	raw	render	474	1875
sample	prose_heavy	stardict	raw	render	475	1709
sample	prose_heavy	stardict	raw	render	476	1791
sample	prose_heavy	stardict	raw	render	477	1542
sample	prose_heavy	stardict	raw	render	478	9375
sample	prose_heavy	stardict	raw	render	479	4666
sample	prose_heavy	stardict	raw	render	480	2708
sample	prose_heavy	stardict	raw	render	481	2083
sample	prose_heavy	stardict	raw	render	482	8667
sample	prose_heavy	stardict	raw	render	483	3583
sample	prose_heavy	stardict	raw	render	484	2000
sample	prose_heavy	stardict	raw	render	485	2666
sample	prose_heavy	stardict	raw	render	486	2209
sample	prose_heavy	stardict	raw	render	487	1583
sample	prose_heavy	stardict	raw	render	488	1792
sample	prose_heavy	stardict	raw	render	489	6666
sample	prose_heavy	stardict	raw	render	490	2125
sample	prose_heavy	stardict	raw	render	491	1833
sample	prose_heavy	stardict	raw	render	492	3083
sample	prose_heavy	stardict	raw	render	493	8334
sample	prose_heavy	stardict	raw	render	494	7041
sample	prose_heavy	stardict	raw	render	495	1917
sample	prose_heavy	stardict	raw	render	496	3167
sample	prose_heavy	stardict	raw	render	497	1750
sample	prose_heavy	stardict	raw	render	498	2458
sample	prose_heavy	stardict	raw	render	499	1959
sample	prose_heavy	stardict	raw	render	500	7000
sample	prose_heavy	stardict	raw	render	501	20083
sample	prose_heavy	stardict	raw	render	502	11458
sample	prose_heavy	stardict	raw	render	503	6584
sample	prose_heavy	stardict	raw	render	504	1625
sample	prose_heavy	stardict	raw	render	505	1625
sample	prose_heavy	stardict	raw	render	506	1333
sample	prose_heavy	stardict	raw	render	507	8500
sample	prose_heavy	stardict	raw	render	508	3000
sample	prose_heavy	stardict	raw	render	509	1667
sample	prose_heavy	stardict	raw	render	510	6917
sample	prose_heavy	stardict	raw	render	511	2042
sample	prose_heavy	stardict	raw	render	512	4166
sample	prose_heavy	stardict	raw	render	513	6458
sample	prose_heavy	stardict	raw	render	514	4500
sample	prose_heavy	stardict	raw	render	515	5208
sample	prose_heavy	stardict	raw	render	516	1959
sample	prose_heavy	stardict	raw	render	517	1375
sample	prose_heavy	stardict	raw	render	518	1375
sample	prose_heavy	stardict	raw	render	519	7583
sample	prose_heavy	stardict	raw	render	520	3084
sample	prose_heavy	stardict	raw	render	521	8666
sample	prose_heavy	stardict	raw	render	522	11833
sample	prose_heavy	stardict	raw	render	523	12584
sample	prose_heavy	stardict	raw	render	524	7417
sample	prose_heavy	stardict	raw	render	525	1792
sample	prose_heavy	stardict	raw	render	526	1750
sample	prose_heavy	stardict	raw	render	527	3167
sample	prose_heavy	stardict	raw	render	528	2917
sample	prose_heavy	stardict	raw	render	529	4292
sample	prose_heavy	stardict	raw	render	530	1833
sample	prose_heavy	stardict	raw	render	531	1667
sample	prose_heavy	stardict	raw	render	532	2750
sample	prose_heavy	stardict	raw	render	533	2625
sample	prose_heavy	stardict	raw	render	534	10583
sample	prose_heavy	stardict	raw	render	535	8375
sample	prose_heavy	stardict	raw	render	536	42916
sample	prose_heavy	stardict	raw	render	537	5167
sample	prose_heavy	stardict	raw	render	538	1917
sample	prose_heavy	stardict	raw	render	539	14250
sample	prose_heavy	stardict	raw	render	540	5792
sample	prose_heavy	stardict	raw	render	541	8208
sample	prose_heavy	stardict	raw	render	542	2958
sample	prose_heavy	stardict	raw	render	543	1833
sample	prose_heavy	stardict	raw	render	544	1417
sample	prose_heavy	stardict	raw	render	545	23958
sample	prose_heavy	stardict	raw	render	546	11750
sample	prose_heavy	stardict	raw	render	547	8917
sample	prose_heavy	stardict	raw	render	548	5708
sample	prose_heavy	stardict	raw	render	549	7250
sample	prose_heavy	stardict	raw	render	550	6000
sample	prose_heavy	stardict	raw	render	551	6417
sample	prose_heavy	stardict	raw	render	552	4209
sample	prose_heavy	stardict	raw	render	553	3125
sample	prose_heavy	stardict	raw	render	554	2334
sample	prose_heavy	stardict	raw	render	555	1416
sample	prose_heavy	stardict	raw	render	556	1708
sample	prose_heavy	stardict	raw	render	557	1750
sample	prose_heavy	stardict	raw	render	558	1667
sample	prose_heavy	stardict	raw	render	559	10042
sample	prose_heavy	stardict	raw	render	560	17833
sample	prose_heavy	stardict	raw	render	561	7625
sample	prose_heavy	stardict	raw	render	562	7541
sample	prose_heavy	stardict	raw	render	563	6041
sample	prose_heavy	stardict	raw	render	564	5334
sample	prose_heavy	stardict	raw	render	565	27500
sample	prose_heavy	stardict	raw	render	566	11542
sample	prose_heavy	stardict	raw	render	567	5333
sample	prose_heavy	stardict	raw	render	568	1916
sample	prose_heavy	stardict	raw	render	569	4250
sample	prose_heavy	stardict	raw	render	570	7875
sample	prose_heavy	stardict	raw	render	571	3167
sample	prose_heavy	stardict	raw	render	572	1709
sample	prose_heavy	stardict	raw	render	573	1375
sample	prose_heavy	stardict	raw	render	574	5208
sample	prose_heavy	stardict	raw	render	575	13542
sample	prose_heavy	stardict	raw	render	576	2667
sample	prose_heavy	stardict	raw	render	577	2167
sample	prose_heavy	stardict	raw	render	578	3083
sample	prose_heavy	stardict	raw	render	579	2500
sample	prose_heavy	stardict	raw	render	580	11625
sample	prose_heavy	stardict	raw	render	581	4416
sample	prose_heavy	stardict	raw	render	582	3917
sample	prose_heavy	stardict	raw	render	583	1833
sample	prose_heavy	stardict	raw	render	584	1542
sample	prose_heavy	stardict	raw	render	585	1417
sample	prose_heavy	stardict	raw	render	586	6708
sample	prose_heavy	stardict	raw	render	587	4667
sample	prose_heavy	stardict	raw	render	588	4750
sample	prose_heavy	stardict	raw	render	589	1667
sample	prose_heavy	stardict	raw	render	590	6584
sample	prose_heavy	stardict	raw	render	591	2250
sample	prose_heavy	stardict	raw	render	592	1666
sample	prose_heavy	stardict	raw	render	593	1792
sample	prose_heavy	stardict	raw	render	594	4541
sample	prose_heavy	stardict	raw	render	595	4084
sample	prose_heavy	stardict	raw	render	596	3042
sample	prose_heavy	stardict	raw	render	597	3166
sample	prose_heavy	stardict	raw	render	598	1916
sample	prose_heavy	stardict	raw	render	599	1667
sample	prose_heavy	stardict	raw	render	600	1500
sample	prose_heavy	stardict	raw	render	601	1542
sample	prose_heavy	stardict	raw	render	602	39125
sample	prose_heavy	stardict	raw	render	603	2541
sample	prose_heavy	stardict	raw	render	604	1833
sample	prose_heavy	stardict	raw	render	605	2042
sample	prose_heavy	stardict	raw	render	606	2000
sample	prose_heavy	stardict	raw	render	607	5166
sample	prose_heavy	stardict	raw	render	608	4792
sample	prose_heavy	stardict	raw	render	609	2500
sample	prose_heavy	stardict	raw	render	610	1958
sample	prose_heavy	stardict	raw	render	611	1375
sample	prose_heavy	stardict	raw	render	612	1791
sample	prose_heavy	stardict	raw	render	613	1584
sample	prose_heavy	stardict	raw	render	614	7625
sample	prose_heavy	stardict	raw	render	615	7834
sample	prose_heavy	stardict	raw	render	616	4083
sample	prose_heavy	stardict	raw	render	617	2833
sample	prose_heavy	stardict	raw	render	618	3458
sample	prose_heavy	stardict	raw	render	619	7750
sample	prose_heavy	stardict	raw	render	620	2500
sample	prose_heavy	stardict	raw	render	621	2083
sample	prose_heavy	stardict	raw	render	622	11417
sample	prose_heavy	stardict	raw	render	623	5667
sample	prose_heavy	stardict	raw	render	624	4000
sample	prose_heavy	stardict	raw	render	625	1833
sample	prose_heavy	stardict	raw	render	626	1500
sample	prose_heavy	stardict	raw	render	627	3166
sample	prose_heavy	stardict	raw	render	628	1875
sample	prose_heavy	stardict	raw	render	629	13708
sample	prose_heavy	stardict	raw	render	630	4209
sample	prose_heavy	stardict	raw	render	631	10792
sample	prose_heavy	stardict	raw	render	632	12875
sample	prose_heavy	stardict	raw	render	633	4834
sample	prose_heavy	stardict	raw	render	634	7042
sample	prose_heavy	stardict	raw	render	635	10042
sample	prose_heavy	stardict	raw	render	636	4916
sample	prose_heavy	stardict	raw	render	637	1958
sample	prose_heavy	stardict	raw	render	638	1459
sample	prose_heavy	stardict	raw	render	639	1667
sample	prose_heavy	stardict	raw	render	640	2083
sample	prose_heavy	stardict	raw	render	641	1625
sample	prose_heavy	stardict	raw	render	642	1458
sample	prose_heavy	stardict	raw	render	643	10584
sample	prose_heavy	stardict	raw	render	644	27417
sample	prose_heavy	stardict	raw	render	645	13417
sample	prose_heavy	stardict	raw	render	646	3208
sample	prose_heavy	stardict	raw	render	647	1750
sample	prose_heavy	stardict	raw	render	648	2375
sample	prose_heavy	stardict	raw	render	649	1583
sample	prose_heavy	stardict	raw	render	650	1708
sample	prose_heavy	stardict	raw	render	651	2208
sample	prose_heavy	stardict	raw	render	652	1666
sample	prose_heavy	stardict	raw	render	653	1875
sample	prose_heavy	stardict	raw	render	654	3167
sample	prose_heavy	stardict	raw	render	655	2500
sample	prose_heavy	stardict	raw	render	656	9458
sample	prose_heavy	stardict	raw	render	657	3500
sample	prose_heavy	stardict	raw	render	658	4750
sample	prose_heavy	stardict	raw	render	659	4584
sample	prose_heavy	stardict	raw	render	660	1500
sample	prose_heavy	stardict	raw	render	661	11166
sample	prose_heavy	stardict	raw	render	662	3375
sample	prose_heavy	stardict	raw	render	663	4542
sample	prose_heavy	stardict	raw	render	664	8250
sample	prose_heavy	stardict	raw	render	665	4542
sample	prose_heavy	stardict	raw	render	666	7584
sample	prose_heavy	stardict	raw	render	667	2792
sample	prose_heavy	stardict	raw	render	668	3625
sample	prose_heavy	stardict	raw	render	669	3625
sample	prose_heavy	stardict	raw	render	670	7417
sample	prose_heavy	stardict	raw	render	671	8667
sample	prose_heavy	stardict	raw	render	672	3167
sample	prose_heavy	stardict	raw	render	673	5625
sample	prose_heavy	stardict	raw	render	674	2208
sample	prose_heavy	stardict	raw	render	675	3375
sample	prose_heavy	stardict	raw	render	676	1708
sample	prose_heavy	stardict	raw	render	677	1625
sample	prose_heavy	stardict	raw	render	678	2833
sample	prose_heavy	stardict	raw	render	679	1542
sample	prose_heavy	stardict	raw	render	680	2917
sample	prose_heavy	stardict	raw	render	681	1917
sample	prose_heavy	stardict	raw	render	682	8250
sample	prose_heavy	stardict	raw	render	683	2209
sample	prose_heavy	stardict	raw	render	684	1958
sample	prose_heavy	stardict	raw	render	685	3875
sample	prose_heavy	stardict	raw	render	686	3500
sample	prose_heavy	stardict	raw	render	687	4084
sample	prose_heavy	stardict	raw	render	688	2166
sample	prose_heavy	stardict	raw	render	689	1708
sample	prose_heavy	stardict	raw	render	690	9250
sample	prose_heavy	stardict	raw	render	691	8417
sample	prose_heavy	stardict	raw	render	692	2917
sample	prose_heavy	stardict	raw	render	693	2875
sample	prose_heavy	stardict	raw	render	694	5917
sample	prose_heavy	stardict	raw	render	695	2166
sample	prose_heavy	stardict	raw	render	696	1583
sample	prose_heavy	stardict	raw	render	697	1625
sample	prose_heavy	stardict	raw	render	698	2250
sample	prose_heavy	stardict	raw	render	699	1583
sample	prose_heavy	stardict	raw	render	700	1834
sample	prose_heavy	stardict	raw	render	701	127208
sample	prose_heavy	stardict	raw	render	702	3791
sample	prose_heavy	stardict	raw	render	703	3917
sample	prose_heavy	stardict	raw	render	704	6125
sample	prose_heavy	stardict	raw	render	705	1834
sample	prose_heavy	stardict	raw	render	706	1708
sample	prose_heavy	stardict	raw	render	707	1667
sample	prose_heavy	stardict	raw	render	708	4583
sample	prose_heavy	stardict	raw	render	709	12958
sample	prose_heavy	stardict	raw	render	710	3833
sample	prose_heavy	stardict	raw	render	711	1875
sample	prose_heavy	stardict	raw	render	712	1708
sample	prose_heavy	stardict	raw	render	713	1625
sample	prose_heavy	stardict	raw	render	714	1584
sample	prose_heavy	stardict	raw	render	715	5000
sample	prose_heavy	stardict	raw	render	716	1750
sample	prose_heavy	stardict	raw	render	717	11167
sample	prose_heavy	stardict	raw	render	718	11042
sample	prose_heavy	stardict	raw	render	719	11000
sample	prose_heavy	stardict	raw	render	720	8709
sample	prose_heavy	stardict	raw	render	721	3625
sample	prose_heavy	stardict	raw	render	722	3917
sample	prose_heavy	stardict	raw	render	723	3958
sample	prose_heavy	stardict	raw	render	724	2459
sample	prose_heavy	stardict	raw	render	725	1875
sample	prose_heavy	stardict	raw	render	726	1792
sample	prose_heavy	stardict	raw	render	727	3375
sample	prose_heavy	stardict	raw	render	728	3500
sample	prose_heavy	stardict	raw	render	729	1667
sample	prose_heavy	stardict	raw	render	730	1833
sample	prose_heavy	stardict	raw	render	731	4417
sample	prose_heavy	stardict	raw	render	732	2625
sample	prose_heavy	stardict	raw	render	733	6625
sample	prose_heavy	stardict	raw	render	734	3125
sample	prose_heavy	stardict	raw	render	735	1458
sample	prose_heavy	stardict	raw	render	736	1667
sample	prose_heavy	stardict	raw	render	737	1416
sample	prose_heavy	stardict	raw	render	738	1666
sample	prose_heavy	stardict	raw	render	739	1583
sample	prose_heavy	stardict	raw	render	740	1667
sample	prose_heavy	stardict	raw	render	741	1917
sample	prose_heavy	stardict	raw	render	742	1583
sample	prose_heavy	stardict	raw	render	743	1709
sample	prose_heavy	stardict	raw	render	744	1458
sample	prose_heavy	stardict	raw	render	745	11500
sample	prose_heavy	stardict	raw	render	746	2542
sample	prose_heavy	stardict	raw	render	747	1958
sample	prose_heavy	stardict	raw	render	748	5500
sample	prose_heavy	stardict	raw	render	749	2083
sample	prose_heavy	stardict	raw	render	750	5875
sample	prose_heavy	stardict	raw	render	751	3750
sample	prose_heavy	stardict	raw	render	752	2208
sample	prose_heavy	stardict	raw	render	753	1625
sample	prose_heavy	stardict	raw	render	754	1500
sample	prose_heavy	stardict	raw	render	755	8917
sample	prose_heavy	stardict	raw	render	756	6208
sample	prose_heavy	stardict	raw	render	757	1875
sample	prose_heavy	stardict	raw	render	758	1292
sample	prose_heavy	stardict	raw	render	759	2709
sample	prose_heavy	stardict	raw	render	760	1375
sample	prose_heavy	stardict	raw	render	761	1750
sample	prose_heavy	stardict	raw	render	762	4875
sample	prose_heavy	stardict	raw	render	763	17333
sample	prose_heavy	stardict	raw	render	764	7375
sample	prose_heavy	stardict	raw	render	765	3667
sample	prose_heavy	stardict	raw	render	766	3625
sample	prose_heavy	stardict	raw	render	767	1875
sample	prose_heavy	stardict	raw	render	768	1542
sample	prose_heavy	stardict	raw	render	769	1542
sample	prose_heavy	stardict	raw	render	770	3417
sample	prose_heavy	stardict	raw	render	771	2834
sample	prose_heavy	stardict	raw	render	772	1375
sample	prose_heavy	stardict	raw	render	773	1833
sample	prose_heavy	stardict	raw	render	774	8542
sample	prose_heavy	stardict	raw	render	775	8459
sample	prose_heavy	stardict	raw	render	776	2583
sample	prose_heavy	stardict	raw	render	777	3000
sample	prose_heavy	stardict	raw	render	778	2042
sample	prose_heavy	stardict	raw	render	779	2875
sample	prose_heavy	stardict	raw	render	780	2084
sample	prose_heavy	stardict	raw	render	781	3625
sample	prose_heavy	stardict	raw	render	782	2250
sample	prose_heavy	stardict	raw	render	783	4083
sample	prose_heavy	stardict	raw	render	784	3083
sample	prose_heavy	stardict	raw	render	785	8041
sample	prose_heavy	stardict	raw	render	786	5750
sample	prose_heavy	stardict	raw	render	787	5583
sample	prose_heavy	stardict	raw	render	788	2209
sample	prose_heavy	stardict	raw	render	789	9250
sample	prose_heavy	stardict	raw	render	790	2917
sample	prose_heavy	stardict	raw	render	791	6791
sample	prose_heavy	stardict	raw	render	792	10875
sample	prose_heavy	stardict	raw	render	793	6041
sample	prose_heavy	stardict	raw	render	794	5708
sample	prose_heavy	stardict	raw	render	795	4542
sample	prose_heavy	stardict	raw	render	796	2042
sample	prose_heavy	stardict	raw	render	797	12584
sample	prose_heavy	stardict	raw	render	798	4958
sample	prose_heavy	stardict	raw	render	799	1667
sample	prose_heavy	stardict	raw	render	800	1583
sample	prose_heavy	stardict	raw	render	801	1500
sample	prose_heavy	stardict	raw	render	802	11583
sample	prose_heavy	stardict	raw	render	803	7917
sample	prose_heavy	stardict	raw	render	804	3291
sample	prose_heavy	stardict	raw	render	805	1500
sample	prose_heavy	stardict	raw	render	806	1750
sample	prose_heavy	stardict	raw	render	807	2083
sample	prose_heavy	stardict	raw	render	808	3041
sample	prose_heavy	stardict	raw	render	809	10750
sample	prose_heavy	stardict	raw	render	810	8084
sample	prose_heavy	stardict	raw	render	811	3125
sample	prose_heavy	stardict	raw	render	812	1959
sample	prose_heavy	stardict	raw	render	813	1959
sample	prose_heavy	stardict	raw	render	814	1792
sample	prose_heavy	stardict	raw	render	815	3667
sample	prose_heavy	stardict	raw	render	816	10250
sample	prose_heavy	stardict	raw	render	817	2417
sample	prose_heavy	stardict	raw	render	818	1875
sample	prose_heavy	stardict	raw	render	819	3833
sample	prose_heavy	stardict	raw	render	820	6750
sample	prose_heavy	stardict	raw	render	821	2125
sample	prose_heavy	stardict	raw	render	822	1542
sample	prose_heavy	stardict	raw	render	823	1625
sample	prose_heavy	stardict	raw	render	824	1958
sample	prose_heavy	stardict	raw	render	825	1333
sample	prose_heavy	stardict	raw	render	826	6292
sample	prose_heavy	stardict	raw	render	827	2209
sample	prose_heavy	stardict	raw	render	828	7917
sample	prose_heavy	stardict	raw	render	829	5958
sample	prose_heavy	stardict	raw	render	830	7875
sample	prose_heavy	stardict	raw	render	831	7000
sample	prose_heavy	stardict	raw	render	832	5667
sample	prose_heavy	stardict	raw	render	833	6542
sample	prose_heavy	stardict	raw	render	834	16500
sample	prose_heavy	stardict	raw	render	835	3625
sample	prose_heavy	stardict	raw	render	836	1709
sample	prose_heavy	stardict	raw	render	837	1542
sample	prose_heavy	stardict	raw	render	838	1375
sample	prose_heavy	stardict	raw	render	839	8167
sample	prose_heavy	stardict	raw	render	840	9500
sample	prose_heavy	stardict	raw	render	841	7084
sample	prose_heavy	stardict	raw	render	842	12750
sample	prose_heavy	stardict	raw	render	843	15708
sample	prose_heavy	stardict	raw	render	844	7417
sample	prose_heavy	stardict	raw	render	845	1667
sample	prose_heavy	stardict	raw	render	846	4042
sample	prose_heavy	stardict	raw	render	847	1791
sample	prose_heavy	stardict	raw	render	848	1667
sample	prose_heavy	stardict	raw	render	849	13792
sample	prose_heavy	stardict	raw	render	850	3958
sample	prose_heavy	stardict	raw	render	851	27708
sample	prose_heavy	stardict	raw	render	852	8833
sample	prose_heavy	stardict	raw	render	853	11708
sample	prose_heavy	stardict	raw	render	854	8583
sample	prose_heavy	stardict	raw	render	855	6833
sample	prose_heavy	stardict	raw	render	856	2666
sample	prose_heavy	stardict	raw	render	857	1834
sample	prose_heavy	stardict	raw	render	858	11084
sample	prose_heavy	stardict	raw	render	859	11833
sample	prose_heavy	stardict	raw	render	860	2167
sample	prose_heavy	stardict	raw	render	861	1750
sample	prose_heavy	stardict	raw	render	862	5292
sample	prose_heavy	stardict	raw	render	863	1750
sample	prose_heavy	stardict	raw	render	864	11291
sample	prose_heavy	stardict	raw	render	865	9125
sample	prose_heavy	stardict	raw	render	866	5417
sample	prose_heavy	stardict	raw	render	867	8709
sample	prose_heavy	stardict	raw	render	868	9000
sample	prose_heavy	stardict	raw	render	869	70292
sample	prose_heavy	stardict	raw	render	870	13125
sample	prose_heavy	stardict	raw	render	871	12333
sample	prose_heavy	stardict	raw	render	872	4625
sample	prose_heavy	stardict	raw	render	873	1791
sample	prose_heavy	stardict	raw	render	874	11125
sample	prose_heavy	stardict	raw	render	875	10625
sample	prose_heavy	stardict	raw	render	876	5208
sample	prose_heavy	stardict	raw	render	877	1542
sample	prose_heavy	stardict	raw	render	878	1583
sample	prose_heavy	stardict	raw	render	879	4084
sample	prose_heavy	stardict	raw	render	880	2500
sample	prose_heavy	stardict	raw	render	881	1583
sample	prose_heavy	stardict	raw	render	882	4958
sample	prose_heavy	stardict	raw	render	883	4791
sample	prose_heavy	stardict	raw	render	884	1750
sample	prose_heavy	stardict	raw	render	885	1791
sample	prose_heavy	stardict	raw	render	886	1417
sample	prose_heavy	stardict	raw	render	887	1667
sample	prose_heavy	stardict	raw	render	888	2875
sample	prose_heavy	stardict	raw	render	889	4417
sample	prose_heavy	stardict	raw	render	890	1958
sample	prose_heavy	stardict	raw	render	891	1500
sample	prose_heavy	stardict	raw	render	892	2417
sample	prose_heavy	stardict	raw	render	893	1791
sample	prose_heavy	stardict	raw	render	894	11792
sample	prose_heavy	stardict	raw	render	895	5000
sample	prose_heavy	stardict	raw	render	896	9167
sample	prose_heavy	stardict	raw	render	897	3875
sample	prose_heavy	stardict	raw	render	898	9250
sample	prose_heavy	stardict	raw	render	899	5542
sample	prose_heavy	stardict	raw	render	900	1625
sample	prose_heavy	stardict	raw	render	901	2042
sample	prose_heavy	stardict	raw	render	902	1750
sample	prose_heavy	stardict	raw	render	903	1583
sample	prose_heavy	stardict	raw	render	904	8083
sample	prose_heavy	stardict	raw	render	905	5666
sample	prose_heavy	stardict	raw	render	906	1958
sample	prose_heavy	stardict	raw	render	907	1708
sample	prose_heavy	stardict	raw	render	908	2875
sample	prose_heavy	stardict	raw	render	909	2291
sample	prose_heavy	stardict	raw	render	910	1625
sample	prose_heavy	stardict	raw	render	911	16708
sample	prose_heavy	stardict	raw	render	912	5583
sample	prose_heavy	stardict	raw	render	913	8958
sample	prose_heavy	stardict	raw	render	914	3333
sample	prose_heavy	stardict	raw	render	915	1708
sample	prose_heavy	stardict	raw	render	916	5375
sample	prose_heavy	stardict	raw	render	917	5041
sample	prose_heavy	stardict	raw	render	918	1958
sample	prose_heavy	stardict	raw	render	919	2167
sample	prose_heavy	stardict	raw	render	920	1500
sample	prose_heavy	stardict	raw	render	921	1667
sample	prose_heavy	stardict	raw	render	922	1875
sample	prose_heavy	stardict	raw	render	923	7542
sample	prose_heavy	stardict	raw	render	924	1834
sample	prose_heavy	stardict	raw	render	925	1709
sample	prose_heavy	stardict	raw	render	926	9000
sample	prose_heavy	stardict	raw	render	927	7250
sample	prose_heavy	stardict	raw	render	928	9083
sample	prose_heavy	stardict	raw	render	929	15667
sample	prose_heavy	stardict	raw	render	930	5459
sample	prose_heavy	stardict	raw	render	931	9500
sample	prose_heavy	stardict	raw	render	932	8541
sample	prose_heavy	stardict	raw	render	933	5917
sample	prose_heavy	stardict	raw	render	934	2250
sample	prose_heavy	stardict	raw	render	935	1708
sample	prose_heavy	stardict	raw	render	936	1583
sample	prose_heavy	stardict	raw	render	937	3917
sample	prose_heavy	stardict	raw	render	938	1875
sample	prose_heavy	stardict	raw	render	939	2584
sample	prose_heavy	stardict	raw	render	940	1625
sample	prose_heavy	stardict	raw	render	941	1875
sample	prose_heavy	stardict	raw	render	942	11083
sample	prose_heavy	stardict	raw	render	943	3209
sample	prose_heavy	stardict	raw	render	944	1583
sample	prose_heavy	stardict	raw	render	945	1500
sample	prose_heavy	stardict	raw	render	946	1875
sample	prose_heavy	stardict	raw	render	947	10625
sample	prose_heavy	stardict	raw	render	948	6917
sample	prose_heavy	stardict	raw	render	949	2250
sample	prose_heavy	stardict	raw	render	950	1583
sample	prose_heavy	stardict	raw	render	951	4209
sample	prose_heavy	stardict	raw	render	952	3875
sample	prose_heavy	stardict	raw	render	953	2416
sample	prose_heavy	stardict	raw	render	954	1708
sample	prose_heavy	stardict	raw	render	955	1500
sample	prose_heavy	stardict	raw	render	956	1458
sample	prose_heavy	stardict	raw	render	957	2042
sample	prose_heavy	stardict	raw	render	958	62291
sample	prose_heavy	stardict	raw	render	959	5708
sample	prose_heavy	stardict	raw	render	960	1833
sample	prose_heavy	stardict	raw	render	961	1708
sample	prose_heavy	stardict	raw	render	962	3750
sample	prose_heavy	stardict	raw	render	963	3375
sample	prose_heavy	stardict	raw	render	964	1750
sample	prose_heavy	stardict	raw	render	965	4291
sample	prose_heavy	stardict	raw	render	966	1709
sample	prose_heavy	stardict	raw	render	967	6084
sample	prose_heavy	stardict	raw	render	968	1959
sample	prose_heavy	stardict	raw	render	969	1584
sample	prose_heavy	stardict	raw	render	970	1750
sample	prose_heavy	stardict	raw	render	971	6084
sample	prose_heavy	stardict	raw	render	972	1625
sample	prose_heavy	stardict	raw	render	973	1416
sample	prose_heavy	stardict	raw	render	974	8042
sample	prose_heavy	stardict	raw	render	975	2708
sample	prose_heavy	stardict	raw	render	976	1750
sample	prose_heavy	stardict	raw	render	977	1458
sample	prose_heavy	stardict	raw	render	978	1542
sample	prose_heavy	stardict	raw	render	979	2000
sample	prose_heavy	stardict	raw	render	980	3917
sample	prose_heavy	stardict	raw	render	981	2208
sample	prose_heavy	stardict	raw	render	982	3625
sample	prose_heavy	stardict	raw	render	983	2625
sample	prose_heavy	stardict	raw	render	984	3541
sample	prose_heavy	stardict	raw	render	985	2042
sample	prose_heavy	stardict	raw	render	986	1500
sample	prose_heavy	stardict	raw	render	987	3292
sample	prose_heavy	stardict	raw	render	988	1625
sample	prose_heavy	stardict	raw	render	989	9084
sample	prose_heavy	stardict	raw	render	990	10000
sample	prose_heavy	stardict	raw	render	991	4542
sample	prose_heavy	stardict	raw	render	992	1875
sample	prose_heavy	stardict	raw	render	993	1542
sample	prose_heavy	stardict	raw	render	994	1625
sample	prose_heavy	stardict	raw	render	995	8291
sample	prose_heavy	stardict	raw	render	996	6250
sample	prose_heavy	stardict	raw	render	997	20292
sample	prose_heavy	stardict	raw	render	998	6000
sample	prose_heavy	stardict	raw	render	999	7542
result	prose_heavy	stardict	raw	exact.p50_ns	917
result	prose_heavy	stardict	raw	exact.p95_ns	4875
result	prose_heavy	stardict	raw	exact.p99_ns	11042
result	prose_heavy	stardict	raw	prefix.p50_ns	142167
result	prose_heavy	stardict	raw	prefix.p95_ns	494167
result	prose_heavy	stardict	raw	prefix.p99_ns	1450167
result	prose_heavy	stardict	raw	render.p50_ns	3041
result	prose_heavy	stardict	raw	render.p95_ns	12584
result	prose_heavy	stardict	raw	render.p99_ns	31000
result	prose_heavy	stardict	raw	exact.hit.p50_ns	1166
result	prose_heavy	stardict	raw	exact.hit.p95_ns	5292
result	prose_heavy	stardict	raw	exact.hit.p99_ns	12125
result	prose_heavy	stardict	raw	exact.miss.p50_ns	500
result	prose_heavy	stardict	raw	exact.miss.p95_ns	4417
result	prose_heavy	stardict	raw	exact.miss.p99_ns	8584
result	prose_heavy	stardict	raw	prefix.zero.p50_ns	6250
result	prose_heavy	stardict	raw	prefix.zero.p95_ns	19667
result	prose_heavy	stardict	raw	prefix.zero.p99_ns	29667
result	prose_heavy	stardict	raw	prefix.one.p50_ns	8125
result	prose_heavy	stardict	raw	prefix.one.p95_ns	28000
result	prose_heavy	stardict	raw	prefix.one.p99_ns	40584
result	prose_heavy	stardict	raw	prefix.many.p50_ns	163917
result	prose_heavy	stardict	raw	prefix.many.p95_ns	701000
result	prose_heavy	stardict	raw	prefix.many.p99_ns	1640792
result	prose_heavy	stardict	raw	prefix.pathological.p50_ns	-
result	prose_heavy	stardict	raw	prefix.pathological.p95_ns	-
result	prose_heavy	stardict	raw	prefix.pathological.p99_ns	-
result	prose_heavy	stardict	gzip	artifact_bytes	95779
unavailable	prose_heavy	stardict	gzip	reason	gzip is not StarDict dictzip random access; raw reader is the measured query baseline
result	prose_heavy	dict-index	raw	artifact_bytes	10557618
result	prose_heavy	dict-index	raw	build_ns	8376667
sample	prose_heavy	dict-index	raw	open	0	5028042
sample	prose_heavy	dict-index	raw	open	1	2749625
sample	prose_heavy	dict-index	raw	open	2	2400375
sample	prose_heavy	dict-index	raw	open	3	2637042
sample	prose_heavy	dict-index	raw	open	4	3496875
sample	prose_heavy	dict-index	raw	open	5	2788750
sample	prose_heavy	dict-index	raw	open	6	2532792
sample	prose_heavy	dict-index	raw	open	7	4972833
sample	prose_heavy	dict-index	raw	open	8	5084458
sample	prose_heavy	dict-index	raw	open	9	2664167
sample	prose_heavy	dict-index	raw	open	10	2561458
sample	prose_heavy	dict-index	raw	open	11	2609041
sample	prose_heavy	dict-index	raw	open	12	2259125
sample	prose_heavy	dict-index	raw	open	13	2439292
sample	prose_heavy	dict-index	raw	open	14	3534291
sample	prose_heavy	dict-index	raw	open	15	3837542
sample	prose_heavy	dict-index	raw	open	16	3521667
sample	prose_heavy	dict-index	raw	open	17	3467541
sample	prose_heavy	dict-index	raw	open	18	2526000
sample	prose_heavy	dict-index	raw	open	19	2831041
sample	prose_heavy	dict-index	raw	open	20	3013584
sample	prose_heavy	dict-index	raw	open	21	3463834
sample	prose_heavy	dict-index	raw	open	22	3068542
sample	prose_heavy	dict-index	raw	open	23	2558083
sample	prose_heavy	dict-index	raw	open	24	2544583
result	prose_heavy	dict-index	raw	open_ns	2788750
result	prose_heavy	dict-index	raw	semantic_digest	11367502346538253063
result	prose_heavy	dict-index	raw	query_checksum	4133005253181784452
result	prose_heavy	dict-index	raw	outputs	1024875
result	prose_heavy	dict-index	raw	logical_prose_bytes	10498986
sample	prose_heavy	dict-index	raw	exact	0	2166
sample	prose_heavy	dict-index	raw	exact	1	7459
sample	prose_heavy	dict-index	raw	exact	2	2916
sample	prose_heavy	dict-index	raw	exact	3	2083
sample	prose_heavy	dict-index	raw	exact	4	24416
sample	prose_heavy	dict-index	raw	exact	5	1459
sample	prose_heavy	dict-index	raw	exact	6	1250
sample	prose_heavy	dict-index	raw	exact	7	833
sample	prose_heavy	dict-index	raw	exact	8	1292
sample	prose_heavy	dict-index	raw	exact	9	500
sample	prose_heavy	dict-index	raw	exact	10	1125
sample	prose_heavy	dict-index	raw	exact	11	542
sample	prose_heavy	dict-index	raw	exact	12	917
sample	prose_heavy	dict-index	raw	exact	13	500
sample	prose_heavy	dict-index	raw	exact	14	1250
sample	prose_heavy	dict-index	raw	exact	15	625
sample	prose_heavy	dict-index	raw	exact	16	1000
sample	prose_heavy	dict-index	raw	exact	17	459
sample	prose_heavy	dict-index	raw	exact	18	19833
sample	prose_heavy	dict-index	raw	exact	19	4000
sample	prose_heavy	dict-index	raw	exact	20	2791
sample	prose_heavy	dict-index	raw	exact	21	625
sample	prose_heavy	dict-index	raw	exact	22	1333
sample	prose_heavy	dict-index	raw	exact	23	708
sample	prose_heavy	dict-index	raw	exact	24	1500
sample	prose_heavy	dict-index	raw	exact	25	792
sample	prose_heavy	dict-index	raw	exact	26	1833
sample	prose_heavy	dict-index	raw	exact	27	500
sample	prose_heavy	dict-index	raw	exact	28	875
sample	prose_heavy	dict-index	raw	exact	29	458
sample	prose_heavy	dict-index	raw	exact	30	1042
sample	prose_heavy	dict-index	raw	exact	31	625
sample	prose_heavy	dict-index	raw	exact	32	1708
sample	prose_heavy	dict-index	raw	exact	33	458
sample	prose_heavy	dict-index	raw	exact	34	1250
sample	prose_heavy	dict-index	raw	exact	35	500
sample	prose_heavy	dict-index	raw	exact	36	1250
sample	prose_heavy	dict-index	raw	exact	37	416
sample	prose_heavy	dict-index	raw	exact	38	1125
sample	prose_heavy	dict-index	raw	exact	39	583
sample	prose_heavy	dict-index	raw	exact	40	1167
sample	prose_heavy	dict-index	raw	exact	41	375
sample	prose_heavy	dict-index	raw	exact	42	1125
sample	prose_heavy	dict-index	raw	exact	43	459
sample	prose_heavy	dict-index	raw	exact	44	875
sample	prose_heavy	dict-index	raw	exact	45	416
sample	prose_heavy	dict-index	raw	exact	46	958
sample	prose_heavy	dict-index	raw	exact	47	583
sample	prose_heavy	dict-index	raw	exact	48	1209
sample	prose_heavy	dict-index	raw	exact	49	5917
sample	prose_heavy	dict-index	raw	exact	50	5584
sample	prose_heavy	dict-index	raw	exact	51	4209
sample	prose_heavy	dict-index	raw	exact	52	5208
sample	prose_heavy	dict-index	raw	exact	53	2084
sample	prose_heavy	dict-index	raw	exact	54	4500
sample	prose_heavy	dict-index	raw	exact	55	4166
sample	prose_heavy	dict-index	raw	exact	56	3625
sample	prose_heavy	dict-index	raw	exact	57	1750
sample	prose_heavy	dict-index	raw	exact	58	3709
sample	prose_heavy	dict-index	raw	exact	59	1375
sample	prose_heavy	dict-index	raw	exact	60	1875
sample	prose_heavy	dict-index	raw	exact	61	917
sample	prose_heavy	dict-index	raw	exact	62	4541
sample	prose_heavy	dict-index	raw	exact	63	3541
sample	prose_heavy	dict-index	raw	exact	64	3875
sample	prose_heavy	dict-index	raw	exact	65	2750
sample	prose_heavy	dict-index	raw	exact	66	2875
sample	prose_heavy	dict-index	raw	exact	67	5291
sample	prose_heavy	dict-index	raw	exact	68	4250
sample	prose_heavy	dict-index	raw	exact	69	3667
sample	prose_heavy	dict-index	raw	exact	70	3584
sample	prose_heavy	dict-index	raw	exact	71	2834
sample	prose_heavy	dict-index	raw	exact	72	3667
sample	prose_heavy	dict-index	raw	exact	73	1458
sample	prose_heavy	dict-index	raw	exact	74	2500
sample	prose_heavy	dict-index	raw	exact	75	1125
sample	prose_heavy	dict-index	raw	exact	76	2542
sample	prose_heavy	dict-index	raw	exact	77	958
sample	prose_heavy	dict-index	raw	exact	78	3167
sample	prose_heavy	dict-index	raw	exact	79	1458
sample	prose_heavy	dict-index	raw	exact	80	1417
sample	prose_heavy	dict-index	raw	exact	81	583
sample	prose_heavy	dict-index	raw	exact	82	1208
sample	prose_heavy	dict-index	raw	exact	83	542
sample	prose_heavy	dict-index	raw	exact	84	1333
sample	prose_heavy	dict-index	raw	exact	85	458
sample	prose_heavy	dict-index	raw	exact	86	1084
sample	prose_heavy	dict-index	raw	exact	87	4083
sample	prose_heavy	dict-index	raw	exact	88	2542
sample	prose_heavy	dict-index	raw	exact	89	1375
sample	prose_heavy	dict-index	raw	exact	90	2166
sample	prose_heavy	dict-index	raw	exact	91	2709
sample	prose_heavy	dict-index	raw	exact	92	3333
sample	prose_heavy	dict-index	raw	exact	93	1041
sample	prose_heavy	dict-index	raw	exact	94	2542
sample	prose_heavy	dict-index	raw	exact	95	1458
sample	prose_heavy	dict-index	raw	exact	96	2542
sample	prose_heavy	dict-index	raw	exact	97	2292
sample	prose_heavy	dict-index	raw	exact	98	2500
sample	prose_heavy	dict-index	raw	exact	99	2083
sample	prose_heavy	dict-index	raw	exact	100	3625
sample	prose_heavy	dict-index	raw	exact	101	1709
sample	prose_heavy	dict-index	raw	exact	102	2250
sample	prose_heavy	dict-index	raw	exact	103	1917
sample	prose_heavy	dict-index	raw	exact	104	2583
sample	prose_heavy	dict-index	raw	exact	105	3250
sample	prose_heavy	dict-index	raw	exact	106	10875
sample	prose_heavy	dict-index	raw	exact	107	7042
sample	prose_heavy	dict-index	raw	exact	108	3291
sample	prose_heavy	dict-index	raw	exact	109	1333
sample	prose_heavy	dict-index	raw	exact	110	5666
sample	prose_heavy	dict-index	raw	exact	111	7750
sample	prose_heavy	dict-index	raw	exact	112	3958
sample	prose_heavy	dict-index	raw	exact	113	2250
sample	prose_heavy	dict-index	raw	exact	114	2375
sample	prose_heavy	dict-index	raw	exact	115	1583
sample	prose_heavy	dict-index	raw	exact	116	2792
sample	prose_heavy	dict-index	raw	exact	117	1000
sample	prose_heavy	dict-index	raw	exact	118	2667
sample	prose_heavy	dict-index	raw	exact	119	1709
sample	prose_heavy	dict-index	raw	exact	120	1375
sample	prose_heavy	dict-index	raw	exact	121	1209
sample	prose_heavy	dict-index	raw	exact	122	2292
sample	prose_heavy	dict-index	raw	exact	123	1208
sample	prose_heavy	dict-index	raw	exact	124	2291
sample	prose_heavy	dict-index	raw	exact	125	1792
sample	prose_heavy	dict-index	raw	exact	126	2583
sample	prose_heavy	dict-index	raw	exact	127	1250
sample	prose_heavy	dict-index	raw	exact	128	2042
sample	prose_heavy	dict-index	raw	exact	129	917
sample	prose_heavy	dict-index	raw	exact	130	2416
sample	prose_heavy	dict-index	raw	exact	131	917
sample	prose_heavy	dict-index	raw	exact	132	2958
sample	prose_heavy	dict-index	raw	exact	133	1167
sample	prose_heavy	dict-index	raw	exact	134	2250
sample	prose_heavy	dict-index	raw	exact	135	1375
sample	prose_heavy	dict-index	raw	exact	136	2166
sample	prose_heavy	dict-index	raw	exact	137	1042
sample	prose_heavy	dict-index	raw	exact	138	6125
sample	prose_heavy	dict-index	raw	exact	139	1875
sample	prose_heavy	dict-index	raw	exact	140	2708
sample	prose_heavy	dict-index	raw	exact	141	1458
sample	prose_heavy	dict-index	raw	exact	142	2333
sample	prose_heavy	dict-index	raw	exact	143	1708
sample	prose_heavy	dict-index	raw	exact	144	4667
sample	prose_heavy	dict-index	raw	exact	145	1459
sample	prose_heavy	dict-index	raw	exact	146	2708
sample	prose_heavy	dict-index	raw	exact	147	1917
sample	prose_heavy	dict-index	raw	exact	148	2291
sample	prose_heavy	dict-index	raw	exact	149	1875
sample	prose_heavy	dict-index	raw	exact	150	1750
sample	prose_heavy	dict-index	raw	exact	151	1375
sample	prose_heavy	dict-index	raw	exact	152	3250
sample	prose_heavy	dict-index	raw	exact	153	625
sample	prose_heavy	dict-index	raw	exact	154	1167
sample	prose_heavy	dict-index	raw	exact	155	834
sample	prose_heavy	dict-index	raw	exact	156	1166
sample	prose_heavy	dict-index	raw	exact	157	500
sample	prose_heavy	dict-index	raw	exact	158	1166
sample	prose_heavy	dict-index	raw	exact	159	1042
sample	prose_heavy	dict-index	raw	exact	160	5125
sample	prose_heavy	dict-index	raw	exact	161	9875
sample	prose_heavy	dict-index	raw	exact	162	4042
sample	prose_heavy	dict-index	raw	exact	163	2291
sample	prose_heavy	dict-index	raw	exact	164	2750
sample	prose_heavy	dict-index	raw	exact	165	2875
sample	prose_heavy	dict-index	raw	exact	166	2000
sample	prose_heavy	dict-index	raw	exact	167	1000
sample	prose_heavy	dict-index	raw	exact	168	1791
sample	prose_heavy	dict-index	raw	exact	169	667
sample	prose_heavy	dict-index	raw	exact	170	1750
sample	prose_heavy	dict-index	raw	exact	171	500
sample	prose_heavy	dict-index	raw	exact	172	1542
sample	prose_heavy	dict-index	raw	exact	173	625
sample	prose_heavy	dict-index	raw	exact	174	1500
sample	prose_heavy	dict-index	raw	exact	175	667
sample	prose_heavy	dict-index	raw	exact	176	917
sample	prose_heavy	dict-index	raw	exact	177	458
sample	prose_heavy	dict-index	raw	exact	178	917
sample	prose_heavy	dict-index	raw	exact	179	458
sample	prose_heavy	dict-index	raw	exact	180	1042
sample	prose_heavy	dict-index	raw	exact	181	459
sample	prose_heavy	dict-index	raw	exact	182	1375
sample	prose_heavy	dict-index	raw	exact	183	625
sample	prose_heavy	dict-index	raw	exact	184	1292
sample	prose_heavy	dict-index	raw	exact	185	375
sample	prose_heavy	dict-index	raw	exact	186	1667
sample	prose_heavy	dict-index	raw	exact	187	458
sample	prose_heavy	dict-index	raw	exact	188	1167
sample	prose_heavy	dict-index	raw	exact	189	417
sample	prose_heavy	dict-index	raw	exact	190	1250
sample	prose_heavy	dict-index	raw	exact	191	583
sample	prose_heavy	dict-index	raw	exact	192	1500
sample	prose_heavy	dict-index	raw	exact	193	417
sample	prose_heavy	dict-index	raw	exact	194	1708
sample	prose_heavy	dict-index	raw	exact	195	667
sample	prose_heavy	dict-index	raw	exact	196	791
sample	prose_heavy	dict-index	raw	exact	197	416
sample	prose_heavy	dict-index	raw	exact	198	1125
sample	prose_heavy	dict-index	raw	exact	199	4709
sample	prose_heavy	dict-index	raw	exact	200	3500
sample	prose_heavy	dict-index	raw	exact	201	4250
sample	prose_heavy	dict-index	raw	exact	202	3000
sample	prose_heavy	dict-index	raw	exact	203	1000
sample	prose_heavy	dict-index	raw	exact	204	1959
sample	prose_heavy	dict-index	raw	exact	205	500
sample	prose_heavy	dict-index	raw	exact	206	8083
sample	prose_heavy	dict-index	raw	exact	207	3833
sample	prose_heavy	dict-index	raw	exact	208	4166
sample	prose_heavy	dict-index	raw	exact	209	2125
sample	prose_heavy	dict-index	raw	exact	210	2000
sample	prose_heavy	dict-index	raw	exact	211	1250
sample	prose_heavy	dict-index	raw	exact	212	3541
sample	prose_heavy	dict-index	raw	exact	213	4042
sample	prose_heavy	dict-index	raw	exact	214	2875
sample	prose_heavy	dict-index	raw	exact	215	1209
sample	prose_heavy	dict-index	raw	exact	216	4333
sample	prose_heavy	dict-index	raw	exact	217	1625
sample	prose_heavy	dict-index	raw	exact	218	2042
sample	prose_heavy	dict-index	raw	exact	219	36959
sample	prose_heavy	dict-index	raw	exact	220	4834
sample	prose_heavy	dict-index	raw	exact	221	2792
sample	prose_heavy	dict-index	raw	exact	222	2958
sample	prose_heavy	dict-index	raw	exact	223	2042
sample	prose_heavy	dict-index	raw	exact	224	5708
sample	prose_heavy	dict-index	raw	exact	225	2666
sample	prose_heavy	dict-index	raw	exact	226	3000
sample	prose_heavy	dict-index	raw	exact	227	1500
sample	prose_heavy	dict-index	raw	exact	228	2958
sample	prose_heavy	dict-index	raw	exact	229	2458
sample	prose_heavy	dict-index	raw	exact	230	3125
sample	prose_heavy	dict-index	raw	exact	231	1625
sample	prose_heavy	dict-index	raw	exact	232	2125
sample	prose_heavy	dict-index	raw	exact	233	1541
sample	prose_heavy	dict-index	raw	exact	234	2750
sample	prose_heavy	dict-index	raw	exact	235	2959
sample	prose_heavy	dict-index	raw	exact	236	2916
sample	prose_heavy	dict-index	raw	exact	237	958
sample	prose_heavy	dict-index	raw	exact	238	2459
sample	prose_heavy	dict-index	raw	exact	239	2708
sample	prose_heavy	dict-index	raw	exact	240	1000
sample	prose_heavy	dict-index	raw	exact	241	584
sample	prose_heavy	dict-index	raw	exact	242	1416
sample	prose_heavy	dict-index	raw	exact	243	500
sample	prose_heavy	dict-index	raw	exact	244	1083
sample	prose_heavy	dict-index	raw	exact	245	417
sample	prose_heavy	dict-index	raw	exact	246	1333
sample	prose_heavy	dict-index	raw	exact	247	750
sample	prose_heavy	dict-index	raw	exact	248	1125
sample	prose_heavy	dict-index	raw	exact	249	458
sample	prose_heavy	dict-index	raw	exact	250	916
sample	prose_heavy	dict-index	raw	exact	251	500
sample	prose_heavy	dict-index	raw	exact	252	1167
sample	prose_heavy	dict-index	raw	exact	253	459
sample	prose_heavy	dict-index	raw	exact	254	1166
sample	prose_heavy	dict-index	raw	exact	255	583
sample	prose_heavy	dict-index	raw	exact	256	1500
sample	prose_heavy	dict-index	raw	exact	257	458
sample	prose_heavy	dict-index	raw	exact	258	1167
sample	prose_heavy	dict-index	raw	exact	259	541
sample	prose_heavy	dict-index	raw	exact	260	1041
sample	prose_heavy	dict-index	raw	exact	261	500
sample	prose_heavy	dict-index	raw	exact	262	1000
sample	prose_heavy	dict-index	raw	exact	263	667
sample	prose_heavy	dict-index	raw	exact	264	1000
sample	prose_heavy	dict-index	raw	exact	265	417
sample	prose_heavy	dict-index	raw	exact	266	1208
sample	prose_heavy	dict-index	raw	exact	267	500
sample	prose_heavy	dict-index	raw	exact	268	1125
sample	prose_heavy	dict-index	raw	exact	269	417
sample	prose_heavy	dict-index	raw	exact	270	666
sample	prose_heavy	dict-index	raw	exact	271	583
sample	prose_heavy	dict-index	raw	exact	272	1333
sample	prose_heavy	dict-index	raw	exact	273	417
sample	prose_heavy	dict-index	raw	exact	274	834
sample	prose_heavy	dict-index	raw	exact	275	500
sample	prose_heavy	dict-index	raw	exact	276	959
sample	prose_heavy	dict-index	raw	exact	277	458
sample	prose_heavy	dict-index	raw	exact	278	625
sample	prose_heavy	dict-index	raw	exact	279	625
sample	prose_heavy	dict-index	raw	exact	280	1000
sample	prose_heavy	dict-index	raw	exact	281	417
sample	prose_heavy	dict-index	raw	exact	282	666
sample	prose_heavy	dict-index	raw	exact	283	458
sample	prose_heavy	dict-index	raw	exact	284	667
sample	prose_heavy	dict-index	raw	exact	285	416
sample	prose_heavy	dict-index	raw	exact	286	708
sample	prose_heavy	dict-index	raw	exact	287	625
sample	prose_heavy	dict-index	raw	exact	288	1083
sample	prose_heavy	dict-index	raw	exact	289	375
sample	prose_heavy	dict-index	raw	exact	290	709
sample	prose_heavy	dict-index	raw	exact	291	459
sample	prose_heavy	dict-index	raw	exact	292	792
sample	prose_heavy	dict-index	raw	exact	293	458
sample	prose_heavy	dict-index	raw	exact	294	667
sample	prose_heavy	dict-index	raw	exact	295	583
sample	prose_heavy	dict-index	raw	exact	296	750
sample	prose_heavy	dict-index	raw	exact	297	1209
sample	prose_heavy	dict-index	raw	exact	298	667
sample	prose_heavy	dict-index	raw	exact	299	459
sample	prose_heavy	dict-index	raw	exact	300	667
sample	prose_heavy	dict-index	raw	exact	301	500
sample	prose_heavy	dict-index	raw	exact	302	916
sample	prose_heavy	dict-index	raw	exact	303	584
sample	prose_heavy	dict-index	raw	exact	304	1041
sample	prose_heavy	dict-index	raw	exact	305	417
sample	prose_heavy	dict-index	raw	exact	306	583
sample	prose_heavy	dict-index	raw	exact	307	458
sample	prose_heavy	dict-index	raw	exact	308	791
sample	prose_heavy	dict-index	raw	exact	309	458
sample	prose_heavy	dict-index	raw	exact	310	875
sample	prose_heavy	dict-index	raw	exact	311	583
sample	prose_heavy	dict-index	raw	exact	312	6042
sample	prose_heavy	dict-index	raw	exact	313	1042
sample	prose_heavy	dict-index	raw	exact	314	959
sample	prose_heavy	dict-index	raw	exact	315	542
sample	prose_heavy	dict-index	raw	exact	316	875
sample	prose_heavy	dict-index	raw	exact	317	417
sample	prose_heavy	dict-index	raw	exact	318	791
sample	prose_heavy	dict-index	raw	exact	319	625
sample	prose_heavy	dict-index	raw	exact	320	958
sample	prose_heavy	dict-index	raw	exact	321	375
sample	prose_heavy	dict-index	raw	exact	322	1083
sample	prose_heavy	dict-index	raw	exact	323	500
sample	prose_heavy	dict-index	raw	exact	324	750
sample	prose_heavy	dict-index	raw	exact	325	458
sample	prose_heavy	dict-index	raw	exact	326	1125
sample	prose_heavy	dict-index	raw	exact	327	584
sample	prose_heavy	dict-index	raw	exact	328	500
sample	prose_heavy	dict-index	raw	exact	329	416
sample	prose_heavy	dict-index	raw	exact	330	708
sample	prose_heavy	dict-index	raw	exact	331	500
sample	prose_heavy	dict-index	raw	exact	332	708
sample	prose_heavy	dict-index	raw	exact	333	459
sample	prose_heavy	dict-index	raw	exact	334	709
sample	prose_heavy	dict-index	raw	exact	335	625
sample	prose_heavy	dict-index	raw	exact	336	1250
sample	prose_heavy	dict-index	raw	exact	337	458
sample	prose_heavy	dict-index	raw	exact	338	625
sample	prose_heavy	dict-index	raw	exact	339	500
sample	prose_heavy	dict-index	raw	exact	340	791
sample	prose_heavy	dict-index	raw	exact	341	459
sample	prose_heavy	dict-index	raw	exact	342	1167
sample	prose_heavy	dict-index	raw	exact	343	625
sample	prose_heavy	dict-index	raw	exact	344	916
sample	prose_heavy	dict-index	raw	exact	345	458
sample	prose_heavy	dict-index	raw	exact	346	833
sample	prose_heavy	dict-index	raw	exact	347	500
sample	prose_heavy	dict-index	raw	exact	348	917
sample	prose_heavy	dict-index	raw	exact	349	416
sample	prose_heavy	dict-index	raw	exact	350	709
sample	prose_heavy	dict-index	raw	exact	351	584
sample	prose_heavy	dict-index	raw	exact	352	1125
sample	prose_heavy	dict-index	raw	exact	353	459
sample	prose_heavy	dict-index	raw	exact	354	667
sample	prose_heavy	dict-index	raw	exact	355	459
sample	prose_heavy	dict-index	raw	exact	356	792
sample	prose_heavy	dict-index	raw	exact	357	417
sample	prose_heavy	dict-index	raw	exact	358	750
sample	prose_heavy	dict-index	raw	exact	359	542
sample	prose_heavy	dict-index	raw	exact	360	667
sample	prose_heavy	dict-index	raw	exact	361	417
sample	prose_heavy	dict-index	raw	exact	362	708
sample	prose_heavy	dict-index	raw	exact	363	458
sample	prose_heavy	dict-index	raw	exact	364	750
sample	prose_heavy	dict-index	raw	exact	365	584
sample	prose_heavy	dict-index	raw	exact	366	792
sample	prose_heavy	dict-index	raw	exact	367	584
sample	prose_heavy	dict-index	raw	exact	368	4125
sample	prose_heavy	dict-index	raw	exact	369	625
sample	prose_heavy	dict-index	raw	exact	370	1375
sample	prose_heavy	dict-index	raw	exact	371	750
sample	prose_heavy	dict-index	raw	exact	372	1042
sample	prose_heavy	dict-index	raw	exact	373	459
sample	prose_heavy	dict-index	raw	exact	374	1125
sample	prose_heavy	dict-index	raw	exact	375	917
sample	prose_heavy	dict-index	raw	exact	376	1166
sample	prose_heavy	dict-index	raw	exact	377	1917
sample	prose_heavy	dict-index	raw	exact	378	1042
sample	prose_heavy	dict-index	raw	exact	379	5458
sample	prose_heavy	dict-index	raw	exact	380	12666
sample	prose_heavy	dict-index	raw	exact	381	1041
sample	prose_heavy	dict-index	raw	exact	382	1459
sample	prose_heavy	dict-index	raw	exact	383	5792
sample	prose_heavy	dict-index	raw	exact	384	1750
sample	prose_heavy	dict-index	raw	exact	385	500
sample	prose_heavy	dict-index	raw	exact	386	1083
sample	prose_heavy	dict-index	raw	exact	387	584
sample	prose_heavy	dict-index	raw	exact	388	1000
sample	prose_heavy	dict-index	raw	exact	389	459
sample	prose_heavy	dict-index	raw	exact	390	1084
sample	prose_heavy	dict-index	raw	exact	391	792
sample	prose_heavy	dict-index	raw	exact	392	875
sample	prose_heavy	dict-index	raw	exact	393	459
sample	prose_heavy	dict-index	raw	exact	394	1041
sample	prose_heavy	dict-index	raw	exact	395	458
sample	prose_heavy	dict-index	raw	exact	396	1042
sample	prose_heavy	dict-index	raw	exact	397	417
sample	prose_heavy	dict-index	raw	exact	398	875
sample	prose_heavy	dict-index	raw	exact	399	667
sample	prose_heavy	dict-index	raw	exact	400	917
sample	prose_heavy	dict-index	raw	exact	401	417
sample	prose_heavy	dict-index	raw	exact	402	1125
sample	prose_heavy	dict-index	raw	exact	403	459
sample	prose_heavy	dict-index	raw	exact	404	750
sample	prose_heavy	dict-index	raw	exact	405	417
sample	prose_heavy	dict-index	raw	exact	406	875
sample	prose_heavy	dict-index	raw	exact	407	625
sample	prose_heavy	dict-index	raw	exact	408	1000
sample	prose_heavy	dict-index	raw	exact	409	15000
sample	prose_heavy	dict-index	raw	exact	410	6625
sample	prose_heavy	dict-index	raw	exact	411	1209
sample	prose_heavy	dict-index	raw	exact	412	1542
sample	prose_heavy	dict-index	raw	exact	413	500
sample	prose_heavy	dict-index	raw	exact	414	1333
sample	prose_heavy	dict-index	raw	exact	415	875
sample	prose_heavy	dict-index	raw	exact	416	1083
sample	prose_heavy	dict-index	raw	exact	417	4708
sample	prose_heavy	dict-index	raw	exact	418	3584
sample	prose_heavy	dict-index	raw	exact	419	2792
sample	prose_heavy	dict-index	raw	exact	420	10042
sample	prose_heavy	dict-index	raw	exact	421	1042
sample	prose_heavy	dict-index	raw	exact	422	958
sample	prose_heavy	dict-index	raw	exact	423	625
sample	prose_heavy	dict-index	raw	exact	424	1000
sample	prose_heavy	dict-index	raw	exact	425	500
sample	prose_heavy	dict-index	raw	exact	426	1125
sample	prose_heavy	dict-index	raw	exact	427	417
sample	prose_heavy	dict-index	raw	exact	428	1041
sample	prose_heavy	dict-index	raw	exact	429	417
sample	prose_heavy	dict-index	raw	exact	430	1042
sample	prose_heavy	dict-index	raw	exact	431	625
sample	prose_heavy	dict-index	raw	exact	432	1167
sample	prose_heavy	dict-index	raw	exact	433	458
sample	prose_heavy	dict-index	raw	exact	434	1542
sample	prose_heavy	dict-index	raw	exact	435	459
sample	prose_heavy	dict-index	raw	exact	436	875
sample	prose_heavy	dict-index	raw	exact	437	458
sample	prose_heavy	dict-index	raw	exact	438	1292
sample	prose_heavy	dict-index	raw	exact	439	666
sample	prose_heavy	dict-index	raw	exact	440	1042
sample	prose_heavy	dict-index	raw	exact	441	417
sample	prose_heavy	dict-index	raw	exact	442	1000
sample	prose_heavy	dict-index	raw	exact	443	417
sample	prose_heavy	dict-index	raw	exact	444	666
sample	prose_heavy	dict-index	raw	exact	445	458
sample	prose_heavy	dict-index	raw	exact	446	791
sample	prose_heavy	dict-index	raw	exact	447	542
sample	prose_heavy	dict-index	raw	exact	448	1000
sample	prose_heavy	dict-index	raw	exact	449	416
sample	prose_heavy	dict-index	raw	exact	450	959
sample	prose_heavy	dict-index	raw	exact	451	458
sample	prose_heavy	dict-index	raw	exact	452	666
sample	prose_heavy	dict-index	raw	exact	453	417
sample	prose_heavy	dict-index	raw	exact	454	750
sample	prose_heavy	dict-index	raw	exact	455	542
sample	prose_heavy	dict-index	raw	exact	456	875
sample	prose_heavy	dict-index	raw	exact	457	458
sample	prose_heavy	dict-index	raw	exact	458	708
sample	prose_heavy	dict-index	raw	exact	459	459
sample	prose_heavy	dict-index	raw	exact	460	750
sample	prose_heavy	dict-index	raw	exact	461	416
sample	prose_heavy	dict-index	raw	exact	462	792
sample	prose_heavy	dict-index	raw	exact	463	583
sample	prose_heavy	dict-index	raw	exact	464	1417
sample	prose_heavy	dict-index	raw	exact	465	417
sample	prose_heavy	dict-index	raw	exact	466	667
sample	prose_heavy	dict-index	raw	exact	467	459
sample	prose_heavy	dict-index	raw	exact	468	792
sample	prose_heavy	dict-index	raw	exact	469	417
sample	prose_heavy	dict-index	raw	exact	470	875
sample	prose_heavy	dict-index	raw	exact	471	583
sample	prose_heavy	dict-index	raw	exact	472	833
sample	prose_heavy	dict-index	raw	exact	473	500
sample	prose_heavy	dict-index	raw	exact	474	667
sample	prose_heavy	dict-index	raw	exact	475	459
sample	prose_heavy	dict-index	raw	exact	476	709
sample	prose_heavy	dict-index	raw	exact	477	458
sample	prose_heavy	dict-index	raw	exact	478	1042
sample	prose_heavy	dict-index	raw	exact	479	583
sample	prose_heavy	dict-index	raw	exact	480	791
sample	prose_heavy	dict-index	raw	exact	481	458
sample	prose_heavy	dict-index	raw	exact	482	625
sample	prose_heavy	dict-index	raw	exact	483	417
sample	prose_heavy	dict-index	raw	exact	484	875
sample	prose_heavy	dict-index	raw	exact	485	417
sample	prose_heavy	dict-index	raw	exact	486	792
sample	prose_heavy	dict-index	raw	exact	487	584
sample	prose_heavy	dict-index	raw	exact	488	958
sample	prose_heavy	dict-index	raw	exact	489	417
sample	prose_heavy	dict-index	raw	exact	490	792
sample	prose_heavy	dict-index	raw	exact	491	417
sample	prose_heavy	dict-index	raw	exact	492	791
sample	prose_heavy	dict-index	raw	exact	493	417
sample	prose_heavy	dict-index	raw	exact	494	875
sample	prose_heavy	dict-index	raw	exact	495	542
sample	prose_heavy	dict-index	raw	exact	496	875
sample	prose_heavy	dict-index	raw	exact	497	375
sample	prose_heavy	dict-index	raw	exact	498	750
sample	prose_heavy	dict-index	raw	exact	499	458
sample	prose_heavy	dict-index	raw	exact	500	750
sample	prose_heavy	dict-index	raw	exact	501	584
sample	prose_heavy	dict-index	raw	exact	502	916
sample	prose_heavy	dict-index	raw	exact	503	625
sample	prose_heavy	dict-index	raw	exact	504	667
sample	prose_heavy	dict-index	raw	exact	505	417
sample	prose_heavy	dict-index	raw	exact	506	583
sample	prose_heavy	dict-index	raw	exact	507	958
sample	prose_heavy	dict-index	raw	exact	508	750
sample	prose_heavy	dict-index	raw	exact	509	416
sample	prose_heavy	dict-index	raw	exact	510	12041
sample	prose_heavy	dict-index	raw	exact	511	4333
sample	prose_heavy	dict-index	raw	exact	512	1083
sample	prose_heavy	dict-index	raw	exact	513	625
sample	prose_heavy	dict-index	raw	exact	514	1000
sample	prose_heavy	dict-index	raw	exact	515	10875
sample	prose_heavy	dict-index	raw	exact	516	3042
sample	prose_heavy	dict-index	raw	exact	517	791
sample	prose_heavy	dict-index	raw	exact	518	1834
sample	prose_heavy	dict-index	raw	exact	519	917
sample	prose_heavy	dict-index	raw	exact	520	1959
sample	prose_heavy	dict-index	raw	exact	521	500
sample	prose_heavy	dict-index	raw	exact	522	2375
sample	prose_heavy	dict-index	raw	exact	523	500
sample	prose_heavy	dict-index	raw	exact	524	1584
sample	prose_heavy	dict-index	raw	exact	525	500
sample	prose_heavy	dict-index	raw	exact	526	1500
sample	prose_heavy	dict-index	raw	exact	527	666
sample	prose_heavy	dict-index	raw	exact	528	1375
sample	prose_heavy	dict-index	raw	exact	529	500
sample	prose_heavy	dict-index	raw	exact	530	1166
sample	prose_heavy	dict-index	raw	exact	531	459
sample	prose_heavy	dict-index	raw	exact	532	2000
sample	prose_heavy	dict-index	raw	exact	533	625
sample	prose_heavy	dict-index	raw	exact	534	1458
sample	prose_heavy	dict-index	raw	exact	535	750
sample	prose_heavy	dict-index	raw	exact	536	1416
sample	prose_heavy	dict-index	raw	exact	537	500
sample	prose_heavy	dict-index	raw	exact	538	1042
sample	prose_heavy	dict-index	raw	exact	539	584
sample	prose_heavy	dict-index	raw	exact	540	1000
sample	prose_heavy	dict-index	raw	exact	541	458
sample	prose_heavy	dict-index	raw	exact	542	1459
sample	prose_heavy	dict-index	raw	exact	543	625
sample	prose_heavy	dict-index	raw	exact	544	1083
sample	prose_heavy	dict-index	raw	exact	545	417
sample	prose_heavy	dict-index	raw	exact	546	1458
sample	prose_heavy	dict-index	raw	exact	547	417
sample	prose_heavy	dict-index	raw	exact	548	750
sample	prose_heavy	dict-index	raw	exact	549	458
sample	prose_heavy	dict-index	raw	exact	550	792
sample	prose_heavy	dict-index	raw	exact	551	625
sample	prose_heavy	dict-index	raw	exact	552	1042
sample	prose_heavy	dict-index	raw	exact	553	417
sample	prose_heavy	dict-index	raw	exact	554	916
sample	prose_heavy	dict-index	raw	exact	555	500
sample	prose_heavy	dict-index	raw	exact	556	791
sample	prose_heavy	dict-index	raw	exact	557	458
sample	prose_heavy	dict-index	raw	exact	558	875
sample	prose_heavy	dict-index	raw	exact	559	542
sample	prose_heavy	dict-index	raw	exact	560	833
sample	prose_heavy	dict-index	raw	exact	561	416
sample	prose_heavy	dict-index	raw	exact	562	667
sample	prose_heavy	dict-index	raw	exact	563	458
sample	prose_heavy	dict-index	raw	exact	564	625
sample	prose_heavy	dict-index	raw	exact	565	458
sample	prose_heavy	dict-index	raw	exact	566	7875
sample	prose_heavy	dict-index	raw	exact	567	4041
sample	prose_heavy	dict-index	raw	exact	568	13917
sample	prose_heavy	dict-index	raw	exact	569	2667
sample	prose_heavy	dict-index	raw	exact	570	1459
sample	prose_heavy	dict-index	raw	exact	571	625
sample	prose_heavy	dict-index	raw	exact	572	6458
sample	prose_heavy	dict-index	raw	exact	573	3959
sample	prose_heavy	dict-index	raw	exact	574	1666
sample	prose_heavy	dict-index	raw	exact	575	4333
sample	prose_heavy	dict-index	raw	exact	576	3167
sample	prose_heavy	dict-index	raw	exact	577	1500
sample	prose_heavy	dict-index	raw	exact	578	2125
sample	prose_heavy	dict-index	raw	exact	579	1542
sample	prose_heavy	dict-index	raw	exact	580	2166
sample	prose_heavy	dict-index	raw	exact	581	417
sample	prose_heavy	dict-index	raw	exact	582	1250
sample	prose_heavy	dict-index	raw	exact	583	875
sample	prose_heavy	dict-index	raw	exact	584	1291
sample	prose_heavy	dict-index	raw	exact	585	708
sample	prose_heavy	dict-index	raw	exact	586	1042
sample	prose_heavy	dict-index	raw	exact	587	417
sample	prose_heavy	dict-index	raw	exact	588	1208
sample	prose_heavy	dict-index	raw	exact	589	416
sample	prose_heavy	dict-index	raw	exact	590	1542
sample	prose_heavy	dict-index	raw	exact	591	541
sample	prose_heavy	dict-index	raw	exact	592	1167
sample	prose_heavy	dict-index	raw	exact	593	417
sample	prose_heavy	dict-index	raw	exact	594	1125
sample	prose_heavy	dict-index	raw	exact	595	459
sample	prose_heavy	dict-index	raw	exact	596	1042
sample	prose_heavy	dict-index	raw	exact	597	417
sample	prose_heavy	dict-index	raw	exact	598	1125
sample	prose_heavy	dict-index	raw	exact	599	583
sample	prose_heavy	dict-index	raw	exact	600	959
sample	prose_heavy	dict-index	raw	exact	601	416
sample	prose_heavy	dict-index	raw	exact	602	1166
sample	prose_heavy	dict-index	raw	exact	603	500
sample	prose_heavy	dict-index	raw	exact	604	1167
sample	prose_heavy	dict-index	raw	exact	605	459
sample	prose_heavy	dict-index	raw	exact	606	1333
sample	prose_heavy	dict-index	raw	exact	607	541
sample	prose_heavy	dict-index	raw	exact	608	1042
sample	prose_heavy	dict-index	raw	exact	609	333
sample	prose_heavy	dict-index	raw	exact	610	875
sample	prose_heavy	dict-index	raw	exact	611	459
sample	prose_heavy	dict-index	raw	exact	612	750
sample	prose_heavy	dict-index	raw	exact	613	417
sample	prose_heavy	dict-index	raw	exact	614	709
sample	prose_heavy	dict-index	raw	exact	615	1063958
sample	prose_heavy	dict-index	raw	exact	616	2875
sample	prose_heavy	dict-index	raw	exact	617	708
sample	prose_heavy	dict-index	raw	exact	618	1584
sample	prose_heavy	dict-index	raw	exact	619	1000
sample	prose_heavy	dict-index	raw	exact	620	1125
sample	prose_heavy	dict-index	raw	exact	621	458
sample	prose_heavy	dict-index	raw	exact	622	1541
sample	prose_heavy	dict-index	raw	exact	623	708
sample	prose_heavy	dict-index	raw	exact	624	1167
sample	prose_heavy	dict-index	raw	exact	625	417
sample	prose_heavy	dict-index	raw	exact	626	1625
sample	prose_heavy	dict-index	raw	exact	627	583
sample	prose_heavy	dict-index	raw	exact	628	1625
sample	prose_heavy	dict-index	raw	exact	629	5625
sample	prose_heavy	dict-index	raw	exact	630	2041
sample	prose_heavy	dict-index	raw	exact	631	667
sample	prose_heavy	dict-index	raw	exact	632	959
sample	prose_heavy	dict-index	raw	exact	633	375
sample	prose_heavy	dict-index	raw	exact	634	1250
sample	prose_heavy	dict-index	raw	exact	635	458
sample	prose_heavy	dict-index	raw	exact	636	1125
sample	prose_heavy	dict-index	raw	exact	637	458
sample	prose_heavy	dict-index	raw	exact	638	1000
sample	prose_heavy	dict-index	raw	exact	639	583
sample	prose_heavy	dict-index	raw	exact	640	1084
sample	prose_heavy	dict-index	raw	exact	641	375
sample	prose_heavy	dict-index	raw	exact	642	916
sample	prose_heavy	dict-index	raw	exact	643	417
sample	prose_heavy	dict-index	raw	exact	644	1042
sample	prose_heavy	dict-index	raw	exact	645	375
sample	prose_heavy	dict-index	raw	exact	646	958
sample	prose_heavy	dict-index	raw	exact	647	583
sample	prose_heavy	dict-index	raw	exact	648	916
sample	prose_heavy	dict-index	raw	exact	649	416
sample	prose_heavy	dict-index	raw	exact	650	1000
sample	prose_heavy	dict-index	raw	exact	651	458
sample	prose_heavy	dict-index	raw	exact	652	875
sample	prose_heavy	dict-index	raw	exact	653	416
sample	prose_heavy	dict-index	raw	exact	654	875
sample	prose_heavy	dict-index	raw	exact	655	584
sample	prose_heavy	dict-index	raw	exact	656	1416
sample	prose_heavy	dict-index	raw	exact	657	417
sample	prose_heavy	dict-index	raw	exact	658	792
sample	prose_heavy	dict-index	raw	exact	659	416
sample	prose_heavy	dict-index	raw	exact	660	625
sample	prose_heavy	dict-index	raw	exact	661	458
sample	prose_heavy	dict-index	raw	exact	662	792
sample	prose_heavy	dict-index	raw	exact	663	500
sample	prose_heavy	dict-index	raw	exact	664	834
sample	prose_heavy	dict-index	raw	exact	665	375
sample	prose_heavy	dict-index	raw	exact	666	625
sample	prose_heavy	dict-index	raw	exact	667	416
sample	prose_heavy	dict-index	raw	exact	668	625
sample	prose_heavy	dict-index	raw	exact	669	417
sample	prose_heavy	dict-index	raw	exact	670	625
sample	prose_heavy	dict-index	raw	exact	671	542
sample	prose_heavy	dict-index	raw	exact	672	792
sample	prose_heavy	dict-index	raw	exact	673	416
sample	prose_heavy	dict-index	raw	exact	674	708
sample	prose_heavy	dict-index	raw	exact	675	416
sample	prose_heavy	dict-index	raw	exact	676	625
sample	prose_heavy	dict-index	raw	exact	677	416
sample	prose_heavy	dict-index	raw	exact	678	667
sample	prose_heavy	dict-index	raw	exact	679	542
sample	prose_heavy	dict-index	raw	exact	680	1625
sample	prose_heavy	dict-index	raw	exact	681	416
sample	prose_heavy	dict-index	raw	exact	682	625
sample	prose_heavy	dict-index	raw	exact	683	417
sample	prose_heavy	dict-index	raw	exact	684	625
sample	prose_heavy	dict-index	raw	exact	685	417
sample	prose_heavy	dict-index	raw	exact	686	708
sample	prose_heavy	dict-index	raw	exact	687	583
sample	prose_heavy	dict-index	raw	exact	688	1125
sample	prose_heavy	dict-index	raw	exact	689	375
sample	prose_heavy	dict-index	raw	exact	690	583
sample	prose_heavy	dict-index	raw	exact	691	500
sample	prose_heavy	dict-index	raw	exact	692	750
sample	prose_heavy	dict-index	raw	exact	693	417
sample	prose_heavy	dict-index	raw	exact	694	667
sample	prose_heavy	dict-index	raw	exact	695	667
sample	prose_heavy	dict-index	raw	exact	696	792
sample	prose_heavy	dict-index	raw	exact	697	500
sample	prose_heavy	dict-index	raw	exact	698	583
sample	prose_heavy	dict-index	raw	exact	699	458
sample	prose_heavy	dict-index	raw	exact	700	791
sample	prose_heavy	dict-index	raw	exact	701	459
sample	prose_heavy	dict-index	raw	exact	702	750
sample	prose_heavy	dict-index	raw	exact	703	584
sample	prose_heavy	dict-index	raw	exact	704	1084
sample	prose_heavy	dict-index	raw	exact	705	417
sample	prose_heavy	dict-index	raw	exact	706	583
sample	prose_heavy	dict-index	raw	exact	707	500
sample	prose_heavy	dict-index	raw	exact	708	792
sample	prose_heavy	dict-index	raw	exact	709	416
sample	prose_heavy	dict-index	raw	exact	710	875
sample	prose_heavy	dict-index	raw	exact	711	541
sample	prose_heavy	dict-index	raw	exact	712	959
sample	prose_heavy	dict-index	raw	exact	713	375
sample	prose_heavy	dict-index	raw	exact	714	958
sample	prose_heavy	dict-index	raw	exact	715	458
sample	prose_heavy	dict-index	raw	exact	716	666
sample	prose_heavy	dict-index	raw	exact	717	417
sample	prose_heavy	dict-index	raw	exact	718	666
sample	prose_heavy	dict-index	raw	exact	719	584
sample	prose_heavy	dict-index	raw	exact	720	1084
sample	prose_heavy	dict-index	raw	exact	721	375
sample	prose_heavy	dict-index	raw	exact	722	666
sample	prose_heavy	dict-index	raw	exact	723	4167
sample	prose_heavy	dict-index	raw	exact	724	8250
sample	prose_heavy	dict-index	raw	exact	725	5333
sample	prose_heavy	dict-index	raw	exact	726	3292
sample	prose_heavy	dict-index	raw	exact	727	1334
sample	prose_heavy	dict-index	raw	exact	728	2292
sample	prose_heavy	dict-index	raw	exact	729	750
sample	prose_heavy	dict-index	raw	exact	730	1416
sample	prose_heavy	dict-index	raw	exact	731	625
sample	prose_heavy	dict-index	raw	exact	732	1291
sample	prose_heavy	dict-index	raw	exact	733	458
sample	prose_heavy	dict-index	raw	exact	734	1083
sample	prose_heavy	dict-index	raw	exact	735	1000
sample	prose_heavy	dict-index	raw	exact	736	1541
sample	prose_heavy	dict-index	raw	exact	737	417
sample	prose_heavy	dict-index	raw	exact	738	1541
sample	prose_heavy	dict-index	raw	exact	739	459
sample	prose_heavy	dict-index	raw	exact	740	1042
sample	prose_heavy	dict-index	raw	exact	741	542
sample	prose_heavy	dict-index	raw	exact	742	1250
sample	prose_heavy	dict-index	raw	exact	743	709
sample	prose_heavy	dict-index	raw	exact	744	1000
sample	prose_heavy	dict-index	raw	exact	745	375
sample	prose_heavy	dict-index	raw	exact	746	1375
sample	prose_heavy	dict-index	raw	exact	747	500
sample	prose_heavy	dict-index	raw	exact	748	916
sample	prose_heavy	dict-index	raw	exact	749	458
sample	prose_heavy	dict-index	raw	exact	750	958
sample	prose_heavy	dict-index	raw	exact	751	708
sample	prose_heavy	dict-index	raw	exact	752	1042
sample	prose_heavy	dict-index	raw	exact	753	375
sample	prose_heavy	dict-index	raw	exact	754	1250
sample	prose_heavy	dict-index	raw	exact	755	458
sample	prose_heavy	dict-index	raw	exact	756	916
sample	prose_heavy	dict-index	raw	exact	757	417
sample	prose_heavy	dict-index	raw	exact	758	709
sample	prose_heavy	dict-index	raw	exact	759	625
sample	prose_heavy	dict-index	raw	exact	760	834
sample	prose_heavy	dict-index	raw	exact	761	417
sample	prose_heavy	dict-index	raw	exact	762	792
sample	prose_heavy	dict-index	raw	exact	763	459
sample	prose_heavy	dict-index	raw	exact	764	750
sample	prose_heavy	dict-index	raw	exact	765	417
sample	prose_heavy	dict-index	raw	exact	766	709
sample	prose_heavy	dict-index	raw	exact	767	542
sample	prose_heavy	dict-index	raw	exact	768	2125
sample	prose_heavy	dict-index	raw	exact	769	625
sample	prose_heavy	dict-index	raw	exact	770	1000
sample	prose_heavy	dict-index	raw	exact	771	541
sample	prose_heavy	dict-index	raw	exact	772	1708
sample	prose_heavy	dict-index	raw	exact	773	542
sample	prose_heavy	dict-index	raw	exact	774	1000
sample	prose_heavy	dict-index	raw	exact	775	667
sample	prose_heavy	dict-index	raw	exact	776	833
sample	prose_heavy	dict-index	raw	exact	777	3917
sample	prose_heavy	dict-index	raw	exact	778	2500
sample	prose_heavy	dict-index	raw	exact	779	625
sample	prose_heavy	dict-index	raw	exact	780	833
sample	prose_heavy	dict-index	raw	exact	781	458
sample	prose_heavy	dict-index	raw	exact	782	750
sample	prose_heavy	dict-index	raw	exact	783	583
sample	prose_heavy	dict-index	raw	exact	784	1042
sample	prose_heavy	dict-index	raw	exact	785	500
sample	prose_heavy	dict-index	raw	exact	786	958
sample	prose_heavy	dict-index	raw	exact	787	458
sample	prose_heavy	dict-index	raw	exact	788	625
sample	prose_heavy	dict-index	raw	exact	789	458
sample	prose_heavy	dict-index	raw	exact	790	917
sample	prose_heavy	dict-index	raw	exact	791	667
sample	prose_heavy	dict-index	raw	exact	792	1041
sample	prose_heavy	dict-index	raw	exact	793	375
sample	prose_heavy	dict-index	raw	exact	794	833
sample	prose_heavy	dict-index	raw	exact	795	459
sample	prose_heavy	dict-index	raw	exact	796	5083
sample	prose_heavy	dict-index	raw	exact	797	1208
sample	prose_heavy	dict-index	raw	exact	798	1166
sample	prose_heavy	dict-index	raw	exact	799	834
sample	prose_heavy	dict-index	raw	exact	800	1417
sample	prose_heavy	dict-index	raw	exact	801	500
sample	prose_heavy	dict-index	raw	exact	802	1250
sample	prose_heavy	dict-index	raw	exact	803	542
sample	prose_heavy	dict-index	raw	exact	804	1459
sample	prose_heavy	dict-index	raw	exact	805	625
sample	prose_heavy	dict-index	raw	exact	806	958
sample	prose_heavy	dict-index	raw	exact	807	667
sample	prose_heavy	dict-index	raw	exact	808	917
sample	prose_heavy	dict-index	raw	exact	809	417
sample	prose_heavy	dict-index	raw	exact	810	750
sample	prose_heavy	dict-index	raw	exact	811	458
sample	prose_heavy	dict-index	raw	exact	812	667
sample	prose_heavy	dict-index	raw	exact	813	417
sample	prose_heavy	dict-index	raw	exact	814	791
sample	prose_heavy	dict-index	raw	exact	815	583
sample	prose_heavy	dict-index	raw	exact	816	1125
sample	prose_heavy	dict-index	raw	exact	817	416
sample	prose_heavy	dict-index	raw	exact	818	833
sample	prose_heavy	dict-index	raw	exact	819	5208
sample	prose_heavy	dict-index	raw	exact	820	1292
sample	prose_heavy	dict-index	raw	exact	821	625
sample	prose_heavy	dict-index	raw	exact	822	1167
sample	prose_heavy	dict-index	raw	exact	823	875
sample	prose_heavy	dict-index	raw	exact	824	6209
sample	prose_heavy	dict-index	raw	exact	825	3125
sample	prose_heavy	dict-index	raw	exact	826	2750
sample	prose_heavy	dict-index	raw	exact	827	2083
sample	prose_heavy	dict-index	raw	exact	828	1875
sample	prose_heavy	dict-index	raw	exact	829	917
sample	prose_heavy	dict-index	raw	exact	830	2125
sample	prose_heavy	dict-index	raw	exact	831	1708
sample	prose_heavy	dict-index	raw	exact	832	1875
sample	prose_heavy	dict-index	raw	exact	833	750
sample	prose_heavy	dict-index	raw	exact	834	1500
sample	prose_heavy	dict-index	raw	exact	835	584
sample	prose_heavy	dict-index	raw	exact	836	1042
sample	prose_heavy	dict-index	raw	exact	837	417
sample	prose_heavy	dict-index	raw	exact	838	1000
sample	prose_heavy	dict-index	raw	exact	839	667
sample	prose_heavy	dict-index	raw	exact	840	708
sample	prose_heavy	dict-index	raw	exact	841	375
sample	prose_heavy	dict-index	raw	exact	842	875
sample	prose_heavy	dict-index	raw	exact	843	417
sample	prose_heavy	dict-index	raw	exact	844	792
sample	prose_heavy	dict-index	raw	exact	845	459
sample	prose_heavy	dict-index	raw	exact	846	1000
sample	prose_heavy	dict-index	raw	exact	847	625
sample	prose_heavy	dict-index	raw	exact	848	8416
sample	prose_heavy	dict-index	raw	exact	849	959
sample	prose_heavy	dict-index	raw	exact	850	917
sample	prose_heavy	dict-index	raw	exact	851	542
sample	prose_heavy	dict-index	raw	exact	852	958
sample	prose_heavy	dict-index	raw	exact	853	500
sample	prose_heavy	dict-index	raw	exact	854	1041
sample	prose_heavy	dict-index	raw	exact	855	708
sample	prose_heavy	dict-index	raw	exact	856	1416
sample	prose_heavy	dict-index	raw	exact	857	416
sample	prose_heavy	dict-index	raw	exact	858	750
sample	prose_heavy	dict-index	raw	exact	859	417
sample	prose_heavy	dict-index	raw	exact	860	834
sample	prose_heavy	dict-index	raw	exact	861	500
sample	prose_heavy	dict-index	raw	exact	862	708
sample	prose_heavy	dict-index	raw	exact	863	667
sample	prose_heavy	dict-index	raw	exact	864	958
sample	prose_heavy	dict-index	raw	exact	865	542
sample	prose_heavy	dict-index	raw	exact	866	1125
sample	prose_heavy	dict-index	raw	exact	867	458
sample	prose_heavy	dict-index	raw	exact	868	1083
sample	prose_heavy	dict-index	raw	exact	869	375
sample	prose_heavy	dict-index	raw	exact	870	1375
sample	prose_heavy	dict-index	raw	exact	871	542
sample	prose_heavy	dict-index	raw	exact	872	1000
sample	prose_heavy	dict-index	raw	exact	873	459
sample	prose_heavy	dict-index	raw	exact	874	916
sample	prose_heavy	dict-index	raw	exact	875	500
sample	prose_heavy	dict-index	raw	exact	876	1041
sample	prose_heavy	dict-index	raw	exact	877	459
sample	prose_heavy	dict-index	raw	exact	878	834
sample	prose_heavy	dict-index	raw	exact	879	625
sample	prose_heavy	dict-index	raw	exact	880	1042
sample	prose_heavy	dict-index	raw	exact	881	416
sample	prose_heavy	dict-index	raw	exact	882	1125
sample	prose_heavy	dict-index	raw	exact	883	416
sample	prose_heavy	dict-index	raw	exact	884	1125
sample	prose_heavy	dict-index	raw	exact	885	458
sample	prose_heavy	dict-index	raw	exact	886	791
sample	prose_heavy	dict-index	raw	exact	887	583
sample	prose_heavy	dict-index	raw	exact	888	1084
sample	prose_heavy	dict-index	raw	exact	889	375
sample	prose_heavy	dict-index	raw	exact	890	1084
sample	prose_heavy	dict-index	raw	exact	891	417
sample	prose_heavy	dict-index	raw	exact	892	792
sample	prose_heavy	dict-index	raw	exact	893	417
sample	prose_heavy	dict-index	raw	exact	894	750
sample	prose_heavy	dict-index	raw	exact	895	625
sample	prose_heavy	dict-index	raw	exact	896	792
sample	prose_heavy	dict-index	raw	exact	897	416
sample	prose_heavy	dict-index	raw	exact	898	667
sample	prose_heavy	dict-index	raw	exact	899	459
sample	prose_heavy	dict-index	raw	exact	900	875
sample	prose_heavy	dict-index	raw	exact	901	2292
sample	prose_heavy	dict-index	raw	exact	902	1208
sample	prose_heavy	dict-index	raw	exact	903	1000
sample	prose_heavy	dict-index	raw	exact	904	1167
sample	prose_heavy	dict-index	raw	exact	905	458
sample	prose_heavy	dict-index	raw	exact	906	833
sample	prose_heavy	dict-index	raw	exact	907	584
sample	prose_heavy	dict-index	raw	exact	908	750
sample	prose_heavy	dict-index	raw	exact	909	541
sample	prose_heavy	dict-index	raw	exact	910	750
sample	prose_heavy	dict-index	raw	exact	911	667
sample	prose_heavy	dict-index	raw	exact	912	1333
sample	prose_heavy	dict-index	raw	exact	913	375
sample	prose_heavy	dict-index	raw	exact	914	750
sample	prose_heavy	dict-index	raw	exact	915	500
sample	prose_heavy	dict-index	raw	exact	916	792
sample	prose_heavy	dict-index	raw	exact	917	458
sample	prose_heavy	dict-index	raw	exact	918	667
sample	prose_heavy	dict-index	raw	exact	919	583
sample	prose_heavy	dict-index	raw	exact	920	791
sample	prose_heavy	dict-index	raw	exact	921	375
sample	prose_heavy	dict-index	raw	exact	922	791
sample	prose_heavy	dict-index	raw	exact	923	500
sample	prose_heavy	dict-index	raw	exact	924	625
sample	prose_heavy	dict-index	raw	exact	925	458
sample	prose_heavy	dict-index	raw	exact	926	666
sample	prose_heavy	dict-index	raw	exact	927	584
sample	prose_heavy	dict-index	raw	exact	928	916
sample	prose_heavy	dict-index	raw	exact	929	416
sample	prose_heavy	dict-index	raw	exact	930	833
sample	prose_heavy	dict-index	raw	exact	931	500
sample	prose_heavy	dict-index	raw	exact	932	6833
sample	prose_heavy	dict-index	raw	exact	933	3541
sample	prose_heavy	dict-index	raw	exact	934	3417
sample	prose_heavy	dict-index	raw	exact	935	1750
sample	prose_heavy	dict-index	raw	exact	936	6375
sample	prose_heavy	dict-index	raw	exact	937	14416
sample	prose_heavy	dict-index	raw	exact	938	3792
sample	prose_heavy	dict-index	raw	exact	939	2417
sample	prose_heavy	dict-index	raw	exact	940	5125
sample	prose_heavy	dict-index	raw	exact	941	2875
sample	prose_heavy	dict-index	raw	exact	942	2042
sample	prose_heavy	dict-index	raw	exact	943	5250
sample	prose_heavy	dict-index	raw	exact	944	2041
sample	prose_heavy	dict-index	raw	exact	945	1042
sample	prose_heavy	dict-index	raw	exact	946	1500
sample	prose_heavy	dict-index	raw	exact	947	542
sample	prose_heavy	dict-index	raw	exact	948	1250
sample	prose_heavy	dict-index	raw	exact	949	458
sample	prose_heavy	dict-index	raw	exact	950	1042
sample	prose_heavy	dict-index	raw	exact	951	667
sample	prose_heavy	dict-index	raw	exact	952	1375
sample	prose_heavy	dict-index	raw	exact	953	458
sample	prose_heavy	dict-index	raw	exact	954	1334
sample	prose_heavy	dict-index	raw	exact	955	542
sample	prose_heavy	dict-index	raw	exact	956	1583
sample	prose_heavy	dict-index	raw	exact	957	458
sample	prose_heavy	dict-index	raw	exact	958	1167
sample	prose_heavy	dict-index	raw	exact	959	542
sample	prose_heavy	dict-index	raw	exact	960	1083
sample	prose_heavy	dict-index	raw	exact	961	458
sample	prose_heavy	dict-index	raw	exact	962	1334
sample	prose_heavy	dict-index	raw	exact	963	459
sample	prose_heavy	dict-index	raw	exact	964	1083
sample	prose_heavy	dict-index	raw	exact	965	417
sample	prose_heavy	dict-index	raw	exact	966	1041
sample	prose_heavy	dict-index	raw	exact	967	583
sample	prose_heavy	dict-index	raw	exact	968	1125
sample	prose_heavy	dict-index	raw	exact	969	417
sample	prose_heavy	dict-index	raw	exact	970	1583
sample	prose_heavy	dict-index	raw	exact	971	459
sample	prose_heavy	dict-index	raw	exact	972	1334
sample	prose_heavy	dict-index	raw	exact	973	458
sample	prose_heavy	dict-index	raw	exact	974	625
sample	prose_heavy	dict-index	raw	exact	975	584
sample	prose_heavy	dict-index	raw	exact	976	917
sample	prose_heavy	dict-index	raw	exact	977	375
sample	prose_heavy	dict-index	raw	exact	978	666
sample	prose_heavy	dict-index	raw	exact	979	458
sample	prose_heavy	dict-index	raw	exact	980	625
sample	prose_heavy	dict-index	raw	exact	981	417
sample	prose_heavy	dict-index	raw	exact	982	584
sample	prose_heavy	dict-index	raw	exact	983	583
sample	prose_heavy	dict-index	raw	exact	984	750
sample	prose_heavy	dict-index	raw	exact	985	416
sample	prose_heavy	dict-index	raw	exact	986	625
sample	prose_heavy	dict-index	raw	exact	987	417
sample	prose_heavy	dict-index	raw	exact	988	750
sample	prose_heavy	dict-index	raw	exact	989	458
sample	prose_heavy	dict-index	raw	exact	990	667
sample	prose_heavy	dict-index	raw	exact	991	583
sample	prose_heavy	dict-index	raw	exact	992	834
sample	prose_heavy	dict-index	raw	exact	993	375
sample	prose_heavy	dict-index	raw	exact	994	583
sample	prose_heavy	dict-index	raw	exact	995	417
sample	prose_heavy	dict-index	raw	exact	996	1000
sample	prose_heavy	dict-index	raw	exact	997	417
sample	prose_heavy	dict-index	raw	exact	998	584
sample	prose_heavy	dict-index	raw	exact	999	583
sample	prose_heavy	dict-index	raw	prefix	0	1584
sample	prose_heavy	dict-index	raw	prefix	1	1250
sample	prose_heavy	dict-index	raw	prefix	2	189708
sample	prose_heavy	dict-index	raw	prefix	3	147125
sample	prose_heavy	dict-index	raw	prefix	4	12292
sample	prose_heavy	dict-index	raw	prefix	5	583
sample	prose_heavy	dict-index	raw	prefix	6	132209
sample	prose_heavy	dict-index	raw	prefix	7	153959
sample	prose_heavy	dict-index	raw	prefix	8	8166
sample	prose_heavy	dict-index	raw	prefix	9	1708
sample	prose_heavy	dict-index	raw	prefix	10	147208
sample	prose_heavy	dict-index	raw	prefix	11	386250
sample	prose_heavy	dict-index	raw	prefix	12	13375
sample	prose_heavy	dict-index	raw	prefix	13	6542
sample	prose_heavy	dict-index	raw	prefix	14	435500
sample	prose_heavy	dict-index	raw	prefix	15	145042
sample	prose_heavy	dict-index	raw	prefix	16	9667
sample	prose_heavy	dict-index	raw	prefix	17	2625
sample	prose_heavy	dict-index	raw	prefix	18	253416
sample	prose_heavy	dict-index	raw	prefix	19	155584
sample	prose_heavy	dict-index	raw	prefix	20	12375
sample	prose_heavy	dict-index	raw	prefix	21	708
sample	prose_heavy	dict-index	raw	prefix	22	138791
sample	prose_heavy	dict-index	raw	prefix	23	371167
sample	prose_heavy	dict-index	raw	prefix	24	11584
sample	prose_heavy	dict-index	raw	prefix	25	4125
sample	prose_heavy	dict-index	raw	prefix	26	133666
sample	prose_heavy	dict-index	raw	prefix	27	148750
sample	prose_heavy	dict-index	raw	prefix	28	5083
sample	prose_heavy	dict-index	raw	prefix	29	667
sample	prose_heavy	dict-index	raw	prefix	30	132416
sample	prose_heavy	dict-index	raw	prefix	31	151250
sample	prose_heavy	dict-index	raw	prefix	32	6333
sample	prose_heavy	dict-index	raw	prefix	33	2917
sample	prose_heavy	dict-index	raw	prefix	34	132458
sample	prose_heavy	dict-index	raw	prefix	35	140917
sample	prose_heavy	dict-index	raw	prefix	36	23208
sample	prose_heavy	dict-index	raw	prefix	37	7125
sample	prose_heavy	dict-index	raw	prefix	38	417125
sample	prose_heavy	dict-index	raw	prefix	39	490791
sample	prose_heavy	dict-index	raw	prefix	40	13000
sample	prose_heavy	dict-index	raw	prefix	41	2500
sample	prose_heavy	dict-index	raw	prefix	42	135334
sample	prose_heavy	dict-index	raw	prefix	43	146709
sample	prose_heavy	dict-index	raw	prefix	44	34209
sample	prose_heavy	dict-index	raw	prefix	45	7958
sample	prose_heavy	dict-index	raw	prefix	46	428333
sample	prose_heavy	dict-index	raw	prefix	47	179000
sample	prose_heavy	dict-index	raw	prefix	48	19209
sample	prose_heavy	dict-index	raw	prefix	49	4000
sample	prose_heavy	dict-index	raw	prefix	50	135459
sample	prose_heavy	dict-index	raw	prefix	51	141458
sample	prose_heavy	dict-index	raw	prefix	52	13500
sample	prose_heavy	dict-index	raw	prefix	53	791
sample	prose_heavy	dict-index	raw	prefix	54	330542
sample	prose_heavy	dict-index	raw	prefix	55	140583
sample	prose_heavy	dict-index	raw	prefix	56	14833
sample	prose_heavy	dict-index	raw	prefix	57	4833
sample	prose_heavy	dict-index	raw	prefix	58	345292
sample	prose_heavy	dict-index	raw	prefix	59	149375
sample	prose_heavy	dict-index	raw	prefix	60	15667
sample	prose_heavy	dict-index	raw	prefix	61	791
sample	prose_heavy	dict-index	raw	prefix	62	132458
sample	prose_heavy	dict-index	raw	prefix	63	981208
sample	prose_heavy	dict-index	raw	prefix	64	12750
sample	prose_heavy	dict-index	raw	prefix	65	2750
sample	prose_heavy	dict-index	raw	prefix	66	136333
sample	prose_heavy	dict-index	raw	prefix	67	142166
sample	prose_heavy	dict-index	raw	prefix	68	13584
sample	prose_heavy	dict-index	raw	prefix	69	667
sample	prose_heavy	dict-index	raw	prefix	70	133875
sample	prose_heavy	dict-index	raw	prefix	71	157125
sample	prose_heavy	dict-index	raw	prefix	72	9875
sample	prose_heavy	dict-index	raw	prefix	73	2458
sample	prose_heavy	dict-index	raw	prefix	74	137166
sample	prose_heavy	dict-index	raw	prefix	75	403333
sample	prose_heavy	dict-index	raw	prefix	76	20416
sample	prose_heavy	dict-index	raw	prefix	77	2708
sample	prose_heavy	dict-index	raw	prefix	78	374625
sample	prose_heavy	dict-index	raw	prefix	79	145000
sample	prose_heavy	dict-index	raw	prefix	80	14917
sample	prose_heavy	dict-index	raw	prefix	81	3542
sample	prose_heavy	dict-index	raw	prefix	82	138167
sample	prose_heavy	dict-index	raw	prefix	83	170584
sample	prose_heavy	dict-index	raw	prefix	84	13750
sample	prose_heavy	dict-index	raw	prefix	85	1708
sample	prose_heavy	dict-index	raw	prefix	86	134667
sample	prose_heavy	dict-index	raw	prefix	87	147667
sample	prose_heavy	dict-index	raw	prefix	88	9167
sample	prose_heavy	dict-index	raw	prefix	89	2000
sample	prose_heavy	dict-index	raw	prefix	90	133458
sample	prose_heavy	dict-index	raw	prefix	91	141958
sample	prose_heavy	dict-index	raw	prefix	92	30375
sample	prose_heavy	dict-index	raw	prefix	93	3250
sample	prose_heavy	dict-index	raw	prefix	94	136333
sample	prose_heavy	dict-index	raw	prefix	95	479875
sample	prose_heavy	dict-index	raw	prefix	96	9417
sample	prose_heavy	dict-index	raw	prefix	97	2292
sample	prose_heavy	dict-index	raw	prefix	98	132708
sample	prose_heavy	dict-index	raw	prefix	99	405500
sample	prose_heavy	dict-index	raw	prefix	100	10375
sample	prose_heavy	dict-index	raw	prefix	101	750
sample	prose_heavy	dict-index	raw	prefix	102	242292
sample	prose_heavy	dict-index	raw	prefix	103	464833
sample	prose_heavy	dict-index	raw	prefix	104	14041
sample	prose_heavy	dict-index	raw	prefix	105	2292
sample	prose_heavy	dict-index	raw	prefix	106	137375
sample	prose_heavy	dict-index	raw	prefix	107	246750
sample	prose_heavy	dict-index	raw	prefix	108	13666
sample	prose_heavy	dict-index	raw	prefix	109	792
sample	prose_heavy	dict-index	raw	prefix	110	133833
sample	prose_heavy	dict-index	raw	prefix	111	149250
sample	prose_heavy	dict-index	raw	prefix	112	8750
sample	prose_heavy	dict-index	raw	prefix	113	1584
sample	prose_heavy	dict-index	raw	prefix	114	138000
sample	prose_heavy	dict-index	raw	prefix	115	271166
sample	prose_heavy	dict-index	raw	prefix	116	9959
sample	prose_heavy	dict-index	raw	prefix	117	750
sample	prose_heavy	dict-index	raw	prefix	118	131958
sample	prose_heavy	dict-index	raw	prefix	119	149125
sample	prose_heavy	dict-index	raw	prefix	120	18458
sample	prose_heavy	dict-index	raw	prefix	121	5500
sample	prose_heavy	dict-index	raw	prefix	122	139792
sample	prose_heavy	dict-index	raw	prefix	123	254583
sample	prose_heavy	dict-index	raw	prefix	124	14917
sample	prose_heavy	dict-index	raw	prefix	125	2125
sample	prose_heavy	dict-index	raw	prefix	126	320166
sample	prose_heavy	dict-index	raw	prefix	127	486583
sample	prose_heavy	dict-index	raw	prefix	128	9333
sample	prose_heavy	dict-index	raw	prefix	129	2042
sample	prose_heavy	dict-index	raw	prefix	130	166375
sample	prose_heavy	dict-index	raw	prefix	131	153458
sample	prose_heavy	dict-index	raw	prefix	132	12917
sample	prose_heavy	dict-index	raw	prefix	133	750
sample	prose_heavy	dict-index	raw	prefix	134	138500
sample	prose_heavy	dict-index	raw	prefix	135	1528875
sample	prose_heavy	dict-index	raw	prefix	136	14042
sample	prose_heavy	dict-index	raw	prefix	137	2000
sample	prose_heavy	dict-index	raw	prefix	138	135709
sample	prose_heavy	dict-index	raw	prefix	139	151375
sample	prose_heavy	dict-index	raw	prefix	140	12417
sample	prose_heavy	dict-index	raw	prefix	141	6209
sample	prose_heavy	dict-index	raw	prefix	142	510041
sample	prose_heavy	dict-index	raw	prefix	143	325250
sample	prose_heavy	dict-index	raw	prefix	144	24584
sample	prose_heavy	dict-index	raw	prefix	145	6125
sample	prose_heavy	dict-index	raw	prefix	146	302041
sample	prose_heavy	dict-index	raw	prefix	147	324250
sample	prose_heavy	dict-index	raw	prefix	148	10042
sample	prose_heavy	dict-index	raw	prefix	149	625
sample	prose_heavy	dict-index	raw	prefix	150	132584
sample	prose_heavy	dict-index	raw	prefix	151	403209
sample	prose_heavy	dict-index	raw	prefix	152	62125
sample	prose_heavy	dict-index	raw	prefix	153	4084
sample	prose_heavy	dict-index	raw	prefix	154	389917
sample	prose_heavy	dict-index	raw	prefix	155	341083
sample	prose_heavy	dict-index	raw	prefix	156	18792
sample	prose_heavy	dict-index	raw	prefix	157	1708
sample	prose_heavy	dict-index	raw	prefix	158	349834
sample	prose_heavy	dict-index	raw	prefix	159	330541
sample	prose_heavy	dict-index	raw	prefix	160	15791
sample	prose_heavy	dict-index	raw	prefix	161	6833
sample	prose_heavy	dict-index	raw	prefix	162	449792
sample	prose_heavy	dict-index	raw	prefix	163	147875
sample	prose_heavy	dict-index	raw	prefix	164	27541
sample	prose_heavy	dict-index	raw	prefix	165	875
sample	prose_heavy	dict-index	raw	prefix	166	1475459
sample	prose_heavy	dict-index	raw	prefix	167	281500
sample	prose_heavy	dict-index	raw	prefix	168	6750
sample	prose_heavy	dict-index	raw	prefix	169	1708
sample	prose_heavy	dict-index	raw	prefix	170	131375
sample	prose_heavy	dict-index	raw	prefix	171	143042
sample	prose_heavy	dict-index	raw	prefix	172	9292
sample	prose_heavy	dict-index	raw	prefix	173	625
sample	prose_heavy	dict-index	raw	prefix	174	225500
sample	prose_heavy	dict-index	raw	prefix	175	252250
sample	prose_heavy	dict-index	raw	prefix	176	6958
sample	prose_heavy	dict-index	raw	prefix	177	1791
sample	prose_heavy	dict-index	raw	prefix	178	132750
sample	prose_heavy	dict-index	raw	prefix	179	140083
sample	prose_heavy	dict-index	raw	prefix	180	12042
sample	prose_heavy	dict-index	raw	prefix	181	708
sample	prose_heavy	dict-index	raw	prefix	182	131916
sample	prose_heavy	dict-index	raw	prefix	183	175375
sample	prose_heavy	dict-index	raw	prefix	184	10292
sample	prose_heavy	dict-index	raw	prefix	185	3083
sample	prose_heavy	dict-index	raw	prefix	186	136875
sample	prose_heavy	dict-index	raw	prefix	187	152125
sample	prose_heavy	dict-index	raw	prefix	188	10667
sample	prose_heavy	dict-index	raw	prefix	189	750
sample	prose_heavy	dict-index	raw	prefix	190	133792
sample	prose_heavy	dict-index	raw	prefix	191	328958
sample	prose_heavy	dict-index	raw	prefix	192	10250
sample	prose_heavy	dict-index	raw	prefix	193	2458
sample	prose_heavy	dict-index	raw	prefix	194	138000
sample	prose_heavy	dict-index	raw	prefix	195	130500
sample	prose_heavy	dict-index	raw	prefix	196	21292
sample	prose_heavy	dict-index	raw	prefix	197	2666
sample	prose_heavy	dict-index	raw	prefix	198	420667
sample	prose_heavy	dict-index	raw	prefix	199	149167
sample	prose_heavy	dict-index	raw	prefix	200	15917
sample	prose_heavy	dict-index	raw	prefix	201	6750
sample	prose_heavy	dict-index	raw	prefix	202	147500
sample	prose_heavy	dict-index	raw	prefix	203	1360500
sample	prose_heavy	dict-index	raw	prefix	204	10916
sample	prose_heavy	dict-index	raw	prefix	205	4708
sample	prose_heavy	dict-index	raw	prefix	206	359417
sample	prose_heavy	dict-index	raw	prefix	207	149125
sample	prose_heavy	dict-index	raw	prefix	208	6917
sample	prose_heavy	dict-index	raw	prefix	209	2875
sample	prose_heavy	dict-index	raw	prefix	210	179084
sample	prose_heavy	dict-index	raw	prefix	211	139167
sample	prose_heavy	dict-index	raw	prefix	212	13375
sample	prose_heavy	dict-index	raw	prefix	213	2167
sample	prose_heavy	dict-index	raw	prefix	214	406708
sample	prose_heavy	dict-index	raw	prefix	215	142333
sample	prose_heavy	dict-index	raw	prefix	216	5750
sample	prose_heavy	dict-index	raw	prefix	217	1959
sample	prose_heavy	dict-index	raw	prefix	218	131750
sample	prose_heavy	dict-index	raw	prefix	219	177417
sample	prose_heavy	dict-index	raw	prefix	220	21291
sample	prose_heavy	dict-index	raw	prefix	221	2292
sample	prose_heavy	dict-index	raw	prefix	222	135750
sample	prose_heavy	dict-index	raw	prefix	223	374084
sample	prose_heavy	dict-index	raw	prefix	224	11875
sample	prose_heavy	dict-index	raw	prefix	225	5541
sample	prose_heavy	dict-index	raw	prefix	226	135000
sample	prose_heavy	dict-index	raw	prefix	227	143708
sample	prose_heavy	dict-index	raw	prefix	228	24250
sample	prose_heavy	dict-index	raw	prefix	229	3541
sample	prose_heavy	dict-index	raw	prefix	230	406292
sample	prose_heavy	dict-index	raw	prefix	231	155083
sample	prose_heavy	dict-index	raw	prefix	232	20375
sample	prose_heavy	dict-index	raw	prefix	233	7292
sample	prose_heavy	dict-index	raw	prefix	234	145250
sample	prose_heavy	dict-index	raw	prefix	235	169875
sample	prose_heavy	dict-index	raw	prefix	236	10917
sample	prose_heavy	dict-index	raw	prefix	237	1583
sample	prose_heavy	dict-index	raw	prefix	238	137416
sample	prose_heavy	dict-index	raw	prefix	239	167708
sample	prose_heavy	dict-index	raw	prefix	240	10459
sample	prose_heavy	dict-index	raw	prefix	241	7334
sample	prose_heavy	dict-index	raw	prefix	242	207709
sample	prose_heavy	dict-index	raw	prefix	243	142042
sample	prose_heavy	dict-index	raw	prefix	244	10416
sample	prose_heavy	dict-index	raw	prefix	245	750
sample	prose_heavy	dict-index	raw	prefix	246	137125
sample	prose_heavy	dict-index	raw	prefix	247	142417
sample	prose_heavy	dict-index	raw	prefix	248	10750
sample	prose_heavy	dict-index	raw	prefix	249	2542
sample	prose_heavy	dict-index	raw	prefix	250	136666
sample	prose_heavy	dict-index	raw	prefix	251	147458
sample	prose_heavy	dict-index	raw	prefix	252	19250
sample	prose_heavy	dict-index	raw	prefix	253	1291
sample	prose_heavy	dict-index	raw	prefix	254	332542
sample	prose_heavy	dict-index	raw	prefix	255	198750
sample	prose_heavy	dict-index	raw	prefix	256	24333
sample	prose_heavy	dict-index	raw	prefix	257	8125
sample	prose_heavy	dict-index	raw	prefix	258	420708
sample	prose_heavy	dict-index	raw	prefix	259	150958
sample	prose_heavy	dict-index	raw	prefix	260	10333
sample	prose_heavy	dict-index	raw	prefix	261	750
sample	prose_heavy	dict-index	raw	prefix	262	138917
sample	prose_heavy	dict-index	raw	prefix	263	143084
sample	prose_heavy	dict-index	raw	prefix	264	7125
sample	prose_heavy	dict-index	raw	prefix	265	5333
sample	prose_heavy	dict-index	raw	prefix	266	208792
sample	prose_heavy	dict-index	raw	prefix	267	149083
sample	prose_heavy	dict-index	raw	prefix	268	12125
sample	prose_heavy	dict-index	raw	prefix	269	750
sample	prose_heavy	dict-index	raw	prefix	270	221792
sample	prose_heavy	dict-index	raw	prefix	271	146459
sample	prose_heavy	dict-index	raw	prefix	272	11000
sample	prose_heavy	dict-index	raw	prefix	273	3917
sample	prose_heavy	dict-index	raw	prefix	274	349958
sample	prose_heavy	dict-index	raw	prefix	275	146125
sample	prose_heavy	dict-index	raw	prefix	276	24667
sample	prose_heavy	dict-index	raw	prefix	277	1125
sample	prose_heavy	dict-index	raw	prefix	278	146500
sample	prose_heavy	dict-index	raw	prefix	279	149334
sample	prose_heavy	dict-index	raw	prefix	280	7583
sample	prose_heavy	dict-index	raw	prefix	281	2583
sample	prose_heavy	dict-index	raw	prefix	282	133208
sample	prose_heavy	dict-index	raw	prefix	283	435125
sample	prose_heavy	dict-index	raw	prefix	284	9916
sample	prose_heavy	dict-index	raw	prefix	285	667
sample	prose_heavy	dict-index	raw	prefix	286	135917
sample	prose_heavy	dict-index	raw	prefix	287	143833
sample	prose_heavy	dict-index	raw	prefix	288	6917
sample	prose_heavy	dict-index	raw	prefix	289	1834
sample	prose_heavy	dict-index	raw	prefix	290	137375
sample	prose_heavy	dict-index	raw	prefix	291	141667
sample	prose_heavy	dict-index	raw	prefix	292	4500
sample	prose_heavy	dict-index	raw	prefix	293	666
sample	prose_heavy	dict-index	raw	prefix	294	131792
sample	prose_heavy	dict-index	raw	prefix	295	149875
sample	prose_heavy	dict-index	raw	prefix	296	80875
sample	prose_heavy	dict-index	raw	prefix	297	5583
sample	prose_heavy	dict-index	raw	prefix	298	137166
sample	prose_heavy	dict-index	raw	prefix	299	144500
sample	prose_heavy	dict-index	raw	prefix	300	21917
sample	prose_heavy	dict-index	raw	prefix	301	4250
sample	prose_heavy	dict-index	raw	prefix	302	364583
sample	prose_heavy	dict-index	raw	prefix	303	156292
sample	prose_heavy	dict-index	raw	prefix	304	9917
sample	prose_heavy	dict-index	raw	prefix	305	2250
sample	prose_heavy	dict-index	raw	prefix	306	358875
sample	prose_heavy	dict-index	raw	prefix	307	149708
sample	prose_heavy	dict-index	raw	prefix	308	19583
sample	prose_heavy	dict-index	raw	prefix	309	917
sample	prose_heavy	dict-index	raw	prefix	310	139041
sample	prose_heavy	dict-index	raw	prefix	311	400875
sample	prose_heavy	dict-index	raw	prefix	312	9167
sample	prose_heavy	dict-index	raw	prefix	313	9708
sample	prose_heavy	dict-index	raw	prefix	314	378209
sample	prose_heavy	dict-index	raw	prefix	315	153792
sample	prose_heavy	dict-index	raw	prefix	316	23916
sample	prose_heavy	dict-index	raw	prefix	317	833
sample	prose_heavy	dict-index	raw	prefix	318	1414042
sample	prose_heavy	dict-index	raw	prefix	319	144500
sample	prose_heavy	dict-index	raw	prefix	320	9916
sample	prose_heavy	dict-index	raw	prefix	321	11834
sample	prose_heavy	dict-index	raw	prefix	322	369791
sample	prose_heavy	dict-index	raw	prefix	323	562333
sample	prose_heavy	dict-index	raw	prefix	324	11250
sample	prose_heavy	dict-index	raw	prefix	325	959
sample	prose_heavy	dict-index	raw	prefix	326	136833
sample	prose_heavy	dict-index	raw	prefix	327	147209
sample	prose_heavy	dict-index	raw	prefix	328	16833
sample	prose_heavy	dict-index	raw	prefix	329	5375
sample	prose_heavy	dict-index	raw	prefix	330	351917
sample	prose_heavy	dict-index	raw	prefix	331	151125
sample	prose_heavy	dict-index	raw	prefix	332	10667
sample	prose_heavy	dict-index	raw	prefix	333	792
sample	prose_heavy	dict-index	raw	prefix	334	133375
sample	prose_heavy	dict-index	raw	prefix	335	380667
sample	prose_heavy	dict-index	raw	prefix	336	10708
sample	prose_heavy	dict-index	raw	prefix	337	2792
sample	prose_heavy	dict-index	raw	prefix	338	133958
sample	prose_heavy	dict-index	raw	prefix	339	146208
sample	prose_heavy	dict-index	raw	prefix	340	5083
sample	prose_heavy	dict-index	raw	prefix	341	750
sample	prose_heavy	dict-index	raw	prefix	342	151250
sample	prose_heavy	dict-index	raw	prefix	343	145375
sample	prose_heavy	dict-index	raw	prefix	344	8250
sample	prose_heavy	dict-index	raw	prefix	345	6667
sample	prose_heavy	dict-index	raw	prefix	346	147542
sample	prose_heavy	dict-index	raw	prefix	347	400708
sample	prose_heavy	dict-index	raw	prefix	348	21041
sample	prose_heavy	dict-index	raw	prefix	349	3417
sample	prose_heavy	dict-index	raw	prefix	350	385958
sample	prose_heavy	dict-index	raw	prefix	351	160750
sample	prose_heavy	dict-index	raw	prefix	352	9583
sample	prose_heavy	dict-index	raw	prefix	353	1750
sample	prose_heavy	dict-index	raw	prefix	354	134875
sample	prose_heavy	dict-index	raw	prefix	355	408291
sample	prose_heavy	dict-index	raw	prefix	356	25667
sample	prose_heavy	dict-index	raw	prefix	357	9917
sample	prose_heavy	dict-index	raw	prefix	358	423708
sample	prose_heavy	dict-index	raw	prefix	359	438333
sample	prose_heavy	dict-index	raw	prefix	360	18333
sample	prose_heavy	dict-index	raw	prefix	361	7667
sample	prose_heavy	dict-index	raw	prefix	362	138417
sample	prose_heavy	dict-index	raw	prefix	363	146583
sample	prose_heavy	dict-index	raw	prefix	364	23250
sample	prose_heavy	dict-index	raw	prefix	365	4375
sample	prose_heavy	dict-index	raw	prefix	366	353291
sample	prose_heavy	dict-index	raw	prefix	367	1726250
sample	prose_heavy	dict-index	raw	prefix	368	10792
sample	prose_heavy	dict-index	raw	prefix	369	2375
sample	prose_heavy	dict-index	raw	prefix	370	299458
sample	prose_heavy	dict-index	raw	prefix	371	145667
sample	prose_heavy	dict-index	raw	prefix	372	13250
sample	prose_heavy	dict-index	raw	prefix	373	875
sample	prose_heavy	dict-index	raw	prefix	374	134125
sample	prose_heavy	dict-index	raw	prefix	375	149291
sample	prose_heavy	dict-index	raw	prefix	376	13833
sample	prose_heavy	dict-index	raw	prefix	377	9208
sample	prose_heavy	dict-index	raw	prefix	378	338917
sample	prose_heavy	dict-index	raw	prefix	379	143833
sample	prose_heavy	dict-index	raw	prefix	380	16792
sample	prose_heavy	dict-index	raw	prefix	381	1042
sample	prose_heavy	dict-index	raw	prefix	382	139667
sample	prose_heavy	dict-index	raw	prefix	383	157666
sample	prose_heavy	dict-index	raw	prefix	384	10083
sample	prose_heavy	dict-index	raw	prefix	385	2334
sample	prose_heavy	dict-index	raw	prefix	386	136334
sample	prose_heavy	dict-index	raw	prefix	387	152750
sample	prose_heavy	dict-index	raw	prefix	388	10625
sample	prose_heavy	dict-index	raw	prefix	389	625
sample	prose_heavy	dict-index	raw	prefix	390	135791
sample	prose_heavy	dict-index	raw	prefix	391	142625
sample	prose_heavy	dict-index	raw	prefix	392	40542
sample	prose_heavy	dict-index	raw	prefix	393	7792
sample	prose_heavy	dict-index	raw	prefix	394	137500
sample	prose_heavy	dict-index	raw	prefix	395	148625
sample	prose_heavy	dict-index	raw	prefix	396	7917
sample	prose_heavy	dict-index	raw	prefix	397	792
sample	prose_heavy	dict-index	raw	prefix	398	401333
sample	prose_heavy	dict-index	raw	prefix	399	328958
sample	prose_heavy	dict-index	raw	prefix	400	14208
sample	prose_heavy	dict-index	raw	prefix	401	3750
sample	prose_heavy	dict-index	raw	prefix	402	136542
sample	prose_heavy	dict-index	raw	prefix	403	140875
sample	prose_heavy	dict-index	raw	prefix	404	13750
sample	prose_heavy	dict-index	raw	prefix	405	834
sample	prose_heavy	dict-index	raw	prefix	406	131542
sample	prose_heavy	dict-index	raw	prefix	407	139250
sample	prose_heavy	dict-index	raw	prefix	408	12708
sample	prose_heavy	dict-index	raw	prefix	409	2542
sample	prose_heavy	dict-index	raw	prefix	410	137666
sample	prose_heavy	dict-index	raw	prefix	411	145625
sample	prose_heavy	dict-index	raw	prefix	412	10458
sample	prose_heavy	dict-index	raw	prefix	413	625
sample	prose_heavy	dict-index	raw	prefix	414	133542
sample	prose_heavy	dict-index	raw	prefix	415	144042
sample	prose_heavy	dict-index	raw	prefix	416	26834
sample	prose_heavy	dict-index	raw	prefix	417	6625
sample	prose_heavy	dict-index	raw	prefix	418	273708
sample	prose_heavy	dict-index	raw	prefix	419	675875
sample	prose_heavy	dict-index	raw	prefix	420	11333
sample	prose_heavy	dict-index	raw	prefix	421	7209
sample	prose_heavy	dict-index	raw	prefix	422	381458
sample	prose_heavy	dict-index	raw	prefix	423	143000
sample	prose_heavy	dict-index	raw	prefix	424	18625
sample	prose_heavy	dict-index	raw	prefix	425	3792
sample	prose_heavy	dict-index	raw	prefix	426	137666
sample	prose_heavy	dict-index	raw	prefix	427	149375
sample	prose_heavy	dict-index	raw	prefix	428	22708
sample	prose_heavy	dict-index	raw	prefix	429	2750
sample	prose_heavy	dict-index	raw	prefix	430	133334
sample	prose_heavy	dict-index	raw	prefix	431	161500
sample	prose_heavy	dict-index	raw	prefix	432	18041
sample	prose_heavy	dict-index	raw	prefix	433	3792
sample	prose_heavy	dict-index	raw	prefix	434	373209
sample	prose_heavy	dict-index	raw	prefix	435	154125
sample	prose_heavy	dict-index	raw	prefix	436	21042
sample	prose_heavy	dict-index	raw	prefix	437	3750
sample	prose_heavy	dict-index	raw	prefix	438	135917
sample	prose_heavy	dict-index	raw	prefix	439	366625
sample	prose_heavy	dict-index	raw	prefix	440	17083
sample	prose_heavy	dict-index	raw	prefix	441	4500
sample	prose_heavy	dict-index	raw	prefix	442	155292
sample	prose_heavy	dict-index	raw	prefix	443	462875
sample	prose_heavy	dict-index	raw	prefix	444	19834
sample	prose_heavy	dict-index	raw	prefix	445	2666
sample	prose_heavy	dict-index	raw	prefix	446	360042
sample	prose_heavy	dict-index	raw	prefix	447	147750
sample	prose_heavy	dict-index	raw	prefix	448	17417
sample	prose_heavy	dict-index	raw	prefix	449	3292
sample	prose_heavy	dict-index	raw	prefix	450	373167
sample	prose_heavy	dict-index	raw	prefix	451	740708
sample	prose_heavy	dict-index	raw	prefix	452	13875
sample	prose_heavy	dict-index	raw	prefix	453	7792
sample	prose_heavy	dict-index	raw	prefix	454	639041
sample	prose_heavy	dict-index	raw	prefix	455	151166
sample	prose_heavy	dict-index	raw	prefix	456	17792
sample	prose_heavy	dict-index	raw	prefix	457	19208
sample	prose_heavy	dict-index	raw	prefix	458	142917
sample	prose_heavy	dict-index	raw	prefix	459	134916
sample	prose_heavy	dict-index	raw	prefix	460	19916
sample	prose_heavy	dict-index	raw	prefix	461	625
sample	prose_heavy	dict-index	raw	prefix	462	135416
sample	prose_heavy	dict-index	raw	prefix	463	153167
sample	prose_heavy	dict-index	raw	prefix	464	10666
sample	prose_heavy	dict-index	raw	prefix	465	2583
sample	prose_heavy	dict-index	raw	prefix	466	141500
sample	prose_heavy	dict-index	raw	prefix	467	170042
sample	prose_heavy	dict-index	raw	prefix	468	21167
sample	prose_heavy	dict-index	raw	prefix	469	5083
sample	prose_heavy	dict-index	raw	prefix	470	1091708
sample	prose_heavy	dict-index	raw	prefix	471	143500
sample	prose_heavy	dict-index	raw	prefix	472	19166
sample	prose_heavy	dict-index	raw	prefix	473	9000
sample	prose_heavy	dict-index	raw	prefix	474	360583
sample	prose_heavy	dict-index	raw	prefix	475	160208
sample	prose_heavy	dict-index	raw	prefix	476	17041
sample	prose_heavy	dict-index	raw	prefix	477	2709
sample	prose_heavy	dict-index	raw	prefix	478	139333
sample	prose_heavy	dict-index	raw	prefix	479	149375
sample	prose_heavy	dict-index	raw	prefix	480	16916
sample	prose_heavy	dict-index	raw	prefix	481	4542
sample	prose_heavy	dict-index	raw	prefix	482	136958
sample	prose_heavy	dict-index	raw	prefix	483	149708
sample	prose_heavy	dict-index	raw	prefix	484	11208
sample	prose_heavy	dict-index	raw	prefix	485	4958
sample	prose_heavy	dict-index	raw	prefix	486	485833
sample	prose_heavy	dict-index	raw	prefix	487	1129125
sample	prose_heavy	dict-index	raw	prefix	488	16333
sample	prose_heavy	dict-index	raw	prefix	489	6667
sample	prose_heavy	dict-index	raw	prefix	490	144917
sample	prose_heavy	dict-index	raw	prefix	491	148708
sample	prose_heavy	dict-index	raw	prefix	492	31459
sample	prose_heavy	dict-index	raw	prefix	493	1708
sample	prose_heavy	dict-index	raw	prefix	494	138375
sample	prose_heavy	dict-index	raw	prefix	495	186959
sample	prose_heavy	dict-index	raw	prefix	496	7000
sample	prose_heavy	dict-index	raw	prefix	497	19958
sample	prose_heavy	dict-index	raw	prefix	498	220209
sample	prose_heavy	dict-index	raw	prefix	499	139209
sample	prose_heavy	dict-index	raw	prefix	500	13458
sample	prose_heavy	dict-index	raw	prefix	501	2000
sample	prose_heavy	dict-index	raw	prefix	502	135833
sample	prose_heavy	dict-index	raw	prefix	503	590250
sample	prose_heavy	dict-index	raw	prefix	504	8250
sample	prose_heavy	dict-index	raw	prefix	505	3625
sample	prose_heavy	dict-index	raw	prefix	506	135291
sample	prose_heavy	dict-index	raw	prefix	507	365209
sample	prose_heavy	dict-index	raw	prefix	508	12833
sample	prose_heavy	dict-index	raw	prefix	509	875
sample	prose_heavy	dict-index	raw	prefix	510	135292
sample	prose_heavy	dict-index	raw	prefix	511	146667
sample	prose_heavy	dict-index	raw	prefix	512	12375
sample	prose_heavy	dict-index	raw	prefix	513	2500
sample	prose_heavy	dict-index	raw	prefix	514	445750
sample	prose_heavy	dict-index	raw	prefix	515	147083
sample	prose_heavy	dict-index	raw	prefix	516	13458
sample	prose_heavy	dict-index	raw	prefix	517	6166
sample	prose_heavy	dict-index	raw	prefix	518	422333
sample	prose_heavy	dict-index	raw	prefix	519	1237375
sample	prose_heavy	dict-index	raw	prefix	520	13167
sample	prose_heavy	dict-index	raw	prefix	521	8125
sample	prose_heavy	dict-index	raw	prefix	522	147958
sample	prose_heavy	dict-index	raw	prefix	523	136458
sample	prose_heavy	dict-index	raw	prefix	524	12042
sample	prose_heavy	dict-index	raw	prefix	525	667
sample	prose_heavy	dict-index	raw	prefix	526	189083
sample	prose_heavy	dict-index	raw	prefix	527	149125
sample	prose_heavy	dict-index	raw	prefix	528	10166
sample	prose_heavy	dict-index	raw	prefix	529	2167
sample	prose_heavy	dict-index	raw	prefix	530	137833
sample	prose_heavy	dict-index	raw	prefix	531	144417
sample	prose_heavy	dict-index	raw	prefix	532	12084
sample	prose_heavy	dict-index	raw	prefix	533	1042
sample	prose_heavy	dict-index	raw	prefix	534	162917
sample	prose_heavy	dict-index	raw	prefix	535	324000
sample	prose_heavy	dict-index	raw	prefix	536	10750
sample	prose_heavy	dict-index	raw	prefix	537	2042
sample	prose_heavy	dict-index	raw	prefix	538	138791
sample	prose_heavy	dict-index	raw	prefix	539	134875
sample	prose_heavy	dict-index	raw	prefix	540	24250
sample	prose_heavy	dict-index	raw	prefix	541	3625
sample	prose_heavy	dict-index	raw	prefix	542	139917
sample	prose_heavy	dict-index	raw	prefix	543	149334
sample	prose_heavy	dict-index	raw	prefix	544	13916
sample	prose_heavy	dict-index	raw	prefix	545	2666
sample	prose_heavy	dict-index	raw	prefix	546	208583
sample	prose_heavy	dict-index	raw	prefix	547	145333
sample	prose_heavy	dict-index	raw	prefix	548	12625
sample	prose_heavy	dict-index	raw	prefix	549	6333
sample	prose_heavy	dict-index	raw	prefix	550	420625
sample	prose_heavy	dict-index	raw	prefix	551	422584
sample	prose_heavy	dict-index	raw	prefix	552	23250
sample	prose_heavy	dict-index	raw	prefix	553	3000
sample	prose_heavy	dict-index	raw	prefix	554	153417
sample	prose_heavy	dict-index	raw	prefix	555	151792
sample	prose_heavy	dict-index	raw	prefix	556	6959
sample	prose_heavy	dict-index	raw	prefix	557	4834
sample	prose_heavy	dict-index	raw	prefix	558	742500
sample	prose_heavy	dict-index	raw	prefix	559	269583
sample	prose_heavy	dict-index	raw	prefix	560	13166
sample	prose_heavy	dict-index	raw	prefix	561	3417
sample	prose_heavy	dict-index	raw	prefix	562	137208
sample	prose_heavy	dict-index	raw	prefix	563	222292
sample	prose_heavy	dict-index	raw	prefix	564	28167
sample	prose_heavy	dict-index	raw	prefix	565	3083
sample	prose_heavy	dict-index	raw	prefix	566	162542
sample	prose_heavy	dict-index	raw	prefix	567	140917
sample	prose_heavy	dict-index	raw	prefix	568	13042
sample	prose_heavy	dict-index	raw	prefix	569	3250
sample	prose_heavy	dict-index	raw	prefix	570	138250
sample	prose_heavy	dict-index	raw	prefix	571	161959
sample	prose_heavy	dict-index	raw	prefix	572	13458
sample	prose_heavy	dict-index	raw	prefix	573	1833
sample	prose_heavy	dict-index	raw	prefix	574	135917
sample	prose_heavy	dict-index	raw	prefix	575	438125
sample	prose_heavy	dict-index	raw	prefix	576	18833
sample	prose_heavy	dict-index	raw	prefix	577	7791
sample	prose_heavy	dict-index	raw	prefix	578	359041
sample	prose_heavy	dict-index	raw	prefix	579	385542
sample	prose_heavy	dict-index	raw	prefix	580	21708
sample	prose_heavy	dict-index	raw	prefix	581	2667
sample	prose_heavy	dict-index	raw	prefix	582	477584
sample	prose_heavy	dict-index	raw	prefix	583	151541
sample	prose_heavy	dict-index	raw	prefix	584	18541
sample	prose_heavy	dict-index	raw	prefix	585	6833
sample	prose_heavy	dict-index	raw	prefix	586	386833
sample	prose_heavy	dict-index	raw	prefix	587	161291
sample	prose_heavy	dict-index	raw	prefix	588	31166
sample	prose_heavy	dict-index	raw	prefix	589	7166
sample	prose_heavy	dict-index	raw	prefix	590	289459
sample	prose_heavy	dict-index	raw	prefix	591	282834
sample	prose_heavy	dict-index	raw	prefix	592	10542
sample	prose_heavy	dict-index	raw	prefix	593	1625
sample	prose_heavy	dict-index	raw	prefix	594	139833
sample	prose_heavy	dict-index	raw	prefix	595	153083
sample	prose_heavy	dict-index	raw	prefix	596	14666
sample	prose_heavy	dict-index	raw	prefix	597	1333
sample	prose_heavy	dict-index	raw	prefix	598	382125
sample	prose_heavy	dict-index	raw	prefix	599	149125
sample	prose_heavy	dict-index	raw	prefix	600	10583
sample	prose_heavy	dict-index	raw	prefix	601	2250
sample	prose_heavy	dict-index	raw	prefix	602	133750
sample	prose_heavy	dict-index	raw	prefix	603	222333
sample	prose_heavy	dict-index	raw	prefix	604	11208
sample	prose_heavy	dict-index	raw	prefix	605	709
sample	prose_heavy	dict-index	raw	prefix	606	132917
sample	prose_heavy	dict-index	raw	prefix	607	146500
sample	prose_heavy	dict-index	raw	prefix	608	10166
sample	prose_heavy	dict-index	raw	prefix	609	2917
sample	prose_heavy	dict-index	raw	prefix	610	138041
sample	prose_heavy	dict-index	raw	prefix	611	407250
sample	prose_heavy	dict-index	raw	prefix	612	26542
sample	prose_heavy	dict-index	raw	prefix	613	5667
sample	prose_heavy	dict-index	raw	prefix	614	215167
sample	prose_heavy	dict-index	raw	prefix	615	156000
sample	prose_heavy	dict-index	raw	prefix	616	14416
sample	prose_heavy	dict-index	raw	prefix	617	4541
sample	prose_heavy	dict-index	raw	prefix	618	138792
sample	prose_heavy	dict-index	raw	prefix	619	141209
sample	prose_heavy	dict-index	raw	prefix	620	11667
sample	prose_heavy	dict-index	raw	prefix	621	666
sample	prose_heavy	dict-index	raw	prefix	622	708959
sample	prose_heavy	dict-index	raw	prefix	623	151041
sample	prose_heavy	dict-index	raw	prefix	624	9875
sample	prose_heavy	dict-index	raw	prefix	625	8917
sample	prose_heavy	dict-index	raw	prefix	626	545250
sample	prose_heavy	dict-index	raw	prefix	627	154875
sample	prose_heavy	dict-index	raw	prefix	628	16833
sample	prose_heavy	dict-index	raw	prefix	629	1000
sample	prose_heavy	dict-index	raw	prefix	630	149667
sample	prose_heavy	dict-index	raw	prefix	631	150792
sample	prose_heavy	dict-index	raw	prefix	632	8167
sample	prose_heavy	dict-index	raw	prefix	633	2000
sample	prose_heavy	dict-index	raw	prefix	634	141875
sample	prose_heavy	dict-index	raw	prefix	635	151250
sample	prose_heavy	dict-index	raw	prefix	636	21416
sample	prose_heavy	dict-index	raw	prefix	637	3125
sample	prose_heavy	dict-index	raw	prefix	638	356541
sample	prose_heavy	dict-index	raw	prefix	639	240167
sample	prose_heavy	dict-index	raw	prefix	640	12125
sample	prose_heavy	dict-index	raw	prefix	641	4458
sample	prose_heavy	dict-index	raw	prefix	642	141833
sample	prose_heavy	dict-index	raw	prefix	643	144667
sample	prose_heavy	dict-index	raw	prefix	644	41375
sample	prose_heavy	dict-index	raw	prefix	645	12375
sample	prose_heavy	dict-index	raw	prefix	646	1458208
sample	prose_heavy	dict-index	raw	prefix	647	183125
sample	prose_heavy	dict-index	raw	prefix	648	17792
sample	prose_heavy	dict-index	raw	prefix	649	7542
sample	prose_heavy	dict-index	raw	prefix	650	137625
sample	prose_heavy	dict-index	raw	prefix	651	356625
sample	prose_heavy	dict-index	raw	prefix	652	11375
sample	prose_heavy	dict-index	raw	prefix	653	708
sample	prose_heavy	dict-index	raw	prefix	654	134166
sample	prose_heavy	dict-index	raw	prefix	655	146250
sample	prose_heavy	dict-index	raw	prefix	656	9833
sample	prose_heavy	dict-index	raw	prefix	657	2458
sample	prose_heavy	dict-index	raw	prefix	658	133709
sample	prose_heavy	dict-index	raw	prefix	659	401125
sample	prose_heavy	dict-index	raw	prefix	660	30500
sample	prose_heavy	dict-index	raw	prefix	661	2750
sample	prose_heavy	dict-index	raw	prefix	662	1271209
sample	prose_heavy	dict-index	raw	prefix	663	190750
sample	prose_heavy	dict-index	raw	prefix	664	10084
sample	prose_heavy	dict-index	raw	prefix	665	3000
sample	prose_heavy	dict-index	raw	prefix	666	281750
sample	prose_heavy	dict-index	raw	prefix	667	145250
sample	prose_heavy	dict-index	raw	prefix	668	13042
sample	prose_heavy	dict-index	raw	prefix	669	709
sample	prose_heavy	dict-index	raw	prefix	670	137750
sample	prose_heavy	dict-index	raw	prefix	671	251500
sample	prose_heavy	dict-index	raw	prefix	672	9583
sample	prose_heavy	dict-index	raw	prefix	673	2708
sample	prose_heavy	dict-index	raw	prefix	674	136292
sample	prose_heavy	dict-index	raw	prefix	675	357250
sample	prose_heavy	dict-index	raw	prefix	676	22166
sample	prose_heavy	dict-index	raw	prefix	677	4166
sample	prose_heavy	dict-index	raw	prefix	678	226667
sample	prose_heavy	dict-index	raw	prefix	679	1659916
sample	prose_heavy	dict-index	raw	prefix	680	84500
sample	prose_heavy	dict-index	raw	prefix	681	9583
sample	prose_heavy	dict-index	raw	prefix	682	345834
sample	prose_heavy	dict-index	raw	prefix	683	157792
sample	prose_heavy	dict-index	raw	prefix	684	12292
sample	prose_heavy	dict-index	raw	prefix	685	875
sample	prose_heavy	dict-index	raw	prefix	686	137500
sample	prose_heavy	dict-index	raw	prefix	687	144792
sample	prose_heavy	dict-index	raw	prefix	688	3750
sample	prose_heavy	dict-index	raw	prefix	689	1709
sample	prose_heavy	dict-index	raw	prefix	690	134459
sample	prose_heavy	dict-index	raw	prefix	691	300625
sample	prose_heavy	dict-index	raw	prefix	692	12084
sample	prose_heavy	dict-index	raw	prefix	693	1083
sample	prose_heavy	dict-index	raw	prefix	694	258500
sample	prose_heavy	dict-index	raw	prefix	695	419667
sample	prose_heavy	dict-index	raw	prefix	696	8375
sample	prose_heavy	dict-index	raw	prefix	697	2167
sample	prose_heavy	dict-index	raw	prefix	698	134125
sample	prose_heavy	dict-index	raw	prefix	699	389792
sample	prose_heavy	dict-index	raw	prefix	700	12333
sample	prose_heavy	dict-index	raw	prefix	701	833
sample	prose_heavy	dict-index	raw	prefix	702	139250
sample	prose_heavy	dict-index	raw	prefix	703	140708
sample	prose_heavy	dict-index	raw	prefix	704	17666
sample	prose_heavy	dict-index	raw	prefix	705	5916
sample	prose_heavy	dict-index	raw	prefix	706	212083
sample	prose_heavy	dict-index	raw	prefix	707	369125
sample	prose_heavy	dict-index	raw	prefix	708	11125
sample	prose_heavy	dict-index	raw	prefix	709	667
sample	prose_heavy	dict-index	raw	prefix	710	136333
sample	prose_heavy	dict-index	raw	prefix	711	1284875
sample	prose_heavy	dict-index	raw	prefix	712	9666
sample	prose_heavy	dict-index	raw	prefix	713	1792
sample	prose_heavy	dict-index	raw	prefix	714	261500
sample	prose_heavy	dict-index	raw	prefix	715	154667
sample	prose_heavy	dict-index	raw	prefix	716	10291
sample	prose_heavy	dict-index	raw	prefix	717	750
sample	prose_heavy	dict-index	raw	prefix	718	271917
sample	prose_heavy	dict-index	raw	prefix	719	508459
sample	prose_heavy	dict-index	raw	prefix	720	12042
sample	prose_heavy	dict-index	raw	prefix	721	2042
sample	prose_heavy	dict-index	raw	prefix	722	136333
sample	prose_heavy	dict-index	raw	prefix	723	151250
sample	prose_heavy	dict-index	raw	prefix	724	15459
sample	prose_heavy	dict-index	raw	prefix	725	8000
sample	prose_heavy	dict-index	raw	prefix	726	387459
sample	prose_heavy	dict-index	raw	prefix	727	156167
sample	prose_heavy	dict-index	raw	prefix	728	16833
sample	prose_heavy	dict-index	raw	prefix	729	3209
sample	prose_heavy	dict-index	raw	prefix	730	1217750
sample	prose_heavy	dict-index	raw	prefix	731	145834
sample	prose_heavy	dict-index	raw	prefix	732	11708
sample	prose_heavy	dict-index	raw	prefix	733	875
sample	prose_heavy	dict-index	raw	prefix	734	214875
sample	prose_heavy	dict-index	raw	prefix	735	204500
sample	prose_heavy	dict-index	raw	prefix	736	16292
sample	prose_heavy	dict-index	raw	prefix	737	6042
sample	prose_heavy	dict-index	raw	prefix	738	371792
sample	prose_heavy	dict-index	raw	prefix	739	149875
sample	prose_heavy	dict-index	raw	prefix	740	13750
sample	prose_heavy	dict-index	raw	prefix	741	708
sample	prose_heavy	dict-index	raw	prefix	742	137916
sample	prose_heavy	dict-index	raw	prefix	743	147834
sample	prose_heavy	dict-index	raw	prefix	744	10792
sample	prose_heavy	dict-index	raw	prefix	745	2291
sample	prose_heavy	dict-index	raw	prefix	746	136250
sample	prose_heavy	dict-index	raw	prefix	747	684041
sample	prose_heavy	dict-index	raw	prefix	748	9167
sample	prose_heavy	dict-index	raw	prefix	749	750
sample	prose_heavy	dict-index	raw	prefix	750	135708
sample	prose_heavy	dict-index	raw	prefix	751	330042
sample	prose_heavy	dict-index	raw	prefix	752	19000
sample	prose_heavy	dict-index	raw	prefix	753	5208
sample	prose_heavy	dict-index	raw	prefix	754	146292
sample	prose_heavy	dict-index	raw	prefix	755	145292
sample	prose_heavy	dict-index	raw	prefix	756	12917
sample	prose_heavy	dict-index	raw	prefix	757	792
sample	prose_heavy	dict-index	raw	prefix	758	138625
sample	prose_heavy	dict-index	raw	prefix	759	148458
sample	prose_heavy	dict-index	raw	prefix	760	38166
sample	prose_heavy	dict-index	raw	prefix	761	6917
sample	prose_heavy	dict-index	raw	prefix	762	383833
sample	prose_heavy	dict-index	raw	prefix	763	148666
sample	prose_heavy	dict-index	raw	prefix	764	31375
sample	prose_heavy	dict-index	raw	prefix	765	7000
sample	prose_heavy	dict-index	raw	prefix	766	402791
sample	prose_heavy	dict-index	raw	prefix	767	163834
sample	prose_heavy	dict-index	raw	prefix	768	10916
sample	prose_heavy	dict-index	raw	prefix	769	3584
sample	prose_heavy	dict-index	raw	prefix	770	148291
sample	prose_heavy	dict-index	raw	prefix	771	228167
sample	prose_heavy	dict-index	raw	prefix	772	10166
sample	prose_heavy	dict-index	raw	prefix	773	750
sample	prose_heavy	dict-index	raw	prefix	774	133209
sample	prose_heavy	dict-index	raw	prefix	775	404667
sample	prose_heavy	dict-index	raw	prefix	776	16792
sample	prose_heavy	dict-index	raw	prefix	777	6209
sample	prose_heavy	dict-index	raw	prefix	778	402459
sample	prose_heavy	dict-index	raw	prefix	779	400792
sample	prose_heavy	dict-index	raw	prefix	780	21042
sample	prose_heavy	dict-index	raw	prefix	781	2708
sample	prose_heavy	dict-index	raw	prefix	782	298583
sample	prose_heavy	dict-index	raw	prefix	783	447458
sample	prose_heavy	dict-index	raw	prefix	784	8083
sample	prose_heavy	dict-index	raw	prefix	785	4041
sample	prose_heavy	dict-index	raw	prefix	786	1452209
sample	prose_heavy	dict-index	raw	prefix	787	153083
sample	prose_heavy	dict-index	raw	prefix	788	28375
sample	prose_heavy	dict-index	raw	prefix	789	3708
sample	prose_heavy	dict-index	raw	prefix	790	134416
sample	prose_heavy	dict-index	raw	prefix	791	135125
sample	prose_heavy	dict-index	raw	prefix	792	14709
sample	prose_heavy	dict-index	raw	prefix	793	6333
sample	prose_heavy	dict-index	raw	prefix	794	185209
sample	prose_heavy	dict-index	raw	prefix	795	154459
sample	prose_heavy	dict-index	raw	prefix	796	18667
sample	prose_heavy	dict-index	raw	prefix	797	4959
sample	prose_heavy	dict-index	raw	prefix	798	391500
sample	prose_heavy	dict-index	raw	prefix	799	934292
sample	prose_heavy	dict-index	raw	prefix	800	12958
sample	prose_heavy	dict-index	raw	prefix	801	2292
sample	prose_heavy	dict-index	raw	prefix	802	1472125
sample	prose_heavy	dict-index	raw	prefix	803	149709
sample	prose_heavy	dict-index	raw	prefix	804	10833
sample	prose_heavy	dict-index	raw	prefix	805	750
sample	prose_heavy	dict-index	raw	prefix	806	137875
sample	prose_heavy	dict-index	raw	prefix	807	149583
sample	prose_heavy	dict-index	raw	prefix	808	11833
sample	prose_heavy	dict-index	raw	prefix	809	2959
sample	prose_heavy	dict-index	raw	prefix	810	469625
sample	prose_heavy	dict-index	raw	prefix	811	150000
sample	prose_heavy	dict-index	raw	prefix	812	12459
sample	prose_heavy	dict-index	raw	prefix	813	791
sample	prose_heavy	dict-index	raw	prefix	814	138250
sample	prose_heavy	dict-index	raw	prefix	815	152334
sample	prose_heavy	dict-index	raw	prefix	816	13042
sample	prose_heavy	dict-index	raw	prefix	817	2459
sample	prose_heavy	dict-index	raw	prefix	818	140042
sample	prose_heavy	dict-index	raw	prefix	819	142333
sample	prose_heavy	dict-index	raw	prefix	820	13375
sample	prose_heavy	dict-index	raw	prefix	821	709
sample	prose_heavy	dict-index	raw	prefix	822	137750
sample	prose_heavy	dict-index	raw	prefix	823	159416
sample	prose_heavy	dict-index	raw	prefix	824	10791
sample	prose_heavy	dict-index	raw	prefix	825	2291
sample	prose_heavy	dict-index	raw	prefix	826	137750
sample	prose_heavy	dict-index	raw	prefix	827	219542
sample	prose_heavy	dict-index	raw	prefix	828	26000
sample	prose_heavy	dict-index	raw	prefix	829	6917
sample	prose_heavy	dict-index	raw	prefix	830	141167
sample	prose_heavy	dict-index	raw	prefix	831	329750
sample	prose_heavy	dict-index	raw	prefix	832	29417
sample	prose_heavy	dict-index	raw	prefix	833	15666
sample	prose_heavy	dict-index	raw	prefix	834	456625
sample	prose_heavy	dict-index	raw	prefix	835	1636916
sample	prose_heavy	dict-index	raw	prefix	836	13042
sample	prose_heavy	dict-index	raw	prefix	837	834
sample	prose_heavy	dict-index	raw	prefix	838	143500
sample	prose_heavy	dict-index	raw	prefix	839	393709
sample	prose_heavy	dict-index	raw	prefix	840	16167
sample	prose_heavy	dict-index	raw	prefix	841	2250
sample	prose_heavy	dict-index	raw	prefix	842	162333
sample	prose_heavy	dict-index	raw	prefix	843	151000
sample	prose_heavy	dict-index	raw	prefix	844	20500
sample	prose_heavy	dict-index	raw	prefix	845	2458
sample	prose_heavy	dict-index	raw	prefix	846	612166
sample	prose_heavy	dict-index	raw	prefix	847	448625
sample	prose_heavy	dict-index	raw	prefix	848	10084
sample	prose_heavy	dict-index	raw	prefix	849	2083
sample	prose_heavy	dict-index	raw	prefix	850	139167
sample	prose_heavy	dict-index	raw	prefix	851	306708
sample	prose_heavy	dict-index	raw	prefix	852	15833
sample	prose_heavy	dict-index	raw	prefix	853	4208
sample	prose_heavy	dict-index	raw	prefix	854	1080875
sample	prose_heavy	dict-index	raw	prefix	855	440500
sample	prose_heavy	dict-index	raw	prefix	856	11375
sample	prose_heavy	dict-index	raw	prefix	857	2084
sample	prose_heavy	dict-index	raw	prefix	858	141250
sample	prose_heavy	dict-index	raw	prefix	859	137333
sample	prose_heavy	dict-index	raw	prefix	860	8291
sample	prose_heavy	dict-index	raw	prefix	861	7791
sample	prose_heavy	dict-index	raw	prefix	862	392708
sample	prose_heavy	dict-index	raw	prefix	863	411625
sample	prose_heavy	dict-index	raw	prefix	864	8791
sample	prose_heavy	dict-index	raw	prefix	865	3084
sample	prose_heavy	dict-index	raw	prefix	866	150666
sample	prose_heavy	dict-index	raw	prefix	867	445250
sample	prose_heavy	dict-index	raw	prefix	868	14708
sample	prose_heavy	dict-index	raw	prefix	869	792
sample	prose_heavy	dict-index	raw	prefix	870	355667
sample	prose_heavy	dict-index	raw	prefix	871	166750
sample	prose_heavy	dict-index	raw	prefix	872	15667
sample	prose_heavy	dict-index	raw	prefix	873	4958
sample	prose_heavy	dict-index	raw	prefix	874	392042
sample	prose_heavy	dict-index	raw	prefix	875	386166
sample	prose_heavy	dict-index	raw	prefix	876	12584
sample	prose_heavy	dict-index	raw	prefix	877	792
sample	prose_heavy	dict-index	raw	prefix	878	142792
sample	prose_heavy	dict-index	raw	prefix	879	150542
sample	prose_heavy	dict-index	raw	prefix	880	8083
sample	prose_heavy	dict-index	raw	prefix	881	2041
sample	prose_heavy	dict-index	raw	prefix	882	889333
sample	prose_heavy	dict-index	raw	prefix	883	172250
sample	prose_heavy	dict-index	raw	prefix	884	11708
sample	prose_heavy	dict-index	raw	prefix	885	667
sample	prose_heavy	dict-index	raw	prefix	886	175667
sample	prose_heavy	dict-index	raw	prefix	887	150541
sample	prose_heavy	dict-index	raw	prefix	888	20167
sample	prose_heavy	dict-index	raw	prefix	889	4292
sample	prose_heavy	dict-index	raw	prefix	890	138792
sample	prose_heavy	dict-index	raw	prefix	891	148584
sample	prose_heavy	dict-index	raw	prefix	892	12334
sample	prose_heavy	dict-index	raw	prefix	893	708
sample	prose_heavy	dict-index	raw	prefix	894	136083
sample	prose_heavy	dict-index	raw	prefix	895	143708
sample	prose_heavy	dict-index	raw	prefix	896	19375
sample	prose_heavy	dict-index	raw	prefix	897	5250
sample	prose_heavy	dict-index	raw	prefix	898	356541
sample	prose_heavy	dict-index	raw	prefix	899	339250
sample	prose_heavy	dict-index	raw	prefix	900	13792
sample	prose_heavy	dict-index	raw	prefix	901	708
sample	prose_heavy	dict-index	raw	prefix	902	136959
sample	prose_heavy	dict-index	raw	prefix	903	144042
sample	prose_heavy	dict-index	raw	prefix	904	11667
sample	prose_heavy	dict-index	raw	prefix	905	10542
sample	prose_heavy	dict-index	raw	prefix	906	141375
sample	prose_heavy	dict-index	raw	prefix	907	184708
sample	prose_heavy	dict-index	raw	prefix	908	8667
sample	prose_heavy	dict-index	raw	prefix	909	750
sample	prose_heavy	dict-index	raw	prefix	910	364375
sample	prose_heavy	dict-index	raw	prefix	911	210666
sample	prose_heavy	dict-index	raw	prefix	912	18541
sample	prose_heavy	dict-index	raw	prefix	913	11250
sample	prose_heavy	dict-index	raw	prefix	914	458833
sample	prose_heavy	dict-index	raw	prefix	915	153708
sample	prose_heavy	dict-index	raw	prefix	916	10000
sample	prose_heavy	dict-index	raw	prefix	917	750
sample	prose_heavy	dict-index	raw	prefix	918	132791
sample	prose_heavy	dict-index	raw	prefix	919	141500
sample	prose_heavy	dict-index	raw	prefix	920	11625
sample	prose_heavy	dict-index	raw	prefix	921	2917
sample	prose_heavy	dict-index	raw	prefix	922	276167
sample	prose_heavy	dict-index	raw	prefix	923	139250
sample	prose_heavy	dict-index	raw	prefix	924	19417
sample	prose_heavy	dict-index	raw	prefix	925	1500
sample	prose_heavy	dict-index	raw	prefix	926	352000
sample	prose_heavy	dict-index	raw	prefix	927	149542
sample	prose_heavy	dict-index	raw	prefix	928	10625
sample	prose_heavy	dict-index	raw	prefix	929	2375
sample	prose_heavy	dict-index	raw	prefix	930	137458
sample	prose_heavy	dict-index	raw	prefix	931	154417
sample	prose_heavy	dict-index	raw	prefix	932	14875
sample	prose_heavy	dict-index	raw	prefix	933	1791
sample	prose_heavy	dict-index	raw	prefix	934	132667
sample	prose_heavy	dict-index	raw	prefix	935	341416
sample	prose_heavy	dict-index	raw	prefix	936	22167
sample	prose_heavy	dict-index	raw	prefix	937	4416
sample	prose_heavy	dict-index	raw	prefix	938	138416
sample	prose_heavy	dict-index	raw	prefix	939	314375
sample	prose_heavy	dict-index	raw	prefix	940	11458
sample	prose_heavy	dict-index	raw	prefix	941	750
sample	prose_heavy	dict-index	raw	prefix	942	137833
sample	prose_heavy	dict-index	raw	prefix	943	135250
sample	prose_heavy	dict-index	raw	prefix	944	10083
sample	prose_heavy	dict-index	raw	prefix	945	2084
sample	prose_heavy	dict-index	raw	prefix	946	135792
sample	prose_heavy	dict-index	raw	prefix	947	242583
sample	prose_heavy	dict-index	raw	prefix	948	9709
sample	prose_heavy	dict-index	raw	prefix	949	2625
sample	prose_heavy	dict-index	raw	prefix	950	394292
sample	prose_heavy	dict-index	raw	prefix	951	174709
sample	prose_heavy	dict-index	raw	prefix	952	19041
sample	prose_heavy	dict-index	raw	prefix	953	7042
sample	prose_heavy	dict-index	raw	prefix	954	399417
sample	prose_heavy	dict-index	raw	prefix	955	157500
sample	prose_heavy	dict-index	raw	prefix	956	10250
sample	prose_heavy	dict-index	raw	prefix	957	791
sample	prose_heavy	dict-index	raw	prefix	958	144166
sample	prose_heavy	dict-index	raw	prefix	959	147417
sample	prose_heavy	dict-index	raw	prefix	960	41708
sample	prose_heavy	dict-index	raw	prefix	961	8459
sample	prose_heavy	dict-index	raw	prefix	962	378417
sample	prose_heavy	dict-index	raw	prefix	963	145416
sample	prose_heavy	dict-index	raw	prefix	964	6542
sample	prose_heavy	dict-index	raw	prefix	965	2334
sample	prose_heavy	dict-index	raw	prefix	966	138250
sample	prose_heavy	dict-index	raw	prefix	967	525875
sample	prose_heavy	dict-index	raw	prefix	968	7375
sample	prose_heavy	dict-index	raw	prefix	969	1791
sample	prose_heavy	dict-index	raw	prefix	970	136041
sample	prose_heavy	dict-index	raw	prefix	971	163458
sample	prose_heavy	dict-index	raw	prefix	972	12875
sample	prose_heavy	dict-index	raw	prefix	973	6167
sample	prose_heavy	dict-index	raw	prefix	974	424834
sample	prose_heavy	dict-index	raw	prefix	975	296500
sample	prose_heavy	dict-index	raw	prefix	976	11625
sample	prose_heavy	dict-index	raw	prefix	977	2084
sample	prose_heavy	dict-index	raw	prefix	978	139500
sample	prose_heavy	dict-index	raw	prefix	979	449167
sample	prose_heavy	dict-index	raw	prefix	980	9500
sample	prose_heavy	dict-index	raw	prefix	981	4208
sample	prose_heavy	dict-index	raw	prefix	982	309500
sample	prose_heavy	dict-index	raw	prefix	983	399084
sample	prose_heavy	dict-index	raw	prefix	984	17459
sample	prose_heavy	dict-index	raw	prefix	985	7583
sample	prose_heavy	dict-index	raw	prefix	986	1123250
sample	prose_heavy	dict-index	raw	prefix	987	1913917
sample	prose_heavy	dict-index	raw	prefix	988	20375
sample	prose_heavy	dict-index	raw	prefix	989	2750
sample	prose_heavy	dict-index	raw	prefix	990	361042
sample	prose_heavy	dict-index	raw	prefix	991	170375
sample	prose_heavy	dict-index	raw	prefix	992	10042
sample	prose_heavy	dict-index	raw	prefix	993	2250
sample	prose_heavy	dict-index	raw	prefix	994	141291
sample	prose_heavy	dict-index	raw	prefix	995	150166
sample	prose_heavy	dict-index	raw	prefix	996	23334
sample	prose_heavy	dict-index	raw	prefix	997	7833
sample	prose_heavy	dict-index	raw	prefix	998	538792
sample	prose_heavy	dict-index	raw	prefix	999	145916
sample	prose_heavy	dict-index	raw	render	0	11708
sample	prose_heavy	dict-index	raw	render	1	8166
sample	prose_heavy	dict-index	raw	render	2	2125
sample	prose_heavy	dict-index	raw	render	3	2084
sample	prose_heavy	dict-index	raw	render	4	3375
sample	prose_heavy	dict-index	raw	render	5	10375
sample	prose_heavy	dict-index	raw	render	6	2875
sample	prose_heavy	dict-index	raw	render	7	1542
sample	prose_heavy	dict-index	raw	render	8	1791
sample	prose_heavy	dict-index	raw	render	9	18625
sample	prose_heavy	dict-index	raw	render	10	10834
sample	prose_heavy	dict-index	raw	render	11	2125
sample	prose_heavy	dict-index	raw	render	12	1583
sample	prose_heavy	dict-index	raw	render	13	10292
sample	prose_heavy	dict-index	raw	render	14	4750
sample	prose_heavy	dict-index	raw	render	15	2041
sample	prose_heavy	dict-index	raw	render	16	1916
sample	prose_heavy	dict-index	raw	render	17	1500
sample	prose_heavy	dict-index	raw	render	18	1792
sample	prose_heavy	dict-index	raw	render	19	11000
sample	prose_heavy	dict-index	raw	render	20	4583
sample	prose_heavy	dict-index	raw	render	21	2666
sample	prose_heavy	dict-index	raw	render	22	1917
sample	prose_heavy	dict-index	raw	render	23	1959
sample	prose_heavy	dict-index	raw	render	24	15834
sample	prose_heavy	dict-index	raw	render	25	16500
sample	prose_heavy	dict-index	raw	render	26	12375
sample	prose_heavy	dict-index	raw	render	27	7917
sample	prose_heavy	dict-index	raw	render	28	1917
sample	prose_heavy	dict-index	raw	render	29	1875
sample	prose_heavy	dict-index	raw	render	30	1750
sample	prose_heavy	dict-index	raw	render	31	11791
sample	prose_heavy	dict-index	raw	render	32	6417
sample	prose_heavy	dict-index	raw	render	33	8125
sample	prose_heavy	dict-index	raw	render	34	3250
sample	prose_heavy	dict-index	raw	render	35	13792
sample	prose_heavy	dict-index	raw	render	36	17250
sample	prose_heavy	dict-index	raw	render	37	12209
sample	prose_heavy	dict-index	raw	render	38	8333
sample	prose_heavy	dict-index	raw	render	39	4000
sample	prose_heavy	dict-index	raw	render	40	1584
sample	prose_heavy	dict-index	raw	render	41	1708
sample	prose_heavy	dict-index	raw	render	42	1625
sample	prose_heavy	dict-index	raw	render	43	1708
sample	prose_heavy	dict-index	raw	render	44	1708
sample	prose_heavy	dict-index	raw	render	45	15583
sample	prose_heavy	dict-index	raw	render	46	41750
sample	prose_heavy	dict-index	raw	render	47	10000
sample	prose_heavy	dict-index	raw	render	48	5375
sample	prose_heavy	dict-index	raw	render	49	1834
sample	prose_heavy	dict-index	raw	render	50	1709
sample	prose_heavy	dict-index	raw	render	51	2792
sample	prose_heavy	dict-index	raw	render	52	6250
sample	prose_heavy	dict-index	raw	render	53	4083
sample	prose_heavy	dict-index	raw	render	54	1917
sample	prose_heavy	dict-index	raw	render	55	2042
sample	prose_heavy	dict-index	raw	render	56	4500
sample	prose_heavy	dict-index	raw	render	57	8167
sample	prose_heavy	dict-index	raw	render	58	3959
sample	prose_heavy	dict-index	raw	render	59	2541
sample	prose_heavy	dict-index	raw	render	60	1625
sample	prose_heavy	dict-index	raw	render	61	12000
sample	prose_heavy	dict-index	raw	render	62	6500
sample	prose_heavy	dict-index	raw	render	63	1791
sample	prose_heavy	dict-index	raw	render	64	1708
sample	prose_heavy	dict-index	raw	render	65	1667
sample	prose_heavy	dict-index	raw	render	66	3042
sample	prose_heavy	dict-index	raw	render	67	2083
sample	prose_heavy	dict-index	raw	render	68	10875
sample	prose_heavy	dict-index	raw	render	69	7166
sample	prose_heavy	dict-index	raw	render	70	8541
sample	prose_heavy	dict-index	raw	render	71	3083
sample	prose_heavy	dict-index	raw	render	72	1667
sample	prose_heavy	dict-index	raw	render	73	1709
sample	prose_heavy	dict-index	raw	render	74	4917
sample	prose_heavy	dict-index	raw	render	75	3667
sample	prose_heavy	dict-index	raw	render	76	9500
sample	prose_heavy	dict-index	raw	render	77	8250
sample	prose_heavy	dict-index	raw	render	78	8250
sample	prose_heavy	dict-index	raw	render	79	6042
sample	prose_heavy	dict-index	raw	render	80	8625
sample	prose_heavy	dict-index	raw	render	81	5500
sample	prose_heavy	dict-index	raw	render	82	3541
sample	prose_heavy	dict-index	raw	render	83	10334
sample	prose_heavy	dict-index	raw	render	84	11666
sample	prose_heavy	dict-index	raw	render	85	6375
sample	prose_heavy	dict-index	raw	render	86	2250
sample	prose_heavy	dict-index	raw	render	87	4625
sample	prose_heavy	dict-index	raw	render	88	3000
sample	prose_heavy	dict-index	raw	render	89	1792
sample	prose_heavy	dict-index	raw	render	90	2459
sample	prose_heavy	dict-index	raw	render	91	8875
sample	prose_heavy	dict-index	raw	render	92	12083
sample	prose_heavy	dict-index	raw	render	93	4875
sample	prose_heavy	dict-index	raw	render	94	8042
sample	prose_heavy	dict-index	raw	render	95	11917
sample	prose_heavy	dict-index	raw	render	96	10125
sample	prose_heavy	dict-index	raw	render	97	9625
sample	prose_heavy	dict-index	raw	render	98	3417
sample	prose_heavy	dict-index	raw	render	99	8333
sample	prose_heavy	dict-index	raw	render	100	3834
sample	prose_heavy	dict-index	raw	render	101	2666
sample	prose_heavy	dict-index	raw	render	102	2250
sample	prose_heavy	dict-index	raw	render	103	4792
sample	prose_heavy	dict-index	raw	render	104	2875
sample	prose_heavy	dict-index	raw	render	105	1792
sample	prose_heavy	dict-index	raw	render	106	11500
sample	prose_heavy	dict-index	raw	render	107	6084
sample	prose_heavy	dict-index	raw	render	108	4750
sample	prose_heavy	dict-index	raw	render	109	3292
sample	prose_heavy	dict-index	raw	render	110	3166
sample	prose_heavy	dict-index	raw	render	111	8000
sample	prose_heavy	dict-index	raw	render	112	7041
sample	prose_heavy	dict-index	raw	render	113	4792
sample	prose_heavy	dict-index	raw	render	114	16209
sample	prose_heavy	dict-index	raw	render	115	12958
sample	prose_heavy	dict-index	raw	render	116	9250
sample	prose_heavy	dict-index	raw	render	117	3375
sample	prose_heavy	dict-index	raw	render	118	2292
sample	prose_heavy	dict-index	raw	render	119	1833
sample	prose_heavy	dict-index	raw	render	120	1667
sample	prose_heavy	dict-index	raw	render	121	16542
sample	prose_heavy	dict-index	raw	render	122	6125
sample	prose_heavy	dict-index	raw	render	123	2250
sample	prose_heavy	dict-index	raw	render	124	2000
sample	prose_heavy	dict-index	raw	render	125	6334
sample	prose_heavy	dict-index	raw	render	126	8375
sample	prose_heavy	dict-index	raw	render	127	2667
sample	prose_heavy	dict-index	raw	render	128	2292
sample	prose_heavy	dict-index	raw	render	129	1750
sample	prose_heavy	dict-index	raw	render	130	1666
sample	prose_heavy	dict-index	raw	render	131	3250
sample	prose_heavy	dict-index	raw	render	132	4625
sample	prose_heavy	dict-index	raw	render	133	2583
sample	prose_heavy	dict-index	raw	render	134	1584
sample	prose_heavy	dict-index	raw	render	135	1333
sample	prose_heavy	dict-index	raw	render	136	2333
sample	prose_heavy	dict-index	raw	render	137	1458
sample	prose_heavy	dict-index	raw	render	138	1875
sample	prose_heavy	dict-index	raw	render	139	2708
sample	prose_heavy	dict-index	raw	render	140	11417
sample	prose_heavy	dict-index	raw	render	141	5708
sample	prose_heavy	dict-index	raw	render	142	2125
sample	prose_heavy	dict-index	raw	render	143	11625
sample	prose_heavy	dict-index	raw	render	144	9584
sample	prose_heavy	dict-index	raw	render	145	5708
sample	prose_heavy	dict-index	raw	render	146	5292
sample	prose_heavy	dict-index	raw	render	147	2542
sample	prose_heavy	dict-index	raw	render	148	8292
sample	prose_heavy	dict-index	raw	render	149	4000
sample	prose_heavy	dict-index	raw	render	150	3000
sample	prose_heavy	dict-index	raw	render	151	2083
sample	prose_heavy	dict-index	raw	render	152	8458
sample	prose_heavy	dict-index	raw	render	153	6250
sample	prose_heavy	dict-index	raw	render	154	10458
sample	prose_heavy	dict-index	raw	render	155	7084
sample	prose_heavy	dict-index	raw	render	156	3083
sample	prose_heavy	dict-index	raw	render	157	17167
sample	prose_heavy	dict-index	raw	render	158	11959
sample	prose_heavy	dict-index	raw	render	159	9958
sample	prose_heavy	dict-index	raw	render	160	5458
sample	prose_heavy	dict-index	raw	render	161	2375
sample	prose_heavy	dict-index	raw	render	162	2042
sample	prose_heavy	dict-index	raw	render	163	1875
sample	prose_heavy	dict-index	raw	render	164	5000
sample	prose_heavy	dict-index	raw	render	165	3083
sample	prose_heavy	dict-index	raw	render	166	2041
sample	prose_heavy	dict-index	raw	render	167	2167
sample	prose_heavy	dict-index	raw	render	168	18250
sample	prose_heavy	dict-index	raw	render	169	3541
sample	prose_heavy	dict-index	raw	render	170	2042
sample	prose_heavy	dict-index	raw	render	171	1958
sample	prose_heavy	dict-index	raw	render	172	1875
sample	prose_heavy	dict-index	raw	render	173	1625
sample	prose_heavy	dict-index	raw	render	174	13625
sample	prose_heavy	dict-index	raw	render	175	6250
sample	prose_heavy	dict-index	raw	render	176	2209
sample	prose_heavy	dict-index	raw	render	177	1750
sample	prose_heavy	dict-index	raw	render	178	9333
sample	prose_heavy	dict-index	raw	render	179	4167
sample	prose_heavy	dict-index	raw	render	180	2333
sample	prose_heavy	dict-index	raw	render	181	15500
sample	prose_heavy	dict-index	raw	render	182	8291
sample	prose_heavy	dict-index	raw	render	183	11625
sample	prose_heavy	dict-index	raw	render	184	5959
sample	prose_heavy	dict-index	raw	render	185	6333
sample	prose_heavy	dict-index	raw	render	186	2708
sample	prose_heavy	dict-index	raw	render	187	7375
sample	prose_heavy	dict-index	raw	render	188	3125
sample	prose_heavy	dict-index	raw	render	189	2542
sample	prose_heavy	dict-index	raw	render	190	1958
sample	prose_heavy	dict-index	raw	render	191	1917
sample	prose_heavy	dict-index	raw	render	192	7708
sample	prose_heavy	dict-index	raw	render	193	11042
sample	prose_heavy	dict-index	raw	render	194	9667
sample	prose_heavy	dict-index	raw	render	195	3584
sample	prose_heavy	dict-index	raw	render	196	3500
sample	prose_heavy	dict-index	raw	render	197	6667
sample	prose_heavy	dict-index	raw	render	198	10708
sample	prose_heavy	dict-index	raw	render	199	14334
sample	prose_heavy	dict-index	raw	render	200	6458
sample	prose_heavy	dict-index	raw	render	201	1833
sample	prose_heavy	dict-index	raw	render	202	3500
sample	prose_heavy	dict-index	raw	render	203	9333
sample	prose_heavy	dict-index	raw	render	204	3750
sample	prose_heavy	dict-index	raw	render	205	2250
sample	prose_heavy	dict-index	raw	render	206	1792
sample	prose_heavy	dict-index	raw	render	207	1541
sample	prose_heavy	dict-index	raw	render	208	3625
sample	prose_heavy	dict-index	raw	render	209	1750
sample	prose_heavy	dict-index	raw	render	210	1292
sample	prose_heavy	dict-index	raw	render	211	1875
sample	prose_heavy	dict-index	raw	render	212	1375
sample	prose_heavy	dict-index	raw	render	213	1834
sample	prose_heavy	dict-index	raw	render	214	9291
sample	prose_heavy	dict-index	raw	render	215	10125
sample	prose_heavy	dict-index	raw	render	216	3333
sample	prose_heavy	dict-index	raw	render	217	1625
sample	prose_heavy	dict-index	raw	render	218	9000
sample	prose_heavy	dict-index	raw	render	219	6084
sample	prose_heavy	dict-index	raw	render	220	2792
sample	prose_heavy	dict-index	raw	render	221	1542
sample	prose_heavy	dict-index	raw	render	222	2166
sample	prose_heavy	dict-index	raw	render	223	2208
sample	prose_heavy	dict-index	raw	render	224	10791
sample	prose_heavy	dict-index	raw	render	225	43125
sample	prose_heavy	dict-index	raw	render	226	11833
sample	prose_heavy	dict-index	raw	render	227	2750
sample	prose_heavy	dict-index	raw	render	228	3416
sample	prose_heavy	dict-index	raw	render	229	8250
sample	prose_heavy	dict-index	raw	render	230	11167
sample	prose_heavy	dict-index	raw	render	231	6667
sample	prose_heavy	dict-index	raw	render	232	9583
sample	prose_heavy	dict-index	raw	render	233	3875
sample	prose_heavy	dict-index	raw	render	234	4375
sample	prose_heavy	dict-index	raw	render	235	15083
sample	prose_heavy	dict-index	raw	render	236	12584
sample	prose_heavy	dict-index	raw	render	237	6041
sample	prose_heavy	dict-index	raw	render	238	8458
sample	prose_heavy	dict-index	raw	render	239	8958
sample	prose_heavy	dict-index	raw	render	240	6750
sample	prose_heavy	dict-index	raw	render	241	5625
sample	prose_heavy	dict-index	raw	render	242	6833
sample	prose_heavy	dict-index	raw	render	243	3833
sample	prose_heavy	dict-index	raw	render	244	8500
sample	prose_heavy	dict-index	raw	render	245	5250
sample	prose_heavy	dict-index	raw	render	246	1750
sample	prose_heavy	dict-index	raw	render	247	1292
sample	prose_heavy	dict-index	raw	render	248	1666
sample	prose_heavy	dict-index	raw	render	249	1458
sample	prose_heavy	dict-index	raw	render	250	3417
sample	prose_heavy	dict-index	raw	render	251	1792
sample	prose_heavy	dict-index	raw	render	252	1583
sample	prose_heavy	dict-index	raw	render	253	1709
sample	prose_heavy	dict-index	raw	render	254	8583
sample	prose_heavy	dict-index	raw	render	255	4500
sample	prose_heavy	dict-index	raw	render	256	3041
sample	prose_heavy	dict-index	raw	render	257	2166
sample	prose_heavy	dict-index	raw	render	258	2000
sample	prose_heavy	dict-index	raw	render	259	1833
sample	prose_heavy	dict-index	raw	render	260	1458
sample	prose_heavy	dict-index	raw	render	261	6917
sample	prose_heavy	dict-index	raw	render	262	3375
sample	prose_heavy	dict-index	raw	render	263	2250
sample	prose_heavy	dict-index	raw	render	264	2000
sample	prose_heavy	dict-index	raw	render	265	1542
sample	prose_heavy	dict-index	raw	render	266	1583
sample	prose_heavy	dict-index	raw	render	267	1500
sample	prose_heavy	dict-index	raw	render	268	1709
sample	prose_heavy	dict-index	raw	render	269	1833
sample	prose_heavy	dict-index	raw	render	270	1500
sample	prose_heavy	dict-index	raw	render	271	1459
sample	prose_heavy	dict-index	raw	render	272	4625
sample	prose_heavy	dict-index	raw	render	273	3791
sample	prose_heavy	dict-index	raw	render	274	1625
sample	prose_heavy	dict-index	raw	render	275	1917
sample	prose_heavy	dict-index	raw	render	276	11917
sample	prose_heavy	dict-index	raw	render	277	6125
sample	prose_heavy	dict-index	raw	render	278	6666
sample	prose_heavy	dict-index	raw	render	279	2250
sample	prose_heavy	dict-index	raw	render	280	1500
sample	prose_heavy	dict-index	raw	render	281	10708
sample	prose_heavy	dict-index	raw	render	282	7958
sample	prose_heavy	dict-index	raw	render	283	4709
sample	prose_heavy	dict-index	raw	render	284	17209
sample	prose_heavy	dict-index	raw	render	285	5667
sample	prose_heavy	dict-index	raw	render	286	2791
sample	prose_heavy	dict-index	raw	render	287	3917
sample	prose_heavy	dict-index	raw	render	288	3125
sample	prose_heavy	dict-index	raw	render	289	5583
sample	prose_heavy	dict-index	raw	render	290	2291
sample	prose_heavy	dict-index	raw	render	291	13458
sample	prose_heavy	dict-index	raw	render	292	4542
sample	prose_heavy	dict-index	raw	render	293	2375
sample	prose_heavy	dict-index	raw	render	294	13750
sample	prose_heavy	dict-index	raw	render	295	3250
sample	prose_heavy	dict-index	raw	render	296	4458
sample	prose_heavy	dict-index	raw	render	297	2750
sample	prose_heavy	dict-index	raw	render	298	5666
sample	prose_heavy	dict-index	raw	render	299	2625
sample	prose_heavy	dict-index	raw	render	300	3125
sample	prose_heavy	dict-index	raw	render	301	6667
sample	prose_heavy	dict-index	raw	render	302	3208
sample	prose_heavy	dict-index	raw	render	303	2334
sample	prose_heavy	dict-index	raw	render	304	1667
sample	prose_heavy	dict-index	raw	render	305	8125
sample	prose_heavy	dict-index	raw	render	306	3125
sample	prose_heavy	dict-index	raw	render	307	12708
sample	prose_heavy	dict-index	raw	render	308	13041
sample	prose_heavy	dict-index	raw	render	309	14834
sample	prose_heavy	dict-index	raw	render	310	5709
sample	prose_heavy	dict-index	raw	render	311	3542
sample	prose_heavy	dict-index	raw	render	312	2250
sample	prose_heavy	dict-index	raw	render	313	3625
sample	prose_heavy	dict-index	raw	render	314	3417
sample	prose_heavy	dict-index	raw	render	315	1958
sample	prose_heavy	dict-index	raw	render	316	4167
sample	prose_heavy	dict-index	raw	render	317	2083
sample	prose_heavy	dict-index	raw	render	318	1625
sample	prose_heavy	dict-index	raw	render	319	1791
sample	prose_heavy	dict-index	raw	render	320	12583
sample	prose_heavy	dict-index	raw	render	321	14375
sample	prose_heavy	dict-index	raw	render	322	4542
sample	prose_heavy	dict-index	raw	render	323	2042
sample	prose_heavy	dict-index	raw	render	324	2083
sample	prose_heavy	dict-index	raw	render	325	9750
sample	prose_heavy	dict-index	raw	render	326	3167
sample	prose_heavy	dict-index	raw	render	327	8625
sample	prose_heavy	dict-index	raw	render	328	15166
sample	prose_heavy	dict-index	raw	render	329	5417
sample	prose_heavy	dict-index	raw	render	330	2916
sample	prose_heavy	dict-index	raw	render	331	19541
sample	prose_heavy	dict-index	raw	render	332	8416
sample	prose_heavy	dict-index	raw	render	333	4708
sample	prose_heavy	dict-index	raw	render	334	12375
sample	prose_heavy	dict-index	raw	render	335	4250
sample	prose_heavy	dict-index	raw	render	336	1959
sample	prose_heavy	dict-index	raw	render	337	1917
sample	prose_heavy	dict-index	raw	render	338	2458
sample	prose_heavy	dict-index	raw	render	339	1917
sample	prose_heavy	dict-index	raw	render	340	8791
sample	prose_heavy	dict-index	raw	render	341	9041
sample	prose_heavy	dict-index	raw	render	342	2250
sample	prose_heavy	dict-index	raw	render	343	62250
sample	prose_heavy	dict-index	raw	render	344	11750
sample	prose_heavy	dict-index	raw	render	345	11625
sample	prose_heavy	dict-index	raw	render	346	5666
sample	prose_heavy	dict-index	raw	render	347	2250
sample	prose_heavy	dict-index	raw	render	348	6584
sample	prose_heavy	dict-index	raw	render	349	3333
sample	prose_heavy	dict-index	raw	render	350	8791
sample	prose_heavy	dict-index	raw	render	351	4875
sample	prose_heavy	dict-index	raw	render	352	15917
sample	prose_heavy	dict-index	raw	render	353	12209
sample	prose_heavy	dict-index	raw	render	354	5583
sample	prose_heavy	dict-index	raw	render	355	3542
sample	prose_heavy	dict-index	raw	render	356	2375
sample	prose_heavy	dict-index	raw	render	357	1875
sample	prose_heavy	dict-index	raw	render	358	5666
sample	prose_heavy	dict-index	raw	render	359	3375
sample	prose_heavy	dict-index	raw	render	360	11375
sample	prose_heavy	dict-index	raw	render	361	5167
sample	prose_heavy	dict-index	raw	render	362	7875
sample	prose_heavy	dict-index	raw	render	363	2916
sample	prose_heavy	dict-index	raw	render	364	3375
sample	prose_heavy	dict-index	raw	render	365	16250
sample	prose_heavy	dict-index	raw	render	366	11083
sample	prose_heavy	dict-index	raw	render	367	10792
sample	prose_heavy	dict-index	raw	render	368	5042
sample	prose_heavy	dict-index	raw	render	369	1834
sample	prose_heavy	dict-index	raw	render	370	7459
sample	prose_heavy	dict-index	raw	render	371	4875
sample	prose_heavy	dict-index	raw	render	372	16833
sample	prose_heavy	dict-index	raw	render	373	5750
sample	prose_heavy	dict-index	raw	render	374	2000
sample	prose_heavy	dict-index	raw	render	375	9292
sample	prose_heavy	dict-index	raw	render	376	9292
sample	prose_heavy	dict-index	raw	render	377	7792
sample	prose_heavy	dict-index	raw	render	378	7417
sample	prose_heavy	dict-index	raw	render	379	3917
sample	prose_heavy	dict-index	raw	render	380	2250
sample	prose_heavy	dict-index	raw	render	381	1542
sample	prose_heavy	dict-index	raw	render	382	6000
sample	prose_heavy	dict-index	raw	render	383	2334
sample	prose_heavy	dict-index	raw	render	384	4792
sample	prose_heavy	dict-index	raw	render	385	9833
sample	prose_heavy	dict-index	raw	render	386	13458
sample	prose_heavy	dict-index	raw	render	387	4709
sample	prose_heavy	dict-index	raw	render	388	4083
sample	prose_heavy	dict-index	raw	render	389	2000
sample	prose_heavy	dict-index	raw	render	390	1708
sample	prose_heavy	dict-index	raw	render	391	4166
sample	prose_heavy	dict-index	raw	render	392	3000
sample	prose_heavy	dict-index	raw	render	393	2708
sample	prose_heavy	dict-index	raw	render	394	1500
sample	prose_heavy	dict-index	raw	render	395	2667
sample	prose_heavy	dict-index	raw	render	396	1833
sample	prose_heavy	dict-index	raw	render	397	1417
sample	prose_heavy	dict-index	raw	render	398	2750
sample	prose_heavy	dict-index	raw	render	399	20167
sample	prose_heavy	dict-index	raw	render	400	7083
sample	prose_heavy	dict-index	raw	render	401	4417
sample	prose_heavy	dict-index	raw	render	402	8334
sample	prose_heavy	dict-index	raw	render	403	9166
sample	prose_heavy	dict-index	raw	render	404	6958
sample	prose_heavy	dict-index	raw	render	405	2084
sample	prose_heavy	dict-index	raw	render	406	1834
sample	prose_heavy	dict-index	raw	render	407	1625
sample	prose_heavy	dict-index	raw	render	408	12417
sample	prose_heavy	dict-index	raw	render	409	6833
sample	prose_heavy	dict-index	raw	render	410	28917
sample	prose_heavy	dict-index	raw	render	411	15166
sample	prose_heavy	dict-index	raw	render	412	13042
sample	prose_heavy	dict-index	raw	render	413	6417
sample	prose_heavy	dict-index	raw	render	414	1959
sample	prose_heavy	dict-index	raw	render	415	1792
sample	prose_heavy	dict-index	raw	render	416	3167
sample	prose_heavy	dict-index	raw	render	417	8833
sample	prose_heavy	dict-index	raw	render	418	10167
sample	prose_heavy	dict-index	raw	render	419	3167
sample	prose_heavy	dict-index	raw	render	420	9458
sample	prose_heavy	dict-index	raw	render	421	3750
sample	prose_heavy	dict-index	raw	render	422	20417
sample	prose_heavy	dict-index	raw	render	423	4542
sample	prose_heavy	dict-index	raw	render	424	2000
sample	prose_heavy	dict-index	raw	render	425	1500
sample	prose_heavy	dict-index	raw	render	426	4125
sample	prose_heavy	dict-index	raw	render	427	6750
sample	prose_heavy	dict-index	raw	render	428	14708
sample	prose_heavy	dict-index	raw	render	429	8667
sample	prose_heavy	dict-index	raw	render	430	13667
sample	prose_heavy	dict-index	raw	render	431	6334
sample	prose_heavy	dict-index	raw	render	432	3167
sample	prose_heavy	dict-index	raw	render	433	2500
sample	prose_heavy	dict-index	raw	render	434	17833
sample	prose_heavy	dict-index	raw	render	435	13583
sample	prose_heavy	dict-index	raw	render	436	8042
sample	prose_heavy	dict-index	raw	render	437	2375
sample	prose_heavy	dict-index	raw	render	438	2125
sample	prose_heavy	dict-index	raw	render	439	1583
sample	prose_heavy	dict-index	raw	render	440	1417
sample	prose_heavy	dict-index	raw	render	441	17542
sample	prose_heavy	dict-index	raw	render	442	12042
sample	prose_heavy	dict-index	raw	render	443	6625
sample	prose_heavy	dict-index	raw	render	444	9750
sample	prose_heavy	dict-index	raw	render	445	4584
sample	prose_heavy	dict-index	raw	render	446	3542
sample	prose_heavy	dict-index	raw	render	447	9541
sample	prose_heavy	dict-index	raw	render	448	3333
sample	prose_heavy	dict-index	raw	render	449	2250
sample	prose_heavy	dict-index	raw	render	450	1792
sample	prose_heavy	dict-index	raw	render	451	1916
sample	prose_heavy	dict-index	raw	render	452	1625
sample	prose_heavy	dict-index	raw	render	453	1833
sample	prose_heavy	dict-index	raw	render	454	5333
sample	prose_heavy	dict-index	raw	render	455	7042
sample	prose_heavy	dict-index	raw	render	456	12000
sample	prose_heavy	dict-index	raw	render	457	5083
sample	prose_heavy	dict-index	raw	render	458	2042
sample	prose_heavy	dict-index	raw	render	459	9375
sample	prose_heavy	dict-index	raw	render	460	5084
sample	prose_heavy	dict-index	raw	render	461	7542
sample	prose_heavy	dict-index	raw	render	462	6958
sample	prose_heavy	dict-index	raw	render	463	5458
sample	prose_heavy	dict-index	raw	render	464	4166
sample	prose_heavy	dict-index	raw	render	465	9042
sample	prose_heavy	dict-index	raw	render	466	6208
sample	prose_heavy	dict-index	raw	render	467	4125
sample	prose_heavy	dict-index	raw	render	468	2875
sample	prose_heavy	dict-index	raw	render	469	3042
sample	prose_heavy	dict-index	raw	render	470	2792
sample	prose_heavy	dict-index	raw	render	471	7709
sample	prose_heavy	dict-index	raw	render	472	2917
sample	prose_heavy	dict-index	raw	render	473	11208
sample	prose_heavy	dict-index	raw	render	474	14083
sample	prose_heavy	dict-index	raw	render	475	9917
sample	prose_heavy	dict-index	raw	render	476	4708
sample	prose_heavy	dict-index	raw	render	477	9125
sample	prose_heavy	dict-index	raw	render	478	3208
sample	prose_heavy	dict-index	raw	render	479	3250
sample	prose_heavy	dict-index	raw	render	480	10333
sample	prose_heavy	dict-index	raw	render	481	4834
sample	prose_heavy	dict-index	raw	render	482	4792
sample	prose_heavy	dict-index	raw	render	483	4875
sample	prose_heavy	dict-index	raw	render	484	2000
sample	prose_heavy	dict-index	raw	render	485	5250
sample	prose_heavy	dict-index	raw	render	486	9125
sample	prose_heavy	dict-index	raw	render	487	4792
sample	prose_heavy	dict-index	raw	render	488	10625
sample	prose_heavy	dict-index	raw	render	489	10666
sample	prose_heavy	dict-index	raw	render	490	5459
sample	prose_heavy	dict-index	raw	render	491	7292
sample	prose_heavy	dict-index	raw	render	492	3166
sample	prose_heavy	dict-index	raw	render	493	8250
sample	prose_heavy	dict-index	raw	render	494	4083
sample	prose_heavy	dict-index	raw	render	495	3167
sample	prose_heavy	dict-index	raw	render	496	2416
sample	prose_heavy	dict-index	raw	render	497	2916
sample	prose_heavy	dict-index	raw	render	498	2875
sample	prose_heavy	dict-index	raw	render	499	2125
sample	prose_heavy	dict-index	raw	render	500	3291
sample	prose_heavy	dict-index	raw	render	501	10833
sample	prose_heavy	dict-index	raw	render	502	5875
sample	prose_heavy	dict-index	raw	render	503	2916
sample	prose_heavy	dict-index	raw	render	504	2292
sample	prose_heavy	dict-index	raw	render	505	6917
sample	prose_heavy	dict-index	raw	render	506	11792
sample	prose_heavy	dict-index	raw	render	507	5375
sample	prose_heavy	dict-index	raw	render	508	6167
sample	prose_heavy	dict-index	raw	render	509	4000
sample	prose_heavy	dict-index	raw	render	510	4042
sample	prose_heavy	dict-index	raw	render	511	3584
sample	prose_heavy	dict-index	raw	render	512	9166
sample	prose_heavy	dict-index	raw	render	513	4292
sample	prose_heavy	dict-index	raw	render	514	4709
sample	prose_heavy	dict-index	raw	render	515	5084
sample	prose_heavy	dict-index	raw	render	516	19167
sample	prose_heavy	dict-index	raw	render	517	11791
sample	prose_heavy	dict-index	raw	render	518	5292
sample	prose_heavy	dict-index	raw	render	519	13125
sample	prose_heavy	dict-index	raw	render	520	14958
sample	prose_heavy	dict-index	raw	render	521	22917
sample	prose_heavy	dict-index	raw	render	522	3791
sample	prose_heavy	dict-index	raw	render	523	4417
sample	prose_heavy	dict-index	raw	render	524	9000
sample	prose_heavy	dict-index	raw	render	525	3500
sample	prose_heavy	dict-index	raw	render	526	12625
sample	prose_heavy	dict-index	raw	render	527	12709
sample	prose_heavy	dict-index	raw	render	528	10375
sample	prose_heavy	dict-index	raw	render	529	3625
sample	prose_heavy	dict-index	raw	render	530	10417
sample	prose_heavy	dict-index	raw	render	531	3500
sample	prose_heavy	dict-index	raw	render	532	11458
sample	prose_heavy	dict-index	raw	render	533	7250
sample	prose_heavy	dict-index	raw	render	534	13084
sample	prose_heavy	dict-index	raw	render	535	11750
sample	prose_heavy	dict-index	raw	render	536	14084
sample	prose_heavy	dict-index	raw	render	537	56667
sample	prose_heavy	dict-index	raw	render	538	10542
sample	prose_heavy	dict-index	raw	render	539	3291
sample	prose_heavy	dict-index	raw	render	540	2417
sample	prose_heavy	dict-index	raw	render	541	8584
sample	prose_heavy	dict-index	raw	render	542	10125
sample	prose_heavy	dict-index	raw	render	543	5250
sample	prose_heavy	dict-index	raw	render	544	4584
sample	prose_heavy	dict-index	raw	render	545	2084
sample	prose_heavy	dict-index	raw	render	546	1708
sample	prose_heavy	dict-index	raw	render	547	2833
sample	prose_heavy	dict-index	raw	render	548	11042
sample	prose_heavy	dict-index	raw	render	549	11000
sample	prose_heavy	dict-index	raw	render	550	6125
sample	prose_heavy	dict-index	raw	render	551	9041
sample	prose_heavy	dict-index	raw	render	552	9583
sample	prose_heavy	dict-index	raw	render	553	8083
sample	prose_heavy	dict-index	raw	render	554	9500
sample	prose_heavy	dict-index	raw	render	555	12250
sample	prose_heavy	dict-index	raw	render	556	10542
sample	prose_heavy	dict-index	raw	render	557	4500
sample	prose_heavy	dict-index	raw	render	558	13375
sample	prose_heavy	dict-index	raw	render	559	5709
sample	prose_heavy	dict-index	raw	render	560	2375
sample	prose_heavy	dict-index	raw	render	561	5292
sample	prose_heavy	dict-index	raw	render	562	8916
sample	prose_heavy	dict-index	raw	render	563	4666
sample	prose_heavy	dict-index	raw	render	564	2291
sample	prose_heavy	dict-index	raw	render	565	2167
sample	prose_heavy	dict-index	raw	render	566	4459
sample	prose_heavy	dict-index	raw	render	567	2083
sample	prose_heavy	dict-index	raw	render	568	1583
sample	prose_heavy	dict-index	raw	render	569	1750
sample	prose_heavy	dict-index	raw	render	570	1542
sample	prose_heavy	dict-index	raw	render	571	1667
sample	prose_heavy	dict-index	raw	render	572	1708
sample	prose_heavy	dict-index	raw	render	573	15417
sample	prose_heavy	dict-index	raw	render	574	8833
sample	prose_heavy	dict-index	raw	render	575	2667
sample	prose_heavy	dict-index	raw	render	576	12625
sample	prose_heavy	dict-index	raw	render	577	11334
sample	prose_heavy	dict-index	raw	render	578	7834
sample	prose_heavy	dict-index	raw	render	579	9375
sample	prose_heavy	dict-index	raw	render	580	2750
sample	prose_heavy	dict-index	raw	render	581	14084
sample	prose_heavy	dict-index	raw	render	582	12083
sample	prose_heavy	dict-index	raw	render	583	13375
sample	prose_heavy	dict-index	raw	render	584	11250
sample	prose_heavy	dict-index	raw	render	585	9166
sample	prose_heavy	dict-index	raw	render	586	4041
sample	prose_heavy	dict-index	raw	render	587	5250
sample	prose_heavy	dict-index	raw	render	588	2333
sample	prose_heavy	dict-index	raw	render	589	7375
sample	prose_heavy	dict-index	raw	render	590	8042
sample	prose_heavy	dict-index	raw	render	591	8292
sample	prose_heavy	dict-index	raw	render	592	8542
sample	prose_heavy	dict-index	raw	render	593	8584
sample	prose_heavy	dict-index	raw	render	594	2833
sample	prose_heavy	dict-index	raw	render	595	3541
sample	prose_heavy	dict-index	raw	render	596	2166
sample	prose_heavy	dict-index	raw	render	597	1917
sample	prose_heavy	dict-index	raw	render	598	7208
sample	prose_heavy	dict-index	raw	render	599	9208
sample	prose_heavy	dict-index	raw	render	600	4792
sample	prose_heavy	dict-index	raw	render	601	2125
sample	prose_heavy	dict-index	raw	render	602	9791
sample	prose_heavy	dict-index	raw	render	603	3708
sample	prose_heavy	dict-index	raw	render	604	7417
sample	prose_heavy	dict-index	raw	render	605	4958
sample	prose_heavy	dict-index	raw	render	606	3166
sample	prose_heavy	dict-index	raw	render	607	1584
sample	prose_heavy	dict-index	raw	render	608	1875
sample	prose_heavy	dict-index	raw	render	609	9375
sample	prose_heavy	dict-index	raw	render	610	11042
sample	prose_heavy	dict-index	raw	render	611	2833
sample	prose_heavy	dict-index	raw	render	612	8542
sample	prose_heavy	dict-index	raw	render	613	8959
sample	prose_heavy	dict-index	raw	render	614	9916
sample	prose_heavy	dict-index	raw	render	615	2041
sample	prose_heavy	dict-index	raw	render	616	2000
sample	prose_heavy	dict-index	raw	render	617	1750
sample	prose_heavy	dict-index	raw	render	618	12042
sample	prose_heavy	dict-index	raw	render	619	5500
sample	prose_heavy	dict-index	raw	render	620	3250
sample	prose_heavy	dict-index	raw	render	621	5000
sample	prose_heavy	dict-index	raw	render	622	10333
sample	prose_heavy	dict-index	raw	render	623	6166
sample	prose_heavy	dict-index	raw	render	624	8834
sample	prose_heavy	dict-index	raw	render	625	4959
sample	prose_heavy	dict-index	raw	render	626	9208
sample	prose_heavy	dict-index	raw	render	627	11834
sample	prose_heavy	dict-index	raw	render	628	8500
sample	prose_heavy	dict-index	raw	render	629	17209
sample	prose_heavy	dict-index	raw	render	630	5375
sample	prose_heavy	dict-index	raw	render	631	2209
sample	prose_heavy	dict-index	raw	render	632	6208
sample	prose_heavy	dict-index	raw	render	633	8041
sample	prose_heavy	dict-index	raw	render	634	7042
sample	prose_heavy	dict-index	raw	render	635	5500
sample	prose_heavy	dict-index	raw	render	636	1875
sample	prose_heavy	dict-index	raw	render	637	3333
sample	prose_heavy	dict-index	raw	render	638	2666
sample	prose_heavy	dict-index	raw	render	639	1833
sample	prose_heavy	dict-index	raw	render	640	9042
sample	prose_heavy	dict-index	raw	render	641	12917
sample	prose_heavy	dict-index	raw	render	642	7833
sample	prose_heavy	dict-index	raw	render	643	4375
sample	prose_heavy	dict-index	raw	render	644	1625
sample	prose_heavy	dict-index	raw	render	645	3792
sample	prose_heavy	dict-index	raw	render	646	3833
sample	prose_heavy	dict-index	raw	render	647	2750
sample	prose_heavy	dict-index	raw	render	648	2000
sample	prose_heavy	dict-index	raw	render	649	1708
sample	prose_heavy	dict-index	raw	render	650	1375
sample	prose_heavy	dict-index	raw	render	651	1708
sample	prose_heavy	dict-index	raw	render	652	1667
sample	prose_heavy	dict-index	raw	render	653	1833
sample	prose_heavy	dict-index	raw	render	654	3833
sample	prose_heavy	dict-index	raw	render	655	2333
sample	prose_heavy	dict-index	raw	render	656	2084
sample	prose_heavy	dict-index	raw	render	657	2334
sample	prose_heavy	dict-index	raw	render	658	2375
sample	prose_heavy	dict-index	raw	render	659	1833
sample	prose_heavy	dict-index	raw	render	660	10666
sample	prose_heavy	dict-index	raw	render	661	6375
sample	prose_heavy	dict-index	raw	render	662	7292
sample	prose_heavy	dict-index	raw	render	663	2875
sample	prose_heavy	dict-index	raw	render	664	1541
sample	prose_heavy	dict-index	raw	render	665	1709
sample	prose_heavy	dict-index	raw	render	666	1500
sample	prose_heavy	dict-index	raw	render	667	1792
sample	prose_heavy	dict-index	raw	render	668	1750
sample	prose_heavy	dict-index	raw	render	669	1708
sample	prose_heavy	dict-index	raw	render	670	1541
sample	prose_heavy	dict-index	raw	render	671	2917
sample	prose_heavy	dict-index	raw	render	672	2250
sample	prose_heavy	dict-index	raw	render	673	2375
sample	prose_heavy	dict-index	raw	render	674	2208
sample	prose_heavy	dict-index	raw	render	675	1916
sample	prose_heavy	dict-index	raw	render	676	4125
sample	prose_heavy	dict-index	raw	render	677	33917
sample	prose_heavy	dict-index	raw	render	678	5166
sample	prose_heavy	dict-index	raw	render	679	7750
sample	prose_heavy	dict-index	raw	render	680	4917
sample	prose_heavy	dict-index	raw	render	681	9417
sample	prose_heavy	dict-index	raw	render	682	4792
sample	prose_heavy	dict-index	raw	render	683	2500
sample	prose_heavy	dict-index	raw	render	684	8708
sample	prose_heavy	dict-index	raw	render	685	7208
sample	prose_heavy	dict-index	raw	render	686	8000
sample	prose_heavy	dict-index	raw	render	687	3500
sample	prose_heavy	dict-index	raw	render	688	3000
sample	prose_heavy	dict-index	raw	render	689	9917
sample	prose_heavy	dict-index	raw	render	690	4709
sample	prose_heavy	dict-index	raw	render	691	11375
sample	prose_heavy	dict-index	raw	render	692	3792
sample	prose_heavy	dict-index	raw	render	693	8583
sample	prose_heavy	dict-index	raw	render	694	12542
sample	prose_heavy	dict-index	raw	render	695	8125
sample	prose_heavy	dict-index	raw	render	696	4375
sample	prose_heavy	dict-index	raw	render	697	7083
sample	prose_heavy	dict-index	raw	render	698	7833
sample	prose_heavy	dict-index	raw	render	699	2250
sample	prose_heavy	dict-index	raw	render	700	4666
sample	prose_heavy	dict-index	raw	render	701	4916
sample	prose_heavy	dict-index	raw	render	702	4666
sample	prose_heavy	dict-index	raw	render	703	2167
sample	prose_heavy	dict-index	raw	render	704	8041
sample	prose_heavy	dict-index	raw	render	705	8791
sample	prose_heavy	dict-index	raw	render	706	11792
sample	prose_heavy	dict-index	raw	render	707	34625
sample	prose_heavy	dict-index	raw	render	708	9875
sample	prose_heavy	dict-index	raw	render	709	8000
sample	prose_heavy	dict-index	raw	render	710	6958
sample	prose_heavy	dict-index	raw	render	711	6833
sample	prose_heavy	dict-index	raw	render	712	6041
sample	prose_heavy	dict-index	raw	render	713	2250
sample	prose_heavy	dict-index	raw	render	714	6291
sample	prose_heavy	dict-index	raw	render	715	4500
sample	prose_heavy	dict-index	raw	render	716	2125
sample	prose_heavy	dict-index	raw	render	717	1666
sample	prose_heavy	dict-index	raw	render	718	4000
sample	prose_heavy	dict-index	raw	render	719	6333
sample	prose_heavy	dict-index	raw	render	720	10334
sample	prose_heavy	dict-index	raw	render	721	10583
sample	prose_heavy	dict-index	raw	render	722	4042
sample	prose_heavy	dict-index	raw	render	723	3625
sample	prose_heavy	dict-index	raw	render	724	2125
sample	prose_heavy	dict-index	raw	render	725	3250
sample	prose_heavy	dict-index	raw	render	726	8417
sample	prose_heavy	dict-index	raw	render	727	3708
sample	prose_heavy	dict-index	raw	render	728	8666
sample	prose_heavy	dict-index	raw	render	729	15250
sample	prose_heavy	dict-index	raw	render	730	5250
sample	prose_heavy	dict-index	raw	render	731	3958
sample	prose_heavy	dict-index	raw	render	732	7541
sample	prose_heavy	dict-index	raw	render	733	6334
sample	prose_heavy	dict-index	raw	render	734	7208
sample	prose_heavy	dict-index	raw	render	735	5167
sample	prose_heavy	dict-index	raw	render	736	2541
sample	prose_heavy	dict-index	raw	render	737	1875
sample	prose_heavy	dict-index	raw	render	738	2542
sample	prose_heavy	dict-index	raw	render	739	2375
sample	prose_heavy	dict-index	raw	render	740	4292
sample	prose_heavy	dict-index	raw	render	741	8083
sample	prose_heavy	dict-index	raw	render	742	1750
sample	prose_heavy	dict-index	raw	render	743	6291
sample	prose_heavy	dict-index	raw	render	744	8541
sample	prose_heavy	dict-index	raw	render	745	9125
sample	prose_heavy	dict-index	raw	render	746	4458
sample	prose_heavy	dict-index	raw	render	747	10208
sample	prose_heavy	dict-index	raw	render	748	4917
sample	prose_heavy	dict-index	raw	render	749	4333
sample	prose_heavy	dict-index	raw	render	750	6542
sample	prose_heavy	dict-index	raw	render	751	4000
sample	prose_heavy	dict-index	raw	render	752	2042
sample	prose_heavy	dict-index	raw	render	753	1708
sample	prose_heavy	dict-index	raw	render	754	1708
sample	prose_heavy	dict-index	raw	render	755	5834
sample	prose_heavy	dict-index	raw	render	756	11167
sample	prose_heavy	dict-index	raw	render	757	6416
sample	prose_heavy	dict-index	raw	render	758	5500
sample	prose_heavy	dict-index	raw	render	759	4917
sample	prose_heavy	dict-index	raw	render	760	1625
sample	prose_heavy	dict-index	raw	render	761	2042
sample	prose_heavy	dict-index	raw	render	762	2083
sample	prose_heavy	dict-index	raw	render	763	1500
sample	prose_heavy	dict-index	raw	render	764	10792
sample	prose_heavy	dict-index	raw	render	765	8959
sample	prose_heavy	dict-index	raw	render	766	8041
sample	prose_heavy	dict-index	raw	render	767	2708
sample	prose_heavy	dict-index	raw	render	768	3875
sample	prose_heavy	dict-index	raw	render	769	37791
sample	prose_heavy	dict-index	raw	render	770	5750
sample	prose_heavy	dict-index	raw	render	771	3750
sample	prose_heavy	dict-index	raw	render	772	4959
sample	prose_heavy	dict-index	raw	render	773	5125
sample	prose_heavy	dict-index	raw	render	774	4917
sample	prose_heavy	dict-index	raw	render	775	3375
sample	prose_heavy	dict-index	raw	render	776	8667
sample	prose_heavy	dict-index	raw	render	777	9583
sample	prose_heavy	dict-index	raw	render	778	8875
sample	prose_heavy	dict-index	raw	render	779	4833
sample	prose_heavy	dict-index	raw	render	780	19500
sample	prose_heavy	dict-index	raw	render	781	3541
sample	prose_heavy	dict-index	raw	render	782	13209
sample	prose_heavy	dict-index	raw	render	783	6500
sample	prose_heavy	dict-index	raw	render	784	5250
sample	prose_heavy	dict-index	raw	render	785	2500
sample	prose_heavy	dict-index	raw	render	786	1791
sample	prose_heavy	dict-index	raw	render	787	9667
sample	prose_heavy	dict-index	raw	render	788	9000
sample	prose_heavy	dict-index	raw	render	789	4584
sample	prose_heavy	dict-index	raw	render	790	8833
sample	prose_heavy	dict-index	raw	render	791	4708
sample	prose_heavy	dict-index	raw	render	792	6708
sample	prose_heavy	dict-index	raw	render	793	8833
sample	prose_heavy	dict-index	raw	render	794	4750
sample	prose_heavy	dict-index	raw	render	795	3166
sample	prose_heavy	dict-index	raw	render	796	9292
sample	prose_heavy	dict-index	raw	render	797	9541
sample	prose_heavy	dict-index	raw	render	798	2959
sample	prose_heavy	dict-index	raw	render	799	6875
sample	prose_heavy	dict-index	raw	render	800	4792
sample	prose_heavy	dict-index	raw	render	801	3334
sample	prose_heavy	dict-index	raw	render	802	8333
sample	prose_heavy	dict-index	raw	render	803	9250
sample	prose_heavy	dict-index	raw	render	804	5667
sample	prose_heavy	dict-index	raw	render	805	9875
sample	prose_heavy	dict-index	raw	render	806	4167
sample	prose_heavy	dict-index	raw	render	807	12583
sample	prose_heavy	dict-index	raw	render	808	7917
sample	prose_heavy	dict-index	raw	render	809	4084
sample	prose_heavy	dict-index	raw	render	810	4125
sample	prose_heavy	dict-index	raw	render	811	2125
sample	prose_heavy	dict-index	raw	render	812	1583
sample	prose_heavy	dict-index	raw	render	813	9375
sample	prose_heavy	dict-index	raw	render	814	6792
sample	prose_heavy	dict-index	raw	render	815	6792
sample	prose_heavy	dict-index	raw	render	816	3083
sample	prose_heavy	dict-index	raw	render	817	3500
sample	prose_heavy	dict-index	raw	render	818	6625
sample	prose_heavy	dict-index	raw	render	819	5709
sample	prose_heavy	dict-index	raw	render	820	3250
sample	prose_heavy	dict-index	raw	render	821	2084
sample	prose_heavy	dict-index	raw	render	822	2000
sample	prose_heavy	dict-index	raw	render	823	1333
sample	prose_heavy	dict-index	raw	render	824	2166
sample	prose_heavy	dict-index	raw	render	825	9125
sample	prose_heavy	dict-index	raw	render	826	15208
sample	prose_heavy	dict-index	raw	render	827	4375
sample	prose_heavy	dict-index	raw	render	828	2958
sample	prose_heavy	dict-index	raw	render	829	12208
sample	prose_heavy	dict-index	raw	render	830	9458
sample	prose_heavy	dict-index	raw	render	831	11625
sample	prose_heavy	dict-index	raw	render	832	7417
sample	prose_heavy	dict-index	raw	render	833	2541
sample	prose_heavy	dict-index	raw	render	834	9000
sample	prose_heavy	dict-index	raw	render	835	5125
sample	prose_heavy	dict-index	raw	render	836	2500
sample	prose_heavy	dict-index	raw	render	837	2333
sample	prose_heavy	dict-index	raw	render	838	1791
sample	prose_heavy	dict-index	raw	render	839	1500
sample	prose_heavy	dict-index	raw	render	840	12833
sample	prose_heavy	dict-index	raw	render	841	23958
sample	prose_heavy	dict-index	raw	render	842	6042
sample	prose_heavy	dict-index	raw	render	843	9167
sample	prose_heavy	dict-index	raw	render	844	9250
sample	prose_heavy	dict-index	raw	render	845	5208
sample	prose_heavy	dict-index	raw	render	846	2459
sample	prose_heavy	dict-index	raw	render	847	4250
sample	prose_heavy	dict-index	raw	render	848	4125
sample	prose_heavy	dict-index	raw	render	849	7834
sample	prose_heavy	dict-index	raw	render	850	12333
sample	prose_heavy	dict-index	raw	render	851	6166
sample	prose_heavy	dict-index	raw	render	852	107791
sample	prose_heavy	dict-index	raw	render	853	8291
sample	prose_heavy	dict-index	raw	render	854	4542
sample	prose_heavy	dict-index	raw	render	855	2209
sample	prose_heavy	dict-index	raw	render	856	11583
sample	prose_heavy	dict-index	raw	render	857	3167
sample	prose_heavy	dict-index	raw	render	858	10417
sample	prose_heavy	dict-index	raw	render	859	7333
sample	prose_heavy	dict-index	raw	render	860	5666
sample	prose_heavy	dict-index	raw	render	861	7625
sample	prose_heavy	dict-index	raw	render	862	7375
sample	prose_heavy	dict-index	raw	render	863	13208
sample	prose_heavy	dict-index	raw	render	864	10417
sample	prose_heavy	dict-index	raw	render	865	3875
sample	prose_heavy	dict-index	raw	render	866	13791
sample	prose_heavy	dict-index	raw	render	867	11917
sample	prose_heavy	dict-index	raw	render	868	12625
sample	prose_heavy	dict-index	raw	render	869	3417
sample	prose_heavy	dict-index	raw	render	870	2833
sample	prose_heavy	dict-index	raw	render	871	10250
sample	prose_heavy	dict-index	raw	render	872	7958
sample	prose_heavy	dict-index	raw	render	873	8958
sample	prose_heavy	dict-index	raw	render	874	4459
sample	prose_heavy	dict-index	raw	render	875	6000
sample	prose_heavy	dict-index	raw	render	876	6416
sample	prose_heavy	dict-index	raw	render	877	9458
sample	prose_heavy	dict-index	raw	render	878	11750
sample	prose_heavy	dict-index	raw	render	879	9167
sample	prose_heavy	dict-index	raw	render	880	9333
sample	prose_heavy	dict-index	raw	render	881	3833
sample	prose_heavy	dict-index	raw	render	882	8541
sample	prose_heavy	dict-index	raw	render	883	4958
sample	prose_heavy	dict-index	raw	render	884	4917
sample	prose_heavy	dict-index	raw	render	885	1958
sample	prose_heavy	dict-index	raw	render	886	1917
sample	prose_heavy	dict-index	raw	render	887	84042
sample	prose_heavy	dict-index	raw	render	888	5042
sample	prose_heavy	dict-index	raw	render	889	7625
sample	prose_heavy	dict-index	raw	render	890	7333
sample	prose_heavy	dict-index	raw	render	891	2000
sample	prose_heavy	dict-index	raw	render	892	1792
sample	prose_heavy	dict-index	raw	render	893	2167
sample	prose_heavy	dict-index	raw	render	894	17333
sample	prose_heavy	dict-index	raw	render	895	7417
sample	prose_heavy	dict-index	raw	render	896	1917
sample	prose_heavy	dict-index	raw	render	897	8917
sample	prose_heavy	dict-index	raw	render	898	5583
sample	prose_heavy	dict-index	raw	render	899	6875
sample	prose_heavy	dict-index	raw	render	900	4792
sample	prose_heavy	dict-index	raw	render	901	8250
sample	prose_heavy	dict-index	raw	render	902	3333
sample	prose_heavy	dict-index	raw	render	903	3750
sample	prose_heavy	dict-index	raw	render	904	10083
sample	prose_heavy	dict-index	raw	render	905	5166
sample	prose_heavy	dict-index	raw	render	906	9709
sample	prose_heavy	dict-index	raw	render	907	9167
sample	prose_heavy	dict-index	raw	render	908	4416
sample	prose_heavy	dict-index	raw	render	909	11916
sample	prose_heavy	dict-index	raw	render	910	3792
sample	prose_heavy	dict-index	raw	render	911	9500
sample	prose_heavy	dict-index	raw	render	912	7042
sample	prose_heavy	dict-index	raw	render	913	7208
sample	prose_heavy	dict-index	raw	render	914	9750
sample	prose_heavy	dict-index	raw	render	915	4625
sample	prose_heavy	dict-index	raw	render	916	2625
sample	prose_heavy	dict-index	raw	render	917	1708
sample	prose_heavy	dict-index	raw	render	918	2042
sample	prose_heavy	dict-index	raw	render	919	4417
sample	prose_heavy	dict-index	raw	render	920	5000
sample	prose_heavy	dict-index	raw	render	921	8584
sample	prose_heavy	dict-index	raw	render	922	7750
sample	prose_heavy	dict-index	raw	render	923	2250
sample	prose_heavy	dict-index	raw	render	924	2333
sample	prose_heavy	dict-index	raw	render	925	5416
sample	prose_heavy	dict-index	raw	render	926	9500
sample	prose_heavy	dict-index	raw	render	927	3125
sample	prose_heavy	dict-index	raw	render	928	1667
sample	prose_heavy	dict-index	raw	render	929	1458
sample	prose_heavy	dict-index	raw	render	930	10750
sample	prose_heavy	dict-index	raw	render	931	5875
sample	prose_heavy	dict-index	raw	render	932	12041
sample	prose_heavy	dict-index	raw	render	933	5584
sample	prose_heavy	dict-index	raw	render	934	1791
sample	prose_heavy	dict-index	raw	render	935	6917
sample	prose_heavy	dict-index	raw	render	936	1875
sample	prose_heavy	dict-index	raw	render	937	3667
sample	prose_heavy	dict-index	raw	render	938	2167
sample	prose_heavy	dict-index	raw	render	939	1750
sample	prose_heavy	dict-index	raw	render	940	11417
sample	prose_heavy	dict-index	raw	render	941	6167
sample	prose_heavy	dict-index	raw	render	942	6709
sample	prose_heavy	dict-index	raw	render	943	10333
sample	prose_heavy	dict-index	raw	render	944	11875
sample	prose_heavy	dict-index	raw	render	945	9916
sample	prose_heavy	dict-index	raw	render	946	5958
sample	prose_heavy	dict-index	raw	render	947	2042
sample	prose_heavy	dict-index	raw	render	948	2292
sample	prose_heavy	dict-index	raw	render	949	1333
sample	prose_heavy	dict-index	raw	render	950	11125
sample	prose_heavy	dict-index	raw	render	951	8458
sample	prose_heavy	dict-index	raw	render	952	3750
sample	prose_heavy	dict-index	raw	render	953	1958
sample	prose_heavy	dict-index	raw	render	954	1875
sample	prose_heavy	dict-index	raw	render	955	13000
sample	prose_heavy	dict-index	raw	render	956	7334
sample	prose_heavy	dict-index	raw	render	957	2083
sample	prose_heavy	dict-index	raw	render	958	1584
sample	prose_heavy	dict-index	raw	render	959	1583
sample	prose_heavy	dict-index	raw	render	960	2666
sample	prose_heavy	dict-index	raw	render	961	11208
sample	prose_heavy	dict-index	raw	render	962	10792
sample	prose_heavy	dict-index	raw	render	963	8083
sample	prose_heavy	dict-index	raw	render	964	2958
sample	prose_heavy	dict-index	raw	render	965	10834
sample	prose_heavy	dict-index	raw	render	966	5083
sample	prose_heavy	dict-index	raw	render	967	3459
sample	prose_heavy	dict-index	raw	render	968	2333
sample	prose_heavy	dict-index	raw	render	969	3042
sample	prose_heavy	dict-index	raw	render	970	1875
sample	prose_heavy	dict-index	raw	render	971	7166
sample	prose_heavy	dict-index	raw	render	972	9084
sample	prose_heavy	dict-index	raw	render	973	10875
sample	prose_heavy	dict-index	raw	render	974	14667
sample	prose_heavy	dict-index	raw	render	975	4917
sample	prose_heavy	dict-index	raw	render	976	5125
sample	prose_heavy	dict-index	raw	render	977	3333
sample	prose_heavy	dict-index	raw	render	978	5750
sample	prose_heavy	dict-index	raw	render	979	3084
sample	prose_heavy	dict-index	raw	render	980	2292
sample	prose_heavy	dict-index	raw	render	981	2000
sample	prose_heavy	dict-index	raw	render	982	1584
sample	prose_heavy	dict-index	raw	render	983	1541
sample	prose_heavy	dict-index	raw	render	984	36667
sample	prose_heavy	dict-index	raw	render	985	12625
sample	prose_heavy	dict-index	raw	render	986	10583
sample	prose_heavy	dict-index	raw	render	987	14458
sample	prose_heavy	dict-index	raw	render	988	8958
sample	prose_heavy	dict-index	raw	render	989	2208
sample	prose_heavy	dict-index	raw	render	990	1625
sample	prose_heavy	dict-index	raw	render	991	2959
sample	prose_heavy	dict-index	raw	render	992	10167
sample	prose_heavy	dict-index	raw	render	993	4166
sample	prose_heavy	dict-index	raw	render	994	2000
sample	prose_heavy	dict-index	raw	render	995	1750
sample	prose_heavy	dict-index	raw	render	996	13666
sample	prose_heavy	dict-index	raw	render	997	11417
sample	prose_heavy	dict-index	raw	render	998	9167
sample	prose_heavy	dict-index	raw	render	999	3042
result	prose_heavy	dict-index	raw	exact.p50_ns	833
result	prose_heavy	dict-index	raw	exact.p95_ns	4333
result	prose_heavy	dict-index	raw	exact.p99_ns	10875
result	prose_heavy	dict-index	raw	prefix.p50_ns	130500
result	prose_heavy	dict-index	raw	prefix.p95_ns	447458
result	prose_heavy	dict-index	raw	prefix.p99_ns	1414042
result	prose_heavy	dict-index	raw	render.p50_ns	4875
result	prose_heavy	dict-index	raw	render.p95_ns	14084
result	prose_heavy	dict-index	raw	render.p99_ns	33917
result	prose_heavy	dict-index	raw	exact.hit.p50_ns	1041
result	prose_heavy	dict-index	raw	exact.hit.p95_ns	4667
result	prose_heavy	dict-index	raw	exact.hit.p99_ns	10875
result	prose_heavy	dict-index	raw	exact.miss.p50_ns	459
result	prose_heavy	dict-index	raw	exact.miss.p95_ns	4000
result	prose_heavy	dict-index	raw	exact.miss.p99_ns	10875
result	prose_heavy	dict-index	raw	prefix.zero.p50_ns	7125
result	prose_heavy	dict-index	raw	prefix.zero.p95_ns	20375
result	prose_heavy	dict-index	raw	prefix.zero.p99_ns	62125
result	prose_heavy	dict-index	raw	prefix.one.p50_ns	9208
result	prose_heavy	dict-index	raw	prefix.one.p95_ns	25667
result	prose_heavy	dict-index	raw	prefix.one.p99_ns	31459
result	prose_heavy	dict-index	raw	prefix.many.p50_ns	152334
result	prose_heavy	dict-index	raw	prefix.many.p95_ns	708959
result	prose_heavy	dict-index	raw	prefix.many.p99_ns	1528875
result	prose_heavy	dict-index	raw	prefix.pathological.p50_ns	-
result	prose_heavy	dict-index	raw	prefix.pathological.p95_ns	-
result	prose_heavy	dict-index	raw	prefix.pathological.p99_ns	-
result	prose_heavy	dict-index	dictzip	artifact_bytes	141199
result	prose_heavy	dict-index	dictzip	build_ns	50974041
sample	prose_heavy	dict-index	dictzip	open	0	2029166
sample	prose_heavy	dict-index	dictzip	open	1	655042
sample	prose_heavy	dict-index	dictzip	open	2	697916
sample	prose_heavy	dict-index	dictzip	open	3	613500
sample	prose_heavy	dict-index	dictzip	open	4	608750
sample	prose_heavy	dict-index	dictzip	open	5	568334
sample	prose_heavy	dict-index	dictzip	open	6	736750
sample	prose_heavy	dict-index	dictzip	open	7	614917
sample	prose_heavy	dict-index	dictzip	open	8	672833
sample	prose_heavy	dict-index	dictzip	open	9	624125
sample	prose_heavy	dict-index	dictzip	open	10	1778792
sample	prose_heavy	dict-index	dictzip	open	11	778292
sample	prose_heavy	dict-index	dictzip	open	12	571375
sample	prose_heavy	dict-index	dictzip	open	13	558750
sample	prose_heavy	dict-index	dictzip	open	14	537959
sample	prose_heavy	dict-index	dictzip	open	15	646416
sample	prose_heavy	dict-index	dictzip	open	16	1900292
sample	prose_heavy	dict-index	dictzip	open	17	970916
sample	prose_heavy	dict-index	dictzip	open	18	869458
sample	prose_heavy	dict-index	dictzip	open	19	1574750
sample	prose_heavy	dict-index	dictzip	open	20	655541
sample	prose_heavy	dict-index	dictzip	open	21	1877167
sample	prose_heavy	dict-index	dictzip	open	22	585500
sample	prose_heavy	dict-index	dictzip	open	23	548791
sample	prose_heavy	dict-index	dictzip	open	24	690375
result	prose_heavy	dict-index	dictzip	open_ns	655541
result	prose_heavy	dict-index	dictzip	semantic_digest	11367502346538253063
result	prose_heavy	dict-index	dictzip	query_checksum	4133005253181784452
result	prose_heavy	dict-index	dictzip	outputs	1024875
result	prose_heavy	dict-index	dictzip	logical_prose_bytes	10498986
sample	prose_heavy	dict-index	dictzip	exact	0	16125
sample	prose_heavy	dict-index	dictzip	exact	1	8875
sample	prose_heavy	dict-index	dictzip	exact	2	4334
sample	prose_heavy	dict-index	dictzip	exact	3	3792
sample	prose_heavy	dict-index	dictzip	exact	4	2959
sample	prose_heavy	dict-index	dictzip	exact	5	500
sample	prose_heavy	dict-index	dictzip	exact	6	1750
sample	prose_heavy	dict-index	dictzip	exact	7	1167
sample	prose_heavy	dict-index	dictzip	exact	8	1417
sample	prose_heavy	dict-index	dictzip	exact	9	458
sample	prose_heavy	dict-index	dictzip	exact	10	1292
sample	prose_heavy	dict-index	dictzip	exact	11	500
sample	prose_heavy	dict-index	dictzip	exact	12	917
sample	prose_heavy	dict-index	dictzip	exact	13	459
sample	prose_heavy	dict-index	dictzip	exact	14	958
sample	prose_heavy	dict-index	dictzip	exact	15	750
sample	prose_heavy	dict-index	dictzip	exact	16	958
sample	prose_heavy	dict-index	dictzip	exact	17	417
sample	prose_heavy	dict-index	dictzip	exact	18	1625
sample	prose_heavy	dict-index	dictzip	exact	19	500
sample	prose_heavy	dict-index	dictzip	exact	20	1334
sample	prose_heavy	dict-index	dictzip	exact	21	16250
sample	prose_heavy	dict-index	dictzip	exact	22	3250
sample	prose_heavy	dict-index	dictzip	exact	23	2917
sample	prose_heavy	dict-index	dictzip	exact	24	1958
sample	prose_heavy	dict-index	dictzip	exact	25	2708
sample	prose_heavy	dict-index	dictzip	exact	26	6750
sample	prose_heavy	dict-index	dictzip	exact	27	2416
sample	prose_heavy	dict-index	dictzip	exact	28	2167
sample	prose_heavy	dict-index	dictzip	exact	29	542
sample	prose_heavy	dict-index	dictzip	exact	30	1041
sample	prose_heavy	dict-index	dictzip	exact	31	833
sample	prose_heavy	dict-index	dictzip	exact	32	1084
sample	prose_heavy	dict-index	dictzip	exact	33	792
sample	prose_heavy	dict-index	dictzip	exact	34	917
sample	prose_heavy	dict-index	dictzip	exact	35	542
sample	prose_heavy	dict-index	dictzip	exact	36	834
sample	prose_heavy	dict-index	dictzip	exact	37	500
sample	prose_heavy	dict-index	dictzip	exact	38	791
sample	prose_heavy	dict-index	dictzip	exact	39	750
sample	prose_heavy	dict-index	dictzip	exact	40	1000
sample	prose_heavy	dict-index	dictzip	exact	41	417
sample	prose_heavy	dict-index	dictzip	exact	42	1000
sample	prose_heavy	dict-index	dictzip	exact	43	500
sample	prose_heavy	dict-index	dictzip	exact	44	958
sample	prose_heavy	dict-index	dictzip	exact	45	459
sample	prose_heavy	dict-index	dictzip	exact	46	958
sample	prose_heavy	dict-index	dictzip	exact	47	584
sample	prose_heavy	dict-index	dictzip	exact	48	1000
sample	prose_heavy	dict-index	dictzip	exact	49	375
sample	prose_heavy	dict-index	dictzip	exact	50	917
sample	prose_heavy	dict-index	dictzip	exact	51	458
sample	prose_heavy	dict-index	dictzip	exact	52	1333
sample	prose_heavy	dict-index	dictzip	exact	53	500
sample	prose_heavy	dict-index	dictzip	exact	54	1000
sample	prose_heavy	dict-index	dictzip	exact	55	625
sample	prose_heavy	dict-index	dictzip	exact	56	916
sample	prose_heavy	dict-index	dictzip	exact	57	417
sample	prose_heavy	dict-index	dictzip	exact	58	2542
sample	prose_heavy	dict-index	dictzip	exact	59	458
sample	prose_heavy	dict-index	dictzip	exact	60	709
sample	prose_heavy	dict-index	dictzip	exact	61	625
sample	prose_heavy	dict-index	dictzip	exact	62	666
sample	prose_heavy	dict-index	dictzip	exact	63	583
sample	prose_heavy	dict-index	dictzip	exact	64	916
sample	prose_heavy	dict-index	dictzip	exact	65	375
sample	prose_heavy	dict-index	dictzip	exact	66	750
sample	prose_heavy	dict-index	dictzip	exact	67	458
sample	prose_heavy	dict-index	dictzip	exact	68	625
sample	prose_heavy	dict-index	dictzip	exact	69	417
sample	prose_heavy	dict-index	dictzip	exact	70	667
sample	prose_heavy	dict-index	dictzip	exact	71	584
sample	prose_heavy	dict-index	dictzip	exact	72	1042
sample	prose_heavy	dict-index	dictzip	exact	73	417
sample	prose_heavy	dict-index	dictzip	exact	74	2417
sample	prose_heavy	dict-index	dictzip	exact	75	9750
sample	prose_heavy	dict-index	dictzip	exact	76	3625
sample	prose_heavy	dict-index	dictzip	exact	77	958
sample	prose_heavy	dict-index	dictzip	exact	78	1292
sample	prose_heavy	dict-index	dictzip	exact	79	958
sample	prose_heavy	dict-index	dictzip	exact	80	1666
sample	prose_heavy	dict-index	dictzip	exact	81	667
sample	prose_heavy	dict-index	dictzip	exact	82	1125
sample	prose_heavy	dict-index	dictzip	exact	83	583
sample	prose_heavy	dict-index	dictzip	exact	84	1667
sample	prose_heavy	dict-index	dictzip	exact	85	500
sample	prose_heavy	dict-index	dictzip	exact	86	1084
sample	prose_heavy	dict-index	dictzip	exact	87	750
sample	prose_heavy	dict-index	dictzip	exact	88	1083
sample	prose_heavy	dict-index	dictzip	exact	89	416
sample	prose_heavy	dict-index	dictzip	exact	90	875
sample	prose_heavy	dict-index	dictzip	exact	91	541
sample	prose_heavy	dict-index	dictzip	exact	92	1125
sample	prose_heavy	dict-index	dictzip	exact	93	500
sample	prose_heavy	dict-index	dictzip	exact	94	1209
sample	prose_heavy	dict-index	dictzip	exact	95	625
sample	prose_heavy	dict-index	dictzip	exact	96	1166
sample	prose_heavy	dict-index	dictzip	exact	97	416
sample	prose_heavy	dict-index	dictzip	exact	98	1250
sample	prose_heavy	dict-index	dictzip	exact	99	459
sample	prose_heavy	dict-index	dictzip	exact	100	1208
sample	prose_heavy	dict-index	dictzip	exact	101	500
sample	prose_heavy	dict-index	dictzip	exact	102	1250
sample	prose_heavy	dict-index	dictzip	exact	103	584
sample	prose_heavy	dict-index	dictzip	exact	104	1042
sample	prose_heavy	dict-index	dictzip	exact	105	375
sample	prose_heavy	dict-index	dictzip	exact	106	792
sample	prose_heavy	dict-index	dictzip	exact	107	417
sample	prose_heavy	dict-index	dictzip	exact	108	666
sample	prose_heavy	dict-index	dictzip	exact	109	458
sample	prose_heavy	dict-index	dictzip	exact	110	792
sample	prose_heavy	dict-index	dictzip	exact	111	667
sample	prose_heavy	dict-index	dictzip	exact	112	875
sample	prose_heavy	dict-index	dictzip	exact	113	417
sample	prose_heavy	dict-index	dictzip	exact	114	708
sample	prose_heavy	dict-index	dictzip	exact	115	500
sample	prose_heavy	dict-index	dictzip	exact	116	750
sample	prose_heavy	dict-index	dictzip	exact	117	416
sample	prose_heavy	dict-index	dictzip	exact	118	666
sample	prose_heavy	dict-index	dictzip	exact	119	625
sample	prose_heavy	dict-index	dictzip	exact	120	584
sample	prose_heavy	dict-index	dictzip	exact	121	416
sample	prose_heavy	dict-index	dictzip	exact	122	750
sample	prose_heavy	dict-index	dictzip	exact	123	500
sample	prose_heavy	dict-index	dictzip	exact	124	709
sample	prose_heavy	dict-index	dictzip	exact	125	416
sample	prose_heavy	dict-index	dictzip	exact	126	833
sample	prose_heavy	dict-index	dictzip	exact	127	625
sample	prose_heavy	dict-index	dictzip	exact	128	708
sample	prose_heavy	dict-index	dictzip	exact	129	417
sample	prose_heavy	dict-index	dictzip	exact	130	792
sample	prose_heavy	dict-index	dictzip	exact	131	459
sample	prose_heavy	dict-index	dictzip	exact	132	875
sample	prose_heavy	dict-index	dictzip	exact	133	417
sample	prose_heavy	dict-index	dictzip	exact	134	625
sample	prose_heavy	dict-index	dictzip	exact	135	625
sample	prose_heavy	dict-index	dictzip	exact	136	709
sample	prose_heavy	dict-index	dictzip	exact	137	375
sample	prose_heavy	dict-index	dictzip	exact	138	625
sample	prose_heavy	dict-index	dictzip	exact	139	459
sample	prose_heavy	dict-index	dictzip	exact	140	750
sample	prose_heavy	dict-index	dictzip	exact	141	458
sample	prose_heavy	dict-index	dictzip	exact	142	625
sample	prose_heavy	dict-index	dictzip	exact	143	1500
sample	prose_heavy	dict-index	dictzip	exact	144	1250
sample	prose_heavy	dict-index	dictzip	exact	145	375
sample	prose_heavy	dict-index	dictzip	exact	146	667
sample	prose_heavy	dict-index	dictzip	exact	147	458
sample	prose_heavy	dict-index	dictzip	exact	148	625
sample	prose_heavy	dict-index	dictzip	exact	149	417
sample	prose_heavy	dict-index	dictzip	exact	150	792
sample	prose_heavy	dict-index	dictzip	exact	151	625
sample	prose_heavy	dict-index	dictzip	exact	152	5750
sample	prose_heavy	dict-index	dictzip	exact	153	1833
sample	prose_heavy	dict-index	dictzip	exact	154	1875
sample	prose_heavy	dict-index	dictzip	exact	155	14375
sample	prose_heavy	dict-index	dictzip	exact	156	1084
sample	prose_heavy	dict-index	dictzip	exact	157	459
sample	prose_heavy	dict-index	dictzip	exact	158	667
sample	prose_heavy	dict-index	dictzip	exact	159	625
sample	prose_heavy	dict-index	dictzip	exact	160	875
sample	prose_heavy	dict-index	dictzip	exact	161	458
sample	prose_heavy	dict-index	dictzip	exact	162	958
sample	prose_heavy	dict-index	dictzip	exact	163	417
sample	prose_heavy	dict-index	dictzip	exact	164	750
sample	prose_heavy	dict-index	dictzip	exact	165	459
sample	prose_heavy	dict-index	dictzip	exact	166	833
sample	prose_heavy	dict-index	dictzip	exact	167	583
sample	prose_heavy	dict-index	dictzip	exact	168	1041
sample	prose_heavy	dict-index	dictzip	exact	169	416
sample	prose_heavy	dict-index	dictzip	exact	170	1042
sample	prose_heavy	dict-index	dictzip	exact	171	500
sample	prose_heavy	dict-index	dictzip	exact	172	709
sample	prose_heavy	dict-index	dictzip	exact	173	458
sample	prose_heavy	dict-index	dictzip	exact	174	875
sample	prose_heavy	dict-index	dictzip	exact	175	542
sample	prose_heavy	dict-index	dictzip	exact	176	1458
sample	prose_heavy	dict-index	dictzip	exact	177	375
sample	prose_heavy	dict-index	dictzip	exact	178	792
sample	prose_heavy	dict-index	dictzip	exact	179	541
sample	prose_heavy	dict-index	dictzip	exact	180	708
sample	prose_heavy	dict-index	dictzip	exact	181	500
sample	prose_heavy	dict-index	dictzip	exact	182	834
sample	prose_heavy	dict-index	dictzip	exact	183	584
sample	prose_heavy	dict-index	dictzip	exact	184	833
sample	prose_heavy	dict-index	dictzip	exact	185	375
sample	prose_heavy	dict-index	dictzip	exact	186	625
sample	prose_heavy	dict-index	dictzip	exact	187	458
sample	prose_heavy	dict-index	dictzip	exact	188	708
sample	prose_heavy	dict-index	dictzip	exact	189	458
sample	prose_heavy	dict-index	dictzip	exact	190	708
sample	prose_heavy	dict-index	dictzip	exact	191	583
sample	prose_heavy	dict-index	dictzip	exact	192	875
sample	prose_heavy	dict-index	dictzip	exact	193	334
sample	prose_heavy	dict-index	dictzip	exact	194	708
sample	prose_heavy	dict-index	dictzip	exact	195	459
sample	prose_heavy	dict-index	dictzip	exact	196	625
sample	prose_heavy	dict-index	dictzip	exact	197	417
sample	prose_heavy	dict-index	dictzip	exact	198	875
sample	prose_heavy	dict-index	dictzip	exact	199	584
sample	prose_heavy	dict-index	dictzip	exact	200	791
sample	prose_heavy	dict-index	dictzip	exact	201	375
sample	prose_heavy	dict-index	dictzip	exact	202	625
sample	prose_heavy	dict-index	dictzip	exact	203	542
sample	prose_heavy	dict-index	dictzip	exact	204	750
sample	prose_heavy	dict-index	dictzip	exact	205	458
sample	prose_heavy	dict-index	dictzip	exact	206	625
sample	prose_heavy	dict-index	dictzip	exact	207	584
sample	prose_heavy	dict-index	dictzip	exact	208	1000
sample	prose_heavy	dict-index	dictzip	exact	209	459
sample	prose_heavy	dict-index	dictzip	exact	210	8250
sample	prose_heavy	dict-index	dictzip	exact	211	1125
sample	prose_heavy	dict-index	dictzip	exact	212	833
sample	prose_heavy	dict-index	dictzip	exact	213	417
sample	prose_heavy	dict-index	dictzip	exact	214	750
sample	prose_heavy	dict-index	dictzip	exact	215	625
sample	prose_heavy	dict-index	dictzip	exact	216	708
sample	prose_heavy	dict-index	dictzip	exact	217	500
sample	prose_heavy	dict-index	dictzip	exact	218	750
sample	prose_heavy	dict-index	dictzip	exact	219	458
sample	prose_heavy	dict-index	dictzip	exact	220	625
sample	prose_heavy	dict-index	dictzip	exact	221	417
sample	prose_heavy	dict-index	dictzip	exact	222	708
sample	prose_heavy	dict-index	dictzip	exact	223	625
sample	prose_heavy	dict-index	dictzip	exact	224	2542
sample	prose_heavy	dict-index	dictzip	exact	225	417
sample	prose_heavy	dict-index	dictzip	exact	226	1208
sample	prose_heavy	dict-index	dictzip	exact	227	500
sample	prose_heavy	dict-index	dictzip	exact	228	709
sample	prose_heavy	dict-index	dictzip	exact	229	417
sample	prose_heavy	dict-index	dictzip	exact	230	1166
sample	prose_heavy	dict-index	dictzip	exact	231	1334
sample	prose_heavy	dict-index	dictzip	exact	232	833
sample	prose_heavy	dict-index	dictzip	exact	233	459
sample	prose_heavy	dict-index	dictzip	exact	234	1000
sample	prose_heavy	dict-index	dictzip	exact	235	458
sample	prose_heavy	dict-index	dictzip	exact	236	875
sample	prose_heavy	dict-index	dictzip	exact	237	416
sample	prose_heavy	dict-index	dictzip	exact	238	1042
sample	prose_heavy	dict-index	dictzip	exact	239	625
sample	prose_heavy	dict-index	dictzip	exact	240	875
sample	prose_heavy	dict-index	dictzip	exact	241	458
sample	prose_heavy	dict-index	dictzip	exact	242	666
sample	prose_heavy	dict-index	dictzip	exact	243	500
sample	prose_heavy	dict-index	dictzip	exact	244	8459
sample	prose_heavy	dict-index	dictzip	exact	245	2083
sample	prose_heavy	dict-index	dictzip	exact	246	1792
sample	prose_heavy	dict-index	dictzip	exact	247	1542
sample	prose_heavy	dict-index	dictzip	exact	248	2083
sample	prose_heavy	dict-index	dictzip	exact	249	1083
sample	prose_heavy	dict-index	dictzip	exact	250	2916
sample	prose_heavy	dict-index	dictzip	exact	251	959
sample	prose_heavy	dict-index	dictzip	exact	252	1041
sample	prose_heavy	dict-index	dictzip	exact	253	584
sample	prose_heavy	dict-index	dictzip	exact	254	875
sample	prose_heavy	dict-index	dictzip	exact	255	958
sample	prose_heavy	dict-index	dictzip	exact	256	1084
sample	prose_heavy	dict-index	dictzip	exact	257	500
sample	prose_heavy	dict-index	dictzip	exact	258	792
sample	prose_heavy	dict-index	dictzip	exact	259	500
sample	prose_heavy	dict-index	dictzip	exact	260	834
sample	prose_heavy	dict-index	dictzip	exact	261	458
sample	prose_heavy	dict-index	dictzip	exact	262	750
sample	prose_heavy	dict-index	dictzip	exact	263	833
sample	prose_heavy	dict-index	dictzip	exact	264	916
sample	prose_heavy	dict-index	dictzip	exact	265	458
sample	prose_heavy	dict-index	dictzip	exact	266	750
sample	prose_heavy	dict-index	dictzip	exact	267	458
sample	prose_heavy	dict-index	dictzip	exact	268	792
sample	prose_heavy	dict-index	dictzip	exact	269	500
sample	prose_heavy	dict-index	dictzip	exact	270	791
sample	prose_heavy	dict-index	dictzip	exact	271	625
sample	prose_heavy	dict-index	dictzip	exact	272	1042
sample	prose_heavy	dict-index	dictzip	exact	273	375
sample	prose_heavy	dict-index	dictzip	exact	274	958
sample	prose_heavy	dict-index	dictzip	exact	275	459
sample	prose_heavy	dict-index	dictzip	exact	276	1000
sample	prose_heavy	dict-index	dictzip	exact	277	417
sample	prose_heavy	dict-index	dictzip	exact	278	833
sample	prose_heavy	dict-index	dictzip	exact	279	667
sample	prose_heavy	dict-index	dictzip	exact	280	1666
sample	prose_heavy	dict-index	dictzip	exact	281	2917
sample	prose_heavy	dict-index	dictzip	exact	282	2792
sample	prose_heavy	dict-index	dictzip	exact	283	1500
sample	prose_heavy	dict-index	dictzip	exact	284	1375
sample	prose_heavy	dict-index	dictzip	exact	285	750
sample	prose_heavy	dict-index	dictzip	exact	286	1334
sample	prose_heavy	dict-index	dictzip	exact	287	4916
sample	prose_heavy	dict-index	dictzip	exact	288	15167
sample	prose_heavy	dict-index	dictzip	exact	289	916
sample	prose_heavy	dict-index	dictzip	exact	290	1333
sample	prose_heavy	dict-index	dictzip	exact	291	1125
sample	prose_heavy	dict-index	dictzip	exact	292	1333
sample	prose_heavy	dict-index	dictzip	exact	293	541
sample	prose_heavy	dict-index	dictzip	exact	294	1167
sample	prose_heavy	dict-index	dictzip	exact	295	958
sample	prose_heavy	dict-index	dictzip	exact	296	917
sample	prose_heavy	dict-index	dictzip	exact	297	458
sample	prose_heavy	dict-index	dictzip	exact	298	1125
sample	prose_heavy	dict-index	dictzip	exact	299	542
sample	prose_heavy	dict-index	dictzip	exact	300	833
sample	prose_heavy	dict-index	dictzip	exact	301	458
sample	prose_heavy	dict-index	dictzip	exact	302	917
sample	prose_heavy	dict-index	dictzip	exact	303	708
sample	prose_heavy	dict-index	dictzip	exact	304	1167
sample	prose_heavy	dict-index	dictzip	exact	305	417
sample	prose_heavy	dict-index	dictzip	exact	306	875
sample	prose_heavy	dict-index	dictzip	exact	307	500
sample	prose_heavy	dict-index	dictzip	exact	308	1250
sample	prose_heavy	dict-index	dictzip	exact	309	458
sample	prose_heavy	dict-index	dictzip	exact	310	1333
sample	prose_heavy	dict-index	dictzip	exact	311	584
sample	prose_heavy	dict-index	dictzip	exact	312	959
sample	prose_heavy	dict-index	dictzip	exact	313	375
sample	prose_heavy	dict-index	dictzip	exact	314	916
sample	prose_heavy	dict-index	dictzip	exact	315	459
sample	prose_heavy	dict-index	dictzip	exact	316	1792
sample	prose_heavy	dict-index	dictzip	exact	317	417
sample	prose_heavy	dict-index	dictzip	exact	318	958
sample	prose_heavy	dict-index	dictzip	exact	319	584
sample	prose_heavy	dict-index	dictzip	exact	320	875
sample	prose_heavy	dict-index	dictzip	exact	321	375
sample	prose_heavy	dict-index	dictzip	exact	322	667
sample	prose_heavy	dict-index	dictzip	exact	323	542
sample	prose_heavy	dict-index	dictzip	exact	324	1000
sample	prose_heavy	dict-index	dictzip	exact	325	500
sample	prose_heavy	dict-index	dictzip	exact	326	916
sample	prose_heavy	dict-index	dictzip	exact	327	584
sample	prose_heavy	dict-index	dictzip	exact	328	625
sample	prose_heavy	dict-index	dictzip	exact	329	375
sample	prose_heavy	dict-index	dictzip	exact	330	666
sample	prose_heavy	dict-index	dictzip	exact	331	459
sample	prose_heavy	dict-index	dictzip	exact	332	667
sample	prose_heavy	dict-index	dictzip	exact	333	459
sample	prose_heavy	dict-index	dictzip	exact	334	583
sample	prose_heavy	dict-index	dictzip	exact	335	583
sample	prose_heavy	dict-index	dictzip	exact	336	1000
sample	prose_heavy	dict-index	dictzip	exact	337	417
sample	prose_heavy	dict-index	dictzip	exact	338	667
sample	prose_heavy	dict-index	dictzip	exact	339	500
sample	prose_heavy	dict-index	dictzip	exact	340	667
sample	prose_heavy	dict-index	dictzip	exact	341	458
sample	prose_heavy	dict-index	dictzip	exact	342	834
sample	prose_heavy	dict-index	dictzip	exact	343	542
sample	prose_heavy	dict-index	dictzip	exact	344	709
sample	prose_heavy	dict-index	dictzip	exact	345	417
sample	prose_heavy	dict-index	dictzip	exact	346	583
sample	prose_heavy	dict-index	dictzip	exact	347	500
sample	prose_heavy	dict-index	dictzip	exact	348	708
sample	prose_heavy	dict-index	dictzip	exact	349	458
sample	prose_heavy	dict-index	dictzip	exact	350	666
sample	prose_heavy	dict-index	dictzip	exact	351	583
sample	prose_heavy	dict-index	dictzip	exact	352	792
sample	prose_heavy	dict-index	dictzip	exact	353	458
sample	prose_heavy	dict-index	dictzip	exact	354	667
sample	prose_heavy	dict-index	dictzip	exact	355	458
sample	prose_heavy	dict-index	dictzip	exact	356	709
sample	prose_heavy	dict-index	dictzip	exact	357	459
sample	prose_heavy	dict-index	dictzip	exact	358	583
sample	prose_heavy	dict-index	dictzip	exact	359	583
sample	prose_heavy	dict-index	dictzip	exact	360	708
sample	prose_heavy	dict-index	dictzip	exact	361	416
sample	prose_heavy	dict-index	dictzip	exact	362	583
sample	prose_heavy	dict-index	dictzip	exact	363	459
sample	prose_heavy	dict-index	dictzip	exact	364	625
sample	prose_heavy	dict-index	dictzip	exact	365	458
sample	prose_heavy	dict-index	dictzip	exact	366	625
sample	prose_heavy	dict-index	dictzip	exact	367	625
sample	prose_heavy	dict-index	dictzip	exact	368	750
sample	prose_heavy	dict-index	dictzip	exact	369	375
sample	prose_heavy	dict-index	dictzip	exact	370	792
sample	prose_heavy	dict-index	dictzip	exact	371	458
sample	prose_heavy	dict-index	dictzip	exact	372	583
sample	prose_heavy	dict-index	dictzip	exact	373	458
sample	prose_heavy	dict-index	dictzip	exact	374	9375
sample	prose_heavy	dict-index	dictzip	exact	375	2917
sample	prose_heavy	dict-index	dictzip	exact	376	1375
sample	prose_heavy	dict-index	dictzip	exact	377	542
sample	prose_heavy	dict-index	dictzip	exact	378	667
sample	prose_heavy	dict-index	dictzip	exact	379	583
sample	prose_heavy	dict-index	dictzip	exact	380	875
sample	prose_heavy	dict-index	dictzip	exact	381	416
sample	prose_heavy	dict-index	dictzip	exact	382	542
sample	prose_heavy	dict-index	dictzip	exact	383	625
sample	prose_heavy	dict-index	dictzip	exact	384	875
sample	prose_heavy	dict-index	dictzip	exact	385	417
sample	prose_heavy	dict-index	dictzip	exact	386	625
sample	prose_heavy	dict-index	dictzip	exact	387	459
sample	prose_heavy	dict-index	dictzip	exact	388	625
sample	prose_heavy	dict-index	dictzip	exact	389	416
sample	prose_heavy	dict-index	dictzip	exact	390	584
sample	prose_heavy	dict-index	dictzip	exact	391	1875
sample	prose_heavy	dict-index	dictzip	exact	392	792
sample	prose_heavy	dict-index	dictzip	exact	393	458
sample	prose_heavy	dict-index	dictzip	exact	394	750
sample	prose_heavy	dict-index	dictzip	exact	395	458
sample	prose_heavy	dict-index	dictzip	exact	396	667
sample	prose_heavy	dict-index	dictzip	exact	397	375
sample	prose_heavy	dict-index	dictzip	exact	398	1083
sample	prose_heavy	dict-index	dictzip	exact	399	625
sample	prose_heavy	dict-index	dictzip	exact	400	1000
sample	prose_heavy	dict-index	dictzip	exact	401	375
sample	prose_heavy	dict-index	dictzip	exact	402	791
sample	prose_heavy	dict-index	dictzip	exact	403	500
sample	prose_heavy	dict-index	dictzip	exact	404	875
sample	prose_heavy	dict-index	dictzip	exact	405	500
sample	prose_heavy	dict-index	dictzip	exact	406	750
sample	prose_heavy	dict-index	dictzip	exact	407	584
sample	prose_heavy	dict-index	dictzip	exact	408	875
sample	prose_heavy	dict-index	dictzip	exact	409	417
sample	prose_heavy	dict-index	dictzip	exact	410	708
sample	prose_heavy	dict-index	dictzip	exact	411	458
sample	prose_heavy	dict-index	dictzip	exact	412	667
sample	prose_heavy	dict-index	dictzip	exact	413	459
sample	prose_heavy	dict-index	dictzip	exact	414	750
sample	prose_heavy	dict-index	dictzip	exact	415	583
sample	prose_heavy	dict-index	dictzip	exact	416	958
sample	prose_heavy	dict-index	dictzip	exact	417	417
sample	prose_heavy	dict-index	dictzip	exact	418	708
sample	prose_heavy	dict-index	dictzip	exact	419	666
sample	prose_heavy	dict-index	dictzip	exact	420	667
sample	prose_heavy	dict-index	dictzip	exact	421	500
sample	prose_heavy	dict-index	dictzip	exact	422	750
sample	prose_heavy	dict-index	dictzip	exact	423	583
sample	prose_heavy	dict-index	dictzip	exact	424	625
sample	prose_heavy	dict-index	dictzip	exact	425	416
sample	prose_heavy	dict-index	dictzip	exact	426	666
sample	prose_heavy	dict-index	dictzip	exact	427	459
sample	prose_heavy	dict-index	dictzip	exact	428	667
sample	prose_heavy	dict-index	dictzip	exact	429	416
sample	prose_heavy	dict-index	dictzip	exact	430	625
sample	prose_heavy	dict-index	dictzip	exact	431	667
sample	prose_heavy	dict-index	dictzip	exact	432	916
sample	prose_heavy	dict-index	dictzip	exact	433	375
sample	prose_heavy	dict-index	dictzip	exact	434	1083
sample	prose_heavy	dict-index	dictzip	exact	435	416
sample	prose_heavy	dict-index	dictzip	exact	436	625
sample	prose_heavy	dict-index	dictzip	exact	437	417
sample	prose_heavy	dict-index	dictzip	exact	438	708
sample	prose_heavy	dict-index	dictzip	exact	439	584
sample	prose_heavy	dict-index	dictzip	exact	440	875
sample	prose_heavy	dict-index	dictzip	exact	441	416
sample	prose_heavy	dict-index	dictzip	exact	442	583
sample	prose_heavy	dict-index	dictzip	exact	443	459
sample	prose_heavy	dict-index	dictzip	exact	444	583
sample	prose_heavy	dict-index	dictzip	exact	445	1083
sample	prose_heavy	dict-index	dictzip	exact	446	625
sample	prose_heavy	dict-index	dictzip	exact	447	625
sample	prose_heavy	dict-index	dictzip	exact	448	1042
sample	prose_heavy	dict-index	dictzip	exact	449	375
sample	prose_heavy	dict-index	dictzip	exact	450	583
sample	prose_heavy	dict-index	dictzip	exact	451	459
sample	prose_heavy	dict-index	dictzip	exact	452	667
sample	prose_heavy	dict-index	dictzip	exact	453	459
sample	prose_heavy	dict-index	dictzip	exact	454	584
sample	prose_heavy	dict-index	dictzip	exact	455	542
sample	prose_heavy	dict-index	dictzip	exact	456	625
sample	prose_heavy	dict-index	dictzip	exact	457	417
sample	prose_heavy	dict-index	dictzip	exact	458	792
sample	prose_heavy	dict-index	dictzip	exact	459	459
sample	prose_heavy	dict-index	dictzip	exact	460	667
sample	prose_heavy	dict-index	dictzip	exact	461	459
sample	prose_heavy	dict-index	dictzip	exact	462	750
sample	prose_heavy	dict-index	dictzip	exact	463	542
sample	prose_heavy	dict-index	dictzip	exact	464	1875
sample	prose_heavy	dict-index	dictzip	exact	465	375
sample	prose_heavy	dict-index	dictzip	exact	466	584
sample	prose_heavy	dict-index	dictzip	exact	467	458
sample	prose_heavy	dict-index	dictzip	exact	468	833
sample	prose_heavy	dict-index	dictzip	exact	469	458
sample	prose_heavy	dict-index	dictzip	exact	470	750
sample	prose_heavy	dict-index	dictzip	exact	471	7250
sample	prose_heavy	dict-index	dictzip	exact	472	3500
sample	prose_heavy	dict-index	dictzip	exact	473	2166
sample	prose_heavy	dict-index	dictzip	exact	474	2917
sample	prose_heavy	dict-index	dictzip	exact	475	3708
sample	prose_heavy	dict-index	dictzip	exact	476	1875
sample	prose_heavy	dict-index	dictzip	exact	477	625
sample	prose_heavy	dict-index	dictzip	exact	478	1292
sample	prose_heavy	dict-index	dictzip	exact	479	1209
sample	prose_heavy	dict-index	dictzip	exact	480	875
sample	prose_heavy	dict-index	dictzip	exact	481	1000
sample	prose_heavy	dict-index	dictzip	exact	482	958
sample	prose_heavy	dict-index	dictzip	exact	483	500
sample	prose_heavy	dict-index	dictzip	exact	484	1042
sample	prose_heavy	dict-index	dictzip	exact	485	500
sample	prose_heavy	dict-index	dictzip	exact	486	1500
sample	prose_heavy	dict-index	dictzip	exact	487	6417
sample	prose_heavy	dict-index	dictzip	exact	488	1583
sample	prose_heavy	dict-index	dictzip	exact	489	458
sample	prose_heavy	dict-index	dictzip	exact	490	875
sample	prose_heavy	dict-index	dictzip	exact	491	542
sample	prose_heavy	dict-index	dictzip	exact	492	1250
sample	prose_heavy	dict-index	dictzip	exact	493	6167
sample	prose_heavy	dict-index	dictzip	exact	494	3333
sample	prose_heavy	dict-index	dictzip	exact	495	5458
sample	prose_heavy	dict-index	dictzip	exact	496	4708
sample	prose_heavy	dict-index	dictzip	exact	497	2459
sample	prose_heavy	dict-index	dictzip	exact	498	4791
sample	prose_heavy	dict-index	dictzip	exact	499	4250
sample	prose_heavy	dict-index	dictzip	exact	500	2542
sample	prose_heavy	dict-index	dictzip	exact	501	1875
sample	prose_heavy	dict-index	dictzip	exact	502	2208
sample	prose_heavy	dict-index	dictzip	exact	503	13459
sample	prose_heavy	dict-index	dictzip	exact	504	1709
sample	prose_heavy	dict-index	dictzip	exact	505	541
sample	prose_heavy	dict-index	dictzip	exact	506	1000
sample	prose_heavy	dict-index	dictzip	exact	507	459
sample	prose_heavy	dict-index	dictzip	exact	508	1708
sample	prose_heavy	dict-index	dictzip	exact	509	459
sample	prose_heavy	dict-index	dictzip	exact	510	917
sample	prose_heavy	dict-index	dictzip	exact	511	1792
sample	prose_heavy	dict-index	dictzip	exact	512	1459
sample	prose_heavy	dict-index	dictzip	exact	513	458
sample	prose_heavy	dict-index	dictzip	exact	514	1292
sample	prose_heavy	dict-index	dictzip	exact	515	500
sample	prose_heavy	dict-index	dictzip	exact	516	1083
sample	prose_heavy	dict-index	dictzip	exact	517	500
sample	prose_heavy	dict-index	dictzip	exact	518	875
sample	prose_heavy	dict-index	dictzip	exact	519	708
sample	prose_heavy	dict-index	dictzip	exact	520	1292
sample	prose_heavy	dict-index	dictzip	exact	521	416
sample	prose_heavy	dict-index	dictzip	exact	522	1250
sample	prose_heavy	dict-index	dictzip	exact	523	500
sample	prose_heavy	dict-index	dictzip	exact	524	1041
sample	prose_heavy	dict-index	dictzip	exact	525	416
sample	prose_heavy	dict-index	dictzip	exact	526	1167
sample	prose_heavy	dict-index	dictzip	exact	527	583
sample	prose_heavy	dict-index	dictzip	exact	528	875
sample	prose_heavy	dict-index	dictzip	exact	529	416
sample	prose_heavy	dict-index	dictzip	exact	530	791
sample	prose_heavy	dict-index	dictzip	exact	531	458
sample	prose_heavy	dict-index	dictzip	exact	532	875
sample	prose_heavy	dict-index	dictzip	exact	533	416
sample	prose_heavy	dict-index	dictzip	exact	534	1958
sample	prose_heavy	dict-index	dictzip	exact	535	958
sample	prose_heavy	dict-index	dictzip	exact	536	1042
sample	prose_heavy	dict-index	dictzip	exact	537	750
sample	prose_heavy	dict-index	dictzip	exact	538	958
sample	prose_heavy	dict-index	dictzip	exact	539	459
sample	prose_heavy	dict-index	dictzip	exact	540	750
sample	prose_heavy	dict-index	dictzip	exact	541	458
sample	prose_heavy	dict-index	dictzip	exact	542	1458
sample	prose_heavy	dict-index	dictzip	exact	543	833
sample	prose_heavy	dict-index	dictzip	exact	544	959
sample	prose_heavy	dict-index	dictzip	exact	545	375
sample	prose_heavy	dict-index	dictzip	exact	546	750
sample	prose_heavy	dict-index	dictzip	exact	547	417
sample	prose_heavy	dict-index	dictzip	exact	548	708
sample	prose_heavy	dict-index	dictzip	exact	549	458
sample	prose_heavy	dict-index	dictzip	exact	550	750
sample	prose_heavy	dict-index	dictzip	exact	551	583
sample	prose_heavy	dict-index	dictzip	exact	552	5875
sample	prose_heavy	dict-index	dictzip	exact	553	791
sample	prose_heavy	dict-index	dictzip	exact	554	834
sample	prose_heavy	dict-index	dictzip	exact	555	458
sample	prose_heavy	dict-index	dictzip	exact	556	1042
sample	prose_heavy	dict-index	dictzip	exact	557	458
sample	prose_heavy	dict-index	dictzip	exact	558	1208
sample	prose_heavy	dict-index	dictzip	exact	559	584
sample	prose_heavy	dict-index	dictzip	exact	560	959
sample	prose_heavy	dict-index	dictzip	exact	561	417
sample	prose_heavy	dict-index	dictzip	exact	562	834
sample	prose_heavy	dict-index	dictzip	exact	563	459
sample	prose_heavy	dict-index	dictzip	exact	564	5333
sample	prose_heavy	dict-index	dictzip	exact	565	2333
sample	prose_heavy	dict-index	dictzip	exact	566	1833
sample	prose_heavy	dict-index	dictzip	exact	567	2959
sample	prose_heavy	dict-index	dictzip	exact	568	3167
sample	prose_heavy	dict-index	dictzip	exact	569	1500
sample	prose_heavy	dict-index	dictzip	exact	570	1791
sample	prose_heavy	dict-index	dictzip	exact	571	1000
sample	prose_heavy	dict-index	dictzip	exact	572	2250
sample	prose_heavy	dict-index	dictzip	exact	573	1000
sample	prose_heavy	dict-index	dictzip	exact	574	2125
sample	prose_heavy	dict-index	dictzip	exact	575	1500
sample	prose_heavy	dict-index	dictzip	exact	576	1916
sample	prose_heavy	dict-index	dictzip	exact	577	1209
sample	prose_heavy	dict-index	dictzip	exact	578	1458
sample	prose_heavy	dict-index	dictzip	exact	579	834
sample	prose_heavy	dict-index	dictzip	exact	580	2708
sample	prose_heavy	dict-index	dictzip	exact	581	875
sample	prose_heavy	dict-index	dictzip	exact	582	1917
sample	prose_heavy	dict-index	dictzip	exact	583	1333
sample	prose_heavy	dict-index	dictzip	exact	584	2292
sample	prose_heavy	dict-index	dictzip	exact	585	2833
sample	prose_heavy	dict-index	dictzip	exact	586	1709
sample	prose_heavy	dict-index	dictzip	exact	587	958
sample	prose_heavy	dict-index	dictzip	exact	588	1375
sample	prose_heavy	dict-index	dictzip	exact	589	541
sample	prose_heavy	dict-index	dictzip	exact	590	1459
sample	prose_heavy	dict-index	dictzip	exact	591	1083
sample	prose_heavy	dict-index	dictzip	exact	592	1334
sample	prose_heavy	dict-index	dictzip	exact	593	458
sample	prose_heavy	dict-index	dictzip	exact	594	1042
sample	prose_heavy	dict-index	dictzip	exact	595	459
sample	prose_heavy	dict-index	dictzip	exact	596	917
sample	prose_heavy	dict-index	dictzip	exact	597	500
sample	prose_heavy	dict-index	dictzip	exact	598	917
sample	prose_heavy	dict-index	dictzip	exact	599	708
sample	prose_heavy	dict-index	dictzip	exact	600	917
sample	prose_heavy	dict-index	dictzip	exact	601	3375
sample	prose_heavy	dict-index	dictzip	exact	602	3500
sample	prose_heavy	dict-index	dictzip	exact	603	1416
sample	prose_heavy	dict-index	dictzip	exact	604	6666
sample	prose_heavy	dict-index	dictzip	exact	605	1750
sample	prose_heavy	dict-index	dictzip	exact	606	1833
sample	prose_heavy	dict-index	dictzip	exact	607	7166
sample	prose_heavy	dict-index	dictzip	exact	608	4083
sample	prose_heavy	dict-index	dictzip	exact	609	1292
sample	prose_heavy	dict-index	dictzip	exact	610	2375
sample	prose_heavy	dict-index	dictzip	exact	611	11708
sample	prose_heavy	dict-index	dictzip	exact	612	9708
sample	prose_heavy	dict-index	dictzip	exact	613	2125
sample	prose_heavy	dict-index	dictzip	exact	614	1875
sample	prose_heavy	dict-index	dictzip	exact	615	833
sample	prose_heavy	dict-index	dictzip	exact	616	1333
sample	prose_heavy	dict-index	dictzip	exact	617	583
sample	prose_heavy	dict-index	dictzip	exact	618	1333
sample	prose_heavy	dict-index	dictzip	exact	619	500
sample	prose_heavy	dict-index	dictzip	exact	620	1625
sample	prose_heavy	dict-index	dictzip	exact	621	416
sample	prose_heavy	dict-index	dictzip	exact	622	1459
sample	prose_heavy	dict-index	dictzip	exact	623	667
sample	prose_heavy	dict-index	dictzip	exact	624	1583
sample	prose_heavy	dict-index	dictzip	exact	625	417
sample	prose_heavy	dict-index	dictzip	exact	626	1292
sample	prose_heavy	dict-index	dictzip	exact	627	500
sample	prose_heavy	dict-index	dictzip	exact	628	1000
sample	prose_heavy	dict-index	dictzip	exact	629	417
sample	prose_heavy	dict-index	dictzip	exact	630	1333
sample	prose_heavy	dict-index	dictzip	exact	631	625
sample	prose_heavy	dict-index	dictzip	exact	632	1000
sample	prose_heavy	dict-index	dictzip	exact	633	417
sample	prose_heavy	dict-index	dictzip	exact	634	1166
sample	prose_heavy	dict-index	dictzip	exact	635	500
sample	prose_heavy	dict-index	dictzip	exact	636	1000
sample	prose_heavy	dict-index	dictzip	exact	637	500
sample	prose_heavy	dict-index	dictzip	exact	638	1416
sample	prose_heavy	dict-index	dictzip	exact	639	625
sample	prose_heavy	dict-index	dictzip	exact	640	1125
sample	prose_heavy	dict-index	dictzip	exact	641	375
sample	prose_heavy	dict-index	dictzip	exact	642	2041
sample	prose_heavy	dict-index	dictzip	exact	643	583
sample	prose_heavy	dict-index	dictzip	exact	644	834
sample	prose_heavy	dict-index	dictzip	exact	645	458
sample	prose_heavy	dict-index	dictzip	exact	646	958
sample	prose_heavy	dict-index	dictzip	exact	647	1167
sample	prose_heavy	dict-index	dictzip	exact	648	1000
sample	prose_heavy	dict-index	dictzip	exact	649	6000
sample	prose_heavy	dict-index	dictzip	exact	650	4084
sample	prose_heavy	dict-index	dictzip	exact	651	2500
sample	prose_heavy	dict-index	dictzip	exact	652	1667
sample	prose_heavy	dict-index	dictzip	exact	653	625
sample	prose_heavy	dict-index	dictzip	exact	654	1209
sample	prose_heavy	dict-index	dictzip	exact	655	750
sample	prose_heavy	dict-index	dictzip	exact	656	1375
sample	prose_heavy	dict-index	dictzip	exact	657	542
sample	prose_heavy	dict-index	dictzip	exact	658	916
sample	prose_heavy	dict-index	dictzip	exact	659	459
sample	prose_heavy	dict-index	dictzip	exact	660	708
sample	prose_heavy	dict-index	dictzip	exact	661	459
sample	prose_heavy	dict-index	dictzip	exact	662	792
sample	prose_heavy	dict-index	dictzip	exact	663	666
sample	prose_heavy	dict-index	dictzip	exact	664	1000
sample	prose_heavy	dict-index	dictzip	exact	665	959
sample	prose_heavy	dict-index	dictzip	exact	666	1041
sample	prose_heavy	dict-index	dictzip	exact	667	459
sample	prose_heavy	dict-index	dictzip	exact	668	750
sample	prose_heavy	dict-index	dictzip	exact	669	416
sample	prose_heavy	dict-index	dictzip	exact	670	792
sample	prose_heavy	dict-index	dictzip	exact	671	625
sample	prose_heavy	dict-index	dictzip	exact	672	1167
sample	prose_heavy	dict-index	dictzip	exact	673	375
sample	prose_heavy	dict-index	dictzip	exact	674	959
sample	prose_heavy	dict-index	dictzip	exact	675	500
sample	prose_heavy	dict-index	dictzip	exact	676	5833
sample	prose_heavy	dict-index	dictzip	exact	677	1834
sample	prose_heavy	dict-index	dictzip	exact	678	2166
sample	prose_heavy	dict-index	dictzip	exact	679	1542
sample	prose_heavy	dict-index	dictzip	exact	680	2250
sample	prose_heavy	dict-index	dictzip	exact	681	2125
sample	prose_heavy	dict-index	dictzip	exact	682	2083
sample	prose_heavy	dict-index	dictzip	exact	683	1167
sample	prose_heavy	dict-index	dictzip	exact	684	1709
sample	prose_heavy	dict-index	dictzip	exact	685	958
sample	prose_heavy	dict-index	dictzip	exact	686	958
sample	prose_heavy	dict-index	dictzip	exact	687	625
sample	prose_heavy	dict-index	dictzip	exact	688	1292
sample	prose_heavy	dict-index	dictzip	exact	689	541
sample	prose_heavy	dict-index	dictzip	exact	690	709
sample	prose_heavy	dict-index	dictzip	exact	691	500
sample	prose_heavy	dict-index	dictzip	exact	692	875
sample	prose_heavy	dict-index	dictzip	exact	693	416
sample	prose_heavy	dict-index	dictzip	exact	694	792
sample	prose_heavy	dict-index	dictzip	exact	695	666
sample	prose_heavy	dict-index	dictzip	exact	696	750
sample	prose_heavy	dict-index	dictzip	exact	697	416
sample	prose_heavy	dict-index	dictzip	exact	698	792
sample	prose_heavy	dict-index	dictzip	exact	699	459
sample	prose_heavy	dict-index	dictzip	exact	700	1084
sample	prose_heavy	dict-index	dictzip	exact	701	417
sample	prose_heavy	dict-index	dictzip	exact	702	958
sample	prose_heavy	dict-index	dictzip	exact	703	542
sample	prose_heavy	dict-index	dictzip	exact	704	750
sample	prose_heavy	dict-index	dictzip	exact	705	458
sample	prose_heavy	dict-index	dictzip	exact	706	833
sample	prose_heavy	dict-index	dictzip	exact	707	375
sample	prose_heavy	dict-index	dictzip	exact	708	667
sample	prose_heavy	dict-index	dictzip	exact	709	417
sample	prose_heavy	dict-index	dictzip	exact	710	1125
sample	prose_heavy	dict-index	dictzip	exact	711	542
sample	prose_heavy	dict-index	dictzip	exact	712	1000
sample	prose_heavy	dict-index	dictzip	exact	713	416
sample	prose_heavy	dict-index	dictzip	exact	714	958
sample	prose_heavy	dict-index	dictzip	exact	715	459
sample	prose_heavy	dict-index	dictzip	exact	716	750
sample	prose_heavy	dict-index	dictzip	exact	717	416
sample	prose_heavy	dict-index	dictzip	exact	718	2000
sample	prose_heavy	dict-index	dictzip	exact	719	542
sample	prose_heavy	dict-index	dictzip	exact	720	958
sample	prose_heavy	dict-index	dictzip	exact	721	625
sample	prose_heavy	dict-index	dictzip	exact	722	1084
sample	prose_heavy	dict-index	dictzip	exact	723	458
sample	prose_heavy	dict-index	dictzip	exact	724	1750
sample	prose_heavy	dict-index	dictzip	exact	725	6584
sample	prose_heavy	dict-index	dictzip	exact	726	3250
sample	prose_heavy	dict-index	dictzip	exact	727	6125
sample	prose_heavy	dict-index	dictzip	exact	728	2583
sample	prose_heavy	dict-index	dictzip	exact	729	1250
sample	prose_heavy	dict-index	dictzip	exact	730	2167
sample	prose_heavy	dict-index	dictzip	exact	731	1000
sample	prose_heavy	dict-index	dictzip	exact	732	2291
sample	prose_heavy	dict-index	dictzip	exact	733	792
sample	prose_heavy	dict-index	dictzip	exact	734	1958
sample	prose_heavy	dict-index	dictzip	exact	735	1375
sample	prose_heavy	dict-index	dictzip	exact	736	2583
sample	prose_heavy	dict-index	dictzip	exact	737	1792
sample	prose_heavy	dict-index	dictzip	exact	738	1750
sample	prose_heavy	dict-index	dictzip	exact	739	750
sample	prose_heavy	dict-index	dictzip	exact	740	6000
sample	prose_heavy	dict-index	dictzip	exact	741	2959
sample	prose_heavy	dict-index	dictzip	exact	742	2500
sample	prose_heavy	dict-index	dictzip	exact	743	958
sample	prose_heavy	dict-index	dictzip	exact	744	1458
sample	prose_heavy	dict-index	dictzip	exact	745	791
sample	prose_heavy	dict-index	dictzip	exact	746	1500
sample	prose_heavy	dict-index	dictzip	exact	747	500
sample	prose_heavy	dict-index	dictzip	exact	748	1500
sample	prose_heavy	dict-index	dictzip	exact	749	542
sample	prose_heavy	dict-index	dictzip	exact	750	875
sample	prose_heavy	dict-index	dictzip	exact	751	666
sample	prose_heavy	dict-index	dictzip	exact	752	1166
sample	prose_heavy	dict-index	dictzip	exact	753	375
sample	prose_heavy	dict-index	dictzip	exact	754	1083
sample	prose_heavy	dict-index	dictzip	exact	755	459
sample	prose_heavy	dict-index	dictzip	exact	756	1416
sample	prose_heavy	dict-index	dictzip	exact	757	458
sample	prose_heavy	dict-index	dictzip	exact	758	1042
sample	prose_heavy	dict-index	dictzip	exact	759	7250
sample	prose_heavy	dict-index	dictzip	exact	760	3541
sample	prose_heavy	dict-index	dictzip	exact	761	3791
sample	prose_heavy	dict-index	dictzip	exact	762	2625
sample	prose_heavy	dict-index	dictzip	exact	763	791
sample	prose_heavy	dict-index	dictzip	exact	764	1292
sample	prose_heavy	dict-index	dictzip	exact	765	458
sample	prose_heavy	dict-index	dictzip	exact	766	1250
sample	prose_heavy	dict-index	dictzip	exact	767	791
sample	prose_heavy	dict-index	dictzip	exact	768	1166
sample	prose_heavy	dict-index	dictzip	exact	769	3375
sample	prose_heavy	dict-index	dictzip	exact	770	6167
sample	prose_heavy	dict-index	dictzip	exact	771	1041
sample	prose_heavy	dict-index	dictzip	exact	772	1125
sample	prose_heavy	dict-index	dictzip	exact	773	500
sample	prose_heavy	dict-index	dictzip	exact	774	1375
sample	prose_heavy	dict-index	dictzip	exact	775	625
sample	prose_heavy	dict-index	dictzip	exact	776	1208
sample	prose_heavy	dict-index	dictzip	exact	777	708
sample	prose_heavy	dict-index	dictzip	exact	778	917
sample	prose_heavy	dict-index	dictzip	exact	779	458
sample	prose_heavy	dict-index	dictzip	exact	780	792
sample	prose_heavy	dict-index	dictzip	exact	781	417
sample	prose_heavy	dict-index	dictzip	exact	782	1000
sample	prose_heavy	dict-index	dictzip	exact	783	583
sample	prose_heavy	dict-index	dictzip	exact	784	875
sample	prose_heavy	dict-index	dictzip	exact	785	375
sample	prose_heavy	dict-index	dictzip	exact	786	1084
sample	prose_heavy	dict-index	dictzip	exact	787	458
sample	prose_heavy	dict-index	dictzip	exact	788	792
sample	prose_heavy	dict-index	dictzip	exact	789	417
sample	prose_heavy	dict-index	dictzip	exact	790	917
sample	prose_heavy	dict-index	dictzip	exact	791	584
sample	prose_heavy	dict-index	dictzip	exact	792	1083
sample	prose_heavy	dict-index	dictzip	exact	793	458
sample	prose_heavy	dict-index	dictzip	exact	794	6875
sample	prose_heavy	dict-index	dictzip	exact	795	2958
sample	prose_heavy	dict-index	dictzip	exact	796	2500
sample	prose_heavy	dict-index	dictzip	exact	797	1084
sample	prose_heavy	dict-index	dictzip	exact	798	1250
sample	prose_heavy	dict-index	dictzip	exact	799	625
sample	prose_heavy	dict-index	dictzip	exact	800	1416
sample	prose_heavy	dict-index	dictzip	exact	801	542
sample	prose_heavy	dict-index	dictzip	exact	802	750
sample	prose_heavy	dict-index	dictzip	exact	803	541
sample	prose_heavy	dict-index	dictzip	exact	804	875
sample	prose_heavy	dict-index	dictzip	exact	805	417
sample	prose_heavy	dict-index	dictzip	exact	806	750
sample	prose_heavy	dict-index	dictzip	exact	807	625
sample	prose_heavy	dict-index	dictzip	exact	808	792
sample	prose_heavy	dict-index	dictzip	exact	809	375
sample	prose_heavy	dict-index	dictzip	exact	810	625
sample	prose_heavy	dict-index	dictzip	exact	811	417
sample	prose_heavy	dict-index	dictzip	exact	812	750
sample	prose_heavy	dict-index	dictzip	exact	813	459
sample	prose_heavy	dict-index	dictzip	exact	814	875
sample	prose_heavy	dict-index	dictzip	exact	815	625
sample	prose_heavy	dict-index	dictzip	exact	816	1458
sample	prose_heavy	dict-index	dictzip	exact	817	417
sample	prose_heavy	dict-index	dictzip	exact	818	625
sample	prose_heavy	dict-index	dictzip	exact	819	417
sample	prose_heavy	dict-index	dictzip	exact	820	750
sample	prose_heavy	dict-index	dictzip	exact	821	417
sample	prose_heavy	dict-index	dictzip	exact	822	792
sample	prose_heavy	dict-index	dictzip	exact	823	583
sample	prose_heavy	dict-index	dictzip	exact	824	916
sample	prose_heavy	dict-index	dictzip	exact	825	458
sample	prose_heavy	dict-index	dictzip	exact	826	833
sample	prose_heavy	dict-index	dictzip	exact	827	458
sample	prose_heavy	dict-index	dictzip	exact	828	625
sample	prose_heavy	dict-index	dictzip	exact	829	458
sample	prose_heavy	dict-index	dictzip	exact	830	708
sample	prose_heavy	dict-index	dictzip	exact	831	666
sample	prose_heavy	dict-index	dictzip	exact	832	833
sample	prose_heavy	dict-index	dictzip	exact	833	416
sample	prose_heavy	dict-index	dictzip	exact	834	1042
sample	prose_heavy	dict-index	dictzip	exact	835	458
sample	prose_heavy	dict-index	dictzip	exact	836	625
sample	prose_heavy	dict-index	dictzip	exact	837	500
sample	prose_heavy	dict-index	dictzip	exact	838	667
sample	prose_heavy	dict-index	dictzip	exact	839	625
sample	prose_heavy	dict-index	dictzip	exact	840	750
sample	prose_heavy	dict-index	dictzip	exact	841	417
sample	prose_heavy	dict-index	dictzip	exact	842	583
sample	prose_heavy	dict-index	dictzip	exact	843	458
sample	prose_heavy	dict-index	dictzip	exact	844	708
sample	prose_heavy	dict-index	dictzip	exact	845	417
sample	prose_heavy	dict-index	dictzip	exact	846	666
sample	prose_heavy	dict-index	dictzip	exact	847	666
sample	prose_heavy	dict-index	dictzip	exact	848	875
sample	prose_heavy	dict-index	dictzip	exact	849	375
sample	prose_heavy	dict-index	dictzip	exact	850	667
sample	prose_heavy	dict-index	dictzip	exact	851	459
sample	prose_heavy	dict-index	dictzip	exact	852	792
sample	prose_heavy	dict-index	dictzip	exact	853	542
sample	prose_heavy	dict-index	dictzip	exact	854	792
sample	prose_heavy	dict-index	dictzip	exact	855	625
sample	prose_heavy	dict-index	dictzip	exact	856	667
sample	prose_heavy	dict-index	dictzip	exact	857	375
sample	prose_heavy	dict-index	dictzip	exact	858	708
sample	prose_heavy	dict-index	dictzip	exact	859	500
sample	prose_heavy	dict-index	dictzip	exact	860	625
sample	prose_heavy	dict-index	dictzip	exact	861	500
sample	prose_heavy	dict-index	dictzip	exact	862	625
sample	prose_heavy	dict-index	dictzip	exact	863	625
sample	prose_heavy	dict-index	dictzip	exact	864	833
sample	prose_heavy	dict-index	dictzip	exact	865	458
sample	prose_heavy	dict-index	dictzip	exact	866	625
sample	prose_heavy	dict-index	dictzip	exact	867	500
sample	prose_heavy	dict-index	dictzip	exact	868	667
sample	prose_heavy	dict-index	dictzip	exact	869	416
sample	prose_heavy	dict-index	dictzip	exact	870	792
sample	prose_heavy	dict-index	dictzip	exact	871	542
sample	prose_heavy	dict-index	dictzip	exact	872	709
sample	prose_heavy	dict-index	dictzip	exact	873	375
sample	prose_heavy	dict-index	dictzip	exact	874	708
sample	prose_heavy	dict-index	dictzip	exact	875	458
sample	prose_heavy	dict-index	dictzip	exact	876	625
sample	prose_heavy	dict-index	dictzip	exact	877	458
sample	prose_heavy	dict-index	dictzip	exact	878	583
sample	prose_heavy	dict-index	dictzip	exact	879	583
sample	prose_heavy	dict-index	dictzip	exact	880	1000
sample	prose_heavy	dict-index	dictzip	exact	881	416
sample	prose_heavy	dict-index	dictzip	exact	882	708
sample	prose_heavy	dict-index	dictzip	exact	883	459
sample	prose_heavy	dict-index	dictzip	exact	884	625
sample	prose_heavy	dict-index	dictzip	exact	885	417
sample	prose_heavy	dict-index	dictzip	exact	886	1042
sample	prose_heavy	dict-index	dictzip	exact	887	583
sample	prose_heavy	dict-index	dictzip	exact	888	875
sample	prose_heavy	dict-index	dictzip	exact	889	375
sample	prose_heavy	dict-index	dictzip	exact	890	625
sample	prose_heavy	dict-index	dictzip	exact	891	458
sample	prose_heavy	dict-index	dictzip	exact	892	583
sample	prose_heavy	dict-index	dictzip	exact	893	500
sample	prose_heavy	dict-index	dictzip	exact	894	625
sample	prose_heavy	dict-index	dictzip	exact	895	625
sample	prose_heavy	dict-index	dictzip	exact	896	917
sample	prose_heavy	dict-index	dictzip	exact	897	375
sample	prose_heavy	dict-index	dictzip	exact	898	625
sample	prose_heavy	dict-index	dictzip	exact	899	459
sample	prose_heavy	dict-index	dictzip	exact	900	583
sample	prose_heavy	dict-index	dictzip	exact	901	458
sample	prose_heavy	dict-index	dictzip	exact	902	584
sample	prose_heavy	dict-index	dictzip	exact	903	7083
sample	prose_heavy	dict-index	dictzip	exact	904	2458
sample	prose_heavy	dict-index	dictzip	exact	905	625
sample	prose_heavy	dict-index	dictzip	exact	906	3041
sample	prose_heavy	dict-index	dictzip	exact	907	1541
sample	prose_heavy	dict-index	dictzip	exact	908	4375
sample	prose_heavy	dict-index	dictzip	exact	909	2208
sample	prose_heavy	dict-index	dictzip	exact	910	1042
sample	prose_heavy	dict-index	dictzip	exact	911	583
sample	prose_heavy	dict-index	dictzip	exact	912	1250
sample	prose_heavy	dict-index	dictzip	exact	913	542
sample	prose_heavy	dict-index	dictzip	exact	914	875
sample	prose_heavy	dict-index	dictzip	exact	915	459
sample	prose_heavy	dict-index	dictzip	exact	916	1125
sample	prose_heavy	dict-index	dictzip	exact	917	458
sample	prose_heavy	dict-index	dictzip	exact	918	1000
sample	prose_heavy	dict-index	dictzip	exact	919	542
sample	prose_heavy	dict-index	dictzip	exact	920	1208
sample	prose_heavy	dict-index	dictzip	exact	921	375
sample	prose_heavy	dict-index	dictzip	exact	922	917
sample	prose_heavy	dict-index	dictzip	exact	923	459
sample	prose_heavy	dict-index	dictzip	exact	924	916
sample	prose_heavy	dict-index	dictzip	exact	925	417
sample	prose_heavy	dict-index	dictzip	exact	926	750
sample	prose_heavy	dict-index	dictzip	exact	927	583
sample	prose_heavy	dict-index	dictzip	exact	928	1041
sample	prose_heavy	dict-index	dictzip	exact	929	375
sample	prose_heavy	dict-index	dictzip	exact	930	667
sample	prose_heavy	dict-index	dictzip	exact	931	500
sample	prose_heavy	dict-index	dictzip	exact	932	917
sample	prose_heavy	dict-index	dictzip	exact	933	417
sample	prose_heavy	dict-index	dictzip	exact	934	750
sample	prose_heavy	dict-index	dictzip	exact	935	625
sample	prose_heavy	dict-index	dictzip	exact	936	1125
sample	prose_heavy	dict-index	dictzip	exact	937	417
sample	prose_heavy	dict-index	dictzip	exact	938	875
sample	prose_heavy	dict-index	dictzip	exact	939	1500
sample	prose_heavy	dict-index	dictzip	exact	940	1000
sample	prose_heavy	dict-index	dictzip	exact	941	541
sample	prose_heavy	dict-index	dictzip	exact	942	1083
sample	prose_heavy	dict-index	dictzip	exact	943	667
sample	prose_heavy	dict-index	dictzip	exact	944	833
sample	prose_heavy	dict-index	dictzip	exact	945	459
sample	prose_heavy	dict-index	dictzip	exact	946	791
sample	prose_heavy	dict-index	dictzip	exact	947	459
sample	prose_heavy	dict-index	dictzip	exact	948	750
sample	prose_heavy	dict-index	dictzip	exact	949	458
sample	prose_heavy	dict-index	dictzip	exact	950	8042
sample	prose_heavy	dict-index	dictzip	exact	951	1667
sample	prose_heavy	dict-index	dictzip	exact	952	1042
sample	prose_heavy	dict-index	dictzip	exact	953	17083
sample	prose_heavy	dict-index	dictzip	exact	954	13750
sample	prose_heavy	dict-index	dictzip	exact	955	792
sample	prose_heavy	dict-index	dictzip	exact	956	1083
sample	prose_heavy	dict-index	dictzip	exact	957	417
sample	prose_heavy	dict-index	dictzip	exact	958	1167
sample	prose_heavy	dict-index	dictzip	exact	959	667
sample	prose_heavy	dict-index	dictzip	exact	960	792
sample	prose_heavy	dict-index	dictzip	exact	961	667
sample	prose_heavy	dict-index	dictzip	exact	962	708
sample	prose_heavy	dict-index	dictzip	exact	963	458
sample	prose_heavy	dict-index	dictzip	exact	964	958
sample	prose_heavy	dict-index	dictzip	exact	965	458
sample	prose_heavy	dict-index	dictzip	exact	966	917
sample	prose_heavy	dict-index	dictzip	exact	967	625
sample	prose_heavy	dict-index	dictzip	exact	968	833
sample	prose_heavy	dict-index	dictzip	exact	969	416
sample	prose_heavy	dict-index	dictzip	exact	970	834
sample	prose_heavy	dict-index	dictzip	exact	971	458
sample	prose_heavy	dict-index	dictzip	exact	972	1041
sample	prose_heavy	dict-index	dictzip	exact	973	500
sample	prose_heavy	dict-index	dictzip	exact	974	666
sample	prose_heavy	dict-index	dictzip	exact	975	584
sample	prose_heavy	dict-index	dictzip	exact	976	1167
sample	prose_heavy	dict-index	dictzip	exact	977	375
sample	prose_heavy	dict-index	dictzip	exact	978	875
sample	prose_heavy	dict-index	dictzip	exact	979	458
sample	prose_heavy	dict-index	dictzip	exact	980	1250
sample	prose_heavy	dict-index	dictzip	exact	981	417
sample	prose_heavy	dict-index	dictzip	exact	982	8208
sample	prose_heavy	dict-index	dictzip	exact	983	1166
sample	prose_heavy	dict-index	dictzip	exact	984	1000
sample	prose_heavy	dict-index	dictzip	exact	985	416
sample	prose_heavy	dict-index	dictzip	exact	986	750
sample	prose_heavy	dict-index	dictzip	exact	987	458
sample	prose_heavy	dict-index	dictzip	exact	988	1208
sample	prose_heavy	dict-index	dictzip	exact	989	458
sample	prose_heavy	dict-index	dictzip	exact	990	542
sample	prose_heavy	dict-index	dictzip	exact	991	583
sample	prose_heavy	dict-index	dictzip	exact	992	834
sample	prose_heavy	dict-index	dictzip	exact	993	417
sample	prose_heavy	dict-index	dictzip	exact	994	750
sample	prose_heavy	dict-index	dictzip	exact	995	458
sample	prose_heavy	dict-index	dictzip	exact	996	1208
sample	prose_heavy	dict-index	dictzip	exact	997	459
sample	prose_heavy	dict-index	dictzip	exact	998	750
sample	prose_heavy	dict-index	dictzip	exact	999	584
sample	prose_heavy	dict-index	dictzip	prefix	0	8500
sample	prose_heavy	dict-index	dictzip	prefix	1	1292
sample	prose_heavy	dict-index	dictzip	prefix	2	149000
sample	prose_heavy	dict-index	dictzip	prefix	3	150166
sample	prose_heavy	dict-index	dictzip	prefix	4	10792
sample	prose_heavy	dict-index	dictzip	prefix	5	708
sample	prose_heavy	dict-index	dictzip	prefix	6	134417
sample	prose_heavy	dict-index	dictzip	prefix	7	1172583
sample	prose_heavy	dict-index	dictzip	prefix	8	5500
sample	prose_heavy	dict-index	dictzip	prefix	9	1792
sample	prose_heavy	dict-index	dictzip	prefix	10	129666
sample	prose_heavy	dict-index	dictzip	prefix	11	484625
sample	prose_heavy	dict-index	dictzip	prefix	12	9292
sample	prose_heavy	dict-index	dictzip	prefix	13	667
sample	prose_heavy	dict-index	dictzip	prefix	14	132333
sample	prose_heavy	dict-index	dictzip	prefix	15	275667
sample	prose_heavy	dict-index	dictzip	prefix	16	6792
sample	prose_heavy	dict-index	dictzip	prefix	17	2000
sample	prose_heavy	dict-index	dictzip	prefix	18	133375
sample	prose_heavy	dict-index	dictzip	prefix	19	139709
sample	prose_heavy	dict-index	dictzip	prefix	20	7750
sample	prose_heavy	dict-index	dictzip	prefix	21	833
sample	prose_heavy	dict-index	dictzip	prefix	22	149875
sample	prose_heavy	dict-index	dictzip	prefix	23	201458
sample	prose_heavy	dict-index	dictzip	prefix	24	5375
sample	prose_heavy	dict-index	dictzip	prefix	25	2042
sample	prose_heavy	dict-index	dictzip	prefix	26	132750
sample	prose_heavy	dict-index	dictzip	prefix	27	146541
sample	prose_heavy	dict-index	dictzip	prefix	28	6875
sample	prose_heavy	dict-index	dictzip	prefix	29	625
sample	prose_heavy	dict-index	dictzip	prefix	30	130708
sample	prose_heavy	dict-index	dictzip	prefix	31	176625
sample	prose_heavy	dict-index	dictzip	prefix	32	4292
sample	prose_heavy	dict-index	dictzip	prefix	33	1708
sample	prose_heavy	dict-index	dictzip	prefix	34	127208
sample	prose_heavy	dict-index	dictzip	prefix	35	146083
sample	prose_heavy	dict-index	dictzip	prefix	36	5959
sample	prose_heavy	dict-index	dictzip	prefix	37	583
sample	prose_heavy	dict-index	dictzip	prefix	38	137959
sample	prose_heavy	dict-index	dictzip	prefix	39	145250
sample	prose_heavy	dict-index	dictzip	prefix	40	7083
sample	prose_heavy	dict-index	dictzip	prefix	41	2042
sample	prose_heavy	dict-index	dictzip	prefix	42	134458
sample	prose_heavy	dict-index	dictzip	prefix	43	146416
sample	prose_heavy	dict-index	dictzip	prefix	44	10959
sample	prose_heavy	dict-index	dictzip	prefix	45	1041
sample	prose_heavy	dict-index	dictzip	prefix	46	133875
sample	prose_heavy	dict-index	dictzip	prefix	47	184041
sample	prose_heavy	dict-index	dictzip	prefix	48	17750
sample	prose_heavy	dict-index	dictzip	prefix	49	3500
sample	prose_heavy	dict-index	dictzip	prefix	50	487542
sample	prose_heavy	dict-index	dictzip	prefix	51	140875
sample	prose_heavy	dict-index	dictzip	prefix	52	6166
sample	prose_heavy	dict-index	dictzip	prefix	53	1416
sample	prose_heavy	dict-index	dictzip	prefix	54	582042
sample	prose_heavy	dict-index	dictzip	prefix	55	149209
sample	prose_heavy	dict-index	dictzip	prefix	56	9292
sample	prose_heavy	dict-index	dictzip	prefix	57	2583
sample	prose_heavy	dict-index	dictzip	prefix	58	136875
sample	prose_heavy	dict-index	dictzip	prefix	59	205041
sample	prose_heavy	dict-index	dictzip	prefix	60	10917
sample	prose_heavy	dict-index	dictzip	prefix	61	1667
sample	prose_heavy	dict-index	dictzip	prefix	62	135917
sample	prose_heavy	dict-index	dictzip	prefix	63	150708
sample	prose_heavy	dict-index	dictzip	prefix	64	3708
sample	prose_heavy	dict-index	dictzip	prefix	65	3333
sample	prose_heavy	dict-index	dictzip	prefix	66	356041
sample	prose_heavy	dict-index	dictzip	prefix	67	141834
sample	prose_heavy	dict-index	dictzip	prefix	68	24958
sample	prose_heavy	dict-index	dictzip	prefix	69	3250
sample	prose_heavy	dict-index	dictzip	prefix	70	292333
sample	prose_heavy	dict-index	dictzip	prefix	71	140708
sample	prose_heavy	dict-index	dictzip	prefix	72	15333
sample	prose_heavy	dict-index	dictzip	prefix	73	2208
sample	prose_heavy	dict-index	dictzip	prefix	74	378834
sample	prose_heavy	dict-index	dictzip	prefix	75	136875
sample	prose_heavy	dict-index	dictzip	prefix	76	8833
sample	prose_heavy	dict-index	dictzip	prefix	77	583
sample	prose_heavy	dict-index	dictzip	prefix	78	132375
sample	prose_heavy	dict-index	dictzip	prefix	79	504542
sample	prose_heavy	dict-index	dictzip	prefix	80	7625
sample	prose_heavy	dict-index	dictzip	prefix	81	2334
sample	prose_heavy	dict-index	dictzip	prefix	82	137542
sample	prose_heavy	dict-index	dictzip	prefix	83	141125
sample	prose_heavy	dict-index	dictzip	prefix	84	7875
sample	prose_heavy	dict-index	dictzip	prefix	85	708
sample	prose_heavy	dict-index	dictzip	prefix	86	209667
sample	prose_heavy	dict-index	dictzip	prefix	87	148416
sample	prose_heavy	dict-index	dictzip	prefix	88	8166
sample	prose_heavy	dict-index	dictzip	prefix	89	2125
sample	prose_heavy	dict-index	dictzip	prefix	90	132125
sample	prose_heavy	dict-index	dictzip	prefix	91	145416
sample	prose_heavy	dict-index	dictzip	prefix	92	3708
sample	prose_heavy	dict-index	dictzip	prefix	93	666
sample	prose_heavy	dict-index	dictzip	prefix	94	1408208
sample	prose_heavy	dict-index	dictzip	prefix	95	141708
sample	prose_heavy	dict-index	dictzip	prefix	96	9042
sample	prose_heavy	dict-index	dictzip	prefix	97	2042
sample	prose_heavy	dict-index	dictzip	prefix	98	145958
sample	prose_heavy	dict-index	dictzip	prefix	99	275625
sample	prose_heavy	dict-index	dictzip	prefix	100	9541
sample	prose_heavy	dict-index	dictzip	prefix	101	1000
sample	prose_heavy	dict-index	dictzip	prefix	102	149125
sample	prose_heavy	dict-index	dictzip	prefix	103	146000
sample	prose_heavy	dict-index	dictzip	prefix	104	8791
sample	prose_heavy	dict-index	dictzip	prefix	105	1625
sample	prose_heavy	dict-index	dictzip	prefix	106	266792
sample	prose_heavy	dict-index	dictzip	prefix	107	263917
sample	prose_heavy	dict-index	dictzip	prefix	108	12500
sample	prose_heavy	dict-index	dictzip	prefix	109	833
sample	prose_heavy	dict-index	dictzip	prefix	110	136875
sample	prose_heavy	dict-index	dictzip	prefix	111	889792
sample	prose_heavy	dict-index	dictzip	prefix	112	11417
sample	prose_heavy	dict-index	dictzip	prefix	113	6167
sample	prose_heavy	dict-index	dictzip	prefix	114	134000
sample	prose_heavy	dict-index	dictzip	prefix	115	151709
sample	prose_heavy	dict-index	dictzip	prefix	116	11375
sample	prose_heavy	dict-index	dictzip	prefix	117	15000
sample	prose_heavy	dict-index	dictzip	prefix	118	364875
sample	prose_heavy	dict-index	dictzip	prefix	119	148125
sample	prose_heavy	dict-index	dictzip	prefix	120	10250
sample	prose_heavy	dict-index	dictzip	prefix	121	2291
sample	prose_heavy	dict-index	dictzip	prefix	122	137542
sample	prose_heavy	dict-index	dictzip	prefix	123	139541
sample	prose_heavy	dict-index	dictzip	prefix	124	10167
sample	prose_heavy	dict-index	dictzip	prefix	125	834
sample	prose_heavy	dict-index	dictzip	prefix	126	135583
sample	prose_heavy	dict-index	dictzip	prefix	127	161250
sample	prose_heavy	dict-index	dictzip	prefix	128	6750
sample	prose_heavy	dict-index	dictzip	prefix	129	2958
sample	prose_heavy	dict-index	dictzip	prefix	130	1477417
sample	prose_heavy	dict-index	dictzip	prefix	131	325916
sample	prose_heavy	dict-index	dictzip	prefix	132	8416
sample	prose_heavy	dict-index	dictzip	prefix	133	833
sample	prose_heavy	dict-index	dictzip	prefix	134	132417
sample	prose_heavy	dict-index	dictzip	prefix	135	144709
sample	prose_heavy	dict-index	dictzip	prefix	136	6042
sample	prose_heavy	dict-index	dictzip	prefix	137	1666
sample	prose_heavy	dict-index	dictzip	prefix	138	133541
sample	prose_heavy	dict-index	dictzip	prefix	139	149500
sample	prose_heavy	dict-index	dictzip	prefix	140	17000
sample	prose_heavy	dict-index	dictzip	prefix	141	5792
sample	prose_heavy	dict-index	dictzip	prefix	142	135833
sample	prose_heavy	dict-index	dictzip	prefix	143	132250
sample	prose_heavy	dict-index	dictzip	prefix	144	9750
sample	prose_heavy	dict-index	dictzip	prefix	145	2708
sample	prose_heavy	dict-index	dictzip	prefix	146	141500
sample	prose_heavy	dict-index	dictzip	prefix	147	1358042
sample	prose_heavy	dict-index	dictzip	prefix	148	12292
sample	prose_heavy	dict-index	dictzip	prefix	149	917
sample	prose_heavy	dict-index	dictzip	prefix	150	180291
sample	prose_heavy	dict-index	dictzip	prefix	151	145958
sample	prose_heavy	dict-index	dictzip	prefix	152	5416
sample	prose_heavy	dict-index	dictzip	prefix	153	3125
sample	prose_heavy	dict-index	dictzip	prefix	154	220000
sample	prose_heavy	dict-index	dictzip	prefix	155	146875
sample	prose_heavy	dict-index	dictzip	prefix	156	14208
sample	prose_heavy	dict-index	dictzip	prefix	157	834
sample	prose_heavy	dict-index	dictzip	prefix	158	136458
sample	prose_heavy	dict-index	dictzip	prefix	159	138750
sample	prose_heavy	dict-index	dictzip	prefix	160	6667
sample	prose_heavy	dict-index	dictzip	prefix	161	1792
sample	prose_heavy	dict-index	dictzip	prefix	162	137000
sample	prose_heavy	dict-index	dictzip	prefix	163	376041
sample	prose_heavy	dict-index	dictzip	prefix	164	14375
sample	prose_heavy	dict-index	dictzip	prefix	165	1334
sample	prose_heavy	dict-index	dictzip	prefix	166	352083
sample	prose_heavy	dict-index	dictzip	prefix	167	498584
sample	prose_heavy	dict-index	dictzip	prefix	168	6791
sample	prose_heavy	dict-index	dictzip	prefix	169	2459
sample	prose_heavy	dict-index	dictzip	prefix	170	201625
sample	prose_heavy	dict-index	dictzip	prefix	171	185792
sample	prose_heavy	dict-index	dictzip	prefix	172	29958
sample	prose_heavy	dict-index	dictzip	prefix	173	3375
sample	prose_heavy	dict-index	dictzip	prefix	174	138250
sample	prose_heavy	dict-index	dictzip	prefix	175	139500
sample	prose_heavy	dict-index	dictzip	prefix	176	6250
sample	prose_heavy	dict-index	dictzip	prefix	177	1959
sample	prose_heavy	dict-index	dictzip	prefix	178	133792
sample	prose_heavy	dict-index	dictzip	prefix	179	448917
sample	prose_heavy	dict-index	dictzip	prefix	180	19417
sample	prose_heavy	dict-index	dictzip	prefix	181	3042
sample	prose_heavy	dict-index	dictzip	prefix	182	137958
sample	prose_heavy	dict-index	dictzip	prefix	183	341333
sample	prose_heavy	dict-index	dictzip	prefix	184	8459
sample	prose_heavy	dict-index	dictzip	prefix	185	2458
sample	prose_heavy	dict-index	dictzip	prefix	186	137833
sample	prose_heavy	dict-index	dictzip	prefix	187	147958
sample	prose_heavy	dict-index	dictzip	prefix	188	9166
sample	prose_heavy	dict-index	dictzip	prefix	189	667
sample	prose_heavy	dict-index	dictzip	prefix	190	138042
sample	prose_heavy	dict-index	dictzip	prefix	191	147667
sample	prose_heavy	dict-index	dictzip	prefix	192	3750
sample	prose_heavy	dict-index	dictzip	prefix	193	1792
sample	prose_heavy	dict-index	dictzip	prefix	194	128250
sample	prose_heavy	dict-index	dictzip	prefix	195	134916
sample	prose_heavy	dict-index	dictzip	prefix	196	28208
sample	prose_heavy	dict-index	dictzip	prefix	197	6875
sample	prose_heavy	dict-index	dictzip	prefix	198	133750
sample	prose_heavy	dict-index	dictzip	prefix	199	199917
sample	prose_heavy	dict-index	dictzip	prefix	200	24542
sample	prose_heavy	dict-index	dictzip	prefix	201	7125
sample	prose_heavy	dict-index	dictzip	prefix	202	294667
sample	prose_heavy	dict-index	dictzip	prefix	203	143958
sample	prose_heavy	dict-index	dictzip	prefix	204	13875
sample	prose_heavy	dict-index	dictzip	prefix	205	5209
sample	prose_heavy	dict-index	dictzip	prefix	206	136417
sample	prose_heavy	dict-index	dictzip	prefix	207	140917
sample	prose_heavy	dict-index	dictzip	prefix	208	10208
sample	prose_heavy	dict-index	dictzip	prefix	209	3083
sample	prose_heavy	dict-index	dictzip	prefix	210	349917
sample	prose_heavy	dict-index	dictzip	prefix	211	369666
sample	prose_heavy	dict-index	dictzip	prefix	212	10417
sample	prose_heavy	dict-index	dictzip	prefix	213	29875
sample	prose_heavy	dict-index	dictzip	prefix	214	206791
sample	prose_heavy	dict-index	dictzip	prefix	215	142167
sample	prose_heavy	dict-index	dictzip	prefix	216	8000
sample	prose_heavy	dict-index	dictzip	prefix	217	1750
sample	prose_heavy	dict-index	dictzip	prefix	218	941959
sample	prose_heavy	dict-index	dictzip	prefix	219	250583
sample	prose_heavy	dict-index	dictzip	prefix	220	21791
sample	prose_heavy	dict-index	dictzip	prefix	221	4417
sample	prose_heavy	dict-index	dictzip	prefix	222	138708
sample	prose_heavy	dict-index	dictzip	prefix	223	145375
sample	prose_heavy	dict-index	dictzip	prefix	224	10250
sample	prose_heavy	dict-index	dictzip	prefix	225	2291
sample	prose_heavy	dict-index	dictzip	prefix	226	139750
sample	prose_heavy	dict-index	dictzip	prefix	227	387333
sample	prose_heavy	dict-index	dictzip	prefix	228	8583
sample	prose_heavy	dict-index	dictzip	prefix	229	5833
sample	prose_heavy	dict-index	dictzip	prefix	230	651083
sample	prose_heavy	dict-index	dictzip	prefix	231	137708
sample	prose_heavy	dict-index	dictzip	prefix	232	57167
sample	prose_heavy	dict-index	dictzip	prefix	233	6584
sample	prose_heavy	dict-index	dictzip	prefix	234	285459
sample	prose_heavy	dict-index	dictzip	prefix	235	145833
sample	prose_heavy	dict-index	dictzip	prefix	236	12000
sample	prose_heavy	dict-index	dictzip	prefix	237	750
sample	prose_heavy	dict-index	dictzip	prefix	238	144167
sample	prose_heavy	dict-index	dictzip	prefix	239	279459
sample	prose_heavy	dict-index	dictzip	prefix	240	10958
sample	prose_heavy	dict-index	dictzip	prefix	241	2542
sample	prose_heavy	dict-index	dictzip	prefix	242	140167
sample	prose_heavy	dict-index	dictzip	prefix	243	147417
sample	prose_heavy	dict-index	dictzip	prefix	244	21375
sample	prose_heavy	dict-index	dictzip	prefix	245	4667
sample	prose_heavy	dict-index	dictzip	prefix	246	138917
sample	prose_heavy	dict-index	dictzip	prefix	247	146084
sample	prose_heavy	dict-index	dictzip	prefix	248	7125
sample	prose_heavy	dict-index	dictzip	prefix	249	1750
sample	prose_heavy	dict-index	dictzip	prefix	250	137500
sample	prose_heavy	dict-index	dictzip	prefix	251	154625
sample	prose_heavy	dict-index	dictzip	prefix	252	7792
sample	prose_heavy	dict-index	dictzip	prefix	253	1791
sample	prose_heavy	dict-index	dictzip	prefix	254	136458
sample	prose_heavy	dict-index	dictzip	prefix	255	146667
sample	prose_heavy	dict-index	dictzip	prefix	256	15250
sample	prose_heavy	dict-index	dictzip	prefix	257	2708
sample	prose_heavy	dict-index	dictzip	prefix	258	1277084
sample	prose_heavy	dict-index	dictzip	prefix	259	154458
sample	prose_heavy	dict-index	dictzip	prefix	260	9917
sample	prose_heavy	dict-index	dictzip	prefix	261	5250
sample	prose_heavy	dict-index	dictzip	prefix	262	518292
sample	prose_heavy	dict-index	dictzip	prefix	263	149500
sample	prose_heavy	dict-index	dictzip	prefix	264	10750
sample	prose_heavy	dict-index	dictzip	prefix	265	1917
sample	prose_heavy	dict-index	dictzip	prefix	266	140167
sample	prose_heavy	dict-index	dictzip	prefix	267	148792
sample	prose_heavy	dict-index	dictzip	prefix	268	22792
sample	prose_heavy	dict-index	dictzip	prefix	269	2292
sample	prose_heavy	dict-index	dictzip	prefix	270	347583
sample	prose_heavy	dict-index	dictzip	prefix	271	369250
sample	prose_heavy	dict-index	dictzip	prefix	272	10959
sample	prose_heavy	dict-index	dictzip	prefix	273	2209
sample	prose_heavy	dict-index	dictzip	prefix	274	134625
sample	prose_heavy	dict-index	dictzip	prefix	275	157625
sample	prose_heavy	dict-index	dictzip	prefix	276	14292
sample	prose_heavy	dict-index	dictzip	prefix	277	1000
sample	prose_heavy	dict-index	dictzip	prefix	278	136292
sample	prose_heavy	dict-index	dictzip	prefix	279	139541
sample	prose_heavy	dict-index	dictzip	prefix	280	7459
sample	prose_heavy	dict-index	dictzip	prefix	281	2209
sample	prose_heavy	dict-index	dictzip	prefix	282	135958
sample	prose_heavy	dict-index	dictzip	prefix	283	145084
sample	prose_heavy	dict-index	dictzip	prefix	284	11166
sample	prose_heavy	dict-index	dictzip	prefix	285	875
sample	prose_heavy	dict-index	dictzip	prefix	286	136417
sample	prose_heavy	dict-index	dictzip	prefix	287	155625
sample	prose_heavy	dict-index	dictzip	prefix	288	7584
sample	prose_heavy	dict-index	dictzip	prefix	289	6042
sample	prose_heavy	dict-index	dictzip	prefix	290	270208
sample	prose_heavy	dict-index	dictzip	prefix	291	146417
sample	prose_heavy	dict-index	dictzip	prefix	292	15209
sample	prose_heavy	dict-index	dictzip	prefix	293	667
sample	prose_heavy	dict-index	dictzip	prefix	294	132542
sample	prose_heavy	dict-index	dictzip	prefix	295	144875
sample	prose_heavy	dict-index	dictzip	prefix	296	6958
sample	prose_heavy	dict-index	dictzip	prefix	297	2250
sample	prose_heavy	dict-index	dictzip	prefix	298	134375
sample	prose_heavy	dict-index	dictzip	prefix	299	235875
sample	prose_heavy	dict-index	dictzip	prefix	300	20417
sample	prose_heavy	dict-index	dictzip	prefix	301	3042
sample	prose_heavy	dict-index	dictzip	prefix	302	137667
sample	prose_heavy	dict-index	dictzip	prefix	303	136209
sample	prose_heavy	dict-index	dictzip	prefix	304	38959
sample	prose_heavy	dict-index	dictzip	prefix	305	4584
sample	prose_heavy	dict-index	dictzip	prefix	306	283084
sample	prose_heavy	dict-index	dictzip	prefix	307	418250
sample	prose_heavy	dict-index	dictzip	prefix	308	25542
sample	prose_heavy	dict-index	dictzip	prefix	309	117625
sample	prose_heavy	dict-index	dictzip	prefix	310	422250
sample	prose_heavy	dict-index	dictzip	prefix	311	395875
sample	prose_heavy	dict-index	dictzip	prefix	312	11750
sample	prose_heavy	dict-index	dictzip	prefix	313	3708
sample	prose_heavy	dict-index	dictzip	prefix	314	141000
sample	prose_heavy	dict-index	dictzip	prefix	315	140500
sample	prose_heavy	dict-index	dictzip	prefix	316	3375
sample	prose_heavy	dict-index	dictzip	prefix	317	750
sample	prose_heavy	dict-index	dictzip	prefix	318	196292
sample	prose_heavy	dict-index	dictzip	prefix	319	204084
sample	prose_heavy	dict-index	dictzip	prefix	320	7708
sample	prose_heavy	dict-index	dictzip	prefix	321	9208
sample	prose_heavy	dict-index	dictzip	prefix	322	196084
sample	prose_heavy	dict-index	dictzip	prefix	323	278083
sample	prose_heavy	dict-index	dictzip	prefix	324	29000
sample	prose_heavy	dict-index	dictzip	prefix	325	1292
sample	prose_heavy	dict-index	dictzip	prefix	326	135875
sample	prose_heavy	dict-index	dictzip	prefix	327	1236834
sample	prose_heavy	dict-index	dictzip	prefix	328	11042
sample	prose_heavy	dict-index	dictzip	prefix	329	2167
sample	prose_heavy	dict-index	dictzip	prefix	330	151958
sample	prose_heavy	dict-index	dictzip	prefix	331	472333
sample	prose_heavy	dict-index	dictzip	prefix	332	18875
sample	prose_heavy	dict-index	dictzip	prefix	333	2167
sample	prose_heavy	dict-index	dictzip	prefix	334	402917
sample	prose_heavy	dict-index	dictzip	prefix	335	257541
sample	prose_heavy	dict-index	dictzip	prefix	336	9666
sample	prose_heavy	dict-index	dictzip	prefix	337	2166
sample	prose_heavy	dict-index	dictzip	prefix	338	138375
sample	prose_heavy	dict-index	dictzip	prefix	339	139750
sample	prose_heavy	dict-index	dictzip	prefix	340	19333
sample	prose_heavy	dict-index	dictzip	prefix	341	1250
sample	prose_heavy	dict-index	dictzip	prefix	342	627917
sample	prose_heavy	dict-index	dictzip	prefix	343	150000
sample	prose_heavy	dict-index	dictzip	prefix	344	12792
sample	prose_heavy	dict-index	dictzip	prefix	345	4083
sample	prose_heavy	dict-index	dictzip	prefix	346	138875
sample	prose_heavy	dict-index	dictzip	prefix	347	135042
sample	prose_heavy	dict-index	dictzip	prefix	348	6917
sample	prose_heavy	dict-index	dictzip	prefix	349	791
sample	prose_heavy	dict-index	dictzip	prefix	350	227750
sample	prose_heavy	dict-index	dictzip	prefix	351	145417
sample	prose_heavy	dict-index	dictzip	prefix	352	11500
sample	prose_heavy	dict-index	dictzip	prefix	353	1958
sample	prose_heavy	dict-index	dictzip	prefix	354	136416
sample	prose_heavy	dict-index	dictzip	prefix	355	140333
sample	prose_heavy	dict-index	dictzip	prefix	356	59458
sample	prose_heavy	dict-index	dictzip	prefix	357	7166
sample	prose_heavy	dict-index	dictzip	prefix	358	168208
sample	prose_heavy	dict-index	dictzip	prefix	359	642667
sample	prose_heavy	dict-index	dictzip	prefix	360	4750
sample	prose_heavy	dict-index	dictzip	prefix	361	1833
sample	prose_heavy	dict-index	dictzip	prefix	362	348792
sample	prose_heavy	dict-index	dictzip	prefix	363	387209
sample	prose_heavy	dict-index	dictzip	prefix	364	8500
sample	prose_heavy	dict-index	dictzip	prefix	365	667
sample	prose_heavy	dict-index	dictzip	prefix	366	132667
sample	prose_heavy	dict-index	dictzip	prefix	367	144292
sample	prose_heavy	dict-index	dictzip	prefix	368	10292
sample	prose_heavy	dict-index	dictzip	prefix	369	2334
sample	prose_heavy	dict-index	dictzip	prefix	370	141875
sample	prose_heavy	dict-index	dictzip	prefix	371	132209
sample	prose_heavy	dict-index	dictzip	prefix	372	11125
sample	prose_heavy	dict-index	dictzip	prefix	373	917
sample	prose_heavy	dict-index	dictzip	prefix	374	137542
sample	prose_heavy	dict-index	dictzip	prefix	375	138833
sample	prose_heavy	dict-index	dictzip	prefix	376	8500
sample	prose_heavy	dict-index	dictzip	prefix	377	2209
sample	prose_heavy	dict-index	dictzip	prefix	378	135542
sample	prose_heavy	dict-index	dictzip	prefix	379	144209
sample	prose_heavy	dict-index	dictzip	prefix	380	12000
sample	prose_heavy	dict-index	dictzip	prefix	381	750
sample	prose_heavy	dict-index	dictzip	prefix	382	228167
sample	prose_heavy	dict-index	dictzip	prefix	383	144125
sample	prose_heavy	dict-index	dictzip	prefix	384	12292
sample	prose_heavy	dict-index	dictzip	prefix	385	2792
sample	prose_heavy	dict-index	dictzip	prefix	386	139833
sample	prose_heavy	dict-index	dictzip	prefix	387	145500
sample	prose_heavy	dict-index	dictzip	prefix	388	3708
sample	prose_heavy	dict-index	dictzip	prefix	389	583
sample	prose_heavy	dict-index	dictzip	prefix	390	132084
sample	prose_heavy	dict-index	dictzip	prefix	391	410083
sample	prose_heavy	dict-index	dictzip	prefix	392	11750
sample	prose_heavy	dict-index	dictzip	prefix	393	3541
sample	prose_heavy	dict-index	dictzip	prefix	394	292208
sample	prose_heavy	dict-index	dictzip	prefix	395	142500
sample	prose_heavy	dict-index	dictzip	prefix	396	11000
sample	prose_heavy	dict-index	dictzip	prefix	397	625
sample	prose_heavy	dict-index	dictzip	prefix	398	173917
sample	prose_heavy	dict-index	dictzip	prefix	399	150291
sample	prose_heavy	dict-index	dictzip	prefix	400	5500
sample	prose_heavy	dict-index	dictzip	prefix	401	23792
sample	prose_heavy	dict-index	dictzip	prefix	402	605833
sample	prose_heavy	dict-index	dictzip	prefix	403	177375
sample	prose_heavy	dict-index	dictzip	prefix	404	17167
sample	prose_heavy	dict-index	dictzip	prefix	405	1708
sample	prose_heavy	dict-index	dictzip	prefix	406	142375
sample	prose_heavy	dict-index	dictzip	prefix	407	432958
sample	prose_heavy	dict-index	dictzip	prefix	408	9917
sample	prose_heavy	dict-index	dictzip	prefix	409	2084
sample	prose_heavy	dict-index	dictzip	prefix	410	139375
sample	prose_heavy	dict-index	dictzip	prefix	411	363291
sample	prose_heavy	dict-index	dictzip	prefix	412	20083
sample	prose_heavy	dict-index	dictzip	prefix	413	3250
sample	prose_heavy	dict-index	dictzip	prefix	414	136834
sample	prose_heavy	dict-index	dictzip	prefix	415	493583
sample	prose_heavy	dict-index	dictzip	prefix	416	9417
sample	prose_heavy	dict-index	dictzip	prefix	417	2666
sample	prose_heavy	dict-index	dictzip	prefix	418	140125
sample	prose_heavy	dict-index	dictzip	prefix	419	151166
sample	prose_heavy	dict-index	dictzip	prefix	420	7000
sample	prose_heavy	dict-index	dictzip	prefix	421	833
sample	prose_heavy	dict-index	dictzip	prefix	422	169792
sample	prose_heavy	dict-index	dictzip	prefix	423	156292
sample	prose_heavy	dict-index	dictzip	prefix	424	9458
sample	prose_heavy	dict-index	dictzip	prefix	425	2042
sample	prose_heavy	dict-index	dictzip	prefix	426	264250
sample	prose_heavy	dict-index	dictzip	prefix	427	140458
sample	prose_heavy	dict-index	dictzip	prefix	428	5708
sample	prose_heavy	dict-index	dictzip	prefix	429	667
sample	prose_heavy	dict-index	dictzip	prefix	430	140291
sample	prose_heavy	dict-index	dictzip	prefix	431	143042
sample	prose_heavy	dict-index	dictzip	prefix	432	6292
sample	prose_heavy	dict-index	dictzip	prefix	433	2041
sample	prose_heavy	dict-index	dictzip	prefix	434	140791
sample	prose_heavy	dict-index	dictzip	prefix	435	190334
sample	prose_heavy	dict-index	dictzip	prefix	436	7666
sample	prose_heavy	dict-index	dictzip	prefix	437	4125
sample	prose_heavy	dict-index	dictzip	prefix	438	412083
sample	prose_heavy	dict-index	dictzip	prefix	439	630334
sample	prose_heavy	dict-index	dictzip	prefix	440	9459
sample	prose_heavy	dict-index	dictzip	prefix	441	7250
sample	prose_heavy	dict-index	dictzip	prefix	442	159333
sample	prose_heavy	dict-index	dictzip	prefix	443	148166
sample	prose_heavy	dict-index	dictzip	prefix	444	9375
sample	prose_heavy	dict-index	dictzip	prefix	445	708
sample	prose_heavy	dict-index	dictzip	prefix	446	307667
sample	prose_heavy	dict-index	dictzip	prefix	447	152333
sample	prose_heavy	dict-index	dictzip	prefix	448	6000
sample	prose_heavy	dict-index	dictzip	prefix	449	1667
sample	prose_heavy	dict-index	dictzip	prefix	450	136417
sample	prose_heavy	dict-index	dictzip	prefix	451	157375
sample	prose_heavy	dict-index	dictzip	prefix	452	17125
sample	prose_heavy	dict-index	dictzip	prefix	453	3791
sample	prose_heavy	dict-index	dictzip	prefix	454	188959
sample	prose_heavy	dict-index	dictzip	prefix	455	142333
sample	prose_heavy	dict-index	dictzip	prefix	456	12042
sample	prose_heavy	dict-index	dictzip	prefix	457	2417
sample	prose_heavy	dict-index	dictzip	prefix	458	133875
sample	prose_heavy	dict-index	dictzip	prefix	459	151500
sample	prose_heavy	dict-index	dictzip	prefix	460	11291
sample	prose_heavy	dict-index	dictzip	prefix	461	875
sample	prose_heavy	dict-index	dictzip	prefix	462	144708
sample	prose_heavy	dict-index	dictzip	prefix	463	164333
sample	prose_heavy	dict-index	dictzip	prefix	464	3667
sample	prose_heavy	dict-index	dictzip	prefix	465	1333
sample	prose_heavy	dict-index	dictzip	prefix	466	130375
sample	prose_heavy	dict-index	dictzip	prefix	467	144209
sample	prose_heavy	dict-index	dictzip	prefix	468	8375
sample	prose_heavy	dict-index	dictzip	prefix	469	833
sample	prose_heavy	dict-index	dictzip	prefix	470	134542
sample	prose_heavy	dict-index	dictzip	prefix	471	147084
sample	prose_heavy	dict-index	dictzip	prefix	472	8666
sample	prose_heavy	dict-index	dictzip	prefix	473	5875
sample	prose_heavy	dict-index	dictzip	prefix	474	380666
sample	prose_heavy	dict-index	dictzip	prefix	475	151666
sample	prose_heavy	dict-index	dictzip	prefix	476	7708
sample	prose_heavy	dict-index	dictzip	prefix	477	750
sample	prose_heavy	dict-index	dictzip	prefix	478	137916
sample	prose_heavy	dict-index	dictzip	prefix	479	171292
sample	prose_heavy	dict-index	dictzip	prefix	480	9333
sample	prose_heavy	dict-index	dictzip	prefix	481	3791
sample	prose_heavy	dict-index	dictzip	prefix	482	244083
sample	prose_heavy	dict-index	dictzip	prefix	483	158083
sample	prose_heavy	dict-index	dictzip	prefix	484	5958
sample	prose_heavy	dict-index	dictzip	prefix	485	792
sample	prose_heavy	dict-index	dictzip	prefix	486	137167
sample	prose_heavy	dict-index	dictzip	prefix	487	150583
sample	prose_heavy	dict-index	dictzip	prefix	488	4541
sample	prose_heavy	dict-index	dictzip	prefix	489	2042
sample	prose_heavy	dict-index	dictzip	prefix	490	132917
sample	prose_heavy	dict-index	dictzip	prefix	491	213833
sample	prose_heavy	dict-index	dictzip	prefix	492	23416
sample	prose_heavy	dict-index	dictzip	prefix	493	3500
sample	prose_heavy	dict-index	dictzip	prefix	494	140208
sample	prose_heavy	dict-index	dictzip	prefix	495	141875
sample	prose_heavy	dict-index	dictzip	prefix	496	11250
sample	prose_heavy	dict-index	dictzip	prefix	497	2333
sample	prose_heavy	dict-index	dictzip	prefix	498	139333
sample	prose_heavy	dict-index	dictzip	prefix	499	131583
sample	prose_heavy	dict-index	dictzip	prefix	500	4292
sample	prose_heavy	dict-index	dictzip	prefix	501	7375
sample	prose_heavy	dict-index	dictzip	prefix	502	355042
sample	prose_heavy	dict-index	dictzip	prefix	503	360083
sample	prose_heavy	dict-index	dictzip	prefix	504	6875
sample	prose_heavy	dict-index	dictzip	prefix	505	7458
sample	prose_heavy	dict-index	dictzip	prefix	506	148250
sample	prose_heavy	dict-index	dictzip	prefix	507	162125
sample	prose_heavy	dict-index	dictzip	prefix	508	60417
sample	prose_heavy	dict-index	dictzip	prefix	509	1916
sample	prose_heavy	dict-index	dictzip	prefix	510	138084
sample	prose_heavy	dict-index	dictzip	prefix	511	213375
sample	prose_heavy	dict-index	dictzip	prefix	512	16750
sample	prose_heavy	dict-index	dictzip	prefix	513	7459
sample	prose_heavy	dict-index	dictzip	prefix	514	1479167
sample	prose_heavy	dict-index	dictzip	prefix	515	143416
sample	prose_heavy	dict-index	dictzip	prefix	516	15709
sample	prose_heavy	dict-index	dictzip	prefix	517	834
sample	prose_heavy	dict-index	dictzip	prefix	518	145042
sample	prose_heavy	dict-index	dictzip	prefix	519	143875
sample	prose_heavy	dict-index	dictzip	prefix	520	7417
sample	prose_heavy	dict-index	dictzip	prefix	521	2084
sample	prose_heavy	dict-index	dictzip	prefix	522	139541
sample	prose_heavy	dict-index	dictzip	prefix	523	142417
sample	prose_heavy	dict-index	dictzip	prefix	524	14584
sample	prose_heavy	dict-index	dictzip	prefix	525	2667
sample	prose_heavy	dict-index	dictzip	prefix	526	280375
sample	prose_heavy	dict-index	dictzip	prefix	527	343333
sample	prose_heavy	dict-index	dictzip	prefix	528	9750
sample	prose_heavy	dict-index	dictzip	prefix	529	2208
sample	prose_heavy	dict-index	dictzip	prefix	530	140417
sample	prose_heavy	dict-index	dictzip	prefix	531	147958
sample	prose_heavy	dict-index	dictzip	prefix	532	18834
sample	prose_heavy	dict-index	dictzip	prefix	533	2584
sample	prose_heavy	dict-index	dictzip	prefix	534	1258208
sample	prose_heavy	dict-index	dictzip	prefix	535	380083
sample	prose_heavy	dict-index	dictzip	prefix	536	8417
sample	prose_heavy	dict-index	dictzip	prefix	537	2458
sample	prose_heavy	dict-index	dictzip	prefix	538	138792
sample	prose_heavy	dict-index	dictzip	prefix	539	138542
sample	prose_heavy	dict-index	dictzip	prefix	540	8000
sample	prose_heavy	dict-index	dictzip	prefix	541	709
sample	prose_heavy	dict-index	dictzip	prefix	542	137500
sample	prose_heavy	dict-index	dictzip	prefix	543	147291
sample	prose_heavy	dict-index	dictzip	prefix	544	10500
sample	prose_heavy	dict-index	dictzip	prefix	545	2708
sample	prose_heavy	dict-index	dictzip	prefix	546	140584
sample	prose_heavy	dict-index	dictzip	prefix	547	171875
sample	prose_heavy	dict-index	dictzip	prefix	548	21083
sample	prose_heavy	dict-index	dictzip	prefix	549	2375
sample	prose_heavy	dict-index	dictzip	prefix	550	138709
sample	prose_heavy	dict-index	dictzip	prefix	551	147958
sample	prose_heavy	dict-index	dictzip	prefix	552	8666
sample	prose_heavy	dict-index	dictzip	prefix	553	2292
sample	prose_heavy	dict-index	dictzip	prefix	554	138709
sample	prose_heavy	dict-index	dictzip	prefix	555	336125
sample	prose_heavy	dict-index	dictzip	prefix	556	24666
sample	prose_heavy	dict-index	dictzip	prefix	557	2083
sample	prose_heavy	dict-index	dictzip	prefix	558	136167
sample	prose_heavy	dict-index	dictzip	prefix	559	147209
sample	prose_heavy	dict-index	dictzip	prefix	560	8875
sample	prose_heavy	dict-index	dictzip	prefix	561	2333
sample	prose_heavy	dict-index	dictzip	prefix	562	138291
sample	prose_heavy	dict-index	dictzip	prefix	563	145459
sample	prose_heavy	dict-index	dictzip	prefix	564	15541
sample	prose_heavy	dict-index	dictzip	prefix	565	1958
sample	prose_heavy	dict-index	dictzip	prefix	566	136500
sample	prose_heavy	dict-index	dictzip	prefix	567	140459
sample	prose_heavy	dict-index	dictzip	prefix	568	9667
sample	prose_heavy	dict-index	dictzip	prefix	569	2250
sample	prose_heavy	dict-index	dictzip	prefix	570	142459
sample	prose_heavy	dict-index	dictzip	prefix	571	142291
sample	prose_heavy	dict-index	dictzip	prefix	572	7875
sample	prose_heavy	dict-index	dictzip	prefix	573	791
sample	prose_heavy	dict-index	dictzip	prefix	574	137208
sample	prose_heavy	dict-index	dictzip	prefix	575	146125
sample	prose_heavy	dict-index	dictzip	prefix	576	9334
sample	prose_heavy	dict-index	dictzip	prefix	577	2125
sample	prose_heavy	dict-index	dictzip	prefix	578	137458
sample	prose_heavy	dict-index	dictzip	prefix	579	147458
sample	prose_heavy	dict-index	dictzip	prefix	580	7750
sample	prose_heavy	dict-index	dictzip	prefix	581	750
sample	prose_heavy	dict-index	dictzip	prefix	582	133292
sample	prose_heavy	dict-index	dictzip	prefix	583	143417
sample	prose_heavy	dict-index	dictzip	prefix	584	11583
sample	prose_heavy	dict-index	dictzip	prefix	585	2792
sample	prose_heavy	dict-index	dictzip	prefix	586	137250
sample	prose_heavy	dict-index	dictzip	prefix	587	234917
sample	prose_heavy	dict-index	dictzip	prefix	588	11833
sample	prose_heavy	dict-index	dictzip	prefix	589	708
sample	prose_heavy	dict-index	dictzip	prefix	590	311750
sample	prose_heavy	dict-index	dictzip	prefix	591	151125
sample	prose_heavy	dict-index	dictzip	prefix	592	8125
sample	prose_heavy	dict-index	dictzip	prefix	593	1834
sample	prose_heavy	dict-index	dictzip	prefix	594	139583
sample	prose_heavy	dict-index	dictzip	prefix	595	146958
sample	prose_heavy	dict-index	dictzip	prefix	596	15625
sample	prose_heavy	dict-index	dictzip	prefix	597	4125
sample	prose_heavy	dict-index	dictzip	prefix	598	197333
sample	prose_heavy	dict-index	dictzip	prefix	599	147084
sample	prose_heavy	dict-index	dictzip	prefix	600	9250
sample	prose_heavy	dict-index	dictzip	prefix	601	2334
sample	prose_heavy	dict-index	dictzip	prefix	602	138333
sample	prose_heavy	dict-index	dictzip	prefix	603	211958
sample	prose_heavy	dict-index	dictzip	prefix	604	10667
sample	prose_heavy	dict-index	dictzip	prefix	605	666
sample	prose_heavy	dict-index	dictzip	prefix	606	141125
sample	prose_heavy	dict-index	dictzip	prefix	607	146583
sample	prose_heavy	dict-index	dictzip	prefix	608	10250
sample	prose_heavy	dict-index	dictzip	prefix	609	2041
sample	prose_heavy	dict-index	dictzip	prefix	610	464667
sample	prose_heavy	dict-index	dictzip	prefix	611	148167
sample	prose_heavy	dict-index	dictzip	prefix	612	8042
sample	prose_heavy	dict-index	dictzip	prefix	613	750
sample	prose_heavy	dict-index	dictzip	prefix	614	139000
sample	prose_heavy	dict-index	dictzip	prefix	615	147375
sample	prose_heavy	dict-index	dictzip	prefix	616	8500
sample	prose_heavy	dict-index	dictzip	prefix	617	2250
sample	prose_heavy	dict-index	dictzip	prefix	618	137542
sample	prose_heavy	dict-index	dictzip	prefix	619	142375
sample	prose_heavy	dict-index	dictzip	prefix	620	8916
sample	prose_heavy	dict-index	dictzip	prefix	621	1208
sample	prose_heavy	dict-index	dictzip	prefix	622	315834
sample	prose_heavy	dict-index	dictzip	prefix	623	149625
sample	prose_heavy	dict-index	dictzip	prefix	624	4209
sample	prose_heavy	dict-index	dictzip	prefix	625	2208
sample	prose_heavy	dict-index	dictzip	prefix	626	130333
sample	prose_heavy	dict-index	dictzip	prefix	627	318292
sample	prose_heavy	dict-index	dictzip	prefix	628	29541
sample	prose_heavy	dict-index	dictzip	prefix	629	44042
sample	prose_heavy	dict-index	dictzip	prefix	630	143084
sample	prose_heavy	dict-index	dictzip	prefix	631	137709
sample	prose_heavy	dict-index	dictzip	prefix	632	9458
sample	prose_heavy	dict-index	dictzip	prefix	633	4333
sample	prose_heavy	dict-index	dictzip	prefix	634	189750
sample	prose_heavy	dict-index	dictzip	prefix	635	136958
sample	prose_heavy	dict-index	dictzip	prefix	636	5500
sample	prose_heavy	dict-index	dictzip	prefix	637	625
sample	prose_heavy	dict-index	dictzip	prefix	638	131000
sample	prose_heavy	dict-index	dictzip	prefix	639	145500
sample	prose_heavy	dict-index	dictzip	prefix	640	7750
sample	prose_heavy	dict-index	dictzip	prefix	641	2167
sample	prose_heavy	dict-index	dictzip	prefix	642	400041
sample	prose_heavy	dict-index	dictzip	prefix	643	146958
sample	prose_heavy	dict-index	dictzip	prefix	644	5125
sample	prose_heavy	dict-index	dictzip	prefix	645	667
sample	prose_heavy	dict-index	dictzip	prefix	646	131583
sample	prose_heavy	dict-index	dictzip	prefix	647	425083
sample	prose_heavy	dict-index	dictzip	prefix	648	11584
sample	prose_heavy	dict-index	dictzip	prefix	649	7792
sample	prose_heavy	dict-index	dictzip	prefix	650	489333
sample	prose_heavy	dict-index	dictzip	prefix	651	154667
sample	prose_heavy	dict-index	dictzip	prefix	652	10875
sample	prose_heavy	dict-index	dictzip	prefix	653	792
sample	prose_heavy	dict-index	dictzip	prefix	654	136333
sample	prose_heavy	dict-index	dictzip	prefix	655	152750
sample	prose_heavy	dict-index	dictzip	prefix	656	11417
sample	prose_heavy	dict-index	dictzip	prefix	657	2375
sample	prose_heavy	dict-index	dictzip	prefix	658	138542
sample	prose_heavy	dict-index	dictzip	prefix	659	159792
sample	prose_heavy	dict-index	dictzip	prefix	660	6250
sample	prose_heavy	dict-index	dictzip	prefix	661	708
sample	prose_heavy	dict-index	dictzip	prefix	662	130250
sample	prose_heavy	dict-index	dictzip	prefix	663	673791
sample	prose_heavy	dict-index	dictzip	prefix	664	9458
sample	prose_heavy	dict-index	dictzip	prefix	665	2791
sample	prose_heavy	dict-index	dictzip	prefix	666	138250
sample	prose_heavy	dict-index	dictzip	prefix	667	340958
sample	prose_heavy	dict-index	dictzip	prefix	668	11334
sample	prose_heavy	dict-index	dictzip	prefix	669	708
sample	prose_heavy	dict-index	dictzip	prefix	670	135917
sample	prose_heavy	dict-index	dictzip	prefix	671	135625
sample	prose_heavy	dict-index	dictzip	prefix	672	8291
sample	prose_heavy	dict-index	dictzip	prefix	673	2750
sample	prose_heavy	dict-index	dictzip	prefix	674	141250
sample	prose_heavy	dict-index	dictzip	prefix	675	140375
sample	prose_heavy	dict-index	dictzip	prefix	676	4833
sample	prose_heavy	dict-index	dictzip	prefix	677	791
sample	prose_heavy	dict-index	dictzip	prefix	678	133959
sample	prose_heavy	dict-index	dictzip	prefix	679	400708
sample	prose_heavy	dict-index	dictzip	prefix	680	8875
sample	prose_heavy	dict-index	dictzip	prefix	681	13917
sample	prose_heavy	dict-index	dictzip	prefix	682	426125
sample	prose_heavy	dict-index	dictzip	prefix	683	196667
sample	prose_heavy	dict-index	dictzip	prefix	684	15917
sample	prose_heavy	dict-index	dictzip	prefix	685	875
sample	prose_heavy	dict-index	dictzip	prefix	686	142958
sample	prose_heavy	dict-index	dictzip	prefix	687	785875
sample	prose_heavy	dict-index	dictzip	prefix	688	11625
sample	prose_heavy	dict-index	dictzip	prefix	689	2875
sample	prose_heavy	dict-index	dictzip	prefix	690	137000
sample	prose_heavy	dict-index	dictzip	prefix	691	133750
sample	prose_heavy	dict-index	dictzip	prefix	692	19250
sample	prose_heavy	dict-index	dictzip	prefix	693	2917
sample	prose_heavy	dict-index	dictzip	prefix	694	351417
sample	prose_heavy	dict-index	dictzip	prefix	695	145375
sample	prose_heavy	dict-index	dictzip	prefix	696	8750
sample	prose_heavy	dict-index	dictzip	prefix	697	2084
sample	prose_heavy	dict-index	dictzip	prefix	698	494625
sample	prose_heavy	dict-index	dictzip	prefix	699	640667
sample	prose_heavy	dict-index	dictzip	prefix	700	23042
sample	prose_heavy	dict-index	dictzip	prefix	701	5291
sample	prose_heavy	dict-index	dictzip	prefix	702	251500
sample	prose_heavy	dict-index	dictzip	prefix	703	153833
sample	prose_heavy	dict-index	dictzip	prefix	704	4584
sample	prose_heavy	dict-index	dictzip	prefix	705	1417
sample	prose_heavy	dict-index	dictzip	prefix	706	131667
sample	prose_heavy	dict-index	dictzip	prefix	707	392375
sample	prose_heavy	dict-index	dictzip	prefix	708	13209
sample	prose_heavy	dict-index	dictzip	prefix	709	708
sample	prose_heavy	dict-index	dictzip	prefix	710	135583
sample	prose_heavy	dict-index	dictzip	prefix	711	149250
sample	prose_heavy	dict-index	dictzip	prefix	712	7125
sample	prose_heavy	dict-index	dictzip	prefix	713	1834
sample	prose_heavy	dict-index	dictzip	prefix	714	132750
sample	prose_heavy	dict-index	dictzip	prefix	715	146125
sample	prose_heavy	dict-index	dictzip	prefix	716	38459
sample	prose_heavy	dict-index	dictzip	prefix	717	1416
sample	prose_heavy	dict-index	dictzip	prefix	718	546542
sample	prose_heavy	dict-index	dictzip	prefix	719	142250
sample	prose_heavy	dict-index	dictzip	prefix	720	9583
sample	prose_heavy	dict-index	dictzip	prefix	721	7416
sample	prose_heavy	dict-index	dictzip	prefix	722	440791
sample	prose_heavy	dict-index	dictzip	prefix	723	300625
sample	prose_heavy	dict-index	dictzip	prefix	724	9291
sample	prose_heavy	dict-index	dictzip	prefix	725	1834
sample	prose_heavy	dict-index	dictzip	prefix	726	134958
sample	prose_heavy	dict-index	dictzip	prefix	727	146209
sample	prose_heavy	dict-index	dictzip	prefix	728	3708
sample	prose_heavy	dict-index	dictzip	prefix	729	1792
sample	prose_heavy	dict-index	dictzip	prefix	730	130583
sample	prose_heavy	dict-index	dictzip	prefix	731	150333
sample	prose_heavy	dict-index	dictzip	prefix	732	6083
sample	prose_heavy	dict-index	dictzip	prefix	733	833
sample	prose_heavy	dict-index	dictzip	prefix	734	264500
sample	prose_heavy	dict-index	dictzip	prefix	735	150208
sample	prose_heavy	dict-index	dictzip	prefix	736	22541
sample	prose_heavy	dict-index	dictzip	prefix	737	5541
sample	prose_heavy	dict-index	dictzip	prefix	738	139791
sample	prose_heavy	dict-index	dictzip	prefix	739	144166
sample	prose_heavy	dict-index	dictzip	prefix	740	16000
sample	prose_heavy	dict-index	dictzip	prefix	741	5875
sample	prose_heavy	dict-index	dictzip	prefix	742	198792
sample	prose_heavy	dict-index	dictzip	prefix	743	279834
sample	prose_heavy	dict-index	dictzip	prefix	744	10292
sample	prose_heavy	dict-index	dictzip	prefix	745	2584
sample	prose_heavy	dict-index	dictzip	prefix	746	263417
sample	prose_heavy	dict-index	dictzip	prefix	747	390666
sample	prose_heavy	dict-index	dictzip	prefix	748	10667
sample	prose_heavy	dict-index	dictzip	prefix	749	791
sample	prose_heavy	dict-index	dictzip	prefix	750	138959
sample	prose_heavy	dict-index	dictzip	prefix	751	143292
sample	prose_heavy	dict-index	dictzip	prefix	752	10042
sample	prose_heavy	dict-index	dictzip	prefix	753	1916
sample	prose_heavy	dict-index	dictzip	prefix	754	138166
sample	prose_heavy	dict-index	dictzip	prefix	755	149417
sample	prose_heavy	dict-index	dictzip	prefix	756	9709
sample	prose_heavy	dict-index	dictzip	prefix	757	750
sample	prose_heavy	dict-index	dictzip	prefix	758	136875
sample	prose_heavy	dict-index	dictzip	prefix	759	143458
sample	prose_heavy	dict-index	dictzip	prefix	760	18833
sample	prose_heavy	dict-index	dictzip	prefix	761	4958
sample	prose_heavy	dict-index	dictzip	prefix	762	138916
sample	prose_heavy	dict-index	dictzip	prefix	763	148500
sample	prose_heavy	dict-index	dictzip	prefix	764	6166
sample	prose_heavy	dict-index	dictzip	prefix	765	708
sample	prose_heavy	dict-index	dictzip	prefix	766	130583
sample	prose_heavy	dict-index	dictzip	prefix	767	232084
sample	prose_heavy	dict-index	dictzip	prefix	768	9834
sample	prose_heavy	dict-index	dictzip	prefix	769	2167
sample	prose_heavy	dict-index	dictzip	prefix	770	211250
sample	prose_heavy	dict-index	dictzip	prefix	771	138958
sample	prose_heavy	dict-index	dictzip	prefix	772	13375
sample	prose_heavy	dict-index	dictzip	prefix	773	1708
sample	prose_heavy	dict-index	dictzip	prefix	774	136542
sample	prose_heavy	dict-index	dictzip	prefix	775	183375
sample	prose_heavy	dict-index	dictzip	prefix	776	7792
sample	prose_heavy	dict-index	dictzip	prefix	777	7375
sample	prose_heavy	dict-index	dictzip	prefix	778	419333
sample	prose_heavy	dict-index	dictzip	prefix	779	388875
sample	prose_heavy	dict-index	dictzip	prefix	780	11250
sample	prose_heavy	dict-index	dictzip	prefix	781	709
sample	prose_heavy	dict-index	dictzip	prefix	782	140958
sample	prose_heavy	dict-index	dictzip	prefix	783	144500
sample	prose_heavy	dict-index	dictzip	prefix	784	10375
sample	prose_heavy	dict-index	dictzip	prefix	785	2625
sample	prose_heavy	dict-index	dictzip	prefix	786	137917
sample	prose_heavy	dict-index	dictzip	prefix	787	142000
sample	prose_heavy	dict-index	dictzip	prefix	788	3917
sample	prose_heavy	dict-index	dictzip	prefix	789	625
sample	prose_heavy	dict-index	dictzip	prefix	790	827791
sample	prose_heavy	dict-index	dictzip	prefix	791	140209
sample	prose_heavy	dict-index	dictzip	prefix	792	8416
sample	prose_heavy	dict-index	dictzip	prefix	793	2000
sample	prose_heavy	dict-index	dictzip	prefix	794	147000
sample	prose_heavy	dict-index	dictzip	prefix	795	153291
sample	prose_heavy	dict-index	dictzip	prefix	796	9750
sample	prose_heavy	dict-index	dictzip	prefix	797	750
sample	prose_heavy	dict-index	dictzip	prefix	798	138208
sample	prose_heavy	dict-index	dictzip	prefix	799	152667
sample	prose_heavy	dict-index	dictzip	prefix	800	10458
sample	prose_heavy	dict-index	dictzip	prefix	801	2625
sample	prose_heavy	dict-index	dictzip	prefix	802	139708
sample	prose_heavy	dict-index	dictzip	prefix	803	141667
sample	prose_heavy	dict-index	dictzip	prefix	804	9542
sample	prose_heavy	dict-index	dictzip	prefix	805	666
sample	prose_heavy	dict-index	dictzip	prefix	806	134667
sample	prose_heavy	dict-index	dictzip	prefix	807	139750
sample	prose_heavy	dict-index	dictzip	prefix	808	4292
sample	prose_heavy	dict-index	dictzip	prefix	809	1709
sample	prose_heavy	dict-index	dictzip	prefix	810	184333
sample	prose_heavy	dict-index	dictzip	prefix	811	324250
sample	prose_heavy	dict-index	dictzip	prefix	812	11792
sample	prose_heavy	dict-index	dictzip	prefix	813	792
sample	prose_heavy	dict-index	dictzip	prefix	814	138333
sample	prose_heavy	dict-index	dictzip	prefix	815	145417
sample	prose_heavy	dict-index	dictzip	prefix	816	31000
sample	prose_heavy	dict-index	dictzip	prefix	817	10584
sample	prose_heavy	dict-index	dictzip	prefix	818	407708
sample	prose_heavy	dict-index	dictzip	prefix	819	145750
sample	prose_heavy	dict-index	dictzip	prefix	820	12375
sample	prose_heavy	dict-index	dictzip	prefix	821	792
sample	prose_heavy	dict-index	dictzip	prefix	822	140792
sample	prose_heavy	dict-index	dictzip	prefix	823	147792
sample	prose_heavy	dict-index	dictzip	prefix	824	19167
sample	prose_heavy	dict-index	dictzip	prefix	825	3958
sample	prose_heavy	dict-index	dictzip	prefix	826	139417
sample	prose_heavy	dict-index	dictzip	prefix	827	158541
sample	prose_heavy	dict-index	dictzip	prefix	828	10750
sample	prose_heavy	dict-index	dictzip	prefix	829	791
sample	prose_heavy	dict-index	dictzip	prefix	830	136125
sample	prose_heavy	dict-index	dictzip	prefix	831	142042
sample	prose_heavy	dict-index	dictzip	prefix	832	9250
sample	prose_heavy	dict-index	dictzip	prefix	833	2792
sample	prose_heavy	dict-index	dictzip	prefix	834	140500
sample	prose_heavy	dict-index	dictzip	prefix	835	214209
sample	prose_heavy	dict-index	dictzip	prefix	836	6250
sample	prose_heavy	dict-index	dictzip	prefix	837	791
sample	prose_heavy	dict-index	dictzip	prefix	838	134334
sample	prose_heavy	dict-index	dictzip	prefix	839	280833
sample	prose_heavy	dict-index	dictzip	prefix	840	8958
sample	prose_heavy	dict-index	dictzip	prefix	841	1916
sample	prose_heavy	dict-index	dictzip	prefix	842	136458
sample	prose_heavy	dict-index	dictzip	prefix	843	139416
sample	prose_heavy	dict-index	dictzip	prefix	844	5041
sample	prose_heavy	dict-index	dictzip	prefix	845	625
sample	prose_heavy	dict-index	dictzip	prefix	846	130583
sample	prose_heavy	dict-index	dictzip	prefix	847	157541
sample	prose_heavy	dict-index	dictzip	prefix	848	3583
sample	prose_heavy	dict-index	dictzip	prefix	849	1667
sample	prose_heavy	dict-index	dictzip	prefix	850	169542
sample	prose_heavy	dict-index	dictzip	prefix	851	416750
sample	prose_heavy	dict-index	dictzip	prefix	852	22125
sample	prose_heavy	dict-index	dictzip	prefix	853	3875
sample	prose_heavy	dict-index	dictzip	prefix	854	373875
sample	prose_heavy	dict-index	dictzip	prefix	855	1517292
sample	prose_heavy	dict-index	dictzip	prefix	856	7541
sample	prose_heavy	dict-index	dictzip	prefix	857	2000
sample	prose_heavy	dict-index	dictzip	prefix	858	136541
sample	prose_heavy	dict-index	dictzip	prefix	859	209709
sample	prose_heavy	dict-index	dictzip	prefix	860	11417
sample	prose_heavy	dict-index	dictzip	prefix	861	875
sample	prose_heavy	dict-index	dictzip	prefix	862	138042
sample	prose_heavy	dict-index	dictzip	prefix	863	137709
sample	prose_heavy	dict-index	dictzip	prefix	864	9875
sample	prose_heavy	dict-index	dictzip	prefix	865	8250
sample	prose_heavy	dict-index	dictzip	prefix	866	164333
sample	prose_heavy	dict-index	dictzip	prefix	867	139333
sample	prose_heavy	dict-index	dictzip	prefix	868	11500
sample	prose_heavy	dict-index	dictzip	prefix	869	833
sample	prose_heavy	dict-index	dictzip	prefix	870	153750
sample	prose_heavy	dict-index	dictzip	prefix	871	204875
sample	prose_heavy	dict-index	dictzip	prefix	872	14000
sample	prose_heavy	dict-index	dictzip	prefix	873	2333
sample	prose_heavy	dict-index	dictzip	prefix	874	142125
sample	prose_heavy	dict-index	dictzip	prefix	875	411458
sample	prose_heavy	dict-index	dictzip	prefix	876	10667
sample	prose_heavy	dict-index	dictzip	prefix	877	875
sample	prose_heavy	dict-index	dictzip	prefix	878	415791
sample	prose_heavy	dict-index	dictzip	prefix	879	386916
sample	prose_heavy	dict-index	dictzip	prefix	880	10166
sample	prose_heavy	dict-index	dictzip	prefix	881	2708
sample	prose_heavy	dict-index	dictzip	prefix	882	183916
sample	prose_heavy	dict-index	dictzip	prefix	883	530250
sample	prose_heavy	dict-index	dictzip	prefix	884	21750
sample	prose_heavy	dict-index	dictzip	prefix	885	5250
sample	prose_heavy	dict-index	dictzip	prefix	886	142125
sample	prose_heavy	dict-index	dictzip	prefix	887	402708
sample	prose_heavy	dict-index	dictzip	prefix	888	22042
sample	prose_heavy	dict-index	dictzip	prefix	889	4334
sample	prose_heavy	dict-index	dictzip	prefix	890	144333
sample	prose_heavy	dict-index	dictzip	prefix	891	146625
sample	prose_heavy	dict-index	dictzip	prefix	892	11125
sample	prose_heavy	dict-index	dictzip	prefix	893	750
sample	prose_heavy	dict-index	dictzip	prefix	894	296875
sample	prose_heavy	dict-index	dictzip	prefix	895	154708
sample	prose_heavy	dict-index	dictzip	prefix	896	15375
sample	prose_heavy	dict-index	dictzip	prefix	897	20375
sample	prose_heavy	dict-index	dictzip	prefix	898	143667
sample	prose_heavy	dict-index	dictzip	prefix	899	138334
sample	prose_heavy	dict-index	dictzip	prefix	900	12166
sample	prose_heavy	dict-index	dictzip	prefix	901	1042
sample	prose_heavy	dict-index	dictzip	prefix	902	143709
sample	prose_heavy	dict-index	dictzip	prefix	903	153458
sample	prose_heavy	dict-index	dictzip	prefix	904	9000
sample	prose_heavy	dict-index	dictzip	prefix	905	2250
sample	prose_heavy	dict-index	dictzip	prefix	906	138667
sample	prose_heavy	dict-index	dictzip	prefix	907	332916
sample	prose_heavy	dict-index	dictzip	prefix	908	12000
sample	prose_heavy	dict-index	dictzip	prefix	909	750
sample	prose_heavy	dict-index	dictzip	prefix	910	136791
sample	prose_heavy	dict-index	dictzip	prefix	911	451709
sample	prose_heavy	dict-index	dictzip	prefix	912	13083
sample	prose_heavy	dict-index	dictzip	prefix	913	2958
sample	prose_heavy	dict-index	dictzip	prefix	914	141208
sample	prose_heavy	dict-index	dictzip	prefix	915	364334
sample	prose_heavy	dict-index	dictzip	prefix	916	28625
sample	prose_heavy	dict-index	dictzip	prefix	917	3583
sample	prose_heavy	dict-index	dictzip	prefix	918	143458
sample	prose_heavy	dict-index	dictzip	prefix	919	148833
sample	prose_heavy	dict-index	dictzip	prefix	920	11583
sample	prose_heavy	dict-index	dictzip	prefix	921	2042
sample	prose_heavy	dict-index	dictzip	prefix	922	135083
sample	prose_heavy	dict-index	dictzip	prefix	923	130958
sample	prose_heavy	dict-index	dictzip	prefix	924	15959
sample	prose_heavy	dict-index	dictzip	prefix	925	1875
sample	prose_heavy	dict-index	dictzip	prefix	926	294000
sample	prose_heavy	dict-index	dictzip	prefix	927	147791
sample	prose_heavy	dict-index	dictzip	prefix	928	7583
sample	prose_heavy	dict-index	dictzip	prefix	929	2125
sample	prose_heavy	dict-index	dictzip	prefix	930	142083
sample	prose_heavy	dict-index	dictzip	prefix	931	375417
sample	prose_heavy	dict-index	dictzip	prefix	932	210333
sample	prose_heavy	dict-index	dictzip	prefix	933	3167
sample	prose_heavy	dict-index	dictzip	prefix	934	422500
sample	prose_heavy	dict-index	dictzip	prefix	935	396041
sample	prose_heavy	dict-index	dictzip	prefix	936	10208
sample	prose_heavy	dict-index	dictzip	prefix	937	2625
sample	prose_heavy	dict-index	dictzip	prefix	938	296167
sample	prose_heavy	dict-index	dictzip	prefix	939	152708
sample	prose_heavy	dict-index	dictzip	prefix	940	21167
sample	prose_heavy	dict-index	dictzip	prefix	941	3417
sample	prose_heavy	dict-index	dictzip	prefix	942	141208
sample	prose_heavy	dict-index	dictzip	prefix	943	150125
sample	prose_heavy	dict-index	dictzip	prefix	944	9875
sample	prose_heavy	dict-index	dictzip	prefix	945	2042
sample	prose_heavy	dict-index	dictzip	prefix	946	250000
sample	prose_heavy	dict-index	dictzip	prefix	947	398625
sample	prose_heavy	dict-index	dictzip	prefix	948	11791
sample	prose_heavy	dict-index	dictzip	prefix	949	750
sample	prose_heavy	dict-index	dictzip	prefix	950	140916
sample	prose_heavy	dict-index	dictzip	prefix	951	146209
sample	prose_heavy	dict-index	dictzip	prefix	952	10875
sample	prose_heavy	dict-index	dictzip	prefix	953	2083
sample	prose_heavy	dict-index	dictzip	prefix	954	140500
sample	prose_heavy	dict-index	dictzip	prefix	955	386208
sample	prose_heavy	dict-index	dictzip	prefix	956	11583
sample	prose_heavy	dict-index	dictzip	prefix	957	875
sample	prose_heavy	dict-index	dictzip	prefix	958	141709
sample	prose_heavy	dict-index	dictzip	prefix	959	365666
sample	prose_heavy	dict-index	dictzip	prefix	960	14334
sample	prose_heavy	dict-index	dictzip	prefix	961	3042
sample	prose_heavy	dict-index	dictzip	prefix	962	140042
sample	prose_heavy	dict-index	dictzip	prefix	963	266666
sample	prose_heavy	dict-index	dictzip	prefix	964	13542
sample	prose_heavy	dict-index	dictzip	prefix	965	5584
sample	prose_heavy	dict-index	dictzip	prefix	966	351542
sample	prose_heavy	dict-index	dictzip	prefix	967	322875
sample	prose_heavy	dict-index	dictzip	prefix	968	12709
sample	prose_heavy	dict-index	dictzip	prefix	969	7584
sample	prose_heavy	dict-index	dictzip	prefix	970	429208
sample	prose_heavy	dict-index	dictzip	prefix	971	288750
sample	prose_heavy	dict-index	dictzip	prefix	972	10250
sample	prose_heavy	dict-index	dictzip	prefix	973	791
sample	prose_heavy	dict-index	dictzip	prefix	974	142625
sample	prose_heavy	dict-index	dictzip	prefix	975	150125
sample	prose_heavy	dict-index	dictzip	prefix	976	18084
sample	prose_heavy	dict-index	dictzip	prefix	977	16583
sample	prose_heavy	dict-index	dictzip	prefix	978	311625
sample	prose_heavy	dict-index	dictzip	prefix	979	366209
sample	prose_heavy	dict-index	dictzip	prefix	980	13625
sample	prose_heavy	dict-index	dictzip	prefix	981	875
sample	prose_heavy	dict-index	dictzip	prefix	982	147125
sample	prose_heavy	dict-index	dictzip	prefix	983	415000
sample	prose_heavy	dict-index	dictzip	prefix	984	14292
sample	prose_heavy	dict-index	dictzip	prefix	985	2959
sample	prose_heavy	dict-index	dictzip	prefix	986	144584
sample	prose_heavy	dict-index	dictzip	prefix	987	579750
sample	prose_heavy	dict-index	dictzip	prefix	988	10250
sample	prose_heavy	dict-index	dictzip	prefix	989	958
sample	prose_heavy	dict-index	dictzip	prefix	990	134292
sample	prose_heavy	dict-index	dictzip	prefix	991	429292
sample	prose_heavy	dict-index	dictzip	prefix	992	13000
sample	prose_heavy	dict-index	dictzip	prefix	993	2667
sample	prose_heavy	dict-index	dictzip	prefix	994	454459
sample	prose_heavy	dict-index	dictzip	prefix	995	387625
sample	prose_heavy	dict-index	dictzip	prefix	996	7541
sample	prose_heavy	dict-index	dictzip	prefix	997	625
sample	prose_heavy	dict-index	dictzip	prefix	998	133042
sample	prose_heavy	dict-index	dictzip	prefix	999	157459
sample	prose_heavy	dict-index	dictzip	render	0	9785500
sample	prose_heavy	dict-index	dictzip	render	1	5666291
sample	prose_heavy	dict-index	dictzip	render	2	6196125
sample	prose_heavy	dict-index	dictzip	render	3	7753084
sample	prose_heavy	dict-index	dictzip	render	4	8605250
sample	prose_heavy	dict-index	dictzip	render	5	4559333
sample	prose_heavy	dict-index	dictzip	render	6	6155333
sample	prose_heavy	dict-index	dictzip	render	7	6192042
sample	prose_heavy	dict-index	dictzip	render	8	11287459
sample	prose_heavy	dict-index	dictzip	render	9	5659917
sample	prose_heavy	dict-index	dictzip	render	10	6308625
sample	prose_heavy	dict-index	dictzip	render	11	7916167
sample	prose_heavy	dict-index	dictzip	render	12	6406292
sample	prose_heavy	dict-index	dictzip	render	13	6453792
sample	prose_heavy	dict-index	dictzip	render	14	7436916
sample	prose_heavy	dict-index	dictzip	render	15	4654333
sample	prose_heavy	dict-index	dictzip	render	16	6756917
sample	prose_heavy	dict-index	dictzip	render	17	6028125
sample	prose_heavy	dict-index	dictzip	render	18	10247334
sample	prose_heavy	dict-index	dictzip	render	19	6471500
sample	prose_heavy	dict-index	dictzip	render	20	5615000
sample	prose_heavy	dict-index	dictzip	render	21	5942250
sample	prose_heavy	dict-index	dictzip	render	22	9509416
sample	prose_heavy	dict-index	dictzip	render	23	5873167
sample	prose_heavy	dict-index	dictzip	render	24	5540292
sample	prose_heavy	dict-index	dictzip	render	25	7675916
sample	prose_heavy	dict-index	dictzip	render	26	6815542
sample	prose_heavy	dict-index	dictzip	render	27	6900958
sample	prose_heavy	dict-index	dictzip	render	28	6046625
sample	prose_heavy	dict-index	dictzip	render	29	6049834
sample	prose_heavy	dict-index	dictzip	render	30	7585958
sample	prose_heavy	dict-index	dictzip	render	31	5646666
sample	prose_heavy	dict-index	dictzip	render	32	7724750
sample	prose_heavy	dict-index	dictzip	render	33	5594500
sample	prose_heavy	dict-index	dictzip	render	34	7423958
sample	prose_heavy	dict-index	dictzip	render	35	5267083
sample	prose_heavy	dict-index	dictzip	render	36	5648709
sample	prose_heavy	dict-index	dictzip	render	37	5993166
sample	prose_heavy	dict-index	dictzip	render	38	7457750
sample	prose_heavy	dict-index	dictzip	render	39	6424375
sample	prose_heavy	dict-index	dictzip	render	40	6397792
sample	prose_heavy	dict-index	dictzip	render	41	7222375
sample	prose_heavy	dict-index	dictzip	render	42	7092000
sample	prose_heavy	dict-index	dictzip	render	43	4964125
sample	prose_heavy	dict-index	dictzip	render	44	5870917
sample	prose_heavy	dict-index	dictzip	render	45	7747917
sample	prose_heavy	dict-index	dictzip	render	46	5229209
sample	prose_heavy	dict-index	dictzip	render	47	4746625
sample	prose_heavy	dict-index	dictzip	render	48	6633417
sample	prose_heavy	dict-index	dictzip	render	49	9158666
sample	prose_heavy	dict-index	dictzip	render	50	6967375
sample	prose_heavy	dict-index	dictzip	render	51	6110625
sample	prose_heavy	dict-index	dictzip	render	52	7164250
sample	prose_heavy	dict-index	dictzip	render	53	9531750
sample	prose_heavy	dict-index	dictzip	render	54	5137375
sample	prose_heavy	dict-index	dictzip	render	55	5195417
sample	prose_heavy	dict-index	dictzip	render	56	6061250
sample	prose_heavy	dict-index	dictzip	render	57	6756708
sample	prose_heavy	dict-index	dictzip	render	58	5955166
sample	prose_heavy	dict-index	dictzip	render	59	5160417
sample	prose_heavy	dict-index	dictzip	render	60	5546375
sample	prose_heavy	dict-index	dictzip	render	61	7495667
sample	prose_heavy	dict-index	dictzip	render	62	6045583
sample	prose_heavy	dict-index	dictzip	render	63	5163083
sample	prose_heavy	dict-index	dictzip	render	64	6521917
sample	prose_heavy	dict-index	dictzip	render	65	7211834
sample	prose_heavy	dict-index	dictzip	render	66	7356125
sample	prose_heavy	dict-index	dictzip	render	67	5778167
sample	prose_heavy	dict-index	dictzip	render	68	7633209
sample	prose_heavy	dict-index	dictzip	render	69	8343083
sample	prose_heavy	dict-index	dictzip	render	70	5170250
sample	prose_heavy	dict-index	dictzip	render	71	4068291
sample	prose_heavy	dict-index	dictzip	render	72	4657708
sample	prose_heavy	dict-index	dictzip	render	73	5354875
sample	prose_heavy	dict-index	dictzip	render	74	7829292
sample	prose_heavy	dict-index	dictzip	render	75	6090667
sample	prose_heavy	dict-index	dictzip	render	76	5266208
sample	prose_heavy	dict-index	dictzip	render	77	5199666
sample	prose_heavy	dict-index	dictzip	render	78	7442625
sample	prose_heavy	dict-index	dictzip	render	79	6770083
sample	prose_heavy	dict-index	dictzip	render	80	5215041
sample	prose_heavy	dict-index	dictzip	render	81	6231917
sample	prose_heavy	dict-index	dictzip	render	82	7379458
sample	prose_heavy	dict-index	dictzip	render	83	6200208
sample	prose_heavy	dict-index	dictzip	render	84	6991208
sample	prose_heavy	dict-index	dictzip	render	85	5633292
sample	prose_heavy	dict-index	dictzip	render	86	7017833
sample	prose_heavy	dict-index	dictzip	render	87	5893042
sample	prose_heavy	dict-index	dictzip	render	88	4566084
sample	prose_heavy	dict-index	dictzip	render	89	4528042
sample	prose_heavy	dict-index	dictzip	render	90	5812500
sample	prose_heavy	dict-index	dictzip	render	91	7345542
sample	prose_heavy	dict-index	dictzip	render	92	6137083
sample	prose_heavy	dict-index	dictzip	render	93	4780959
sample	prose_heavy	dict-index	dictzip	render	94	5009084
sample	prose_heavy	dict-index	dictzip	render	95	7025375
sample	prose_heavy	dict-index	dictzip	render	96	7435834
sample	prose_heavy	dict-index	dictzip	render	97	6409917
sample	prose_heavy	dict-index	dictzip	render	98	5809083
sample	prose_heavy	dict-index	dictzip	render	99	8793667
sample	prose_heavy	dict-index	dictzip	render	100	6004750
sample	prose_heavy	dict-index	dictzip	render	101	5134958
sample	prose_heavy	dict-index	dictzip	render	102	5838917
sample	prose_heavy	dict-index	dictzip	render	103	6582333
sample	prose_heavy	dict-index	dictzip	render	104	6195417
sample	prose_heavy	dict-index	dictzip	render	105	6621625
sample	prose_heavy	dict-index	dictzip	render	106	6578792
sample	prose_heavy	dict-index	dictzip	render	107	7120916
sample	prose_heavy	dict-index	dictzip	render	108	9166083
sample	prose_heavy	dict-index	dictzip	render	109	7328666
sample	prose_heavy	dict-index	dictzip	render	110	5298375
sample	prose_heavy	dict-index	dictzip	render	111	7805708
sample	prose_heavy	dict-index	dictzip	render	112	7042292
sample	prose_heavy	dict-index	dictzip	render	113	6940667
sample	prose_heavy	dict-index	dictzip	render	114	9364584
sample	prose_heavy	dict-index	dictzip	render	115	10294875
sample	prose_heavy	dict-index	dictzip	render	116	7541333
sample	prose_heavy	dict-index	dictzip	render	117	5698291
sample	prose_heavy	dict-index	dictzip	render	118	7729334
sample	prose_heavy	dict-index	dictzip	render	119	7057750
sample	prose_heavy	dict-index	dictzip	render	120	4438666
sample	prose_heavy	dict-index	dictzip	render	121	5402500
sample	prose_heavy	dict-index	dictzip	render	122	7305917
sample	prose_heavy	dict-index	dictzip	render	123	8979250
sample	prose_heavy	dict-index	dictzip	render	124	5701833
sample	prose_heavy	dict-index	dictzip	render	125	7515125
sample	prose_heavy	dict-index	dictzip	render	126	7915917
sample	prose_heavy	dict-index	dictzip	render	127	6416666
sample	prose_heavy	dict-index	dictzip	render	128	5226167
sample	prose_heavy	dict-index	dictzip	render	129	5169042
sample	prose_heavy	dict-index	dictzip	render	130	8534125
sample	prose_heavy	dict-index	dictzip	render	131	6384125
sample	prose_heavy	dict-index	dictzip	render	132	6537291
sample	prose_heavy	dict-index	dictzip	render	133	5732000
sample	prose_heavy	dict-index	dictzip	render	134	7437041
sample	prose_heavy	dict-index	dictzip	render	135	4694583
sample	prose_heavy	dict-index	dictzip	render	136	5245291
sample	prose_heavy	dict-index	dictzip	render	137	7034459
sample	prose_heavy	dict-index	dictzip	render	138	9980042
sample	prose_heavy	dict-index	dictzip	render	139	4794750
sample	prose_heavy	dict-index	dictzip	render	140	5162375
sample	prose_heavy	dict-index	dictzip	render	141	7557625
sample	prose_heavy	dict-index	dictzip	render	142	6768459
sample	prose_heavy	dict-index	dictzip	render	143	6360917
sample	prose_heavy	dict-index	dictzip	render	144	5549375
sample	prose_heavy	dict-index	dictzip	render	145	6523209
sample	prose_heavy	dict-index	dictzip	render	146	6852500
sample	prose_heavy	dict-index	dictzip	render	147	5697875
sample	prose_heavy	dict-index	dictzip	render	148	5026750
sample	prose_heavy	dict-index	dictzip	render	149	7443292
sample	prose_heavy	dict-index	dictzip	render	150	6450333
sample	prose_heavy	dict-index	dictzip	render	151	5901542
sample	prose_heavy	dict-index	dictzip	render	152	6316000
sample	prose_heavy	dict-index	dictzip	render	153	6267083
sample	prose_heavy	dict-index	dictzip	render	154	5529083
sample	prose_heavy	dict-index	dictzip	render	155	8450334
sample	prose_heavy	dict-index	dictzip	render	156	5647917
sample	prose_heavy	dict-index	dictzip	render	157	6000833
sample	prose_heavy	dict-index	dictzip	render	158	8054334
sample	prose_heavy	dict-index	dictzip	render	159	7973708
sample	prose_heavy	dict-index	dictzip	render	160	6653250
sample	prose_heavy	dict-index	dictzip	render	161	6389792
sample	prose_heavy	dict-index	dictzip	render	162	7993375
sample	prose_heavy	dict-index	dictzip	render	163	8365417
sample	prose_heavy	dict-index	dictzip	render	164	7769208
sample	prose_heavy	dict-index	dictzip	render	165	10792833
sample	prose_heavy	dict-index	dictzip	render	166	10865709
sample	prose_heavy	dict-index	dictzip	render	167	10326917
sample	prose_heavy	dict-index	dictzip	render	168	12525042
sample	prose_heavy	dict-index	dictzip	render	169	9731000
sample	prose_heavy	dict-index	dictzip	render	170	10471041
sample	prose_heavy	dict-index	dictzip	render	171	8069250
sample	prose_heavy	dict-index	dictzip	render	172	10830833
sample	prose_heavy	dict-index	dictzip	render	173	11079041
sample	prose_heavy	dict-index	dictzip	render	174	9349833
sample	prose_heavy	dict-index	dictzip	render	175	9799333
sample	prose_heavy	dict-index	dictzip	render	176	11319792
sample	prose_heavy	dict-index	dictzip	render	177	9979916
sample	prose_heavy	dict-index	dictzip	render	178	11205416
sample	prose_heavy	dict-index	dictzip	render	179	8998292
sample	prose_heavy	dict-index	dictzip	render	180	10167084
sample	prose_heavy	dict-index	dictzip	render	181	10511125
sample	prose_heavy	dict-index	dictzip	render	182	7944709
sample	prose_heavy	dict-index	dictzip	render	183	13374958
sample	prose_heavy	dict-index	dictzip	render	184	9816708
sample	prose_heavy	dict-index	dictzip	render	185	9685875
sample	prose_heavy	dict-index	dictzip	render	186	11308916
sample	prose_heavy	dict-index	dictzip	render	187	9598458
sample	prose_heavy	dict-index	dictzip	render	188	10033750
sample	prose_heavy	dict-index	dictzip	render	189	12634708
sample	prose_heavy	dict-index	dictzip	render	190	9497708
sample	prose_heavy	dict-index	dictzip	render	191	8864792
sample	prose_heavy	dict-index	dictzip	render	192	10623583
sample	prose_heavy	dict-index	dictzip	render	193	10916375
sample	prose_heavy	dict-index	dictzip	render	194	9244833
sample	prose_heavy	dict-index	dictzip	render	195	11768166
sample	prose_heavy	dict-index	dictzip	render	196	9004709
sample	prose_heavy	dict-index	dictzip	render	197	15232500
sample	prose_heavy	dict-index	dictzip	render	198	9552125
sample	prose_heavy	dict-index	dictzip	render	199	10952875
sample	prose_heavy	dict-index	dictzip	render	200	9767375
sample	prose_heavy	dict-index	dictzip	render	201	8014916
sample	prose_heavy	dict-index	dictzip	render	202	12747375
sample	prose_heavy	dict-index	dictzip	render	203	9008042
sample	prose_heavy	dict-index	dictzip	render	204	9643959
sample	prose_heavy	dict-index	dictzip	render	205	10835167
sample	prose_heavy	dict-index	dictzip	render	206	9380208
sample	prose_heavy	dict-index	dictzip	render	207	14390959
sample	prose_heavy	dict-index	dictzip	render	208	9243709
sample	prose_heavy	dict-index	dictzip	render	209	10056500
sample	prose_heavy	dict-index	dictzip	render	210	11496583
sample	prose_heavy	dict-index	dictzip	render	211	11190500
sample	prose_heavy	dict-index	dictzip	render	212	12840791
sample	prose_heavy	dict-index	dictzip	render	213	8707833
sample	prose_heavy	dict-index	dictzip	render	214	11036875
sample	prose_heavy	dict-index	dictzip	render	215	12157583
sample	prose_heavy	dict-index	dictzip	render	216	8942334
sample	prose_heavy	dict-index	dictzip	render	217	10143416
sample	prose_heavy	dict-index	dictzip	render	218	9223166
sample	prose_heavy	dict-index	dictzip	render	219	8157250
sample	prose_heavy	dict-index	dictzip	render	220	10943417
sample	prose_heavy	dict-index	dictzip	render	221	10724625
sample	prose_heavy	dict-index	dictzip	render	222	8220417
sample	prose_heavy	dict-index	dictzip	render	223	10990958
sample	prose_heavy	dict-index	dictzip	render	224	11604667
sample	prose_heavy	dict-index	dictzip	render	225	10433292
sample	prose_heavy	dict-index	dictzip	render	226	12675459
sample	prose_heavy	dict-index	dictzip	render	227	10809459
sample	prose_heavy	dict-index	dictzip	render	228	11499083
sample	prose_heavy	dict-index	dictzip	render	229	9952875
sample	prose_heavy	dict-index	dictzip	render	230	7389458
sample	prose_heavy	dict-index	dictzip	render	231	8072916
sample	prose_heavy	dict-index	dictzip	render	232	5298625
sample	prose_heavy	dict-index	dictzip	render	233	7562291
sample	prose_heavy	dict-index	dictzip	render	234	8256917
sample	prose_heavy	dict-index	dictzip	render	235	6980917
sample	prose_heavy	dict-index	dictzip	render	236	6475375
sample	prose_heavy	dict-index	dictzip	render	237	6568958
sample	prose_heavy	dict-index	dictzip	render	238	7520042
sample	prose_heavy	dict-index	dictzip	render	239	6072208
sample	prose_heavy	dict-index	dictzip	render	240	4814708
sample	prose_heavy	dict-index	dictzip	render	241	6480250
sample	prose_heavy	dict-index	dictzip	render	242	7719250
sample	prose_heavy	dict-index	dictzip	render	243	7799667
sample	prose_heavy	dict-index	dictzip	render	244	4467875
sample	prose_heavy	dict-index	dictzip	render	245	6431959
sample	prose_heavy	dict-index	dictzip	render	246	6123709
sample	prose_heavy	dict-index	dictzip	render	247	6857459
sample	prose_heavy	dict-index	dictzip	render	248	5805541
sample	prose_heavy	dict-index	dictzip	render	249	7145708
sample	prose_heavy	dict-index	dictzip	render	250	8573542
sample	prose_heavy	dict-index	dictzip	render	251	6248667
sample	prose_heavy	dict-index	dictzip	render	252	5386750
sample	prose_heavy	dict-index	dictzip	render	253	7177417
sample	prose_heavy	dict-index	dictzip	render	254	7364292
sample	prose_heavy	dict-index	dictzip	render	255	7706125
sample	prose_heavy	dict-index	dictzip	render	256	5748542
sample	prose_heavy	dict-index	dictzip	render	257	6902542
sample	prose_heavy	dict-index	dictzip	render	258	8168083
sample	prose_heavy	dict-index	dictzip	render	259	5464959
sample	prose_heavy	dict-index	dictzip	render	260	4626375
sample	prose_heavy	dict-index	dictzip	render	261	6768917
sample	prose_heavy	dict-index	dictzip	render	262	6488250
sample	prose_heavy	dict-index	dictzip	render	263	6468542
sample	prose_heavy	dict-index	dictzip	render	264	5961375
sample	prose_heavy	dict-index	dictzip	render	265	9207334
sample	prose_heavy	dict-index	dictzip	render	266	6490083
sample	prose_heavy	dict-index	dictzip	render	267	6069417
sample	prose_heavy	dict-index	dictzip	render	268	5889917
sample	prose_heavy	dict-index	dictzip	render	269	9828750
sample	prose_heavy	dict-index	dictzip	render	270	6609417
sample	prose_heavy	dict-index	dictzip	render	271	4727875
sample	prose_heavy	dict-index	dictzip	render	272	5451167
sample	prose_heavy	dict-index	dictzip	render	273	6289916
sample	prose_heavy	dict-index	dictzip	render	274	6253125
sample	prose_heavy	dict-index	dictzip	render	275	5120042
sample	prose_heavy	dict-index	dictzip	render	276	5703917
sample	prose_heavy	dict-index	dictzip	render	277	9823584
sample	prose_heavy	dict-index	dictzip	render	278	6652917
sample	prose_heavy	dict-index	dictzip	render	279	4994333
sample	prose_heavy	dict-index	dictzip	render	280	7431208
sample	prose_heavy	dict-index	dictzip	render	281	7398500
sample	prose_heavy	dict-index	dictzip	render	282	6459417
sample	prose_heavy	dict-index	dictzip	render	283	6074333
sample	prose_heavy	dict-index	dictzip	render	284	7526458
sample	prose_heavy	dict-index	dictzip	render	285	6791250
sample	prose_heavy	dict-index	dictzip	render	286	5158417
sample	prose_heavy	dict-index	dictzip	render	287	5857333
sample	prose_heavy	dict-index	dictzip	render	288	5896250
sample	prose_heavy	dict-index	dictzip	render	289	8846833
sample	prose_heavy	dict-index	dictzip	render	290	7238584
sample	prose_heavy	dict-index	dictzip	render	291	9276250
sample	prose_heavy	dict-index	dictzip	render	292	7309541
sample	prose_heavy	dict-index	dictzip	render	293	5510917
sample	prose_heavy	dict-index	dictzip	render	294	5614917
sample	prose_heavy	dict-index	dictzip	render	295	6800750
sample	prose_heavy	dict-index	dictzip	render	296	6808583
sample	prose_heavy	dict-index	dictzip	render	297	4896583
sample	prose_heavy	dict-index	dictzip	render	298	5162708
sample	prose_heavy	dict-index	dictzip	render	299	6002958
sample	prose_heavy	dict-index	dictzip	render	300	6797583
sample	prose_heavy	dict-index	dictzip	render	301	6815125
sample	prose_heavy	dict-index	dictzip	render	302	6685917
sample	prose_heavy	dict-index	dictzip	render	303	5007375
sample	prose_heavy	dict-index	dictzip	render	304	7406916
sample	prose_heavy	dict-index	dictzip	render	305	4926458
sample	prose_heavy	dict-index	dictzip	render	306	5821500
sample	prose_heavy	dict-index	dictzip	render	307	7050042
sample	prose_heavy	dict-index	dictzip	render	308	7865750
sample	prose_heavy	dict-index	dictzip	render	309	6262750
sample	prose_heavy	dict-index	dictzip	render	310	5134667
sample	prose_heavy	dict-index	dictzip	render	311	7571542
sample	prose_heavy	dict-index	dictzip	render	312	7518917
sample	prose_heavy	dict-index	dictzip	render	313	5071667
sample	prose_heavy	dict-index	dictzip	render	314	5811208
sample	prose_heavy	dict-index	dictzip	render	315	5933917
sample	prose_heavy	dict-index	dictzip	render	316	7328500
sample	prose_heavy	dict-index	dictzip	render	317	5762666
sample	prose_heavy	dict-index	dictzip	render	318	5782417
sample	prose_heavy	dict-index	dictzip	render	319	6080542
sample	prose_heavy	dict-index	dictzip	render	320	7731083
sample	prose_heavy	dict-index	dictzip	render	321	5491625
sample	prose_heavy	dict-index	dictzip	render	322	6745500
sample	prose_heavy	dict-index	dictzip	render	323	6147583
sample	prose_heavy	dict-index	dictzip	render	324	5588583
sample	prose_heavy	dict-index	dictzip	render	325	5320042
sample	prose_heavy	dict-index	dictzip	render	326	6981667
sample	prose_heavy	dict-index	dictzip	render	327	7909000
sample	prose_heavy	dict-index	dictzip	render	328	6797250
sample	prose_heavy	dict-index	dictzip	render	329	5165458
sample	prose_heavy	dict-index	dictzip	render	330	5374959
sample	prose_heavy	dict-index	dictzip	render	331	6119250
sample	prose_heavy	dict-index	dictzip	render	332	8009292
sample	prose_heavy	dict-index	dictzip	render	333	4965458
sample	prose_heavy	dict-index	dictzip	render	334	6046459
sample	prose_heavy	dict-index	dictzip	render	335	6816459
sample	prose_heavy	dict-index	dictzip	render	336	6833334
sample	prose_heavy	dict-index	dictzip	render	337	5396541
sample	prose_heavy	dict-index	dictzip	render	338	6191458
sample	prose_heavy	dict-index	dictzip	render	339	6749458
sample	prose_heavy	dict-index	dictzip	render	340	9335792
sample	prose_heavy	dict-index	dictzip	render	341	5550750
sample	prose_heavy	dict-index	dictzip	render	342	6772333
sample	prose_heavy	dict-index	dictzip	render	343	8522959
sample	prose_heavy	dict-index	dictzip	render	344	5422958
sample	prose_heavy	dict-index	dictzip	render	345	5919125
sample	prose_heavy	dict-index	dictzip	render	346	7778375
sample	prose_heavy	dict-index	dictzip	render	347	9704166
sample	prose_heavy	dict-index	dictzip	render	348	5719500
sample	prose_heavy	dict-index	dictzip	render	349	5904542
sample	prose_heavy	dict-index	dictzip	render	350	4966917
sample	prose_heavy	dict-index	dictzip	render	351	7706084
sample	prose_heavy	dict-index	dictzip	render	352	5633750
sample	prose_heavy	dict-index	dictzip	render	353	8017917
sample	prose_heavy	dict-index	dictzip	render	354	8300750
sample	prose_heavy	dict-index	dictzip	render	355	6756458
sample	prose_heavy	dict-index	dictzip	render	356	4480208
sample	prose_heavy	dict-index	dictzip	render	357	5907042
sample	prose_heavy	dict-index	dictzip	render	358	6702959
sample	prose_heavy	dict-index	dictzip	render	359	8372791
sample	prose_heavy	dict-index	dictzip	render	360	5305583
sample	prose_heavy	dict-index	dictzip	render	361	7357666
sample	prose_heavy	dict-index	dictzip	render	362	6863833
sample	prose_heavy	dict-index	dictzip	render	363	6075500
sample	prose_heavy	dict-index	dictzip	render	364	6614959
sample	prose_heavy	dict-index	dictzip	render	365	5110209
sample	prose_heavy	dict-index	dictzip	render	366	6233750
sample	prose_heavy	dict-index	dictzip	render	367	5000125
sample	prose_heavy	dict-index	dictzip	render	368	7129666
sample	prose_heavy	dict-index	dictzip	render	369	5860084
sample	prose_heavy	dict-index	dictzip	render	370	8204458
sample	prose_heavy	dict-index	dictzip	render	371	5118708
sample	prose_heavy	dict-index	dictzip	render	372	5558583
sample	prose_heavy	dict-index	dictzip	render	373	6154458
sample	prose_heavy	dict-index	dictzip	render	374	6190000
sample	prose_heavy	dict-index	dictzip	render	375	4834541
sample	prose_heavy	dict-index	dictzip	render	376	5284250
sample	prose_heavy	dict-index	dictzip	render	377	6090459
sample	prose_heavy	dict-index	dictzip	render	378	6755542
sample	prose_heavy	dict-index	dictzip	render	379	5857541
sample	prose_heavy	dict-index	dictzip	render	380	4631667
sample	prose_heavy	dict-index	dictzip	render	381	5624250
sample	prose_heavy	dict-index	dictzip	render	382	7720417
sample	prose_heavy	dict-index	dictzip	render	383	6345625
sample	prose_heavy	dict-index	dictzip	render	384	5605958
sample	prose_heavy	dict-index	dictzip	render	385	5674333
sample	prose_heavy	dict-index	dictzip	render	386	5240792
sample	prose_heavy	dict-index	dictzip	render	387	5164875
sample	prose_heavy	dict-index	dictzip	render	388	5110542
sample	prose_heavy	dict-index	dictzip	render	389	6415208
sample	prose_heavy	dict-index	dictzip	render	390	5861583
sample	prose_heavy	dict-index	dictzip	render	391	7854541
sample	prose_heavy	dict-index	dictzip	render	392	5298792
sample	prose_heavy	dict-index	dictzip	render	393	5102584
sample	prose_heavy	dict-index	dictzip	render	394	6521708
sample	prose_heavy	dict-index	dictzip	render	395	7069959
sample	prose_heavy	dict-index	dictzip	render	396	6163959
sample	prose_heavy	dict-index	dictzip	render	397	6073208
sample	prose_heavy	dict-index	dictzip	render	398	4808708
sample	prose_heavy	dict-index	dictzip	render	399	6585625
sample	prose_heavy	dict-index	dictzip	render	400	6917125
sample	prose_heavy	dict-index	dictzip	render	401	4337166
sample	prose_heavy	dict-index	dictzip	render	402	4512750
sample	prose_heavy	dict-index	dictzip	render	403	6893875
sample	prose_heavy	dict-index	dictzip	render	404	7223833
sample	prose_heavy	dict-index	dictzip	render	405	5410958
sample	prose_heavy	dict-index	dictzip	render	406	4494708
sample	prose_heavy	dict-index	dictzip	render	407	5254667
sample	prose_heavy	dict-index	dictzip	render	408	6512125
sample	prose_heavy	dict-index	dictzip	render	409	5775083
sample	prose_heavy	dict-index	dictzip	render	410	4853166
sample	prose_heavy	dict-index	dictzip	render	411	5392291
sample	prose_heavy	dict-index	dictzip	render	412	6342709
sample	prose_heavy	dict-index	dictzip	render	413	6919208
sample	prose_heavy	dict-index	dictzip	render	414	6492625
sample	prose_heavy	dict-index	dictzip	render	415	4872875
sample	prose_heavy	dict-index	dictzip	render	416	5349416
sample	prose_heavy	dict-index	dictzip	render	417	5395333
sample	prose_heavy	dict-index	dictzip	render	418	6883125
sample	prose_heavy	dict-index	dictzip	render	419	4144708
sample	prose_heavy	dict-index	dictzip	render	420	5504542
sample	prose_heavy	dict-index	dictzip	render	421	5101958
sample	prose_heavy	dict-index	dictzip	render	422	8290542
sample	prose_heavy	dict-index	dictzip	render	423	6261958
sample	prose_heavy	dict-index	dictzip	render	424	4581042
sample	prose_heavy	dict-index	dictzip	render	425	5132042
sample	prose_heavy	dict-index	dictzip	render	426	5174209
sample	prose_heavy	dict-index	dictzip	render	427	8559084
sample	prose_heavy	dict-index	dictzip	render	428	5214583
sample	prose_heavy	dict-index	dictzip	render	429	6633625
sample	prose_heavy	dict-index	dictzip	render	430	6628625
sample	prose_heavy	dict-index	dictzip	render	431	6120708
sample	prose_heavy	dict-index	dictzip	render	432	6075125
sample	prose_heavy	dict-index	dictzip	render	433	5225958
sample	prose_heavy	dict-index	dictzip	render	434	6085625
sample	prose_heavy	dict-index	dictzip	render	435	6614583
sample	prose_heavy	dict-index	dictzip	render	436	5310667
sample	prose_heavy	dict-index	dictzip	render	437	4832291
sample	prose_heavy	dict-index	dictzip	render	438	5701250
sample	prose_heavy	dict-index	dictzip	render	439	5915583
sample	prose_heavy	dict-index	dictzip	render	440	5279583
sample	prose_heavy	dict-index	dictzip	render	441	4543791
sample	prose_heavy	dict-index	dictzip	render	442	5733708
sample	prose_heavy	dict-index	dictzip	render	443	6285042
sample	prose_heavy	dict-index	dictzip	render	444	5854584
sample	prose_heavy	dict-index	dictzip	render	445	6556042
sample	prose_heavy	dict-index	dictzip	render	446	4220958
sample	prose_heavy	dict-index	dictzip	render	447	5463250
sample	prose_heavy	dict-index	dictzip	render	448	5162792
sample	prose_heavy	dict-index	dictzip	render	449	7568917
sample	prose_heavy	dict-index	dictzip	render	450	7424292
sample	prose_heavy	dict-index	dictzip	render	451	6643458
sample	prose_heavy	dict-index	dictzip	render	452	5552792
sample	prose_heavy	dict-index	dictzip	render	453	7005250
sample	prose_heavy	dict-index	dictzip	render	454	5054208
sample	prose_heavy	dict-index	dictzip	render	455	4364916
sample	prose_heavy	dict-index	dictzip	render	456	5657792
sample	prose_heavy	dict-index	dictzip	render	457	6378500
sample	prose_heavy	dict-index	dictzip	render	458	8865041
sample	prose_heavy	dict-index	dictzip	render	459	5189041
sample	prose_heavy	dict-index	dictzip	render	460	5354042
sample	prose_heavy	dict-index	dictzip	render	461	7547416
sample	prose_heavy	dict-index	dictzip	render	462	6329333
sample	prose_heavy	dict-index	dictzip	render	463	4729166
sample	prose_heavy	dict-index	dictzip	render	464	5437000
sample	prose_heavy	dict-index	dictzip	render	465	6001583
sample	prose_heavy	dict-index	dictzip	render	466	7274542
sample	prose_heavy	dict-index	dictzip	render	467	5845542
sample	prose_heavy	dict-index	dictzip	render	468	5277417
sample	prose_heavy	dict-index	dictzip	render	469	4956833
sample	prose_heavy	dict-index	dictzip	render	470	7091084
sample	prose_heavy	dict-index	dictzip	render	471	7019500
sample	prose_heavy	dict-index	dictzip	render	472	5126959
sample	prose_heavy	dict-index	dictzip	render	473	5661541
sample	prose_heavy	dict-index	dictzip	render	474	5575042
sample	prose_heavy	dict-index	dictzip	render	475	5313667
sample	prose_heavy	dict-index	dictzip	render	476	5865917
sample	prose_heavy	dict-index	dictzip	render	477	5033042
sample	prose_heavy	dict-index	dictzip	render	478	5491125
sample	prose_heavy	dict-index	dictzip	render	479	7568834
sample	prose_heavy	dict-index	dictzip	render	480	6066250
sample	prose_heavy	dict-index	dictzip	render	481	5231542
sample	prose_heavy	dict-index	dictzip	render	482	6195958
sample	prose_heavy	dict-index	dictzip	render	483	8745625
sample	prose_heavy	dict-index	dictzip	render	484	6074583
sample	prose_heavy	dict-index	dictzip	render	485	5700959
sample	prose_heavy	dict-index	dictzip	render	486	5050958
sample	prose_heavy	dict-index	dictzip	render	487	4817416
sample	prose_heavy	dict-index	dictzip	render	488	6654834
sample	prose_heavy	dict-index	dictzip	render	489	4306583
sample	prose_heavy	dict-index	dictzip	render	490	4948125
sample	prose_heavy	dict-index	dictzip	render	491	4643791
sample	prose_heavy	dict-index	dictzip	render	492	6596292
sample	prose_heavy	dict-index	dictzip	render	493	6075541
sample	prose_heavy	dict-index	dictzip	render	494	5565833
sample	prose_heavy	dict-index	dictzip	render	495	6367209
sample	prose_heavy	dict-index	dictzip	render	496	6956709
sample	prose_heavy	dict-index	dictzip	render	497	6569958
sample	prose_heavy	dict-index	dictzip	render	498	4091792
sample	prose_heavy	dict-index	dictzip	render	499	4846167
sample	prose_heavy	dict-index	dictzip	render	500	4841916
sample	prose_heavy	dict-index	dictzip	render	501	6805417
sample	prose_heavy	dict-index	dictzip	render	502	6485833
sample	prose_heavy	dict-index	dictzip	render	503	5141916
sample	prose_heavy	dict-index	dictzip	render	504	4960083
sample	prose_heavy	dict-index	dictzip	render	505	5210000
sample	prose_heavy	dict-index	dictzip	render	506	7327375
sample	prose_heavy	dict-index	dictzip	render	507	4457334
sample	prose_heavy	dict-index	dictzip	render	508	4544375
sample	prose_heavy	dict-index	dictzip	render	509	5243292
sample	prose_heavy	dict-index	dictzip	render	510	5540333
sample	prose_heavy	dict-index	dictzip	render	511	8264042
sample	prose_heavy	dict-index	dictzip	render	512	5215750
sample	prose_heavy	dict-index	dictzip	render	513	5626083
sample	prose_heavy	dict-index	dictzip	render	514	8282625
sample	prose_heavy	dict-index	dictzip	render	515	6158833
sample	prose_heavy	dict-index	dictzip	render	516	6732333
sample	prose_heavy	dict-index	dictzip	render	517	6213417
sample	prose_heavy	dict-index	dictzip	render	518	5723500
sample	prose_heavy	dict-index	dictzip	render	519	7190208
sample	prose_heavy	dict-index	dictzip	render	520	5755792
sample	prose_heavy	dict-index	dictzip	render	521	5168667
sample	prose_heavy	dict-index	dictzip	render	522	5875291
sample	prose_heavy	dict-index	dictzip	render	523	6552292
sample	prose_heavy	dict-index	dictzip	render	524	5481458
sample	prose_heavy	dict-index	dictzip	render	525	4657959
sample	prose_heavy	dict-index	dictzip	render	526	7005000
sample	prose_heavy	dict-index	dictzip	render	527	6335709
sample	prose_heavy	dict-index	dictzip	render	528	6811833
sample	prose_heavy	dict-index	dictzip	render	529	4528708
sample	prose_heavy	dict-index	dictzip	render	530	5246541
sample	prose_heavy	dict-index	dictzip	render	531	6521083
sample	prose_heavy	dict-index	dictzip	render	532	5727417
sample	prose_heavy	dict-index	dictzip	render	533	4610959
sample	prose_heavy	dict-index	dictzip	render	534	6598042
sample	prose_heavy	dict-index	dictzip	render	535	5349708
sample	prose_heavy	dict-index	dictzip	render	536	6735792
sample	prose_heavy	dict-index	dictzip	render	537	5008833
sample	prose_heavy	dict-index	dictzip	render	538	4519791
sample	prose_heavy	dict-index	dictzip	render	539	6392292
sample	prose_heavy	dict-index	dictzip	render	540	6979250
sample	prose_heavy	dict-index	dictzip	render	541	6074084
sample	prose_heavy	dict-index	dictzip	render	542	4737334
sample	prose_heavy	dict-index	dictzip	render	543	6335125
sample	prose_heavy	dict-index	dictzip	render	544	6072292
sample	prose_heavy	dict-index	dictzip	render	545	5161209
sample	prose_heavy	dict-index	dictzip	render	546	5469333
sample	prose_heavy	dict-index	dictzip	render	547	5832167
sample	prose_heavy	dict-index	dictzip	render	548	6357916
sample	prose_heavy	dict-index	dictzip	render	549	7116417
sample	prose_heavy	dict-index	dictzip	render	550	4956625
sample	prose_heavy	dict-index	dictzip	render	551	4588458
sample	prose_heavy	dict-index	dictzip	render	552	5271625
sample	prose_heavy	dict-index	dictzip	render	553	5674959
sample	prose_heavy	dict-index	dictzip	render	554	9936500
sample	prose_heavy	dict-index	dictzip	render	555	5353667
sample	prose_heavy	dict-index	dictzip	render	556	6142750
sample	prose_heavy	dict-index	dictzip	render	557	7288458
sample	prose_heavy	dict-index	dictzip	render	558	6014542
sample	prose_heavy	dict-index	dictzip	render	559	4413542
sample	prose_heavy	dict-index	dictzip	render	560	4878291
sample	prose_heavy	dict-index	dictzip	render	561	6576000
sample	prose_heavy	dict-index	dictzip	render	562	7223792
sample	prose_heavy	dict-index	dictzip	render	563	6029458
sample	prose_heavy	dict-index	dictzip	render	564	5810875
sample	prose_heavy	dict-index	dictzip	render	565	6615334
sample	prose_heavy	dict-index	dictzip	render	566	8181584
sample	prose_heavy	dict-index	dictzip	render	567	4529250
sample	prose_heavy	dict-index	dictzip	render	568	4746583
sample	prose_heavy	dict-index	dictzip	render	569	6081042
sample	prose_heavy	dict-index	dictzip	render	570	7173375
sample	prose_heavy	dict-index	dictzip	render	571	6590000
sample	prose_heavy	dict-index	dictzip	render	572	4418291
sample	prose_heavy	dict-index	dictzip	render	573	5681834
sample	prose_heavy	dict-index	dictzip	render	574	6764833
sample	prose_heavy	dict-index	dictzip	render	575	5987667
sample	prose_heavy	dict-index	dictzip	render	576	4697791
sample	prose_heavy	dict-index	dictzip	render	577	4866208
sample	prose_heavy	dict-index	dictzip	render	578	5475375
sample	prose_heavy	dict-index	dictzip	render	579	6610417
sample	prose_heavy	dict-index	dictzip	render	580	7003042
sample	prose_heavy	dict-index	dictzip	render	581	5720333
sample	prose_heavy	dict-index	dictzip	render	582	8241750
sample	prose_heavy	dict-index	dictzip	render	583	9443750
sample	prose_heavy	dict-index	dictzip	render	584	6271833
sample	prose_heavy	dict-index	dictzip	render	585	6427291
sample	prose_heavy	dict-index	dictzip	render	586	8424250
sample	prose_heavy	dict-index	dictzip	render	587	7270375
sample	prose_heavy	dict-index	dictzip	render	588	5329250
sample	prose_heavy	dict-index	dictzip	render	589	5644083
sample	prose_heavy	dict-index	dictzip	render	590	5400541
sample	prose_heavy	dict-index	dictzip	render	591	6709625
sample	prose_heavy	dict-index	dictzip	render	592	5405333
sample	prose_heavy	dict-index	dictzip	render	593	6026792
sample	prose_heavy	dict-index	dictzip	render	594	6324584
sample	prose_heavy	dict-index	dictzip	render	595	8759041
sample	prose_heavy	dict-index	dictzip	render	596	10588833
sample	prose_heavy	dict-index	dictzip	render	597	7233375
sample	prose_heavy	dict-index	dictzip	render	598	10902709
sample	prose_heavy	dict-index	dictzip	render	599	7919250
sample	prose_heavy	dict-index	dictzip	render	600	5912500
sample	prose_heavy	dict-index	dictzip	render	601	6146042
sample	prose_heavy	dict-index	dictzip	render	602	6501333
sample	prose_heavy	dict-index	dictzip	render	603	6490750
sample	prose_heavy	dict-index	dictzip	render	604	5594333
sample	prose_heavy	dict-index	dictzip	render	605	5225917
sample	prose_heavy	dict-index	dictzip	render	606	7266959
sample	prose_heavy	dict-index	dictzip	render	607	6139292
sample	prose_heavy	dict-index	dictzip	render	608	6264125
sample	prose_heavy	dict-index	dictzip	render	609	4766167
sample	prose_heavy	dict-index	dictzip	render	610	7104041
sample	prose_heavy	dict-index	dictzip	render	611	8284500
sample	prose_heavy	dict-index	dictzip	render	612	7255583
sample	prose_heavy	dict-index	dictzip	render	613	5976917
sample	prose_heavy	dict-index	dictzip	render	614	6111709
sample	prose_heavy	dict-index	dictzip	render	615	7010750
sample	prose_heavy	dict-index	dictzip	render	616	8031750
sample	prose_heavy	dict-index	dictzip	render	617	4594125
sample	prose_heavy	dict-index	dictzip	render	618	5123875
sample	prose_heavy	dict-index	dictzip	render	619	4973500
sample	prose_heavy	dict-index	dictzip	render	620	8337167
sample	prose_heavy	dict-index	dictzip	render	621	6747375
sample	prose_heavy	dict-index	dictzip	render	622	4880042
sample	prose_heavy	dict-index	dictzip	render	623	5452416
sample	prose_heavy	dict-index	dictzip	render	624	7177375
sample	prose_heavy	dict-index	dictzip	render	625	8021000
sample	prose_heavy	dict-index	dictzip	render	626	4663958
sample	prose_heavy	dict-index	dictzip	render	627	5011291
sample	prose_heavy	dict-index	dictzip	render	628	6949916
sample	prose_heavy	dict-index	dictzip	render	629	7774500
sample	prose_heavy	dict-index	dictzip	render	630	6849000
sample	prose_heavy	dict-index	dictzip	render	631	4871500
sample	prose_heavy	dict-index	dictzip	render	632	6445750
sample	prose_heavy	dict-index	dictzip	render	633	6936375
sample	prose_heavy	dict-index	dictzip	render	634	6633666
sample	prose_heavy	dict-index	dictzip	render	635	5667834
sample	prose_heavy	dict-index	dictzip	render	636	5080791
sample	prose_heavy	dict-index	dictzip	render	637	5570958
sample	prose_heavy	dict-index	dictzip	render	638	5286917
sample	prose_heavy	dict-index	dictzip	render	639	6507334
sample	prose_heavy	dict-index	dictzip	render	640	4948542
sample	prose_heavy	dict-index	dictzip	render	641	5774667
sample	prose_heavy	dict-index	dictzip	render	642	6251583
sample	prose_heavy	dict-index	dictzip	render	643	5522875
sample	prose_heavy	dict-index	dictzip	render	644	4888791
sample	prose_heavy	dict-index	dictzip	render	645	5891958
sample	prose_heavy	dict-index	dictzip	render	646	8065750
sample	prose_heavy	dict-index	dictzip	render	647	6177500
sample	prose_heavy	dict-index	dictzip	render	648	4969000
sample	prose_heavy	dict-index	dictzip	render	649	5192417
sample	prose_heavy	dict-index	dictzip	render	650	6446583
sample	prose_heavy	dict-index	dictzip	render	651	6250208
sample	prose_heavy	dict-index	dictzip	render	652	5304541
sample	prose_heavy	dict-index	dictzip	render	653	5707750
sample	prose_heavy	dict-index	dictzip	render	654	5622750
sample	prose_heavy	dict-index	dictzip	render	655	7293000
sample	prose_heavy	dict-index	dictzip	render	656	4756416
sample	prose_heavy	dict-index	dictzip	render	657	6212333
sample	prose_heavy	dict-index	dictzip	render	658	5711083
sample	prose_heavy	dict-index	dictzip	render	659	6406708
sample	prose_heavy	dict-index	dictzip	render	660	5299041
sample	prose_heavy	dict-index	dictzip	render	661	5341666
sample	prose_heavy	dict-index	dictzip	render	662	6559833
sample	prose_heavy	dict-index	dictzip	render	663	6718292
sample	prose_heavy	dict-index	dictzip	render	664	5753792
sample	prose_heavy	dict-index	dictzip	render	665	4667375
sample	prose_heavy	dict-index	dictzip	render	666	5649333
sample	prose_heavy	dict-index	dictzip	render	667	6903292
sample	prose_heavy	dict-index	dictzip	render	668	5568792
sample	prose_heavy	dict-index	dictzip	render	669	4417708
sample	prose_heavy	dict-index	dictzip	render	670	6442333
sample	prose_heavy	dict-index	dictzip	render	671	5956750
sample	prose_heavy	dict-index	dictzip	render	672	5792709
sample	prose_heavy	dict-index	dictzip	render	673	5625750
sample	prose_heavy	dict-index	dictzip	render	674	4682000
sample	prose_heavy	dict-index	dictzip	render	675	5753667
sample	prose_heavy	dict-index	dictzip	render	676	8398167
sample	prose_heavy	dict-index	dictzip	render	677	5838041
sample	prose_heavy	dict-index	dictzip	render	678	4714417
sample	prose_heavy	dict-index	dictzip	render	679	6174709
sample	prose_heavy	dict-index	dictzip	render	680	7385791
sample	prose_heavy	dict-index	dictzip	render	681	6110000
sample	prose_heavy	dict-index	dictzip	render	682	5447625
sample	prose_heavy	dict-index	dictzip	render	683	5704791
sample	prose_heavy	dict-index	dictzip	render	684	6571625
sample	prose_heavy	dict-index	dictzip	render	685	6651458
sample	prose_heavy	dict-index	dictzip	render	686	4691917
sample	prose_heavy	dict-index	dictzip	render	687	7145584
sample	prose_heavy	dict-index	dictzip	render	688	6517208
sample	prose_heavy	dict-index	dictzip	render	689	7071833
sample	prose_heavy	dict-index	dictzip	render	690	4053125
sample	prose_heavy	dict-index	dictzip	render	691	7156834
sample	prose_heavy	dict-index	dictzip	render	692	6338375
sample	prose_heavy	dict-index	dictzip	render	693	6456792
sample	prose_heavy	dict-index	dictzip	render	694	5554500
sample	prose_heavy	dict-index	dictzip	render	695	6917125
sample	prose_heavy	dict-index	dictzip	render	696	8462208
sample	prose_heavy	dict-index	dictzip	render	697	6103916
sample	prose_heavy	dict-index	dictzip	render	698	4919875
sample	prose_heavy	dict-index	dictzip	render	699	5711333
sample	prose_heavy	dict-index	dictzip	render	700	7406250
sample	prose_heavy	dict-index	dictzip	render	701	6143375
sample	prose_heavy	dict-index	dictzip	render	702	5190000
sample	prose_heavy	dict-index	dictzip	render	703	7122125
sample	prose_heavy	dict-index	dictzip	render	704	8064292
sample	prose_heavy	dict-index	dictzip	render	705	7050750
sample	prose_heavy	dict-index	dictzip	render	706	7494083
sample	prose_heavy	dict-index	dictzip	render	707	6020084
sample	prose_heavy	dict-index	dictzip	render	708	7862791
sample	prose_heavy	dict-index	dictzip	render	709	5506000
sample	prose_heavy	dict-index	dictzip	render	710	4915208
sample	prose_heavy	dict-index	dictzip	render	711	7553458
sample	prose_heavy	dict-index	dictzip	render	712	8118708
sample	prose_heavy	dict-index	dictzip	render	713	5528959
sample	prose_heavy	dict-index	dictzip	render	714	5420833
sample	prose_heavy	dict-index	dictzip	render	715	5482917
sample	prose_heavy	dict-index	dictzip	render	716	8236125
sample	prose_heavy	dict-index	dictzip	render	717	5548500
sample	prose_heavy	dict-index	dictzip	render	718	5531000
sample	prose_heavy	dict-index	dictzip	render	719	6842708
sample	prose_heavy	dict-index	dictzip	render	720	7721375
sample	prose_heavy	dict-index	dictzip	render	721	7353458
sample	prose_heavy	dict-index	dictzip	render	722	4584500
sample	prose_heavy	dict-index	dictzip	render	723	6000208
sample	prose_heavy	dict-index	dictzip	render	724	7601792
sample	prose_heavy	dict-index	dictzip	render	725	6864208
sample	prose_heavy	dict-index	dictzip	render	726	4447833
sample	prose_heavy	dict-index	dictzip	render	727	5460917
sample	prose_heavy	dict-index	dictzip	render	728	6375209
sample	prose_heavy	dict-index	dictzip	render	729	6383625
sample	prose_heavy	dict-index	dictzip	render	730	6415250
sample	prose_heavy	dict-index	dictzip	render	731	5258542
sample	prose_heavy	dict-index	dictzip	render	732	5658750
sample	prose_heavy	dict-index	dictzip	render	733	7295250
sample	prose_heavy	dict-index	dictzip	render	734	5323667
sample	prose_heavy	dict-index	dictzip	render	735	5037917
sample	prose_heavy	dict-index	dictzip	render	736	5455250
sample	prose_heavy	dict-index	dictzip	render	737	6454167
sample	prose_heavy	dict-index	dictzip	render	738	6635334
sample	prose_heavy	dict-index	dictzip	render	739	5250167
sample	prose_heavy	dict-index	dictzip	render	740	5573416
sample	prose_heavy	dict-index	dictzip	render	741	5674958
sample	prose_heavy	dict-index	dictzip	render	742	7396583
sample	prose_heavy	dict-index	dictzip	render	743	6034750
sample	prose_heavy	dict-index	dictzip	render	744	7930958
sample	prose_heavy	dict-index	dictzip	render	745	6074583
sample	prose_heavy	dict-index	dictzip	render	746	6615583
sample	prose_heavy	dict-index	dictzip	render	747	6458584
sample	prose_heavy	dict-index	dictzip	render	748	5084542
sample	prose_heavy	dict-index	dictzip	render	749	7757875
sample	prose_heavy	dict-index	dictzip	render	750	7893458
sample	prose_heavy	dict-index	dictzip	render	751	7382750
sample	prose_heavy	dict-index	dictzip	render	752	4906917
sample	prose_heavy	dict-index	dictzip	render	753	6449125
sample	prose_heavy	dict-index	dictzip	render	754	7356792
sample	prose_heavy	dict-index	dictzip	render	755	7037625
sample	prose_heavy	dict-index	dictzip	render	756	5190375
sample	prose_heavy	dict-index	dictzip	render	757	5761959
sample	prose_heavy	dict-index	dictzip	render	758	7916334
sample	prose_heavy	dict-index	dictzip	render	759	6715750
sample	prose_heavy	dict-index	dictzip	render	760	4770084
sample	prose_heavy	dict-index	dictzip	render	761	5218375
sample	prose_heavy	dict-index	dictzip	render	762	7588917
sample	prose_heavy	dict-index	dictzip	render	763	7066083
sample	prose_heavy	dict-index	dictzip	render	764	6953959
sample	prose_heavy	dict-index	dictzip	render	765	5288875
sample	prose_heavy	dict-index	dictzip	render	766	6449917
sample	prose_heavy	dict-index	dictzip	render	767	6330250
sample	prose_heavy	dict-index	dictzip	render	768	7106542
sample	prose_heavy	dict-index	dictzip	render	769	6129042
sample	prose_heavy	dict-index	dictzip	render	770	5513000
sample	prose_heavy	dict-index	dictzip	render	771	5997250
sample	prose_heavy	dict-index	dictzip	render	772	8448125
sample	prose_heavy	dict-index	dictzip	render	773	6494459
sample	prose_heavy	dict-index	dictzip	render	774	5324709
sample	prose_heavy	dict-index	dictzip	render	775	6206459
sample	prose_heavy	dict-index	dictzip	render	776	7748625
sample	prose_heavy	dict-index	dictzip	render	777	6378917
sample	prose_heavy	dict-index	dictzip	render	778	5098542
sample	prose_heavy	dict-index	dictzip	render	779	6471708
sample	prose_heavy	dict-index	dictzip	render	780	7449459
sample	prose_heavy	dict-index	dictzip	render	781	8634458
sample	prose_heavy	dict-index	dictzip	render	782	7533875
sample	prose_heavy	dict-index	dictzip	render	783	7065375
sample	prose_heavy	dict-index	dictzip	render	784	13922958
sample	prose_heavy	dict-index	dictzip	render	785	4002625
sample	prose_heavy	dict-index	dictzip	render	786	6912292
sample	prose_heavy	dict-index	dictzip	render	787	6638792
sample	prose_heavy	dict-index	dictzip	render	788	10118666
sample	prose_heavy	dict-index	dictzip	render	789	5393750
sample	prose_heavy	dict-index	dictzip	render	790	5278875
sample	prose_heavy	dict-index	dictzip	render	791	7396959
sample	prose_heavy	dict-index	dictzip	render	792	6885875
sample	prose_heavy	dict-index	dictzip	render	793	4473708
sample	prose_heavy	dict-index	dictzip	render	794	6372334
sample	prose_heavy	dict-index	dictzip	render	795	6489500
sample	prose_heavy	dict-index	dictzip	render	796	7033375
sample	prose_heavy	dict-index	dictzip	render	797	6036625
sample	prose_heavy	dict-index	dictzip	render	798	5743083
sample	prose_heavy	dict-index	dictzip	render	799	6250708
sample	prose_heavy	dict-index	dictzip	render	800	8344917
sample	prose_heavy	dict-index	dictzip	render	801	7288792
sample	prose_heavy	dict-index	dictzip	render	802	5245334
sample	prose_heavy	dict-index	dictzip	render	803	7818208
sample	prose_heavy	dict-index	dictzip	render	804	8236792
sample	prose_heavy	dict-index	dictzip	render	805	8566959
sample	prose_heavy	dict-index	dictzip	render	806	5473417
sample	prose_heavy	dict-index	dictzip	render	807	6045167
sample	prose_heavy	dict-index	dictzip	render	808	8415291
sample	prose_heavy	dict-index	dictzip	render	809	5928833
sample	prose_heavy	dict-index	dictzip	render	810	5237709
sample	prose_heavy	dict-index	dictzip	render	811	5691791
sample	prose_heavy	dict-index	dictzip	render	812	5531667
sample	prose_heavy	dict-index	dictzip	render	813	8289375
sample	prose_heavy	dict-index	dictzip	render	814	6756417
sample	prose_heavy	dict-index	dictzip	render	815	6068750
sample	prose_heavy	dict-index	dictzip	render	816	7353250
sample	prose_heavy	dict-index	dictzip	render	817	6027250
sample	prose_heavy	dict-index	dictzip	render	818	5783959
sample	prose_heavy	dict-index	dictzip	render	819	6205209
sample	prose_heavy	dict-index	dictzip	render	820	5732166
sample	prose_heavy	dict-index	dictzip	render	821	7186958
sample	prose_heavy	dict-index	dictzip	render	822	5816000
sample	prose_heavy	dict-index	dictzip	render	823	5883625
sample	prose_heavy	dict-index	dictzip	render	824	5234083
sample	prose_heavy	dict-index	dictzip	render	825	8536250
sample	prose_heavy	dict-index	dictzip	render	826	5945875
sample	prose_heavy	dict-index	dictzip	render	827	5586458
sample	prose_heavy	dict-index	dictzip	render	828	6558541
sample	prose_heavy	dict-index	dictzip	render	829	7447958
sample	prose_heavy	dict-index	dictzip	render	830	6346667
sample	prose_heavy	dict-index	dictzip	render	831	4838042
sample	prose_heavy	dict-index	dictzip	render	832	5889750
sample	prose_heavy	dict-index	dictzip	render	833	7147000
sample	prose_heavy	dict-index	dictzip	render	834	6491000
sample	prose_heavy	dict-index	dictzip	render	835	5648333
sample	prose_heavy	dict-index	dictzip	render	836	5374125
sample	prose_heavy	dict-index	dictzip	render	837	6500500
sample	prose_heavy	dict-index	dictzip	render	838	11865958
sample	prose_heavy	dict-index	dictzip	render	839	6217417
sample	prose_heavy	dict-index	dictzip	render	840	4974333
sample	prose_heavy	dict-index	dictzip	render	841	7564750
sample	prose_heavy	dict-index	dictzip	render	842	6690875
sample	prose_heavy	dict-index	dictzip	render	843	6176833
sample	prose_heavy	dict-index	dictzip	render	844	6408667
sample	prose_heavy	dict-index	dictzip	render	845	7867708
sample	prose_heavy	dict-index	dictzip	render	846	6283291
sample	prose_heavy	dict-index	dictzip	render	847	5672708
sample	prose_heavy	dict-index	dictzip	render	848	5734167
sample	prose_heavy	dict-index	dictzip	render	849	6531666
sample	prose_heavy	dict-index	dictzip	render	850	5922084
sample	prose_heavy	dict-index	dictzip	render	851	4424458
sample	prose_heavy	dict-index	dictzip	render	852	7251250
sample	prose_heavy	dict-index	dictzip	render	853	6868000
sample	prose_heavy	dict-index	dictzip	render	854	7299500
sample	prose_heavy	dict-index	dictzip	render	855	4939959
sample	prose_heavy	dict-index	dictzip	render	856	6311125
sample	prose_heavy	dict-index	dictzip	render	857	8104208
sample	prose_heavy	dict-index	dictzip	render	858	7526208
sample	prose_heavy	dict-index	dictzip	render	859	5552958
sample	prose_heavy	dict-index	dictzip	render	860	6465667
sample	prose_heavy	dict-index	dictzip	render	861	6010708
sample	prose_heavy	dict-index	dictzip	render	862	7828625
sample	prose_heavy	dict-index	dictzip	render	863	5569166
sample	prose_heavy	dict-index	dictzip	render	864	7346666
sample	prose_heavy	dict-index	dictzip	render	865	6698417
sample	prose_heavy	dict-index	dictzip	render	866	6967125
sample	prose_heavy	dict-index	dictzip	render	867	6315750
sample	prose_heavy	dict-index	dictzip	render	868	5744958
sample	prose_heavy	dict-index	dictzip	render	869	7461625
sample	prose_heavy	dict-index	dictzip	render	870	7786250
sample	prose_heavy	dict-index	dictzip	render	871	5806209
sample	prose_heavy	dict-index	dictzip	render	872	5851750
sample	prose_heavy	dict-index	dictzip	render	873	8397625
sample	prose_heavy	dict-index	dictzip	render	874	6681333
sample	prose_heavy	dict-index	dictzip	render	875	3906667
sample	prose_heavy	dict-index	dictzip	render	876	7077042
sample	prose_heavy	dict-index	dictzip	render	877	7184208
sample	prose_heavy	dict-index	dictzip	render	878	9082500
sample	prose_heavy	dict-index	dictzip	render	879	5479208
sample	prose_heavy	dict-index	dictzip	render	880	6777250
sample	prose_heavy	dict-index	dictzip	render	881	7282875
sample	prose_heavy	dict-index	dictzip	render	882	6329375
sample	prose_heavy	dict-index	dictzip	render	883	4894458
sample	prose_heavy	dict-index	dictzip	render	884	6563875
sample	prose_heavy	dict-index	dictzip	render	885	6359167
sample	prose_heavy	dict-index	dictzip	render	886	8279417
sample	prose_heavy	dict-index	dictzip	render	887	4937917
sample	prose_heavy	dict-index	dictzip	render	888	5576416
sample	prose_heavy	dict-index	dictzip	render	889	5198834
sample	prose_heavy	dict-index	dictzip	render	890	6307583
sample	prose_heavy	dict-index	dictzip	render	891	4670583
sample	prose_heavy	dict-index	dictzip	render	892	5648541
sample	prose_heavy	dict-index	dictzip	render	893	8698417
sample	prose_heavy	dict-index	dictzip	render	894	7438083
sample	prose_heavy	dict-index	dictzip	render	895	7157667
sample	prose_heavy	dict-index	dictzip	render	896	5285750
sample	prose_heavy	dict-index	dictzip	render	897	6928000
sample	prose_heavy	dict-index	dictzip	render	898	6398208
sample	prose_heavy	dict-index	dictzip	render	899	6816000
sample	prose_heavy	dict-index	dictzip	render	900	5108125
sample	prose_heavy	dict-index	dictzip	render	901	6086583
sample	prose_heavy	dict-index	dictzip	render	902	6194167
sample	prose_heavy	dict-index	dictzip	render	903	5645500
sample	prose_heavy	dict-index	dictzip	render	904	5804709
sample	prose_heavy	dict-index	dictzip	render	905	5627125
sample	prose_heavy	dict-index	dictzip	render	906	4772042
sample	prose_heavy	dict-index	dictzip	render	907	6603000
sample	prose_heavy	dict-index	dictzip	render	908	6066084
sample	prose_heavy	dict-index	dictzip	render	909	5951792
sample	prose_heavy	dict-index	dictzip	render	910	7372208
sample	prose_heavy	dict-index	dictzip	render	911	8012667
sample	prose_heavy	dict-index	dictzip	render	912	7181875
sample	prose_heavy	dict-index	dictzip	render	913	6434208
sample	prose_heavy	dict-index	dictzip	render	914	5649166
sample	prose_heavy	dict-index	dictzip	render	915	6277709
sample	prose_heavy	dict-index	dictzip	render	916	5045166
sample	prose_heavy	dict-index	dictzip	render	917	5184375
sample	prose_heavy	dict-index	dictzip	render	918	5545958
sample	prose_heavy	dict-index	dictzip	render	919	5254625
sample	prose_heavy	dict-index	dictzip	render	920	6355042
sample	prose_heavy	dict-index	dictzip	render	921	6027792
sample	prose_heavy	dict-index	dictzip	render	922	4919667
sample	prose_heavy	dict-index	dictzip	render	923	6152583
sample	prose_heavy	dict-index	dictzip	render	924	6665500
sample	prose_heavy	dict-index	dictzip	render	925	6885667
sample	prose_heavy	dict-index	dictzip	render	926	5976333
sample	prose_heavy	dict-index	dictzip	render	927	7295083
sample	prose_heavy	dict-index	dictzip	render	928	8567500
sample	prose_heavy	dict-index	dictzip	render	929	7066166
sample	prose_heavy	dict-index	dictzip	render	930	4352875
sample	prose_heavy	dict-index	dictzip	render	931	5374208
sample	prose_heavy	dict-index	dictzip	render	932	7875041
sample	prose_heavy	dict-index	dictzip	render	933	7593875
sample	prose_heavy	dict-index	dictzip	render	934	5085417
sample	prose_heavy	dict-index	dictzip	render	935	5875542
sample	prose_heavy	dict-index	dictzip	render	936	7820125
sample	prose_heavy	dict-index	dictzip	render	937	5655417
sample	prose_heavy	dict-index	dictzip	render	938	5230541
sample	prose_heavy	dict-index	dictzip	render	939	6444125
sample	prose_heavy	dict-index	dictzip	render	940	6324083
sample	prose_heavy	dict-index	dictzip	render	941	6861666
sample	prose_heavy	dict-index	dictzip	render	942	6074958
sample	prose_heavy	dict-index	dictzip	render	943	4465708
sample	prose_heavy	dict-index	dictzip	render	944	6583791
sample	prose_heavy	dict-index	dictzip	render	945	7460375
sample	prose_heavy	dict-index	dictzip	render	946	5448000
sample	prose_heavy	dict-index	dictzip	render	947	5852375
sample	prose_heavy	dict-index	dictzip	render	948	6301875
sample	prose_heavy	dict-index	dictzip	render	949	6275917
sample	prose_heavy	dict-index	dictzip	render	950	4871042
sample	prose_heavy	dict-index	dictzip	render	951	4705458
sample	prose_heavy	dict-index	dictzip	render	952	5078209
sample	prose_heavy	dict-index	dictzip	render	953	5706417
sample	prose_heavy	dict-index	dictzip	render	954	7785750
sample	prose_heavy	dict-index	dictzip	render	955	5820959
sample	prose_heavy	dict-index	dictzip	render	956	5035875
sample	prose_heavy	dict-index	dictzip	render	957	6891458
sample	prose_heavy	dict-index	dictzip	render	958	8514959
sample	prose_heavy	dict-index	dictzip	render	959	4719125
sample	prose_heavy	dict-index	dictzip	render	960	5029041
sample	prose_heavy	dict-index	dictzip	render	961	6564958
sample	prose_heavy	dict-index	dictzip	render	962	8271458
sample	prose_heavy	dict-index	dictzip	render	963	6570750
sample	prose_heavy	dict-index	dictzip	render	964	6930250
sample	prose_heavy	dict-index	dictzip	render	965	6626666
sample	prose_heavy	dict-index	dictzip	render	966	8920000
sample	prose_heavy	dict-index	dictzip	render	967	5805542
sample	prose_heavy	dict-index	dictzip	render	968	4652834
sample	prose_heavy	dict-index	dictzip	render	969	7062375
sample	prose_heavy	dict-index	dictzip	render	970	7954042
sample	prose_heavy	dict-index	dictzip	render	971	5903459
sample	prose_heavy	dict-index	dictzip	render	972	5386833
sample	prose_heavy	dict-index	dictzip	render	973	6713708
sample	prose_heavy	dict-index	dictzip	render	974	6399958
sample	prose_heavy	dict-index	dictzip	render	975	5730750
sample	prose_heavy	dict-index	dictzip	render	976	5503541
sample	prose_heavy	dict-index	dictzip	render	977	6035125
sample	prose_heavy	dict-index	dictzip	render	978	7658875
sample	prose_heavy	dict-index	dictzip	render	979	7237792
sample	prose_heavy	dict-index	dictzip	render	980	6149375
sample	prose_heavy	dict-index	dictzip	render	981	7106417
sample	prose_heavy	dict-index	dictzip	render	982	6007375
sample	prose_heavy	dict-index	dictzip	render	983	7995042
sample	prose_heavy	dict-index	dictzip	render	984	6471000
sample	prose_heavy	dict-index	dictzip	render	985	6284750
sample	prose_heavy	dict-index	dictzip	render	986	7578167
sample	prose_heavy	dict-index	dictzip	render	987	6518833
sample	prose_heavy	dict-index	dictzip	render	988	5461416
sample	prose_heavy	dict-index	dictzip	render	989	5750125
sample	prose_heavy	dict-index	dictzip	render	990	7241166
sample	prose_heavy	dict-index	dictzip	render	991	7700708
sample	prose_heavy	dict-index	dictzip	render	992	6672625
sample	prose_heavy	dict-index	dictzip	render	993	4983916
sample	prose_heavy	dict-index	dictzip	render	994	7660666
sample	prose_heavy	dict-index	dictzip	render	995	5936084
sample	prose_heavy	dict-index	dictzip	render	996	5385125
sample	prose_heavy	dict-index	dictzip	render	997	5769792
sample	prose_heavy	dict-index	dictzip	render	998	9024042
sample	prose_heavy	dict-index	dictzip	render	999	6643334
result	prose_heavy	dict-index	dictzip	exact.p50_ns	750
result	prose_heavy	dict-index	dictzip	exact.p95_ns	3500
result	prose_heavy	dict-index	dictzip	exact.p99_ns	9708
result	prose_heavy	dict-index	dictzip	prefix.p50_ns	128250
result	prose_heavy	dict-index	dictzip	prefix.p95_ns	415000
result	prose_heavy	dict-index	dictzip	prefix.p99_ns	941959
result	prose_heavy	dict-index	dictzip	render.p50_ns	6324083
result	prose_heavy	dict-index	dictzip	render.p95_ns	9936500
result	prose_heavy	dict-index	dictzip	render.p99_ns	12157583
result	prose_heavy	dict-index	dictzip	exact.hit.p50_ns	875
result	prose_heavy	dict-index	dictzip	exact.hit.p95_ns	4084
result	prose_heavy	dict-index	dictzip	exact.hit.p99_ns	8459
result	prose_heavy	dict-index	dictzip	exact.miss.p50_ns	459
result	prose_heavy	dict-index	dictzip	exact.miss.p95_ns	2833
result	prose_heavy	dict-index	dictzip	exact.miss.p99_ns	11708
result	prose_heavy	dict-index	dictzip	prefix.zero.p50_ns	5375
result	prose_heavy	dict-index	dictzip	prefix.zero.p95_ns	17750
result	prose_heavy	dict-index	dictzip	prefix.zero.p99_ns	44042
result	prose_heavy	dict-index	dictzip	prefix.one.p50_ns	6250
result	prose_heavy	dict-index	dictzip	prefix.one.p95_ns	23792
result	prose_heavy	dict-index	dictzip	prefix.one.p99_ns	59458
result	prose_heavy	dict-index	dictzip	prefix.many.p50_ns	146958
result	prose_heavy	dict-index	dictzip	prefix.many.p95_ns	518292
result	prose_heavy	dict-index	dictzip	prefix.many.p99_ns	1358042
result	prose_heavy	dict-index	dictzip	prefix.pathological.p50_ns	-
result	prose_heavy	dict-index	dictzip	prefix.pathological.p95_ns	-
result	prose_heavy	dict-index	dictzip	prefix.pathological.p99_ns	-
result	prose_heavy	slob	raw	artifact_bytes	10585995
result	prose_heavy	slob	raw	build_ns	78674500
sample	prose_heavy	slob	raw	open	0	21769209
sample	prose_heavy	slob	raw	open	1	275250
sample	prose_heavy	slob	raw	open	2	122167
sample	prose_heavy	slob	raw	open	3	185458
sample	prose_heavy	slob	raw	open	4	862125
sample	prose_heavy	slob	raw	open	5	215459
sample	prose_heavy	slob	raw	open	6	72459
sample	prose_heavy	slob	raw	open	7	69333
sample	prose_heavy	slob	raw	open	8	67375
sample	prose_heavy	slob	raw	open	9	66542
sample	prose_heavy	slob	raw	open	10	357166
sample	prose_heavy	slob	raw	open	11	209625
sample	prose_heavy	slob	raw	open	12	166708
sample	prose_heavy	slob	raw	open	13	170458
sample	prose_heavy	slob	raw	open	14	316625
sample	prose_heavy	slob	raw	open	15	194500
sample	prose_heavy	slob	raw	open	16	186417
sample	prose_heavy	slob	raw	open	17	82625
sample	prose_heavy	slob	raw	open	18	81042
sample	prose_heavy	slob	raw	open	19	66500
sample	prose_heavy	slob	raw	open	20	69541
sample	prose_heavy	slob	raw	open	21	1231333
sample	prose_heavy	slob	raw	open	22	608208
sample	prose_heavy	slob	raw	open	23	153958
sample	prose_heavy	slob	raw	open	24	150458
result	prose_heavy	slob	raw	open_ns	170458
result	prose_heavy	slob	raw	semantic_digest	11367502346538253063
result	prose_heavy	slob	raw	query_checksum	4133005253181784452
result	prose_heavy	slob	raw	outputs	1024875
result	prose_heavy	slob	raw	logical_prose_bytes	10498986
sample	prose_heavy	slob	raw	exact	0	513667
sample	prose_heavy	slob	raw	exact	1	339542
sample	prose_heavy	slob	raw	exact	2	1085292
sample	prose_heavy	slob	raw	exact	3	639542
sample	prose_heavy	slob	raw	exact	4	430458
sample	prose_heavy	slob	raw	exact	5	461459
sample	prose_heavy	slob	raw	exact	6	438250
sample	prose_heavy	slob	raw	exact	7	882334
sample	prose_heavy	slob	raw	exact	8	838000
sample	prose_heavy	slob	raw	exact	9	337625
sample	prose_heavy	slob	raw	exact	10	602291
sample	prose_heavy	slob	raw	exact	11	596000
sample	prose_heavy	slob	raw	exact	12	428625
sample	prose_heavy	slob	raw	exact	13	400166
sample	prose_heavy	slob	raw	exact	14	438917
sample	prose_heavy	slob	raw	exact	15	1727334
sample	prose_heavy	slob	raw	exact	16	730250
sample	prose_heavy	slob	raw	exact	17	1042959
sample	prose_heavy	slob	raw	exact	18	439209
sample	prose_heavy	slob	raw	exact	19	399584
sample	prose_heavy	slob	raw	exact	20	940833
sample	prose_heavy	slob	raw	exact	21	571250
sample	prose_heavy	slob	raw	exact	22	1130709
sample	prose_heavy	slob	raw	exact	23	821125
sample	prose_heavy	slob	raw	exact	24	3442458
sample	prose_heavy	slob	raw	exact	25	989167
sample	prose_heavy	slob	raw	exact	26	438459
sample	prose_heavy	slob	raw	exact	27	649209
sample	prose_heavy	slob	raw	exact	28	429834
sample	prose_heavy	slob	raw	exact	29	397250
sample	prose_heavy	slob	raw	exact	30	2369042
sample	prose_heavy	slob	raw	exact	31	628250
sample	prose_heavy	slob	raw	exact	32	431375
sample	prose_heavy	slob	raw	exact	33	330959
sample	prose_heavy	slob	raw	exact	34	453833
sample	prose_heavy	slob	raw	exact	35	408292
sample	prose_heavy	slob	raw	exact	36	471958
sample	prose_heavy	slob	raw	exact	37	394291
sample	prose_heavy	slob	raw	exact	38	419084
sample	prose_heavy	slob	raw	exact	39	739458
sample	prose_heavy	slob	raw	exact	40	982208
sample	prose_heavy	slob	raw	exact	41	344916
sample	prose_heavy	slob	raw	exact	42	491250
sample	prose_heavy	slob	raw	exact	43	549875
sample	prose_heavy	slob	raw	exact	44	437667
sample	prose_heavy	slob	raw	exact	45	519583
sample	prose_heavy	slob	raw	exact	46	422750
sample	prose_heavy	slob	raw	exact	47	455417
sample	prose_heavy	slob	raw	exact	48	422875
sample	prose_heavy	slob	raw	exact	49	331917
sample	prose_heavy	slob	raw	exact	50	994500
sample	prose_heavy	slob	raw	exact	51	940583
sample	prose_heavy	slob	raw	exact	52	430458
sample	prose_heavy	slob	raw	exact	53	394292
sample	prose_heavy	slob	raw	exact	54	422000
sample	prose_heavy	slob	raw	exact	55	894375
sample	prose_heavy	slob	raw	exact	56	815917
sample	prose_heavy	slob	raw	exact	57	336250
sample	prose_heavy	slob	raw	exact	58	425750
sample	prose_heavy	slob	raw	exact	59	406625
sample	prose_heavy	slob	raw	exact	60	423291
sample	prose_heavy	slob	raw	exact	61	394667
sample	prose_heavy	slob	raw	exact	62	426375
sample	prose_heavy	slob	raw	exact	63	1183917
sample	prose_heavy	slob	raw	exact	64	1149709
sample	prose_heavy	slob	raw	exact	65	428167
sample	prose_heavy	slob	raw	exact	66	430292
sample	prose_heavy	slob	raw	exact	67	663125
sample	prose_heavy	slob	raw	exact	68	833458
sample	prose_heavy	slob	raw	exact	69	584500
sample	prose_heavy	slob	raw	exact	70	436417
sample	prose_heavy	slob	raw	exact	71	468166
sample	prose_heavy	slob	raw	exact	72	430959
sample	prose_heavy	slob	raw	exact	73	336917
sample	prose_heavy	slob	raw	exact	74	1620417
sample	prose_heavy	slob	raw	exact	75	1754125
sample	prose_heavy	slob	raw	exact	76	1139000
sample	prose_heavy	slob	raw	exact	77	407458
sample	prose_heavy	slob	raw	exact	78	427125
sample	prose_heavy	slob	raw	exact	79	1659750
sample	prose_heavy	slob	raw	exact	80	447625
sample	prose_heavy	slob	raw	exact	81	450125
sample	prose_heavy	slob	raw	exact	82	441792
sample	prose_heavy	slob	raw	exact	83	1167625
sample	prose_heavy	slob	raw	exact	84	1187417
sample	prose_heavy	slob	raw	exact	85	416417
sample	prose_heavy	slob	raw	exact	86	444917
sample	prose_heavy	slob	raw	exact	87	1062542
sample	prose_heavy	slob	raw	exact	88	430583
sample	prose_heavy	slob	raw	exact	89	337084
sample	prose_heavy	slob	raw	exact	90	428625
sample	prose_heavy	slob	raw	exact	91	399000
sample	prose_heavy	slob	raw	exact	92	429750
sample	prose_heavy	slob	raw	exact	93	401625
sample	prose_heavy	slob	raw	exact	94	1032291
sample	prose_heavy	slob	raw	exact	95	1343042
sample	prose_heavy	slob	raw	exact	96	1494917
sample	prose_heavy	slob	raw	exact	97	1582208
sample	prose_heavy	slob	raw	exact	98	612000
sample	prose_heavy	slob	raw	exact	99	402583
sample	prose_heavy	slob	raw	exact	100	429834
sample	prose_heavy	slob	raw	exact	101	406333
sample	prose_heavy	slob	raw	exact	102	2316208
sample	prose_heavy	slob	raw	exact	103	1277792
sample	prose_heavy	slob	raw	exact	104	1714708
sample	prose_heavy	slob	raw	exact	105	898416
sample	prose_heavy	slob	raw	exact	106	1467708
sample	prose_heavy	slob	raw	exact	107	2521458
sample	prose_heavy	slob	raw	exact	108	1187208
sample	prose_heavy	slob	raw	exact	109	545334
sample	prose_heavy	slob	raw	exact	110	431083
sample	prose_heavy	slob	raw	exact	111	3255000
sample	prose_heavy	slob	raw	exact	112	424792
sample	prose_heavy	slob	raw	exact	113	331875
sample	prose_heavy	slob	raw	exact	114	494834
sample	prose_heavy	slob	raw	exact	115	461209
sample	prose_heavy	slob	raw	exact	116	582792
sample	prose_heavy	slob	raw	exact	117	649125
sample	prose_heavy	slob	raw	exact	118	547000
sample	prose_heavy	slob	raw	exact	119	706542
sample	prose_heavy	slob	raw	exact	120	520667
sample	prose_heavy	slob	raw	exact	121	345791
sample	prose_heavy	slob	raw	exact	122	1672666
sample	prose_heavy	slob	raw	exact	123	606416
sample	prose_heavy	slob	raw	exact	124	430709
sample	prose_heavy	slob	raw	exact	125	395208
sample	prose_heavy	slob	raw	exact	126	690958
sample	prose_heavy	slob	raw	exact	127	524791
sample	prose_heavy	slob	raw	exact	128	941166
sample	prose_heavy	slob	raw	exact	129	336292
sample	prose_heavy	slob	raw	exact	130	432250
sample	prose_heavy	slob	raw	exact	131	398792
sample	prose_heavy	slob	raw	exact	132	429125
sample	prose_heavy	slob	raw	exact	133	398917
sample	prose_heavy	slob	raw	exact	134	612917
sample	prose_heavy	slob	raw	exact	135	458375
sample	prose_heavy	slob	raw	exact	136	427625
sample	prose_heavy	slob	raw	exact	137	343583
sample	prose_heavy	slob	raw	exact	138	422875
sample	prose_heavy	slob	raw	exact	139	395708
sample	prose_heavy	slob	raw	exact	140	425917
sample	prose_heavy	slob	raw	exact	141	1850791
sample	prose_heavy	slob	raw	exact	142	815208
sample	prose_heavy	slob	raw	exact	143	485750
sample	prose_heavy	slob	raw	exact	144	549500
sample	prose_heavy	slob	raw	exact	145	369792
sample	prose_heavy	slob	raw	exact	146	736458
sample	prose_heavy	slob	raw	exact	147	829500
sample	prose_heavy	slob	raw	exact	148	512500
sample	prose_heavy	slob	raw	exact	149	395875
sample	prose_heavy	slob	raw	exact	150	1450958
sample	prose_heavy	slob	raw	exact	151	1020084
sample	prose_heavy	slob	raw	exact	152	490084
sample	prose_heavy	slob	raw	exact	153	1027833
sample	prose_heavy	slob	raw	exact	154	3083334
sample	prose_heavy	slob	raw	exact	155	799250
sample	prose_heavy	slob	raw	exact	156	916292
sample	prose_heavy	slob	raw	exact	157	1807000
sample	prose_heavy	slob	raw	exact	158	541125
sample	prose_heavy	slob	raw	exact	159	526209
sample	prose_heavy	slob	raw	exact	160	473958
sample	prose_heavy	slob	raw	exact	161	380625
sample	prose_heavy	slob	raw	exact	162	484166
sample	prose_heavy	slob	raw	exact	163	421125
sample	prose_heavy	slob	raw	exact	164	425625
sample	prose_heavy	slob	raw	exact	165	407500
sample	prose_heavy	slob	raw	exact	166	441792
sample	prose_heavy	slob	raw	exact	167	479333
sample	prose_heavy	slob	raw	exact	168	560959
sample	prose_heavy	slob	raw	exact	169	397458
sample	prose_heavy	slob	raw	exact	170	477208
sample	prose_heavy	slob	raw	exact	171	793875
sample	prose_heavy	slob	raw	exact	172	656334
sample	prose_heavy	slob	raw	exact	173	400042
sample	prose_heavy	slob	raw	exact	174	443292
sample	prose_heavy	slob	raw	exact	175	471917
sample	prose_heavy	slob	raw	exact	176	435750
sample	prose_heavy	slob	raw	exact	177	380459
sample	prose_heavy	slob	raw	exact	178	446875
sample	prose_heavy	slob	raw	exact	179	429833
sample	prose_heavy	slob	raw	exact	180	442292
sample	prose_heavy	slob	raw	exact	181	404625
sample	prose_heavy	slob	raw	exact	182	441459
sample	prose_heavy	slob	raw	exact	183	545833
sample	prose_heavy	slob	raw	exact	184	470916
sample	prose_heavy	slob	raw	exact	185	471042
sample	prose_heavy	slob	raw	exact	186	830458
sample	prose_heavy	slob	raw	exact	187	560083
sample	prose_heavy	slob	raw	exact	188	835667
sample	prose_heavy	slob	raw	exact	189	894209
sample	prose_heavy	slob	raw	exact	190	446458
sample	prose_heavy	slob	raw	exact	191	569917
sample	prose_heavy	slob	raw	exact	192	1179709
sample	prose_heavy	slob	raw	exact	193	1073917
sample	prose_heavy	slob	raw	exact	194	1007250
sample	prose_heavy	slob	raw	exact	195	1199458
sample	prose_heavy	slob	raw	exact	196	692125
sample	prose_heavy	slob	raw	exact	197	421541
sample	prose_heavy	slob	raw	exact	198	949125
sample	prose_heavy	slob	raw	exact	199	903542
sample	prose_heavy	slob	raw	exact	200	844167
sample	prose_heavy	slob	raw	exact	201	1054958
sample	prose_heavy	slob	raw	exact	202	1573417
sample	prose_heavy	slob	raw	exact	203	495542
sample	prose_heavy	slob	raw	exact	204	631333
sample	prose_heavy	slob	raw	exact	205	396000
sample	prose_heavy	slob	raw	exact	206	422542
sample	prose_heavy	slob	raw	exact	207	459750
sample	prose_heavy	slob	raw	exact	208	1387125
sample	prose_heavy	slob	raw	exact	209	591042
sample	prose_heavy	slob	raw	exact	210	438709
sample	prose_heavy	slob	raw	exact	211	750834
sample	prose_heavy	slob	raw	exact	212	426375
sample	prose_heavy	slob	raw	exact	213	777375
sample	prose_heavy	slob	raw	exact	214	1644125
sample	prose_heavy	slob	raw	exact	215	1402875
sample	prose_heavy	slob	raw	exact	216	2564042
sample	prose_heavy	slob	raw	exact	217	1184334
sample	prose_heavy	slob	raw	exact	218	2580500
sample	prose_heavy	slob	raw	exact	219	1899666
sample	prose_heavy	slob	raw	exact	220	1078166
sample	prose_heavy	slob	raw	exact	221	583500
sample	prose_heavy	slob	raw	exact	222	448792
sample	prose_heavy	slob	raw	exact	223	1154959
sample	prose_heavy	slob	raw	exact	224	2220208
sample	prose_heavy	slob	raw	exact	225	805542
sample	prose_heavy	slob	raw	exact	226	1187041
sample	prose_heavy	slob	raw	exact	227	393792
sample	prose_heavy	slob	raw	exact	228	905041
sample	prose_heavy	slob	raw	exact	229	871167
sample	prose_heavy	slob	raw	exact	230	627458
sample	prose_heavy	slob	raw	exact	231	1093667
sample	prose_heavy	slob	raw	exact	232	867291
sample	prose_heavy	slob	raw	exact	233	1022250
sample	prose_heavy	slob	raw	exact	234	1760875
sample	prose_heavy	slob	raw	exact	235	1223750
sample	prose_heavy	slob	raw	exact	236	2967042
sample	prose_heavy	slob	raw	exact	237	424250
sample	prose_heavy	slob	raw	exact	238	431250
sample	prose_heavy	slob	raw	exact	239	642917
sample	prose_heavy	slob	raw	exact	240	786917
sample	prose_heavy	slob	raw	exact	241	377083
sample	prose_heavy	slob	raw	exact	242	427291
sample	prose_heavy	slob	raw	exact	243	396292
sample	prose_heavy	slob	raw	exact	244	426291
sample	prose_heavy	slob	raw	exact	245	1158166
sample	prose_heavy	slob	raw	exact	246	1759542
sample	prose_heavy	slob	raw	exact	247	1817125
sample	prose_heavy	slob	raw	exact	248	509500
sample	prose_heavy	slob	raw	exact	249	800834
sample	prose_heavy	slob	raw	exact	250	2170375
sample	prose_heavy	slob	raw	exact	251	1990375
sample	prose_heavy	slob	raw	exact	252	3757834
sample	prose_heavy	slob	raw	exact	253	680667
sample	prose_heavy	slob	raw	exact	254	1038375
sample	prose_heavy	slob	raw	exact	255	2145250
sample	prose_heavy	slob	raw	exact	256	763292
sample	prose_heavy	slob	raw	exact	257	1244542
sample	prose_heavy	slob	raw	exact	258	1459375
sample	prose_heavy	slob	raw	exact	259	1135750
sample	prose_heavy	slob	raw	exact	260	1174333
sample	prose_heavy	slob	raw	exact	261	953292
sample	prose_heavy	slob	raw	exact	262	810584
sample	prose_heavy	slob	raw	exact	263	1043541
sample	prose_heavy	slob	raw	exact	264	807750
sample	prose_heavy	slob	raw	exact	265	799000
sample	prose_heavy	slob	raw	exact	266	587250
sample	prose_heavy	slob	raw	exact	267	853709
sample	prose_heavy	slob	raw	exact	268	1722292
sample	prose_heavy	slob	raw	exact	269	623625
sample	prose_heavy	slob	raw	exact	270	1145625
sample	prose_heavy	slob	raw	exact	271	916708
sample	prose_heavy	slob	raw	exact	272	1047959
sample	prose_heavy	slob	raw	exact	273	691583
sample	prose_heavy	slob	raw	exact	274	1088750
sample	prose_heavy	slob	raw	exact	275	1256833
sample	prose_heavy	slob	raw	exact	276	1096708
sample	prose_heavy	slob	raw	exact	277	586667
sample	prose_heavy	slob	raw	exact	278	895041
sample	prose_heavy	slob	raw	exact	279	802459
sample	prose_heavy	slob	raw	exact	280	435041
sample	prose_heavy	slob	raw	exact	281	354542
sample	prose_heavy	slob	raw	exact	282	950042
sample	prose_heavy	slob	raw	exact	283	2030166
sample	prose_heavy	slob	raw	exact	284	1443916
sample	prose_heavy	slob	raw	exact	285	945541
sample	prose_heavy	slob	raw	exact	286	1877208
sample	prose_heavy	slob	raw	exact	287	1334041
sample	prose_heavy	slob	raw	exact	288	474791
sample	prose_heavy	slob	raw	exact	289	335792
sample	prose_heavy	slob	raw	exact	290	2494333
sample	prose_heavy	slob	raw	exact	291	973375
sample	prose_heavy	slob	raw	exact	292	867584
sample	prose_heavy	slob	raw	exact	293	417708
sample	prose_heavy	slob	raw	exact	294	1073916
sample	prose_heavy	slob	raw	exact	295	1715833
sample	prose_heavy	slob	raw	exact	296	741833
sample	prose_heavy	slob	raw	exact	297	914083
sample	prose_heavy	slob	raw	exact	298	563584
sample	prose_heavy	slob	raw	exact	299	884791
sample	prose_heavy	slob	raw	exact	300	1287708
sample	prose_heavy	slob	raw	exact	301	1181208
sample	prose_heavy	slob	raw	exact	302	661416
sample	prose_heavy	slob	raw	exact	303	716500
sample	prose_heavy	slob	raw	exact	304	831083
sample	prose_heavy	slob	raw	exact	305	510542
sample	prose_heavy	slob	raw	exact	306	751625
sample	prose_heavy	slob	raw	exact	307	571583
sample	prose_heavy	slob	raw	exact	308	476084
sample	prose_heavy	slob	raw	exact	309	421417
sample	prose_heavy	slob	raw	exact	310	435958
sample	prose_heavy	slob	raw	exact	311	513208
sample	prose_heavy	slob	raw	exact	312	476917
sample	prose_heavy	slob	raw	exact	313	781917
sample	prose_heavy	slob	raw	exact	314	1061333
sample	prose_heavy	slob	raw	exact	315	403875
sample	prose_heavy	slob	raw	exact	316	831875
sample	prose_heavy	slob	raw	exact	317	397708
sample	prose_heavy	slob	raw	exact	318	481791
sample	prose_heavy	slob	raw	exact	319	673500
sample	prose_heavy	slob	raw	exact	320	777208
sample	prose_heavy	slob	raw	exact	321	398625
sample	prose_heavy	slob	raw	exact	322	436833
sample	prose_heavy	slob	raw	exact	323	657542
sample	prose_heavy	slob	raw	exact	324	665000
sample	prose_heavy	slob	raw	exact	325	543834
sample	prose_heavy	slob	raw	exact	326	849083
sample	prose_heavy	slob	raw	exact	327	497458
sample	prose_heavy	slob	raw	exact	328	424875
sample	prose_heavy	slob	raw	exact	329	330500
sample	prose_heavy	slob	raw	exact	330	430083
sample	prose_heavy	slob	raw	exact	331	389083
sample	prose_heavy	slob	raw	exact	332	421916
sample	prose_heavy	slob	raw	exact	333	397459
sample	prose_heavy	slob	raw	exact	334	418542
sample	prose_heavy	slob	raw	exact	335	449542
sample	prose_heavy	slob	raw	exact	336	416959
sample	prose_heavy	slob	raw	exact	337	327500
sample	prose_heavy	slob	raw	exact	338	468917
sample	prose_heavy	slob	raw	exact	339	501459
sample	prose_heavy	slob	raw	exact	340	428792
sample	prose_heavy	slob	raw	exact	341	394250
sample	prose_heavy	slob	raw	exact	342	623958
sample	prose_heavy	slob	raw	exact	343	529834
sample	prose_heavy	slob	raw	exact	344	440708
sample	prose_heavy	slob	raw	exact	345	346667
sample	prose_heavy	slob	raw	exact	346	466875
sample	prose_heavy	slob	raw	exact	347	441292
sample	prose_heavy	slob	raw	exact	348	507416
sample	prose_heavy	slob	raw	exact	349	463042
sample	prose_heavy	slob	raw	exact	350	477250
sample	prose_heavy	slob	raw	exact	351	475792
sample	prose_heavy	slob	raw	exact	352	430083
sample	prose_heavy	slob	raw	exact	353	332917
sample	prose_heavy	slob	raw	exact	354	430541
sample	prose_heavy	slob	raw	exact	355	396084
sample	prose_heavy	slob	raw	exact	356	423208
sample	prose_heavy	slob	raw	exact	357	389875
sample	prose_heavy	slob	raw	exact	358	423375
sample	prose_heavy	slob	raw	exact	359	452708
sample	prose_heavy	slob	raw	exact	360	410375
sample	prose_heavy	slob	raw	exact	361	437750
sample	prose_heavy	slob	raw	exact	362	655125
sample	prose_heavy	slob	raw	exact	363	400708
sample	prose_heavy	slob	raw	exact	364	431917
sample	prose_heavy	slob	raw	exact	365	398000
sample	prose_heavy	slob	raw	exact	366	440292
sample	prose_heavy	slob	raw	exact	367	470417
sample	prose_heavy	slob	raw	exact	368	430042
sample	prose_heavy	slob	raw	exact	369	332417
sample	prose_heavy	slob	raw	exact	370	445541
sample	prose_heavy	slob	raw	exact	371	414667
sample	prose_heavy	slob	raw	exact	372	435000
sample	prose_heavy	slob	raw	exact	373	413084
sample	prose_heavy	slob	raw	exact	374	518250
sample	prose_heavy	slob	raw	exact	375	536916
sample	prose_heavy	slob	raw	exact	376	447042
sample	prose_heavy	slob	raw	exact	377	339791
sample	prose_heavy	slob	raw	exact	378	469417
sample	prose_heavy	slob	raw	exact	379	526833
sample	prose_heavy	slob	raw	exact	380	446875
sample	prose_heavy	slob	raw	exact	381	423500
sample	prose_heavy	slob	raw	exact	382	482958
sample	prose_heavy	slob	raw	exact	383	509000
sample	prose_heavy	slob	raw	exact	384	478833
sample	prose_heavy	slob	raw	exact	385	474125
sample	prose_heavy	slob	raw	exact	386	503500
sample	prose_heavy	slob	raw	exact	387	462708
sample	prose_heavy	slob	raw	exact	388	449833
sample	prose_heavy	slob	raw	exact	389	430625
sample	prose_heavy	slob	raw	exact	390	525791
sample	prose_heavy	slob	raw	exact	391	533458
sample	prose_heavy	slob	raw	exact	392	460208
sample	prose_heavy	slob	raw	exact	393	358541
sample	prose_heavy	slob	raw	exact	394	434291
sample	prose_heavy	slob	raw	exact	395	414667
sample	prose_heavy	slob	raw	exact	396	449167
sample	prose_heavy	slob	raw	exact	397	464750
sample	prose_heavy	slob	raw	exact	398	432791
sample	prose_heavy	slob	raw	exact	399	484042
sample	prose_heavy	slob	raw	exact	400	410333
sample	prose_heavy	slob	raw	exact	401	335583
sample	prose_heavy	slob	raw	exact	402	443292
sample	prose_heavy	slob	raw	exact	403	468416
sample	prose_heavy	slob	raw	exact	404	540750
sample	prose_heavy	slob	raw	exact	405	472834
sample	prose_heavy	slob	raw	exact	406	516083
sample	prose_heavy	slob	raw	exact	407	523250
sample	prose_heavy	slob	raw	exact	408	420959
sample	prose_heavy	slob	raw	exact	409	323958
sample	prose_heavy	slob	raw	exact	410	410750
sample	prose_heavy	slob	raw	exact	411	393875
sample	prose_heavy	slob	raw	exact	412	429500
sample	prose_heavy	slob	raw	exact	413	408458
sample	prose_heavy	slob	raw	exact	414	414583
sample	prose_heavy	slob	raw	exact	415	459584
sample	prose_heavy	slob	raw	exact	416	410625
sample	prose_heavy	slob	raw	exact	417	319500
sample	prose_heavy	slob	raw	exact	418	414000
sample	prose_heavy	slob	raw	exact	419	390000
sample	prose_heavy	slob	raw	exact	420	412417
sample	prose_heavy	slob	raw	exact	421	390208
sample	prose_heavy	slob	raw	exact	422	417875
sample	prose_heavy	slob	raw	exact	423	504833
sample	prose_heavy	slob	raw	exact	424	410791
sample	prose_heavy	slob	raw	exact	425	317208
sample	prose_heavy	slob	raw	exact	426	423167
sample	prose_heavy	slob	raw	exact	427	393417
sample	prose_heavy	slob	raw	exact	428	495125
sample	prose_heavy	slob	raw	exact	429	497917
sample	prose_heavy	slob	raw	exact	430	458166
sample	prose_heavy	slob	raw	exact	431	775000
sample	prose_heavy	slob	raw	exact	432	455666
sample	prose_heavy	slob	raw	exact	433	340334
sample	prose_heavy	slob	raw	exact	434	458292
sample	prose_heavy	slob	raw	exact	435	421667
sample	prose_heavy	slob	raw	exact	436	496292
sample	prose_heavy	slob	raw	exact	437	414041
sample	prose_heavy	slob	raw	exact	438	484792
sample	prose_heavy	slob	raw	exact	439	493084
sample	prose_heavy	slob	raw	exact	440	447000
sample	prose_heavy	slob	raw	exact	441	365166
sample	prose_heavy	slob	raw	exact	442	453000
sample	prose_heavy	slob	raw	exact	443	398125
sample	prose_heavy	slob	raw	exact	444	425459
sample	prose_heavy	slob	raw	exact	445	372792
sample	prose_heavy	slob	raw	exact	446	418167
sample	prose_heavy	slob	raw	exact	447	490333
sample	prose_heavy	slob	raw	exact	448	455584
sample	prose_heavy	slob	raw	exact	449	366583
sample	prose_heavy	slob	raw	exact	450	424125
sample	prose_heavy	slob	raw	exact	451	416834
sample	prose_heavy	slob	raw	exact	452	432708
sample	prose_heavy	slob	raw	exact	453	399042
sample	prose_heavy	slob	raw	exact	454	415250
sample	prose_heavy	slob	raw	exact	455	444500
sample	prose_heavy	slob	raw	exact	456	429750
sample	prose_heavy	slob	raw	exact	457	323917
sample	prose_heavy	slob	raw	exact	458	411000
sample	prose_heavy	slob	raw	exact	459	376208
sample	prose_heavy	slob	raw	exact	460	409000
sample	prose_heavy	slob	raw	exact	461	376708
sample	prose_heavy	slob	raw	exact	462	408125
sample	prose_heavy	slob	raw	exact	463	463459
sample	prose_heavy	slob	raw	exact	464	407917
sample	prose_heavy	slob	raw	exact	465	325375
sample	prose_heavy	slob	raw	exact	466	471416
sample	prose_heavy	slob	raw	exact	467	376417
sample	prose_heavy	slob	raw	exact	468	416208
sample	prose_heavy	slob	raw	exact	469	386750
sample	prose_heavy	slob	raw	exact	470	403625
sample	prose_heavy	slob	raw	exact	471	437708
sample	prose_heavy	slob	raw	exact	472	429250
sample	prose_heavy	slob	raw	exact	473	342542
sample	prose_heavy	slob	raw	exact	474	404250
sample	prose_heavy	slob	raw	exact	475	385709
sample	prose_heavy	slob	raw	exact	476	416791
sample	prose_heavy	slob	raw	exact	477	379750
sample	prose_heavy	slob	raw	exact	478	420709
sample	prose_heavy	slob	raw	exact	479	473541
sample	prose_heavy	slob	raw	exact	480	1186708
sample	prose_heavy	slob	raw	exact	481	9028875
sample	prose_heavy	slob	raw	exact	482	3970042
sample	prose_heavy	slob	raw	exact	483	11298500
sample	prose_heavy	slob	raw	exact	484	2450125
sample	prose_heavy	slob	raw	exact	485	1564708
sample	prose_heavy	slob	raw	exact	486	1339833
sample	prose_heavy	slob	raw	exact	487	495750
sample	prose_heavy	slob	raw	exact	488	435042
sample	prose_heavy	slob	raw	exact	489	2249167
sample	prose_heavy	slob	raw	exact	490	1239917
sample	prose_heavy	slob	raw	exact	491	2368292
sample	prose_heavy	slob	raw	exact	492	1376834
sample	prose_heavy	slob	raw	exact	493	400042
sample	prose_heavy	slob	raw	exact	494	421334
sample	prose_heavy	slob	raw	exact	495	537375
sample	prose_heavy	slob	raw	exact	496	452583
sample	prose_heavy	slob	raw	exact	497	332583
sample	prose_heavy	slob	raw	exact	498	486125
sample	prose_heavy	slob	raw	exact	499	393042
sample	prose_heavy	slob	raw	exact	500	421542
sample	prose_heavy	slob	raw	exact	501	394167
sample	prose_heavy	slob	raw	exact	502	422916
sample	prose_heavy	slob	raw	exact	503	495292
sample	prose_heavy	slob	raw	exact	504	498125
sample	prose_heavy	slob	raw	exact	505	855833
sample	prose_heavy	slob	raw	exact	506	2178250
sample	prose_heavy	slob	raw	exact	507	650916
sample	prose_heavy	slob	raw	exact	508	910291
sample	prose_heavy	slob	raw	exact	509	1150625
sample	prose_heavy	slob	raw	exact	510	2058959
sample	prose_heavy	slob	raw	exact	511	1133875
sample	prose_heavy	slob	raw	exact	512	2523833
sample	prose_heavy	slob	raw	exact	513	363000
sample	prose_heavy	slob	raw	exact	514	711417
sample	prose_heavy	slob	raw	exact	515	1194041
sample	prose_heavy	slob	raw	exact	516	4120750
sample	prose_heavy	slob	raw	exact	517	610541
sample	prose_heavy	slob	raw	exact	518	2389958
sample	prose_heavy	slob	raw	exact	519	1462667
sample	prose_heavy	slob	raw	exact	520	1156583
sample	prose_heavy	slob	raw	exact	521	642583
sample	prose_heavy	slob	raw	exact	522	4090542
sample	prose_heavy	slob	raw	exact	523	1340625
sample	prose_heavy	slob	raw	exact	524	1250417
sample	prose_heavy	slob	raw	exact	525	2880042
sample	prose_heavy	slob	raw	exact	526	663417
sample	prose_heavy	slob	raw	exact	527	923667
sample	prose_heavy	slob	raw	exact	528	432333
sample	prose_heavy	slob	raw	exact	529	716042
sample	prose_heavy	slob	raw	exact	530	1330541
sample	prose_heavy	slob	raw	exact	531	554959
sample	prose_heavy	slob	raw	exact	532	1282917
sample	prose_heavy	slob	raw	exact	533	999750
sample	prose_heavy	slob	raw	exact	534	1052792
sample	prose_heavy	slob	raw	exact	535	474417
sample	prose_heavy	slob	raw	exact	536	670417
sample	prose_heavy	slob	raw	exact	537	894542
sample	prose_heavy	slob	raw	exact	538	478500
sample	prose_heavy	slob	raw	exact	539	422167
sample	prose_heavy	slob	raw	exact	540	423875
sample	prose_heavy	slob	raw	exact	541	1446875
sample	prose_heavy	slob	raw	exact	542	1185750
sample	prose_heavy	slob	raw	exact	543	1934375
sample	prose_heavy	slob	raw	exact	544	1085375
sample	prose_heavy	slob	raw	exact	545	539958
sample	prose_heavy	slob	raw	exact	546	1092792
sample	prose_heavy	slob	raw	exact	547	2571250
sample	prose_heavy	slob	raw	exact	548	443875
sample	prose_heavy	slob	raw	exact	549	660584
sample	prose_heavy	slob	raw	exact	550	580458
sample	prose_heavy	slob	raw	exact	551	2219000
sample	prose_heavy	slob	raw	exact	552	616708
sample	prose_heavy	slob	raw	exact	553	339333
sample	prose_heavy	slob	raw	exact	554	424250
sample	prose_heavy	slob	raw	exact	555	935083
sample	prose_heavy	slob	raw	exact	556	834875
sample	prose_heavy	slob	raw	exact	557	411958
sample	prose_heavy	slob	raw	exact	558	473208
sample	prose_heavy	slob	raw	exact	559	471292
sample	prose_heavy	slob	raw	exact	560	629209
sample	prose_heavy	slob	raw	exact	561	340917
sample	prose_heavy	slob	raw	exact	562	1752209
sample	prose_heavy	slob	raw	exact	563	1107875
sample	prose_heavy	slob	raw	exact	564	1287166
sample	prose_heavy	slob	raw	exact	565	748459
sample	prose_heavy	slob	raw	exact	566	699708
sample	prose_heavy	slob	raw	exact	567	468708
sample	prose_heavy	slob	raw	exact	568	806625
sample	prose_heavy	slob	raw	exact	569	2249000
sample	prose_heavy	slob	raw	exact	570	1593750
sample	prose_heavy	slob	raw	exact	571	2519458
sample	prose_heavy	slob	raw	exact	572	1804625
sample	prose_heavy	slob	raw	exact	573	918041
sample	prose_heavy	slob	raw	exact	574	439000
sample	prose_heavy	slob	raw	exact	575	2321833
sample	prose_heavy	slob	raw	exact	576	667333
sample	prose_heavy	slob	raw	exact	577	353458
sample	prose_heavy	slob	raw	exact	578	424792
sample	prose_heavy	slob	raw	exact	579	399792
sample	prose_heavy	slob	raw	exact	580	427583
sample	prose_heavy	slob	raw	exact	581	1329208
sample	prose_heavy	slob	raw	exact	582	448500
sample	prose_heavy	slob	raw	exact	583	463125
sample	prose_heavy	slob	raw	exact	584	467250
sample	prose_heavy	slob	raw	exact	585	573500
sample	prose_heavy	slob	raw	exact	586	425750
sample	prose_heavy	slob	raw	exact	587	775917
sample	prose_heavy	slob	raw	exact	588	476875
sample	prose_heavy	slob	raw	exact	589	905250
sample	prose_heavy	slob	raw	exact	590	435875
sample	prose_heavy	slob	raw	exact	591	645209
sample	prose_heavy	slob	raw	exact	592	981708
sample	prose_heavy	slob	raw	exact	593	376583
sample	prose_heavy	slob	raw	exact	594	426000
sample	prose_heavy	slob	raw	exact	595	396875
sample	prose_heavy	slob	raw	exact	596	427041
sample	prose_heavy	slob	raw	exact	597	394667
sample	prose_heavy	slob	raw	exact	598	1082334
sample	prose_heavy	slob	raw	exact	599	1646167
sample	prose_heavy	slob	raw	exact	600	813791
sample	prose_heavy	slob	raw	exact	601	358833
sample	prose_heavy	slob	raw	exact	602	470750
sample	prose_heavy	slob	raw	exact	603	776208
sample	prose_heavy	slob	raw	exact	604	1527000
sample	prose_heavy	slob	raw	exact	605	448667
sample	prose_heavy	slob	raw	exact	606	540583
sample	prose_heavy	slob	raw	exact	607	769333
sample	prose_heavy	slob	raw	exact	608	1162584
sample	prose_heavy	slob	raw	exact	609	1462041
sample	prose_heavy	slob	raw	exact	610	492875
sample	prose_heavy	slob	raw	exact	611	756166
sample	prose_heavy	slob	raw	exact	612	1080375
sample	prose_heavy	slob	raw	exact	613	1837542
sample	prose_heavy	slob	raw	exact	614	964958
sample	prose_heavy	slob	raw	exact	615	1131291
sample	prose_heavy	slob	raw	exact	616	917333
sample	prose_heavy	slob	raw	exact	617	792625
sample	prose_heavy	slob	raw	exact	618	1024833
sample	prose_heavy	slob	raw	exact	619	404834
sample	prose_heavy	slob	raw	exact	620	434291
sample	prose_heavy	slob	raw	exact	621	400458
sample	prose_heavy	slob	raw	exact	622	429667
sample	prose_heavy	slob	raw	exact	623	551167
sample	prose_heavy	slob	raw	exact	624	921375
sample	prose_heavy	slob	raw	exact	625	335125
sample	prose_heavy	slob	raw	exact	626	1116916
sample	prose_heavy	slob	raw	exact	627	1569750
sample	prose_heavy	slob	raw	exact	628	488459
sample	prose_heavy	slob	raw	exact	629	401708
sample	prose_heavy	slob	raw	exact	630	434000
sample	prose_heavy	slob	raw	exact	631	460125
sample	prose_heavy	slob	raw	exact	632	427375
sample	prose_heavy	slob	raw	exact	633	343666
sample	prose_heavy	slob	raw	exact	634	429750
sample	prose_heavy	slob	raw	exact	635	715042
sample	prose_heavy	slob	raw	exact	636	2080667
sample	prose_heavy	slob	raw	exact	637	1533791
sample	prose_heavy	slob	raw	exact	638	1865291
sample	prose_heavy	slob	raw	exact	639	845625
sample	prose_heavy	slob	raw	exact	640	787709
sample	prose_heavy	slob	raw	exact	641	2501250
sample	prose_heavy	slob	raw	exact	642	2295291
sample	prose_heavy	slob	raw	exact	643	407125
sample	prose_heavy	slob	raw	exact	644	428333
sample	prose_heavy	slob	raw	exact	645	396625
sample	prose_heavy	slob	raw	exact	646	485709
sample	prose_heavy	slob	raw	exact	647	637250
sample	prose_heavy	slob	raw	exact	648	1922625
sample	prose_heavy	slob	raw	exact	649	745542
sample	prose_heavy	slob	raw	exact	650	1087791
sample	prose_heavy	slob	raw	exact	651	780792
sample	prose_heavy	slob	raw	exact	652	1239916
sample	prose_heavy	slob	raw	exact	653	1024250
sample	prose_heavy	slob	raw	exact	654	1574417
sample	prose_heavy	slob	raw	exact	655	1046792
sample	prose_heavy	slob	raw	exact	656	1060250
sample	prose_heavy	slob	raw	exact	657	634000
sample	prose_heavy	slob	raw	exact	658	1015375
sample	prose_heavy	slob	raw	exact	659	603458
sample	prose_heavy	slob	raw	exact	660	434334
sample	prose_heavy	slob	raw	exact	661	398125
sample	prose_heavy	slob	raw	exact	662	428583
sample	prose_heavy	slob	raw	exact	663	2344291
sample	prose_heavy	slob	raw	exact	664	660958
sample	prose_heavy	slob	raw	exact	665	389250
sample	prose_heavy	slob	raw	exact	666	596834
sample	prose_heavy	slob	raw	exact	667	1344292
sample	prose_heavy	slob	raw	exact	668	793583
sample	prose_heavy	slob	raw	exact	669	1352792
sample	prose_heavy	slob	raw	exact	670	1266750
sample	prose_heavy	slob	raw	exact	671	911584
sample	prose_heavy	slob	raw	exact	672	1291833
sample	prose_heavy	slob	raw	exact	673	403375
sample	prose_heavy	slob	raw	exact	674	1551084
sample	prose_heavy	slob	raw	exact	675	1178000
sample	prose_heavy	slob	raw	exact	676	497541
sample	prose_heavy	slob	raw	exact	677	561667
sample	prose_heavy	slob	raw	exact	678	819916
sample	prose_heavy	slob	raw	exact	679	1407334
sample	prose_heavy	slob	raw	exact	680	1041292
sample	prose_heavy	slob	raw	exact	681	379708
sample	prose_heavy	slob	raw	exact	682	424500
sample	prose_heavy	slob	raw	exact	683	429500
sample	prose_heavy	slob	raw	exact	684	1411916
sample	prose_heavy	slob	raw	exact	685	1337166
sample	prose_heavy	slob	raw	exact	686	461584
sample	prose_heavy	slob	raw	exact	687	497792
sample	prose_heavy	slob	raw	exact	688	447084
sample	prose_heavy	slob	raw	exact	689	737458
sample	prose_heavy	slob	raw	exact	690	1416417
sample	prose_heavy	slob	raw	exact	691	407417
sample	prose_heavy	slob	raw	exact	692	1085208
sample	prose_heavy	slob	raw	exact	693	1055708
sample	prose_heavy	slob	raw	exact	694	1772875
sample	prose_heavy	slob	raw	exact	695	1604458
sample	prose_heavy	slob	raw	exact	696	1243042
sample	prose_heavy	slob	raw	exact	697	795834
sample	prose_heavy	slob	raw	exact	698	439584
sample	prose_heavy	slob	raw	exact	699	401291
sample	prose_heavy	slob	raw	exact	700	429458
sample	prose_heavy	slob	raw	exact	701	412750
sample	prose_heavy	slob	raw	exact	702	433417
sample	prose_heavy	slob	raw	exact	703	461375
sample	prose_heavy	slob	raw	exact	704	1351792
sample	prose_heavy	slob	raw	exact	705	415542
sample	prose_heavy	slob	raw	exact	706	2164875
sample	prose_heavy	slob	raw	exact	707	1687875
sample	prose_heavy	slob	raw	exact	708	815750
sample	prose_heavy	slob	raw	exact	709	426625
sample	prose_heavy	slob	raw	exact	710	472167
sample	prose_heavy	slob	raw	exact	711	2664000
sample	prose_heavy	slob	raw	exact	712	502000
sample	prose_heavy	slob	raw	exact	713	342333
sample	prose_heavy	slob	raw	exact	714	842959
sample	prose_heavy	slob	raw	exact	715	1225042
sample	prose_heavy	slob	raw	exact	716	1253209
sample	prose_heavy	slob	raw	exact	717	610292
sample	prose_heavy	slob	raw	exact	718	438333
sample	prose_heavy	slob	raw	exact	719	959042
sample	prose_heavy	slob	raw	exact	720	461667
sample	prose_heavy	slob	raw	exact	721	340166
sample	prose_heavy	slob	raw	exact	722	431834
sample	prose_heavy	slob	raw	exact	723	402667
sample	prose_heavy	slob	raw	exact	724	431375
sample	prose_heavy	slob	raw	exact	725	593166
sample	prose_heavy	slob	raw	exact	726	522625
sample	prose_heavy	slob	raw	exact	727	507750
sample	prose_heavy	slob	raw	exact	728	1293917
sample	prose_heavy	slob	raw	exact	729	717000
sample	prose_heavy	slob	raw	exact	730	477500
sample	prose_heavy	slob	raw	exact	731	1672041
sample	prose_heavy	slob	raw	exact	732	463375
sample	prose_heavy	slob	raw	exact	733	398042
sample	prose_heavy	slob	raw	exact	734	425375
sample	prose_heavy	slob	raw	exact	735	593417
sample	prose_heavy	slob	raw	exact	736	2133958
sample	prose_heavy	slob	raw	exact	737	1025709
sample	prose_heavy	slob	raw	exact	738	449792
sample	prose_heavy	slob	raw	exact	739	1996083
sample	prose_heavy	slob	raw	exact	740	941792
sample	prose_heavy	slob	raw	exact	741	689291
sample	prose_heavy	slob	raw	exact	742	1132625
sample	prose_heavy	slob	raw	exact	743	2640791
sample	prose_heavy	slob	raw	exact	744	554792
sample	prose_heavy	slob	raw	exact	745	1053125
sample	prose_heavy	slob	raw	exact	746	1415958
sample	prose_heavy	slob	raw	exact	747	557917
sample	prose_heavy	slob	raw	exact	748	1042000
sample	prose_heavy	slob	raw	exact	749	991250
sample	prose_heavy	slob	raw	exact	750	1080250
sample	prose_heavy	slob	raw	exact	751	537334
sample	prose_heavy	slob	raw	exact	752	429916
sample	prose_heavy	slob	raw	exact	753	336292
sample	prose_heavy	slob	raw	exact	754	490875
sample	prose_heavy	slob	raw	exact	755	1034125
sample	prose_heavy	slob	raw	exact	756	539708
sample	prose_heavy	slob	raw	exact	757	1101416
sample	prose_heavy	slob	raw	exact	758	1058084
sample	prose_heavy	slob	raw	exact	759	1550166
sample	prose_heavy	slob	raw	exact	760	820459
sample	prose_heavy	slob	raw	exact	761	808583
sample	prose_heavy	slob	raw	exact	762	1442667
sample	prose_heavy	slob	raw	exact	763	1189208
sample	prose_heavy	slob	raw	exact	764	1080667
sample	prose_heavy	slob	raw	exact	765	607750
sample	prose_heavy	slob	raw	exact	766	1354250
sample	prose_heavy	slob	raw	exact	767	474000
sample	prose_heavy	slob	raw	exact	768	428167
sample	prose_heavy	slob	raw	exact	769	333625
sample	prose_heavy	slob	raw	exact	770	1147292
sample	prose_heavy	slob	raw	exact	771	413416
sample	prose_heavy	slob	raw	exact	772	433792
sample	prose_heavy	slob	raw	exact	773	1633417
sample	prose_heavy	slob	raw	exact	774	618584
sample	prose_heavy	slob	raw	exact	775	696708
sample	prose_heavy	slob	raw	exact	776	548167
sample	prose_heavy	slob	raw	exact	777	799458
sample	prose_heavy	slob	raw	exact	778	503917
sample	prose_heavy	slob	raw	exact	779	1682584
sample	prose_heavy	slob	raw	exact	780	730625
sample	prose_heavy	slob	raw	exact	781	398750
sample	prose_heavy	slob	raw	exact	782	633959
sample	prose_heavy	slob	raw	exact	783	600333
sample	prose_heavy	slob	raw	exact	784	443625
sample	prose_heavy	slob	raw	exact	785	422000
sample	prose_heavy	slob	raw	exact	786	490375
sample	prose_heavy	slob	raw	exact	787	399875
sample	prose_heavy	slob	raw	exact	788	510209
sample	prose_heavy	slob	raw	exact	789	790083
sample	prose_heavy	slob	raw	exact	790	548208
sample	prose_heavy	slob	raw	exact	791	502792
sample	prose_heavy	slob	raw	exact	792	906541
sample	prose_heavy	slob	raw	exact	793	570250
sample	prose_heavy	slob	raw	exact	794	1221917
sample	prose_heavy	slob	raw	exact	795	1042333
sample	prose_heavy	slob	raw	exact	796	1796375
sample	prose_heavy	slob	raw	exact	797	1157875
sample	prose_heavy	slob	raw	exact	798	464041
sample	prose_heavy	slob	raw	exact	799	464667
sample	prose_heavy	slob	raw	exact	800	433416
sample	prose_heavy	slob	raw	exact	801	336416
sample	prose_heavy	slob	raw	exact	802	1235667
sample	prose_heavy	slob	raw	exact	803	1037500
sample	prose_heavy	slob	raw	exact	804	989208
sample	prose_heavy	slob	raw	exact	805	2021084
sample	prose_heavy	slob	raw	exact	806	437834
sample	prose_heavy	slob	raw	exact	807	463167
sample	prose_heavy	slob	raw	exact	808	426250
sample	prose_heavy	slob	raw	exact	809	336000
sample	prose_heavy	slob	raw	exact	810	425458
sample	prose_heavy	slob	raw	exact	811	1332292
sample	prose_heavy	slob	raw	exact	812	908750
sample	prose_heavy	slob	raw	exact	813	416333
sample	prose_heavy	slob	raw	exact	814	1190709
sample	prose_heavy	slob	raw	exact	815	2470791
sample	prose_heavy	slob	raw	exact	816	995791
sample	prose_heavy	slob	raw	exact	817	873333
sample	prose_heavy	slob	raw	exact	818	1552667
sample	prose_heavy	slob	raw	exact	819	433875
sample	prose_heavy	slob	raw	exact	820	462375
sample	prose_heavy	slob	raw	exact	821	512917
sample	prose_heavy	slob	raw	exact	822	434041
sample	prose_heavy	slob	raw	exact	823	461541
sample	prose_heavy	slob	raw	exact	824	641042
sample	prose_heavy	slob	raw	exact	825	346084
sample	prose_heavy	slob	raw	exact	826	639459
sample	prose_heavy	slob	raw	exact	827	674917
sample	prose_heavy	slob	raw	exact	828	1252000
sample	prose_heavy	slob	raw	exact	829	1232083
sample	prose_heavy	slob	raw	exact	830	793250
sample	prose_heavy	slob	raw	exact	831	1034833
sample	prose_heavy	slob	raw	exact	832	434417
sample	prose_heavy	slob	raw	exact	833	336750
sample	prose_heavy	slob	raw	exact	834	1742875
sample	prose_heavy	slob	raw	exact	835	404417
sample	prose_heavy	slob	raw	exact	836	429459
sample	prose_heavy	slob	raw	exact	837	396167
sample	prose_heavy	slob	raw	exact	838	424041
sample	prose_heavy	slob	raw	exact	839	464750
sample	prose_heavy	slob	raw	exact	840	1391583
sample	prose_heavy	slob	raw	exact	841	870625
sample	prose_heavy	slob	raw	exact	842	434834
sample	prose_heavy	slob	raw	exact	843	400708
sample	prose_heavy	slob	raw	exact	844	427958
sample	prose_heavy	slob	raw	exact	845	397792
sample	prose_heavy	slob	raw	exact	846	428750
sample	prose_heavy	slob	raw	exact	847	1777000
sample	prose_heavy	slob	raw	exact	848	998041
sample	prose_heavy	slob	raw	exact	849	363542
sample	prose_heavy	slob	raw	exact	850	430167
sample	prose_heavy	slob	raw	exact	851	631708
sample	prose_heavy	slob	raw	exact	852	610542
sample	prose_heavy	slob	raw	exact	853	808792
sample	prose_heavy	slob	raw	exact	854	1788042
sample	prose_heavy	slob	raw	exact	855	546584
sample	prose_heavy	slob	raw	exact	856	433791
sample	prose_heavy	slob	raw	exact	857	912625
sample	prose_heavy	slob	raw	exact	858	436250
sample	prose_heavy	slob	raw	exact	859	832958
sample	prose_heavy	slob	raw	exact	860	887666
sample	prose_heavy	slob	raw	exact	861	545417
sample	prose_heavy	slob	raw	exact	862	432875
sample	prose_heavy	slob	raw	exact	863	462458
sample	prose_heavy	slob	raw	exact	864	476167
sample	prose_heavy	slob	raw	exact	865	334584
sample	prose_heavy	slob	raw	exact	866	447541
sample	prose_heavy	slob	raw	exact	867	397709
sample	prose_heavy	slob	raw	exact	868	424041
sample	prose_heavy	slob	raw	exact	869	398417
sample	prose_heavy	slob	raw	exact	870	428292
sample	prose_heavy	slob	raw	exact	871	997667
sample	prose_heavy	slob	raw	exact	872	647708
sample	prose_heavy	slob	raw	exact	873	336708
sample	prose_heavy	slob	raw	exact	874	857792
sample	prose_heavy	slob	raw	exact	875	641542
sample	prose_heavy	slob	raw	exact	876	431042
sample	prose_heavy	slob	raw	exact	877	785042
sample	prose_heavy	slob	raw	exact	878	436958
sample	prose_heavy	slob	raw	exact	879	854959
sample	prose_heavy	slob	raw	exact	880	1402875
sample	prose_heavy	slob	raw	exact	881	524459
sample	prose_heavy	slob	raw	exact	882	1088250
sample	prose_heavy	slob	raw	exact	883	885167
sample	prose_heavy	slob	raw	exact	884	972167
sample	prose_heavy	slob	raw	exact	885	403125
sample	prose_heavy	slob	raw	exact	886	1801125
sample	prose_heavy	slob	raw	exact	887	982833
sample	prose_heavy	slob	raw	exact	888	814875
sample	prose_heavy	slob	raw	exact	889	338583
sample	prose_heavy	slob	raw	exact	890	2147667
sample	prose_heavy	slob	raw	exact	891	417209
sample	prose_heavy	slob	raw	exact	892	420458
sample	prose_heavy	slob	raw	exact	893	854958
sample	prose_heavy	slob	raw	exact	894	720542
sample	prose_heavy	slob	raw	exact	895	739292
sample	prose_heavy	slob	raw	exact	896	788084
sample	prose_heavy	slob	raw	exact	897	1166291
sample	prose_heavy	slob	raw	exact	898	1920791
sample	prose_heavy	slob	raw	exact	899	1286875
sample	prose_heavy	slob	raw	exact	900	732333
sample	prose_heavy	slob	raw	exact	901	400750
sample	prose_heavy	slob	raw	exact	902	427458
sample	prose_heavy	slob	raw	exact	903	458792
sample	prose_heavy	slob	raw	exact	904	428167
sample	prose_heavy	slob	raw	exact	905	397375
sample	prose_heavy	slob	raw	exact	906	440500
sample	prose_heavy	slob	raw	exact	907	406834
sample	prose_heavy	slob	raw	exact	908	458834
sample	prose_heavy	slob	raw	exact	909	403792
sample	prose_heavy	slob	raw	exact	910	974667
sample	prose_heavy	slob	raw	exact	911	819625
sample	prose_heavy	slob	raw	exact	912	433583
sample	prose_heavy	slob	raw	exact	913	335833
sample	prose_heavy	slob	raw	exact	914	428041
sample	prose_heavy	slob	raw	exact	915	397708
sample	prose_heavy	slob	raw	exact	916	1930208
sample	prose_heavy	slob	raw	exact	917	871333
sample	prose_heavy	slob	raw	exact	918	1192584
sample	prose_heavy	slob	raw	exact	919	2070958
sample	prose_heavy	slob	raw	exact	920	434167
sample	prose_heavy	slob	raw	exact	921	337125
sample	prose_heavy	slob	raw	exact	922	422958
sample	prose_heavy	slob	raw	exact	923	505917
sample	prose_heavy	slob	raw	exact	924	631584
sample	prose_heavy	slob	raw	exact	925	1821875
sample	prose_heavy	slob	raw	exact	926	640833
sample	prose_heavy	slob	raw	exact	927	854000
sample	prose_heavy	slob	raw	exact	928	469042
sample	prose_heavy	slob	raw	exact	929	338000
sample	prose_heavy	slob	raw	exact	930	424916
sample	prose_heavy	slob	raw	exact	931	400000
sample	prose_heavy	slob	raw	exact	932	2139333
sample	prose_heavy	slob	raw	exact	933	393250
sample	prose_heavy	slob	raw	exact	934	444792
sample	prose_heavy	slob	raw	exact	935	571041
sample	prose_heavy	slob	raw	exact	936	1543958
sample	prose_heavy	slob	raw	exact	937	1242750
sample	prose_heavy	slob	raw	exact	938	618084
sample	prose_heavy	slob	raw	exact	939	1309959
sample	prose_heavy	slob	raw	exact	940	1072291
sample	prose_heavy	slob	raw	exact	941	961959
sample	prose_heavy	slob	raw	exact	942	505542
sample	prose_heavy	slob	raw	exact	943	1357542
sample	prose_heavy	slob	raw	exact	944	766334
sample	prose_heavy	slob	raw	exact	945	337625
sample	prose_heavy	slob	raw	exact	946	432000
sample	prose_heavy	slob	raw	exact	947	400417
sample	prose_heavy	slob	raw	exact	948	471833
sample	prose_heavy	slob	raw	exact	949	660167
sample	prose_heavy	slob	raw	exact	950	1180000
sample	prose_heavy	slob	raw	exact	951	1947792
sample	prose_heavy	slob	raw	exact	952	610125
sample	prose_heavy	slob	raw	exact	953	435875
sample	prose_heavy	slob	raw	exact	954	944791
sample	prose_heavy	slob	raw	exact	955	1315833
sample	prose_heavy	slob	raw	exact	956	1263750
sample	prose_heavy	slob	raw	exact	957	424750
sample	prose_heavy	slob	raw	exact	958	432958
sample	prose_heavy	slob	raw	exact	959	1230291
sample	prose_heavy	slob	raw	exact	960	1781458
sample	prose_heavy	slob	raw	exact	961	1127584
sample	prose_heavy	slob	raw	exact	962	445250
sample	prose_heavy	slob	raw	exact	963	418375
sample	prose_heavy	slob	raw	exact	964	2037917
sample	prose_heavy	slob	raw	exact	965	408875
sample	prose_heavy	slob	raw	exact	966	433792
sample	prose_heavy	slob	raw	exact	967	1637958
sample	prose_heavy	slob	raw	exact	968	936834
sample	prose_heavy	slob	raw	exact	969	701625
sample	prose_heavy	slob	raw	exact	970	622458
sample	prose_heavy	slob	raw	exact	971	418875
sample	prose_heavy	slob	raw	exact	972	430834
sample	prose_heavy	slob	raw	exact	973	623584
sample	prose_heavy	slob	raw	exact	974	431584
sample	prose_heavy	slob	raw	exact	975	462292
sample	prose_heavy	slob	raw	exact	976	429208
sample	prose_heavy	slob	raw	exact	977	695125
sample	prose_heavy	slob	raw	exact	978	700667
sample	prose_heavy	slob	raw	exact	979	619375
sample	prose_heavy	slob	raw	exact	980	930708
sample	prose_heavy	slob	raw	exact	981	407458
sample	prose_heavy	slob	raw	exact	982	437959
sample	prose_heavy	slob	raw	exact	983	463750
sample	prose_heavy	slob	raw	exact	984	429125
sample	prose_heavy	slob	raw	exact	985	337083
sample	prose_heavy	slob	raw	exact	986	506666
sample	prose_heavy	slob	raw	exact	987	433875
sample	prose_heavy	slob	raw	exact	988	429125
sample	prose_heavy	slob	raw	exact	989	395834
sample	prose_heavy	slob	raw	exact	990	427000
sample	prose_heavy	slob	raw	exact	991	458167
sample	prose_heavy	slob	raw	exact	992	475042
sample	prose_heavy	slob	raw	exact	993	350125
sample	prose_heavy	slob	raw	exact	994	949625
sample	prose_heavy	slob	raw	exact	995	824042
sample	prose_heavy	slob	raw	exact	996	508791
sample	prose_heavy	slob	raw	exact	997	407917
sample	prose_heavy	slob	raw	exact	998	427166
sample	prose_heavy	slob	raw	exact	999	462417
sample	prose_heavy	slob	raw	prefix	0	1642125
sample	prose_heavy	slob	raw	prefix	1	1837833
sample	prose_heavy	slob	raw	prefix	2	64531875
sample	prose_heavy	slob	raw	prefix	3	64745959
sample	prose_heavy	slob	raw	prefix	4	904292
sample	prose_heavy	slob	raw	prefix	5	1799375
sample	prose_heavy	slob	raw	prefix	6	60188459
sample	prose_heavy	slob	raw	prefix	7	49242791
sample	prose_heavy	slob	raw	prefix	8	825541
sample	prose_heavy	slob	raw	prefix	9	938875
sample	prose_heavy	slob	raw	prefix	10	59273459
sample	prose_heavy	slob	raw	prefix	11	56011292
sample	prose_heavy	slob	raw	prefix	12	1105250
sample	prose_heavy	slob	raw	prefix	13	1450625
sample	prose_heavy	slob	raw	prefix	14	57485875
sample	prose_heavy	slob	raw	prefix	15	54695208
sample	prose_heavy	slob	raw	prefix	16	760542
sample	prose_heavy	slob	raw	prefix	17	1345958
sample	prose_heavy	slob	raw	prefix	18	47907208
sample	prose_heavy	slob	raw	prefix	19	59476667
sample	prose_heavy	slob	raw	prefix	20	1101083
sample	prose_heavy	slob	raw	prefix	21	1271208
sample	prose_heavy	slob	raw	prefix	22	58149000
sample	prose_heavy	slob	raw	prefix	23	69251666
sample	prose_heavy	slob	raw	prefix	24	743167
sample	prose_heavy	slob	raw	prefix	25	1547666
sample	prose_heavy	slob	raw	prefix	26	54793416
sample	prose_heavy	slob	raw	prefix	27	66144125
sample	prose_heavy	slob	raw	prefix	28	1248291
sample	prose_heavy	slob	raw	prefix	29	1370083
sample	prose_heavy	slob	raw	prefix	30	82338042
sample	prose_heavy	slob	raw	prefix	31	83626125
sample	prose_heavy	slob	raw	prefix	32	1742208
sample	prose_heavy	slob	raw	prefix	33	2736458
sample	prose_heavy	slob	raw	prefix	34	86320208
sample	prose_heavy	slob	raw	prefix	35	58569416
sample	prose_heavy	slob	raw	prefix	36	1299334
sample	prose_heavy	slob	raw	prefix	37	3221458
sample	prose_heavy	slob	raw	prefix	38	57534292
sample	prose_heavy	slob	raw	prefix	39	59615500
sample	prose_heavy	slob	raw	prefix	40	778333
sample	prose_heavy	slob	raw	prefix	41	1566625
sample	prose_heavy	slob	raw	prefix	42	56701709
sample	prose_heavy	slob	raw	prefix	43	67579083
sample	prose_heavy	slob	raw	prefix	44	2909750
sample	prose_heavy	slob	raw	prefix	45	821250
sample	prose_heavy	slob	raw	prefix	46	82102500
sample	prose_heavy	slob	raw	prefix	47	56108584
sample	prose_heavy	slob	raw	prefix	48	806250
sample	prose_heavy	slob	raw	prefix	49	1608042
sample	prose_heavy	slob	raw	prefix	50	52689459
sample	prose_heavy	slob	raw	prefix	51	86781041
sample	prose_heavy	slob	raw	prefix	52	1255000
sample	prose_heavy	slob	raw	prefix	53	846167
sample	prose_heavy	slob	raw	prefix	54	55111834
sample	prose_heavy	slob	raw	prefix	55	54809292
sample	prose_heavy	slob	raw	prefix	56	746167
sample	prose_heavy	slob	raw	prefix	57	1321666
sample	prose_heavy	slob	raw	prefix	58	53789167
sample	prose_heavy	slob	raw	prefix	59	68043959
sample	prose_heavy	slob	raw	prefix	60	2850917
sample	prose_heavy	slob	raw	prefix	61	816625
sample	prose_heavy	slob	raw	prefix	62	59857542
sample	prose_heavy	slob	raw	prefix	63	55209584
sample	prose_heavy	slob	raw	prefix	64	2211709
sample	prose_heavy	slob	raw	prefix	65	1364916
sample	prose_heavy	slob	raw	prefix	66	58416458
sample	prose_heavy	slob	raw	prefix	67	63748959
sample	prose_heavy	slob	raw	prefix	68	963125
sample	prose_heavy	slob	raw	prefix	69	825958
sample	prose_heavy	slob	raw	prefix	70	58127500
sample	prose_heavy	slob	raw	prefix	71	64022667
sample	prose_heavy	slob	raw	prefix	72	2885875
sample	prose_heavy	slob	raw	prefix	73	2807625
sample	prose_heavy	slob	raw	prefix	74	53843250
sample	prose_heavy	slob	raw	prefix	75	51267084
sample	prose_heavy	slob	raw	prefix	76	1390833
sample	prose_heavy	slob	raw	prefix	77	2750917
sample	prose_heavy	slob	raw	prefix	78	58112875
sample	prose_heavy	slob	raw	prefix	79	64998958
sample	prose_heavy	slob	raw	prefix	80	744250
sample	prose_heavy	slob	raw	prefix	81	880875
sample	prose_heavy	slob	raw	prefix	82	59309750
sample	prose_heavy	slob	raw	prefix	83	62683375
sample	prose_heavy	slob	raw	prefix	84	4921417
sample	prose_heavy	slob	raw	prefix	85	3088084
sample	prose_heavy	slob	raw	prefix	86	65418542
sample	prose_heavy	slob	raw	prefix	87	60680541
sample	prose_heavy	slob	raw	prefix	88	734708
sample	prose_heavy	slob	raw	prefix	89	2566375
sample	prose_heavy	slob	raw	prefix	90	61878458
sample	prose_heavy	slob	raw	prefix	91	57804375
sample	prose_heavy	slob	raw	prefix	92	946416
sample	prose_heavy	slob	raw	prefix	93	825458
sample	prose_heavy	slob	raw	prefix	94	67060000
sample	prose_heavy	slob	raw	prefix	95	50743875
sample	prose_heavy	slob	raw	prefix	96	1099291
sample	prose_heavy	slob	raw	prefix	97	2308708
sample	prose_heavy	slob	raw	prefix	98	53965292
sample	prose_heavy	slob	raw	prefix	99	61106708
sample	prose_heavy	slob	raw	prefix	100	1001750
sample	prose_heavy	slob	raw	prefix	101	1769750
sample	prose_heavy	slob	raw	prefix	102	58524208
sample	prose_heavy	slob	raw	prefix	103	59392125
sample	prose_heavy	slob	raw	prefix	104	2680333
sample	prose_heavy	slob	raw	prefix	105	1393334
sample	prose_heavy	slob	raw	prefix	106	63671500
sample	prose_heavy	slob	raw	prefix	107	61856167
sample	prose_heavy	slob	raw	prefix	108	3028250
sample	prose_heavy	slob	raw	prefix	109	1333500
sample	prose_heavy	slob	raw	prefix	110	56069792
sample	prose_heavy	slob	raw	prefix	111	77299500
sample	prose_heavy	slob	raw	prefix	112	1264375
sample	prose_heavy	slob	raw	prefix	113	2334792
sample	prose_heavy	slob	raw	prefix	114	70564208
sample	prose_heavy	slob	raw	prefix	115	65732542
sample	prose_heavy	slob	raw	prefix	116	2739209
sample	prose_heavy	slob	raw	prefix	117	2350250
sample	prose_heavy	slob	raw	prefix	118	88242417
sample	prose_heavy	slob	raw	prefix	119	67449208
sample	prose_heavy	slob	raw	prefix	120	1037042
sample	prose_heavy	slob	raw	prefix	121	2539334
sample	prose_heavy	slob	raw	prefix	122	56117042
sample	prose_heavy	slob	raw	prefix	123	58585500
sample	prose_heavy	slob	raw	prefix	124	917750
sample	prose_heavy	slob	raw	prefix	125	2151584
sample	prose_heavy	slob	raw	prefix	126	49740792
sample	prose_heavy	slob	raw	prefix	127	58293625
sample	prose_heavy	slob	raw	prefix	128	1711916
sample	prose_heavy	slob	raw	prefix	129	2146792
sample	prose_heavy	slob	raw	prefix	130	52613959
sample	prose_heavy	slob	raw	prefix	131	52858625
sample	prose_heavy	slob	raw	prefix	132	2272833
sample	prose_heavy	slob	raw	prefix	133	1356667
sample	prose_heavy	slob	raw	prefix	134	54939875
sample	prose_heavy	slob	raw	prefix	135	55146541
sample	prose_heavy	slob	raw	prefix	136	1486709
sample	prose_heavy	slob	raw	prefix	137	1030375
sample	prose_heavy	slob	raw	prefix	138	63621458
sample	prose_heavy	slob	raw	prefix	139	69925083
sample	prose_heavy	slob	raw	prefix	140	1595333
sample	prose_heavy	slob	raw	prefix	141	835042
sample	prose_heavy	slob	raw	prefix	142	74718458
sample	prose_heavy	slob	raw	prefix	143	68940834
sample	prose_heavy	slob	raw	prefix	144	2255458
sample	prose_heavy	slob	raw	prefix	145	1528291
sample	prose_heavy	slob	raw	prefix	146	62793500
sample	prose_heavy	slob	raw	prefix	147	57913084
sample	prose_heavy	slob	raw	prefix	148	2213541
sample	prose_heavy	slob	raw	prefix	149	1895416
sample	prose_heavy	slob	raw	prefix	150	63735500
sample	prose_heavy	slob	raw	prefix	151	55617292
sample	prose_heavy	slob	raw	prefix	152	1418292
sample	prose_heavy	slob	raw	prefix	153	1894333
sample	prose_heavy	slob	raw	prefix	154	63377208
sample	prose_heavy	slob	raw	prefix	155	54540291
sample	prose_heavy	slob	raw	prefix	156	1581417
sample	prose_heavy	slob	raw	prefix	157	828583
sample	prose_heavy	slob	raw	prefix	158	59330542
sample	prose_heavy	slob	raw	prefix	159	62418125
sample	prose_heavy	slob	raw	prefix	160	1062375
sample	prose_heavy	slob	raw	prefix	161	1481417
sample	prose_heavy	slob	raw	prefix	162	58078708
sample	prose_heavy	slob	raw	prefix	163	60978083
sample	prose_heavy	slob	raw	prefix	164	4331500
sample	prose_heavy	slob	raw	prefix	165	2163625
sample	prose_heavy	slob	raw	prefix	166	74632459
sample	prose_heavy	slob	raw	prefix	167	77350709
sample	prose_heavy	slob	raw	prefix	168	4166209
sample	prose_heavy	slob	raw	prefix	169	1754708
sample	prose_heavy	slob	raw	prefix	170	60840875
sample	prose_heavy	slob	raw	prefix	171	56011208
sample	prose_heavy	slob	raw	prefix	172	1555792
sample	prose_heavy	slob	raw	prefix	173	1135292
sample	prose_heavy	slob	raw	prefix	174	56769958
sample	prose_heavy	slob	raw	prefix	175	68374916
sample	prose_heavy	slob	raw	prefix	176	1629458
sample	prose_heavy	slob	raw	prefix	177	2334958
sample	prose_heavy	slob	raw	prefix	178	62029125
sample	prose_heavy	slob	raw	prefix	179	42613750
sample	prose_heavy	slob	raw	prefix	180	1338083
sample	prose_heavy	slob	raw	prefix	181	1513000
sample	prose_heavy	slob	raw	prefix	182	54397542
sample	prose_heavy	slob	raw	prefix	183	59251375
sample	prose_heavy	slob	raw	prefix	184	1112917
sample	prose_heavy	slob	raw	prefix	185	1693500
sample	prose_heavy	slob	raw	prefix	186	57810667
sample	prose_heavy	slob	raw	prefix	187	60718333
sample	prose_heavy	slob	raw	prefix	188	931458
sample	prose_heavy	slob	raw	prefix	189	1199000
sample	prose_heavy	slob	raw	prefix	190	53324750
sample	prose_heavy	slob	raw	prefix	191	53178958
sample	prose_heavy	slob	raw	prefix	192	1100209
sample	prose_heavy	slob	raw	prefix	193	1002416
sample	prose_heavy	slob	raw	prefix	194	66768166
sample	prose_heavy	slob	raw	prefix	195	58214667
sample	prose_heavy	slob	raw	prefix	196	1142542
sample	prose_heavy	slob	raw	prefix	197	1064833
sample	prose_heavy	slob	raw	prefix	198	71745959
sample	prose_heavy	slob	raw	prefix	199	57211542
sample	prose_heavy	slob	raw	prefix	200	785917
sample	prose_heavy	slob	raw	prefix	201	1134625
sample	prose_heavy	slob	raw	prefix	202	60014334
sample	prose_heavy	slob	raw	prefix	203	75956417
sample	prose_heavy	slob	raw	prefix	204	1814000
sample	prose_heavy	slob	raw	prefix	205	2062333
sample	prose_heavy	slob	raw	prefix	206	64837167
sample	prose_heavy	slob	raw	prefix	207	67031958
sample	prose_heavy	slob	raw	prefix	208	2466709
sample	prose_heavy	slob	raw	prefix	209	2233875
sample	prose_heavy	slob	raw	prefix	210	79240917
sample	prose_heavy	slob	raw	prefix	211	69502750
sample	prose_heavy	slob	raw	prefix	212	1540042
sample	prose_heavy	slob	raw	prefix	213	1598750
sample	prose_heavy	slob	raw	prefix	214	72805209
sample	prose_heavy	slob	raw	prefix	215	73131375
sample	prose_heavy	slob	raw	prefix	216	1215625
sample	prose_heavy	slob	raw	prefix	217	2062958
sample	prose_heavy	slob	raw	prefix	218	65323583
sample	prose_heavy	slob	raw	prefix	219	73258166
sample	prose_heavy	slob	raw	prefix	220	886792
sample	prose_heavy	slob	raw	prefix	221	993208
sample	prose_heavy	slob	raw	prefix	222	55947000
sample	prose_heavy	slob	raw	prefix	223	58288542
sample	prose_heavy	slob	raw	prefix	224	1264667
sample	prose_heavy	slob	raw	prefix	225	966875
sample	prose_heavy	slob	raw	prefix	226	56180459
sample	prose_heavy	slob	raw	prefix	227	62229708
sample	prose_heavy	slob	raw	prefix	228	2746000
sample	prose_heavy	slob	raw	prefix	229	2007125
sample	prose_heavy	slob	raw	prefix	230	58653250
sample	prose_heavy	slob	raw	prefix	231	54877417
sample	prose_heavy	slob	raw	prefix	232	748375
sample	prose_heavy	slob	raw	prefix	233	1132375
sample	prose_heavy	slob	raw	prefix	234	60288875
sample	prose_heavy	slob	raw	prefix	235	55908458
sample	prose_heavy	slob	raw	prefix	236	1154792
sample	prose_heavy	slob	raw	prefix	237	985542
sample	prose_heavy	slob	raw	prefix	238	59365250
sample	prose_heavy	slob	raw	prefix	239	62554375
sample	prose_heavy	slob	raw	prefix	240	2913333
sample	prose_heavy	slob	raw	prefix	241	1325459
sample	prose_heavy	slob	raw	prefix	242	62743583
sample	prose_heavy	slob	raw	prefix	243	58341417
sample	prose_heavy	slob	raw	prefix	244	941750
sample	prose_heavy	slob	raw	prefix	245	1067958
sample	prose_heavy	slob	raw	prefix	246	54200625
sample	prose_heavy	slob	raw	prefix	247	56763959
sample	prose_heavy	slob	raw	prefix	248	1065042
sample	prose_heavy	slob	raw	prefix	249	2032417
sample	prose_heavy	slob	raw	prefix	250	49109125
sample	prose_heavy	slob	raw	prefix	251	52845750
sample	prose_heavy	slob	raw	prefix	252	910167
sample	prose_heavy	slob	raw	prefix	253	2650750
sample	prose_heavy	slob	raw	prefix	254	61093917
sample	prose_heavy	slob	raw	prefix	255	80897542
sample	prose_heavy	slob	raw	prefix	256	1846417
sample	prose_heavy	slob	raw	prefix	257	1444500
sample	prose_heavy	slob	raw	prefix	258	67412375
sample	prose_heavy	slob	raw	prefix	259	54570875
sample	prose_heavy	slob	raw	prefix	260	1339084
sample	prose_heavy	slob	raw	prefix	261	808834
sample	prose_heavy	slob	raw	prefix	262	55055250
sample	prose_heavy	slob	raw	prefix	263	52832167
sample	prose_heavy	slob	raw	prefix	264	767583
sample	prose_heavy	slob	raw	prefix	265	872209
sample	prose_heavy	slob	raw	prefix	266	56572208
sample	prose_heavy	slob	raw	prefix	267	60994125
sample	prose_heavy	slob	raw	prefix	268	1571375
sample	prose_heavy	slob	raw	prefix	269	2587542
sample	prose_heavy	slob	raw	prefix	270	70470292
sample	prose_heavy	slob	raw	prefix	271	58716125
sample	prose_heavy	slob	raw	prefix	272	2126167
sample	prose_heavy	slob	raw	prefix	273	889541
sample	prose_heavy	slob	raw	prefix	274	58854375
sample	prose_heavy	slob	raw	prefix	275	63268333
sample	prose_heavy	slob	raw	prefix	276	1153625
sample	prose_heavy	slob	raw	prefix	277	1695166
sample	prose_heavy	slob	raw	prefix	278	54048583
sample	prose_heavy	slob	raw	prefix	279	58866958
sample	prose_heavy	slob	raw	prefix	280	1136125
sample	prose_heavy	slob	raw	prefix	281	2898584
sample	prose_heavy	slob	raw	prefix	282	73230292
sample	prose_heavy	slob	raw	prefix	283	63590041
sample	prose_heavy	slob	raw	prefix	284	1653208
sample	prose_heavy	slob	raw	prefix	285	1054917
sample	prose_heavy	slob	raw	prefix	286	56836750
sample	prose_heavy	slob	raw	prefix	287	57240375
sample	prose_heavy	slob	raw	prefix	288	755542
sample	prose_heavy	slob	raw	prefix	289	3404458
sample	prose_heavy	slob	raw	prefix	290	66991250
sample	prose_heavy	slob	raw	prefix	291	58917333
sample	prose_heavy	slob	raw	prefix	292	879166
sample	prose_heavy	slob	raw	prefix	293	844542
sample	prose_heavy	slob	raw	prefix	294	62410334
sample	prose_heavy	slob	raw	prefix	295	68474584
sample	prose_heavy	slob	raw	prefix	296	1547083
sample	prose_heavy	slob	raw	prefix	297	1482958
sample	prose_heavy	slob	raw	prefix	298	61489791
sample	prose_heavy	slob	raw	prefix	299	59737167
sample	prose_heavy	slob	raw	prefix	300	2259000
sample	prose_heavy	slob	raw	prefix	301	826834
sample	prose_heavy	slob	raw	prefix	302	51717000
sample	prose_heavy	slob	raw	prefix	303	53392125
sample	prose_heavy	slob	raw	prefix	304	1637208
sample	prose_heavy	slob	raw	prefix	305	1509792
sample	prose_heavy	slob	raw	prefix	306	54789291
sample	prose_heavy	slob	raw	prefix	307	58645458
sample	prose_heavy	slob	raw	prefix	308	1081750
sample	prose_heavy	slob	raw	prefix	309	927750
sample	prose_heavy	slob	raw	prefix	310	50094125
sample	prose_heavy	slob	raw	prefix	311	55295584
sample	prose_heavy	slob	raw	prefix	312	2327458
sample	prose_heavy	slob	raw	prefix	313	933250
sample	prose_heavy	slob	raw	prefix	314	52701959
sample	prose_heavy	slob	raw	prefix	315	53441333
sample	prose_heavy	slob	raw	prefix	316	2262708
sample	prose_heavy	slob	raw	prefix	317	1577125
sample	prose_heavy	slob	raw	prefix	318	59614208
sample	prose_heavy	slob	raw	prefix	319	57763334
sample	prose_heavy	slob	raw	prefix	320	814750
sample	prose_heavy	slob	raw	prefix	321	1317417
sample	prose_heavy	slob	raw	prefix	322	58007375
sample	prose_heavy	slob	raw	prefix	323	50973333
sample	prose_heavy	slob	raw	prefix	324	939125
sample	prose_heavy	slob	raw	prefix	325	826750
sample	prose_heavy	slob	raw	prefix	326	58508541
sample	prose_heavy	slob	raw	prefix	327	52695875
sample	prose_heavy	slob	raw	prefix	328	2216000
sample	prose_heavy	slob	raw	prefix	329	993916
sample	prose_heavy	slob	raw	prefix	330	56583333
sample	prose_heavy	slob	raw	prefix	331	52519875
sample	prose_heavy	slob	raw	prefix	332	1652958
sample	prose_heavy	slob	raw	prefix	333	2140000
sample	prose_heavy	slob	raw	prefix	334	74344792
sample	prose_heavy	slob	raw	prefix	335	72990959
sample	prose_heavy	slob	raw	prefix	336	747500
sample	prose_heavy	slob	raw	prefix	337	2353250
sample	prose_heavy	slob	raw	prefix	338	73711750
sample	prose_heavy	slob	raw	prefix	339	57798625
sample	prose_heavy	slob	raw	prefix	340	1085667
sample	prose_heavy	slob	raw	prefix	341	1219375
sample	prose_heavy	slob	raw	prefix	342	53610084
sample	prose_heavy	slob	raw	prefix	343	50482125
sample	prose_heavy	slob	raw	prefix	344	1957709
sample	prose_heavy	slob	raw	prefix	345	3374250
sample	prose_heavy	slob	raw	prefix	346	57548542
sample	prose_heavy	slob	raw	prefix	347	45027083
sample	prose_heavy	slob	raw	prefix	348	914166
sample	prose_heavy	slob	raw	prefix	349	945833
sample	prose_heavy	slob	raw	prefix	350	49417125
sample	prose_heavy	slob	raw	prefix	351	54080542
sample	prose_heavy	slob	raw	prefix	352	748875
sample	prose_heavy	slob	raw	prefix	353	2959792
sample	prose_heavy	slob	raw	prefix	354	59287291
sample	prose_heavy	slob	raw	prefix	355	55109375
sample	prose_heavy	slob	raw	prefix	356	2120417
sample	prose_heavy	slob	raw	prefix	357	1021708
sample	prose_heavy	slob	raw	prefix	358	66255667
sample	prose_heavy	slob	raw	prefix	359	57750500
sample	prose_heavy	slob	raw	prefix	360	992667
sample	prose_heavy	slob	raw	prefix	361	916667
sample	prose_heavy	slob	raw	prefix	362	49907875
sample	prose_heavy	slob	raw	prefix	363	55121083
sample	prose_heavy	slob	raw	prefix	364	984917
sample	prose_heavy	slob	raw	prefix	365	926208
sample	prose_heavy	slob	raw	prefix	366	56612750
sample	prose_heavy	slob	raw	prefix	367	55865917
sample	prose_heavy	slob	raw	prefix	368	1129208
sample	prose_heavy	slob	raw	prefix	369	869792
sample	prose_heavy	slob	raw	prefix	370	58104000
sample	prose_heavy	slob	raw	prefix	371	64964458
sample	prose_heavy	slob	raw	prefix	372	2096458
sample	prose_heavy	slob	raw	prefix	373	838250
sample	prose_heavy	slob	raw	prefix	374	68711959
sample	prose_heavy	slob	raw	prefix	375	66297500
sample	prose_heavy	slob	raw	prefix	376	754542
sample	prose_heavy	slob	raw	prefix	377	2142042
sample	prose_heavy	slob	raw	prefix	378	65866667
sample	prose_heavy	slob	raw	prefix	379	61070584
sample	prose_heavy	slob	raw	prefix	380	1871166
sample	prose_heavy	slob	raw	prefix	381	843041
sample	prose_heavy	slob	raw	prefix	382	73744083
sample	prose_heavy	slob	raw	prefix	383	62995917
sample	prose_heavy	slob	raw	prefix	384	769625
sample	prose_heavy	slob	raw	prefix	385	992416
sample	prose_heavy	slob	raw	prefix	386	79327125
sample	prose_heavy	slob	raw	prefix	387	67796667
sample	prose_heavy	slob	raw	prefix	388	2341458
sample	prose_heavy	slob	raw	prefix	389	1791541
sample	prose_heavy	slob	raw	prefix	390	56157417
sample	prose_heavy	slob	raw	prefix	391	68865250
sample	prose_heavy	slob	raw	prefix	392	1026542
sample	prose_heavy	slob	raw	prefix	393	1017083
sample	prose_heavy	slob	raw	prefix	394	59585875
sample	prose_heavy	slob	raw	prefix	395	54863750
sample	prose_heavy	slob	raw	prefix	396	935041
sample	prose_heavy	slob	raw	prefix	397	835833
sample	prose_heavy	slob	raw	prefix	398	58361125
sample	prose_heavy	slob	raw	prefix	399	58197750
sample	prose_heavy	slob	raw	prefix	400	1551250
sample	prose_heavy	slob	raw	prefix	401	1729292
sample	prose_heavy	slob	raw	prefix	402	53855667
sample	prose_heavy	slob	raw	prefix	403	56472000
sample	prose_heavy	slob	raw	prefix	404	908500
sample	prose_heavy	slob	raw	prefix	405	873333
sample	prose_heavy	slob	raw	prefix	406	55103750
sample	prose_heavy	slob	raw	prefix	407	55453625
sample	prose_heavy	slob	raw	prefix	408	1184250
sample	prose_heavy	slob	raw	prefix	409	923916
sample	prose_heavy	slob	raw	prefix	410	59118250
sample	prose_heavy	slob	raw	prefix	411	54581875
sample	prose_heavy	slob	raw	prefix	412	1445167
sample	prose_heavy	slob	raw	prefix	413	1075750
sample	prose_heavy	slob	raw	prefix	414	50961334
sample	prose_heavy	slob	raw	prefix	415	62809125
sample	prose_heavy	slob	raw	prefix	416	1609708
sample	prose_heavy	slob	raw	prefix	417	1447792
sample	prose_heavy	slob	raw	prefix	418	54899542
sample	prose_heavy	slob	raw	prefix	419	63030917
sample	prose_heavy	slob	raw	prefix	420	2075583
sample	prose_heavy	slob	raw	prefix	421	3457708
sample	prose_heavy	slob	raw	prefix	422	67829625
sample	prose_heavy	slob	raw	prefix	423	62913250
sample	prose_heavy	slob	raw	prefix	424	2965584
sample	prose_heavy	slob	raw	prefix	425	1447667
sample	prose_heavy	slob	raw	prefix	426	73078125
sample	prose_heavy	slob	raw	prefix	427	94224583
sample	prose_heavy	slob	raw	prefix	428	4674125
sample	prose_heavy	slob	raw	prefix	429	3998291
sample	prose_heavy	slob	raw	prefix	430	60831792
sample	prose_heavy	slob	raw	prefix	431	62256375
sample	prose_heavy	slob	raw	prefix	432	2781125
sample	prose_heavy	slob	raw	prefix	433	2220667
sample	prose_heavy	slob	raw	prefix	434	53063084
sample	prose_heavy	slob	raw	prefix	435	55903041
sample	prose_heavy	slob	raw	prefix	436	2366459
sample	prose_heavy	slob	raw	prefix	437	3523209
sample	prose_heavy	slob	raw	prefix	438	53447292
sample	prose_heavy	slob	raw	prefix	439	51995708
sample	prose_heavy	slob	raw	prefix	440	2977042
sample	prose_heavy	slob	raw	prefix	441	1189792
sample	prose_heavy	slob	raw	prefix	442	66858375
sample	prose_heavy	slob	raw	prefix	443	60092083
sample	prose_heavy	slob	raw	prefix	444	1332708
sample	prose_heavy	slob	raw	prefix	445	2497083
sample	prose_heavy	slob	raw	prefix	446	62935667
sample	prose_heavy	slob	raw	prefix	447	61629542
sample	prose_heavy	slob	raw	prefix	448	722667
sample	prose_heavy	slob	raw	prefix	449	2316209
sample	prose_heavy	slob	raw	prefix	450	61082916
sample	prose_heavy	slob	raw	prefix	451	55971458
sample	prose_heavy	slob	raw	prefix	452	1187875
sample	prose_heavy	slob	raw	prefix	453	830208
sample	prose_heavy	slob	raw	prefix	454	52679834
sample	prose_heavy	slob	raw	prefix	455	67566458
sample	prose_heavy	slob	raw	prefix	456	878792
sample	prose_heavy	slob	raw	prefix	457	924875
sample	prose_heavy	slob	raw	prefix	458	57714375
sample	prose_heavy	slob	raw	prefix	459	56593375
sample	prose_heavy	slob	raw	prefix	460	899959
sample	prose_heavy	slob	raw	prefix	461	814708
sample	prose_heavy	slob	raw	prefix	462	59252833
sample	prose_heavy	slob	raw	prefix	463	52517667
sample	prose_heavy	slob	raw	prefix	464	1067833
sample	prose_heavy	slob	raw	prefix	465	2580333
sample	prose_heavy	slob	raw	prefix	466	54764833
sample	prose_heavy	slob	raw	prefix	467	55914750
sample	prose_heavy	slob	raw	prefix	468	1560375
sample	prose_heavy	slob	raw	prefix	469	1716042
sample	prose_heavy	slob	raw	prefix	470	74230959
sample	prose_heavy	slob	raw	prefix	471	61587166
sample	prose_heavy	slob	raw	prefix	472	741250
sample	prose_heavy	slob	raw	prefix	473	873625
sample	prose_heavy	slob	raw	prefix	474	70897291
sample	prose_heavy	slob	raw	prefix	475	69107750
sample	prose_heavy	slob	raw	prefix	476	1992083
sample	prose_heavy	slob	raw	prefix	477	1332625
sample	prose_heavy	slob	raw	prefix	478	74620042
sample	prose_heavy	slob	raw	prefix	479	57663792
sample	prose_heavy	slob	raw	prefix	480	730917
sample	prose_heavy	slob	raw	prefix	481	910917
sample	prose_heavy	slob	raw	prefix	482	65242875
sample	prose_heavy	slob	raw	prefix	483	55425292
sample	prose_heavy	slob	raw	prefix	484	1251833
sample	prose_heavy	slob	raw	prefix	485	2460167
sample	prose_heavy	slob	raw	prefix	486	59375917
sample	prose_heavy	slob	raw	prefix	487	58479375
sample	prose_heavy	slob	raw	prefix	488	1769375
sample	prose_heavy	slob	raw	prefix	489	2396458
sample	prose_heavy	slob	raw	prefix	490	59058084
sample	prose_heavy	slob	raw	prefix	491	51210958
sample	prose_heavy	slob	raw	prefix	492	1624750
sample	prose_heavy	slob	raw	prefix	493	1162916
sample	prose_heavy	slob	raw	prefix	494	76029417
sample	prose_heavy	slob	raw	prefix	495	102239125
sample	prose_heavy	slob	raw	prefix	496	1251667
sample	prose_heavy	slob	raw	prefix	497	891500
sample	prose_heavy	slob	raw	prefix	498	60851292
sample	prose_heavy	slob	raw	prefix	499	62335541
sample	prose_heavy	slob	raw	prefix	500	2546125
sample	prose_heavy	slob	raw	prefix	501	2109500
sample	prose_heavy	slob	raw	prefix	502	58829958
sample	prose_heavy	slob	raw	prefix	503	66128709
sample	prose_heavy	slob	raw	prefix	504	762500
sample	prose_heavy	slob	raw	prefix	505	971709
sample	prose_heavy	slob	raw	prefix	506	51854625
sample	prose_heavy	slob	raw	prefix	507	49743459
sample	prose_heavy	slob	raw	prefix	508	2768375
sample	prose_heavy	slob	raw	prefix	509	870542
sample	prose_heavy	slob	raw	prefix	510	71187292
sample	prose_heavy	slob	raw	prefix	511	71870833
sample	prose_heavy	slob	raw	prefix	512	1804625
sample	prose_heavy	slob	raw	prefix	513	1372625
sample	prose_heavy	slob	raw	prefix	514	67832792
sample	prose_heavy	slob	raw	prefix	515	66661875
sample	prose_heavy	slob	raw	prefix	516	2069500
sample	prose_heavy	slob	raw	prefix	517	822166
sample	prose_heavy	slob	raw	prefix	518	57734500
sample	prose_heavy	slob	raw	prefix	519	60558875
sample	prose_heavy	slob	raw	prefix	520	942750
sample	prose_heavy	slob	raw	prefix	521	1592792
sample	prose_heavy	slob	raw	prefix	522	65190792
sample	prose_heavy	slob	raw	prefix	523	64982167
sample	prose_heavy	slob	raw	prefix	524	906917
sample	prose_heavy	slob	raw	prefix	525	986042
sample	prose_heavy	slob	raw	prefix	526	62862000
sample	prose_heavy	slob	raw	prefix	527	63551458
sample	prose_heavy	slob	raw	prefix	528	2424166
sample	prose_heavy	slob	raw	prefix	529	2280208
sample	prose_heavy	slob	raw	prefix	530	70795792
sample	prose_heavy	slob	raw	prefix	531	78906667
sample	prose_heavy	slob	raw	prefix	532	1704500
sample	prose_heavy	slob	raw	prefix	533	3734292
sample	prose_heavy	slob	raw	prefix	534	65428875
sample	prose_heavy	slob	raw	prefix	535	63614958
sample	prose_heavy	slob	raw	prefix	536	1147084
sample	prose_heavy	slob	raw	prefix	537	2713083
sample	prose_heavy	slob	raw	prefix	538	59036625
sample	prose_heavy	slob	raw	prefix	539	58942625
sample	prose_heavy	slob	raw	prefix	540	2888250
sample	prose_heavy	slob	raw	prefix	541	826958
sample	prose_heavy	slob	raw	prefix	542	57615083
sample	prose_heavy	slob	raw	prefix	543	58639041
sample	prose_heavy	slob	raw	prefix	544	1935667
sample	prose_heavy	slob	raw	prefix	545	2331375
sample	prose_heavy	slob	raw	prefix	546	64045834
sample	prose_heavy	slob	raw	prefix	547	60330250
sample	prose_heavy	slob	raw	prefix	548	879709
sample	prose_heavy	slob	raw	prefix	549	2470875
sample	prose_heavy	slob	raw	prefix	550	73043250
sample	prose_heavy	slob	raw	prefix	551	74202459
sample	prose_heavy	slob	raw	prefix	552	2440292
sample	prose_heavy	slob	raw	prefix	553	2860000
sample	prose_heavy	slob	raw	prefix	554	76326125
sample	prose_heavy	slob	raw	prefix	555	68158417
sample	prose_heavy	slob	raw	prefix	556	2317250
sample	prose_heavy	slob	raw	prefix	557	1716875
sample	prose_heavy	slob	raw	prefix	558	65034667
sample	prose_heavy	slob	raw	prefix	559	72487250
sample	prose_heavy	slob	raw	prefix	560	757833
sample	prose_heavy	slob	raw	prefix	561	879667
sample	prose_heavy	slob	raw	prefix	562	64604458
sample	prose_heavy	slob	raw	prefix	563	65897583
sample	prose_heavy	slob	raw	prefix	564	4182583
sample	prose_heavy	slob	raw	prefix	565	822166
sample	prose_heavy	slob	raw	prefix	566	71303167
sample	prose_heavy	slob	raw	prefix	567	88234708
sample	prose_heavy	slob	raw	prefix	568	970291
sample	prose_heavy	slob	raw	prefix	569	1582500
sample	prose_heavy	slob	raw	prefix	570	58696667
sample	prose_heavy	slob	raw	prefix	571	72286417
sample	prose_heavy	slob	raw	prefix	572	2485834
sample	prose_heavy	slob	raw	prefix	573	1712417
sample	prose_heavy	slob	raw	prefix	574	57294416
sample	prose_heavy	slob	raw	prefix	575	51126208
sample	prose_heavy	slob	raw	prefix	576	768416
sample	prose_heavy	slob	raw	prefix	577	860708
sample	prose_heavy	slob	raw	prefix	578	54555375
sample	prose_heavy	slob	raw	prefix	579	49326375
sample	prose_heavy	slob	raw	prefix	580	2480042
sample	prose_heavy	slob	raw	prefix	581	2529459
sample	prose_heavy	slob	raw	prefix	582	43871042
sample	prose_heavy	slob	raw	prefix	583	52703791
sample	prose_heavy	slob	raw	prefix	584	735375
sample	prose_heavy	slob	raw	prefix	585	3143209
sample	prose_heavy	slob	raw	prefix	586	55344500
sample	prose_heavy	slob	raw	prefix	587	60246666
sample	prose_heavy	slob	raw	prefix	588	1982542
sample	prose_heavy	slob	raw	prefix	589	1847459
sample	prose_heavy	slob	raw	prefix	590	62318333
sample	prose_heavy	slob	raw	prefix	591	58790042
sample	prose_heavy	slob	raw	prefix	592	887417
sample	prose_heavy	slob	raw	prefix	593	4508500
sample	prose_heavy	slob	raw	prefix	594	49006083
sample	prose_heavy	slob	raw	prefix	595	48942416
sample	prose_heavy	slob	raw	prefix	596	957208
sample	prose_heavy	slob	raw	prefix	597	1570083
sample	prose_heavy	slob	raw	prefix	598	47024542
sample	prose_heavy	slob	raw	prefix	599	54254750
sample	prose_heavy	slob	raw	prefix	600	1687333
sample	prose_heavy	slob	raw	prefix	601	913750
sample	prose_heavy	slob	raw	prefix	602	50766625
sample	prose_heavy	slob	raw	prefix	603	65473542
sample	prose_heavy	slob	raw	prefix	604	3402833
sample	prose_heavy	slob	raw	prefix	605	2623834
sample	prose_heavy	slob	raw	prefix	606	61646375
sample	prose_heavy	slob	raw	prefix	607	61172625
sample	prose_heavy	slob	raw	prefix	608	2383542
sample	prose_heavy	slob	raw	prefix	609	1600250
sample	prose_heavy	slob	raw	prefix	610	76409084
sample	prose_heavy	slob	raw	prefix	611	51272500
sample	prose_heavy	slob	raw	prefix	612	2296083
sample	prose_heavy	slob	raw	prefix	613	987291
sample	prose_heavy	slob	raw	prefix	614	58143667
sample	prose_heavy	slob	raw	prefix	615	51687417
sample	prose_heavy	slob	raw	prefix	616	2077708
sample	prose_heavy	slob	raw	prefix	617	1850458
sample	prose_heavy	slob	raw	prefix	618	52689667
sample	prose_heavy	slob	raw	prefix	619	46452042
sample	prose_heavy	slob	raw	prefix	620	2798750
sample	prose_heavy	slob	raw	prefix	621	2183625
sample	prose_heavy	slob	raw	prefix	622	65797166
sample	prose_heavy	slob	raw	prefix	623	74470792
sample	prose_heavy	slob	raw	prefix	624	2156292
sample	prose_heavy	slob	raw	prefix	625	1577208
sample	prose_heavy	slob	raw	prefix	626	68366833
sample	prose_heavy	slob	raw	prefix	627	64802667
sample	prose_heavy	slob	raw	prefix	628	1763792
sample	prose_heavy	slob	raw	prefix	629	2786750
sample	prose_heavy	slob	raw	prefix	630	53127291
sample	prose_heavy	slob	raw	prefix	631	50762208
sample	prose_heavy	slob	raw	prefix	632	876875
sample	prose_heavy	slob	raw	prefix	633	1367833
sample	prose_heavy	slob	raw	prefix	634	55341458
sample	prose_heavy	slob	raw	prefix	635	75446167
sample	prose_heavy	slob	raw	prefix	636	1808708
sample	prose_heavy	slob	raw	prefix	637	851458
sample	prose_heavy	slob	raw	prefix	638	64009542
sample	prose_heavy	slob	raw	prefix	639	79928708
sample	prose_heavy	slob	raw	prefix	640	1420417
sample	prose_heavy	slob	raw	prefix	641	2573250
sample	prose_heavy	slob	raw	prefix	642	73904750
sample	prose_heavy	slob	raw	prefix	643	80655834
sample	prose_heavy	slob	raw	prefix	644	1969708
sample	prose_heavy	slob	raw	prefix	645	2346500
sample	prose_heavy	slob	raw	prefix	646	69950208
sample	prose_heavy	slob	raw	prefix	647	65017167
sample	prose_heavy	slob	raw	prefix	648	739833
sample	prose_heavy	slob	raw	prefix	649	870458
sample	prose_heavy	slob	raw	prefix	650	58916500
sample	prose_heavy	slob	raw	prefix	651	57170583
sample	prose_heavy	slob	raw	prefix	652	2520292
sample	prose_heavy	slob	raw	prefix	653	3540333
sample	prose_heavy	slob	raw	prefix	654	53880875
sample	prose_heavy	slob	raw	prefix	655	65825125
sample	prose_heavy	slob	raw	prefix	656	1047250
sample	prose_heavy	slob	raw	prefix	657	2407000
sample	prose_heavy	slob	raw	prefix	658	73336042
sample	prose_heavy	slob	raw	prefix	659	73752084
sample	prose_heavy	slob	raw	prefix	660	2221042
sample	prose_heavy	slob	raw	prefix	661	819958
sample	prose_heavy	slob	raw	prefix	662	69021542
sample	prose_heavy	slob	raw	prefix	663	61860542
sample	prose_heavy	slob	raw	prefix	664	2117333
sample	prose_heavy	slob	raw	prefix	665	2698042
sample	prose_heavy	slob	raw	prefix	666	72605208
sample	prose_heavy	slob	raw	prefix	667	53873666
sample	prose_heavy	slob	raw	prefix	668	3136667
sample	prose_heavy	slob	raw	prefix	669	3618625
sample	prose_heavy	slob	raw	prefix	670	56551750
sample	prose_heavy	slob	raw	prefix	671	62722917
sample	prose_heavy	slob	raw	prefix	672	1024792
sample	prose_heavy	slob	raw	prefix	673	1320708
sample	prose_heavy	slob	raw	prefix	674	72739875
sample	prose_heavy	slob	raw	prefix	675	66182792
sample	prose_heavy	slob	raw	prefix	676	1479959
sample	prose_heavy	slob	raw	prefix	677	824958
sample	prose_heavy	slob	raw	prefix	678	67352541
sample	prose_heavy	slob	raw	prefix	679	64793291
sample	prose_heavy	slob	raw	prefix	680	2071000
sample	prose_heavy	slob	raw	prefix	681	1832958
sample	prose_heavy	slob	raw	prefix	682	63613417
sample	prose_heavy	slob	raw	prefix	683	68455125
sample	prose_heavy	slob	raw	prefix	684	2164167
sample	prose_heavy	slob	raw	prefix	685	985459
sample	prose_heavy	slob	raw	prefix	686	58227875
sample	prose_heavy	slob	raw	prefix	687	72387209
sample	prose_heavy	slob	raw	prefix	688	757000
sample	prose_heavy	slob	raw	prefix	689	1321417
sample	prose_heavy	slob	raw	prefix	690	71573083
sample	prose_heavy	slob	raw	prefix	691	64299084
sample	prose_heavy	slob	raw	prefix	692	1108666
sample	prose_heavy	slob	raw	prefix	693	1076166
sample	prose_heavy	slob	raw	prefix	694	63368917
sample	prose_heavy	slob	raw	prefix	695	66588834
sample	prose_heavy	slob	raw	prefix	696	1381959
sample	prose_heavy	slob	raw	prefix	697	884125
sample	prose_heavy	slob	raw	prefix	698	62680292
sample	prose_heavy	slob	raw	prefix	699	55867625
sample	prose_heavy	slob	raw	prefix	700	1050917
sample	prose_heavy	slob	raw	prefix	701	1544792
sample	prose_heavy	slob	raw	prefix	702	55471167
sample	prose_heavy	slob	raw	prefix	703	54767958
sample	prose_heavy	slob	raw	prefix	704	829125
sample	prose_heavy	slob	raw	prefix	705	989667
sample	prose_heavy	slob	raw	prefix	706	52478500
sample	prose_heavy	slob	raw	prefix	707	57738000
sample	prose_heavy	slob	raw	prefix	708	3377000
sample	prose_heavy	slob	raw	prefix	709	844084
sample	prose_heavy	slob	raw	prefix	710	63965791
sample	prose_heavy	slob	raw	prefix	711	59293333
sample	prose_heavy	slob	raw	prefix	712	1590208
sample	prose_heavy	slob	raw	prefix	713	889250
sample	prose_heavy	slob	raw	prefix	714	47905166
sample	prose_heavy	slob	raw	prefix	715	57229292
sample	prose_heavy	slob	raw	prefix	716	887666
sample	prose_heavy	slob	raw	prefix	717	818250
sample	prose_heavy	slob	raw	prefix	718	58822084
sample	prose_heavy	slob	raw	prefix	719	57774375
sample	prose_heavy	slob	raw	prefix	720	790833
sample	prose_heavy	slob	raw	prefix	721	876209
sample	prose_heavy	slob	raw	prefix	722	55790667
sample	prose_heavy	slob	raw	prefix	723	67089875
sample	prose_heavy	slob	raw	prefix	724	962875
sample	prose_heavy	slob	raw	prefix	725	810917
sample	prose_heavy	slob	raw	prefix	726	70536584
sample	prose_heavy	slob	raw	prefix	727	72569625
sample	prose_heavy	slob	raw	prefix	728	789875
sample	prose_heavy	slob	raw	prefix	729	875250
sample	prose_heavy	slob	raw	prefix	730	59531958
sample	prose_heavy	slob	raw	prefix	731	67623375
sample	prose_heavy	slob	raw	prefix	732	1561667
sample	prose_heavy	slob	raw	prefix	733	1162834
sample	prose_heavy	slob	raw	prefix	734	54760125
sample	prose_heavy	slob	raw	prefix	735	76949375
sample	prose_heavy	slob	raw	prefix	736	1327792
sample	prose_heavy	slob	raw	prefix	737	2414000
sample	prose_heavy	slob	raw	prefix	738	69142292
sample	prose_heavy	slob	raw	prefix	739	55000958
sample	prose_heavy	slob	raw	prefix	740	1021875
sample	prose_heavy	slob	raw	prefix	741	1566042
sample	prose_heavy	slob	raw	prefix	742	58649458
sample	prose_heavy	slob	raw	prefix	743	65212000
sample	prose_heavy	slob	raw	prefix	744	774209
sample	prose_heavy	slob	raw	prefix	745	2330958
sample	prose_heavy	slob	raw	prefix	746	65596125
sample	prose_heavy	slob	raw	prefix	747	55689667
sample	prose_heavy	slob	raw	prefix	748	1693333
sample	prose_heavy	slob	raw	prefix	749	2734083
sample	prose_heavy	slob	raw	prefix	750	69484333
sample	prose_heavy	slob	raw	prefix	751	63344334
sample	prose_heavy	slob	raw	prefix	752	774167
sample	prose_heavy	slob	raw	prefix	753	2666125
sample	prose_heavy	slob	raw	prefix	754	59957917
sample	prose_heavy	slob	raw	prefix	755	62031500
sample	prose_heavy	slob	raw	prefix	756	887000
sample	prose_heavy	slob	raw	prefix	757	1010125
sample	prose_heavy	slob	raw	prefix	758	66731042
sample	prose_heavy	slob	raw	prefix	759	80199000
sample	prose_heavy	slob	raw	prefix	760	2735500
sample	prose_heavy	slob	raw	prefix	761	894458
sample	prose_heavy	slob	raw	prefix	762	153391250
sample	prose_heavy	slob	raw	prefix	763	82740250
sample	prose_heavy	slob	raw	prefix	764	1879625
sample	prose_heavy	slob	raw	prefix	765	1557708
sample	prose_heavy	slob	raw	prefix	766	56627750
sample	prose_heavy	slob	raw	prefix	767	53543333
sample	prose_heavy	slob	raw	prefix	768	785584
sample	prose_heavy	slob	raw	prefix	769	878583
sample	prose_heavy	slob	raw	prefix	770	60459083
sample	prose_heavy	slob	raw	prefix	771	66092417
sample	prose_heavy	slob	raw	prefix	772	2029083
sample	prose_heavy	slob	raw	prefix	773	1321959
sample	prose_heavy	slob	raw	prefix	774	50751125
sample	prose_heavy	slob	raw	prefix	775	60239208
sample	prose_heavy	slob	raw	prefix	776	1307083
sample	prose_heavy	slob	raw	prefix	777	2041334
sample	prose_heavy	slob	raw	prefix	778	61246334
sample	prose_heavy	slob	raw	prefix	779	58978542
sample	prose_heavy	slob	raw	prefix	780	1051917
sample	prose_heavy	slob	raw	prefix	781	2490292
sample	prose_heavy	slob	raw	prefix	782	48966750
sample	prose_heavy	slob	raw	prefix	783	71927875
sample	prose_heavy	slob	raw	prefix	784	1948375
sample	prose_heavy	slob	raw	prefix	785	1915292
sample	prose_heavy	slob	raw	prefix	786	57897291
sample	prose_heavy	slob	raw	prefix	787	59376000
sample	prose_heavy	slob	raw	prefix	788	1319333
sample	prose_heavy	slob	raw	prefix	789	922792
sample	prose_heavy	slob	raw	prefix	790	55704333
sample	prose_heavy	slob	raw	prefix	791	75014083
sample	prose_heavy	slob	raw	prefix	792	738375
sample	prose_heavy	slob	raw	prefix	793	893792
sample	prose_heavy	slob	raw	prefix	794	62993791
sample	prose_heavy	slob	raw	prefix	795	55972417
sample	prose_heavy	slob	raw	prefix	796	3048250
sample	prose_heavy	slob	raw	prefix	797	826042
sample	prose_heavy	slob	raw	prefix	798	66198000
sample	prose_heavy	slob	raw	prefix	799	60220750
sample	prose_heavy	slob	raw	prefix	800	789458
sample	prose_heavy	slob	raw	prefix	801	3034292
sample	prose_heavy	slob	raw	prefix	802	70280083
sample	prose_heavy	slob	raw	prefix	803	71205958
sample	prose_heavy	slob	raw	prefix	804	926125
sample	prose_heavy	slob	raw	prefix	805	1094875
sample	prose_heavy	slob	raw	prefix	806	62548750
sample	prose_heavy	slob	raw	prefix	807	61674584
sample	prose_heavy	slob	raw	prefix	808	745459
sample	prose_heavy	slob	raw	prefix	809	875584
sample	prose_heavy	slob	raw	prefix	810	70631208
sample	prose_heavy	slob	raw	prefix	811	60286666
sample	prose_heavy	slob	raw	prefix	812	1299209
sample	prose_heavy	slob	raw	prefix	813	818708
sample	prose_heavy	slob	raw	prefix	814	58983042
sample	prose_heavy	slob	raw	prefix	815	61661500
sample	prose_heavy	slob	raw	prefix	816	3219250
sample	prose_heavy	slob	raw	prefix	817	1937209
sample	prose_heavy	slob	raw	prefix	818	65049709
sample	prose_heavy	slob	raw	prefix	819	62650458
sample	prose_heavy	slob	raw	prefix	820	1131792
sample	prose_heavy	slob	raw	prefix	821	2054083
sample	prose_heavy	slob	raw	prefix	822	57982708
sample	prose_heavy	slob	raw	prefix	823	65731208
sample	prose_heavy	slob	raw	prefix	824	1405375
sample	prose_heavy	slob	raw	prefix	825	1940875
sample	prose_heavy	slob	raw	prefix	826	60022542
sample	prose_heavy	slob	raw	prefix	827	61818750
sample	prose_heavy	slob	raw	prefix	828	975292
sample	prose_heavy	slob	raw	prefix	829	3304875
sample	prose_heavy	slob	raw	prefix	830	60143125
sample	prose_heavy	slob	raw	prefix	831	61497917
sample	prose_heavy	slob	raw	prefix	832	965375
sample	prose_heavy	slob	raw	prefix	833	879625
sample	prose_heavy	slob	raw	prefix	834	55503833
sample	prose_heavy	slob	raw	prefix	835	65673125
sample	prose_heavy	slob	raw	prefix	836	4072875
sample	prose_heavy	slob	raw	prefix	837	1345625
sample	prose_heavy	slob	raw	prefix	838	62635875
sample	prose_heavy	slob	raw	prefix	839	65001583
sample	prose_heavy	slob	raw	prefix	840	773875
sample	prose_heavy	slob	raw	prefix	841	4568333
sample	prose_heavy	slob	raw	prefix	842	57327625
sample	prose_heavy	slob	raw	prefix	843	66430334
sample	prose_heavy	slob	raw	prefix	844	1404042
sample	prose_heavy	slob	raw	prefix	845	908083
sample	prose_heavy	slob	raw	prefix	846	54462583
sample	prose_heavy	slob	raw	prefix	847	55658917
sample	prose_heavy	slob	raw	prefix	848	757500
sample	prose_heavy	slob	raw	prefix	849	894917
sample	prose_heavy	slob	raw	prefix	850	58832875
sample	prose_heavy	slob	raw	prefix	851	61437375
sample	prose_heavy	slob	raw	prefix	852	2779792
sample	prose_heavy	slob	raw	prefix	853	831709
sample	prose_heavy	slob	raw	prefix	854	49904333
sample	prose_heavy	slob	raw	prefix	855	53125250
sample	prose_heavy	slob	raw	prefix	856	3213542
sample	prose_heavy	slob	raw	prefix	857	1787292
sample	prose_heavy	slob	raw	prefix	858	54783083
sample	prose_heavy	slob	raw	prefix	859	58357125
sample	prose_heavy	slob	raw	prefix	860	1463916
sample	prose_heavy	slob	raw	prefix	861	1027167
sample	prose_heavy	slob	raw	prefix	862	60251292
sample	prose_heavy	slob	raw	prefix	863	52442709
sample	prose_heavy	slob	raw	prefix	864	2185292
sample	prose_heavy	slob	raw	prefix	865	886250
sample	prose_heavy	slob	raw	prefix	866	63795916
sample	prose_heavy	slob	raw	prefix	867	60411000
sample	prose_heavy	slob	raw	prefix	868	1684917
sample	prose_heavy	slob	raw	prefix	869	824291
sample	prose_heavy	slob	raw	prefix	870	57816084
sample	prose_heavy	slob	raw	prefix	871	58429708
sample	prose_heavy	slob	raw	prefix	872	2373375
sample	prose_heavy	slob	raw	prefix	873	2432333
sample	prose_heavy	slob	raw	prefix	874	62943000
sample	prose_heavy	slob	raw	prefix	875	61088834
sample	prose_heavy	slob	raw	prefix	876	1319542
sample	prose_heavy	slob	raw	prefix	877	831542
sample	prose_heavy	slob	raw	prefix	878	61260542
sample	prose_heavy	slob	raw	prefix	879	75182083
sample	prose_heavy	slob	raw	prefix	880	2001875
sample	prose_heavy	slob	raw	prefix	881	876042
sample	prose_heavy	slob	raw	prefix	882	73003084
sample	prose_heavy	slob	raw	prefix	883	69734125
sample	prose_heavy	slob	raw	prefix	884	2755875
sample	prose_heavy	slob	raw	prefix	885	1729000
sample	prose_heavy	slob	raw	prefix	886	75867250
sample	prose_heavy	slob	raw	prefix	887	76801375
sample	prose_heavy	slob	raw	prefix	888	1366625
sample	prose_heavy	slob	raw	prefix	889	1257583
sample	prose_heavy	slob	raw	prefix	890	73858916
sample	prose_heavy	slob	raw	prefix	891	70343042
sample	prose_heavy	slob	raw	prefix	892	3639084
sample	prose_heavy	slob	raw	prefix	893	1405708
sample	prose_heavy	slob	raw	prefix	894	58276750
sample	prose_heavy	slob	raw	prefix	895	66983959
sample	prose_heavy	slob	raw	prefix	896	2701042
sample	prose_heavy	slob	raw	prefix	897	1249458
sample	prose_heavy	slob	raw	prefix	898	74597291
sample	prose_heavy	slob	raw	prefix	899	63456708
sample	prose_heavy	slob	raw	prefix	900	1181250
sample	prose_heavy	slob	raw	prefix	901	1151125
sample	prose_heavy	slob	raw	prefix	902	60745208
sample	prose_heavy	slob	raw	prefix	903	71002334
sample	prose_heavy	slob	raw	prefix	904	1878250
sample	prose_heavy	slob	raw	prefix	905	3880667
sample	prose_heavy	slob	raw	prefix	906	68611375
sample	prose_heavy	slob	raw	prefix	907	70595542
sample	prose_heavy	slob	raw	prefix	908	1794250
sample	prose_heavy	slob	raw	prefix	909	1277292
sample	prose_heavy	slob	raw	prefix	910	62419458
sample	prose_heavy	slob	raw	prefix	911	70912083
sample	prose_heavy	slob	raw	prefix	912	1288000
sample	prose_heavy	slob	raw	prefix	913	1773209
sample	prose_heavy	slob	raw	prefix	914	76968833
sample	prose_heavy	slob	raw	prefix	915	95478792
sample	prose_heavy	slob	raw	prefix	916	7590250
sample	prose_heavy	slob	raw	prefix	917	5736833
sample	prose_heavy	slob	raw	prefix	918	112556125
sample	prose_heavy	slob	raw	prefix	919	84640458
sample	prose_heavy	slob	raw	prefix	920	883291
sample	prose_heavy	slob	raw	prefix	921	2262583
sample	prose_heavy	slob	raw	prefix	922	88250459
sample	prose_heavy	slob	raw	prefix	923	95089958
sample	prose_heavy	slob	raw	prefix	924	3151417
sample	prose_heavy	slob	raw	prefix	925	3145833
sample	prose_heavy	slob	raw	prefix	926	84520458
sample	prose_heavy	slob	raw	prefix	927	186454750
sample	prose_heavy	slob	raw	prefix	928	3636042
sample	prose_heavy	slob	raw	prefix	929	911000
sample	prose_heavy	slob	raw	prefix	930	335157250
sample	prose_heavy	slob	raw	prefix	931	519635041
sample	prose_heavy	slob	raw	prefix	932	1107334
sample	prose_heavy	slob	raw	prefix	933	852000
sample	prose_heavy	slob	raw	prefix	934	72814000
sample	prose_heavy	slob	raw	prefix	935	86229250
sample	prose_heavy	slob	raw	prefix	936	2369042
sample	prose_heavy	slob	raw	prefix	937	2723584
sample	prose_heavy	slob	raw	prefix	938	134509583
sample	prose_heavy	slob	raw	prefix	939	118820500
sample	prose_heavy	slob	raw	prefix	940	2110041
sample	prose_heavy	slob	raw	prefix	941	1933542
sample	prose_heavy	slob	raw	prefix	942	118454542
sample	prose_heavy	slob	raw	prefix	943	123810416
sample	prose_heavy	slob	raw	prefix	944	3985750
sample	prose_heavy	slob	raw	prefix	945	925334
sample	prose_heavy	slob	raw	prefix	946	217075834
sample	prose_heavy	slob	raw	prefix	947	133275000
sample	prose_heavy	slob	raw	prefix	948	3542625
sample	prose_heavy	slob	raw	prefix	949	874792
sample	prose_heavy	slob	raw	prefix	950	130060666
sample	prose_heavy	slob	raw	prefix	951	78463917
sample	prose_heavy	slob	raw	prefix	952	1118000
sample	prose_heavy	slob	raw	prefix	953	4001583
sample	prose_heavy	slob	raw	prefix	954	165593000
sample	prose_heavy	slob	raw	prefix	955	291223542
sample	prose_heavy	slob	raw	prefix	956	3087167
sample	prose_heavy	slob	raw	prefix	957	5568833
sample	prose_heavy	slob	raw	prefix	958	96404250
sample	prose_heavy	slob	raw	prefix	959	377556042
sample	prose_heavy	slob	raw	prefix	960	1749250
sample	prose_heavy	slob	raw	prefix	961	912542
sample	prose_heavy	slob	raw	prefix	962	126607417
sample	prose_heavy	slob	raw	prefix	963	239390208
sample	prose_heavy	slob	raw	prefix	964	10136500
sample	prose_heavy	slob	raw	prefix	965	820375
sample	prose_heavy	slob	raw	prefix	966	303052500
sample	prose_heavy	slob	raw	prefix	967	212253042
sample	prose_heavy	slob	raw	prefix	968	8726625
sample	prose_heavy	slob	raw	prefix	969	7657041
sample	prose_heavy	slob	raw	prefix	970	508270209
sample	prose_heavy	slob	raw	prefix	971	252675417
sample	prose_heavy	slob	raw	prefix	972	1929000
sample	prose_heavy	slob	raw	prefix	973	38210958
sample	prose_heavy	slob	raw	prefix	974	233576083
sample	prose_heavy	slob	raw	prefix	975	195421792
sample	prose_heavy	slob	raw	prefix	976	784334
sample	prose_heavy	slob	raw	prefix	977	2850333
sample	prose_heavy	slob	raw	prefix	978	300539042
sample	prose_heavy	slob	raw	prefix	979	302940875
sample	prose_heavy	slob	raw	prefix	980	30948917
sample	prose_heavy	slob	raw	prefix	981	12329959
sample	prose_heavy	slob	raw	prefix	982	418050625
sample	prose_heavy	slob	raw	prefix	983	126801875
sample	prose_heavy	slob	raw	prefix	984	1888333
sample	prose_heavy	slob	raw	prefix	985	4633000
sample	prose_heavy	slob	raw	prefix	986	215257417
sample	prose_heavy	slob	raw	prefix	987	88747667
sample	prose_heavy	slob	raw	prefix	988	1358750
sample	prose_heavy	slob	raw	prefix	989	1675417
sample	prose_heavy	slob	raw	prefix	990	107838708
sample	prose_heavy	slob	raw	prefix	991	192953208
sample	prose_heavy	slob	raw	prefix	992	774417
sample	prose_heavy	slob	raw	prefix	993	895875
sample	prose_heavy	slob	raw	prefix	994	235729292
sample	prose_heavy	slob	raw	prefix	995	99915708
sample	prose_heavy	slob	raw	prefix	996	1526542
sample	prose_heavy	slob	raw	prefix	997	1162667
sample	prose_heavy	slob	raw	prefix	998	296435125
sample	prose_heavy	slob	raw	prefix	999	268986250
sample	prose_heavy	slob	raw	render	0	508333
sample	prose_heavy	slob	raw	render	1	278417
sample	prose_heavy	slob	raw	render	2	391292
sample	prose_heavy	slob	raw	render	3	85875
sample	prose_heavy	slob	raw	render	4	384459
sample	prose_heavy	slob	raw	render	5	1532791
sample	prose_heavy	slob	raw	render	6	3877041
sample	prose_heavy	slob	raw	render	7	150167
sample	prose_heavy	slob	raw	render	8	756708
sample	prose_heavy	slob	raw	render	9	372167
sample	prose_heavy	slob	raw	render	10	333166
sample	prose_heavy	slob	raw	render	11	841750
sample	prose_heavy	slob	raw	render	12	444459
sample	prose_heavy	slob	raw	render	13	146542
sample	prose_heavy	slob	raw	render	14	83584
sample	prose_heavy	slob	raw	render	15	43834
sample	prose_heavy	slob	raw	render	16	39625
sample	prose_heavy	slob	raw	render	17	4305792
sample	prose_heavy	slob	raw	render	18	229334
sample	prose_heavy	slob	raw	render	19	2452291
sample	prose_heavy	slob	raw	render	20	52583
sample	prose_heavy	slob	raw	render	21	46917
sample	prose_heavy	slob	raw	render	22	41000
sample	prose_heavy	slob	raw	render	23	225667
sample	prose_heavy	slob	raw	render	24	427667
sample	prose_heavy	slob	raw	render	25	577542
sample	prose_heavy	slob	raw	render	26	1143833
sample	prose_heavy	slob	raw	render	27	212833
sample	prose_heavy	slob	raw	render	28	606958
sample	prose_heavy	slob	raw	render	29	195250
sample	prose_heavy	slob	raw	render	30	6540500
sample	prose_heavy	slob	raw	render	31	5564084
sample	prose_heavy	slob	raw	render	32	1747167
sample	prose_heavy	slob	raw	render	33	300458
sample	prose_heavy	slob	raw	render	34	1568292
sample	prose_heavy	slob	raw	render	35	131125
sample	prose_heavy	slob	raw	render	36	281500
sample	prose_heavy	slob	raw	render	37	276458
sample	prose_heavy	slob	raw	render	38	12233750
sample	prose_heavy	slob	raw	render	39	15611959
sample	prose_heavy	slob	raw	render	40	527417
sample	prose_heavy	slob	raw	render	41	69959
sample	prose_heavy	slob	raw	render	42	53792
sample	prose_heavy	slob	raw	render	43	245083
sample	prose_heavy	slob	raw	render	44	183084
sample	prose_heavy	slob	raw	render	45	180375
sample	prose_heavy	slob	raw	render	46	3664333
sample	prose_heavy	slob	raw	render	47	138625
sample	prose_heavy	slob	raw	render	48	998750
sample	prose_heavy	slob	raw	render	49	159000
sample	prose_heavy	slob	raw	render	50	58416
sample	prose_heavy	slob	raw	render	51	43625
sample	prose_heavy	slob	raw	render	52	39542
sample	prose_heavy	slob	raw	render	53	40125
sample	prose_heavy	slob	raw	render	54	194166
sample	prose_heavy	slob	raw	render	55	120834
sample	prose_heavy	slob	raw	render	56	99917
sample	prose_heavy	slob	raw	render	57	52667
sample	prose_heavy	slob	raw	render	58	44209
sample	prose_heavy	slob	raw	render	59	40000
sample	prose_heavy	slob	raw	render	60	39083
sample	prose_heavy	slob	raw	render	61	501000
sample	prose_heavy	slob	raw	render	62	78417
sample	prose_heavy	slob	raw	render	63	45291
sample	prose_heavy	slob	raw	render	64	40083
sample	prose_heavy	slob	raw	render	65	38250
sample	prose_heavy	slob	raw	render	66	38625
sample	prose_heavy	slob	raw	render	67	65833
sample	prose_heavy	slob	raw	render	68	171416
sample	prose_heavy	slob	raw	render	69	135459
sample	prose_heavy	slob	raw	render	70	7902750
sample	prose_heavy	slob	raw	render	71	59291
sample	prose_heavy	slob	raw	render	72	5658375
sample	prose_heavy	slob	raw	render	73	121625
sample	prose_heavy	slob	raw	render	74	285708
sample	prose_heavy	slob	raw	render	75	139083
sample	prose_heavy	slob	raw	render	76	49667
sample	prose_heavy	slob	raw	render	77	175792
sample	prose_heavy	slob	raw	render	78	82250
sample	prose_heavy	slob	raw	render	79	61667
sample	prose_heavy	slob	raw	render	80	585250
sample	prose_heavy	slob	raw	render	81	93000
sample	prose_heavy	slob	raw	render	82	52209
sample	prose_heavy	slob	raw	render	83	43625
sample	prose_heavy	slob	raw	render	84	257125
sample	prose_heavy	slob	raw	render	85	299167
sample	prose_heavy	slob	raw	render	86	109125
sample	prose_heavy	slob	raw	render	87	657458
sample	prose_heavy	slob	raw	render	88	176834
sample	prose_heavy	slob	raw	render	89	162084
sample	prose_heavy	slob	raw	render	90	216708
sample	prose_heavy	slob	raw	render	91	153542
sample	prose_heavy	slob	raw	render	92	369334
sample	prose_heavy	slob	raw	render	93	181583
sample	prose_heavy	slob	raw	render	94	214458
sample	prose_heavy	slob	raw	render	95	6030791
sample	prose_heavy	slob	raw	render	96	247917
sample	prose_heavy	slob	raw	render	97	278958
sample	prose_heavy	slob	raw	render	98	1482042
sample	prose_heavy	slob	raw	render	99	213709
sample	prose_heavy	slob	raw	render	100	181250
sample	prose_heavy	slob	raw	render	101	207625
sample	prose_heavy	slob	raw	render	102	201959
sample	prose_heavy	slob	raw	render	103	169084
sample	prose_heavy	slob	raw	render	104	104416
sample	prose_heavy	slob	raw	render	105	49958
sample	prose_heavy	slob	raw	render	106	45584
sample	prose_heavy	slob	raw	render	107	293750
sample	prose_heavy	slob	raw	render	108	225375
sample	prose_heavy	slob	raw	render	109	143667
sample	prose_heavy	slob	raw	render	110	148792
sample	prose_heavy	slob	raw	render	111	69791
sample	prose_heavy	slob	raw	render	112	6904667
sample	prose_heavy	slob	raw	render	113	412417
sample	prose_heavy	slob	raw	render	114	198041
sample	prose_heavy	slob	raw	render	115	163333
sample	prose_heavy	slob	raw	render	116	133459
sample	prose_heavy	slob	raw	render	117	194500
sample	prose_heavy	slob	raw	render	118	208500
sample	prose_heavy	slob	raw	render	119	62708
sample	prose_heavy	slob	raw	render	120	125292
sample	prose_heavy	slob	raw	render	121	118125
sample	prose_heavy	slob	raw	render	122	117833
sample	prose_heavy	slob	raw	render	123	188791
sample	prose_heavy	slob	raw	render	124	175125
sample	prose_heavy	slob	raw	render	125	368166
sample	prose_heavy	slob	raw	render	126	157666
sample	prose_heavy	slob	raw	render	127	61125
sample	prose_heavy	slob	raw	render	128	176458
sample	prose_heavy	slob	raw	render	129	78625
sample	prose_heavy	slob	raw	render	130	207667
sample	prose_heavy	slob	raw	render	131	289625
sample	prose_heavy	slob	raw	render	132	136708
sample	prose_heavy	slob	raw	render	133	68375
sample	prose_heavy	slob	raw	render	134	85042
sample	prose_heavy	slob	raw	render	135	61166
sample	prose_heavy	slob	raw	render	136	270208
sample	prose_heavy	slob	raw	render	137	113250
sample	prose_heavy	slob	raw	render	138	270542
sample	prose_heavy	slob	raw	render	139	219041
sample	prose_heavy	slob	raw	render	140	150084
sample	prose_heavy	slob	raw	render	141	223791
sample	prose_heavy	slob	raw	render	142	150083
sample	prose_heavy	slob	raw	render	143	882333
sample	prose_heavy	slob	raw	render	144	89209
sample	prose_heavy	slob	raw	render	145	137375
sample	prose_heavy	slob	raw	render	146	188625
sample	prose_heavy	slob	raw	render	147	60708
sample	prose_heavy	slob	raw	render	148	49708
sample	prose_heavy	slob	raw	render	149	40709
sample	prose_heavy	slob	raw	render	150	145542
sample	prose_heavy	slob	raw	render	151	59042
sample	prose_heavy	slob	raw	render	152	1157667
sample	prose_heavy	slob	raw	render	153	65583
sample	prose_heavy	slob	raw	render	154	134666
sample	prose_heavy	slob	raw	render	155	61083
sample	prose_heavy	slob	raw	render	156	86917
sample	prose_heavy	slob	raw	render	157	73042
sample	prose_heavy	slob	raw	render	158	45541
sample	prose_heavy	slob	raw	render	159	83833
sample	prose_heavy	slob	raw	render	160	75166
sample	prose_heavy	slob	raw	render	161	59792
sample	prose_heavy	slob	raw	render	162	43042
sample	prose_heavy	slob	raw	render	163	40750
sample	prose_heavy	slob	raw	render	164	40917
sample	prose_heavy	slob	raw	render	165	134250
sample	prose_heavy	slob	raw	render	166	128667
sample	prose_heavy	slob	raw	render	167	65292
sample	prose_heavy	slob	raw	render	168	216000
sample	prose_heavy	slob	raw	render	169	97667
sample	prose_heavy	slob	raw	render	170	49375
sample	prose_heavy	slob	raw	render	171	115708
sample	prose_heavy	slob	raw	render	172	58292
sample	prose_heavy	slob	raw	render	173	48875
sample	prose_heavy	slob	raw	render	174	100125
sample	prose_heavy	slob	raw	render	175	49250
sample	prose_heavy	slob	raw	render	176	1442417
sample	prose_heavy	slob	raw	render	177	61500
sample	prose_heavy	slob	raw	render	178	3230833
sample	prose_heavy	slob	raw	render	179	103792
sample	prose_heavy	slob	raw	render	180	49459
sample	prose_heavy	slob	raw	render	181	42375
sample	prose_heavy	slob	raw	render	182	42833
sample	prose_heavy	slob	raw	render	183	94209
sample	prose_heavy	slob	raw	render	184	49333
sample	prose_heavy	slob	raw	render	185	45250
sample	prose_heavy	slob	raw	render	186	44250
sample	prose_heavy	slob	raw	render	187	44167
sample	prose_heavy	slob	raw	render	188	58084
sample	prose_heavy	slob	raw	render	189	40875
sample	prose_heavy	slob	raw	render	190	239125
sample	prose_heavy	slob	raw	render	191	245958
sample	prose_heavy	slob	raw	render	192	728375
sample	prose_heavy	slob	raw	render	193	21404583
sample	prose_heavy	slob	raw	render	194	172875
sample	prose_heavy	slob	raw	render	195	59333
sample	prose_heavy	slob	raw	render	196	170083
sample	prose_heavy	slob	raw	render	197	558250
sample	prose_heavy	slob	raw	render	198	184667
sample	prose_heavy	slob	raw	render	199	154083
sample	prose_heavy	slob	raw	render	200	1205917
sample	prose_heavy	slob	raw	render	201	284709
sample	prose_heavy	slob	raw	render	202	274292
sample	prose_heavy	slob	raw	render	203	134709
sample	prose_heavy	slob	raw	render	204	54833
sample	prose_heavy	slob	raw	render	205	182375
sample	prose_heavy	slob	raw	render	206	210625
sample	prose_heavy	slob	raw	render	207	377625
sample	prose_heavy	slob	raw	render	208	129625
sample	prose_heavy	slob	raw	render	209	53250
sample	prose_heavy	slob	raw	render	210	40541
sample	prose_heavy	slob	raw	render	211	40083
sample	prose_heavy	slob	raw	render	212	322541
sample	prose_heavy	slob	raw	render	213	403959
sample	prose_heavy	slob	raw	render	214	108333
sample	prose_heavy	slob	raw	render	215	51791
sample	prose_heavy	slob	raw	render	216	110625
sample	prose_heavy	slob	raw	render	217	460375
sample	prose_heavy	slob	raw	render	218	260583
sample	prose_heavy	slob	raw	render	219	213875
sample	prose_heavy	slob	raw	render	220	245416
sample	prose_heavy	slob	raw	render	221	52000
sample	prose_heavy	slob	raw	render	222	45666
sample	prose_heavy	slob	raw	render	223	46875
sample	prose_heavy	slob	raw	render	224	42917
sample	prose_heavy	slob	raw	render	225	57166
sample	prose_heavy	slob	raw	render	226	127958
sample	prose_heavy	slob	raw	render	227	145041
sample	prose_heavy	slob	raw	render	228	94375
sample	prose_heavy	slob	raw	render	229	82125
sample	prose_heavy	slob	raw	render	230	73708
sample	prose_heavy	slob	raw	render	231	60792
sample	prose_heavy	slob	raw	render	232	153708
sample	prose_heavy	slob	raw	render	233	82375
sample	prose_heavy	slob	raw	render	234	50625
sample	prose_heavy	slob	raw	render	235	44625
sample	prose_heavy	slob	raw	render	236	121167
sample	prose_heavy	slob	raw	render	237	84542
sample	prose_heavy	slob	raw	render	238	48042
sample	prose_heavy	slob	raw	render	239	41750
sample	prose_heavy	slob	raw	render	240	80542
sample	prose_heavy	slob	raw	render	241	50833
sample	prose_heavy	slob	raw	render	242	42125
sample	prose_heavy	slob	raw	render	243	307167
sample	prose_heavy	slob	raw	render	244	166958
sample	prose_heavy	slob	raw	render	245	86584
sample	prose_heavy	slob	raw	render	246	151750
sample	prose_heavy	slob	raw	render	247	49042
sample	prose_heavy	slob	raw	render	248	75917
sample	prose_heavy	slob	raw	render	249	47500
sample	prose_heavy	slob	raw	render	250	78000
sample	prose_heavy	slob	raw	render	251	194125
sample	prose_heavy	slob	raw	render	252	88083
sample	prose_heavy	slob	raw	render	253	74292
sample	prose_heavy	slob	raw	render	254	73958
sample	prose_heavy	slob	raw	render	255	48042
sample	prose_heavy	slob	raw	render	256	51333
sample	prose_heavy	slob	raw	render	257	45417
sample	prose_heavy	slob	raw	render	258	43792
sample	prose_heavy	slob	raw	render	259	76542
sample	prose_heavy	slob	raw	render	260	168542
sample	prose_heavy	slob	raw	render	261	206791
sample	prose_heavy	slob	raw	render	262	150542
sample	prose_heavy	slob	raw	render	263	19104000
sample	prose_heavy	slob	raw	render	264	159792
sample	prose_heavy	slob	raw	render	265	54708
sample	prose_heavy	slob	raw	render	266	16035583
sample	prose_heavy	slob	raw	render	267	194833
sample	prose_heavy	slob	raw	render	268	87375
sample	prose_heavy	slob	raw	render	269	53333
sample	prose_heavy	slob	raw	render	270	44167
sample	prose_heavy	slob	raw	render	271	40750
sample	prose_heavy	slob	raw	render	272	43125
sample	prose_heavy	slob	raw	render	273	183250
sample	prose_heavy	slob	raw	render	274	59667
sample	prose_heavy	slob	raw	render	275	46583
sample	prose_heavy	slob	raw	render	276	180042
sample	prose_heavy	slob	raw	render	277	644667
sample	prose_heavy	slob	raw	render	278	249542
sample	prose_heavy	slob	raw	render	279	135417
sample	prose_heavy	slob	raw	render	280	352000
sample	prose_heavy	slob	raw	render	281	201125
sample	prose_heavy	slob	raw	render	282	113667
sample	prose_heavy	slob	raw	render	283	179333
sample	prose_heavy	slob	raw	render	284	57666
sample	prose_heavy	slob	raw	render	285	44666
sample	prose_heavy	slob	raw	render	286	49083
sample	prose_heavy	slob	raw	render	287	215833
sample	prose_heavy	slob	raw	render	288	209750
sample	prose_heavy	slob	raw	render	289	191125
sample	prose_heavy	slob	raw	render	290	145292
sample	prose_heavy	slob	raw	render	291	86584
sample	prose_heavy	slob	raw	render	292	47709
sample	prose_heavy	slob	raw	render	293	41750
sample	prose_heavy	slob	raw	render	294	165291
sample	prose_heavy	slob	raw	render	295	52792
sample	prose_heavy	slob	raw	render	296	46375
sample	prose_heavy	slob	raw	render	297	7364042
sample	prose_heavy	slob	raw	render	298	80750
sample	prose_heavy	slob	raw	render	299	90000
sample	prose_heavy	slob	raw	render	300	251333
sample	prose_heavy	slob	raw	render	301	232333
sample	prose_heavy	slob	raw	render	302	361916
sample	prose_heavy	slob	raw	render	303	245833
sample	prose_heavy	slob	raw	render	304	4566000
sample	prose_heavy	slob	raw	render	305	89374667
sample	prose_heavy	slob	raw	render	306	176792
sample	prose_heavy	slob	raw	render	307	414500
sample	prose_heavy	slob	raw	render	308	1174167
sample	prose_heavy	slob	raw	render	309	95792
sample	prose_heavy	slob	raw	render	310	158792
sample	prose_heavy	slob	raw	render	311	282000
sample	prose_heavy	slob	raw	render	312	259292
sample	prose_heavy	slob	raw	render	313	619208
sample	prose_heavy	slob	raw	render	314	242958
sample	prose_heavy	slob	raw	render	315	362042
sample	prose_heavy	slob	raw	render	316	2237416
sample	prose_heavy	slob	raw	render	317	209791
sample	prose_heavy	slob	raw	render	318	256584
sample	prose_heavy	slob	raw	render	319	216208
sample	prose_heavy	slob	raw	render	320	142042
sample	prose_heavy	slob	raw	render	321	148292
sample	prose_heavy	slob	raw	render	322	61209
sample	prose_heavy	slob	raw	render	323	406166
sample	prose_heavy	slob	raw	render	324	191375
sample	prose_heavy	slob	raw	render	325	143834
sample	prose_heavy	slob	raw	render	326	88542
sample	prose_heavy	slob	raw	render	327	364083
sample	prose_heavy	slob	raw	render	328	1182583
sample	prose_heavy	slob	raw	render	329	302833
sample	prose_heavy	slob	raw	render	330	813500
sample	prose_heavy	slob	raw	render	331	730709
sample	prose_heavy	slob	raw	render	332	217750
sample	prose_heavy	slob	raw	render	333	150083
sample	prose_heavy	slob	raw	render	334	142416
sample	prose_heavy	slob	raw	render	335	883791
sample	prose_heavy	slob	raw	render	336	437250
sample	prose_heavy	slob	raw	render	337	216583
sample	prose_heavy	slob	raw	render	338	300709
sample	prose_heavy	slob	raw	render	339	87084
sample	prose_heavy	slob	raw	render	340	97666
sample	prose_heavy	slob	raw	render	341	55458
sample	prose_heavy	slob	raw	render	342	190000
sample	prose_heavy	slob	raw	render	343	843333
sample	prose_heavy	slob	raw	render	344	90959
sample	prose_heavy	slob	raw	render	345	50083
sample	prose_heavy	slob	raw	render	346	43375
sample	prose_heavy	slob	raw	render	347	45541
sample	prose_heavy	slob	raw	render	348	235416
sample	prose_heavy	slob	raw	render	349	309333
sample	prose_heavy	slob	raw	render	350	187292
sample	prose_heavy	slob	raw	render	351	258875
sample	prose_heavy	slob	raw	render	352	168417
sample	prose_heavy	slob	raw	render	353	60167
sample	prose_heavy	slob	raw	render	354	49291
sample	prose_heavy	slob	raw	render	355	97083
sample	prose_heavy	slob	raw	render	356	51125
sample	prose_heavy	slob	raw	render	357	186375
sample	prose_heavy	slob	raw	render	358	497708
sample	prose_heavy	slob	raw	render	359	223916
sample	prose_heavy	slob	raw	render	360	180875
sample	prose_heavy	slob	raw	render	361	151375
sample	prose_heavy	slob	raw	render	362	106333
sample	prose_heavy	slob	raw	render	363	103458
sample	prose_heavy	slob	raw	render	364	55291
sample	prose_heavy	slob	raw	render	365	47917
sample	prose_heavy	slob	raw	render	366	44166
sample	prose_heavy	slob	raw	render	367	41416
sample	prose_heavy	slob	raw	render	368	40708
sample	prose_heavy	slob	raw	render	369	2074208
sample	prose_heavy	slob	raw	render	370	263166
sample	prose_heavy	slob	raw	render	371	227042
sample	prose_heavy	slob	raw	render	372	170375
sample	prose_heavy	slob	raw	render	373	246584
sample	prose_heavy	slob	raw	render	374	100667
sample	prose_heavy	slob	raw	render	375	43041
sample	prose_heavy	slob	raw	render	376	262500
sample	prose_heavy	slob	raw	render	377	212000
sample	prose_heavy	slob	raw	render	378	172666
sample	prose_heavy	slob	raw	render	379	136542
sample	prose_heavy	slob	raw	render	380	150917
sample	prose_heavy	slob	raw	render	381	45188042
sample	prose_heavy	slob	raw	render	382	2489417
sample	prose_heavy	slob	raw	render	383	6198458
sample	prose_heavy	slob	raw	render	384	14764250
sample	prose_heavy	slob	raw	render	385	1787291
sample	prose_heavy	slob	raw	render	386	184625
sample	prose_heavy	slob	raw	render	387	163667
sample	prose_heavy	slob	raw	render	388	99125
sample	prose_heavy	slob	raw	render	389	47875
sample	prose_heavy	slob	raw	render	390	54791
sample	prose_heavy	slob	raw	render	391	187292
sample	prose_heavy	slob	raw	render	392	148208
sample	prose_heavy	slob	raw	render	393	129625
sample	prose_heavy	slob	raw	render	394	147500
sample	prose_heavy	slob	raw	render	395	170167
sample	prose_heavy	slob	raw	render	396	3498625
sample	prose_heavy	slob	raw	render	397	207333
sample	prose_heavy	slob	raw	render	398	583750
sample	prose_heavy	slob	raw	render	399	141208
sample	prose_heavy	slob	raw	render	400	55333
sample	prose_heavy	slob	raw	render	401	77917
sample	prose_heavy	slob	raw	render	402	44916
sample	prose_heavy	slob	raw	render	403	231709
sample	prose_heavy	slob	raw	render	404	183208
sample	prose_heavy	slob	raw	render	405	159958
sample	prose_heavy	slob	raw	render	406	65875
sample	prose_heavy	slob	raw	render	407	340292
sample	prose_heavy	slob	raw	render	408	1284792
sample	prose_heavy	slob	raw	render	409	146667
sample	prose_heavy	slob	raw	render	410	236667
sample	prose_heavy	slob	raw	render	411	208333
sample	prose_heavy	slob	raw	render	412	180167
sample	prose_heavy	slob	raw	render	413	51292
sample	prose_heavy	slob	raw	render	414	87250
sample	prose_heavy	slob	raw	render	415	172583
sample	prose_heavy	slob	raw	render	416	307708
sample	prose_heavy	slob	raw	render	417	221250
sample	prose_heavy	slob	raw	render	418	149875
sample	prose_heavy	slob	raw	render	419	160667
sample	prose_heavy	slob	raw	render	420	88916
sample	prose_heavy	slob	raw	render	421	146333
sample	prose_heavy	slob	raw	render	422	86209
sample	prose_heavy	slob	raw	render	423	73875
sample	prose_heavy	slob	raw	render	424	62959
sample	prose_heavy	slob	raw	render	425	130125
sample	prose_heavy	slob	raw	render	426	102625
sample	prose_heavy	slob	raw	render	427	60875
sample	prose_heavy	slob	raw	render	428	43709
sample	prose_heavy	slob	raw	render	429	159083
sample	prose_heavy	slob	raw	render	430	84375
sample	prose_heavy	slob	raw	render	431	85625
sample	prose_heavy	slob	raw	render	432	48917
sample	prose_heavy	slob	raw	render	433	302250
sample	prose_heavy	slob	raw	render	434	154625
sample	prose_heavy	slob	raw	render	435	8385250
sample	prose_heavy	slob	raw	render	436	94209
sample	prose_heavy	slob	raw	render	437	51542
sample	prose_heavy	slob	raw	render	438	45292
sample	prose_heavy	slob	raw	render	439	186417
sample	prose_heavy	slob	raw	render	440	138209
sample	prose_heavy	slob	raw	render	441	49875
sample	prose_heavy	slob	raw	render	442	142666
sample	prose_heavy	slob	raw	render	443	71583
sample	prose_heavy	slob	raw	render	444	47417
sample	prose_heavy	slob	raw	render	445	146083
sample	prose_heavy	slob	raw	render	446	160541
sample	prose_heavy	slob	raw	render	447	146875
sample	prose_heavy	slob	raw	render	448	160000
sample	prose_heavy	slob	raw	render	449	61166
sample	prose_heavy	slob	raw	render	450	88292
sample	prose_heavy	slob	raw	render	451	53292
sample	prose_heavy	slob	raw	render	452	77958
sample	prose_heavy	slob	raw	render	453	92500
sample	prose_heavy	slob	raw	render	454	207667
sample	prose_heavy	slob	raw	render	455	205708
sample	prose_heavy	slob	raw	render	456	126833
sample	prose_heavy	slob	raw	render	457	247792
sample	prose_heavy	slob	raw	render	458	1867000
sample	prose_heavy	slob	raw	render	459	130625
sample	prose_heavy	slob	raw	render	460	71833
sample	prose_heavy	slob	raw	render	461	230083
sample	prose_heavy	slob	raw	render	462	170875
sample	prose_heavy	slob	raw	render	463	229417
sample	prose_heavy	slob	raw	render	464	190333
sample	prose_heavy	slob	raw	render	465	239792
sample	prose_heavy	slob	raw	render	466	153834
sample	prose_heavy	slob	raw	render	467	54542
sample	prose_heavy	slob	raw	render	468	170750
sample	prose_heavy	slob	raw	render	469	190625
sample	prose_heavy	slob	raw	render	470	227667
sample	prose_heavy	slob	raw	render	471	267334
sample	prose_heavy	slob	raw	render	472	217750
sample	prose_heavy	slob	raw	render	473	292333
sample	prose_heavy	slob	raw	render	474	149916
sample	prose_heavy	slob	raw	render	475	186792
sample	prose_heavy	slob	raw	render	476	231834
sample	prose_heavy	slob	raw	render	477	212000
sample	prose_heavy	slob	raw	render	478	152500
sample	prose_heavy	slob	raw	render	479	57417
sample	prose_heavy	slob	raw	render	480	44833
sample	prose_heavy	slob	raw	render	481	103167
sample	prose_heavy	slob	raw	render	482	469500
sample	prose_heavy	slob	raw	render	483	168625
sample	prose_heavy	slob	raw	render	484	219792
sample	prose_heavy	slob	raw	render	485	589209
sample	prose_heavy	slob	raw	render	486	221000
sample	prose_heavy	slob	raw	render	487	187333
sample	prose_heavy	slob	raw	render	488	142000
sample	prose_heavy	slob	raw	render	489	1779000
sample	prose_heavy	slob	raw	render	490	341834
sample	prose_heavy	slob	raw	render	491	224000
sample	prose_heavy	slob	raw	render	492	170083
sample	prose_heavy	slob	raw	render	493	208375
sample	prose_heavy	slob	raw	render	494	152292
sample	prose_heavy	slob	raw	render	495	87250
sample	prose_heavy	slob	raw	render	496	245000
sample	prose_heavy	slob	raw	render	497	85791
sample	prose_heavy	slob	raw	render	498	50250
sample	prose_heavy	slob	raw	render	499	40292
sample	prose_heavy	slob	raw	render	500	39250
sample	prose_heavy	slob	raw	render	501	38334
sample	prose_heavy	slob	raw	render	502	37417
sample	prose_heavy	slob	raw	render	503	127667
sample	prose_heavy	slob	raw	render	504	51959
sample	prose_heavy	slob	raw	render	505	282209
sample	prose_heavy	slob	raw	render	506	192333
sample	prose_heavy	slob	raw	render	507	146917
sample	prose_heavy	slob	raw	render	508	57250
sample	prose_heavy	slob	raw	render	509	44625
sample	prose_heavy	slob	raw	render	510	40791
sample	prose_heavy	slob	raw	render	511	40708
sample	prose_heavy	slob	raw	render	512	43875
sample	prose_heavy	slob	raw	render	513	43584
sample	prose_heavy	slob	raw	render	514	47416
sample	prose_heavy	slob	raw	render	515	154125
sample	prose_heavy	slob	raw	render	516	53958
sample	prose_heavy	slob	raw	render	517	408792
sample	prose_heavy	slob	raw	render	518	187000
sample	prose_heavy	slob	raw	render	519	81875
sample	prose_heavy	slob	raw	render	520	68292
sample	prose_heavy	slob	raw	render	521	60083
sample	prose_heavy	slob	raw	render	522	125417
sample	prose_heavy	slob	raw	render	523	277208
sample	prose_heavy	slob	raw	render	524	224792
sample	prose_heavy	slob	raw	render	525	400709
sample	prose_heavy	slob	raw	render	526	136792
sample	prose_heavy	slob	raw	render	527	48750
sample	prose_heavy	slob	raw	render	528	1589250
sample	prose_heavy	slob	raw	render	529	84250
sample	prose_heavy	slob	raw	render	530	109000
sample	prose_heavy	slob	raw	render	531	48708
sample	prose_heavy	slob	raw	render	532	41500
sample	prose_heavy	slob	raw	render	533	42833
sample	prose_heavy	slob	raw	render	534	46041
sample	prose_heavy	slob	raw	render	535	53750
sample	prose_heavy	slob	raw	render	536	50625
sample	prose_heavy	slob	raw	render	537	71084
sample	prose_heavy	slob	raw	render	538	44542
sample	prose_heavy	slob	raw	render	539	93083
sample	prose_heavy	slob	raw	render	540	78208
sample	prose_heavy	slob	raw	render	541	186708
sample	prose_heavy	slob	raw	render	542	114333
sample	prose_heavy	slob	raw	render	543	47417
sample	prose_heavy	slob	raw	render	544	39959
sample	prose_heavy	slob	raw	render	545	38500
sample	prose_heavy	slob	raw	render	546	42542
sample	prose_heavy	slob	raw	render	547	42000
sample	prose_heavy	slob	raw	render	548	40834
sample	prose_heavy	slob	raw	render	549	196166
sample	prose_heavy	slob	raw	render	550	207041
sample	prose_heavy	slob	raw	render	551	117791
sample	prose_heavy	slob	raw	render	552	216792
sample	prose_heavy	slob	raw	render	553	101584
sample	prose_heavy	slob	raw	render	554	49292
sample	prose_heavy	slob	raw	render	555	45583
sample	prose_heavy	slob	raw	render	556	46375
sample	prose_heavy	slob	raw	render	557	41375
sample	prose_heavy	slob	raw	render	558	28803250
sample	prose_heavy	slob	raw	render	559	1083250
sample	prose_heavy	slob	raw	render	560	248542
sample	prose_heavy	slob	raw	render	561	148333
sample	prose_heavy	slob	raw	render	562	114000
sample	prose_heavy	slob	raw	render	563	2756167
sample	prose_heavy	slob	raw	render	564	97500
sample	prose_heavy	slob	raw	render	565	3012792
sample	prose_heavy	slob	raw	render	566	78250
sample	prose_heavy	slob	raw	render	567	48542
sample	prose_heavy	slob	raw	render	568	54333
sample	prose_heavy	slob	raw	render	569	231042
sample	prose_heavy	slob	raw	render	570	156416
sample	prose_heavy	slob	raw	render	571	58375
sample	prose_heavy	slob	raw	render	572	252667
sample	prose_heavy	slob	raw	render	573	230875
sample	prose_heavy	slob	raw	render	574	336334
sample	prose_heavy	slob	raw	render	575	362833
sample	prose_heavy	slob	raw	render	576	84458
sample	prose_heavy	slob	raw	render	577	146125
sample	prose_heavy	slob	raw	render	578	202125
sample	prose_heavy	slob	raw	render	579	164833
sample	prose_heavy	slob	raw	render	580	86167
sample	prose_heavy	slob	raw	render	581	277709
sample	prose_heavy	slob	raw	render	582	166375
sample	prose_heavy	slob	raw	render	583	52750
sample	prose_heavy	slob	raw	render	584	44125
sample	prose_heavy	slob	raw	render	585	39875
sample	prose_heavy	slob	raw	render	586	203125
sample	prose_heavy	slob	raw	render	587	197042
sample	prose_heavy	slob	raw	render	588	120167
sample	prose_heavy	slob	raw	render	589	187916
sample	prose_heavy	slob	raw	render	590	137458
sample	prose_heavy	slob	raw	render	591	59666
sample	prose_heavy	slob	raw	render	592	49000
sample	prose_heavy	slob	raw	render	593	43333
sample	prose_heavy	slob	raw	render	594	43500
sample	prose_heavy	slob	raw	render	595	41583
sample	prose_heavy	slob	raw	render	596	98875
sample	prose_heavy	slob	raw	render	597	53917
sample	prose_heavy	slob	raw	render	598	59792
sample	prose_heavy	slob	raw	render	599	49167
sample	prose_heavy	slob	raw	render	600	236625
sample	prose_heavy	slob	raw	render	601	193417
sample	prose_heavy	slob	raw	render	602	140375
sample	prose_heavy	slob	raw	render	603	123167
sample	prose_heavy	slob	raw	render	604	476375
sample	prose_heavy	slob	raw	render	605	571083
sample	prose_heavy	slob	raw	render	606	118667
sample	prose_heavy	slob	raw	render	607	53041
sample	prose_heavy	slob	raw	render	608	50375
sample	prose_heavy	slob	raw	render	609	43833
sample	prose_heavy	slob	raw	render	610	42375
sample	prose_heavy	slob	raw	render	611	42792
sample	prose_heavy	slob	raw	render	612	42750
sample	prose_heavy	slob	raw	render	613	43959
sample	prose_heavy	slob	raw	render	614	47083
sample	prose_heavy	slob	raw	render	615	48458
sample	prose_heavy	slob	raw	render	616	77834
sample	prose_heavy	slob	raw	render	617	61875
sample	prose_heavy	slob	raw	render	618	64042
sample	prose_heavy	slob	raw	render	619	60208
sample	prose_heavy	slob	raw	render	620	58375
sample	prose_heavy	slob	raw	render	621	70167
sample	prose_heavy	slob	raw	render	622	147500
sample	prose_heavy	slob	raw	render	623	62209
sample	prose_heavy	slob	raw	render	624	177709
sample	prose_heavy	slob	raw	render	625	237458
sample	prose_heavy	slob	raw	render	626	258583
sample	prose_heavy	slob	raw	render	627	1114792
sample	prose_heavy	slob	raw	render	628	856709
sample	prose_heavy	slob	raw	render	629	168625
sample	prose_heavy	slob	raw	render	630	153959
sample	prose_heavy	slob	raw	render	631	169916
sample	prose_heavy	slob	raw	render	632	55792
sample	prose_heavy	slob	raw	render	633	45208
sample	prose_heavy	slob	raw	render	634	43208
sample	prose_heavy	slob	raw	render	635	42833
sample	prose_heavy	slob	raw	render	636	262375
sample	prose_heavy	slob	raw	render	637	269791
sample	prose_heavy	slob	raw	render	638	230750
sample	prose_heavy	slob	raw	render	639	78375
sample	prose_heavy	slob	raw	render	640	49334
sample	prose_heavy	slob	raw	render	641	46666
sample	prose_heavy	slob	raw	render	642	41583
sample	prose_heavy	slob	raw	render	643	236667
sample	prose_heavy	slob	raw	render	644	960500
sample	prose_heavy	slob	raw	render	645	223583
sample	prose_heavy	slob	raw	render	646	217291
sample	prose_heavy	slob	raw	render	647	152417
sample	prose_heavy	slob	raw	render	648	55250
sample	prose_heavy	slob	raw	render	649	237833
sample	prose_heavy	slob	raw	render	650	314333
sample	prose_heavy	slob	raw	render	651	218916
sample	prose_heavy	slob	raw	render	652	255333
sample	prose_heavy	slob	raw	render	653	494125
sample	prose_heavy	slob	raw	render	654	240750
sample	prose_heavy	slob	raw	render	655	98667
sample	prose_heavy	slob	raw	render	656	57292
sample	prose_heavy	slob	raw	render	657	172583
sample	prose_heavy	slob	raw	render	658	63042
sample	prose_heavy	slob	raw	render	659	50167
sample	prose_heavy	slob	raw	render	660	43458
sample	prose_heavy	slob	raw	render	661	44416
sample	prose_heavy	slob	raw	render	662	311042
sample	prose_heavy	slob	raw	render	663	59083
sample	prose_heavy	slob	raw	render	664	187125
sample	prose_heavy	slob	raw	render	665	181708
sample	prose_heavy	slob	raw	render	666	222500
sample	prose_heavy	slob	raw	render	667	152958
sample	prose_heavy	slob	raw	render	668	272709
sample	prose_heavy	slob	raw	render	669	146875
sample	prose_heavy	slob	raw	render	670	165250
sample	prose_heavy	slob	raw	render	671	184417
sample	prose_heavy	slob	raw	render	672	55000
sample	prose_heavy	slob	raw	render	673	49584
sample	prose_heavy	slob	raw	render	674	229375
sample	prose_heavy	slob	raw	render	675	182125
sample	prose_heavy	slob	raw	render	676	220792
sample	prose_heavy	slob	raw	render	677	154916
sample	prose_heavy	slob	raw	render	678	230667
sample	prose_heavy	slob	raw	render	679	156625
sample	prose_heavy	slob	raw	render	680	167875
sample	prose_heavy	slob	raw	render	681	89916
sample	prose_heavy	slob	raw	render	682	68208
sample	prose_heavy	slob	raw	render	683	132959
sample	prose_heavy	slob	raw	render	684	57000
sample	prose_heavy	slob	raw	render	685	45208
sample	prose_heavy	slob	raw	render	686	45917
sample	prose_heavy	slob	raw	render	687	43583
sample	prose_heavy	slob	raw	render	688	46459
sample	prose_heavy	slob	raw	render	689	19887667
sample	prose_heavy	slob	raw	render	690	209000
sample	prose_heavy	slob	raw	render	691	961500
sample	prose_heavy	slob	raw	render	692	219625
sample	prose_heavy	slob	raw	render	693	146167
sample	prose_heavy	slob	raw	render	694	54834
sample	prose_heavy	slob	raw	render	695	43833
sample	prose_heavy	slob	raw	render	696	41875
sample	prose_heavy	slob	raw	render	697	143375
sample	prose_heavy	slob	raw	render	698	61583
sample	prose_heavy	slob	raw	render	699	50500
sample	prose_heavy	slob	raw	render	700	2309500
sample	prose_heavy	slob	raw	render	701	99333
sample	prose_heavy	slob	raw	render	702	49666
sample	prose_heavy	slob	raw	render	703	50167
sample	prose_heavy	slob	raw	render	704	70000
sample	prose_heavy	slob	raw	render	705	43500
sample	prose_heavy	slob	raw	render	706	54542
sample	prose_heavy	slob	raw	render	707	104375
sample	prose_heavy	slob	raw	render	708	48667
sample	prose_heavy	slob	raw	render	709	170834
sample	prose_heavy	slob	raw	render	710	117625
sample	prose_heavy	slob	raw	render	711	52583
sample	prose_heavy	slob	raw	render	712	45458
sample	prose_heavy	slob	raw	render	713	77792
sample	prose_heavy	slob	raw	render	714	116042
sample	prose_heavy	slob	raw	render	715	76125
sample	prose_heavy	slob	raw	render	716	65708
sample	prose_heavy	slob	raw	render	717	78584
sample	prose_heavy	slob	raw	render	718	99208
sample	prose_heavy	slob	raw	render	719	90042
sample	prose_heavy	slob	raw	render	720	69833
sample	prose_heavy	slob	raw	render	721	44584
sample	prose_heavy	slob	raw	render	722	49416
sample	prose_heavy	slob	raw	render	723	41959
sample	prose_heavy	slob	raw	render	724	55584
sample	prose_heavy	slob	raw	render	725	80084
sample	prose_heavy	slob	raw	render	726	46417
sample	prose_heavy	slob	raw	render	727	43375
sample	prose_heavy	slob	raw	render	728	41791
sample	prose_heavy	slob	raw	render	729	41250
sample	prose_heavy	slob	raw	render	730	40291
sample	prose_heavy	slob	raw	render	731	56334
sample	prose_heavy	slob	raw	render	732	43792
sample	prose_heavy	slob	raw	render	733	42291
sample	prose_heavy	slob	raw	render	734	188958
sample	prose_heavy	slob	raw	render	735	66667
sample	prose_heavy	slob	raw	render	736	75292
sample	prose_heavy	slob	raw	render	737	225209
sample	prose_heavy	slob	raw	render	738	113584
sample	prose_heavy	slob	raw	render	739	414625
sample	prose_heavy	slob	raw	render	740	181584
sample	prose_heavy	slob	raw	render	741	248250
sample	prose_heavy	slob	raw	render	742	125750
sample	prose_heavy	slob	raw	render	743	81083
sample	prose_heavy	slob	raw	render	744	48792
sample	prose_heavy	slob	raw	render	745	45667
sample	prose_heavy	slob	raw	render	746	43959
sample	prose_heavy	slob	raw	render	747	48750
sample	prose_heavy	slob	raw	render	748	251250
sample	prose_heavy	slob	raw	render	749	169667
sample	prose_heavy	slob	raw	render	750	138792
sample	prose_heavy	slob	raw	render	751	69542
sample	prose_heavy	slob	raw	render	752	112708
sample	prose_heavy	slob	raw	render	753	50459
sample	prose_heavy	slob	raw	render	754	150167
sample	prose_heavy	slob	raw	render	755	65875
sample	prose_heavy	slob	raw	render	756	44875
sample	prose_heavy	slob	raw	render	757	43000
sample	prose_heavy	slob	raw	render	758	43416
sample	prose_heavy	slob	raw	render	759	143875
sample	prose_heavy	slob	raw	render	760	1021042
sample	prose_heavy	slob	raw	render	761	136583
sample	prose_heavy	slob	raw	render	762	103166
sample	prose_heavy	slob	raw	render	763	84709
sample	prose_heavy	slob	raw	render	764	218084
sample	prose_heavy	slob	raw	render	765	210333
sample	prose_heavy	slob	raw	render	766	254584
sample	prose_heavy	slob	raw	render	767	139667
sample	prose_heavy	slob	raw	render	768	51875
sample	prose_heavy	slob	raw	render	769	40458
sample	prose_heavy	slob	raw	render	770	37833
sample	prose_heavy	slob	raw	render	771	36584
sample	prose_heavy	slob	raw	render	772	43375
sample	prose_heavy	slob	raw	render	773	43667
sample	prose_heavy	slob	raw	render	774	153667
sample	prose_heavy	slob	raw	render	775	207916
sample	prose_heavy	slob	raw	render	776	56084
sample	prose_heavy	slob	raw	render	777	44167
sample	prose_heavy	slob	raw	render	778	42083
sample	prose_heavy	slob	raw	render	779	41959
sample	prose_heavy	slob	raw	render	780	38583
sample	prose_heavy	slob	raw	render	781	42792
sample	prose_heavy	slob	raw	render	782	43500
sample	prose_heavy	slob	raw	render	783	43417
sample	prose_heavy	slob	raw	render	784	70250
sample	prose_heavy	slob	raw	render	785	51792
sample	prose_heavy	slob	raw	render	786	44792
sample	prose_heavy	slob	raw	render	787	100250
sample	prose_heavy	slob	raw	render	788	121750
sample	prose_heavy	slob	raw	render	789	240125
sample	prose_heavy	slob	raw	render	790	257750
sample	prose_heavy	slob	raw	render	791	174167
sample	prose_heavy	slob	raw	render	792	116959
sample	prose_heavy	slob	raw	render	793	58583
sample	prose_heavy	slob	raw	render	794	87083
sample	prose_heavy	slob	raw	render	795	599667
sample	prose_heavy	slob	raw	render	796	2332417
sample	prose_heavy	slob	raw	render	797	198375
sample	prose_heavy	slob	raw	render	798	188916
sample	prose_heavy	slob	raw	render	799	100042
sample	prose_heavy	slob	raw	render	800	59500
sample	prose_heavy	slob	raw	render	801	227042
sample	prose_heavy	slob	raw	render	802	71917
sample	prose_heavy	slob	raw	render	803	44375
sample	prose_heavy	slob	raw	render	804	234208
sample	prose_heavy	slob	raw	render	805	150875
sample	prose_heavy	slob	raw	render	806	52750
sample	prose_heavy	slob	raw	render	807	47167
sample	prose_heavy	slob	raw	render	808	43917
sample	prose_heavy	slob	raw	render	809	59083
sample	prose_heavy	slob	raw	render	810	359792
sample	prose_heavy	slob	raw	render	811	4452500
sample	prose_heavy	slob	raw	render	812	268167
sample	prose_heavy	slob	raw	render	813	303291
sample	prose_heavy	slob	raw	render	814	212959
sample	prose_heavy	slob	raw	render	815	187125
sample	prose_heavy	slob	raw	render	816	123541
sample	prose_heavy	slob	raw	render	817	107750
sample	prose_heavy	slob	raw	render	818	54417
sample	prose_heavy	slob	raw	render	819	51666
sample	prose_heavy	slob	raw	render	820	44667
sample	prose_heavy	slob	raw	render	821	62625
sample	prose_heavy	slob	raw	render	822	108750
sample	prose_heavy	slob	raw	render	823	119792
sample	prose_heavy	slob	raw	render	824	92417
sample	prose_heavy	slob	raw	render	825	325834
sample	prose_heavy	slob	raw	render	826	53291
sample	prose_heavy	slob	raw	render	827	284708
sample	prose_heavy	slob	raw	render	828	137666
sample	prose_heavy	slob	raw	render	829	418834
sample	prose_heavy	slob	raw	render	830	150000
sample	prose_heavy	slob	raw	render	831	98584
sample	prose_heavy	slob	raw	render	832	55042
sample	prose_heavy	slob	raw	render	833	963875
sample	prose_heavy	slob	raw	render	834	275708
sample	prose_heavy	slob	raw	render	835	2275208
sample	prose_heavy	slob	raw	render	836	126292
sample	prose_heavy	slob	raw	render	837	164417
sample	prose_heavy	slob	raw	render	838	187875
sample	prose_heavy	slob	raw	render	839	101167
sample	prose_heavy	slob	raw	render	840	46500
sample	prose_heavy	slob	raw	render	841	42291
sample	prose_heavy	slob	raw	render	842	37875
sample	prose_heavy	slob	raw	render	843	74209
sample	prose_heavy	slob	raw	render	844	72292
sample	prose_heavy	slob	raw	render	845	338334
sample	prose_heavy	slob	raw	render	846	286000
sample	prose_heavy	slob	raw	render	847	532334
sample	prose_heavy	slob	raw	render	848	772125
sample	prose_heavy	slob	raw	render	849	108166
sample	prose_heavy	slob	raw	render	850	61916
sample	prose_heavy	slob	raw	render	851	46500
sample	prose_heavy	slob	raw	render	852	43334
sample	prose_heavy	slob	raw	render	853	41375
sample	prose_heavy	slob	raw	render	854	40375
sample	prose_heavy	slob	raw	render	855	39292
sample	prose_heavy	slob	raw	render	856	40792
sample	prose_heavy	slob	raw	render	857	51125
sample	prose_heavy	slob	raw	render	858	40208
sample	prose_heavy	slob	raw	render	859	42625
sample	prose_heavy	slob	raw	render	860	47375
sample	prose_heavy	slob	raw	render	861	80958
sample	prose_heavy	slob	raw	render	862	49709
sample	prose_heavy	slob	raw	render	863	45625
sample	prose_heavy	slob	raw	render	864	249667
sample	prose_heavy	slob	raw	render	865	101084
sample	prose_heavy	slob	raw	render	866	48000
sample	prose_heavy	slob	raw	render	867	49167
sample	prose_heavy	slob	raw	render	868	41250
sample	prose_heavy	slob	raw	render	869	45541
sample	prose_heavy	slob	raw	render	870	53963917
sample	prose_heavy	slob	raw	render	871	120834
sample	prose_heavy	slob	raw	render	872	117500
sample	prose_heavy	slob	raw	render	873	92666
sample	prose_heavy	slob	raw	render	874	184166
sample	prose_heavy	slob	raw	render	875	165292
sample	prose_heavy	slob	raw	render	876	131250
sample	prose_heavy	slob	raw	render	877	191208
sample	prose_heavy	slob	raw	render	878	137791
sample	prose_heavy	slob	raw	render	879	279291
sample	prose_heavy	slob	raw	render	880	68833
sample	prose_heavy	slob	raw	render	881	56334
sample	prose_heavy	slob	raw	render	882	54084
sample	prose_heavy	slob	raw	render	883	78000
sample	prose_heavy	slob	raw	render	884	51750
sample	prose_heavy	slob	raw	render	885	47458
sample	prose_heavy	slob	raw	render	886	44917
sample	prose_heavy	slob	raw	render	887	51083
sample	prose_heavy	slob	raw	render	888	44667
sample	prose_heavy	slob	raw	render	889	176000
sample	prose_heavy	slob	raw	render	890	128833
sample	prose_heavy	slob	raw	render	891	54167
sample	prose_heavy	slob	raw	render	892	42125
sample	prose_heavy	slob	raw	render	893	40417
sample	prose_heavy	slob	raw	render	894	21672167
sample	prose_heavy	slob	raw	render	895	117542
sample	prose_heavy	slob	raw	render	896	1353500
sample	prose_heavy	slob	raw	render	897	153042
sample	prose_heavy	slob	raw	render	898	57916
sample	prose_heavy	slob	raw	render	899	425291
sample	prose_heavy	slob	raw	render	900	171833
sample	prose_heavy	slob	raw	render	901	212542
sample	prose_heavy	slob	raw	render	902	60583
sample	prose_heavy	slob	raw	render	903	49167
sample	prose_heavy	slob	raw	render	904	43834
sample	prose_heavy	slob	raw	render	905	45958
sample	prose_heavy	slob	raw	render	906	209000
sample	prose_heavy	slob	raw	render	907	151625
sample	prose_heavy	slob	raw	render	908	1273750
sample	prose_heavy	slob	raw	render	909	101333
sample	prose_heavy	slob	raw	render	910	87375
sample	prose_heavy	slob	raw	render	911	88667
sample	prose_heavy	slob	raw	render	912	215834
sample	prose_heavy	slob	raw	render	913	316458
sample	prose_heavy	slob	raw	render	914	148541
sample	prose_heavy	slob	raw	render	915	229500
sample	prose_heavy	slob	raw	render	916	163125
sample	prose_heavy	slob	raw	render	917	156583
sample	prose_heavy	slob	raw	render	918	216042
sample	prose_heavy	slob	raw	render	919	183709
sample	prose_heavy	slob	raw	render	920	233625
sample	prose_heavy	slob	raw	render	921	205833
sample	prose_heavy	slob	raw	render	922	197709
sample	prose_heavy	slob	raw	render	923	200708
sample	prose_heavy	slob	raw	render	924	163375
sample	prose_heavy	slob	raw	render	925	203959
sample	prose_heavy	slob	raw	render	926	193916
sample	prose_heavy	slob	raw	render	927	188750
sample	prose_heavy	slob	raw	render	928	256167
sample	prose_heavy	slob	raw	render	929	622792
sample	prose_heavy	slob	raw	render	930	150167
sample	prose_heavy	slob	raw	render	931	186792
sample	prose_heavy	slob	raw	render	932	143750
sample	prose_heavy	slob	raw	render	933	240958
sample	prose_heavy	slob	raw	render	934	161834
sample	prose_heavy	slob	raw	render	935	59750
sample	prose_heavy	slob	raw	render	936	47125
sample	prose_heavy	slob	raw	render	937	48292
sample	prose_heavy	slob	raw	render	938	42875
sample	prose_heavy	slob	raw	render	939	109166
sample	prose_heavy	slob	raw	render	940	70625
sample	prose_heavy	slob	raw	render	941	48125
sample	prose_heavy	slob	raw	render	942	126583
sample	prose_heavy	slob	raw	render	943	59833
sample	prose_heavy	slob	raw	render	944	47417
sample	prose_heavy	slob	raw	render	945	42250
sample	prose_heavy	slob	raw	render	946	44250
sample	prose_heavy	slob	raw	render	947	40709
sample	prose_heavy	slob	raw	render	948	181042
sample	prose_heavy	slob	raw	render	949	182875
sample	prose_heavy	slob	raw	render	950	60333
sample	prose_heavy	slob	raw	render	951	163709
sample	prose_heavy	slob	raw	render	952	421792
sample	prose_heavy	slob	raw	render	953	248333
sample	prose_heavy	slob	raw	render	954	101458
sample	prose_heavy	slob	raw	render	955	51166
sample	prose_heavy	slob	raw	render	956	252125
sample	prose_heavy	slob	raw	render	957	155625
sample	prose_heavy	slob	raw	render	958	288041
sample	prose_heavy	slob	raw	render	959	151042
sample	prose_heavy	slob	raw	render	960	210542
sample	prose_heavy	slob	raw	render	961	173042
sample	prose_heavy	slob	raw	render	962	189500
sample	prose_heavy	slob	raw	render	963	96458
sample	prose_heavy	slob	raw	render	964	47000
sample	prose_heavy	slob	raw	render	965	40875
sample	prose_heavy	slob	raw	render	966	342291
sample	prose_heavy	slob	raw	render	967	157708
sample	prose_heavy	slob	raw	render	968	855667
sample	prose_heavy	slob	raw	render	969	59083
sample	prose_heavy	slob	raw	render	970	175167
sample	prose_heavy	slob	raw	render	971	92208
sample	prose_heavy	slob	raw	render	972	438125
sample	prose_heavy	slob	raw	render	973	216125
sample	prose_heavy	slob	raw	render	974	179792
sample	prose_heavy	slob	raw	render	975	130500
sample	prose_heavy	slob	raw	render	976	198917
sample	prose_heavy	slob	raw	render	977	259916
sample	prose_heavy	slob	raw	render	978	272209
sample	prose_heavy	slob	raw	render	979	138708
sample	prose_heavy	slob	raw	render	980	140541
sample	prose_heavy	slob	raw	render	981	184333
sample	prose_heavy	slob	raw	render	982	78750
sample	prose_heavy	slob	raw	render	983	251375
sample	prose_heavy	slob	raw	render	984	648583
sample	prose_heavy	slob	raw	render	985	173375
sample	prose_heavy	slob	raw	render	986	142209
sample	prose_heavy	slob	raw	render	987	216875
sample	prose_heavy	slob	raw	render	988	239250
sample	prose_heavy	slob	raw	render	989	149542
sample	prose_heavy	slob	raw	render	990	104083
sample	prose_heavy	slob	raw	render	991	11568000
sample	prose_heavy	slob	raw	render	992	107167
sample	prose_heavy	slob	raw	render	993	89750
sample	prose_heavy	slob	raw	render	994	187125
sample	prose_heavy	slob	raw	render	995	4284625
sample	prose_heavy	slob	raw	render	996	278958
sample	prose_heavy	slob	raw	render	997	163750
sample	prose_heavy	slob	raw	render	998	137542
sample	prose_heavy	slob	raw	render	999	1569625
result	prose_heavy	slob	raw	exact.p50_ns	518250
result	prose_heavy	slob	raw	exact.p95_ns	1947792
result	prose_heavy	slob	raw	exact.p99_ns	2967042
result	prose_heavy	slob	raw	prefix.p50_ns	42613750
result	prose_heavy	slob	raw	prefix.p95_ns	82740250
result	prose_heavy	slob	raw	prefix.p99_ns	291223542
result	prose_heavy	slob	raw	render.p50_ns	134709
result	prose_heavy	slob	raw	render.p95_ns	1353500
result	prose_heavy	slob	raw	render.p99_ns	15611959
result	prose_heavy	slob	raw	exact.hit.p50_ns	540750
result	prose_heavy	slob	raw	exact.hit.p95_ns	2080667
result	prose_heavy	slob	raw	exact.hit.p99_ns	3083334
result	prose_heavy	slob	raw	exact.miss.p50_ns	461209
result	prose_heavy	slob	raw	exact.miss.p95_ns	1807000
result	prose_heavy	slob	raw	exact.miss.p99_ns	2571250
result	prose_heavy	slob	raw	prefix.zero.p50_ns	1264375
result	prose_heavy	slob	raw	prefix.zero.p95_ns	3523209
result	prose_heavy	slob	raw	prefix.zero.p99_ns	8726625
result	prose_heavy	slob	raw	prefix.one.p50_ns	1577208
result	prose_heavy	slob	raw	prefix.one.p95_ns	4001583
result	prose_heavy	slob	raw	prefix.one.p99_ns	7657041
result	prose_heavy	slob	raw	prefix.many.p50_ns	61489791
result	prose_heavy	slob	raw	prefix.many.p95_ns	133275000
result	prose_heavy	slob	raw	prefix.many.p99_ns	335157250
result	prose_heavy	slob	raw	prefix.pathological.p50_ns	-
result	prose_heavy	slob	raw	prefix.pathological.p95_ns	-
result	prose_heavy	slob	raw	prefix.pathological.p99_ns	-
result	prose_heavy	slob	lzma2	artifact_bytes	123820
result	prose_heavy	slob	lzma2	build_ns	1339581208
sample	prose_heavy	slob	lzma2	open	0	311042
sample	prose_heavy	slob	lzma2	open	1	91125
sample	prose_heavy	slob	lzma2	open	2	78792
sample	prose_heavy	slob	lzma2	open	3	70583
sample	prose_heavy	slob	lzma2	open	4	69416
sample	prose_heavy	slob	lzma2	open	5	65792
sample	prose_heavy	slob	lzma2	open	6	64625
sample	prose_heavy	slob	lzma2	open	7	63166
sample	prose_heavy	slob	lzma2	open	8	68791
sample	prose_heavy	slob	lzma2	open	9	63083
sample	prose_heavy	slob	lzma2	open	10	63708
sample	prose_heavy	slob	lzma2	open	11	63917
sample	prose_heavy	slob	lzma2	open	12	61792
sample	prose_heavy	slob	lzma2	open	13	61541
sample	prose_heavy	slob	lzma2	open	14	60792
sample	prose_heavy	slob	lzma2	open	15	62708
sample	prose_heavy	slob	lzma2	open	16	66125
sample	prose_heavy	slob	lzma2	open	17	62958
sample	prose_heavy	slob	lzma2	open	18	61458
sample	prose_heavy	slob	lzma2	open	19	60209
sample	prose_heavy	slob	lzma2	open	20	62375
sample	prose_heavy	slob	lzma2	open	21	62542
sample	prose_heavy	slob	lzma2	open	22	62500
sample	prose_heavy	slob	lzma2	open	23	64292
sample	prose_heavy	slob	lzma2	open	24	63875
result	prose_heavy	slob	lzma2	open_ns	63708
result	prose_heavy	slob	lzma2	semantic_digest	11367502346538253063
result	prose_heavy	slob	lzma2	query_checksum	4133005253181784452
result	prose_heavy	slob	lzma2	outputs	1024875
result	prose_heavy	slob	lzma2	logical_prose_bytes	10498986
sample	prose_heavy	slob	lzma2	exact	0	41337792
sample	prose_heavy	slob	lzma2	exact	1	631375
sample	prose_heavy	slob	lzma2	exact	2	6888000
sample	prose_heavy	slob	lzma2	exact	3	865042
sample	prose_heavy	slob	lzma2	exact	4	5929375
sample	prose_heavy	slob	lzma2	exact	5	1678000
sample	prose_heavy	slob	lzma2	exact	6	1349833
sample	prose_heavy	slob	lzma2	exact	7	1050542
sample	prose_heavy	slob	lzma2	exact	8	5139167
sample	prose_heavy	slob	lzma2	exact	9	1703708
sample	prose_heavy	slob	lzma2	exact	10	10011792
sample	prose_heavy	slob	lzma2	exact	11	1685833
sample	prose_heavy	slob	lzma2	exact	12	12241083
sample	prose_heavy	slob	lzma2	exact	13	14501542
sample	prose_heavy	slob	lzma2	exact	14	1678167
sample	prose_heavy	slob	lzma2	exact	15	10111875
sample	prose_heavy	slob	lzma2	exact	16	443334
sample	prose_heavy	slob	lzma2	exact	17	4864917
sample	prose_heavy	slob	lzma2	exact	18	1778375
sample	prose_heavy	slob	lzma2	exact	19	439583
sample	prose_heavy	slob	lzma2	exact	20	439292
sample	prose_heavy	slob	lzma2	exact	21	404250
sample	prose_heavy	slob	lzma2	exact	22	428333
sample	prose_heavy	slob	lzma2	exact	23	3207417
sample	prose_heavy	slob	lzma2	exact	24	493666
sample	prose_heavy	slob	lzma2	exact	25	444500
sample	prose_heavy	slob	lzma2	exact	26	1341916
sample	prose_heavy	slob	lzma2	exact	27	23698917
sample	prose_heavy	slob	lzma2	exact	28	7467708
sample	prose_heavy	slob	lzma2	exact	29	7158292
sample	prose_heavy	slob	lzma2	exact	30	2061334
sample	prose_heavy	slob	lzma2	exact	31	2060792
sample	prose_heavy	slob	lzma2	exact	32	2709417
sample	prose_heavy	slob	lzma2	exact	33	532125
sample	prose_heavy	slob	lzma2	exact	34	432000
sample	prose_heavy	slob	lzma2	exact	35	1661167
sample	prose_heavy	slob	lzma2	exact	36	12078333
sample	prose_heavy	slob	lzma2	exact	37	450875
sample	prose_heavy	slob	lzma2	exact	38	794500
sample	prose_heavy	slob	lzma2	exact	39	8945167
sample	prose_heavy	slob	lzma2	exact	40	8414083
sample	prose_heavy	slob	lzma2	exact	41	7484084
sample	prose_heavy	slob	lzma2	exact	42	6546500
sample	prose_heavy	slob	lzma2	exact	43	435875
sample	prose_heavy	slob	lzma2	exact	44	31970416
sample	prose_heavy	slob	lzma2	exact	45	19597250
sample	prose_heavy	slob	lzma2	exact	46	2899042
sample	prose_heavy	slob	lzma2	exact	47	5793917
sample	prose_heavy	slob	lzma2	exact	48	1887666
sample	prose_heavy	slob	lzma2	exact	49	548042
sample	prose_heavy	slob	lzma2	exact	50	2568833
sample	prose_heavy	slob	lzma2	exact	51	431250
sample	prose_heavy	slob	lzma2	exact	52	6889083
sample	prose_heavy	slob	lzma2	exact	53	409375
sample	prose_heavy	slob	lzma2	exact	54	430167
sample	prose_heavy	slob	lzma2	exact	55	12563583
sample	prose_heavy	slob	lzma2	exact	56	4548167
sample	prose_heavy	slob	lzma2	exact	57	860125
sample	prose_heavy	slob	lzma2	exact	58	1076625
sample	prose_heavy	slob	lzma2	exact	59	820959
sample	prose_heavy	slob	lzma2	exact	60	9103291
sample	prose_heavy	slob	lzma2	exact	61	1173666
sample	prose_heavy	slob	lzma2	exact	62	808750
sample	prose_heavy	slob	lzma2	exact	63	496625
sample	prose_heavy	slob	lzma2	exact	64	425083
sample	prose_heavy	slob	lzma2	exact	65	6910416
sample	prose_heavy	slob	lzma2	exact	66	628125
sample	prose_heavy	slob	lzma2	exact	67	486459
sample	prose_heavy	slob	lzma2	exact	68	2328875
sample	prose_heavy	slob	lzma2	exact	69	415792
sample	prose_heavy	slob	lzma2	exact	70	1222750
sample	prose_heavy	slob	lzma2	exact	71	1839875
sample	prose_heavy	slob	lzma2	exact	72	1218166
sample	prose_heavy	slob	lzma2	exact	73	1721458
sample	prose_heavy	slob	lzma2	exact	74	8781625
sample	prose_heavy	slob	lzma2	exact	75	740959
sample	prose_heavy	slob	lzma2	exact	76	3739125
sample	prose_heavy	slob	lzma2	exact	77	426709
sample	prose_heavy	slob	lzma2	exact	78	1417875
sample	prose_heavy	slob	lzma2	exact	79	2683333
sample	prose_heavy	slob	lzma2	exact	80	487500
sample	prose_heavy	slob	lzma2	exact	81	13767000
sample	prose_heavy	slob	lzma2	exact	82	523125
sample	prose_heavy	slob	lzma2	exact	83	1565417
sample	prose_heavy	slob	lzma2	exact	84	1163667
sample	prose_heavy	slob	lzma2	exact	85	485958
sample	prose_heavy	slob	lzma2	exact	86	859541
sample	prose_heavy	slob	lzma2	exact	87	529792
sample	prose_heavy	slob	lzma2	exact	88	424792
sample	prose_heavy	slob	lzma2	exact	89	338417
sample	prose_heavy	slob	lzma2	exact	90	3883000
sample	prose_heavy	slob	lzma2	exact	91	1344250
sample	prose_heavy	slob	lzma2	exact	92	1617792
sample	prose_heavy	slob	lzma2	exact	93	2595667
sample	prose_heavy	slob	lzma2	exact	94	692666
sample	prose_heavy	slob	lzma2	exact	95	467125
sample	prose_heavy	slob	lzma2	exact	96	791542
sample	prose_heavy	slob	lzma2	exact	97	405542
sample	prose_heavy	slob	lzma2	exact	98	2977000
sample	prose_heavy	slob	lzma2	exact	99	616375
sample	prose_heavy	slob	lzma2	exact	100	1461500
sample	prose_heavy	slob	lzma2	exact	101	407875
sample	prose_heavy	slob	lzma2	exact	102	421500
sample	prose_heavy	slob	lzma2	exact	103	458791
sample	prose_heavy	slob	lzma2	exact	104	423667
sample	prose_heavy	slob	lzma2	exact	105	1515458
sample	prose_heavy	slob	lzma2	exact	106	2975917
sample	prose_heavy	slob	lzma2	exact	107	1023875
sample	prose_heavy	slob	lzma2	exact	108	429917
sample	prose_heavy	slob	lzma2	exact	109	2254833
sample	prose_heavy	slob	lzma2	exact	110	1091250
sample	prose_heavy	slob	lzma2	exact	111	1459958
sample	prose_heavy	slob	lzma2	exact	112	2785416
sample	prose_heavy	slob	lzma2	exact	113	2717500
sample	prose_heavy	slob	lzma2	exact	114	1371250
sample	prose_heavy	slob	lzma2	exact	115	2526208
sample	prose_heavy	slob	lzma2	exact	116	2481833
sample	prose_heavy	slob	lzma2	exact	117	2039167
sample	prose_heavy	slob	lzma2	exact	118	459459
sample	prose_heavy	slob	lzma2	exact	119	3215375
sample	prose_heavy	slob	lzma2	exact	120	449125
sample	prose_heavy	slob	lzma2	exact	121	336166
sample	prose_heavy	slob	lzma2	exact	122	752417
sample	prose_heavy	slob	lzma2	exact	123	959167
sample	prose_heavy	slob	lzma2	exact	124	893750
sample	prose_heavy	slob	lzma2	exact	125	5454333
sample	prose_heavy	slob	lzma2	exact	126	490417
sample	prose_heavy	slob	lzma2	exact	127	469292
sample	prose_heavy	slob	lzma2	exact	128	952292
sample	prose_heavy	slob	lzma2	exact	129	3440917
sample	prose_heavy	slob	lzma2	exact	130	450500
sample	prose_heavy	slob	lzma2	exact	131	403375
sample	prose_heavy	slob	lzma2	exact	132	499917
sample	prose_heavy	slob	lzma2	exact	133	478583
sample	prose_heavy	slob	lzma2	exact	134	425125
sample	prose_heavy	slob	lzma2	exact	135	462167
sample	prose_heavy	slob	lzma2	exact	136	1581292
sample	prose_heavy	slob	lzma2	exact	137	354750
sample	prose_heavy	slob	lzma2	exact	138	427459
sample	prose_heavy	slob	lzma2	exact	139	427417
sample	prose_heavy	slob	lzma2	exact	140	963500
sample	prose_heavy	slob	lzma2	exact	141	408541
sample	prose_heavy	slob	lzma2	exact	142	424167
sample	prose_heavy	slob	lzma2	exact	143	460917
sample	prose_heavy	slob	lzma2	exact	144	1431542
sample	prose_heavy	slob	lzma2	exact	145	343416
sample	prose_heavy	slob	lzma2	exact	146	431583
sample	prose_heavy	slob	lzma2	exact	147	2057167
sample	prose_heavy	slob	lzma2	exact	148	453208
sample	prose_heavy	slob	lzma2	exact	149	472125
sample	prose_heavy	slob	lzma2	exact	150	1957667
sample	prose_heavy	slob	lzma2	exact	151	3050292
sample	prose_heavy	slob	lzma2	exact	152	471959
sample	prose_heavy	slob	lzma2	exact	153	344916
sample	prose_heavy	slob	lzma2	exact	154	426500
sample	prose_heavy	slob	lzma2	exact	155	1025583
sample	prose_heavy	slob	lzma2	exact	156	665459
sample	prose_heavy	slob	lzma2	exact	157	408000
sample	prose_heavy	slob	lzma2	exact	158	479083
sample	prose_heavy	slob	lzma2	exact	159	479125
sample	prose_heavy	slob	lzma2	exact	160	1319541
sample	prose_heavy	slob	lzma2	exact	161	340541
sample	prose_heavy	slob	lzma2	exact	162	423000
sample	prose_heavy	slob	lzma2	exact	163	1172084
sample	prose_heavy	slob	lzma2	exact	164	2461291
sample	prose_heavy	slob	lzma2	exact	165	518500
sample	prose_heavy	slob	lzma2	exact	166	434875
sample	prose_heavy	slob	lzma2	exact	167	1657708
sample	prose_heavy	slob	lzma2	exact	168	692459
sample	prose_heavy	slob	lzma2	exact	169	848042
sample	prose_heavy	slob	lzma2	exact	170	1047084
sample	prose_heavy	slob	lzma2	exact	171	981791
sample	prose_heavy	slob	lzma2	exact	172	1271792
sample	prose_heavy	slob	lzma2	exact	173	923334
sample	prose_heavy	slob	lzma2	exact	174	464583
sample	prose_heavy	slob	lzma2	exact	175	461792
sample	prose_heavy	slob	lzma2	exact	176	1449875
sample	prose_heavy	slob	lzma2	exact	177	341459
sample	prose_heavy	slob	lzma2	exact	178	431833
sample	prose_heavy	slob	lzma2	exact	179	3225625
sample	prose_heavy	slob	lzma2	exact	180	1009125
sample	prose_heavy	slob	lzma2	exact	181	1493500
sample	prose_heavy	slob	lzma2	exact	182	2304166
sample	prose_heavy	slob	lzma2	exact	183	1165667
sample	prose_heavy	slob	lzma2	exact	184	735791
sample	prose_heavy	slob	lzma2	exact	185	342541
sample	prose_heavy	slob	lzma2	exact	186	429500
sample	prose_heavy	slob	lzma2	exact	187	440291
sample	prose_heavy	slob	lzma2	exact	188	547333
sample	prose_heavy	slob	lzma2	exact	189	699916
sample	prose_heavy	slob	lzma2	exact	190	586666
sample	prose_heavy	slob	lzma2	exact	191	465959
sample	prose_heavy	slob	lzma2	exact	192	428458
sample	prose_heavy	slob	lzma2	exact	193	337917
sample	prose_heavy	slob	lzma2	exact	194	426875
sample	prose_heavy	slob	lzma2	exact	195	401209
sample	prose_heavy	slob	lzma2	exact	196	427917
sample	prose_heavy	slob	lzma2	exact	197	1024167
sample	prose_heavy	slob	lzma2	exact	198	656375
sample	prose_heavy	slob	lzma2	exact	199	1292875
sample	prose_heavy	slob	lzma2	exact	200	1638666
sample	prose_heavy	slob	lzma2	exact	201	1258000
sample	prose_heavy	slob	lzma2	exact	202	455708
sample	prose_heavy	slob	lzma2	exact	203	1384125
sample	prose_heavy	slob	lzma2	exact	204	1187458
sample	prose_heavy	slob	lzma2	exact	205	411792
sample	prose_heavy	slob	lzma2	exact	206	1550250
sample	prose_heavy	slob	lzma2	exact	207	466292
sample	prose_heavy	slob	lzma2	exact	208	2540875
sample	prose_heavy	slob	lzma2	exact	209	2048792
sample	prose_heavy	slob	lzma2	exact	210	3999125
sample	prose_heavy	slob	lzma2	exact	211	441417
sample	prose_heavy	slob	lzma2	exact	212	434583
sample	prose_heavy	slob	lzma2	exact	213	869625
sample	prose_heavy	slob	lzma2	exact	214	5284334
sample	prose_heavy	slob	lzma2	exact	215	568375
sample	prose_heavy	slob	lzma2	exact	216	575250
sample	prose_heavy	slob	lzma2	exact	217	1783792
sample	prose_heavy	slob	lzma2	exact	218	1186625
sample	prose_heavy	slob	lzma2	exact	219	3132208
sample	prose_heavy	slob	lzma2	exact	220	447583
sample	prose_heavy	slob	lzma2	exact	221	403167
sample	prose_heavy	slob	lzma2	exact	222	431708
sample	prose_heavy	slob	lzma2	exact	223	463791
sample	prose_heavy	slob	lzma2	exact	224	4408958
sample	prose_heavy	slob	lzma2	exact	225	68919333
sample	prose_heavy	slob	lzma2	exact	226	1587667
sample	prose_heavy	slob	lzma2	exact	227	5369042
sample	prose_heavy	slob	lzma2	exact	228	1961125
sample	prose_heavy	slob	lzma2	exact	229	15837875
sample	prose_heavy	slob	lzma2	exact	230	1051542
sample	prose_heavy	slob	lzma2	exact	231	2683916
sample	prose_heavy	slob	lzma2	exact	232	695042
sample	prose_heavy	slob	lzma2	exact	233	5706208
sample	prose_heavy	slob	lzma2	exact	234	447625
sample	prose_heavy	slob	lzma2	exact	235	403000
sample	prose_heavy	slob	lzma2	exact	236	422458
sample	prose_heavy	slob	lzma2	exact	237	399625
sample	prose_heavy	slob	lzma2	exact	238	424417
sample	prose_heavy	slob	lzma2	exact	239	1317208
sample	prose_heavy	slob	lzma2	exact	240	422959
sample	prose_heavy	slob	lzma2	exact	241	334417
sample	prose_heavy	slob	lzma2	exact	242	2121542
sample	prose_heavy	slob	lzma2	exact	243	11128500
sample	prose_heavy	slob	lzma2	exact	244	8363334
sample	prose_heavy	slob	lzma2	exact	245	4491917
sample	prose_heavy	slob	lzma2	exact	246	437959
sample	prose_heavy	slob	lzma2	exact	247	3124625
sample	prose_heavy	slob	lzma2	exact	248	1277958
sample	prose_heavy	slob	lzma2	exact	249	423959
sample	prose_heavy	slob	lzma2	exact	250	3099834
sample	prose_heavy	slob	lzma2	exact	251	8946041
sample	prose_heavy	slob	lzma2	exact	252	4438250
sample	prose_heavy	slob	lzma2	exact	253	503292
sample	prose_heavy	slob	lzma2	exact	254	2055625
sample	prose_heavy	slob	lzma2	exact	255	2693166
sample	prose_heavy	slob	lzma2	exact	256	461083
sample	prose_heavy	slob	lzma2	exact	257	3246250
sample	prose_heavy	slob	lzma2	exact	258	10533584
sample	prose_heavy	slob	lzma2	exact	259	8565458
sample	prose_heavy	slob	lzma2	exact	260	2669667
sample	prose_heavy	slob	lzma2	exact	261	2877875
sample	prose_heavy	slob	lzma2	exact	262	432000
sample	prose_heavy	slob	lzma2	exact	263	5816500
sample	prose_heavy	slob	lzma2	exact	264	507750
sample	prose_heavy	slob	lzma2	exact	265	1407709
sample	prose_heavy	slob	lzma2	exact	266	442459
sample	prose_heavy	slob	lzma2	exact	267	406541
sample	prose_heavy	slob	lzma2	exact	268	426709
sample	prose_heavy	slob	lzma2	exact	269	68311750
sample	prose_heavy	slob	lzma2	exact	270	1098916
sample	prose_heavy	slob	lzma2	exact	271	663542
sample	prose_heavy	slob	lzma2	exact	272	944209
sample	prose_heavy	slob	lzma2	exact	273	1398042
sample	prose_heavy	slob	lzma2	exact	274	435542
sample	prose_heavy	slob	lzma2	exact	275	402292
sample	prose_heavy	slob	lzma2	exact	276	1436584
sample	prose_heavy	slob	lzma2	exact	277	4234917
sample	prose_heavy	slob	lzma2	exact	278	780750
sample	prose_heavy	slob	lzma2	exact	279	2445542
sample	prose_heavy	slob	lzma2	exact	280	2751500
sample	prose_heavy	slob	lzma2	exact	281	340042
sample	prose_heavy	slob	lzma2	exact	282	8821709
sample	prose_heavy	slob	lzma2	exact	283	7492833
sample	prose_heavy	slob	lzma2	exact	284	15719333
sample	prose_heavy	slob	lzma2	exact	285	1027542
sample	prose_heavy	slob	lzma2	exact	286	16699583
sample	prose_heavy	slob	lzma2	exact	287	22732917
sample	prose_heavy	slob	lzma2	exact	288	662750
sample	prose_heavy	slob	lzma2	exact	289	3501583
sample	prose_heavy	slob	lzma2	exact	290	437250
sample	prose_heavy	slob	lzma2	exact	291	402250
sample	prose_heavy	slob	lzma2	exact	292	445834
sample	prose_heavy	slob	lzma2	exact	293	392625
sample	prose_heavy	slob	lzma2	exact	294	6381834
sample	prose_heavy	slob	lzma2	exact	295	470166
sample	prose_heavy	slob	lzma2	exact	296	416875
sample	prose_heavy	slob	lzma2	exact	297	347833
sample	prose_heavy	slob	lzma2	exact	298	806709
sample	prose_heavy	slob	lzma2	exact	299	1121625
sample	prose_heavy	slob	lzma2	exact	300	7090458
sample	prose_heavy	slob	lzma2	exact	301	438583
sample	prose_heavy	slob	lzma2	exact	302	432625
sample	prose_heavy	slob	lzma2	exact	303	464625
sample	prose_heavy	slob	lzma2	exact	304	4293083
sample	prose_heavy	slob	lzma2	exact	305	513250
sample	prose_heavy	slob	lzma2	exact	306	7561625
sample	prose_heavy	slob	lzma2	exact	307	425459
sample	prose_heavy	slob	lzma2	exact	308	1179541
sample	prose_heavy	slob	lzma2	exact	309	3360750
sample	prose_heavy	slob	lzma2	exact	310	6366000
sample	prose_heavy	slob	lzma2	exact	311	1021583
sample	prose_heavy	slob	lzma2	exact	312	10113417
sample	prose_heavy	slob	lzma2	exact	313	4086625
sample	prose_heavy	slob	lzma2	exact	314	430625
sample	prose_heavy	slob	lzma2	exact	315	401042
sample	prose_heavy	slob	lzma2	exact	316	423250
sample	prose_heavy	slob	lzma2	exact	317	389667
sample	prose_heavy	slob	lzma2	exact	318	425750
sample	prose_heavy	slob	lzma2	exact	319	8088583
sample	prose_heavy	slob	lzma2	exact	320	538792
sample	prose_heavy	slob	lzma2	exact	321	342500
sample	prose_heavy	slob	lzma2	exact	322	424208
sample	prose_heavy	slob	lzma2	exact	323	1636208
sample	prose_heavy	slob	lzma2	exact	324	5354208
sample	prose_heavy	slob	lzma2	exact	325	8414917
sample	prose_heavy	slob	lzma2	exact	326	5213459
sample	prose_heavy	slob	lzma2	exact	327	1430167
sample	prose_heavy	slob	lzma2	exact	328	4094291
sample	prose_heavy	slob	lzma2	exact	329	343375
sample	prose_heavy	slob	lzma2	exact	330	426666
sample	prose_heavy	slob	lzma2	exact	331	398000
sample	prose_heavy	slob	lzma2	exact	332	421417
sample	prose_heavy	slob	lzma2	exact	333	394500
sample	prose_heavy	slob	lzma2	exact	334	421875
sample	prose_heavy	slob	lzma2	exact	335	1380375
sample	prose_heavy	slob	lzma2	exact	336	23916209
sample	prose_heavy	slob	lzma2	exact	337	6141667
sample	prose_heavy	slob	lzma2	exact	338	9598291
sample	prose_heavy	slob	lzma2	exact	339	26075792
sample	prose_heavy	slob	lzma2	exact	340	4539875
sample	prose_heavy	slob	lzma2	exact	341	8210959
sample	prose_heavy	slob	lzma2	exact	342	2728125
sample	prose_heavy	slob	lzma2	exact	343	35323917
sample	prose_heavy	slob	lzma2	exact	344	429625
sample	prose_heavy	slob	lzma2	exact	345	5492000
sample	prose_heavy	slob	lzma2	exact	346	443875
sample	prose_heavy	slob	lzma2	exact	347	475791
sample	prose_heavy	slob	lzma2	exact	348	425500
sample	prose_heavy	slob	lzma2	exact	349	432625
sample	prose_heavy	slob	lzma2	exact	350	488792
sample	prose_heavy	slob	lzma2	exact	351	1114584
sample	prose_heavy	slob	lzma2	exact	352	676125
sample	prose_heavy	slob	lzma2	exact	353	865000
sample	prose_heavy	slob	lzma2	exact	354	1098792
sample	prose_heavy	slob	lzma2	exact	355	401459
sample	prose_heavy	slob	lzma2	exact	356	422459
sample	prose_heavy	slob	lzma2	exact	357	988667
sample	prose_heavy	slob	lzma2	exact	358	3282916
sample	prose_heavy	slob	lzma2	exact	359	470500
sample	prose_heavy	slob	lzma2	exact	360	418750
sample	prose_heavy	slob	lzma2	exact	361	332167
sample	prose_heavy	slob	lzma2	exact	362	417542
sample	prose_heavy	slob	lzma2	exact	363	2192625
sample	prose_heavy	slob	lzma2	exact	364	4027417
sample	prose_heavy	slob	lzma2	exact	365	406875
sample	prose_heavy	slob	lzma2	exact	366	425000
sample	prose_heavy	slob	lzma2	exact	367	510041
sample	prose_heavy	slob	lzma2	exact	368	417917
sample	prose_heavy	slob	lzma2	exact	369	327125
sample	prose_heavy	slob	lzma2	exact	370	1302208
sample	prose_heavy	slob	lzma2	exact	371	2538958
sample	prose_heavy	slob	lzma2	exact	372	1248291
sample	prose_heavy	slob	lzma2	exact	373	851875
sample	prose_heavy	slob	lzma2	exact	374	441792
sample	prose_heavy	slob	lzma2	exact	375	466667
sample	prose_heavy	slob	lzma2	exact	376	493667
sample	prose_heavy	slob	lzma2	exact	377	335709
sample	prose_heavy	slob	lzma2	exact	378	1019500
sample	prose_heavy	slob	lzma2	exact	379	2800541
sample	prose_heavy	slob	lzma2	exact	380	1693125
sample	prose_heavy	slob	lzma2	exact	381	409084
sample	prose_heavy	slob	lzma2	exact	382	428625
sample	prose_heavy	slob	lzma2	exact	383	1571209
sample	prose_heavy	slob	lzma2	exact	384	1239500
sample	prose_heavy	slob	lzma2	exact	385	2726584
sample	prose_heavy	slob	lzma2	exact	386	1222500
sample	prose_heavy	slob	lzma2	exact	387	1354458
sample	prose_heavy	slob	lzma2	exact	388	2341500
sample	prose_heavy	slob	lzma2	exact	389	416708
sample	prose_heavy	slob	lzma2	exact	390	422083
sample	prose_heavy	slob	lzma2	exact	391	461958
sample	prose_heavy	slob	lzma2	exact	392	420666
sample	prose_heavy	slob	lzma2	exact	393	330791
sample	prose_heavy	slob	lzma2	exact	394	1955000
sample	prose_heavy	slob	lzma2	exact	395	723542
sample	prose_heavy	slob	lzma2	exact	396	444959
sample	prose_heavy	slob	lzma2	exact	397	399125
sample	prose_heavy	slob	lzma2	exact	398	2464166
sample	prose_heavy	slob	lzma2	exact	399	1148791
sample	prose_heavy	slob	lzma2	exact	400	906708
sample	prose_heavy	slob	lzma2	exact	401	470000
sample	prose_heavy	slob	lzma2	exact	402	426709
sample	prose_heavy	slob	lzma2	exact	403	415500
sample	prose_heavy	slob	lzma2	exact	404	486250
sample	prose_heavy	slob	lzma2	exact	405	402500
sample	prose_heavy	slob	lzma2	exact	406	959709
sample	prose_heavy	slob	lzma2	exact	407	451542
sample	prose_heavy	slob	lzma2	exact	408	515750
sample	prose_heavy	slob	lzma2	exact	409	353791
sample	prose_heavy	slob	lzma2	exact	410	419250
sample	prose_heavy	slob	lzma2	exact	411	390209
sample	prose_heavy	slob	lzma2	exact	412	412041
sample	prose_heavy	slob	lzma2	exact	413	388000
sample	prose_heavy	slob	lzma2	exact	414	413416
sample	prose_heavy	slob	lzma2	exact	415	1258959
sample	prose_heavy	slob	lzma2	exact	416	2434875
sample	prose_heavy	slob	lzma2	exact	417	338583
sample	prose_heavy	slob	lzma2	exact	418	423417
sample	prose_heavy	slob	lzma2	exact	419	511666
sample	prose_heavy	slob	lzma2	exact	420	423500
sample	prose_heavy	slob	lzma2	exact	421	394291
sample	prose_heavy	slob	lzma2	exact	422	421875
sample	prose_heavy	slob	lzma2	exact	423	453833
sample	prose_heavy	slob	lzma2	exact	424	421042
sample	prose_heavy	slob	lzma2	exact	425	339834
sample	prose_heavy	slob	lzma2	exact	426	420833
sample	prose_heavy	slob	lzma2	exact	427	393541
sample	prose_heavy	slob	lzma2	exact	428	421917
sample	prose_heavy	slob	lzma2	exact	429	2635250
sample	prose_heavy	slob	lzma2	exact	430	804959
sample	prose_heavy	slob	lzma2	exact	431	526333
sample	prose_heavy	slob	lzma2	exact	432	425500
sample	prose_heavy	slob	lzma2	exact	433	333000
sample	prose_heavy	slob	lzma2	exact	434	422542
sample	prose_heavy	slob	lzma2	exact	435	392209
sample	prose_heavy	slob	lzma2	exact	436	544000
sample	prose_heavy	slob	lzma2	exact	437	682958
sample	prose_heavy	slob	lzma2	exact	438	428042
sample	prose_heavy	slob	lzma2	exact	439	453083
sample	prose_heavy	slob	lzma2	exact	440	1158709
sample	prose_heavy	slob	lzma2	exact	441	392833
sample	prose_heavy	slob	lzma2	exact	442	428042
sample	prose_heavy	slob	lzma2	exact	443	398917
sample	prose_heavy	slob	lzma2	exact	444	420042
sample	prose_heavy	slob	lzma2	exact	445	904042
sample	prose_heavy	slob	lzma2	exact	446	1136750
sample	prose_heavy	slob	lzma2	exact	447	1107208
sample	prose_heavy	slob	lzma2	exact	448	433500
sample	prose_heavy	slob	lzma2	exact	449	334542
sample	prose_heavy	slob	lzma2	exact	450	422417
sample	prose_heavy	slob	lzma2	exact	451	395833
sample	prose_heavy	slob	lzma2	exact	452	773583
sample	prose_heavy	slob	lzma2	exact	453	666667
sample	prose_heavy	slob	lzma2	exact	454	432250
sample	prose_heavy	slob	lzma2	exact	455	519958
sample	prose_heavy	slob	lzma2	exact	456	427459
sample	prose_heavy	slob	lzma2	exact	457	349666
sample	prose_heavy	slob	lzma2	exact	458	421000
sample	prose_heavy	slob	lzma2	exact	459	397042
sample	prose_heavy	slob	lzma2	exact	460	423333
sample	prose_heavy	slob	lzma2	exact	461	638500
sample	prose_heavy	slob	lzma2	exact	462	1390209
sample	prose_heavy	slob	lzma2	exact	463	480625
sample	prose_heavy	slob	lzma2	exact	464	425750
sample	prose_heavy	slob	lzma2	exact	465	5300541
sample	prose_heavy	slob	lzma2	exact	466	19273708
sample	prose_heavy	slob	lzma2	exact	467	2005334
sample	prose_heavy	slob	lzma2	exact	468	435333
sample	prose_heavy	slob	lzma2	exact	469	391375
sample	prose_heavy	slob	lzma2	exact	470	419000
sample	prose_heavy	slob	lzma2	exact	471	3100917
sample	prose_heavy	slob	lzma2	exact	472	459458
sample	prose_heavy	slob	lzma2	exact	473	1319000
sample	prose_heavy	slob	lzma2	exact	474	2130167
sample	prose_heavy	slob	lzma2	exact	475	1985875
sample	prose_heavy	slob	lzma2	exact	476	17801709
sample	prose_heavy	slob	lzma2	exact	477	1349167
sample	prose_heavy	slob	lzma2	exact	478	2252375
sample	prose_heavy	slob	lzma2	exact	479	1543208
sample	prose_heavy	slob	lzma2	exact	480	515792
sample	prose_heavy	slob	lzma2	exact	481	851333
sample	prose_heavy	slob	lzma2	exact	482	4456167
sample	prose_heavy	slob	lzma2	exact	483	1244875
sample	prose_heavy	slob	lzma2	exact	484	736459
sample	prose_heavy	slob	lzma2	exact	485	8027791
sample	prose_heavy	slob	lzma2	exact	486	4488000
sample	prose_heavy	slob	lzma2	exact	487	32963625
sample	prose_heavy	slob	lzma2	exact	488	27606333
sample	prose_heavy	slob	lzma2	exact	489	51958458
sample	prose_heavy	slob	lzma2	exact	490	442500
sample	prose_heavy	slob	lzma2	exact	491	398000
sample	prose_heavy	slob	lzma2	exact	492	1706000
sample	prose_heavy	slob	lzma2	exact	493	3654750
sample	prose_heavy	slob	lzma2	exact	494	2227375
sample	prose_heavy	slob	lzma2	exact	495	467792
sample	prose_heavy	slob	lzma2	exact	496	422750
sample	prose_heavy	slob	lzma2	exact	497	334041
sample	prose_heavy	slob	lzma2	exact	498	715459
sample	prose_heavy	slob	lzma2	exact	499	2674291
sample	prose_heavy	slob	lzma2	exact	500	491958
sample	prose_heavy	slob	lzma2	exact	501	401042
sample	prose_heavy	slob	lzma2	exact	502	762542
sample	prose_heavy	slob	lzma2	exact	503	601791
sample	prose_heavy	slob	lzma2	exact	504	3152000
sample	prose_heavy	slob	lzma2	exact	505	830167
sample	prose_heavy	slob	lzma2	exact	506	7750208
sample	prose_heavy	slob	lzma2	exact	507	5771833
sample	prose_heavy	slob	lzma2	exact	508	1218708
sample	prose_heavy	slob	lzma2	exact	509	406167
sample	prose_heavy	slob	lzma2	exact	510	456958
sample	prose_heavy	slob	lzma2	exact	511	4568417
sample	prose_heavy	slob	lzma2	exact	512	1249375
sample	prose_heavy	slob	lzma2	exact	513	757584
sample	prose_heavy	slob	lzma2	exact	514	465208
sample	prose_heavy	slob	lzma2	exact	515	435708
sample	prose_heavy	slob	lzma2	exact	516	2683625
sample	prose_heavy	slob	lzma2	exact	517	439625
sample	prose_heavy	slob	lzma2	exact	518	433916
sample	prose_heavy	slob	lzma2	exact	519	459416
sample	prose_heavy	slob	lzma2	exact	520	423916
sample	prose_heavy	slob	lzma2	exact	521	335375
sample	prose_heavy	slob	lzma2	exact	522	1205791
sample	prose_heavy	slob	lzma2	exact	523	1759375
sample	prose_heavy	slob	lzma2	exact	524	1359959
sample	prose_heavy	slob	lzma2	exact	525	430833
sample	prose_heavy	slob	lzma2	exact	526	444792
sample	prose_heavy	slob	lzma2	exact	527	13910417
sample	prose_heavy	slob	lzma2	exact	528	1055209
sample	prose_heavy	slob	lzma2	exact	529	1159458
sample	prose_heavy	slob	lzma2	exact	530	607500
sample	prose_heavy	slob	lzma2	exact	531	409209
sample	prose_heavy	slob	lzma2	exact	532	3020959
sample	prose_heavy	slob	lzma2	exact	533	447084
sample	prose_heavy	slob	lzma2	exact	534	514667
sample	prose_heavy	slob	lzma2	exact	535	1374000
sample	prose_heavy	slob	lzma2	exact	536	5398458
sample	prose_heavy	slob	lzma2	exact	537	2087250
sample	prose_heavy	slob	lzma2	exact	538	625333
sample	prose_heavy	slob	lzma2	exact	539	402292
sample	prose_heavy	slob	lzma2	exact	540	6748125
sample	prose_heavy	slob	lzma2	exact	541	514750
sample	prose_heavy	slob	lzma2	exact	542	479167
sample	prose_heavy	slob	lzma2	exact	543	1316375
sample	prose_heavy	slob	lzma2	exact	544	434625
sample	prose_heavy	slob	lzma2	exact	545	1174208
sample	prose_heavy	slob	lzma2	exact	546	1407416
sample	prose_heavy	slob	lzma2	exact	547	439458
sample	prose_heavy	slob	lzma2	exact	548	1918667
sample	prose_heavy	slob	lzma2	exact	549	1227958
sample	prose_heavy	slob	lzma2	exact	550	924042
sample	prose_heavy	slob	lzma2	exact	551	1381625
sample	prose_heavy	slob	lzma2	exact	552	3440208
sample	prose_heavy	slob	lzma2	exact	553	1242625
sample	prose_heavy	slob	lzma2	exact	554	1674375
sample	prose_heavy	slob	lzma2	exact	555	410125
sample	prose_heavy	slob	lzma2	exact	556	432583
sample	prose_heavy	slob	lzma2	exact	557	398833
sample	prose_heavy	slob	lzma2	exact	558	562417
sample	prose_heavy	slob	lzma2	exact	559	513166
sample	prose_heavy	slob	lzma2	exact	560	3412625
sample	prose_heavy	slob	lzma2	exact	561	523958
sample	prose_heavy	slob	lzma2	exact	562	440042
sample	prose_heavy	slob	lzma2	exact	563	405916
sample	prose_heavy	slob	lzma2	exact	564	513208
sample	prose_heavy	slob	lzma2	exact	565	897958
sample	prose_heavy	slob	lzma2	exact	566	711250
sample	prose_heavy	slob	lzma2	exact	567	479417
sample	prose_heavy	slob	lzma2	exact	568	3621291
sample	prose_heavy	slob	lzma2	exact	569	1536083
sample	prose_heavy	slob	lzma2	exact	570	530625
sample	prose_heavy	slob	lzma2	exact	571	409625
sample	prose_heavy	slob	lzma2	exact	572	429709
sample	prose_heavy	slob	lzma2	exact	573	2343750
sample	prose_heavy	slob	lzma2	exact	574	38539084
sample	prose_heavy	slob	lzma2	exact	575	45793208
sample	prose_heavy	slob	lzma2	exact	576	1347250
sample	prose_heavy	slob	lzma2	exact	577	4652958
sample	prose_heavy	slob	lzma2	exact	578	483458
sample	prose_heavy	slob	lzma2	exact	579	1004500
sample	prose_heavy	slob	lzma2	exact	580	446209
sample	prose_heavy	slob	lzma2	exact	581	401500
sample	prose_heavy	slob	lzma2	exact	582	1125958
sample	prose_heavy	slob	lzma2	exact	583	3954083
sample	prose_heavy	slob	lzma2	exact	584	1042125
sample	prose_heavy	slob	lzma2	exact	585	374916
sample	prose_heavy	slob	lzma2	exact	586	432708
sample	prose_heavy	slob	lzma2	exact	587	395833
sample	prose_heavy	slob	lzma2	exact	588	6745167
sample	prose_heavy	slob	lzma2	exact	589	5586750
sample	prose_heavy	slob	lzma2	exact	590	1217375
sample	prose_heavy	slob	lzma2	exact	591	5290125
sample	prose_heavy	slob	lzma2	exact	592	462083
sample	prose_heavy	slob	lzma2	exact	593	590167
sample	prose_heavy	slob	lzma2	exact	594	432625
sample	prose_heavy	slob	lzma2	exact	595	400417
sample	prose_heavy	slob	lzma2	exact	596	422625
sample	prose_heavy	slob	lzma2	exact	597	466042
sample	prose_heavy	slob	lzma2	exact	598	1677834
sample	prose_heavy	slob	lzma2	exact	599	833666
sample	prose_heavy	slob	lzma2	exact	600	430167
sample	prose_heavy	slob	lzma2	exact	601	335125
sample	prose_heavy	slob	lzma2	exact	602	419041
sample	prose_heavy	slob	lzma2	exact	603	6168167
sample	prose_heavy	slob	lzma2	exact	604	493916
sample	prose_heavy	slob	lzma2	exact	605	406667
sample	prose_heavy	slob	lzma2	exact	606	431375
sample	prose_heavy	slob	lzma2	exact	607	461875
sample	prose_heavy	slob	lzma2	exact	608	18357166
sample	prose_heavy	slob	lzma2	exact	609	342709
sample	prose_heavy	slob	lzma2	exact	610	428000
sample	prose_heavy	slob	lzma2	exact	611	403792
sample	prose_heavy	slob	lzma2	exact	612	425333
sample	prose_heavy	slob	lzma2	exact	613	398167
sample	prose_heavy	slob	lzma2	exact	614	4223042
sample	prose_heavy	slob	lzma2	exact	615	477083
sample	prose_heavy	slob	lzma2	exact	616	426042
sample	prose_heavy	slob	lzma2	exact	617	336000
sample	prose_heavy	slob	lzma2	exact	618	421875
sample	prose_heavy	slob	lzma2	exact	619	399042
sample	prose_heavy	slob	lzma2	exact	620	471667
sample	prose_heavy	slob	lzma2	exact	621	396083
sample	prose_heavy	slob	lzma2	exact	622	419208
sample	prose_heavy	slob	lzma2	exact	623	455083
sample	prose_heavy	slob	lzma2	exact	624	707458
sample	prose_heavy	slob	lzma2	exact	625	1434042
sample	prose_heavy	slob	lzma2	exact	626	1776500
sample	prose_heavy	slob	lzma2	exact	627	894417
sample	prose_heavy	slob	lzma2	exact	628	3193250
sample	prose_heavy	slob	lzma2	exact	629	1162417
sample	prose_heavy	slob	lzma2	exact	630	4531542
sample	prose_heavy	slob	lzma2	exact	631	1318792
sample	prose_heavy	slob	lzma2	exact	632	614791
sample	prose_heavy	slob	lzma2	exact	633	347917
sample	prose_heavy	slob	lzma2	exact	634	441750
sample	prose_heavy	slob	lzma2	exact	635	403625
sample	prose_heavy	slob	lzma2	exact	636	1098542
sample	prose_heavy	slob	lzma2	exact	637	1071875
sample	prose_heavy	slob	lzma2	exact	638	3978291
sample	prose_heavy	slob	lzma2	exact	639	509917
sample	prose_heavy	slob	lzma2	exact	640	429458
sample	prose_heavy	slob	lzma2	exact	641	511625
sample	prose_heavy	slob	lzma2	exact	642	22849250
sample	prose_heavy	slob	lzma2	exact	643	3448041
sample	prose_heavy	slob	lzma2	exact	644	2374084
sample	prose_heavy	slob	lzma2	exact	645	1124958
sample	prose_heavy	slob	lzma2	exact	646	3868250
sample	prose_heavy	slob	lzma2	exact	647	15468667
sample	prose_heavy	slob	lzma2	exact	648	2504917
sample	prose_heavy	slob	lzma2	exact	649	5248916
sample	prose_heavy	slob	lzma2	exact	650	3262167
sample	prose_heavy	slob	lzma2	exact	651	7911666
sample	prose_heavy	slob	lzma2	exact	652	2009500
sample	prose_heavy	slob	lzma2	exact	653	1141542
sample	prose_heavy	slob	lzma2	exact	654	2051000
sample	prose_heavy	slob	lzma2	exact	655	4133167
sample	prose_heavy	slob	lzma2	exact	656	501250
sample	prose_heavy	slob	lzma2	exact	657	1617125
sample	prose_heavy	slob	lzma2	exact	658	439750
sample	prose_heavy	slob	lzma2	exact	659	2785917
sample	prose_heavy	slob	lzma2	exact	660	4949209
sample	prose_heavy	slob	lzma2	exact	661	2872541
sample	prose_heavy	slob	lzma2	exact	662	20841833
sample	prose_heavy	slob	lzma2	exact	663	1607875
sample	prose_heavy	slob	lzma2	exact	664	1082000
sample	prose_heavy	slob	lzma2	exact	665	71498125
sample	prose_heavy	slob	lzma2	exact	666	8029375
sample	prose_heavy	slob	lzma2	exact	667	488875
sample	prose_heavy	slob	lzma2	exact	668	24101250
sample	prose_heavy	slob	lzma2	exact	669	1944333
sample	prose_heavy	slob	lzma2	exact	670	439916
sample	prose_heavy	slob	lzma2	exact	671	1645292
sample	prose_heavy	slob	lzma2	exact	672	3527875
sample	prose_heavy	slob	lzma2	exact	673	970334
sample	prose_heavy	slob	lzma2	exact	674	2774000
sample	prose_heavy	slob	lzma2	exact	675	11774958
sample	prose_heavy	slob	lzma2	exact	676	458708
sample	prose_heavy	slob	lzma2	exact	677	399417
sample	prose_heavy	slob	lzma2	exact	678	5113917
sample	prose_heavy	slob	lzma2	exact	679	8776209
sample	prose_heavy	slob	lzma2	exact	680	10795708
sample	prose_heavy	slob	lzma2	exact	681	13251416
sample	prose_heavy	slob	lzma2	exact	682	23640667
sample	prose_heavy	slob	lzma2	exact	683	7216458
sample	prose_heavy	slob	lzma2	exact	684	438250
sample	prose_heavy	slob	lzma2	exact	685	3165917
sample	prose_heavy	slob	lzma2	exact	686	1239208
sample	prose_heavy	slob	lzma2	exact	687	556542
sample	prose_heavy	slob	lzma2	exact	688	2387459
sample	prose_heavy	slob	lzma2	exact	689	2948667
sample	prose_heavy	slob	lzma2	exact	690	436750
sample	prose_heavy	slob	lzma2	exact	691	6138083
sample	prose_heavy	slob	lzma2	exact	692	456542
sample	prose_heavy	slob	lzma2	exact	693	1089625
sample	prose_heavy	slob	lzma2	exact	694	3199291
sample	prose_heavy	slob	lzma2	exact	695	1869166
sample	prose_heavy	slob	lzma2	exact	696	3179750
sample	prose_heavy	slob	lzma2	exact	697	826875
sample	prose_heavy	slob	lzma2	exact	698	3826750
sample	prose_heavy	slob	lzma2	exact	699	429291
sample	prose_heavy	slob	lzma2	exact	700	428875
sample	prose_heavy	slob	lzma2	exact	701	395250
sample	prose_heavy	slob	lzma2	exact	702	423083
sample	prose_heavy	slob	lzma2	exact	703	2857291
sample	prose_heavy	slob	lzma2	exact	704	638625
sample	prose_heavy	slob	lzma2	exact	705	340334
sample	prose_heavy	slob	lzma2	exact	706	2919292
sample	prose_heavy	slob	lzma2	exact	707	982834
sample	prose_heavy	slob	lzma2	exact	708	1037666
sample	prose_heavy	slob	lzma2	exact	709	1911833
sample	prose_heavy	slob	lzma2	exact	710	2109750
sample	prose_heavy	slob	lzma2	exact	711	460292
sample	prose_heavy	slob	lzma2	exact	712	417125
sample	prose_heavy	slob	lzma2	exact	713	328000
sample	prose_heavy	slob	lzma2	exact	714	4592625
sample	prose_heavy	slob	lzma2	exact	715	6087416
sample	prose_heavy	slob	lzma2	exact	716	429833
sample	prose_heavy	slob	lzma2	exact	717	391375
sample	prose_heavy	slob	lzma2	exact	718	8533917
sample	prose_heavy	slob	lzma2	exact	719	1139833
sample	prose_heavy	slob	lzma2	exact	720	424250
sample	prose_heavy	slob	lzma2	exact	721	351500
sample	prose_heavy	slob	lzma2	exact	722	1286250
sample	prose_heavy	slob	lzma2	exact	723	399125
sample	prose_heavy	slob	lzma2	exact	724	426958
sample	prose_heavy	slob	lzma2	exact	725	391334
sample	prose_heavy	slob	lzma2	exact	726	420375
sample	prose_heavy	slob	lzma2	exact	727	452125
sample	prose_heavy	slob	lzma2	exact	728	417041
sample	prose_heavy	slob	lzma2	exact	729	330459
sample	prose_heavy	slob	lzma2	exact	730	415417
sample	prose_heavy	slob	lzma2	exact	731	392542
sample	prose_heavy	slob	lzma2	exact	732	417791
sample	prose_heavy	slob	lzma2	exact	733	2804083
sample	prose_heavy	slob	lzma2	exact	734	440458
sample	prose_heavy	slob	lzma2	exact	735	457208
sample	prose_heavy	slob	lzma2	exact	736	428000
sample	prose_heavy	slob	lzma2	exact	737	331834
sample	prose_heavy	slob	lzma2	exact	738	3731959
sample	prose_heavy	slob	lzma2	exact	739	1103834
sample	prose_heavy	slob	lzma2	exact	740	436083
sample	prose_heavy	slob	lzma2	exact	741	397250
sample	prose_heavy	slob	lzma2	exact	742	2256375
sample	prose_heavy	slob	lzma2	exact	743	2276167
sample	prose_heavy	slob	lzma2	exact	744	431833
sample	prose_heavy	slob	lzma2	exact	745	4686667
sample	prose_heavy	slob	lzma2	exact	746	485750
sample	prose_heavy	slob	lzma2	exact	747	397167
sample	prose_heavy	slob	lzma2	exact	748	1760833
sample	prose_heavy	slob	lzma2	exact	749	3122291
sample	prose_heavy	slob	lzma2	exact	750	433542
sample	prose_heavy	slob	lzma2	exact	751	74862250
sample	prose_heavy	slob	lzma2	exact	752	12491209
sample	prose_heavy	slob	lzma2	exact	753	10356375
sample	prose_heavy	slob	lzma2	exact	754	526500
sample	prose_heavy	slob	lzma2	exact	755	468583
sample	prose_heavy	slob	lzma2	exact	756	436750
sample	prose_heavy	slob	lzma2	exact	757	7371709
sample	prose_heavy	slob	lzma2	exact	758	5081042
sample	prose_heavy	slob	lzma2	exact	759	909458
sample	prose_heavy	slob	lzma2	exact	760	1306708
sample	prose_heavy	slob	lzma2	exact	761	344417
sample	prose_heavy	slob	lzma2	exact	762	4116375
sample	prose_heavy	slob	lzma2	exact	763	6887083
sample	prose_heavy	slob	lzma2	exact	764	45667375
sample	prose_heavy	slob	lzma2	exact	765	7101375
sample	prose_heavy	slob	lzma2	exact	766	1179750
sample	prose_heavy	slob	lzma2	exact	767	2746875
sample	prose_heavy	slob	lzma2	exact	768	519000
sample	prose_heavy	slob	lzma2	exact	769	6704625
sample	prose_heavy	slob	lzma2	exact	770	485333
sample	prose_heavy	slob	lzma2	exact	771	1382750
sample	prose_heavy	slob	lzma2	exact	772	5826875
sample	prose_heavy	slob	lzma2	exact	773	409334
sample	prose_heavy	slob	lzma2	exact	774	429292
sample	prose_heavy	slob	lzma2	exact	775	510334
sample	prose_heavy	slob	lzma2	exact	776	2714958
sample	prose_heavy	slob	lzma2	exact	777	344958
sample	prose_heavy	slob	lzma2	exact	778	434291
sample	prose_heavy	slob	lzma2	exact	779	400917
sample	prose_heavy	slob	lzma2	exact	780	2232584
sample	prose_heavy	slob	lzma2	exact	781	423875
sample	prose_heavy	slob	lzma2	exact	782	425458
sample	prose_heavy	slob	lzma2	exact	783	456333
sample	prose_heavy	slob	lzma2	exact	784	417375
sample	prose_heavy	slob	lzma2	exact	785	741584
sample	prose_heavy	slob	lzma2	exact	786	438541
sample	prose_heavy	slob	lzma2	exact	787	399167
sample	prose_heavy	slob	lzma2	exact	788	1971916
sample	prose_heavy	slob	lzma2	exact	789	1356500
sample	prose_heavy	slob	lzma2	exact	790	1342333
sample	prose_heavy	slob	lzma2	exact	791	835917
sample	prose_heavy	slob	lzma2	exact	792	1902709
sample	prose_heavy	slob	lzma2	exact	793	827791
sample	prose_heavy	slob	lzma2	exact	794	1613250
sample	prose_heavy	slob	lzma2	exact	795	771500
sample	prose_heavy	slob	lzma2	exact	796	549500
sample	prose_heavy	slob	lzma2	exact	797	395000
sample	prose_heavy	slob	lzma2	exact	798	419333
sample	prose_heavy	slob	lzma2	exact	799	451417
sample	prose_heavy	slob	lzma2	exact	800	424792
sample	prose_heavy	slob	lzma2	exact	801	2493125
sample	prose_heavy	slob	lzma2	exact	802	1320875
sample	prose_heavy	slob	lzma2	exact	803	1276916
sample	prose_heavy	slob	lzma2	exact	804	1244375
sample	prose_heavy	slob	lzma2	exact	805	892708
sample	prose_heavy	slob	lzma2	exact	806	539208
sample	prose_heavy	slob	lzma2	exact	807	1165000
sample	prose_heavy	slob	lzma2	exact	808	1145334
sample	prose_heavy	slob	lzma2	exact	809	1416459
sample	prose_heavy	slob	lzma2	exact	810	715833
sample	prose_heavy	slob	lzma2	exact	811	407375
sample	prose_heavy	slob	lzma2	exact	812	427333
sample	prose_heavy	slob	lzma2	exact	813	910500
sample	prose_heavy	slob	lzma2	exact	814	1151583
sample	prose_heavy	slob	lzma2	exact	815	1148792
sample	prose_heavy	slob	lzma2	exact	816	1160333
sample	prose_heavy	slob	lzma2	exact	817	10519375
sample	prose_heavy	slob	lzma2	exact	818	1291667
sample	prose_heavy	slob	lzma2	exact	819	3845167
sample	prose_heavy	slob	lzma2	exact	820	1356584
sample	prose_heavy	slob	lzma2	exact	821	408667
sample	prose_heavy	slob	lzma2	exact	822	840875
sample	prose_heavy	slob	lzma2	exact	823	3061333
sample	prose_heavy	slob	lzma2	exact	824	2176959
sample	prose_heavy	slob	lzma2	exact	825	2408500
sample	prose_heavy	slob	lzma2	exact	826	1039250
sample	prose_heavy	slob	lzma2	exact	827	409916
sample	prose_heavy	slob	lzma2	exact	828	5853542
sample	prose_heavy	slob	lzma2	exact	829	2188834
sample	prose_heavy	slob	lzma2	exact	830	8700000
sample	prose_heavy	slob	lzma2	exact	831	1511250
sample	prose_heavy	slob	lzma2	exact	832	1408583
sample	prose_heavy	slob	lzma2	exact	833	861209
sample	prose_heavy	slob	lzma2	exact	834	2038792
sample	prose_heavy	slob	lzma2	exact	835	1079333
sample	prose_heavy	slob	lzma2	exact	836	1907917
sample	prose_heavy	slob	lzma2	exact	837	1023167
sample	prose_heavy	slob	lzma2	exact	838	1293500
sample	prose_heavy	slob	lzma2	exact	839	469333
sample	prose_heavy	slob	lzma2	exact	840	550666
sample	prose_heavy	slob	lzma2	exact	841	336333
sample	prose_heavy	slob	lzma2	exact	842	418916
sample	prose_heavy	slob	lzma2	exact	843	395291
sample	prose_heavy	slob	lzma2	exact	844	420584
sample	prose_heavy	slob	lzma2	exact	845	392583
sample	prose_heavy	slob	lzma2	exact	846	415417
sample	prose_heavy	slob	lzma2	exact	847	993875
sample	prose_heavy	slob	lzma2	exact	848	2501250
sample	prose_heavy	slob	lzma2	exact	849	1763875
sample	prose_heavy	slob	lzma2	exact	850	669167
sample	prose_heavy	slob	lzma2	exact	851	1004750
sample	prose_heavy	slob	lzma2	exact	852	1325834
sample	prose_heavy	slob	lzma2	exact	853	1528375
sample	prose_heavy	slob	lzma2	exact	854	436750
sample	prose_heavy	slob	lzma2	exact	855	1073958
sample	prose_heavy	slob	lzma2	exact	856	1929125
sample	prose_heavy	slob	lzma2	exact	857	2382625
sample	prose_heavy	slob	lzma2	exact	858	1830667
sample	prose_heavy	slob	lzma2	exact	859	2961333
sample	prose_heavy	slob	lzma2	exact	860	4215583
sample	prose_heavy	slob	lzma2	exact	861	1781292
sample	prose_heavy	slob	lzma2	exact	862	2404375
sample	prose_heavy	slob	lzma2	exact	863	6529333
sample	prose_heavy	slob	lzma2	exact	864	440334
sample	prose_heavy	slob	lzma2	exact	865	336833
sample	prose_heavy	slob	lzma2	exact	866	438875
sample	prose_heavy	slob	lzma2	exact	867	402042
sample	prose_heavy	slob	lzma2	exact	868	426250
sample	prose_heavy	slob	lzma2	exact	869	999417
sample	prose_heavy	slob	lzma2	exact	870	505667
sample	prose_heavy	slob	lzma2	exact	871	2196500
sample	prose_heavy	slob	lzma2	exact	872	436500
sample	prose_heavy	slob	lzma2	exact	873	456084
sample	prose_heavy	slob	lzma2	exact	874	1910083
sample	prose_heavy	slob	lzma2	exact	875	623250
sample	prose_heavy	slob	lzma2	exact	876	432375
sample	prose_heavy	slob	lzma2	exact	877	398084
sample	prose_heavy	slob	lzma2	exact	878	430375
sample	prose_heavy	slob	lzma2	exact	879	457584
sample	prose_heavy	slob	lzma2	exact	880	421667
sample	prose_heavy	slob	lzma2	exact	881	333375
sample	prose_heavy	slob	lzma2	exact	882	421583
sample	prose_heavy	slob	lzma2	exact	883	395541
sample	prose_heavy	slob	lzma2	exact	884	422291
sample	prose_heavy	slob	lzma2	exact	885	392750
sample	prose_heavy	slob	lzma2	exact	886	429709
sample	prose_heavy	slob	lzma2	exact	887	14941833
sample	prose_heavy	slob	lzma2	exact	888	2142791
sample	prose_heavy	slob	lzma2	exact	889	339917
sample	prose_heavy	slob	lzma2	exact	890	579667
sample	prose_heavy	slob	lzma2	exact	891	1358042
sample	prose_heavy	slob	lzma2	exact	892	436583
sample	prose_heavy	slob	lzma2	exact	893	399125
sample	prose_heavy	slob	lzma2	exact	894	431375
sample	prose_heavy	slob	lzma2	exact	895	462458
sample	prose_heavy	slob	lzma2	exact	896	423667
sample	prose_heavy	slob	lzma2	exact	897	9670459
sample	prose_heavy	slob	lzma2	exact	898	2208416
sample	prose_heavy	slob	lzma2	exact	899	411208
sample	prose_heavy	slob	lzma2	exact	900	1037833
sample	prose_heavy	slob	lzma2	exact	901	476292
sample	prose_heavy	slob	lzma2	exact	902	429750
sample	prose_heavy	slob	lzma2	exact	903	1942625
sample	prose_heavy	slob	lzma2	exact	904	1457833
sample	prose_heavy	slob	lzma2	exact	905	1649083
sample	prose_heavy	slob	lzma2	exact	906	435500
sample	prose_heavy	slob	lzma2	exact	907	401333
sample	prose_heavy	slob	lzma2	exact	908	423041
sample	prose_heavy	slob	lzma2	exact	909	392292
sample	prose_heavy	slob	lzma2	exact	910	422125
sample	prose_heavy	slob	lzma2	exact	911	979833
sample	prose_heavy	slob	lzma2	exact	912	474958
sample	prose_heavy	slob	lzma2	exact	913	332917
sample	prose_heavy	slob	lzma2	exact	914	421250
sample	prose_heavy	slob	lzma2	exact	915	393791
sample	prose_heavy	slob	lzma2	exact	916	450583
sample	prose_heavy	slob	lzma2	exact	917	1175542
sample	prose_heavy	slob	lzma2	exact	918	1403834
sample	prose_heavy	slob	lzma2	exact	919	1225834
sample	prose_heavy	slob	lzma2	exact	920	1008334
sample	prose_heavy	slob	lzma2	exact	921	333541
sample	prose_heavy	slob	lzma2	exact	922	422584
sample	prose_heavy	slob	lzma2	exact	923	394583
sample	prose_heavy	slob	lzma2	exact	924	1032584
sample	prose_heavy	slob	lzma2	exact	925	5932416
sample	prose_heavy	slob	lzma2	exact	926	3664250
sample	prose_heavy	slob	lzma2	exact	927	1061625
sample	prose_heavy	slob	lzma2	exact	928	1224792
sample	prose_heavy	slob	lzma2	exact	929	900583
sample	prose_heavy	slob	lzma2	exact	930	1396459
sample	prose_heavy	slob	lzma2	exact	931	406292
sample	prose_heavy	slob	lzma2	exact	932	475250
sample	prose_heavy	slob	lzma2	exact	933	436334
sample	prose_heavy	slob	lzma2	exact	934	550916
sample	prose_heavy	slob	lzma2	exact	935	593417
sample	prose_heavy	slob	lzma2	exact	936	1267541
sample	prose_heavy	slob	lzma2	exact	937	4914583
sample	prose_heavy	slob	lzma2	exact	938	1267667
sample	prose_heavy	slob	lzma2	exact	939	408750
sample	prose_heavy	slob	lzma2	exact	940	433083
sample	prose_heavy	slob	lzma2	exact	941	399958
sample	prose_heavy	slob	lzma2	exact	942	431416
sample	prose_heavy	slob	lzma2	exact	943	461208
sample	prose_heavy	slob	lzma2	exact	944	423917
sample	prose_heavy	slob	lzma2	exact	945	334917
sample	prose_heavy	slob	lzma2	exact	946	424583
sample	prose_heavy	slob	lzma2	exact	947	399167
sample	prose_heavy	slob	lzma2	exact	948	535292
sample	prose_heavy	slob	lzma2	exact	949	4187166
sample	prose_heavy	slob	lzma2	exact	950	434667
sample	prose_heavy	slob	lzma2	exact	951	459500
sample	prose_heavy	slob	lzma2	exact	952	422542
sample	prose_heavy	slob	lzma2	exact	953	1354417
sample	prose_heavy	slob	lzma2	exact	954	1348583
sample	prose_heavy	slob	lzma2	exact	955	50308500
sample	prose_heavy	slob	lzma2	exact	956	29571750
sample	prose_heavy	slob	lzma2	exact	957	1479125
sample	prose_heavy	slob	lzma2	exact	958	804666
sample	prose_heavy	slob	lzma2	exact	959	1163166
sample	prose_heavy	slob	lzma2	exact	960	1083375
sample	prose_heavy	slob	lzma2	exact	961	1671125
sample	prose_heavy	slob	lzma2	exact	962	1536208
sample	prose_heavy	slob	lzma2	exact	963	411000
sample	prose_heavy	slob	lzma2	exact	964	428208
sample	prose_heavy	slob	lzma2	exact	965	390542
sample	prose_heavy	slob	lzma2	exact	966	419250
sample	prose_heavy	slob	lzma2	exact	967	2898042
sample	prose_heavy	slob	lzma2	exact	968	458917
sample	prose_heavy	slob	lzma2	exact	969	331833
sample	prose_heavy	slob	lzma2	exact	970	420292
sample	prose_heavy	slob	lzma2	exact	971	395541
sample	prose_heavy	slob	lzma2	exact	972	437666
sample	prose_heavy	slob	lzma2	exact	973	1078833
sample	prose_heavy	slob	lzma2	exact	974	426083
sample	prose_heavy	slob	lzma2	exact	975	451375
sample	prose_heavy	slob	lzma2	exact	976	1501541
sample	prose_heavy	slob	lzma2	exact	977	476708
sample	prose_heavy	slob	lzma2	exact	978	465792
sample	prose_heavy	slob	lzma2	exact	979	740750
sample	prose_heavy	slob	lzma2	exact	980	780833
sample	prose_heavy	slob	lzma2	exact	981	394500
sample	prose_heavy	slob	lzma2	exact	982	414792
sample	prose_heavy	slob	lzma2	exact	983	1132459
sample	prose_heavy	slob	lzma2	exact	984	419208
sample	prose_heavy	slob	lzma2	exact	985	330000
sample	prose_heavy	slob	lzma2	exact	986	414167
sample	prose_heavy	slob	lzma2	exact	987	389500
sample	prose_heavy	slob	lzma2	exact	988	419583
sample	prose_heavy	slob	lzma2	exact	989	481958
sample	prose_heavy	slob	lzma2	exact	990	421250
sample	prose_heavy	slob	lzma2	exact	991	473458
sample	prose_heavy	slob	lzma2	exact	992	425667
sample	prose_heavy	slob	lzma2	exact	993	648292
sample	prose_heavy	slob	lzma2	exact	994	1210666
sample	prose_heavy	slob	lzma2	exact	995	1279833
sample	prose_heavy	slob	lzma2	exact	996	557166
sample	prose_heavy	slob	lzma2	exact	997	1403583
sample	prose_heavy	slob	lzma2	exact	998	479791
sample	prose_heavy	slob	lzma2	exact	999	37587667
sample	prose_heavy	slob	lzma2	prefix	0	16787959
sample	prose_heavy	slob	lzma2	prefix	1	5402250
sample	prose_heavy	slob	lzma2	prefix	2	126792917
sample	prose_heavy	slob	lzma2	prefix	3	352091834
sample	prose_heavy	slob	lzma2	prefix	4	16494917
sample	prose_heavy	slob	lzma2	prefix	5	2635958
sample	prose_heavy	slob	lzma2	prefix	6	95095209
sample	prose_heavy	slob	lzma2	prefix	7	154403333
sample	prose_heavy	slob	lzma2	prefix	8	780000
sample	prose_heavy	slob	lzma2	prefix	9	882708
sample	prose_heavy	slob	lzma2	prefix	10	170932084
sample	prose_heavy	slob	lzma2	prefix	11	147787125
sample	prose_heavy	slob	lzma2	prefix	12	2217083
sample	prose_heavy	slob	lzma2	prefix	13	1317459
sample	prose_heavy	slob	lzma2	prefix	14	189667417
sample	prose_heavy	slob	lzma2	prefix	15	133870500
sample	prose_heavy	slob	lzma2	prefix	16	1736667
sample	prose_heavy	slob	lzma2	prefix	17	1988583
sample	prose_heavy	slob	lzma2	prefix	18	70119292
sample	prose_heavy	slob	lzma2	prefix	19	116506208
sample	prose_heavy	slob	lzma2	prefix	20	40466375
sample	prose_heavy	slob	lzma2	prefix	21	1347834
sample	prose_heavy	slob	lzma2	prefix	22	215243458
sample	prose_heavy	slob	lzma2	prefix	23	99226208
sample	prose_heavy	slob	lzma2	prefix	24	763750
sample	prose_heavy	slob	lzma2	prefix	25	2011125
sample	prose_heavy	slob	lzma2	prefix	26	126975542
sample	prose_heavy	slob	lzma2	prefix	27	63180625
sample	prose_heavy	slob	lzma2	prefix	28	1431666
sample	prose_heavy	slob	lzma2	prefix	29	2237209
sample	prose_heavy	slob	lzma2	prefix	30	58791500
sample	prose_heavy	slob	lzma2	prefix	31	63961083
sample	prose_heavy	slob	lzma2	prefix	32	739500
sample	prose_heavy	slob	lzma2	prefix	33	871875
sample	prose_heavy	slob	lzma2	prefix	34	59831333
sample	prose_heavy	slob	lzma2	prefix	35	62439209
sample	prose_heavy	slob	lzma2	prefix	36	878250
sample	prose_heavy	slob	lzma2	prefix	37	1552708
sample	prose_heavy	slob	lzma2	prefix	38	68134375
sample	prose_heavy	slob	lzma2	prefix	39	76879917
sample	prose_heavy	slob	lzma2	prefix	40	4216625
sample	prose_heavy	slob	lzma2	prefix	41	4314083
sample	prose_heavy	slob	lzma2	prefix	42	88338708
sample	prose_heavy	slob	lzma2	prefix	43	64319459
sample	prose_heavy	slob	lzma2	prefix	44	932792
sample	prose_heavy	slob	lzma2	prefix	45	803166
sample	prose_heavy	slob	lzma2	prefix	46	68742416
sample	prose_heavy	slob	lzma2	prefix	47	82008500
sample	prose_heavy	slob	lzma2	prefix	48	1972917
sample	prose_heavy	slob	lzma2	prefix	49	855459
sample	prose_heavy	slob	lzma2	prefix	50	117502500
sample	prose_heavy	slob	lzma2	prefix	51	89338083
sample	prose_heavy	slob	lzma2	prefix	52	6536209
sample	prose_heavy	slob	lzma2	prefix	53	904792
sample	prose_heavy	slob	lzma2	prefix	54	68486667
sample	prose_heavy	slob	lzma2	prefix	55	71129792
sample	prose_heavy	slob	lzma2	prefix	56	1838459
sample	prose_heavy	slob	lzma2	prefix	57	919292
sample	prose_heavy	slob	lzma2	prefix	58	87504375
sample	prose_heavy	slob	lzma2	prefix	59	62088083
sample	prose_heavy	slob	lzma2	prefix	60	2069500
sample	prose_heavy	slob	lzma2	prefix	61	845208
sample	prose_heavy	slob	lzma2	prefix	62	92706125
sample	prose_heavy	slob	lzma2	prefix	63	131486709
sample	prose_heavy	slob	lzma2	prefix	64	782041
sample	prose_heavy	slob	lzma2	prefix	65	2510500
sample	prose_heavy	slob	lzma2	prefix	66	67330625
sample	prose_heavy	slob	lzma2	prefix	67	78620166
sample	prose_heavy	slob	lzma2	prefix	68	910000
sample	prose_heavy	slob	lzma2	prefix	69	2642541
sample	prose_heavy	slob	lzma2	prefix	70	71850000
sample	prose_heavy	slob	lzma2	prefix	71	104305250
sample	prose_heavy	slob	lzma2	prefix	72	745875
sample	prose_heavy	slob	lzma2	prefix	73	2346250
sample	prose_heavy	slob	lzma2	prefix	74	81476042
sample	prose_heavy	slob	lzma2	prefix	75	57261833
sample	prose_heavy	slob	lzma2	prefix	76	1215250
sample	prose_heavy	slob	lzma2	prefix	77	2454375
sample	prose_heavy	slob	lzma2	prefix	78	57232625
sample	prose_heavy	slob	lzma2	prefix	79	63822667
sample	prose_heavy	slob	lzma2	prefix	80	1997208
sample	prose_heavy	slob	lzma2	prefix	81	884458
sample	prose_heavy	slob	lzma2	prefix	82	74472792
sample	prose_heavy	slob	lzma2	prefix	83	72856291
sample	prose_heavy	slob	lzma2	prefix	84	898167
sample	prose_heavy	slob	lzma2	prefix	85	807542
sample	prose_heavy	slob	lzma2	prefix	86	131934916
sample	prose_heavy	slob	lzma2	prefix	87	116913917
sample	prose_heavy	slob	lzma2	prefix	88	3718875
sample	prose_heavy	slob	lzma2	prefix	89	2249875
sample	prose_heavy	slob	lzma2	prefix	90	118080334
sample	prose_heavy	slob	lzma2	prefix	91	72671709
sample	prose_heavy	slob	lzma2	prefix	92	6218208
sample	prose_heavy	slob	lzma2	prefix	93	3275291
sample	prose_heavy	slob	lzma2	prefix	94	68608291
sample	prose_heavy	slob	lzma2	prefix	95	275051792
sample	prose_heavy	slob	lzma2	prefix	96	1054458
sample	prose_heavy	slob	lzma2	prefix	97	877291
sample	prose_heavy	slob	lzma2	prefix	98	71230708
sample	prose_heavy	slob	lzma2	prefix	99	94246334
sample	prose_heavy	slob	lzma2	prefix	100	1439916
sample	prose_heavy	slob	lzma2	prefix	101	948209
sample	prose_heavy	slob	lzma2	prefix	102	79532917
sample	prose_heavy	slob	lzma2	prefix	103	61056917
sample	prose_heavy	slob	lzma2	prefix	104	786417
sample	prose_heavy	slob	lzma2	prefix	105	899167
sample	prose_heavy	slob	lzma2	prefix	106	63974125
sample	prose_heavy	slob	lzma2	prefix	107	72854750
sample	prose_heavy	slob	lzma2	prefix	108	1012125
sample	prose_heavy	slob	lzma2	prefix	109	1967541
sample	prose_heavy	slob	lzma2	prefix	110	69418000
sample	prose_heavy	slob	lzma2	prefix	111	73564292
sample	prose_heavy	slob	lzma2	prefix	112	2301667
sample	prose_heavy	slob	lzma2	prefix	113	1693041
sample	prose_heavy	slob	lzma2	prefix	114	64553458
sample	prose_heavy	slob	lzma2	prefix	115	59267833
sample	prose_heavy	slob	lzma2	prefix	116	2248916
sample	prose_heavy	slob	lzma2	prefix	117	1516125
sample	prose_heavy	slob	lzma2	prefix	118	75855500
sample	prose_heavy	slob	lzma2	prefix	119	66124125
sample	prose_heavy	slob	lzma2	prefix	120	2167208
sample	prose_heavy	slob	lzma2	prefix	121	2910583
sample	prose_heavy	slob	lzma2	prefix	122	75465583
sample	prose_heavy	slob	lzma2	prefix	123	77644958
sample	prose_heavy	slob	lzma2	prefix	124	2914916
sample	prose_heavy	slob	lzma2	prefix	125	853292
sample	prose_heavy	slob	lzma2	prefix	126	64217792
sample	prose_heavy	slob	lzma2	prefix	127	73974708
sample	prose_heavy	slob	lzma2	prefix	128	1635333
sample	prose_heavy	slob	lzma2	prefix	129	889708
sample	prose_heavy	slob	lzma2	prefix	130	52449917
sample	prose_heavy	slob	lzma2	prefix	131	66470750
sample	prose_heavy	slob	lzma2	prefix	132	1095416
sample	prose_heavy	slob	lzma2	prefix	133	834167
sample	prose_heavy	slob	lzma2	prefix	134	53896542
sample	prose_heavy	slob	lzma2	prefix	135	75384958
sample	prose_heavy	slob	lzma2	prefix	136	774458
sample	prose_heavy	slob	lzma2	prefix	137	1024416
sample	prose_heavy	slob	lzma2	prefix	138	60497709
sample	prose_heavy	slob	lzma2	prefix	139	56422584
sample	prose_heavy	slob	lzma2	prefix	140	1990000
sample	prose_heavy	slob	lzma2	prefix	141	835791
sample	prose_heavy	slob	lzma2	prefix	142	50010000
sample	prose_heavy	slob	lzma2	prefix	143	46842667
sample	prose_heavy	slob	lzma2	prefix	144	742166
sample	prose_heavy	slob	lzma2	prefix	145	878417
sample	prose_heavy	slob	lzma2	prefix	146	60431292
sample	prose_heavy	slob	lzma2	prefix	147	66305417
sample	prose_heavy	slob	lzma2	prefix	148	2168750
sample	prose_heavy	slob	lzma2	prefix	149	2444959
sample	prose_heavy	slob	lzma2	prefix	150	57584417
sample	prose_heavy	slob	lzma2	prefix	151	50760125
sample	prose_heavy	slob	lzma2	prefix	152	844959
sample	prose_heavy	slob	lzma2	prefix	153	1863541
sample	prose_heavy	slob	lzma2	prefix	154	60368125
sample	prose_heavy	slob	lzma2	prefix	155	49187541
sample	prose_heavy	slob	lzma2	prefix	156	2464000
sample	prose_heavy	slob	lzma2	prefix	157	811167
sample	prose_heavy	slob	lzma2	prefix	158	50387167
sample	prose_heavy	slob	lzma2	prefix	159	67036792
sample	prose_heavy	slob	lzma2	prefix	160	778500
sample	prose_heavy	slob	lzma2	prefix	161	860333
sample	prose_heavy	slob	lzma2	prefix	162	45802125
sample	prose_heavy	slob	lzma2	prefix	163	69918625
sample	prose_heavy	slob	lzma2	prefix	164	2229750
sample	prose_heavy	slob	lzma2	prefix	165	2662292
sample	prose_heavy	slob	lzma2	prefix	166	60816541
sample	prose_heavy	slob	lzma2	prefix	167	71250083
sample	prose_heavy	slob	lzma2	prefix	168	3049042
sample	prose_heavy	slob	lzma2	prefix	169	2435541
sample	prose_heavy	slob	lzma2	prefix	170	56792708
sample	prose_heavy	slob	lzma2	prefix	171	63561125
sample	prose_heavy	slob	lzma2	prefix	172	1733334
sample	prose_heavy	slob	lzma2	prefix	173	2105333
sample	prose_heavy	slob	lzma2	prefix	174	43812208
sample	prose_heavy	slob	lzma2	prefix	175	58960416
sample	prose_heavy	slob	lzma2	prefix	176	1412000
sample	prose_heavy	slob	lzma2	prefix	177	2443417
sample	prose_heavy	slob	lzma2	prefix	178	50018625
sample	prose_heavy	slob	lzma2	prefix	179	77556958
sample	prose_heavy	slob	lzma2	prefix	180	2771542
sample	prose_heavy	slob	lzma2	prefix	181	2791750
sample	prose_heavy	slob	lzma2	prefix	182	56830834
sample	prose_heavy	slob	lzma2	prefix	183	62738125
sample	prose_heavy	slob	lzma2	prefix	184	720042
sample	prose_heavy	slob	lzma2	prefix	185	860292
sample	prose_heavy	slob	lzma2	prefix	186	55655958
sample	prose_heavy	slob	lzma2	prefix	187	92249375
sample	prose_heavy	slob	lzma2	prefix	188	3977416
sample	prose_heavy	slob	lzma2	prefix	189	1688416
sample	prose_heavy	slob	lzma2	prefix	190	83216500
sample	prose_heavy	slob	lzma2	prefix	191	43893166
sample	prose_heavy	slob	lzma2	prefix	192	2077958
sample	prose_heavy	slob	lzma2	prefix	193	2499334
sample	prose_heavy	slob	lzma2	prefix	194	70051667
sample	prose_heavy	slob	lzma2	prefix	195	57760209
sample	prose_heavy	slob	lzma2	prefix	196	1077625
sample	prose_heavy	slob	lzma2	prefix	197	856125
sample	prose_heavy	slob	lzma2	prefix	198	53681209
sample	prose_heavy	slob	lzma2	prefix	199	59121708
sample	prose_heavy	slob	lzma2	prefix	200	1098458
sample	prose_heavy	slob	lzma2	prefix	201	1833625
sample	prose_heavy	slob	lzma2	prefix	202	40323250
sample	prose_heavy	slob	lzma2	prefix	203	46688208
sample	prose_heavy	slob	lzma2	prefix	204	921500
sample	prose_heavy	slob	lzma2	prefix	205	839500
sample	prose_heavy	slob	lzma2	prefix	206	43663375
sample	prose_heavy	slob	lzma2	prefix	207	49920833
sample	prose_heavy	slob	lzma2	prefix	208	744042
sample	prose_heavy	slob	lzma2	prefix	209	872458
sample	prose_heavy	slob	lzma2	prefix	210	53753625
sample	prose_heavy	slob	lzma2	prefix	211	43988333
sample	prose_heavy	slob	lzma2	prefix	212	1031542
sample	prose_heavy	slob	lzma2	prefix	213	1200000
sample	prose_heavy	slob	lzma2	prefix	214	40302000
sample	prose_heavy	slob	lzma2	prefix	215	39252667
sample	prose_heavy	slob	lzma2	prefix	216	770250
sample	prose_heavy	slob	lzma2	prefix	217	900292
sample	prose_heavy	slob	lzma2	prefix	218	46158125
sample	prose_heavy	slob	lzma2	prefix	219	46598583
sample	prose_heavy	slob	lzma2	prefix	220	928375
sample	prose_heavy	slob	lzma2	prefix	221	803042
sample	prose_heavy	slob	lzma2	prefix	222	46255583
sample	prose_heavy	slob	lzma2	prefix	223	38341959
sample	prose_heavy	slob	lzma2	prefix	224	1086417
sample	prose_heavy	slob	lzma2	prefix	225	1510458
sample	prose_heavy	slob	lzma2	prefix	226	46234000
sample	prose_heavy	slob	lzma2	prefix	227	44019667
sample	prose_heavy	slob	lzma2	prefix	228	2229792
sample	prose_heavy	slob	lzma2	prefix	229	816167
sample	prose_heavy	slob	lzma2	prefix	230	46250542
sample	prose_heavy	slob	lzma2	prefix	231	48272250
sample	prose_heavy	slob	lzma2	prefix	232	1382834
sample	prose_heavy	slob	lzma2	prefix	233	1605875
sample	prose_heavy	slob	lzma2	prefix	234	49037458
sample	prose_heavy	slob	lzma2	prefix	235	39994625
sample	prose_heavy	slob	lzma2	prefix	236	1519583
sample	prose_heavy	slob	lzma2	prefix	237	802625
sample	prose_heavy	slob	lzma2	prefix	238	52957542
sample	prose_heavy	slob	lzma2	prefix	239	57410083
sample	prose_heavy	slob	lzma2	prefix	240	761458
sample	prose_heavy	slob	lzma2	prefix	241	887500
sample	prose_heavy	slob	lzma2	prefix	242	57928666
sample	prose_heavy	slob	lzma2	prefix	243	45957042
sample	prose_heavy	slob	lzma2	prefix	244	1564334
sample	prose_heavy	slob	lzma2	prefix	245	1093750
sample	prose_heavy	slob	lzma2	prefix	246	46654208
sample	prose_heavy	slob	lzma2	prefix	247	47473542
sample	prose_heavy	slob	lzma2	prefix	248	740375
sample	prose_heavy	slob	lzma2	prefix	249	1446292
sample	prose_heavy	slob	lzma2	prefix	250	46933416
sample	prose_heavy	slob	lzma2	prefix	251	71484500
sample	prose_heavy	slob	lzma2	prefix	252	2878833
sample	prose_heavy	slob	lzma2	prefix	253	858334
sample	prose_heavy	slob	lzma2	prefix	254	47831292
sample	prose_heavy	slob	lzma2	prefix	255	40611125
sample	prose_heavy	slob	lzma2	prefix	256	742250
sample	prose_heavy	slob	lzma2	prefix	257	864375
sample	prose_heavy	slob	lzma2	prefix	258	43025417
sample	prose_heavy	slob	lzma2	prefix	259	47811375
sample	prose_heavy	slob	lzma2	prefix	260	856375
sample	prose_heavy	slob	lzma2	prefix	261	886209
sample	prose_heavy	slob	lzma2	prefix	262	60782709
sample	prose_heavy	slob	lzma2	prefix	263	46377334
sample	prose_heavy	slob	lzma2	prefix	264	755584
sample	prose_heavy	slob	lzma2	prefix	265	944584
sample	prose_heavy	slob	lzma2	prefix	266	46294042
sample	prose_heavy	slob	lzma2	prefix	267	42765542
sample	prose_heavy	slob	lzma2	prefix	268	922167
sample	prose_heavy	slob	lzma2	prefix	269	1040875
sample	prose_heavy	slob	lzma2	prefix	270	43797375
sample	prose_heavy	slob	lzma2	prefix	271	40362250
sample	prose_heavy	slob	lzma2	prefix	272	1223250
sample	prose_heavy	slob	lzma2	prefix	273	870667
sample	prose_heavy	slob	lzma2	prefix	274	39709500
sample	prose_heavy	slob	lzma2	prefix	275	41679667
sample	prose_heavy	slob	lzma2	prefix	276	894041
sample	prose_heavy	slob	lzma2	prefix	277	799958
sample	prose_heavy	slob	lzma2	prefix	278	47284583
sample	prose_heavy	slob	lzma2	prefix	279	50154834
sample	prose_heavy	slob	lzma2	prefix	280	744375
sample	prose_heavy	slob	lzma2	prefix	281	868583
sample	prose_heavy	slob	lzma2	prefix	282	38074875
sample	prose_heavy	slob	lzma2	prefix	283	41202500
sample	prose_heavy	slob	lzma2	prefix	284	914917
sample	prose_heavy	slob	lzma2	prefix	285	827125
sample	prose_heavy	slob	lzma2	prefix	286	38932917
sample	prose_heavy	slob	lzma2	prefix	287	41644041
sample	prose_heavy	slob	lzma2	prefix	288	1077084
sample	prose_heavy	slob	lzma2	prefix	289	876375
sample	prose_heavy	slob	lzma2	prefix	290	48852875
sample	prose_heavy	slob	lzma2	prefix	291	44867667
sample	prose_heavy	slob	lzma2	prefix	292	903791
sample	prose_heavy	slob	lzma2	prefix	293	847417
sample	prose_heavy	slob	lzma2	prefix	294	45514833
sample	prose_heavy	slob	lzma2	prefix	295	43401459
sample	prose_heavy	slob	lzma2	prefix	296	713875
sample	prose_heavy	slob	lzma2	prefix	297	863458
sample	prose_heavy	slob	lzma2	prefix	298	42409084
sample	prose_heavy	slob	lzma2	prefix	299	38723042
sample	prose_heavy	slob	lzma2	prefix	300	913125
sample	prose_heavy	slob	lzma2	prefix	301	801250
sample	prose_heavy	slob	lzma2	prefix	302	36602167
sample	prose_heavy	slob	lzma2	prefix	303	41139000
sample	prose_heavy	slob	lzma2	prefix	304	1089083
sample	prose_heavy	slob	lzma2	prefix	305	882542
sample	prose_heavy	slob	lzma2	prefix	306	39099166
sample	prose_heavy	slob	lzma2	prefix	307	44363292
sample	prose_heavy	slob	lzma2	prefix	308	932750
sample	prose_heavy	slob	lzma2	prefix	309	819500
sample	prose_heavy	slob	lzma2	prefix	310	39517083
sample	prose_heavy	slob	lzma2	prefix	311	38245792
sample	prose_heavy	slob	lzma2	prefix	312	1342084
sample	prose_heavy	slob	lzma2	prefix	313	893625
sample	prose_heavy	slob	lzma2	prefix	314	43131375
sample	prose_heavy	slob	lzma2	prefix	315	42748583
sample	prose_heavy	slob	lzma2	prefix	316	927500
sample	prose_heavy	slob	lzma2	prefix	317	827791
sample	prose_heavy	slob	lzma2	prefix	318	40921334
sample	prose_heavy	slob	lzma2	prefix	319	36418000
sample	prose_heavy	slob	lzma2	prefix	320	1422208
sample	prose_heavy	slob	lzma2	prefix	321	1103708
sample	prose_heavy	slob	lzma2	prefix	322	37623875
sample	prose_heavy	slob	lzma2	prefix	323	45842834
sample	prose_heavy	slob	lzma2	prefix	324	1239542
sample	prose_heavy	slob	lzma2	prefix	325	1444291
sample	prose_heavy	slob	lzma2	prefix	326	51303916
sample	prose_heavy	slob	lzma2	prefix	327	48939958
sample	prose_heavy	slob	lzma2	prefix	328	752042
sample	prose_heavy	slob	lzma2	prefix	329	868084
sample	prose_heavy	slob	lzma2	prefix	330	62535875
sample	prose_heavy	slob	lzma2	prefix	331	53076083
sample	prose_heavy	slob	lzma2	prefix	332	1676875
sample	prose_heavy	slob	lzma2	prefix	333	816958
sample	prose_heavy	slob	lzma2	prefix	334	56936584
sample	prose_heavy	slob	lzma2	prefix	335	63118709
sample	prose_heavy	slob	lzma2	prefix	336	758459
sample	prose_heavy	slob	lzma2	prefix	337	934667
sample	prose_heavy	slob	lzma2	prefix	338	54606500
sample	prose_heavy	slob	lzma2	prefix	339	56265541
sample	prose_heavy	slob	lzma2	prefix	340	919917
sample	prose_heavy	slob	lzma2	prefix	341	868459
sample	prose_heavy	slob	lzma2	prefix	342	56673750
sample	prose_heavy	slob	lzma2	prefix	343	57972459
sample	prose_heavy	slob	lzma2	prefix	344	1597375
sample	prose_heavy	slob	lzma2	prefix	345	1366666
sample	prose_heavy	slob	lzma2	prefix	346	77672250
sample	prose_heavy	slob	lzma2	prefix	347	64544375
sample	prose_heavy	slob	lzma2	prefix	348	1691750
sample	prose_heavy	slob	lzma2	prefix	349	1226166
sample	prose_heavy	slob	lzma2	prefix	350	73818791
sample	prose_heavy	slob	lzma2	prefix	351	65949041
sample	prose_heavy	slob	lzma2	prefix	352	762666
sample	prose_heavy	slob	lzma2	prefix	353	1919000
sample	prose_heavy	slob	lzma2	prefix	354	61861875
sample	prose_heavy	slob	lzma2	prefix	355	68533959
sample	prose_heavy	slob	lzma2	prefix	356	1652291
sample	prose_heavy	slob	lzma2	prefix	357	880416
sample	prose_heavy	slob	lzma2	prefix	358	71544500
sample	prose_heavy	slob	lzma2	prefix	359	65163042
sample	prose_heavy	slob	lzma2	prefix	360	1236667
sample	prose_heavy	slob	lzma2	prefix	361	961792
sample	prose_heavy	slob	lzma2	prefix	362	49488291
sample	prose_heavy	slob	lzma2	prefix	363	61751958
sample	prose_heavy	slob	lzma2	prefix	364	1117750
sample	prose_heavy	slob	lzma2	prefix	365	851291
sample	prose_heavy	slob	lzma2	prefix	366	58678208
sample	prose_heavy	slob	lzma2	prefix	367	55609875
sample	prose_heavy	slob	lzma2	prefix	368	2115958
sample	prose_heavy	slob	lzma2	prefix	369	1987791
sample	prose_heavy	slob	lzma2	prefix	370	54304833
sample	prose_heavy	slob	lzma2	prefix	371	67198625
sample	prose_heavy	slob	lzma2	prefix	372	965958
sample	prose_heavy	slob	lzma2	prefix	373	804666
sample	prose_heavy	slob	lzma2	prefix	374	50570167
sample	prose_heavy	slob	lzma2	prefix	375	68162209
sample	prose_heavy	slob	lzma2	prefix	376	775375
sample	prose_heavy	slob	lzma2	prefix	377	877541
sample	prose_heavy	slob	lzma2	prefix	378	67958000
sample	prose_heavy	slob	lzma2	prefix	379	64376667
sample	prose_heavy	slob	lzma2	prefix	380	1888875
sample	prose_heavy	slob	lzma2	prefix	381	1022875
sample	prose_heavy	slob	lzma2	prefix	382	47634167
sample	prose_heavy	slob	lzma2	prefix	383	41823417
sample	prose_heavy	slob	lzma2	prefix	384	736500
sample	prose_heavy	slob	lzma2	prefix	385	1545916
sample	prose_heavy	slob	lzma2	prefix	386	55495542
sample	prose_heavy	slob	lzma2	prefix	387	67234375
sample	prose_heavy	slob	lzma2	prefix	388	3143750
sample	prose_heavy	slob	lzma2	prefix	389	2150792
sample	prose_heavy	slob	lzma2	prefix	390	87058833
sample	prose_heavy	slob	lzma2	prefix	391	86849541
sample	prose_heavy	slob	lzma2	prefix	392	834334
sample	prose_heavy	slob	lzma2	prefix	393	1136750
sample	prose_heavy	slob	lzma2	prefix	394	67672834
sample	prose_heavy	slob	lzma2	prefix	395	72801917
sample	prose_heavy	slob	lzma2	prefix	396	994792
sample	prose_heavy	slob	lzma2	prefix	397	1429250
sample	prose_heavy	slob	lzma2	prefix	398	67597625
sample	prose_heavy	slob	lzma2	prefix	399	66189667
sample	prose_heavy	slob	lzma2	prefix	400	1852375
sample	prose_heavy	slob	lzma2	prefix	401	1866791
sample	prose_heavy	slob	lzma2	prefix	402	90993834
sample	prose_heavy	slob	lzma2	prefix	403	78452625
sample	prose_heavy	slob	lzma2	prefix	404	2284000
sample	prose_heavy	slob	lzma2	prefix	405	1925125
sample	prose_heavy	slob	lzma2	prefix	406	76555625
sample	prose_heavy	slob	lzma2	prefix	407	281737750
sample	prose_heavy	slob	lzma2	prefix	408	1690041
sample	prose_heavy	slob	lzma2	prefix	409	2129500
sample	prose_heavy	slob	lzma2	prefix	410	64566042
sample	prose_heavy	slob	lzma2	prefix	411	89829041
sample	prose_heavy	slob	lzma2	prefix	412	1223459
sample	prose_heavy	slob	lzma2	prefix	413	811500
sample	prose_heavy	slob	lzma2	prefix	414	68111333
sample	prose_heavy	slob	lzma2	prefix	415	56869375
sample	prose_heavy	slob	lzma2	prefix	416	1964084
sample	prose_heavy	slob	lzma2	prefix	417	2381667
sample	prose_heavy	slob	lzma2	prefix	418	45794166
sample	prose_heavy	slob	lzma2	prefix	419	78392375
sample	prose_heavy	slob	lzma2	prefix	420	2249917
sample	prose_heavy	slob	lzma2	prefix	421	2619541
sample	prose_heavy	slob	lzma2	prefix	422	81505791
sample	prose_heavy	slob	lzma2	prefix	423	91454625
sample	prose_heavy	slob	lzma2	prefix	424	864167
sample	prose_heavy	slob	lzma2	prefix	425	1650208
sample	prose_heavy	slob	lzma2	prefix	426	57176167
sample	prose_heavy	slob	lzma2	prefix	427	44980708
sample	prose_heavy	slob	lzma2	prefix	428	1161833
sample	prose_heavy	slob	lzma2	prefix	429	809583
sample	prose_heavy	slob	lzma2	prefix	430	65949542
sample	prose_heavy	slob	lzma2	prefix	431	86172209
sample	prose_heavy	slob	lzma2	prefix	432	1317708
sample	prose_heavy	slob	lzma2	prefix	433	2308542
sample	prose_heavy	slob	lzma2	prefix	434	64060458
sample	prose_heavy	slob	lzma2	prefix	435	62131000
sample	prose_heavy	slob	lzma2	prefix	436	2837291
sample	prose_heavy	slob	lzma2	prefix	437	5009709
sample	prose_heavy	slob	lzma2	prefix	438	68831458
sample	prose_heavy	slob	lzma2	prefix	439	115081583
sample	prose_heavy	slob	lzma2	prefix	440	981041
sample	prose_heavy	slob	lzma2	prefix	441	2566375
sample	prose_heavy	slob	lzma2	prefix	442	75970500
sample	prose_heavy	slob	lzma2	prefix	443	337708666
sample	prose_heavy	slob	lzma2	prefix	444	3518375
sample	prose_heavy	slob	lzma2	prefix	445	3134917
sample	prose_heavy	slob	lzma2	prefix	446	57841959
sample	prose_heavy	slob	lzma2	prefix	447	72429708
sample	prose_heavy	slob	lzma2	prefix	448	1386958
sample	prose_heavy	slob	lzma2	prefix	449	2836375
sample	prose_heavy	slob	lzma2	prefix	450	65211000
sample	prose_heavy	slob	lzma2	prefix	451	59581542
sample	prose_heavy	slob	lzma2	prefix	452	2849208
sample	prose_heavy	slob	lzma2	prefix	453	1450375
sample	prose_heavy	slob	lzma2	prefix	454	81517583
sample	prose_heavy	slob	lzma2	prefix	455	69195000
sample	prose_heavy	slob	lzma2	prefix	456	1271375
sample	prose_heavy	slob	lzma2	prefix	457	8446208
sample	prose_heavy	slob	lzma2	prefix	458	102402083
sample	prose_heavy	slob	lzma2	prefix	459	61269209
sample	prose_heavy	slob	lzma2	prefix	460	1177334
sample	prose_heavy	slob	lzma2	prefix	461	805625
sample	prose_heavy	slob	lzma2	prefix	462	61721583
sample	prose_heavy	slob	lzma2	prefix	463	62637125
sample	prose_heavy	slob	lzma2	prefix	464	739666
sample	prose_heavy	slob	lzma2	prefix	465	871625
sample	prose_heavy	slob	lzma2	prefix	466	48408959
sample	prose_heavy	slob	lzma2	prefix	467	55763959
sample	prose_heavy	slob	lzma2	prefix	468	942750
sample	prose_heavy	slob	lzma2	prefix	469	2188208
sample	prose_heavy	slob	lzma2	prefix	470	52524792
sample	prose_heavy	slob	lzma2	prefix	471	50582333
sample	prose_heavy	slob	lzma2	prefix	472	1025500
sample	prose_heavy	slob	lzma2	prefix	473	1359041
sample	prose_heavy	slob	lzma2	prefix	474	66224292
sample	prose_heavy	slob	lzma2	prefix	475	49799500
sample	prose_heavy	slob	lzma2	prefix	476	924958
sample	prose_heavy	slob	lzma2	prefix	477	2217167
sample	prose_heavy	slob	lzma2	prefix	478	42137125
sample	prose_heavy	slob	lzma2	prefix	479	44711791
sample	prose_heavy	slob	lzma2	prefix	480	1014000
sample	prose_heavy	slob	lzma2	prefix	481	1397417
sample	prose_heavy	slob	lzma2	prefix	482	40461416
sample	prose_heavy	slob	lzma2	prefix	483	41803375
sample	prose_heavy	slob	lzma2	prefix	484	891208
sample	prose_heavy	slob	lzma2	prefix	485	1465166
sample	prose_heavy	slob	lzma2	prefix	486	44061292
sample	prose_heavy	slob	lzma2	prefix	487	47298542
sample	prose_heavy	slob	lzma2	prefix	488	1914583
sample	prose_heavy	slob	lzma2	prefix	489	1786708
sample	prose_heavy	slob	lzma2	prefix	490	56578792
sample	prose_heavy	slob	lzma2	prefix	491	68371875
sample	prose_heavy	slob	lzma2	prefix	492	1576417
sample	prose_heavy	slob	lzma2	prefix	493	913667
sample	prose_heavy	slob	lzma2	prefix	494	48369958
sample	prose_heavy	slob	lzma2	prefix	495	51526792
sample	prose_heavy	slob	lzma2	prefix	496	2962375
sample	prose_heavy	slob	lzma2	prefix	497	1833625
sample	prose_heavy	slob	lzma2	prefix	498	45373292
sample	prose_heavy	slob	lzma2	prefix	499	57935958
sample	prose_heavy	slob	lzma2	prefix	500	2809208
sample	prose_heavy	slob	lzma2	prefix	501	2370125
sample	prose_heavy	slob	lzma2	prefix	502	67626709
sample	prose_heavy	slob	lzma2	prefix	503	89361084
sample	prose_heavy	slob	lzma2	prefix	504	1438000
sample	prose_heavy	slob	lzma2	prefix	505	2834958
sample	prose_heavy	slob	lzma2	prefix	506	109622750
sample	prose_heavy	slob	lzma2	prefix	507	136083000
sample	prose_heavy	slob	lzma2	prefix	508	1532208
sample	prose_heavy	slob	lzma2	prefix	509	2043125
sample	prose_heavy	slob	lzma2	prefix	510	112046583
sample	prose_heavy	slob	lzma2	prefix	511	90049000
sample	prose_heavy	slob	lzma2	prefix	512	2272000
sample	prose_heavy	slob	lzma2	prefix	513	2690666
sample	prose_heavy	slob	lzma2	prefix	514	70749916
sample	prose_heavy	slob	lzma2	prefix	515	65822083
sample	prose_heavy	slob	lzma2	prefix	516	3742167
sample	prose_heavy	slob	lzma2	prefix	517	2316125
sample	prose_heavy	slob	lzma2	prefix	518	66197875
sample	prose_heavy	slob	lzma2	prefix	519	66559875
sample	prose_heavy	slob	lzma2	prefix	520	1575875
sample	prose_heavy	slob	lzma2	prefix	521	2371167
sample	prose_heavy	slob	lzma2	prefix	522	64192166
sample	prose_heavy	slob	lzma2	prefix	523	71614500
sample	prose_heavy	slob	lzma2	prefix	524	1005625
sample	prose_heavy	slob	lzma2	prefix	525	1208833
sample	prose_heavy	slob	lzma2	prefix	526	55787875
sample	prose_heavy	slob	lzma2	prefix	527	51789584
sample	prose_heavy	slob	lzma2	prefix	528	815458
sample	prose_heavy	slob	lzma2	prefix	529	923250
sample	prose_heavy	slob	lzma2	prefix	530	61306416
sample	prose_heavy	slob	lzma2	prefix	531	50924875
sample	prose_heavy	slob	lzma2	prefix	532	1583334
sample	prose_heavy	slob	lzma2	prefix	533	1006500
sample	prose_heavy	slob	lzma2	prefix	534	73602458
sample	prose_heavy	slob	lzma2	prefix	535	53130292
sample	prose_heavy	slob	lzma2	prefix	536	3100458
sample	prose_heavy	slob	lzma2	prefix	537	2791792
sample	prose_heavy	slob	lzma2	prefix	538	59386375
sample	prose_heavy	slob	lzma2	prefix	539	49416292
sample	prose_heavy	slob	lzma2	prefix	540	1412709
sample	prose_heavy	slob	lzma2	prefix	541	1530291
sample	prose_heavy	slob	lzma2	prefix	542	53421625
sample	prose_heavy	slob	lzma2	prefix	543	51085208
sample	prose_heavy	slob	lzma2	prefix	544	740625
sample	prose_heavy	slob	lzma2	prefix	545	932208
sample	prose_heavy	slob	lzma2	prefix	546	60421959
sample	prose_heavy	slob	lzma2	prefix	547	53152834
sample	prose_heavy	slob	lzma2	prefix	548	1633166
sample	prose_heavy	slob	lzma2	prefix	549	1235209
sample	prose_heavy	slob	lzma2	prefix	550	74142917
sample	prose_heavy	slob	lzma2	prefix	551	66694750
sample	prose_heavy	slob	lzma2	prefix	552	2533292
sample	prose_heavy	slob	lzma2	prefix	553	3700208
sample	prose_heavy	slob	lzma2	prefix	554	74396583
sample	prose_heavy	slob	lzma2	prefix	555	69155708
sample	prose_heavy	slob	lzma2	prefix	556	1831875
sample	prose_heavy	slob	lzma2	prefix	557	1996584
sample	prose_heavy	slob	lzma2	prefix	558	52441500
sample	prose_heavy	slob	lzma2	prefix	559	62357333
sample	prose_heavy	slob	lzma2	prefix	560	1078458
sample	prose_heavy	slob	lzma2	prefix	561	1440750
sample	prose_heavy	slob	lzma2	prefix	562	54325917
sample	prose_heavy	slob	lzma2	prefix	563	84802625
sample	prose_heavy	slob	lzma2	prefix	564	2162917
sample	prose_heavy	slob	lzma2	prefix	565	2106167
sample	prose_heavy	slob	lzma2	prefix	566	68121125
sample	prose_heavy	slob	lzma2	prefix	567	49888500
sample	prose_heavy	slob	lzma2	prefix	568	885291
sample	prose_heavy	slob	lzma2	prefix	569	1253375
sample	prose_heavy	slob	lzma2	prefix	570	41579000
sample	prose_heavy	slob	lzma2	prefix	571	45046583
sample	prose_heavy	slob	lzma2	prefix	572	1201875
sample	prose_heavy	slob	lzma2	prefix	573	817541
sample	prose_heavy	slob	lzma2	prefix	574	48722292
sample	prose_heavy	slob	lzma2	prefix	575	42901208
sample	prose_heavy	slob	lzma2	prefix	576	777417
sample	prose_heavy	slob	lzma2	prefix	577	1339000
sample	prose_heavy	slob	lzma2	prefix	578	58447250
sample	prose_heavy	slob	lzma2	prefix	579	43619000
sample	prose_heavy	slob	lzma2	prefix	580	1622667
sample	prose_heavy	slob	lzma2	prefix	581	2097500
sample	prose_heavy	slob	lzma2	prefix	582	36110958
sample	prose_heavy	slob	lzma2	prefix	583	34333458
sample	prose_heavy	slob	lzma2	prefix	584	835167
sample	prose_heavy	slob	lzma2	prefix	585	1008417
sample	prose_heavy	slob	lzma2	prefix	586	35335708
sample	prose_heavy	slob	lzma2	prefix	587	39983292
sample	prose_heavy	slob	lzma2	prefix	588	1212625
sample	prose_heavy	slob	lzma2	prefix	589	838875
sample	prose_heavy	slob	lzma2	prefix	590	41961084
sample	prose_heavy	slob	lzma2	prefix	591	39931666
sample	prose_heavy	slob	lzma2	prefix	592	735083
sample	prose_heavy	slob	lzma2	prefix	593	1158750
sample	prose_heavy	slob	lzma2	prefix	594	38812959
sample	prose_heavy	slob	lzma2	prefix	595	35065041
sample	prose_heavy	slob	lzma2	prefix	596	919292
sample	prose_heavy	slob	lzma2	prefix	597	866875
sample	prose_heavy	slob	lzma2	prefix	598	34637042
sample	prose_heavy	slob	lzma2	prefix	599	35879958
sample	prose_heavy	slob	lzma2	prefix	600	1737583
sample	prose_heavy	slob	lzma2	prefix	601	1721000
sample	prose_heavy	slob	lzma2	prefix	602	44458042
sample	prose_heavy	slob	lzma2	prefix	603	57599542
sample	prose_heavy	slob	lzma2	prefix	604	1685000
sample	prose_heavy	slob	lzma2	prefix	605	1860583
sample	prose_heavy	slob	lzma2	prefix	606	53449166
sample	prose_heavy	slob	lzma2	prefix	607	52224208
sample	prose_heavy	slob	lzma2	prefix	608	1134292
sample	prose_heavy	slob	lzma2	prefix	609	1088875
sample	prose_heavy	slob	lzma2	prefix	610	42087000
sample	prose_heavy	slob	lzma2	prefix	611	47436250
sample	prose_heavy	slob	lzma2	prefix	612	906375
sample	prose_heavy	slob	lzma2	prefix	613	817167
sample	prose_heavy	slob	lzma2	prefix	614	39596500
sample	prose_heavy	slob	lzma2	prefix	615	39275083
sample	prose_heavy	slob	lzma2	prefix	616	731625
sample	prose_heavy	slob	lzma2	prefix	617	935792
sample	prose_heavy	slob	lzma2	prefix	618	39357375
sample	prose_heavy	slob	lzma2	prefix	619	38167333
sample	prose_heavy	slob	lzma2	prefix	620	884083
sample	prose_heavy	slob	lzma2	prefix	621	802041
sample	prose_heavy	slob	lzma2	prefix	622	33759833
sample	prose_heavy	slob	lzma2	prefix	623	37856084
sample	prose_heavy	slob	lzma2	prefix	624	845000
sample	prose_heavy	slob	lzma2	prefix	625	864334
sample	prose_heavy	slob	lzma2	prefix	626	40386375
sample	prose_heavy	slob	lzma2	prefix	627	39796750
sample	prose_heavy	slob	lzma2	prefix	628	1075584
sample	prose_heavy	slob	lzma2	prefix	629	908084
sample	prose_heavy	slob	lzma2	prefix	630	41271125
sample	prose_heavy	slob	lzma2	prefix	631	34309916
sample	prose_heavy	slob	lzma2	prefix	632	739625
sample	prose_heavy	slob	lzma2	prefix	633	889750
sample	prose_heavy	slob	lzma2	prefix	634	33308417
sample	prose_heavy	slob	lzma2	prefix	635	35566583
sample	prose_heavy	slob	lzma2	prefix	636	1655750
sample	prose_heavy	slob	lzma2	prefix	637	1324542
sample	prose_heavy	slob	lzma2	prefix	638	38519583
sample	prose_heavy	slob	lzma2	prefix	639	34863959
sample	prose_heavy	slob	lzma2	prefix	640	774167
sample	prose_heavy	slob	lzma2	prefix	641	1986834
sample	prose_heavy	slob	lzma2	prefix	642	58308417
sample	prose_heavy	slob	lzma2	prefix	643	92752875
sample	prose_heavy	slob	lzma2	prefix	644	3709458
sample	prose_heavy	slob	lzma2	prefix	645	2896208
sample	prose_heavy	slob	lzma2	prefix	646	53490000
sample	prose_heavy	slob	lzma2	prefix	647	43471833
sample	prose_heavy	slob	lzma2	prefix	648	731125
sample	prose_heavy	slob	lzma2	prefix	649	975333
sample	prose_heavy	slob	lzma2	prefix	650	42612542
sample	prose_heavy	slob	lzma2	prefix	651	44348417
sample	prose_heavy	slob	lzma2	prefix	652	884750
sample	prose_heavy	slob	lzma2	prefix	653	899625
sample	prose_heavy	slob	lzma2	prefix	654	44626292
sample	prose_heavy	slob	lzma2	prefix	655	42030125
sample	prose_heavy	slob	lzma2	prefix	656	746167
sample	prose_heavy	slob	lzma2	prefix	657	890541
sample	prose_heavy	slob	lzma2	prefix	658	36935667
sample	prose_heavy	slob	lzma2	prefix	659	63167250
sample	prose_heavy	slob	lzma2	prefix	660	2437584
sample	prose_heavy	slob	lzma2	prefix	661	995250
sample	prose_heavy	slob	lzma2	prefix	662	47592250
sample	prose_heavy	slob	lzma2	prefix	663	38345125
sample	prose_heavy	slob	lzma2	prefix	664	928500
sample	prose_heavy	slob	lzma2	prefix	665	1062084
sample	prose_heavy	slob	lzma2	prefix	666	38848333
sample	prose_heavy	slob	lzma2	prefix	667	44861125
sample	prose_heavy	slob	lzma2	prefix	668	2270792
sample	prose_heavy	slob	lzma2	prefix	669	1077084
sample	prose_heavy	slob	lzma2	prefix	670	47021667
sample	prose_heavy	slob	lzma2	prefix	671	38793250
sample	prose_heavy	slob	lzma2	prefix	672	736708
sample	prose_heavy	slob	lzma2	prefix	673	883333
sample	prose_heavy	slob	lzma2	prefix	674	39117750
sample	prose_heavy	slob	lzma2	prefix	675	51210500
sample	prose_heavy	slob	lzma2	prefix	676	992042
sample	prose_heavy	slob	lzma2	prefix	677	1093958
sample	prose_heavy	slob	lzma2	prefix	678	42149584
sample	prose_heavy	slob	lzma2	prefix	679	36610375
sample	prose_heavy	slob	lzma2	prefix	680	730333
sample	prose_heavy	slob	lzma2	prefix	681	1054584
sample	prose_heavy	slob	lzma2	prefix	682	35194041
sample	prose_heavy	slob	lzma2	prefix	683	39269500
sample	prose_heavy	slob	lzma2	prefix	684	1334791
sample	prose_heavy	slob	lzma2	prefix	685	811000
sample	prose_heavy	slob	lzma2	prefix	686	38940875
sample	prose_heavy	slob	lzma2	prefix	687	35625750
sample	prose_heavy	slob	lzma2	prefix	688	2015209
sample	prose_heavy	slob	lzma2	prefix	689	912208
sample	prose_heavy	slob	lzma2	prefix	690	35904125
sample	prose_heavy	slob	lzma2	prefix	691	38185500
sample	prose_heavy	slob	lzma2	prefix	692	894750
sample	prose_heavy	slob	lzma2	prefix	693	801917
sample	prose_heavy	slob	lzma2	prefix	694	39418167
sample	prose_heavy	slob	lzma2	prefix	695	37138125
sample	prose_heavy	slob	lzma2	prefix	696	1003959
sample	prose_heavy	slob	lzma2	prefix	697	2187833
sample	prose_heavy	slob	lzma2	prefix	698	33463125
sample	prose_heavy	slob	lzma2	prefix	699	37834083
sample	prose_heavy	slob	lzma2	prefix	700	926250
sample	prose_heavy	slob	lzma2	prefix	701	15694291
sample	prose_heavy	slob	lzma2	prefix	702	44353958
sample	prose_heavy	slob	lzma2	prefix	703	36641833
sample	prose_heavy	slob	lzma2	prefix	704	720500
sample	prose_heavy	slob	lzma2	prefix	705	870292
sample	prose_heavy	slob	lzma2	prefix	706	42500666
sample	prose_heavy	slob	lzma2	prefix	707	44688792
sample	prose_heavy	slob	lzma2	prefix	708	2590416
sample	prose_heavy	slob	lzma2	prefix	709	1279000
sample	prose_heavy	slob	lzma2	prefix	710	51525500
sample	prose_heavy	slob	lzma2	prefix	711	42177584
sample	prose_heavy	slob	lzma2	prefix	712	740792
sample	prose_heavy	slob	lzma2	prefix	713	875667
sample	prose_heavy	slob	lzma2	prefix	714	54630250
sample	prose_heavy	slob	lzma2	prefix	715	39419125
sample	prose_heavy	slob	lzma2	prefix	716	1563000
sample	prose_heavy	slob	lzma2	prefix	717	1114791
sample	prose_heavy	slob	lzma2	prefix	718	67617125
sample	prose_heavy	slob	lzma2	prefix	719	38914625
sample	prose_heavy	slob	lzma2	prefix	720	1215250
sample	prose_heavy	slob	lzma2	prefix	721	1351584
sample	prose_heavy	slob	lzma2	prefix	722	40057083
sample	prose_heavy	slob	lzma2	prefix	723	43948208
sample	prose_heavy	slob	lzma2	prefix	724	890042
sample	prose_heavy	slob	lzma2	prefix	725	890417
sample	prose_heavy	slob	lzma2	prefix	726	40609875
sample	prose_heavy	slob	lzma2	prefix	727	40227292
sample	prose_heavy	slob	lzma2	prefix	728	796708
sample	prose_heavy	slob	lzma2	prefix	729	913750
sample	prose_heavy	slob	lzma2	prefix	730	59820875
sample	prose_heavy	slob	lzma2	prefix	731	50143375
sample	prose_heavy	slob	lzma2	prefix	732	900417
sample	prose_heavy	slob	lzma2	prefix	733	853583
sample	prose_heavy	slob	lzma2	prefix	734	56839791
sample	prose_heavy	slob	lzma2	prefix	735	71675333
sample	prose_heavy	slob	lzma2	prefix	736	1367042
sample	prose_heavy	slob	lzma2	prefix	737	2560292
sample	prose_heavy	slob	lzma2	prefix	738	64854917
sample	prose_heavy	slob	lzma2	prefix	739	49976250
sample	prose_heavy	slob	lzma2	prefix	740	865292
sample	prose_heavy	slob	lzma2	prefix	741	1217667
sample	prose_heavy	slob	lzma2	prefix	742	39982416
sample	prose_heavy	slob	lzma2	prefix	743	42326750
sample	prose_heavy	slob	lzma2	prefix	744	740667
sample	prose_heavy	slob	lzma2	prefix	745	975292
sample	prose_heavy	slob	lzma2	prefix	746	43021292
sample	prose_heavy	slob	lzma2	prefix	747	41022667
sample	prose_heavy	slob	lzma2	prefix	748	880583
sample	prose_heavy	slob	lzma2	prefix	749	806208
sample	prose_heavy	slob	lzma2	prefix	750	38506750
sample	prose_heavy	slob	lzma2	prefix	751	37655583
sample	prose_heavy	slob	lzma2	prefix	752	810792
sample	prose_heavy	slob	lzma2	prefix	753	872792
sample	prose_heavy	slob	lzma2	prefix	754	40939042
sample	prose_heavy	slob	lzma2	prefix	755	41834583
sample	prose_heavy	slob	lzma2	prefix	756	970500
sample	prose_heavy	slob	lzma2	prefix	757	813041
sample	prose_heavy	slob	lzma2	prefix	758	37150875
sample	prose_heavy	slob	lzma2	prefix	759	35552416
sample	prose_heavy	slob	lzma2	prefix	760	728334
sample	prose_heavy	slob	lzma2	prefix	761	870875
sample	prose_heavy	slob	lzma2	prefix	762	41938625
sample	prose_heavy	slob	lzma2	prefix	763	43125875
sample	prose_heavy	slob	lzma2	prefix	764	942416
sample	prose_heavy	slob	lzma2	prefix	765	2842625
sample	prose_heavy	slob	lzma2	prefix	766	49401792
sample	prose_heavy	slob	lzma2	prefix	767	38741958
sample	prose_heavy	slob	lzma2	prefix	768	747667
sample	prose_heavy	slob	lzma2	prefix	769	873041
sample	prose_heavy	slob	lzma2	prefix	770	41684417
sample	prose_heavy	slob	lzma2	prefix	771	43522000
sample	prose_heavy	slob	lzma2	prefix	772	867000
sample	prose_heavy	slob	lzma2	prefix	773	795292
sample	prose_heavy	slob	lzma2	prefix	774	38798834
sample	prose_heavy	slob	lzma2	prefix	775	39972042
sample	prose_heavy	slob	lzma2	prefix	776	788500
sample	prose_heavy	slob	lzma2	prefix	777	1527708
sample	prose_heavy	slob	lzma2	prefix	778	41931041
sample	prose_heavy	slob	lzma2	prefix	779	41468791
sample	prose_heavy	slob	lzma2	prefix	780	1369333
sample	prose_heavy	slob	lzma2	prefix	781	2023542
sample	prose_heavy	slob	lzma2	prefix	782	40896792
sample	prose_heavy	slob	lzma2	prefix	783	40115000
sample	prose_heavy	slob	lzma2	prefix	784	753167
sample	prose_heavy	slob	lzma2	prefix	785	2271458
sample	prose_heavy	slob	lzma2	prefix	786	54995333
sample	prose_heavy	slob	lzma2	prefix	787	54266708
sample	prose_heavy	slob	lzma2	prefix	788	900333
sample	prose_heavy	slob	lzma2	prefix	789	1081834
sample	prose_heavy	slob	lzma2	prefix	790	52640875
sample	prose_heavy	slob	lzma2	prefix	791	43101250
sample	prose_heavy	slob	lzma2	prefix	792	1021875
sample	prose_heavy	slob	lzma2	prefix	793	863125
sample	prose_heavy	slob	lzma2	prefix	794	35345959
sample	prose_heavy	slob	lzma2	prefix	795	37740750
sample	prose_heavy	slob	lzma2	prefix	796	1767208
sample	prose_heavy	slob	lzma2	prefix	797	1138666
sample	prose_heavy	slob	lzma2	prefix	798	36590833
sample	prose_heavy	slob	lzma2	prefix	799	35112125
sample	prose_heavy	slob	lzma2	prefix	800	716833
sample	prose_heavy	slob	lzma2	prefix	801	867834
sample	prose_heavy	slob	lzma2	prefix	802	39490208
sample	prose_heavy	slob	lzma2	prefix	803	41060250
sample	prose_heavy	slob	lzma2	prefix	804	911791
sample	prose_heavy	slob	lzma2	prefix	805	845667
sample	prose_heavy	slob	lzma2	prefix	806	36087083
sample	prose_heavy	slob	lzma2	prefix	807	36215375
sample	prose_heavy	slob	lzma2	prefix	808	906667
sample	prose_heavy	slob	lzma2	prefix	809	869459
sample	prose_heavy	slob	lzma2	prefix	810	38091125
sample	prose_heavy	slob	lzma2	prefix	811	38386584
sample	prose_heavy	slob	lzma2	prefix	812	2051625
sample	prose_heavy	slob	lzma2	prefix	813	2344584
sample	prose_heavy	slob	lzma2	prefix	814	49217750
sample	prose_heavy	slob	lzma2	prefix	815	42646500
sample	prose_heavy	slob	lzma2	prefix	816	759459
sample	prose_heavy	slob	lzma2	prefix	817	983208
sample	prose_heavy	slob	lzma2	prefix	818	43024500
sample	prose_heavy	slob	lzma2	prefix	819	38467625
sample	prose_heavy	slob	lzma2	prefix	820	870458
sample	prose_heavy	slob	lzma2	prefix	821	803083
sample	prose_heavy	slob	lzma2	prefix	822	38992667
sample	prose_heavy	slob	lzma2	prefix	823	38518833
sample	prose_heavy	slob	lzma2	prefix	824	773708
sample	prose_heavy	slob	lzma2	prefix	825	1914084
sample	prose_heavy	slob	lzma2	prefix	826	47895167
sample	prose_heavy	slob	lzma2	prefix	827	36557375
sample	prose_heavy	slob	lzma2	prefix	828	923458
sample	prose_heavy	slob	lzma2	prefix	829	813750
sample	prose_heavy	slob	lzma2	prefix	830	39782125
sample	prose_heavy	slob	lzma2	prefix	831	41753542
sample	prose_heavy	slob	lzma2	prefix	832	776792
sample	prose_heavy	slob	lzma2	prefix	833	1010625
sample	prose_heavy	slob	lzma2	prefix	834	36120041
sample	prose_heavy	slob	lzma2	prefix	835	34690292
sample	prose_heavy	slob	lzma2	prefix	836	1555834
sample	prose_heavy	slob	lzma2	prefix	837	808584
sample	prose_heavy	slob	lzma2	prefix	838	34168417
sample	prose_heavy	slob	lzma2	prefix	839	43774417
sample	prose_heavy	slob	lzma2	prefix	840	711750
sample	prose_heavy	slob	lzma2	prefix	841	1004542
sample	prose_heavy	slob	lzma2	prefix	842	40495833
sample	prose_heavy	slob	lzma2	prefix	843	40939917
sample	prose_heavy	slob	lzma2	prefix	844	934417
sample	prose_heavy	slob	lzma2	prefix	845	1012459
sample	prose_heavy	slob	lzma2	prefix	846	37717750
sample	prose_heavy	slob	lzma2	prefix	847	35995166
sample	prose_heavy	slob	lzma2	prefix	848	728458
sample	prose_heavy	slob	lzma2	prefix	849	854625
sample	prose_heavy	slob	lzma2	prefix	850	37495875
sample	prose_heavy	slob	lzma2	prefix	851	35581334
sample	prose_heavy	slob	lzma2	prefix	852	906875
sample	prose_heavy	slob	lzma2	prefix	853	813542
sample	prose_heavy	slob	lzma2	prefix	854	39063750
sample	prose_heavy	slob	lzma2	prefix	855	35873625
sample	prose_heavy	slob	lzma2	prefix	856	799084
sample	prose_heavy	slob	lzma2	prefix	857	1035750
sample	prose_heavy	slob	lzma2	prefix	858	36516167
sample	prose_heavy	slob	lzma2	prefix	859	35447334
sample	prose_heavy	slob	lzma2	prefix	860	1144584
sample	prose_heavy	slob	lzma2	prefix	861	808541
sample	prose_heavy	slob	lzma2	prefix	862	35199833
sample	prose_heavy	slob	lzma2	prefix	863	35085417
sample	prose_heavy	slob	lzma2	prefix	864	723083
sample	prose_heavy	slob	lzma2	prefix	865	854458
sample	prose_heavy	slob	lzma2	prefix	866	37289208
sample	prose_heavy	slob	lzma2	prefix	867	40945375
sample	prose_heavy	slob	lzma2	prefix	868	852416
sample	prose_heavy	slob	lzma2	prefix	869	1444083
sample	prose_heavy	slob	lzma2	prefix	870	39558125
sample	prose_heavy	slob	lzma2	prefix	871	34944625
sample	prose_heavy	slob	lzma2	prefix	872	722834
sample	prose_heavy	slob	lzma2	prefix	873	924458
sample	prose_heavy	slob	lzma2	prefix	874	36090292
sample	prose_heavy	slob	lzma2	prefix	875	39964000
sample	prose_heavy	slob	lzma2	prefix	876	858000
sample	prose_heavy	slob	lzma2	prefix	877	1053375
sample	prose_heavy	slob	lzma2	prefix	878	35871083
sample	prose_heavy	slob	lzma2	prefix	879	36538875
sample	prose_heavy	slob	lzma2	prefix	880	738500
sample	prose_heavy	slob	lzma2	prefix	881	876375
sample	prose_heavy	slob	lzma2	prefix	882	36048208
sample	prose_heavy	slob	lzma2	prefix	883	36474792
sample	prose_heavy	slob	lzma2	prefix	884	877500
sample	prose_heavy	slob	lzma2	prefix	885	793042
sample	prose_heavy	slob	lzma2	prefix	886	36026541
sample	prose_heavy	slob	lzma2	prefix	887	39716333
sample	prose_heavy	slob	lzma2	prefix	888	716375
sample	prose_heavy	slob	lzma2	prefix	889	1060792
sample	prose_heavy	slob	lzma2	prefix	890	37475208
sample	prose_heavy	slob	lzma2	prefix	891	34330834
sample	prose_heavy	slob	lzma2	prefix	892	915542
sample	prose_heavy	slob	lzma2	prefix	893	802000
sample	prose_heavy	slob	lzma2	prefix	894	36405875
sample	prose_heavy	slob	lzma2	prefix	895	35807416
sample	prose_heavy	slob	lzma2	prefix	896	765500
sample	prose_heavy	slob	lzma2	prefix	897	1679083
sample	prose_heavy	slob	lzma2	prefix	898	34535916
sample	prose_heavy	slob	lzma2	prefix	899	36668208
sample	prose_heavy	slob	lzma2	prefix	900	912000
sample	prose_heavy	slob	lzma2	prefix	901	818958
sample	prose_heavy	slob	lzma2	prefix	902	34654209
sample	prose_heavy	slob	lzma2	prefix	903	35045750
sample	prose_heavy	slob	lzma2	prefix	904	762250
sample	prose_heavy	slob	lzma2	prefix	905	880334
sample	prose_heavy	slob	lzma2	prefix	906	40413000
sample	prose_heavy	slob	lzma2	prefix	907	45122875
sample	prose_heavy	slob	lzma2	prefix	908	904667
sample	prose_heavy	slob	lzma2	prefix	909	812834
sample	prose_heavy	slob	lzma2	prefix	910	34377125
sample	prose_heavy	slob	lzma2	prefix	911	34264042
sample	prose_heavy	slob	lzma2	prefix	912	891166
sample	prose_heavy	slob	lzma2	prefix	913	860792
sample	prose_heavy	slob	lzma2	prefix	914	36292292
sample	prose_heavy	slob	lzma2	prefix	915	37520208
sample	prose_heavy	slob	lzma2	prefix	916	1079166
sample	prose_heavy	slob	lzma2	prefix	917	1328834
sample	prose_heavy	slob	lzma2	prefix	918	35466166
sample	prose_heavy	slob	lzma2	prefix	919	35904458
sample	prose_heavy	slob	lzma2	prefix	920	771875
sample	prose_heavy	slob	lzma2	prefix	921	967708
sample	prose_heavy	slob	lzma2	prefix	922	36189459
sample	prose_heavy	slob	lzma2	prefix	923	38881167
sample	prose_heavy	slob	lzma2	prefix	924	873708
sample	prose_heavy	slob	lzma2	prefix	925	797792
sample	prose_heavy	slob	lzma2	prefix	926	38029791
sample	prose_heavy	slob	lzma2	prefix	927	38645166
sample	prose_heavy	slob	lzma2	prefix	928	723250
sample	prose_heavy	slob	lzma2	prefix	929	1148666
sample	prose_heavy	slob	lzma2	prefix	930	37242541
sample	prose_heavy	slob	lzma2	prefix	931	44863250
sample	prose_heavy	slob	lzma2	prefix	932	892125
sample	prose_heavy	slob	lzma2	prefix	933	804000
sample	prose_heavy	slob	lzma2	prefix	934	42450459
sample	prose_heavy	slob	lzma2	prefix	935	41467417
sample	prose_heavy	slob	lzma2	prefix	936	1568083
sample	prose_heavy	slob	lzma2	prefix	937	2085500
sample	prose_heavy	slob	lzma2	prefix	938	64865708
sample	prose_heavy	slob	lzma2	prefix	939	36685500
sample	prose_heavy	slob	lzma2	prefix	940	906000
sample	prose_heavy	slob	lzma2	prefix	941	809083
sample	prose_heavy	slob	lzma2	prefix	942	38820209
sample	prose_heavy	slob	lzma2	prefix	943	39774083
sample	prose_heavy	slob	lzma2	prefix	944	751958
sample	prose_heavy	slob	lzma2	prefix	945	1074750
sample	prose_heavy	slob	lzma2	prefix	946	33442833
sample	prose_heavy	slob	lzma2	prefix	947	42405250
sample	prose_heavy	slob	lzma2	prefix	948	893833
sample	prose_heavy	slob	lzma2	prefix	949	805958
sample	prose_heavy	slob	lzma2	prefix	950	36654875
sample	prose_heavy	slob	lzma2	prefix	951	33920375
sample	prose_heavy	slob	lzma2	prefix	952	795083
sample	prose_heavy	slob	lzma2	prefix	953	865625
sample	prose_heavy	slob	lzma2	prefix	954	35170208
sample	prose_heavy	slob	lzma2	prefix	955	35583750
sample	prose_heavy	slob	lzma2	prefix	956	895709
sample	prose_heavy	slob	lzma2	prefix	957	809208
sample	prose_heavy	slob	lzma2	prefix	958	34066000
sample	prose_heavy	slob	lzma2	prefix	959	37899292
sample	prose_heavy	slob	lzma2	prefix	960	768291
sample	prose_heavy	slob	lzma2	prefix	961	902250
sample	prose_heavy	slob	lzma2	prefix	962	39003917
sample	prose_heavy	slob	lzma2	prefix	963	41547125
sample	prose_heavy	slob	lzma2	prefix	964	896916
sample	prose_heavy	slob	lzma2	prefix	965	1332000
sample	prose_heavy	slob	lzma2	prefix	966	39390417
sample	prose_heavy	slob	lzma2	prefix	967	36461166
sample	prose_heavy	slob	lzma2	prefix	968	756167
sample	prose_heavy	slob	lzma2	prefix	969	873458
sample	prose_heavy	slob	lzma2	prefix	970	38073792
sample	prose_heavy	slob	lzma2	prefix	971	37997208
sample	prose_heavy	slob	lzma2	prefix	972	939250
sample	prose_heavy	slob	lzma2	prefix	973	809542
sample	prose_heavy	slob	lzma2	prefix	974	36460541
sample	prose_heavy	slob	lzma2	prefix	975	38042125
sample	prose_heavy	slob	lzma2	prefix	976	736917
sample	prose_heavy	slob	lzma2	prefix	977	860125
sample	prose_heavy	slob	lzma2	prefix	978	33655750
sample	prose_heavy	slob	lzma2	prefix	979	37375417
sample	prose_heavy	slob	lzma2	prefix	980	1557666
sample	prose_heavy	slob	lzma2	prefix	981	1665458
sample	prose_heavy	slob	lzma2	prefix	982	37641875
sample	prose_heavy	slob	lzma2	prefix	983	52914125
sample	prose_heavy	slob	lzma2	prefix	984	1198167
sample	prose_heavy	slob	lzma2	prefix	985	1601917
sample	prose_heavy	slob	lzma2	prefix	986	47548625
sample	prose_heavy	slob	lzma2	prefix	987	50754208
sample	prose_heavy	slob	lzma2	prefix	988	1141000
sample	prose_heavy	slob	lzma2	prefix	989	833875
sample	prose_heavy	slob	lzma2	prefix	990	37881500
sample	prose_heavy	slob	lzma2	prefix	991	35521000
sample	prose_heavy	slob	lzma2	prefix	992	746791
sample	prose_heavy	slob	lzma2	prefix	993	861334
sample	prose_heavy	slob	lzma2	prefix	994	33509625
sample	prose_heavy	slob	lzma2	prefix	995	33043458
sample	prose_heavy	slob	lzma2	prefix	996	933417
sample	prose_heavy	slob	lzma2	prefix	997	1412000
sample	prose_heavy	slob	lzma2	prefix	998	34500292
sample	prose_heavy	slob	lzma2	prefix	999	37222000
sample	prose_heavy	slob	lzma2	render	0	201583
sample	prose_heavy	slob	lzma2	render	1	224166
sample	prose_heavy	slob	lzma2	render	2	76959
sample	prose_heavy	slob	lzma2	render	3	71625
sample	prose_heavy	slob	lzma2	render	4	73000
sample	prose_heavy	slob	lzma2	render	5	77000
sample	prose_heavy	slob	lzma2	render	6	72917
sample	prose_heavy	slob	lzma2	render	7	161666
sample	prose_heavy	slob	lzma2	render	8	63625
sample	prose_heavy	slob	lzma2	render	9	82542
sample	prose_heavy	slob	lzma2	render	10	66834
sample	prose_heavy	slob	lzma2	render	11	58917
sample	prose_heavy	slob	lzma2	render	12	70708
sample	prose_heavy	slob	lzma2	render	13	65459
sample	prose_heavy	slob	lzma2	render	14	66458
sample	prose_heavy	slob	lzma2	render	15	19333
sample	prose_heavy	slob	lzma2	render	16	18459
sample	prose_heavy	slob	lzma2	render	17	19583
sample	prose_heavy	slob	lzma2	render	18	19458
sample	prose_heavy	slob	lzma2	render	19	19750
sample	prose_heavy	slob	lzma2	render	20	40875
sample	prose_heavy	slob	lzma2	render	21	56625
sample	prose_heavy	slob	lzma2	render	22	25542
sample	prose_heavy	slob	lzma2	render	23	22292
sample	prose_heavy	slob	lzma2	render	24	22625
sample	prose_heavy	slob	lzma2	render	25	21417
sample	prose_heavy	slob	lzma2	render	26	19416
sample	prose_heavy	slob	lzma2	render	27	20834
sample	prose_heavy	slob	lzma2	render	28	20750
sample	prose_heavy	slob	lzma2	render	29	19500
sample	prose_heavy	slob	lzma2	render	30	29792
sample	prose_heavy	slob	lzma2	render	31	113916
sample	prose_heavy	slob	lzma2	render	32	63334
sample	prose_heavy	slob	lzma2	render	33	54458
sample	prose_heavy	slob	lzma2	render	34	52208
sample	prose_heavy	slob	lzma2	render	35	50750
sample	prose_heavy	slob	lzma2	render	36	92666
sample	prose_heavy	slob	lzma2	render	37	248916
sample	prose_heavy	slob	lzma2	render	38	51792
sample	prose_heavy	slob	lzma2	render	39	24167
sample	prose_heavy	slob	lzma2	render	40	19625
sample	prose_heavy	slob	lzma2	render	41	19041
sample	prose_heavy	slob	lzma2	render	42	19250
sample	prose_heavy	slob	lzma2	render	43	19708
sample	prose_heavy	slob	lzma2	render	44	19291
sample	prose_heavy	slob	lzma2	render	45	37334
sample	prose_heavy	slob	lzma2	render	46	20250
sample	prose_heavy	slob	lzma2	render	47	18291
sample	prose_heavy	slob	lzma2	render	48	18208
sample	prose_heavy	slob	lzma2	render	49	18167
sample	prose_heavy	slob	lzma2	render	50	18500
sample	prose_heavy	slob	lzma2	render	51	17625
sample	prose_heavy	slob	lzma2	render	52	18167
sample	prose_heavy	slob	lzma2	render	53	18625
sample	prose_heavy	slob	lzma2	render	54	18417
sample	prose_heavy	slob	lzma2	render	55	19709
sample	prose_heavy	slob	lzma2	render	56	18209
sample	prose_heavy	slob	lzma2	render	57	19958
sample	prose_heavy	slob	lzma2	render	58	20250
sample	prose_heavy	slob	lzma2	render	59	18958
sample	prose_heavy	slob	lzma2	render	60	17500
sample	prose_heavy	slob	lzma2	render	61	17917
sample	prose_heavy	slob	lzma2	render	62	18541
sample	prose_heavy	slob	lzma2	render	63	36667
sample	prose_heavy	slob	lzma2	render	64	18458
sample	prose_heavy	slob	lzma2	render	65	18667
sample	prose_heavy	slob	lzma2	render	66	59541
sample	prose_heavy	slob	lzma2	render	67	49166
sample	prose_heavy	slob	lzma2	render	68	24834
sample	prose_heavy	slob	lzma2	render	69	19375
sample	prose_heavy	slob	lzma2	render	70	19000
sample	prose_heavy	slob	lzma2	render	71	18167
sample	prose_heavy	slob	lzma2	render	72	118959
sample	prose_heavy	slob	lzma2	render	73	27541
sample	prose_heavy	slob	lzma2	render	74	28292
sample	prose_heavy	slob	lzma2	render	75	23250
sample	prose_heavy	slob	lzma2	render	76	19833
sample	prose_heavy	slob	lzma2	render	77	19000
sample	prose_heavy	slob	lzma2	render	78	46875
sample	prose_heavy	slob	lzma2	render	79	42333
sample	prose_heavy	slob	lzma2	render	80	23875
sample	prose_heavy	slob	lzma2	render	81	19875
sample	prose_heavy	slob	lzma2	render	82	18667
sample	prose_heavy	slob	lzma2	render	83	18625
sample	prose_heavy	slob	lzma2	render	84	18375
sample	prose_heavy	slob	lzma2	render	85	18917
sample	prose_heavy	slob	lzma2	render	86	18125
sample	prose_heavy	slob	lzma2	render	87	20166
sample	prose_heavy	slob	lzma2	render	88	23750
sample	prose_heavy	slob	lzma2	render	89	19000
sample	prose_heavy	slob	lzma2	render	90	31916
sample	prose_heavy	slob	lzma2	render	91	21292
sample	prose_heavy	slob	lzma2	render	92	48042
sample	prose_heavy	slob	lzma2	render	93	24500
sample	prose_heavy	slob	lzma2	render	94	20667
sample	prose_heavy	slob	lzma2	render	95	19875
sample	prose_heavy	slob	lzma2	render	96	20041
sample	prose_heavy	slob	lzma2	render	97	19083
sample	prose_heavy	slob	lzma2	render	98	19875
sample	prose_heavy	slob	lzma2	render	99	20250
sample	prose_heavy	slob	lzma2	render	100	18042
sample	prose_heavy	slob	lzma2	render	101	58167
sample	prose_heavy	slob	lzma2	render	102	24916
sample	prose_heavy	slob	lzma2	render	103	19208
sample	prose_heavy	slob	lzma2	render	104	18583
sample	prose_heavy	slob	lzma2	render	105	18125
sample	prose_heavy	slob	lzma2	render	106	18917
sample	prose_heavy	slob	lzma2	render	107	19125
sample	prose_heavy	slob	lzma2	render	108	125541
sample	prose_heavy	slob	lzma2	render	109	88000
sample	prose_heavy	slob	lzma2	render	110	23958
sample	prose_heavy	slob	lzma2	render	111	42708
sample	prose_heavy	slob	lzma2	render	112	22750
sample	prose_heavy	slob	lzma2	render	113	20291
sample	prose_heavy	slob	lzma2	render	114	17875
sample	prose_heavy	slob	lzma2	render	115	18583
sample	prose_heavy	slob	lzma2	render	116	18875
sample	prose_heavy	slob	lzma2	render	117	110500
sample	prose_heavy	slob	lzma2	render	118	24916
sample	prose_heavy	slob	lzma2	render	119	25625
sample	prose_heavy	slob	lzma2	render	120	24334
sample	prose_heavy	slob	lzma2	render	121	19833
sample	prose_heavy	slob	lzma2	render	122	17958
sample	prose_heavy	slob	lzma2	render	123	18875
sample	prose_heavy	slob	lzma2	render	124	20042
sample	prose_heavy	slob	lzma2	render	125	19375
sample	prose_heavy	slob	lzma2	render	126	150083
sample	prose_heavy	slob	lzma2	render	127	31250
sample	prose_heavy	slob	lzma2	render	128	79750
sample	prose_heavy	slob	lzma2	render	129	62667
sample	prose_heavy	slob	lzma2	render	130	66208
sample	prose_heavy	slob	lzma2	render	131	48125
sample	prose_heavy	slob	lzma2	render	132	59416
sample	prose_heavy	slob	lzma2	render	133	51000
sample	prose_heavy	slob	lzma2	render	134	44834
sample	prose_heavy	slob	lzma2	render	135	118041
sample	prose_heavy	slob	lzma2	render	136	42250
sample	prose_heavy	slob	lzma2	render	137	23166
sample	prose_heavy	slob	lzma2	render	138	19958
sample	prose_heavy	slob	lzma2	render	139	18625
sample	prose_heavy	slob	lzma2	render	140	18125
sample	prose_heavy	slob	lzma2	render	141	21042
sample	prose_heavy	slob	lzma2	render	142	18292
sample	prose_heavy	slob	lzma2	render	143	19708
sample	prose_heavy	slob	lzma2	render	144	18125
sample	prose_heavy	slob	lzma2	render	145	20458
sample	prose_heavy	slob	lzma2	render	146	18417
sample	prose_heavy	slob	lzma2	render	147	60792
sample	prose_heavy	slob	lzma2	render	148	23209
sample	prose_heavy	slob	lzma2	render	149	19833
sample	prose_heavy	slob	lzma2	render	150	44458
sample	prose_heavy	slob	lzma2	render	151	18333
sample	prose_heavy	slob	lzma2	render	152	18125
sample	prose_heavy	slob	lzma2	render	153	20916
sample	prose_heavy	slob	lzma2	render	154	18125
sample	prose_heavy	slob	lzma2	render	155	18334
sample	prose_heavy	slob	lzma2	render	156	17667
sample	prose_heavy	slob	lzma2	render	157	18083
sample	prose_heavy	slob	lzma2	render	158	18208
sample	prose_heavy	slob	lzma2	render	159	19333
sample	prose_heavy	slob	lzma2	render	160	18250
sample	prose_heavy	slob	lzma2	render	161	17834
sample	prose_heavy	slob	lzma2	render	162	18208
sample	prose_heavy	slob	lzma2	render	163	41416
sample	prose_heavy	slob	lzma2	render	164	19500
sample	prose_heavy	slob	lzma2	render	165	44208
sample	prose_heavy	slob	lzma2	render	166	25459
sample	prose_heavy	slob	lzma2	render	167	23958
sample	prose_heavy	slob	lzma2	render	168	26416
sample	prose_heavy	slob	lzma2	render	169	19541
sample	prose_heavy	slob	lzma2	render	170	19042
sample	prose_heavy	slob	lzma2	render	171	25292
sample	prose_heavy	slob	lzma2	render	172	18333
sample	prose_heavy	slob	lzma2	render	173	19292
sample	prose_heavy	slob	lzma2	render	174	19250
sample	prose_heavy	slob	lzma2	render	175	17708
sample	prose_heavy	slob	lzma2	render	176	18125
sample	prose_heavy	slob	lzma2	render	177	17792
sample	prose_heavy	slob	lzma2	render	178	43208
sample	prose_heavy	slob	lzma2	render	179	45125
sample	prose_heavy	slob	lzma2	render	180	35542
sample	prose_heavy	slob	lzma2	render	181	21709
sample	prose_heavy	slob	lzma2	render	182	18833
sample	prose_heavy	slob	lzma2	render	183	18042
sample	prose_heavy	slob	lzma2	render	184	19292
sample	prose_heavy	slob	lzma2	render	185	17792
sample	prose_heavy	slob	lzma2	render	186	17500
sample	prose_heavy	slob	lzma2	render	187	17458
sample	prose_heavy	slob	lzma2	render	188	17583
sample	prose_heavy	slob	lzma2	render	189	29708
sample	prose_heavy	slob	lzma2	render	190	18042
sample	prose_heavy	slob	lzma2	render	191	17792
sample	prose_heavy	slob	lzma2	render	192	18625
sample	prose_heavy	slob	lzma2	render	193	18000
sample	prose_heavy	slob	lzma2	render	194	17583
sample	prose_heavy	slob	lzma2	render	195	17416
sample	prose_heavy	slob	lzma2	render	196	17792
sample	prose_heavy	slob	lzma2	render	197	17875
sample	prose_heavy	slob	lzma2	render	198	18291
sample	prose_heavy	slob	lzma2	render	199	50959
sample	prose_heavy	slob	lzma2	render	200	23375
sample	prose_heavy	slob	lzma2	render	201	107666
sample	prose_heavy	slob	lzma2	render	202	42333
sample	prose_heavy	slob	lzma2	render	203	21750
sample	prose_heavy	slob	lzma2	render	204	122334
sample	prose_heavy	slob	lzma2	render	205	161167
sample	prose_heavy	slob	lzma2	render	206	52125
sample	prose_heavy	slob	lzma2	render	207	98417
sample	prose_heavy	slob	lzma2	render	208	26833
sample	prose_heavy	slob	lzma2	render	209	20458
sample	prose_heavy	slob	lzma2	render	210	85708
sample	prose_heavy	slob	lzma2	render	211	66167
sample	prose_heavy	slob	lzma2	render	212	24708
sample	prose_heavy	slob	lzma2	render	213	21500
sample	prose_heavy	slob	lzma2	render	214	20250
sample	prose_heavy	slob	lzma2	render	215	20750
sample	prose_heavy	slob	lzma2	render	216	20458
sample	prose_heavy	slob	lzma2	render	217	60834
sample	prose_heavy	slob	lzma2	render	218	24667
sample	prose_heavy	slob	lzma2	render	219	29708
sample	prose_heavy	slob	lzma2	render	220	19666
sample	prose_heavy	slob	lzma2	render	221	18625
sample	prose_heavy	slob	lzma2	render	222	18167
sample	prose_heavy	slob	lzma2	render	223	18833
sample	prose_heavy	slob	lzma2	render	224	18417
sample	prose_heavy	slob	lzma2	render	225	18125
sample	prose_heavy	slob	lzma2	render	226	86250
sample	prose_heavy	slob	lzma2	render	227	60041
sample	prose_heavy	slob	lzma2	render	228	57542
sample	prose_heavy	slob	lzma2	render	229	53458
sample	prose_heavy	slob	lzma2	render	230	62667
sample	prose_heavy	slob	lzma2	render	231	50041
sample	prose_heavy	slob	lzma2	render	232	49167
sample	prose_heavy	slob	lzma2	render	233	20667
sample	prose_heavy	slob	lzma2	render	234	18417
sample	prose_heavy	slob	lzma2	render	235	18208
sample	prose_heavy	slob	lzma2	render	236	18042
sample	prose_heavy	slob	lzma2	render	237	47250
sample	prose_heavy	slob	lzma2	render	238	23666
sample	prose_heavy	slob	lzma2	render	239	19958
sample	prose_heavy	slob	lzma2	render	240	18875
sample	prose_heavy	slob	lzma2	render	241	18916
sample	prose_heavy	slob	lzma2	render	242	30417
sample	prose_heavy	slob	lzma2	render	243	20708
sample	prose_heavy	slob	lzma2	render	244	20625
sample	prose_heavy	slob	lzma2	render	245	18750
sample	prose_heavy	slob	lzma2	render	246	18625
sample	prose_heavy	slob	lzma2	render	247	18375
sample	prose_heavy	slob	lzma2	render	248	19541
sample	prose_heavy	slob	lzma2	render	249	20708
sample	prose_heavy	slob	lzma2	render	250	22791
sample	prose_heavy	slob	lzma2	render	251	18084
sample	prose_heavy	slob	lzma2	render	252	18166
sample	prose_heavy	slob	lzma2	render	253	20083
sample	prose_heavy	slob	lzma2	render	254	17458
sample	prose_heavy	slob	lzma2	render	255	19750
sample	prose_heavy	slob	lzma2	render	256	18291
sample	prose_heavy	slob	lzma2	render	257	18166
sample	prose_heavy	slob	lzma2	render	258	18083
sample	prose_heavy	slob	lzma2	render	259	18041
sample	prose_heavy	slob	lzma2	render	260	17708
sample	prose_heavy	slob	lzma2	render	261	17875
sample	prose_heavy	slob	lzma2	render	262	50000
sample	prose_heavy	slob	lzma2	render	263	52834
sample	prose_heavy	slob	lzma2	render	264	30209
sample	prose_heavy	slob	lzma2	render	265	21041
sample	prose_heavy	slob	lzma2	render	266	19917
sample	prose_heavy	slob	lzma2	render	267	19042
sample	prose_heavy	slob	lzma2	render	268	32834
sample	prose_heavy	slob	lzma2	render	269	20125
sample	prose_heavy	slob	lzma2	render	270	49042
sample	prose_heavy	slob	lzma2	render	271	27042
sample	prose_heavy	slob	lzma2	render	272	22042
sample	prose_heavy	slob	lzma2	render	273	141709
sample	prose_heavy	slob	lzma2	render	274	67625
sample	prose_heavy	slob	lzma2	render	275	32959
sample	prose_heavy	slob	lzma2	render	276	21917
sample	prose_heavy	slob	lzma2	render	277	19459
sample	prose_heavy	slob	lzma2	render	278	19625
sample	prose_heavy	slob	lzma2	render	279	32500
sample	prose_heavy	slob	lzma2	render	280	30834
sample	prose_heavy	slob	lzma2	render	281	21125
sample	prose_heavy	slob	lzma2	render	282	19375
sample	prose_heavy	slob	lzma2	render	283	20917
sample	prose_heavy	slob	lzma2	render	284	41250
sample	prose_heavy	slob	lzma2	render	285	21041
sample	prose_heavy	slob	lzma2	render	286	19625
sample	prose_heavy	slob	lzma2	render	287	50583
sample	prose_heavy	slob	lzma2	render	288	21792
sample	prose_heavy	slob	lzma2	render	289	29042
sample	prose_heavy	slob	lzma2	render	290	28708
sample	prose_heavy	slob	lzma2	render	291	21750
sample	prose_heavy	slob	lzma2	render	292	19459
sample	prose_heavy	slob	lzma2	render	293	20709
sample	prose_heavy	slob	lzma2	render	294	18458
sample	prose_heavy	slob	lzma2	render	295	18625
sample	prose_heavy	slob	lzma2	render	296	17959
sample	prose_heavy	slob	lzma2	render	297	18208
sample	prose_heavy	slob	lzma2	render	298	150417
sample	prose_heavy	slob	lzma2	render	299	36792
sample	prose_heavy	slob	lzma2	render	300	27000
sample	prose_heavy	slob	lzma2	render	301	21167
sample	prose_heavy	slob	lzma2	render	302	19584
sample	prose_heavy	slob	lzma2	render	303	18750
sample	prose_heavy	slob	lzma2	render	304	18375
sample	prose_heavy	slob	lzma2	render	305	22625
sample	prose_heavy	slob	lzma2	render	306	18125
sample	prose_heavy	slob	lzma2	render	307	51208
sample	prose_heavy	slob	lzma2	render	308	44042
sample	prose_heavy	slob	lzma2	render	309	24042
sample	prose_heavy	slob	lzma2	render	310	20750
sample	prose_heavy	slob	lzma2	render	311	25792
sample	prose_heavy	slob	lzma2	render	312	18666
sample	prose_heavy	slob	lzma2	render	313	17958
sample	prose_heavy	slob	lzma2	render	314	22792
sample	prose_heavy	slob	lzma2	render	315	151083
sample	prose_heavy	slob	lzma2	render	316	47250
sample	prose_heavy	slob	lzma2	render	317	22459
sample	prose_heavy	slob	lzma2	render	318	19291
sample	prose_heavy	slob	lzma2	render	319	20625
sample	prose_heavy	slob	lzma2	render	320	19250
sample	prose_heavy	slob	lzma2	render	321	48208
sample	prose_heavy	slob	lzma2	render	322	24500
sample	prose_heavy	slob	lzma2	render	323	103584
sample	prose_heavy	slob	lzma2	render	324	86167
sample	prose_heavy	slob	lzma2	render	325	66625
sample	prose_heavy	slob	lzma2	render	326	62084
sample	prose_heavy	slob	lzma2	render	327	55375
sample	prose_heavy	slob	lzma2	render	328	51083
sample	prose_heavy	slob	lzma2	render	329	50084
sample	prose_heavy	slob	lzma2	render	330	50833
sample	prose_heavy	slob	lzma2	render	331	19542
sample	prose_heavy	slob	lzma2	render	332	18583
sample	prose_heavy	slob	lzma2	render	333	18416
sample	prose_heavy	slob	lzma2	render	334	84333
sample	prose_heavy	slob	lzma2	render	335	23750
sample	prose_heavy	slob	lzma2	render	336	22792
sample	prose_heavy	slob	lzma2	render	337	27959
sample	prose_heavy	slob	lzma2	render	338	20125
sample	prose_heavy	slob	lzma2	render	339	44542
sample	prose_heavy	slob	lzma2	render	340	21375
sample	prose_heavy	slob	lzma2	render	341	54583
sample	prose_heavy	slob	lzma2	render	342	35834
sample	prose_heavy	slob	lzma2	render	343	29125
sample	prose_heavy	slob	lzma2	render	344	20625
sample	prose_heavy	slob	lzma2	render	345	18917
sample	prose_heavy	slob	lzma2	render	346	18750
sample	prose_heavy	slob	lzma2	render	347	23667
sample	prose_heavy	slob	lzma2	render	348	18334
sample	prose_heavy	slob	lzma2	render	349	18500
sample	prose_heavy	slob	lzma2	render	350	18667
sample	prose_heavy	slob	lzma2	render	351	18291
sample	prose_heavy	slob	lzma2	render	352	20833
sample	prose_heavy	slob	lzma2	render	353	19583
sample	prose_heavy	slob	lzma2	render	354	17875
sample	prose_heavy	slob	lzma2	render	355	23417
sample	prose_heavy	slob	lzma2	render	356	52708
sample	prose_heavy	slob	lzma2	render	357	21750
sample	prose_heavy	slob	lzma2	render	358	35334
sample	prose_heavy	slob	lzma2	render	359	23875
sample	prose_heavy	slob	lzma2	render	360	19125
sample	prose_heavy	slob	lzma2	render	361	19542
sample	prose_heavy	slob	lzma2	render	362	18583
sample	prose_heavy	slob	lzma2	render	363	18541
sample	prose_heavy	slob	lzma2	render	364	18250
sample	prose_heavy	slob	lzma2	render	365	28375
sample	prose_heavy	slob	lzma2	render	366	46125
sample	prose_heavy	slob	lzma2	render	367	23250
sample	prose_heavy	slob	lzma2	render	368	20625
sample	prose_heavy	slob	lzma2	render	369	42875
sample	prose_heavy	slob	lzma2	render	370	23583
sample	prose_heavy	slob	lzma2	render	371	19125
sample	prose_heavy	slob	lzma2	render	372	18917
sample	prose_heavy	slob	lzma2	render	373	18541
sample	prose_heavy	slob	lzma2	render	374	18417
sample	prose_heavy	slob	lzma2	render	375	20167
sample	prose_heavy	slob	lzma2	render	376	45667
sample	prose_heavy	slob	lzma2	render	377	23083
sample	prose_heavy	slob	lzma2	render	378	22458
sample	prose_heavy	slob	lzma2	render	379	18708
sample	prose_heavy	slob	lzma2	render	380	19625
sample	prose_heavy	slob	lzma2	render	381	17958
sample	prose_heavy	slob	lzma2	render	382	17875
sample	prose_heavy	slob	lzma2	render	383	31667
sample	prose_heavy	slob	lzma2	render	384	18792
sample	prose_heavy	slob	lzma2	render	385	18916
sample	prose_heavy	slob	lzma2	render	386	18708
sample	prose_heavy	slob	lzma2	render	387	19208
sample	prose_heavy	slob	lzma2	render	388	29500
sample	prose_heavy	slob	lzma2	render	389	18167
sample	prose_heavy	slob	lzma2	render	390	22375
sample	prose_heavy	slob	lzma2	render	391	17958
sample	prose_heavy	slob	lzma2	render	392	22459
sample	prose_heavy	slob	lzma2	render	393	18250
sample	prose_heavy	slob	lzma2	render	394	18625
sample	prose_heavy	slob	lzma2	render	395	17958
sample	prose_heavy	slob	lzma2	render	396	25334
sample	prose_heavy	slob	lzma2	render	397	17917
sample	prose_heavy	slob	lzma2	render	398	18625
sample	prose_heavy	slob	lzma2	render	399	19458
sample	prose_heavy	slob	lzma2	render	400	17875
sample	prose_heavy	slob	lzma2	render	401	152792
sample	prose_heavy	slob	lzma2	render	402	39125
sample	prose_heavy	slob	lzma2	render	403	110292
sample	prose_heavy	slob	lzma2	render	404	48000
sample	prose_heavy	slob	lzma2	render	405	25583
sample	prose_heavy	slob	lzma2	render	406	20500
sample	prose_heavy	slob	lzma2	render	407	18666
sample	prose_heavy	slob	lzma2	render	408	17875
sample	prose_heavy	slob	lzma2	render	409	19125
sample	prose_heavy	slob	lzma2	render	410	18208
sample	prose_heavy	slob	lzma2	render	411	21750
sample	prose_heavy	slob	lzma2	render	412	183125
sample	prose_heavy	slob	lzma2	render	413	43375
sample	prose_heavy	slob	lzma2	render	414	21334
sample	prose_heavy	slob	lzma2	render	415	19167
sample	prose_heavy	slob	lzma2	render	416	50000
sample	prose_heavy	slob	lzma2	render	417	146167
sample	prose_heavy	slob	lzma2	render	418	23584
sample	prose_heavy	slob	lzma2	render	419	19125
sample	prose_heavy	slob	lzma2	render	420	19042
sample	prose_heavy	slob	lzma2	render	421	121708
sample	prose_heavy	slob	lzma2	render	422	87500
sample	prose_heavy	slob	lzma2	render	423	55583
sample	prose_heavy	slob	lzma2	render	424	263917
sample	prose_heavy	slob	lzma2	render	425	222583
sample	prose_heavy	slob	lzma2	render	426	93667
sample	prose_heavy	slob	lzma2	render	427	67916
sample	prose_heavy	slob	lzma2	render	428	22542
sample	prose_heavy	slob	lzma2	render	429	18958
sample	prose_heavy	slob	lzma2	render	430	18166
sample	prose_heavy	slob	lzma2	render	431	30667
sample	prose_heavy	slob	lzma2	render	432	18750
sample	prose_heavy	slob	lzma2	render	433	18000
sample	prose_heavy	slob	lzma2	render	434	21333
sample	prose_heavy	slob	lzma2	render	435	18667
sample	prose_heavy	slob	lzma2	render	436	18875
sample	prose_heavy	slob	lzma2	render	437	18750
sample	prose_heavy	slob	lzma2	render	438	67959
sample	prose_heavy	slob	lzma2	render	439	26917
sample	prose_heavy	slob	lzma2	render	440	45583
sample	prose_heavy	slob	lzma2	render	441	22166
sample	prose_heavy	slob	lzma2	render	442	31708
sample	prose_heavy	slob	lzma2	render	443	29458
sample	prose_heavy	slob	lzma2	render	444	20917
sample	prose_heavy	slob	lzma2	render	445	22458
sample	prose_heavy	slob	lzma2	render	446	18750
sample	prose_heavy	slob	lzma2	render	447	19500
sample	prose_heavy	slob	lzma2	render	448	22334
sample	prose_heavy	slob	lzma2	render	449	19208
sample	prose_heavy	slob	lzma2	render	450	29833
sample	prose_heavy	slob	lzma2	render	451	18084
sample	prose_heavy	slob	lzma2	render	452	106958
sample	prose_heavy	slob	lzma2	render	453	55333
sample	prose_heavy	slob	lzma2	render	454	30416
sample	prose_heavy	slob	lzma2	render	455	19750
sample	prose_heavy	slob	lzma2	render	456	23375
sample	prose_heavy	slob	lzma2	render	457	19000
sample	prose_heavy	slob	lzma2	render	458	18416
sample	prose_heavy	slob	lzma2	render	459	41875
sample	prose_heavy	slob	lzma2	render	460	25625
sample	prose_heavy	slob	lzma2	render	461	19875
sample	prose_heavy	slob	lzma2	render	462	20791
sample	prose_heavy	slob	lzma2	render	463	19459
sample	prose_heavy	slob	lzma2	render	464	29250
sample	prose_heavy	slob	lzma2	render	465	21041
sample	prose_heavy	slob	lzma2	render	466	137792
sample	prose_heavy	slob	lzma2	render	467	29625
sample	prose_heavy	slob	lzma2	render	468	20208
sample	prose_heavy	slob	lzma2	render	469	19583
sample	prose_heavy	slob	lzma2	render	470	19750
sample	prose_heavy	slob	lzma2	render	471	46417
sample	prose_heavy	slob	lzma2	render	472	148833
sample	prose_heavy	slob	lzma2	render	473	264167
sample	prose_heavy	slob	lzma2	render	474	39458
sample	prose_heavy	slob	lzma2	render	475	54416
sample	prose_heavy	slob	lzma2	render	476	78208
sample	prose_heavy	slob	lzma2	render	477	22083
sample	prose_heavy	slob	lzma2	render	478	19125
sample	prose_heavy	slob	lzma2	render	479	18833
sample	prose_heavy	slob	lzma2	render	480	129708
sample	prose_heavy	slob	lzma2	render	481	59167
sample	prose_heavy	slob	lzma2	render	482	34000
sample	prose_heavy	slob	lzma2	render	483	20459
sample	prose_heavy	slob	lzma2	render	484	24833
sample	prose_heavy	slob	lzma2	render	485	23125
sample	prose_heavy	slob	lzma2	render	486	126250
sample	prose_heavy	slob	lzma2	render	487	58875
sample	prose_heavy	slob	lzma2	render	488	21667
sample	prose_heavy	slob	lzma2	render	489	18750
sample	prose_heavy	slob	lzma2	render	490	46292
sample	prose_heavy	slob	lzma2	render	491	24542
sample	prose_heavy	slob	lzma2	render	492	20209
sample	prose_heavy	slob	lzma2	render	493	19125
sample	prose_heavy	slob	lzma2	render	494	34250
sample	prose_heavy	slob	lzma2	render	495	20166
sample	prose_heavy	slob	lzma2	render	496	19042
sample	prose_heavy	slob	lzma2	render	497	18750
sample	prose_heavy	slob	lzma2	render	498	19208
sample	prose_heavy	slob	lzma2	render	499	19541
sample	prose_heavy	slob	lzma2	render	500	18791
sample	prose_heavy	slob	lzma2	render	501	24375
sample	prose_heavy	slob	lzma2	render	502	20417
sample	prose_heavy	slob	lzma2	render	503	18959
sample	prose_heavy	slob	lzma2	render	504	18875
sample	prose_heavy	slob	lzma2	render	505	18208
sample	prose_heavy	slob	lzma2	render	506	19333
sample	prose_heavy	slob	lzma2	render	507	23125
sample	prose_heavy	slob	lzma2	render	508	58792
sample	prose_heavy	slob	lzma2	render	509	123417
sample	prose_heavy	slob	lzma2	render	510	37625
sample	prose_heavy	slob	lzma2	render	511	21041
sample	prose_heavy	slob	lzma2	render	512	18375
sample	prose_heavy	slob	lzma2	render	513	18334
sample	prose_heavy	slob	lzma2	render	514	18708
sample	prose_heavy	slob	lzma2	render	515	45667
sample	prose_heavy	slob	lzma2	render	516	21708
sample	prose_heavy	slob	lzma2	render	517	42125
sample	prose_heavy	slob	lzma2	render	518	70625
sample	prose_heavy	slob	lzma2	render	519	71167
sample	prose_heavy	slob	lzma2	render	520	54708
sample	prose_heavy	slob	lzma2	render	521	48375
sample	prose_heavy	slob	lzma2	render	522	48042
sample	prose_heavy	slob	lzma2	render	523	93083
sample	prose_heavy	slob	lzma2	render	524	58417
sample	prose_heavy	slob	lzma2	render	525	145958
sample	prose_heavy	slob	lzma2	render	526	22083
sample	prose_heavy	slob	lzma2	render	527	19084
sample	prose_heavy	slob	lzma2	render	528	18834
sample	prose_heavy	slob	lzma2	render	529	25458
sample	prose_heavy	slob	lzma2	render	530	18459
sample	prose_heavy	slob	lzma2	render	531	18417
sample	prose_heavy	slob	lzma2	render	532	177834
sample	prose_heavy	slob	lzma2	render	533	48167
sample	prose_heavy	slob	lzma2	render	534	21292
sample	prose_heavy	slob	lzma2	render	535	23666
sample	prose_heavy	slob	lzma2	render	536	19417
sample	prose_heavy	slob	lzma2	render	537	18958
sample	prose_heavy	slob	lzma2	render	538	18292
sample	prose_heavy	slob	lzma2	render	539	18250
sample	prose_heavy	slob	lzma2	render	540	18541
sample	prose_heavy	slob	lzma2	render	541	19125
sample	prose_heavy	slob	lzma2	render	542	20041
sample	prose_heavy	slob	lzma2	render	543	49791
sample	prose_heavy	slob	lzma2	render	544	21041
sample	prose_heavy	slob	lzma2	render	545	43709
sample	prose_heavy	slob	lzma2	render	546	22417
sample	prose_heavy	slob	lzma2	render	547	19916
sample	prose_heavy	slob	lzma2	render	548	18375
sample	prose_heavy	slob	lzma2	render	549	19125
sample	prose_heavy	slob	lzma2	render	550	18500
sample	prose_heavy	slob	lzma2	render	551	18541
sample	prose_heavy	slob	lzma2	render	552	19167
sample	prose_heavy	slob	lzma2	render	553	18875
sample	prose_heavy	slob	lzma2	render	554	22625
sample	prose_heavy	slob	lzma2	render	555	19708
sample	prose_heavy	slob	lzma2	render	556	19041
sample	prose_heavy	slob	lzma2	render	557	118417
sample	prose_heavy	slob	lzma2	render	558	26250
sample	prose_heavy	slob	lzma2	render	559	20583
sample	prose_heavy	slob	lzma2	render	560	31708
sample	prose_heavy	slob	lzma2	render	561	37000
sample	prose_heavy	slob	lzma2	render	562	22125
sample	prose_heavy	slob	lzma2	render	563	19375
sample	prose_heavy	slob	lzma2	render	564	18333
sample	prose_heavy	slob	lzma2	render	565	17875
sample	prose_heavy	slob	lzma2	render	566	18542
sample	prose_heavy	slob	lzma2	render	567	18333
sample	prose_heavy	slob	lzma2	render	568	29458
sample	prose_heavy	slob	lzma2	render	569	23084
sample	prose_heavy	slob	lzma2	render	570	20875
sample	prose_heavy	slob	lzma2	render	571	19000
sample	prose_heavy	slob	lzma2	render	572	17708
sample	prose_heavy	slob	lzma2	render	573	18042
sample	prose_heavy	slob	lzma2	render	574	18208
sample	prose_heavy	slob	lzma2	render	575	18083
sample	prose_heavy	slob	lzma2	render	576	19625
sample	prose_heavy	slob	lzma2	render	577	58583
sample	prose_heavy	slob	lzma2	render	578	36625
sample	prose_heavy	slob	lzma2	render	579	113167
sample	prose_heavy	slob	lzma2	render	580	140709
sample	prose_heavy	slob	lzma2	render	581	34125
sample	prose_heavy	slob	lzma2	render	582	20625
sample	prose_heavy	slob	lzma2	render	583	52125
sample	prose_heavy	slob	lzma2	render	584	24750
sample	prose_heavy	slob	lzma2	render	585	20542
sample	prose_heavy	slob	lzma2	render	586	19875
sample	prose_heavy	slob	lzma2	render	587	45750
sample	prose_heavy	slob	lzma2	render	588	22833
sample	prose_heavy	slob	lzma2	render	589	19041
sample	prose_heavy	slob	lzma2	render	590	18333
sample	prose_heavy	slob	lzma2	render	591	18292
sample	prose_heavy	slob	lzma2	render	592	18375
sample	prose_heavy	slob	lzma2	render	593	56166
sample	prose_heavy	slob	lzma2	render	594	23833
sample	prose_heavy	slob	lzma2	render	595	19292
sample	prose_heavy	slob	lzma2	render	596	18292
sample	prose_heavy	slob	lzma2	render	597	21292
sample	prose_heavy	slob	lzma2	render	598	18750
sample	prose_heavy	slob	lzma2	render	599	19042
sample	prose_heavy	slob	lzma2	render	600	31542
sample	prose_heavy	slob	lzma2	render	601	18833
sample	prose_heavy	slob	lzma2	render	602	18917
sample	prose_heavy	slob	lzma2	render	603	18583
sample	prose_heavy	slob	lzma2	render	604	19083
sample	prose_heavy	slob	lzma2	render	605	19125
sample	prose_heavy	slob	lzma2	render	606	18667
sample	prose_heavy	slob	lzma2	render	607	18042
sample	prose_heavy	slob	lzma2	render	608	21375
sample	prose_heavy	slob	lzma2	render	609	19000
sample	prose_heavy	slob	lzma2	render	610	60708
sample	prose_heavy	slob	lzma2	render	611	27209
sample	prose_heavy	slob	lzma2	render	612	95250
sample	prose_heavy	slob	lzma2	render	613	49583
sample	prose_heavy	slob	lzma2	render	614	28209
sample	prose_heavy	slob	lzma2	render	615	21917
sample	prose_heavy	slob	lzma2	render	616	85042
sample	prose_heavy	slob	lzma2	render	617	70000
sample	prose_heavy	slob	lzma2	render	618	65000
sample	prose_heavy	slob	lzma2	render	619	62041
sample	prose_heavy	slob	lzma2	render	620	65333
sample	prose_heavy	slob	lzma2	render	621	70917
sample	prose_heavy	slob	lzma2	render	622	364250
sample	prose_heavy	slob	lzma2	render	623	90917
sample	prose_heavy	slob	lzma2	render	624	41833
sample	prose_heavy	slob	lzma2	render	625	158708
sample	prose_heavy	slob	lzma2	render	626	136125
sample	prose_heavy	slob	lzma2	render	627	99750
sample	prose_heavy	slob	lzma2	render	628	57000
sample	prose_heavy	slob	lzma2	render	629	42750
sample	prose_heavy	slob	lzma2	render	630	90625
sample	prose_heavy	slob	lzma2	render	631	113667
sample	prose_heavy	slob	lzma2	render	632	48959
sample	prose_heavy	slob	lzma2	render	633	97875
sample	prose_heavy	slob	lzma2	render	634	62209
sample	prose_heavy	slob	lzma2	render	635	25042
sample	prose_heavy	slob	lzma2	render	636	46250
sample	prose_heavy	slob	lzma2	render	637	24375
sample	prose_heavy	slob	lzma2	render	638	20917
sample	prose_heavy	slob	lzma2	render	639	58541
sample	prose_heavy	slob	lzma2	render	640	107542
sample	prose_heavy	slob	lzma2	render	641	54250
sample	prose_heavy	slob	lzma2	render	642	129583
sample	prose_heavy	slob	lzma2	render	643	50041
sample	prose_heavy	slob	lzma2	render	644	106792
sample	prose_heavy	slob	lzma2	render	645	110750
sample	prose_heavy	slob	lzma2	render	646	89833
sample	prose_heavy	slob	lzma2	render	647	34750
sample	prose_heavy	slob	lzma2	render	648	168584
sample	prose_heavy	slob	lzma2	render	649	65709
sample	prose_heavy	slob	lzma2	render	650	61666
sample	prose_heavy	slob	lzma2	render	651	219167
sample	prose_heavy	slob	lzma2	render	652	296083
sample	prose_heavy	slob	lzma2	render	653	249625
sample	prose_heavy	slob	lzma2	render	654	59167
sample	prose_heavy	slob	lzma2	render	655	24208
sample	prose_heavy	slob	lzma2	render	656	45041
sample	prose_heavy	slob	lzma2	render	657	25875
sample	prose_heavy	slob	lzma2	render	658	78417
sample	prose_heavy	slob	lzma2	render	659	164416
sample	prose_heavy	slob	lzma2	render	660	135375
sample	prose_heavy	slob	lzma2	render	661	58125
sample	prose_heavy	slob	lzma2	render	662	57666
sample	prose_heavy	slob	lzma2	render	663	187458
sample	prose_heavy	slob	lzma2	render	664	203292
sample	prose_heavy	slob	lzma2	render	665	68417
sample	prose_heavy	slob	lzma2	render	666	41291
sample	prose_heavy	slob	lzma2	render	667	23917
sample	prose_heavy	slob	lzma2	render	668	45250
sample	prose_heavy	slob	lzma2	render	669	23667
sample	prose_heavy	slob	lzma2	render	670	19750
sample	prose_heavy	slob	lzma2	render	671	48416
sample	prose_heavy	slob	lzma2	render	672	26125
sample	prose_heavy	slob	lzma2	render	673	20167
sample	prose_heavy	slob	lzma2	render	674	19125
sample	prose_heavy	slob	lzma2	render	675	48166
sample	prose_heavy	slob	lzma2	render	676	33708
sample	prose_heavy	slob	lzma2	render	677	22583
sample	prose_heavy	slob	lzma2	render	678	19291
sample	prose_heavy	slob	lzma2	render	679	84417
sample	prose_heavy	slob	lzma2	render	680	84625
sample	prose_heavy	slob	lzma2	render	681	50333
sample	prose_heavy	slob	lzma2	render	682	28917
sample	prose_heavy	slob	lzma2	render	683	69375
sample	prose_heavy	slob	lzma2	render	684	35333
sample	prose_heavy	slob	lzma2	render	685	87167
sample	prose_heavy	slob	lzma2	render	686	42708
sample	prose_heavy	slob	lzma2	render	687	22916
sample	prose_heavy	slob	lzma2	render	688	51541
sample	prose_heavy	slob	lzma2	render	689	23875
sample	prose_heavy	slob	lzma2	render	690	27500
sample	prose_heavy	slob	lzma2	render	691	19375
sample	prose_heavy	slob	lzma2	render	692	32667
sample	prose_heavy	slob	lzma2	render	693	19416
sample	prose_heavy	slob	lzma2	render	694	24083
sample	prose_heavy	slob	lzma2	render	695	39041
sample	prose_heavy	slob	lzma2	render	696	141708
sample	prose_heavy	slob	lzma2	render	697	59042
sample	prose_heavy	slob	lzma2	render	698	22958
sample	prose_heavy	slob	lzma2	render	699	20291
sample	prose_heavy	slob	lzma2	render	700	43667
sample	prose_heavy	slob	lzma2	render	701	22750
sample	prose_heavy	slob	lzma2	render	702	34416
sample	prose_heavy	slob	lzma2	render	703	20417
sample	prose_heavy	slob	lzma2	render	704	18917
sample	prose_heavy	slob	lzma2	render	705	24459
sample	prose_heavy	slob	lzma2	render	706	23208
sample	prose_heavy	slob	lzma2	render	707	21458
sample	prose_heavy	slob	lzma2	render	708	18125
sample	prose_heavy	slob	lzma2	render	709	30750
sample	prose_heavy	slob	lzma2	render	710	18917
sample	prose_heavy	slob	lzma2	render	711	24375
sample	prose_heavy	slob	lzma2	render	712	18458
sample	prose_heavy	slob	lzma2	render	713	102083
sample	prose_heavy	slob	lzma2	render	714	79042
sample	prose_heavy	slob	lzma2	render	715	62584
sample	prose_heavy	slob	lzma2	render	716	51667
sample	prose_heavy	slob	lzma2	render	717	104084
sample	prose_heavy	slob	lzma2	render	718	89291
sample	prose_heavy	slob	lzma2	render	719	56000
sample	prose_heavy	slob	lzma2	render	720	70500
sample	prose_heavy	slob	lzma2	render	721	21834
sample	prose_heavy	slob	lzma2	render	722	19000
sample	prose_heavy	slob	lzma2	render	723	41291
sample	prose_heavy	slob	lzma2	render	724	37000
sample	prose_heavy	slob	lzma2	render	725	21833
sample	prose_heavy	slob	lzma2	render	726	18959
sample	prose_heavy	slob	lzma2	render	727	44250
sample	prose_heavy	slob	lzma2	render	728	25083
sample	prose_heavy	slob	lzma2	render	729	20750
sample	prose_heavy	slob	lzma2	render	730	29041
sample	prose_heavy	slob	lzma2	render	731	19625
sample	prose_heavy	slob	lzma2	render	732	20542
sample	prose_heavy	slob	lzma2	render	733	18625
sample	prose_heavy	slob	lzma2	render	734	19167
sample	prose_heavy	slob	lzma2	render	735	20667
sample	prose_heavy	slob	lzma2	render	736	18250
sample	prose_heavy	slob	lzma2	render	737	19000
sample	prose_heavy	slob	lzma2	render	738	33666
sample	prose_heavy	slob	lzma2	render	739	18875
sample	prose_heavy	slob	lzma2	render	740	17917
sample	prose_heavy	slob	lzma2	render	741	18166
sample	prose_heavy	slob	lzma2	render	742	21292
sample	prose_heavy	slob	lzma2	render	743	18791
sample	prose_heavy	slob	lzma2	render	744	22875
sample	prose_heavy	slob	lzma2	render	745	18209
sample	prose_heavy	slob	lzma2	render	746	49875
sample	prose_heavy	slob	lzma2	render	747	40500
sample	prose_heavy	slob	lzma2	render	748	73083
sample	prose_heavy	slob	lzma2	render	749	22625
sample	prose_heavy	slob	lzma2	render	750	41000
sample	prose_heavy	slob	lzma2	render	751	44792
sample	prose_heavy	slob	lzma2	render	752	24208
sample	prose_heavy	slob	lzma2	render	753	20000
sample	prose_heavy	slob	lzma2	render	754	19167
sample	prose_heavy	slob	lzma2	render	755	19041
sample	prose_heavy	slob	lzma2	render	756	18250
sample	prose_heavy	slob	lzma2	render	757	18916
sample	prose_heavy	slob	lzma2	render	758	21500
sample	prose_heavy	slob	lzma2	render	759	19792
sample	prose_heavy	slob	lzma2	render	760	18875
sample	prose_heavy	slob	lzma2	render	761	21250
sample	prose_heavy	slob	lzma2	render	762	18083
sample	prose_heavy	slob	lzma2	render	763	152667
sample	prose_heavy	slob	lzma2	render	764	49667
sample	prose_heavy	slob	lzma2	render	765	23500
sample	prose_heavy	slob	lzma2	render	766	22292
sample	prose_heavy	slob	lzma2	render	767	37708
sample	prose_heavy	slob	lzma2	render	768	37791
sample	prose_heavy	slob	lzma2	render	769	22375
sample	prose_heavy	slob	lzma2	render	770	19000
sample	prose_heavy	slob	lzma2	render	771	18000
sample	prose_heavy	slob	lzma2	render	772	18042
sample	prose_heavy	slob	lzma2	render	773	43125
sample	prose_heavy	slob	lzma2	render	774	21750
sample	prose_heavy	slob	lzma2	render	775	18542
sample	prose_heavy	slob	lzma2	render	776	18833
sample	prose_heavy	slob	lzma2	render	777	18667
sample	prose_heavy	slob	lzma2	render	778	18500
sample	prose_heavy	slob	lzma2	render	779	40125
sample	prose_heavy	slob	lzma2	render	780	34292
sample	prose_heavy	slob	lzma2	render	781	20709
sample	prose_heavy	slob	lzma2	render	782	19334
sample	prose_heavy	slob	lzma2	render	783	19250
sample	prose_heavy	slob	lzma2	render	784	32500
sample	prose_heavy	slob	lzma2	render	785	34917
sample	prose_heavy	slob	lzma2	render	786	40583
sample	prose_heavy	slob	lzma2	render	787	26542
sample	prose_heavy	slob	lzma2	render	788	23875
sample	prose_heavy	slob	lzma2	render	789	19125
sample	prose_heavy	slob	lzma2	render	790	18791
sample	prose_heavy	slob	lzma2	render	791	94792
sample	prose_heavy	slob	lzma2	render	792	46875
sample	prose_heavy	slob	lzma2	render	793	28000
sample	prose_heavy	slob	lzma2	render	794	21167
sample	prose_heavy	slob	lzma2	render	795	19583
sample	prose_heavy	slob	lzma2	render	796	18917
sample	prose_heavy	slob	lzma2	render	797	21834
sample	prose_heavy	slob	lzma2	render	798	40083
sample	prose_heavy	slob	lzma2	render	799	23667
sample	prose_heavy	slob	lzma2	render	800	18334
sample	prose_heavy	slob	lzma2	render	801	36292
sample	prose_heavy	slob	lzma2	render	802	22500
sample	prose_heavy	slob	lzma2	render	803	20167
sample	prose_heavy	slob	lzma2	render	804	18875
sample	prose_heavy	slob	lzma2	render	805	18584
sample	prose_heavy	slob	lzma2	render	806	18792
sample	prose_heavy	slob	lzma2	render	807	29833
sample	prose_heavy	slob	lzma2	render	808	19625
sample	prose_heavy	slob	lzma2	render	809	18375
sample	prose_heavy	slob	lzma2	render	810	18042
sample	prose_heavy	slob	lzma2	render	811	111667
sample	prose_heavy	slob	lzma2	render	812	58291
sample	prose_heavy	slob	lzma2	render	813	151959
sample	prose_heavy	slob	lzma2	render	814	61458
sample	prose_heavy	slob	lzma2	render	815	49500
sample	prose_heavy	slob	lzma2	render	816	67459
sample	prose_heavy	slob	lzma2	render	817	55875
sample	prose_heavy	slob	lzma2	render	818	133041
sample	prose_heavy	slob	lzma2	render	819	38292
sample	prose_heavy	slob	lzma2	render	820	22584
sample	prose_heavy	slob	lzma2	render	821	20584
sample	prose_heavy	slob	lzma2	render	822	20750
sample	prose_heavy	slob	lzma2	render	823	19000
sample	prose_heavy	slob	lzma2	render	824	34292
sample	prose_heavy	slob	lzma2	render	825	18959
sample	prose_heavy	slob	lzma2	render	826	18542
sample	prose_heavy	slob	lzma2	render	827	18959
sample	prose_heavy	slob	lzma2	render	828	164250
sample	prose_heavy	slob	lzma2	render	829	31542
sample	prose_heavy	slob	lzma2	render	830	20042
sample	prose_heavy	slob	lzma2	render	831	21583
sample	prose_heavy	slob	lzma2	render	832	36042
sample	prose_heavy	slob	lzma2	render	833	28917
sample	prose_heavy	slob	lzma2	render	834	122041
sample	prose_heavy	slob	lzma2	render	835	34959
sample	prose_heavy	slob	lzma2	render	836	20000
sample	prose_heavy	slob	lzma2	render	837	19041
sample	prose_heavy	slob	lzma2	render	838	18292
sample	prose_heavy	slob	lzma2	render	839	19458
sample	prose_heavy	slob	lzma2	render	840	139625
sample	prose_heavy	slob	lzma2	render	841	52750
sample	prose_heavy	slob	lzma2	render	842	113458
sample	prose_heavy	slob	lzma2	render	843	52625
sample	prose_heavy	slob	lzma2	render	844	32500
sample	prose_heavy	slob	lzma2	render	845	21000
sample	prose_heavy	slob	lzma2	render	846	20542
sample	prose_heavy	slob	lzma2	render	847	162125
sample	prose_heavy	slob	lzma2	render	848	44125
sample	prose_heavy	slob	lzma2	render	849	23292
sample	prose_heavy	slob	lzma2	render	850	20625
sample	prose_heavy	slob	lzma2	render	851	18750
sample	prose_heavy	slob	lzma2	render	852	18583
sample	prose_heavy	slob	lzma2	render	853	54417
sample	prose_heavy	slob	lzma2	render	854	73542
sample	prose_heavy	slob	lzma2	render	855	23750
sample	prose_heavy	slob	lzma2	render	856	20375
sample	prose_heavy	slob	lzma2	render	857	23666
sample	prose_heavy	slob	lzma2	render	858	20875
sample	prose_heavy	slob	lzma2	render	859	19834
sample	prose_heavy	slob	lzma2	render	860	21375
sample	prose_heavy	slob	lzma2	render	861	55208
sample	prose_heavy	slob	lzma2	render	862	21833
sample	prose_heavy	slob	lzma2	render	863	43292
sample	prose_heavy	slob	lzma2	render	864	29833
sample	prose_heavy	slob	lzma2	render	865	24375
sample	prose_heavy	slob	lzma2	render	866	21583
sample	prose_heavy	slob	lzma2	render	867	18875
sample	prose_heavy	slob	lzma2	render	868	18791
sample	prose_heavy	slob	lzma2	render	869	19625
sample	prose_heavy	slob	lzma2	render	870	25084
sample	prose_heavy	slob	lzma2	render	871	47125
sample	prose_heavy	slob	lzma2	render	872	18750
sample	prose_heavy	slob	lzma2	render	873	22250
sample	prose_heavy	slob	lzma2	render	874	18583
sample	prose_heavy	slob	lzma2	render	875	34708
sample	prose_heavy	slob	lzma2	render	876	41209
sample	prose_heavy	slob	lzma2	render	877	23542
sample	prose_heavy	slob	lzma2	render	878	19542
sample	prose_heavy	slob	lzma2	render	879	18333
sample	prose_heavy	slob	lzma2	render	880	18959
sample	prose_heavy	slob	lzma2	render	881	39042
sample	prose_heavy	slob	lzma2	render	882	28292
sample	prose_heavy	slob	lzma2	render	883	19000
sample	prose_heavy	slob	lzma2	render	884	19125
sample	prose_heavy	slob	lzma2	render	885	17834
sample	prose_heavy	slob	lzma2	render	886	20291
sample	prose_heavy	slob	lzma2	render	887	23750
sample	prose_heavy	slob	lzma2	render	888	28875
sample	prose_heavy	slob	lzma2	render	889	43250
sample	prose_heavy	slob	lzma2	render	890	21333
sample	prose_heavy	slob	lzma2	render	891	26542
sample	prose_heavy	slob	lzma2	render	892	20167
sample	prose_heavy	slob	lzma2	render	893	33916
sample	prose_heavy	slob	lzma2	render	894	21292
sample	prose_heavy	slob	lzma2	render	895	19541
sample	prose_heavy	slob	lzma2	render	896	18333
sample	prose_heavy	slob	lzma2	render	897	33542
sample	prose_heavy	slob	lzma2	render	898	21042
sample	prose_heavy	slob	lzma2	render	899	18583
sample	prose_heavy	slob	lzma2	render	900	35292
sample	prose_heavy	slob	lzma2	render	901	20292
sample	prose_heavy	slob	lzma2	render	902	19125
sample	prose_heavy	slob	lzma2	render	903	20125
sample	prose_heavy	slob	lzma2	render	904	35667
sample	prose_heavy	slob	lzma2	render	905	21625
sample	prose_heavy	slob	lzma2	render	906	19292
sample	prose_heavy	slob	lzma2	render	907	18334
sample	prose_heavy	slob	lzma2	render	908	99042
sample	prose_heavy	slob	lzma2	render	909	69167
sample	prose_heavy	slob	lzma2	render	910	63583
sample	prose_heavy	slob	lzma2	render	911	73916
sample	prose_heavy	slob	lzma2	render	912	211291
sample	prose_heavy	slob	lzma2	render	913	66500
sample	prose_heavy	slob	lzma2	render	914	61375
sample	prose_heavy	slob	lzma2	render	915	116875
sample	prose_heavy	slob	lzma2	render	916	117459
sample	prose_heavy	slob	lzma2	render	917	40000
sample	prose_heavy	slob	lzma2	render	918	31834
sample	prose_heavy	slob	lzma2	render	919	20459
sample	prose_heavy	slob	lzma2	render	920	18792
sample	prose_heavy	slob	lzma2	render	921	18416
sample	prose_heavy	slob	lzma2	render	922	18708
sample	prose_heavy	slob	lzma2	render	923	19584
sample	prose_heavy	slob	lzma2	render	924	19375
sample	prose_heavy	slob	lzma2	render	925	20125
sample	prose_heavy	slob	lzma2	render	926	19333
sample	prose_heavy	slob	lzma2	render	927	18791
sample	prose_heavy	slob	lzma2	render	928	66792
sample	prose_heavy	slob	lzma2	render	929	48709
sample	prose_heavy	slob	lzma2	render	930	23542
sample	prose_heavy	slob	lzma2	render	931	120958
sample	prose_heavy	slob	lzma2	render	932	37250
sample	prose_heavy	slob	lzma2	render	933	21000
sample	prose_heavy	slob	lzma2	render	934	19125
sample	prose_heavy	slob	lzma2	render	935	18167
sample	prose_heavy	slob	lzma2	render	936	18417
sample	prose_heavy	slob	lzma2	render	937	21625
sample	prose_heavy	slob	lzma2	render	938	61750
sample	prose_heavy	slob	lzma2	render	939	20958
sample	prose_heavy	slob	lzma2	render	940	18917
sample	prose_heavy	slob	lzma2	render	941	18125
sample	prose_heavy	slob	lzma2	render	942	49458
sample	prose_heavy	slob	lzma2	render	943	25333
sample	prose_heavy	slob	lzma2	render	944	40125
sample	prose_heavy	slob	lzma2	render	945	31375
sample	prose_heavy	slob	lzma2	render	946	20166
sample	prose_heavy	slob	lzma2	render	947	21417
sample	prose_heavy	slob	lzma2	render	948	35875
sample	prose_heavy	slob	lzma2	render	949	21084
sample	prose_heavy	slob	lzma2	render	950	19125
sample	prose_heavy	slob	lzma2	render	951	18916
sample	prose_heavy	slob	lzma2	render	952	18542
sample	prose_heavy	slob	lzma2	render	953	18375
sample	prose_heavy	slob	lzma2	render	954	36042
sample	prose_heavy	slob	lzma2	render	955	40708
sample	prose_heavy	slob	lzma2	render	956	24375
sample	prose_heavy	slob	lzma2	render	957	20083
sample	prose_heavy	slob	lzma2	render	958	20416
sample	prose_heavy	slob	lzma2	render	959	18875
sample	prose_heavy	slob	lzma2	render	960	18792
sample	prose_heavy	slob	lzma2	render	961	20375
sample	prose_heavy	slob	lzma2	render	962	18500
sample	prose_heavy	slob	lzma2	render	963	19709
sample	prose_heavy	slob	lzma2	render	964	19834
sample	prose_heavy	slob	lzma2	render	965	54125
sample	prose_heavy	slob	lzma2	render	966	24834
sample	prose_heavy	slob	lzma2	render	967	19042
sample	prose_heavy	slob	lzma2	render	968	18542
sample	prose_heavy	slob	lzma2	render	969	18333
sample	prose_heavy	slob	lzma2	render	970	18500
sample	prose_heavy	slob	lzma2	render	971	19917
sample	prose_heavy	slob	lzma2	render	972	18583
sample	prose_heavy	slob	lzma2	render	973	18625
sample	prose_heavy	slob	lzma2	render	974	18583
sample	prose_heavy	slob	lzma2	render	975	20000
sample	prose_heavy	slob	lzma2	render	976	19167
sample	prose_heavy	slob	lzma2	render	977	18959
sample	prose_heavy	slob	lzma2	render	978	18542
sample	prose_heavy	slob	lzma2	render	979	18708
sample	prose_heavy	slob	lzma2	render	980	18250
sample	prose_heavy	slob	lzma2	render	981	18500
sample	prose_heavy	slob	lzma2	render	982	56667
sample	prose_heavy	slob	lzma2	render	983	23333
sample	prose_heavy	slob	lzma2	render	984	45375
sample	prose_heavy	slob	lzma2	render	985	29292
sample	prose_heavy	slob	lzma2	render	986	24625
sample	prose_heavy	slob	lzma2	render	987	40333
sample	prose_heavy	slob	lzma2	render	988	22958
sample	prose_heavy	slob	lzma2	render	989	19167
sample	prose_heavy	slob	lzma2	render	990	23625
sample	prose_heavy	slob	lzma2	render	991	37167
sample	prose_heavy	slob	lzma2	render	992	133708
sample	prose_heavy	slob	lzma2	render	993	47916
sample	prose_heavy	slob	lzma2	render	994	71583
sample	prose_heavy	slob	lzma2	render	995	38333
sample	prose_heavy	slob	lzma2	render	996	23208
sample	prose_heavy	slob	lzma2	render	997	37834
sample	prose_heavy	slob	lzma2	render	998	21667
sample	prose_heavy	slob	lzma2	render	999	25292
result	prose_heavy	slob	lzma2	exact.p50_ns	773583
result	prose_heavy	slob	lzma2	exact.p95_ns	10011792
result	prose_heavy	slob	lzma2	exact.p99_ns	38539084
result	prose_heavy	slob	lzma2	prefix.p50_ns	33308417
result	prose_heavy	slob	lzma2	prefix.p95_ns	78452625
result	prose_heavy	slob	lzma2	prefix.p99_ns	136083000
result	prose_heavy	slob	lzma2	render.p50_ns	21833
result	prose_heavy	slob	lzma2	render.p95_ns	118959
result	prose_heavy	slob	lzma2	render.p99_ns	211291
result	prose_heavy	slob	lzma2	exact.hit.p50_ns	833666
result	prose_heavy	slob	lzma2	exact.hit.p95_ns	10113417
result	prose_heavy	slob	lzma2	exact.hit.p99_ns	35323917
result	prose_heavy	slob	lzma2	exact.miss.p50_ns	648292
result	prose_heavy	slob	lzma2	exact.miss.p95_ns	8565458
result	prose_heavy	slob	lzma2	exact.miss.p99_ns	51958458
result	prose_heavy	slob	lzma2	prefix.zero.p50_ns	885291
result	prose_heavy	slob	lzma2	prefix.zero.p95_ns	2791750
result	prose_heavy	slob	lzma2	prefix.zero.p99_ns	5009709
result	prose_heavy	slob	lzma2	prefix.one.p50_ns	1075584
result	prose_heavy	slob	lzma2	prefix.one.p95_ns	3143750
result	prose_heavy	slob	lzma2	prefix.one.p99_ns	8446208
result	prose_heavy	slob	lzma2	prefix.many.p50_ns	47592250
result	prose_heavy	slob	lzma2	prefix.many.p95_ns	99226208
result	prose_heavy	slob	lzma2	prefix.many.p99_ns	215243458
result	prose_heavy	slob	lzma2	prefix.pathological.p50_ns	-
result	prose_heavy	slob	lzma2	prefix.pathological.p95_ns	-
result	prose_heavy	slob	lzma2	prefix.pathological.p99_ns	-
