meta	rich	records	2048
meta	rich	semantic_digest	14813021753239549239
result	rich	sqlite	raw	artifact_bytes	532480
result	rich	sqlite	raw	build_ns	6130709
sample	rich	sqlite	raw	open	0	145916
sample	rich	sqlite	raw	open	1	64625
sample	rich	sqlite	raw	open	2	54667
sample	rich	sqlite	raw	open	3	51500
sample	rich	sqlite	raw	open	4	48625
sample	rich	sqlite	raw	open	5	47917
sample	rich	sqlite	raw	open	6	44625
sample	rich	sqlite	raw	open	7	43958
sample	rich	sqlite	raw	open	8	44000
sample	rich	sqlite	raw	open	9	44792
sample	rich	sqlite	raw	open	10	261667
sample	rich	sqlite	raw	open	11	234542
sample	rich	sqlite	raw	open	12	215583
sample	rich	sqlite	raw	open	13	168209
sample	rich	sqlite	raw	open	14	139625
sample	rich	sqlite	raw	open	15	111250
sample	rich	sqlite	raw	open	16	144917
sample	rich	sqlite	raw	open	17	102542
sample	rich	sqlite	raw	open	18	160166
sample	rich	sqlite	raw	open	19	115958
sample	rich	sqlite	raw	open	20	111458
sample	rich	sqlite	raw	open	21	101125
sample	rich	sqlite	raw	open	22	117458
sample	rich	sqlite	raw	open	23	119833
sample	rich	sqlite	raw	open	24	112625
result	rich	sqlite	raw	open_ns	111458
result	rich	sqlite	raw	semantic_digest	14813021753239549239
result	rich	sqlite	raw	query_checksum	15472329982066036572
result	rich	sqlite	raw	outputs	1024875
result	rich	sqlite	raw	logical_prose_bytes	394154
sample	rich	sqlite	raw	exact	0	32375
sample	rich	sqlite	raw	exact	1	14750
sample	rich	sqlite	raw	exact	2	16334
sample	rich	sqlite	raw	exact	3	8000
sample	rich	sqlite	raw	exact	4	8542
sample	rich	sqlite	raw	exact	5	6459
sample	rich	sqlite	raw	exact	6	35250
sample	rich	sqlite	raw	exact	7	49292
sample	rich	sqlite	raw	exact	8	52375
sample	rich	sqlite	raw	exact	9	27333
sample	rich	sqlite	raw	exact	10	8709
sample	rich	sqlite	raw	exact	11	6834
sample	rich	sqlite	raw	exact	12	6292
sample	rich	sqlite	raw	exact	13	5667
sample	rich	sqlite	raw	exact	14	6000
sample	rich	sqlite	raw	exact	15	5917
sample	rich	sqlite	raw	exact	16	6125
sample	rich	sqlite	raw	exact	17	5458
sample	rich	sqlite	raw	exact	18	5709
sample	rich	sqlite	raw	exact	19	5584
sample	rich	sqlite	raw	exact	20	6917
sample	rich	sqlite	raw	exact	21	5458
sample	rich	sqlite	raw	exact	22	5709
sample	rich	sqlite	raw	exact	23	5750
sample	rich	sqlite	raw	exact	24	5917
sample	rich	sqlite	raw	exact	25	5416
sample	rich	sqlite	raw	exact	26	14417
sample	rich	sqlite	raw	exact	27	5666
sample	rich	sqlite	raw	exact	28	6000
sample	rich	sqlite	raw	exact	29	5375
sample	rich	sqlite	raw	exact	30	5875
sample	rich	sqlite	raw	exact	31	13791
sample	rich	sqlite	raw	exact	32	11708
sample	rich	sqlite	raw	exact	33	5417
sample	rich	sqlite	raw	exact	34	12416
sample	rich	sqlite	raw	exact	35	10625
sample	rich	sqlite	raw	exact	36	6042
sample	rich	sqlite	raw	exact	37	5416
sample	rich	sqlite	raw	exact	38	5875
sample	rich	sqlite	raw	exact	39	5625
sample	rich	sqlite	raw	exact	40	6541
sample	rich	sqlite	raw	exact	41	5291
sample	rich	sqlite	raw	exact	42	5666
sample	rich	sqlite	raw	exact	43	5292
sample	rich	sqlite	raw	exact	44	5583
sample	rich	sqlite	raw	exact	45	5333
sample	rich	sqlite	raw	exact	46	5791
sample	rich	sqlite	raw	exact	47	5500
sample	rich	sqlite	raw	exact	48	5959
sample	rich	sqlite	raw	exact	49	5417
sample	rich	sqlite	raw	exact	50	5750
sample	rich	sqlite	raw	exact	51	5292
sample	rich	sqlite	raw	exact	52	5583
sample	rich	sqlite	raw	exact	53	5292
sample	rich	sqlite	raw	exact	54	5625
sample	rich	sqlite	raw	exact	55	5458
sample	rich	sqlite	raw	exact	56	5541
sample	rich	sqlite	raw	exact	57	5250
sample	rich	sqlite	raw	exact	58	5584
sample	rich	sqlite	raw	exact	59	5709
sample	rich	sqlite	raw	exact	60	6333
sample	rich	sqlite	raw	exact	61	5583
sample	rich	sqlite	raw	exact	62	5542
sample	rich	sqlite	raw	exact	63	5917
sample	rich	sqlite	raw	exact	64	5625
sample	rich	sqlite	raw	exact	65	5667
sample	rich	sqlite	raw	exact	66	5834
sample	rich	sqlite	raw	exact	67	5625
sample	rich	sqlite	raw	exact	68	5709
sample	rich	sqlite	raw	exact	69	5667
sample	rich	sqlite	raw	exact	70	5583
sample	rich	sqlite	raw	exact	71	5542
sample	rich	sqlite	raw	exact	72	5834
sample	rich	sqlite	raw	exact	73	5250
sample	rich	sqlite	raw	exact	74	5500
sample	rich	sqlite	raw	exact	75	5250
sample	rich	sqlite	raw	exact	76	5667
sample	rich	sqlite	raw	exact	77	5250
sample	rich	sqlite	raw	exact	78	5792
sample	rich	sqlite	raw	exact	79	5708
sample	rich	sqlite	raw	exact	80	5833
sample	rich	sqlite	raw	exact	81	6125
sample	rich	sqlite	raw	exact	82	6125
sample	rich	sqlite	raw	exact	83	5666
sample	rich	sqlite	raw	exact	84	5709
sample	rich	sqlite	raw	exact	85	5250
sample	rich	sqlite	raw	exact	86	5584
sample	rich	sqlite	raw	exact	87	5459
sample	rich	sqlite	raw	exact	88	5542
sample	rich	sqlite	raw	exact	89	5416
sample	rich	sqlite	raw	exact	90	5583
sample	rich	sqlite	raw	exact	91	6334
sample	rich	sqlite	raw	exact	92	5791
sample	rich	sqlite	raw	exact	93	5750
sample	rich	sqlite	raw	exact	94	5459
sample	rich	sqlite	raw	exact	95	5458
sample	rich	sqlite	raw	exact	96	5625
sample	rich	sqlite	raw	exact	97	5292
sample	rich	sqlite	raw	exact	98	5541
sample	rich	sqlite	raw	exact	99	5208
sample	rich	sqlite	raw	exact	100	5458
sample	rich	sqlite	raw	exact	101	5291
sample	rich	sqlite	raw	exact	102	5542
sample	rich	sqlite	raw	exact	103	5542
sample	rich	sqlite	raw	exact	104	5583
sample	rich	sqlite	raw	exact	105	5291
sample	rich	sqlite	raw	exact	106	5792
sample	rich	sqlite	raw	exact	107	5333
sample	rich	sqlite	raw	exact	108	5584
sample	rich	sqlite	raw	exact	109	5333
sample	rich	sqlite	raw	exact	110	5542
sample	rich	sqlite	raw	exact	111	5625
sample	rich	sqlite	raw	exact	112	5792
sample	rich	sqlite	raw	exact	113	8250
sample	rich	sqlite	raw	exact	114	5541
sample	rich	sqlite	raw	exact	115	5333
sample	rich	sqlite	raw	exact	116	14083
sample	rich	sqlite	raw	exact	117	6709
sample	rich	sqlite	raw	exact	118	6708
sample	rich	sqlite	raw	exact	119	6084
sample	rich	sqlite	raw	exact	120	6000
sample	rich	sqlite	raw	exact	121	11667
sample	rich	sqlite	raw	exact	122	6541
sample	rich	sqlite	raw	exact	123	6167
sample	rich	sqlite	raw	exact	124	6083
sample	rich	sqlite	raw	exact	125	5459
sample	rich	sqlite	raw	exact	126	5708
sample	rich	sqlite	raw	exact	127	5833
sample	rich	sqlite	raw	exact	128	5792
sample	rich	sqlite	raw	exact	129	5625
sample	rich	sqlite	raw	exact	130	5917
sample	rich	sqlite	raw	exact	131	5875
sample	rich	sqlite	raw	exact	132	6209
sample	rich	sqlite	raw	exact	133	5625
sample	rich	sqlite	raw	exact	134	5792
sample	rich	sqlite	raw	exact	135	6125
sample	rich	sqlite	raw	exact	136	6208
sample	rich	sqlite	raw	exact	137	5833
sample	rich	sqlite	raw	exact	138	5666
sample	rich	sqlite	raw	exact	139	5375
sample	rich	sqlite	raw	exact	140	5667
sample	rich	sqlite	raw	exact	141	5334
sample	rich	sqlite	raw	exact	142	5584
sample	rich	sqlite	raw	exact	143	5959
sample	rich	sqlite	raw	exact	144	6083
sample	rich	sqlite	raw	exact	145	11708
sample	rich	sqlite	raw	exact	146	16375
sample	rich	sqlite	raw	exact	147	16250
sample	rich	sqlite	raw	exact	148	14375
sample	rich	sqlite	raw	exact	149	9042
sample	rich	sqlite	raw	exact	150	5500
sample	rich	sqlite	raw	exact	151	5542
sample	rich	sqlite	raw	exact	152	6041
sample	rich	sqlite	raw	exact	153	5750
sample	rich	sqlite	raw	exact	154	5875
sample	rich	sqlite	raw	exact	155	5542
sample	rich	sqlite	raw	exact	156	5500
sample	rich	sqlite	raw	exact	157	5333
sample	rich	sqlite	raw	exact	158	5542
sample	rich	sqlite	raw	exact	159	5417
sample	rich	sqlite	raw	exact	160	5708
sample	rich	sqlite	raw	exact	161	5417
sample	rich	sqlite	raw	exact	162	5333
sample	rich	sqlite	raw	exact	163	5250
sample	rich	sqlite	raw	exact	164	6083
sample	rich	sqlite	raw	exact	165	5583
sample	rich	sqlite	raw	exact	166	6208
sample	rich	sqlite	raw	exact	167	6084
sample	rich	sqlite	raw	exact	168	5708
sample	rich	sqlite	raw	exact	169	5708
sample	rich	sqlite	raw	exact	170	5958
sample	rich	sqlite	raw	exact	171	5417
sample	rich	sqlite	raw	exact	172	5792
sample	rich	sqlite	raw	exact	173	6000
sample	rich	sqlite	raw	exact	174	5917
sample	rich	sqlite	raw	exact	175	8500
sample	rich	sqlite	raw	exact	176	5667
sample	rich	sqlite	raw	exact	177	6000
sample	rich	sqlite	raw	exact	178	5917
sample	rich	sqlite	raw	exact	179	5458
sample	rich	sqlite	raw	exact	180	5458
sample	rich	sqlite	raw	exact	181	9416
sample	rich	sqlite	raw	exact	182	5375
sample	rich	sqlite	raw	exact	183	5583
sample	rich	sqlite	raw	exact	184	5416
sample	rich	sqlite	raw	exact	185	5250
sample	rich	sqlite	raw	exact	186	5333
sample	rich	sqlite	raw	exact	187	5458
sample	rich	sqlite	raw	exact	188	8125
sample	rich	sqlite	raw	exact	189	8041
sample	rich	sqlite	raw	exact	190	5416
sample	rich	sqlite	raw	exact	191	5417
sample	rich	sqlite	raw	exact	192	7834
sample	rich	sqlite	raw	exact	193	7583
sample	rich	sqlite	raw	exact	194	7667
sample	rich	sqlite	raw	exact	195	5500
sample	rich	sqlite	raw	exact	196	5625
sample	rich	sqlite	raw	exact	197	5291
sample	rich	sqlite	raw	exact	198	5542
sample	rich	sqlite	raw	exact	199	9125
sample	rich	sqlite	raw	exact	200	9041
sample	rich	sqlite	raw	exact	201	5333
sample	rich	sqlite	raw	exact	202	5709
sample	rich	sqlite	raw	exact	203	8959
sample	rich	sqlite	raw	exact	204	12083
sample	rich	sqlite	raw	exact	205	10000
sample	rich	sqlite	raw	exact	206	5666
sample	rich	sqlite	raw	exact	207	5625
sample	rich	sqlite	raw	exact	208	5666
sample	rich	sqlite	raw	exact	209	5334
sample	rich	sqlite	raw	exact	210	5542
sample	rich	sqlite	raw	exact	211	5333
sample	rich	sqlite	raw	exact	212	5458
sample	rich	sqlite	raw	exact	213	5333
sample	rich	sqlite	raw	exact	214	5375
sample	rich	sqlite	raw	exact	215	5459
sample	rich	sqlite	raw	exact	216	5459
sample	rich	sqlite	raw	exact	217	9792
sample	rich	sqlite	raw	exact	218	8875
sample	rich	sqlite	raw	exact	219	5125
sample	rich	sqlite	raw	exact	220	5375
sample	rich	sqlite	raw	exact	221	5625
sample	rich	sqlite	raw	exact	222	5417
sample	rich	sqlite	raw	exact	223	5500
sample	rich	sqlite	raw	exact	224	5500
sample	rich	sqlite	raw	exact	225	5208
sample	rich	sqlite	raw	exact	226	5458
sample	rich	sqlite	raw	exact	227	5209
sample	rich	sqlite	raw	exact	228	5375
sample	rich	sqlite	raw	exact	229	5375
sample	rich	sqlite	raw	exact	230	5417
sample	rich	sqlite	raw	exact	231	5458
sample	rich	sqlite	raw	exact	232	5542
sample	rich	sqlite	raw	exact	233	5334
sample	rich	sqlite	raw	exact	234	5458
sample	rich	sqlite	raw	exact	235	5333
sample	rich	sqlite	raw	exact	236	5500
sample	rich	sqlite	raw	exact	237	5708
sample	rich	sqlite	raw	exact	238	5333
sample	rich	sqlite	raw	exact	239	5625
sample	rich	sqlite	raw	exact	240	5500
sample	rich	sqlite	raw	exact	241	5584
sample	rich	sqlite	raw	exact	242	5417
sample	rich	sqlite	raw	exact	243	5375
sample	rich	sqlite	raw	exact	244	5417
sample	rich	sqlite	raw	exact	245	5208
sample	rich	sqlite	raw	exact	246	5459
sample	rich	sqlite	raw	exact	247	5458
sample	rich	sqlite	raw	exact	248	5417
sample	rich	sqlite	raw	exact	249	5167
sample	rich	sqlite	raw	exact	250	5417
sample	rich	sqlite	raw	exact	251	5333
sample	rich	sqlite	raw	exact	252	5416
sample	rich	sqlite	raw	exact	253	5250
sample	rich	sqlite	raw	exact	254	5333
sample	rich	sqlite	raw	exact	255	5542
sample	rich	sqlite	raw	exact	256	5542
sample	rich	sqlite	raw	exact	257	5500
sample	rich	sqlite	raw	exact	258	5417
sample	rich	sqlite	raw	exact	259	5458
sample	rich	sqlite	raw	exact	260	5500
sample	rich	sqlite	raw	exact	261	5459
sample	rich	sqlite	raw	exact	262	5541
sample	rich	sqlite	raw	exact	263	5416
sample	rich	sqlite	raw	exact	264	5291
sample	rich	sqlite	raw	exact	265	5250
sample	rich	sqlite	raw	exact	266	5500
sample	rich	sqlite	raw	exact	267	5250
sample	rich	sqlite	raw	exact	268	5416
sample	rich	sqlite	raw	exact	269	5250
sample	rich	sqlite	raw	exact	270	5500
sample	rich	sqlite	raw	exact	271	5667
sample	rich	sqlite	raw	exact	272	5500
sample	rich	sqlite	raw	exact	273	5291
sample	rich	sqlite	raw	exact	274	5375
sample	rich	sqlite	raw	exact	275	5250
sample	rich	sqlite	raw	exact	276	5375
sample	rich	sqlite	raw	exact	277	5208
sample	rich	sqlite	raw	exact	278	5542
sample	rich	sqlite	raw	exact	279	5459
sample	rich	sqlite	raw	exact	280	5583
sample	rich	sqlite	raw	exact	281	5250
sample	rich	sqlite	raw	exact	282	5375
sample	rich	sqlite	raw	exact	283	5708
sample	rich	sqlite	raw	exact	284	5625
sample	rich	sqlite	raw	exact	285	5500
sample	rich	sqlite	raw	exact	286	5458
sample	rich	sqlite	raw	exact	287	5875
sample	rich	sqlite	raw	exact	288	5500
sample	rich	sqlite	raw	exact	289	5625
sample	rich	sqlite	raw	exact	290	6084
sample	rich	sqlite	raw	exact	291	10709
sample	rich	sqlite	raw	exact	292	5750
sample	rich	sqlite	raw	exact	293	5375
sample	rich	sqlite	raw	exact	294	5625
sample	rich	sqlite	raw	exact	295	5417
sample	rich	sqlite	raw	exact	296	5875
sample	rich	sqlite	raw	exact	297	5292
sample	rich	sqlite	raw	exact	298	5459
sample	rich	sqlite	raw	exact	299	5375
sample	rich	sqlite	raw	exact	300	5500
sample	rich	sqlite	raw	exact	301	5292
sample	rich	sqlite	raw	exact	302	5417
sample	rich	sqlite	raw	exact	303	5750
sample	rich	sqlite	raw	exact	304	5875
sample	rich	sqlite	raw	exact	305	5292
sample	rich	sqlite	raw	exact	306	5250
sample	rich	sqlite	raw	exact	307	5625
sample	rich	sqlite	raw	exact	308	6000
sample	rich	sqlite	raw	exact	309	69250
sample	rich	sqlite	raw	exact	310	48958
sample	rich	sqlite	raw	exact	311	13958
sample	rich	sqlite	raw	exact	312	27625
sample	rich	sqlite	raw	exact	313	45458
sample	rich	sqlite	raw	exact	314	19625
sample	rich	sqlite	raw	exact	315	7708
sample	rich	sqlite	raw	exact	316	8583
sample	rich	sqlite	raw	exact	317	6083
sample	rich	sqlite	raw	exact	318	6209
sample	rich	sqlite	raw	exact	319	6042
sample	rich	sqlite	raw	exact	320	5667
sample	rich	sqlite	raw	exact	321	10667
sample	rich	sqlite	raw	exact	322	10000
sample	rich	sqlite	raw	exact	323	9083
sample	rich	sqlite	raw	exact	324	5792
sample	rich	sqlite	raw	exact	325	5667
sample	rich	sqlite	raw	exact	326	6083
sample	rich	sqlite	raw	exact	327	5625
sample	rich	sqlite	raw	exact	328	6167
sample	rich	sqlite	raw	exact	329	5500
sample	rich	sqlite	raw	exact	330	6125
sample	rich	sqlite	raw	exact	331	5459
sample	rich	sqlite	raw	exact	332	5541
sample	rich	sqlite	raw	exact	333	5250
sample	rich	sqlite	raw	exact	334	5500
sample	rich	sqlite	raw	exact	335	5625
sample	rich	sqlite	raw	exact	336	5834
sample	rich	sqlite	raw	exact	337	5500
sample	rich	sqlite	raw	exact	338	5625
sample	rich	sqlite	raw	exact	339	5333
sample	rich	sqlite	raw	exact	340	5750
sample	rich	sqlite	raw	exact	341	5542
sample	rich	sqlite	raw	exact	342	5500
sample	rich	sqlite	raw	exact	343	5625
sample	rich	sqlite	raw	exact	344	5625
sample	rich	sqlite	raw	exact	345	5709
sample	rich	sqlite	raw	exact	346	5625
sample	rich	sqlite	raw	exact	347	5208
sample	rich	sqlite	raw	exact	348	5541
sample	rich	sqlite	raw	exact	349	5250
sample	rich	sqlite	raw	exact	350	5459
sample	rich	sqlite	raw	exact	351	5708
sample	rich	sqlite	raw	exact	352	5792
sample	rich	sqlite	raw	exact	353	6042
sample	rich	sqlite	raw	exact	354	5709
sample	rich	sqlite	raw	exact	355	6000
sample	rich	sqlite	raw	exact	356	6083
sample	rich	sqlite	raw	exact	357	5583
sample	rich	sqlite	raw	exact	358	5375
sample	rich	sqlite	raw	exact	359	5500
sample	rich	sqlite	raw	exact	360	5541
sample	rich	sqlite	raw	exact	361	29458
sample	rich	sqlite	raw	exact	362	13250
sample	rich	sqlite	raw	exact	363	7125
sample	rich	sqlite	raw	exact	364	6541
sample	rich	sqlite	raw	exact	365	6375
sample	rich	sqlite	raw	exact	366	6833
sample	rich	sqlite	raw	exact	367	6542
sample	rich	sqlite	raw	exact	368	6000
sample	rich	sqlite	raw	exact	369	5584
sample	rich	sqlite	raw	exact	370	5833
sample	rich	sqlite	raw	exact	371	5584
sample	rich	sqlite	raw	exact	372	5625
sample	rich	sqlite	raw	exact	373	5584
sample	rich	sqlite	raw	exact	374	6041
sample	rich	sqlite	raw	exact	375	6250
sample	rich	sqlite	raw	exact	376	5958
sample	rich	sqlite	raw	exact	377	5625
sample	rich	sqlite	raw	exact	378	6584
sample	rich	sqlite	raw	exact	379	5458
sample	rich	sqlite	raw	exact	380	11542
sample	rich	sqlite	raw	exact	381	5375
sample	rich	sqlite	raw	exact	382	5750
sample	rich	sqlite	raw	exact	383	5458
sample	rich	sqlite	raw	exact	384	5583
sample	rich	sqlite	raw	exact	385	5333
sample	rich	sqlite	raw	exact	386	6458
sample	rich	sqlite	raw	exact	387	5666
sample	rich	sqlite	raw	exact	388	5625
sample	rich	sqlite	raw	exact	389	5333
sample	rich	sqlite	raw	exact	390	6750
sample	rich	sqlite	raw	exact	391	5750
sample	rich	sqlite	raw	exact	392	6250
sample	rich	sqlite	raw	exact	393	5292
sample	rich	sqlite	raw	exact	394	6041
sample	rich	sqlite	raw	exact	395	5333
sample	rich	sqlite	raw	exact	396	5792
sample	rich	sqlite	raw	exact	397	5250
sample	rich	sqlite	raw	exact	398	5500
sample	rich	sqlite	raw	exact	399	5708
sample	rich	sqlite	raw	exact	400	5917
sample	rich	sqlite	raw	exact	401	5291
sample	rich	sqlite	raw	exact	402	6417
sample	rich	sqlite	raw	exact	403	6458
sample	rich	sqlite	raw	exact	404	6250
sample	rich	sqlite	raw	exact	405	5917
sample	rich	sqlite	raw	exact	406	6375
sample	rich	sqlite	raw	exact	407	5708
sample	rich	sqlite	raw	exact	408	6041
sample	rich	sqlite	raw	exact	409	5625
sample	rich	sqlite	raw	exact	410	5667
sample	rich	sqlite	raw	exact	411	5541
sample	rich	sqlite	raw	exact	412	5708
sample	rich	sqlite	raw	exact	413	5791
sample	rich	sqlite	raw	exact	414	6125
sample	rich	sqlite	raw	exact	415	5792
sample	rich	sqlite	raw	exact	416	5541
sample	rich	sqlite	raw	exact	417	5250
sample	rich	sqlite	raw	exact	418	5584
sample	rich	sqlite	raw	exact	419	5250
sample	rich	sqlite	raw	exact	420	5500
sample	rich	sqlite	raw	exact	421	5208
sample	rich	sqlite	raw	exact	422	6375
sample	rich	sqlite	raw	exact	423	5459
sample	rich	sqlite	raw	exact	424	5584
sample	rich	sqlite	raw	exact	425	5208
sample	rich	sqlite	raw	exact	426	5500
sample	rich	sqlite	raw	exact	427	5167
sample	rich	sqlite	raw	exact	428	5500
sample	rich	sqlite	raw	exact	429	5125
sample	rich	sqlite	raw	exact	430	5458
sample	rich	sqlite	raw	exact	431	5542
sample	rich	sqlite	raw	exact	432	6000
sample	rich	sqlite	raw	exact	433	5416
sample	rich	sqlite	raw	exact	434	5584
sample	rich	sqlite	raw	exact	435	5333
sample	rich	sqlite	raw	exact	436	5583
sample	rich	sqlite	raw	exact	437	5208
sample	rich	sqlite	raw	exact	438	5708
sample	rich	sqlite	raw	exact	439	5458
sample	rich	sqlite	raw	exact	440	5583
sample	rich	sqlite	raw	exact	441	5375
sample	rich	sqlite	raw	exact	442	6250
sample	rich	sqlite	raw	exact	443	5292
sample	rich	sqlite	raw	exact	444	5417
sample	rich	sqlite	raw	exact	445	9334
sample	rich	sqlite	raw	exact	446	5750
sample	rich	sqlite	raw	exact	447	5375
sample	rich	sqlite	raw	exact	448	5584
sample	rich	sqlite	raw	exact	449	5209
sample	rich	sqlite	raw	exact	450	5459
sample	rich	sqlite	raw	exact	451	5583
sample	rich	sqlite	raw	exact	452	13959
sample	rich	sqlite	raw	exact	453	13500
sample	rich	sqlite	raw	exact	454	5458
sample	rich	sqlite	raw	exact	455	5375
sample	rich	sqlite	raw	exact	456	5541
sample	rich	sqlite	raw	exact	457	5208
sample	rich	sqlite	raw	exact	458	5416
sample	rich	sqlite	raw	exact	459	5291
sample	rich	sqlite	raw	exact	460	5500
sample	rich	sqlite	raw	exact	461	5167
sample	rich	sqlite	raw	exact	462	5625
sample	rich	sqlite	raw	exact	463	5333
sample	rich	sqlite	raw	exact	464	5667
sample	rich	sqlite	raw	exact	465	5500
sample	rich	sqlite	raw	exact	466	9875
sample	rich	sqlite	raw	exact	467	9583
sample	rich	sqlite	raw	exact	468	5542
sample	rich	sqlite	raw	exact	469	5333
sample	rich	sqlite	raw	exact	470	5416
sample	rich	sqlite	raw	exact	471	5375
sample	rich	sqlite	raw	exact	472	5583
sample	rich	sqlite	raw	exact	473	10000
sample	rich	sqlite	raw	exact	474	10125
sample	rich	sqlite	raw	exact	475	9208
sample	rich	sqlite	raw	exact	476	5500
sample	rich	sqlite	raw	exact	477	9625
sample	rich	sqlite	raw	exact	478	11750
sample	rich	sqlite	raw	exact	479	5791
sample	rich	sqlite	raw	exact	480	5833
sample	rich	sqlite	raw	exact	481	5208
sample	rich	sqlite	raw	exact	482	5667
sample	rich	sqlite	raw	exact	483	5334
sample	rich	sqlite	raw	exact	484	5916
sample	rich	sqlite	raw	exact	485	5333
sample	rich	sqlite	raw	exact	486	6166
sample	rich	sqlite	raw	exact	487	5375
sample	rich	sqlite	raw	exact	488	5541
sample	rich	sqlite	raw	exact	489	5334
sample	rich	sqlite	raw	exact	490	5500
sample	rich	sqlite	raw	exact	491	9875
sample	rich	sqlite	raw	exact	492	13875
sample	rich	sqlite	raw	exact	493	11791
sample	rich	sqlite	raw	exact	494	15292
sample	rich	sqlite	raw	exact	495	12292
sample	rich	sqlite	raw	exact	496	10875
sample	rich	sqlite	raw	exact	497	5167
sample	rich	sqlite	raw	exact	498	5625
sample	rich	sqlite	raw	exact	499	5208
sample	rich	sqlite	raw	exact	500	5708
sample	rich	sqlite	raw	exact	501	5167
sample	rich	sqlite	raw	exact	502	5541
sample	rich	sqlite	raw	exact	503	5583
sample	rich	sqlite	raw	exact	504	11625
sample	rich	sqlite	raw	exact	505	10334
sample	rich	sqlite	raw	exact	506	5458
sample	rich	sqlite	raw	exact	507	5333
sample	rich	sqlite	raw	exact	508	5500
sample	rich	sqlite	raw	exact	509	11708
sample	rich	sqlite	raw	exact	510	5750
sample	rich	sqlite	raw	exact	511	5417
sample	rich	sqlite	raw	exact	512	5708
sample	rich	sqlite	raw	exact	513	5375
sample	rich	sqlite	raw	exact	514	6084
sample	rich	sqlite	raw	exact	515	9375
sample	rich	sqlite	raw	exact	516	6000
sample	rich	sqlite	raw	exact	517	5250
sample	rich	sqlite	raw	exact	518	5791
sample	rich	sqlite	raw	exact	519	5833
sample	rich	sqlite	raw	exact	520	5625
sample	rich	sqlite	raw	exact	521	5834
sample	rich	sqlite	raw	exact	522	6625
sample	rich	sqlite	raw	exact	523	5583
sample	rich	sqlite	raw	exact	524	5500
sample	rich	sqlite	raw	exact	525	12333
sample	rich	sqlite	raw	exact	526	5666
sample	rich	sqlite	raw	exact	527	5583
sample	rich	sqlite	raw	exact	528	5667
sample	rich	sqlite	raw	exact	529	5250
sample	rich	sqlite	raw	exact	530	5625
sample	rich	sqlite	raw	exact	531	5500
sample	rich	sqlite	raw	exact	532	5500
sample	rich	sqlite	raw	exact	533	5250
sample	rich	sqlite	raw	exact	534	5500
sample	rich	sqlite	raw	exact	535	5333
sample	rich	sqlite	raw	exact	536	5625
sample	rich	sqlite	raw	exact	537	5125
sample	rich	sqlite	raw	exact	538	5584
sample	rich	sqlite	raw	exact	539	5500
sample	rich	sqlite	raw	exact	540	5959
sample	rich	sqlite	raw	exact	541	9084
sample	rich	sqlite	raw	exact	542	9042
sample	rich	sqlite	raw	exact	543	12333
sample	rich	sqlite	raw	exact	544	13375
sample	rich	sqlite	raw	exact	545	10291
sample	rich	sqlite	raw	exact	546	5500
sample	rich	sqlite	raw	exact	547	5458
sample	rich	sqlite	raw	exact	548	5417
sample	rich	sqlite	raw	exact	549	5375
sample	rich	sqlite	raw	exact	550	5583
sample	rich	sqlite	raw	exact	551	5458
sample	rich	sqlite	raw	exact	552	5459
sample	rich	sqlite	raw	exact	553	5125
sample	rich	sqlite	raw	exact	554	5542
sample	rich	sqlite	raw	exact	555	5416
sample	rich	sqlite	raw	exact	556	5459
sample	rich	sqlite	raw	exact	557	5167
sample	rich	sqlite	raw	exact	558	5458
sample	rich	sqlite	raw	exact	559	5375
sample	rich	sqlite	raw	exact	560	5417
sample	rich	sqlite	raw	exact	561	5166
sample	rich	sqlite	raw	exact	562	5459
sample	rich	sqlite	raw	exact	563	5291
sample	rich	sqlite	raw	exact	564	5500
sample	rich	sqlite	raw	exact	565	5292
sample	rich	sqlite	raw	exact	566	5417
sample	rich	sqlite	raw	exact	567	5792
sample	rich	sqlite	raw	exact	568	5666
sample	rich	sqlite	raw	exact	569	5167
sample	rich	sqlite	raw	exact	570	5459
sample	rich	sqlite	raw	exact	571	5250
sample	rich	sqlite	raw	exact	572	5417
sample	rich	sqlite	raw	exact	573	5250
sample	rich	sqlite	raw	exact	574	5750
sample	rich	sqlite	raw	exact	575	5458
sample	rich	sqlite	raw	exact	576	5334
sample	rich	sqlite	raw	exact	577	5292
sample	rich	sqlite	raw	exact	578	5458
sample	rich	sqlite	raw	exact	579	5791
sample	rich	sqlite	raw	exact	580	5708
sample	rich	sqlite	raw	exact	581	5208
sample	rich	sqlite	raw	exact	582	5500
sample	rich	sqlite	raw	exact	583	5459
sample	rich	sqlite	raw	exact	584	5583
sample	rich	sqlite	raw	exact	585	5292
sample	rich	sqlite	raw	exact	586	5459
sample	rich	sqlite	raw	exact	587	5125
sample	rich	sqlite	raw	exact	588	5625
sample	rich	sqlite	raw	exact	589	5208
sample	rich	sqlite	raw	exact	590	5750
sample	rich	sqlite	raw	exact	591	6125
sample	rich	sqlite	raw	exact	592	5500
sample	rich	sqlite	raw	exact	593	5167
sample	rich	sqlite	raw	exact	594	5625
sample	rich	sqlite	raw	exact	595	5292
sample	rich	sqlite	raw	exact	596	5541
sample	rich	sqlite	raw	exact	597	5292
sample	rich	sqlite	raw	exact	598	5458
sample	rich	sqlite	raw	exact	599	5417
sample	rich	sqlite	raw	exact	600	5500
sample	rich	sqlite	raw	exact	601	5125
sample	rich	sqlite	raw	exact	602	5458
sample	rich	sqlite	raw	exact	603	5208
sample	rich	sqlite	raw	exact	604	5584
sample	rich	sqlite	raw	exact	605	8667
sample	rich	sqlite	raw	exact	606	5916
sample	rich	sqlite	raw	exact	607	6125
sample	rich	sqlite	raw	exact	608	5500
sample	rich	sqlite	raw	exact	609	5417
sample	rich	sqlite	raw	exact	610	5417
sample	rich	sqlite	raw	exact	611	5291
sample	rich	sqlite	raw	exact	612	5542
sample	rich	sqlite	raw	exact	613	5292
sample	rich	sqlite	raw	exact	614	5542
sample	rich	sqlite	raw	exact	615	10875
sample	rich	sqlite	raw	exact	616	5792
sample	rich	sqlite	raw	exact	617	5125
sample	rich	sqlite	raw	exact	618	5833
sample	rich	sqlite	raw	exact	619	5375
sample	rich	sqlite	raw	exact	620	5583
sample	rich	sqlite	raw	exact	621	56917
sample	rich	sqlite	raw	exact	622	39875
sample	rich	sqlite	raw	exact	623	17833
sample	rich	sqlite	raw	exact	624	11291
sample	rich	sqlite	raw	exact	625	6208
sample	rich	sqlite	raw	exact	626	5917
sample	rich	sqlite	raw	exact	627	5459
sample	rich	sqlite	raw	exact	628	5666
sample	rich	sqlite	raw	exact	629	6042
sample	rich	sqlite	raw	exact	630	16125
sample	rich	sqlite	raw	exact	631	10459
sample	rich	sqlite	raw	exact	632	5666
sample	rich	sqlite	raw	exact	633	5333
sample	rich	sqlite	raw	exact	634	12208
sample	rich	sqlite	raw	exact	635	6833
sample	rich	sqlite	raw	exact	636	6833
sample	rich	sqlite	raw	exact	637	6584
sample	rich	sqlite	raw	exact	638	6125
sample	rich	sqlite	raw	exact	639	6042
sample	rich	sqlite	raw	exact	640	6125
sample	rich	sqlite	raw	exact	641	5750
sample	rich	sqlite	raw	exact	642	5958
sample	rich	sqlite	raw	exact	643	6208
sample	rich	sqlite	raw	exact	644	5708
sample	rich	sqlite	raw	exact	645	5500
sample	rich	sqlite	raw	exact	646	5583
sample	rich	sqlite	raw	exact	647	5792
sample	rich	sqlite	raw	exact	648	5750
sample	rich	sqlite	raw	exact	649	5750
sample	rich	sqlite	raw	exact	650	6000
sample	rich	sqlite	raw	exact	651	5375
sample	rich	sqlite	raw	exact	652	5875
sample	rich	sqlite	raw	exact	653	5375
sample	rich	sqlite	raw	exact	654	5792
sample	rich	sqlite	raw	exact	655	5542
sample	rich	sqlite	raw	exact	656	6166
sample	rich	sqlite	raw	exact	657	33333
sample	rich	sqlite	raw	exact	658	86083
sample	rich	sqlite	raw	exact	659	89708
sample	rich	sqlite	raw	exact	660	12000
sample	rich	sqlite	raw	exact	661	6125
sample	rich	sqlite	raw	exact	662	5875
sample	rich	sqlite	raw	exact	663	6209
sample	rich	sqlite	raw	exact	664	6042
sample	rich	sqlite	raw	exact	665	5917
sample	rich	sqlite	raw	exact	666	5625
sample	rich	sqlite	raw	exact	667	5250
sample	rich	sqlite	raw	exact	668	5541
sample	rich	sqlite	raw	exact	669	5250
sample	rich	sqlite	raw	exact	670	5792
sample	rich	sqlite	raw	exact	671	5500
sample	rich	sqlite	raw	exact	672	5542
sample	rich	sqlite	raw	exact	673	5250
sample	rich	sqlite	raw	exact	674	5458
sample	rich	sqlite	raw	exact	675	5166
sample	rich	sqlite	raw	exact	676	5584
sample	rich	sqlite	raw	exact	677	5209
sample	rich	sqlite	raw	exact	678	5584
sample	rich	sqlite	raw	exact	679	5333
sample	rich	sqlite	raw	exact	680	5583
sample	rich	sqlite	raw	exact	681	5125
sample	rich	sqlite	raw	exact	682	5792
sample	rich	sqlite	raw	exact	683	5167
sample	rich	sqlite	raw	exact	684	5500
sample	rich	sqlite	raw	exact	685	5125
sample	rich	sqlite	raw	exact	686	5542
sample	rich	sqlite	raw	exact	687	5666
sample	rich	sqlite	raw	exact	688	5791
sample	rich	sqlite	raw	exact	689	5083
sample	rich	sqlite	raw	exact	690	5375
sample	rich	sqlite	raw	exact	691	5166
sample	rich	sqlite	raw	exact	692	5416
sample	rich	sqlite	raw	exact	693	5125
sample	rich	sqlite	raw	exact	694	5584
sample	rich	sqlite	raw	exact	695	5500
sample	rich	sqlite	raw	exact	696	5541
sample	rich	sqlite	raw	exact	697	5167
sample	rich	sqlite	raw	exact	698	5458
sample	rich	sqlite	raw	exact	699	5292
sample	rich	sqlite	raw	exact	700	5791
sample	rich	sqlite	raw	exact	701	5167
sample	rich	sqlite	raw	exact	702	5542
sample	rich	sqlite	raw	exact	703	5417
sample	rich	sqlite	raw	exact	704	10250
sample	rich	sqlite	raw	exact	705	5291
sample	rich	sqlite	raw	exact	706	5500
sample	rich	sqlite	raw	exact	707	5292
sample	rich	sqlite	raw	exact	708	5459
sample	rich	sqlite	raw	exact	709	5292
sample	rich	sqlite	raw	exact	710	6000
sample	rich	sqlite	raw	exact	711	5708
sample	rich	sqlite	raw	exact	712	5625
sample	rich	sqlite	raw	exact	713	5792
sample	rich	sqlite	raw	exact	714	5584
sample	rich	sqlite	raw	exact	715	5666
sample	rich	sqlite	raw	exact	716	8583
sample	rich	sqlite	raw	exact	717	5667
sample	rich	sqlite	raw	exact	718	5709
sample	rich	sqlite	raw	exact	719	5750
sample	rich	sqlite	raw	exact	720	5917
sample	rich	sqlite	raw	exact	721	53667
sample	rich	sqlite	raw	exact	722	17583
sample	rich	sqlite	raw	exact	723	12708
sample	rich	sqlite	raw	exact	724	14041
sample	rich	sqlite	raw	exact	725	11042
sample	rich	sqlite	raw	exact	726	12500
sample	rich	sqlite	raw	exact	727	11833
sample	rich	sqlite	raw	exact	728	12166
sample	rich	sqlite	raw	exact	729	15292
sample	rich	sqlite	raw	exact	730	7625
sample	rich	sqlite	raw	exact	731	6250
sample	rich	sqlite	raw	exact	732	6625
sample	rich	sqlite	raw	exact	733	5834
sample	rich	sqlite	raw	exact	734	5916
sample	rich	sqlite	raw	exact	735	5917
sample	rich	sqlite	raw	exact	736	5792
sample	rich	sqlite	raw	exact	737	5625
sample	rich	sqlite	raw	exact	738	5625
sample	rich	sqlite	raw	exact	739	5291
sample	rich	sqlite	raw	exact	740	5959
sample	rich	sqlite	raw	exact	741	5333
sample	rich	sqlite	raw	exact	742	5750
sample	rich	sqlite	raw	exact	743	5459
sample	rich	sqlite	raw	exact	744	6083
sample	rich	sqlite	raw	exact	745	5209
sample	rich	sqlite	raw	exact	746	5459
sample	rich	sqlite	raw	exact	747	5250
sample	rich	sqlite	raw	exact	748	6083
sample	rich	sqlite	raw	exact	749	5542
sample	rich	sqlite	raw	exact	750	5667
sample	rich	sqlite	raw	exact	751	5792
sample	rich	sqlite	raw	exact	752	5625
sample	rich	sqlite	raw	exact	753	5292
sample	rich	sqlite	raw	exact	754	5458
sample	rich	sqlite	raw	exact	755	5291
sample	rich	sqlite	raw	exact	756	5875
sample	rich	sqlite	raw	exact	757	5291
sample	rich	sqlite	raw	exact	758	5583
sample	rich	sqlite	raw	exact	759	5458
sample	rich	sqlite	raw	exact	760	5500
sample	rich	sqlite	raw	exact	761	12083
sample	rich	sqlite	raw	exact	762	7292
sample	rich	sqlite	raw	exact	763	6459
sample	rich	sqlite	raw	exact	764	6625
sample	rich	sqlite	raw	exact	765	5625
sample	rich	sqlite	raw	exact	766	5750
sample	rich	sqlite	raw	exact	767	5958
sample	rich	sqlite	raw	exact	768	82750
sample	rich	sqlite	raw	exact	769	30917
sample	rich	sqlite	raw	exact	770	17416
sample	rich	sqlite	raw	exact	771	7041
sample	rich	sqlite	raw	exact	772	6916
sample	rich	sqlite	raw	exact	773	5708
sample	rich	sqlite	raw	exact	774	5916
sample	rich	sqlite	raw	exact	775	5791
sample	rich	sqlite	raw	exact	776	6208
sample	rich	sqlite	raw	exact	777	8292
sample	rich	sqlite	raw	exact	778	8292
sample	rich	sqlite	raw	exact	779	5417
sample	rich	sqlite	raw	exact	780	6834
sample	rich	sqlite	raw	exact	781	5791
sample	rich	sqlite	raw	exact	782	8875
sample	rich	sqlite	raw	exact	783	8042
sample	rich	sqlite	raw	exact	784	8417
sample	rich	sqlite	raw	exact	785	5417
sample	rich	sqlite	raw	exact	786	5917
sample	rich	sqlite	raw	exact	787	5416
sample	rich	sqlite	raw	exact	788	5709
sample	rich	sqlite	raw	exact	789	5500
sample	rich	sqlite	raw	exact	790	9750
sample	rich	sqlite	raw	exact	791	9625
sample	rich	sqlite	raw	exact	792	7042
sample	rich	sqlite	raw	exact	793	5625
sample	rich	sqlite	raw	exact	794	5583
sample	rich	sqlite	raw	exact	795	9791
sample	rich	sqlite	raw	exact	796	6208
sample	rich	sqlite	raw	exact	797	9208
sample	rich	sqlite	raw	exact	798	6417
sample	rich	sqlite	raw	exact	799	5834
sample	rich	sqlite	raw	exact	800	5875
sample	rich	sqlite	raw	exact	801	5666
sample	rich	sqlite	raw	exact	802	7542
sample	rich	sqlite	raw	exact	803	9125
sample	rich	sqlite	raw	exact	804	61208
sample	rich	sqlite	raw	exact	805	33875
sample	rich	sqlite	raw	exact	806	7333
sample	rich	sqlite	raw	exact	807	5625
sample	rich	sqlite	raw	exact	808	6166
sample	rich	sqlite	raw	exact	809	5458
sample	rich	sqlite	raw	exact	810	6167
sample	rich	sqlite	raw	exact	811	5875
sample	rich	sqlite	raw	exact	812	6875
sample	rich	sqlite	raw	exact	813	5625
sample	rich	sqlite	raw	exact	814	6125
sample	rich	sqlite	raw	exact	815	6208
sample	rich	sqlite	raw	exact	816	5834
sample	rich	sqlite	raw	exact	817	5625
sample	rich	sqlite	raw	exact	818	5750
sample	rich	sqlite	raw	exact	819	5417
sample	rich	sqlite	raw	exact	820	5542
sample	rich	sqlite	raw	exact	821	5292
sample	rich	sqlite	raw	exact	822	5666
sample	rich	sqlite	raw	exact	823	5541
sample	rich	sqlite	raw	exact	824	6042
sample	rich	sqlite	raw	exact	825	5292
sample	rich	sqlite	raw	exact	826	5500
sample	rich	sqlite	raw	exact	827	5375
sample	rich	sqlite	raw	exact	828	8500
sample	rich	sqlite	raw	exact	829	6000
sample	rich	sqlite	raw	exact	830	6125
sample	rich	sqlite	raw	exact	831	6375
sample	rich	sqlite	raw	exact	832	5583
sample	rich	sqlite	raw	exact	833	5334
sample	rich	sqlite	raw	exact	834	5458
sample	rich	sqlite	raw	exact	835	5334
sample	rich	sqlite	raw	exact	836	5541
sample	rich	sqlite	raw	exact	837	5542
sample	rich	sqlite	raw	exact	838	40959
sample	rich	sqlite	raw	exact	839	5750
sample	rich	sqlite	raw	exact	840	5833
sample	rich	sqlite	raw	exact	841	5584
sample	rich	sqlite	raw	exact	842	5416
sample	rich	sqlite	raw	exact	843	5250
sample	rich	sqlite	raw	exact	844	6458
sample	rich	sqlite	raw	exact	845	5250
sample	rich	sqlite	raw	exact	846	5542
sample	rich	sqlite	raw	exact	847	5500
sample	rich	sqlite	raw	exact	848	5542
sample	rich	sqlite	raw	exact	849	5459
sample	rich	sqlite	raw	exact	850	5459
sample	rich	sqlite	raw	exact	851	5250
sample	rich	sqlite	raw	exact	852	5458
sample	rich	sqlite	raw	exact	853	5166
sample	rich	sqlite	raw	exact	854	5458
sample	rich	sqlite	raw	exact	855	5500
sample	rich	sqlite	raw	exact	856	5625
sample	rich	sqlite	raw	exact	857	5292
sample	rich	sqlite	raw	exact	858	5333
sample	rich	sqlite	raw	exact	859	5292
sample	rich	sqlite	raw	exact	860	5417
sample	rich	sqlite	raw	exact	861	5292
sample	rich	sqlite	raw	exact	862	5417
sample	rich	sqlite	raw	exact	863	5542
sample	rich	sqlite	raw	exact	864	5542
sample	rich	sqlite	raw	exact	865	5417
sample	rich	sqlite	raw	exact	866	5583
sample	rich	sqlite	raw	exact	867	5625
sample	rich	sqlite	raw	exact	868	5666
sample	rich	sqlite	raw	exact	869	5667
sample	rich	sqlite	raw	exact	870	5792
sample	rich	sqlite	raw	exact	871	5833
sample	rich	sqlite	raw	exact	872	5792
sample	rich	sqlite	raw	exact	873	5333
sample	rich	sqlite	raw	exact	874	5625
sample	rich	sqlite	raw	exact	875	5250
sample	rich	sqlite	raw	exact	876	5375
sample	rich	sqlite	raw	exact	877	5333
sample	rich	sqlite	raw	exact	878	5459
sample	rich	sqlite	raw	exact	879	5417
sample	rich	sqlite	raw	exact	880	5458
sample	rich	sqlite	raw	exact	881	5250
sample	rich	sqlite	raw	exact	882	5583
sample	rich	sqlite	raw	exact	883	5208
sample	rich	sqlite	raw	exact	884	5667
sample	rich	sqlite	raw	exact	885	5291
sample	rich	sqlite	raw	exact	886	5500
sample	rich	sqlite	raw	exact	887	5333
sample	rich	sqlite	raw	exact	888	5750
sample	rich	sqlite	raw	exact	889	5166
sample	rich	sqlite	raw	exact	890	5292
sample	rich	sqlite	raw	exact	891	5250
sample	rich	sqlite	raw	exact	892	5375
sample	rich	sqlite	raw	exact	893	5250
sample	rich	sqlite	raw	exact	894	5417
sample	rich	sqlite	raw	exact	895	5500
sample	rich	sqlite	raw	exact	896	5291
sample	rich	sqlite	raw	exact	897	5333
sample	rich	sqlite	raw	exact	898	5333
sample	rich	sqlite	raw	exact	899	5208
sample	rich	sqlite	raw	exact	900	5333
sample	rich	sqlite	raw	exact	901	5334
sample	rich	sqlite	raw	exact	902	5417
sample	rich	sqlite	raw	exact	903	5458
sample	rich	sqlite	raw	exact	904	5333
sample	rich	sqlite	raw	exact	905	5167
sample	rich	sqlite	raw	exact	906	5875
sample	rich	sqlite	raw	exact	907	5333
sample	rich	sqlite	raw	exact	908	5625
sample	rich	sqlite	raw	exact	909	5166
sample	rich	sqlite	raw	exact	910	5375
sample	rich	sqlite	raw	exact	911	5334
sample	rich	sqlite	raw	exact	912	5458
sample	rich	sqlite	raw	exact	913	5292
sample	rich	sqlite	raw	exact	914	5625
sample	rich	sqlite	raw	exact	915	5250
sample	rich	sqlite	raw	exact	916	5542
sample	rich	sqlite	raw	exact	917	9208
sample	rich	sqlite	raw	exact	918	5500
sample	rich	sqlite	raw	exact	919	5417
sample	rich	sqlite	raw	exact	920	5334
sample	rich	sqlite	raw	exact	921	5750
sample	rich	sqlite	raw	exact	922	5334
sample	rich	sqlite	raw	exact	923	5666
sample	rich	sqlite	raw	exact	924	5500
sample	rich	sqlite	raw	exact	925	5250
sample	rich	sqlite	raw	exact	926	5458
sample	rich	sqlite	raw	exact	927	5459
sample	rich	sqlite	raw	exact	928	5292
sample	rich	sqlite	raw	exact	929	7958
sample	rich	sqlite	raw	exact	930	5500
sample	rich	sqlite	raw	exact	931	5250
sample	rich	sqlite	raw	exact	932	5334
sample	rich	sqlite	raw	exact	933	5625
sample	rich	sqlite	raw	exact	934	5333
sample	rich	sqlite	raw	exact	935	5292
sample	rich	sqlite	raw	exact	936	39208
sample	rich	sqlite	raw	exact	937	7459
sample	rich	sqlite	raw	exact	938	6458
sample	rich	sqlite	raw	exact	939	5625
sample	rich	sqlite	raw	exact	940	6541
sample	rich	sqlite	raw	exact	941	35167
sample	rich	sqlite	raw	exact	942	7959
sample	rich	sqlite	raw	exact	943	6542
sample	rich	sqlite	raw	exact	944	6292
sample	rich	sqlite	raw	exact	945	5917
sample	rich	sqlite	raw	exact	946	16875
sample	rich	sqlite	raw	exact	947	5417
sample	rich	sqlite	raw	exact	948	5875
sample	rich	sqlite	raw	exact	949	5959
sample	rich	sqlite	raw	exact	950	5834
sample	rich	sqlite	raw	exact	951	6208
sample	rich	sqlite	raw	exact	952	65167
sample	rich	sqlite	raw	exact	953	72792
sample	rich	sqlite	raw	exact	954	66084
sample	rich	sqlite	raw	exact	955	11416
sample	rich	sqlite	raw	exact	956	19000
sample	rich	sqlite	raw	exact	957	50833
sample	rich	sqlite	raw	exact	958	41750
sample	rich	sqlite	raw	exact	959	36083
sample	rich	sqlite	raw	exact	960	38125
sample	rich	sqlite	raw	exact	961	27083
sample	rich	sqlite	raw	exact	962	13667
sample	rich	sqlite	raw	exact	963	11500
sample	rich	sqlite	raw	exact	964	12334
sample	rich	sqlite	raw	exact	965	11708
sample	rich	sqlite	raw	exact	966	12333
sample	rich	sqlite	raw	exact	967	28167
sample	rich	sqlite	raw	exact	968	10792
sample	rich	sqlite	raw	exact	969	6708
sample	rich	sqlite	raw	exact	970	6541
sample	rich	sqlite	raw	exact	971	5500
sample	rich	sqlite	raw	exact	972	6084
sample	rich	sqlite	raw	exact	973	5583
sample	rich	sqlite	raw	exact	974	5875
sample	rich	sqlite	raw	exact	975	5584
sample	rich	sqlite	raw	exact	976	6042
sample	rich	sqlite	raw	exact	977	5375
sample	rich	sqlite	raw	exact	978	6333
sample	rich	sqlite	raw	exact	979	5542
sample	rich	sqlite	raw	exact	980	6584
sample	rich	sqlite	raw	exact	981	6584
sample	rich	sqlite	raw	exact	982	6167
sample	rich	sqlite	raw	exact	983	5625
sample	rich	sqlite	raw	exact	984	5625
sample	rich	sqlite	raw	exact	985	5208
sample	rich	sqlite	raw	exact	986	5750
sample	rich	sqlite	raw	exact	987	5291
sample	rich	sqlite	raw	exact	988	5583
sample	rich	sqlite	raw	exact	989	5583
sample	rich	sqlite	raw	exact	990	5917
sample	rich	sqlite	raw	exact	991	6125
sample	rich	sqlite	raw	exact	992	6167
sample	rich	sqlite	raw	exact	993	6500
sample	rich	sqlite	raw	exact	994	5709
sample	rich	sqlite	raw	exact	995	5500
sample	rich	sqlite	raw	exact	996	5625
sample	rich	sqlite	raw	exact	997	5292
sample	rich	sqlite	raw	exact	998	5542
sample	rich	sqlite	raw	exact	999	6125
sample	rich	sqlite	raw	prefix	0	25042
sample	rich	sqlite	raw	prefix	1	10583
sample	rich	sqlite	raw	prefix	2	477250
sample	rich	sqlite	raw	prefix	3	518916
sample	rich	sqlite	raw	prefix	4	32958
sample	rich	sqlite	raw	prefix	5	15084
sample	rich	sqlite	raw	prefix	6	476584
sample	rich	sqlite	raw	prefix	7	501333
sample	rich	sqlite	raw	prefix	8	33334
sample	rich	sqlite	raw	prefix	9	10084
sample	rich	sqlite	raw	prefix	10	497875
sample	rich	sqlite	raw	prefix	11	566083
sample	rich	sqlite	raw	prefix	12	51750
sample	rich	sqlite	raw	prefix	13	9916
sample	rich	sqlite	raw	prefix	14	464709
sample	rich	sqlite	raw	prefix	15	514958
sample	rich	sqlite	raw	prefix	16	55667
sample	rich	sqlite	raw	prefix	17	12875
sample	rich	sqlite	raw	prefix	18	577416
sample	rich	sqlite	raw	prefix	19	513000
sample	rich	sqlite	raw	prefix	20	64459
sample	rich	sqlite	raw	prefix	21	75458
sample	rich	sqlite	raw	prefix	22	1078291
sample	rich	sqlite	raw	prefix	23	523250
sample	rich	sqlite	raw	prefix	24	32292
sample	rich	sqlite	raw	prefix	25	10916
sample	rich	sqlite	raw	prefix	26	475416
sample	rich	sqlite	raw	prefix	27	641375
sample	rich	sqlite	raw	prefix	28	41083
sample	rich	sqlite	raw	prefix	29	10083
sample	rich	sqlite	raw	prefix	30	537584
sample	rich	sqlite	raw	prefix	31	503417
sample	rich	sqlite	raw	prefix	32	42291
sample	rich	sqlite	raw	prefix	33	14416
sample	rich	sqlite	raw	prefix	34	464167
sample	rich	sqlite	raw	prefix	35	484542
sample	rich	sqlite	raw	prefix	36	57042
sample	rich	sqlite	raw	prefix	37	12084
sample	rich	sqlite	raw	prefix	38	480666
sample	rich	sqlite	raw	prefix	39	502500
sample	rich	sqlite	raw	prefix	40	37625
sample	rich	sqlite	raw	prefix	41	11167
sample	rich	sqlite	raw	prefix	42	475917
sample	rich	sqlite	raw	prefix	43	802208
sample	rich	sqlite	raw	prefix	44	50375
sample	rich	sqlite	raw	prefix	45	10958
sample	rich	sqlite	raw	prefix	46	469709
sample	rich	sqlite	raw	prefix	47	532625
sample	rich	sqlite	raw	prefix	48	67500
sample	rich	sqlite	raw	prefix	49	12375
sample	rich	sqlite	raw	prefix	50	497500
sample	rich	sqlite	raw	prefix	51	653625
sample	rich	sqlite	raw	prefix	52	38166
sample	rich	sqlite	raw	prefix	53	16209
sample	rich	sqlite	raw	prefix	54	471375
sample	rich	sqlite	raw	prefix	55	493125
sample	rich	sqlite	raw	prefix	56	38709
sample	rich	sqlite	raw	prefix	57	10750
sample	rich	sqlite	raw	prefix	58	467334
sample	rich	sqlite	raw	prefix	59	490583
sample	rich	sqlite	raw	prefix	60	52583
sample	rich	sqlite	raw	prefix	61	10959
sample	rich	sqlite	raw	prefix	62	482875
sample	rich	sqlite	raw	prefix	63	492084
sample	rich	sqlite	raw	prefix	64	28375
sample	rich	sqlite	raw	prefix	65	19125
sample	rich	sqlite	raw	prefix	66	480167
sample	rich	sqlite	raw	prefix	67	772541
sample	rich	sqlite	raw	prefix	68	38292
sample	rich	sqlite	raw	prefix	69	10709
sample	rich	sqlite	raw	prefix	70	464292
sample	rich	sqlite	raw	prefix	71	736125
sample	rich	sqlite	raw	prefix	72	40416
sample	rich	sqlite	raw	prefix	73	10792
sample	rich	sqlite	raw	prefix	74	707084
sample	rich	sqlite	raw	prefix	75	522209
sample	rich	sqlite	raw	prefix	76	59458
sample	rich	sqlite	raw	prefix	77	15959
sample	rich	sqlite	raw	prefix	78	474333
sample	rich	sqlite	raw	prefix	79	517000
sample	rich	sqlite	raw	prefix	80	42458
sample	rich	sqlite	raw	prefix	81	12333
sample	rich	sqlite	raw	prefix	82	464916
sample	rich	sqlite	raw	prefix	83	1035708
sample	rich	sqlite	raw	prefix	84	51167
sample	rich	sqlite	raw	prefix	85	10750
sample	rich	sqlite	raw	prefix	86	470083
sample	rich	sqlite	raw	prefix	87	494083
sample	rich	sqlite	raw	prefix	88	31667
sample	rich	sqlite	raw	prefix	89	10292
sample	rich	sqlite	raw	prefix	90	462375
sample	rich	sqlite	raw	prefix	91	509750
sample	rich	sqlite	raw	prefix	92	139958
sample	rich	sqlite	raw	prefix	93	51917
sample	rich	sqlite	raw	prefix	94	496167
sample	rich	sqlite	raw	prefix	95	511375
sample	rich	sqlite	raw	prefix	96	48500
sample	rich	sqlite	raw	prefix	97	12292
sample	rich	sqlite	raw	prefix	98	563500
sample	rich	sqlite	raw	prefix	99	514541
sample	rich	sqlite	raw	prefix	100	132458
sample	rich	sqlite	raw	prefix	101	15666
sample	rich	sqlite	raw	prefix	102	483042
sample	rich	sqlite	raw	prefix	103	509000
sample	rich	sqlite	raw	prefix	104	37542
sample	rich	sqlite	raw	prefix	105	11292
sample	rich	sqlite	raw	prefix	106	476125
sample	rich	sqlite	raw	prefix	107	507416
sample	rich	sqlite	raw	prefix	108	48833
sample	rich	sqlite	raw	prefix	109	16542
sample	rich	sqlite	raw	prefix	110	474834
sample	rich	sqlite	raw	prefix	111	505833
sample	rich	sqlite	raw	prefix	112	40750
sample	rich	sqlite	raw	prefix	113	17834
sample	rich	sqlite	raw	prefix	114	468000
sample	rich	sqlite	raw	prefix	115	488708
sample	rich	sqlite	raw	prefix	116	40083
sample	rich	sqlite	raw	prefix	117	10708
sample	rich	sqlite	raw	prefix	118	467333
sample	rich	sqlite	raw	prefix	119	1002333
sample	rich	sqlite	raw	prefix	120	49875
sample	rich	sqlite	raw	prefix	121	12625
sample	rich	sqlite	raw	prefix	122	472416
sample	rich	sqlite	raw	prefix	123	594375
sample	rich	sqlite	raw	prefix	124	48375
sample	rich	sqlite	raw	prefix	125	9625
sample	rich	sqlite	raw	prefix	126	799292
sample	rich	sqlite	raw	prefix	127	529375
sample	rich	sqlite	raw	prefix	128	34833
sample	rich	sqlite	raw	prefix	129	11167
sample	rich	sqlite	raw	prefix	130	552167
sample	rich	sqlite	raw	prefix	131	515333
sample	rich	sqlite	raw	prefix	132	52292
sample	rich	sqlite	raw	prefix	133	11000
sample	rich	sqlite	raw	prefix	134	469167
sample	rich	sqlite	raw	prefix	135	500792
sample	rich	sqlite	raw	prefix	136	32667
sample	rich	sqlite	raw	prefix	137	9792
sample	rich	sqlite	raw	prefix	138	472708
sample	rich	sqlite	raw	prefix	139	494000
sample	rich	sqlite	raw	prefix	140	35167
sample	rich	sqlite	raw	prefix	141	9875
sample	rich	sqlite	raw	prefix	142	471000
sample	rich	sqlite	raw	prefix	143	520125
sample	rich	sqlite	raw	prefix	144	41083
sample	rich	sqlite	raw	prefix	145	16375
sample	rich	sqlite	raw	prefix	146	469083
sample	rich	sqlite	raw	prefix	147	1118000
sample	rich	sqlite	raw	prefix	148	200917
sample	rich	sqlite	raw	prefix	149	23166
sample	rich	sqlite	raw	prefix	150	483250
sample	rich	sqlite	raw	prefix	151	1757834
sample	rich	sqlite	raw	prefix	152	69083
sample	rich	sqlite	raw	prefix	153	20667
sample	rich	sqlite	raw	prefix	154	483000
sample	rich	sqlite	raw	prefix	155	511417
sample	rich	sqlite	raw	prefix	156	80000
sample	rich	sqlite	raw	prefix	157	22708
sample	rich	sqlite	raw	prefix	158	757709
sample	rich	sqlite	raw	prefix	159	744917
sample	rich	sqlite	raw	prefix	160	53750
sample	rich	sqlite	raw	prefix	161	13416
sample	rich	sqlite	raw	prefix	162	476666
sample	rich	sqlite	raw	prefix	163	1089458
sample	rich	sqlite	raw	prefix	164	60708
sample	rich	sqlite	raw	prefix	165	11292
sample	rich	sqlite	raw	prefix	166	483500
sample	rich	sqlite	raw	prefix	167	1077750
sample	rich	sqlite	raw	prefix	168	68042
sample	rich	sqlite	raw	prefix	169	22375
sample	rich	sqlite	raw	prefix	170	470834
sample	rich	sqlite	raw	prefix	171	494250
sample	rich	sqlite	raw	prefix	172	48709
sample	rich	sqlite	raw	prefix	173	11542
sample	rich	sqlite	raw	prefix	174	469208
sample	rich	sqlite	raw	prefix	175	523375
sample	rich	sqlite	raw	prefix	176	114916
sample	rich	sqlite	raw	prefix	177	69250
sample	rich	sqlite	raw	prefix	178	570583
sample	rich	sqlite	raw	prefix	179	709125
sample	rich	sqlite	raw	prefix	180	57833
sample	rich	sqlite	raw	prefix	181	11042
sample	rich	sqlite	raw	prefix	182	483708
sample	rich	sqlite	raw	prefix	183	515834
sample	rich	sqlite	raw	prefix	184	40083
sample	rich	sqlite	raw	prefix	185	17041
sample	rich	sqlite	raw	prefix	186	467834
sample	rich	sqlite	raw	prefix	187	485125
sample	rich	sqlite	raw	prefix	188	37208
sample	rich	sqlite	raw	prefix	189	20791
sample	rich	sqlite	raw	prefix	190	477542
sample	rich	sqlite	raw	prefix	191	512500
sample	rich	sqlite	raw	prefix	192	33250
sample	rich	sqlite	raw	prefix	193	10625
sample	rich	sqlite	raw	prefix	194	996417
sample	rich	sqlite	raw	prefix	195	510958
sample	rich	sqlite	raw	prefix	196	42250
sample	rich	sqlite	raw	prefix	197	11083
sample	rich	sqlite	raw	prefix	198	464875
sample	rich	sqlite	raw	prefix	199	594750
sample	rich	sqlite	raw	prefix	200	51292
sample	rich	sqlite	raw	prefix	201	12542
sample	rich	sqlite	raw	prefix	202	480167
sample	rich	sqlite	raw	prefix	203	660791
sample	rich	sqlite	raw	prefix	204	42500
sample	rich	sqlite	raw	prefix	205	10458
sample	rich	sqlite	raw	prefix	206	462583
sample	rich	sqlite	raw	prefix	207	542417
sample	rich	sqlite	raw	prefix	208	35459
sample	rich	sqlite	raw	prefix	209	9250
sample	rich	sqlite	raw	prefix	210	492583
sample	rich	sqlite	raw	prefix	211	496667
sample	rich	sqlite	raw	prefix	212	33084
sample	rich	sqlite	raw	prefix	213	10875
sample	rich	sqlite	raw	prefix	214	461458
sample	rich	sqlite	raw	prefix	215	503292
sample	rich	sqlite	raw	prefix	216	33208
sample	rich	sqlite	raw	prefix	217	11625
sample	rich	sqlite	raw	prefix	218	466750
sample	rich	sqlite	raw	prefix	219	485500
sample	rich	sqlite	raw	prefix	220	79208
sample	rich	sqlite	raw	prefix	221	17167
sample	rich	sqlite	raw	prefix	222	1104875
sample	rich	sqlite	raw	prefix	223	620208
sample	rich	sqlite	raw	prefix	224	46834
sample	rich	sqlite	raw	prefix	225	12375
sample	rich	sqlite	raw	prefix	226	480333
sample	rich	sqlite	raw	prefix	227	542625
sample	rich	sqlite	raw	prefix	228	42750
sample	rich	sqlite	raw	prefix	229	10250
sample	rich	sqlite	raw	prefix	230	476291
sample	rich	sqlite	raw	prefix	231	509250
sample	rich	sqlite	raw	prefix	232	33375
sample	rich	sqlite	raw	prefix	233	10084
sample	rich	sqlite	raw	prefix	234	477500
sample	rich	sqlite	raw	prefix	235	503584
sample	rich	sqlite	raw	prefix	236	46459
sample	rich	sqlite	raw	prefix	237	9542
sample	rich	sqlite	raw	prefix	238	477625
sample	rich	sqlite	raw	prefix	239	504583
sample	rich	sqlite	raw	prefix	240	51375
sample	rich	sqlite	raw	prefix	241	12334
sample	rich	sqlite	raw	prefix	242	467458
sample	rich	sqlite	raw	prefix	243	483916
sample	rich	sqlite	raw	prefix	244	49542
sample	rich	sqlite	raw	prefix	245	13792
sample	rich	sqlite	raw	prefix	246	478875
sample	rich	sqlite	raw	prefix	247	500166
sample	rich	sqlite	raw	prefix	248	45333
sample	rich	sqlite	raw	prefix	249	11667
sample	rich	sqlite	raw	prefix	250	460833
sample	rich	sqlite	raw	prefix	251	522083
sample	rich	sqlite	raw	prefix	252	41791
sample	rich	sqlite	raw	prefix	253	11083
sample	rich	sqlite	raw	prefix	254	469334
sample	rich	sqlite	raw	prefix	255	521125
sample	rich	sqlite	raw	prefix	256	33208
sample	rich	sqlite	raw	prefix	257	11083
sample	rich	sqlite	raw	prefix	258	460583
sample	rich	sqlite	raw	prefix	259	472458
sample	rich	sqlite	raw	prefix	260	49250
sample	rich	sqlite	raw	prefix	261	10125
sample	rich	sqlite	raw	prefix	262	466292
sample	rich	sqlite	raw	prefix	263	501583
sample	rich	sqlite	raw	prefix	264	32000
sample	rich	sqlite	raw	prefix	265	12625
sample	rich	sqlite	raw	prefix	266	466667
sample	rich	sqlite	raw	prefix	267	549333
sample	rich	sqlite	raw	prefix	268	28959
sample	rich	sqlite	raw	prefix	269	10167
sample	rich	sqlite	raw	prefix	270	467958
sample	rich	sqlite	raw	prefix	271	511625
sample	rich	sqlite	raw	prefix	272	27208
sample	rich	sqlite	raw	prefix	273	10041
sample	rich	sqlite	raw	prefix	274	461958
sample	rich	sqlite	raw	prefix	275	593458
sample	rich	sqlite	raw	prefix	276	110542
sample	rich	sqlite	raw	prefix	277	39333
sample	rich	sqlite	raw	prefix	278	719875
sample	rich	sqlite	raw	prefix	279	516916
sample	rich	sqlite	raw	prefix	280	48250
sample	rich	sqlite	raw	prefix	281	14209
sample	rich	sqlite	raw	prefix	282	463959
sample	rich	sqlite	raw	prefix	283	492334
sample	rich	sqlite	raw	prefix	284	35500
sample	rich	sqlite	raw	prefix	285	10500
sample	rich	sqlite	raw	prefix	286	471083
sample	rich	sqlite	raw	prefix	287	531875
sample	rich	sqlite	raw	prefix	288	40416
sample	rich	sqlite	raw	prefix	289	10625
sample	rich	sqlite	raw	prefix	290	460958
sample	rich	sqlite	raw	prefix	291	483583
sample	rich	sqlite	raw	prefix	292	32958
sample	rich	sqlite	raw	prefix	293	9625
sample	rich	sqlite	raw	prefix	294	462042
sample	rich	sqlite	raw	prefix	295	561958
sample	rich	sqlite	raw	prefix	296	32791
sample	rich	sqlite	raw	prefix	297	13000
sample	rich	sqlite	raw	prefix	298	620541
sample	rich	sqlite	raw	prefix	299	497542
sample	rich	sqlite	raw	prefix	300	31458
sample	rich	sqlite	raw	prefix	301	9833
sample	rich	sqlite	raw	prefix	302	612250
sample	rich	sqlite	raw	prefix	303	1072041
sample	rich	sqlite	raw	prefix	304	50292
sample	rich	sqlite	raw	prefix	305	11875
sample	rich	sqlite	raw	prefix	306	513375
sample	rich	sqlite	raw	prefix	307	513500
sample	rich	sqlite	raw	prefix	308	50541
sample	rich	sqlite	raw	prefix	309	11041
sample	rich	sqlite	raw	prefix	310	481167
sample	rich	sqlite	raw	prefix	311	585084
sample	rich	sqlite	raw	prefix	312	66917
sample	rich	sqlite	raw	prefix	313	24375
sample	rich	sqlite	raw	prefix	314	508375
sample	rich	sqlite	raw	prefix	315	504334
sample	rich	sqlite	raw	prefix	316	58083
sample	rich	sqlite	raw	prefix	317	10958
sample	rich	sqlite	raw	prefix	318	803167
sample	rich	sqlite	raw	prefix	319	575250
sample	rich	sqlite	raw	prefix	320	49292
sample	rich	sqlite	raw	prefix	321	12792
sample	rich	sqlite	raw	prefix	322	486750
sample	rich	sqlite	raw	prefix	323	774834
sample	rich	sqlite	raw	prefix	324	186875
sample	rich	sqlite	raw	prefix	325	23500
sample	rich	sqlite	raw	prefix	326	468750
sample	rich	sqlite	raw	prefix	327	1174750
sample	rich	sqlite	raw	prefix	328	90917
sample	rich	sqlite	raw	prefix	329	12459
sample	rich	sqlite	raw	prefix	330	471583
sample	rich	sqlite	raw	prefix	331	1114042
sample	rich	sqlite	raw	prefix	332	99500
sample	rich	sqlite	raw	prefix	333	59875
sample	rich	sqlite	raw	prefix	334	475625
sample	rich	sqlite	raw	prefix	335	535709
sample	rich	sqlite	raw	prefix	336	140291
sample	rich	sqlite	raw	prefix	337	85583
sample	rich	sqlite	raw	prefix	338	959458
sample	rich	sqlite	raw	prefix	339	580625
sample	rich	sqlite	raw	prefix	340	53916
sample	rich	sqlite	raw	prefix	341	12083
sample	rich	sqlite	raw	prefix	342	925875
sample	rich	sqlite	raw	prefix	343	895667
sample	rich	sqlite	raw	prefix	344	69250
sample	rich	sqlite	raw	prefix	345	19833
sample	rich	sqlite	raw	prefix	346	467667
sample	rich	sqlite	raw	prefix	347	837458
sample	rich	sqlite	raw	prefix	348	176458
sample	rich	sqlite	raw	prefix	349	94958
sample	rich	sqlite	raw	prefix	350	1056417
sample	rich	sqlite	raw	prefix	351	1475083
sample	rich	sqlite	raw	prefix	352	64292
sample	rich	sqlite	raw	prefix	353	14833
sample	rich	sqlite	raw	prefix	354	935166
sample	rich	sqlite	raw	prefix	355	1009208
sample	rich	sqlite	raw	prefix	356	71667
sample	rich	sqlite	raw	prefix	357	12917
sample	rich	sqlite	raw	prefix	358	459625
sample	rich	sqlite	raw	prefix	359	858291
sample	rich	sqlite	raw	prefix	360	64916
sample	rich	sqlite	raw	prefix	361	24750
sample	rich	sqlite	raw	prefix	362	707667
sample	rich	sqlite	raw	prefix	363	664750
sample	rich	sqlite	raw	prefix	364	69292
sample	rich	sqlite	raw	prefix	365	22250
sample	rich	sqlite	raw	prefix	366	474583
sample	rich	sqlite	raw	prefix	367	894666
sample	rich	sqlite	raw	prefix	368	57625
sample	rich	sqlite	raw	prefix	369	13083
sample	rich	sqlite	raw	prefix	370	462125
sample	rich	sqlite	raw	prefix	371	504833
sample	rich	sqlite	raw	prefix	372	170333
sample	rich	sqlite	raw	prefix	373	44166
sample	rich	sqlite	raw	prefix	374	514042
sample	rich	sqlite	raw	prefix	375	743708
sample	rich	sqlite	raw	prefix	376	139459
sample	rich	sqlite	raw	prefix	377	73459
sample	rich	sqlite	raw	prefix	378	1138541
sample	rich	sqlite	raw	prefix	379	845958
sample	rich	sqlite	raw	prefix	380	193625
sample	rich	sqlite	raw	prefix	381	62333
sample	rich	sqlite	raw	prefix	382	1222292
sample	rich	sqlite	raw	prefix	383	1249625
sample	rich	sqlite	raw	prefix	384	78542
sample	rich	sqlite	raw	prefix	385	16959
sample	rich	sqlite	raw	prefix	386	1090125
sample	rich	sqlite	raw	prefix	387	522083
sample	rich	sqlite	raw	prefix	388	152791
sample	rich	sqlite	raw	prefix	389	87541
sample	rich	sqlite	raw	prefix	390	1106958
sample	rich	sqlite	raw	prefix	391	540792
sample	rich	sqlite	raw	prefix	392	165958
sample	rich	sqlite	raw	prefix	393	75250
sample	rich	sqlite	raw	prefix	394	1008708
sample	rich	sqlite	raw	prefix	395	553709
sample	rich	sqlite	raw	prefix	396	69750
sample	rich	sqlite	raw	prefix	397	13542
sample	rich	sqlite	raw	prefix	398	479000
sample	rich	sqlite	raw	prefix	399	520209
sample	rich	sqlite	raw	prefix	400	73083
sample	rich	sqlite	raw	prefix	401	19500
sample	rich	sqlite	raw	prefix	402	1149958
sample	rich	sqlite	raw	prefix	403	1296708
sample	rich	sqlite	raw	prefix	404	284250
sample	rich	sqlite	raw	prefix	405	89500
sample	rich	sqlite	raw	prefix	406	1084291
sample	rich	sqlite	raw	prefix	407	578750
sample	rich	sqlite	raw	prefix	408	155709
sample	rich	sqlite	raw	prefix	409	36291
sample	rich	sqlite	raw	prefix	410	555125
sample	rich	sqlite	raw	prefix	411	557459
sample	rich	sqlite	raw	prefix	412	80333
sample	rich	sqlite	raw	prefix	413	22875
sample	rich	sqlite	raw	prefix	414	461500
sample	rich	sqlite	raw	prefix	415	494458
sample	rich	sqlite	raw	prefix	416	44709
sample	rich	sqlite	raw	prefix	417	23834
sample	rich	sqlite	raw	prefix	418	465459
sample	rich	sqlite	raw	prefix	419	1143584
sample	rich	sqlite	raw	prefix	420	61667
sample	rich	sqlite	raw	prefix	421	54709
sample	rich	sqlite	raw	prefix	422	748042
sample	rich	sqlite	raw	prefix	423	839708
sample	rich	sqlite	raw	prefix	424	202375
sample	rich	sqlite	raw	prefix	425	115333
sample	rich	sqlite	raw	prefix	426	1040834
sample	rich	sqlite	raw	prefix	427	545875
sample	rich	sqlite	raw	prefix	428	165584
sample	rich	sqlite	raw	prefix	429	47166
sample	rich	sqlite	raw	prefix	430	1115750
sample	rich	sqlite	raw	prefix	431	547958
sample	rich	sqlite	raw	prefix	432	44708
sample	rich	sqlite	raw	prefix	433	13000
sample	rich	sqlite	raw	prefix	434	514625
sample	rich	sqlite	raw	prefix	435	947750
sample	rich	sqlite	raw	prefix	436	162625
sample	rich	sqlite	raw	prefix	437	68708
sample	rich	sqlite	raw	prefix	438	490750
sample	rich	sqlite	raw	prefix	439	971333
sample	rich	sqlite	raw	prefix	440	80750
sample	rich	sqlite	raw	prefix	441	18250
sample	rich	sqlite	raw	prefix	442	938417
sample	rich	sqlite	raw	prefix	443	539750
sample	rich	sqlite	raw	prefix	444	41625
sample	rich	sqlite	raw	prefix	445	11708
sample	rich	sqlite	raw	prefix	446	643584
sample	rich	sqlite	raw	prefix	447	534917
sample	rich	sqlite	raw	prefix	448	55583
sample	rich	sqlite	raw	prefix	449	74958
sample	rich	sqlite	raw	prefix	450	1097917
sample	rich	sqlite	raw	prefix	451	1305667
sample	rich	sqlite	raw	prefix	452	61875
sample	rich	sqlite	raw	prefix	453	11958
sample	rich	sqlite	raw	prefix	454	484250
sample	rich	sqlite	raw	prefix	455	696083
sample	rich	sqlite	raw	prefix	456	76542
sample	rich	sqlite	raw	prefix	457	18417
sample	rich	sqlite	raw	prefix	458	647583
sample	rich	sqlite	raw	prefix	459	544542
sample	rich	sqlite	raw	prefix	460	60000
sample	rich	sqlite	raw	prefix	461	12375
sample	rich	sqlite	raw	prefix	462	477541
sample	rich	sqlite	raw	prefix	463	647292
sample	rich	sqlite	raw	prefix	464	55000
sample	rich	sqlite	raw	prefix	465	12667
sample	rich	sqlite	raw	prefix	466	485542
sample	rich	sqlite	raw	prefix	467	624083
sample	rich	sqlite	raw	prefix	468	66291
sample	rich	sqlite	raw	prefix	469	11916
sample	rich	sqlite	raw	prefix	470	886750
sample	rich	sqlite	raw	prefix	471	576625
sample	rich	sqlite	raw	prefix	472	53750
sample	rich	sqlite	raw	prefix	473	12791
sample	rich	sqlite	raw	prefix	474	486917
sample	rich	sqlite	raw	prefix	475	522041
sample	rich	sqlite	raw	prefix	476	43167
sample	rich	sqlite	raw	prefix	477	12166
sample	rich	sqlite	raw	prefix	478	959958
sample	rich	sqlite	raw	prefix	479	872291
sample	rich	sqlite	raw	prefix	480	74917
sample	rich	sqlite	raw	prefix	481	24208
sample	rich	sqlite	raw	prefix	482	630375
sample	rich	sqlite	raw	prefix	483	544166
sample	rich	sqlite	raw	prefix	484	177625
sample	rich	sqlite	raw	prefix	485	47958
sample	rich	sqlite	raw	prefix	486	496375
sample	rich	sqlite	raw	prefix	487	1143750
sample	rich	sqlite	raw	prefix	488	157042
sample	rich	sqlite	raw	prefix	489	160042
sample	rich	sqlite	raw	prefix	490	774084
sample	rich	sqlite	raw	prefix	491	531958
sample	rich	sqlite	raw	prefix	492	200916
sample	rich	sqlite	raw	prefix	493	74666
sample	rich	sqlite	raw	prefix	494	520500
sample	rich	sqlite	raw	prefix	495	962666
sample	rich	sqlite	raw	prefix	496	58041
sample	rich	sqlite	raw	prefix	497	20625
sample	rich	sqlite	raw	prefix	498	482875
sample	rich	sqlite	raw	prefix	499	715083
sample	rich	sqlite	raw	prefix	500	65250
sample	rich	sqlite	raw	prefix	501	11750
sample	rich	sqlite	raw	prefix	502	471875
sample	rich	sqlite	raw	prefix	503	833500
sample	rich	sqlite	raw	prefix	504	188542
sample	rich	sqlite	raw	prefix	505	41125
sample	rich	sqlite	raw	prefix	506	470917
sample	rich	sqlite	raw	prefix	507	733791
sample	rich	sqlite	raw	prefix	508	71416
sample	rich	sqlite	raw	prefix	509	14125
sample	rich	sqlite	raw	prefix	510	506042
sample	rich	sqlite	raw	prefix	511	1156000
sample	rich	sqlite	raw	prefix	512	76375
sample	rich	sqlite	raw	prefix	513	16375
sample	rich	sqlite	raw	prefix	514	880667
sample	rich	sqlite	raw	prefix	515	519417
sample	rich	sqlite	raw	prefix	516	176792
sample	rich	sqlite	raw	prefix	517	34917
sample	rich	sqlite	raw	prefix	518	474750
sample	rich	sqlite	raw	prefix	519	533083
sample	rich	sqlite	raw	prefix	520	67500
sample	rich	sqlite	raw	prefix	521	99833
sample	rich	sqlite	raw	prefix	522	865333
sample	rich	sqlite	raw	prefix	523	1159292
sample	rich	sqlite	raw	prefix	524	146750
sample	rich	sqlite	raw	prefix	525	37542
sample	rich	sqlite	raw	prefix	526	1202875
sample	rich	sqlite	raw	prefix	527	526416
sample	rich	sqlite	raw	prefix	528	89625
sample	rich	sqlite	raw	prefix	529	22083
sample	rich	sqlite	raw	prefix	530	483541
sample	rich	sqlite	raw	prefix	531	724333
sample	rich	sqlite	raw	prefix	532	49125
sample	rich	sqlite	raw	prefix	533	15958
sample	rich	sqlite	raw	prefix	534	480375
sample	rich	sqlite	raw	prefix	535	520625
sample	rich	sqlite	raw	prefix	536	46375
sample	rich	sqlite	raw	prefix	537	11417
sample	rich	sqlite	raw	prefix	538	465500
sample	rich	sqlite	raw	prefix	539	1375625
sample	rich	sqlite	raw	prefix	540	79250
sample	rich	sqlite	raw	prefix	541	12500
sample	rich	sqlite	raw	prefix	542	491208
sample	rich	sqlite	raw	prefix	543	892917
sample	rich	sqlite	raw	prefix	544	228834
sample	rich	sqlite	raw	prefix	545	65500
sample	rich	sqlite	raw	prefix	546	1097417
sample	rich	sqlite	raw	prefix	547	1129459
sample	rich	sqlite	raw	prefix	548	158834
sample	rich	sqlite	raw	prefix	549	56791
sample	rich	sqlite	raw	prefix	550	682500
sample	rich	sqlite	raw	prefix	551	546375
sample	rich	sqlite	raw	prefix	552	63125
sample	rich	sqlite	raw	prefix	553	18542
sample	rich	sqlite	raw	prefix	554	775750
sample	rich	sqlite	raw	prefix	555	970500
sample	rich	sqlite	raw	prefix	556	179083
sample	rich	sqlite	raw	prefix	557	29084
sample	rich	sqlite	raw	prefix	558	470208
sample	rich	sqlite	raw	prefix	559	493666
sample	rich	sqlite	raw	prefix	560	113625
sample	rich	sqlite	raw	prefix	561	59250
sample	rich	sqlite	raw	prefix	562	563334
sample	rich	sqlite	raw	prefix	563	1165541
sample	rich	sqlite	raw	prefix	564	66833
sample	rich	sqlite	raw	prefix	565	12375
sample	rich	sqlite	raw	prefix	566	855042
sample	rich	sqlite	raw	prefix	567	666250
sample	rich	sqlite	raw	prefix	568	74000
sample	rich	sqlite	raw	prefix	569	17459
sample	rich	sqlite	raw	prefix	570	1054042
sample	rich	sqlite	raw	prefix	571	536792
sample	rich	sqlite	raw	prefix	572	57166
sample	rich	sqlite	raw	prefix	573	11916
sample	rich	sqlite	raw	prefix	574	540292
sample	rich	sqlite	raw	prefix	575	728042
sample	rich	sqlite	raw	prefix	576	63750
sample	rich	sqlite	raw	prefix	577	23584
sample	rich	sqlite	raw	prefix	578	469959
sample	rich	sqlite	raw	prefix	579	642083
sample	rich	sqlite	raw	prefix	580	162833
sample	rich	sqlite	raw	prefix	581	98208
sample	rich	sqlite	raw	prefix	582	1007042
sample	rich	sqlite	raw	prefix	583	716416
sample	rich	sqlite	raw	prefix	584	56750
sample	rich	sqlite	raw	prefix	585	126709
sample	rich	sqlite	raw	prefix	586	786167
sample	rich	sqlite	raw	prefix	587	529459
sample	rich	sqlite	raw	prefix	588	180167
sample	rich	sqlite	raw	prefix	589	100166
sample	rich	sqlite	raw	prefix	590	595334
sample	rich	sqlite	raw	prefix	591	1124333
sample	rich	sqlite	raw	prefix	592	133541
sample	rich	sqlite	raw	prefix	593	36791
sample	rich	sqlite	raw	prefix	594	984625
sample	rich	sqlite	raw	prefix	595	676000
sample	rich	sqlite	raw	prefix	596	54000
sample	rich	sqlite	raw	prefix	597	11458
sample	rich	sqlite	raw	prefix	598	478000
sample	rich	sqlite	raw	prefix	599	550125
sample	rich	sqlite	raw	prefix	600	52000
sample	rich	sqlite	raw	prefix	601	11833
sample	rich	sqlite	raw	prefix	602	480417
sample	rich	sqlite	raw	prefix	603	522542
sample	rich	sqlite	raw	prefix	604	55584
sample	rich	sqlite	raw	prefix	605	11875
sample	rich	sqlite	raw	prefix	606	478917
sample	rich	sqlite	raw	prefix	607	509458
sample	rich	sqlite	raw	prefix	608	63375
sample	rich	sqlite	raw	prefix	609	21625
sample	rich	sqlite	raw	prefix	610	492209
sample	rich	sqlite	raw	prefix	611	571250
sample	rich	sqlite	raw	prefix	612	40959
sample	rich	sqlite	raw	prefix	613	10750
sample	rich	sqlite	raw	prefix	614	494709
sample	rich	sqlite	raw	prefix	615	984541
sample	rich	sqlite	raw	prefix	616	51750
sample	rich	sqlite	raw	prefix	617	11334
sample	rich	sqlite	raw	prefix	618	796708
sample	rich	sqlite	raw	prefix	619	566833
sample	rich	sqlite	raw	prefix	620	49125
sample	rich	sqlite	raw	prefix	621	11625
sample	rich	sqlite	raw	prefix	622	483833
sample	rich	sqlite	raw	prefix	623	528416
sample	rich	sqlite	raw	prefix	624	59209
sample	rich	sqlite	raw	prefix	625	15792
sample	rich	sqlite	raw	prefix	626	469958
sample	rich	sqlite	raw	prefix	627	859000
sample	rich	sqlite	raw	prefix	628	53167
sample	rich	sqlite	raw	prefix	629	11125
sample	rich	sqlite	raw	prefix	630	476167
sample	rich	sqlite	raw	prefix	631	519750
sample	rich	sqlite	raw	prefix	632	39750
sample	rich	sqlite	raw	prefix	633	16542
sample	rich	sqlite	raw	prefix	634	476250
sample	rich	sqlite	raw	prefix	635	490875
sample	rich	sqlite	raw	prefix	636	43625
sample	rich	sqlite	raw	prefix	637	10250
sample	rich	sqlite	raw	prefix	638	473708
sample	rich	sqlite	raw	prefix	639	626708
sample	rich	sqlite	raw	prefix	640	42917
sample	rich	sqlite	raw	prefix	641	22000
sample	rich	sqlite	raw	prefix	642	481750
sample	rich	sqlite	raw	prefix	643	498334
sample	rich	sqlite	raw	prefix	644	44041
sample	rich	sqlite	raw	prefix	645	9708
sample	rich	sqlite	raw	prefix	646	470708
sample	rich	sqlite	raw	prefix	647	488542
sample	rich	sqlite	raw	prefix	648	59458
sample	rich	sqlite	raw	prefix	649	15167
sample	rich	sqlite	raw	prefix	650	479125
sample	rich	sqlite	raw	prefix	651	867542
sample	rich	sqlite	raw	prefix	652	55542
sample	rich	sqlite	raw	prefix	653	10708
sample	rich	sqlite	raw	prefix	654	522667
sample	rich	sqlite	raw	prefix	655	528208
sample	rich	sqlite	raw	prefix	656	36125
sample	rich	sqlite	raw	prefix	657	10458
sample	rich	sqlite	raw	prefix	658	507958
sample	rich	sqlite	raw	prefix	659	490416
sample	rich	sqlite	raw	prefix	660	43958
sample	rich	sqlite	raw	prefix	661	16250
sample	rich	sqlite	raw	prefix	662	488083
sample	rich	sqlite	raw	prefix	663	505875
sample	rich	sqlite	raw	prefix	664	126625
sample	rich	sqlite	raw	prefix	665	80667
sample	rich	sqlite	raw	prefix	666	624667
sample	rich	sqlite	raw	prefix	667	526166
sample	rich	sqlite	raw	prefix	668	38083
sample	rich	sqlite	raw	prefix	669	10500
sample	rich	sqlite	raw	prefix	670	467167
sample	rich	sqlite	raw	prefix	671	691083
sample	rich	sqlite	raw	prefix	672	43083
sample	rich	sqlite	raw	prefix	673	10834
sample	rich	sqlite	raw	prefix	674	461500
sample	rich	sqlite	raw	prefix	675	509791
sample	rich	sqlite	raw	prefix	676	39625
sample	rich	sqlite	raw	prefix	677	9541
sample	rich	sqlite	raw	prefix	678	502833
sample	rich	sqlite	raw	prefix	679	484667
sample	rich	sqlite	raw	prefix	680	32709
sample	rich	sqlite	raw	prefix	681	13166
sample	rich	sqlite	raw	prefix	682	467042
sample	rich	sqlite	raw	prefix	683	486084
sample	rich	sqlite	raw	prefix	684	45959
sample	rich	sqlite	raw	prefix	685	10333
sample	rich	sqlite	raw	prefix	686	476250
sample	rich	sqlite	raw	prefix	687	497083
sample	rich	sqlite	raw	prefix	688	46667
sample	rich	sqlite	raw	prefix	689	13458
sample	rich	sqlite	raw	prefix	690	466542
sample	rich	sqlite	raw	prefix	691	494166
sample	rich	sqlite	raw	prefix	692	37709
sample	rich	sqlite	raw	prefix	693	9375
sample	rich	sqlite	raw	prefix	694	467459
sample	rich	sqlite	raw	prefix	695	491167
sample	rich	sqlite	raw	prefix	696	33916
sample	rich	sqlite	raw	prefix	697	9625
sample	rich	sqlite	raw	prefix	698	464542
sample	rich	sqlite	raw	prefix	699	513916
sample	rich	sqlite	raw	prefix	700	49709
sample	rich	sqlite	raw	prefix	701	10375
sample	rich	sqlite	raw	prefix	702	472958
sample	rich	sqlite	raw	prefix	703	514292
sample	rich	sqlite	raw	prefix	704	44958
sample	rich	sqlite	raw	prefix	705	13041
sample	rich	sqlite	raw	prefix	706	569750
sample	rich	sqlite	raw	prefix	707	531834
sample	rich	sqlite	raw	prefix	708	39542
sample	rich	sqlite	raw	prefix	709	10000
sample	rich	sqlite	raw	prefix	710	494208
sample	rich	sqlite	raw	prefix	711	501333
sample	rich	sqlite	raw	prefix	712	48584
sample	rich	sqlite	raw	prefix	713	24166
sample	rich	sqlite	raw	prefix	714	475291
sample	rich	sqlite	raw	prefix	715	520417
sample	rich	sqlite	raw	prefix	716	52792
sample	rich	sqlite	raw	prefix	717	11291
sample	rich	sqlite	raw	prefix	718	474167
sample	rich	sqlite	raw	prefix	719	491750
sample	rich	sqlite	raw	prefix	720	34334
sample	rich	sqlite	raw	prefix	721	13500
sample	rich	sqlite	raw	prefix	722	463959
sample	rich	sqlite	raw	prefix	723	480167
sample	rich	sqlite	raw	prefix	724	39958
sample	rich	sqlite	raw	prefix	725	10000
sample	rich	sqlite	raw	prefix	726	486708
sample	rich	sqlite	raw	prefix	727	651125
sample	rich	sqlite	raw	prefix	728	43167
sample	rich	sqlite	raw	prefix	729	12500
sample	rich	sqlite	raw	prefix	730	479250
sample	rich	sqlite	raw	prefix	731	584292
sample	rich	sqlite	raw	prefix	732	55958
sample	rich	sqlite	raw	prefix	733	11625
sample	rich	sqlite	raw	prefix	734	454333
sample	rich	sqlite	raw	prefix	735	509500
sample	rich	sqlite	raw	prefix	736	38750
sample	rich	sqlite	raw	prefix	737	11541
sample	rich	sqlite	raw	prefix	738	471125
sample	rich	sqlite	raw	prefix	739	495625
sample	rich	sqlite	raw	prefix	740	44292
sample	rich	sqlite	raw	prefix	741	8958
sample	rich	sqlite	raw	prefix	742	456500
sample	rich	sqlite	raw	prefix	743	880375
sample	rich	sqlite	raw	prefix	744	43500
sample	rich	sqlite	raw	prefix	745	12750
sample	rich	sqlite	raw	prefix	746	478625
sample	rich	sqlite	raw	prefix	747	501166
sample	rich	sqlite	raw	prefix	748	38750
sample	rich	sqlite	raw	prefix	749	10209
sample	rich	sqlite	raw	prefix	750	470000
sample	rich	sqlite	raw	prefix	751	498917
sample	rich	sqlite	raw	prefix	752	42791
sample	rich	sqlite	raw	prefix	753	11584
sample	rich	sqlite	raw	prefix	754	458583
sample	rich	sqlite	raw	prefix	755	518250
sample	rich	sqlite	raw	prefix	756	36750
sample	rich	sqlite	raw	prefix	757	17250
sample	rich	sqlite	raw	prefix	758	682666
sample	rich	sqlite	raw	prefix	759	561792
sample	rich	sqlite	raw	prefix	760	45458
sample	rich	sqlite	raw	prefix	761	12875
sample	rich	sqlite	raw	prefix	762	474208
sample	rich	sqlite	raw	prefix	763	496000
sample	rich	sqlite	raw	prefix	764	48667
sample	rich	sqlite	raw	prefix	765	9541
sample	rich	sqlite	raw	prefix	766	477833
sample	rich	sqlite	raw	prefix	767	510541
sample	rich	sqlite	raw	prefix	768	32375
sample	rich	sqlite	raw	prefix	769	10292
sample	rich	sqlite	raw	prefix	770	471250
sample	rich	sqlite	raw	prefix	771	502584
sample	rich	sqlite	raw	prefix	772	31042
sample	rich	sqlite	raw	prefix	773	10458
sample	rich	sqlite	raw	prefix	774	512417
sample	rich	sqlite	raw	prefix	775	614375
sample	rich	sqlite	raw	prefix	776	116958
sample	rich	sqlite	raw	prefix	777	45375
sample	rich	sqlite	raw	prefix	778	935209
sample	rich	sqlite	raw	prefix	779	610292
sample	rich	sqlite	raw	prefix	780	47959
sample	rich	sqlite	raw	prefix	781	11542
sample	rich	sqlite	raw	prefix	782	465959
sample	rich	sqlite	raw	prefix	783	521375
sample	rich	sqlite	raw	prefix	784	57459
sample	rich	sqlite	raw	prefix	785	16042
sample	rich	sqlite	raw	prefix	786	507334
sample	rich	sqlite	raw	prefix	787	491542
sample	rich	sqlite	raw	prefix	788	32333
sample	rich	sqlite	raw	prefix	789	9625
sample	rich	sqlite	raw	prefix	790	459667
sample	rich	sqlite	raw	prefix	791	504292
sample	rich	sqlite	raw	prefix	792	31125
sample	rich	sqlite	raw	prefix	793	11167
sample	rich	sqlite	raw	prefix	794	596083
sample	rich	sqlite	raw	prefix	795	505000
sample	rich	sqlite	raw	prefix	796	44333
sample	rich	sqlite	raw	prefix	797	11625
sample	rich	sqlite	raw	prefix	798	492041
sample	rich	sqlite	raw	prefix	799	489166
sample	rich	sqlite	raw	prefix	800	100458
sample	rich	sqlite	raw	prefix	801	59416
sample	rich	sqlite	raw	prefix	802	761708
sample	rich	sqlite	raw	prefix	803	527750
sample	rich	sqlite	raw	prefix	804	43209
sample	rich	sqlite	raw	prefix	805	9667
sample	rich	sqlite	raw	prefix	806	470000
sample	rich	sqlite	raw	prefix	807	513666
sample	rich	sqlite	raw	prefix	808	36875
sample	rich	sqlite	raw	prefix	809	11916
sample	rich	sqlite	raw	prefix	810	482708
sample	rich	sqlite	raw	prefix	811	754125
sample	rich	sqlite	raw	prefix	812	40333
sample	rich	sqlite	raw	prefix	813	11791
sample	rich	sqlite	raw	prefix	814	481459
sample	rich	sqlite	raw	prefix	815	703083
sample	rich	sqlite	raw	prefix	816	35333
sample	rich	sqlite	raw	prefix	817	10167
sample	rich	sqlite	raw	prefix	818	477959
sample	rich	sqlite	raw	prefix	819	510208
sample	rich	sqlite	raw	prefix	820	29041
sample	rich	sqlite	raw	prefix	821	9750
sample	rich	sqlite	raw	prefix	822	473084
sample	rich	sqlite	raw	prefix	823	510500
sample	rich	sqlite	raw	prefix	824	32709
sample	rich	sqlite	raw	prefix	825	9833
sample	rich	sqlite	raw	prefix	826	475250
sample	rich	sqlite	raw	prefix	827	516917
sample	rich	sqlite	raw	prefix	828	102667
sample	rich	sqlite	raw	prefix	829	15666
sample	rich	sqlite	raw	prefix	830	675250
sample	rich	sqlite	raw	prefix	831	517584
sample	rich	sqlite	raw	prefix	832	46167
sample	rich	sqlite	raw	prefix	833	11541
sample	rich	sqlite	raw	prefix	834	628792
sample	rich	sqlite	raw	prefix	835	634916
sample	rich	sqlite	raw	prefix	836	41708
sample	rich	sqlite	raw	prefix	837	10166
sample	rich	sqlite	raw	prefix	838	476292
sample	rich	sqlite	raw	prefix	839	1150500
sample	rich	sqlite	raw	prefix	840	62167
sample	rich	sqlite	raw	prefix	841	14416
sample	rich	sqlite	raw	prefix	842	479875
sample	rich	sqlite	raw	prefix	843	675917
sample	rich	sqlite	raw	prefix	844	49667
sample	rich	sqlite	raw	prefix	845	11166
sample	rich	sqlite	raw	prefix	846	483334
sample	rich	sqlite	raw	prefix	847	504709
sample	rich	sqlite	raw	prefix	848	73666
sample	rich	sqlite	raw	prefix	849	15000
sample	rich	sqlite	raw	prefix	850	552792
sample	rich	sqlite	raw	prefix	851	523500
sample	rich	sqlite	raw	prefix	852	50042
sample	rich	sqlite	raw	prefix	853	12500
sample	rich	sqlite	raw	prefix	854	482208
sample	rich	sqlite	raw	prefix	855	1105542
sample	rich	sqlite	raw	prefix	856	56875
sample	rich	sqlite	raw	prefix	857	12875
sample	rich	sqlite	raw	prefix	858	470000
sample	rich	sqlite	raw	prefix	859	567209
sample	rich	sqlite	raw	prefix	860	198000
sample	rich	sqlite	raw	prefix	861	48917
sample	rich	sqlite	raw	prefix	862	483167
sample	rich	sqlite	raw	prefix	863	521125
sample	rich	sqlite	raw	prefix	864	58500
sample	rich	sqlite	raw	prefix	865	14000
sample	rich	sqlite	raw	prefix	866	596792
sample	rich	sqlite	raw	prefix	867	798667
sample	rich	sqlite	raw	prefix	868	50000
sample	rich	sqlite	raw	prefix	869	11000
sample	rich	sqlite	raw	prefix	870	468958
sample	rich	sqlite	raw	prefix	871	1131500
sample	rich	sqlite	raw	prefix	872	56917
sample	rich	sqlite	raw	prefix	873	11792
sample	rich	sqlite	raw	prefix	874	466250
sample	rich	sqlite	raw	prefix	875	508958
sample	rich	sqlite	raw	prefix	876	37250
sample	rich	sqlite	raw	prefix	877	9833
sample	rich	sqlite	raw	prefix	878	462709
sample	rich	sqlite	raw	prefix	879	800417
sample	rich	sqlite	raw	prefix	880	55458
sample	rich	sqlite	raw	prefix	881	14292
sample	rich	sqlite	raw	prefix	882	480583
sample	rich	sqlite	raw	prefix	883	559042
sample	rich	sqlite	raw	prefix	884	66959
sample	rich	sqlite	raw	prefix	885	12167
sample	rich	sqlite	raw	prefix	886	511750
sample	rich	sqlite	raw	prefix	887	512125
sample	rich	sqlite	raw	prefix	888	36500
sample	rich	sqlite	raw	prefix	889	11166
sample	rich	sqlite	raw	prefix	890	472875
sample	rich	sqlite	raw	prefix	891	734125
sample	rich	sqlite	raw	prefix	892	49541
sample	rich	sqlite	raw	prefix	893	12125
sample	rich	sqlite	raw	prefix	894	479875
sample	rich	sqlite	raw	prefix	895	490291
sample	rich	sqlite	raw	prefix	896	37542
sample	rich	sqlite	raw	prefix	897	16542
sample	rich	sqlite	raw	prefix	898	474959
sample	rich	sqlite	raw	prefix	899	931000
sample	rich	sqlite	raw	prefix	900	50542
sample	rich	sqlite	raw	prefix	901	10750
sample	rich	sqlite	raw	prefix	902	479958
sample	rich	sqlite	raw	prefix	903	874667
sample	rich	sqlite	raw	prefix	904	44542
sample	rich	sqlite	raw	prefix	905	12083
sample	rich	sqlite	raw	prefix	906	468667
sample	rich	sqlite	raw	prefix	907	1111291
sample	rich	sqlite	raw	prefix	908	74125
sample	rich	sqlite	raw	prefix	909	13667
sample	rich	sqlite	raw	prefix	910	471458
sample	rich	sqlite	raw	prefix	911	516042
sample	rich	sqlite	raw	prefix	912	50833
sample	rich	sqlite	raw	prefix	913	12584
sample	rich	sqlite	raw	prefix	914	485708
sample	rich	sqlite	raw	prefix	915	975000
sample	rich	sqlite	raw	prefix	916	64209
sample	rich	sqlite	raw	prefix	917	10500
sample	rich	sqlite	raw	prefix	918	483625
sample	rich	sqlite	raw	prefix	919	631750
sample	rich	sqlite	raw	prefix	920	67417
sample	rich	sqlite	raw	prefix	921	92667
sample	rich	sqlite	raw	prefix	922	639750
sample	rich	sqlite	raw	prefix	923	505166
sample	rich	sqlite	raw	prefix	924	57833
sample	rich	sqlite	raw	prefix	925	12959
sample	rich	sqlite	raw	prefix	926	494125
sample	rich	sqlite	raw	prefix	927	590084
sample	rich	sqlite	raw	prefix	928	80958
sample	rich	sqlite	raw	prefix	929	45750
sample	rich	sqlite	raw	prefix	930	493209
sample	rich	sqlite	raw	prefix	931	758500
sample	rich	sqlite	raw	prefix	932	54042
sample	rich	sqlite	raw	prefix	933	19625
sample	rich	sqlite	raw	prefix	934	467542
sample	rich	sqlite	raw	prefix	935	504166
sample	rich	sqlite	raw	prefix	936	69125
sample	rich	sqlite	raw	prefix	937	13167
sample	rich	sqlite	raw	prefix	938	713375
sample	rich	sqlite	raw	prefix	939	516334
sample	rich	sqlite	raw	prefix	940	58625
sample	rich	sqlite	raw	prefix	941	11708
sample	rich	sqlite	raw	prefix	942	485792
sample	rich	sqlite	raw	prefix	943	536625
sample	rich	sqlite	raw	prefix	944	37833
sample	rich	sqlite	raw	prefix	945	11750
sample	rich	sqlite	raw	prefix	946	487916
sample	rich	sqlite	raw	prefix	947	651333
sample	rich	sqlite	raw	prefix	948	51042
sample	rich	sqlite	raw	prefix	949	11334
sample	rich	sqlite	raw	prefix	950	468833
sample	rich	sqlite	raw	prefix	951	912459
sample	rich	sqlite	raw	prefix	952	49375
sample	rich	sqlite	raw	prefix	953	12333
sample	rich	sqlite	raw	prefix	954	470959
sample	rich	sqlite	raw	prefix	955	499375
sample	rich	sqlite	raw	prefix	956	58458
sample	rich	sqlite	raw	prefix	957	13750
sample	rich	sqlite	raw	prefix	958	557708
sample	rich	sqlite	raw	prefix	959	493791
sample	rich	sqlite	raw	prefix	960	44541
sample	rich	sqlite	raw	prefix	961	72125
sample	rich	sqlite	raw	prefix	962	529042
sample	rich	sqlite	raw	prefix	963	502333
sample	rich	sqlite	raw	prefix	964	55000
sample	rich	sqlite	raw	prefix	965	10750
sample	rich	sqlite	raw	prefix	966	686167
sample	rich	sqlite	raw	prefix	967	512250
sample	rich	sqlite	raw	prefix	968	36791
sample	rich	sqlite	raw	prefix	969	13250
sample	rich	sqlite	raw	prefix	970	467125
sample	rich	sqlite	raw	prefix	971	503083
sample	rich	sqlite	raw	prefix	972	29792
sample	rich	sqlite	raw	prefix	973	9416
sample	rich	sqlite	raw	prefix	974	472750
sample	rich	sqlite	raw	prefix	975	511458
sample	rich	sqlite	raw	prefix	976	29667
sample	rich	sqlite	raw	prefix	977	10583
sample	rich	sqlite	raw	prefix	978	471625
sample	rich	sqlite	raw	prefix	979	531125
sample	rich	sqlite	raw	prefix	980	63584
sample	rich	sqlite	raw	prefix	981	12792
sample	rich	sqlite	raw	prefix	982	483000
sample	rich	sqlite	raw	prefix	983	505875
sample	rich	sqlite	raw	prefix	984	59542
sample	rich	sqlite	raw	prefix	985	13375
sample	rich	sqlite	raw	prefix	986	480916
sample	rich	sqlite	raw	prefix	987	501458
sample	rich	sqlite	raw	prefix	988	32792
sample	rich	sqlite	raw	prefix	989	10000
sample	rich	sqlite	raw	prefix	990	475000
sample	rich	sqlite	raw	prefix	991	1022292
sample	rich	sqlite	raw	prefix	992	50417
sample	rich	sqlite	raw	prefix	993	11833
sample	rich	sqlite	raw	prefix	994	471125
sample	rich	sqlite	raw	prefix	995	516166
sample	rich	sqlite	raw	prefix	996	36083
sample	rich	sqlite	raw	prefix	997	10541
sample	rich	sqlite	raw	prefix	998	474792
sample	rich	sqlite	raw	prefix	999	601500
sample	rich	sqlite	raw	render	0	35042
sample	rich	sqlite	raw	render	1	8708
sample	rich	sqlite	raw	render	2	14500
sample	rich	sqlite	raw	render	3	16042
sample	rich	sqlite	raw	render	4	11250
sample	rich	sqlite	raw	render	5	6500
sample	rich	sqlite	raw	render	6	5709
sample	rich	sqlite	raw	render	7	5500
sample	rich	sqlite	raw	render	8	12084
sample	rich	sqlite	raw	render	9	9209
sample	rich	sqlite	raw	render	10	5708
sample	rich	sqlite	raw	render	11	5500
sample	rich	sqlite	raw	render	12	5375
sample	rich	sqlite	raw	render	13	5333
sample	rich	sqlite	raw	render	14	6084
sample	rich	sqlite	raw	render	15	5416
sample	rich	sqlite	raw	render	16	5458
sample	rich	sqlite	raw	render	17	5000
sample	rich	sqlite	raw	render	18	4917
sample	rich	sqlite	raw	render	19	5084
sample	rich	sqlite	raw	render	20	4916
sample	rich	sqlite	raw	render	21	5125
sample	rich	sqlite	raw	render	22	4917
sample	rich	sqlite	raw	render	23	5083
sample	rich	sqlite	raw	render	24	4875
sample	rich	sqlite	raw	render	25	5208
sample	rich	sqlite	raw	render	26	5083
sample	rich	sqlite	raw	render	27	4917
sample	rich	sqlite	raw	render	28	4875
sample	rich	sqlite	raw	render	29	4917
sample	rich	sqlite	raw	render	30	5542
sample	rich	sqlite	raw	render	31	5000
sample	rich	sqlite	raw	render	32	5083
sample	rich	sqlite	raw	render	33	4917
sample	rich	sqlite	raw	render	34	4959
sample	rich	sqlite	raw	render	35	5250
sample	rich	sqlite	raw	render	36	4875
sample	rich	sqlite	raw	render	37	5083
sample	rich	sqlite	raw	render	38	4791
sample	rich	sqlite	raw	render	39	4834
sample	rich	sqlite	raw	render	40	5166
sample	rich	sqlite	raw	render	41	5167
sample	rich	sqlite	raw	render	42	5000
sample	rich	sqlite	raw	render	43	4834
sample	rich	sqlite	raw	render	44	4833
sample	rich	sqlite	raw	render	45	4667
sample	rich	sqlite	raw	render	46	4708
sample	rich	sqlite	raw	render	47	4875
sample	rich	sqlite	raw	render	48	4792
sample	rich	sqlite	raw	render	49	4750
sample	rich	sqlite	raw	render	50	5833
sample	rich	sqlite	raw	render	51	12042
sample	rich	sqlite	raw	render	52	5583
sample	rich	sqlite	raw	render	53	9916
sample	rich	sqlite	raw	render	54	4833
sample	rich	sqlite	raw	render	55	5000
sample	rich	sqlite	raw	render	56	4750
sample	rich	sqlite	raw	render	57	5042
sample	rich	sqlite	raw	render	58	4958
sample	rich	sqlite	raw	render	59	4917
sample	rich	sqlite	raw	render	60	10917
sample	rich	sqlite	raw	render	61	10417
sample	rich	sqlite	raw	render	62	12417
sample	rich	sqlite	raw	render	63	10750
sample	rich	sqlite	raw	render	64	10667
sample	rich	sqlite	raw	render	65	11250
sample	rich	sqlite	raw	render	66	11500
sample	rich	sqlite	raw	render	67	10042
sample	rich	sqlite	raw	render	68	10875
sample	rich	sqlite	raw	render	69	11875
sample	rich	sqlite	raw	render	70	10167
sample	rich	sqlite	raw	render	71	11166
sample	rich	sqlite	raw	render	72	11333
sample	rich	sqlite	raw	render	73	10375
sample	rich	sqlite	raw	render	74	11416
sample	rich	sqlite	raw	render	75	11875
sample	rich	sqlite	raw	render	76	10667
sample	rich	sqlite	raw	render	77	11000
sample	rich	sqlite	raw	render	78	11250
sample	rich	sqlite	raw	render	79	11000
sample	rich	sqlite	raw	render	80	15959
sample	rich	sqlite	raw	render	81	10958
sample	rich	sqlite	raw	render	82	10417
sample	rich	sqlite	raw	render	83	11541
sample	rich	sqlite	raw	render	84	10125
sample	rich	sqlite	raw	render	85	11041
sample	rich	sqlite	raw	render	86	9083
sample	rich	sqlite	raw	render	87	8792
sample	rich	sqlite	raw	render	88	8583
sample	rich	sqlite	raw	render	89	9791
sample	rich	sqlite	raw	render	90	12292
sample	rich	sqlite	raw	render	91	9625
sample	rich	sqlite	raw	render	92	8458
sample	rich	sqlite	raw	render	93	5583
sample	rich	sqlite	raw	render	94	5375
sample	rich	sqlite	raw	render	95	5334
sample	rich	sqlite	raw	render	96	5167
sample	rich	sqlite	raw	render	97	4917
sample	rich	sqlite	raw	render	98	4958
sample	rich	sqlite	raw	render	99	4834
sample	rich	sqlite	raw	render	100	5166
sample	rich	sqlite	raw	render	101	5875
sample	rich	sqlite	raw	render	102	4791
sample	rich	sqlite	raw	render	103	4792
sample	rich	sqlite	raw	render	104	4750
sample	rich	sqlite	raw	render	105	4833
sample	rich	sqlite	raw	render	106	4959
sample	rich	sqlite	raw	render	107	4833
sample	rich	sqlite	raw	render	108	4917
sample	rich	sqlite	raw	render	109	5083
sample	rich	sqlite	raw	render	110	4750
sample	rich	sqlite	raw	render	111	4917
sample	rich	sqlite	raw	render	112	4959
sample	rich	sqlite	raw	render	113	4834
sample	rich	sqlite	raw	render	114	5583
sample	rich	sqlite	raw	render	115	5042
sample	rich	sqlite	raw	render	116	4958
sample	rich	sqlite	raw	render	117	4875
sample	rich	sqlite	raw	render	118	4833
sample	rich	sqlite	raw	render	119	4750
sample	rich	sqlite	raw	render	120	5792
sample	rich	sqlite	raw	render	121	6666
sample	rich	sqlite	raw	render	122	4958
sample	rich	sqlite	raw	render	123	8084
sample	rich	sqlite	raw	render	124	4834
sample	rich	sqlite	raw	render	125	5000
sample	rich	sqlite	raw	render	126	4708
sample	rich	sqlite	raw	render	127	5542
sample	rich	sqlite	raw	render	128	4833
sample	rich	sqlite	raw	render	129	4708
sample	rich	sqlite	raw	render	130	4791
sample	rich	sqlite	raw	render	131	4875
sample	rich	sqlite	raw	render	132	5000
sample	rich	sqlite	raw	render	133	4875
sample	rich	sqlite	raw	render	134	4875
sample	rich	sqlite	raw	render	135	4750
sample	rich	sqlite	raw	render	136	5125
sample	rich	sqlite	raw	render	137	5208
sample	rich	sqlite	raw	render	138	4708
sample	rich	sqlite	raw	render	139	4750
sample	rich	sqlite	raw	render	140	4667
sample	rich	sqlite	raw	render	141	4875
sample	rich	sqlite	raw	render	142	4875
sample	rich	sqlite	raw	render	143	5084
sample	rich	sqlite	raw	render	144	4875
sample	rich	sqlite	raw	render	145	5542
sample	rich	sqlite	raw	render	146	5583
sample	rich	sqlite	raw	render	147	8709
sample	rich	sqlite	raw	render	148	5208
sample	rich	sqlite	raw	render	149	5083
sample	rich	sqlite	raw	render	150	5584
sample	rich	sqlite	raw	render	151	5167
sample	rich	sqlite	raw	render	152	5292
sample	rich	sqlite	raw	render	153	5167
sample	rich	sqlite	raw	render	154	4792
sample	rich	sqlite	raw	render	155	87250
sample	rich	sqlite	raw	render	156	12291
sample	rich	sqlite	raw	render	157	6500
sample	rich	sqlite	raw	render	158	5416
sample	rich	sqlite	raw	render	159	5458
sample	rich	sqlite	raw	render	160	5500
sample	rich	sqlite	raw	render	161	5209
sample	rich	sqlite	raw	render	162	7625
sample	rich	sqlite	raw	render	163	5333
sample	rich	sqlite	raw	render	164	4875
sample	rich	sqlite	raw	render	165	4917
sample	rich	sqlite	raw	render	166	5000
sample	rich	sqlite	raw	render	167	5042
sample	rich	sqlite	raw	render	168	5292
sample	rich	sqlite	raw	render	169	8000
sample	rich	sqlite	raw	render	170	7125
sample	rich	sqlite	raw	render	171	4875
sample	rich	sqlite	raw	render	172	4917
sample	rich	sqlite	raw	render	173	5083
sample	rich	sqlite	raw	render	174	5166
sample	rich	sqlite	raw	render	175	8083
sample	rich	sqlite	raw	render	176	7459
sample	rich	sqlite	raw	render	177	6958
sample	rich	sqlite	raw	render	178	7167
sample	rich	sqlite	raw	render	179	7167
sample	rich	sqlite	raw	render	180	5208
sample	rich	sqlite	raw	render	181	4958
sample	rich	sqlite	raw	render	182	4875
sample	rich	sqlite	raw	render	183	4875
sample	rich	sqlite	raw	render	184	4667
sample	rich	sqlite	raw	render	185	4709
sample	rich	sqlite	raw	render	186	9666
sample	rich	sqlite	raw	render	187	8958
sample	rich	sqlite	raw	render	188	4959
sample	rich	sqlite	raw	render	189	5042
sample	rich	sqlite	raw	render	190	4875
sample	rich	sqlite	raw	render	191	4791
sample	rich	sqlite	raw	render	192	9458
sample	rich	sqlite	raw	render	193	8541
sample	rich	sqlite	raw	render	194	4917
sample	rich	sqlite	raw	render	195	8291
sample	rich	sqlite	raw	render	196	4834
sample	rich	sqlite	raw	render	197	5000
sample	rich	sqlite	raw	render	198	4959
sample	rich	sqlite	raw	render	199	5375
sample	rich	sqlite	raw	render	200	4959
sample	rich	sqlite	raw	render	201	5000
sample	rich	sqlite	raw	render	202	4834
sample	rich	sqlite	raw	render	203	4875
sample	rich	sqlite	raw	render	204	4875
sample	rich	sqlite	raw	render	205	5125
sample	rich	sqlite	raw	render	206	4833
sample	rich	sqlite	raw	render	207	4834
sample	rich	sqlite	raw	render	208	4667
sample	rich	sqlite	raw	render	209	4667
sample	rich	sqlite	raw	render	210	4791
sample	rich	sqlite	raw	render	211	5000
sample	rich	sqlite	raw	render	212	4750
sample	rich	sqlite	raw	render	213	5209
sample	rich	sqlite	raw	render	214	4708
sample	rich	sqlite	raw	render	215	5375
sample	rich	sqlite	raw	render	216	5083
sample	rich	sqlite	raw	render	217	8375
sample	rich	sqlite	raw	render	218	8292
sample	rich	sqlite	raw	render	219	5333
sample	rich	sqlite	raw	render	220	4916
sample	rich	sqlite	raw	render	221	4708
sample	rich	sqlite	raw	render	222	4834
sample	rich	sqlite	raw	render	223	4750
sample	rich	sqlite	raw	render	224	57209
sample	rich	sqlite	raw	render	225	23208
sample	rich	sqlite	raw	render	226	15500
sample	rich	sqlite	raw	render	227	13166
sample	rich	sqlite	raw	render	228	11209
sample	rich	sqlite	raw	render	229	12625
sample	rich	sqlite	raw	render	230	11625
sample	rich	sqlite	raw	render	231	47208
sample	rich	sqlite	raw	render	232	14250
sample	rich	sqlite	raw	render	233	12875
sample	rich	sqlite	raw	render	234	12291
sample	rich	sqlite	raw	render	235	10834
sample	rich	sqlite	raw	render	236	11500
sample	rich	sqlite	raw	render	237	10583
sample	rich	sqlite	raw	render	238	10958
sample	rich	sqlite	raw	render	239	11500
sample	rich	sqlite	raw	render	240	11083
sample	rich	sqlite	raw	render	241	10417
sample	rich	sqlite	raw	render	242	10583
sample	rich	sqlite	raw	render	243	10833
sample	rich	sqlite	raw	render	244	10500
sample	rich	sqlite	raw	render	245	10875
sample	rich	sqlite	raw	render	246	10750
sample	rich	sqlite	raw	render	247	10125
sample	rich	sqlite	raw	render	248	10334
sample	rich	sqlite	raw	render	249	10292
sample	rich	sqlite	raw	render	250	10000
sample	rich	sqlite	raw	render	251	12333
sample	rich	sqlite	raw	render	252	13042
sample	rich	sqlite	raw	render	253	35125
sample	rich	sqlite	raw	render	254	24292
sample	rich	sqlite	raw	render	255	13667
sample	rich	sqlite	raw	render	256	12334
sample	rich	sqlite	raw	render	257	11833
sample	rich	sqlite	raw	render	258	11125
sample	rich	sqlite	raw	render	259	28709
sample	rich	sqlite	raw	render	260	14042
sample	rich	sqlite	raw	render	261	12333
sample	rich	sqlite	raw	render	262	11333
sample	rich	sqlite	raw	render	263	11417
sample	rich	sqlite	raw	render	264	20167
sample	rich	sqlite	raw	render	265	12250
sample	rich	sqlite	raw	render	266	11666
sample	rich	sqlite	raw	render	267	10875
sample	rich	sqlite	raw	render	268	11083
sample	rich	sqlite	raw	render	269	34833
sample	rich	sqlite	raw	render	270	25000
sample	rich	sqlite	raw	render	271	14334
sample	rich	sqlite	raw	render	272	13708
sample	rich	sqlite	raw	render	273	12041
sample	rich	sqlite	raw	render	274	18375
sample	rich	sqlite	raw	render	275	12583
sample	rich	sqlite	raw	render	276	10875
sample	rich	sqlite	raw	render	277	28834
sample	rich	sqlite	raw	render	278	23250
sample	rich	sqlite	raw	render	279	13834
sample	rich	sqlite	raw	render	280	11167
sample	rich	sqlite	raw	render	281	12167
sample	rich	sqlite	raw	render	282	44000
sample	rich	sqlite	raw	render	283	15292
sample	rich	sqlite	raw	render	284	36500
sample	rich	sqlite	raw	render	285	28875
sample	rich	sqlite	raw	render	286	12583
sample	rich	sqlite	raw	render	287	6541
sample	rich	sqlite	raw	render	288	5959
sample	rich	sqlite	raw	render	289	6000
sample	rich	sqlite	raw	render	290	5792
sample	rich	sqlite	raw	render	291	5292
sample	rich	sqlite	raw	render	292	5541
sample	rich	sqlite	raw	render	293	5500
sample	rich	sqlite	raw	render	294	12375
sample	rich	sqlite	raw	render	295	6125
sample	rich	sqlite	raw	render	296	5166
sample	rich	sqlite	raw	render	297	5000
sample	rich	sqlite	raw	render	298	9334
sample	rich	sqlite	raw	render	299	5209
sample	rich	sqlite	raw	render	300	5000
sample	rich	sqlite	raw	render	301	4958
sample	rich	sqlite	raw	render	302	5167
sample	rich	sqlite	raw	render	303	4958
sample	rich	sqlite	raw	render	304	5000
sample	rich	sqlite	raw	render	305	5500
sample	rich	sqlite	raw	render	306	5042
sample	rich	sqlite	raw	render	307	5000
sample	rich	sqlite	raw	render	308	4792
sample	rich	sqlite	raw	render	309	5083
sample	rich	sqlite	raw	render	310	5042
sample	rich	sqlite	raw	render	311	5459
sample	rich	sqlite	raw	render	312	4958
sample	rich	sqlite	raw	render	313	5167
sample	rich	sqlite	raw	render	314	5042
sample	rich	sqlite	raw	render	315	4791
sample	rich	sqlite	raw	render	316	4875
sample	rich	sqlite	raw	render	317	5250
sample	rich	sqlite	raw	render	318	4916
sample	rich	sqlite	raw	render	319	4958
sample	rich	sqlite	raw	render	320	4667
sample	rich	sqlite	raw	render	321	4791
sample	rich	sqlite	raw	render	322	5083
sample	rich	sqlite	raw	render	323	5041
sample	rich	sqlite	raw	render	324	8375
sample	rich	sqlite	raw	render	325	5083
sample	rich	sqlite	raw	render	326	4916
sample	rich	sqlite	raw	render	327	5333
sample	rich	sqlite	raw	render	328	4916
sample	rich	sqlite	raw	render	329	4833
sample	rich	sqlite	raw	render	330	9000
sample	rich	sqlite	raw	render	331	9500
sample	rich	sqlite	raw	render	332	10542
sample	rich	sqlite	raw	render	333	4917
sample	rich	sqlite	raw	render	334	4916
sample	rich	sqlite	raw	render	335	4959
sample	rich	sqlite	raw	render	336	5625
sample	rich	sqlite	raw	render	337	12666
sample	rich	sqlite	raw	render	338	5125
sample	rich	sqlite	raw	render	339	4917
sample	rich	sqlite	raw	render	340	4958
sample	rich	sqlite	raw	render	341	4666
sample	rich	sqlite	raw	render	342	4958
sample	rich	sqlite	raw	render	343	4750
sample	rich	sqlite	raw	render	344	4792
sample	rich	sqlite	raw	render	345	5042
sample	rich	sqlite	raw	render	346	5000
sample	rich	sqlite	raw	render	347	4750
sample	rich	sqlite	raw	render	348	5459
sample	rich	sqlite	raw	render	349	4708
sample	rich	sqlite	raw	render	350	4708
sample	rich	sqlite	raw	render	351	5000
sample	rich	sqlite	raw	render	352	4916
sample	rich	sqlite	raw	render	353	5250
sample	rich	sqlite	raw	render	354	5375
sample	rich	sqlite	raw	render	355	5125
sample	rich	sqlite	raw	render	356	5417
sample	rich	sqlite	raw	render	357	5125
sample	rich	sqlite	raw	render	358	5833
sample	rich	sqlite	raw	render	359	5500
sample	rich	sqlite	raw	render	360	5083
sample	rich	sqlite	raw	render	361	4958
sample	rich	sqlite	raw	render	362	5000
sample	rich	sqlite	raw	render	363	5458
sample	rich	sqlite	raw	render	364	5416
sample	rich	sqlite	raw	render	365	5083
sample	rich	sqlite	raw	render	366	5000
sample	rich	sqlite	raw	render	367	4875
sample	rich	sqlite	raw	render	368	5083
sample	rich	sqlite	raw	render	369	5125
sample	rich	sqlite	raw	render	370	5208
sample	rich	sqlite	raw	render	371	6042
sample	rich	sqlite	raw	render	372	5167
sample	rich	sqlite	raw	render	373	10875
sample	rich	sqlite	raw	render	374	8709
sample	rich	sqlite	raw	render	375	5666
sample	rich	sqlite	raw	render	376	5917
sample	rich	sqlite	raw	render	377	5500
sample	rich	sqlite	raw	render	378	10917
sample	rich	sqlite	raw	render	379	5292
sample	rich	sqlite	raw	render	380	5125
sample	rich	sqlite	raw	render	381	5209
sample	rich	sqlite	raw	render	382	11000
sample	rich	sqlite	raw	render	383	8083
sample	rich	sqlite	raw	render	384	5000
sample	rich	sqlite	raw	render	385	6083
sample	rich	sqlite	raw	render	386	4667
sample	rich	sqlite	raw	render	387	5083
sample	rich	sqlite	raw	render	388	5959
sample	rich	sqlite	raw	render	389	5334
sample	rich	sqlite	raw	render	390	5583
sample	rich	sqlite	raw	render	391	5417
sample	rich	sqlite	raw	render	392	5042
sample	rich	sqlite	raw	render	393	5417
sample	rich	sqlite	raw	render	394	5209
sample	rich	sqlite	raw	render	395	4875
sample	rich	sqlite	raw	render	396	4959
sample	rich	sqlite	raw	render	397	59292
sample	rich	sqlite	raw	render	398	20666
sample	rich	sqlite	raw	render	399	12709
sample	rich	sqlite	raw	render	400	14792
sample	rich	sqlite	raw	render	401	11916
sample	rich	sqlite	raw	render	402	12042
sample	rich	sqlite	raw	render	403	11875
sample	rich	sqlite	raw	render	404	10667
sample	rich	sqlite	raw	render	405	10708
sample	rich	sqlite	raw	render	406	10750
sample	rich	sqlite	raw	render	407	10834
sample	rich	sqlite	raw	render	408	11208
sample	rich	sqlite	raw	render	409	11666
sample	rich	sqlite	raw	render	410	10917
sample	rich	sqlite	raw	render	411	10959
sample	rich	sqlite	raw	render	412	11250
sample	rich	sqlite	raw	render	413	11417
sample	rich	sqlite	raw	render	414	25459
sample	rich	sqlite	raw	render	415	13125
sample	rich	sqlite	raw	render	416	13750
sample	rich	sqlite	raw	render	417	27833
sample	rich	sqlite	raw	render	418	11500
sample	rich	sqlite	raw	render	419	6833
sample	rich	sqlite	raw	render	420	6042
sample	rich	sqlite	raw	render	421	6041
sample	rich	sqlite	raw	render	422	5834
sample	rich	sqlite	raw	render	423	5417
sample	rich	sqlite	raw	render	424	5291
sample	rich	sqlite	raw	render	425	60625
sample	rich	sqlite	raw	render	426	35042
sample	rich	sqlite	raw	render	427	12833
sample	rich	sqlite	raw	render	428	11750
sample	rich	sqlite	raw	render	429	11709
sample	rich	sqlite	raw	render	430	11792
sample	rich	sqlite	raw	render	431	11750
sample	rich	sqlite	raw	render	432	14959
sample	rich	sqlite	raw	render	433	11542
sample	rich	sqlite	raw	render	434	17542
sample	rich	sqlite	raw	render	435	12791
sample	rich	sqlite	raw	render	436	11791
sample	rich	sqlite	raw	render	437	17708
sample	rich	sqlite	raw	render	438	12208
sample	rich	sqlite	raw	render	439	17333
sample	rich	sqlite	raw	render	440	36042
sample	rich	sqlite	raw	render	441	24750
sample	rich	sqlite	raw	render	442	15416
sample	rich	sqlite	raw	render	443	28334
sample	rich	sqlite	raw	render	444	14041
sample	rich	sqlite	raw	render	445	12708
sample	rich	sqlite	raw	render	446	11958
sample	rich	sqlite	raw	render	447	12084
sample	rich	sqlite	raw	render	448	11417
sample	rich	sqlite	raw	render	449	11500
sample	rich	sqlite	raw	render	450	11542
sample	rich	sqlite	raw	render	451	11709
sample	rich	sqlite	raw	render	452	14833
sample	rich	sqlite	raw	render	453	11041
sample	rich	sqlite	raw	render	454	38084
sample	rich	sqlite	raw	render	455	13167
sample	rich	sqlite	raw	render	456	12583
sample	rich	sqlite	raw	render	457	27125
sample	rich	sqlite	raw	render	458	12000
sample	rich	sqlite	raw	render	459	13167
sample	rich	sqlite	raw	render	460	28000
sample	rich	sqlite	raw	render	461	14292
sample	rich	sqlite	raw	render	462	12834
sample	rich	sqlite	raw	render	463	12291
sample	rich	sqlite	raw	render	464	13167
sample	rich	sqlite	raw	render	465	11166
sample	rich	sqlite	raw	render	466	11500
sample	rich	sqlite	raw	render	467	10917
sample	rich	sqlite	raw	render	468	11542
sample	rich	sqlite	raw	render	469	23084
sample	rich	sqlite	raw	render	470	19000
sample	rich	sqlite	raw	render	471	25208
sample	rich	sqlite	raw	render	472	22750
sample	rich	sqlite	raw	render	473	21333
sample	rich	sqlite	raw	render	474	16042
sample	rich	sqlite	raw	render	475	16667
sample	rich	sqlite	raw	render	476	16167
sample	rich	sqlite	raw	render	477	33250
sample	rich	sqlite	raw	render	478	24625
sample	rich	sqlite	raw	render	479	12500
sample	rich	sqlite	raw	render	480	13083
sample	rich	sqlite	raw	render	481	11875
sample	rich	sqlite	raw	render	482	13542
sample	rich	sqlite	raw	render	483	11542
sample	rich	sqlite	raw	render	484	17083
sample	rich	sqlite	raw	render	485	21875
sample	rich	sqlite	raw	render	486	18666
sample	rich	sqlite	raw	render	487	14667
sample	rich	sqlite	raw	render	488	6833
sample	rich	sqlite	raw	render	489	5334
sample	rich	sqlite	raw	render	490	23416
sample	rich	sqlite	raw	render	491	13209
sample	rich	sqlite	raw	render	492	35542
sample	rich	sqlite	raw	render	493	12917
sample	rich	sqlite	raw	render	494	28833
sample	rich	sqlite	raw	render	495	12458
sample	rich	sqlite	raw	render	496	11500
sample	rich	sqlite	raw	render	497	5875
sample	rich	sqlite	raw	render	498	5417
sample	rich	sqlite	raw	render	499	5250
sample	rich	sqlite	raw	render	500	5125
sample	rich	sqlite	raw	render	501	5125
sample	rich	sqlite	raw	render	502	5000
sample	rich	sqlite	raw	render	503	5666
sample	rich	sqlite	raw	render	504	5417
sample	rich	sqlite	raw	render	505	5000
sample	rich	sqlite	raw	render	506	4958
sample	rich	sqlite	raw	render	507	5125
sample	rich	sqlite	raw	render	508	57333
sample	rich	sqlite	raw	render	509	6250
sample	rich	sqlite	raw	render	510	5125
sample	rich	sqlite	raw	render	511	4958
sample	rich	sqlite	raw	render	512	4834
sample	rich	sqlite	raw	render	513	5000
sample	rich	sqlite	raw	render	514	5000
sample	rich	sqlite	raw	render	515	4834
sample	rich	sqlite	raw	render	516	4834
sample	rich	sqlite	raw	render	517	5416
sample	rich	sqlite	raw	render	518	5167
sample	rich	sqlite	raw	render	519	6292
sample	rich	sqlite	raw	render	520	5500
sample	rich	sqlite	raw	render	521	5750
sample	rich	sqlite	raw	render	522	5416
sample	rich	sqlite	raw	render	523	5375
sample	rich	sqlite	raw	render	524	5083
sample	rich	sqlite	raw	render	525	9292
sample	rich	sqlite	raw	render	526	5250
sample	rich	sqlite	raw	render	527	5083
sample	rich	sqlite	raw	render	528	5250
sample	rich	sqlite	raw	render	529	5708
sample	rich	sqlite	raw	render	530	5250
sample	rich	sqlite	raw	render	531	4917
sample	rich	sqlite	raw	render	532	5292
sample	rich	sqlite	raw	render	533	5416
sample	rich	sqlite	raw	render	534	5250
sample	rich	sqlite	raw	render	535	5167
sample	rich	sqlite	raw	render	536	5250
sample	rich	sqlite	raw	render	537	5042
sample	rich	sqlite	raw	render	538	4916
sample	rich	sqlite	raw	render	539	5125
sample	rich	sqlite	raw	render	540	5042
sample	rich	sqlite	raw	render	541	5292
sample	rich	sqlite	raw	render	542	4833
sample	rich	sqlite	raw	render	543	4833
sample	rich	sqlite	raw	render	544	5000
sample	rich	sqlite	raw	render	545	4917
sample	rich	sqlite	raw	render	546	4792
sample	rich	sqlite	raw	render	547	4833
sample	rich	sqlite	raw	render	548	4708
sample	rich	sqlite	raw	render	549	5250
sample	rich	sqlite	raw	render	550	4791
sample	rich	sqlite	raw	render	551	4833
sample	rich	sqlite	raw	render	552	4916
sample	rich	sqlite	raw	render	553	4708
sample	rich	sqlite	raw	render	554	4667
sample	rich	sqlite	raw	render	555	5167
sample	rich	sqlite	raw	render	556	4709
sample	rich	sqlite	raw	render	557	5042
sample	rich	sqlite	raw	render	558	4708
sample	rich	sqlite	raw	render	559	4750
sample	rich	sqlite	raw	render	560	4833
sample	rich	sqlite	raw	render	561	4833
sample	rich	sqlite	raw	render	562	4875
sample	rich	sqlite	raw	render	563	4959
sample	rich	sqlite	raw	render	564	4667
sample	rich	sqlite	raw	render	565	5083
sample	rich	sqlite	raw	render	566	4958
sample	rich	sqlite	raw	render	567	4834
sample	rich	sqlite	raw	render	568	4834
sample	rich	sqlite	raw	render	569	4792
sample	rich	sqlite	raw	render	570	4709
sample	rich	sqlite	raw	render	571	4750
sample	rich	sqlite	raw	render	572	4792
sample	rich	sqlite	raw	render	573	4875
sample	rich	sqlite	raw	render	574	4584
sample	rich	sqlite	raw	render	575	5042
sample	rich	sqlite	raw	render	576	4667
sample	rich	sqlite	raw	render	577	5167
sample	rich	sqlite	raw	render	578	4666
sample	rich	sqlite	raw	render	579	4792
sample	rich	sqlite	raw	render	580	4875
sample	rich	sqlite	raw	render	581	4875
sample	rich	sqlite	raw	render	582	5000
sample	rich	sqlite	raw	render	583	4625
sample	rich	sqlite	raw	render	584	4750
sample	rich	sqlite	raw	render	585	4750
sample	rich	sqlite	raw	render	586	4791
sample	rich	sqlite	raw	render	587	4917
sample	rich	sqlite	raw	render	588	4875
sample	rich	sqlite	raw	render	589	5666
sample	rich	sqlite	raw	render	590	4792
sample	rich	sqlite	raw	render	591	4916
sample	rich	sqlite	raw	render	592	4792
sample	rich	sqlite	raw	render	593	4708
sample	rich	sqlite	raw	render	594	4750
sample	rich	sqlite	raw	render	595	5375
sample	rich	sqlite	raw	render	596	4791
sample	rich	sqlite	raw	render	597	4750
sample	rich	sqlite	raw	render	598	4834
sample	rich	sqlite	raw	render	599	4875
sample	rich	sqlite	raw	render	600	4667
sample	rich	sqlite	raw	render	601	5333
sample	rich	sqlite	raw	render	602	4875
sample	rich	sqlite	raw	render	603	4750
sample	rich	sqlite	raw	render	604	4708
sample	rich	sqlite	raw	render	605	5000
sample	rich	sqlite	raw	render	606	4750
sample	rich	sqlite	raw	render	607	4833
sample	rich	sqlite	raw	render	608	4917
sample	rich	sqlite	raw	render	609	5042
sample	rich	sqlite	raw	render	610	4833
sample	rich	sqlite	raw	render	611	4792
sample	rich	sqlite	raw	render	612	4791
sample	rich	sqlite	raw	render	613	4791
sample	rich	sqlite	raw	render	614	4875
sample	rich	sqlite	raw	render	615	4875
sample	rich	sqlite	raw	render	616	4792
sample	rich	sqlite	raw	render	617	5334
sample	rich	sqlite	raw	render	618	4833
sample	rich	sqlite	raw	render	619	4708
sample	rich	sqlite	raw	render	620	4708
sample	rich	sqlite	raw	render	621	5167
sample	rich	sqlite	raw	render	622	4750
sample	rich	sqlite	raw	render	623	4750
sample	rich	sqlite	raw	render	624	4708
sample	rich	sqlite	raw	render	625	4833
sample	rich	sqlite	raw	render	626	4833
sample	rich	sqlite	raw	render	627	4875
sample	rich	sqlite	raw	render	628	4792
sample	rich	sqlite	raw	render	629	4709
sample	rich	sqlite	raw	render	630	4666
sample	rich	sqlite	raw	render	631	4666
sample	rich	sqlite	raw	render	632	4708
sample	rich	sqlite	raw	render	633	5541
sample	rich	sqlite	raw	render	634	5042
sample	rich	sqlite	raw	render	635	4958
sample	rich	sqlite	raw	render	636	4834
sample	rich	sqlite	raw	render	637	4875
sample	rich	sqlite	raw	render	638	4667
sample	rich	sqlite	raw	render	639	4791
sample	rich	sqlite	raw	render	640	4667
sample	rich	sqlite	raw	render	641	7375
sample	rich	sqlite	raw	render	642	5125
sample	rich	sqlite	raw	render	643	4791
sample	rich	sqlite	raw	render	644	4916
sample	rich	sqlite	raw	render	645	4666
sample	rich	sqlite	raw	render	646	5125
sample	rich	sqlite	raw	render	647	4875
sample	rich	sqlite	raw	render	648	4708
sample	rich	sqlite	raw	render	649	4833
sample	rich	sqlite	raw	render	650	4792
sample	rich	sqlite	raw	render	651	4792
sample	rich	sqlite	raw	render	652	4917
sample	rich	sqlite	raw	render	653	5208
sample	rich	sqlite	raw	render	654	4875
sample	rich	sqlite	raw	render	655	4958
sample	rich	sqlite	raw	render	656	5166
sample	rich	sqlite	raw	render	657	5000
sample	rich	sqlite	raw	render	658	5042
sample	rich	sqlite	raw	render	659	4792
sample	rich	sqlite	raw	render	660	5000
sample	rich	sqlite	raw	render	661	5416
sample	rich	sqlite	raw	render	662	4750
sample	rich	sqlite	raw	render	663	4916
sample	rich	sqlite	raw	render	664	5000
sample	rich	sqlite	raw	render	665	4833
sample	rich	sqlite	raw	render	666	4834
sample	rich	sqlite	raw	render	667	5250
sample	rich	sqlite	raw	render	668	4792
sample	rich	sqlite	raw	render	669	4750
sample	rich	sqlite	raw	render	670	4959
sample	rich	sqlite	raw	render	671	4708
sample	rich	sqlite	raw	render	672	5250
sample	rich	sqlite	raw	render	673	4958
sample	rich	sqlite	raw	render	674	5000
sample	rich	sqlite	raw	render	675	4834
sample	rich	sqlite	raw	render	676	4750
sample	rich	sqlite	raw	render	677	4875
sample	rich	sqlite	raw	render	678	4667
sample	rich	sqlite	raw	render	679	4875
sample	rich	sqlite	raw	render	680	4875
sample	rich	sqlite	raw	render	681	4875
sample	rich	sqlite	raw	render	682	4750
sample	rich	sqlite	raw	render	683	4791
sample	rich	sqlite	raw	render	684	4875
sample	rich	sqlite	raw	render	685	4750
sample	rich	sqlite	raw	render	686	5500
sample	rich	sqlite	raw	render	687	6667
sample	rich	sqlite	raw	render	688	4875
sample	rich	sqlite	raw	render	689	4916
sample	rich	sqlite	raw	render	690	4917
sample	rich	sqlite	raw	render	691	5084
sample	rich	sqlite	raw	render	692	5041
sample	rich	sqlite	raw	render	693	4917
sample	rich	sqlite	raw	render	694	4791
sample	rich	sqlite	raw	render	695	4875
sample	rich	sqlite	raw	render	696	25250
sample	rich	sqlite	raw	render	697	8000
sample	rich	sqlite	raw	render	698	5916
sample	rich	sqlite	raw	render	699	5500
sample	rich	sqlite	raw	render	700	5125
sample	rich	sqlite	raw	render	701	5417
sample	rich	sqlite	raw	render	702	4875
sample	rich	sqlite	raw	render	703	5000
sample	rich	sqlite	raw	render	704	4959
sample	rich	sqlite	raw	render	705	5125
sample	rich	sqlite	raw	render	706	4792
sample	rich	sqlite	raw	render	707	5542
sample	rich	sqlite	raw	render	708	4916
sample	rich	sqlite	raw	render	709	5125
sample	rich	sqlite	raw	render	710	5042
sample	rich	sqlite	raw	render	711	4875
sample	rich	sqlite	raw	render	712	111750
sample	rich	sqlite	raw	render	713	20792
sample	rich	sqlite	raw	render	714	13166
sample	rich	sqlite	raw	render	715	12791
sample	rich	sqlite	raw	render	716	35209
sample	rich	sqlite	raw	render	717	27333
sample	rich	sqlite	raw	render	718	32875
sample	rich	sqlite	raw	render	719	15458
sample	rich	sqlite	raw	render	720	12375
sample	rich	sqlite	raw	render	721	25041
sample	rich	sqlite	raw	render	722	6958
sample	rich	sqlite	raw	render	723	5916
sample	rich	sqlite	raw	render	724	6250
sample	rich	sqlite	raw	render	725	6042
sample	rich	sqlite	raw	render	726	9250
sample	rich	sqlite	raw	render	727	5208
sample	rich	sqlite	raw	render	728	5333
sample	rich	sqlite	raw	render	729	5541
sample	rich	sqlite	raw	render	730	5125
sample	rich	sqlite	raw	render	731	5208
sample	rich	sqlite	raw	render	732	5041
sample	rich	sqlite	raw	render	733	5334
sample	rich	sqlite	raw	render	734	5292
sample	rich	sqlite	raw	render	735	5292
sample	rich	sqlite	raw	render	736	5167
sample	rich	sqlite	raw	render	737	5209
sample	rich	sqlite	raw	render	738	10667
sample	rich	sqlite	raw	render	739	11500
sample	rich	sqlite	raw	render	740	5250
sample	rich	sqlite	raw	render	741	4875
sample	rich	sqlite	raw	render	742	4959
sample	rich	sqlite	raw	render	743	12083
sample	rich	sqlite	raw	render	744	9542
sample	rich	sqlite	raw	render	745	5209
sample	rich	sqlite	raw	render	746	5000
sample	rich	sqlite	raw	render	747	4958
sample	rich	sqlite	raw	render	748	4708
sample	rich	sqlite	raw	render	749	4959
sample	rich	sqlite	raw	render	750	5333
sample	rich	sqlite	raw	render	751	4834
sample	rich	sqlite	raw	render	752	5291
sample	rich	sqlite	raw	render	753	5417
sample	rich	sqlite	raw	render	754	5000
sample	rich	sqlite	raw	render	755	5083
sample	rich	sqlite	raw	render	756	5417
sample	rich	sqlite	raw	render	757	4875
sample	rich	sqlite	raw	render	758	5208
sample	rich	sqlite	raw	render	759	5084
sample	rich	sqlite	raw	render	760	5167
sample	rich	sqlite	raw	render	761	5167
sample	rich	sqlite	raw	render	762	4875
sample	rich	sqlite	raw	render	763	5000
sample	rich	sqlite	raw	render	764	4750
sample	rich	sqlite	raw	render	765	4916
sample	rich	sqlite	raw	render	766	5250
sample	rich	sqlite	raw	render	767	4833
sample	rich	sqlite	raw	render	768	4833
sample	rich	sqlite	raw	render	769	4959
sample	rich	sqlite	raw	render	770	4917
sample	rich	sqlite	raw	render	771	4875
sample	rich	sqlite	raw	render	772	4833
sample	rich	sqlite	raw	render	773	5292
sample	rich	sqlite	raw	render	774	4750
sample	rich	sqlite	raw	render	775	4750
sample	rich	sqlite	raw	render	776	4750
sample	rich	sqlite	raw	render	777	4750
sample	rich	sqlite	raw	render	778	5125
sample	rich	sqlite	raw	render	779	5667
sample	rich	sqlite	raw	render	780	5459
sample	rich	sqlite	raw	render	781	5500
sample	rich	sqlite	raw	render	782	5083
sample	rich	sqlite	raw	render	783	4750
sample	rich	sqlite	raw	render	784	4792
sample	rich	sqlite	raw	render	785	5125
sample	rich	sqlite	raw	render	786	5292
sample	rich	sqlite	raw	render	787	4875
sample	rich	sqlite	raw	render	788	4833
sample	rich	sqlite	raw	render	789	5167
sample	rich	sqlite	raw	render	790	5625
sample	rich	sqlite	raw	render	791	4875
sample	rich	sqlite	raw	render	792	5625
sample	rich	sqlite	raw	render	793	4958
sample	rich	sqlite	raw	render	794	4917
sample	rich	sqlite	raw	render	795	4875
sample	rich	sqlite	raw	render	796	5375
sample	rich	sqlite	raw	render	797	4959
sample	rich	sqlite	raw	render	798	4833
sample	rich	sqlite	raw	render	799	5167
sample	rich	sqlite	raw	render	800	4875
sample	rich	sqlite	raw	render	801	4834
sample	rich	sqlite	raw	render	802	5042
sample	rich	sqlite	raw	render	803	5000
sample	rich	sqlite	raw	render	804	4875
sample	rich	sqlite	raw	render	805	5000
sample	rich	sqlite	raw	render	806	4875
sample	rich	sqlite	raw	render	807	4875
sample	rich	sqlite	raw	render	808	4959
sample	rich	sqlite	raw	render	809	4833
sample	rich	sqlite	raw	render	810	5417
sample	rich	sqlite	raw	render	811	5000
sample	rich	sqlite	raw	render	812	4833
sample	rich	sqlite	raw	render	813	4958
sample	rich	sqlite	raw	render	814	4708
sample	rich	sqlite	raw	render	815	4709
sample	rich	sqlite	raw	render	816	4833
sample	rich	sqlite	raw	render	817	4750
sample	rich	sqlite	raw	render	818	5250
sample	rich	sqlite	raw	render	819	5250
sample	rich	sqlite	raw	render	820	4875
sample	rich	sqlite	raw	render	821	4833
sample	rich	sqlite	raw	render	822	4834
sample	rich	sqlite	raw	render	823	4750
sample	rich	sqlite	raw	render	824	4917
sample	rich	sqlite	raw	render	825	5292
sample	rich	sqlite	raw	render	826	4792
sample	rich	sqlite	raw	render	827	4792
sample	rich	sqlite	raw	render	828	4959
sample	rich	sqlite	raw	render	829	75708
sample	rich	sqlite	raw	render	830	14000
sample	rich	sqlite	raw	render	831	12917
sample	rich	sqlite	raw	render	832	11750
sample	rich	sqlite	raw	render	833	13208
sample	rich	sqlite	raw	render	834	14334
sample	rich	sqlite	raw	render	835	12500
sample	rich	sqlite	raw	render	836	11583
sample	rich	sqlite	raw	render	837	10750
sample	rich	sqlite	raw	render	838	11083
sample	rich	sqlite	raw	render	839	10625
sample	rich	sqlite	raw	render	840	11084
sample	rich	sqlite	raw	render	841	10666
sample	rich	sqlite	raw	render	842	10666
sample	rich	sqlite	raw	render	843	10750
sample	rich	sqlite	raw	render	844	10916
sample	rich	sqlite	raw	render	845	13542
sample	rich	sqlite	raw	render	846	5709
sample	rich	sqlite	raw	render	847	5209
sample	rich	sqlite	raw	render	848	5417
sample	rich	sqlite	raw	render	849	11500
sample	rich	sqlite	raw	render	850	5916
sample	rich	sqlite	raw	render	851	5625
sample	rich	sqlite	raw	render	852	5666
sample	rich	sqlite	raw	render	853	6167
sample	rich	sqlite	raw	render	854	5416
sample	rich	sqlite	raw	render	855	5125
sample	rich	sqlite	raw	render	856	5000
sample	rich	sqlite	raw	render	857	5125
sample	rich	sqlite	raw	render	858	5166
sample	rich	sqlite	raw	render	859	5000
sample	rich	sqlite	raw	render	860	4917
sample	rich	sqlite	raw	render	861	4875
sample	rich	sqlite	raw	render	862	4916
sample	rich	sqlite	raw	render	863	4833
sample	rich	sqlite	raw	render	864	4875
sample	rich	sqlite	raw	render	865	5291
sample	rich	sqlite	raw	render	866	4958
sample	rich	sqlite	raw	render	867	5250
sample	rich	sqlite	raw	render	868	5458
sample	rich	sqlite	raw	render	869	5500
sample	rich	sqlite	raw	render	870	5000
sample	rich	sqlite	raw	render	871	4958
sample	rich	sqlite	raw	render	872	4834
sample	rich	sqlite	raw	render	873	5125
sample	rich	sqlite	raw	render	874	5167
sample	rich	sqlite	raw	render	875	5333
sample	rich	sqlite	raw	render	876	4958
sample	rich	sqlite	raw	render	877	5292
sample	rich	sqlite	raw	render	878	5250
sample	rich	sqlite	raw	render	879	4917
sample	rich	sqlite	raw	render	880	4875
sample	rich	sqlite	raw	render	881	4792
sample	rich	sqlite	raw	render	882	4916
sample	rich	sqlite	raw	render	883	4875
sample	rich	sqlite	raw	render	884	5167
sample	rich	sqlite	raw	render	885	4875
sample	rich	sqlite	raw	render	886	5667
sample	rich	sqlite	raw	render	887	4875
sample	rich	sqlite	raw	render	888	5041
sample	rich	sqlite	raw	render	889	5000
sample	rich	sqlite	raw	render	890	4834
sample	rich	sqlite	raw	render	891	5375
sample	rich	sqlite	raw	render	892	4750
sample	rich	sqlite	raw	render	893	4625
sample	rich	sqlite	raw	render	894	4917
sample	rich	sqlite	raw	render	895	4917
sample	rich	sqlite	raw	render	896	5000
sample	rich	sqlite	raw	render	897	5708
sample	rich	sqlite	raw	render	898	11125
sample	rich	sqlite	raw	render	899	10208
sample	rich	sqlite	raw	render	900	14667
sample	rich	sqlite	raw	render	901	21416
sample	rich	sqlite	raw	render	902	14459
sample	rich	sqlite	raw	render	903	12292
sample	rich	sqlite	raw	render	904	5417
sample	rich	sqlite	raw	render	905	4959
sample	rich	sqlite	raw	render	906	4916
sample	rich	sqlite	raw	render	907	5000
sample	rich	sqlite	raw	render	908	5084
sample	rich	sqlite	raw	render	909	4875
sample	rich	sqlite	raw	render	910	4791
sample	rich	sqlite	raw	render	911	5167
sample	rich	sqlite	raw	render	912	5084
sample	rich	sqlite	raw	render	913	4834
sample	rich	sqlite	raw	render	914	5042
sample	rich	sqlite	raw	render	915	5083
sample	rich	sqlite	raw	render	916	5083
sample	rich	sqlite	raw	render	917	5250
sample	rich	sqlite	raw	render	918	5000
sample	rich	sqlite	raw	render	919	4833
sample	rich	sqlite	raw	render	920	4708
sample	rich	sqlite	raw	render	921	4959
sample	rich	sqlite	raw	render	922	4833
sample	rich	sqlite	raw	render	923	4958
sample	rich	sqlite	raw	render	924	4833
sample	rich	sqlite	raw	render	925	5000
sample	rich	sqlite	raw	render	926	5250
sample	rich	sqlite	raw	render	927	8959
sample	rich	sqlite	raw	render	928	8541
sample	rich	sqlite	raw	render	929	5666
sample	rich	sqlite	raw	render	930	13416
sample	rich	sqlite	raw	render	931	13208
sample	rich	sqlite	raw	render	932	5792
sample	rich	sqlite	raw	render	933	5333
sample	rich	sqlite	raw	render	934	10792
sample	rich	sqlite	raw	render	935	5208
sample	rich	sqlite	raw	render	936	7167
sample	rich	sqlite	raw	render	937	9000
sample	rich	sqlite	raw	render	938	4875
sample	rich	sqlite	raw	render	939	4917
sample	rich	sqlite	raw	render	940	4875
sample	rich	sqlite	raw	render	941	4916
sample	rich	sqlite	raw	render	942	4958
sample	rich	sqlite	raw	render	943	5208
sample	rich	sqlite	raw	render	944	5125
sample	rich	sqlite	raw	render	945	4791
sample	rich	sqlite	raw	render	946	4792
sample	rich	sqlite	raw	render	947	4959
sample	rich	sqlite	raw	render	948	7000
sample	rich	sqlite	raw	render	949	7042
sample	rich	sqlite	raw	render	950	5042
sample	rich	sqlite	raw	render	951	5208
sample	rich	sqlite	raw	render	952	4792
sample	rich	sqlite	raw	render	953	4875
sample	rich	sqlite	raw	render	954	7583
sample	rich	sqlite	raw	render	955	7125
sample	rich	sqlite	raw	render	956	7000
sample	rich	sqlite	raw	render	957	7500
sample	rich	sqlite	raw	render	958	6958
sample	rich	sqlite	raw	render	959	5167
sample	rich	sqlite	raw	render	960	5125
sample	rich	sqlite	raw	render	961	5041
sample	rich	sqlite	raw	render	962	5000
sample	rich	sqlite	raw	render	963	5167
sample	rich	sqlite	raw	render	964	5542
sample	rich	sqlite	raw	render	965	5334
sample	rich	sqlite	raw	render	966	8750
sample	rich	sqlite	raw	render	967	8333
sample	rich	sqlite	raw	render	968	5000
sample	rich	sqlite	raw	render	969	4916
sample	rich	sqlite	raw	render	970	4917
sample	rich	sqlite	raw	render	971	4750
sample	rich	sqlite	raw	render	972	4875
sample	rich	sqlite	raw	render	973	8542
sample	rich	sqlite	raw	render	974	5000
sample	rich	sqlite	raw	render	975	4792
sample	rich	sqlite	raw	render	976	8500
sample	rich	sqlite	raw	render	977	5333
sample	rich	sqlite	raw	render	978	4834
sample	rich	sqlite	raw	render	979	5209
sample	rich	sqlite	raw	render	980	4875
sample	rich	sqlite	raw	render	981	5125
sample	rich	sqlite	raw	render	982	4667
sample	rich	sqlite	raw	render	983	8458
sample	rich	sqlite	raw	render	984	5792
sample	rich	sqlite	raw	render	985	5000
sample	rich	sqlite	raw	render	986	4916
sample	rich	sqlite	raw	render	987	4958
sample	rich	sqlite	raw	render	988	4959
sample	rich	sqlite	raw	render	989	4959
sample	rich	sqlite	raw	render	990	4875
sample	rich	sqlite	raw	render	991	5750
sample	rich	sqlite	raw	render	992	4750
sample	rich	sqlite	raw	render	993	4750
sample	rich	sqlite	raw	render	994	4833
sample	rich	sqlite	raw	render	995	4833
sample	rich	sqlite	raw	render	996	5209
sample	rich	sqlite	raw	render	997	5042
sample	rich	sqlite	raw	render	998	4750
sample	rich	sqlite	raw	render	999	4792
result	rich	sqlite	raw	exact.p50_ns	5625
result	rich	sqlite	raw	exact.p95_ns	13959
result	rich	sqlite	raw	exact.p99_ns	53667
result	rich	sqlite	raw	prefix.p50_ns	454333
result	rich	sqlite	raw	prefix.p95_ns	970500
result	rich	sqlite	raw	prefix.p99_ns	1165541
result	rich	sqlite	raw	render.p50_ns	5167
result	rich	sqlite	raw	render.p95_ns	18666
result	rich	sqlite	raw	render.p99_ns	38084
result	rich	sqlite	raw	exact.hit.p50_ns	5667
result	rich	sqlite	raw	exact.hit.p95_ns	14041
result	rich	sqlite	raw	exact.hit.p99_ns	49292
result	rich	sqlite	raw	exact.miss.p50_ns	5417
result	rich	sqlite	raw	exact.miss.p95_ns	12708
result	rich	sqlite	raw	exact.miss.p99_ns	56917
result	rich	sqlite	raw	prefix.zero.p50_ns	34833
result	rich	sqlite	raw	prefix.zero.p95_ns	113625
result	rich	sqlite	raw	prefix.zero.p99_ns	188542
result	rich	sqlite	raw	prefix.one.p50_ns	38166
result	rich	sqlite	raw	prefix.one.p95_ns	165584
result	rich	sqlite	raw	prefix.one.p99_ns	200916
result	rich	sqlite	raw	prefix.many.p50_ns	511458
result	rich	sqlite	raw	prefix.many.p95_ns	1106958
result	rich	sqlite	raw	prefix.many.p99_ns	1296708
result	rich	sqlite	raw	prefix.pathological.p50_ns	-
result	rich	sqlite	raw	prefix.pathological.p95_ns	-
result	rich	sqlite	raw	prefix.pathological.p99_ns	-
result	rich	sqlite	zlib	artifact_bytes	35597
unavailable	rich	sqlite	zlib	reason	SQLite cannot seek compressed pages without a decompression staging policy
result	rich	sqlite	zstd	artifact_bytes	24732
unavailable	rich	sqlite	zstd	reason	SQLite cannot seek compressed pages without a decompression staging policy
result	rich	stardict	raw	artifact_bytes	442777
result	rich	stardict	raw	build_ns	1703083
sample	rich	stardict	raw	open	0	841292
sample	rich	stardict	raw	open	1	714708
sample	rich	stardict	raw	open	2	756791
sample	rich	stardict	raw	open	3	1483917
sample	rich	stardict	raw	open	4	991416
sample	rich	stardict	raw	open	5	701417
sample	rich	stardict	raw	open	6	688625
sample	rich	stardict	raw	open	7	704417
sample	rich	stardict	raw	open	8	650791
sample	rich	stardict	raw	open	9	780916
sample	rich	stardict	raw	open	10	682917
sample	rich	stardict	raw	open	11	632958
sample	rich	stardict	raw	open	12	618041
sample	rich	stardict	raw	open	13	677875
sample	rich	stardict	raw	open	14	693167
sample	rich	stardict	raw	open	15	663167
sample	rich	stardict	raw	open	16	628000
sample	rich	stardict	raw	open	17	635583
sample	rich	stardict	raw	open	18	627875
sample	rich	stardict	raw	open	19	679000
sample	rich	stardict	raw	open	20	633583
sample	rich	stardict	raw	open	21	626792
sample	rich	stardict	raw	open	22	637959
sample	rich	stardict	raw	open	23	637792
sample	rich	stardict	raw	open	24	655000
result	rich	stardict	raw	open_ns	677875
result	rich	stardict	raw	semantic_digest	14813021753239549239
result	rich	stardict	raw	query_checksum	15472329982066036572
result	rich	stardict	raw	outputs	1024875
result	rich	stardict	raw	logical_prose_bytes	394154
sample	rich	stardict	raw	exact	0	1291
sample	rich	stardict	raw	exact	1	583
sample	rich	stardict	raw	exact	2	833
sample	rich	stardict	raw	exact	3	458
sample	rich	stardict	raw	exact	4	708
sample	rich	stardict	raw	exact	5	417
sample	rich	stardict	raw	exact	6	750
sample	rich	stardict	raw	exact	7	583
sample	rich	stardict	raw	exact	8	750
sample	rich	stardict	raw	exact	9	375
sample	rich	stardict	raw	exact	10	791
sample	rich	stardict	raw	exact	11	459
sample	rich	stardict	raw	exact	12	750
sample	rich	stardict	raw	exact	13	417
sample	rich	stardict	raw	exact	14	958
sample	rich	stardict	raw	exact	15	625
sample	rich	stardict	raw	exact	16	792
sample	rich	stardict	raw	exact	17	375
sample	rich	stardict	raw	exact	18	1333
sample	rich	stardict	raw	exact	19	542
sample	rich	stardict	raw	exact	20	1000
sample	rich	stardict	raw	exact	21	417
sample	rich	stardict	raw	exact	22	1042
sample	rich	stardict	raw	exact	23	709
sample	rich	stardict	raw	exact	24	1042
sample	rich	stardict	raw	exact	25	375
sample	rich	stardict	raw	exact	26	1167
sample	rich	stardict	raw	exact	27	458
sample	rich	stardict	raw	exact	28	1042
sample	rich	stardict	raw	exact	29	417
sample	rich	stardict	raw	exact	30	750
sample	rich	stardict	raw	exact	31	583
sample	rich	stardict	raw	exact	32	791
sample	rich	stardict	raw	exact	33	375
sample	rich	stardict	raw	exact	34	792
sample	rich	stardict	raw	exact	35	416
sample	rich	stardict	raw	exact	36	792
sample	rich	stardict	raw	exact	37	417
sample	rich	stardict	raw	exact	38	750
sample	rich	stardict	raw	exact	39	584
sample	rich	stardict	raw	exact	40	750
sample	rich	stardict	raw	exact	41	375
sample	rich	stardict	raw	exact	42	792
sample	rich	stardict	raw	exact	43	416
sample	rich	stardict	raw	exact	44	708
sample	rich	stardict	raw	exact	45	417
sample	rich	stardict	raw	exact	46	916
sample	rich	stardict	raw	exact	47	583
sample	rich	stardict	raw	exact	48	875
sample	rich	stardict	raw	exact	49	417
sample	rich	stardict	raw	exact	50	667
sample	rich	stardict	raw	exact	51	417
sample	rich	stardict	raw	exact	52	1083
sample	rich	stardict	raw	exact	53	458
sample	rich	stardict	raw	exact	54	833
sample	rich	stardict	raw	exact	55	500
sample	rich	stardict	raw	exact	56	833
sample	rich	stardict	raw	exact	57	375
sample	rich	stardict	raw	exact	58	625
sample	rich	stardict	raw	exact	59	416
sample	rich	stardict	raw	exact	60	584
sample	rich	stardict	raw	exact	61	375
sample	rich	stardict	raw	exact	62	792
sample	rich	stardict	raw	exact	63	500
sample	rich	stardict	raw	exact	64	875
sample	rich	stardict	raw	exact	65	417
sample	rich	stardict	raw	exact	66	792
sample	rich	stardict	raw	exact	67	459
sample	rich	stardict	raw	exact	68	750
sample	rich	stardict	raw	exact	69	417
sample	rich	stardict	raw	exact	70	625
sample	rich	stardict	raw	exact	71	542
sample	rich	stardict	raw	exact	72	833
sample	rich	stardict	raw	exact	73	375
sample	rich	stardict	raw	exact	74	791
sample	rich	stardict	raw	exact	75	458
sample	rich	stardict	raw	exact	76	750
sample	rich	stardict	raw	exact	77	375
sample	rich	stardict	raw	exact	78	750
sample	rich	stardict	raw	exact	79	542
sample	rich	stardict	raw	exact	80	1042
sample	rich	stardict	raw	exact	81	417
sample	rich	stardict	raw	exact	82	833
sample	rich	stardict	raw	exact	83	416
sample	rich	stardict	raw	exact	84	709
sample	rich	stardict	raw	exact	85	375
sample	rich	stardict	raw	exact	86	625
sample	rich	stardict	raw	exact	87	500
sample	rich	stardict	raw	exact	88	625
sample	rich	stardict	raw	exact	89	333
sample	rich	stardict	raw	exact	90	584
sample	rich	stardict	raw	exact	91	416
sample	rich	stardict	raw	exact	92	625
sample	rich	stardict	raw	exact	93	459
sample	rich	stardict	raw	exact	94	667
sample	rich	stardict	raw	exact	95	583
sample	rich	stardict	raw	exact	96	708
sample	rich	stardict	raw	exact	97	375
sample	rich	stardict	raw	exact	98	708
sample	rich	stardict	raw	exact	99	500
sample	rich	stardict	raw	exact	100	709
sample	rich	stardict	raw	exact	101	375
sample	rich	stardict	raw	exact	102	625
sample	rich	stardict	raw	exact	103	542
sample	rich	stardict	raw	exact	104	708
sample	rich	stardict	raw	exact	105	375
sample	rich	stardict	raw	exact	106	667
sample	rich	stardict	raw	exact	107	417
sample	rich	stardict	raw	exact	108	667
sample	rich	stardict	raw	exact	109	375
sample	rich	stardict	raw	exact	110	542
sample	rich	stardict	raw	exact	111	541
sample	rich	stardict	raw	exact	112	750
sample	rich	stardict	raw	exact	113	417
sample	rich	stardict	raw	exact	114	667
sample	rich	stardict	raw	exact	115	417
sample	rich	stardict	raw	exact	116	583
sample	rich	stardict	raw	exact	117	416
sample	rich	stardict	raw	exact	118	709
sample	rich	stardict	raw	exact	119	542
sample	rich	stardict	raw	exact	120	583
sample	rich	stardict	raw	exact	121	416
sample	rich	stardict	raw	exact	122	625
sample	rich	stardict	raw	exact	123	459
sample	rich	stardict	raw	exact	124	542
sample	rich	stardict	raw	exact	125	500
sample	rich	stardict	raw	exact	126	1000
sample	rich	stardict	raw	exact	127	584
sample	rich	stardict	raw	exact	128	833
sample	rich	stardict	raw	exact	129	417
sample	rich	stardict	raw	exact	130	833
sample	rich	stardict	raw	exact	131	417
sample	rich	stardict	raw	exact	132	750
sample	rich	stardict	raw	exact	133	417
sample	rich	stardict	raw	exact	134	792
sample	rich	stardict	raw	exact	135	542
sample	rich	stardict	raw	exact	136	667
sample	rich	stardict	raw	exact	137	2166
sample	rich	stardict	raw	exact	138	1583
sample	rich	stardict	raw	exact	139	625
sample	rich	stardict	raw	exact	140	1000
sample	rich	stardict	raw	exact	141	500
sample	rich	stardict	raw	exact	142	6417
sample	rich	stardict	raw	exact	143	2375
sample	rich	stardict	raw	exact	144	1583
sample	rich	stardict	raw	exact	145	458
sample	rich	stardict	raw	exact	146	958
sample	rich	stardict	raw	exact	147	458
sample	rich	stardict	raw	exact	148	875
sample	rich	stardict	raw	exact	149	500
sample	rich	stardict	raw	exact	150	750
sample	rich	stardict	raw	exact	151	583
sample	rich	stardict	raw	exact	152	1416
sample	rich	stardict	raw	exact	153	4875
sample	rich	stardict	raw	exact	154	2959
sample	rich	stardict	raw	exact	155	1667
sample	rich	stardict	raw	exact	156	1917
sample	rich	stardict	raw	exact	157	1583
sample	rich	stardict	raw	exact	158	2375
sample	rich	stardict	raw	exact	159	1750
sample	rich	stardict	raw	exact	160	5042
sample	rich	stardict	raw	exact	161	1458
sample	rich	stardict	raw	exact	162	4333
sample	rich	stardict	raw	exact	163	1708
sample	rich	stardict	raw	exact	164	2750
sample	rich	stardict	raw	exact	165	833
sample	rich	stardict	raw	exact	166	2167
sample	rich	stardict	raw	exact	167	1625
sample	rich	stardict	raw	exact	168	2542
sample	rich	stardict	raw	exact	169	2792
sample	rich	stardict	raw	exact	170	6708
sample	rich	stardict	raw	exact	171	2375
sample	rich	stardict	raw	exact	172	4167
sample	rich	stardict	raw	exact	173	1334
sample	rich	stardict	raw	exact	174	2667
sample	rich	stardict	raw	exact	175	1667
sample	rich	stardict	raw	exact	176	3250
sample	rich	stardict	raw	exact	177	1542
sample	rich	stardict	raw	exact	178	1292
sample	rich	stardict	raw	exact	179	541
sample	rich	stardict	raw	exact	180	958
sample	rich	stardict	raw	exact	181	458
sample	rich	stardict	raw	exact	182	1084
sample	rich	stardict	raw	exact	183	584
sample	rich	stardict	raw	exact	184	1250
sample	rich	stardict	raw	exact	185	375
sample	rich	stardict	raw	exact	186	1500
sample	rich	stardict	raw	exact	187	417
sample	rich	stardict	raw	exact	188	1166
sample	rich	stardict	raw	exact	189	417
sample	rich	stardict	raw	exact	190	1375
sample	rich	stardict	raw	exact	191	459
sample	rich	stardict	raw	exact	192	1166
sample	rich	stardict	raw	exact	193	417
sample	rich	stardict	raw	exact	194	2333
sample	rich	stardict	raw	exact	195	708
sample	rich	stardict	raw	exact	196	1166
sample	rich	stardict	raw	exact	197	500
sample	rich	stardict	raw	exact	198	1708
sample	rich	stardict	raw	exact	199	750
sample	rich	stardict	raw	exact	200	1250
sample	rich	stardict	raw	exact	201	458
sample	rich	stardict	raw	exact	202	1125
sample	rich	stardict	raw	exact	203	500
sample	rich	stardict	raw	exact	204	1125
sample	rich	stardict	raw	exact	205	3584
sample	rich	stardict	raw	exact	206	2459
sample	rich	stardict	raw	exact	207	1458
sample	rich	stardict	raw	exact	208	4584
sample	rich	stardict	raw	exact	209	1291
sample	rich	stardict	raw	exact	210	1958
sample	rich	stardict	raw	exact	211	1167
sample	rich	stardict	raw	exact	212	958
sample	rich	stardict	raw	exact	213	417
sample	rich	stardict	raw	exact	214	792
sample	rich	stardict	raw	exact	215	4125
sample	rich	stardict	raw	exact	216	2417
sample	rich	stardict	raw	exact	217	1250
sample	rich	stardict	raw	exact	218	1917
sample	rich	stardict	raw	exact	219	792
sample	rich	stardict	raw	exact	220	2125
sample	rich	stardict	raw	exact	221	750
sample	rich	stardict	raw	exact	222	2250
sample	rich	stardict	raw	exact	223	1209
sample	rich	stardict	raw	exact	224	3250
sample	rich	stardict	raw	exact	225	1084
sample	rich	stardict	raw	exact	226	2125
sample	rich	stardict	raw	exact	227	1333
sample	rich	stardict	raw	exact	228	958
sample	rich	stardict	raw	exact	229	416
sample	rich	stardict	raw	exact	230	917
sample	rich	stardict	raw	exact	231	542
sample	rich	stardict	raw	exact	232	916
sample	rich	stardict	raw	exact	233	542
sample	rich	stardict	raw	exact	234	917
sample	rich	stardict	raw	exact	235	458
sample	rich	stardict	raw	exact	236	1125
sample	rich	stardict	raw	exact	237	375
sample	rich	stardict	raw	exact	238	1125
sample	rich	stardict	raw	exact	239	583
sample	rich	stardict	raw	exact	240	1042
sample	rich	stardict	raw	exact	241	375
sample	rich	stardict	raw	exact	242	875
sample	rich	stardict	raw	exact	243	458
sample	rich	stardict	raw	exact	244	1042
sample	rich	stardict	raw	exact	245	375
sample	rich	stardict	raw	exact	246	875
sample	rich	stardict	raw	exact	247	542
sample	rich	stardict	raw	exact	248	1667
sample	rich	stardict	raw	exact	249	375
sample	rich	stardict	raw	exact	250	1083
sample	rich	stardict	raw	exact	251	458
sample	rich	stardict	raw	exact	252	750
sample	rich	stardict	raw	exact	253	375
sample	rich	stardict	raw	exact	254	1000
sample	rich	stardict	raw	exact	255	542
sample	rich	stardict	raw	exact	256	1333
sample	rich	stardict	raw	exact	257	375
sample	rich	stardict	raw	exact	258	833
sample	rich	stardict	raw	exact	259	416
sample	rich	stardict	raw	exact	260	875
sample	rich	stardict	raw	exact	261	375
sample	rich	stardict	raw	exact	262	875
sample	rich	stardict	raw	exact	263	625
sample	rich	stardict	raw	exact	264	834
sample	rich	stardict	raw	exact	265	416
sample	rich	stardict	raw	exact	266	917
sample	rich	stardict	raw	exact	267	416
sample	rich	stardict	raw	exact	268	750
sample	rich	stardict	raw	exact	269	416
sample	rich	stardict	raw	exact	270	708
sample	rich	stardict	raw	exact	271	584
sample	rich	stardict	raw	exact	272	1208
sample	rich	stardict	raw	exact	273	417
sample	rich	stardict	raw	exact	274	916
sample	rich	stardict	raw	exact	275	459
sample	rich	stardict	raw	exact	276	958
sample	rich	stardict	raw	exact	277	416
sample	rich	stardict	raw	exact	278	625
sample	rich	stardict	raw	exact	279	541
sample	rich	stardict	raw	exact	280	875
sample	rich	stardict	raw	exact	281	375
sample	rich	stardict	raw	exact	282	792
sample	rich	stardict	raw	exact	283	417
sample	rich	stardict	raw	exact	284	750
sample	rich	stardict	raw	exact	285	417
sample	rich	stardict	raw	exact	286	750
sample	rich	stardict	raw	exact	287	542
sample	rich	stardict	raw	exact	288	1167
sample	rich	stardict	raw	exact	289	375
sample	rich	stardict	raw	exact	290	792
sample	rich	stardict	raw	exact	291	459
sample	rich	stardict	raw	exact	292	792
sample	rich	stardict	raw	exact	293	500
sample	rich	stardict	raw	exact	294	834
sample	rich	stardict	raw	exact	295	542
sample	rich	stardict	raw	exact	296	792
sample	rich	stardict	raw	exact	297	375
sample	rich	stardict	raw	exact	298	750
sample	rich	stardict	raw	exact	299	458
sample	rich	stardict	raw	exact	300	708
sample	rich	stardict	raw	exact	301	417
sample	rich	stardict	raw	exact	302	1083
sample	rich	stardict	raw	exact	303	541
sample	rich	stardict	raw	exact	304	917
sample	rich	stardict	raw	exact	305	375
sample	rich	stardict	raw	exact	306	709
sample	rich	stardict	raw	exact	307	417
sample	rich	stardict	raw	exact	308	750
sample	rich	stardict	raw	exact	309	417
sample	rich	stardict	raw	exact	310	708
sample	rich	stardict	raw	exact	311	541
sample	rich	stardict	raw	exact	312	708
sample	rich	stardict	raw	exact	313	375
sample	rich	stardict	raw	exact	314	875
sample	rich	stardict	raw	exact	315	375
sample	rich	stardict	raw	exact	316	708
sample	rich	stardict	raw	exact	317	417
sample	rich	stardict	raw	exact	318	875
sample	rich	stardict	raw	exact	319	542
sample	rich	stardict	raw	exact	320	1333
sample	rich	stardict	raw	exact	321	6667
sample	rich	stardict	raw	exact	322	5292
sample	rich	stardict	raw	exact	323	1417
sample	rich	stardict	raw	exact	324	2792
sample	rich	stardict	raw	exact	325	708
sample	rich	stardict	raw	exact	326	1584
sample	rich	stardict	raw	exact	327	4583
sample	rich	stardict	raw	exact	328	3916
sample	rich	stardict	raw	exact	329	1708
sample	rich	stardict	raw	exact	330	2208
sample	rich	stardict	raw	exact	331	1166
sample	rich	stardict	raw	exact	332	1541
sample	rich	stardict	raw	exact	333	417
sample	rich	stardict	raw	exact	334	875
sample	rich	stardict	raw	exact	335	583
sample	rich	stardict	raw	exact	336	1042
sample	rich	stardict	raw	exact	337	500
sample	rich	stardict	raw	exact	338	875
sample	rich	stardict	raw	exact	339	416
sample	rich	stardict	raw	exact	340	916
sample	rich	stardict	raw	exact	341	375
sample	rich	stardict	raw	exact	342	917
sample	rich	stardict	raw	exact	343	542
sample	rich	stardict	raw	exact	344	792
sample	rich	stardict	raw	exact	345	375
sample	rich	stardict	raw	exact	346	1000
sample	rich	stardict	raw	exact	347	458
sample	rich	stardict	raw	exact	348	834
sample	rich	stardict	raw	exact	349	417
sample	rich	stardict	raw	exact	350	875
sample	rich	stardict	raw	exact	351	542
sample	rich	stardict	raw	exact	352	1167
sample	rich	stardict	raw	exact	353	417
sample	rich	stardict	raw	exact	354	917
sample	rich	stardict	raw	exact	355	417
sample	rich	stardict	raw	exact	356	791
sample	rich	stardict	raw	exact	357	458
sample	rich	stardict	raw	exact	358	1042
sample	rich	stardict	raw	exact	359	542
sample	rich	stardict	raw	exact	360	791
sample	rich	stardict	raw	exact	361	375
sample	rich	stardict	raw	exact	362	667
sample	rich	stardict	raw	exact	363	458
sample	rich	stardict	raw	exact	364	542
sample	rich	stardict	raw	exact	365	458
sample	rich	stardict	raw	exact	366	667
sample	rich	stardict	raw	exact	367	542
sample	rich	stardict	raw	exact	368	792
sample	rich	stardict	raw	exact	369	375
sample	rich	stardict	raw	exact	370	917
sample	rich	stardict	raw	exact	371	417
sample	rich	stardict	raw	exact	372	750
sample	rich	stardict	raw	exact	373	417
sample	rich	stardict	raw	exact	374	625
sample	rich	stardict	raw	exact	375	542
sample	rich	stardict	raw	exact	376	792
sample	rich	stardict	raw	exact	377	375
sample	rich	stardict	raw	exact	378	708
sample	rich	stardict	raw	exact	379	417
sample	rich	stardict	raw	exact	380	875
sample	rich	stardict	raw	exact	381	417
sample	rich	stardict	raw	exact	382	750
sample	rich	stardict	raw	exact	383	584
sample	rich	stardict	raw	exact	384	750
sample	rich	stardict	raw	exact	385	334
sample	rich	stardict	raw	exact	386	791
sample	rich	stardict	raw	exact	387	417
sample	rich	stardict	raw	exact	388	667
sample	rich	stardict	raw	exact	389	417
sample	rich	stardict	raw	exact	390	709
sample	rich	stardict	raw	exact	391	542
sample	rich	stardict	raw	exact	392	667
sample	rich	stardict	raw	exact	393	375
sample	rich	stardict	raw	exact	394	625
sample	rich	stardict	raw	exact	395	417
sample	rich	stardict	raw	exact	396	667
sample	rich	stardict	raw	exact	397	417
sample	rich	stardict	raw	exact	398	666
sample	rich	stardict	raw	exact	399	542
sample	rich	stardict	raw	exact	400	1042
sample	rich	stardict	raw	exact	401	416
sample	rich	stardict	raw	exact	402	709
sample	rich	stardict	raw	exact	403	417
sample	rich	stardict	raw	exact	404	667
sample	rich	stardict	raw	exact	405	375
sample	rich	stardict	raw	exact	406	833
sample	rich	stardict	raw	exact	407	541
sample	rich	stardict	raw	exact	408	750
sample	rich	stardict	raw	exact	409	334
sample	rich	stardict	raw	exact	410	625
sample	rich	stardict	raw	exact	411	416
sample	rich	stardict	raw	exact	412	709
sample	rich	stardict	raw	exact	413	416
sample	rich	stardict	raw	exact	414	791
sample	rich	stardict	raw	exact	415	542
sample	rich	stardict	raw	exact	416	917
sample	rich	stardict	raw	exact	417	375
sample	rich	stardict	raw	exact	418	750
sample	rich	stardict	raw	exact	419	416
sample	rich	stardict	raw	exact	420	625
sample	rich	stardict	raw	exact	421	416
sample	rich	stardict	raw	exact	422	625
sample	rich	stardict	raw	exact	423	541
sample	rich	stardict	raw	exact	424	750
sample	rich	stardict	raw	exact	425	375
sample	rich	stardict	raw	exact	426	708
sample	rich	stardict	raw	exact	427	417
sample	rich	stardict	raw	exact	428	625
sample	rich	stardict	raw	exact	429	417
sample	rich	stardict	raw	exact	430	667
sample	rich	stardict	raw	exact	431	584
sample	rich	stardict	raw	exact	432	1166
sample	rich	stardict	raw	exact	433	375
sample	rich	stardict	raw	exact	434	834
sample	rich	stardict	raw	exact	435	417
sample	rich	stardict	raw	exact	436	667
sample	rich	stardict	raw	exact	437	417
sample	rich	stardict	raw	exact	438	625
sample	rich	stardict	raw	exact	439	1042
sample	rich	stardict	raw	exact	440	833
sample	rich	stardict	raw	exact	441	13584
sample	rich	stardict	raw	exact	442	2833
sample	rich	stardict	raw	exact	443	2042
sample	rich	stardict	raw	exact	444	2250
sample	rich	stardict	raw	exact	445	833
sample	rich	stardict	raw	exact	446	1958
sample	rich	stardict	raw	exact	447	1458
sample	rich	stardict	raw	exact	448	2167
sample	rich	stardict	raw	exact	449	958
sample	rich	stardict	raw	exact	450	1750
sample	rich	stardict	raw	exact	451	1208
sample	rich	stardict	raw	exact	452	875
sample	rich	stardict	raw	exact	453	417
sample	rich	stardict	raw	exact	454	667
sample	rich	stardict	raw	exact	455	3041
sample	rich	stardict	raw	exact	456	1833
sample	rich	stardict	raw	exact	457	1334
sample	rich	stardict	raw	exact	458	1500
sample	rich	stardict	raw	exact	459	1625
sample	rich	stardict	raw	exact	460	1416
sample	rich	stardict	raw	exact	461	458
sample	rich	stardict	raw	exact	462	833
sample	rich	stardict	raw	exact	463	750
sample	rich	stardict	raw	exact	464	1083
sample	rich	stardict	raw	exact	465	583
sample	rich	stardict	raw	exact	466	1084
sample	rich	stardict	raw	exact	467	459
sample	rich	stardict	raw	exact	468	1000
sample	rich	stardict	raw	exact	469	458
sample	rich	stardict	raw	exact	470	875
sample	rich	stardict	raw	exact	471	667
sample	rich	stardict	raw	exact	472	1208
sample	rich	stardict	raw	exact	473	459
sample	rich	stardict	raw	exact	474	791
sample	rich	stardict	raw	exact	475	458
sample	rich	stardict	raw	exact	476	917
sample	rich	stardict	raw	exact	477	458
sample	rich	stardict	raw	exact	478	958
sample	rich	stardict	raw	exact	479	583
sample	rich	stardict	raw	exact	480	1292
sample	rich	stardict	raw	exact	481	458
sample	rich	stardict	raw	exact	482	958
sample	rich	stardict	raw	exact	483	458
sample	rich	stardict	raw	exact	484	750
sample	rich	stardict	raw	exact	485	500
sample	rich	stardict	raw	exact	486	958
sample	rich	stardict	raw	exact	487	625
sample	rich	stardict	raw	exact	488	917
sample	rich	stardict	raw	exact	489	333
sample	rich	stardict	raw	exact	490	666
sample	rich	stardict	raw	exact	491	459
sample	rich	stardict	raw	exact	492	958
sample	rich	stardict	raw	exact	493	416
sample	rich	stardict	raw	exact	494	625
sample	rich	stardict	raw	exact	495	583
sample	rich	stardict	raw	exact	496	1000
sample	rich	stardict	raw	exact	497	417
sample	rich	stardict	raw	exact	498	750
sample	rich	stardict	raw	exact	499	500
sample	rich	stardict	raw	exact	500	833
sample	rich	stardict	raw	exact	501	375
sample	rich	stardict	raw	exact	502	792
sample	rich	stardict	raw	exact	503	584
sample	rich	stardict	raw	exact	504	917
sample	rich	stardict	raw	exact	505	375
sample	rich	stardict	raw	exact	506	750
sample	rich	stardict	raw	exact	507	375
sample	rich	stardict	raw	exact	508	708
sample	rich	stardict	raw	exact	509	416
sample	rich	stardict	raw	exact	510	750
sample	rich	stardict	raw	exact	511	584
sample	rich	stardict	raw	exact	512	958
sample	rich	stardict	raw	exact	513	417
sample	rich	stardict	raw	exact	514	667
sample	rich	stardict	raw	exact	515	416
sample	rich	stardict	raw	exact	516	667
sample	rich	stardict	raw	exact	517	417
sample	rich	stardict	raw	exact	518	666
sample	rich	stardict	raw	exact	519	625
sample	rich	stardict	raw	exact	520	1250
sample	rich	stardict	raw	exact	521	334
sample	rich	stardict	raw	exact	522	791
sample	rich	stardict	raw	exact	523	458
sample	rich	stardict	raw	exact	524	708
sample	rich	stardict	raw	exact	525	417
sample	rich	stardict	raw	exact	526	1000
sample	rich	stardict	raw	exact	527	542
sample	rich	stardict	raw	exact	528	1125
sample	rich	stardict	raw	exact	529	458
sample	rich	stardict	raw	exact	530	750
sample	rich	stardict	raw	exact	531	417
sample	rich	stardict	raw	exact	532	708
sample	rich	stardict	raw	exact	533	458
sample	rich	stardict	raw	exact	534	792
sample	rich	stardict	raw	exact	535	542
sample	rich	stardict	raw	exact	536	833
sample	rich	stardict	raw	exact	537	375
sample	rich	stardict	raw	exact	538	708
sample	rich	stardict	raw	exact	539	416
sample	rich	stardict	raw	exact	540	750
sample	rich	stardict	raw	exact	541	458
sample	rich	stardict	raw	exact	542	1000
sample	rich	stardict	raw	exact	543	542
sample	rich	stardict	raw	exact	544	833
sample	rich	stardict	raw	exact	545	375
sample	rich	stardict	raw	exact	546	750
sample	rich	stardict	raw	exact	547	417
sample	rich	stardict	raw	exact	548	708
sample	rich	stardict	raw	exact	549	417
sample	rich	stardict	raw	exact	550	708
sample	rich	stardict	raw	exact	551	542
sample	rich	stardict	raw	exact	552	708
sample	rich	stardict	raw	exact	553	333
sample	rich	stardict	raw	exact	554	750
sample	rich	stardict	raw	exact	555	458
sample	rich	stardict	raw	exact	556	792
sample	rich	stardict	raw	exact	557	375
sample	rich	stardict	raw	exact	558	709
sample	rich	stardict	raw	exact	559	542
sample	rich	stardict	raw	exact	560	833
sample	rich	stardict	raw	exact	561	417
sample	rich	stardict	raw	exact	562	708
sample	rich	stardict	raw	exact	563	375
sample	rich	stardict	raw	exact	564	750
sample	rich	stardict	raw	exact	565	500
sample	rich	stardict	raw	exact	566	541
sample	rich	stardict	raw	exact	567	542
sample	rich	stardict	raw	exact	568	625
sample	rich	stardict	raw	exact	569	333
sample	rich	stardict	raw	exact	570	542
sample	rich	stardict	raw	exact	571	417
sample	rich	stardict	raw	exact	572	750
sample	rich	stardict	raw	exact	573	459
sample	rich	stardict	raw	exact	574	625
sample	rich	stardict	raw	exact	575	542
sample	rich	stardict	raw	exact	576	625
sample	rich	stardict	raw	exact	577	375
sample	rich	stardict	raw	exact	578	667
sample	rich	stardict	raw	exact	579	458
sample	rich	stardict	raw	exact	580	958
sample	rich	stardict	raw	exact	581	459
sample	rich	stardict	raw	exact	582	667
sample	rich	stardict	raw	exact	583	584
sample	rich	stardict	raw	exact	584	625
sample	rich	stardict	raw	exact	585	375
sample	rich	stardict	raw	exact	586	750
sample	rich	stardict	raw	exact	587	417
sample	rich	stardict	raw	exact	588	792
sample	rich	stardict	raw	exact	589	417
sample	rich	stardict	raw	exact	590	750
sample	rich	stardict	raw	exact	591	584
sample	rich	stardict	raw	exact	592	1209
sample	rich	stardict	raw	exact	593	417
sample	rich	stardict	raw	exact	594	750
sample	rich	stardict	raw	exact	595	1750
sample	rich	stardict	raw	exact	596	1500
sample	rich	stardict	raw	exact	597	500
sample	rich	stardict	raw	exact	598	1042
sample	rich	stardict	raw	exact	599	834
sample	rich	stardict	raw	exact	600	792
sample	rich	stardict	raw	exact	601	500
sample	rich	stardict	raw	exact	602	875
sample	rich	stardict	raw	exact	603	459
sample	rich	stardict	raw	exact	604	708
sample	rich	stardict	raw	exact	605	500
sample	rich	stardict	raw	exact	606	917
sample	rich	stardict	raw	exact	607	625
sample	rich	stardict	raw	exact	608	959
sample	rich	stardict	raw	exact	609	375
sample	rich	stardict	raw	exact	610	1000
sample	rich	stardict	raw	exact	611	416
sample	rich	stardict	raw	exact	612	792
sample	rich	stardict	raw	exact	613	375
sample	rich	stardict	raw	exact	614	959
sample	rich	stardict	raw	exact	615	583
sample	rich	stardict	raw	exact	616	917
sample	rich	stardict	raw	exact	617	375
sample	rich	stardict	raw	exact	618	1041
sample	rich	stardict	raw	exact	619	416
sample	rich	stardict	raw	exact	620	1000
sample	rich	stardict	raw	exact	621	417
sample	rich	stardict	raw	exact	622	792
sample	rich	stardict	raw	exact	623	584
sample	rich	stardict	raw	exact	624	1208
sample	rich	stardict	raw	exact	625	375
sample	rich	stardict	raw	exact	626	666
sample	rich	stardict	raw	exact	627	417
sample	rich	stardict	raw	exact	628	709
sample	rich	stardict	raw	exact	629	417
sample	rich	stardict	raw	exact	630	750
sample	rich	stardict	raw	exact	631	583
sample	rich	stardict	raw	exact	632	625
sample	rich	stardict	raw	exact	633	375
sample	rich	stardict	raw	exact	634	875
sample	rich	stardict	raw	exact	635	458
sample	rich	stardict	raw	exact	636	708
sample	rich	stardict	raw	exact	637	417
sample	rich	stardict	raw	exact	638	917
sample	rich	stardict	raw	exact	639	542
sample	rich	stardict	raw	exact	640	1083
sample	rich	stardict	raw	exact	641	375
sample	rich	stardict	raw	exact	642	667
sample	rich	stardict	raw	exact	643	458
sample	rich	stardict	raw	exact	644	833
sample	rich	stardict	raw	exact	645	417
sample	rich	stardict	raw	exact	646	708
sample	rich	stardict	raw	exact	647	542
sample	rich	stardict	raw	exact	648	917
sample	rich	stardict	raw	exact	649	375
sample	rich	stardict	raw	exact	650	1625
sample	rich	stardict	raw	exact	651	416
sample	rich	stardict	raw	exact	652	833
sample	rich	stardict	raw	exact	653	417
sample	rich	stardict	raw	exact	654	750
sample	rich	stardict	raw	exact	655	542
sample	rich	stardict	raw	exact	656	1167
sample	rich	stardict	raw	exact	657	375
sample	rich	stardict	raw	exact	658	667
sample	rich	stardict	raw	exact	659	458
sample	rich	stardict	raw	exact	660	708
sample	rich	stardict	raw	exact	661	416
sample	rich	stardict	raw	exact	662	625
sample	rich	stardict	raw	exact	663	541
sample	rich	stardict	raw	exact	664	750
sample	rich	stardict	raw	exact	665	334
sample	rich	stardict	raw	exact	666	833
sample	rich	stardict	raw	exact	667	500
sample	rich	stardict	raw	exact	668	708
sample	rich	stardict	raw	exact	669	375
sample	rich	stardict	raw	exact	670	916
sample	rich	stardict	raw	exact	671	542
sample	rich	stardict	raw	exact	672	833
sample	rich	stardict	raw	exact	673	375
sample	rich	stardict	raw	exact	674	750
sample	rich	stardict	raw	exact	675	417
sample	rich	stardict	raw	exact	676	833
sample	rich	stardict	raw	exact	677	375
sample	rich	stardict	raw	exact	678	792
sample	rich	stardict	raw	exact	679	542
sample	rich	stardict	raw	exact	680	792
sample	rich	stardict	raw	exact	681	375
sample	rich	stardict	raw	exact	682	708
sample	rich	stardict	raw	exact	683	458
sample	rich	stardict	raw	exact	684	709
sample	rich	stardict	raw	exact	685	416
sample	rich	stardict	raw	exact	686	708
sample	rich	stardict	raw	exact	687	625
sample	rich	stardict	raw	exact	688	875
sample	rich	stardict	raw	exact	689	375
sample	rich	stardict	raw	exact	690	625
sample	rich	stardict	raw	exact	691	417
sample	rich	stardict	raw	exact	692	833
sample	rich	stardict	raw	exact	693	416
sample	rich	stardict	raw	exact	694	666
sample	rich	stardict	raw	exact	695	542
sample	rich	stardict	raw	exact	696	792
sample	rich	stardict	raw	exact	697	375
sample	rich	stardict	raw	exact	698	583
sample	rich	stardict	raw	exact	699	416
sample	rich	stardict	raw	exact	700	834
sample	rich	stardict	raw	exact	701	417
sample	rich	stardict	raw	exact	702	667
sample	rich	stardict	raw	exact	703	541
sample	rich	stardict	raw	exact	704	834
sample	rich	stardict	raw	exact	705	375
sample	rich	stardict	raw	exact	706	625
sample	rich	stardict	raw	exact	707	458
sample	rich	stardict	raw	exact	708	625
sample	rich	stardict	raw	exact	709	417
sample	rich	stardict	raw	exact	710	834
sample	rich	stardict	raw	exact	711	542
sample	rich	stardict	raw	exact	712	792
sample	rich	stardict	raw	exact	713	375
sample	rich	stardict	raw	exact	714	834
sample	rich	stardict	raw	exact	715	417
sample	rich	stardict	raw	exact	716	875
sample	rich	stardict	raw	exact	717	417
sample	rich	stardict	raw	exact	718	792
sample	rich	stardict	raw	exact	719	583
sample	rich	stardict	raw	exact	720	1125
sample	rich	stardict	raw	exact	721	5708
sample	rich	stardict	raw	exact	722	2875
sample	rich	stardict	raw	exact	723	750
sample	rich	stardict	raw	exact	724	833
sample	rich	stardict	raw	exact	725	500
sample	rich	stardict	raw	exact	726	916
sample	rich	stardict	raw	exact	727	1000
sample	rich	stardict	raw	exact	728	1084
sample	rich	stardict	raw	exact	729	583
sample	rich	stardict	raw	exact	730	750
sample	rich	stardict	raw	exact	731	417
sample	rich	stardict	raw	exact	732	792
sample	rich	stardict	raw	exact	733	458
sample	rich	stardict	raw	exact	734	917
sample	rich	stardict	raw	exact	735	750
sample	rich	stardict	raw	exact	736	1208
sample	rich	stardict	raw	exact	737	375
sample	rich	stardict	raw	exact	738	1000
sample	rich	stardict	raw	exact	739	416
sample	rich	stardict	raw	exact	740	1000
sample	rich	stardict	raw	exact	741	417
sample	rich	stardict	raw	exact	742	1083
sample	rich	stardict	raw	exact	743	584
sample	rich	stardict	raw	exact	744	792
sample	rich	stardict	raw	exact	745	416
sample	rich	stardict	raw	exact	746	875
sample	rich	stardict	raw	exact	747	417
sample	rich	stardict	raw	exact	748	1000
sample	rich	stardict	raw	exact	749	458
sample	rich	stardict	raw	exact	750	1042
sample	rich	stardict	raw	exact	751	625
sample	rich	stardict	raw	exact	752	1208
sample	rich	stardict	raw	exact	753	375
sample	rich	stardict	raw	exact	754	791
sample	rich	stardict	raw	exact	755	417
sample	rich	stardict	raw	exact	756	833
sample	rich	stardict	raw	exact	757	459
sample	rich	stardict	raw	exact	758	708
sample	rich	stardict	raw	exact	759	583
sample	rich	stardict	raw	exact	760	1041
sample	rich	stardict	raw	exact	761	375
sample	rich	stardict	raw	exact	762	667
sample	rich	stardict	raw	exact	763	416
sample	rich	stardict	raw	exact	764	750
sample	rich	stardict	raw	exact	765	416
sample	rich	stardict	raw	exact	766	791
sample	rich	stardict	raw	exact	767	667
sample	rich	stardict	raw	exact	768	917
sample	rich	stardict	raw	exact	769	334
sample	rich	stardict	raw	exact	770	792
sample	rich	stardict	raw	exact	771	459
sample	rich	stardict	raw	exact	772	833
sample	rich	stardict	raw	exact	773	416
sample	rich	stardict	raw	exact	774	709
sample	rich	stardict	raw	exact	775	542
sample	rich	stardict	raw	exact	776	750
sample	rich	stardict	raw	exact	777	375
sample	rich	stardict	raw	exact	778	875
sample	rich	stardict	raw	exact	779	459
sample	rich	stardict	raw	exact	780	834
sample	rich	stardict	raw	exact	781	375
sample	rich	stardict	raw	exact	782	666
sample	rich	stardict	raw	exact	783	542
sample	rich	stardict	raw	exact	784	1166
sample	rich	stardict	raw	exact	785	375
sample	rich	stardict	raw	exact	786	958
sample	rich	stardict	raw	exact	787	417
sample	rich	stardict	raw	exact	788	667
sample	rich	stardict	raw	exact	789	417
sample	rich	stardict	raw	exact	790	666
sample	rich	stardict	raw	exact	791	542
sample	rich	stardict	raw	exact	792	833
sample	rich	stardict	raw	exact	793	333
sample	rich	stardict	raw	exact	794	625
sample	rich	stardict	raw	exact	795	416
sample	rich	stardict	raw	exact	796	750
sample	rich	stardict	raw	exact	797	416
sample	rich	stardict	raw	exact	798	750
sample	rich	stardict	raw	exact	799	542
sample	rich	stardict	raw	exact	800	750
sample	rich	stardict	raw	exact	801	375
sample	rich	stardict	raw	exact	802	708
sample	rich	stardict	raw	exact	803	459
sample	rich	stardict	raw	exact	804	667
sample	rich	stardict	raw	exact	805	500
sample	rich	stardict	raw	exact	806	667
sample	rich	stardict	raw	exact	807	583
sample	rich	stardict	raw	exact	808	667
sample	rich	stardict	raw	exact	809	375
sample	rich	stardict	raw	exact	810	666
sample	rich	stardict	raw	exact	811	458
sample	rich	stardict	raw	exact	812	584
sample	rich	stardict	raw	exact	813	416
sample	rich	stardict	raw	exact	814	583
sample	rich	stardict	raw	exact	815	542
sample	rich	stardict	raw	exact	816	750
sample	rich	stardict	raw	exact	817	375
sample	rich	stardict	raw	exact	818	667
sample	rich	stardict	raw	exact	819	459
sample	rich	stardict	raw	exact	820	625
sample	rich	stardict	raw	exact	821	375
sample	rich	stardict	raw	exact	822	709
sample	rich	stardict	raw	exact	823	583
sample	rich	stardict	raw	exact	824	667
sample	rich	stardict	raw	exact	825	375
sample	rich	stardict	raw	exact	826	625
sample	rich	stardict	raw	exact	827	458
sample	rich	stardict	raw	exact	828	584
sample	rich	stardict	raw	exact	829	417
sample	rich	stardict	raw	exact	830	791
sample	rich	stardict	raw	exact	831	583
sample	rich	stardict	raw	exact	832	791
sample	rich	stardict	raw	exact	833	375
sample	rich	stardict	raw	exact	834	1000
sample	rich	stardict	raw	exact	835	416
sample	rich	stardict	raw	exact	836	584
sample	rich	stardict	raw	exact	837	458
sample	rich	stardict	raw	exact	838	1000
sample	rich	stardict	raw	exact	839	583
sample	rich	stardict	raw	exact	840	750
sample	rich	stardict	raw	exact	841	416
sample	rich	stardict	raw	exact	842	584
sample	rich	stardict	raw	exact	843	458
sample	rich	stardict	raw	exact	844	625
sample	rich	stardict	raw	exact	845	459
sample	rich	stardict	raw	exact	846	708
sample	rich	stardict	raw	exact	847	584
sample	rich	stardict	raw	exact	848	1083
sample	rich	stardict	raw	exact	849	375
sample	rich	stardict	raw	exact	850	583
sample	rich	stardict	raw	exact	851	500
sample	rich	stardict	raw	exact	852	1208
sample	rich	stardict	raw	exact	853	459
sample	rich	stardict	raw	exact	854	833
sample	rich	stardict	raw	exact	855	667
sample	rich	stardict	raw	exact	856	709
sample	rich	stardict	raw	exact	857	375
sample	rich	stardict	raw	exact	858	750
sample	rich	stardict	raw	exact	859	417
sample	rich	stardict	raw	exact	860	750
sample	rich	stardict	raw	exact	861	5750
sample	rich	stardict	raw	exact	862	2125
sample	rich	stardict	raw	exact	863	3041
sample	rich	stardict	raw	exact	864	2667
sample	rich	stardict	raw	exact	865	1417
sample	rich	stardict	raw	exact	866	2291
sample	rich	stardict	raw	exact	867	875
sample	rich	stardict	raw	exact	868	2375
sample	rich	stardict	raw	exact	869	792
sample	rich	stardict	raw	exact	870	1959
sample	rich	stardict	raw	exact	871	1375
sample	rich	stardict	raw	exact	872	1916
sample	rich	stardict	raw	exact	873	1583
sample	rich	stardict	raw	exact	874	958
sample	rich	stardict	raw	exact	875	625
sample	rich	stardict	raw	exact	876	1083
sample	rich	stardict	raw	exact	877	417
sample	rich	stardict	raw	exact	878	791
sample	rich	stardict	raw	exact	879	708
sample	rich	stardict	raw	exact	880	1250
sample	rich	stardict	raw	exact	881	375
sample	rich	stardict	raw	exact	882	916
sample	rich	stardict	raw	exact	883	458
sample	rich	stardict	raw	exact	884	875
sample	rich	stardict	raw	exact	885	416
sample	rich	stardict	raw	exact	886	958
sample	rich	stardict	raw	exact	887	542
sample	rich	stardict	raw	exact	888	1208
sample	rich	stardict	raw	exact	889	375
sample	rich	stardict	raw	exact	890	1208
sample	rich	stardict	raw	exact	891	458
sample	rich	stardict	raw	exact	892	1042
sample	rich	stardict	raw	exact	893	417
sample	rich	stardict	raw	exact	894	1083
sample	rich	stardict	raw	exact	895	583
sample	rich	stardict	raw	exact	896	1167
sample	rich	stardict	raw	exact	897	375
sample	rich	stardict	raw	exact	898	1125
sample	rich	stardict	raw	exact	899	417
sample	rich	stardict	raw	exact	900	1084
sample	rich	stardict	raw	exact	901	375
sample	rich	stardict	raw	exact	902	1000
sample	rich	stardict	raw	exact	903	542
sample	rich	stardict	raw	exact	904	875
sample	rich	stardict	raw	exact	905	375
sample	rich	stardict	raw	exact	906	875
sample	rich	stardict	raw	exact	907	417
sample	rich	stardict	raw	exact	908	875
sample	rich	stardict	raw	exact	909	417
sample	rich	stardict	raw	exact	910	959
sample	rich	stardict	raw	exact	911	709
sample	rich	stardict	raw	exact	912	1458
sample	rich	stardict	raw	exact	913	375
sample	rich	stardict	raw	exact	914	792
sample	rich	stardict	raw	exact	915	458
sample	rich	stardict	raw	exact	916	875
sample	rich	stardict	raw	exact	917	417
sample	rich	stardict	raw	exact	918	1000
sample	rich	stardict	raw	exact	919	542
sample	rich	stardict	raw	exact	920	875
sample	rich	stardict	raw	exact	921	334
sample	rich	stardict	raw	exact	922	792
sample	rich	stardict	raw	exact	923	417
sample	rich	stardict	raw	exact	924	958
sample	rich	stardict	raw	exact	925	375
sample	rich	stardict	raw	exact	926	958
sample	rich	stardict	raw	exact	927	541
sample	rich	stardict	raw	exact	928	1000
sample	rich	stardict	raw	exact	929	375
sample	rich	stardict	raw	exact	930	917
sample	rich	stardict	raw	exact	931	416
sample	rich	stardict	raw	exact	932	958
sample	rich	stardict	raw	exact	933	417
sample	rich	stardict	raw	exact	934	625
sample	rich	stardict	raw	exact	935	542
sample	rich	stardict	raw	exact	936	875
sample	rich	stardict	raw	exact	937	375
sample	rich	stardict	raw	exact	938	708
sample	rich	stardict	raw	exact	939	375
sample	rich	stardict	raw	exact	940	666
sample	rich	stardict	raw	exact	941	375
sample	rich	stardict	raw	exact	942	917
sample	rich	stardict	raw	exact	943	542
sample	rich	stardict	raw	exact	944	875
sample	rich	stardict	raw	exact	945	375
sample	rich	stardict	raw	exact	946	792
sample	rich	stardict	raw	exact	947	458
sample	rich	stardict	raw	exact	948	667
sample	rich	stardict	raw	exact	949	375
sample	rich	stardict	raw	exact	950	667
sample	rich	stardict	raw	exact	951	541
sample	rich	stardict	raw	exact	952	792
sample	rich	stardict	raw	exact	953	375
sample	rich	stardict	raw	exact	954	792
sample	rich	stardict	raw	exact	955	458
sample	rich	stardict	raw	exact	956	792
sample	rich	stardict	raw	exact	957	458
sample	rich	stardict	raw	exact	958	542
sample	rich	stardict	raw	exact	959	541
sample	rich	stardict	raw	exact	960	875
sample	rich	stardict	raw	exact	961	458
sample	rich	stardict	raw	exact	962	583
sample	rich	stardict	raw	exact	963	417
sample	rich	stardict	raw	exact	964	666
sample	rich	stardict	raw	exact	965	375
sample	rich	stardict	raw	exact	966	667
sample	rich	stardict	raw	exact	967	583
sample	rich	stardict	raw	exact	968	833
sample	rich	stardict	raw	exact	969	375
sample	rich	stardict	raw	exact	970	625
sample	rich	stardict	raw	exact	971	458
sample	rich	stardict	raw	exact	972	625
sample	rich	stardict	raw	exact	973	417
sample	rich	stardict	raw	exact	974	708
sample	rich	stardict	raw	exact	975	541
sample	rich	stardict	raw	exact	976	1000
sample	rich	stardict	raw	exact	977	375
sample	rich	stardict	raw	exact	978	625
sample	rich	stardict	raw	exact	979	375
sample	rich	stardict	raw	exact	980	625
sample	rich	stardict	raw	exact	981	375
sample	rich	stardict	raw	exact	982	542
sample	rich	stardict	raw	exact	983	541
sample	rich	stardict	raw	exact	984	833
sample	rich	stardict	raw	exact	985	375
sample	rich	stardict	raw	exact	986	750
sample	rich	stardict	raw	exact	987	417
sample	rich	stardict	raw	exact	988	750
sample	rich	stardict	raw	exact	989	416
sample	rich	stardict	raw	exact	990	625
sample	rich	stardict	raw	exact	991	584
sample	rich	stardict	raw	exact	992	792
sample	rich	stardict	raw	exact	993	416
sample	rich	stardict	raw	exact	994	875
sample	rich	stardict	raw	exact	995	416
sample	rich	stardict	raw	exact	996	792
sample	rich	stardict	raw	exact	997	416
sample	rich	stardict	raw	exact	998	708
sample	rich	stardict	raw	exact	999	583
sample	rich	stardict	raw	prefix	0	1500
sample	rich	stardict	raw	prefix	1	1417
sample	rich	stardict	raw	prefix	2	147125
sample	rich	stardict	raw	prefix	3	145375
sample	rich	stardict	raw	prefix	4	3041
sample	rich	stardict	raw	prefix	5	875
sample	rich	stardict	raw	prefix	6	218417
sample	rich	stardict	raw	prefix	7	155541
sample	rich	stardict	raw	prefix	8	2916
sample	rich	stardict	raw	prefix	9	1583
sample	rich	stardict	raw	prefix	10	138583
sample	rich	stardict	raw	prefix	11	188208
sample	rich	stardict	raw	prefix	12	5500
sample	rich	stardict	raw	prefix	13	709
sample	rich	stardict	raw	prefix	14	139250
sample	rich	stardict	raw	prefix	15	150000
sample	rich	stardict	raw	prefix	16	6166
sample	rich	stardict	raw	prefix	17	1792
sample	rich	stardict	raw	prefix	18	142916
sample	rich	stardict	raw	prefix	19	146250
sample	rich	stardict	raw	prefix	20	2667
sample	rich	stardict	raw	prefix	21	666
sample	rich	stardict	raw	prefix	22	139083
sample	rich	stardict	raw	prefix	23	148542
sample	rich	stardict	raw	prefix	24	2958
sample	rich	stardict	raw	prefix	25	1541
sample	rich	stardict	raw	prefix	26	140209
sample	rich	stardict	raw	prefix	27	251209
sample	rich	stardict	raw	prefix	28	3708
sample	rich	stardict	raw	prefix	29	625
sample	rich	stardict	raw	prefix	30	137791
sample	rich	stardict	raw	prefix	31	147458
sample	rich	stardict	raw	prefix	32	3500
sample	rich	stardict	raw	prefix	33	6250
sample	rich	stardict	raw	prefix	34	358250
sample	rich	stardict	raw	prefix	35	153500
sample	rich	stardict	raw	prefix	36	5083
sample	rich	stardict	raw	prefix	37	542
sample	rich	stardict	raw	prefix	38	141000
sample	rich	stardict	raw	prefix	39	476167
sample	rich	stardict	raw	prefix	40	11375
sample	rich	stardict	raw	prefix	41	2083
sample	rich	stardict	raw	prefix	42	190083
sample	rich	stardict	raw	prefix	43	150584
sample	rich	stardict	raw	prefix	44	4042
sample	rich	stardict	raw	prefix	45	625
sample	rich	stardict	raw	prefix	46	139709
sample	rich	stardict	raw	prefix	47	143209
sample	rich	stardict	raw	prefix	48	4834
sample	rich	stardict	raw	prefix	49	1875
sample	rich	stardict	raw	prefix	50	139125
sample	rich	stardict	raw	prefix	51	142791
sample	rich	stardict	raw	prefix	52	3375
sample	rich	stardict	raw	prefix	53	625
sample	rich	stardict	raw	prefix	54	138834
sample	rich	stardict	raw	prefix	55	153500
sample	rich	stardict	raw	prefix	56	2917
sample	rich	stardict	raw	prefix	57	2417
sample	rich	stardict	raw	prefix	58	139125
sample	rich	stardict	raw	prefix	59	144875
sample	rich	stardict	raw	prefix	60	2416
sample	rich	stardict	raw	prefix	61	542
sample	rich	stardict	raw	prefix	62	136834
sample	rich	stardict	raw	prefix	63	149083
sample	rich	stardict	raw	prefix	64	10000
sample	rich	stardict	raw	prefix	65	3542
sample	rich	stardict	raw	prefix	66	377583
sample	rich	stardict	raw	prefix	67	151125
sample	rich	stardict	raw	prefix	68	3917
sample	rich	stardict	raw	prefix	69	666
sample	rich	stardict	raw	prefix	70	139000
sample	rich	stardict	raw	prefix	71	150334
sample	rich	stardict	raw	prefix	72	9333
sample	rich	stardict	raw	prefix	73	2208
sample	rich	stardict	raw	prefix	74	143459
sample	rich	stardict	raw	prefix	75	256708
sample	rich	stardict	raw	prefix	76	9708
sample	rich	stardict	raw	prefix	77	583
sample	rich	stardict	raw	prefix	78	142666
sample	rich	stardict	raw	prefix	79	151083
sample	rich	stardict	raw	prefix	80	3208
sample	rich	stardict	raw	prefix	81	1875
sample	rich	stardict	raw	prefix	82	308708
sample	rich	stardict	raw	prefix	83	153958
sample	rich	stardict	raw	prefix	84	3958
sample	rich	stardict	raw	prefix	85	667
sample	rich	stardict	raw	prefix	86	139708
sample	rich	stardict	raw	prefix	87	486292
sample	rich	stardict	raw	prefix	88	12625
sample	rich	stardict	raw	prefix	89	4875
sample	rich	stardict	raw	prefix	90	370250
sample	rich	stardict	raw	prefix	91	148041
sample	rich	stardict	raw	prefix	92	5792
sample	rich	stardict	raw	prefix	93	708
sample	rich	stardict	raw	prefix	94	139209
sample	rich	stardict	raw	prefix	95	146875
sample	rich	stardict	raw	prefix	96	3208
sample	rich	stardict	raw	prefix	97	1584
sample	rich	stardict	raw	prefix	98	136375
sample	rich	stardict	raw	prefix	99	139959
sample	rich	stardict	raw	prefix	100	8875
sample	rich	stardict	raw	prefix	101	708
sample	rich	stardict	raw	prefix	102	147833
sample	rich	stardict	raw	prefix	103	155375
sample	rich	stardict	raw	prefix	104	7166
sample	rich	stardict	raw	prefix	105	2000
sample	rich	stardict	raw	prefix	106	144125
sample	rich	stardict	raw	prefix	107	149125
sample	rich	stardict	raw	prefix	108	7875
sample	rich	stardict	raw	prefix	109	1416
sample	rich	stardict	raw	prefix	110	205250
sample	rich	stardict	raw	prefix	111	146625
sample	rich	stardict	raw	prefix	112	3375
sample	rich	stardict	raw	prefix	113	1583
sample	rich	stardict	raw	prefix	114	139917
sample	rich	stardict	raw	prefix	115	147000
sample	rich	stardict	raw	prefix	116	6333
sample	rich	stardict	raw	prefix	117	708
sample	rich	stardict	raw	prefix	118	142667
sample	rich	stardict	raw	prefix	119	147042
sample	rich	stardict	raw	prefix	120	7417
sample	rich	stardict	raw	prefix	121	1916
sample	rich	stardict	raw	prefix	122	141125
sample	rich	stardict	raw	prefix	123	140125
sample	rich	stardict	raw	prefix	124	4333
sample	rich	stardict	raw	prefix	125	542
sample	rich	stardict	raw	prefix	126	139875
sample	rich	stardict	raw	prefix	127	144833
sample	rich	stardict	raw	prefix	128	5417
sample	rich	stardict	raw	prefix	129	1417
sample	rich	stardict	raw	prefix	130	142417
sample	rich	stardict	raw	prefix	131	144833
sample	rich	stardict	raw	prefix	132	2500
sample	rich	stardict	raw	prefix	133	542
sample	rich	stardict	raw	prefix	134	141042
sample	rich	stardict	raw	prefix	135	150042
sample	rich	stardict	raw	prefix	136	7084
sample	rich	stardict	raw	prefix	137	2166
sample	rich	stardict	raw	prefix	138	146000
sample	rich	stardict	raw	prefix	139	150833
sample	rich	stardict	raw	prefix	140	6875
sample	rich	stardict	raw	prefix	141	667
sample	rich	stardict	raw	prefix	142	141291
sample	rich	stardict	raw	prefix	143	141959
sample	rich	stardict	raw	prefix	144	2916
sample	rich	stardict	raw	prefix	145	1875
sample	rich	stardict	raw	prefix	146	138167
sample	rich	stardict	raw	prefix	147	141833
sample	rich	stardict	raw	prefix	148	2917
sample	rich	stardict	raw	prefix	149	584
sample	rich	stardict	raw	prefix	150	139542
sample	rich	stardict	raw	prefix	151	149333
sample	rich	stardict	raw	prefix	152	2583
sample	rich	stardict	raw	prefix	153	1917
sample	rich	stardict	raw	prefix	154	136792
sample	rich	stardict	raw	prefix	155	145625
sample	rich	stardict	raw	prefix	156	2708
sample	rich	stardict	raw	prefix	157	666
sample	rich	stardict	raw	prefix	158	135000
sample	rich	stardict	raw	prefix	159	145958
sample	rich	stardict	raw	prefix	160	2500
sample	rich	stardict	raw	prefix	161	1834
sample	rich	stardict	raw	prefix	162	138291
sample	rich	stardict	raw	prefix	163	150584
sample	rich	stardict	raw	prefix	164	3000
sample	rich	stardict	raw	prefix	165	625
sample	rich	stardict	raw	prefix	166	140542
sample	rich	stardict	raw	prefix	167	395791
sample	rich	stardict	raw	prefix	168	5375
sample	rich	stardict	raw	prefix	169	1792
sample	rich	stardict	raw	prefix	170	140833
sample	rich	stardict	raw	prefix	171	226000
sample	rich	stardict	raw	prefix	172	9041
sample	rich	stardict	raw	prefix	173	750
sample	rich	stardict	raw	prefix	174	320875
sample	rich	stardict	raw	prefix	175	150042
sample	rich	stardict	raw	prefix	176	3459
sample	rich	stardict	raw	prefix	177	2166
sample	rich	stardict	raw	prefix	178	208250
sample	rich	stardict	raw	prefix	179	144958
sample	rich	stardict	raw	prefix	180	29083
sample	rich	stardict	raw	prefix	181	2125
sample	rich	stardict	raw	prefix	182	144458
sample	rich	stardict	raw	prefix	183	147375
sample	rich	stardict	raw	prefix	184	6917
sample	rich	stardict	raw	prefix	185	2333
sample	rich	stardict	raw	prefix	186	185708
sample	rich	stardict	raw	prefix	187	140334
sample	rich	stardict	raw	prefix	188	2958
sample	rich	stardict	raw	prefix	189	500
sample	rich	stardict	raw	prefix	190	185500
sample	rich	stardict	raw	prefix	191	145250
sample	rich	stardict	raw	prefix	192	4291
sample	rich	stardict	raw	prefix	193	1667
sample	rich	stardict	raw	prefix	194	138500
sample	rich	stardict	raw	prefix	195	140292
sample	rich	stardict	raw	prefix	196	2542
sample	rich	stardict	raw	prefix	197	500
sample	rich	stardict	raw	prefix	198	136459
sample	rich	stardict	raw	prefix	199	149292
sample	rich	stardict	raw	prefix	200	2792
sample	rich	stardict	raw	prefix	201	1625
sample	rich	stardict	raw	prefix	202	135333
sample	rich	stardict	raw	prefix	203	138459
sample	rich	stardict	raw	prefix	204	9042
sample	rich	stardict	raw	prefix	205	875
sample	rich	stardict	raw	prefix	206	219417
sample	rich	stardict	raw	prefix	207	145917
sample	rich	stardict	raw	prefix	208	2583
sample	rich	stardict	raw	prefix	209	1792
sample	rich	stardict	raw	prefix	210	136208
sample	rich	stardict	raw	prefix	211	149584
sample	rich	stardict	raw	prefix	212	3166
sample	rich	stardict	raw	prefix	213	584
sample	rich	stardict	raw	prefix	214	136333
sample	rich	stardict	raw	prefix	215	155166
sample	rich	stardict	raw	prefix	216	3416
sample	rich	stardict	raw	prefix	217	2125
sample	rich	stardict	raw	prefix	218	143042
sample	rich	stardict	raw	prefix	219	147708
sample	rich	stardict	raw	prefix	220	2958
sample	rich	stardict	raw	prefix	221	583
sample	rich	stardict	raw	prefix	222	136916
sample	rich	stardict	raw	prefix	223	397125
sample	rich	stardict	raw	prefix	224	5625
sample	rich	stardict	raw	prefix	225	1250
sample	rich	stardict	raw	prefix	226	140417
sample	rich	stardict	raw	prefix	227	141500
sample	rich	stardict	raw	prefix	228	2750
sample	rich	stardict	raw	prefix	229	500
sample	rich	stardict	raw	prefix	230	138458
sample	rich	stardict	raw	prefix	231	145458
sample	rich	stardict	raw	prefix	232	4875
sample	rich	stardict	raw	prefix	233	1667
sample	rich	stardict	raw	prefix	234	139667
sample	rich	stardict	raw	prefix	235	142125
sample	rich	stardict	raw	prefix	236	7125
sample	rich	stardict	raw	prefix	237	708
sample	rich	stardict	raw	prefix	238	145041
sample	rich	stardict	raw	prefix	239	400958
sample	rich	stardict	raw	prefix	240	5541
sample	rich	stardict	raw	prefix	241	1584
sample	rich	stardict	raw	prefix	242	141709
sample	rich	stardict	raw	prefix	243	141833
sample	rich	stardict	raw	prefix	244	3041
sample	rich	stardict	raw	prefix	245	583
sample	rich	stardict	raw	prefix	246	138333
sample	rich	stardict	raw	prefix	247	145292
sample	rich	stardict	raw	prefix	248	3000
sample	rich	stardict	raw	prefix	249	1416
sample	rich	stardict	raw	prefix	250	138917
sample	rich	stardict	raw	prefix	251	142542
sample	rich	stardict	raw	prefix	252	2917
sample	rich	stardict	raw	prefix	253	542
sample	rich	stardict	raw	prefix	254	138083
sample	rich	stardict	raw	prefix	255	142583
sample	rich	stardict	raw	prefix	256	7500
sample	rich	stardict	raw	prefix	257	2541
sample	rich	stardict	raw	prefix	258	431583
sample	rich	stardict	raw	prefix	259	149709
sample	rich	stardict	raw	prefix	260	5791
sample	rich	stardict	raw	prefix	261	500
sample	rich	stardict	raw	prefix	262	140000
sample	rich	stardict	raw	prefix	263	146667
sample	rich	stardict	raw	prefix	264	6958
sample	rich	stardict	raw	prefix	265	1833
sample	rich	stardict	raw	prefix	266	140167
sample	rich	stardict	raw	prefix	267	224417
sample	rich	stardict	raw	prefix	268	8541
sample	rich	stardict	raw	prefix	269	792
sample	rich	stardict	raw	prefix	270	143500
sample	rich	stardict	raw	prefix	271	148416
sample	rich	stardict	raw	prefix	272	3042
sample	rich	stardict	raw	prefix	273	1792
sample	rich	stardict	raw	prefix	274	137167
sample	rich	stardict	raw	prefix	275	139584
sample	rich	stardict	raw	prefix	276	6167
sample	rich	stardict	raw	prefix	277	750
sample	rich	stardict	raw	prefix	278	139750
sample	rich	stardict	raw	prefix	279	142083
sample	rich	stardict	raw	prefix	280	6458
sample	rich	stardict	raw	prefix	281	2125
sample	rich	stardict	raw	prefix	282	143833
sample	rich	stardict	raw	prefix	283	144375
sample	rich	stardict	raw	prefix	284	7167
sample	rich	stardict	raw	prefix	285	667
sample	rich	stardict	raw	prefix	286	138500
sample	rich	stardict	raw	prefix	287	208791
sample	rich	stardict	raw	prefix	288	6000
sample	rich	stardict	raw	prefix	289	1917
sample	rich	stardict	raw	prefix	290	141958
sample	rich	stardict	raw	prefix	291	274000
sample	rich	stardict	raw	prefix	292	19875
sample	rich	stardict	raw	prefix	293	1583
sample	rich	stardict	raw	prefix	294	560792
sample	rich	stardict	raw	prefix	295	154417
sample	rich	stardict	raw	prefix	296	4334
sample	rich	stardict	raw	prefix	297	8500
sample	rich	stardict	raw	prefix	298	331041
sample	rich	stardict	raw	prefix	299	157458
sample	rich	stardict	raw	prefix	300	17000
sample	rich	stardict	raw	prefix	301	1417
sample	rich	stardict	raw	prefix	302	232292
sample	rich	stardict	raw	prefix	303	156167
sample	rich	stardict	raw	prefix	304	8458
sample	rich	stardict	raw	prefix	305	2792
sample	rich	stardict	raw	prefix	306	143167
sample	rich	stardict	raw	prefix	307	148584
sample	rich	stardict	raw	prefix	308	3417
sample	rich	stardict	raw	prefix	309	750
sample	rich	stardict	raw	prefix	310	141541
sample	rich	stardict	raw	prefix	311	146708
sample	rich	stardict	raw	prefix	312	6417
sample	rich	stardict	raw	prefix	313	2625
sample	rich	stardict	raw	prefix	314	142542
sample	rich	stardict	raw	prefix	315	143625
sample	rich	stardict	raw	prefix	316	8125
sample	rich	stardict	raw	prefix	317	667
sample	rich	stardict	raw	prefix	318	140500
sample	rich	stardict	raw	prefix	319	143708
sample	rich	stardict	raw	prefix	320	8000
sample	rich	stardict	raw	prefix	321	2625
sample	rich	stardict	raw	prefix	322	151583
sample	rich	stardict	raw	prefix	323	199375
sample	rich	stardict	raw	prefix	324	6250
sample	rich	stardict	raw	prefix	325	667
sample	rich	stardict	raw	prefix	326	184666
sample	rich	stardict	raw	prefix	327	144417
sample	rich	stardict	raw	prefix	328	5917
sample	rich	stardict	raw	prefix	329	2083
sample	rich	stardict	raw	prefix	330	141125
sample	rich	stardict	raw	prefix	331	140666
sample	rich	stardict	raw	prefix	332	2959
sample	rich	stardict	raw	prefix	333	583
sample	rich	stardict	raw	prefix	334	138041
sample	rich	stardict	raw	prefix	335	303875
sample	rich	stardict	raw	prefix	336	9125
sample	rich	stardict	raw	prefix	337	2042
sample	rich	stardict	raw	prefix	338	155500
sample	rich	stardict	raw	prefix	339	382625
sample	rich	stardict	raw	prefix	340	9792
sample	rich	stardict	raw	prefix	341	708
sample	rich	stardict	raw	prefix	342	368625
sample	rich	stardict	raw	prefix	343	154667
sample	rich	stardict	raw	prefix	344	5167
sample	rich	stardict	raw	prefix	345	1958
sample	rich	stardict	raw	prefix	346	140375
sample	rich	stardict	raw	prefix	347	151375
sample	rich	stardict	raw	prefix	348	9792
sample	rich	stardict	raw	prefix	349	625
sample	rich	stardict	raw	prefix	350	157792
sample	rich	stardict	raw	prefix	351	153708
sample	rich	stardict	raw	prefix	352	5542
sample	rich	stardict	raw	prefix	353	1500
sample	rich	stardict	raw	prefix	354	142334
sample	rich	stardict	raw	prefix	355	151042
sample	rich	stardict	raw	prefix	356	7500
sample	rich	stardict	raw	prefix	357	625
sample	rich	stardict	raw	prefix	358	141792
sample	rich	stardict	raw	prefix	359	144000
sample	rich	stardict	raw	prefix	360	5750
sample	rich	stardict	raw	prefix	361	1791
sample	rich	stardict	raw	prefix	362	140292
sample	rich	stardict	raw	prefix	363	140500
sample	rich	stardict	raw	prefix	364	4875
sample	rich	stardict	raw	prefix	365	625
sample	rich	stardict	raw	prefix	366	140834
sample	rich	stardict	raw	prefix	367	140708
sample	rich	stardict	raw	prefix	368	4209
sample	rich	stardict	raw	prefix	369	1542
sample	rich	stardict	raw	prefix	370	402958
sample	rich	stardict	raw	prefix	371	147125
sample	rich	stardict	raw	prefix	372	3666
sample	rich	stardict	raw	prefix	373	542
sample	rich	stardict	raw	prefix	374	139416
sample	rich	stardict	raw	prefix	375	159125
sample	rich	stardict	raw	prefix	376	14250
sample	rich	stardict	raw	prefix	377	5917
sample	rich	stardict	raw	prefix	378	288541
sample	rich	stardict	raw	prefix	379	146750
sample	rich	stardict	raw	prefix	380	27500
sample	rich	stardict	raw	prefix	381	2875
sample	rich	stardict	raw	prefix	382	381291
sample	rich	stardict	raw	prefix	383	154834
sample	rich	stardict	raw	prefix	384	5708
sample	rich	stardict	raw	prefix	385	2167
sample	rich	stardict	raw	prefix	386	144583
sample	rich	stardict	raw	prefix	387	153167
sample	rich	stardict	raw	prefix	388	4000
sample	rich	stardict	raw	prefix	389	625
sample	rich	stardict	raw	prefix	390	138750
sample	rich	stardict	raw	prefix	391	144416
sample	rich	stardict	raw	prefix	392	2750
sample	rich	stardict	raw	prefix	393	1833
sample	rich	stardict	raw	prefix	394	137209
sample	rich	stardict	raw	prefix	395	284792
sample	rich	stardict	raw	prefix	396	7709
sample	rich	stardict	raw	prefix	397	792
sample	rich	stardict	raw	prefix	398	141750
sample	rich	stardict	raw	prefix	399	149750
sample	rich	stardict	raw	prefix	400	3375
sample	rich	stardict	raw	prefix	401	1834
sample	rich	stardict	raw	prefix	402	137250
sample	rich	stardict	raw	prefix	403	193208
sample	rich	stardict	raw	prefix	404	6208
sample	rich	stardict	raw	prefix	405	708
sample	rich	stardict	raw	prefix	406	139125
sample	rich	stardict	raw	prefix	407	144458
sample	rich	stardict	raw	prefix	408	2792
sample	rich	stardict	raw	prefix	409	3708
sample	rich	stardict	raw	prefix	410	139834
sample	rich	stardict	raw	prefix	411	147166
sample	rich	stardict	raw	prefix	412	10000
sample	rich	stardict	raw	prefix	413	625
sample	rich	stardict	raw	prefix	414	143708
sample	rich	stardict	raw	prefix	415	208917
sample	rich	stardict	raw	prefix	416	6333
sample	rich	stardict	raw	prefix	417	2250
sample	rich	stardict	raw	prefix	418	146417
sample	rich	stardict	raw	prefix	419	149667
sample	rich	stardict	raw	prefix	420	3125
sample	rich	stardict	raw	prefix	421	667
sample	rich	stardict	raw	prefix	422	137125
sample	rich	stardict	raw	prefix	423	151958
sample	rich	stardict	raw	prefix	424	3125
sample	rich	stardict	raw	prefix	425	1583
sample	rich	stardict	raw	prefix	426	137167
sample	rich	stardict	raw	prefix	427	246958
sample	rich	stardict	raw	prefix	428	3292
sample	rich	stardict	raw	prefix	429	583
sample	rich	stardict	raw	prefix	430	138542
sample	rich	stardict	raw	prefix	431	150000
sample	rich	stardict	raw	prefix	432	2458
sample	rich	stardict	raw	prefix	433	1750
sample	rich	stardict	raw	prefix	434	138458
sample	rich	stardict	raw	prefix	435	340667
sample	rich	stardict	raw	prefix	436	5084
sample	rich	stardict	raw	prefix	437	584
sample	rich	stardict	raw	prefix	438	142209
sample	rich	stardict	raw	prefix	439	144542
sample	rich	stardict	raw	prefix	440	8167
sample	rich	stardict	raw	prefix	441	2292
sample	rich	stardict	raw	prefix	442	146209
sample	rich	stardict	raw	prefix	443	188833
sample	rich	stardict	raw	prefix	444	7667
sample	rich	stardict	raw	prefix	445	625
sample	rich	stardict	raw	prefix	446	140916
sample	rich	stardict	raw	prefix	447	148709
sample	rich	stardict	raw	prefix	448	5667
sample	rich	stardict	raw	prefix	449	1916
sample	rich	stardict	raw	prefix	450	139541
sample	rich	stardict	raw	prefix	451	142958
sample	rich	stardict	raw	prefix	452	8375
sample	rich	stardict	raw	prefix	453	750
sample	rich	stardict	raw	prefix	454	143416
sample	rich	stardict	raw	prefix	455	151167
sample	rich	stardict	raw	prefix	456	5625
sample	rich	stardict	raw	prefix	457	2125
sample	rich	stardict	raw	prefix	458	141333
sample	rich	stardict	raw	prefix	459	175500
sample	rich	stardict	raw	prefix	460	8875
sample	rich	stardict	raw	prefix	461	708
sample	rich	stardict	raw	prefix	462	142792
sample	rich	stardict	raw	prefix	463	446375
sample	rich	stardict	raw	prefix	464	6125
sample	rich	stardict	raw	prefix	465	1959
sample	rich	stardict	raw	prefix	466	145000
sample	rich	stardict	raw	prefix	467	147834
sample	rich	stardict	raw	prefix	468	5583
sample	rich	stardict	raw	prefix	469	625
sample	rich	stardict	raw	prefix	470	137500
sample	rich	stardict	raw	prefix	471	141750
sample	rich	stardict	raw	prefix	472	3292
sample	rich	stardict	raw	prefix	473	1458
sample	rich	stardict	raw	prefix	474	135750
sample	rich	stardict	raw	prefix	475	143250
sample	rich	stardict	raw	prefix	476	2375
sample	rich	stardict	raw	prefix	477	583
sample	rich	stardict	raw	prefix	478	132875
sample	rich	stardict	raw	prefix	479	139166
sample	rich	stardict	raw	prefix	480	6042
sample	rich	stardict	raw	prefix	481	1750
sample	rich	stardict	raw	prefix	482	143625
sample	rich	stardict	raw	prefix	483	151250
sample	rich	stardict	raw	prefix	484	2875
sample	rich	stardict	raw	prefix	485	667
sample	rich	stardict	raw	prefix	486	141417
sample	rich	stardict	raw	prefix	487	144208
sample	rich	stardict	raw	prefix	488	6666
sample	rich	stardict	raw	prefix	489	1625
sample	rich	stardict	raw	prefix	490	142416
sample	rich	stardict	raw	prefix	491	153708
sample	rich	stardict	raw	prefix	492	3334
sample	rich	stardict	raw	prefix	493	667
sample	rich	stardict	raw	prefix	494	137458
sample	rich	stardict	raw	prefix	495	225417
sample	rich	stardict	raw	prefix	496	5083
sample	rich	stardict	raw	prefix	497	1750
sample	rich	stardict	raw	prefix	498	153625
sample	rich	stardict	raw	prefix	499	385667
sample	rich	stardict	raw	prefix	500	4875
sample	rich	stardict	raw	prefix	501	709
sample	rich	stardict	raw	prefix	502	138208
sample	rich	stardict	raw	prefix	503	140875
sample	rich	stardict	raw	prefix	504	2875
sample	rich	stardict	raw	prefix	505	1667
sample	rich	stardict	raw	prefix	506	136209
sample	rich	stardict	raw	prefix	507	139625
sample	rich	stardict	raw	prefix	508	18125
sample	rich	stardict	raw	prefix	509	1334
sample	rich	stardict	raw	prefix	510	361125
sample	rich	stardict	raw	prefix	511	154208
sample	rich	stardict	raw	prefix	512	5625
sample	rich	stardict	raw	prefix	513	1625
sample	rich	stardict	raw	prefix	514	137500
sample	rich	stardict	raw	prefix	515	148917
sample	rich	stardict	raw	prefix	516	6792
sample	rich	stardict	raw	prefix	517	750
sample	rich	stardict	raw	prefix	518	145583
sample	rich	stardict	raw	prefix	519	143500
sample	rich	stardict	raw	prefix	520	3417
sample	rich	stardict	raw	prefix	521	2000
sample	rich	stardict	raw	prefix	522	141667
sample	rich	stardict	raw	prefix	523	151708
sample	rich	stardict	raw	prefix	524	2875
sample	rich	stardict	raw	prefix	525	542
sample	rich	stardict	raw	prefix	526	140417
sample	rich	stardict	raw	prefix	527	146875
sample	rich	stardict	raw	prefix	528	2959
sample	rich	stardict	raw	prefix	529	1625
sample	rich	stardict	raw	prefix	530	139000
sample	rich	stardict	raw	prefix	531	142458
sample	rich	stardict	raw	prefix	532	6500
sample	rich	stardict	raw	prefix	533	666
sample	rich	stardict	raw	prefix	534	139958
sample	rich	stardict	raw	prefix	535	145416
sample	rich	stardict	raw	prefix	536	2875
sample	rich	stardict	raw	prefix	537	1916
sample	rich	stardict	raw	prefix	538	140125
sample	rich	stardict	raw	prefix	539	141083
sample	rich	stardict	raw	prefix	540	6333
sample	rich	stardict	raw	prefix	541	625
sample	rich	stardict	raw	prefix	542	460583
sample	rich	stardict	raw	prefix	543	150250
sample	rich	stardict	raw	prefix	544	6125
sample	rich	stardict	raw	prefix	545	8250
sample	rich	stardict	raw	prefix	546	279292
sample	rich	stardict	raw	prefix	547	151167
sample	rich	stardict	raw	prefix	548	5417
sample	rich	stardict	raw	prefix	549	667
sample	rich	stardict	raw	prefix	550	140708
sample	rich	stardict	raw	prefix	551	143167
sample	rich	stardict	raw	prefix	552	6833
sample	rich	stardict	raw	prefix	553	2375
sample	rich	stardict	raw	prefix	554	142292
sample	rich	stardict	raw	prefix	555	141583
sample	rich	stardict	raw	prefix	556	6167
sample	rich	stardict	raw	prefix	557	625
sample	rich	stardict	raw	prefix	558	140250
sample	rich	stardict	raw	prefix	559	144709
sample	rich	stardict	raw	prefix	560	3458
sample	rich	stardict	raw	prefix	561	2500
sample	rich	stardict	raw	prefix	562	143250
sample	rich	stardict	raw	prefix	563	145209
sample	rich	stardict	raw	prefix	564	3084
sample	rich	stardict	raw	prefix	565	542
sample	rich	stardict	raw	prefix	566	361125
sample	rich	stardict	raw	prefix	567	431375
sample	rich	stardict	raw	prefix	568	7416
sample	rich	stardict	raw	prefix	569	2166
sample	rich	stardict	raw	prefix	570	145958
sample	rich	stardict	raw	prefix	571	145583
sample	rich	stardict	raw	prefix	572	9833
sample	rich	stardict	raw	prefix	573	708
sample	rich	stardict	raw	prefix	574	143625
sample	rich	stardict	raw	prefix	575	143500
sample	rich	stardict	raw	prefix	576	10917
sample	rich	stardict	raw	prefix	577	2916
sample	rich	stardict	raw	prefix	578	145625
sample	rich	stardict	raw	prefix	579	356250
sample	rich	stardict	raw	prefix	580	5792
sample	rich	stardict	raw	prefix	581	750
sample	rich	stardict	raw	prefix	582	145458
sample	rich	stardict	raw	prefix	583	175917
sample	rich	stardict	raw	prefix	584	10083
sample	rich	stardict	raw	prefix	585	1834
sample	rich	stardict	raw	prefix	586	340042
sample	rich	stardict	raw	prefix	587	151792
sample	rich	stardict	raw	prefix	588	9167
sample	rich	stardict	raw	prefix	589	708
sample	rich	stardict	raw	prefix	590	145625
sample	rich	stardict	raw	prefix	591	147875
sample	rich	stardict	raw	prefix	592	5500
sample	rich	stardict	raw	prefix	593	1750
sample	rich	stardict	raw	prefix	594	139375
sample	rich	stardict	raw	prefix	595	141833
sample	rich	stardict	raw	prefix	596	2792
sample	rich	stardict	raw	prefix	597	583
sample	rich	stardict	raw	prefix	598	139708
sample	rich	stardict	raw	prefix	599	143833
sample	rich	stardict	raw	prefix	600	8917
sample	rich	stardict	raw	prefix	601	1833
sample	rich	stardict	raw	prefix	602	147458
sample	rich	stardict	raw	prefix	603	420125
sample	rich	stardict	raw	prefix	604	8584
sample	rich	stardict	raw	prefix	605	791
sample	rich	stardict	raw	prefix	606	138417
sample	rich	stardict	raw	prefix	607	150000
sample	rich	stardict	raw	prefix	608	12791
sample	rich	stardict	raw	prefix	609	4916
sample	rich	stardict	raw	prefix	610	436000
sample	rich	stardict	raw	prefix	611	303292
sample	rich	stardict	raw	prefix	612	14625
sample	rich	stardict	raw	prefix	613	1084
sample	rich	stardict	raw	prefix	614	365417
sample	rich	stardict	raw	prefix	615	155542
sample	rich	stardict	raw	prefix	616	4000
sample	rich	stardict	raw	prefix	617	1542
sample	rich	stardict	raw	prefix	618	140041
sample	rich	stardict	raw	prefix	619	149750
sample	rich	stardict	raw	prefix	620	3333
sample	rich	stardict	raw	prefix	621	542
sample	rich	stardict	raw	prefix	622	137375
sample	rich	stardict	raw	prefix	623	150792
sample	rich	stardict	raw	prefix	624	3417
sample	rich	stardict	raw	prefix	625	1833
sample	rich	stardict	raw	prefix	626	138292
sample	rich	stardict	raw	prefix	627	151042
sample	rich	stardict	raw	prefix	628	6542
sample	rich	stardict	raw	prefix	629	625
sample	rich	stardict	raw	prefix	630	141667
sample	rich	stardict	raw	prefix	631	146583
sample	rich	stardict	raw	prefix	632	3541
sample	rich	stardict	raw	prefix	633	1750
sample	rich	stardict	raw	prefix	634	139125
sample	rich	stardict	raw	prefix	635	152083
sample	rich	stardict	raw	prefix	636	6500
sample	rich	stardict	raw	prefix	637	750
sample	rich	stardict	raw	prefix	638	152500
sample	rich	stardict	raw	prefix	639	149333
sample	rich	stardict	raw	prefix	640	3458
sample	rich	stardict	raw	prefix	641	1958
sample	rich	stardict	raw	prefix	642	138084
sample	rich	stardict	raw	prefix	643	148125
sample	rich	stardict	raw	prefix	644	2666
sample	rich	stardict	raw	prefix	645	583
sample	rich	stardict	raw	prefix	646	138875
sample	rich	stardict	raw	prefix	647	196333
sample	rich	stardict	raw	prefix	648	5916
sample	rich	stardict	raw	prefix	649	2042
sample	rich	stardict	raw	prefix	650	139750
sample	rich	stardict	raw	prefix	651	141250
sample	rich	stardict	raw	prefix	652	3625
sample	rich	stardict	raw	prefix	653	542
sample	rich	stardict	raw	prefix	654	140167
sample	rich	stardict	raw	prefix	655	148292
sample	rich	stardict	raw	prefix	656	3375
sample	rich	stardict	raw	prefix	657	2083
sample	rich	stardict	raw	prefix	658	139708
sample	rich	stardict	raw	prefix	659	142833
sample	rich	stardict	raw	prefix	660	7709
sample	rich	stardict	raw	prefix	661	542
sample	rich	stardict	raw	prefix	662	141459
sample	rich	stardict	raw	prefix	663	144792
sample	rich	stardict	raw	prefix	664	7375
sample	rich	stardict	raw	prefix	665	9084
sample	rich	stardict	raw	prefix	666	148083
sample	rich	stardict	raw	prefix	667	148750
sample	rich	stardict	raw	prefix	668	5125
sample	rich	stardict	raw	prefix	669	708
sample	rich	stardict	raw	prefix	670	190750
sample	rich	stardict	raw	prefix	671	307500
sample	rich	stardict	raw	prefix	672	5167
sample	rich	stardict	raw	prefix	673	2209
sample	rich	stardict	raw	prefix	674	145792
sample	rich	stardict	raw	prefix	675	142458
sample	rich	stardict	raw	prefix	676	4416
sample	rich	stardict	raw	prefix	677	625
sample	rich	stardict	raw	prefix	678	149583
sample	rich	stardict	raw	prefix	679	301333
sample	rich	stardict	raw	prefix	680	5792
sample	rich	stardict	raw	prefix	681	2375
sample	rich	stardict	raw	prefix	682	143000
sample	rich	stardict	raw	prefix	683	137959
sample	rich	stardict	raw	prefix	684	4625
sample	rich	stardict	raw	prefix	685	584
sample	rich	stardict	raw	prefix	686	139250
sample	rich	stardict	raw	prefix	687	140375
sample	rich	stardict	raw	prefix	688	5208
sample	rich	stardict	raw	prefix	689	2041
sample	rich	stardict	raw	prefix	690	149959
sample	rich	stardict	raw	prefix	691	145625
sample	rich	stardict	raw	prefix	692	3042
sample	rich	stardict	raw	prefix	693	2125
sample	rich	stardict	raw	prefix	694	144459
sample	rich	stardict	raw	prefix	695	149084
sample	rich	stardict	raw	prefix	696	3000
sample	rich	stardict	raw	prefix	697	1916
sample	rich	stardict	raw	prefix	698	142709
sample	rich	stardict	raw	prefix	699	149584
sample	rich	stardict	raw	prefix	700	3834
sample	rich	stardict	raw	prefix	701	625
sample	rich	stardict	raw	prefix	702	183750
sample	rich	stardict	raw	prefix	703	151250
sample	rich	stardict	raw	prefix	704	3750
sample	rich	stardict	raw	prefix	705	1500
sample	rich	stardict	raw	prefix	706	139500
sample	rich	stardict	raw	prefix	707	151500
sample	rich	stardict	raw	prefix	708	3667
sample	rich	stardict	raw	prefix	709	542
sample	rich	stardict	raw	prefix	710	138042
sample	rich	stardict	raw	prefix	711	148917
sample	rich	stardict	raw	prefix	712	2834
sample	rich	stardict	raw	prefix	713	1541
sample	rich	stardict	raw	prefix	714	139250
sample	rich	stardict	raw	prefix	715	148208
sample	rich	stardict	raw	prefix	716	2708
sample	rich	stardict	raw	prefix	717	458
sample	rich	stardict	raw	prefix	718	138083
sample	rich	stardict	raw	prefix	719	149916
sample	rich	stardict	raw	prefix	720	2667
sample	rich	stardict	raw	prefix	721	1500
sample	rich	stardict	raw	prefix	722	140042
sample	rich	stardict	raw	prefix	723	142834
sample	rich	stardict	raw	prefix	724	2667
sample	rich	stardict	raw	prefix	725	709
sample	rich	stardict	raw	prefix	726	140333
sample	rich	stardict	raw	prefix	727	147125
sample	rich	stardict	raw	prefix	728	7291
sample	rich	stardict	raw	prefix	729	2125
sample	rich	stardict	raw	prefix	730	141291
sample	rich	stardict	raw	prefix	731	423334
sample	rich	stardict	raw	prefix	732	7083
sample	rich	stardict	raw	prefix	733	625
sample	rich	stardict	raw	prefix	734	142709
sample	rich	stardict	raw	prefix	735	150542
sample	rich	stardict	raw	prefix	736	3584
sample	rich	stardict	raw	prefix	737	1625
sample	rich	stardict	raw	prefix	738	142083
sample	rich	stardict	raw	prefix	739	140541
sample	rich	stardict	raw	prefix	740	3667
sample	rich	stardict	raw	prefix	741	500
sample	rich	stardict	raw	prefix	742	138083
sample	rich	stardict	raw	prefix	743	386542
sample	rich	stardict	raw	prefix	744	6666
sample	rich	stardict	raw	prefix	745	2459
sample	rich	stardict	raw	prefix	746	143250
sample	rich	stardict	raw	prefix	747	151625
sample	rich	stardict	raw	prefix	748	8250
sample	rich	stardict	raw	prefix	749	833
sample	rich	stardict	raw	prefix	750	140750
sample	rich	stardict	raw	prefix	751	139958
sample	rich	stardict	raw	prefix	752	4500
sample	rich	stardict	raw	prefix	753	1958
sample	rich	stardict	raw	prefix	754	140375
sample	rich	stardict	raw	prefix	755	142709
sample	rich	stardict	raw	prefix	756	2708
sample	rich	stardict	raw	prefix	757	500
sample	rich	stardict	raw	prefix	758	136334
sample	rich	stardict	raw	prefix	759	142541
sample	rich	stardict	raw	prefix	760	14458
sample	rich	stardict	raw	prefix	761	8042
sample	rich	stardict	raw	prefix	762	141458
sample	rich	stardict	raw	prefix	763	141666
sample	rich	stardict	raw	prefix	764	6375
sample	rich	stardict	raw	prefix	765	709
sample	rich	stardict	raw	prefix	766	142041
sample	rich	stardict	raw	prefix	767	252375
sample	rich	stardict	raw	prefix	768	4625
sample	rich	stardict	raw	prefix	769	2041
sample	rich	stardict	raw	prefix	770	141417
sample	rich	stardict	raw	prefix	771	140125
sample	rich	stardict	raw	prefix	772	6584
sample	rich	stardict	raw	prefix	773	584
sample	rich	stardict	raw	prefix	774	147541
sample	rich	stardict	raw	prefix	775	148542
sample	rich	stardict	raw	prefix	776	13666
sample	rich	stardict	raw	prefix	777	3583
sample	rich	stardict	raw	prefix	778	365166
sample	rich	stardict	raw	prefix	779	146917
sample	rich	stardict	raw	prefix	780	5250
sample	rich	stardict	raw	prefix	781	500
sample	rich	stardict	raw	prefix	782	140875
sample	rich	stardict	raw	prefix	783	147083
sample	rich	stardict	raw	prefix	784	7166
sample	rich	stardict	raw	prefix	785	2667
sample	rich	stardict	raw	prefix	786	144208
sample	rich	stardict	raw	prefix	787	141917
sample	rich	stardict	raw	prefix	788	7500
sample	rich	stardict	raw	prefix	789	500
sample	rich	stardict	raw	prefix	790	142750
sample	rich	stardict	raw	prefix	791	150292
sample	rich	stardict	raw	prefix	792	9125
sample	rich	stardict	raw	prefix	793	2541
sample	rich	stardict	raw	prefix	794	179250
sample	rich	stardict	raw	prefix	795	142917
sample	rich	stardict	raw	prefix	796	14042
sample	rich	stardict	raw	prefix	797	1250
sample	rich	stardict	raw	prefix	798	143750
sample	rich	stardict	raw	prefix	799	155041
sample	rich	stardict	raw	prefix	800	5375
sample	rich	stardict	raw	prefix	801	2291
sample	rich	stardict	raw	prefix	802	143750
sample	rich	stardict	raw	prefix	803	432042
sample	rich	stardict	raw	prefix	804	11041
sample	rich	stardict	raw	prefix	805	709
sample	rich	stardict	raw	prefix	806	145500
sample	rich	stardict	raw	prefix	807	142792
sample	rich	stardict	raw	prefix	808	15125
sample	rich	stardict	raw	prefix	809	3542
sample	rich	stardict	raw	prefix	810	145416
sample	rich	stardict	raw	prefix	811	144292
sample	rich	stardict	raw	prefix	812	2667
sample	rich	stardict	raw	prefix	813	5583
sample	rich	stardict	raw	prefix	814	459708
sample	rich	stardict	raw	prefix	815	153334
sample	rich	stardict	raw	prefix	816	7375
sample	rich	stardict	raw	prefix	817	2333
sample	rich	stardict	raw	prefix	818	144584
sample	rich	stardict	raw	prefix	819	146416
sample	rich	stardict	raw	prefix	820	2958
sample	rich	stardict	raw	prefix	821	6083
sample	rich	stardict	raw	prefix	822	395000
sample	rich	stardict	raw	prefix	823	150625
sample	rich	stardict	raw	prefix	824	3416
sample	rich	stardict	raw	prefix	825	1667
sample	rich	stardict	raw	prefix	826	142542
sample	rich	stardict	raw	prefix	827	152208
sample	rich	stardict	raw	prefix	828	17000
sample	rich	stardict	raw	prefix	829	4416
sample	rich	stardict	raw	prefix	830	147042
sample	rich	stardict	raw	prefix	831	407583
sample	rich	stardict	raw	prefix	832	7834
sample	rich	stardict	raw	prefix	833	1750
sample	rich	stardict	raw	prefix	834	148667
sample	rich	stardict	raw	prefix	835	146708
sample	rich	stardict	raw	prefix	836	2792
sample	rich	stardict	raw	prefix	837	542
sample	rich	stardict	raw	prefix	838	142167
sample	rich	stardict	raw	prefix	839	154917
sample	rich	stardict	raw	prefix	840	5792
sample	rich	stardict	raw	prefix	841	1833
sample	rich	stardict	raw	prefix	842	143209
sample	rich	stardict	raw	prefix	843	272208
sample	rich	stardict	raw	prefix	844	7625
sample	rich	stardict	raw	prefix	845	625
sample	rich	stardict	raw	prefix	846	142125
sample	rich	stardict	raw	prefix	847	145792
sample	rich	stardict	raw	prefix	848	9875
sample	rich	stardict	raw	prefix	849	2083
sample	rich	stardict	raw	prefix	850	143666
sample	rich	stardict	raw	prefix	851	152750
sample	rich	stardict	raw	prefix	852	7750
sample	rich	stardict	raw	prefix	853	958
sample	rich	stardict	raw	prefix	854	147583
sample	rich	stardict	raw	prefix	855	151334
sample	rich	stardict	raw	prefix	856	8209
sample	rich	stardict	raw	prefix	857	7250
sample	rich	stardict	raw	prefix	858	162833
sample	rich	stardict	raw	prefix	859	147083
sample	rich	stardict	raw	prefix	860	6292
sample	rich	stardict	raw	prefix	861	625
sample	rich	stardict	raw	prefix	862	137791
sample	rich	stardict	raw	prefix	863	150875
sample	rich	stardict	raw	prefix	864	10833
sample	rich	stardict	raw	prefix	865	2708
sample	rich	stardict	raw	prefix	866	142666
sample	rich	stardict	raw	prefix	867	159541
sample	rich	stardict	raw	prefix	868	33083
sample	rich	stardict	raw	prefix	869	5792
sample	rich	stardict	raw	prefix	870	378792
sample	rich	stardict	raw	prefix	871	163833
sample	rich	stardict	raw	prefix	872	4041
sample	rich	stardict	raw	prefix	873	2125
sample	rich	stardict	raw	prefix	874	141625
sample	rich	stardict	raw	prefix	875	144125
sample	rich	stardict	raw	prefix	876	7250
sample	rich	stardict	raw	prefix	877	750
sample	rich	stardict	raw	prefix	878	298916
sample	rich	stardict	raw	prefix	879	151708
sample	rich	stardict	raw	prefix	880	6541
sample	rich	stardict	raw	prefix	881	1958
sample	rich	stardict	raw	prefix	882	144083
sample	rich	stardict	raw	prefix	883	148916
sample	rich	stardict	raw	prefix	884	5125
sample	rich	stardict	raw	prefix	885	583
sample	rich	stardict	raw	prefix	886	141541
sample	rich	stardict	raw	prefix	887	141000
sample	rich	stardict	raw	prefix	888	2625
sample	rich	stardict	raw	prefix	889	1166
sample	rich	stardict	raw	prefix	890	138292
sample	rich	stardict	raw	prefix	891	140958
sample	rich	stardict	raw	prefix	892	2375
sample	rich	stardict	raw	prefix	893	459
sample	rich	stardict	raw	prefix	894	138666
sample	rich	stardict	raw	prefix	895	152875
sample	rich	stardict	raw	prefix	896	2750
sample	rich	stardict	raw	prefix	897	2291
sample	rich	stardict	raw	prefix	898	142292
sample	rich	stardict	raw	prefix	899	149083
sample	rich	stardict	raw	prefix	900	12250
sample	rich	stardict	raw	prefix	901	1166
sample	rich	stardict	raw	prefix	902	171875
sample	rich	stardict	raw	prefix	903	148042
sample	rich	stardict	raw	prefix	904	2292
sample	rich	stardict	raw	prefix	905	1500
sample	rich	stardict	raw	prefix	906	136208
sample	rich	stardict	raw	prefix	907	143375
sample	rich	stardict	raw	prefix	908	2667
sample	rich	stardict	raw	prefix	909	542
sample	rich	stardict	raw	prefix	910	137959
sample	rich	stardict	raw	prefix	911	152042
sample	rich	stardict	raw	prefix	912	11125
sample	rich	stardict	raw	prefix	913	2875
sample	rich	stardict	raw	prefix	914	144500
sample	rich	stardict	raw	prefix	915	160041
sample	rich	stardict	raw	prefix	916	5833
sample	rich	stardict	raw	prefix	917	583
sample	rich	stardict	raw	prefix	918	141834
sample	rich	stardict	raw	prefix	919	151667
sample	rich	stardict	raw	prefix	920	3041
sample	rich	stardict	raw	prefix	921	1833
sample	rich	stardict	raw	prefix	922	140250
sample	rich	stardict	raw	prefix	923	148458
sample	rich	stardict	raw	prefix	924	8000
sample	rich	stardict	raw	prefix	925	750
sample	rich	stardict	raw	prefix	926	142000
sample	rich	stardict	raw	prefix	927	148833
sample	rich	stardict	raw	prefix	928	2833
sample	rich	stardict	raw	prefix	929	1709
sample	rich	stardict	raw	prefix	930	141916
sample	rich	stardict	raw	prefix	931	141250
sample	rich	stardict	raw	prefix	932	2459
sample	rich	stardict	raw	prefix	933	542
sample	rich	stardict	raw	prefix	934	139750
sample	rich	stardict	raw	prefix	935	146375
sample	rich	stardict	raw	prefix	936	3375
sample	rich	stardict	raw	prefix	937	1750
sample	rich	stardict	raw	prefix	938	144292
sample	rich	stardict	raw	prefix	939	149625
sample	rich	stardict	raw	prefix	940	3166
sample	rich	stardict	raw	prefix	941	625
sample	rich	stardict	raw	prefix	942	136875
sample	rich	stardict	raw	prefix	943	151625
sample	rich	stardict	raw	prefix	944	8292
sample	rich	stardict	raw	prefix	945	2458
sample	rich	stardict	raw	prefix	946	297833
sample	rich	stardict	raw	prefix	947	156959
sample	rich	stardict	raw	prefix	948	2709
sample	rich	stardict	raw	prefix	949	708
sample	rich	stardict	raw	prefix	950	142375
sample	rich	stardict	raw	prefix	951	151584
sample	rich	stardict	raw	prefix	952	3416
sample	rich	stardict	raw	prefix	953	1291
sample	rich	stardict	raw	prefix	954	165125
sample	rich	stardict	raw	prefix	955	149292
sample	rich	stardict	raw	prefix	956	2833
sample	rich	stardict	raw	prefix	957	542
sample	rich	stardict	raw	prefix	958	138125
sample	rich	stardict	raw	prefix	959	147750
sample	rich	stardict	raw	prefix	960	3084
sample	rich	stardict	raw	prefix	961	1750
sample	rich	stardict	raw	prefix	962	138708
sample	rich	stardict	raw	prefix	963	148709
sample	rich	stardict	raw	prefix	964	3000
sample	rich	stardict	raw	prefix	965	541
sample	rich	stardict	raw	prefix	966	140292
sample	rich	stardict	raw	prefix	967	317042
sample	rich	stardict	raw	prefix	968	4167
sample	rich	stardict	raw	prefix	969	1625
sample	rich	stardict	raw	prefix	970	139666
sample	rich	stardict	raw	prefix	971	145000
sample	rich	stardict	raw	prefix	972	3042
sample	rich	stardict	raw	prefix	973	667
sample	rich	stardict	raw	prefix	974	138625
sample	rich	stardict	raw	prefix	975	144792
sample	rich	stardict	raw	prefix	976	15875
sample	rich	stardict	raw	prefix	977	5458
sample	rich	stardict	raw	prefix	978	366917
sample	rich	stardict	raw	prefix	979	150417
sample	rich	stardict	raw	prefix	980	7125
sample	rich	stardict	raw	prefix	981	666
sample	rich	stardict	raw	prefix	982	140292
sample	rich	stardict	raw	prefix	983	446333
sample	rich	stardict	raw	prefix	984	6083
sample	rich	stardict	raw	prefix	985	2125
sample	rich	stardict	raw	prefix	986	139792
sample	rich	stardict	raw	prefix	987	146959
sample	rich	stardict	raw	prefix	988	7416
sample	rich	stardict	raw	prefix	989	708
sample	rich	stardict	raw	prefix	990	222709
sample	rich	stardict	raw	prefix	991	141209
sample	rich	stardict	raw	prefix	992	11792
sample	rich	stardict	raw	prefix	993	4917
sample	rich	stardict	raw	prefix	994	383708
sample	rich	stardict	raw	prefix	995	145625
sample	rich	stardict	raw	prefix	996	2958
sample	rich	stardict	raw	prefix	997	5625
sample	rich	stardict	raw	prefix	998	411958
sample	rich	stardict	raw	prefix	999	151958
sample	rich	stardict	raw	render	0	4042
sample	rich	stardict	raw	render	1	958
sample	rich	stardict	raw	render	2	1084
sample	rich	stardict	raw	render	3	1042
sample	rich	stardict	raw	render	4	1000
sample	rich	stardict	raw	render	5	916
sample	rich	stardict	raw	render	6	750
sample	rich	stardict	raw	render	7	750
sample	rich	stardict	raw	render	8	875
sample	rich	stardict	raw	render	9	1042
sample	rich	stardict	raw	render	10	958
sample	rich	stardict	raw	render	11	958
sample	rich	stardict	raw	render	12	834
sample	rich	stardict	raw	render	13	875
sample	rich	stardict	raw	render	14	875
sample	rich	stardict	raw	render	15	375
sample	rich	stardict	raw	render	16	375
sample	rich	stardict	raw	render	17	417
sample	rich	stardict	raw	render	18	375
sample	rich	stardict	raw	render	19	417
sample	rich	stardict	raw	render	20	375
sample	rich	stardict	raw	render	21	583
sample	rich	stardict	raw	render	22	417
sample	rich	stardict	raw	render	23	334
sample	rich	stardict	raw	render	24	625
sample	rich	stardict	raw	render	25	292
sample	rich	stardict	raw	render	26	417
sample	rich	stardict	raw	render	27	209
sample	rich	stardict	raw	render	28	417
sample	rich	stardict	raw	render	29	416
sample	rich	stardict	raw	render	30	375
sample	rich	stardict	raw	render	31	666
sample	rich	stardict	raw	render	32	375
sample	rich	stardict	raw	render	33	541
sample	rich	stardict	raw	render	34	291
sample	rich	stardict	raw	render	35	542
sample	rich	stardict	raw	render	36	250
sample	rich	stardict	raw	render	37	333
sample	rich	stardict	raw	render	38	292
sample	rich	stardict	raw	render	39	292
sample	rich	stardict	raw	render	40	416
sample	rich	stardict	raw	render	41	292
sample	rich	stardict	raw	render	42	291
sample	rich	stardict	raw	render	43	416
sample	rich	stardict	raw	render	44	375
sample	rich	stardict	raw	render	45	500
sample	rich	stardict	raw	render	46	333
sample	rich	stardict	raw	render	47	209
sample	rich	stardict	raw	render	48	375
sample	rich	stardict	raw	render	49	375
sample	rich	stardict	raw	render	50	375
sample	rich	stardict	raw	render	51	209
sample	rich	stardict	raw	render	52	583
sample	rich	stardict	raw	render	53	208
sample	rich	stardict	raw	render	54	209
sample	rich	stardict	raw	render	55	250
sample	rich	stardict	raw	render	56	375
sample	rich	stardict	raw	render	57	292
sample	rich	stardict	raw	render	58	291
sample	rich	stardict	raw	render	59	334
sample	rich	stardict	raw	render	60	333
sample	rich	stardict	raw	render	61	416
sample	rich	stardict	raw	render	62	292
sample	rich	stardict	raw	render	63	292
sample	rich	stardict	raw	render	64	667
sample	rich	stardict	raw	render	65	375
sample	rich	stardict	raw	render	66	208
sample	rich	stardict	raw	render	67	250
sample	rich	stardict	raw	render	68	334
sample	rich	stardict	raw	render	69	292
sample	rich	stardict	raw	render	70	417
sample	rich	stardict	raw	render	71	292
sample	rich	stardict	raw	render	72	375
sample	rich	stardict	raw	render	73	333
sample	rich	stardict	raw	render	74	500
sample	rich	stardict	raw	render	75	459
sample	rich	stardict	raw	render	76	334
sample	rich	stardict	raw	render	77	292
sample	rich	stardict	raw	render	78	291
sample	rich	stardict	raw	render	79	417
sample	rich	stardict	raw	render	80	292
sample	rich	stardict	raw	render	81	459
sample	rich	stardict	raw	render	82	333
sample	rich	stardict	raw	render	83	500
sample	rich	stardict	raw	render	84	333
sample	rich	stardict	raw	render	85	208
sample	rich	stardict	raw	render	86	208
sample	rich	stardict	raw	render	87	167
sample	rich	stardict	raw	render	88	250
sample	rich	stardict	raw	render	89	334
sample	rich	stardict	raw	render	90	250
sample	rich	stardict	raw	render	91	500
sample	rich	stardict	raw	render	92	209
sample	rich	stardict	raw	render	93	500
sample	rich	stardict	raw	render	94	375
sample	rich	stardict	raw	render	95	333
sample	rich	stardict	raw	render	96	208
sample	rich	stardict	raw	render	97	416
sample	rich	stardict	raw	render	98	291
sample	rich	stardict	raw	render	99	292
sample	rich	stardict	raw	render	100	500
sample	rich	stardict	raw	render	101	208
sample	rich	stardict	raw	render	102	417
sample	rich	stardict	raw	render	103	209
sample	rich	stardict	raw	render	104	500
sample	rich	stardict	raw	render	105	417
sample	rich	stardict	raw	render	106	292
sample	rich	stardict	raw	render	107	334
sample	rich	stardict	raw	render	108	208
sample	rich	stardict	raw	render	109	208
sample	rich	stardict	raw	render	110	333
sample	rich	stardict	raw	render	111	208
sample	rich	stardict	raw	render	112	208
sample	rich	stardict	raw	render	113	291
sample	rich	stardict	raw	render	114	167
sample	rich	stardict	raw	render	115	375
sample	rich	stardict	raw	render	116	209
sample	rich	stardict	raw	render	117	292
sample	rich	stardict	raw	render	118	458
sample	rich	stardict	raw	render	119	375
sample	rich	stardict	raw	render	120	208
sample	rich	stardict	raw	render	121	333
sample	rich	stardict	raw	render	122	209
sample	rich	stardict	raw	render	123	208
sample	rich	stardict	raw	render	124	292
sample	rich	stardict	raw	render	125	334
sample	rich	stardict	raw	render	126	542
sample	rich	stardict	raw	render	127	292
sample	rich	stardict	raw	render	128	208
sample	rich	stardict	raw	render	129	167
sample	rich	stardict	raw	render	130	250
sample	rich	stardict	raw	render	131	208
sample	rich	stardict	raw	render	132	292
sample	rich	stardict	raw	render	133	291
sample	rich	stardict	raw	render	134	208
sample	rich	stardict	raw	render	135	208
sample	rich	stardict	raw	render	136	208
sample	rich	stardict	raw	render	137	209
sample	rich	stardict	raw	render	138	209
sample	rich	stardict	raw	render	139	208
sample	rich	stardict	raw	render	140	208
sample	rich	stardict	raw	render	141	209
sample	rich	stardict	raw	render	142	208
sample	rich	stardict	raw	render	143	209
sample	rich	stardict	raw	render	144	208
sample	rich	stardict	raw	render	145	333
sample	rich	stardict	raw	render	146	208
sample	rich	stardict	raw	render	147	167
sample	rich	stardict	raw	render	148	208
sample	rich	stardict	raw	render	149	208
sample	rich	stardict	raw	render	150	250
sample	rich	stardict	raw	render	151	208
sample	rich	stardict	raw	render	152	208
sample	rich	stardict	raw	render	153	208
sample	rich	stardict	raw	render	154	208
sample	rich	stardict	raw	render	155	291
sample	rich	stardict	raw	render	156	375
sample	rich	stardict	raw	render	157	292
sample	rich	stardict	raw	render	158	167
sample	rich	stardict	raw	render	159	417
sample	rich	stardict	raw	render	160	333
sample	rich	stardict	raw	render	161	333
sample	rich	stardict	raw	render	162	166
sample	rich	stardict	raw	render	163	333
sample	rich	stardict	raw	render	164	292
sample	rich	stardict	raw	render	165	250
sample	rich	stardict	raw	render	166	208
sample	rich	stardict	raw	render	167	208
sample	rich	stardict	raw	render	168	208
sample	rich	stardict	raw	render	169	292
sample	rich	stardict	raw	render	170	375
sample	rich	stardict	raw	render	171	208
sample	rich	stardict	raw	render	172	417
sample	rich	stardict	raw	render	173	333
sample	rich	stardict	raw	render	174	250
sample	rich	stardict	raw	render	175	250
sample	rich	stardict	raw	render	176	333
sample	rich	stardict	raw	render	177	333
sample	rich	stardict	raw	render	178	208
sample	rich	stardict	raw	render	179	209
sample	rich	stardict	raw	render	180	541
sample	rich	stardict	raw	render	181	334
sample	rich	stardict	raw	render	182	208
sample	rich	stardict	raw	render	183	208
sample	rich	stardict	raw	render	184	167
sample	rich	stardict	raw	render	185	208
sample	rich	stardict	raw	render	186	333
sample	rich	stardict	raw	render	187	291
sample	rich	stardict	raw	render	188	292
sample	rich	stardict	raw	render	189	208
sample	rich	stardict	raw	render	190	291
sample	rich	stardict	raw	render	191	208
sample	rich	stardict	raw	render	192	208
sample	rich	stardict	raw	render	193	375
sample	rich	stardict	raw	render	194	208
sample	rich	stardict	raw	render	195	417
sample	rich	stardict	raw	render	196	250
sample	rich	stardict	raw	render	197	250
sample	rich	stardict	raw	render	198	291
sample	rich	stardict	raw	render	199	292
sample	rich	stardict	raw	render	200	209
sample	rich	stardict	raw	render	201	208
sample	rich	stardict	raw	render	202	166
sample	rich	stardict	raw	render	203	250
sample	rich	stardict	raw	render	204	208
sample	rich	stardict	raw	render	205	292
sample	rich	stardict	raw	render	206	208
sample	rich	stardict	raw	render	207	208
sample	rich	stardict	raw	render	208	209
sample	rich	stardict	raw	render	209	375
sample	rich	stardict	raw	render	210	208
sample	rich	stardict	raw	render	211	208
sample	rich	stardict	raw	render	212	333
sample	rich	stardict	raw	render	213	167
sample	rich	stardict	raw	render	214	334
sample	rich	stardict	raw	render	215	166
sample	rich	stardict	raw	render	216	250
sample	rich	stardict	raw	render	217	333
sample	rich	stardict	raw	render	218	334
sample	rich	stardict	raw	render	219	208
sample	rich	stardict	raw	render	220	292
sample	rich	stardict	raw	render	221	292
sample	rich	stardict	raw	render	222	375
sample	rich	stardict	raw	render	223	208
sample	rich	stardict	raw	render	224	291
sample	rich	stardict	raw	render	225	375
sample	rich	stardict	raw	render	226	333
sample	rich	stardict	raw	render	227	209
sample	rich	stardict	raw	render	228	209
sample	rich	stardict	raw	render	229	209
sample	rich	stardict	raw	render	230	375
sample	rich	stardict	raw	render	231	167
sample	rich	stardict	raw	render	232	292
sample	rich	stardict	raw	render	233	292
sample	rich	stardict	raw	render	234	375
sample	rich	stardict	raw	render	235	375
sample	rich	stardict	raw	render	236	209
sample	rich	stardict	raw	render	237	208
sample	rich	stardict	raw	render	238	375
sample	rich	stardict	raw	render	239	291
sample	rich	stardict	raw	render	240	208
sample	rich	stardict	raw	render	241	500
sample	rich	stardict	raw	render	242	291
sample	rich	stardict	raw	render	243	417
sample	rich	stardict	raw	render	244	291
sample	rich	stardict	raw	render	245	334
sample	rich	stardict	raw	render	246	333
sample	rich	stardict	raw	render	247	292
sample	rich	stardict	raw	render	248	542
sample	rich	stardict	raw	render	249	292
sample	rich	stardict	raw	render	250	416
sample	rich	stardict	raw	render	251	292
sample	rich	stardict	raw	render	252	375
sample	rich	stardict	raw	render	253	375
sample	rich	stardict	raw	render	254	375
sample	rich	stardict	raw	render	255	375
sample	rich	stardict	raw	render	256	250
sample	rich	stardict	raw	render	257	375
sample	rich	stardict	raw	render	258	417
sample	rich	stardict	raw	render	259	375
sample	rich	stardict	raw	render	260	208
sample	rich	stardict	raw	render	261	333
sample	rich	stardict	raw	render	262	292
sample	rich	stardict	raw	render	263	208
sample	rich	stardict	raw	render	264	375
sample	rich	stardict	raw	render	265	12750
sample	rich	stardict	raw	render	266	4584
sample	rich	stardict	raw	render	267	2167
sample	rich	stardict	raw	render	268	1084
sample	rich	stardict	raw	render	269	916
sample	rich	stardict	raw	render	270	1167
sample	rich	stardict	raw	render	271	1291
sample	rich	stardict	raw	render	272	1000
sample	rich	stardict	raw	render	273	916
sample	rich	stardict	raw	render	274	1000
sample	rich	stardict	raw	render	275	1125
sample	rich	stardict	raw	render	276	3166
sample	rich	stardict	raw	render	277	1458
sample	rich	stardict	raw	render	278	1166
sample	rich	stardict	raw	render	279	1041
sample	rich	stardict	raw	render	280	959
sample	rich	stardict	raw	render	281	1042
sample	rich	stardict	raw	render	282	1000
sample	rich	stardict	raw	render	283	875
sample	rich	stardict	raw	render	284	1250
sample	rich	stardict	raw	render	285	1833
sample	rich	stardict	raw	render	286	1000
sample	rich	stardict	raw	render	287	1000
sample	rich	stardict	raw	render	288	3875
sample	rich	stardict	raw	render	289	1458
sample	rich	stardict	raw	render	290	1167
sample	rich	stardict	raw	render	291	959
sample	rich	stardict	raw	render	292	1000
sample	rich	stardict	raw	render	293	1041
sample	rich	stardict	raw	render	294	917
sample	rich	stardict	raw	render	295	1084
sample	rich	stardict	raw	render	296	959
sample	rich	stardict	raw	render	297	1000
sample	rich	stardict	raw	render	298	1292
sample	rich	stardict	raw	render	299	3500
sample	rich	stardict	raw	render	300	1083
sample	rich	stardict	raw	render	301	1083
sample	rich	stardict	raw	render	302	1125
sample	rich	stardict	raw	render	303	917
sample	rich	stardict	raw	render	304	2500
sample	rich	stardict	raw	render	305	1292
sample	rich	stardict	raw	render	306	1084
sample	rich	stardict	raw	render	307	1000
sample	rich	stardict	raw	render	308	2875
sample	rich	stardict	raw	render	309	2666
sample	rich	stardict	raw	render	310	875
sample	rich	stardict	raw	render	311	583
sample	rich	stardict	raw	render	312	750
sample	rich	stardict	raw	render	313	667
sample	rich	stardict	raw	render	314	625
sample	rich	stardict	raw	render	315	2292
sample	rich	stardict	raw	render	316	1167
sample	rich	stardict	raw	render	317	1167
sample	rich	stardict	raw	render	318	1166
sample	rich	stardict	raw	render	319	1125
sample	rich	stardict	raw	render	320	2125
sample	rich	stardict	raw	render	321	1250
sample	rich	stardict	raw	render	322	2792
sample	rich	stardict	raw	render	323	709
sample	rich	stardict	raw	render	324	667
sample	rich	stardict	raw	render	325	541
sample	rich	stardict	raw	render	326	542
sample	rich	stardict	raw	render	327	541
sample	rich	stardict	raw	render	328	625
sample	rich	stardict	raw	render	329	584
sample	rich	stardict	raw	render	330	625
sample	rich	stardict	raw	render	331	791
sample	rich	stardict	raw	render	332	708
sample	rich	stardict	raw	render	333	541
sample	rich	stardict	raw	render	334	750
sample	rich	stardict	raw	render	335	666
sample	rich	stardict	raw	render	336	500
sample	rich	stardict	raw	render	337	542
sample	rich	stardict	raw	render	338	208
sample	rich	stardict	raw	render	339	292
sample	rich	stardict	raw	render	340	250
sample	rich	stardict	raw	render	341	500
sample	rich	stardict	raw	render	342	458
sample	rich	stardict	raw	render	343	250
sample	rich	stardict	raw	render	344	541
sample	rich	stardict	raw	render	345	541
sample	rich	stardict	raw	render	346	709
sample	rich	stardict	raw	render	347	208
sample	rich	stardict	raw	render	348	250
sample	rich	stardict	raw	render	349	375
sample	rich	stardict	raw	render	350	375
sample	rich	stardict	raw	render	351	208
sample	rich	stardict	raw	render	352	1083
sample	rich	stardict	raw	render	353	1166
sample	rich	stardict	raw	render	354	459
sample	rich	stardict	raw	render	355	500
sample	rich	stardict	raw	render	356	292
sample	rich	stardict	raw	render	357	334
sample	rich	stardict	raw	render	358	208
sample	rich	stardict	raw	render	359	167
sample	rich	stardict	raw	render	360	417
sample	rich	stardict	raw	render	361	250
sample	rich	stardict	raw	render	362	1458
sample	rich	stardict	raw	render	363	375
sample	rich	stardict	raw	render	364	416
sample	rich	stardict	raw	render	365	334
sample	rich	stardict	raw	render	366	250
sample	rich	stardict	raw	render	367	292
sample	rich	stardict	raw	render	368	417
sample	rich	stardict	raw	render	369	333
sample	rich	stardict	raw	render	370	292
sample	rich	stardict	raw	render	371	208
sample	rich	stardict	raw	render	372	583
sample	rich	stardict	raw	render	373	541
sample	rich	stardict	raw	render	374	333
sample	rich	stardict	raw	render	375	333
sample	rich	stardict	raw	render	376	250
sample	rich	stardict	raw	render	377	208
sample	rich	stardict	raw	render	378	333
sample	rich	stardict	raw	render	379	209
sample	rich	stardict	raw	render	380	334
sample	rich	stardict	raw	render	381	292
sample	rich	stardict	raw	render	382	417
sample	rich	stardict	raw	render	383	250
sample	rich	stardict	raw	render	384	375
sample	rich	stardict	raw	render	385	292
sample	rich	stardict	raw	render	386	291
sample	rich	stardict	raw	render	387	209
sample	rich	stardict	raw	render	388	250
sample	rich	stardict	raw	render	389	417
sample	rich	stardict	raw	render	390	250
sample	rich	stardict	raw	render	391	208
sample	rich	stardict	raw	render	392	250
sample	rich	stardict	raw	render	393	334
sample	rich	stardict	raw	render	394	375
sample	rich	stardict	raw	render	395	208
sample	rich	stardict	raw	render	396	375
sample	rich	stardict	raw	render	397	334
sample	rich	stardict	raw	render	398	209
sample	rich	stardict	raw	render	399	375
sample	rich	stardict	raw	render	400	209
sample	rich	stardict	raw	render	401	292
sample	rich	stardict	raw	render	402	208
sample	rich	stardict	raw	render	403	167
sample	rich	stardict	raw	render	404	250
sample	rich	stardict	raw	render	405	208
sample	rich	stardict	raw	render	406	458
sample	rich	stardict	raw	render	407	291
sample	rich	stardict	raw	render	408	291
sample	rich	stardict	raw	render	409	292
sample	rich	stardict	raw	render	410	209
sample	rich	stardict	raw	render	411	166
sample	rich	stardict	raw	render	412	209
sample	rich	stardict	raw	render	413	208
sample	rich	stardict	raw	render	414	4583
sample	rich	stardict	raw	render	415	916
sample	rich	stardict	raw	render	416	833
sample	rich	stardict	raw	render	417	875
sample	rich	stardict	raw	render	418	875
sample	rich	stardict	raw	render	419	917
sample	rich	stardict	raw	render	420	958
sample	rich	stardict	raw	render	421	1042
sample	rich	stardict	raw	render	422	1083
sample	rich	stardict	raw	render	423	750
sample	rich	stardict	raw	render	424	541
sample	rich	stardict	raw	render	425	542
sample	rich	stardict	raw	render	426	417
sample	rich	stardict	raw	render	427	333
sample	rich	stardict	raw	render	428	708
sample	rich	stardict	raw	render	429	500
sample	rich	stardict	raw	render	430	583
sample	rich	stardict	raw	render	431	375
sample	rich	stardict	raw	render	432	625
sample	rich	stardict	raw	render	433	542
sample	rich	stardict	raw	render	434	667
sample	rich	stardict	raw	render	435	584
sample	rich	stardict	raw	render	436	750
sample	rich	stardict	raw	render	437	416
sample	rich	stardict	raw	render	438	417
sample	rich	stardict	raw	render	439	375
sample	rich	stardict	raw	render	440	375
sample	rich	stardict	raw	render	441	375
sample	rich	stardict	raw	render	442	250
sample	rich	stardict	raw	render	443	500
sample	rich	stardict	raw	render	444	458
sample	rich	stardict	raw	render	445	375
sample	rich	stardict	raw	render	446	333
sample	rich	stardict	raw	render	447	375
sample	rich	stardict	raw	render	448	458
sample	rich	stardict	raw	render	449	292
sample	rich	stardict	raw	render	450	333
sample	rich	stardict	raw	render	451	333
sample	rich	stardict	raw	render	452	416
sample	rich	stardict	raw	render	453	334
sample	rich	stardict	raw	render	454	375
sample	rich	stardict	raw	render	455	541
sample	rich	stardict	raw	render	456	333
sample	rich	stardict	raw	render	457	208
sample	rich	stardict	raw	render	458	291
sample	rich	stardict	raw	render	459	208
sample	rich	stardict	raw	render	460	417
sample	rich	stardict	raw	render	461	250
sample	rich	stardict	raw	render	462	292
sample	rich	stardict	raw	render	463	209
sample	rich	stardict	raw	render	464	500
sample	rich	stardict	raw	render	465	459
sample	rich	stardict	raw	render	466	417
sample	rich	stardict	raw	render	467	417
sample	rich	stardict	raw	render	468	208
sample	rich	stardict	raw	render	469	291
sample	rich	stardict	raw	render	470	500
sample	rich	stardict	raw	render	471	416
sample	rich	stardict	raw	render	472	584
sample	rich	stardict	raw	render	473	417
sample	rich	stardict	raw	render	474	208
sample	rich	stardict	raw	render	475	208
sample	rich	stardict	raw	render	476	416
sample	rich	stardict	raw	render	477	291
sample	rich	stardict	raw	render	478	459
sample	rich	stardict	raw	render	479	292
sample	rich	stardict	raw	render	480	292
sample	rich	stardict	raw	render	481	292
sample	rich	stardict	raw	render	482	250
sample	rich	stardict	raw	render	483	458
sample	rich	stardict	raw	render	484	375
sample	rich	stardict	raw	render	485	250
sample	rich	stardict	raw	render	486	333
sample	rich	stardict	raw	render	487	250
sample	rich	stardict	raw	render	488	334
sample	rich	stardict	raw	render	489	334
sample	rich	stardict	raw	render	490	292
sample	rich	stardict	raw	render	491	375
sample	rich	stardict	raw	render	492	333
sample	rich	stardict	raw	render	493	500
sample	rich	stardict	raw	render	494	333
sample	rich	stardict	raw	render	495	458
sample	rich	stardict	raw	render	496	292
sample	rich	stardict	raw	render	497	416
sample	rich	stardict	raw	render	498	292
sample	rich	stardict	raw	render	499	292
sample	rich	stardict	raw	render	500	333
sample	rich	stardict	raw	render	501	417
sample	rich	stardict	raw	render	502	250
sample	rich	stardict	raw	render	503	541
sample	rich	stardict	raw	render	504	375
sample	rich	stardict	raw	render	505	208
sample	rich	stardict	raw	render	506	292
sample	rich	stardict	raw	render	507	541
sample	rich	stardict	raw	render	508	458
sample	rich	stardict	raw	render	509	208
sample	rich	stardict	raw	render	510	208
sample	rich	stardict	raw	render	511	333
sample	rich	stardict	raw	render	512	250
sample	rich	stardict	raw	render	513	417
sample	rich	stardict	raw	render	514	375
sample	rich	stardict	raw	render	515	458
sample	rich	stardict	raw	render	516	375
sample	rich	stardict	raw	render	517	375
sample	rich	stardict	raw	render	518	209
sample	rich	stardict	raw	render	519	209
sample	rich	stardict	raw	render	520	375
sample	rich	stardict	raw	render	521	250
sample	rich	stardict	raw	render	522	583
sample	rich	stardict	raw	render	523	458
sample	rich	stardict	raw	render	524	500
sample	rich	stardict	raw	render	525	333
sample	rich	stardict	raw	render	526	625
sample	rich	stardict	raw	render	527	250
sample	rich	stardict	raw	render	528	625
sample	rich	stardict	raw	render	529	458
sample	rich	stardict	raw	render	530	541
sample	rich	stardict	raw	render	531	417
sample	rich	stardict	raw	render	532	541
sample	rich	stardict	raw	render	533	417
sample	rich	stardict	raw	render	534	334
sample	rich	stardict	raw	render	535	583
sample	rich	stardict	raw	render	536	708
sample	rich	stardict	raw	render	537	209
sample	rich	stardict	raw	render	538	500
sample	rich	stardict	raw	render	539	583
sample	rich	stardict	raw	render	540	333
sample	rich	stardict	raw	render	541	416
sample	rich	stardict	raw	render	542	416
sample	rich	stardict	raw	render	543	333
sample	rich	stardict	raw	render	544	708
sample	rich	stardict	raw	render	545	1417
sample	rich	stardict	raw	render	546	542
sample	rich	stardict	raw	render	547	375
sample	rich	stardict	raw	render	548	792
sample	rich	stardict	raw	render	549	459
sample	rich	stardict	raw	render	550	375
sample	rich	stardict	raw	render	551	291
sample	rich	stardict	raw	render	552	500
sample	rich	stardict	raw	render	553	375
sample	rich	stardict	raw	render	554	542
sample	rich	stardict	raw	render	555	250
sample	rich	stardict	raw	render	556	500
sample	rich	stardict	raw	render	557	458
sample	rich	stardict	raw	render	558	333
sample	rich	stardict	raw	render	559	500
sample	rich	stardict	raw	render	560	291
sample	rich	stardict	raw	render	561	625
sample	rich	stardict	raw	render	562	250
sample	rich	stardict	raw	render	563	292
sample	rich	stardict	raw	render	564	208
sample	rich	stardict	raw	render	565	334
sample	rich	stardict	raw	render	566	209
sample	rich	stardict	raw	render	567	500
sample	rich	stardict	raw	render	568	209
sample	rich	stardict	raw	render	569	209
sample	rich	stardict	raw	render	570	6208
sample	rich	stardict	raw	render	571	1167
sample	rich	stardict	raw	render	572	1167
sample	rich	stardict	raw	render	573	3791
sample	rich	stardict	raw	render	574	1125
sample	rich	stardict	raw	render	575	1708
sample	rich	stardict	raw	render	576	1167
sample	rich	stardict	raw	render	577	1500
sample	rich	stardict	raw	render	578	500
sample	rich	stardict	raw	render	579	583
sample	rich	stardict	raw	render	580	750
sample	rich	stardict	raw	render	581	625
sample	rich	stardict	raw	render	582	584
sample	rich	stardict	raw	render	583	666
sample	rich	stardict	raw	render	584	625
sample	rich	stardict	raw	render	585	500
sample	rich	stardict	raw	render	586	583
sample	rich	stardict	raw	render	587	542
sample	rich	stardict	raw	render	588	625
sample	rich	stardict	raw	render	589	500
sample	rich	stardict	raw	render	590	583
sample	rich	stardict	raw	render	591	541
sample	rich	stardict	raw	render	592	375
sample	rich	stardict	raw	render	593	417
sample	rich	stardict	raw	render	594	292
sample	rich	stardict	raw	render	595	417
sample	rich	stardict	raw	render	596	334
sample	rich	stardict	raw	render	597	166
sample	rich	stardict	raw	render	598	292
sample	rich	stardict	raw	render	599	334
sample	rich	stardict	raw	render	600	458
sample	rich	stardict	raw	render	601	416
sample	rich	stardict	raw	render	602	500
sample	rich	stardict	raw	render	603	209
sample	rich	stardict	raw	render	604	250
sample	rich	stardict	raw	render	605	375
sample	rich	stardict	raw	render	606	584
sample	rich	stardict	raw	render	607	209
sample	rich	stardict	raw	render	608	333
sample	rich	stardict	raw	render	609	291
sample	rich	stardict	raw	render	610	291
sample	rich	stardict	raw	render	611	291
sample	rich	stardict	raw	render	612	250
sample	rich	stardict	raw	render	613	333
sample	rich	stardict	raw	render	614	208
sample	rich	stardict	raw	render	615	416
sample	rich	stardict	raw	render	616	292
sample	rich	stardict	raw	render	617	250
sample	rich	stardict	raw	render	618	166
sample	rich	stardict	raw	render	619	292
sample	rich	stardict	raw	render	620	333
sample	rich	stardict	raw	render	621	250
sample	rich	stardict	raw	render	622	208
sample	rich	stardict	raw	render	623	209
sample	rich	stardict	raw	render	624	208
sample	rich	stardict	raw	render	625	208
sample	rich	stardict	raw	render	626	208
sample	rich	stardict	raw	render	627	167
sample	rich	stardict	raw	render	628	208
sample	rich	stardict	raw	render	629	292
sample	rich	stardict	raw	render	630	209
sample	rich	stardict	raw	render	631	250
sample	rich	stardict	raw	render	632	208
sample	rich	stardict	raw	render	633	167
sample	rich	stardict	raw	render	634	417
sample	rich	stardict	raw	render	635	291
sample	rich	stardict	raw	render	636	292
sample	rich	stardict	raw	render	637	375
sample	rich	stardict	raw	render	638	167
sample	rich	stardict	raw	render	639	209
sample	rich	stardict	raw	render	640	208
sample	rich	stardict	raw	render	641	208
sample	rich	stardict	raw	render	642	208
sample	rich	stardict	raw	render	643	292
sample	rich	stardict	raw	render	644	208
sample	rich	stardict	raw	render	645	292
sample	rich	stardict	raw	render	646	250
sample	rich	stardict	raw	render	647	209
sample	rich	stardict	raw	render	648	208
sample	rich	stardict	raw	render	649	291
sample	rich	stardict	raw	render	650	292
sample	rich	stardict	raw	render	651	375
sample	rich	stardict	raw	render	652	333
sample	rich	stardict	raw	render	653	459
sample	rich	stardict	raw	render	654	208
sample	rich	stardict	raw	render	655	167
sample	rich	stardict	raw	render	656	1291
sample	rich	stardict	raw	render	657	542
sample	rich	stardict	raw	render	658	708
sample	rich	stardict	raw	render	659	666
sample	rich	stardict	raw	render	660	334
sample	rich	stardict	raw	render	661	500
sample	rich	stardict	raw	render	662	333
sample	rich	stardict	raw	render	663	250
sample	rich	stardict	raw	render	664	458
sample	rich	stardict	raw	render	665	334
sample	rich	stardict	raw	render	666	375
sample	rich	stardict	raw	render	667	334
sample	rich	stardict	raw	render	668	542
sample	rich	stardict	raw	render	669	417
sample	rich	stardict	raw	render	670	541
sample	rich	stardict	raw	render	671	542
sample	rich	stardict	raw	render	672	542
sample	rich	stardict	raw	render	673	291
sample	rich	stardict	raw	render	674	291
sample	rich	stardict	raw	render	675	291
sample	rich	stardict	raw	render	676	250
sample	rich	stardict	raw	render	677	458
sample	rich	stardict	raw	render	678	208
sample	rich	stardict	raw	render	679	209
sample	rich	stardict	raw	render	680	458
sample	rich	stardict	raw	render	681	417
sample	rich	stardict	raw	render	682	292
sample	rich	stardict	raw	render	683	250
sample	rich	stardict	raw	render	684	166
sample	rich	stardict	raw	render	685	208
sample	rich	stardict	raw	render	686	333
sample	rich	stardict	raw	render	687	375
sample	rich	stardict	raw	render	688	375
sample	rich	stardict	raw	render	689	375
sample	rich	stardict	raw	render	690	208
sample	rich	stardict	raw	render	691	292
sample	rich	stardict	raw	render	692	292
sample	rich	stardict	raw	render	693	250
sample	rich	stardict	raw	render	694	375
sample	rich	stardict	raw	render	695	292
sample	rich	stardict	raw	render	696	666
sample	rich	stardict	raw	render	697	208
sample	rich	stardict	raw	render	698	459
sample	rich	stardict	raw	render	699	291
sample	rich	stardict	raw	render	700	417
sample	rich	stardict	raw	render	701	375
sample	rich	stardict	raw	render	702	292
sample	rich	stardict	raw	render	703	167
sample	rich	stardict	raw	render	704	250
sample	rich	stardict	raw	render	705	292
sample	rich	stardict	raw	render	706	250
sample	rich	stardict	raw	render	707	333
sample	rich	stardict	raw	render	708	209
sample	rich	stardict	raw	render	709	167
sample	rich	stardict	raw	render	710	208
sample	rich	stardict	raw	render	711	209
sample	rich	stardict	raw	render	712	292
sample	rich	stardict	raw	render	713	209
sample	rich	stardict	raw	render	714	375
sample	rich	stardict	raw	render	715	167
sample	rich	stardict	raw	render	716	292
sample	rich	stardict	raw	render	717	208
sample	rich	stardict	raw	render	718	250
sample	rich	stardict	raw	render	719	208
sample	rich	stardict	raw	render	720	167
sample	rich	stardict	raw	render	721	292
sample	rich	stardict	raw	render	722	208
sample	rich	stardict	raw	render	723	208
sample	rich	stardict	raw	render	724	250
sample	rich	stardict	raw	render	725	375
sample	rich	stardict	raw	render	726	208
sample	rich	stardict	raw	render	727	208
sample	rich	stardict	raw	render	728	292
sample	rich	stardict	raw	render	729	166
sample	rich	stardict	raw	render	730	208
sample	rich	stardict	raw	render	731	167
sample	rich	stardict	raw	render	732	250
sample	rich	stardict	raw	render	733	417
sample	rich	stardict	raw	render	734	292
sample	rich	stardict	raw	render	735	167
sample	rich	stardict	raw	render	736	209
sample	rich	stardict	raw	render	737	250
sample	rich	stardict	raw	render	738	458
sample	rich	stardict	raw	render	739	375
sample	rich	stardict	raw	render	740	292
sample	rich	stardict	raw	render	741	208
sample	rich	stardict	raw	render	742	334
sample	rich	stardict	raw	render	743	334
sample	rich	stardict	raw	render	744	375
sample	rich	stardict	raw	render	745	208
sample	rich	stardict	raw	render	746	208
sample	rich	stardict	raw	render	747	292
sample	rich	stardict	raw	render	748	334
sample	rich	stardict	raw	render	749	375
sample	rich	stardict	raw	render	750	167
sample	rich	stardict	raw	render	751	208
sample	rich	stardict	raw	render	752	209
sample	rich	stardict	raw	render	753	375
sample	rich	stardict	raw	render	754	208
sample	rich	stardict	raw	render	755	167
sample	rich	stardict	raw	render	756	167
sample	rich	stardict	raw	render	757	333
sample	rich	stardict	raw	render	758	208
sample	rich	stardict	raw	render	759	167
sample	rich	stardict	raw	render	760	333
sample	rich	stardict	raw	render	761	292
sample	rich	stardict	raw	render	762	250
sample	rich	stardict	raw	render	763	208
sample	rich	stardict	raw	render	764	333
sample	rich	stardict	raw	render	765	167
sample	rich	stardict	raw	render	766	209
sample	rich	stardict	raw	render	767	167
sample	rich	stardict	raw	render	768	208
sample	rich	stardict	raw	render	769	416
sample	rich	stardict	raw	render	770	208
sample	rich	stardict	raw	render	771	292
sample	rich	stardict	raw	render	772	208
sample	rich	stardict	raw	render	773	250
sample	rich	stardict	raw	render	774	208
sample	rich	stardict	raw	render	775	167
sample	rich	stardict	raw	render	776	208
sample	rich	stardict	raw	render	777	208
sample	rich	stardict	raw	render	778	250
sample	rich	stardict	raw	render	779	250
sample	rich	stardict	raw	render	780	209
sample	rich	stardict	raw	render	781	209
sample	rich	stardict	raw	render	782	209
sample	rich	stardict	raw	render	783	292
sample	rich	stardict	raw	render	784	167
sample	rich	stardict	raw	render	785	417
sample	rich	stardict	raw	render	786	209
sample	rich	stardict	raw	render	787	167
sample	rich	stardict	raw	render	788	208
sample	rich	stardict	raw	render	789	208
sample	rich	stardict	raw	render	790	167
sample	rich	stardict	raw	render	791	208
sample	rich	stardict	raw	render	792	417
sample	rich	stardict	raw	render	793	208
sample	rich	stardict	raw	render	794	208
sample	rich	stardict	raw	render	795	208
sample	rich	stardict	raw	render	796	209
sample	rich	stardict	raw	render	797	209
sample	rich	stardict	raw	render	798	208
sample	rich	stardict	raw	render	799	208
sample	rich	stardict	raw	render	800	208
sample	rich	stardict	raw	render	801	333
sample	rich	stardict	raw	render	802	208
sample	rich	stardict	raw	render	803	209
sample	rich	stardict	raw	render	804	166
sample	rich	stardict	raw	render	805	208
sample	rich	stardict	raw	render	806	208
sample	rich	stardict	raw	render	807	167
sample	rich	stardict	raw	render	808	209
sample	rich	stardict	raw	render	809	208
sample	rich	stardict	raw	render	810	208
sample	rich	stardict	raw	render	811	250
sample	rich	stardict	raw	render	812	208
sample	rich	stardict	raw	render	813	209
sample	rich	stardict	raw	render	814	208
sample	rich	stardict	raw	render	815	209
sample	rich	stardict	raw	render	816	208
sample	rich	stardict	raw	render	817	333
sample	rich	stardict	raw	render	818	167
sample	rich	stardict	raw	render	819	208
sample	rich	stardict	raw	render	820	250
sample	rich	stardict	raw	render	821	208
sample	rich	stardict	raw	render	822	209
sample	rich	stardict	raw	render	823	208
sample	rich	stardict	raw	render	824	209
sample	rich	stardict	raw	render	825	375
sample	rich	stardict	raw	render	826	208
sample	rich	stardict	raw	render	827	209
sample	rich	stardict	raw	render	828	208
sample	rich	stardict	raw	render	829	167
sample	rich	stardict	raw	render	830	250
sample	rich	stardict	raw	render	831	334
sample	rich	stardict	raw	render	832	208
sample	rich	stardict	raw	render	833	333
sample	rich	stardict	raw	render	834	292
sample	rich	stardict	raw	render	835	209
sample	rich	stardict	raw	render	836	291
sample	rich	stardict	raw	render	837	208
sample	rich	stardict	raw	render	838	334
sample	rich	stardict	raw	render	839	208
sample	rich	stardict	raw	render	840	250
sample	rich	stardict	raw	render	841	208
sample	rich	stardict	raw	render	842	208
sample	rich	stardict	raw	render	843	208
sample	rich	stardict	raw	render	844	417
sample	rich	stardict	raw	render	845	291
sample	rich	stardict	raw	render	846	292
sample	rich	stardict	raw	render	847	292
sample	rich	stardict	raw	render	848	250
sample	rich	stardict	raw	render	849	541
sample	rich	stardict	raw	render	850	208
sample	rich	stardict	raw	render	851	375
sample	rich	stardict	raw	render	852	208
sample	rich	stardict	raw	render	853	291
sample	rich	stardict	raw	render	854	375
sample	rich	stardict	raw	render	855	333
sample	rich	stardict	raw	render	856	417
sample	rich	stardict	raw	render	857	208
sample	rich	stardict	raw	render	858	209
sample	rich	stardict	raw	render	859	292
sample	rich	stardict	raw	render	860	333
sample	rich	stardict	raw	render	861	250
sample	rich	stardict	raw	render	862	334
sample	rich	stardict	raw	render	863	292
sample	rich	stardict	raw	render	864	209
sample	rich	stardict	raw	render	865	416
sample	rich	stardict	raw	render	866	209
sample	rich	stardict	raw	render	867	333
sample	rich	stardict	raw	render	868	208
sample	rich	stardict	raw	render	869	417
sample	rich	stardict	raw	render	870	291
sample	rich	stardict	raw	render	871	292
sample	rich	stardict	raw	render	872	6042
sample	rich	stardict	raw	render	873	1875
sample	rich	stardict	raw	render	874	1125
sample	rich	stardict	raw	render	875	1416
sample	rich	stardict	raw	render	876	625
sample	rich	stardict	raw	render	877	625
sample	rich	stardict	raw	render	878	541
sample	rich	stardict	raw	render	879	458
sample	rich	stardict	raw	render	880	458
sample	rich	stardict	raw	render	881	709
sample	rich	stardict	raw	render	882	625
sample	rich	stardict	raw	render	883	458
sample	rich	stardict	raw	render	884	375
sample	rich	stardict	raw	render	885	583
sample	rich	stardict	raw	render	886	666
sample	rich	stardict	raw	render	887	416
sample	rich	stardict	raw	render	888	541
sample	rich	stardict	raw	render	889	583
sample	rich	stardict	raw	render	890	458
sample	rich	stardict	raw	render	891	292
sample	rich	stardict	raw	render	892	334
sample	rich	stardict	raw	render	893	541
sample	rich	stardict	raw	render	894	625
sample	rich	stardict	raw	render	895	458
sample	rich	stardict	raw	render	896	375
sample	rich	stardict	raw	render	897	375
sample	rich	stardict	raw	render	898	250
sample	rich	stardict	raw	render	899	417
sample	rich	stardict	raw	render	900	375
sample	rich	stardict	raw	render	901	417
sample	rich	stardict	raw	render	902	417
sample	rich	stardict	raw	render	903	334
sample	rich	stardict	raw	render	904	583
sample	rich	stardict	raw	render	905	1208
sample	rich	stardict	raw	render	906	542
sample	rich	stardict	raw	render	907	500
sample	rich	stardict	raw	render	908	583
sample	rich	stardict	raw	render	909	625
sample	rich	stardict	raw	render	910	625
sample	rich	stardict	raw	render	911	334
sample	rich	stardict	raw	render	912	416
sample	rich	stardict	raw	render	913	583
sample	rich	stardict	raw	render	914	417
sample	rich	stardict	raw	render	915	667
sample	rich	stardict	raw	render	916	500
sample	rich	stardict	raw	render	917	542
sample	rich	stardict	raw	render	918	500
sample	rich	stardict	raw	render	919	416
sample	rich	stardict	raw	render	920	625
sample	rich	stardict	raw	render	921	334
sample	rich	stardict	raw	render	922	500
sample	rich	stardict	raw	render	923	416
sample	rich	stardict	raw	render	924	500
sample	rich	stardict	raw	render	925	417
sample	rich	stardict	raw	render	926	500
sample	rich	stardict	raw	render	927	417
sample	rich	stardict	raw	render	928	333
sample	rich	stardict	raw	render	929	375
sample	rich	stardict	raw	render	930	375
sample	rich	stardict	raw	render	931	334
sample	rich	stardict	raw	render	932	333
sample	rich	stardict	raw	render	933	208
sample	rich	stardict	raw	render	934	292
sample	rich	stardict	raw	render	935	209
sample	rich	stardict	raw	render	936	459
sample	rich	stardict	raw	render	937	583
sample	rich	stardict	raw	render	938	5833
sample	rich	stardict	raw	render	939	1000
sample	rich	stardict	raw	render	940	1000
sample	rich	stardict	raw	render	941	1084
sample	rich	stardict	raw	render	942	1041
sample	rich	stardict	raw	render	943	1584
sample	rich	stardict	raw	render	944	375
sample	rich	stardict	raw	render	945	667
sample	rich	stardict	raw	render	946	500
sample	rich	stardict	raw	render	947	625
sample	rich	stardict	raw	render	948	542
sample	rich	stardict	raw	render	949	666
sample	rich	stardict	raw	render	950	3958
sample	rich	stardict	raw	render	951	1333
sample	rich	stardict	raw	render	952	1084
sample	rich	stardict	raw	render	953	625
sample	rich	stardict	raw	render	954	750
sample	rich	stardict	raw	render	955	667
sample	rich	stardict	raw	render	956	791
sample	rich	stardict	raw	render	957	2542
sample	rich	stardict	raw	render	958	583
sample	rich	stardict	raw	render	959	625
sample	rich	stardict	raw	render	960	458
sample	rich	stardict	raw	render	961	583
sample	rich	stardict	raw	render	962	500
sample	rich	stardict	raw	render	963	542
sample	rich	stardict	raw	render	964	458
sample	rich	stardict	raw	render	965	583
sample	rich	stardict	raw	render	966	583
sample	rich	stardict	raw	render	967	542
sample	rich	stardict	raw	render	968	625
sample	rich	stardict	raw	render	969	500
sample	rich	stardict	raw	render	970	542
sample	rich	stardict	raw	render	971	542
sample	rich	stardict	raw	render	972	292
sample	rich	stardict	raw	render	973	333
sample	rich	stardict	raw	render	974	208
sample	rich	stardict	raw	render	975	375
sample	rich	stardict	raw	render	976	292
sample	rich	stardict	raw	render	977	292
sample	rich	stardict	raw	render	978	208
sample	rich	stardict	raw	render	979	292
sample	rich	stardict	raw	render	980	208
sample	rich	stardict	raw	render	981	209
sample	rich	stardict	raw	render	982	250
sample	rich	stardict	raw	render	983	208
sample	rich	stardict	raw	render	984	167
sample	rich	stardict	raw	render	985	291
sample	rich	stardict	raw	render	986	209
sample	rich	stardict	raw	render	987	334
sample	rich	stardict	raw	render	988	375
sample	rich	stardict	raw	render	989	416
sample	rich	stardict	raw	render	990	250
sample	rich	stardict	raw	render	991	208
sample	rich	stardict	raw	render	992	167
sample	rich	stardict	raw	render	993	209
sample	rich	stardict	raw	render	994	292
sample	rich	stardict	raw	render	995	209
sample	rich	stardict	raw	render	996	417
sample	rich	stardict	raw	render	997	334
sample	rich	stardict	raw	render	998	209
sample	rich	stardict	raw	render	999	292
result	rich	stardict	raw	exact.p50_ns	667
result	rich	stardict	raw	exact.p95_ns	1958
result	rich	stardict	raw	exact.p99_ns	4584
result	rich	stardict	raw	prefix.p50_ns	132875
result	rich	stardict	raw	prefix.p95_ns	284792
result	rich	stardict	raw	prefix.p99_ns	431583
result	rich	stardict	raw	render.p50_ns	333
result	rich	stardict	raw	render.p95_ns	1125
result	rich	stardict	raw	render.p99_ns	3791
result	rich	stardict	raw	exact.hit.p50_ns	791
result	rich	stardict	raw	exact.hit.p95_ns	2208
result	rich	stardict	raw	exact.hit.p99_ns	4333
result	rich	stardict	raw	exact.miss.p50_ns	417
result	rich	stardict	raw	exact.miss.p95_ns	1458
result	rich	stardict	raw	exact.miss.p99_ns	5708
result	rich	stardict	raw	prefix.zero.p50_ns	2625
result	rich	stardict	raw	prefix.zero.p95_ns	10083
result	rich	stardict	raw	prefix.zero.p99_ns	14458
result	rich	stardict	raw	prefix.one.p50_ns	2792
result	rich	stardict	raw	prefix.one.p95_ns	9833
result	rich	stardict	raw	prefix.one.p99_ns	27500
result	rich	stardict	raw	prefix.many.p50_ns	145000
result	rich	stardict	raw	prefix.many.p95_ns	381291
result	rich	stardict	raw	prefix.many.p99_ns	459708
result	rich	stardict	raw	prefix.pathological.p50_ns	-
result	rich	stardict	raw	prefix.pathological.p95_ns	-
result	rich	stardict	raw	prefix.pathological.p99_ns	-
result	rich	stardict	gzip	artifact_bytes	55034
unavailable	rich	stardict	gzip	reason	gzip is not StarDict dictzip random access; raw reader is the measured query baseline
result	rich	dict-index	raw	artifact_bytes	448231
result	rich	dict-index	raw	build_ns	822833
sample	rich	dict-index	raw	open	0	770667
sample	rich	dict-index	raw	open	1	616875
sample	rich	dict-index	raw	open	2	548209
sample	rich	dict-index	raw	open	3	771291
sample	rich	dict-index	raw	open	4	1275041
sample	rich	dict-index	raw	open	5	1434500
sample	rich	dict-index	raw	open	6	724750
sample	rich	dict-index	raw	open	7	576667
sample	rich	dict-index	raw	open	8	528666
sample	rich	dict-index	raw	open	9	653000
sample	rich	dict-index	raw	open	10	1398000
sample	rich	dict-index	raw	open	11	575834
sample	rich	dict-index	raw	open	12	559250
sample	rich	dict-index	raw	open	13	544542
sample	rich	dict-index	raw	open	14	613916
sample	rich	dict-index	raw	open	15	571458
sample	rich	dict-index	raw	open	16	527708
sample	rich	dict-index	raw	open	17	521875
sample	rich	dict-index	raw	open	18	524000
sample	rich	dict-index	raw	open	19	536958
sample	rich	dict-index	raw	open	20	543917
sample	rich	dict-index	raw	open	21	525625
sample	rich	dict-index	raw	open	22	553875
sample	rich	dict-index	raw	open	23	534416
sample	rich	dict-index	raw	open	24	541792
result	rich	dict-index	raw	open_ns	559250
result	rich	dict-index	raw	semantic_digest	14813021753239549239
result	rich	dict-index	raw	query_checksum	15472329982066036572
result	rich	dict-index	raw	outputs	1024875
result	rich	dict-index	raw	logical_prose_bytes	394154
sample	rich	dict-index	raw	exact	0	1833
sample	rich	dict-index	raw	exact	1	500
sample	rich	dict-index	raw	exact	2	666
sample	rich	dict-index	raw	exact	3	500
sample	rich	dict-index	raw	exact	4	583
sample	rich	dict-index	raw	exact	5	459
sample	rich	dict-index	raw	exact	6	625
sample	rich	dict-index	raw	exact	7	625
sample	rich	dict-index	raw	exact	8	625
sample	rich	dict-index	raw	exact	9	417
sample	rich	dict-index	raw	exact	10	667
sample	rich	dict-index	raw	exact	11	417
sample	rich	dict-index	raw	exact	12	625
sample	rich	dict-index	raw	exact	13	459
sample	rich	dict-index	raw	exact	14	750
sample	rich	dict-index	raw	exact	15	583
sample	rich	dict-index	raw	exact	16	625
sample	rich	dict-index	raw	exact	17	333
sample	rich	dict-index	raw	exact	18	708
sample	rich	dict-index	raw	exact	19	458
sample	rich	dict-index	raw	exact	20	583
sample	rich	dict-index	raw	exact	21	416
sample	rich	dict-index	raw	exact	22	667
sample	rich	dict-index	raw	exact	23	542
sample	rich	dict-index	raw	exact	24	708
sample	rich	dict-index	raw	exact	25	375
sample	rich	dict-index	raw	exact	26	708
sample	rich	dict-index	raw	exact	27	417
sample	rich	dict-index	raw	exact	28	667
sample	rich	dict-index	raw	exact	29	416
sample	rich	dict-index	raw	exact	30	584
sample	rich	dict-index	raw	exact	31	541
sample	rich	dict-index	raw	exact	32	584
sample	rich	dict-index	raw	exact	33	416
sample	rich	dict-index	raw	exact	34	541
sample	rich	dict-index	raw	exact	35	416
sample	rich	dict-index	raw	exact	36	583
sample	rich	dict-index	raw	exact	37	375
sample	rich	dict-index	raw	exact	38	500
sample	rich	dict-index	raw	exact	39	541
sample	rich	dict-index	raw	exact	40	584
sample	rich	dict-index	raw	exact	41	375
sample	rich	dict-index	raw	exact	42	584
sample	rich	dict-index	raw	exact	43	458
sample	rich	dict-index	raw	exact	44	542
sample	rich	dict-index	raw	exact	45	416
sample	rich	dict-index	raw	exact	46	709
sample	rich	dict-index	raw	exact	47	583
sample	rich	dict-index	raw	exact	48	583
sample	rich	dict-index	raw	exact	49	375
sample	rich	dict-index	raw	exact	50	583
sample	rich	dict-index	raw	exact	51	458
sample	rich	dict-index	raw	exact	52	708
sample	rich	dict-index	raw	exact	53	417
sample	rich	dict-index	raw	exact	54	583
sample	rich	dict-index	raw	exact	55	542
sample	rich	dict-index	raw	exact	56	583
sample	rich	dict-index	raw	exact	57	375
sample	rich	dict-index	raw	exact	58	583
sample	rich	dict-index	raw	exact	59	417
sample	rich	dict-index	raw	exact	60	541
sample	rich	dict-index	raw	exact	61	416
sample	rich	dict-index	raw	exact	62	542
sample	rich	dict-index	raw	exact	63	541
sample	rich	dict-index	raw	exact	64	583
sample	rich	dict-index	raw	exact	65	375
sample	rich	dict-index	raw	exact	66	667
sample	rich	dict-index	raw	exact	67	417
sample	rich	dict-index	raw	exact	68	542
sample	rich	dict-index	raw	exact	69	375
sample	rich	dict-index	raw	exact	70	500
sample	rich	dict-index	raw	exact	71	542
sample	rich	dict-index	raw	exact	72	667
sample	rich	dict-index	raw	exact	73	292
sample	rich	dict-index	raw	exact	74	500
sample	rich	dict-index	raw	exact	75	416
sample	rich	dict-index	raw	exact	76	583
sample	rich	dict-index	raw	exact	77	375
sample	rich	dict-index	raw	exact	78	583
sample	rich	dict-index	raw	exact	79	542
sample	rich	dict-index	raw	exact	80	625
sample	rich	dict-index	raw	exact	81	334
sample	rich	dict-index	raw	exact	82	583
sample	rich	dict-index	raw	exact	83	417
sample	rich	dict-index	raw	exact	84	583
sample	rich	dict-index	raw	exact	85	417
sample	rich	dict-index	raw	exact	86	458
sample	rich	dict-index	raw	exact	87	542
sample	rich	dict-index	raw	exact	88	542
sample	rich	dict-index	raw	exact	89	375
sample	rich	dict-index	raw	exact	90	542
sample	rich	dict-index	raw	exact	91	416
sample	rich	dict-index	raw	exact	92	584
sample	rich	dict-index	raw	exact	93	416
sample	rich	dict-index	raw	exact	94	541
sample	rich	dict-index	raw	exact	95	500
sample	rich	dict-index	raw	exact	96	541
sample	rich	dict-index	raw	exact	97	333
sample	rich	dict-index	raw	exact	98	583
sample	rich	dict-index	raw	exact	99	416
sample	rich	dict-index	raw	exact	100	625
sample	rich	dict-index	raw	exact	101	417
sample	rich	dict-index	raw	exact	102	625
sample	rich	dict-index	raw	exact	103	583
sample	rich	dict-index	raw	exact	104	708
sample	rich	dict-index	raw	exact	105	334
sample	rich	dict-index	raw	exact	106	625
sample	rich	dict-index	raw	exact	107	416
sample	rich	dict-index	raw	exact	108	625
sample	rich	dict-index	raw	exact	109	375
sample	rich	dict-index	raw	exact	110	625
sample	rich	dict-index	raw	exact	111	625
sample	rich	dict-index	raw	exact	112	584
sample	rich	dict-index	raw	exact	113	417
sample	rich	dict-index	raw	exact	114	584
sample	rich	dict-index	raw	exact	115	416
sample	rich	dict-index	raw	exact	116	583
sample	rich	dict-index	raw	exact	117	416
sample	rich	dict-index	raw	exact	118	583
sample	rich	dict-index	raw	exact	119	500
sample	rich	dict-index	raw	exact	120	541
sample	rich	dict-index	raw	exact	121	375
sample	rich	dict-index	raw	exact	122	542
sample	rich	dict-index	raw	exact	123	500
sample	rich	dict-index	raw	exact	124	584
sample	rich	dict-index	raw	exact	125	375
sample	rich	dict-index	raw	exact	126	708
sample	rich	dict-index	raw	exact	127	541
sample	rich	dict-index	raw	exact	128	708
sample	rich	dict-index	raw	exact	129	417
sample	rich	dict-index	raw	exact	130	583
sample	rich	dict-index	raw	exact	131	458
sample	rich	dict-index	raw	exact	132	666
sample	rich	dict-index	raw	exact	133	500
sample	rich	dict-index	raw	exact	134	541
sample	rich	dict-index	raw	exact	135	542
sample	rich	dict-index	raw	exact	136	583
sample	rich	dict-index	raw	exact	137	375
sample	rich	dict-index	raw	exact	138	583
sample	rich	dict-index	raw	exact	139	458
sample	rich	dict-index	raw	exact	140	542
sample	rich	dict-index	raw	exact	141	375
sample	rich	dict-index	raw	exact	142	542
sample	rich	dict-index	raw	exact	143	583
sample	rich	dict-index	raw	exact	144	958
sample	rich	dict-index	raw	exact	145	333
sample	rich	dict-index	raw	exact	146	542
sample	rich	dict-index	raw	exact	147	458
sample	rich	dict-index	raw	exact	148	542
sample	rich	dict-index	raw	exact	149	333
sample	rich	dict-index	raw	exact	150	500
sample	rich	dict-index	raw	exact	151	583
sample	rich	dict-index	raw	exact	152	583
sample	rich	dict-index	raw	exact	153	375
sample	rich	dict-index	raw	exact	154	542
sample	rich	dict-index	raw	exact	155	417
sample	rich	dict-index	raw	exact	156	542
sample	rich	dict-index	raw	exact	157	333
sample	rich	dict-index	raw	exact	158	584
sample	rich	dict-index	raw	exact	159	584
sample	rich	dict-index	raw	exact	160	917
sample	rich	dict-index	raw	exact	161	375
sample	rich	dict-index	raw	exact	162	542
sample	rich	dict-index	raw	exact	163	417
sample	rich	dict-index	raw	exact	164	625
sample	rich	dict-index	raw	exact	165	375
sample	rich	dict-index	raw	exact	166	583
sample	rich	dict-index	raw	exact	167	625
sample	rich	dict-index	raw	exact	168	584
sample	rich	dict-index	raw	exact	169	375
sample	rich	dict-index	raw	exact	170	583
sample	rich	dict-index	raw	exact	171	417
sample	rich	dict-index	raw	exact	172	541
sample	rich	dict-index	raw	exact	173	500
sample	rich	dict-index	raw	exact	174	625
sample	rich	dict-index	raw	exact	175	542
sample	rich	dict-index	raw	exact	176	625
sample	rich	dict-index	raw	exact	177	375
sample	rich	dict-index	raw	exact	178	500
sample	rich	dict-index	raw	exact	179	417
sample	rich	dict-index	raw	exact	180	542
sample	rich	dict-index	raw	exact	181	417
sample	rich	dict-index	raw	exact	182	542
sample	rich	dict-index	raw	exact	183	541
sample	rich	dict-index	raw	exact	184	625
sample	rich	dict-index	raw	exact	185	334
sample	rich	dict-index	raw	exact	186	542
sample	rich	dict-index	raw	exact	187	417
sample	rich	dict-index	raw	exact	188	541
sample	rich	dict-index	raw	exact	189	375
sample	rich	dict-index	raw	exact	190	542
sample	rich	dict-index	raw	exact	191	500
sample	rich	dict-index	raw	exact	192	708
sample	rich	dict-index	raw	exact	193	375
sample	rich	dict-index	raw	exact	194	625
sample	rich	dict-index	raw	exact	195	541
sample	rich	dict-index	raw	exact	196	500
sample	rich	dict-index	raw	exact	197	417
sample	rich	dict-index	raw	exact	198	666
sample	rich	dict-index	raw	exact	199	458
sample	rich	dict-index	raw	exact	200	583
sample	rich	dict-index	raw	exact	201	334
sample	rich	dict-index	raw	exact	202	541
sample	rich	dict-index	raw	exact	203	458
sample	rich	dict-index	raw	exact	204	542
sample	rich	dict-index	raw	exact	205	417
sample	rich	dict-index	raw	exact	206	708
sample	rich	dict-index	raw	exact	207	583
sample	rich	dict-index	raw	exact	208	750
sample	rich	dict-index	raw	exact	209	375
sample	rich	dict-index	raw	exact	210	542
sample	rich	dict-index	raw	exact	211	458
sample	rich	dict-index	raw	exact	212	584
sample	rich	dict-index	raw	exact	213	375
sample	rich	dict-index	raw	exact	214	541
sample	rich	dict-index	raw	exact	215	542
sample	rich	dict-index	raw	exact	216	584
sample	rich	dict-index	raw	exact	217	334
sample	rich	dict-index	raw	exact	218	750
sample	rich	dict-index	raw	exact	219	417
sample	rich	dict-index	raw	exact	220	500
sample	rich	dict-index	raw	exact	221	417
sample	rich	dict-index	raw	exact	222	542
sample	rich	dict-index	raw	exact	223	500
sample	rich	dict-index	raw	exact	224	542
sample	rich	dict-index	raw	exact	225	375
sample	rich	dict-index	raw	exact	226	541
sample	rich	dict-index	raw	exact	227	458
sample	rich	dict-index	raw	exact	228	541
sample	rich	dict-index	raw	exact	229	7000
sample	rich	dict-index	raw	exact	230	3709
sample	rich	dict-index	raw	exact	231	1708
sample	rich	dict-index	raw	exact	232	3125
sample	rich	dict-index	raw	exact	233	1792
sample	rich	dict-index	raw	exact	234	2000
sample	rich	dict-index	raw	exact	235	917
sample	rich	dict-index	raw	exact	236	1875
sample	rich	dict-index	raw	exact	237	792
sample	rich	dict-index	raw	exact	238	2000
sample	rich	dict-index	raw	exact	239	1292
sample	rich	dict-index	raw	exact	240	1583
sample	rich	dict-index	raw	exact	241	1250
sample	rich	dict-index	raw	exact	242	1834
sample	rich	dict-index	raw	exact	243	2250
sample	rich	dict-index	raw	exact	244	2292
sample	rich	dict-index	raw	exact	245	2166
sample	rich	dict-index	raw	exact	246	2333
sample	rich	dict-index	raw	exact	247	1625
sample	rich	dict-index	raw	exact	248	1750
sample	rich	dict-index	raw	exact	249	917
sample	rich	dict-index	raw	exact	250	1667
sample	rich	dict-index	raw	exact	251	833
sample	rich	dict-index	raw	exact	252	1708
sample	rich	dict-index	raw	exact	253	750
sample	rich	dict-index	raw	exact	254	1833
sample	rich	dict-index	raw	exact	255	4041
sample	rich	dict-index	raw	exact	256	3250
sample	rich	dict-index	raw	exact	257	2667
sample	rich	dict-index	raw	exact	258	1334
sample	rich	dict-index	raw	exact	259	667
sample	rich	dict-index	raw	exact	260	1125
sample	rich	dict-index	raw	exact	261	500
sample	rich	dict-index	raw	exact	262	916
sample	rich	dict-index	raw	exact	263	833
sample	rich	dict-index	raw	exact	264	1208
sample	rich	dict-index	raw	exact	265	3583
sample	rich	dict-index	raw	exact	266	5250
sample	rich	dict-index	raw	exact	267	3000
sample	rich	dict-index	raw	exact	268	3875
sample	rich	dict-index	raw	exact	269	1625
sample	rich	dict-index	raw	exact	270	2042
sample	rich	dict-index	raw	exact	271	1041
sample	rich	dict-index	raw	exact	272	1167
sample	rich	dict-index	raw	exact	273	541
sample	rich	dict-index	raw	exact	274	917
sample	rich	dict-index	raw	exact	275	458
sample	rich	dict-index	raw	exact	276	1000
sample	rich	dict-index	raw	exact	277	416
sample	rich	dict-index	raw	exact	278	750
sample	rich	dict-index	raw	exact	279	667
sample	rich	dict-index	raw	exact	280	1084
sample	rich	dict-index	raw	exact	281	417
sample	rich	dict-index	raw	exact	282	1084
sample	rich	dict-index	raw	exact	283	416
sample	rich	dict-index	raw	exact	284	1167
sample	rich	dict-index	raw	exact	285	459
sample	rich	dict-index	raw	exact	286	834
sample	rich	dict-index	raw	exact	287	583
sample	rich	dict-index	raw	exact	288	917
sample	rich	dict-index	raw	exact	289	417
sample	rich	dict-index	raw	exact	290	792
sample	rich	dict-index	raw	exact	291	458
sample	rich	dict-index	raw	exact	292	875
sample	rich	dict-index	raw	exact	293	417
sample	rich	dict-index	raw	exact	294	666
sample	rich	dict-index	raw	exact	295	500
sample	rich	dict-index	raw	exact	296	917
sample	rich	dict-index	raw	exact	297	416
sample	rich	dict-index	raw	exact	298	750
sample	rich	dict-index	raw	exact	299	500
sample	rich	dict-index	raw	exact	300	542
sample	rich	dict-index	raw	exact	301	417
sample	rich	dict-index	raw	exact	302	625
sample	rich	dict-index	raw	exact	303	541
sample	rich	dict-index	raw	exact	304	959
sample	rich	dict-index	raw	exact	305	417
sample	rich	dict-index	raw	exact	306	542
sample	rich	dict-index	raw	exact	307	458
sample	rich	dict-index	raw	exact	308	708
sample	rich	dict-index	raw	exact	309	458
sample	rich	dict-index	raw	exact	310	584
sample	rich	dict-index	raw	exact	311	583
sample	rich	dict-index	raw	exact	312	625
sample	rich	dict-index	raw	exact	313	375
sample	rich	dict-index	raw	exact	314	625
sample	rich	dict-index	raw	exact	315	416
sample	rich	dict-index	raw	exact	316	625
sample	rich	dict-index	raw	exact	317	375
sample	rich	dict-index	raw	exact	318	667
sample	rich	dict-index	raw	exact	319	542
sample	rich	dict-index	raw	exact	320	750
sample	rich	dict-index	raw	exact	321	375
sample	rich	dict-index	raw	exact	322	625
sample	rich	dict-index	raw	exact	323	459
sample	rich	dict-index	raw	exact	324	709
sample	rich	dict-index	raw	exact	325	417
sample	rich	dict-index	raw	exact	326	792
sample	rich	dict-index	raw	exact	327	542
sample	rich	dict-index	raw	exact	328	667
sample	rich	dict-index	raw	exact	329	375
sample	rich	dict-index	raw	exact	330	667
sample	rich	dict-index	raw	exact	331	458
sample	rich	dict-index	raw	exact	332	667
sample	rich	dict-index	raw	exact	333	375
sample	rich	dict-index	raw	exact	334	667
sample	rich	dict-index	raw	exact	335	583
sample	rich	dict-index	raw	exact	336	1042
sample	rich	dict-index	raw	exact	337	375
sample	rich	dict-index	raw	exact	338	583
sample	rich	dict-index	raw	exact	339	500
sample	rich	dict-index	raw	exact	340	625
sample	rich	dict-index	raw	exact	341	375
sample	rich	dict-index	raw	exact	342	583
sample	rich	dict-index	raw	exact	343	584
sample	rich	dict-index	raw	exact	344	708
sample	rich	dict-index	raw	exact	345	375
sample	rich	dict-index	raw	exact	346	666
sample	rich	dict-index	raw	exact	347	459
sample	rich	dict-index	raw	exact	348	583
sample	rich	dict-index	raw	exact	349	417
sample	rich	dict-index	raw	exact	350	709
sample	rich	dict-index	raw	exact	351	667
sample	rich	dict-index	raw	exact	352	750
sample	rich	dict-index	raw	exact	353	375
sample	rich	dict-index	raw	exact	354	667
sample	rich	dict-index	raw	exact	355	458
sample	rich	dict-index	raw	exact	356	584
sample	rich	dict-index	raw	exact	357	416
sample	rich	dict-index	raw	exact	358	583
sample	rich	dict-index	raw	exact	359	542
sample	rich	dict-index	raw	exact	360	709
sample	rich	dict-index	raw	exact	361	417
sample	rich	dict-index	raw	exact	362	583
sample	rich	dict-index	raw	exact	363	459
sample	rich	dict-index	raw	exact	364	542
sample	rich	dict-index	raw	exact	365	417
sample	rich	dict-index	raw	exact	366	708
sample	rich	dict-index	raw	exact	367	584
sample	rich	dict-index	raw	exact	368	625
sample	rich	dict-index	raw	exact	369	375
sample	rich	dict-index	raw	exact	370	666
sample	rich	dict-index	raw	exact	371	459
sample	rich	dict-index	raw	exact	372	542
sample	rich	dict-index	raw	exact	373	417
sample	rich	dict-index	raw	exact	374	584
sample	rich	dict-index	raw	exact	375	625
sample	rich	dict-index	raw	exact	376	583
sample	rich	dict-index	raw	exact	377	416
sample	rich	dict-index	raw	exact	378	625
sample	rich	dict-index	raw	exact	379	458
sample	rich	dict-index	raw	exact	380	875
sample	rich	dict-index	raw	exact	381	459
sample	rich	dict-index	raw	exact	382	584
sample	rich	dict-index	raw	exact	383	625
sample	rich	dict-index	raw	exact	384	1000
sample	rich	dict-index	raw	exact	385	417
sample	rich	dict-index	raw	exact	386	625
sample	rich	dict-index	raw	exact	387	500
sample	rich	dict-index	raw	exact	388	583
sample	rich	dict-index	raw	exact	389	500
sample	rich	dict-index	raw	exact	390	583
sample	rich	dict-index	raw	exact	391	709
sample	rich	dict-index	raw	exact	392	625
sample	rich	dict-index	raw	exact	393	417
sample	rich	dict-index	raw	exact	394	750
sample	rich	dict-index	raw	exact	395	459
sample	rich	dict-index	raw	exact	396	625
sample	rich	dict-index	raw	exact	397	375
sample	rich	dict-index	raw	exact	398	625
sample	rich	dict-index	raw	exact	399	541
sample	rich	dict-index	raw	exact	400	958
sample	rich	dict-index	raw	exact	401	416
sample	rich	dict-index	raw	exact	402	583
sample	rich	dict-index	raw	exact	403	459
sample	rich	dict-index	raw	exact	404	584
sample	rich	dict-index	raw	exact	405	417
sample	rich	dict-index	raw	exact	406	666
sample	rich	dict-index	raw	exact	407	541
sample	rich	dict-index	raw	exact	408	583
sample	rich	dict-index	raw	exact	409	375
sample	rich	dict-index	raw	exact	410	583
sample	rich	dict-index	raw	exact	411	500
sample	rich	dict-index	raw	exact	412	583
sample	rich	dict-index	raw	exact	413	417
sample	rich	dict-index	raw	exact	414	583
sample	rich	dict-index	raw	exact	415	541
sample	rich	dict-index	raw	exact	416	833
sample	rich	dict-index	raw	exact	417	375
sample	rich	dict-index	raw	exact	418	583
sample	rich	dict-index	raw	exact	419	417
sample	rich	dict-index	raw	exact	420	541
sample	rich	dict-index	raw	exact	421	416
sample	rich	dict-index	raw	exact	422	541
sample	rich	dict-index	raw	exact	423	542
sample	rich	dict-index	raw	exact	424	625
sample	rich	dict-index	raw	exact	425	375
sample	rich	dict-index	raw	exact	426	542
sample	rich	dict-index	raw	exact	427	375
sample	rich	dict-index	raw	exact	428	500
sample	rich	dict-index	raw	exact	429	417
sample	rich	dict-index	raw	exact	430	625
sample	rich	dict-index	raw	exact	431	542
sample	rich	dict-index	raw	exact	432	750
sample	rich	dict-index	raw	exact	433	375
sample	rich	dict-index	raw	exact	434	667
sample	rich	dict-index	raw	exact	435	375
sample	rich	dict-index	raw	exact	436	500
sample	rich	dict-index	raw	exact	437	417
sample	rich	dict-index	raw	exact	438	583
sample	rich	dict-index	raw	exact	439	500
sample	rich	dict-index	raw	exact	440	542
sample	rich	dict-index	raw	exact	441	375
sample	rich	dict-index	raw	exact	442	667
sample	rich	dict-index	raw	exact	443	417
sample	rich	dict-index	raw	exact	444	542
sample	rich	dict-index	raw	exact	445	417
sample	rich	dict-index	raw	exact	446	584
sample	rich	dict-index	raw	exact	447	500
sample	rich	dict-index	raw	exact	448	875
sample	rich	dict-index	raw	exact	449	375
sample	rich	dict-index	raw	exact	450	500
sample	rich	dict-index	raw	exact	451	417
sample	rich	dict-index	raw	exact	452	541
sample	rich	dict-index	raw	exact	453	375
sample	rich	dict-index	raw	exact	454	625
sample	rich	dict-index	raw	exact	455	500
sample	rich	dict-index	raw	exact	456	917
sample	rich	dict-index	raw	exact	457	417
sample	rich	dict-index	raw	exact	458	583
sample	rich	dict-index	raw	exact	459	375
sample	rich	dict-index	raw	exact	460	625
sample	rich	dict-index	raw	exact	461	417
sample	rich	dict-index	raw	exact	462	500
sample	rich	dict-index	raw	exact	463	584
sample	rich	dict-index	raw	exact	464	834
sample	rich	dict-index	raw	exact	465	375
sample	rich	dict-index	raw	exact	466	542
sample	rich	dict-index	raw	exact	467	416
sample	rich	dict-index	raw	exact	468	583
sample	rich	dict-index	raw	exact	469	375
sample	rich	dict-index	raw	exact	470	542
sample	rich	dict-index	raw	exact	471	583
sample	rich	dict-index	raw	exact	472	667
sample	rich	dict-index	raw	exact	473	417
sample	rich	dict-index	raw	exact	474	584
sample	rich	dict-index	raw	exact	475	416
sample	rich	dict-index	raw	exact	476	625
sample	rich	dict-index	raw	exact	477	417
sample	rich	dict-index	raw	exact	478	541
sample	rich	dict-index	raw	exact	479	542
sample	rich	dict-index	raw	exact	480	625
sample	rich	dict-index	raw	exact	481	417
sample	rich	dict-index	raw	exact	482	542
sample	rich	dict-index	raw	exact	483	458
sample	rich	dict-index	raw	exact	484	458
sample	rich	dict-index	raw	exact	485	375
sample	rich	dict-index	raw	exact	486	583
sample	rich	dict-index	raw	exact	487	541
sample	rich	dict-index	raw	exact	488	833
sample	rich	dict-index	raw	exact	489	333
sample	rich	dict-index	raw	exact	490	541
sample	rich	dict-index	raw	exact	491	458
sample	rich	dict-index	raw	exact	492	666
sample	rich	dict-index	raw	exact	493	375
sample	rich	dict-index	raw	exact	494	625
sample	rich	dict-index	raw	exact	495	542
sample	rich	dict-index	raw	exact	496	584
sample	rich	dict-index	raw	exact	497	500
sample	rich	dict-index	raw	exact	498	500
sample	rich	dict-index	raw	exact	499	583
sample	rich	dict-index	raw	exact	500	542
sample	rich	dict-index	raw	exact	501	417
sample	rich	dict-index	raw	exact	502	542
sample	rich	dict-index	raw	exact	503	708
sample	rich	dict-index	raw	exact	504	666
sample	rich	dict-index	raw	exact	505	375
sample	rich	dict-index	raw	exact	506	625
sample	rich	dict-index	raw	exact	507	416
sample	rich	dict-index	raw	exact	508	500
sample	rich	dict-index	raw	exact	509	416
sample	rich	dict-index	raw	exact	510	791
sample	rich	dict-index	raw	exact	511	8667
sample	rich	dict-index	raw	exact	512	2334
sample	rich	dict-index	raw	exact	513	1292
sample	rich	dict-index	raw	exact	514	1833
sample	rich	dict-index	raw	exact	515	1292
sample	rich	dict-index	raw	exact	516	2083
sample	rich	dict-index	raw	exact	517	833
sample	rich	dict-index	raw	exact	518	1583
sample	rich	dict-index	raw	exact	519	1333
sample	rich	dict-index	raw	exact	520	2458
sample	rich	dict-index	raw	exact	521	1417
sample	rich	dict-index	raw	exact	522	1083
sample	rich	dict-index	raw	exact	523	500
sample	rich	dict-index	raw	exact	524	833
sample	rich	dict-index	raw	exact	525	458
sample	rich	dict-index	raw	exact	526	958
sample	rich	dict-index	raw	exact	527	625
sample	rich	dict-index	raw	exact	528	1083
sample	rich	dict-index	raw	exact	529	416
sample	rich	dict-index	raw	exact	530	584
sample	rich	dict-index	raw	exact	531	458
sample	rich	dict-index	raw	exact	532	667
sample	rich	dict-index	raw	exact	533	417
sample	rich	dict-index	raw	exact	534	625
sample	rich	dict-index	raw	exact	535	542
sample	rich	dict-index	raw	exact	536	583
sample	rich	dict-index	raw	exact	537	4500
sample	rich	dict-index	raw	exact	538	4125
sample	rich	dict-index	raw	exact	539	1750
sample	rich	dict-index	raw	exact	540	2209
sample	rich	dict-index	raw	exact	541	1208
sample	rich	dict-index	raw	exact	542	4333
sample	rich	dict-index	raw	exact	543	1917
sample	rich	dict-index	raw	exact	544	2833
sample	rich	dict-index	raw	exact	545	1792
sample	rich	dict-index	raw	exact	546	2958
sample	rich	dict-index	raw	exact	547	708
sample	rich	dict-index	raw	exact	548	1041
sample	rich	dict-index	raw	exact	549	584
sample	rich	dict-index	raw	exact	550	1458
sample	rich	dict-index	raw	exact	551	917
sample	rich	dict-index	raw	exact	552	917
sample	rich	dict-index	raw	exact	553	500
sample	rich	dict-index	raw	exact	554	791
sample	rich	dict-index	raw	exact	555	542
sample	rich	dict-index	raw	exact	556	958
sample	rich	dict-index	raw	exact	557	458
sample	rich	dict-index	raw	exact	558	917
sample	rich	dict-index	raw	exact	559	709
sample	rich	dict-index	raw	exact	560	1041
sample	rich	dict-index	raw	exact	561	417
sample	rich	dict-index	raw	exact	562	958
sample	rich	dict-index	raw	exact	563	458
sample	rich	dict-index	raw	exact	564	1042
sample	rich	dict-index	raw	exact	565	459
sample	rich	dict-index	raw	exact	566	583
sample	rich	dict-index	raw	exact	567	583
sample	rich	dict-index	raw	exact	568	833
sample	rich	dict-index	raw	exact	569	375
sample	rich	dict-index	raw	exact	570	875
sample	rich	dict-index	raw	exact	571	458
sample	rich	dict-index	raw	exact	572	708
sample	rich	dict-index	raw	exact	573	417
sample	rich	dict-index	raw	exact	574	834
sample	rich	dict-index	raw	exact	575	583
sample	rich	dict-index	raw	exact	576	834
sample	rich	dict-index	raw	exact	577	375
sample	rich	dict-index	raw	exact	578	584
sample	rich	dict-index	raw	exact	579	458
sample	rich	dict-index	raw	exact	580	834
sample	rich	dict-index	raw	exact	581	375
sample	rich	dict-index	raw	exact	582	625
sample	rich	dict-index	raw	exact	583	583
sample	rich	dict-index	raw	exact	584	666
sample	rich	dict-index	raw	exact	585	417
sample	rich	dict-index	raw	exact	586	667
sample	rich	dict-index	raw	exact	587	416
sample	rich	dict-index	raw	exact	588	667
sample	rich	dict-index	raw	exact	589	416
sample	rich	dict-index	raw	exact	590	666
sample	rich	dict-index	raw	exact	591	583
sample	rich	dict-index	raw	exact	592	959
sample	rich	dict-index	raw	exact	593	416
sample	rich	dict-index	raw	exact	594	584
sample	rich	dict-index	raw	exact	595	458
sample	rich	dict-index	raw	exact	596	625
sample	rich	dict-index	raw	exact	597	417
sample	rich	dict-index	raw	exact	598	666
sample	rich	dict-index	raw	exact	599	542
sample	rich	dict-index	raw	exact	600	708
sample	rich	dict-index	raw	exact	601	417
sample	rich	dict-index	raw	exact	602	584
sample	rich	dict-index	raw	exact	603	417
sample	rich	dict-index	raw	exact	604	666
sample	rich	dict-index	raw	exact	605	417
sample	rich	dict-index	raw	exact	606	583
sample	rich	dict-index	raw	exact	607	625
sample	rich	dict-index	raw	exact	608	708
sample	rich	dict-index	raw	exact	609	416
sample	rich	dict-index	raw	exact	610	625
sample	rich	dict-index	raw	exact	611	416
sample	rich	dict-index	raw	exact	612	625
sample	rich	dict-index	raw	exact	613	417
sample	rich	dict-index	raw	exact	614	583
sample	rich	dict-index	raw	exact	615	542
sample	rich	dict-index	raw	exact	616	583
sample	rich	dict-index	raw	exact	617	375
sample	rich	dict-index	raw	exact	618	625
sample	rich	dict-index	raw	exact	619	375
sample	rich	dict-index	raw	exact	620	708
sample	rich	dict-index	raw	exact	621	417
sample	rich	dict-index	raw	exact	622	750
sample	rich	dict-index	raw	exact	623	584
sample	rich	dict-index	raw	exact	624	791
sample	rich	dict-index	raw	exact	625	416
sample	rich	dict-index	raw	exact	626	625
sample	rich	dict-index	raw	exact	627	458
sample	rich	dict-index	raw	exact	628	667
sample	rich	dict-index	raw	exact	629	375
sample	rich	dict-index	raw	exact	630	625
sample	rich	dict-index	raw	exact	631	584
sample	rich	dict-index	raw	exact	632	542
sample	rich	dict-index	raw	exact	633	375
sample	rich	dict-index	raw	exact	634	875
sample	rich	dict-index	raw	exact	635	459
sample	rich	dict-index	raw	exact	636	625
sample	rich	dict-index	raw	exact	637	417
sample	rich	dict-index	raw	exact	638	625
sample	rich	dict-index	raw	exact	639	583
sample	rich	dict-index	raw	exact	640	666
sample	rich	dict-index	raw	exact	641	459
sample	rich	dict-index	raw	exact	642	5958
sample	rich	dict-index	raw	exact	643	1708
sample	rich	dict-index	raw	exact	644	2792
sample	rich	dict-index	raw	exact	645	750
sample	rich	dict-index	raw	exact	646	1000
sample	rich	dict-index	raw	exact	647	750
sample	rich	dict-index	raw	exact	648	750
sample	rich	dict-index	raw	exact	649	541
sample	rich	dict-index	raw	exact	650	792
sample	rich	dict-index	raw	exact	651	417
sample	rich	dict-index	raw	exact	652	792
sample	rich	dict-index	raw	exact	653	542
sample	rich	dict-index	raw	exact	654	666
sample	rich	dict-index	raw	exact	655	625
sample	rich	dict-index	raw	exact	656	1125
sample	rich	dict-index	raw	exact	657	375
sample	rich	dict-index	raw	exact	658	750
sample	rich	dict-index	raw	exact	659	542
sample	rich	dict-index	raw	exact	660	625
sample	rich	dict-index	raw	exact	661	375
sample	rich	dict-index	raw	exact	662	791
sample	rich	dict-index	raw	exact	663	583
sample	rich	dict-index	raw	exact	664	709
sample	rich	dict-index	raw	exact	665	458
sample	rich	dict-index	raw	exact	666	625
sample	rich	dict-index	raw	exact	667	417
sample	rich	dict-index	raw	exact	668	916
sample	rich	dict-index	raw	exact	669	375
sample	rich	dict-index	raw	exact	670	708
sample	rich	dict-index	raw	exact	671	542
sample	rich	dict-index	raw	exact	672	959
sample	rich	dict-index	raw	exact	673	375
sample	rich	dict-index	raw	exact	674	625
sample	rich	dict-index	raw	exact	675	417
sample	rich	dict-index	raw	exact	676	667
sample	rich	dict-index	raw	exact	677	417
sample	rich	dict-index	raw	exact	678	750
sample	rich	dict-index	raw	exact	679	625
sample	rich	dict-index	raw	exact	680	708
sample	rich	dict-index	raw	exact	681	458
sample	rich	dict-index	raw	exact	682	625
sample	rich	dict-index	raw	exact	683	417
sample	rich	dict-index	raw	exact	684	792
sample	rich	dict-index	raw	exact	685	417
sample	rich	dict-index	raw	exact	686	750
sample	rich	dict-index	raw	exact	687	500
sample	rich	dict-index	raw	exact	688	1042
sample	rich	dict-index	raw	exact	689	375
sample	rich	dict-index	raw	exact	690	583
sample	rich	dict-index	raw	exact	691	417
sample	rich	dict-index	raw	exact	692	625
sample	rich	dict-index	raw	exact	693	417
sample	rich	dict-index	raw	exact	694	667
sample	rich	dict-index	raw	exact	695	583
sample	rich	dict-index	raw	exact	696	667
sample	rich	dict-index	raw	exact	697	416
sample	rich	dict-index	raw	exact	698	625
sample	rich	dict-index	raw	exact	699	1875
sample	rich	dict-index	raw	exact	700	792
sample	rich	dict-index	raw	exact	701	417
sample	rich	dict-index	raw	exact	702	625
sample	rich	dict-index	raw	exact	703	584
sample	rich	dict-index	raw	exact	704	833
sample	rich	dict-index	raw	exact	705	375
sample	rich	dict-index	raw	exact	706	583
sample	rich	dict-index	raw	exact	707	458
sample	rich	dict-index	raw	exact	708	583
sample	rich	dict-index	raw	exact	709	417
sample	rich	dict-index	raw	exact	710	667
sample	rich	dict-index	raw	exact	711	625
sample	rich	dict-index	raw	exact	712	709
sample	rich	dict-index	raw	exact	713	375
sample	rich	dict-index	raw	exact	714	875
sample	rich	dict-index	raw	exact	715	417
sample	rich	dict-index	raw	exact	716	708
sample	rich	dict-index	raw	exact	717	458
sample	rich	dict-index	raw	exact	718	666
sample	rich	dict-index	raw	exact	719	666
sample	rich	dict-index	raw	exact	720	709
sample	rich	dict-index	raw	exact	721	375
sample	rich	dict-index	raw	exact	722	708
sample	rich	dict-index	raw	exact	723	417
sample	rich	dict-index	raw	exact	724	708
sample	rich	dict-index	raw	exact	725	417
sample	rich	dict-index	raw	exact	726	584
sample	rich	dict-index	raw	exact	727	542
sample	rich	dict-index	raw	exact	728	625
sample	rich	dict-index	raw	exact	729	375
sample	rich	dict-index	raw	exact	730	708
sample	rich	dict-index	raw	exact	731	416
sample	rich	dict-index	raw	exact	732	583
sample	rich	dict-index	raw	exact	733	375
sample	rich	dict-index	raw	exact	734	666
sample	rich	dict-index	raw	exact	735	542
sample	rich	dict-index	raw	exact	736	792
sample	rich	dict-index	raw	exact	737	416
sample	rich	dict-index	raw	exact	738	625
sample	rich	dict-index	raw	exact	739	459
sample	rich	dict-index	raw	exact	740	625
sample	rich	dict-index	raw	exact	741	459
sample	rich	dict-index	raw	exact	742	750
sample	rich	dict-index	raw	exact	743	583
sample	rich	dict-index	raw	exact	744	625
sample	rich	dict-index	raw	exact	745	416
sample	rich	dict-index	raw	exact	746	625
sample	rich	dict-index	raw	exact	747	417
sample	rich	dict-index	raw	exact	748	708
sample	rich	dict-index	raw	exact	749	458
sample	rich	dict-index	raw	exact	750	584
sample	rich	dict-index	raw	exact	751	583
sample	rich	dict-index	raw	exact	752	625
sample	rich	dict-index	raw	exact	753	375
sample	rich	dict-index	raw	exact	754	583
sample	rich	dict-index	raw	exact	755	417
sample	rich	dict-index	raw	exact	756	625
sample	rich	dict-index	raw	exact	757	375
sample	rich	dict-index	raw	exact	758	584
sample	rich	dict-index	raw	exact	759	542
sample	rich	dict-index	raw	exact	760	625
sample	rich	dict-index	raw	exact	761	375
sample	rich	dict-index	raw	exact	762	625
sample	rich	dict-index	raw	exact	763	458
sample	rich	dict-index	raw	exact	764	583
sample	rich	dict-index	raw	exact	765	417
sample	rich	dict-index	raw	exact	766	583
sample	rich	dict-index	raw	exact	767	583
sample	rich	dict-index	raw	exact	768	625
sample	rich	dict-index	raw	exact	769	416
sample	rich	dict-index	raw	exact	770	584
sample	rich	dict-index	raw	exact	771	458
sample	rich	dict-index	raw	exact	772	584
sample	rich	dict-index	raw	exact	773	375
sample	rich	dict-index	raw	exact	774	625
sample	rich	dict-index	raw	exact	775	625
sample	rich	dict-index	raw	exact	776	625
sample	rich	dict-index	raw	exact	777	375
sample	rich	dict-index	raw	exact	778	583
sample	rich	dict-index	raw	exact	779	459
sample	rich	dict-index	raw	exact	780	666
sample	rich	dict-index	raw	exact	781	417
sample	rich	dict-index	raw	exact	782	667
sample	rich	dict-index	raw	exact	783	583
sample	rich	dict-index	raw	exact	784	916
sample	rich	dict-index	raw	exact	785	375
sample	rich	dict-index	raw	exact	786	583
sample	rich	dict-index	raw	exact	787	458
sample	rich	dict-index	raw	exact	788	583
sample	rich	dict-index	raw	exact	789	416
sample	rich	dict-index	raw	exact	790	583
sample	rich	dict-index	raw	exact	791	583
sample	rich	dict-index	raw	exact	792	750
sample	rich	dict-index	raw	exact	793	417
sample	rich	dict-index	raw	exact	794	750
sample	rich	dict-index	raw	exact	795	458
sample	rich	dict-index	raw	exact	796	542
sample	rich	dict-index	raw	exact	797	375
sample	rich	dict-index	raw	exact	798	667
sample	rich	dict-index	raw	exact	799	542
sample	rich	dict-index	raw	exact	800	917
sample	rich	dict-index	raw	exact	801	375
sample	rich	dict-index	raw	exact	802	583
sample	rich	dict-index	raw	exact	803	417
sample	rich	dict-index	raw	exact	804	625
sample	rich	dict-index	raw	exact	805	416
sample	rich	dict-index	raw	exact	806	584
sample	rich	dict-index	raw	exact	807	542
sample	rich	dict-index	raw	exact	808	583
sample	rich	dict-index	raw	exact	809	1541
sample	rich	dict-index	raw	exact	810	916
sample	rich	dict-index	raw	exact	811	500
sample	rich	dict-index	raw	exact	812	709
sample	rich	dict-index	raw	exact	813	417
sample	rich	dict-index	raw	exact	814	667
sample	rich	dict-index	raw	exact	815	625
sample	rich	dict-index	raw	exact	816	1000
sample	rich	dict-index	raw	exact	817	416
sample	rich	dict-index	raw	exact	818	625
sample	rich	dict-index	raw	exact	819	417
sample	rich	dict-index	raw	exact	820	750
sample	rich	dict-index	raw	exact	821	417
sample	rich	dict-index	raw	exact	822	667
sample	rich	dict-index	raw	exact	823	541
sample	rich	dict-index	raw	exact	824	750
sample	rich	dict-index	raw	exact	825	375
sample	rich	dict-index	raw	exact	826	666
sample	rich	dict-index	raw	exact	827	417
sample	rich	dict-index	raw	exact	828	625
sample	rich	dict-index	raw	exact	829	416
sample	rich	dict-index	raw	exact	830	583
sample	rich	dict-index	raw	exact	831	542
sample	rich	dict-index	raw	exact	832	709
sample	rich	dict-index	raw	exact	833	417
sample	rich	dict-index	raw	exact	834	792
sample	rich	dict-index	raw	exact	835	375
sample	rich	dict-index	raw	exact	836	750
sample	rich	dict-index	raw	exact	837	416
sample	rich	dict-index	raw	exact	838	625
sample	rich	dict-index	raw	exact	839	542
sample	rich	dict-index	raw	exact	840	584
sample	rich	dict-index	raw	exact	841	416
sample	rich	dict-index	raw	exact	842	625
sample	rich	dict-index	raw	exact	843	458
sample	rich	dict-index	raw	exact	844	583
sample	rich	dict-index	raw	exact	845	417
sample	rich	dict-index	raw	exact	846	625
sample	rich	dict-index	raw	exact	847	542
sample	rich	dict-index	raw	exact	848	833
sample	rich	dict-index	raw	exact	849	375
sample	rich	dict-index	raw	exact	850	750
sample	rich	dict-index	raw	exact	851	417
sample	rich	dict-index	raw	exact	852	625
sample	rich	dict-index	raw	exact	853	417
sample	rich	dict-index	raw	exact	854	708
sample	rich	dict-index	raw	exact	855	541
sample	rich	dict-index	raw	exact	856	792
sample	rich	dict-index	raw	exact	857	375
sample	rich	dict-index	raw	exact	858	584
sample	rich	dict-index	raw	exact	859	416
sample	rich	dict-index	raw	exact	860	625
sample	rich	dict-index	raw	exact	861	417
sample	rich	dict-index	raw	exact	862	584
sample	rich	dict-index	raw	exact	863	542
sample	rich	dict-index	raw	exact	864	666
sample	rich	dict-index	raw	exact	865	375
sample	rich	dict-index	raw	exact	866	583
sample	rich	dict-index	raw	exact	867	417
sample	rich	dict-index	raw	exact	868	584
sample	rich	dict-index	raw	exact	869	417
sample	rich	dict-index	raw	exact	870	625
sample	rich	dict-index	raw	exact	871	542
sample	rich	dict-index	raw	exact	872	625
sample	rich	dict-index	raw	exact	873	375
sample	rich	dict-index	raw	exact	874	625
sample	rich	dict-index	raw	exact	875	417
sample	rich	dict-index	raw	exact	876	542
sample	rich	dict-index	raw	exact	877	417
sample	rich	dict-index	raw	exact	878	708
sample	rich	dict-index	raw	exact	879	542
sample	rich	dict-index	raw	exact	880	875
sample	rich	dict-index	raw	exact	881	375
sample	rich	dict-index	raw	exact	882	542
sample	rich	dict-index	raw	exact	883	459
sample	rich	dict-index	raw	exact	884	542
sample	rich	dict-index	raw	exact	885	375
sample	rich	dict-index	raw	exact	886	750
sample	rich	dict-index	raw	exact	887	500
sample	rich	dict-index	raw	exact	888	708
sample	rich	dict-index	raw	exact	889	375
sample	rich	dict-index	raw	exact	890	542
sample	rich	dict-index	raw	exact	891	583
sample	rich	dict-index	raw	exact	892	583
sample	rich	dict-index	raw	exact	893	459
sample	rich	dict-index	raw	exact	894	584
sample	rich	dict-index	raw	exact	895	583
sample	rich	dict-index	raw	exact	896	667
sample	rich	dict-index	raw	exact	897	416
sample	rich	dict-index	raw	exact	898	583
sample	rich	dict-index	raw	exact	899	459
sample	rich	dict-index	raw	exact	900	666
sample	rich	dict-index	raw	exact	901	375
sample	rich	dict-index	raw	exact	902	583
sample	rich	dict-index	raw	exact	903	541
sample	rich	dict-index	raw	exact	904	625
sample	rich	dict-index	raw	exact	905	375
sample	rich	dict-index	raw	exact	906	500
sample	rich	dict-index	raw	exact	907	417
sample	rich	dict-index	raw	exact	908	583
sample	rich	dict-index	raw	exact	909	416
sample	rich	dict-index	raw	exact	910	542
sample	rich	dict-index	raw	exact	911	542
sample	rich	dict-index	raw	exact	912	2333
sample	rich	dict-index	raw	exact	913	459
sample	rich	dict-index	raw	exact	914	625
sample	rich	dict-index	raw	exact	915	459
sample	rich	dict-index	raw	exact	916	584
sample	rich	dict-index	raw	exact	917	417
sample	rich	dict-index	raw	exact	918	625
sample	rich	dict-index	raw	exact	919	625
sample	rich	dict-index	raw	exact	920	625
sample	rich	dict-index	raw	exact	921	416
sample	rich	dict-index	raw	exact	922	625
sample	rich	dict-index	raw	exact	923	459
sample	rich	dict-index	raw	exact	924	708
sample	rich	dict-index	raw	exact	925	375
sample	rich	dict-index	raw	exact	926	709
sample	rich	dict-index	raw	exact	927	625
sample	rich	dict-index	raw	exact	928	667
sample	rich	dict-index	raw	exact	929	375
sample	rich	dict-index	raw	exact	930	625
sample	rich	dict-index	raw	exact	931	458
sample	rich	dict-index	raw	exact	932	667
sample	rich	dict-index	raw	exact	933	416
sample	rich	dict-index	raw	exact	934	708
sample	rich	dict-index	raw	exact	935	541
sample	rich	dict-index	raw	exact	936	750
sample	rich	dict-index	raw	exact	937	459
sample	rich	dict-index	raw	exact	938	625
sample	rich	dict-index	raw	exact	939	417
sample	rich	dict-index	raw	exact	940	667
sample	rich	dict-index	raw	exact	941	459
sample	rich	dict-index	raw	exact	942	833
sample	rich	dict-index	raw	exact	943	541
sample	rich	dict-index	raw	exact	944	542
sample	rich	dict-index	raw	exact	945	333
sample	rich	dict-index	raw	exact	946	583
sample	rich	dict-index	raw	exact	947	458
sample	rich	dict-index	raw	exact	948	666
sample	rich	dict-index	raw	exact	949	416
sample	rich	dict-index	raw	exact	950	625
sample	rich	dict-index	raw	exact	951	542
sample	rich	dict-index	raw	exact	952	542
sample	rich	dict-index	raw	exact	953	416
sample	rich	dict-index	raw	exact	954	625
sample	rich	dict-index	raw	exact	955	417
sample	rich	dict-index	raw	exact	956	583
sample	rich	dict-index	raw	exact	957	417
sample	rich	dict-index	raw	exact	958	583
sample	rich	dict-index	raw	exact	959	625
sample	rich	dict-index	raw	exact	960	750
sample	rich	dict-index	raw	exact	961	416
sample	rich	dict-index	raw	exact	962	625
sample	rich	dict-index	raw	exact	963	417
sample	rich	dict-index	raw	exact	964	750
sample	rich	dict-index	raw	exact	965	417
sample	rich	dict-index	raw	exact	966	583
sample	rich	dict-index	raw	exact	967	625
sample	rich	dict-index	raw	exact	968	666
sample	rich	dict-index	raw	exact	969	375
sample	rich	dict-index	raw	exact	970	583
sample	rich	dict-index	raw	exact	971	458
sample	rich	dict-index	raw	exact	972	667
sample	rich	dict-index	raw	exact	973	458
sample	rich	dict-index	raw	exact	974	667
sample	rich	dict-index	raw	exact	975	541
sample	rich	dict-index	raw	exact	976	875
sample	rich	dict-index	raw	exact	977	416
sample	rich	dict-index	raw	exact	978	625
sample	rich	dict-index	raw	exact	979	417
sample	rich	dict-index	raw	exact	980	583
sample	rich	dict-index	raw	exact	981	416
sample	rich	dict-index	raw	exact	982	750
sample	rich	dict-index	raw	exact	983	583
sample	rich	dict-index	raw	exact	984	583
sample	rich	dict-index	raw	exact	985	333
sample	rich	dict-index	raw	exact	986	625
sample	rich	dict-index	raw	exact	987	500
sample	rich	dict-index	raw	exact	988	792
sample	rich	dict-index	raw	exact	989	375
sample	rich	dict-index	raw	exact	990	542
sample	rich	dict-index	raw	exact	991	541
sample	rich	dict-index	raw	exact	992	750
sample	rich	dict-index	raw	exact	993	375
sample	rich	dict-index	raw	exact	994	584
sample	rich	dict-index	raw	exact	995	417
sample	rich	dict-index	raw	exact	996	750
sample	rich	dict-index	raw	exact	997	375
sample	rich	dict-index	raw	exact	998	584
sample	rich	dict-index	raw	exact	999	542
sample	rich	dict-index	raw	prefix	0	2042
sample	rich	dict-index	raw	prefix	1	1083
sample	rich	dict-index	raw	prefix	2	134417
sample	rich	dict-index	raw	prefix	3	128625
sample	rich	dict-index	raw	prefix	4	6625
sample	rich	dict-index	raw	prefix	5	750
sample	rich	dict-index	raw	prefix	6	131417
sample	rich	dict-index	raw	prefix	7	135209
sample	rich	dict-index	raw	prefix	8	2125
sample	rich	dict-index	raw	prefix	9	1167
sample	rich	dict-index	raw	prefix	10	126625
sample	rich	dict-index	raw	prefix	11	134167
sample	rich	dict-index	raw	prefix	12	4416
sample	rich	dict-index	raw	prefix	13	459
sample	rich	dict-index	raw	prefix	14	130833
sample	rich	dict-index	raw	prefix	15	128541
sample	rich	dict-index	raw	prefix	16	2917
sample	rich	dict-index	raw	prefix	17	1250
sample	rich	dict-index	raw	prefix	18	131042
sample	rich	dict-index	raw	prefix	19	130708
sample	rich	dict-index	raw	prefix	20	2583
sample	rich	dict-index	raw	prefix	21	5708
sample	rich	dict-index	raw	prefix	22	330708
sample	rich	dict-index	raw	prefix	23	141958
sample	rich	dict-index	raw	prefix	24	2666
sample	rich	dict-index	raw	prefix	25	1459
sample	rich	dict-index	raw	prefix	26	125083
sample	rich	dict-index	raw	prefix	27	133292
sample	rich	dict-index	raw	prefix	28	3250
sample	rich	dict-index	raw	prefix	29	583
sample	rich	dict-index	raw	prefix	30	126500
sample	rich	dict-index	raw	prefix	31	133500
sample	rich	dict-index	raw	prefix	32	3458
sample	rich	dict-index	raw	prefix	33	1333
sample	rich	dict-index	raw	prefix	34	129209
sample	rich	dict-index	raw	prefix	35	133167
sample	rich	dict-index	raw	prefix	36	2458
sample	rich	dict-index	raw	prefix	37	542
sample	rich	dict-index	raw	prefix	38	126083
sample	rich	dict-index	raw	prefix	39	131709
sample	rich	dict-index	raw	prefix	40	4292
sample	rich	dict-index	raw	prefix	41	1750
sample	rich	dict-index	raw	prefix	42	129042
sample	rich	dict-index	raw	prefix	43	130875
sample	rich	dict-index	raw	prefix	44	2417
sample	rich	dict-index	raw	prefix	45	459
sample	rich	dict-index	raw	prefix	46	129250
sample	rich	dict-index	raw	prefix	47	134166
sample	rich	dict-index	raw	prefix	48	5292
sample	rich	dict-index	raw	prefix	49	1917
sample	rich	dict-index	raw	prefix	50	128125
sample	rich	dict-index	raw	prefix	51	347208
sample	rich	dict-index	raw	prefix	52	6958
sample	rich	dict-index	raw	prefix	53	750
sample	rich	dict-index	raw	prefix	54	135375
sample	rich	dict-index	raw	prefix	55	326125
sample	rich	dict-index	raw	prefix	56	4625
sample	rich	dict-index	raw	prefix	57	1792
sample	rich	dict-index	raw	prefix	58	129041
sample	rich	dict-index	raw	prefix	59	130625
sample	rich	dict-index	raw	prefix	60	6334
sample	rich	dict-index	raw	prefix	61	625
sample	rich	dict-index	raw	prefix	62	130959
sample	rich	dict-index	raw	prefix	63	173125
sample	rich	dict-index	raw	prefix	64	3291
sample	rich	dict-index	raw	prefix	65	1250
sample	rich	dict-index	raw	prefix	66	129416
sample	rich	dict-index	raw	prefix	67	131542
sample	rich	dict-index	raw	prefix	68	4709
sample	rich	dict-index	raw	prefix	69	583
sample	rich	dict-index	raw	prefix	70	127792
sample	rich	dict-index	raw	prefix	71	130375
sample	rich	dict-index	raw	prefix	72	2250
sample	rich	dict-index	raw	prefix	73	1042
sample	rich	dict-index	raw	prefix	74	126208
sample	rich	dict-index	raw	prefix	75	128250
sample	rich	dict-index	raw	prefix	76	2250
sample	rich	dict-index	raw	prefix	77	458
sample	rich	dict-index	raw	prefix	78	126333
sample	rich	dict-index	raw	prefix	79	131500
sample	rich	dict-index	raw	prefix	80	2208
sample	rich	dict-index	raw	prefix	81	1083
sample	rich	dict-index	raw	prefix	82	386208
sample	rich	dict-index	raw	prefix	83	135541
sample	rich	dict-index	raw	prefix	84	2666
sample	rich	dict-index	raw	prefix	85	584
sample	rich	dict-index	raw	prefix	86	128792
sample	rich	dict-index	raw	prefix	87	143875
sample	rich	dict-index	raw	prefix	88	3292
sample	rich	dict-index	raw	prefix	89	1583
sample	rich	dict-index	raw	prefix	90	128583
sample	rich	dict-index	raw	prefix	91	136833
sample	rich	dict-index	raw	prefix	92	3125
sample	rich	dict-index	raw	prefix	93	542
sample	rich	dict-index	raw	prefix	94	239000
sample	rich	dict-index	raw	prefix	95	131541
sample	rich	dict-index	raw	prefix	96	5167
sample	rich	dict-index	raw	prefix	97	1708
sample	rich	dict-index	raw	prefix	98	135625
sample	rich	dict-index	raw	prefix	99	132500
sample	rich	dict-index	raw	prefix	100	3084
sample	rich	dict-index	raw	prefix	101	625
sample	rich	dict-index	raw	prefix	102	126042
sample	rich	dict-index	raw	prefix	103	130791
sample	rich	dict-index	raw	prefix	104	3625
sample	rich	dict-index	raw	prefix	105	958
sample	rich	dict-index	raw	prefix	106	125500
sample	rich	dict-index	raw	prefix	107	131416
sample	rich	dict-index	raw	prefix	108	2583
sample	rich	dict-index	raw	prefix	109	542
sample	rich	dict-index	raw	prefix	110	125583
sample	rich	dict-index	raw	prefix	111	136250
sample	rich	dict-index	raw	prefix	112	2083
sample	rich	dict-index	raw	prefix	113	1292
sample	rich	dict-index	raw	prefix	114	123875
sample	rich	dict-index	raw	prefix	115	126167
sample	rich	dict-index	raw	prefix	116	6417
sample	rich	dict-index	raw	prefix	117	708
sample	rich	dict-index	raw	prefix	118	134667
sample	rich	dict-index	raw	prefix	119	130708
sample	rich	dict-index	raw	prefix	120	2459
sample	rich	dict-index	raw	prefix	121	1292
sample	rich	dict-index	raw	prefix	122	129166
sample	rich	dict-index	raw	prefix	123	129292
sample	rich	dict-index	raw	prefix	124	7125
sample	rich	dict-index	raw	prefix	125	625
sample	rich	dict-index	raw	prefix	126	127791
sample	rich	dict-index	raw	prefix	127	127958
sample	rich	dict-index	raw	prefix	128	2916
sample	rich	dict-index	raw	prefix	129	1333
sample	rich	dict-index	raw	prefix	130	129584
sample	rich	dict-index	raw	prefix	131	144458
sample	rich	dict-index	raw	prefix	132	3708
sample	rich	dict-index	raw	prefix	133	625
sample	rich	dict-index	raw	prefix	134	131958
sample	rich	dict-index	raw	prefix	135	131000
sample	rich	dict-index	raw	prefix	136	12375
sample	rich	dict-index	raw	prefix	137	3709
sample	rich	dict-index	raw	prefix	138	270167
sample	rich	dict-index	raw	prefix	139	132417
sample	rich	dict-index	raw	prefix	140	3958
sample	rich	dict-index	raw	prefix	141	500
sample	rich	dict-index	raw	prefix	142	191791
sample	rich	dict-index	raw	prefix	143	131625
sample	rich	dict-index	raw	prefix	144	2625
sample	rich	dict-index	raw	prefix	145	1917
sample	rich	dict-index	raw	prefix	146	129459
sample	rich	dict-index	raw	prefix	147	130750
sample	rich	dict-index	raw	prefix	148	2625
sample	rich	dict-index	raw	prefix	149	667
sample	rich	dict-index	raw	prefix	150	129833
sample	rich	dict-index	raw	prefix	151	135709
sample	rich	dict-index	raw	prefix	152	2333
sample	rich	dict-index	raw	prefix	153	1500
sample	rich	dict-index	raw	prefix	154	263667
sample	rich	dict-index	raw	prefix	155	132125
sample	rich	dict-index	raw	prefix	156	2917
sample	rich	dict-index	raw	prefix	157	625
sample	rich	dict-index	raw	prefix	158	125458
sample	rich	dict-index	raw	prefix	159	430291
sample	rich	dict-index	raw	prefix	160	4458
sample	rich	dict-index	raw	prefix	161	1500
sample	rich	dict-index	raw	prefix	162	131750
sample	rich	dict-index	raw	prefix	163	343875
sample	rich	dict-index	raw	prefix	164	5708
sample	rich	dict-index	raw	prefix	165	542
sample	rich	dict-index	raw	prefix	166	130291
sample	rich	dict-index	raw	prefix	167	132792
sample	rich	dict-index	raw	prefix	168	2792
sample	rich	dict-index	raw	prefix	169	1458
sample	rich	dict-index	raw	prefix	170	125750
sample	rich	dict-index	raw	prefix	171	126917
sample	rich	dict-index	raw	prefix	172	3208
sample	rich	dict-index	raw	prefix	173	500
sample	rich	dict-index	raw	prefix	174	122334
sample	rich	dict-index	raw	prefix	175	126833
sample	rich	dict-index	raw	prefix	176	6583
sample	rich	dict-index	raw	prefix	177	1916
sample	rich	dict-index	raw	prefix	178	132792
sample	rich	dict-index	raw	prefix	179	131416
sample	rich	dict-index	raw	prefix	180	2500
sample	rich	dict-index	raw	prefix	181	541
sample	rich	dict-index	raw	prefix	182	131250
sample	rich	dict-index	raw	prefix	183	139167
sample	rich	dict-index	raw	prefix	184	7458
sample	rich	dict-index	raw	prefix	185	2500
sample	rich	dict-index	raw	prefix	186	127500
sample	rich	dict-index	raw	prefix	187	129500
sample	rich	dict-index	raw	prefix	188	2750
sample	rich	dict-index	raw	prefix	189	583
sample	rich	dict-index	raw	prefix	190	124875
sample	rich	dict-index	raw	prefix	191	132542
sample	rich	dict-index	raw	prefix	192	2625
sample	rich	dict-index	raw	prefix	193	1291
sample	rich	dict-index	raw	prefix	194	127583
sample	rich	dict-index	raw	prefix	195	126250
sample	rich	dict-index	raw	prefix	196	2500
sample	rich	dict-index	raw	prefix	197	500
sample	rich	dict-index	raw	prefix	198	125333
sample	rich	dict-index	raw	prefix	199	141666
sample	rich	dict-index	raw	prefix	200	4292
sample	rich	dict-index	raw	prefix	201	1084
sample	rich	dict-index	raw	prefix	202	125292
sample	rich	dict-index	raw	prefix	203	126958
sample	rich	dict-index	raw	prefix	204	2708
sample	rich	dict-index	raw	prefix	205	500
sample	rich	dict-index	raw	prefix	206	125917
sample	rich	dict-index	raw	prefix	207	130291
sample	rich	dict-index	raw	prefix	208	6042
sample	rich	dict-index	raw	prefix	209	2084
sample	rich	dict-index	raw	prefix	210	125584
sample	rich	dict-index	raw	prefix	211	212708
sample	rich	dict-index	raw	prefix	212	3833
sample	rich	dict-index	raw	prefix	213	625
sample	rich	dict-index	raw	prefix	214	125833
sample	rich	dict-index	raw	prefix	215	129333
sample	rich	dict-index	raw	prefix	216	2000
sample	rich	dict-index	raw	prefix	217	8959
sample	rich	dict-index	raw	prefix	218	130458
sample	rich	dict-index	raw	prefix	219	129041
sample	rich	dict-index	raw	prefix	220	4334
sample	rich	dict-index	raw	prefix	221	583
sample	rich	dict-index	raw	prefix	222	127500
sample	rich	dict-index	raw	prefix	223	145958
sample	rich	dict-index	raw	prefix	224	6500
sample	rich	dict-index	raw	prefix	225	6209
sample	rich	dict-index	raw	prefix	226	274291
sample	rich	dict-index	raw	prefix	227	134792
sample	rich	dict-index	raw	prefix	228	4500
sample	rich	dict-index	raw	prefix	229	625
sample	rich	dict-index	raw	prefix	230	127208
sample	rich	dict-index	raw	prefix	231	128500
sample	rich	dict-index	raw	prefix	232	5917
sample	rich	dict-index	raw	prefix	233	1500
sample	rich	dict-index	raw	prefix	234	129042
sample	rich	dict-index	raw	prefix	235	127459
sample	rich	dict-index	raw	prefix	236	6583
sample	rich	dict-index	raw	prefix	237	584
sample	rich	dict-index	raw	prefix	238	129625
sample	rich	dict-index	raw	prefix	239	129292
sample	rich	dict-index	raw	prefix	240	4916
sample	rich	dict-index	raw	prefix	241	1917
sample	rich	dict-index	raw	prefix	242	130166
sample	rich	dict-index	raw	prefix	243	124167
sample	rich	dict-index	raw	prefix	244	2542
sample	rich	dict-index	raw	prefix	245	583
sample	rich	dict-index	raw	prefix	246	123416
sample	rich	dict-index	raw	prefix	247	127750
sample	rich	dict-index	raw	prefix	248	4875
sample	rich	dict-index	raw	prefix	249	1417
sample	rich	dict-index	raw	prefix	250	129917
sample	rich	dict-index	raw	prefix	251	129833
sample	rich	dict-index	raw	prefix	252	13334
sample	rich	dict-index	raw	prefix	253	1250
sample	rich	dict-index	raw	prefix	254	291542
sample	rich	dict-index	raw	prefix	255	158167
sample	rich	dict-index	raw	prefix	256	6875
sample	rich	dict-index	raw	prefix	257	6959
sample	rich	dict-index	raw	prefix	258	372000
sample	rich	dict-index	raw	prefix	259	136583
sample	rich	dict-index	raw	prefix	260	19250
sample	rich	dict-index	raw	prefix	261	1500
sample	rich	dict-index	raw	prefix	262	288583
sample	rich	dict-index	raw	prefix	263	353625
sample	rich	dict-index	raw	prefix	264	11209
sample	rich	dict-index	raw	prefix	265	4458
sample	rich	dict-index	raw	prefix	266	389875
sample	rich	dict-index	raw	prefix	267	135084
sample	rich	dict-index	raw	prefix	268	6125
sample	rich	dict-index	raw	prefix	269	625
sample	rich	dict-index	raw	prefix	270	132000
sample	rich	dict-index	raw	prefix	271	130625
sample	rich	dict-index	raw	prefix	272	2708
sample	rich	dict-index	raw	prefix	273	1500
sample	rich	dict-index	raw	prefix	274	344209
sample	rich	dict-index	raw	prefix	275	135041
sample	rich	dict-index	raw	prefix	276	4208
sample	rich	dict-index	raw	prefix	277	584
sample	rich	dict-index	raw	prefix	278	175417
sample	rich	dict-index	raw	prefix	279	138209
sample	rich	dict-index	raw	prefix	280	7125
sample	rich	dict-index	raw	prefix	281	1792
sample	rich	dict-index	raw	prefix	282	131792
sample	rich	dict-index	raw	prefix	283	128917
sample	rich	dict-index	raw	prefix	284	4625
sample	rich	dict-index	raw	prefix	285	583
sample	rich	dict-index	raw	prefix	286	263333
sample	rich	dict-index	raw	prefix	287	139166
sample	rich	dict-index	raw	prefix	288	2541
sample	rich	dict-index	raw	prefix	289	1459
sample	rich	dict-index	raw	prefix	290	129709
sample	rich	dict-index	raw	prefix	291	132750
sample	rich	dict-index	raw	prefix	292	3416
sample	rich	dict-index	raw	prefix	293	542
sample	rich	dict-index	raw	prefix	294	125708
sample	rich	dict-index	raw	prefix	295	132750
sample	rich	dict-index	raw	prefix	296	2333
sample	rich	dict-index	raw	prefix	297	1500
sample	rich	dict-index	raw	prefix	298	125584
sample	rich	dict-index	raw	prefix	299	129708
sample	rich	dict-index	raw	prefix	300	2333
sample	rich	dict-index	raw	prefix	301	542
sample	rich	dict-index	raw	prefix	302	125083
sample	rich	dict-index	raw	prefix	303	130292
sample	rich	dict-index	raw	prefix	304	2875
sample	rich	dict-index	raw	prefix	305	1625
sample	rich	dict-index	raw	prefix	306	127625
sample	rich	dict-index	raw	prefix	307	126541
sample	rich	dict-index	raw	prefix	308	4750
sample	rich	dict-index	raw	prefix	309	500
sample	rich	dict-index	raw	prefix	310	128333
sample	rich	dict-index	raw	prefix	311	130792
sample	rich	dict-index	raw	prefix	312	5791
sample	rich	dict-index	raw	prefix	313	2125
sample	rich	dict-index	raw	prefix	314	131250
sample	rich	dict-index	raw	prefix	315	129542
sample	rich	dict-index	raw	prefix	316	7584
sample	rich	dict-index	raw	prefix	317	500
sample	rich	dict-index	raw	prefix	318	132209
sample	rich	dict-index	raw	prefix	319	139667
sample	rich	dict-index	raw	prefix	320	2417
sample	rich	dict-index	raw	prefix	321	1458
sample	rich	dict-index	raw	prefix	322	130084
sample	rich	dict-index	raw	prefix	323	134416
sample	rich	dict-index	raw	prefix	324	7209
sample	rich	dict-index	raw	prefix	325	14875
sample	rich	dict-index	raw	prefix	326	184667
sample	rich	dict-index	raw	prefix	327	139250
sample	rich	dict-index	raw	prefix	328	3750
sample	rich	dict-index	raw	prefix	329	5958
sample	rich	dict-index	raw	prefix	330	128292
sample	rich	dict-index	raw	prefix	331	130250
sample	rich	dict-index	raw	prefix	332	2583
sample	rich	dict-index	raw	prefix	333	583
sample	rich	dict-index	raw	prefix	334	123916
sample	rich	dict-index	raw	prefix	335	135958
sample	rich	dict-index	raw	prefix	336	2542
sample	rich	dict-index	raw	prefix	337	1208
sample	rich	dict-index	raw	prefix	338	128334
sample	rich	dict-index	raw	prefix	339	132625
sample	rich	dict-index	raw	prefix	340	2625
sample	rich	dict-index	raw	prefix	341	625
sample	rich	dict-index	raw	prefix	342	126583
sample	rich	dict-index	raw	prefix	343	130084
sample	rich	dict-index	raw	prefix	344	2417
sample	rich	dict-index	raw	prefix	345	959
sample	rich	dict-index	raw	prefix	346	127958
sample	rich	dict-index	raw	prefix	347	133709
sample	rich	dict-index	raw	prefix	348	9709
sample	rich	dict-index	raw	prefix	349	1083
sample	rich	dict-index	raw	prefix	350	328375
sample	rich	dict-index	raw	prefix	351	142125
sample	rich	dict-index	raw	prefix	352	3000
sample	rich	dict-index	raw	prefix	353	1334
sample	rich	dict-index	raw	prefix	354	127000
sample	rich	dict-index	raw	prefix	355	138750
sample	rich	dict-index	raw	prefix	356	19541
sample	rich	dict-index	raw	prefix	357	4417
sample	rich	dict-index	raw	prefix	358	367334
sample	rich	dict-index	raw	prefix	359	137875
sample	rich	dict-index	raw	prefix	360	18541
sample	rich	dict-index	raw	prefix	361	3458
sample	rich	dict-index	raw	prefix	362	333792
sample	rich	dict-index	raw	prefix	363	133916
sample	rich	dict-index	raw	prefix	364	2833
sample	rich	dict-index	raw	prefix	365	542
sample	rich	dict-index	raw	prefix	366	128208
sample	rich	dict-index	raw	prefix	367	130041
sample	rich	dict-index	raw	prefix	368	5208
sample	rich	dict-index	raw	prefix	369	1833
sample	rich	dict-index	raw	prefix	370	130083
sample	rich	dict-index	raw	prefix	371	136584
sample	rich	dict-index	raw	prefix	372	2542
sample	rich	dict-index	raw	prefix	373	542
sample	rich	dict-index	raw	prefix	374	124042
sample	rich	dict-index	raw	prefix	375	134833
sample	rich	dict-index	raw	prefix	376	2750
sample	rich	dict-index	raw	prefix	377	1375
sample	rich	dict-index	raw	prefix	378	127791
sample	rich	dict-index	raw	prefix	379	129625
sample	rich	dict-index	raw	prefix	380	2542
sample	rich	dict-index	raw	prefix	381	500
sample	rich	dict-index	raw	prefix	382	125958
sample	rich	dict-index	raw	prefix	383	204000
sample	rich	dict-index	raw	prefix	384	3417
sample	rich	dict-index	raw	prefix	385	1791
sample	rich	dict-index	raw	prefix	386	129375
sample	rich	dict-index	raw	prefix	387	139333
sample	rich	dict-index	raw	prefix	388	7125
sample	rich	dict-index	raw	prefix	389	542
sample	rich	dict-index	raw	prefix	390	127542
sample	rich	dict-index	raw	prefix	391	129167
sample	rich	dict-index	raw	prefix	392	3792
sample	rich	dict-index	raw	prefix	393	1959
sample	rich	dict-index	raw	prefix	394	130667
sample	rich	dict-index	raw	prefix	395	134875
sample	rich	dict-index	raw	prefix	396	13375
sample	rich	dict-index	raw	prefix	397	4250
sample	rich	dict-index	raw	prefix	398	273583
sample	rich	dict-index	raw	prefix	399	136584
sample	rich	dict-index	raw	prefix	400	13916
sample	rich	dict-index	raw	prefix	401	4708
sample	rich	dict-index	raw	prefix	402	345958
sample	rich	dict-index	raw	prefix	403	133458
sample	rich	dict-index	raw	prefix	404	3959
sample	rich	dict-index	raw	prefix	405	667
sample	rich	dict-index	raw	prefix	406	125500
sample	rich	dict-index	raw	prefix	407	130500
sample	rich	dict-index	raw	prefix	408	2458
sample	rich	dict-index	raw	prefix	409	1542
sample	rich	dict-index	raw	prefix	410	126542
sample	rich	dict-index	raw	prefix	411	138459
sample	rich	dict-index	raw	prefix	412	2666
sample	rich	dict-index	raw	prefix	413	708
sample	rich	dict-index	raw	prefix	414	429708
sample	rich	dict-index	raw	prefix	415	136916
sample	rich	dict-index	raw	prefix	416	2667
sample	rich	dict-index	raw	prefix	417	1542
sample	rich	dict-index	raw	prefix	418	123625
sample	rich	dict-index	raw	prefix	419	404958
sample	rich	dict-index	raw	prefix	420	6708
sample	rich	dict-index	raw	prefix	421	667
sample	rich	dict-index	raw	prefix	422	166708
sample	rich	dict-index	raw	prefix	423	130000
sample	rich	dict-index	raw	prefix	424	4958
sample	rich	dict-index	raw	prefix	425	1708
sample	rich	dict-index	raw	prefix	426	125875
sample	rich	dict-index	raw	prefix	427	126667
sample	rich	dict-index	raw	prefix	428	2375
sample	rich	dict-index	raw	prefix	429	584
sample	rich	dict-index	raw	prefix	430	125541
sample	rich	dict-index	raw	prefix	431	136834
sample	rich	dict-index	raw	prefix	432	2250
sample	rich	dict-index	raw	prefix	433	1292
sample	rich	dict-index	raw	prefix	434	126541
sample	rich	dict-index	raw	prefix	435	128750
sample	rich	dict-index	raw	prefix	436	2583
sample	rich	dict-index	raw	prefix	437	584
sample	rich	dict-index	raw	prefix	438	127291
sample	rich	dict-index	raw	prefix	439	131125
sample	rich	dict-index	raw	prefix	440	2500
sample	rich	dict-index	raw	prefix	441	1375
sample	rich	dict-index	raw	prefix	442	125750
sample	rich	dict-index	raw	prefix	443	129792
sample	rich	dict-index	raw	prefix	444	12542
sample	rich	dict-index	raw	prefix	445	1125
sample	rich	dict-index	raw	prefix	446	357709
sample	rich	dict-index	raw	prefix	447	134334
sample	rich	dict-index	raw	prefix	448	2667
sample	rich	dict-index	raw	prefix	449	1333
sample	rich	dict-index	raw	prefix	450	126792
sample	rich	dict-index	raw	prefix	451	126958
sample	rich	dict-index	raw	prefix	452	5333
sample	rich	dict-index	raw	prefix	453	583
sample	rich	dict-index	raw	prefix	454	126167
sample	rich	dict-index	raw	prefix	455	130459
sample	rich	dict-index	raw	prefix	456	2750
sample	rich	dict-index	raw	prefix	457	1250
sample	rich	dict-index	raw	prefix	458	122833
sample	rich	dict-index	raw	prefix	459	130917
sample	rich	dict-index	raw	prefix	460	2416
sample	rich	dict-index	raw	prefix	461	625
sample	rich	dict-index	raw	prefix	462	123166
sample	rich	dict-index	raw	prefix	463	354166
sample	rich	dict-index	raw	prefix	464	3375
sample	rich	dict-index	raw	prefix	465	1167
sample	rich	dict-index	raw	prefix	466	125833
sample	rich	dict-index	raw	prefix	467	143417
sample	rich	dict-index	raw	prefix	468	3125
sample	rich	dict-index	raw	prefix	469	500
sample	rich	dict-index	raw	prefix	470	125625
sample	rich	dict-index	raw	prefix	471	127167
sample	rich	dict-index	raw	prefix	472	2750
sample	rich	dict-index	raw	prefix	473	1041
sample	rich	dict-index	raw	prefix	474	126334
sample	rich	dict-index	raw	prefix	475	126458
sample	rich	dict-index	raw	prefix	476	4416
sample	rich	dict-index	raw	prefix	477	500
sample	rich	dict-index	raw	prefix	478	126167
sample	rich	dict-index	raw	prefix	479	129167
sample	rich	dict-index	raw	prefix	480	6958
sample	rich	dict-index	raw	prefix	481	1625
sample	rich	dict-index	raw	prefix	482	127875
sample	rich	dict-index	raw	prefix	483	127917
sample	rich	dict-index	raw	prefix	484	7459
sample	rich	dict-index	raw	prefix	485	750
sample	rich	dict-index	raw	prefix	486	129458
sample	rich	dict-index	raw	prefix	487	134417
sample	rich	dict-index	raw	prefix	488	6167
sample	rich	dict-index	raw	prefix	489	1958
sample	rich	dict-index	raw	prefix	490	137250
sample	rich	dict-index	raw	prefix	491	127958
sample	rich	dict-index	raw	prefix	492	2834
sample	rich	dict-index	raw	prefix	493	584
sample	rich	dict-index	raw	prefix	494	127834
sample	rich	dict-index	raw	prefix	495	288375
sample	rich	dict-index	raw	prefix	496	6333
sample	rich	dict-index	raw	prefix	497	1709
sample	rich	dict-index	raw	prefix	498	127084
sample	rich	dict-index	raw	prefix	499	188500
sample	rich	dict-index	raw	prefix	500	4667
sample	rich	dict-index	raw	prefix	501	458
sample	rich	dict-index	raw	prefix	502	127958
sample	rich	dict-index	raw	prefix	503	128709
sample	rich	dict-index	raw	prefix	504	6708
sample	rich	dict-index	raw	prefix	505	2292
sample	rich	dict-index	raw	prefix	506	132375
sample	rich	dict-index	raw	prefix	507	168291
sample	rich	dict-index	raw	prefix	508	5083
sample	rich	dict-index	raw	prefix	509	584
sample	rich	dict-index	raw	prefix	510	130375
sample	rich	dict-index	raw	prefix	511	141792
sample	rich	dict-index	raw	prefix	512	7792
sample	rich	dict-index	raw	prefix	513	2084
sample	rich	dict-index	raw	prefix	514	400917
sample	rich	dict-index	raw	prefix	515	136750
sample	rich	dict-index	raw	prefix	516	19916
sample	rich	dict-index	raw	prefix	517	1792
sample	rich	dict-index	raw	prefix	518	232583
sample	rich	dict-index	raw	prefix	519	141042
sample	rich	dict-index	raw	prefix	520	5250
sample	rich	dict-index	raw	prefix	521	2208
sample	rich	dict-index	raw	prefix	522	134584
sample	rich	dict-index	raw	prefix	523	435625
sample	rich	dict-index	raw	prefix	524	7500
sample	rich	dict-index	raw	prefix	525	750
sample	rich	dict-index	raw	prefix	526	154791
sample	rich	dict-index	raw	prefix	527	342583
sample	rich	dict-index	raw	prefix	528	5958
sample	rich	dict-index	raw	prefix	529	1708
sample	rich	dict-index	raw	prefix	530	134042
sample	rich	dict-index	raw	prefix	531	171292
sample	rich	dict-index	raw	prefix	532	4000
sample	rich	dict-index	raw	prefix	533	5333
sample	rich	dict-index	raw	prefix	534	132125
sample	rich	dict-index	raw	prefix	535	134541
sample	rich	dict-index	raw	prefix	536	9625
sample	rich	dict-index	raw	prefix	537	2542
sample	rich	dict-index	raw	prefix	538	136250
sample	rich	dict-index	raw	prefix	539	131333
sample	rich	dict-index	raw	prefix	540	7708
sample	rich	dict-index	raw	prefix	541	500
sample	rich	dict-index	raw	prefix	542	129709
sample	rich	dict-index	raw	prefix	543	137875
sample	rich	dict-index	raw	prefix	544	6333
sample	rich	dict-index	raw	prefix	545	2083
sample	rich	dict-index	raw	prefix	546	129125
sample	rich	dict-index	raw	prefix	547	143666
sample	rich	dict-index	raw	prefix	548	7375
sample	rich	dict-index	raw	prefix	549	625
sample	rich	dict-index	raw	prefix	550	133458
sample	rich	dict-index	raw	prefix	551	135125
sample	rich	dict-index	raw	prefix	552	5375
sample	rich	dict-index	raw	prefix	553	1500
sample	rich	dict-index	raw	prefix	554	129417
sample	rich	dict-index	raw	prefix	555	137292
sample	rich	dict-index	raw	prefix	556	17209
sample	rich	dict-index	raw	prefix	557	2084
sample	rich	dict-index	raw	prefix	558	346959
sample	rich	dict-index	raw	prefix	559	357334
sample	rich	dict-index	raw	prefix	560	6625
sample	rich	dict-index	raw	prefix	561	1792
sample	rich	dict-index	raw	prefix	562	131125
sample	rich	dict-index	raw	prefix	563	131792
sample	rich	dict-index	raw	prefix	564	4166
sample	rich	dict-index	raw	prefix	565	625
sample	rich	dict-index	raw	prefix	566	128666
sample	rich	dict-index	raw	prefix	567	135041
sample	rich	dict-index	raw	prefix	568	14625
sample	rich	dict-index	raw	prefix	569	4250
sample	rich	dict-index	raw	prefix	570	431458
sample	rich	dict-index	raw	prefix	571	398541
sample	rich	dict-index	raw	prefix	572	17625
sample	rich	dict-index	raw	prefix	573	2875
sample	rich	dict-index	raw	prefix	574	132125
sample	rich	dict-index	raw	prefix	575	139333
sample	rich	dict-index	raw	prefix	576	7084
sample	rich	dict-index	raw	prefix	577	2000
sample	rich	dict-index	raw	prefix	578	129625
sample	rich	dict-index	raw	prefix	579	128459
sample	rich	dict-index	raw	prefix	580	5833
sample	rich	dict-index	raw	prefix	581	584
sample	rich	dict-index	raw	prefix	582	126125
sample	rich	dict-index	raw	prefix	583	401500
sample	rich	dict-index	raw	prefix	584	9167
sample	rich	dict-index	raw	prefix	585	2042
sample	rich	dict-index	raw	prefix	586	135375
sample	rich	dict-index	raw	prefix	587	395208
sample	rich	dict-index	raw	prefix	588	11209
sample	rich	dict-index	raw	prefix	589	750
sample	rich	dict-index	raw	prefix	590	152208
sample	rich	dict-index	raw	prefix	591	129500
sample	rich	dict-index	raw	prefix	592	5459
sample	rich	dict-index	raw	prefix	593	1584
sample	rich	dict-index	raw	prefix	594	130250
sample	rich	dict-index	raw	prefix	595	357000
sample	rich	dict-index	raw	prefix	596	12875
sample	rich	dict-index	raw	prefix	597	5125
sample	rich	dict-index	raw	prefix	598	139875
sample	rich	dict-index	raw	prefix	599	140333
sample	rich	dict-index	raw	prefix	600	4500
sample	rich	dict-index	raw	prefix	601	1667
sample	rich	dict-index	raw	prefix	602	133500
sample	rich	dict-index	raw	prefix	603	136250
sample	rich	dict-index	raw	prefix	604	3375
sample	rich	dict-index	raw	prefix	605	750
sample	rich	dict-index	raw	prefix	606	127750
sample	rich	dict-index	raw	prefix	607	136000
sample	rich	dict-index	raw	prefix	608	4250
sample	rich	dict-index	raw	prefix	609	1708
sample	rich	dict-index	raw	prefix	610	130625
sample	rich	dict-index	raw	prefix	611	133250
sample	rich	dict-index	raw	prefix	612	10542
sample	rich	dict-index	raw	prefix	613	1750
sample	rich	dict-index	raw	prefix	614	127708
sample	rich	dict-index	raw	prefix	615	136625
sample	rich	dict-index	raw	prefix	616	13000
sample	rich	dict-index	raw	prefix	617	22541
sample	rich	dict-index	raw	prefix	618	436500
sample	rich	dict-index	raw	prefix	619	137333
sample	rich	dict-index	raw	prefix	620	22625
sample	rich	dict-index	raw	prefix	621	4000
sample	rich	dict-index	raw	prefix	622	410208
sample	rich	dict-index	raw	prefix	623	392083
sample	rich	dict-index	raw	prefix	624	8208
sample	rich	dict-index	raw	prefix	625	1791
sample	rich	dict-index	raw	prefix	626	138042
sample	rich	dict-index	raw	prefix	627	278084
sample	rich	dict-index	raw	prefix	628	8125
sample	rich	dict-index	raw	prefix	629	5000
sample	rich	dict-index	raw	prefix	630	449709
sample	rich	dict-index	raw	prefix	631	157417
sample	rich	dict-index	raw	prefix	632	8042
sample	rich	dict-index	raw	prefix	633	2333
sample	rich	dict-index	raw	prefix	634	130500
sample	rich	dict-index	raw	prefix	635	141417
sample	rich	dict-index	raw	prefix	636	4167
sample	rich	dict-index	raw	prefix	637	708
sample	rich	dict-index	raw	prefix	638	128709
sample	rich	dict-index	raw	prefix	639	147500
sample	rich	dict-index	raw	prefix	640	3833
sample	rich	dict-index	raw	prefix	641	2084
sample	rich	dict-index	raw	prefix	642	132959
sample	rich	dict-index	raw	prefix	643	141583
sample	rich	dict-index	raw	prefix	644	3958
sample	rich	dict-index	raw	prefix	645	542
sample	rich	dict-index	raw	prefix	646	131291
sample	rich	dict-index	raw	prefix	647	132416
sample	rich	dict-index	raw	prefix	648	3083
sample	rich	dict-index	raw	prefix	649	1417
sample	rich	dict-index	raw	prefix	650	124417
sample	rich	dict-index	raw	prefix	651	124875
sample	rich	dict-index	raw	prefix	652	7250
sample	rich	dict-index	raw	prefix	653	667
sample	rich	dict-index	raw	prefix	654	134458
sample	rich	dict-index	raw	prefix	655	248417
sample	rich	dict-index	raw	prefix	656	5291
sample	rich	dict-index	raw	prefix	657	1542
sample	rich	dict-index	raw	prefix	658	132041
sample	rich	dict-index	raw	prefix	659	131250
sample	rich	dict-index	raw	prefix	660	27625
sample	rich	dict-index	raw	prefix	661	958
sample	rich	dict-index	raw	prefix	662	132625
sample	rich	dict-index	raw	prefix	663	135833
sample	rich	dict-index	raw	prefix	664	3792
sample	rich	dict-index	raw	prefix	665	1834
sample	rich	dict-index	raw	prefix	666	128250
sample	rich	dict-index	raw	prefix	667	142750
sample	rich	dict-index	raw	prefix	668	4667
sample	rich	dict-index	raw	prefix	669	625
sample	rich	dict-index	raw	prefix	670	129458
sample	rich	dict-index	raw	prefix	671	155834
sample	rich	dict-index	raw	prefix	672	4625
sample	rich	dict-index	raw	prefix	673	1959
sample	rich	dict-index	raw	prefix	674	130333
sample	rich	dict-index	raw	prefix	675	130750
sample	rich	dict-index	raw	prefix	676	6958
sample	rich	dict-index	raw	prefix	677	708
sample	rich	dict-index	raw	prefix	678	132834
sample	rich	dict-index	raw	prefix	679	134208
sample	rich	dict-index	raw	prefix	680	3917
sample	rich	dict-index	raw	prefix	681	1375
sample	rich	dict-index	raw	prefix	682	125500
sample	rich	dict-index	raw	prefix	683	127000
sample	rich	dict-index	raw	prefix	684	2333
sample	rich	dict-index	raw	prefix	685	458
sample	rich	dict-index	raw	prefix	686	125833
sample	rich	dict-index	raw	prefix	687	131333
sample	rich	dict-index	raw	prefix	688	5792
sample	rich	dict-index	raw	prefix	689	1750
sample	rich	dict-index	raw	prefix	690	224041
sample	rich	dict-index	raw	prefix	691	139625
sample	rich	dict-index	raw	prefix	692	5041
sample	rich	dict-index	raw	prefix	693	666
sample	rich	dict-index	raw	prefix	694	127542
sample	rich	dict-index	raw	prefix	695	154541
sample	rich	dict-index	raw	prefix	696	3417
sample	rich	dict-index	raw	prefix	697	1458
sample	rich	dict-index	raw	prefix	698	131209
sample	rich	dict-index	raw	prefix	699	203041
sample	rich	dict-index	raw	prefix	700	9791
sample	rich	dict-index	raw	prefix	701	667
sample	rich	dict-index	raw	prefix	702	130083
sample	rich	dict-index	raw	prefix	703	133417
sample	rich	dict-index	raw	prefix	704	3000
sample	rich	dict-index	raw	prefix	705	1042
sample	rich	dict-index	raw	prefix	706	127792
sample	rich	dict-index	raw	prefix	707	128750
sample	rich	dict-index	raw	prefix	708	2666
sample	rich	dict-index	raw	prefix	709	583
sample	rich	dict-index	raw	prefix	710	127834
sample	rich	dict-index	raw	prefix	711	135042
sample	rich	dict-index	raw	prefix	712	4166
sample	rich	dict-index	raw	prefix	713	1250
sample	rich	dict-index	raw	prefix	714	128959
sample	rich	dict-index	raw	prefix	715	132000
sample	rich	dict-index	raw	prefix	716	11625
sample	rich	dict-index	raw	prefix	717	1083
sample	rich	dict-index	raw	prefix	718	164208
sample	rich	dict-index	raw	prefix	719	131917
sample	rich	dict-index	raw	prefix	720	3541
sample	rich	dict-index	raw	prefix	721	1791
sample	rich	dict-index	raw	prefix	722	127875
sample	rich	dict-index	raw	prefix	723	128792
sample	rich	dict-index	raw	prefix	724	6583
sample	rich	dict-index	raw	prefix	725	458
sample	rich	dict-index	raw	prefix	726	130750
sample	rich	dict-index	raw	prefix	727	359250
sample	rich	dict-index	raw	prefix	728	12500
sample	rich	dict-index	raw	prefix	729	2375
sample	rich	dict-index	raw	prefix	730	292083
sample	rich	dict-index	raw	prefix	731	244625
sample	rich	dict-index	raw	prefix	732	9042
sample	rich	dict-index	raw	prefix	733	1292
sample	rich	dict-index	raw	prefix	734	129792
sample	rich	dict-index	raw	prefix	735	136709
sample	rich	dict-index	raw	prefix	736	5125
sample	rich	dict-index	raw	prefix	737	1375
sample	rich	dict-index	raw	prefix	738	130167
sample	rich	dict-index	raw	prefix	739	126875
sample	rich	dict-index	raw	prefix	740	4000
sample	rich	dict-index	raw	prefix	741	583
sample	rich	dict-index	raw	prefix	742	129292
sample	rich	dict-index	raw	prefix	743	135250
sample	rich	dict-index	raw	prefix	744	7417
sample	rich	dict-index	raw	prefix	745	2125
sample	rich	dict-index	raw	prefix	746	133584
sample	rich	dict-index	raw	prefix	747	190500
sample	rich	dict-index	raw	prefix	748	4875
sample	rich	dict-index	raw	prefix	749	500
sample	rich	dict-index	raw	prefix	750	137041
sample	rich	dict-index	raw	prefix	751	138875
sample	rich	dict-index	raw	prefix	752	7167
sample	rich	dict-index	raw	prefix	753	2042
sample	rich	dict-index	raw	prefix	754	132250
sample	rich	dict-index	raw	prefix	755	386666
sample	rich	dict-index	raw	prefix	756	5084
sample	rich	dict-index	raw	prefix	757	541
sample	rich	dict-index	raw	prefix	758	127333
sample	rich	dict-index	raw	prefix	759	127625
sample	rich	dict-index	raw	prefix	760	7125
sample	rich	dict-index	raw	prefix	761	2417
sample	rich	dict-index	raw	prefix	762	134750
sample	rich	dict-index	raw	prefix	763	131000
sample	rich	dict-index	raw	prefix	764	9458
sample	rich	dict-index	raw	prefix	765	625
sample	rich	dict-index	raw	prefix	766	133167
sample	rich	dict-index	raw	prefix	767	131458
sample	rich	dict-index	raw	prefix	768	6042
sample	rich	dict-index	raw	prefix	769	1959
sample	rich	dict-index	raw	prefix	770	308042
sample	rich	dict-index	raw	prefix	771	140875
sample	rich	dict-index	raw	prefix	772	5291
sample	rich	dict-index	raw	prefix	773	708
sample	rich	dict-index	raw	prefix	774	355917
sample	rich	dict-index	raw	prefix	775	142625
sample	rich	dict-index	raw	prefix	776	7875
sample	rich	dict-index	raw	prefix	777	1917
sample	rich	dict-index	raw	prefix	778	133208
sample	rich	dict-index	raw	prefix	779	136583
sample	rich	dict-index	raw	prefix	780	18292
sample	rich	dict-index	raw	prefix	781	1167
sample	rich	dict-index	raw	prefix	782	372125
sample	rich	dict-index	raw	prefix	783	138208
sample	rich	dict-index	raw	prefix	784	5959
sample	rich	dict-index	raw	prefix	785	2375
sample	rich	dict-index	raw	prefix	786	131042
sample	rich	dict-index	raw	prefix	787	423375
sample	rich	dict-index	raw	prefix	788	11458
sample	rich	dict-index	raw	prefix	789	750
sample	rich	dict-index	raw	prefix	790	134125
sample	rich	dict-index	raw	prefix	791	139458
sample	rich	dict-index	raw	prefix	792	2625
sample	rich	dict-index	raw	prefix	793	1417
sample	rich	dict-index	raw	prefix	794	125875
sample	rich	dict-index	raw	prefix	795	140125
sample	rich	dict-index	raw	prefix	796	2958
sample	rich	dict-index	raw	prefix	797	583
sample	rich	dict-index	raw	prefix	798	125792
sample	rich	dict-index	raw	prefix	799	133958
sample	rich	dict-index	raw	prefix	800	3000
sample	rich	dict-index	raw	prefix	801	1666
sample	rich	dict-index	raw	prefix	802	132459
sample	rich	dict-index	raw	prefix	803	129125
sample	rich	dict-index	raw	prefix	804	3500
sample	rich	dict-index	raw	prefix	805	583
sample	rich	dict-index	raw	prefix	806	125250
sample	rich	dict-index	raw	prefix	807	128750
sample	rich	dict-index	raw	prefix	808	4291
sample	rich	dict-index	raw	prefix	809	1417
sample	rich	dict-index	raw	prefix	810	127333
sample	rich	dict-index	raw	prefix	811	127416
sample	rich	dict-index	raw	prefix	812	2958
sample	rich	dict-index	raw	prefix	813	625
sample	rich	dict-index	raw	prefix	814	126542
sample	rich	dict-index	raw	prefix	815	130208
sample	rich	dict-index	raw	prefix	816	6750
sample	rich	dict-index	raw	prefix	817	20375
sample	rich	dict-index	raw	prefix	818	224792
sample	rich	dict-index	raw	prefix	819	142125
sample	rich	dict-index	raw	prefix	820	13416
sample	rich	dict-index	raw	prefix	821	2917
sample	rich	dict-index	raw	prefix	822	350375
sample	rich	dict-index	raw	prefix	823	135334
sample	rich	dict-index	raw	prefix	824	6208
sample	rich	dict-index	raw	prefix	825	1750
sample	rich	dict-index	raw	prefix	826	131375
sample	rich	dict-index	raw	prefix	827	128750
sample	rich	dict-index	raw	prefix	828	2375
sample	rich	dict-index	raw	prefix	829	583
sample	rich	dict-index	raw	prefix	830	128167
sample	rich	dict-index	raw	prefix	831	133708
sample	rich	dict-index	raw	prefix	832	6000
sample	rich	dict-index	raw	prefix	833	1792
sample	rich	dict-index	raw	prefix	834	186084
sample	rich	dict-index	raw	prefix	835	131375
sample	rich	dict-index	raw	prefix	836	6417
sample	rich	dict-index	raw	prefix	837	833
sample	rich	dict-index	raw	prefix	838	128625
sample	rich	dict-index	raw	prefix	839	135334
sample	rich	dict-index	raw	prefix	840	12750
sample	rich	dict-index	raw	prefix	841	3166
sample	rich	dict-index	raw	prefix	842	137583
sample	rich	dict-index	raw	prefix	843	128292
sample	rich	dict-index	raw	prefix	844	3584
sample	rich	dict-index	raw	prefix	845	583
sample	rich	dict-index	raw	prefix	846	128708
sample	rich	dict-index	raw	prefix	847	146375
sample	rich	dict-index	raw	prefix	848	7000
sample	rich	dict-index	raw	prefix	849	2917
sample	rich	dict-index	raw	prefix	850	376708
sample	rich	dict-index	raw	prefix	851	134459
sample	rich	dict-index	raw	prefix	852	7625
sample	rich	dict-index	raw	prefix	853	667
sample	rich	dict-index	raw	prefix	854	132125
sample	rich	dict-index	raw	prefix	855	142458
sample	rich	dict-index	raw	prefix	856	6541
sample	rich	dict-index	raw	prefix	857	2208
sample	rich	dict-index	raw	prefix	858	130500
sample	rich	dict-index	raw	prefix	859	131333
sample	rich	dict-index	raw	prefix	860	3125
sample	rich	dict-index	raw	prefix	861	625
sample	rich	dict-index	raw	prefix	862	126041
sample	rich	dict-index	raw	prefix	863	132084
sample	rich	dict-index	raw	prefix	864	7209
sample	rich	dict-index	raw	prefix	865	1709
sample	rich	dict-index	raw	prefix	866	130416
sample	rich	dict-index	raw	prefix	867	128916
sample	rich	dict-index	raw	prefix	868	9167
sample	rich	dict-index	raw	prefix	869	625
sample	rich	dict-index	raw	prefix	870	132292
sample	rich	dict-index	raw	prefix	871	130209
sample	rich	dict-index	raw	prefix	872	4917
sample	rich	dict-index	raw	prefix	873	2125
sample	rich	dict-index	raw	prefix	874	128083
sample	rich	dict-index	raw	prefix	875	133709
sample	rich	dict-index	raw	prefix	876	4750
sample	rich	dict-index	raw	prefix	877	625
sample	rich	dict-index	raw	prefix	878	351625
sample	rich	dict-index	raw	prefix	879	135167
sample	rich	dict-index	raw	prefix	880	2667
sample	rich	dict-index	raw	prefix	881	1542
sample	rich	dict-index	raw	prefix	882	127750
sample	rich	dict-index	raw	prefix	883	133000
sample	rich	dict-index	raw	prefix	884	7833
sample	rich	dict-index	raw	prefix	885	708
sample	rich	dict-index	raw	prefix	886	131667
sample	rich	dict-index	raw	prefix	887	139417
sample	rich	dict-index	raw	prefix	888	3667
sample	rich	dict-index	raw	prefix	889	1125
sample	rich	dict-index	raw	prefix	890	128750
sample	rich	dict-index	raw	prefix	891	138708
sample	rich	dict-index	raw	prefix	892	2875
sample	rich	dict-index	raw	prefix	893	875
sample	rich	dict-index	raw	prefix	894	130334
sample	rich	dict-index	raw	prefix	895	135583
sample	rich	dict-index	raw	prefix	896	2667
sample	rich	dict-index	raw	prefix	897	1708
sample	rich	dict-index	raw	prefix	898	127583
sample	rich	dict-index	raw	prefix	899	139708
sample	rich	dict-index	raw	prefix	900	2750
sample	rich	dict-index	raw	prefix	901	584
sample	rich	dict-index	raw	prefix	902	129083
sample	rich	dict-index	raw	prefix	903	139458
sample	rich	dict-index	raw	prefix	904	3208
sample	rich	dict-index	raw	prefix	905	1625
sample	rich	dict-index	raw	prefix	906	130500
sample	rich	dict-index	raw	prefix	907	134500
sample	rich	dict-index	raw	prefix	908	3084
sample	rich	dict-index	raw	prefix	909	750
sample	rich	dict-index	raw	prefix	910	126625
sample	rich	dict-index	raw	prefix	911	141125
sample	rich	dict-index	raw	prefix	912	2542
sample	rich	dict-index	raw	prefix	913	1709
sample	rich	dict-index	raw	prefix	914	126250
sample	rich	dict-index	raw	prefix	915	357292
sample	rich	dict-index	raw	prefix	916	9042
sample	rich	dict-index	raw	prefix	917	708
sample	rich	dict-index	raw	prefix	918	136416
sample	rich	dict-index	raw	prefix	919	135416
sample	rich	dict-index	raw	prefix	920	3875
sample	rich	dict-index	raw	prefix	921	1333
sample	rich	dict-index	raw	prefix	922	128250
sample	rich	dict-index	raw	prefix	923	141458
sample	rich	dict-index	raw	prefix	924	6458
sample	rich	dict-index	raw	prefix	925	667
sample	rich	dict-index	raw	prefix	926	131875
sample	rich	dict-index	raw	prefix	927	133542
sample	rich	dict-index	raw	prefix	928	5125
sample	rich	dict-index	raw	prefix	929	2042
sample	rich	dict-index	raw	prefix	930	132250
sample	rich	dict-index	raw	prefix	931	129667
sample	rich	dict-index	raw	prefix	932	6709
sample	rich	dict-index	raw	prefix	933	709
sample	rich	dict-index	raw	prefix	934	128084
sample	rich	dict-index	raw	prefix	935	132708
sample	rich	dict-index	raw	prefix	936	2875
sample	rich	dict-index	raw	prefix	937	1500
sample	rich	dict-index	raw	prefix	938	131375
sample	rich	dict-index	raw	prefix	939	134625
sample	rich	dict-index	raw	prefix	940	5959
sample	rich	dict-index	raw	prefix	941	667
sample	rich	dict-index	raw	prefix	942	130250
sample	rich	dict-index	raw	prefix	943	131208
sample	rich	dict-index	raw	prefix	944	3416
sample	rich	dict-index	raw	prefix	945	1250
sample	rich	dict-index	raw	prefix	946	130125
sample	rich	dict-index	raw	prefix	947	129209
sample	rich	dict-index	raw	prefix	948	7334
sample	rich	dict-index	raw	prefix	949	1208
sample	rich	dict-index	raw	prefix	950	398750
sample	rich	dict-index	raw	prefix	951	137625
sample	rich	dict-index	raw	prefix	952	4125
sample	rich	dict-index	raw	prefix	953	1417
sample	rich	dict-index	raw	prefix	954	126791
sample	rich	dict-index	raw	prefix	955	136666
sample	rich	dict-index	raw	prefix	956	10625
sample	rich	dict-index	raw	prefix	957	750
sample	rich	dict-index	raw	prefix	958	132209
sample	rich	dict-index	raw	prefix	959	132458
sample	rich	dict-index	raw	prefix	960	3333
sample	rich	dict-index	raw	prefix	961	1667
sample	rich	dict-index	raw	prefix	962	133042
sample	rich	dict-index	raw	prefix	963	135958
sample	rich	dict-index	raw	prefix	964	13250
sample	rich	dict-index	raw	prefix	965	1208
sample	rich	dict-index	raw	prefix	966	385917
sample	rich	dict-index	raw	prefix	967	131000
sample	rich	dict-index	raw	prefix	968	5458
sample	rich	dict-index	raw	prefix	969	1875
sample	rich	dict-index	raw	prefix	970	132666
sample	rich	dict-index	raw	prefix	971	128292
sample	rich	dict-index	raw	prefix	972	6125
sample	rich	dict-index	raw	prefix	973	709
sample	rich	dict-index	raw	prefix	974	159458
sample	rich	dict-index	raw	prefix	975	128791
sample	rich	dict-index	raw	prefix	976	6458
sample	rich	dict-index	raw	prefix	977	1750
sample	rich	dict-index	raw	prefix	978	140333
sample	rich	dict-index	raw	prefix	979	132750
sample	rich	dict-index	raw	prefix	980	2834
sample	rich	dict-index	raw	prefix	981	542
sample	rich	dict-index	raw	prefix	982	128084
sample	rich	dict-index	raw	prefix	983	222875
sample	rich	dict-index	raw	prefix	984	3500
sample	rich	dict-index	raw	prefix	985	1625
sample	rich	dict-index	raw	prefix	986	126792
sample	rich	dict-index	raw	prefix	987	130958
sample	rich	dict-index	raw	prefix	988	5583
sample	rich	dict-index	raw	prefix	989	625
sample	rich	dict-index	raw	prefix	990	125333
sample	rich	dict-index	raw	prefix	991	134666
sample	rich	dict-index	raw	prefix	992	2917
sample	rich	dict-index	raw	prefix	993	1542
sample	rich	dict-index	raw	prefix	994	128708
sample	rich	dict-index	raw	prefix	995	371209
sample	rich	dict-index	raw	prefix	996	17916
sample	rich	dict-index	raw	prefix	997	6417
sample	rich	dict-index	raw	prefix	998	362541
sample	rich	dict-index	raw	prefix	999	393166
sample	rich	dict-index	raw	render	0	4292
sample	rich	dict-index	raw	render	1	1375
sample	rich	dict-index	raw	render	2	1167
sample	rich	dict-index	raw	render	3	1083
sample	rich	dict-index	raw	render	4	1041
sample	rich	dict-index	raw	render	5	1084
sample	rich	dict-index	raw	render	6	916
sample	rich	dict-index	raw	render	7	708
sample	rich	dict-index	raw	render	8	875
sample	rich	dict-index	raw	render	9	959
sample	rich	dict-index	raw	render	10	916
sample	rich	dict-index	raw	render	11	958
sample	rich	dict-index	raw	render	12	959
sample	rich	dict-index	raw	render	13	833
sample	rich	dict-index	raw	render	14	958
sample	rich	dict-index	raw	render	15	250
sample	rich	dict-index	raw	render	16	208
sample	rich	dict-index	raw	render	17	542
sample	rich	dict-index	raw	render	18	208
sample	rich	dict-index	raw	render	19	250
sample	rich	dict-index	raw	render	20	208
sample	rich	dict-index	raw	render	21	208
sample	rich	dict-index	raw	render	22	208
sample	rich	dict-index	raw	render	23	459
sample	rich	dict-index	raw	render	24	375
sample	rich	dict-index	raw	render	25	208
sample	rich	dict-index	raw	render	26	209
sample	rich	dict-index	raw	render	27	208
sample	rich	dict-index	raw	render	28	208
sample	rich	dict-index	raw	render	29	208
sample	rich	dict-index	raw	render	30	333
sample	rich	dict-index	raw	render	31	333
sample	rich	dict-index	raw	render	32	209
sample	rich	dict-index	raw	render	33	209
sample	rich	dict-index	raw	render	34	208
sample	rich	dict-index	raw	render	35	167
sample	rich	dict-index	raw	render	36	209
sample	rich	dict-index	raw	render	37	333
sample	rich	dict-index	raw	render	38	291
sample	rich	dict-index	raw	render	39	458
sample	rich	dict-index	raw	render	40	167
sample	rich	dict-index	raw	render	41	209
sample	rich	dict-index	raw	render	42	208
sample	rich	dict-index	raw	render	43	375
sample	rich	dict-index	raw	render	44	208
sample	rich	dict-index	raw	render	45	333
sample	rich	dict-index	raw	render	46	250
sample	rich	dict-index	raw	render	47	167
sample	rich	dict-index	raw	render	48	209
sample	rich	dict-index	raw	render	49	333
sample	rich	dict-index	raw	render	50	209
sample	rich	dict-index	raw	render	51	291
sample	rich	dict-index	raw	render	52	375
sample	rich	dict-index	raw	render	53	208
sample	rich	dict-index	raw	render	54	167
sample	rich	dict-index	raw	render	55	291
sample	rich	dict-index	raw	render	56	208
sample	rich	dict-index	raw	render	57	292
sample	rich	dict-index	raw	render	58	208
sample	rich	dict-index	raw	render	59	167
sample	rich	dict-index	raw	render	60	166
sample	rich	dict-index	raw	render	61	417
sample	rich	dict-index	raw	render	62	250
sample	rich	dict-index	raw	render	63	375
sample	rich	dict-index	raw	render	64	209
sample	rich	dict-index	raw	render	65	417
sample	rich	dict-index	raw	render	66	209
sample	rich	dict-index	raw	render	67	250
sample	rich	dict-index	raw	render	68	334
sample	rich	dict-index	raw	render	69	292
sample	rich	dict-index	raw	render	70	375
sample	rich	dict-index	raw	render	71	292
sample	rich	dict-index	raw	render	72	250
sample	rich	dict-index	raw	render	73	209
sample	rich	dict-index	raw	render	74	250
sample	rich	dict-index	raw	render	75	209
sample	rich	dict-index	raw	render	76	208
sample	rich	dict-index	raw	render	77	166
sample	rich	dict-index	raw	render	78	208
sample	rich	dict-index	raw	render	79	333
sample	rich	dict-index	raw	render	80	334
sample	rich	dict-index	raw	render	81	208
sample	rich	dict-index	raw	render	82	167
sample	rich	dict-index	raw	render	83	208
sample	rich	dict-index	raw	render	84	209
sample	rich	dict-index	raw	render	85	333
sample	rich	dict-index	raw	render	86	292
sample	rich	dict-index	raw	render	87	208
sample	rich	dict-index	raw	render	88	292
sample	rich	dict-index	raw	render	89	167
sample	rich	dict-index	raw	render	90	250
sample	rich	dict-index	raw	render	91	209
sample	rich	dict-index	raw	render	92	208
sample	rich	dict-index	raw	render	93	334
sample	rich	dict-index	raw	render	94	209
sample	rich	dict-index	raw	render	95	292
sample	rich	dict-index	raw	render	96	250
sample	rich	dict-index	raw	render	97	167
sample	rich	dict-index	raw	render	98	167
sample	rich	dict-index	raw	render	99	1000
sample	rich	dict-index	raw	render	100	458
sample	rich	dict-index	raw	render	101	291
sample	rich	dict-index	raw	render	102	333
sample	rich	dict-index	raw	render	103	334
sample	rich	dict-index	raw	render	104	458
sample	rich	dict-index	raw	render	105	458
sample	rich	dict-index	raw	render	106	666
sample	rich	dict-index	raw	render	107	417
sample	rich	dict-index	raw	render	108	375
sample	rich	dict-index	raw	render	109	500
sample	rich	dict-index	raw	render	110	459
sample	rich	dict-index	raw	render	111	584
sample	rich	dict-index	raw	render	112	458
sample	rich	dict-index	raw	render	113	334
sample	rich	dict-index	raw	render	114	583
sample	rich	dict-index	raw	render	115	375
sample	rich	dict-index	raw	render	116	583
sample	rich	dict-index	raw	render	117	500
sample	rich	dict-index	raw	render	118	291
sample	rich	dict-index	raw	render	119	416
sample	rich	dict-index	raw	render	120	7791
sample	rich	dict-index	raw	render	121	1333
sample	rich	dict-index	raw	render	122	1166
sample	rich	dict-index	raw	render	123	917
sample	rich	dict-index	raw	render	124	3208
sample	rich	dict-index	raw	render	125	1250
sample	rich	dict-index	raw	render	126	1125
sample	rich	dict-index	raw	render	127	791
sample	rich	dict-index	raw	render	128	1250
sample	rich	dict-index	raw	render	129	1375
sample	rich	dict-index	raw	render	130	1042
sample	rich	dict-index	raw	render	131	1250
sample	rich	dict-index	raw	render	132	1041
sample	rich	dict-index	raw	render	133	1375
sample	rich	dict-index	raw	render	134	1000
sample	rich	dict-index	raw	render	135	834
sample	rich	dict-index	raw	render	136	1000
sample	rich	dict-index	raw	render	137	1250
sample	rich	dict-index	raw	render	138	959
sample	rich	dict-index	raw	render	139	958
sample	rich	dict-index	raw	render	140	1584
sample	rich	dict-index	raw	render	141	1292
sample	rich	dict-index	raw	render	142	834
sample	rich	dict-index	raw	render	143	2625
sample	rich	dict-index	raw	render	144	1042
sample	rich	dict-index	raw	render	145	1209
sample	rich	dict-index	raw	render	146	917
sample	rich	dict-index	raw	render	147	1041
sample	rich	dict-index	raw	render	148	1000
sample	rich	dict-index	raw	render	149	834
sample	rich	dict-index	raw	render	150	917
sample	rich	dict-index	raw	render	151	834
sample	rich	dict-index	raw	render	152	958
sample	rich	dict-index	raw	render	153	958
sample	rich	dict-index	raw	render	154	875
sample	rich	dict-index	raw	render	155	916
sample	rich	dict-index	raw	render	156	3458
sample	rich	dict-index	raw	render	157	1084
sample	rich	dict-index	raw	render	158	958
sample	rich	dict-index	raw	render	159	875
sample	rich	dict-index	raw	render	160	875
sample	rich	dict-index	raw	render	161	1000
sample	rich	dict-index	raw	render	162	750
sample	rich	dict-index	raw	render	163	833
sample	rich	dict-index	raw	render	164	750
sample	rich	dict-index	raw	render	165	792
sample	rich	dict-index	raw	render	166	1042
sample	rich	dict-index	raw	render	167	1042
sample	rich	dict-index	raw	render	168	792
sample	rich	dict-index	raw	render	169	833
sample	rich	dict-index	raw	render	170	708
sample	rich	dict-index	raw	render	171	750
sample	rich	dict-index	raw	render	172	667
sample	rich	dict-index	raw	render	173	2542
sample	rich	dict-index	raw	render	174	2791
sample	rich	dict-index	raw	render	175	625
sample	rich	dict-index	raw	render	176	708
sample	rich	dict-index	raw	render	177	708
sample	rich	dict-index	raw	render	178	625
sample	rich	dict-index	raw	render	179	708
sample	rich	dict-index	raw	render	180	709
sample	rich	dict-index	raw	render	181	708
sample	rich	dict-index	raw	render	182	542
sample	rich	dict-index	raw	render	183	541
sample	rich	dict-index	raw	render	184	750
sample	rich	dict-index	raw	render	185	834
sample	rich	dict-index	raw	render	186	458
sample	rich	dict-index	raw	render	187	625
sample	rich	dict-index	raw	render	188	666
sample	rich	dict-index	raw	render	189	167
sample	rich	dict-index	raw	render	190	375
sample	rich	dict-index	raw	render	191	334
sample	rich	dict-index	raw	render	192	291
sample	rich	dict-index	raw	render	193	292
sample	rich	dict-index	raw	render	194	167
sample	rich	dict-index	raw	render	195	292
sample	rich	dict-index	raw	render	196	417
sample	rich	dict-index	raw	render	197	333
sample	rich	dict-index	raw	render	198	250
sample	rich	dict-index	raw	render	199	208
sample	rich	dict-index	raw	render	200	209
sample	rich	dict-index	raw	render	201	208
sample	rich	dict-index	raw	render	202	292
sample	rich	dict-index	raw	render	203	208
sample	rich	dict-index	raw	render	204	292
sample	rich	dict-index	raw	render	205	292
sample	rich	dict-index	raw	render	206	250
sample	rich	dict-index	raw	render	207	167
sample	rich	dict-index	raw	render	208	292
sample	rich	dict-index	raw	render	209	5208
sample	rich	dict-index	raw	render	210	1375
sample	rich	dict-index	raw	render	211	875
sample	rich	dict-index	raw	render	212	917
sample	rich	dict-index	raw	render	213	1000
sample	rich	dict-index	raw	render	214	40750
sample	rich	dict-index	raw	render	215	1083
sample	rich	dict-index	raw	render	216	792
sample	rich	dict-index	raw	render	217	875
sample	rich	dict-index	raw	render	218	1750
sample	rich	dict-index	raw	render	219	1042
sample	rich	dict-index	raw	render	220	2084
sample	rich	dict-index	raw	render	221	667
sample	rich	dict-index	raw	render	222	834
sample	rich	dict-index	raw	render	223	1000
sample	rich	dict-index	raw	render	224	458
sample	rich	dict-index	raw	render	225	584
sample	rich	dict-index	raw	render	226	459
sample	rich	dict-index	raw	render	227	625
sample	rich	dict-index	raw	render	228	417
sample	rich	dict-index	raw	render	229	458
sample	rich	dict-index	raw	render	230	375
sample	rich	dict-index	raw	render	231	458
sample	rich	dict-index	raw	render	232	541
sample	rich	dict-index	raw	render	233	584
sample	rich	dict-index	raw	render	234	625
sample	rich	dict-index	raw	render	235	250
sample	rich	dict-index	raw	render	236	584
sample	rich	dict-index	raw	render	237	334
sample	rich	dict-index	raw	render	238	458
sample	rich	dict-index	raw	render	239	375
sample	rich	dict-index	raw	render	240	333
sample	rich	dict-index	raw	render	241	333
sample	rich	dict-index	raw	render	242	166
sample	rich	dict-index	raw	render	243	208
sample	rich	dict-index	raw	render	244	292
sample	rich	dict-index	raw	render	245	334
sample	rich	dict-index	raw	render	246	375
sample	rich	dict-index	raw	render	247	291
sample	rich	dict-index	raw	render	248	292
sample	rich	dict-index	raw	render	249	375
sample	rich	dict-index	raw	render	250	667
sample	rich	dict-index	raw	render	251	375
sample	rich	dict-index	raw	render	252	625
sample	rich	dict-index	raw	render	253	333
sample	rich	dict-index	raw	render	254	583
sample	rich	dict-index	raw	render	255	375
sample	rich	dict-index	raw	render	256	500
sample	rich	dict-index	raw	render	257	375
sample	rich	dict-index	raw	render	258	459
sample	rich	dict-index	raw	render	259	500
sample	rich	dict-index	raw	render	260	375
sample	rich	dict-index	raw	render	261	500
sample	rich	dict-index	raw	render	262	375
sample	rich	dict-index	raw	render	263	500
sample	rich	dict-index	raw	render	264	541
sample	rich	dict-index	raw	render	265	417
sample	rich	dict-index	raw	render	266	292
sample	rich	dict-index	raw	render	267	375
sample	rich	dict-index	raw	render	268	333
sample	rich	dict-index	raw	render	269	250
sample	rich	dict-index	raw	render	270	375
sample	rich	dict-index	raw	render	271	250
sample	rich	dict-index	raw	render	272	375
sample	rich	dict-index	raw	render	273	292
sample	rich	dict-index	raw	render	274	458
sample	rich	dict-index	raw	render	275	375
sample	rich	dict-index	raw	render	276	292
sample	rich	dict-index	raw	render	277	208
sample	rich	dict-index	raw	render	278	208
sample	rich	dict-index	raw	render	279	166
sample	rich	dict-index	raw	render	280	292
sample	rich	dict-index	raw	render	281	250
sample	rich	dict-index	raw	render	282	375
sample	rich	dict-index	raw	render	283	292
sample	rich	dict-index	raw	render	284	417
sample	rich	dict-index	raw	render	285	375
sample	rich	dict-index	raw	render	286	375
sample	rich	dict-index	raw	render	287	208
sample	rich	dict-index	raw	render	288	291
sample	rich	dict-index	raw	render	289	167
sample	rich	dict-index	raw	render	290	292
sample	rich	dict-index	raw	render	291	208
sample	rich	dict-index	raw	render	292	292
sample	rich	dict-index	raw	render	293	292
sample	rich	dict-index	raw	render	294	292
sample	rich	dict-index	raw	render	295	166
sample	rich	dict-index	raw	render	296	209
sample	rich	dict-index	raw	render	297	209
sample	rich	dict-index	raw	render	298	208
sample	rich	dict-index	raw	render	299	334
sample	rich	dict-index	raw	render	300	209
sample	rich	dict-index	raw	render	301	209
sample	rich	dict-index	raw	render	302	167
sample	rich	dict-index	raw	render	303	208
sample	rich	dict-index	raw	render	304	208
sample	rich	dict-index	raw	render	305	292
sample	rich	dict-index	raw	render	306	167
sample	rich	dict-index	raw	render	307	459
sample	rich	dict-index	raw	render	308	208
sample	rich	dict-index	raw	render	309	208
sample	rich	dict-index	raw	render	310	208
sample	rich	dict-index	raw	render	311	167
sample	rich	dict-index	raw	render	312	167
sample	rich	dict-index	raw	render	313	375
sample	rich	dict-index	raw	render	314	209
sample	rich	dict-index	raw	render	315	291
sample	rich	dict-index	raw	render	316	167
sample	rich	dict-index	raw	render	317	292
sample	rich	dict-index	raw	render	318	167
sample	rich	dict-index	raw	render	319	209
sample	rich	dict-index	raw	render	320	166
sample	rich	dict-index	raw	render	321	333
sample	rich	dict-index	raw	render	322	208
sample	rich	dict-index	raw	render	323	292
sample	rich	dict-index	raw	render	324	208
sample	rich	dict-index	raw	render	325	292
sample	rich	dict-index	raw	render	326	292
sample	rich	dict-index	raw	render	327	208
sample	rich	dict-index	raw	render	328	250
sample	rich	dict-index	raw	render	329	208
sample	rich	dict-index	raw	render	330	250
sample	rich	dict-index	raw	render	331	292
sample	rich	dict-index	raw	render	332	208
sample	rich	dict-index	raw	render	333	291
sample	rich	dict-index	raw	render	334	292
sample	rich	dict-index	raw	render	335	333
sample	rich	dict-index	raw	render	336	208
sample	rich	dict-index	raw	render	337	292
sample	rich	dict-index	raw	render	338	209
sample	rich	dict-index	raw	render	339	209
sample	rich	dict-index	raw	render	340	250
sample	rich	dict-index	raw	render	341	250
sample	rich	dict-index	raw	render	342	209
sample	rich	dict-index	raw	render	343	208
sample	rich	dict-index	raw	render	344	208
sample	rich	dict-index	raw	render	345	292
sample	rich	dict-index	raw	render	346	250
sample	rich	dict-index	raw	render	347	166
sample	rich	dict-index	raw	render	348	292
sample	rich	dict-index	raw	render	349	209
sample	rich	dict-index	raw	render	350	209
sample	rich	dict-index	raw	render	351	209
sample	rich	dict-index	raw	render	352	291
sample	rich	dict-index	raw	render	353	500
sample	rich	dict-index	raw	render	354	250
sample	rich	dict-index	raw	render	355	417
sample	rich	dict-index	raw	render	356	209
sample	rich	dict-index	raw	render	357	208
sample	rich	dict-index	raw	render	358	208
sample	rich	dict-index	raw	render	359	167
sample	rich	dict-index	raw	render	360	208
sample	rich	dict-index	raw	render	361	291
sample	rich	dict-index	raw	render	362	208
sample	rich	dict-index	raw	render	363	208
sample	rich	dict-index	raw	render	364	166
sample	rich	dict-index	raw	render	365	250
sample	rich	dict-index	raw	render	366	250
sample	rich	dict-index	raw	render	367	208
sample	rich	dict-index	raw	render	368	208
sample	rich	dict-index	raw	render	369	333
sample	rich	dict-index	raw	render	370	250
sample	rich	dict-index	raw	render	371	375
sample	rich	dict-index	raw	render	372	209
sample	rich	dict-index	raw	render	373	208
sample	rich	dict-index	raw	render	374	417
sample	rich	dict-index	raw	render	375	209
sample	rich	dict-index	raw	render	376	292
sample	rich	dict-index	raw	render	377	166
sample	rich	dict-index	raw	render	378	375
sample	rich	dict-index	raw	render	379	167
sample	rich	dict-index	raw	render	380	291
sample	rich	dict-index	raw	render	381	291
sample	rich	dict-index	raw	render	382	208
sample	rich	dict-index	raw	render	383	375
sample	rich	dict-index	raw	render	384	250
sample	rich	dict-index	raw	render	385	500
sample	rich	dict-index	raw	render	386	209
sample	rich	dict-index	raw	render	387	208
sample	rich	dict-index	raw	render	388	375
sample	rich	dict-index	raw	render	389	291
sample	rich	dict-index	raw	render	390	250
sample	rich	dict-index	raw	render	391	333
sample	rich	dict-index	raw	render	392	167
sample	rich	dict-index	raw	render	393	250
sample	rich	dict-index	raw	render	394	417
sample	rich	dict-index	raw	render	395	208
sample	rich	dict-index	raw	render	396	333
sample	rich	dict-index	raw	render	397	292
sample	rich	dict-index	raw	render	398	208
sample	rich	dict-index	raw	render	399	250
sample	rich	dict-index	raw	render	400	209
sample	rich	dict-index	raw	render	401	541
sample	rich	dict-index	raw	render	402	375
sample	rich	dict-index	raw	render	403	209
sample	rich	dict-index	raw	render	404	375
sample	rich	dict-index	raw	render	405	208
sample	rich	dict-index	raw	render	406	167
sample	rich	dict-index	raw	render	407	292
sample	rich	dict-index	raw	render	408	292
sample	rich	dict-index	raw	render	409	292
sample	rich	dict-index	raw	render	410	375
sample	rich	dict-index	raw	render	411	250
sample	rich	dict-index	raw	render	412	292
sample	rich	dict-index	raw	render	413	250
sample	rich	dict-index	raw	render	414	209
sample	rich	dict-index	raw	render	415	250
sample	rich	dict-index	raw	render	416	333
sample	rich	dict-index	raw	render	417	291
sample	rich	dict-index	raw	render	418	250
sample	rich	dict-index	raw	render	419	167
sample	rich	dict-index	raw	render	420	208
sample	rich	dict-index	raw	render	421	416
sample	rich	dict-index	raw	render	422	208
sample	rich	dict-index	raw	render	423	208
sample	rich	dict-index	raw	render	424	291
sample	rich	dict-index	raw	render	425	167
sample	rich	dict-index	raw	render	426	208
sample	rich	dict-index	raw	render	427	167
sample	rich	dict-index	raw	render	428	167
sample	rich	dict-index	raw	render	429	250
sample	rich	dict-index	raw	render	430	167
sample	rich	dict-index	raw	render	431	292
sample	rich	dict-index	raw	render	432	208
sample	rich	dict-index	raw	render	433	416
sample	rich	dict-index	raw	render	434	208
sample	rich	dict-index	raw	render	435	167
sample	rich	dict-index	raw	render	436	209
sample	rich	dict-index	raw	render	437	292
sample	rich	dict-index	raw	render	438	250
sample	rich	dict-index	raw	render	439	292
sample	rich	dict-index	raw	render	440	333
sample	rich	dict-index	raw	render	441	291
sample	rich	dict-index	raw	render	442	208
sample	rich	dict-index	raw	render	443	334
sample	rich	dict-index	raw	render	444	208
sample	rich	dict-index	raw	render	445	583
sample	rich	dict-index	raw	render	446	208
sample	rich	dict-index	raw	render	447	167
sample	rich	dict-index	raw	render	448	291
sample	rich	dict-index	raw	render	449	333
sample	rich	dict-index	raw	render	450	209
sample	rich	dict-index	raw	render	451	417
sample	rich	dict-index	raw	render	452	292
sample	rich	dict-index	raw	render	453	292
sample	rich	dict-index	raw	render	454	292
sample	rich	dict-index	raw	render	455	6750
sample	rich	dict-index	raw	render	456	1083
sample	rich	dict-index	raw	render	457	1042
sample	rich	dict-index	raw	render	458	958
sample	rich	dict-index	raw	render	459	1000
sample	rich	dict-index	raw	render	460	792
sample	rich	dict-index	raw	render	461	958
sample	rich	dict-index	raw	render	462	875
sample	rich	dict-index	raw	render	463	958
sample	rich	dict-index	raw	render	464	791
sample	rich	dict-index	raw	render	465	1208
sample	rich	dict-index	raw	render	466	1000
sample	rich	dict-index	raw	render	467	1209
sample	rich	dict-index	raw	render	468	833
sample	rich	dict-index	raw	render	469	834
sample	rich	dict-index	raw	render	470	2625
sample	rich	dict-index	raw	render	471	708
sample	rich	dict-index	raw	render	472	583
sample	rich	dict-index	raw	render	473	542
sample	rich	dict-index	raw	render	474	625
sample	rich	dict-index	raw	render	475	541
sample	rich	dict-index	raw	render	476	1833
sample	rich	dict-index	raw	render	477	666
sample	rich	dict-index	raw	render	478	625
sample	rich	dict-index	raw	render	479	666
sample	rich	dict-index	raw	render	480	541
sample	rich	dict-index	raw	render	481	3250
sample	rich	dict-index	raw	render	482	1000
sample	rich	dict-index	raw	render	483	1250
sample	rich	dict-index	raw	render	484	917
sample	rich	dict-index	raw	render	485	875
sample	rich	dict-index	raw	render	486	917
sample	rich	dict-index	raw	render	487	792
sample	rich	dict-index	raw	render	488	1000
sample	rich	dict-index	raw	render	489	1125
sample	rich	dict-index	raw	render	490	3000
sample	rich	dict-index	raw	render	491	1459
sample	rich	dict-index	raw	render	492	1083
sample	rich	dict-index	raw	render	493	1208
sample	rich	dict-index	raw	render	494	1083
sample	rich	dict-index	raw	render	495	834
sample	rich	dict-index	raw	render	496	916
sample	rich	dict-index	raw	render	497	2375
sample	rich	dict-index	raw	render	498	625
sample	rich	dict-index	raw	render	499	1042
sample	rich	dict-index	raw	render	500	500
sample	rich	dict-index	raw	render	501	5125
sample	rich	dict-index	raw	render	502	1041
sample	rich	dict-index	raw	render	503	708
sample	rich	dict-index	raw	render	504	3000
sample	rich	dict-index	raw	render	505	917
sample	rich	dict-index	raw	render	506	584
sample	rich	dict-index	raw	render	507	583
sample	rich	dict-index	raw	render	508	667
sample	rich	dict-index	raw	render	509	584
sample	rich	dict-index	raw	render	510	542
sample	rich	dict-index	raw	render	511	708
sample	rich	dict-index	raw	render	512	333
sample	rich	dict-index	raw	render	513	333
sample	rich	dict-index	raw	render	514	375
sample	rich	dict-index	raw	render	515	333
sample	rich	dict-index	raw	render	516	583
sample	rich	dict-index	raw	render	517	417
sample	rich	dict-index	raw	render	518	333
sample	rich	dict-index	raw	render	519	417
sample	rich	dict-index	raw	render	520	292
sample	rich	dict-index	raw	render	521	459
sample	rich	dict-index	raw	render	522	292
sample	rich	dict-index	raw	render	523	375
sample	rich	dict-index	raw	render	524	375
sample	rich	dict-index	raw	render	525	292
sample	rich	dict-index	raw	render	526	542
sample	rich	dict-index	raw	render	527	292
sample	rich	dict-index	raw	render	528	208
sample	rich	dict-index	raw	render	529	417
sample	rich	dict-index	raw	render	530	500
sample	rich	dict-index	raw	render	531	209
sample	rich	dict-index	raw	render	532	417
sample	rich	dict-index	raw	render	533	292
sample	rich	dict-index	raw	render	534	208
sample	rich	dict-index	raw	render	535	209
sample	rich	dict-index	raw	render	536	333
sample	rich	dict-index	raw	render	537	167
sample	rich	dict-index	raw	render	538	167
sample	rich	dict-index	raw	render	539	375
sample	rich	dict-index	raw	render	540	208
sample	rich	dict-index	raw	render	541	333
sample	rich	dict-index	raw	render	542	333
sample	rich	dict-index	raw	render	543	208
sample	rich	dict-index	raw	render	544	208
sample	rich	dict-index	raw	render	545	250
sample	rich	dict-index	raw	render	546	209
sample	rich	dict-index	raw	render	547	292
sample	rich	dict-index	raw	render	548	208
sample	rich	dict-index	raw	render	549	208
sample	rich	dict-index	raw	render	550	167
sample	rich	dict-index	raw	render	551	209
sample	rich	dict-index	raw	render	552	292
sample	rich	dict-index	raw	render	553	292
sample	rich	dict-index	raw	render	554	208
sample	rich	dict-index	raw	render	555	250
sample	rich	dict-index	raw	render	556	333
sample	rich	dict-index	raw	render	557	375
sample	rich	dict-index	raw	render	558	209
sample	rich	dict-index	raw	render	559	166
sample	rich	dict-index	raw	render	560	333
sample	rich	dict-index	raw	render	561	750
sample	rich	dict-index	raw	render	562	208
sample	rich	dict-index	raw	render	563	625
sample	rich	dict-index	raw	render	564	375
sample	rich	dict-index	raw	render	565	375
sample	rich	dict-index	raw	render	566	167
sample	rich	dict-index	raw	render	567	375
sample	rich	dict-index	raw	render	568	375
sample	rich	dict-index	raw	render	569	542
sample	rich	dict-index	raw	render	570	291
sample	rich	dict-index	raw	render	571	416
sample	rich	dict-index	raw	render	572	250
sample	rich	dict-index	raw	render	573	458
sample	rich	dict-index	raw	render	574	292
sample	rich	dict-index	raw	render	575	333
sample	rich	dict-index	raw	render	576	292
sample	rich	dict-index	raw	render	577	417
sample	rich	dict-index	raw	render	578	291
sample	rich	dict-index	raw	render	579	166
sample	rich	dict-index	raw	render	580	292
sample	rich	dict-index	raw	render	581	500
sample	rich	dict-index	raw	render	582	208
sample	rich	dict-index	raw	render	583	250
sample	rich	dict-index	raw	render	584	292
sample	rich	dict-index	raw	render	585	292
sample	rich	dict-index	raw	render	586	333
sample	rich	dict-index	raw	render	587	208
sample	rich	dict-index	raw	render	588	208
sample	rich	dict-index	raw	render	589	291
sample	rich	dict-index	raw	render	590	208
sample	rich	dict-index	raw	render	591	334
sample	rich	dict-index	raw	render	592	250
sample	rich	dict-index	raw	render	593	542
sample	rich	dict-index	raw	render	594	334
sample	rich	dict-index	raw	render	595	208
sample	rich	dict-index	raw	render	596	208
sample	rich	dict-index	raw	render	597	250
sample	rich	dict-index	raw	render	598	334
sample	rich	dict-index	raw	render	599	167
sample	rich	dict-index	raw	render	600	291
sample	rich	dict-index	raw	render	601	209
sample	rich	dict-index	raw	render	602	250
sample	rich	dict-index	raw	render	603	208
sample	rich	dict-index	raw	render	604	208
sample	rich	dict-index	raw	render	605	334
sample	rich	dict-index	raw	render	606	458
sample	rich	dict-index	raw	render	607	291
sample	rich	dict-index	raw	render	608	209
sample	rich	dict-index	raw	render	609	416
sample	rich	dict-index	raw	render	610	208
sample	rich	dict-index	raw	render	611	375
sample	rich	dict-index	raw	render	612	333
sample	rich	dict-index	raw	render	613	333
sample	rich	dict-index	raw	render	614	250
sample	rich	dict-index	raw	render	615	375
sample	rich	dict-index	raw	render	616	292
sample	rich	dict-index	raw	render	617	292
sample	rich	dict-index	raw	render	618	167
sample	rich	dict-index	raw	render	619	208
sample	rich	dict-index	raw	render	620	375
sample	rich	dict-index	raw	render	621	250
sample	rich	dict-index	raw	render	622	208
sample	rich	dict-index	raw	render	623	167
sample	rich	dict-index	raw	render	624	209
sample	rich	dict-index	raw	render	625	500
sample	rich	dict-index	raw	render	626	292
sample	rich	dict-index	raw	render	627	750
sample	rich	dict-index	raw	render	628	291
sample	rich	dict-index	raw	render	629	209
sample	rich	dict-index	raw	render	630	208
sample	rich	dict-index	raw	render	631	250
sample	rich	dict-index	raw	render	632	209
sample	rich	dict-index	raw	render	633	417
sample	rich	dict-index	raw	render	634	334
sample	rich	dict-index	raw	render	635	250
sample	rich	dict-index	raw	render	636	250
sample	rich	dict-index	raw	render	637	417
sample	rich	dict-index	raw	render	638	167
sample	rich	dict-index	raw	render	639	291
sample	rich	dict-index	raw	render	640	375
sample	rich	dict-index	raw	render	641	583
sample	rich	dict-index	raw	render	642	208
sample	rich	dict-index	raw	render	643	500
sample	rich	dict-index	raw	render	644	500
sample	rich	dict-index	raw	render	645	209
sample	rich	dict-index	raw	render	646	292
sample	rich	dict-index	raw	render	647	208
sample	rich	dict-index	raw	render	648	209
sample	rich	dict-index	raw	render	649	292
sample	rich	dict-index	raw	render	650	375
sample	rich	dict-index	raw	render	651	209
sample	rich	dict-index	raw	render	652	375
sample	rich	dict-index	raw	render	653	542
sample	rich	dict-index	raw	render	654	292
sample	rich	dict-index	raw	render	655	209
sample	rich	dict-index	raw	render	656	291
sample	rich	dict-index	raw	render	657	291
sample	rich	dict-index	raw	render	658	292
sample	rich	dict-index	raw	render	659	416
sample	rich	dict-index	raw	render	660	208
sample	rich	dict-index	raw	render	661	250
sample	rich	dict-index	raw	render	662	291
sample	rich	dict-index	raw	render	663	334
sample	rich	dict-index	raw	render	664	209
sample	rich	dict-index	raw	render	665	167
sample	rich	dict-index	raw	render	666	209
sample	rich	dict-index	raw	render	667	292
sample	rich	dict-index	raw	render	668	417
sample	rich	dict-index	raw	render	669	292
sample	rich	dict-index	raw	render	670	208
sample	rich	dict-index	raw	render	671	291
sample	rich	dict-index	raw	render	672	250
sample	rich	dict-index	raw	render	673	292
sample	rich	dict-index	raw	render	674	208
sample	rich	dict-index	raw	render	675	250
sample	rich	dict-index	raw	render	676	208
sample	rich	dict-index	raw	render	677	250
sample	rich	dict-index	raw	render	678	167
sample	rich	dict-index	raw	render	679	250
sample	rich	dict-index	raw	render	680	333
sample	rich	dict-index	raw	render	681	292
sample	rich	dict-index	raw	render	682	208
sample	rich	dict-index	raw	render	683	459
sample	rich	dict-index	raw	render	684	208
sample	rich	dict-index	raw	render	685	208
sample	rich	dict-index	raw	render	686	209
sample	rich	dict-index	raw	render	687	417
sample	rich	dict-index	raw	render	688	375
sample	rich	dict-index	raw	render	689	416
sample	rich	dict-index	raw	render	690	291
sample	rich	dict-index	raw	render	691	416
sample	rich	dict-index	raw	render	692	333
sample	rich	dict-index	raw	render	693	334
sample	rich	dict-index	raw	render	694	458
sample	rich	dict-index	raw	render	695	250
sample	rich	dict-index	raw	render	696	292
sample	rich	dict-index	raw	render	697	417
sample	rich	dict-index	raw	render	698	500
sample	rich	dict-index	raw	render	699	292
sample	rich	dict-index	raw	render	700	375
sample	rich	dict-index	raw	render	701	375
sample	rich	dict-index	raw	render	702	208
sample	rich	dict-index	raw	render	703	459
sample	rich	dict-index	raw	render	704	250
sample	rich	dict-index	raw	render	705	417
sample	rich	dict-index	raw	render	706	791
sample	rich	dict-index	raw	render	707	750
sample	rich	dict-index	raw	render	708	208
sample	rich	dict-index	raw	render	709	333
sample	rich	dict-index	raw	render	710	375
sample	rich	dict-index	raw	render	711	291
sample	rich	dict-index	raw	render	712	292
sample	rich	dict-index	raw	render	713	333
sample	rich	dict-index	raw	render	714	500
sample	rich	dict-index	raw	render	715	209
sample	rich	dict-index	raw	render	716	375
sample	rich	dict-index	raw	render	717	500
sample	rich	dict-index	raw	render	718	292
sample	rich	dict-index	raw	render	719	292
sample	rich	dict-index	raw	render	720	417
sample	rich	dict-index	raw	render	721	541
sample	rich	dict-index	raw	render	722	292
sample	rich	dict-index	raw	render	723	167
sample	rich	dict-index	raw	render	724	542
sample	rich	dict-index	raw	render	725	416
sample	rich	dict-index	raw	render	726	375
sample	rich	dict-index	raw	render	727	500
sample	rich	dict-index	raw	render	728	291
sample	rich	dict-index	raw	render	729	375
sample	rich	dict-index	raw	render	730	292
sample	rich	dict-index	raw	render	731	208
sample	rich	dict-index	raw	render	732	375
sample	rich	dict-index	raw	render	733	416
sample	rich	dict-index	raw	render	734	208
sample	rich	dict-index	raw	render	735	375
sample	rich	dict-index	raw	render	736	333
sample	rich	dict-index	raw	render	737	583
sample	rich	dict-index	raw	render	738	250
sample	rich	dict-index	raw	render	739	416
sample	rich	dict-index	raw	render	740	417
sample	rich	dict-index	raw	render	741	417
sample	rich	dict-index	raw	render	742	292
sample	rich	dict-index	raw	render	743	375
sample	rich	dict-index	raw	render	744	250
sample	rich	dict-index	raw	render	745	500
sample	rich	dict-index	raw	render	746	208
sample	rich	dict-index	raw	render	747	375
sample	rich	dict-index	raw	render	748	208
sample	rich	dict-index	raw	render	749	292
sample	rich	dict-index	raw	render	750	208
sample	rich	dict-index	raw	render	751	292
sample	rich	dict-index	raw	render	752	208
sample	rich	dict-index	raw	render	753	458
sample	rich	dict-index	raw	render	754	334
sample	rich	dict-index	raw	render	755	167
sample	rich	dict-index	raw	render	756	291
sample	rich	dict-index	raw	render	757	333
sample	rich	dict-index	raw	render	758	291
sample	rich	dict-index	raw	render	759	292
sample	rich	dict-index	raw	render	760	250
sample	rich	dict-index	raw	render	761	292
sample	rich	dict-index	raw	render	762	292
sample	rich	dict-index	raw	render	763	208
sample	rich	dict-index	raw	render	764	458
sample	rich	dict-index	raw	render	765	333
sample	rich	dict-index	raw	render	766	500
sample	rich	dict-index	raw	render	767	291
sample	rich	dict-index	raw	render	768	292
sample	rich	dict-index	raw	render	769	375
sample	rich	dict-index	raw	render	770	375
sample	rich	dict-index	raw	render	771	291
sample	rich	dict-index	raw	render	772	333
sample	rich	dict-index	raw	render	773	208
sample	rich	dict-index	raw	render	774	250
sample	rich	dict-index	raw	render	775	209
sample	rich	dict-index	raw	render	776	208
sample	rich	dict-index	raw	render	777	167
sample	rich	dict-index	raw	render	778	208
sample	rich	dict-index	raw	render	779	291
sample	rich	dict-index	raw	render	780	208
sample	rich	dict-index	raw	render	781	333
sample	rich	dict-index	raw	render	782	333
sample	rich	dict-index	raw	render	783	209
sample	rich	dict-index	raw	render	784	1584
sample	rich	dict-index	raw	render	785	791
sample	rich	dict-index	raw	render	786	334
sample	rich	dict-index	raw	render	787	208
sample	rich	dict-index	raw	render	788	500
sample	rich	dict-index	raw	render	789	500
sample	rich	dict-index	raw	render	790	417
sample	rich	dict-index	raw	render	791	541
sample	rich	dict-index	raw	render	792	417
sample	rich	dict-index	raw	render	793	500
sample	rich	dict-index	raw	render	794	458
sample	rich	dict-index	raw	render	795	250
sample	rich	dict-index	raw	render	796	458
sample	rich	dict-index	raw	render	797	458
sample	rich	dict-index	raw	render	798	500
sample	rich	dict-index	raw	render	799	500
sample	rich	dict-index	raw	render	800	334
sample	rich	dict-index	raw	render	801	542
sample	rich	dict-index	raw	render	802	542
sample	rich	dict-index	raw	render	803	333
sample	rich	dict-index	raw	render	804	167
sample	rich	dict-index	raw	render	805	292
sample	rich	dict-index	raw	render	806	333
sample	rich	dict-index	raw	render	807	292
sample	rich	dict-index	raw	render	808	416
sample	rich	dict-index	raw	render	809	209
sample	rich	dict-index	raw	render	810	333
sample	rich	dict-index	raw	render	811	417
sample	rich	dict-index	raw	render	812	333
sample	rich	dict-index	raw	render	813	334
sample	rich	dict-index	raw	render	814	417
sample	rich	dict-index	raw	render	815	333
sample	rich	dict-index	raw	render	816	625
sample	rich	dict-index	raw	render	817	541
sample	rich	dict-index	raw	render	818	583
sample	rich	dict-index	raw	render	819	459
sample	rich	dict-index	raw	render	820	375
sample	rich	dict-index	raw	render	821	458
sample	rich	dict-index	raw	render	822	375
sample	rich	dict-index	raw	render	823	583
sample	rich	dict-index	raw	render	824	333
sample	rich	dict-index	raw	render	825	208
sample	rich	dict-index	raw	render	826	500
sample	rich	dict-index	raw	render	827	417
sample	rich	dict-index	raw	render	828	459
sample	rich	dict-index	raw	render	829	417
sample	rich	dict-index	raw	render	830	416
sample	rich	dict-index	raw	render	831	375
sample	rich	dict-index	raw	render	832	291
sample	rich	dict-index	raw	render	833	541
sample	rich	dict-index	raw	render	834	375
sample	rich	dict-index	raw	render	835	500
sample	rich	dict-index	raw	render	836	333
sample	rich	dict-index	raw	render	837	208
sample	rich	dict-index	raw	render	838	625
sample	rich	dict-index	raw	render	839	208
sample	rich	dict-index	raw	render	840	417
sample	rich	dict-index	raw	render	841	208
sample	rich	dict-index	raw	render	842	208
sample	rich	dict-index	raw	render	843	167
sample	rich	dict-index	raw	render	844	417
sample	rich	dict-index	raw	render	845	375
sample	rich	dict-index	raw	render	846	291
sample	rich	dict-index	raw	render	847	208
sample	rich	dict-index	raw	render	848	416
sample	rich	dict-index	raw	render	849	459
sample	rich	dict-index	raw	render	850	208
sample	rich	dict-index	raw	render	851	375
sample	rich	dict-index	raw	render	852	292
sample	rich	dict-index	raw	render	853	458
sample	rich	dict-index	raw	render	854	583
sample	rich	dict-index	raw	render	855	208
sample	rich	dict-index	raw	render	856	333
sample	rich	dict-index	raw	render	857	292
sample	rich	dict-index	raw	render	858	291
sample	rich	dict-index	raw	render	859	417
sample	rich	dict-index	raw	render	860	292
sample	rich	dict-index	raw	render	861	417
sample	rich	dict-index	raw	render	862	417
sample	rich	dict-index	raw	render	863	166
sample	rich	dict-index	raw	render	864	250
sample	rich	dict-index	raw	render	865	500
sample	rich	dict-index	raw	render	866	375
sample	rich	dict-index	raw	render	867	250
sample	rich	dict-index	raw	render	868	292
sample	rich	dict-index	raw	render	869	333
sample	rich	dict-index	raw	render	870	333
sample	rich	dict-index	raw	render	871	208
sample	rich	dict-index	raw	render	872	250
sample	rich	dict-index	raw	render	873	292
sample	rich	dict-index	raw	render	874	333
sample	rich	dict-index	raw	render	875	209
sample	rich	dict-index	raw	render	876	292
sample	rich	dict-index	raw	render	877	166
sample	rich	dict-index	raw	render	878	500
sample	rich	dict-index	raw	render	879	208
sample	rich	dict-index	raw	render	880	208
sample	rich	dict-index	raw	render	881	375
sample	rich	dict-index	raw	render	882	333
sample	rich	dict-index	raw	render	883	458
sample	rich	dict-index	raw	render	884	459
sample	rich	dict-index	raw	render	885	333
sample	rich	dict-index	raw	render	886	291
sample	rich	dict-index	raw	render	887	375
sample	rich	dict-index	raw	render	888	375
sample	rich	dict-index	raw	render	889	209
sample	rich	dict-index	raw	render	890	208
sample	rich	dict-index	raw	render	891	208
sample	rich	dict-index	raw	render	892	333
sample	rich	dict-index	raw	render	893	167
sample	rich	dict-index	raw	render	894	292
sample	rich	dict-index	raw	render	895	209
sample	rich	dict-index	raw	render	896	209
sample	rich	dict-index	raw	render	897	292
sample	rich	dict-index	raw	render	898	291
sample	rich	dict-index	raw	render	899	416
sample	rich	dict-index	raw	render	900	208
sample	rich	dict-index	raw	render	901	333
sample	rich	dict-index	raw	render	902	208
sample	rich	dict-index	raw	render	903	416
sample	rich	dict-index	raw	render	904	291
sample	rich	dict-index	raw	render	905	333
sample	rich	dict-index	raw	render	906	292
sample	rich	dict-index	raw	render	907	208
sample	rich	dict-index	raw	render	908	417
sample	rich	dict-index	raw	render	909	500
sample	rich	dict-index	raw	render	910	417
sample	rich	dict-index	raw	render	911	333
sample	rich	dict-index	raw	render	912	291
sample	rich	dict-index	raw	render	913	792
sample	rich	dict-index	raw	render	914	333
sample	rich	dict-index	raw	render	915	291
sample	rich	dict-index	raw	render	916	416
sample	rich	dict-index	raw	render	917	375
sample	rich	dict-index	raw	render	918	333
sample	rich	dict-index	raw	render	919	334
sample	rich	dict-index	raw	render	920	292
sample	rich	dict-index	raw	render	921	292
sample	rich	dict-index	raw	render	922	333
sample	rich	dict-index	raw	render	923	209
sample	rich	dict-index	raw	render	924	208
sample	rich	dict-index	raw	render	925	333
sample	rich	dict-index	raw	render	926	250
sample	rich	dict-index	raw	render	927	208
sample	rich	dict-index	raw	render	928	334
sample	rich	dict-index	raw	render	929	375
sample	rich	dict-index	raw	render	930	208
sample	rich	dict-index	raw	render	931	375
sample	rich	dict-index	raw	render	932	250
sample	rich	dict-index	raw	render	933	459
sample	rich	dict-index	raw	render	934	541
sample	rich	dict-index	raw	render	935	292
sample	rich	dict-index	raw	render	936	209
sample	rich	dict-index	raw	render	937	375
sample	rich	dict-index	raw	render	938	417
sample	rich	dict-index	raw	render	939	250
sample	rich	dict-index	raw	render	940	167
sample	rich	dict-index	raw	render	941	334
sample	rich	dict-index	raw	render	942	375
sample	rich	dict-index	raw	render	943	333
sample	rich	dict-index	raw	render	944	333
sample	rich	dict-index	raw	render	945	333
sample	rich	dict-index	raw	render	946	625
sample	rich	dict-index	raw	render	947	375
sample	rich	dict-index	raw	render	948	500
sample	rich	dict-index	raw	render	949	208
sample	rich	dict-index	raw	render	950	292
sample	rich	dict-index	raw	render	951	417
sample	rich	dict-index	raw	render	952	375
sample	rich	dict-index	raw	render	953	28250
sample	rich	dict-index	raw	render	954	625
sample	rich	dict-index	raw	render	955	833
sample	rich	dict-index	raw	render	956	375
sample	rich	dict-index	raw	render	957	291
sample	rich	dict-index	raw	render	958	500
sample	rich	dict-index	raw	render	959	667
sample	rich	dict-index	raw	render	960	667
sample	rich	dict-index	raw	render	961	750
sample	rich	dict-index	raw	render	962	541
sample	rich	dict-index	raw	render	963	208
sample	rich	dict-index	raw	render	964	333
sample	rich	dict-index	raw	render	965	333
sample	rich	dict-index	raw	render	966	417
sample	rich	dict-index	raw	render	967	625
sample	rich	dict-index	raw	render	968	667
sample	rich	dict-index	raw	render	969	291
sample	rich	dict-index	raw	render	970	167
sample	rich	dict-index	raw	render	971	250
sample	rich	dict-index	raw	render	972	250
sample	rich	dict-index	raw	render	973	250
sample	rich	dict-index	raw	render	974	209
sample	rich	dict-index	raw	render	975	208
sample	rich	dict-index	raw	render	976	250
sample	rich	dict-index	raw	render	977	417
sample	rich	dict-index	raw	render	978	208
sample	rich	dict-index	raw	render	979	208
sample	rich	dict-index	raw	render	980	250
sample	rich	dict-index	raw	render	981	209
sample	rich	dict-index	raw	render	982	250
sample	rich	dict-index	raw	render	983	208
sample	rich	dict-index	raw	render	984	208
sample	rich	dict-index	raw	render	985	291
sample	rich	dict-index	raw	render	986	291
sample	rich	dict-index	raw	render	987	292
sample	rich	dict-index	raw	render	988	292
sample	rich	dict-index	raw	render	989	208
sample	rich	dict-index	raw	render	990	208
sample	rich	dict-index	raw	render	991	208
sample	rich	dict-index	raw	render	992	208
sample	rich	dict-index	raw	render	993	334
sample	rich	dict-index	raw	render	994	208
sample	rich	dict-index	raw	render	995	209
sample	rich	dict-index	raw	render	996	333
sample	rich	dict-index	raw	render	997	209
sample	rich	dict-index	raw	render	998	375
sample	rich	dict-index	raw	render	999	208
result	rich	dict-index	raw	exact.p50_ns	583
result	rich	dict-index	raw	exact.p95_ns	1541
result	rich	dict-index	raw	exact.p99_ns	3709
result	rich	dict-index	raw	prefix.p50_ns	122334
result	rich	dict-index	raw	prefix.p95_ns	288583
result	rich	dict-index	raw	prefix.p99_ns	401500
result	rich	dict-index	raw	render.p50_ns	333
result	rich	dict-index	raw	render.p95_ns	1042
result	rich	dict-index	raw	render.p99_ns	3208
result	rich	dict-index	raw	exact.hit.p50_ns	625
result	rich	dict-index	raw	exact.hit.p95_ns	1708
result	rich	dict-index	raw	exact.hit.p99_ns	3875
result	rich	dict-index	raw	exact.miss.p50_ns	417
result	rich	dict-index	raw	exact.miss.p95_ns	1208
result	rich	dict-index	raw	exact.miss.p99_ns	3000
result	rich	dict-index	raw	prefix.zero.p50_ns	2458
result	rich	dict-index	raw	prefix.zero.p95_ns	8042
result	rich	dict-index	raw	prefix.zero.p99_ns	14625
result	rich	dict-index	raw	prefix.one.p50_ns	2583
result	rich	dict-index	raw	prefix.one.p95_ns	13375
result	rich	dict-index	raw	prefix.one.p99_ns	22541
result	rich	dict-index	raw	prefix.many.p50_ns	131709
result	rich	dict-index	raw	prefix.many.p95_ns	367334
result	rich	dict-index	raw	prefix.many.p99_ns	430291
result	rich	dict-index	raw	prefix.pathological.p50_ns	-
result	rich	dict-index	raw	prefix.pathological.p95_ns	-
result	rich	dict-index	raw	prefix.pathological.p99_ns	-
result	rich	dict-index	dictzip	artifact_bytes	61414
result	rich	dict-index	dictzip	build_ns	8577000
sample	rich	dict-index	dictzip	open	0	1260958
sample	rich	dict-index	dictzip	open	1	1472209
sample	rich	dict-index	dictzip	open	2	551708
sample	rich	dict-index	dictzip	open	3	511250
sample	rich	dict-index	dictzip	open	4	500750
sample	rich	dict-index	dictzip	open	5	507375
sample	rich	dict-index	dictzip	open	6	510292
sample	rich	dict-index	dictzip	open	7	513375
sample	rich	dict-index	dictzip	open	8	518375
sample	rich	dict-index	dictzip	open	9	513334
sample	rich	dict-index	dictzip	open	10	513833
sample	rich	dict-index	dictzip	open	11	504542
sample	rich	dict-index	dictzip	open	12	499916
sample	rich	dict-index	dictzip	open	13	514792
sample	rich	dict-index	dictzip	open	14	494167
sample	rich	dict-index	dictzip	open	15	502917
sample	rich	dict-index	dictzip	open	16	752250
sample	rich	dict-index	dictzip	open	17	1648333
sample	rich	dict-index	dictzip	open	18	1174083
sample	rich	dict-index	dictzip	open	19	637541
sample	rich	dict-index	dictzip	open	20	523250
sample	rich	dict-index	dictzip	open	21	513958
sample	rich	dict-index	dictzip	open	22	502084
sample	rich	dict-index	dictzip	open	23	498000
sample	rich	dict-index	dictzip	open	24	488750
result	rich	dict-index	dictzip	open_ns	513375
result	rich	dict-index	dictzip	semantic_digest	14813021753239549239
result	rich	dict-index	dictzip	query_checksum	15472329982066036572
result	rich	dict-index	dictzip	outputs	1024875
result	rich	dict-index	dictzip	logical_prose_bytes	394154
sample	rich	dict-index	dictzip	exact	0	37792
sample	rich	dict-index	dictzip	exact	1	7417
sample	rich	dict-index	dictzip	exact	2	8209
sample	rich	dict-index	dictzip	exact	3	2416
sample	rich	dict-index	dictzip	exact	4	1500
sample	rich	dict-index	dictzip	exact	5	500
sample	rich	dict-index	dictzip	exact	6	1500
sample	rich	dict-index	dictzip	exact	7	1042
sample	rich	dict-index	dictzip	exact	8	1250
sample	rich	dict-index	dictzip	exact	9	541
sample	rich	dict-index	dictzip	exact	10	1166
sample	rich	dict-index	dictzip	exact	11	500
sample	rich	dict-index	dictzip	exact	12	1167
sample	rich	dict-index	dictzip	exact	13	458
sample	rich	dict-index	dictzip	exact	14	1209
sample	rich	dict-index	dictzip	exact	15	708
sample	rich	dict-index	dictzip	exact	16	958
sample	rich	dict-index	dictzip	exact	17	417
sample	rich	dict-index	dictzip	exact	18	2833
sample	rich	dict-index	dictzip	exact	19	500
sample	rich	dict-index	dictzip	exact	20	1083
sample	rich	dict-index	dictzip	exact	21	458
sample	rich	dict-index	dictzip	exact	22	1000
sample	rich	dict-index	dictzip	exact	23	666
sample	rich	dict-index	dictzip	exact	24	1250
sample	rich	dict-index	dictzip	exact	25	375
sample	rich	dict-index	dictzip	exact	26	2542
sample	rich	dict-index	dictzip	exact	27	500
sample	rich	dict-index	dictzip	exact	28	959
sample	rich	dict-index	dictzip	exact	29	417
sample	rich	dict-index	dictzip	exact	30	625
sample	rich	dict-index	dictzip	exact	31	583
sample	rich	dict-index	dictzip	exact	32	958
sample	rich	dict-index	dictzip	exact	33	375
sample	rich	dict-index	dictzip	exact	34	666
sample	rich	dict-index	dictzip	exact	35	458
sample	rich	dict-index	dictzip	exact	36	666
sample	rich	dict-index	dictzip	exact	37	417
sample	rich	dict-index	dictzip	exact	38	667
sample	rich	dict-index	dictzip	exact	39	583
sample	rich	dict-index	dictzip	exact	40	708
sample	rich	dict-index	dictzip	exact	41	416
sample	rich	dict-index	dictzip	exact	42	833
sample	rich	dict-index	dictzip	exact	43	500
sample	rich	dict-index	dictzip	exact	44	709
sample	rich	dict-index	dictzip	exact	45	417
sample	rich	dict-index	dictzip	exact	46	666
sample	rich	dict-index	dictzip	exact	47	542
sample	rich	dict-index	dictzip	exact	48	791
sample	rich	dict-index	dictzip	exact	49	416
sample	rich	dict-index	dictzip	exact	50	792
sample	rich	dict-index	dictzip	exact	51	459
sample	rich	dict-index	dictzip	exact	52	875
sample	rich	dict-index	dictzip	exact	53	458
sample	rich	dict-index	dictzip	exact	54	709
sample	rich	dict-index	dictzip	exact	55	542
sample	rich	dict-index	dictzip	exact	56	625
sample	rich	dict-index	dictzip	exact	57	375
sample	rich	dict-index	dictzip	exact	58	625
sample	rich	dict-index	dictzip	exact	59	417
sample	rich	dict-index	dictzip	exact	60	584
sample	rich	dict-index	dictzip	exact	61	417
sample	rich	dict-index	dictzip	exact	62	583
sample	rich	dict-index	dictzip	exact	63	542
sample	rich	dict-index	dictzip	exact	64	833
sample	rich	dict-index	dictzip	exact	65	333
sample	rich	dict-index	dictzip	exact	66	625
sample	rich	dict-index	dictzip	exact	67	458
sample	rich	dict-index	dictzip	exact	68	583
sample	rich	dict-index	dictzip	exact	69	416
sample	rich	dict-index	dictzip	exact	70	625
sample	rich	dict-index	dictzip	exact	71	625
sample	rich	dict-index	dictzip	exact	72	875
sample	rich	dict-index	dictzip	exact	73	375
sample	rich	dict-index	dictzip	exact	74	666
sample	rich	dict-index	dictzip	exact	75	458
sample	rich	dict-index	dictzip	exact	76	625
sample	rich	dict-index	dictzip	exact	77	417
sample	rich	dict-index	dictzip	exact	78	708
sample	rich	dict-index	dictzip	exact	79	542
sample	rich	dict-index	dictzip	exact	80	959
sample	rich	dict-index	dictzip	exact	81	333
sample	rich	dict-index	dictzip	exact	82	667
sample	rich	dict-index	dictzip	exact	83	417
sample	rich	dict-index	dictzip	exact	84	708
sample	rich	dict-index	dictzip	exact	85	417
sample	rich	dict-index	dictzip	exact	86	583
sample	rich	dict-index	dictzip	exact	87	583
sample	rich	dict-index	dictzip	exact	88	708
sample	rich	dict-index	dictzip	exact	89	375
sample	rich	dict-index	dictzip	exact	90	542
sample	rich	dict-index	dictzip	exact	91	417
sample	rich	dict-index	dictzip	exact	92	584
sample	rich	dict-index	dictzip	exact	93	625
sample	rich	dict-index	dictzip	exact	94	625
sample	rich	dict-index	dictzip	exact	95	584
sample	rich	dict-index	dictzip	exact	96	667
sample	rich	dict-index	dictzip	exact	97	375
sample	rich	dict-index	dictzip	exact	98	583
sample	rich	dict-index	dictzip	exact	99	417
sample	rich	dict-index	dictzip	exact	100	708
sample	rich	dict-index	dictzip	exact	101	417
sample	rich	dict-index	dictzip	exact	102	1250
sample	rich	dict-index	dictzip	exact	103	583
sample	rich	dict-index	dictzip	exact	104	750
sample	rich	dict-index	dictzip	exact	105	375
sample	rich	dict-index	dictzip	exact	106	667
sample	rich	dict-index	dictzip	exact	107	500
sample	rich	dict-index	dictzip	exact	108	625
sample	rich	dict-index	dictzip	exact	109	417
sample	rich	dict-index	dictzip	exact	110	709
sample	rich	dict-index	dictzip	exact	111	583
sample	rich	dict-index	dictzip	exact	112	667
sample	rich	dict-index	dictzip	exact	113	417
sample	rich	dict-index	dictzip	exact	114	584
sample	rich	dict-index	dictzip	exact	115	459
sample	rich	dict-index	dictzip	exact	116	541
sample	rich	dict-index	dictzip	exact	117	458
sample	rich	dict-index	dictzip	exact	118	584
sample	rich	dict-index	dictzip	exact	119	542
sample	rich	dict-index	dictzip	exact	120	583
sample	rich	dict-index	dictzip	exact	121	417
sample	rich	dict-index	dictzip	exact	122	541
sample	rich	dict-index	dictzip	exact	123	458
sample	rich	dict-index	dictzip	exact	124	625
sample	rich	dict-index	dictzip	exact	125	459
sample	rich	dict-index	dictzip	exact	126	750
sample	rich	dict-index	dictzip	exact	127	458
sample	rich	dict-index	dictzip	exact	128	750
sample	rich	dict-index	dictzip	exact	129	458
sample	rich	dict-index	dictzip	exact	130	667
sample	rich	dict-index	dictzip	exact	131	458
sample	rich	dict-index	dictzip	exact	132	625
sample	rich	dict-index	dictzip	exact	133	833
sample	rich	dict-index	dictzip	exact	134	584
sample	rich	dict-index	dictzip	exact	135	6167
sample	rich	dict-index	dictzip	exact	136	2250
sample	rich	dict-index	dictzip	exact	137	1042
sample	rich	dict-index	dictzip	exact	138	2208
sample	rich	dict-index	dictzip	exact	139	1125
sample	rich	dict-index	dictzip	exact	140	1833
sample	rich	dict-index	dictzip	exact	141	2208
sample	rich	dict-index	dictzip	exact	142	1250
sample	rich	dict-index	dictzip	exact	143	917
sample	rich	dict-index	dictzip	exact	144	1500
sample	rich	dict-index	dictzip	exact	145	584
sample	rich	dict-index	dictzip	exact	146	792
sample	rich	dict-index	dictzip	exact	147	500
sample	rich	dict-index	dictzip	exact	148	791
sample	rich	dict-index	dictzip	exact	149	541
sample	rich	dict-index	dictzip	exact	150	666
sample	rich	dict-index	dictzip	exact	151	625
sample	rich	dict-index	dictzip	exact	152	917
sample	rich	dict-index	dictzip	exact	153	375
sample	rich	dict-index	dictzip	exact	154	875
sample	rich	dict-index	dictzip	exact	155	459
sample	rich	dict-index	dictzip	exact	156	791
sample	rich	dict-index	dictzip	exact	157	375
sample	rich	dict-index	dictzip	exact	158	709
sample	rich	dict-index	dictzip	exact	159	625
sample	rich	dict-index	dictzip	exact	160	958
sample	rich	dict-index	dictzip	exact	161	416
sample	rich	dict-index	dictzip	exact	162	916
sample	rich	dict-index	dictzip	exact	163	458
sample	rich	dict-index	dictzip	exact	164	709
sample	rich	dict-index	dictzip	exact	165	417
sample	rich	dict-index	dictzip	exact	166	709
sample	rich	dict-index	dictzip	exact	167	625
sample	rich	dict-index	dictzip	exact	168	792
sample	rich	dict-index	dictzip	exact	169	375
sample	rich	dict-index	dictzip	exact	170	708
sample	rich	dict-index	dictzip	exact	171	458
sample	rich	dict-index	dictzip	exact	172	750
sample	rich	dict-index	dictzip	exact	173	459
sample	rich	dict-index	dictzip	exact	174	625
sample	rich	dict-index	dictzip	exact	175	583
sample	rich	dict-index	dictzip	exact	176	833
sample	rich	dict-index	dictzip	exact	177	375
sample	rich	dict-index	dictzip	exact	178	625
sample	rich	dict-index	dictzip	exact	179	458
sample	rich	dict-index	dictzip	exact	180	666
sample	rich	dict-index	dictzip	exact	181	416
sample	rich	dict-index	dictzip	exact	182	750
sample	rich	dict-index	dictzip	exact	183	625
sample	rich	dict-index	dictzip	exact	184	750
sample	rich	dict-index	dictzip	exact	185	417
sample	rich	dict-index	dictzip	exact	186	833
sample	rich	dict-index	dictzip	exact	187	459
sample	rich	dict-index	dictzip	exact	188	708
sample	rich	dict-index	dictzip	exact	189	458
sample	rich	dict-index	dictzip	exact	190	625
sample	rich	dict-index	dictzip	exact	191	625
sample	rich	dict-index	dictzip	exact	192	917
sample	rich	dict-index	dictzip	exact	193	417
sample	rich	dict-index	dictzip	exact	194	709
sample	rich	dict-index	dictzip	exact	195	416
sample	rich	dict-index	dictzip	exact	196	791
sample	rich	dict-index	dictzip	exact	197	417
sample	rich	dict-index	dictzip	exact	198	833
sample	rich	dict-index	dictzip	exact	199	667
sample	rich	dict-index	dictzip	exact	200	709
sample	rich	dict-index	dictzip	exact	201	541
sample	rich	dict-index	dictzip	exact	202	625
sample	rich	dict-index	dictzip	exact	203	541
sample	rich	dict-index	dictzip	exact	204	583
sample	rich	dict-index	dictzip	exact	205	458
sample	rich	dict-index	dictzip	exact	206	708
sample	rich	dict-index	dictzip	exact	207	583
sample	rich	dict-index	dictzip	exact	208	1042
sample	rich	dict-index	dictzip	exact	209	375
sample	rich	dict-index	dictzip	exact	210	625
sample	rich	dict-index	dictzip	exact	211	458
sample	rich	dict-index	dictzip	exact	212	750
sample	rich	dict-index	dictzip	exact	213	459
sample	rich	dict-index	dictzip	exact	214	625
sample	rich	dict-index	dictzip	exact	215	583
sample	rich	dict-index	dictzip	exact	216	542
sample	rich	dict-index	dictzip	exact	217	417
sample	rich	dict-index	dictzip	exact	218	875
sample	rich	dict-index	dictzip	exact	219	458
sample	rich	dict-index	dictzip	exact	220	666
sample	rich	dict-index	dictzip	exact	221	416
sample	rich	dict-index	dictzip	exact	222	583
sample	rich	dict-index	dictzip	exact	223	584
sample	rich	dict-index	dictzip	exact	224	583
sample	rich	dict-index	dictzip	exact	225	458
sample	rich	dict-index	dictzip	exact	226	625
sample	rich	dict-index	dictzip	exact	227	417
sample	rich	dict-index	dictzip	exact	228	625
sample	rich	dict-index	dictzip	exact	229	458
sample	rich	dict-index	dictzip	exact	230	583
sample	rich	dict-index	dictzip	exact	231	542
sample	rich	dict-index	dictzip	exact	232	625
sample	rich	dict-index	dictzip	exact	233	417
sample	rich	dict-index	dictzip	exact	234	667
sample	rich	dict-index	dictzip	exact	235	458
sample	rich	dict-index	dictzip	exact	236	583
sample	rich	dict-index	dictzip	exact	237	417
sample	rich	dict-index	dictzip	exact	238	542
sample	rich	dict-index	dictzip	exact	239	583
sample	rich	dict-index	dictzip	exact	240	625
sample	rich	dict-index	dictzip	exact	241	375
sample	rich	dict-index	dictzip	exact	242	625
sample	rich	dict-index	dictzip	exact	243	458
sample	rich	dict-index	dictzip	exact	244	584
sample	rich	dict-index	dictzip	exact	245	416
sample	rich	dict-index	dictzip	exact	246	583
sample	rich	dict-index	dictzip	exact	247	542
sample	rich	dict-index	dictzip	exact	248	625
sample	rich	dict-index	dictzip	exact	249	417
sample	rich	dict-index	dictzip	exact	250	666
sample	rich	dict-index	dictzip	exact	251	459
sample	rich	dict-index	dictzip	exact	252	584
sample	rich	dict-index	dictzip	exact	253	417
sample	rich	dict-index	dictzip	exact	254	583
sample	rich	dict-index	dictzip	exact	255	541
sample	rich	dict-index	dictzip	exact	256	916
sample	rich	dict-index	dictzip	exact	257	416
sample	rich	dict-index	dictzip	exact	258	625
sample	rich	dict-index	dictzip	exact	259	458
sample	rich	dict-index	dictzip	exact	260	625
sample	rich	dict-index	dictzip	exact	261	458
sample	rich	dict-index	dictzip	exact	262	7584
sample	rich	dict-index	dictzip	exact	263	2791
sample	rich	dict-index	dictzip	exact	264	1958
sample	rich	dict-index	dictzip	exact	265	1416
sample	rich	dict-index	dictzip	exact	266	2375
sample	rich	dict-index	dictzip	exact	267	2709
sample	rich	dict-index	dictzip	exact	268	1542
sample	rich	dict-index	dictzip	exact	269	541
sample	rich	dict-index	dictzip	exact	270	958
sample	rich	dict-index	dictzip	exact	271	875
sample	rich	dict-index	dictzip	exact	272	1541
sample	rich	dict-index	dictzip	exact	273	625
sample	rich	dict-index	dictzip	exact	274	1167
sample	rich	dict-index	dictzip	exact	275	500
sample	rich	dict-index	dictzip	exact	276	917
sample	rich	dict-index	dictzip	exact	277	500
sample	rich	dict-index	dictzip	exact	278	834
sample	rich	dict-index	dictzip	exact	279	750
sample	rich	dict-index	dictzip	exact	280	916
sample	rich	dict-index	dictzip	exact	281	459
sample	rich	dict-index	dictzip	exact	282	750
sample	rich	dict-index	dictzip	exact	283	500
sample	rich	dict-index	dictzip	exact	284	917
sample	rich	dict-index	dictzip	exact	285	542
sample	rich	dict-index	dictzip	exact	286	834
sample	rich	dict-index	dictzip	exact	287	667
sample	rich	dict-index	dictzip	exact	288	1000
sample	rich	dict-index	dictzip	exact	289	416
sample	rich	dict-index	dictzip	exact	290	1041
sample	rich	dict-index	dictzip	exact	291	459
sample	rich	dict-index	dictzip	exact	292	916
sample	rich	dict-index	dictzip	exact	293	500
sample	rich	dict-index	dictzip	exact	294	1125
sample	rich	dict-index	dictzip	exact	295	625
sample	rich	dict-index	dictzip	exact	296	833
sample	rich	dict-index	dictzip	exact	297	417
sample	rich	dict-index	dictzip	exact	298	666
sample	rich	dict-index	dictzip	exact	299	500
sample	rich	dict-index	dictzip	exact	300	709
sample	rich	dict-index	dictzip	exact	301	458
sample	rich	dict-index	dictzip	exact	302	625
sample	rich	dict-index	dictzip	exact	303	583
sample	rich	dict-index	dictzip	exact	304	917
sample	rich	dict-index	dictzip	exact	305	416
sample	rich	dict-index	dictzip	exact	306	625
sample	rich	dict-index	dictzip	exact	307	458
sample	rich	dict-index	dictzip	exact	308	583
sample	rich	dict-index	dictzip	exact	309	459
sample	rich	dict-index	dictzip	exact	310	708
sample	rich	dict-index	dictzip	exact	311	583
sample	rich	dict-index	dictzip	exact	312	625
sample	rich	dict-index	dictzip	exact	313	416
sample	rich	dict-index	dictzip	exact	314	708
sample	rich	dict-index	dictzip	exact	315	458
sample	rich	dict-index	dictzip	exact	316	791
sample	rich	dict-index	dictzip	exact	317	458
sample	rich	dict-index	dictzip	exact	318	625
sample	rich	dict-index	dictzip	exact	319	625
sample	rich	dict-index	dictzip	exact	320	666
sample	rich	dict-index	dictzip	exact	321	417
sample	rich	dict-index	dictzip	exact	322	708
sample	rich	dict-index	dictzip	exact	323	500
sample	rich	dict-index	dictzip	exact	324	625
sample	rich	dict-index	dictzip	exact	325	459
sample	rich	dict-index	dictzip	exact	326	875
sample	rich	dict-index	dictzip	exact	327	666
sample	rich	dict-index	dictzip	exact	328	625
sample	rich	dict-index	dictzip	exact	329	417
sample	rich	dict-index	dictzip	exact	330	625
sample	rich	dict-index	dictzip	exact	331	458
sample	rich	dict-index	dictzip	exact	332	583
sample	rich	dict-index	dictzip	exact	333	417
sample	rich	dict-index	dictzip	exact	334	625
sample	rich	dict-index	dictzip	exact	335	625
sample	rich	dict-index	dictzip	exact	336	791
sample	rich	dict-index	dictzip	exact	337	375
sample	rich	dict-index	dictzip	exact	338	584
sample	rich	dict-index	dictzip	exact	339	458
sample	rich	dict-index	dictzip	exact	340	583
sample	rich	dict-index	dictzip	exact	341	416
sample	rich	dict-index	dictzip	exact	342	750
sample	rich	dict-index	dictzip	exact	343	625
sample	rich	dict-index	dictzip	exact	344	625
sample	rich	dict-index	dictzip	exact	345	417
sample	rich	dict-index	dictzip	exact	346	625
sample	rich	dict-index	dictzip	exact	347	417
sample	rich	dict-index	dictzip	exact	348	584
sample	rich	dict-index	dictzip	exact	349	417
sample	rich	dict-index	dictzip	exact	350	834
sample	rich	dict-index	dictzip	exact	351	584
sample	rich	dict-index	dictzip	exact	352	666
sample	rich	dict-index	dictzip	exact	353	458
sample	rich	dict-index	dictzip	exact	354	667
sample	rich	dict-index	dictzip	exact	355	416
sample	rich	dict-index	dictzip	exact	356	708
sample	rich	dict-index	dictzip	exact	357	417
sample	rich	dict-index	dictzip	exact	358	625
sample	rich	dict-index	dictzip	exact	359	625
sample	rich	dict-index	dictzip	exact	360	584
sample	rich	dict-index	dictzip	exact	361	416
sample	rich	dict-index	dictzip	exact	362	625
sample	rich	dict-index	dictzip	exact	363	458
sample	rich	dict-index	dictzip	exact	364	542
sample	rich	dict-index	dictzip	exact	365	375
sample	rich	dict-index	dictzip	exact	366	709
sample	rich	dict-index	dictzip	exact	367	583
sample	rich	dict-index	dictzip	exact	368	834
sample	rich	dict-index	dictzip	exact	369	416
sample	rich	dict-index	dictzip	exact	370	667
sample	rich	dict-index	dictzip	exact	371	458
sample	rich	dict-index	dictzip	exact	372	584
sample	rich	dict-index	dictzip	exact	373	417
sample	rich	dict-index	dictzip	exact	374	583
sample	rich	dict-index	dictzip	exact	375	625
sample	rich	dict-index	dictzip	exact	376	625
sample	rich	dict-index	dictzip	exact	377	334
sample	rich	dict-index	dictzip	exact	378	708
sample	rich	dict-index	dictzip	exact	379	458
sample	rich	dict-index	dictzip	exact	380	833
sample	rich	dict-index	dictzip	exact	381	500
sample	rich	dict-index	dictzip	exact	382	750
sample	rich	dict-index	dictzip	exact	383	667
sample	rich	dict-index	dictzip	exact	384	791
sample	rich	dict-index	dictzip	exact	385	500
sample	rich	dict-index	dictzip	exact	386	542
sample	rich	dict-index	dictzip	exact	387	458
sample	rich	dict-index	dictzip	exact	388	542
sample	rich	dict-index	dictzip	exact	389	2292
sample	rich	dict-index	dictzip	exact	390	1000
sample	rich	dict-index	dictzip	exact	391	834
sample	rich	dict-index	dictzip	exact	392	1041
sample	rich	dict-index	dictzip	exact	393	500
sample	rich	dict-index	dictzip	exact	394	833
sample	rich	dict-index	dictzip	exact	395	500
sample	rich	dict-index	dictzip	exact	396	750
sample	rich	dict-index	dictzip	exact	397	500
sample	rich	dict-index	dictzip	exact	398	625
sample	rich	dict-index	dictzip	exact	399	750
sample	rich	dict-index	dictzip	exact	400	1000
sample	rich	dict-index	dictzip	exact	401	417
sample	rich	dict-index	dictzip	exact	402	708
sample	rich	dict-index	dictzip	exact	403	541
sample	rich	dict-index	dictzip	exact	404	667
sample	rich	dict-index	dictzip	exact	405	416
sample	rich	dict-index	dictzip	exact	406	750
sample	rich	dict-index	dictzip	exact	407	625
sample	rich	dict-index	dictzip	exact	408	667
sample	rich	dict-index	dictzip	exact	409	375
sample	rich	dict-index	dictzip	exact	410	584
sample	rich	dict-index	dictzip	exact	411	417
sample	rich	dict-index	dictzip	exact	412	667
sample	rich	dict-index	dictzip	exact	413	416
sample	rich	dict-index	dictzip	exact	414	625
sample	rich	dict-index	dictzip	exact	415	583
sample	rich	dict-index	dictzip	exact	416	708
sample	rich	dict-index	dictzip	exact	417	375
sample	rich	dict-index	dictzip	exact	418	625
sample	rich	dict-index	dictzip	exact	419	1875
sample	rich	dict-index	dictzip	exact	420	1125
sample	rich	dict-index	dictzip	exact	421	459
sample	rich	dict-index	dictzip	exact	422	1000
sample	rich	dict-index	dictzip	exact	423	833
sample	rich	dict-index	dictzip	exact	424	792
sample	rich	dict-index	dictzip	exact	425	459
sample	rich	dict-index	dictzip	exact	426	750
sample	rich	dict-index	dictzip	exact	427	542
sample	rich	dict-index	dictzip	exact	428	750
sample	rich	dict-index	dictzip	exact	429	500
sample	rich	dict-index	dictzip	exact	430	667
sample	rich	dict-index	dictzip	exact	431	792
sample	rich	dict-index	dictzip	exact	432	1042
sample	rich	dict-index	dictzip	exact	433	417
sample	rich	dict-index	dictzip	exact	434	1042
sample	rich	dict-index	dictzip	exact	435	458
sample	rich	dict-index	dictzip	exact	436	792
sample	rich	dict-index	dictzip	exact	437	417
sample	rich	dict-index	dictzip	exact	438	750
sample	rich	dict-index	dictzip	exact	439	667
sample	rich	dict-index	dictzip	exact	440	5333
sample	rich	dict-index	dictzip	exact	441	2834
sample	rich	dict-index	dictzip	exact	442	2916
sample	rich	dict-index	dictzip	exact	443	2459
sample	rich	dict-index	dictzip	exact	444	1625
sample	rich	dict-index	dictzip	exact	445	583
sample	rich	dict-index	dictzip	exact	446	833
sample	rich	dict-index	dictzip	exact	447	958
sample	rich	dict-index	dictzip	exact	448	1042
sample	rich	dict-index	dictzip	exact	449	541
sample	rich	dict-index	dictzip	exact	450	792
sample	rich	dict-index	dictzip	exact	451	500
sample	rich	dict-index	dictzip	exact	452	833
sample	rich	dict-index	dictzip	exact	453	417
sample	rich	dict-index	dictzip	exact	454	792
sample	rich	dict-index	dictzip	exact	455	750
sample	rich	dict-index	dictzip	exact	456	916
sample	rich	dict-index	dictzip	exact	457	417
sample	rich	dict-index	dictzip	exact	458	792
sample	rich	dict-index	dictzip	exact	459	458
sample	rich	dict-index	dictzip	exact	460	792
sample	rich	dict-index	dictzip	exact	461	417
sample	rich	dict-index	dictzip	exact	462	750
sample	rich	dict-index	dictzip	exact	463	625
sample	rich	dict-index	dictzip	exact	464	1083
sample	rich	dict-index	dictzip	exact	465	375
sample	rich	dict-index	dictzip	exact	466	666
sample	rich	dict-index	dictzip	exact	467	458
sample	rich	dict-index	dictzip	exact	468	750
sample	rich	dict-index	dictzip	exact	469	417
sample	rich	dict-index	dictzip	exact	470	917
sample	rich	dict-index	dictzip	exact	471	625
sample	rich	dict-index	dictzip	exact	472	958
sample	rich	dict-index	dictzip	exact	473	417
sample	rich	dict-index	dictzip	exact	474	750
sample	rich	dict-index	dictzip	exact	475	458
sample	rich	dict-index	dictzip	exact	476	584
sample	rich	dict-index	dictzip	exact	477	417
sample	rich	dict-index	dictzip	exact	478	666
sample	rich	dict-index	dictzip	exact	479	542
sample	rich	dict-index	dictzip	exact	480	833
sample	rich	dict-index	dictzip	exact	481	417
sample	rich	dict-index	dictzip	exact	482	750
sample	rich	dict-index	dictzip	exact	483	458
sample	rich	dict-index	dictzip	exact	484	584
sample	rich	dict-index	dictzip	exact	485	417
sample	rich	dict-index	dictzip	exact	486	667
sample	rich	dict-index	dictzip	exact	487	583
sample	rich	dict-index	dictzip	exact	488	750
sample	rich	dict-index	dictzip	exact	489	375
sample	rich	dict-index	dictzip	exact	490	625
sample	rich	dict-index	dictzip	exact	491	458
sample	rich	dict-index	dictzip	exact	492	583
sample	rich	dict-index	dictzip	exact	493	417
sample	rich	dict-index	dictzip	exact	494	583
sample	rich	dict-index	dictzip	exact	495	583
sample	rich	dict-index	dictzip	exact	496	750
sample	rich	dict-index	dictzip	exact	497	375
sample	rich	dict-index	dictzip	exact	498	625
sample	rich	dict-index	dictzip	exact	499	417
sample	rich	dict-index	dictzip	exact	500	584
sample	rich	dict-index	dictzip	exact	501	375
sample	rich	dict-index	dictzip	exact	502	584
sample	rich	dict-index	dictzip	exact	503	583
sample	rich	dict-index	dictzip	exact	504	667
sample	rich	dict-index	dictzip	exact	505	375
sample	rich	dict-index	dictzip	exact	506	583
sample	rich	dict-index	dictzip	exact	507	417
sample	rich	dict-index	dictzip	exact	508	541
sample	rich	dict-index	dictzip	exact	509	375
sample	rich	dict-index	dictzip	exact	510	583
sample	rich	dict-index	dictzip	exact	511	625
sample	rich	dict-index	dictzip	exact	512	708
sample	rich	dict-index	dictzip	exact	513	417
sample	rich	dict-index	dictzip	exact	514	542
sample	rich	dict-index	dictzip	exact	515	417
sample	rich	dict-index	dictzip	exact	516	667
sample	rich	dict-index	dictzip	exact	517	416
sample	rich	dict-index	dictzip	exact	518	542
sample	rich	dict-index	dictzip	exact	519	583
sample	rich	dict-index	dictzip	exact	520	667
sample	rich	dict-index	dictzip	exact	521	375
sample	rich	dict-index	dictzip	exact	522	625
sample	rich	dict-index	dictzip	exact	523	583
sample	rich	dict-index	dictzip	exact	524	584
sample	rich	dict-index	dictzip	exact	525	417
sample	rich	dict-index	dictzip	exact	526	833
sample	rich	dict-index	dictzip	exact	527	625
sample	rich	dict-index	dictzip	exact	528	1042
sample	rich	dict-index	dictzip	exact	529	375
sample	rich	dict-index	dictzip	exact	530	625
sample	rich	dict-index	dictzip	exact	531	417
sample	rich	dict-index	dictzip	exact	532	625
sample	rich	dict-index	dictzip	exact	533	417
sample	rich	dict-index	dictzip	exact	534	583
sample	rich	dict-index	dictzip	exact	535	542
sample	rich	dict-index	dictzip	exact	536	584
sample	rich	dict-index	dictzip	exact	537	375
sample	rich	dict-index	dictzip	exact	538	542
sample	rich	dict-index	dictzip	exact	539	459
sample	rich	dict-index	dictzip	exact	540	541
sample	rich	dict-index	dictzip	exact	541	459
sample	rich	dict-index	dictzip	exact	542	833
sample	rich	dict-index	dictzip	exact	543	584
sample	rich	dict-index	dictzip	exact	544	791
sample	rich	dict-index	dictzip	exact	545	375
sample	rich	dict-index	dictzip	exact	546	584
sample	rich	dict-index	dictzip	exact	547	458
sample	rich	dict-index	dictzip	exact	548	584
sample	rich	dict-index	dictzip	exact	549	417
sample	rich	dict-index	dictzip	exact	550	625
sample	rich	dict-index	dictzip	exact	551	584
sample	rich	dict-index	dictzip	exact	552	625
sample	rich	dict-index	dictzip	exact	553	416
sample	rich	dict-index	dictzip	exact	554	625
sample	rich	dict-index	dictzip	exact	555	458
sample	rich	dict-index	dictzip	exact	556	584
sample	rich	dict-index	dictzip	exact	557	458
sample	rich	dict-index	dictzip	exact	558	583
sample	rich	dict-index	dictzip	exact	559	625
sample	rich	dict-index	dictzip	exact	560	917
sample	rich	dict-index	dictzip	exact	561	417
sample	rich	dict-index	dictzip	exact	562	750
sample	rich	dict-index	dictzip	exact	563	417
sample	rich	dict-index	dictzip	exact	564	708
sample	rich	dict-index	dictzip	exact	565	375
sample	rich	dict-index	dictzip	exact	566	708
sample	rich	dict-index	dictzip	exact	567	708
sample	rich	dict-index	dictzip	exact	568	750
sample	rich	dict-index	dictzip	exact	569	375
sample	rich	dict-index	dictzip	exact	570	541
sample	rich	dict-index	dictzip	exact	571	459
sample	rich	dict-index	dictzip	exact	572	625
sample	rich	dict-index	dictzip	exact	573	375
sample	rich	dict-index	dictzip	exact	574	583
sample	rich	dict-index	dictzip	exact	575	583
sample	rich	dict-index	dictzip	exact	576	958
sample	rich	dict-index	dictzip	exact	577	417
sample	rich	dict-index	dictzip	exact	578	625
sample	rich	dict-index	dictzip	exact	579	458
sample	rich	dict-index	dictzip	exact	580	834
sample	rich	dict-index	dictzip	exact	581	1541
sample	rich	dict-index	dictzip	exact	582	791
sample	rich	dict-index	dictzip	exact	583	625
sample	rich	dict-index	dictzip	exact	584	5416
sample	rich	dict-index	dictzip	exact	585	1500
sample	rich	dict-index	dictzip	exact	586	3584
sample	rich	dict-index	dictzip	exact	587	1959
sample	rich	dict-index	dictzip	exact	588	2250
sample	rich	dict-index	dictzip	exact	589	1000
sample	rich	dict-index	dictzip	exact	590	1875
sample	rich	dict-index	dictzip	exact	591	1584
sample	rich	dict-index	dictzip	exact	592	1917
sample	rich	dict-index	dictzip	exact	593	2125
sample	rich	dict-index	dictzip	exact	594	1208
sample	rich	dict-index	dictzip	exact	595	10000
sample	rich	dict-index	dictzip	exact	596	1917
sample	rich	dict-index	dictzip	exact	597	2042
sample	rich	dict-index	dictzip	exact	598	1083
sample	rich	dict-index	dictzip	exact	599	792
sample	rich	dict-index	dictzip	exact	600	792
sample	rich	dict-index	dictzip	exact	601	500
sample	rich	dict-index	dictzip	exact	602	875
sample	rich	dict-index	dictzip	exact	603	500
sample	rich	dict-index	dictzip	exact	604	834
sample	rich	dict-index	dictzip	exact	605	542
sample	rich	dict-index	dictzip	exact	606	1083
sample	rich	dict-index	dictzip	exact	607	584
sample	rich	dict-index	dictzip	exact	608	1041
sample	rich	dict-index	dictzip	exact	609	375
sample	rich	dict-index	dictzip	exact	610	958
sample	rich	dict-index	dictzip	exact	611	458
sample	rich	dict-index	dictzip	exact	612	917
sample	rich	dict-index	dictzip	exact	613	417
sample	rich	dict-index	dictzip	exact	614	1042
sample	rich	dict-index	dictzip	exact	615	500
sample	rich	dict-index	dictzip	exact	616	958
sample	rich	dict-index	dictzip	exact	617	375
sample	rich	dict-index	dictzip	exact	618	708
sample	rich	dict-index	dictzip	exact	619	458
sample	rich	dict-index	dictzip	exact	620	1000
sample	rich	dict-index	dictzip	exact	621	375
sample	rich	dict-index	dictzip	exact	622	916
sample	rich	dict-index	dictzip	exact	623	666
sample	rich	dict-index	dictzip	exact	624	958
sample	rich	dict-index	dictzip	exact	625	375
sample	rich	dict-index	dictzip	exact	626	625
sample	rich	dict-index	dictzip	exact	627	417
sample	rich	dict-index	dictzip	exact	628	708
sample	rich	dict-index	dictzip	exact	629	417
sample	rich	dict-index	dictzip	exact	630	667
sample	rich	dict-index	dictzip	exact	631	542
sample	rich	dict-index	dictzip	exact	632	583
sample	rich	dict-index	dictzip	exact	633	375
sample	rich	dict-index	dictzip	exact	634	875
sample	rich	dict-index	dictzip	exact	635	417
sample	rich	dict-index	dictzip	exact	636	625
sample	rich	dict-index	dictzip	exact	637	375
sample	rich	dict-index	dictzip	exact	638	875
sample	rich	dict-index	dictzip	exact	639	583
sample	rich	dict-index	dictzip	exact	640	833
sample	rich	dict-index	dictzip	exact	641	375
sample	rich	dict-index	dictzip	exact	642	708
sample	rich	dict-index	dictzip	exact	643	458
sample	rich	dict-index	dictzip	exact	644	625
sample	rich	dict-index	dictzip	exact	645	375
sample	rich	dict-index	dictzip	exact	646	667
sample	rich	dict-index	dictzip	exact	647	583
sample	rich	dict-index	dictzip	exact	648	708
sample	rich	dict-index	dictzip	exact	649	416
sample	rich	dict-index	dictzip	exact	650	625
sample	rich	dict-index	dictzip	exact	651	458
sample	rich	dict-index	dictzip	exact	652	584
sample	rich	dict-index	dictzip	exact	653	417
sample	rich	dict-index	dictzip	exact	654	6083
sample	rich	dict-index	dictzip	exact	655	2708
sample	rich	dict-index	dictzip	exact	656	2875
sample	rich	dict-index	dictzip	exact	657	1958
sample	rich	dict-index	dictzip	exact	658	1000
sample	rich	dict-index	dictzip	exact	659	708
sample	rich	dict-index	dictzip	exact	660	708
sample	rich	dict-index	dictzip	exact	661	459
sample	rich	dict-index	dictzip	exact	662	625
sample	rich	dict-index	dictzip	exact	663	625
sample	rich	dict-index	dictzip	exact	664	625
sample	rich	dict-index	dictzip	exact	665	417
sample	rich	dict-index	dictzip	exact	666	625
sample	rich	dict-index	dictzip	exact	667	458
sample	rich	dict-index	dictzip	exact	668	750
sample	rich	dict-index	dictzip	exact	669	459
sample	rich	dict-index	dictzip	exact	670	750
sample	rich	dict-index	dictzip	exact	671	583
sample	rich	dict-index	dictzip	exact	672	750
sample	rich	dict-index	dictzip	exact	673	375
sample	rich	dict-index	dictzip	exact	674	709
sample	rich	dict-index	dictzip	exact	675	458
sample	rich	dict-index	dictzip	exact	676	708
sample	rich	dict-index	dictzip	exact	677	417
sample	rich	dict-index	dictzip	exact	678	666
sample	rich	dict-index	dictzip	exact	679	542
sample	rich	dict-index	dictzip	exact	680	709
sample	rich	dict-index	dictzip	exact	681	375
sample	rich	dict-index	dictzip	exact	682	1708
sample	rich	dict-index	dictzip	exact	683	542
sample	rich	dict-index	dictzip	exact	684	1000
sample	rich	dict-index	dictzip	exact	685	459
sample	rich	dict-index	dictzip	exact	686	708
sample	rich	dict-index	dictzip	exact	687	666
sample	rich	dict-index	dictzip	exact	688	959
sample	rich	dict-index	dictzip	exact	689	417
sample	rich	dict-index	dictzip	exact	690	625
sample	rich	dict-index	dictzip	exact	691	500
sample	rich	dict-index	dictzip	exact	692	709
sample	rich	dict-index	dictzip	exact	693	416
sample	rich	dict-index	dictzip	exact	694	625
sample	rich	dict-index	dictzip	exact	695	625
sample	rich	dict-index	dictzip	exact	696	917
sample	rich	dict-index	dictzip	exact	697	375
sample	rich	dict-index	dictzip	exact	698	666
sample	rich	dict-index	dictzip	exact	699	416
sample	rich	dict-index	dictzip	exact	700	709
sample	rich	dict-index	dictzip	exact	701	416
sample	rich	dict-index	dictzip	exact	702	667
sample	rich	dict-index	dictzip	exact	703	542
sample	rich	dict-index	dictzip	exact	704	875
sample	rich	dict-index	dictzip	exact	705	459
sample	rich	dict-index	dictzip	exact	706	625
sample	rich	dict-index	dictzip	exact	707	416
sample	rich	dict-index	dictzip	exact	708	583
sample	rich	dict-index	dictzip	exact	709	416
sample	rich	dict-index	dictzip	exact	710	666
sample	rich	dict-index	dictzip	exact	711	583
sample	rich	dict-index	dictzip	exact	712	583
sample	rich	dict-index	dictzip	exact	713	500
sample	rich	dict-index	dictzip	exact	714	792
sample	rich	dict-index	dictzip	exact	715	458
sample	rich	dict-index	dictzip	exact	716	833
sample	rich	dict-index	dictzip	exact	717	416
sample	rich	dict-index	dictzip	exact	718	792
sample	rich	dict-index	dictzip	exact	719	583
sample	rich	dict-index	dictzip	exact	720	750
sample	rich	dict-index	dictzip	exact	721	417
sample	rich	dict-index	dictzip	exact	722	584
sample	rich	dict-index	dictzip	exact	723	458
sample	rich	dict-index	dictzip	exact	724	583
sample	rich	dict-index	dictzip	exact	725	458
sample	rich	dict-index	dictzip	exact	726	542
sample	rich	dict-index	dictzip	exact	727	625
sample	rich	dict-index	dictzip	exact	728	542
sample	rich	dict-index	dictzip	exact	729	583
sample	rich	dict-index	dictzip	exact	730	584
sample	rich	dict-index	dictzip	exact	731	459
sample	rich	dict-index	dictzip	exact	732	708
sample	rich	dict-index	dictzip	exact	733	416
sample	rich	dict-index	dictzip	exact	734	583
sample	rich	dict-index	dictzip	exact	735	625
sample	rich	dict-index	dictzip	exact	736	875
sample	rich	dict-index	dictzip	exact	737	417
sample	rich	dict-index	dictzip	exact	738	583
sample	rich	dict-index	dictzip	exact	739	459
sample	rich	dict-index	dictzip	exact	740	667
sample	rich	dict-index	dictzip	exact	741	416
sample	rich	dict-index	dictzip	exact	742	834
sample	rich	dict-index	dictzip	exact	743	541
sample	rich	dict-index	dictzip	exact	744	542
sample	rich	dict-index	dictzip	exact	745	375
sample	rich	dict-index	dictzip	exact	746	625
sample	rich	dict-index	dictzip	exact	747	458
sample	rich	dict-index	dictzip	exact	748	667
sample	rich	dict-index	dictzip	exact	749	417
sample	rich	dict-index	dictzip	exact	750	667
sample	rich	dict-index	dictzip	exact	751	583
sample	rich	dict-index	dictzip	exact	752	709
sample	rich	dict-index	dictzip	exact	753	375
sample	rich	dict-index	dictzip	exact	754	542
sample	rich	dict-index	dictzip	exact	755	458
sample	rich	dict-index	dictzip	exact	756	667
sample	rich	dict-index	dictzip	exact	757	459
sample	rich	dict-index	dictzip	exact	758	583
sample	rich	dict-index	dictzip	exact	759	541
sample	rich	dict-index	dictzip	exact	760	625
sample	rich	dict-index	dictzip	exact	761	500
sample	rich	dict-index	dictzip	exact	762	625
sample	rich	dict-index	dictzip	exact	763	5167
sample	rich	dict-index	dictzip	exact	764	2208
sample	rich	dict-index	dictzip	exact	765	1041
sample	rich	dict-index	dictzip	exact	766	792
sample	rich	dict-index	dictzip	exact	767	709
sample	rich	dict-index	dictzip	exact	768	875
sample	rich	dict-index	dictzip	exact	769	417
sample	rich	dict-index	dictzip	exact	770	792
sample	rich	dict-index	dictzip	exact	771	417
sample	rich	dict-index	dictzip	exact	772	708
sample	rich	dict-index	dictzip	exact	773	458
sample	rich	dict-index	dictzip	exact	774	708
sample	rich	dict-index	dictzip	exact	775	583
sample	rich	dict-index	dictzip	exact	776	1000
sample	rich	dict-index	dictzip	exact	777	375
sample	rich	dict-index	dictzip	exact	778	750
sample	rich	dict-index	dictzip	exact	779	459
sample	rich	dict-index	dictzip	exact	780	667
sample	rich	dict-index	dictzip	exact	781	417
sample	rich	dict-index	dictzip	exact	782	666
sample	rich	dict-index	dictzip	exact	783	541
sample	rich	dict-index	dictzip	exact	784	959
sample	rich	dict-index	dictzip	exact	785	375
sample	rich	dict-index	dictzip	exact	786	750
sample	rich	dict-index	dictzip	exact	787	459
sample	rich	dict-index	dictzip	exact	788	750
sample	rich	dict-index	dictzip	exact	789	417
sample	rich	dict-index	dictzip	exact	790	584
sample	rich	dict-index	dictzip	exact	791	542
sample	rich	dict-index	dictzip	exact	792	833
sample	rich	dict-index	dictzip	exact	793	416
sample	rich	dict-index	dictzip	exact	794	708
sample	rich	dict-index	dictzip	exact	795	417
sample	rich	dict-index	dictzip	exact	796	667
sample	rich	dict-index	dictzip	exact	797	416
sample	rich	dict-index	dictzip	exact	798	625
sample	rich	dict-index	dictzip	exact	799	542
sample	rich	dict-index	dictzip	exact	800	959
sample	rich	dict-index	dictzip	exact	801	375
sample	rich	dict-index	dictzip	exact	802	584
sample	rich	dict-index	dictzip	exact	803	458
sample	rich	dict-index	dictzip	exact	804	750
sample	rich	dict-index	dictzip	exact	805	417
sample	rich	dict-index	dictzip	exact	806	625
sample	rich	dict-index	dictzip	exact	807	542
sample	rich	dict-index	dictzip	exact	808	583
sample	rich	dict-index	dictzip	exact	809	375
sample	rich	dict-index	dictzip	exact	810	625
sample	rich	dict-index	dictzip	exact	811	458
sample	rich	dict-index	dictzip	exact	812	583
sample	rich	dict-index	dictzip	exact	813	416
sample	rich	dict-index	dictzip	exact	814	584
sample	rich	dict-index	dictzip	exact	815	625
sample	rich	dict-index	dictzip	exact	816	1084
sample	rich	dict-index	dictzip	exact	817	375
sample	rich	dict-index	dictzip	exact	818	667
sample	rich	dict-index	dictzip	exact	819	458
sample	rich	dict-index	dictzip	exact	820	625
sample	rich	dict-index	dictzip	exact	821	416
sample	rich	dict-index	dictzip	exact	822	667
sample	rich	dict-index	dictzip	exact	823	583
sample	rich	dict-index	dictzip	exact	824	667
sample	rich	dict-index	dictzip	exact	825	375
sample	rich	dict-index	dictzip	exact	826	500
sample	rich	dict-index	dictzip	exact	827	458
sample	rich	dict-index	dictzip	exact	828	750
sample	rich	dict-index	dictzip	exact	829	416
sample	rich	dict-index	dictzip	exact	830	625
sample	rich	dict-index	dictzip	exact	831	583
sample	rich	dict-index	dictzip	exact	832	792
sample	rich	dict-index	dictzip	exact	833	417
sample	rich	dict-index	dictzip	exact	834	916
sample	rich	dict-index	dictzip	exact	835	416
sample	rich	dict-index	dictzip	exact	836	583
sample	rich	dict-index	dictzip	exact	837	417
sample	rich	dict-index	dictzip	exact	838	583
sample	rich	dict-index	dictzip	exact	839	542
sample	rich	dict-index	dictzip	exact	840	750
sample	rich	dict-index	dictzip	exact	841	500
sample	rich	dict-index	dictzip	exact	842	583
sample	rich	dict-index	dictzip	exact	843	500
sample	rich	dict-index	dictzip	exact	844	709
sample	rich	dict-index	dictzip	exact	845	459
sample	rich	dict-index	dictzip	exact	846	583
sample	rich	dict-index	dictzip	exact	847	542
sample	rich	dict-index	dictzip	exact	848	1000
sample	rich	dict-index	dictzip	exact	849	375
sample	rich	dict-index	dictzip	exact	850	584
sample	rich	dict-index	dictzip	exact	851	500
sample	rich	dict-index	dictzip	exact	852	750
sample	rich	dict-index	dictzip	exact	853	417
sample	rich	dict-index	dictzip	exact	854	750
sample	rich	dict-index	dictzip	exact	855	583
sample	rich	dict-index	dictzip	exact	856	708
sample	rich	dict-index	dictzip	exact	857	375
sample	rich	dict-index	dictzip	exact	858	667
sample	rich	dict-index	dictzip	exact	859	500
sample	rich	dict-index	dictzip	exact	860	584
sample	rich	dict-index	dictzip	exact	861	375
sample	rich	dict-index	dictzip	exact	862	667
sample	rich	dict-index	dictzip	exact	863	667
sample	rich	dict-index	dictzip	exact	864	791
sample	rich	dict-index	dictzip	exact	865	375
sample	rich	dict-index	dictzip	exact	866	584
sample	rich	dict-index	dictzip	exact	867	458
sample	rich	dict-index	dictzip	exact	868	625
sample	rich	dict-index	dictzip	exact	869	417
sample	rich	dict-index	dictzip	exact	870	583
sample	rich	dict-index	dictzip	exact	871	541
sample	rich	dict-index	dictzip	exact	872	791
sample	rich	dict-index	dictzip	exact	873	375
sample	rich	dict-index	dictzip	exact	874	625
sample	rich	dict-index	dictzip	exact	875	458
sample	rich	dict-index	dictzip	exact	876	542
sample	rich	dict-index	dictzip	exact	877	417
sample	rich	dict-index	dictzip	exact	878	625
sample	rich	dict-index	dictzip	exact	879	542
sample	rich	dict-index	dictzip	exact	880	833
sample	rich	dict-index	dictzip	exact	881	417
sample	rich	dict-index	dictzip	exact	882	583
sample	rich	dict-index	dictzip	exact	883	459
sample	rich	dict-index	dictzip	exact	884	708
sample	rich	dict-index	dictzip	exact	885	416
sample	rich	dict-index	dictzip	exact	886	833
sample	rich	dict-index	dictzip	exact	887	584
sample	rich	dict-index	dictzip	exact	888	833
sample	rich	dict-index	dictzip	exact	889	375
sample	rich	dict-index	dictzip	exact	890	542
sample	rich	dict-index	dictzip	exact	891	417
sample	rich	dict-index	dictzip	exact	892	583
sample	rich	dict-index	dictzip	exact	893	417
sample	rich	dict-index	dictzip	exact	894	584
sample	rich	dict-index	dictzip	exact	895	584
sample	rich	dict-index	dictzip	exact	896	750
sample	rich	dict-index	dictzip	exact	897	375
sample	rich	dict-index	dictzip	exact	898	583
sample	rich	dict-index	dictzip	exact	899	500
sample	rich	dict-index	dictzip	exact	900	667
sample	rich	dict-index	dictzip	exact	901	417
sample	rich	dict-index	dictzip	exact	902	625
sample	rich	dict-index	dictzip	exact	903	542
sample	rich	dict-index	dictzip	exact	904	750
sample	rich	dict-index	dictzip	exact	905	416
sample	rich	dict-index	dictzip	exact	906	542
sample	rich	dict-index	dictzip	exact	907	458
sample	rich	dict-index	dictzip	exact	908	625
sample	rich	dict-index	dictzip	exact	909	417
sample	rich	dict-index	dictzip	exact	910	583
sample	rich	dict-index	dictzip	exact	911	583
sample	rich	dict-index	dictzip	exact	912	959
sample	rich	dict-index	dictzip	exact	913	458
sample	rich	dict-index	dictzip	exact	914	583
sample	rich	dict-index	dictzip	exact	915	458
sample	rich	dict-index	dictzip	exact	916	583
sample	rich	dict-index	dictzip	exact	917	417
sample	rich	dict-index	dictzip	exact	918	625
sample	rich	dict-index	dictzip	exact	919	542
sample	rich	dict-index	dictzip	exact	920	750
sample	rich	dict-index	dictzip	exact	921	334
sample	rich	dict-index	dictzip	exact	922	584
sample	rich	dict-index	dictzip	exact	923	417
sample	rich	dict-index	dictzip	exact	924	625
sample	rich	dict-index	dictzip	exact	925	417
sample	rich	dict-index	dictzip	exact	926	750
sample	rich	dict-index	dictzip	exact	927	542
sample	rich	dict-index	dictzip	exact	928	833
sample	rich	dict-index	dictzip	exact	929	500
sample	rich	dict-index	dictzip	exact	930	625
sample	rich	dict-index	dictzip	exact	931	416
sample	rich	dict-index	dictzip	exact	932	583
sample	rich	dict-index	dictzip	exact	933	458
sample	rich	dict-index	dictzip	exact	934	584
sample	rich	dict-index	dictzip	exact	935	542
sample	rich	dict-index	dictzip	exact	936	625
sample	rich	dict-index	dictzip	exact	937	417
sample	rich	dict-index	dictzip	exact	938	584
sample	rich	dict-index	dictzip	exact	939	416
sample	rich	dict-index	dictzip	exact	940	625
sample	rich	dict-index	dictzip	exact	941	417
sample	rich	dict-index	dictzip	exact	942	750
sample	rich	dict-index	dictzip	exact	943	500
sample	rich	dict-index	dictzip	exact	944	667
sample	rich	dict-index	dictzip	exact	945	416
sample	rich	dict-index	dictzip	exact	946	667
sample	rich	dict-index	dictzip	exact	947	416
sample	rich	dict-index	dictzip	exact	948	750
sample	rich	dict-index	dictzip	exact	949	459
sample	rich	dict-index	dictzip	exact	950	625
sample	rich	dict-index	dictzip	exact	951	583
sample	rich	dict-index	dictzip	exact	952	542
sample	rich	dict-index	dictzip	exact	953	375
sample	rich	dict-index	dictzip	exact	954	583
sample	rich	dict-index	dictzip	exact	955	416
sample	rich	dict-index	dictzip	exact	956	584
sample	rich	dict-index	dictzip	exact	957	375
sample	rich	dict-index	dictzip	exact	958	667
sample	rich	dict-index	dictzip	exact	959	542
sample	rich	dict-index	dictzip	exact	960	625
sample	rich	dict-index	dictzip	exact	961	416
sample	rich	dict-index	dictzip	exact	962	542
sample	rich	dict-index	dictzip	exact	963	458
sample	rich	dict-index	dictzip	exact	964	625
sample	rich	dict-index	dictzip	exact	965	417
sample	rich	dict-index	dictzip	exact	966	583
sample	rich	dict-index	dictzip	exact	967	5292
sample	rich	dict-index	dictzip	exact	968	1125
sample	rich	dict-index	dictzip	exact	969	500
sample	rich	dict-index	dictzip	exact	970	708
sample	rich	dict-index	dictzip	exact	971	584
sample	rich	dict-index	dictzip	exact	972	750
sample	rich	dict-index	dictzip	exact	973	542
sample	rich	dict-index	dictzip	exact	974	917
sample	rich	dict-index	dictzip	exact	975	750
sample	rich	dict-index	dictzip	exact	976	1125
sample	rich	dict-index	dictzip	exact	977	458
sample	rich	dict-index	dictzip	exact	978	833
sample	rich	dict-index	dictzip	exact	979	459
sample	rich	dict-index	dictzip	exact	980	667
sample	rich	dict-index	dictzip	exact	981	458
sample	rich	dict-index	dictzip	exact	982	709
sample	rich	dict-index	dictzip	exact	983	583
sample	rich	dict-index	dictzip	exact	984	750
sample	rich	dict-index	dictzip	exact	985	417
sample	rich	dict-index	dictzip	exact	986	791
sample	rich	dict-index	dictzip	exact	987	459
sample	rich	dict-index	dictzip	exact	988	792
sample	rich	dict-index	dictzip	exact	989	458
sample	rich	dict-index	dictzip	exact	990	791
sample	rich	dict-index	dictzip	exact	991	542
sample	rich	dict-index	dictzip	exact	992	875
sample	rich	dict-index	dictzip	exact	993	375
sample	rich	dict-index	dictzip	exact	994	625
sample	rich	dict-index	dictzip	exact	995	500
sample	rich	dict-index	dictzip	exact	996	792
sample	rich	dict-index	dictzip	exact	997	375
sample	rich	dict-index	dictzip	exact	998	584
sample	rich	dict-index	dictzip	exact	999	666
sample	rich	dict-index	dictzip	prefix	0	4334
sample	rich	dict-index	dictzip	prefix	1	1042
sample	rich	dict-index	dictzip	prefix	2	142625
sample	rich	dict-index	dictzip	prefix	3	127583
sample	rich	dict-index	dictzip	prefix	4	8042
sample	rich	dict-index	dictzip	prefix	5	792
sample	rich	dict-index	dictzip	prefix	6	137167
sample	rich	dict-index	dictzip	prefix	7	355459
sample	rich	dict-index	dictzip	prefix	8	8750
sample	rich	dict-index	dictzip	prefix	9	2167
sample	rich	dict-index	dictzip	prefix	10	145459
sample	rich	dict-index	dictzip	prefix	11	130167
sample	rich	dict-index	dictzip	prefix	12	8416
sample	rich	dict-index	dictzip	prefix	13	667
sample	rich	dict-index	dictzip	prefix	14	127625
sample	rich	dict-index	dictzip	prefix	15	129834
sample	rich	dict-index	dictzip	prefix	16	8792
sample	rich	dict-index	dictzip	prefix	17	1916
sample	rich	dict-index	dictzip	prefix	18	141708
sample	rich	dict-index	dictzip	prefix	19	130291
sample	rich	dict-index	dictzip	prefix	20	3000
sample	rich	dict-index	dictzip	prefix	21	541
sample	rich	dict-index	dictzip	prefix	22	227750
sample	rich	dict-index	dictzip	prefix	23	139083
sample	rich	dict-index	dictzip	prefix	24	4125
sample	rich	dict-index	dictzip	prefix	25	1416
sample	rich	dict-index	dictzip	prefix	26	125500
sample	rich	dict-index	dictzip	prefix	27	124500
sample	rich	dict-index	dictzip	prefix	28	2750
sample	rich	dict-index	dictzip	prefix	29	583
sample	rich	dict-index	dictzip	prefix	30	126375
sample	rich	dict-index	dictzip	prefix	31	128834
sample	rich	dict-index	dictzip	prefix	32	3042
sample	rich	dict-index	dictzip	prefix	33	1625
sample	rich	dict-index	dictzip	prefix	34	210416
sample	rich	dict-index	dictzip	prefix	35	136708
sample	rich	dict-index	dictzip	prefix	36	8291
sample	rich	dict-index	dictzip	prefix	37	791
sample	rich	dict-index	dictzip	prefix	38	129084
sample	rich	dict-index	dictzip	prefix	39	131541
sample	rich	dict-index	dictzip	prefix	40	7125
sample	rich	dict-index	dictzip	prefix	41	1625
sample	rich	dict-index	dictzip	prefix	42	129208
sample	rich	dict-index	dictzip	prefix	43	137208
sample	rich	dict-index	dictzip	prefix	44	3083
sample	rich	dict-index	dictzip	prefix	45	542
sample	rich	dict-index	dictzip	prefix	46	148250
sample	rich	dict-index	dictzip	prefix	47	249750
sample	rich	dict-index	dictzip	prefix	48	8667
sample	rich	dict-index	dictzip	prefix	49	2417
sample	rich	dict-index	dictzip	prefix	50	127542
sample	rich	dict-index	dictzip	prefix	51	131833
sample	rich	dict-index	dictzip	prefix	52	10125
sample	rich	dict-index	dictzip	prefix	53	667
sample	rich	dict-index	dictzip	prefix	54	129084
sample	rich	dict-index	dictzip	prefix	55	134709
sample	rich	dict-index	dictzip	prefix	56	7584
sample	rich	dict-index	dictzip	prefix	57	2041
sample	rich	dict-index	dictzip	prefix	58	131458
sample	rich	dict-index	dictzip	prefix	59	131250
sample	rich	dict-index	dictzip	prefix	60	6417
sample	rich	dict-index	dictzip	prefix	61	583
sample	rich	dict-index	dictzip	prefix	62	129125
sample	rich	dict-index	dictzip	prefix	63	130167
sample	rich	dict-index	dictzip	prefix	64	10416
sample	rich	dict-index	dictzip	prefix	65	1916
sample	rich	dict-index	dictzip	prefix	66	129334
sample	rich	dict-index	dictzip	prefix	67	134000
sample	rich	dict-index	dictzip	prefix	68	3834
sample	rich	dict-index	dictzip	prefix	69	791
sample	rich	dict-index	dictzip	prefix	70	126084
sample	rich	dict-index	dictzip	prefix	71	128084
sample	rich	dict-index	dictzip	prefix	72	8417
sample	rich	dict-index	dictzip	prefix	73	2416
sample	rich	dict-index	dictzip	prefix	74	131417
sample	rich	dict-index	dictzip	prefix	75	128375
sample	rich	dict-index	dictzip	prefix	76	2875
sample	rich	dict-index	dictzip	prefix	77	709
sample	rich	dict-index	dictzip	prefix	78	126458
sample	rich	dict-index	dictzip	prefix	79	134000
sample	rich	dict-index	dictzip	prefix	80	6750
sample	rich	dict-index	dictzip	prefix	81	1958
sample	rich	dict-index	dictzip	prefix	82	127666
sample	rich	dict-index	dictzip	prefix	83	125708
sample	rich	dict-index	dictzip	prefix	84	2917
sample	rich	dict-index	dictzip	prefix	85	500
sample	rich	dict-index	dictzip	prefix	86	126084
sample	rich	dict-index	dictzip	prefix	87	137167
sample	rich	dict-index	dictzip	prefix	88	5958
sample	rich	dict-index	dictzip	prefix	89	1667
sample	rich	dict-index	dictzip	prefix	90	126833
sample	rich	dict-index	dictzip	prefix	91	127542
sample	rich	dict-index	dictzip	prefix	92	2917
sample	rich	dict-index	dictzip	prefix	93	500
sample	rich	dict-index	dictzip	prefix	94	125958
sample	rich	dict-index	dictzip	prefix	95	129875
sample	rich	dict-index	dictzip	prefix	96	3166
sample	rich	dict-index	dictzip	prefix	97	959
sample	rich	dict-index	dictzip	prefix	98	368875
sample	rich	dict-index	dictzip	prefix	99	136292
sample	rich	dict-index	dictzip	prefix	100	14916
sample	rich	dict-index	dictzip	prefix	101	3042
sample	rich	dict-index	dictzip	prefix	102	129166
sample	rich	dict-index	dictzip	prefix	103	138125
sample	rich	dict-index	dictzip	prefix	104	7167
sample	rich	dict-index	dictzip	prefix	105	1709
sample	rich	dict-index	dictzip	prefix	106	128791
sample	rich	dict-index	dictzip	prefix	107	243541
sample	rich	dict-index	dictzip	prefix	108	7083
sample	rich	dict-index	dictzip	prefix	109	542
sample	rich	dict-index	dictzip	prefix	110	133041
sample	rich	dict-index	dictzip	prefix	111	364125
sample	rich	dict-index	dictzip	prefix	112	6333
sample	rich	dict-index	dictzip	prefix	113	1541
sample	rich	dict-index	dictzip	prefix	114	130416
sample	rich	dict-index	dictzip	prefix	115	383125
sample	rich	dict-index	dictzip	prefix	116	9333
sample	rich	dict-index	dictzip	prefix	117	750
sample	rich	dict-index	dictzip	prefix	118	132459
sample	rich	dict-index	dictzip	prefix	119	139625
sample	rich	dict-index	dictzip	prefix	120	5708
sample	rich	dict-index	dictzip	prefix	121	1333
sample	rich	dict-index	dictzip	prefix	122	185667
sample	rich	dict-index	dictzip	prefix	123	137500
sample	rich	dict-index	dictzip	prefix	124	4333
sample	rich	dict-index	dictzip	prefix	125	750
sample	rich	dict-index	dictzip	prefix	126	130875
sample	rich	dict-index	dictzip	prefix	127	139291
sample	rich	dict-index	dictzip	prefix	128	3958
sample	rich	dict-index	dictzip	prefix	129	1625
sample	rich	dict-index	dictzip	prefix	130	129208
sample	rich	dict-index	dictzip	prefix	131	133042
sample	rich	dict-index	dictzip	prefix	132	3125
sample	rich	dict-index	dictzip	prefix	133	500
sample	rich	dict-index	dictzip	prefix	134	126709
sample	rich	dict-index	dictzip	prefix	135	136875
sample	rich	dict-index	dictzip	prefix	136	12292
sample	rich	dict-index	dictzip	prefix	137	3000
sample	rich	dict-index	dictzip	prefix	138	333417
sample	rich	dict-index	dictzip	prefix	139	349833
sample	rich	dict-index	dictzip	prefix	140	11875
sample	rich	dict-index	dictzip	prefix	141	625
sample	rich	dict-index	dictzip	prefix	142	130917
sample	rich	dict-index	dictzip	prefix	143	136625
sample	rich	dict-index	dictzip	prefix	144	11125
sample	rich	dict-index	dictzip	prefix	145	3709
sample	rich	dict-index	dictzip	prefix	146	227667
sample	rich	dict-index	dictzip	prefix	147	137166
sample	rich	dict-index	dictzip	prefix	148	11542
sample	rich	dict-index	dictzip	prefix	149	666
sample	rich	dict-index	dictzip	prefix	150	128792
sample	rich	dict-index	dictzip	prefix	151	135958
sample	rich	dict-index	dictzip	prefix	152	8625
sample	rich	dict-index	dictzip	prefix	153	2333
sample	rich	dict-index	dictzip	prefix	154	134667
sample	rich	dict-index	dictzip	prefix	155	134625
sample	rich	dict-index	dictzip	prefix	156	11792
sample	rich	dict-index	dictzip	prefix	157	750
sample	rich	dict-index	dictzip	prefix	158	127583
sample	rich	dict-index	dictzip	prefix	159	130083
sample	rich	dict-index	dictzip	prefix	160	5500
sample	rich	dict-index	dictzip	prefix	161	1667
sample	rich	dict-index	dictzip	prefix	162	129083
sample	rich	dict-index	dictzip	prefix	163	129916
sample	rich	dict-index	dictzip	prefix	164	2709
sample	rich	dict-index	dictzip	prefix	165	459
sample	rich	dict-index	dictzip	prefix	166	125583
sample	rich	dict-index	dictzip	prefix	167	136917
sample	rich	dict-index	dictzip	prefix	168	4167
sample	rich	dict-index	dictzip	prefix	169	1667
sample	rich	dict-index	dictzip	prefix	170	132375
sample	rich	dict-index	dictzip	prefix	171	198083
sample	rich	dict-index	dictzip	prefix	172	6167
sample	rich	dict-index	dictzip	prefix	173	666
sample	rich	dict-index	dictzip	prefix	174	127166
sample	rich	dict-index	dictzip	prefix	175	128791
sample	rich	dict-index	dictzip	prefix	176	5166
sample	rich	dict-index	dictzip	prefix	177	1667
sample	rich	dict-index	dictzip	prefix	178	130292
sample	rich	dict-index	dictzip	prefix	179	139750
sample	rich	dict-index	dictzip	prefix	180	10375
sample	rich	dict-index	dictzip	prefix	181	792
sample	rich	dict-index	dictzip	prefix	182	152167
sample	rich	dict-index	dictzip	prefix	183	141542
sample	rich	dict-index	dictzip	prefix	184	5958
sample	rich	dict-index	dictzip	prefix	185	2125
sample	rich	dict-index	dictzip	prefix	186	128334
sample	rich	dict-index	dictzip	prefix	187	165584
sample	rich	dict-index	dictzip	prefix	188	3542
sample	rich	dict-index	dictzip	prefix	189	625
sample	rich	dict-index	dictzip	prefix	190	126750
sample	rich	dict-index	dictzip	prefix	191	132541
sample	rich	dict-index	dictzip	prefix	192	3333
sample	rich	dict-index	dictzip	prefix	193	1500
sample	rich	dict-index	dictzip	prefix	194	184958
sample	rich	dict-index	dictzip	prefix	195	387208
sample	rich	dict-index	dictzip	prefix	196	6750
sample	rich	dict-index	dictzip	prefix	197	708
sample	rich	dict-index	dictzip	prefix	198	130792
sample	rich	dict-index	dictzip	prefix	199	135250
sample	rich	dict-index	dictzip	prefix	200	5333
sample	rich	dict-index	dictzip	prefix	201	1791
sample	rich	dict-index	dictzip	prefix	202	130042
sample	rich	dict-index	dictzip	prefix	203	390708
sample	rich	dict-index	dictzip	prefix	204	8083
sample	rich	dict-index	dictzip	prefix	205	666
sample	rich	dict-index	dictzip	prefix	206	130042
sample	rich	dict-index	dictzip	prefix	207	134542
sample	rich	dict-index	dictzip	prefix	208	5709
sample	rich	dict-index	dictzip	prefix	209	1583
sample	rich	dict-index	dictzip	prefix	210	131542
sample	rich	dict-index	dictzip	prefix	211	141667
sample	rich	dict-index	dictzip	prefix	212	6417
sample	rich	dict-index	dictzip	prefix	213	583
sample	rich	dict-index	dictzip	prefix	214	155625
sample	rich	dict-index	dictzip	prefix	215	133625
sample	rich	dict-index	dictzip	prefix	216	5458
sample	rich	dict-index	dictzip	prefix	217	1750
sample	rich	dict-index	dictzip	prefix	218	132208
sample	rich	dict-index	dictzip	prefix	219	135542
sample	rich	dict-index	dictzip	prefix	220	5792
sample	rich	dict-index	dictzip	prefix	221	750
sample	rich	dict-index	dictzip	prefix	222	131750
sample	rich	dict-index	dictzip	prefix	223	135917
sample	rich	dict-index	dictzip	prefix	224	5333
sample	rich	dict-index	dictzip	prefix	225	1292
sample	rich	dict-index	dictzip	prefix	226	127625
sample	rich	dict-index	dictzip	prefix	227	175750
sample	rich	dict-index	dictzip	prefix	228	4583
sample	rich	dict-index	dictzip	prefix	229	708
sample	rich	dict-index	dictzip	prefix	230	124500
sample	rich	dict-index	dictzip	prefix	231	133250
sample	rich	dict-index	dictzip	prefix	232	2750
sample	rich	dict-index	dictzip	prefix	233	1625
sample	rich	dict-index	dictzip	prefix	234	125417
sample	rich	dict-index	dictzip	prefix	235	138667
sample	rich	dict-index	dictzip	prefix	236	12625
sample	rich	dict-index	dictzip	prefix	237	1958
sample	rich	dict-index	dictzip	prefix	238	129708
sample	rich	dict-index	dictzip	prefix	239	142083
sample	rich	dict-index	dictzip	prefix	240	34833
sample	rich	dict-index	dictzip	prefix	241	2917
sample	rich	dict-index	dictzip	prefix	242	249083
sample	rich	dict-index	dictzip	prefix	243	203041
sample	rich	dict-index	dictzip	prefix	244	3541
sample	rich	dict-index	dictzip	prefix	245	625
sample	rich	dict-index	dictzip	prefix	246	136500
sample	rich	dict-index	dictzip	prefix	247	130958
sample	rich	dict-index	dictzip	prefix	248	8167
sample	rich	dict-index	dictzip	prefix	249	3625
sample	rich	dict-index	dictzip	prefix	250	143291
sample	rich	dict-index	dictzip	prefix	251	142958
sample	rich	dict-index	dictzip	prefix	252	3167
sample	rich	dict-index	dictzip	prefix	253	666
sample	rich	dict-index	dictzip	prefix	254	138209
sample	rich	dict-index	dictzip	prefix	255	133042
sample	rich	dict-index	dictzip	prefix	256	6708
sample	rich	dict-index	dictzip	prefix	257	1625
sample	rich	dict-index	dictzip	prefix	258	133166
sample	rich	dict-index	dictzip	prefix	259	131709
sample	rich	dict-index	dictzip	prefix	260	3125
sample	rich	dict-index	dictzip	prefix	261	667
sample	rich	dict-index	dictzip	prefix	262	127708
sample	rich	dict-index	dictzip	prefix	263	140666
sample	rich	dict-index	dictzip	prefix	264	2875
sample	rich	dict-index	dictzip	prefix	265	1709
sample	rich	dict-index	dictzip	prefix	266	130083
sample	rich	dict-index	dictzip	prefix	267	349916
sample	rich	dict-index	dictzip	prefix	268	8875
sample	rich	dict-index	dictzip	prefix	269	708
sample	rich	dict-index	dictzip	prefix	270	130708
sample	rich	dict-index	dictzip	prefix	271	135375
sample	rich	dict-index	dictzip	prefix	272	10417
sample	rich	dict-index	dictzip	prefix	273	2459
sample	rich	dict-index	dictzip	prefix	274	133750
sample	rich	dict-index	dictzip	prefix	275	134875
sample	rich	dict-index	dictzip	prefix	276	8500
sample	rich	dict-index	dictzip	prefix	277	708
sample	rich	dict-index	dictzip	prefix	278	135125
sample	rich	dict-index	dictzip	prefix	279	142833
sample	rich	dict-index	dictzip	prefix	280	9250
sample	rich	dict-index	dictzip	prefix	281	2333
sample	rich	dict-index	dictzip	prefix	282	132416
sample	rich	dict-index	dictzip	prefix	283	128583
sample	rich	dict-index	dictzip	prefix	284	6667
sample	rich	dict-index	dictzip	prefix	285	542
sample	rich	dict-index	dictzip	prefix	286	130750
sample	rich	dict-index	dictzip	prefix	287	147916
sample	rich	dict-index	dictzip	prefix	288	5084
sample	rich	dict-index	dictzip	prefix	289	1791
sample	rich	dict-index	dictzip	prefix	290	127625
sample	rich	dict-index	dictzip	prefix	291	129875
sample	rich	dict-index	dictzip	prefix	292	4833
sample	rich	dict-index	dictzip	prefix	293	667
sample	rich	dict-index	dictzip	prefix	294	138916
sample	rich	dict-index	dictzip	prefix	295	138458
sample	rich	dict-index	dictzip	prefix	296	8166
sample	rich	dict-index	dictzip	prefix	297	6875
sample	rich	dict-index	dictzip	prefix	298	311500
sample	rich	dict-index	dictzip	prefix	299	141333
sample	rich	dict-index	dictzip	prefix	300	7208
sample	rich	dict-index	dictzip	prefix	301	666
sample	rich	dict-index	dictzip	prefix	302	130250
sample	rich	dict-index	dictzip	prefix	303	466459
sample	rich	dict-index	dictzip	prefix	304	10959
sample	rich	dict-index	dictzip	prefix	305	2458
sample	rich	dict-index	dictzip	prefix	306	306459
sample	rich	dict-index	dictzip	prefix	307	141666
sample	rich	dict-index	dictzip	prefix	308	10416
sample	rich	dict-index	dictzip	prefix	309	875
sample	rich	dict-index	dictzip	prefix	310	130041
sample	rich	dict-index	dictzip	prefix	311	136125
sample	rich	dict-index	dictzip	prefix	312	17917
sample	rich	dict-index	dictzip	prefix	313	5375
sample	rich	dict-index	dictzip	prefix	314	136583
sample	rich	dict-index	dictzip	prefix	315	131500
sample	rich	dict-index	dictzip	prefix	316	8000
sample	rich	dict-index	dictzip	prefix	317	834
sample	rich	dict-index	dictzip	prefix	318	128291
sample	rich	dict-index	dictzip	prefix	319	192250
sample	rich	dict-index	dictzip	prefix	320	4666
sample	rich	dict-index	dictzip	prefix	321	1792
sample	rich	dict-index	dictzip	prefix	322	131833
sample	rich	dict-index	dictzip	prefix	323	132625
sample	rich	dict-index	dictzip	prefix	324	26250
sample	rich	dict-index	dictzip	prefix	325	1750
sample	rich	dict-index	dictzip	prefix	326	328334
sample	rich	dict-index	dictzip	prefix	327	139792
sample	rich	dict-index	dictzip	prefix	328	5958
sample	rich	dict-index	dictzip	prefix	329	1791
sample	rich	dict-index	dictzip	prefix	330	128042
sample	rich	dict-index	dictzip	prefix	331	280209
sample	rich	dict-index	dictzip	prefix	332	6208
sample	rich	dict-index	dictzip	prefix	333	708
sample	rich	dict-index	dictzip	prefix	334	239125
sample	rich	dict-index	dictzip	prefix	335	137959
sample	rich	dict-index	dictzip	prefix	336	7167
sample	rich	dict-index	dictzip	prefix	337	1917
sample	rich	dict-index	dictzip	prefix	338	241625
sample	rich	dict-index	dictzip	prefix	339	131208
sample	rich	dict-index	dictzip	prefix	340	15416
sample	rich	dict-index	dictzip	prefix	341	1167
sample	rich	dict-index	dictzip	prefix	342	399208
sample	rich	dict-index	dictzip	prefix	343	151334
sample	rich	dict-index	dictzip	prefix	344	3375
sample	rich	dict-index	dictzip	prefix	345	6375
sample	rich	dict-index	dictzip	prefix	346	298959
sample	rich	dict-index	dictzip	prefix	347	138083
sample	rich	dict-index	dictzip	prefix	348	7000
sample	rich	dict-index	dictzip	prefix	349	708
sample	rich	dict-index	dictzip	prefix	350	128583
sample	rich	dict-index	dictzip	prefix	351	210333
sample	rich	dict-index	dictzip	prefix	352	6625
sample	rich	dict-index	dictzip	prefix	353	1417
sample	rich	dict-index	dictzip	prefix	354	389625
sample	rich	dict-index	dictzip	prefix	355	220667
sample	rich	dict-index	dictzip	prefix	356	5500
sample	rich	dict-index	dictzip	prefix	357	584
sample	rich	dict-index	dictzip	prefix	358	186542
sample	rich	dict-index	dictzip	prefix	359	135666
sample	rich	dict-index	dictzip	prefix	360	8083
sample	rich	dict-index	dictzip	prefix	361	2542
sample	rich	dict-index	dictzip	prefix	362	133625
sample	rich	dict-index	dictzip	prefix	363	279584
sample	rich	dict-index	dictzip	prefix	364	11458
sample	rich	dict-index	dictzip	prefix	365	500
sample	rich	dict-index	dictzip	prefix	366	133042
sample	rich	dict-index	dictzip	prefix	367	134583
sample	rich	dict-index	dictzip	prefix	368	4792
sample	rich	dict-index	dictzip	prefix	369	1667
sample	rich	dict-index	dictzip	prefix	370	127667
sample	rich	dict-index	dictzip	prefix	371	134417
sample	rich	dict-index	dictzip	prefix	372	14250
sample	rich	dict-index	dictzip	prefix	373	875
sample	rich	dict-index	dictzip	prefix	374	129750
sample	rich	dict-index	dictzip	prefix	375	134209
sample	rich	dict-index	dictzip	prefix	376	3333
sample	rich	dict-index	dictzip	prefix	377	1500
sample	rich	dict-index	dictzip	prefix	378	130875
sample	rich	dict-index	dictzip	prefix	379	140417
sample	rich	dict-index	dictzip	prefix	380	3292
sample	rich	dict-index	dictzip	prefix	381	666
sample	rich	dict-index	dictzip	prefix	382	131959
sample	rich	dict-index	dictzip	prefix	383	140292
sample	rich	dict-index	dictzip	prefix	384	6041
sample	rich	dict-index	dictzip	prefix	385	1959
sample	rich	dict-index	dictzip	prefix	386	129250
sample	rich	dict-index	dictzip	prefix	387	129125
sample	rich	dict-index	dictzip	prefix	388	6750
sample	rich	dict-index	dictzip	prefix	389	542
sample	rich	dict-index	dictzip	prefix	390	134042
sample	rich	dict-index	dictzip	prefix	391	367417
sample	rich	dict-index	dictzip	prefix	392	8000
sample	rich	dict-index	dictzip	prefix	393	2250
sample	rich	dict-index	dictzip	prefix	394	129250
sample	rich	dict-index	dictzip	prefix	395	138584
sample	rich	dict-index	dictzip	prefix	396	7791
sample	rich	dict-index	dictzip	prefix	397	708
sample	rich	dict-index	dictzip	prefix	398	133667
sample	rich	dict-index	dictzip	prefix	399	199417
sample	rich	dict-index	dictzip	prefix	400	4500
sample	rich	dict-index	dictzip	prefix	401	1583
sample	rich	dict-index	dictzip	prefix	402	133333
sample	rich	dict-index	dictzip	prefix	403	137750
sample	rich	dict-index	dictzip	prefix	404	5625
sample	rich	dict-index	dictzip	prefix	405	583
sample	rich	dict-index	dictzip	prefix	406	132958
sample	rich	dict-index	dictzip	prefix	407	139416
sample	rich	dict-index	dictzip	prefix	408	3125
sample	rich	dict-index	dictzip	prefix	409	1750
sample	rich	dict-index	dictzip	prefix	410	127833
sample	rich	dict-index	dictzip	prefix	411	136792
sample	rich	dict-index	dictzip	prefix	412	3916
sample	rich	dict-index	dictzip	prefix	413	667
sample	rich	dict-index	dictzip	prefix	414	128125
sample	rich	dict-index	dictzip	prefix	415	258958
sample	rich	dict-index	dictzip	prefix	416	4125
sample	rich	dict-index	dictzip	prefix	417	1667
sample	rich	dict-index	dictzip	prefix	418	140583
sample	rich	dict-index	dictzip	prefix	419	372792
sample	rich	dict-index	dictzip	prefix	420	8875
sample	rich	dict-index	dictzip	prefix	421	14208
sample	rich	dict-index	dictzip	prefix	422	336417
sample	rich	dict-index	dictzip	prefix	423	193542
sample	rich	dict-index	dictzip	prefix	424	4166
sample	rich	dict-index	dictzip	prefix	425	1500
sample	rich	dict-index	dictzip	prefix	426	128542
sample	rich	dict-index	dictzip	prefix	427	140042
sample	rich	dict-index	dictzip	prefix	428	15625
sample	rich	dict-index	dictzip	prefix	429	2459
sample	rich	dict-index	dictzip	prefix	430	130459
sample	rich	dict-index	dictzip	prefix	431	135584
sample	rich	dict-index	dictzip	prefix	432	4917
sample	rich	dict-index	dictzip	prefix	433	1750
sample	rich	dict-index	dictzip	prefix	434	127792
sample	rich	dict-index	dictzip	prefix	435	216625
sample	rich	dict-index	dictzip	prefix	436	8209
sample	rich	dict-index	dictzip	prefix	437	667
sample	rich	dict-index	dictzip	prefix	438	129959
sample	rich	dict-index	dictzip	prefix	439	128458
sample	rich	dict-index	dictzip	prefix	440	4208
sample	rich	dict-index	dictzip	prefix	441	1584
sample	rich	dict-index	dictzip	prefix	442	126500
sample	rich	dict-index	dictzip	prefix	443	130792
sample	rich	dict-index	dictzip	prefix	444	5041
sample	rich	dict-index	dictzip	prefix	445	625
sample	rich	dict-index	dictzip	prefix	446	305292
sample	rich	dict-index	dictzip	prefix	447	135083
sample	rich	dict-index	dictzip	prefix	448	3291
sample	rich	dict-index	dictzip	prefix	449	1667
sample	rich	dict-index	dictzip	prefix	450	127791
sample	rich	dict-index	dictzip	prefix	451	137667
sample	rich	dict-index	dictzip	prefix	452	7500
sample	rich	dict-index	dictzip	prefix	453	708
sample	rich	dict-index	dictzip	prefix	454	129417
sample	rich	dict-index	dictzip	prefix	455	136917
sample	rich	dict-index	dictzip	prefix	456	3042
sample	rich	dict-index	dictzip	prefix	457	1375
sample	rich	dict-index	dictzip	prefix	458	131292
sample	rich	dict-index	dictzip	prefix	459	131333
sample	rich	dict-index	dictzip	prefix	460	25209
sample	rich	dict-index	dictzip	prefix	461	1583
sample	rich	dict-index	dictzip	prefix	462	131875
sample	rich	dict-index	dictzip	prefix	463	132208
sample	rich	dict-index	dictzip	prefix	464	5583
sample	rich	dict-index	dictzip	prefix	465	1750
sample	rich	dict-index	dictzip	prefix	466	153667
sample	rich	dict-index	dictzip	prefix	467	138250
sample	rich	dict-index	dictzip	prefix	468	7292
sample	rich	dict-index	dictzip	prefix	469	625
sample	rich	dict-index	dictzip	prefix	470	129208
sample	rich	dict-index	dictzip	prefix	471	144708
sample	rich	dict-index	dictzip	prefix	472	13000
sample	rich	dict-index	dictzip	prefix	473	3500
sample	rich	dict-index	dictzip	prefix	474	375541
sample	rich	dict-index	dictzip	prefix	475	153250
sample	rich	dict-index	dictzip	prefix	476	3125
sample	rich	dict-index	dictzip	prefix	477	625
sample	rich	dict-index	dictzip	prefix	478	127458
sample	rich	dict-index	dictzip	prefix	479	137917
sample	rich	dict-index	dictzip	prefix	480	6750
sample	rich	dict-index	dictzip	prefix	481	1333
sample	rich	dict-index	dictzip	prefix	482	129667
sample	rich	dict-index	dictzip	prefix	483	367000
sample	rich	dict-index	dictzip	prefix	484	6750
sample	rich	dict-index	dictzip	prefix	485	541
sample	rich	dict-index	dictzip	prefix	486	131584
sample	rich	dict-index	dictzip	prefix	487	135292
sample	rich	dict-index	dictzip	prefix	488	3542
sample	rich	dict-index	dictzip	prefix	489	1125
sample	rich	dict-index	dictzip	prefix	490	128584
sample	rich	dict-index	dictzip	prefix	491	135792
sample	rich	dict-index	dictzip	prefix	492	2666
sample	rich	dict-index	dictzip	prefix	493	500
sample	rich	dict-index	dictzip	prefix	494	127917
sample	rich	dict-index	dictzip	prefix	495	139292
sample	rich	dict-index	dictzip	prefix	496	8333
sample	rich	dict-index	dictzip	prefix	497	2583
sample	rich	dict-index	dictzip	prefix	498	136333
sample	rich	dict-index	dictzip	prefix	499	132208
sample	rich	dict-index	dictzip	prefix	500	2834
sample	rich	dict-index	dictzip	prefix	501	583
sample	rich	dict-index	dictzip	prefix	502	128500
sample	rich	dict-index	dictzip	prefix	503	139583
sample	rich	dict-index	dictzip	prefix	504	3083
sample	rich	dict-index	dictzip	prefix	505	1583
sample	rich	dict-index	dictzip	prefix	506	129209
sample	rich	dict-index	dictzip	prefix	507	137834
sample	rich	dict-index	dictzip	prefix	508	6625
sample	rich	dict-index	dictzip	prefix	509	708
sample	rich	dict-index	dictzip	prefix	510	128334
sample	rich	dict-index	dictzip	prefix	511	140375
sample	rich	dict-index	dictzip	prefix	512	5708
sample	rich	dict-index	dictzip	prefix	513	1958
sample	rich	dict-index	dictzip	prefix	514	133500
sample	rich	dict-index	dictzip	prefix	515	209625
sample	rich	dict-index	dictzip	prefix	516	6584
sample	rich	dict-index	dictzip	prefix	517	833
sample	rich	dict-index	dictzip	prefix	518	131958
sample	rich	dict-index	dictzip	prefix	519	139334
sample	rich	dict-index	dictzip	prefix	520	2708
sample	rich	dict-index	dictzip	prefix	521	1416
sample	rich	dict-index	dictzip	prefix	522	127417
sample	rich	dict-index	dictzip	prefix	523	147542
sample	rich	dict-index	dictzip	prefix	524	4000
sample	rich	dict-index	dictzip	prefix	525	542
sample	rich	dict-index	dictzip	prefix	526	295750
sample	rich	dict-index	dictzip	prefix	527	135167
sample	rich	dict-index	dictzip	prefix	528	3792
sample	rich	dict-index	dictzip	prefix	529	1667
sample	rich	dict-index	dictzip	prefix	530	128375
sample	rich	dict-index	dictzip	prefix	531	130083
sample	rich	dict-index	dictzip	prefix	532	5959
sample	rich	dict-index	dictzip	prefix	533	709
sample	rich	dict-index	dictzip	prefix	534	128917
sample	rich	dict-index	dictzip	prefix	535	129208
sample	rich	dict-index	dictzip	prefix	536	2875
sample	rich	dict-index	dictzip	prefix	537	1708
sample	rich	dict-index	dictzip	prefix	538	154833
sample	rich	dict-index	dictzip	prefix	539	131791
sample	rich	dict-index	dictzip	prefix	540	5291
sample	rich	dict-index	dictzip	prefix	541	4667
sample	rich	dict-index	dictzip	prefix	542	285084
sample	rich	dict-index	dictzip	prefix	543	137667
sample	rich	dict-index	dictzip	prefix	544	7292
sample	rich	dict-index	dictzip	prefix	545	2042
sample	rich	dict-index	dictzip	prefix	546	135166
sample	rich	dict-index	dictzip	prefix	547	137166
sample	rich	dict-index	dictzip	prefix	548	5875
sample	rich	dict-index	dictzip	prefix	549	708
sample	rich	dict-index	dictzip	prefix	550	129584
sample	rich	dict-index	dictzip	prefix	551	129125
sample	rich	dict-index	dictzip	prefix	552	2875
sample	rich	dict-index	dictzip	prefix	553	1625
sample	rich	dict-index	dictzip	prefix	554	126209
sample	rich	dict-index	dictzip	prefix	555	126875
sample	rich	dict-index	dictzip	prefix	556	6625
sample	rich	dict-index	dictzip	prefix	557	666
sample	rich	dict-index	dictzip	prefix	558	131750
sample	rich	dict-index	dictzip	prefix	559	128500
sample	rich	dict-index	dictzip	prefix	560	8542
sample	rich	dict-index	dictzip	prefix	561	2375
sample	rich	dict-index	dictzip	prefix	562	211209
sample	rich	dict-index	dictzip	prefix	563	132083
sample	rich	dict-index	dictzip	prefix	564	6166
sample	rich	dict-index	dictzip	prefix	565	541
sample	rich	dict-index	dictzip	prefix	566	130583
sample	rich	dict-index	dictzip	prefix	567	133500
sample	rich	dict-index	dictzip	prefix	568	11875
sample	rich	dict-index	dictzip	prefix	569	3542
sample	rich	dict-index	dictzip	prefix	570	180541
sample	rich	dict-index	dictzip	prefix	571	132834
sample	rich	dict-index	dictzip	prefix	572	4166
sample	rich	dict-index	dictzip	prefix	573	625
sample	rich	dict-index	dictzip	prefix	574	128250
sample	rich	dict-index	dictzip	prefix	575	136000
sample	rich	dict-index	dictzip	prefix	576	8917
sample	rich	dict-index	dictzip	prefix	577	2250
sample	rich	dict-index	dictzip	prefix	578	132375
sample	rich	dict-index	dictzip	prefix	579	129333
sample	rich	dict-index	dictzip	prefix	580	3625
sample	rich	dict-index	dictzip	prefix	581	16875
sample	rich	dict-index	dictzip	prefix	582	410417
sample	rich	dict-index	dictzip	prefix	583	139959
sample	rich	dict-index	dictzip	prefix	584	3958
sample	rich	dict-index	dictzip	prefix	585	1125
sample	rich	dict-index	dictzip	prefix	586	130709
sample	rich	dict-index	dictzip	prefix	587	129000
sample	rich	dict-index	dictzip	prefix	588	5959
sample	rich	dict-index	dictzip	prefix	589	500
sample	rich	dict-index	dictzip	prefix	590	169750
sample	rich	dict-index	dictzip	prefix	591	136375
sample	rich	dict-index	dictzip	prefix	592	4833
sample	rich	dict-index	dictzip	prefix	593	1500
sample	rich	dict-index	dictzip	prefix	594	130500
sample	rich	dict-index	dictzip	prefix	595	139833
sample	rich	dict-index	dictzip	prefix	596	4958
sample	rich	dict-index	dictzip	prefix	597	541
sample	rich	dict-index	dictzip	prefix	598	128084
sample	rich	dict-index	dictzip	prefix	599	140417
sample	rich	dict-index	dictzip	prefix	600	4708
sample	rich	dict-index	dictzip	prefix	601	1459
sample	rich	dict-index	dictzip	prefix	602	127708
sample	rich	dict-index	dictzip	prefix	603	221750
sample	rich	dict-index	dictzip	prefix	604	10167
sample	rich	dict-index	dictzip	prefix	605	667
sample	rich	dict-index	dictzip	prefix	606	134333
sample	rich	dict-index	dictzip	prefix	607	135250
sample	rich	dict-index	dictzip	prefix	608	3916
sample	rich	dict-index	dictzip	prefix	609	1459
sample	rich	dict-index	dictzip	prefix	610	127875
sample	rich	dict-index	dictzip	prefix	611	136667
sample	rich	dict-index	dictzip	prefix	612	4541
sample	rich	dict-index	dictzip	prefix	613	625
sample	rich	dict-index	dictzip	prefix	614	128334
sample	rich	dict-index	dictzip	prefix	615	138625
sample	rich	dict-index	dictzip	prefix	616	3750
sample	rich	dict-index	dictzip	prefix	617	1500
sample	rich	dict-index	dictzip	prefix	618	336375
sample	rich	dict-index	dictzip	prefix	619	418459
sample	rich	dict-index	dictzip	prefix	620	9041
sample	rich	dict-index	dictzip	prefix	621	542
sample	rich	dict-index	dictzip	prefix	622	130917
sample	rich	dict-index	dictzip	prefix	623	134791
sample	rich	dict-index	dictzip	prefix	624	3458
sample	rich	dict-index	dictzip	prefix	625	1791
sample	rich	dict-index	dictzip	prefix	626	128750
sample	rich	dict-index	dictzip	prefix	627	128750
sample	rich	dict-index	dictzip	prefix	628	8708
sample	rich	dict-index	dictzip	prefix	629	625
sample	rich	dict-index	dictzip	prefix	630	129250
sample	rich	dict-index	dictzip	prefix	631	130084
sample	rich	dict-index	dictzip	prefix	632	4875
sample	rich	dict-index	dictzip	prefix	633	1500
sample	rich	dict-index	dictzip	prefix	634	128709
sample	rich	dict-index	dictzip	prefix	635	128500
sample	rich	dict-index	dictzip	prefix	636	36458
sample	rich	dict-index	dictzip	prefix	637	4208
sample	rich	dict-index	dictzip	prefix	638	189416
sample	rich	dict-index	dictzip	prefix	639	261792
sample	rich	dict-index	dictzip	prefix	640	8083
sample	rich	dict-index	dictzip	prefix	641	2292
sample	rich	dict-index	dictzip	prefix	642	133917
sample	rich	dict-index	dictzip	prefix	643	143333
sample	rich	dict-index	dictzip	prefix	644	6584
sample	rich	dict-index	dictzip	prefix	645	667
sample	rich	dict-index	dictzip	prefix	646	132541
sample	rich	dict-index	dictzip	prefix	647	129375
sample	rich	dict-index	dictzip	prefix	648	12292
sample	rich	dict-index	dictzip	prefix	649	3250
sample	rich	dict-index	dictzip	prefix	650	339166
sample	rich	dict-index	dictzip	prefix	651	135791
sample	rich	dict-index	dictzip	prefix	652	5000
sample	rich	dict-index	dictzip	prefix	653	709
sample	rich	dict-index	dictzip	prefix	654	130292
sample	rich	dict-index	dictzip	prefix	655	133084
sample	rich	dict-index	dictzip	prefix	656	3292
sample	rich	dict-index	dictzip	prefix	657	1625
sample	rich	dict-index	dictzip	prefix	658	128500
sample	rich	dict-index	dictzip	prefix	659	126125
sample	rich	dict-index	dictzip	prefix	660	5000
sample	rich	dict-index	dictzip	prefix	661	542
sample	rich	dict-index	dictzip	prefix	662	129500
sample	rich	dict-index	dictzip	prefix	663	127166
sample	rich	dict-index	dictzip	prefix	664	6208
sample	rich	dict-index	dictzip	prefix	665	1959
sample	rich	dict-index	dictzip	prefix	666	131417
sample	rich	dict-index	dictzip	prefix	667	130250
sample	rich	dict-index	dictzip	prefix	668	5459
sample	rich	dict-index	dictzip	prefix	669	583
sample	rich	dict-index	dictzip	prefix	670	299000
sample	rich	dict-index	dictzip	prefix	671	141417
sample	rich	dict-index	dictzip	prefix	672	11667
sample	rich	dict-index	dictzip	prefix	673	3500
sample	rich	dict-index	dictzip	prefix	674	337834
sample	rich	dict-index	dictzip	prefix	675	140666
sample	rich	dict-index	dictzip	prefix	676	10750
sample	rich	dict-index	dictzip	prefix	677	750
sample	rich	dict-index	dictzip	prefix	678	134500
sample	rich	dict-index	dictzip	prefix	679	138125
sample	rich	dict-index	dictzip	prefix	680	3500
sample	rich	dict-index	dictzip	prefix	681	1542
sample	rich	dict-index	dictzip	prefix	682	130500
sample	rich	dict-index	dictzip	prefix	683	145042
sample	rich	dict-index	dictzip	prefix	684	7292
sample	rich	dict-index	dictzip	prefix	685	625
sample	rich	dict-index	dictzip	prefix	686	132083
sample	rich	dict-index	dictzip	prefix	687	132458
sample	rich	dict-index	dictzip	prefix	688	7000
sample	rich	dict-index	dictzip	prefix	689	1959
sample	rich	dict-index	dictzip	prefix	690	130917
sample	rich	dict-index	dictzip	prefix	691	127916
sample	rich	dict-index	dictzip	prefix	692	3000
sample	rich	dict-index	dictzip	prefix	693	625
sample	rich	dict-index	dictzip	prefix	694	126875
sample	rich	dict-index	dictzip	prefix	695	129375
sample	rich	dict-index	dictzip	prefix	696	2917
sample	rich	dict-index	dictzip	prefix	697	959
sample	rich	dict-index	dictzip	prefix	698	127250
sample	rich	dict-index	dictzip	prefix	699	127458
sample	rich	dict-index	dictzip	prefix	700	2500
sample	rich	dict-index	dictzip	prefix	701	458
sample	rich	dict-index	dictzip	prefix	702	125875
sample	rich	dict-index	dictzip	prefix	703	140375
sample	rich	dict-index	dictzip	prefix	704	2500
sample	rich	dict-index	dictzip	prefix	705	1125
sample	rich	dict-index	dictzip	prefix	706	134833
sample	rich	dict-index	dictzip	prefix	707	137625
sample	rich	dict-index	dictzip	prefix	708	8875
sample	rich	dict-index	dictzip	prefix	709	750
sample	rich	dict-index	dictzip	prefix	710	129000
sample	rich	dict-index	dictzip	prefix	711	131625
sample	rich	dict-index	dictzip	prefix	712	5209
sample	rich	dict-index	dictzip	prefix	713	2000
sample	rich	dict-index	dictzip	prefix	714	127834
sample	rich	dict-index	dictzip	prefix	715	131208
sample	rich	dict-index	dictzip	prefix	716	2459
sample	rich	dict-index	dictzip	prefix	717	500
sample	rich	dict-index	dictzip	prefix	718	125791
sample	rich	dict-index	dictzip	prefix	719	135625
sample	rich	dict-index	dictzip	prefix	720	2750
sample	rich	dict-index	dictzip	prefix	721	1291
sample	rich	dict-index	dictzip	prefix	722	129792
sample	rich	dict-index	dictzip	prefix	723	132916
sample	rich	dict-index	dictzip	prefix	724	11459
sample	rich	dict-index	dictzip	prefix	725	583
sample	rich	dict-index	dictzip	prefix	726	135375
sample	rich	dict-index	dictzip	prefix	727	135667
sample	rich	dict-index	dictzip	prefix	728	14875
sample	rich	dict-index	dictzip	prefix	729	3709
sample	rich	dict-index	dictzip	prefix	730	133000
sample	rich	dict-index	dictzip	prefix	731	129417
sample	rich	dict-index	dictzip	prefix	732	2833
sample	rich	dict-index	dictzip	prefix	733	583
sample	rich	dict-index	dictzip	prefix	734	128459
sample	rich	dict-index	dictzip	prefix	735	140208
sample	rich	dict-index	dictzip	prefix	736	13042
sample	rich	dict-index	dictzip	prefix	737	6708
sample	rich	dict-index	dictzip	prefix	738	287500
sample	rich	dict-index	dictzip	prefix	739	551000
sample	rich	dict-index	dictzip	prefix	740	13167
sample	rich	dict-index	dictzip	prefix	741	625
sample	rich	dict-index	dictzip	prefix	742	132500
sample	rich	dict-index	dictzip	prefix	743	157292
sample	rich	dict-index	dictzip	prefix	744	7500
sample	rich	dict-index	dictzip	prefix	745	1917
sample	rich	dict-index	dictzip	prefix	746	132500
sample	rich	dict-index	dictzip	prefix	747	137291
sample	rich	dict-index	dictzip	prefix	748	12125
sample	rich	dict-index	dictzip	prefix	749	1042
sample	rich	dict-index	dictzip	prefix	750	276125
sample	rich	dict-index	dictzip	prefix	751	141375
sample	rich	dict-index	dictzip	prefix	752	5292
sample	rich	dict-index	dictzip	prefix	753	1917
sample	rich	dict-index	dictzip	prefix	754	130042
sample	rich	dict-index	dictzip	prefix	755	131083
sample	rich	dict-index	dictzip	prefix	756	2417
sample	rich	dict-index	dictzip	prefix	757	542
sample	rich	dict-index	dictzip	prefix	758	125709
sample	rich	dict-index	dictzip	prefix	759	352209
sample	rich	dict-index	dictzip	prefix	760	7750
sample	rich	dict-index	dictzip	prefix	761	2291
sample	rich	dict-index	dictzip	prefix	762	132333
sample	rich	dict-index	dictzip	prefix	763	134958
sample	rich	dict-index	dictzip	prefix	764	7416
sample	rich	dict-index	dictzip	prefix	765	709
sample	rich	dict-index	dictzip	prefix	766	131834
sample	rich	dict-index	dictzip	prefix	767	135959
sample	rich	dict-index	dictzip	prefix	768	3833
sample	rich	dict-index	dictzip	prefix	769	1375
sample	rich	dict-index	dictzip	prefix	770	128958
sample	rich	dict-index	dictzip	prefix	771	132666
sample	rich	dict-index	dictzip	prefix	772	2542
sample	rich	dict-index	dictzip	prefix	773	500
sample	rich	dict-index	dictzip	prefix	774	127041
sample	rich	dict-index	dictzip	prefix	775	133292
sample	rich	dict-index	dictzip	prefix	776	4875
sample	rich	dict-index	dictzip	prefix	777	2208
sample	rich	dict-index	dictzip	prefix	778	128958
sample	rich	dict-index	dictzip	prefix	779	126666
sample	rich	dict-index	dictzip	prefix	780	7292
sample	rich	dict-index	dictzip	prefix	781	708
sample	rich	dict-index	dictzip	prefix	782	130375
sample	rich	dict-index	dictzip	prefix	783	129958
sample	rich	dict-index	dictzip	prefix	784	2917
sample	rich	dict-index	dictzip	prefix	785	1792
sample	rich	dict-index	dictzip	prefix	786	130917
sample	rich	dict-index	dictzip	prefix	787	126958
sample	rich	dict-index	dictzip	prefix	788	7625
sample	rich	dict-index	dictzip	prefix	789	667
sample	rich	dict-index	dictzip	prefix	790	130875
sample	rich	dict-index	dictzip	prefix	791	129792
sample	rich	dict-index	dictzip	prefix	792	11709
sample	rich	dict-index	dictzip	prefix	793	4583
sample	rich	dict-index	dictzip	prefix	794	313125
sample	rich	dict-index	dictzip	prefix	795	129667
sample	rich	dict-index	dictzip	prefix	796	7375
sample	rich	dict-index	dictzip	prefix	797	750
sample	rich	dict-index	dictzip	prefix	798	191042
sample	rich	dict-index	dictzip	prefix	799	363541
sample	rich	dict-index	dictzip	prefix	800	8125
sample	rich	dict-index	dictzip	prefix	801	1958
sample	rich	dict-index	dictzip	prefix	802	135125
sample	rich	dict-index	dictzip	prefix	803	133375
sample	rich	dict-index	dictzip	prefix	804	5542
sample	rich	dict-index	dictzip	prefix	805	833
sample	rich	dict-index	dictzip	prefix	806	129166
sample	rich	dict-index	dictzip	prefix	807	129542
sample	rich	dict-index	dictzip	prefix	808	3250
sample	rich	dict-index	dictzip	prefix	809	1416
sample	rich	dict-index	dictzip	prefix	810	127875
sample	rich	dict-index	dictzip	prefix	811	145250
sample	rich	dict-index	dictzip	prefix	812	6625
sample	rich	dict-index	dictzip	prefix	813	625
sample	rich	dict-index	dictzip	prefix	814	129334
sample	rich	dict-index	dictzip	prefix	815	128041
sample	rich	dict-index	dictzip	prefix	816	5083
sample	rich	dict-index	dictzip	prefix	817	1167
sample	rich	dict-index	dictzip	prefix	818	127000
sample	rich	dict-index	dictzip	prefix	819	128125
sample	rich	dict-index	dictzip	prefix	820	5625
sample	rich	dict-index	dictzip	prefix	821	417
sample	rich	dict-index	dictzip	prefix	822	126541
sample	rich	dict-index	dictzip	prefix	823	127916
sample	rich	dict-index	dictzip	prefix	824	4625
sample	rich	dict-index	dictzip	prefix	825	1125
sample	rich	dict-index	dictzip	prefix	826	127500
sample	rich	dict-index	dictzip	prefix	827	128959
sample	rich	dict-index	dictzip	prefix	828	2834
sample	rich	dict-index	dictzip	prefix	829	416
sample	rich	dict-index	dictzip	prefix	830	126417
sample	rich	dict-index	dictzip	prefix	831	143791
sample	rich	dict-index	dictzip	prefix	832	7458
sample	rich	dict-index	dictzip	prefix	833	1667
sample	rich	dict-index	dictzip	prefix	834	131917
sample	rich	dict-index	dictzip	prefix	835	132167
sample	rich	dict-index	dictzip	prefix	836	7083
sample	rich	dict-index	dictzip	prefix	837	625
sample	rich	dict-index	dictzip	prefix	838	129417
sample	rich	dict-index	dictzip	prefix	839	134083
sample	rich	dict-index	dictzip	prefix	840	3375
sample	rich	dict-index	dictzip	prefix	841	1208
sample	rich	dict-index	dictzip	prefix	842	131584
sample	rich	dict-index	dictzip	prefix	843	131166
sample	rich	dict-index	dictzip	prefix	844	8333
sample	rich	dict-index	dictzip	prefix	845	708
sample	rich	dict-index	dictzip	prefix	846	132792
sample	rich	dict-index	dictzip	prefix	847	132792
sample	rich	dict-index	dictzip	prefix	848	4542
sample	rich	dict-index	dictzip	prefix	849	2084
sample	rich	dict-index	dictzip	prefix	850	131583
sample	rich	dict-index	dictzip	prefix	851	133958
sample	rich	dict-index	dictzip	prefix	852	3541
sample	rich	dict-index	dictzip	prefix	853	542
sample	rich	dict-index	dictzip	prefix	854	127958
sample	rich	dict-index	dictzip	prefix	855	134791
sample	rich	dict-index	dictzip	prefix	856	3834
sample	rich	dict-index	dictzip	prefix	857	1541
sample	rich	dict-index	dictzip	prefix	858	126500
sample	rich	dict-index	dictzip	prefix	859	131833
sample	rich	dict-index	dictzip	prefix	860	2625
sample	rich	dict-index	dictzip	prefix	861	500
sample	rich	dict-index	dictzip	prefix	862	124042
sample	rich	dict-index	dictzip	prefix	863	137667
sample	rich	dict-index	dictzip	prefix	864	4625
sample	rich	dict-index	dictzip	prefix	865	1750
sample	rich	dict-index	dictzip	prefix	866	132042
sample	rich	dict-index	dictzip	prefix	867	176667
sample	rich	dict-index	dictzip	prefix	868	5959
sample	rich	dict-index	dictzip	prefix	869	625
sample	rich	dict-index	dictzip	prefix	870	128959
sample	rich	dict-index	dictzip	prefix	871	135708
sample	rich	dict-index	dictzip	prefix	872	3125
sample	rich	dict-index	dictzip	prefix	873	1416
sample	rich	dict-index	dictzip	prefix	874	128584
sample	rich	dict-index	dictzip	prefix	875	133333
sample	rich	dict-index	dictzip	prefix	876	3042
sample	rich	dict-index	dictzip	prefix	877	583
sample	rich	dict-index	dictzip	prefix	878	127875
sample	rich	dict-index	dictzip	prefix	879	136458
sample	rich	dict-index	dictzip	prefix	880	2959
sample	rich	dict-index	dictzip	prefix	881	1458
sample	rich	dict-index	dictzip	prefix	882	131375
sample	rich	dict-index	dictzip	prefix	883	377334
sample	rich	dict-index	dictzip	prefix	884	8042
sample	rich	dict-index	dictzip	prefix	885	667
sample	rich	dict-index	dictzip	prefix	886	133958
sample	rich	dict-index	dictzip	prefix	887	133917
sample	rich	dict-index	dictzip	prefix	888	3083
sample	rich	dict-index	dictzip	prefix	889	1084
sample	rich	dict-index	dictzip	prefix	890	129791
sample	rich	dict-index	dictzip	prefix	891	134125
sample	rich	dict-index	dictzip	prefix	892	3041
sample	rich	dict-index	dictzip	prefix	893	417
sample	rich	dict-index	dictzip	prefix	894	128791
sample	rich	dict-index	dictzip	prefix	895	177416
sample	rich	dict-index	dictzip	prefix	896	13000
sample	rich	dict-index	dictzip	prefix	897	3125
sample	rich	dict-index	dictzip	prefix	898	329167
sample	rich	dict-index	dictzip	prefix	899	140167
sample	rich	dict-index	dictzip	prefix	900	7333
sample	rich	dict-index	dictzip	prefix	901	625
sample	rich	dict-index	dictzip	prefix	902	131500
sample	rich	dict-index	dictzip	prefix	903	137042
sample	rich	dict-index	dictzip	prefix	904	3458
sample	rich	dict-index	dictzip	prefix	905	1583
sample	rich	dict-index	dictzip	prefix	906	127875
sample	rich	dict-index	dictzip	prefix	907	133625
sample	rich	dict-index	dictzip	prefix	908	3000
sample	rich	dict-index	dictzip	prefix	909	666
sample	rich	dict-index	dictzip	prefix	910	125959
sample	rich	dict-index	dictzip	prefix	911	134000
sample	rich	dict-index	dictzip	prefix	912	2625
sample	rich	dict-index	dictzip	prefix	913	1750
sample	rich	dict-index	dictzip	prefix	914	135250
sample	rich	dict-index	dictzip	prefix	915	133917
sample	rich	dict-index	dictzip	prefix	916	2542
sample	rich	dict-index	dictzip	prefix	917	583
sample	rich	dict-index	dictzip	prefix	918	126208
sample	rich	dict-index	dictzip	prefix	919	145792
sample	rich	dict-index	dictzip	prefix	920	7042
sample	rich	dict-index	dictzip	prefix	921	2167
sample	rich	dict-index	dictzip	prefix	922	130416
sample	rich	dict-index	dictzip	prefix	923	136875
sample	rich	dict-index	dictzip	prefix	924	2625
sample	rich	dict-index	dictzip	prefix	925	583
sample	rich	dict-index	dictzip	prefix	926	126958
sample	rich	dict-index	dictzip	prefix	927	152167
sample	rich	dict-index	dictzip	prefix	928	7917
sample	rich	dict-index	dictzip	prefix	929	1958
sample	rich	dict-index	dictzip	prefix	930	130083
sample	rich	dict-index	dictzip	prefix	931	127708
sample	rich	dict-index	dictzip	prefix	932	9375
sample	rich	dict-index	dictzip	prefix	933	1208
sample	rich	dict-index	dictzip	prefix	934	125667
sample	rich	dict-index	dictzip	prefix	935	279958
sample	rich	dict-index	dictzip	prefix	936	5583
sample	rich	dict-index	dictzip	prefix	937	1791
sample	rich	dict-index	dictzip	prefix	938	134375
sample	rich	dict-index	dictzip	prefix	939	129750
sample	rich	dict-index	dictzip	prefix	940	6166
sample	rich	dict-index	dictzip	prefix	941	792
sample	rich	dict-index	dictzip	prefix	942	131834
sample	rich	dict-index	dictzip	prefix	943	132875
sample	rich	dict-index	dictzip	prefix	944	5084
sample	rich	dict-index	dictzip	prefix	945	1583
sample	rich	dict-index	dictzip	prefix	946	129000
sample	rich	dict-index	dictzip	prefix	947	170500
sample	rich	dict-index	dictzip	prefix	948	6417
sample	rich	dict-index	dictzip	prefix	949	584
sample	rich	dict-index	dictzip	prefix	950	130167
sample	rich	dict-index	dictzip	prefix	951	133375
sample	rich	dict-index	dictzip	prefix	952	4291
sample	rich	dict-index	dictzip	prefix	953	1333
sample	rich	dict-index	dictzip	prefix	954	127250
sample	rich	dict-index	dictzip	prefix	955	128292
sample	rich	dict-index	dictzip	prefix	956	6083
sample	rich	dict-index	dictzip	prefix	957	583
sample	rich	dict-index	dictzip	prefix	958	132125
sample	rich	dict-index	dictzip	prefix	959	133542
sample	rich	dict-index	dictzip	prefix	960	11541
sample	rich	dict-index	dictzip	prefix	961	2958
sample	rich	dict-index	dictzip	prefix	962	142250
sample	rich	dict-index	dictzip	prefix	963	132666
sample	rich	dict-index	dictzip	prefix	964	14041
sample	rich	dict-index	dictzip	prefix	965	1459
sample	rich	dict-index	dictzip	prefix	966	151625
sample	rich	dict-index	dictzip	prefix	967	137500
sample	rich	dict-index	dictzip	prefix	968	3667
sample	rich	dict-index	dictzip	prefix	969	1542
sample	rich	dict-index	dictzip	prefix	970	128833
sample	rich	dict-index	dictzip	prefix	971	135209
sample	rich	dict-index	dictzip	prefix	972	3000
sample	rich	dict-index	dictzip	prefix	973	583
sample	rich	dict-index	dictzip	prefix	974	127333
sample	rich	dict-index	dictzip	prefix	975	132500
sample	rich	dict-index	dictzip	prefix	976	11125
sample	rich	dict-index	dictzip	prefix	977	3333
sample	rich	dict-index	dictzip	prefix	978	127333
sample	rich	dict-index	dictzip	prefix	979	134292
sample	rich	dict-index	dictzip	prefix	980	5959
sample	rich	dict-index	dictzip	prefix	981	792
sample	rich	dict-index	dictzip	prefix	982	131209
sample	rich	dict-index	dictzip	prefix	983	133750
sample	rich	dict-index	dictzip	prefix	984	2750
sample	rich	dict-index	dictzip	prefix	985	1375
sample	rich	dict-index	dictzip	prefix	986	127125
sample	rich	dict-index	dictzip	prefix	987	130875
sample	rich	dict-index	dictzip	prefix	988	2667
sample	rich	dict-index	dictzip	prefix	989	542
sample	rich	dict-index	dictzip	prefix	990	126250
sample	rich	dict-index	dictzip	prefix	991	131500
sample	rich	dict-index	dictzip	prefix	992	2458
sample	rich	dict-index	dictzip	prefix	993	1166
sample	rich	dict-index	dictzip	prefix	994	130292
sample	rich	dict-index	dictzip	prefix	995	133917
sample	rich	dict-index	dictzip	prefix	996	7500
sample	rich	dict-index	dictzip	prefix	997	708
sample	rich	dict-index	dictzip	prefix	998	130167
sample	rich	dict-index	dictzip	prefix	999	132708
sample	rich	dict-index	dictzip	render	0	4323959
sample	rich	dict-index	dictzip	render	1	49135500
sample	rich	dict-index	dictzip	render	2	8974375
sample	rich	dict-index	dictzip	render	3	7446000
sample	rich	dict-index	dictzip	render	4	6345666
sample	rich	dict-index	dictzip	render	5	10457125
sample	rich	dict-index	dictzip	render	6	5502792
sample	rich	dict-index	dictzip	render	7	4298500
sample	rich	dict-index	dictzip	render	8	4790167
sample	rich	dict-index	dictzip	render	9	4338459
sample	rich	dict-index	dictzip	render	10	5453375
sample	rich	dict-index	dictzip	render	11	5419500
sample	rich	dict-index	dictzip	render	12	4109000
sample	rich	dict-index	dictzip	render	13	4824417
sample	rich	dict-index	dictzip	render	14	4145042
sample	rich	dict-index	dictzip	render	15	3196083
sample	rich	dict-index	dictzip	render	16	3376834
sample	rich	dict-index	dictzip	render	17	3696000
sample	rich	dict-index	dictzip	render	18	3474292
sample	rich	dict-index	dictzip	render	19	3660583
sample	rich	dict-index	dictzip	render	20	3840708
sample	rich	dict-index	dictzip	render	21	3478500
sample	rich	dict-index	dictzip	render	22	5977375
sample	rich	dict-index	dictzip	render	23	5365458
sample	rich	dict-index	dictzip	render	24	4632333
sample	rich	dict-index	dictzip	render	25	4344000
sample	rich	dict-index	dictzip	render	26	3331000
sample	rich	dict-index	dictzip	render	27	4716708
sample	rich	dict-index	dictzip	render	28	3637291
sample	rich	dict-index	dictzip	render	29	6023375
sample	rich	dict-index	dictzip	render	30	5388666
sample	rich	dict-index	dictzip	render	31	5578291
sample	rich	dict-index	dictzip	render	32	6298042
sample	rich	dict-index	dictzip	render	33	5139583
sample	rich	dict-index	dictzip	render	34	4363666
sample	rich	dict-index	dictzip	render	35	4384708
sample	rich	dict-index	dictzip	render	36	3916459
sample	rich	dict-index	dictzip	render	37	4921208
sample	rich	dict-index	dictzip	render	38	5133792
sample	rich	dict-index	dictzip	render	39	3889375
sample	rich	dict-index	dictzip	render	40	3083708
sample	rich	dict-index	dictzip	render	41	3470375
sample	rich	dict-index	dictzip	render	42	4007125
sample	rich	dict-index	dictzip	render	43	6223250
sample	rich	dict-index	dictzip	render	44	6499500
sample	rich	dict-index	dictzip	render	45	6514708
sample	rich	dict-index	dictzip	render	46	6766416
sample	rich	dict-index	dictzip	render	47	5670042
sample	rich	dict-index	dictzip	render	48	5369333
sample	rich	dict-index	dictzip	render	49	11279833
sample	rich	dict-index	dictzip	render	50	4005916
sample	rich	dict-index	dictzip	render	51	4054208
sample	rich	dict-index	dictzip	render	52	3864709
sample	rich	dict-index	dictzip	render	53	6021333
sample	rich	dict-index	dictzip	render	54	3803833
sample	rich	dict-index	dictzip	render	55	7517834
sample	rich	dict-index	dictzip	render	56	5153833
sample	rich	dict-index	dictzip	render	57	4475666
sample	rich	dict-index	dictzip	render	58	3695417
sample	rich	dict-index	dictzip	render	59	3771333
sample	rich	dict-index	dictzip	render	60	4205709
sample	rich	dict-index	dictzip	render	61	4709708
sample	rich	dict-index	dictzip	render	62	10104792
sample	rich	dict-index	dictzip	render	63	4190625
sample	rich	dict-index	dictzip	render	64	4249375
sample	rich	dict-index	dictzip	render	65	4643792
sample	rich	dict-index	dictzip	render	66	3320416
sample	rich	dict-index	dictzip	render	67	4473333
sample	rich	dict-index	dictzip	render	68	7618375
sample	rich	dict-index	dictzip	render	69	6803292
sample	rich	dict-index	dictzip	render	70	8129708
sample	rich	dict-index	dictzip	render	71	4241792
sample	rich	dict-index	dictzip	render	72	4056792
sample	rich	dict-index	dictzip	render	73	4100708
sample	rich	dict-index	dictzip	render	74	3927583
sample	rich	dict-index	dictzip	render	75	3778750
sample	rich	dict-index	dictzip	render	76	3544000
sample	rich	dict-index	dictzip	render	77	4538250
sample	rich	dict-index	dictzip	render	78	3608541
sample	rich	dict-index	dictzip	render	79	4649958
sample	rich	dict-index	dictzip	render	80	3766458
sample	rich	dict-index	dictzip	render	81	4635917
sample	rich	dict-index	dictzip	render	82	4407209
sample	rich	dict-index	dictzip	render	83	4767125
sample	rich	dict-index	dictzip	render	84	4737083
sample	rich	dict-index	dictzip	render	85	4943875
sample	rich	dict-index	dictzip	render	86	4237833
sample	rich	dict-index	dictzip	render	87	5696500
sample	rich	dict-index	dictzip	render	88	5907833
sample	rich	dict-index	dictzip	render	89	5709167
sample	rich	dict-index	dictzip	render	90	5714333
sample	rich	dict-index	dictzip	render	91	4165250
sample	rich	dict-index	dictzip	render	92	3628042
sample	rich	dict-index	dictzip	render	93	3354209
sample	rich	dict-index	dictzip	render	94	3776791
sample	rich	dict-index	dictzip	render	95	3528292
sample	rich	dict-index	dictzip	render	96	4428208
sample	rich	dict-index	dictzip	render	97	4484250
sample	rich	dict-index	dictzip	render	98	4104750
sample	rich	dict-index	dictzip	render	99	3915250
sample	rich	dict-index	dictzip	render	100	4124833
sample	rich	dict-index	dictzip	render	101	4199208
sample	rich	dict-index	dictzip	render	102	4081375
sample	rich	dict-index	dictzip	render	103	3509625
sample	rich	dict-index	dictzip	render	104	3844625
sample	rich	dict-index	dictzip	render	105	4023000
sample	rich	dict-index	dictzip	render	106	4495208
sample	rich	dict-index	dictzip	render	107	4008334
sample	rich	dict-index	dictzip	render	108	3372750
sample	rich	dict-index	dictzip	render	109	5153541
sample	rich	dict-index	dictzip	render	110	3668834
sample	rich	dict-index	dictzip	render	111	4986333
sample	rich	dict-index	dictzip	render	112	4746541
sample	rich	dict-index	dictzip	render	113	4549333
sample	rich	dict-index	dictzip	render	114	3816708
sample	rich	dict-index	dictzip	render	115	3305958
sample	rich	dict-index	dictzip	render	116	4615292
sample	rich	dict-index	dictzip	render	117	4495917
sample	rich	dict-index	dictzip	render	118	4258416
sample	rich	dict-index	dictzip	render	119	3167417
sample	rich	dict-index	dictzip	render	120	4021750
sample	rich	dict-index	dictzip	render	121	4280458
sample	rich	dict-index	dictzip	render	122	5054250
sample	rich	dict-index	dictzip	render	123	4222709
sample	rich	dict-index	dictzip	render	124	3741292
sample	rich	dict-index	dictzip	render	125	4103833
sample	rich	dict-index	dictzip	render	126	3793917
sample	rich	dict-index	dictzip	render	127	4443875
sample	rich	dict-index	dictzip	render	128	3920000
sample	rich	dict-index	dictzip	render	129	4344667
sample	rich	dict-index	dictzip	render	130	4014000
sample	rich	dict-index	dictzip	render	131	3190375
sample	rich	dict-index	dictzip	render	132	4546416
sample	rich	dict-index	dictzip	render	133	5012791
sample	rich	dict-index	dictzip	render	134	3850250
sample	rich	dict-index	dictzip	render	135	4837708
sample	rich	dict-index	dictzip	render	136	4162208
sample	rich	dict-index	dictzip	render	137	4268375
sample	rich	dict-index	dictzip	render	138	3680375
sample	rich	dict-index	dictzip	render	139	3755750
sample	rich	dict-index	dictzip	render	140	3468125
sample	rich	dict-index	dictzip	render	141	3680583
sample	rich	dict-index	dictzip	render	142	3465125
sample	rich	dict-index	dictzip	render	143	4602959
sample	rich	dict-index	dictzip	render	144	4838459
sample	rich	dict-index	dictzip	render	145	4495333
sample	rich	dict-index	dictzip	render	146	4213584
sample	rich	dict-index	dictzip	render	147	4416375
sample	rich	dict-index	dictzip	render	148	4153000
sample	rich	dict-index	dictzip	render	149	3545208
sample	rich	dict-index	dictzip	render	150	6195042
sample	rich	dict-index	dictzip	render	151	4019458
sample	rich	dict-index	dictzip	render	152	5204084
sample	rich	dict-index	dictzip	render	153	4735750
sample	rich	dict-index	dictzip	render	154	5236375
sample	rich	dict-index	dictzip	render	155	4062708
sample	rich	dict-index	dictzip	render	156	3887042
sample	rich	dict-index	dictzip	render	157	4262042
sample	rich	dict-index	dictzip	render	158	4495209
sample	rich	dict-index	dictzip	render	159	6022792
sample	rich	dict-index	dictzip	render	160	4531916
sample	rich	dict-index	dictzip	render	161	4910334
sample	rich	dict-index	dictzip	render	162	4392833
sample	rich	dict-index	dictzip	render	163	3495792
sample	rich	dict-index	dictzip	render	164	4634375
sample	rich	dict-index	dictzip	render	165	3707291
sample	rich	dict-index	dictzip	render	166	4142375
sample	rich	dict-index	dictzip	render	167	5697875
sample	rich	dict-index	dictzip	render	168	3474417
sample	rich	dict-index	dictzip	render	169	3493084
sample	rich	dict-index	dictzip	render	170	3434708
sample	rich	dict-index	dictzip	render	171	3451750
sample	rich	dict-index	dictzip	render	172	3647416
sample	rich	dict-index	dictzip	render	173	4564333
sample	rich	dict-index	dictzip	render	174	4320750
sample	rich	dict-index	dictzip	render	175	4039083
sample	rich	dict-index	dictzip	render	176	5116000
sample	rich	dict-index	dictzip	render	177	4867709
sample	rich	dict-index	dictzip	render	178	5284333
sample	rich	dict-index	dictzip	render	179	4843125
sample	rich	dict-index	dictzip	render	180	5760542
sample	rich	dict-index	dictzip	render	181	4439542
sample	rich	dict-index	dictzip	render	182	5754292
sample	rich	dict-index	dictzip	render	183	4653959
sample	rich	dict-index	dictzip	render	184	4531542
sample	rich	dict-index	dictzip	render	185	3741666
sample	rich	dict-index	dictzip	render	186	3342125
sample	rich	dict-index	dictzip	render	187	4129208
sample	rich	dict-index	dictzip	render	188	4793500
sample	rich	dict-index	dictzip	render	189	4334084
sample	rich	dict-index	dictzip	render	190	3851000
sample	rich	dict-index	dictzip	render	191	3618125
sample	rich	dict-index	dictzip	render	192	4051625
sample	rich	dict-index	dictzip	render	193	3883000
sample	rich	dict-index	dictzip	render	194	5007250
sample	rich	dict-index	dictzip	render	195	5108917
sample	rich	dict-index	dictzip	render	196	3734166
sample	rich	dict-index	dictzip	render	197	4243667
sample	rich	dict-index	dictzip	render	198	3905209
sample	rich	dict-index	dictzip	render	199	3951000
sample	rich	dict-index	dictzip	render	200	3573208
sample	rich	dict-index	dictzip	render	201	3041750
sample	rich	dict-index	dictzip	render	202	3936375
sample	rich	dict-index	dictzip	render	203	5345250
sample	rich	dict-index	dictzip	render	204	4273292
sample	rich	dict-index	dictzip	render	205	3669458
sample	rich	dict-index	dictzip	render	206	3825292
sample	rich	dict-index	dictzip	render	207	3558125
sample	rich	dict-index	dictzip	render	208	3832708
sample	rich	dict-index	dictzip	render	209	3848541
sample	rich	dict-index	dictzip	render	210	4289167
sample	rich	dict-index	dictzip	render	211	4980167
sample	rich	dict-index	dictzip	render	212	4259167
sample	rich	dict-index	dictzip	render	213	3791375
sample	rich	dict-index	dictzip	render	214	4422166
sample	rich	dict-index	dictzip	render	215	4090334
sample	rich	dict-index	dictzip	render	216	4036417
sample	rich	dict-index	dictzip	render	217	3927709
sample	rich	dict-index	dictzip	render	218	3984083
sample	rich	dict-index	dictzip	render	219	3549334
sample	rich	dict-index	dictzip	render	220	4119083
sample	rich	dict-index	dictzip	render	221	3566208
sample	rich	dict-index	dictzip	render	222	4625125
sample	rich	dict-index	dictzip	render	223	5078667
sample	rich	dict-index	dictzip	render	224	3386375
sample	rich	dict-index	dictzip	render	225	3583000
sample	rich	dict-index	dictzip	render	226	3260417
sample	rich	dict-index	dictzip	render	227	4330959
sample	rich	dict-index	dictzip	render	228	4709750
sample	rich	dict-index	dictzip	render	229	4736333
sample	rich	dict-index	dictzip	render	230	4221834
sample	rich	dict-index	dictzip	render	231	3968042
sample	rich	dict-index	dictzip	render	232	4443917
sample	rich	dict-index	dictzip	render	233	4006500
sample	rich	dict-index	dictzip	render	234	3558458
sample	rich	dict-index	dictzip	render	235	3352084
sample	rich	dict-index	dictzip	render	236	4527375
sample	rich	dict-index	dictzip	render	237	4690333
sample	rich	dict-index	dictzip	render	238	4811667
sample	rich	dict-index	dictzip	render	239	4133959
sample	rich	dict-index	dictzip	render	240	4547750
sample	rich	dict-index	dictzip	render	241	3576500
sample	rich	dict-index	dictzip	render	242	4077500
sample	rich	dict-index	dictzip	render	243	4749375
sample	rich	dict-index	dictzip	render	244	3726250
sample	rich	dict-index	dictzip	render	245	4414709
sample	rich	dict-index	dictzip	render	246	4650958
sample	rich	dict-index	dictzip	render	247	5566083
sample	rich	dict-index	dictzip	render	248	3993291
sample	rich	dict-index	dictzip	render	249	4195625
sample	rich	dict-index	dictzip	render	250	4241875
sample	rich	dict-index	dictzip	render	251	4479542
sample	rich	dict-index	dictzip	render	252	3909625
sample	rich	dict-index	dictzip	render	253	4035417
sample	rich	dict-index	dictzip	render	254	4071166
sample	rich	dict-index	dictzip	render	255	3814334
sample	rich	dict-index	dictzip	render	256	4127916
sample	rich	dict-index	dictzip	render	257	3335375
sample	rich	dict-index	dictzip	render	258	3459375
sample	rich	dict-index	dictzip	render	259	4407084
sample	rich	dict-index	dictzip	render	260	3805625
sample	rich	dict-index	dictzip	render	261	6017250
sample	rich	dict-index	dictzip	render	262	4577417
sample	rich	dict-index	dictzip	render	263	4504625
sample	rich	dict-index	dictzip	render	264	4106000
sample	rich	dict-index	dictzip	render	265	3845542
sample	rich	dict-index	dictzip	render	266	3431416
sample	rich	dict-index	dictzip	render	267	3858875
sample	rich	dict-index	dictzip	render	268	4514000
sample	rich	dict-index	dictzip	render	269	4405541
sample	rich	dict-index	dictzip	render	270	3675167
sample	rich	dict-index	dictzip	render	271	3772000
sample	rich	dict-index	dictzip	render	272	4069416
sample	rich	dict-index	dictzip	render	273	3546792
sample	rich	dict-index	dictzip	render	274	3529875
sample	rich	dict-index	dictzip	render	275	3970875
sample	rich	dict-index	dictzip	render	276	4905000
sample	rich	dict-index	dictzip	render	277	4771709
sample	rich	dict-index	dictzip	render	278	5067292
sample	rich	dict-index	dictzip	render	279	4671791
sample	rich	dict-index	dictzip	render	280	3279500
sample	rich	dict-index	dictzip	render	281	4377708
sample	rich	dict-index	dictzip	render	282	4546959
sample	rich	dict-index	dictzip	render	283	4234042
sample	rich	dict-index	dictzip	render	284	4018750
sample	rich	dict-index	dictzip	render	285	6214625
sample	rich	dict-index	dictzip	render	286	5371292
sample	rich	dict-index	dictzip	render	287	5752667
sample	rich	dict-index	dictzip	render	288	6016042
sample	rich	dict-index	dictzip	render	289	3651333
sample	rich	dict-index	dictzip	render	290	5809375
sample	rich	dict-index	dictzip	render	291	3693083
sample	rich	dict-index	dictzip	render	292	3938417
sample	rich	dict-index	dictzip	render	293	3771083
sample	rich	dict-index	dictzip	render	294	4788083
sample	rich	dict-index	dictzip	render	295	4835917
sample	rich	dict-index	dictzip	render	296	4285500
sample	rich	dict-index	dictzip	render	297	3990292
sample	rich	dict-index	dictzip	render	298	4955667
sample	rich	dict-index	dictzip	render	299	5301625
sample	rich	dict-index	dictzip	render	300	5185167
sample	rich	dict-index	dictzip	render	301	3918208
sample	rich	dict-index	dictzip	render	302	4413167
sample	rich	dict-index	dictzip	render	303	3202334
sample	rich	dict-index	dictzip	render	304	3674709
sample	rich	dict-index	dictzip	render	305	3672708
sample	rich	dict-index	dictzip	render	306	4107250
sample	rich	dict-index	dictzip	render	307	4480959
sample	rich	dict-index	dictzip	render	308	5085959
sample	rich	dict-index	dictzip	render	309	3648750
sample	rich	dict-index	dictzip	render	310	6716208
sample	rich	dict-index	dictzip	render	311	5069750
sample	rich	dict-index	dictzip	render	312	4070917
sample	rich	dict-index	dictzip	render	313	4263959
sample	rich	dict-index	dictzip	render	314	3834625
sample	rich	dict-index	dictzip	render	315	4372042
sample	rich	dict-index	dictzip	render	316	4963417
sample	rich	dict-index	dictzip	render	317	4312417
sample	rich	dict-index	dictzip	render	318	4417375
sample	rich	dict-index	dictzip	render	319	4884291
sample	rich	dict-index	dictzip	render	320	5341625
sample	rich	dict-index	dictzip	render	321	3837375
sample	rich	dict-index	dictzip	render	322	3761292
sample	rich	dict-index	dictzip	render	323	5131792
sample	rich	dict-index	dictzip	render	324	4197500
sample	rich	dict-index	dictzip	render	325	5349625
sample	rich	dict-index	dictzip	render	326	5193625
sample	rich	dict-index	dictzip	render	327	4740959
sample	rich	dict-index	dictzip	render	328	5974000
sample	rich	dict-index	dictzip	render	329	4749625
sample	rich	dict-index	dictzip	render	330	3972667
sample	rich	dict-index	dictzip	render	331	4137417
sample	rich	dict-index	dictzip	render	332	6940417
sample	rich	dict-index	dictzip	render	333	5052583
sample	rich	dict-index	dictzip	render	334	4392792
sample	rich	dict-index	dictzip	render	335	4407500
sample	rich	dict-index	dictzip	render	336	4886500
sample	rich	dict-index	dictzip	render	337	3569583
sample	rich	dict-index	dictzip	render	338	4813208
sample	rich	dict-index	dictzip	render	339	4252417
sample	rich	dict-index	dictzip	render	340	3799125
sample	rich	dict-index	dictzip	render	341	5646583
sample	rich	dict-index	dictzip	render	342	5159292
sample	rich	dict-index	dictzip	render	343	7226666
sample	rich	dict-index	dictzip	render	344	6388500
sample	rich	dict-index	dictzip	render	345	4368666
sample	rich	dict-index	dictzip	render	346	4765166
sample	rich	dict-index	dictzip	render	347	3751875
sample	rich	dict-index	dictzip	render	348	4284958
sample	rich	dict-index	dictzip	render	349	3731083
sample	rich	dict-index	dictzip	render	350	4359833
sample	rich	dict-index	dictzip	render	351	3264334
sample	rich	dict-index	dictzip	render	352	5208750
sample	rich	dict-index	dictzip	render	353	5503000
sample	rich	dict-index	dictzip	render	354	3832875
sample	rich	dict-index	dictzip	render	355	5137958
sample	rich	dict-index	dictzip	render	356	4719458
sample	rich	dict-index	dictzip	render	357	3912000
sample	rich	dict-index	dictzip	render	358	5189334
sample	rich	dict-index	dictzip	render	359	3498458
sample	rich	dict-index	dictzip	render	360	4533375
sample	rich	dict-index	dictzip	render	361	5701834
sample	rich	dict-index	dictzip	render	362	4244250
sample	rich	dict-index	dictzip	render	363	6717000
sample	rich	dict-index	dictzip	render	364	4741750
sample	rich	dict-index	dictzip	render	365	4119167
sample	rich	dict-index	dictzip	render	366	4051625
sample	rich	dict-index	dictzip	render	367	4113958
sample	rich	dict-index	dictzip	render	368	3659875
sample	rich	dict-index	dictzip	render	369	3918958
sample	rich	dict-index	dictzip	render	370	3791125
sample	rich	dict-index	dictzip	render	371	4789792
sample	rich	dict-index	dictzip	render	372	3720334
sample	rich	dict-index	dictzip	render	373	4691708
sample	rich	dict-index	dictzip	render	374	3319375
sample	rich	dict-index	dictzip	render	375	3698750
sample	rich	dict-index	dictzip	render	376	3813083
sample	rich	dict-index	dictzip	render	377	3926917
sample	rich	dict-index	dictzip	render	378	4655083
sample	rich	dict-index	dictzip	render	379	3595042
sample	rich	dict-index	dictzip	render	380	3854416
sample	rich	dict-index	dictzip	render	381	4191333
sample	rich	dict-index	dictzip	render	382	3332166
sample	rich	dict-index	dictzip	render	383	5254666
sample	rich	dict-index	dictzip	render	384	4228459
sample	rich	dict-index	dictzip	render	385	4576834
sample	rich	dict-index	dictzip	render	386	4633334
sample	rich	dict-index	dictzip	render	387	4545875
sample	rich	dict-index	dictzip	render	388	4954458
sample	rich	dict-index	dictzip	render	389	3708333
sample	rich	dict-index	dictzip	render	390	4526166
sample	rich	dict-index	dictzip	render	391	4478500
sample	rich	dict-index	dictzip	render	392	4810750
sample	rich	dict-index	dictzip	render	393	5596042
sample	rich	dict-index	dictzip	render	394	3940958
sample	rich	dict-index	dictzip	render	395	3934750
sample	rich	dict-index	dictzip	render	396	4670667
sample	rich	dict-index	dictzip	render	397	3540666
sample	rich	dict-index	dictzip	render	398	4226208
sample	rich	dict-index	dictzip	render	399	4422750
sample	rich	dict-index	dictzip	render	400	3384834
sample	rich	dict-index	dictzip	render	401	3809083
sample	rich	dict-index	dictzip	render	402	4398875
sample	rich	dict-index	dictzip	render	403	3778667
sample	rich	dict-index	dictzip	render	404	4242750
sample	rich	dict-index	dictzip	render	405	4572583
sample	rich	dict-index	dictzip	render	406	4620708
sample	rich	dict-index	dictzip	render	407	3681708
sample	rich	dict-index	dictzip	render	408	3788625
sample	rich	dict-index	dictzip	render	409	4578500
sample	rich	dict-index	dictzip	render	410	3523708
sample	rich	dict-index	dictzip	render	411	3694541
sample	rich	dict-index	dictzip	render	412	3616625
sample	rich	dict-index	dictzip	render	413	4626042
sample	rich	dict-index	dictzip	render	414	4518084
sample	rich	dict-index	dictzip	render	415	4138083
sample	rich	dict-index	dictzip	render	416	5142250
sample	rich	dict-index	dictzip	render	417	4271209
sample	rich	dict-index	dictzip	render	418	5536667
sample	rich	dict-index	dictzip	render	419	4413958
sample	rich	dict-index	dictzip	render	420	3987917
sample	rich	dict-index	dictzip	render	421	3603625
sample	rich	dict-index	dictzip	render	422	4287000
sample	rich	dict-index	dictzip	render	423	3878833
sample	rich	dict-index	dictzip	render	424	3922250
sample	rich	dict-index	dictzip	render	425	3815583
sample	rich	dict-index	dictzip	render	426	4701083
sample	rich	dict-index	dictzip	render	427	4590500
sample	rich	dict-index	dictzip	render	428	4036500
sample	rich	dict-index	dictzip	render	429	4519500
sample	rich	dict-index	dictzip	render	430	3495500
sample	rich	dict-index	dictzip	render	431	4682208
sample	rich	dict-index	dictzip	render	432	4148291
sample	rich	dict-index	dictzip	render	433	4474542
sample	rich	dict-index	dictzip	render	434	3647541
sample	rich	dict-index	dictzip	render	435	3984708
sample	rich	dict-index	dictzip	render	436	3904459
sample	rich	dict-index	dictzip	render	437	4070042
sample	rich	dict-index	dictzip	render	438	4675000
sample	rich	dict-index	dictzip	render	439	6720750
sample	rich	dict-index	dictzip	render	440	4817833
sample	rich	dict-index	dictzip	render	441	4131291
sample	rich	dict-index	dictzip	render	442	4159750
sample	rich	dict-index	dictzip	render	443	3657375
sample	rich	dict-index	dictzip	render	444	5236333
sample	rich	dict-index	dictzip	render	445	3996584
sample	rich	dict-index	dictzip	render	446	4910208
sample	rich	dict-index	dictzip	render	447	5215917
sample	rich	dict-index	dictzip	render	448	5504334
sample	rich	dict-index	dictzip	render	449	4228542
sample	rich	dict-index	dictzip	render	450	3374083
sample	rich	dict-index	dictzip	render	451	4056500
sample	rich	dict-index	dictzip	render	452	3386333
sample	rich	dict-index	dictzip	render	453	4016000
sample	rich	dict-index	dictzip	render	454	4520625
sample	rich	dict-index	dictzip	render	455	4025833
sample	rich	dict-index	dictzip	render	456	2773834
sample	rich	dict-index	dictzip	render	457	3984125
sample	rich	dict-index	dictzip	render	458	3415667
sample	rich	dict-index	dictzip	render	459	4657875
sample	rich	dict-index	dictzip	render	460	4087625
sample	rich	dict-index	dictzip	render	461	4842333
sample	rich	dict-index	dictzip	render	462	3511625
sample	rich	dict-index	dictzip	render	463	4241125
sample	rich	dict-index	dictzip	render	464	4295542
sample	rich	dict-index	dictzip	render	465	3324375
sample	rich	dict-index	dictzip	render	466	3327042
sample	rich	dict-index	dictzip	render	467	3376583
sample	rich	dict-index	dictzip	render	468	3587500
sample	rich	dict-index	dictzip	render	469	3170958
sample	rich	dict-index	dictzip	render	470	3912291
sample	rich	dict-index	dictzip	render	471	4358708
sample	rich	dict-index	dictzip	render	472	4122875
sample	rich	dict-index	dictzip	render	473	4106834
sample	rich	dict-index	dictzip	render	474	5023791
sample	rich	dict-index	dictzip	render	475	3624333
sample	rich	dict-index	dictzip	render	476	4383500
sample	rich	dict-index	dictzip	render	477	4826458
sample	rich	dict-index	dictzip	render	478	4582708
sample	rich	dict-index	dictzip	render	479	4891333
sample	rich	dict-index	dictzip	render	480	4040416
sample	rich	dict-index	dictzip	render	481	4287041
sample	rich	dict-index	dictzip	render	482	4088625
sample	rich	dict-index	dictzip	render	483	4395917
sample	rich	dict-index	dictzip	render	484	4268375
sample	rich	dict-index	dictzip	render	485	4945792
sample	rich	dict-index	dictzip	render	486	5027292
sample	rich	dict-index	dictzip	render	487	4114750
sample	rich	dict-index	dictzip	render	488	4945042
sample	rich	dict-index	dictzip	render	489	4355917
sample	rich	dict-index	dictzip	render	490	3740750
sample	rich	dict-index	dictzip	render	491	4983334
sample	rich	dict-index	dictzip	render	492	4370875
sample	rich	dict-index	dictzip	render	493	3986958
sample	rich	dict-index	dictzip	render	494	4144000
sample	rich	dict-index	dictzip	render	495	5291042
sample	rich	dict-index	dictzip	render	496	3449125
sample	rich	dict-index	dictzip	render	497	3835416
sample	rich	dict-index	dictzip	render	498	3430834
sample	rich	dict-index	dictzip	render	499	5286000
sample	rich	dict-index	dictzip	render	500	4468375
sample	rich	dict-index	dictzip	render	501	6479834
sample	rich	dict-index	dictzip	render	502	4819458
sample	rich	dict-index	dictzip	render	503	4839083
sample	rich	dict-index	dictzip	render	504	4222292
sample	rich	dict-index	dictzip	render	505	3719541
sample	rich	dict-index	dictzip	render	506	4484625
sample	rich	dict-index	dictzip	render	507	4002167
sample	rich	dict-index	dictzip	render	508	4429000
sample	rich	dict-index	dictzip	render	509	4096333
sample	rich	dict-index	dictzip	render	510	3199750
sample	rich	dict-index	dictzip	render	511	3601458
sample	rich	dict-index	dictzip	render	512	4724875
sample	rich	dict-index	dictzip	render	513	4646667
sample	rich	dict-index	dictzip	render	514	4937125
sample	rich	dict-index	dictzip	render	515	3754291
sample	rich	dict-index	dictzip	render	516	4019125
sample	rich	dict-index	dictzip	render	517	4034125
sample	rich	dict-index	dictzip	render	518	3894459
sample	rich	dict-index	dictzip	render	519	3283208
sample	rich	dict-index	dictzip	render	520	4125958
sample	rich	dict-index	dictzip	render	521	3385541
sample	rich	dict-index	dictzip	render	522	3734500
sample	rich	dict-index	dictzip	render	523	5427708
sample	rich	dict-index	dictzip	render	524	5027417
sample	rich	dict-index	dictzip	render	525	4783792
sample	rich	dict-index	dictzip	render	526	3398125
sample	rich	dict-index	dictzip	render	527	3105292
sample	rich	dict-index	dictzip	render	528	3793166
sample	rich	dict-index	dictzip	render	529	3593542
sample	rich	dict-index	dictzip	render	530	4604041
sample	rich	dict-index	dictzip	render	531	4170292
sample	rich	dict-index	dictzip	render	532	4480666
sample	rich	dict-index	dictzip	render	533	5075500
sample	rich	dict-index	dictzip	render	534	4013125
sample	rich	dict-index	dictzip	render	535	4688375
sample	rich	dict-index	dictzip	render	536	4016750
sample	rich	dict-index	dictzip	render	537	3535417
sample	rich	dict-index	dictzip	render	538	4578083
sample	rich	dict-index	dictzip	render	539	4274125
sample	rich	dict-index	dictzip	render	540	5188584
sample	rich	dict-index	dictzip	render	541	3902916
sample	rich	dict-index	dictzip	render	542	4058958
sample	rich	dict-index	dictzip	render	543	3382375
sample	rich	dict-index	dictzip	render	544	4135375
sample	rich	dict-index	dictzip	render	545	5404625
sample	rich	dict-index	dictzip	render	546	4478916
sample	rich	dict-index	dictzip	render	547	3412667
sample	rich	dict-index	dictzip	render	548	4022375
sample	rich	dict-index	dictzip	render	549	4387125
sample	rich	dict-index	dictzip	render	550	3465625
sample	rich	dict-index	dictzip	render	551	3432458
sample	rich	dict-index	dictzip	render	552	3494750
sample	rich	dict-index	dictzip	render	553	4172125
sample	rich	dict-index	dictzip	render	554	3779541
sample	rich	dict-index	dictzip	render	555	4273000
sample	rich	dict-index	dictzip	render	556	5094083
sample	rich	dict-index	dictzip	render	557	3708000
sample	rich	dict-index	dictzip	render	558	4591250
sample	rich	dict-index	dictzip	render	559	3078167
sample	rich	dict-index	dictzip	render	560	3646542
sample	rich	dict-index	dictzip	render	561	2993042
sample	rich	dict-index	dictzip	render	562	4318333
sample	rich	dict-index	dictzip	render	563	3291750
sample	rich	dict-index	dictzip	render	564	3406167
sample	rich	dict-index	dictzip	render	565	3751583
sample	rich	dict-index	dictzip	render	566	3621708
sample	rich	dict-index	dictzip	render	567	4407042
sample	rich	dict-index	dictzip	render	568	4672500
sample	rich	dict-index	dictzip	render	569	5166708
sample	rich	dict-index	dictzip	render	570	2907417
sample	rich	dict-index	dictzip	render	571	5173291
sample	rich	dict-index	dictzip	render	572	3178250
sample	rich	dict-index	dictzip	render	573	3114667
sample	rich	dict-index	dictzip	render	574	3485792
sample	rich	dict-index	dictzip	render	575	4583292
sample	rich	dict-index	dictzip	render	576	3688000
sample	rich	dict-index	dictzip	render	577	3001250
sample	rich	dict-index	dictzip	render	578	4231417
sample	rich	dict-index	dictzip	render	579	5225625
sample	rich	dict-index	dictzip	render	580	3723500
sample	rich	dict-index	dictzip	render	581	4182459
sample	rich	dict-index	dictzip	render	582	2969500
sample	rich	dict-index	dictzip	render	583	4512708
sample	rich	dict-index	dictzip	render	584	4589792
sample	rich	dict-index	dictzip	render	585	3728458
sample	rich	dict-index	dictzip	render	586	3783333
sample	rich	dict-index	dictzip	render	587	3143750
sample	rich	dict-index	dictzip	render	588	2902708
sample	rich	dict-index	dictzip	render	589	3622750
sample	rich	dict-index	dictzip	render	590	4237666
sample	rich	dict-index	dictzip	render	591	4590042
sample	rich	dict-index	dictzip	render	592	4472708
sample	rich	dict-index	dictzip	render	593	3907250
sample	rich	dict-index	dictzip	render	594	4767584
sample	rich	dict-index	dictzip	render	595	3872167
sample	rich	dict-index	dictzip	render	596	4468292
sample	rich	dict-index	dictzip	render	597	5312667
sample	rich	dict-index	dictzip	render	598	4969459
sample	rich	dict-index	dictzip	render	599	4557459
sample	rich	dict-index	dictzip	render	600	5732291
sample	rich	dict-index	dictzip	render	601	4589583
sample	rich	dict-index	dictzip	render	602	4883083
sample	rich	dict-index	dictzip	render	603	3731334
sample	rich	dict-index	dictzip	render	604	3804916
sample	rich	dict-index	dictzip	render	605	3785917
sample	rich	dict-index	dictzip	render	606	4869584
sample	rich	dict-index	dictzip	render	607	4912584
sample	rich	dict-index	dictzip	render	608	4864500
sample	rich	dict-index	dictzip	render	609	3925667
sample	rich	dict-index	dictzip	render	610	4027209
sample	rich	dict-index	dictzip	render	611	4155917
sample	rich	dict-index	dictzip	render	612	4467750
sample	rich	dict-index	dictzip	render	613	4051750
sample	rich	dict-index	dictzip	render	614	4664916
sample	rich	dict-index	dictzip	render	615	4093333
sample	rich	dict-index	dictzip	render	616	3881166
sample	rich	dict-index	dictzip	render	617	4833209
sample	rich	dict-index	dictzip	render	618	4932125
sample	rich	dict-index	dictzip	render	619	3837458
sample	rich	dict-index	dictzip	render	620	6072500
sample	rich	dict-index	dictzip	render	621	5329250
sample	rich	dict-index	dictzip	render	622	5526333
sample	rich	dict-index	dictzip	render	623	4439750
sample	rich	dict-index	dictzip	render	624	3514750
sample	rich	dict-index	dictzip	render	625	5182791
sample	rich	dict-index	dictzip	render	626	3933833
sample	rich	dict-index	dictzip	render	627	3536917
sample	rich	dict-index	dictzip	render	628	4806041
sample	rich	dict-index	dictzip	render	629	4605333
sample	rich	dict-index	dictzip	render	630	5777000
sample	rich	dict-index	dictzip	render	631	3955667
sample	rich	dict-index	dictzip	render	632	4072833
sample	rich	dict-index	dictzip	render	633	4142041
sample	rich	dict-index	dictzip	render	634	3419542
sample	rich	dict-index	dictzip	render	635	4708625
sample	rich	dict-index	dictzip	render	636	4210125
sample	rich	dict-index	dictzip	render	637	4007709
sample	rich	dict-index	dictzip	render	638	4262708
sample	rich	dict-index	dictzip	render	639	3634459
sample	rich	dict-index	dictzip	render	640	3541792
sample	rich	dict-index	dictzip	render	641	4843625
sample	rich	dict-index	dictzip	render	642	4769833
sample	rich	dict-index	dictzip	render	643	3871250
sample	rich	dict-index	dictzip	render	644	4623000
sample	rich	dict-index	dictzip	render	645	3752167
sample	rich	dict-index	dictzip	render	646	3400042
sample	rich	dict-index	dictzip	render	647	3564458
sample	rich	dict-index	dictzip	render	648	4536542
sample	rich	dict-index	dictzip	render	649	4038916
sample	rich	dict-index	dictzip	render	650	4222291
sample	rich	dict-index	dictzip	render	651	4126208
sample	rich	dict-index	dictzip	render	652	4417083
sample	rich	dict-index	dictzip	render	653	4039208
sample	rich	dict-index	dictzip	render	654	4351208
sample	rich	dict-index	dictzip	render	655	4010750
sample	rich	dict-index	dictzip	render	656	4832250
sample	rich	dict-index	dictzip	render	657	4519167
sample	rich	dict-index	dictzip	render	658	3472084
sample	rich	dict-index	dictzip	render	659	3981708
sample	rich	dict-index	dictzip	render	660	4859417
sample	rich	dict-index	dictzip	render	661	3437917
sample	rich	dict-index	dictzip	render	662	4823417
sample	rich	dict-index	dictzip	render	663	3653584
sample	rich	dict-index	dictzip	render	664	3669792
sample	rich	dict-index	dictzip	render	665	2904834
sample	rich	dict-index	dictzip	render	666	4133875
sample	rich	dict-index	dictzip	render	667	2998250
sample	rich	dict-index	dictzip	render	668	4061000
sample	rich	dict-index	dictzip	render	669	3655708
sample	rich	dict-index	dictzip	render	670	2915500
sample	rich	dict-index	dictzip	render	671	3033333
sample	rich	dict-index	dictzip	render	672	3715542
sample	rich	dict-index	dictzip	render	673	3077209
sample	rich	dict-index	dictzip	render	674	4064500
sample	rich	dict-index	dictzip	render	675	3684042
sample	rich	dict-index	dictzip	render	676	3381708
sample	rich	dict-index	dictzip	render	677	5079791
sample	rich	dict-index	dictzip	render	678	4810292
sample	rich	dict-index	dictzip	render	679	3324625
sample	rich	dict-index	dictzip	render	680	3078042
sample	rich	dict-index	dictzip	render	681	3532666
sample	rich	dict-index	dictzip	render	682	4335125
sample	rich	dict-index	dictzip	render	683	3072000
sample	rich	dict-index	dictzip	render	684	3752125
sample	rich	dict-index	dictzip	render	685	3120208
sample	rich	dict-index	dictzip	render	686	4218042
sample	rich	dict-index	dictzip	render	687	4895792
sample	rich	dict-index	dictzip	render	688	3805250
sample	rich	dict-index	dictzip	render	689	2879583
sample	rich	dict-index	dictzip	render	690	3239250
sample	rich	dict-index	dictzip	render	691	4021750
sample	rich	dict-index	dictzip	render	692	3732541
sample	rich	dict-index	dictzip	render	693	4041208
sample	rich	dict-index	dictzip	render	694	4420916
sample	rich	dict-index	dictzip	render	695	4934625
sample	rich	dict-index	dictzip	render	696	3690541
sample	rich	dict-index	dictzip	render	697	3502542
sample	rich	dict-index	dictzip	render	698	3906708
sample	rich	dict-index	dictzip	render	699	4124125
sample	rich	dict-index	dictzip	render	700	4247708
sample	rich	dict-index	dictzip	render	701	3794875
sample	rich	dict-index	dictzip	render	702	2891625
sample	rich	dict-index	dictzip	render	703	5144750
sample	rich	dict-index	dictzip	render	704	3661667
sample	rich	dict-index	dictzip	render	705	3104042
sample	rich	dict-index	dictzip	render	706	3905125
sample	rich	dict-index	dictzip	render	707	3450500
sample	rich	dict-index	dictzip	render	708	6093125
sample	rich	dict-index	dictzip	render	709	3180166
sample	rich	dict-index	dictzip	render	710	4107833
sample	rich	dict-index	dictzip	render	711	5851417
sample	rich	dict-index	dictzip	render	712	4815667
sample	rich	dict-index	dictzip	render	713	3995167
sample	rich	dict-index	dictzip	render	714	3277500
sample	rich	dict-index	dictzip	render	715	3401375
sample	rich	dict-index	dictzip	render	716	3953500
sample	rich	dict-index	dictzip	render	717	3786000
sample	rich	dict-index	dictzip	render	718	3747541
sample	rich	dict-index	dictzip	render	719	3845750
sample	rich	dict-index	dictzip	render	720	4976708
sample	rich	dict-index	dictzip	render	721	4495291
sample	rich	dict-index	dictzip	render	722	4328042
sample	rich	dict-index	dictzip	render	723	3970708
sample	rich	dict-index	dictzip	render	724	3654750
sample	rich	dict-index	dictzip	render	725	3515291
sample	rich	dict-index	dictzip	render	726	3429291
sample	rich	dict-index	dictzip	render	727	3555416
sample	rich	dict-index	dictzip	render	728	3028417
sample	rich	dict-index	dictzip	render	729	3829375
sample	rich	dict-index	dictzip	render	730	3876292
sample	rich	dict-index	dictzip	render	731	3496916
sample	rich	dict-index	dictzip	render	732	3204333
sample	rich	dict-index	dictzip	render	733	4986917
sample	rich	dict-index	dictzip	render	734	3675084
sample	rich	dict-index	dictzip	render	735	3631042
sample	rich	dict-index	dictzip	render	736	4496166
sample	rich	dict-index	dictzip	render	737	3988292
sample	rich	dict-index	dictzip	render	738	3614625
sample	rich	dict-index	dictzip	render	739	3870250
sample	rich	dict-index	dictzip	render	740	3339542
sample	rich	dict-index	dictzip	render	741	3628833
sample	rich	dict-index	dictzip	render	742	3602042
sample	rich	dict-index	dictzip	render	743	3645333
sample	rich	dict-index	dictzip	render	744	4459041
sample	rich	dict-index	dictzip	render	745	4243125
sample	rich	dict-index	dictzip	render	746	4179584
sample	rich	dict-index	dictzip	render	747	4225084
sample	rich	dict-index	dictzip	render	748	4220916
sample	rich	dict-index	dictzip	render	749	4512833
sample	rich	dict-index	dictzip	render	750	4486208
sample	rich	dict-index	dictzip	render	751	5142208
sample	rich	dict-index	dictzip	render	752	3890709
sample	rich	dict-index	dictzip	render	753	4534125
sample	rich	dict-index	dictzip	render	754	5740333
sample	rich	dict-index	dictzip	render	755	4248250
sample	rich	dict-index	dictzip	render	756	5637333
sample	rich	dict-index	dictzip	render	757	3828750
sample	rich	dict-index	dictzip	render	758	3161167
sample	rich	dict-index	dictzip	render	759	3073708
sample	rich	dict-index	dictzip	render	760	3919041
sample	rich	dict-index	dictzip	render	761	3833541
sample	rich	dict-index	dictzip	render	762	3691916
sample	rich	dict-index	dictzip	render	763	3749209
sample	rich	dict-index	dictzip	render	764	3482250
sample	rich	dict-index	dictzip	render	765	4082000
sample	rich	dict-index	dictzip	render	766	5060500
sample	rich	dict-index	dictzip	render	767	3558250
sample	rich	dict-index	dictzip	render	768	3960041
sample	rich	dict-index	dictzip	render	769	3317417
sample	rich	dict-index	dictzip	render	770	3810125
sample	rich	dict-index	dictzip	render	771	4424458
sample	rich	dict-index	dictzip	render	772	3551166
sample	rich	dict-index	dictzip	render	773	4742209
sample	rich	dict-index	dictzip	render	774	3794625
sample	rich	dict-index	dictzip	render	775	3556875
sample	rich	dict-index	dictzip	render	776	4957500
sample	rich	dict-index	dictzip	render	777	3263416
sample	rich	dict-index	dictzip	render	778	3592500
sample	rich	dict-index	dictzip	render	779	4653917
sample	rich	dict-index	dictzip	render	780	3167209
sample	rich	dict-index	dictzip	render	781	3971708
sample	rich	dict-index	dictzip	render	782	3379666
sample	rich	dict-index	dictzip	render	783	3231209
sample	rich	dict-index	dictzip	render	784	3775666
sample	rich	dict-index	dictzip	render	785	4272500
sample	rich	dict-index	dictzip	render	786	4277750
sample	rich	dict-index	dictzip	render	787	3440417
sample	rich	dict-index	dictzip	render	788	4196042
sample	rich	dict-index	dictzip	render	789	4050208
sample	rich	dict-index	dictzip	render	790	3636542
sample	rich	dict-index	dictzip	render	791	4135583
sample	rich	dict-index	dictzip	render	792	4787916
sample	rich	dict-index	dictzip	render	793	4389458
sample	rich	dict-index	dictzip	render	794	3849083
sample	rich	dict-index	dictzip	render	795	3978666
sample	rich	dict-index	dictzip	render	796	5828083
sample	rich	dict-index	dictzip	render	797	5485583
sample	rich	dict-index	dictzip	render	798	4642041
sample	rich	dict-index	dictzip	render	799	3580000
sample	rich	dict-index	dictzip	render	800	3493000
sample	rich	dict-index	dictzip	render	801	4060333
sample	rich	dict-index	dictzip	render	802	3850833
sample	rich	dict-index	dictzip	render	803	4341500
sample	rich	dict-index	dictzip	render	804	3977208
sample	rich	dict-index	dictzip	render	805	5145708
sample	rich	dict-index	dictzip	render	806	3764334
sample	rich	dict-index	dictzip	render	807	3874209
sample	rich	dict-index	dictzip	render	808	5175584
sample	rich	dict-index	dictzip	render	809	6152667
sample	rich	dict-index	dictzip	render	810	5472125
sample	rich	dict-index	dictzip	render	811	4575875
sample	rich	dict-index	dictzip	render	812	4362209
sample	rich	dict-index	dictzip	render	813	4549917
sample	rich	dict-index	dictzip	render	814	3848000
sample	rich	dict-index	dictzip	render	815	5335583
sample	rich	dict-index	dictzip	render	816	4606583
sample	rich	dict-index	dictzip	render	817	9712667
sample	rich	dict-index	dictzip	render	818	3903000
sample	rich	dict-index	dictzip	render	819	3809292
sample	rich	dict-index	dictzip	render	820	3214166
sample	rich	dict-index	dictzip	render	821	3235583
sample	rich	dict-index	dictzip	render	822	3911542
sample	rich	dict-index	dictzip	render	823	4304583
sample	rich	dict-index	dictzip	render	824	4069125
sample	rich	dict-index	dictzip	render	825	3352917
sample	rich	dict-index	dictzip	render	826	4566959
sample	rich	dict-index	dictzip	render	827	3645792
sample	rich	dict-index	dictzip	render	828	3161833
sample	rich	dict-index	dictzip	render	829	4363250
sample	rich	dict-index	dictzip	render	830	7241334
sample	rich	dict-index	dictzip	render	831	4528833
sample	rich	dict-index	dictzip	render	832	4449625
sample	rich	dict-index	dictzip	render	833	3716666
sample	rich	dict-index	dictzip	render	834	4556792
sample	rich	dict-index	dictzip	render	835	4691291
sample	rich	dict-index	dictzip	render	836	4903958
sample	rich	dict-index	dictzip	render	837	4624458
sample	rich	dict-index	dictzip	render	838	4755459
sample	rich	dict-index	dictzip	render	839	3859833
sample	rich	dict-index	dictzip	render	840	4550542
sample	rich	dict-index	dictzip	render	841	4025458
sample	rich	dict-index	dictzip	render	842	4435291
sample	rich	dict-index	dictzip	render	843	4283917
sample	rich	dict-index	dictzip	render	844	3844875
sample	rich	dict-index	dictzip	render	845	5095958
sample	rich	dict-index	dictzip	render	846	6965750
sample	rich	dict-index	dictzip	render	847	4730875
sample	rich	dict-index	dictzip	render	848	5384416
sample	rich	dict-index	dictzip	render	849	3790667
sample	rich	dict-index	dictzip	render	850	5031208
sample	rich	dict-index	dictzip	render	851	3218542
sample	rich	dict-index	dictzip	render	852	3737375
sample	rich	dict-index	dictzip	render	853	3774125
sample	rich	dict-index	dictzip	render	854	3574625
sample	rich	dict-index	dictzip	render	855	4561333
sample	rich	dict-index	dictzip	render	856	3960500
sample	rich	dict-index	dictzip	render	857	3638125
sample	rich	dict-index	dictzip	render	858	7899500
sample	rich	dict-index	dictzip	render	859	3877750
sample	rich	dict-index	dictzip	render	860	5203208
sample	rich	dict-index	dictzip	render	861	5172875
sample	rich	dict-index	dictzip	render	862	4266750
sample	rich	dict-index	dictzip	render	863	4408333
sample	rich	dict-index	dictzip	render	864	4490666
sample	rich	dict-index	dictzip	render	865	4740958
sample	rich	dict-index	dictzip	render	866	4347333
sample	rich	dict-index	dictzip	render	867	4611916
sample	rich	dict-index	dictzip	render	868	7610625
sample	rich	dict-index	dictzip	render	869	3431333
sample	rich	dict-index	dictzip	render	870	5268958
sample	rich	dict-index	dictzip	render	871	4384583
sample	rich	dict-index	dictzip	render	872	3697625
sample	rich	dict-index	dictzip	render	873	4782334
sample	rich	dict-index	dictzip	render	874	4058208
sample	rich	dict-index	dictzip	render	875	4458833
sample	rich	dict-index	dictzip	render	876	4036791
sample	rich	dict-index	dictzip	render	877	4672208
sample	rich	dict-index	dictzip	render	878	4608584
sample	rich	dict-index	dictzip	render	879	4982709
sample	rich	dict-index	dictzip	render	880	3765166
sample	rich	dict-index	dictzip	render	881	4565084
sample	rich	dict-index	dictzip	render	882	4445416
sample	rich	dict-index	dictzip	render	883	3178042
sample	rich	dict-index	dictzip	render	884	3785334
sample	rich	dict-index	dictzip	render	885	4319875
sample	rich	dict-index	dictzip	render	886	3466375
sample	rich	dict-index	dictzip	render	887	3270917
sample	rich	dict-index	dictzip	render	888	3437416
sample	rich	dict-index	dictzip	render	889	4323417
sample	rich	dict-index	dictzip	render	890	4577166
sample	rich	dict-index	dictzip	render	891	4175125
sample	rich	dict-index	dictzip	render	892	4433792
sample	rich	dict-index	dictzip	render	893	3341959
sample	rich	dict-index	dictzip	render	894	3532875
sample	rich	dict-index	dictzip	render	895	2904167
sample	rich	dict-index	dictzip	render	896	3196583
sample	rich	dict-index	dictzip	render	897	3001875
sample	rich	dict-index	dictzip	render	898	3815041
sample	rich	dict-index	dictzip	render	899	3835208
sample	rich	dict-index	dictzip	render	900	3122958
sample	rich	dict-index	dictzip	render	901	3081500
sample	rich	dict-index	dictzip	render	902	4031167
sample	rich	dict-index	dictzip	render	903	3983167
sample	rich	dict-index	dictzip	render	904	3478833
sample	rich	dict-index	dictzip	render	905	2943041
sample	rich	dict-index	dictzip	render	906	4158541
sample	rich	dict-index	dictzip	render	907	3734750
sample	rich	dict-index	dictzip	render	908	3963291
sample	rich	dict-index	dictzip	render	909	4083834
sample	rich	dict-index	dictzip	render	910	4301459
sample	rich	dict-index	dictzip	render	911	3530541
sample	rich	dict-index	dictzip	render	912	3337166
sample	rich	dict-index	dictzip	render	913	4344083
sample	rich	dict-index	dictzip	render	914	3963209
sample	rich	dict-index	dictzip	render	915	4642791
sample	rich	dict-index	dictzip	render	916	4415000
sample	rich	dict-index	dictzip	render	917	4236125
sample	rich	dict-index	dictzip	render	918	3583167
sample	rich	dict-index	dictzip	render	919	3710083
sample	rich	dict-index	dictzip	render	920	3760542
sample	rich	dict-index	dictzip	render	921	5650084
sample	rich	dict-index	dictzip	render	922	4145292
sample	rich	dict-index	dictzip	render	923	4778708
sample	rich	dict-index	dictzip	render	924	5227500
sample	rich	dict-index	dictzip	render	925	5728250
sample	rich	dict-index	dictzip	render	926	3604500
sample	rich	dict-index	dictzip	render	927	4831833
sample	rich	dict-index	dictzip	render	928	7161417
sample	rich	dict-index	dictzip	render	929	4527917
sample	rich	dict-index	dictzip	render	930	4467917
sample	rich	dict-index	dictzip	render	931	3956458
sample	rich	dict-index	dictzip	render	932	3251416
sample	rich	dict-index	dictzip	render	933	4783958
sample	rich	dict-index	dictzip	render	934	4469458
sample	rich	dict-index	dictzip	render	935	5203959
sample	rich	dict-index	dictzip	render	936	4133708
sample	rich	dict-index	dictzip	render	937	5432958
sample	rich	dict-index	dictzip	render	938	3553625
sample	rich	dict-index	dictzip	render	939	3333666
sample	rich	dict-index	dictzip	render	940	3204000
sample	rich	dict-index	dictzip	render	941	2893167
sample	rich	dict-index	dictzip	render	942	3742209
sample	rich	dict-index	dictzip	render	943	3072875
sample	rich	dict-index	dictzip	render	944	3551834
sample	rich	dict-index	dictzip	render	945	3795500
sample	rich	dict-index	dictzip	render	946	5032667
sample	rich	dict-index	dictzip	render	947	4246667
sample	rich	dict-index	dictzip	render	948	4141958
sample	rich	dict-index	dictzip	render	949	4305959
sample	rich	dict-index	dictzip	render	950	3474709
sample	rich	dict-index	dictzip	render	951	3092334
sample	rich	dict-index	dictzip	render	952	4466375
sample	rich	dict-index	dictzip	render	953	4342167
sample	rich	dict-index	dictzip	render	954	3640584
sample	rich	dict-index	dictzip	render	955	6090792
sample	rich	dict-index	dictzip	render	956	3497167
sample	rich	dict-index	dictzip	render	957	5938792
sample	rich	dict-index	dictzip	render	958	4591833
sample	rich	dict-index	dictzip	render	959	3845416
sample	rich	dict-index	dictzip	render	960	5061250
sample	rich	dict-index	dictzip	render	961	4907125
sample	rich	dict-index	dictzip	render	962	4484375
sample	rich	dict-index	dictzip	render	963	3703916
sample	rich	dict-index	dictzip	render	964	5384666
sample	rich	dict-index	dictzip	render	965	3538167
sample	rich	dict-index	dictzip	render	966	5420625
sample	rich	dict-index	dictzip	render	967	3425208
sample	rich	dict-index	dictzip	render	968	3628834
sample	rich	dict-index	dictzip	render	969	3665500
sample	rich	dict-index	dictzip	render	970	4931584
sample	rich	dict-index	dictzip	render	971	4181209
sample	rich	dict-index	dictzip	render	972	3641083
sample	rich	dict-index	dictzip	render	973	4098417
sample	rich	dict-index	dictzip	render	974	3688959
sample	rich	dict-index	dictzip	render	975	5407166
sample	rich	dict-index	dictzip	render	976	4688667
sample	rich	dict-index	dictzip	render	977	4876333
sample	rich	dict-index	dictzip	render	978	4388042
sample	rich	dict-index	dictzip	render	979	4214750
sample	rich	dict-index	dictzip	render	980	4248500
sample	rich	dict-index	dictzip	render	981	4123584
sample	rich	dict-index	dictzip	render	982	4993959
sample	rich	dict-index	dictzip	render	983	4380333
sample	rich	dict-index	dictzip	render	984	4792792
sample	rich	dict-index	dictzip	render	985	4415667
sample	rich	dict-index	dictzip	render	986	3807875
sample	rich	dict-index	dictzip	render	987	4341084
sample	rich	dict-index	dictzip	render	988	4843333
sample	rich	dict-index	dictzip	render	989	4996333
sample	rich	dict-index	dictzip	render	990	3786125
sample	rich	dict-index	dictzip	render	991	5203792
sample	rich	dict-index	dictzip	render	992	5312334
sample	rich	dict-index	dictzip	render	993	3670000
sample	rich	dict-index	dictzip	render	994	5565125
sample	rich	dict-index	dictzip	render	995	5454125
sample	rich	dict-index	dictzip	render	996	4775000
sample	rich	dict-index	dictzip	render	997	5822375
sample	rich	dict-index	dictzip	render	998	3910833
sample	rich	dict-index	dictzip	render	999	3332875
result	rich	dict-index	dictzip	exact.p50_ns	584
result	rich	dict-index	dictzip	exact.p95_ns	1416
result	rich	dict-index	dictzip	exact.p99_ns	5292
result	rich	dict-index	dictzip	prefix.p50_ns	124042
result	rich	dict-index	dictzip	prefix.p95_ns	227667
result	rich	dict-index	dictzip	prefix.p99_ns	377334
result	rich	dict-index	dictzip	render.p50_ns	4159750
result	rich	dict-index	dictzip	render.p95_ns	5760542
result	rich	dict-index	dictzip	render.p99_ns	7610625
result	rich	dict-index	dictzip	exact.hit.p50_ns	667
result	rich	dict-index	dictzip	exact.hit.p95_ns	1500
result	rich	dict-index	dictzip	exact.hit.p99_ns	5333
result	rich	dict-index	dictzip	exact.miss.p50_ns	417
result	rich	dict-index	dictzip	exact.miss.p95_ns	1042
result	rich	dict-index	dictzip	exact.miss.p99_ns	2834
result	rich	dict-index	dictzip	prefix.zero.p50_ns	2750
result	rich	dict-index	dictzip	prefix.zero.p95_ns	11667
result	rich	dict-index	dictzip	prefix.zero.p99_ns	16875
result	rich	dict-index	dictzip	prefix.one.p50_ns	2917
result	rich	dict-index	dictzip	prefix.one.p95_ns	11792
result	rich	dict-index	dictzip	prefix.one.p99_ns	25209
result	rich	dict-index	dictzip	prefix.many.p50_ns	132792
result	rich	dict-index	dictzip	prefix.many.p95_ns	336375
result	rich	dict-index	dictzip	prefix.many.p99_ns	399208
result	rich	dict-index	dictzip	prefix.pathological.p50_ns	-
result	rich	dict-index	dictzip	prefix.pathological.p95_ns	-
result	rich	dict-index	dictzip	prefix.pathological.p99_ns	-
result	rich	slob	raw	artifact_bytes	478747
result	rich	slob	raw	build_ns	48414167
sample	rich	slob	raw	open	0	718750
sample	rich	slob	raw	open	1	132750
sample	rich	slob	raw	open	2	83167
sample	rich	slob	raw	open	3	84875
sample	rich	slob	raw	open	4	70000
sample	rich	slob	raw	open	5	166000
sample	rich	slob	raw	open	6	68625
sample	rich	slob	raw	open	7	66417
sample	rich	slob	raw	open	8	66083
sample	rich	slob	raw	open	9	67084
sample	rich	slob	raw	open	10	68208
sample	rich	slob	raw	open	11	66958
sample	rich	slob	raw	open	12	66459
sample	rich	slob	raw	open	13	74542
sample	rich	slob	raw	open	14	66125
sample	rich	slob	raw	open	15	65750
sample	rich	slob	raw	open	16	65666
sample	rich	slob	raw	open	17	64458
sample	rich	slob	raw	open	18	64542
sample	rich	slob	raw	open	19	67042
sample	rich	slob	raw	open	20	66084
sample	rich	slob	raw	open	21	65916
sample	rich	slob	raw	open	22	66458
sample	rich	slob	raw	open	23	68125
sample	rich	slob	raw	open	24	66750
result	rich	slob	raw	open_ns	66958
result	rich	slob	raw	semantic_digest	14813021753239549239
result	rich	slob	raw	query_checksum	15472329982066036572
result	rich	slob	raw	outputs	1024875
result	rich	slob	raw	logical_prose_bytes	394154
sample	rich	slob	raw	exact	0	454625
sample	rich	slob	raw	exact	1	499459
sample	rich	slob	raw	exact	2	449333
sample	rich	slob	raw	exact	3	401041
sample	rich	slob	raw	exact	4	431542
sample	rich	slob	raw	exact	5	406916
sample	rich	slob	raw	exact	6	428125
sample	rich	slob	raw	exact	7	876125
sample	rich	slob	raw	exact	8	1777666
sample	rich	slob	raw	exact	9	909333
sample	rich	slob	raw	exact	10	645000
sample	rich	slob	raw	exact	11	420750
sample	rich	slob	raw	exact	12	427166
sample	rich	slob	raw	exact	13	793917
sample	rich	slob	raw	exact	14	554166
sample	rich	slob	raw	exact	15	461666
sample	rich	slob	raw	exact	16	428500
sample	rich	slob	raw	exact	17	667916
sample	rich	slob	raw	exact	18	515667
sample	rich	slob	raw	exact	19	400584
sample	rich	slob	raw	exact	20	430417
sample	rich	slob	raw	exact	21	397666
sample	rich	slob	raw	exact	22	923916
sample	rich	slob	raw	exact	23	996417
sample	rich	slob	raw	exact	24	960541
sample	rich	slob	raw	exact	25	680542
sample	rich	slob	raw	exact	26	429833
sample	rich	slob	raw	exact	27	397375
sample	rich	slob	raw	exact	28	426000
sample	rich	slob	raw	exact	29	395792
sample	rich	slob	raw	exact	30	870875
sample	rich	slob	raw	exact	31	498250
sample	rich	slob	raw	exact	32	424000
sample	rich	slob	raw	exact	33	334041
sample	rich	slob	raw	exact	34	427792
sample	rich	slob	raw	exact	35	395333
sample	rich	slob	raw	exact	36	653125
sample	rich	slob	raw	exact	37	411291
sample	rich	slob	raw	exact	38	428375
sample	rich	slob	raw	exact	39	461042
sample	rich	slob	raw	exact	40	425875
sample	rich	slob	raw	exact	41	333917
sample	rich	slob	raw	exact	42	423750
sample	rich	slob	raw	exact	43	394917
sample	rich	slob	raw	exact	44	421875
sample	rich	slob	raw	exact	45	729791
sample	rich	slob	raw	exact	46	983959
sample	rich	slob	raw	exact	47	591167
sample	rich	slob	raw	exact	48	438667
sample	rich	slob	raw	exact	49	342125
sample	rich	slob	raw	exact	50	435833
sample	rich	slob	raw	exact	51	855333
sample	rich	slob	raw	exact	52	938959
sample	rich	slob	raw	exact	53	724833
sample	rich	slob	raw	exact	54	438625
sample	rich	slob	raw	exact	55	487583
sample	rich	slob	raw	exact	56	427458
sample	rich	slob	raw	exact	57	345333
sample	rich	slob	raw	exact	58	425500
sample	rich	slob	raw	exact	59	395334
sample	rich	slob	raw	exact	60	423000
sample	rich	slob	raw	exact	61	396208
sample	rich	slob	raw	exact	62	430250
sample	rich	slob	raw	exact	63	458208
sample	rich	slob	raw	exact	64	454958
sample	rich	slob	raw	exact	65	334458
sample	rich	slob	raw	exact	66	495750
sample	rich	slob	raw	exact	67	397708
sample	rich	slob	raw	exact	68	429667
sample	rich	slob	raw	exact	69	821459
sample	rich	slob	raw	exact	70	450959
sample	rich	slob	raw	exact	71	473583
sample	rich	slob	raw	exact	72	599333
sample	rich	slob	raw	exact	73	1159583
sample	rich	slob	raw	exact	74	1248708
sample	rich	slob	raw	exact	75	1130500
sample	rich	slob	raw	exact	76	1345917
sample	rich	slob	raw	exact	77	949333
sample	rich	slob	raw	exact	78	1001667
sample	rich	slob	raw	exact	79	475292
sample	rich	slob	raw	exact	80	437250
sample	rich	slob	raw	exact	81	343792
sample	rich	slob	raw	exact	82	429167
sample	rich	slob	raw	exact	83	412958
sample	rich	slob	raw	exact	84	1423541
sample	rich	slob	raw	exact	85	751375
sample	rich	slob	raw	exact	86	1309292
sample	rich	slob	raw	exact	87	1231167
sample	rich	slob	raw	exact	88	636209
sample	rich	slob	raw	exact	89	340875
sample	rich	slob	raw	exact	90	866459
sample	rich	slob	raw	exact	91	400875
sample	rich	slob	raw	exact	92	430292
sample	rich	slob	raw	exact	93	1016458
sample	rich	slob	raw	exact	94	459459
sample	rich	slob	raw	exact	95	473166
sample	rich	slob	raw	exact	96	433042
sample	rich	slob	raw	exact	97	520500
sample	rich	slob	raw	exact	98	444209
sample	rich	slob	raw	exact	99	411541
sample	rich	slob	raw	exact	100	437250
sample	rich	slob	raw	exact	101	405208
sample	rich	slob	raw	exact	102	433458
sample	rich	slob	raw	exact	103	466083
sample	rich	slob	raw	exact	104	436000
sample	rich	slob	raw	exact	105	340500
sample	rich	slob	raw	exact	106	435125
sample	rich	slob	raw	exact	107	405541
sample	rich	slob	raw	exact	108	435625
sample	rich	slob	raw	exact	109	485542
sample	rich	slob	raw	exact	110	447125
sample	rich	slob	raw	exact	111	466542
sample	rich	slob	raw	exact	112	427416
sample	rich	slob	raw	exact	113	340792
sample	rich	slob	raw	exact	114	432500
sample	rich	slob	raw	exact	115	467750
sample	rich	slob	raw	exact	116	829458
sample	rich	slob	raw	exact	117	536875
sample	rich	slob	raw	exact	118	437209
sample	rich	slob	raw	exact	119	464834
sample	rich	slob	raw	exact	120	429375
sample	rich	slob	raw	exact	121	778708
sample	rich	slob	raw	exact	122	438459
sample	rich	slob	raw	exact	123	403666
sample	rich	slob	raw	exact	124	475042
sample	rich	slob	raw	exact	125	399500
sample	rich	slob	raw	exact	126	659084
sample	rich	slob	raw	exact	127	1006416
sample	rich	slob	raw	exact	128	428625
sample	rich	slob	raw	exact	129	761500
sample	rich	slob	raw	exact	130	1141333
sample	rich	slob	raw	exact	131	403083
sample	rich	slob	raw	exact	132	429125
sample	rich	slob	raw	exact	133	397333
sample	rich	slob	raw	exact	134	426834
sample	rich	slob	raw	exact	135	459208
sample	rich	slob	raw	exact	136	426791
sample	rich	slob	raw	exact	137	335875
sample	rich	slob	raw	exact	138	466875
sample	rich	slob	raw	exact	139	405416
sample	rich	slob	raw	exact	140	434000
sample	rich	slob	raw	exact	141	410167
sample	rich	slob	raw	exact	142	430042
sample	rich	slob	raw	exact	143	838000
sample	rich	slob	raw	exact	144	434000
sample	rich	slob	raw	exact	145	339833
sample	rich	slob	raw	exact	146	432750
sample	rich	slob	raw	exact	147	398792
sample	rich	slob	raw	exact	148	429125
sample	rich	slob	raw	exact	149	400834
sample	rich	slob	raw	exact	150	426084
sample	rich	slob	raw	exact	151	668959
sample	rich	slob	raw	exact	152	931875
sample	rich	slob	raw	exact	153	341792
sample	rich	slob	raw	exact	154	485292
sample	rich	slob	raw	exact	155	403167
sample	rich	slob	raw	exact	156	429666
sample	rich	slob	raw	exact	157	398791
sample	rich	slob	raw	exact	158	429875
sample	rich	slob	raw	exact	159	982750
sample	rich	slob	raw	exact	160	1275959
sample	rich	slob	raw	exact	161	880625
sample	rich	slob	raw	exact	162	1117875
sample	rich	slob	raw	exact	163	1050875
sample	rich	slob	raw	exact	164	1263041
sample	rich	slob	raw	exact	165	1132250
sample	rich	slob	raw	exact	166	594000
sample	rich	slob	raw	exact	167	462083
sample	rich	slob	raw	exact	168	429292
sample	rich	slob	raw	exact	169	335667
sample	rich	slob	raw	exact	170	425875
sample	rich	slob	raw	exact	171	396500
sample	rich	slob	raw	exact	172	424000
sample	rich	slob	raw	exact	173	397417
sample	rich	slob	raw	exact	174	428083
sample	rich	slob	raw	exact	175	458875
sample	rich	slob	raw	exact	176	424833
sample	rich	slob	raw	exact	177	334959
sample	rich	slob	raw	exact	178	629542
sample	rich	slob	raw	exact	179	410000
sample	rich	slob	raw	exact	180	435667
sample	rich	slob	raw	exact	181	403333
sample	rich	slob	raw	exact	182	658459
sample	rich	slob	raw	exact	183	1730834
sample	rich	slob	raw	exact	184	1111333
sample	rich	slob	raw	exact	185	880416
sample	rich	slob	raw	exact	186	1106625
sample	rich	slob	raw	exact	187	541208
sample	rich	slob	raw	exact	188	435708
sample	rich	slob	raw	exact	189	400292
sample	rich	slob	raw	exact	190	430458
sample	rich	slob	raw	exact	191	460542
sample	rich	slob	raw	exact	192	427958
sample	rich	slob	raw	exact	193	551792
sample	rich	slob	raw	exact	194	603542
sample	rich	slob	raw	exact	195	889334
sample	rich	slob	raw	exact	196	430250
sample	rich	slob	raw	exact	197	394084
sample	rich	slob	raw	exact	198	426917
sample	rich	slob	raw	exact	199	453084
sample	rich	slob	raw	exact	200	420708
sample	rich	slob	raw	exact	201	331833
sample	rich	slob	raw	exact	202	417166
sample	rich	slob	raw	exact	203	388958
sample	rich	slob	raw	exact	204	421792
sample	rich	slob	raw	exact	205	655958
sample	rich	slob	raw	exact	206	419292
sample	rich	slob	raw	exact	207	448542
sample	rich	slob	raw	exact	208	419625
sample	rich	slob	raw	exact	209	327750
sample	rich	slob	raw	exact	210	417083
sample	rich	slob	raw	exact	211	390500
sample	rich	slob	raw	exact	212	416583
sample	rich	slob	raw	exact	213	388416
sample	rich	slob	raw	exact	214	421333
sample	rich	slob	raw	exact	215	449583
sample	rich	slob	raw	exact	216	598416
sample	rich	slob	raw	exact	217	344709
sample	rich	slob	raw	exact	218	449000
sample	rich	slob	raw	exact	219	434542
sample	rich	slob	raw	exact	220	433958
sample	rich	slob	raw	exact	221	457583
sample	rich	slob	raw	exact	222	424750
sample	rich	slob	raw	exact	223	453125
sample	rich	slob	raw	exact	224	420083
sample	rich	slob	raw	exact	225	329041
sample	rich	slob	raw	exact	226	421292
sample	rich	slob	raw	exact	227	389292
sample	rich	slob	raw	exact	228	838500
sample	rich	slob	raw	exact	229	578083
sample	rich	slob	raw	exact	230	453625
sample	rich	slob	raw	exact	231	465333
sample	rich	slob	raw	exact	232	429125
sample	rich	slob	raw	exact	233	340750
sample	rich	slob	raw	exact	234	426750
sample	rich	slob	raw	exact	235	398958
sample	rich	slob	raw	exact	236	426208
sample	rich	slob	raw	exact	237	399292
sample	rich	slob	raw	exact	238	433250
sample	rich	slob	raw	exact	239	729667
sample	rich	slob	raw	exact	240	1292541
sample	rich	slob	raw	exact	241	1343583
sample	rich	slob	raw	exact	242	831292
sample	rich	slob	raw	exact	243	409250
sample	rich	slob	raw	exact	244	435459
sample	rich	slob	raw	exact	245	403833
sample	rich	slob	raw	exact	246	432208
sample	rich	slob	raw	exact	247	467375
sample	rich	slob	raw	exact	248	1045625
sample	rich	slob	raw	exact	249	364083
sample	rich	slob	raw	exact	250	436500
sample	rich	slob	raw	exact	251	404459
sample	rich	slob	raw	exact	252	432958
sample	rich	slob	raw	exact	253	403541
sample	rich	slob	raw	exact	254	432333
sample	rich	slob	raw	exact	255	467500
sample	rich	slob	raw	exact	256	1312834
sample	rich	slob	raw	exact	257	863666
sample	rich	slob	raw	exact	258	450625
sample	rich	slob	raw	exact	259	403000
sample	rich	slob	raw	exact	260	429458
sample	rich	slob	raw	exact	261	398541
sample	rich	slob	raw	exact	262	634042
sample	rich	slob	raw	exact	263	524333
sample	rich	slob	raw	exact	264	431334
sample	rich	slob	raw	exact	265	339750
sample	rich	slob	raw	exact	266	429042
sample	rich	slob	raw	exact	267	399625
sample	rich	slob	raw	exact	268	432708
sample	rich	slob	raw	exact	269	399875
sample	rich	slob	raw	exact	270	642625
sample	rich	slob	raw	exact	271	1270375
sample	rich	slob	raw	exact	272	480083
sample	rich	slob	raw	exact	273	342709
sample	rich	slob	raw	exact	274	432791
sample	rich	slob	raw	exact	275	401791
sample	rich	slob	raw	exact	276	433125
sample	rich	slob	raw	exact	277	407833
sample	rich	slob	raw	exact	278	660292
sample	rich	slob	raw	exact	279	643708
sample	rich	slob	raw	exact	280	452375
sample	rich	slob	raw	exact	281	336792
sample	rich	slob	raw	exact	282	428750
sample	rich	slob	raw	exact	283	832709
sample	rich	slob	raw	exact	284	1247458
sample	rich	slob	raw	exact	285	974458
sample	rich	slob	raw	exact	286	1165792
sample	rich	slob	raw	exact	287	991208
sample	rich	slob	raw	exact	288	967125
sample	rich	slob	raw	exact	289	340667
sample	rich	slob	raw	exact	290	429791
sample	rich	slob	raw	exact	291	400542
sample	rich	slob	raw	exact	292	428500
sample	rich	slob	raw	exact	293	399084
sample	rich	slob	raw	exact	294	775208
sample	rich	slob	raw	exact	295	1014250
sample	rich	slob	raw	exact	296	532458
sample	rich	slob	raw	exact	297	341375
sample	rich	slob	raw	exact	298	435417
sample	rich	slob	raw	exact	299	401750
sample	rich	slob	raw	exact	300	428416
sample	rich	slob	raw	exact	301	403083
sample	rich	slob	raw	exact	302	428792
sample	rich	slob	raw	exact	303	614125
sample	rich	slob	raw	exact	304	962375
sample	rich	slob	raw	exact	305	352917
sample	rich	slob	raw	exact	306	435208
sample	rich	slob	raw	exact	307	403291
sample	rich	slob	raw	exact	308	432459
sample	rich	slob	raw	exact	309	401666
sample	rich	slob	raw	exact	310	450625
sample	rich	slob	raw	exact	311	462292
sample	rich	slob	raw	exact	312	427000
sample	rich	slob	raw	exact	313	336542
sample	rich	slob	raw	exact	314	429167
sample	rich	slob	raw	exact	315	398958
sample	rich	slob	raw	exact	316	433875
sample	rich	slob	raw	exact	317	402125
sample	rich	slob	raw	exact	318	440875
sample	rich	slob	raw	exact	319	475375
sample	rich	slob	raw	exact	320	430166
sample	rich	slob	raw	exact	321	338750
sample	rich	slob	raw	exact	322	428292
sample	rich	slob	raw	exact	323	401542
sample	rich	slob	raw	exact	324	427541
sample	rich	slob	raw	exact	325	400375
sample	rich	slob	raw	exact	326	431292
sample	rich	slob	raw	exact	327	1654208
sample	rich	slob	raw	exact	328	915000
sample	rich	slob	raw	exact	329	340375
sample	rich	slob	raw	exact	330	428833
sample	rich	slob	raw	exact	331	398875
sample	rich	slob	raw	exact	332	428167
sample	rich	slob	raw	exact	333	399416
sample	rich	slob	raw	exact	334	432208
sample	rich	slob	raw	exact	335	462250
sample	rich	slob	raw	exact	336	429291
sample	rich	slob	raw	exact	337	337041
sample	rich	slob	raw	exact	338	427541
sample	rich	slob	raw	exact	339	399041
sample	rich	slob	raw	exact	340	439208
sample	rich	slob	raw	exact	341	398084
sample	rich	slob	raw	exact	342	428875
sample	rich	slob	raw	exact	343	459667
sample	rich	slob	raw	exact	344	551334
sample	rich	slob	raw	exact	345	343500
sample	rich	slob	raw	exact	346	439541
sample	rich	slob	raw	exact	347	402042
sample	rich	slob	raw	exact	348	430458
sample	rich	slob	raw	exact	349	398959
sample	rich	slob	raw	exact	350	427959
sample	rich	slob	raw	exact	351	460167
sample	rich	slob	raw	exact	352	701958
sample	rich	slob	raw	exact	353	341667
sample	rich	slob	raw	exact	354	431500
sample	rich	slob	raw	exact	355	403042
sample	rich	slob	raw	exact	356	429500
sample	rich	slob	raw	exact	357	399709
sample	rich	slob	raw	exact	358	429584
sample	rich	slob	raw	exact	359	461208
sample	rich	slob	raw	exact	360	425459
sample	rich	slob	raw	exact	361	338792
sample	rich	slob	raw	exact	362	1172459
sample	rich	slob	raw	exact	363	791125
sample	rich	slob	raw	exact	364	434333
sample	rich	slob	raw	exact	365	399166
sample	rich	slob	raw	exact	366	431792
sample	rich	slob	raw	exact	367	645208
sample	rich	slob	raw	exact	368	919208
sample	rich	slob	raw	exact	369	340292
sample	rich	slob	raw	exact	370	621375
sample	rich	slob	raw	exact	371	673750
sample	rich	slob	raw	exact	372	718291
sample	rich	slob	raw	exact	373	420125
sample	rich	slob	raw	exact	374	438209
sample	rich	slob	raw	exact	375	467875
sample	rich	slob	raw	exact	376	435250
sample	rich	slob	raw	exact	377	344000
sample	rich	slob	raw	exact	378	434750
sample	rich	slob	raw	exact	379	403666
sample	rich	slob	raw	exact	380	438292
sample	rich	slob	raw	exact	381	404334
sample	rich	slob	raw	exact	382	428625
sample	rich	slob	raw	exact	383	473042
sample	rich	slob	raw	exact	384	439750
sample	rich	slob	raw	exact	385	350791
sample	rich	slob	raw	exact	386	431375
sample	rich	slob	raw	exact	387	402791
sample	rich	slob	raw	exact	388	917167
sample	rich	slob	raw	exact	389	438167
sample	rich	slob	raw	exact	390	433208
sample	rich	slob	raw	exact	391	494209
sample	rich	slob	raw	exact	392	697417
sample	rich	slob	raw	exact	393	1136583
sample	rich	slob	raw	exact	394	1115042
sample	rich	slob	raw	exact	395	406542
sample	rich	slob	raw	exact	396	434667
sample	rich	slob	raw	exact	397	578542
sample	rich	slob	raw	exact	398	504833
sample	rich	slob	raw	exact	399	465584
sample	rich	slob	raw	exact	400	577834
sample	rich	slob	raw	exact	401	344208
sample	rich	slob	raw	exact	402	431792
sample	rich	slob	raw	exact	403	409667
sample	rich	slob	raw	exact	404	882833
sample	rich	slob	raw	exact	405	405417
sample	rich	slob	raw	exact	406	764459
sample	rich	slob	raw	exact	407	868833
sample	rich	slob	raw	exact	408	445583
sample	rich	slob	raw	exact	409	345625
sample	rich	slob	raw	exact	410	438875
sample	rich	slob	raw	exact	411	406875
sample	rich	slob	raw	exact	412	433333
sample	rich	slob	raw	exact	413	406750
sample	rich	slob	raw	exact	414	442459
sample	rich	slob	raw	exact	415	470208
sample	rich	slob	raw	exact	416	434584
sample	rich	slob	raw	exact	417	343750
sample	rich	slob	raw	exact	418	436333
sample	rich	slob	raw	exact	419	547625
sample	rich	slob	raw	exact	420	567083
sample	rich	slob	raw	exact	421	1367750
sample	rich	slob	raw	exact	422	680959
sample	rich	slob	raw	exact	423	1119250
sample	rich	slob	raw	exact	424	466917
sample	rich	slob	raw	exact	425	343708
sample	rich	slob	raw	exact	426	436584
sample	rich	slob	raw	exact	427	405708
sample	rich	slob	raw	exact	428	433791
sample	rich	slob	raw	exact	429	404917
sample	rich	slob	raw	exact	430	828208
sample	rich	slob	raw	exact	431	470250
sample	rich	slob	raw	exact	432	1024083
sample	rich	slob	raw	exact	433	533083
sample	rich	slob	raw	exact	434	723833
sample	rich	slob	raw	exact	435	690208
sample	rich	slob	raw	exact	436	444292
sample	rich	slob	raw	exact	437	408583
sample	rich	slob	raw	exact	438	440542
sample	rich	slob	raw	exact	439	467583
sample	rich	slob	raw	exact	440	438459
sample	rich	slob	raw	exact	441	343333
sample	rich	slob	raw	exact	442	433667
sample	rich	slob	raw	exact	443	417166
sample	rich	slob	raw	exact	444	436417
sample	rich	slob	raw	exact	445	405042
sample	rich	slob	raw	exact	446	434834
sample	rich	slob	raw	exact	447	472875
sample	rich	slob	raw	exact	448	445792
sample	rich	slob	raw	exact	449	342792
sample	rich	slob	raw	exact	450	430083
sample	rich	slob	raw	exact	451	478292
sample	rich	slob	raw	exact	452	439084
sample	rich	slob	raw	exact	453	403459
sample	rich	slob	raw	exact	454	435458
sample	rich	slob	raw	exact	455	465917
sample	rich	slob	raw	exact	456	442000
sample	rich	slob	raw	exact	457	344375
sample	rich	slob	raw	exact	458	501042
sample	rich	slob	raw	exact	459	417875
sample	rich	slob	raw	exact	460	437375
sample	rich	slob	raw	exact	461	404583
sample	rich	slob	raw	exact	462	432666
sample	rich	slob	raw	exact	463	467875
sample	rich	slob	raw	exact	464	433833
sample	rich	slob	raw	exact	465	396084
sample	rich	slob	raw	exact	466	443041
sample	rich	slob	raw	exact	467	404125
sample	rich	slob	raw	exact	468	858375
sample	rich	slob	raw	exact	469	669000
sample	rich	slob	raw	exact	470	438334
sample	rich	slob	raw	exact	471	493709
sample	rich	slob	raw	exact	472	434375
sample	rich	slob	raw	exact	473	397083
sample	rich	slob	raw	exact	474	442041
sample	rich	slob	raw	exact	475	408792
sample	rich	slob	raw	exact	476	435333
sample	rich	slob	raw	exact	477	403667
sample	rich	slob	raw	exact	478	435833
sample	rich	slob	raw	exact	479	468125
sample	rich	slob	raw	exact	480	427750
sample	rich	slob	raw	exact	481	337875
sample	rich	slob	raw	exact	482	483792
sample	rich	slob	raw	exact	483	403250
sample	rich	slob	raw	exact	484	432458
sample	rich	slob	raw	exact	485	400458
sample	rich	slob	raw	exact	486	432292
sample	rich	slob	raw	exact	487	463334
sample	rich	slob	raw	exact	488	434500
sample	rich	slob	raw	exact	489	340959
sample	rich	slob	raw	exact	490	429083
sample	rich	slob	raw	exact	491	400667
sample	rich	slob	raw	exact	492	1108500
sample	rich	slob	raw	exact	493	834959
sample	rich	slob	raw	exact	494	442583
sample	rich	slob	raw	exact	495	468875
sample	rich	slob	raw	exact	496	434708
sample	rich	slob	raw	exact	497	342208
sample	rich	slob	raw	exact	498	436417
sample	rich	slob	raw	exact	499	405459
sample	rich	slob	raw	exact	500	436584
sample	rich	slob	raw	exact	501	407208
sample	rich	slob	raw	exact	502	434166
sample	rich	slob	raw	exact	503	475500
sample	rich	slob	raw	exact	504	431709
sample	rich	slob	raw	exact	505	685750
sample	rich	slob	raw	exact	506	448666
sample	rich	slob	raw	exact	507	406875
sample	rich	slob	raw	exact	508	433333
sample	rich	slob	raw	exact	509	404791
sample	rich	slob	raw	exact	510	428292
sample	rich	slob	raw	exact	511	465416
sample	rich	slob	raw	exact	512	437083
sample	rich	slob	raw	exact	513	342625
sample	rich	slob	raw	exact	514	432375
sample	rich	slob	raw	exact	515	411333
sample	rich	slob	raw	exact	516	432292
sample	rich	slob	raw	exact	517	401208
sample	rich	slob	raw	exact	518	434708
sample	rich	slob	raw	exact	519	467041
sample	rich	slob	raw	exact	520	553791
sample	rich	slob	raw	exact	521	346292
sample	rich	slob	raw	exact	522	437792
sample	rich	slob	raw	exact	523	402208
sample	rich	slob	raw	exact	524	903291
sample	rich	slob	raw	exact	525	597750
sample	rich	slob	raw	exact	526	444042
sample	rich	slob	raw	exact	527	462417
sample	rich	slob	raw	exact	528	430083
sample	rich	slob	raw	exact	529	338542
sample	rich	slob	raw	exact	530	426709
sample	rich	slob	raw	exact	531	399791
sample	rich	slob	raw	exact	532	938416
sample	rich	slob	raw	exact	533	593917
sample	rich	slob	raw	exact	534	439333
sample	rich	slob	raw	exact	535	784792
sample	rich	slob	raw	exact	536	1087166
sample	rich	slob	raw	exact	537	869375
sample	rich	slob	raw	exact	538	439625
sample	rich	slob	raw	exact	539	404500
sample	rich	slob	raw	exact	540	427583
sample	rich	slob	raw	exact	541	398708
sample	rich	slob	raw	exact	542	431833
sample	rich	slob	raw	exact	543	460584
sample	rich	slob	raw	exact	544	427083
sample	rich	slob	raw	exact	545	336000
sample	rich	slob	raw	exact	546	438000
sample	rich	slob	raw	exact	547	396875
sample	rich	slob	raw	exact	548	427458
sample	rich	slob	raw	exact	549	401334
sample	rich	slob	raw	exact	550	426209
sample	rich	slob	raw	exact	551	458333
sample	rich	slob	raw	exact	552	427334
sample	rich	slob	raw	exact	553	334500
sample	rich	slob	raw	exact	554	621750
sample	rich	slob	raw	exact	555	409458
sample	rich	slob	raw	exact	556	430625
sample	rich	slob	raw	exact	557	790083
sample	rich	slob	raw	exact	558	537583
sample	rich	slob	raw	exact	559	470375
sample	rich	slob	raw	exact	560	434583
sample	rich	slob	raw	exact	561	341792
sample	rich	slob	raw	exact	562	645375
sample	rich	slob	raw	exact	563	407500
sample	rich	slob	raw	exact	564	433667
sample	rich	slob	raw	exact	565	405208
sample	rich	slob	raw	exact	566	434958
sample	rich	slob	raw	exact	567	785583
sample	rich	slob	raw	exact	568	456292
sample	rich	slob	raw	exact	569	343792
sample	rich	slob	raw	exact	570	419917
sample	rich	slob	raw	exact	571	394875
sample	rich	slob	raw	exact	572	485083
sample	rich	slob	raw	exact	573	1335292
sample	rich	slob	raw	exact	574	1230167
sample	rich	slob	raw	exact	575	1291084
sample	rich	slob	raw	exact	576	1190875
sample	rich	slob	raw	exact	577	837542
sample	rich	slob	raw	exact	578	431292
sample	rich	slob	raw	exact	579	718667
sample	rich	slob	raw	exact	580	479667
sample	rich	slob	raw	exact	581	402208
sample	rich	slob	raw	exact	582	429959
sample	rich	slob	raw	exact	583	462250
sample	rich	slob	raw	exact	584	431583
sample	rich	slob	raw	exact	585	346292
sample	rich	slob	raw	exact	586	429375
sample	rich	slob	raw	exact	587	402250
sample	rich	slob	raw	exact	588	926125
sample	rich	slob	raw	exact	589	410500
sample	rich	slob	raw	exact	590	469542
sample	rich	slob	raw	exact	591	605791
sample	rich	slob	raw	exact	592	522333
sample	rich	slob	raw	exact	593	335125
sample	rich	slob	raw	exact	594	420583
sample	rich	slob	raw	exact	595	528750
sample	rich	slob	raw	exact	596	980625
sample	rich	slob	raw	exact	597	405167
sample	rich	slob	raw	exact	598	441208
sample	rich	slob	raw	exact	599	463417
sample	rich	slob	raw	exact	600	428500
sample	rich	slob	raw	exact	601	337917
sample	rich	slob	raw	exact	602	427750
sample	rich	slob	raw	exact	603	397709
sample	rich	slob	raw	exact	604	428750
sample	rich	slob	raw	exact	605	402625
sample	rich	slob	raw	exact	606	430625
sample	rich	slob	raw	exact	607	1062167
sample	rich	slob	raw	exact	608	1304125
sample	rich	slob	raw	exact	609	881708
sample	rich	slob	raw	exact	610	482250
sample	rich	slob	raw	exact	611	406584
sample	rich	slob	raw	exact	612	426708
sample	rich	slob	raw	exact	613	398833
sample	rich	slob	raw	exact	614	427125
sample	rich	slob	raw	exact	615	470042
sample	rich	slob	raw	exact	616	458583
sample	rich	slob	raw	exact	617	336167
sample	rich	slob	raw	exact	618	713541
sample	rich	slob	raw	exact	619	1030167
sample	rich	slob	raw	exact	620	650750
sample	rich	slob	raw	exact	621	780959
sample	rich	slob	raw	exact	622	1042416
sample	rich	slob	raw	exact	623	487125
sample	rich	slob	raw	exact	624	436042
sample	rich	slob	raw	exact	625	343875
sample	rich	slob	raw	exact	626	434750
sample	rich	slob	raw	exact	627	403167
sample	rich	slob	raw	exact	628	434500
sample	rich	slob	raw	exact	629	432000
sample	rich	slob	raw	exact	630	733583
sample	rich	slob	raw	exact	631	969458
sample	rich	slob	raw	exact	632	450500
sample	rich	slob	raw	exact	633	344250
sample	rich	slob	raw	exact	634	429750
sample	rich	slob	raw	exact	635	393875
sample	rich	slob	raw	exact	636	425833
sample	rich	slob	raw	exact	637	397209
sample	rich	slob	raw	exact	638	447625
sample	rich	slob	raw	exact	639	468333
sample	rich	slob	raw	exact	640	430125
sample	rich	slob	raw	exact	641	338208
sample	rich	slob	raw	exact	642	428541
sample	rich	slob	raw	exact	643	399083
sample	rich	slob	raw	exact	644	431709
sample	rich	slob	raw	exact	645	398542
sample	rich	slob	raw	exact	646	437958
sample	rich	slob	raw	exact	647	463458
sample	rich	slob	raw	exact	648	431834
sample	rich	slob	raw	exact	649	339083
sample	rich	slob	raw	exact	650	504292
sample	rich	slob	raw	exact	651	626250
sample	rich	slob	raw	exact	652	428875
sample	rich	slob	raw	exact	653	399375
sample	rich	slob	raw	exact	654	451500
sample	rich	slob	raw	exact	655	460917
sample	rich	slob	raw	exact	656	446542
sample	rich	slob	raw	exact	657	338375
sample	rich	slob	raw	exact	658	428042
sample	rich	slob	raw	exact	659	406667
sample	rich	slob	raw	exact	660	425084
sample	rich	slob	raw	exact	661	400042
sample	rich	slob	raw	exact	662	429291
sample	rich	slob	raw	exact	663	465584
sample	rich	slob	raw	exact	664	427583
sample	rich	slob	raw	exact	665	338042
sample	rich	slob	raw	exact	666	540916
sample	rich	slob	raw	exact	667	409167
sample	rich	slob	raw	exact	668	438459
sample	rich	slob	raw	exact	669	405750
sample	rich	slob	raw	exact	670	435125
sample	rich	slob	raw	exact	671	476625
sample	rich	slob	raw	exact	672	437167
sample	rich	slob	raw	exact	673	342959
sample	rich	slob	raw	exact	674	1150625
sample	rich	slob	raw	exact	675	879916
sample	rich	slob	raw	exact	676	436334
sample	rich	slob	raw	exact	677	399042
sample	rich	slob	raw	exact	678	430750
sample	rich	slob	raw	exact	679	701958
sample	rich	slob	raw	exact	680	759917
sample	rich	slob	raw	exact	681	341791
sample	rich	slob	raw	exact	682	572791
sample	rich	slob	raw	exact	683	560875
sample	rich	slob	raw	exact	684	585375
sample	rich	slob	raw	exact	685	1118666
sample	rich	slob	raw	exact	686	592792
sample	rich	slob	raw	exact	687	651500
sample	rich	slob	raw	exact	688	434625
sample	rich	slob	raw	exact	689	456042
sample	rich	slob	raw	exact	690	427625
sample	rich	slob	raw	exact	691	397834
sample	rich	slob	raw	exact	692	431459
sample	rich	slob	raw	exact	693	400125
sample	rich	slob	raw	exact	694	428625
sample	rich	slob	raw	exact	695	463833
sample	rich	slob	raw	exact	696	645375
sample	rich	slob	raw	exact	697	579958
sample	rich	slob	raw	exact	698	438083
sample	rich	slob	raw	exact	699	402750
sample	rich	slob	raw	exact	700	1091958
sample	rich	slob	raw	exact	701	565209
sample	rich	slob	raw	exact	702	433042
sample	rich	slob	raw	exact	703	464208
sample	rich	slob	raw	exact	704	428750
sample	rich	slob	raw	exact	705	338917
sample	rich	slob	raw	exact	706	430834
sample	rich	slob	raw	exact	707	399500
sample	rich	slob	raw	exact	708	513709
sample	rich	slob	raw	exact	709	409833
sample	rich	slob	raw	exact	710	436291
sample	rich	slob	raw	exact	711	1373958
sample	rich	slob	raw	exact	712	1096917
sample	rich	slob	raw	exact	713	924542
sample	rich	slob	raw	exact	714	1151584
sample	rich	slob	raw	exact	715	408458
sample	rich	slob	raw	exact	716	435833
sample	rich	slob	raw	exact	717	414625
sample	rich	slob	raw	exact	718	435709
sample	rich	slob	raw	exact	719	470375
sample	rich	slob	raw	exact	720	467625
sample	rich	slob	raw	exact	721	343417
sample	rich	slob	raw	exact	722	1117334
sample	rich	slob	raw	exact	723	944584
sample	rich	slob	raw	exact	724	435667
sample	rich	slob	raw	exact	725	1459500
sample	rich	slob	raw	exact	726	1217083
sample	rich	slob	raw	exact	727	1350000
sample	rich	slob	raw	exact	728	1077625
sample	rich	slob	raw	exact	729	850666
sample	rich	slob	raw	exact	730	1251333
sample	rich	slob	raw	exact	731	412833
sample	rich	slob	raw	exact	732	704625
sample	rich	slob	raw	exact	733	409209
sample	rich	slob	raw	exact	734	773042
sample	rich	slob	raw	exact	735	1358750
sample	rich	slob	raw	exact	736	1020375
sample	rich	slob	raw	exact	737	346959
sample	rich	slob	raw	exact	738	438875
sample	rich	slob	raw	exact	739	403583
sample	rich	slob	raw	exact	740	629125
sample	rich	slob	raw	exact	741	406291
sample	rich	slob	raw	exact	742	432667
sample	rich	slob	raw	exact	743	463709
sample	rich	slob	raw	exact	744	430625
sample	rich	slob	raw	exact	745	643792
sample	rich	slob	raw	exact	746	469209
sample	rich	slob	raw	exact	747	405667
sample	rich	slob	raw	exact	748	442416
sample	rich	slob	raw	exact	749	407833
sample	rich	slob	raw	exact	750	455916
sample	rich	slob	raw	exact	751	464791
sample	rich	slob	raw	exact	752	430709
sample	rich	slob	raw	exact	753	338583
sample	rich	slob	raw	exact	754	428458
sample	rich	slob	raw	exact	755	399125
sample	rich	slob	raw	exact	756	829041
sample	rich	slob	raw	exact	757	433833
sample	rich	slob	raw	exact	758	463750
sample	rich	slob	raw	exact	759	488208
sample	rich	slob	raw	exact	760	432667
sample	rich	slob	raw	exact	761	341250
sample	rich	slob	raw	exact	762	430583
sample	rich	slob	raw	exact	763	401375
sample	rich	slob	raw	exact	764	895834
sample	rich	slob	raw	exact	765	475708
sample	rich	slob	raw	exact	766	436458
sample	rich	slob	raw	exact	767	464583
sample	rich	slob	raw	exact	768	433583
sample	rich	slob	raw	exact	769	364916
sample	rich	slob	raw	exact	770	829208
sample	rich	slob	raw	exact	771	410834
sample	rich	slob	raw	exact	772	433500
sample	rich	slob	raw	exact	773	402542
sample	rich	slob	raw	exact	774	435750
sample	rich	slob	raw	exact	775	464542
sample	rich	slob	raw	exact	776	431958
sample	rich	slob	raw	exact	777	338166
sample	rich	slob	raw	exact	778	430583
sample	rich	slob	raw	exact	779	594834
sample	rich	slob	raw	exact	780	871125
sample	rich	slob	raw	exact	781	419333
sample	rich	slob	raw	exact	782	436375
sample	rich	slob	raw	exact	783	465542
sample	rich	slob	raw	exact	784	432542
sample	rich	slob	raw	exact	785	360875
sample	rich	slob	raw	exact	786	436000
sample	rich	slob	raw	exact	787	533834
sample	rich	slob	raw	exact	788	454000
sample	rich	slob	raw	exact	789	411833
sample	rich	slob	raw	exact	790	432208
sample	rich	slob	raw	exact	791	467875
sample	rich	slob	raw	exact	792	434958
sample	rich	slob	raw	exact	793	561250
sample	rich	slob	raw	exact	794	427625
sample	rich	slob	raw	exact	795	399584
sample	rich	slob	raw	exact	796	565708
sample	rich	slob	raw	exact	797	407958
sample	rich	slob	raw	exact	798	435375
sample	rich	slob	raw	exact	799	465459
sample	rich	slob	raw	exact	800	434667
sample	rich	slob	raw	exact	801	340917
sample	rich	slob	raw	exact	802	428750
sample	rich	slob	raw	exact	803	402041
sample	rich	slob	raw	exact	804	905792
sample	rich	slob	raw	exact	805	415583
sample	rich	slob	raw	exact	806	432416
sample	rich	slob	raw	exact	807	463250
sample	rich	slob	raw	exact	808	430292
sample	rich	slob	raw	exact	809	338625
sample	rich	slob	raw	exact	810	568708
sample	rich	slob	raw	exact	811	399250
sample	rich	slob	raw	exact	812	425750
sample	rich	slob	raw	exact	813	659333
sample	rich	slob	raw	exact	814	1254459
sample	rich	slob	raw	exact	815	1130250
sample	rich	slob	raw	exact	816	438459
sample	rich	slob	raw	exact	817	340208
sample	rich	slob	raw	exact	818	447459
sample	rich	slob	raw	exact	819	402208
sample	rich	slob	raw	exact	820	429750
sample	rich	slob	raw	exact	821	400166
sample	rich	slob	raw	exact	822	428000
sample	rich	slob	raw	exact	823	460500
sample	rich	slob	raw	exact	824	427917
sample	rich	slob	raw	exact	825	338375
sample	rich	slob	raw	exact	826	851334
sample	rich	slob	raw	exact	827	402166
sample	rich	slob	raw	exact	828	432792
sample	rich	slob	raw	exact	829	400500
sample	rich	slob	raw	exact	830	437458
sample	rich	slob	raw	exact	831	459125
sample	rich	slob	raw	exact	832	639792
sample	rich	slob	raw	exact	833	833083
sample	rich	slob	raw	exact	834	433209
sample	rich	slob	raw	exact	835	397125
sample	rich	slob	raw	exact	836	440542
sample	rich	slob	raw	exact	837	400209
sample	rich	slob	raw	exact	838	434792
sample	rich	slob	raw	exact	839	463208
sample	rich	slob	raw	exact	840	427791
sample	rich	slob	raw	exact	841	337667
sample	rich	slob	raw	exact	842	1166334
sample	rich	slob	raw	exact	843	427875
sample	rich	slob	raw	exact	844	434375
sample	rich	slob	raw	exact	845	399875
sample	rich	slob	raw	exact	846	427500
sample	rich	slob	raw	exact	847	479959
sample	rich	slob	raw	exact	848	481625
sample	rich	slob	raw	exact	849	652417
sample	rich	slob	raw	exact	850	434541
sample	rich	slob	raw	exact	851	405250
sample	rich	slob	raw	exact	852	428834
sample	rich	slob	raw	exact	853	405375
sample	rich	slob	raw	exact	854	431958
sample	rich	slob	raw	exact	855	462500
sample	rich	slob	raw	exact	856	434000
sample	rich	slob	raw	exact	857	341042
sample	rich	slob	raw	exact	858	430625
sample	rich	slob	raw	exact	859	566667
sample	rich	slob	raw	exact	860	1126000
sample	rich	slob	raw	exact	861	1042833
sample	rich	slob	raw	exact	862	855250
sample	rich	slob	raw	exact	863	1148125
sample	rich	slob	raw	exact	864	688708
sample	rich	slob	raw	exact	865	349000
sample	rich	slob	raw	exact	866	432375
sample	rich	slob	raw	exact	867	400750
sample	rich	slob	raw	exact	868	1049250
sample	rich	slob	raw	exact	869	401958
sample	rich	slob	raw	exact	870	427667
sample	rich	slob	raw	exact	871	458750
sample	rich	slob	raw	exact	872	427083
sample	rich	slob	raw	exact	873	460250
sample	rich	slob	raw	exact	874	1052750
sample	rich	slob	raw	exact	875	896458
sample	rich	slob	raw	exact	876	434666
sample	rich	slob	raw	exact	877	406125
sample	rich	slob	raw	exact	878	429250
sample	rich	slob	raw	exact	879	458167
sample	rich	slob	raw	exact	880	425333
sample	rich	slob	raw	exact	881	334000
sample	rich	slob	raw	exact	882	430167
sample	rich	slob	raw	exact	883	398708
sample	rich	slob	raw	exact	884	472167
sample	rich	slob	raw	exact	885	400042
sample	rich	slob	raw	exact	886	432709
sample	rich	slob	raw	exact	887	469958
sample	rich	slob	raw	exact	888	434208
sample	rich	slob	raw	exact	889	336375
sample	rich	slob	raw	exact	890	428083
sample	rich	slob	raw	exact	891	601166
sample	rich	slob	raw	exact	892	1170333
sample	rich	slob	raw	exact	893	596750
sample	rich	slob	raw	exact	894	429375
sample	rich	slob	raw	exact	895	457042
sample	rich	slob	raw	exact	896	425125
sample	rich	slob	raw	exact	897	343375
sample	rich	slob	raw	exact	898	425666
sample	rich	slob	raw	exact	899	397416
sample	rich	slob	raw	exact	900	1276292
sample	rich	slob	raw	exact	901	521334
sample	rich	slob	raw	exact	902	432542
sample	rich	slob	raw	exact	903	461542
sample	rich	slob	raw	exact	904	426625
sample	rich	slob	raw	exact	905	618958
sample	rich	slob	raw	exact	906	811625
sample	rich	slob	raw	exact	907	1177042
sample	rich	slob	raw	exact	908	444375
sample	rich	slob	raw	exact	909	405292
sample	rich	slob	raw	exact	910	820209
sample	rich	slob	raw	exact	911	733625
sample	rich	slob	raw	exact	912	437792
sample	rich	slob	raw	exact	913	339458
sample	rich	slob	raw	exact	914	434666
sample	rich	slob	raw	exact	915	411500
sample	rich	slob	raw	exact	916	431500
sample	rich	slob	raw	exact	917	401459
sample	rich	slob	raw	exact	918	642250
sample	rich	slob	raw	exact	919	1254208
sample	rich	slob	raw	exact	920	1153375
sample	rich	slob	raw	exact	921	472084
sample	rich	slob	raw	exact	922	1754583
sample	rich	slob	raw	exact	923	1044333
sample	rich	slob	raw	exact	924	520875
sample	rich	slob	raw	exact	925	404000
sample	rich	slob	raw	exact	926	453417
sample	rich	slob	raw	exact	927	528667
sample	rich	slob	raw	exact	928	429500
sample	rich	slob	raw	exact	929	339792
sample	rich	slob	raw	exact	930	427917
sample	rich	slob	raw	exact	931	407875
sample	rich	slob	raw	exact	932	427917
sample	rich	slob	raw	exact	933	398208
sample	rich	slob	raw	exact	934	429542
sample	rich	slob	raw	exact	935	461375
sample	rich	slob	raw	exact	936	429042
sample	rich	slob	raw	exact	937	337375
sample	rich	slob	raw	exact	938	480583
sample	rich	slob	raw	exact	939	401750
sample	rich	slob	raw	exact	940	430208
sample	rich	slob	raw	exact	941	399792
sample	rich	slob	raw	exact	942	436000
sample	rich	slob	raw	exact	943	467750
sample	rich	slob	raw	exact	944	429375
sample	rich	slob	raw	exact	945	744666
sample	rich	slob	raw	exact	946	502583
sample	rich	slob	raw	exact	947	402500
sample	rich	slob	raw	exact	948	435542
sample	rich	slob	raw	exact	949	405125
sample	rich	slob	raw	exact	950	431166
sample	rich	slob	raw	exact	951	1357166
sample	rich	slob	raw	exact	952	429500
sample	rich	slob	raw	exact	953	955375
sample	rich	slob	raw	exact	954	618625
sample	rich	slob	raw	exact	955	405666
sample	rich	slob	raw	exact	956	429791
sample	rich	slob	raw	exact	957	400709
sample	rich	slob	raw	exact	958	633375
sample	rich	slob	raw	exact	959	573125
sample	rich	slob	raw	exact	960	1179833
sample	rich	slob	raw	exact	961	791791
sample	rich	slob	raw	exact	962	435041
sample	rich	slob	raw	exact	963	401458
sample	rich	slob	raw	exact	964	483625
sample	rich	slob	raw	exact	965	403417
sample	rich	slob	raw	exact	966	991542
sample	rich	slob	raw	exact	967	1190709
sample	rich	slob	raw	exact	968	1153333
sample	rich	slob	raw	exact	969	343334
sample	rich	slob	raw	exact	970	433250
sample	rich	slob	raw	exact	971	401458
sample	rich	slob	raw	exact	972	428708
sample	rich	slob	raw	exact	973	400958
sample	rich	slob	raw	exact	974	427792
sample	rich	slob	raw	exact	975	463459
sample	rich	slob	raw	exact	976	480459
sample	rich	slob	raw	exact	977	984250
sample	rich	slob	raw	exact	978	441708
sample	rich	slob	raw	exact	979	682625
sample	rich	slob	raw	exact	980	450458
sample	rich	slob	raw	exact	981	1053500
sample	rich	slob	raw	exact	982	572750
sample	rich	slob	raw	exact	983	464291
sample	rich	slob	raw	exact	984	458791
sample	rich	slob	raw	exact	985	337667
sample	rich	slob	raw	exact	986	428250
sample	rich	slob	raw	exact	987	588000
sample	rich	slob	raw	exact	988	532000
sample	rich	slob	raw	exact	989	416666
sample	rich	slob	raw	exact	990	790125
sample	rich	slob	raw	exact	991	617250
sample	rich	slob	raw	exact	992	474791
sample	rich	slob	raw	exact	993	357125
sample	rich	slob	raw	exact	994	442083
sample	rich	slob	raw	exact	995	403667
sample	rich	slob	raw	exact	996	436375
sample	rich	slob	raw	exact	997	403167
sample	rich	slob	raw	exact	998	432709
sample	rich	slob	raw	exact	999	795000
sample	rich	slob	raw	prefix	0	702625
sample	rich	slob	raw	prefix	1	875250
sample	rich	slob	raw	prefix	2	47406542
sample	rich	slob	raw	prefix	3	38437583
sample	rich	slob	raw	prefix	4	997375
sample	rich	slob	raw	prefix	5	839750
sample	rich	slob	raw	prefix	6	40447417
sample	rich	slob	raw	prefix	7	41033583
sample	rich	slob	raw	prefix	8	1012958
sample	rich	slob	raw	prefix	9	887375
sample	rich	slob	raw	prefix	10	37233417
sample	rich	slob	raw	prefix	11	50747916
sample	rich	slob	raw	prefix	12	1204875
sample	rich	slob	raw	prefix	13	819417
sample	rich	slob	raw	prefix	14	37525292
sample	rich	slob	raw	prefix	15	37894333
sample	rich	slob	raw	prefix	16	759541
sample	rich	slob	raw	prefix	17	887500
sample	rich	slob	raw	prefix	18	37967000
sample	rich	slob	raw	prefix	19	42899750
sample	rich	slob	raw	prefix	20	930500
sample	rich	slob	raw	prefix	21	811333
sample	rich	slob	raw	prefix	22	38461000
sample	rich	slob	raw	prefix	23	44797417
sample	rich	slob	raw	prefix	24	1664125
sample	rich	slob	raw	prefix	25	1898625
sample	rich	slob	raw	prefix	26	39416167
sample	rich	slob	raw	prefix	27	36981208
sample	rich	slob	raw	prefix	28	872291
sample	rich	slob	raw	prefix	29	806375
sample	rich	slob	raw	prefix	30	36055334
sample	rich	slob	raw	prefix	31	41888041
sample	rich	slob	raw	prefix	32	1118625
sample	rich	slob	raw	prefix	33	1973875
sample	rich	slob	raw	prefix	34	38531750
sample	rich	slob	raw	prefix	35	42869500
sample	rich	slob	raw	prefix	36	863125
sample	rich	slob	raw	prefix	37	798959
sample	rich	slob	raw	prefix	38	44709333
sample	rich	slob	raw	prefix	39	45801708
sample	rich	slob	raw	prefix	40	783917
sample	rich	slob	raw	prefix	41	1183000
sample	rich	slob	raw	prefix	42	43226250
sample	rich	slob	raw	prefix	43	40445542
sample	rich	slob	raw	prefix	44	879459
sample	rich	slob	raw	prefix	45	889000
sample	rich	slob	raw	prefix	46	42568458
sample	rich	slob	raw	prefix	47	43288625
sample	rich	slob	raw	prefix	48	727167
sample	rich	slob	raw	prefix	49	878833
sample	rich	slob	raw	prefix	50	41985458
sample	rich	slob	raw	prefix	51	39206291
sample	rich	slob	raw	prefix	52	927125
sample	rich	slob	raw	prefix	53	819792
sample	rich	slob	raw	prefix	54	36841250
sample	rich	slob	raw	prefix	55	43031708
sample	rich	slob	raw	prefix	56	1070750
sample	rich	slob	raw	prefix	57	1094834
sample	rich	slob	raw	prefix	58	40340791
sample	rich	slob	raw	prefix	59	41369917
sample	rich	slob	raw	prefix	60	1712917
sample	rich	slob	raw	prefix	61	2041416
sample	rich	slob	raw	prefix	62	45449500
sample	rich	slob	raw	prefix	63	38584000
sample	rich	slob	raw	prefix	64	744583
sample	rich	slob	raw	prefix	65	1104833
sample	rich	slob	raw	prefix	66	39201834
sample	rich	slob	raw	prefix	67	38882250
sample	rich	slob	raw	prefix	68	1022458
sample	rich	slob	raw	prefix	69	824209
sample	rich	slob	raw	prefix	70	36645375
sample	rich	slob	raw	prefix	71	54491375
sample	rich	slob	raw	prefix	72	786791
sample	rich	slob	raw	prefix	73	1190625
sample	rich	slob	raw	prefix	74	45058916
sample	rich	slob	raw	prefix	75	36363334
sample	rich	slob	raw	prefix	76	895375
sample	rich	slob	raw	prefix	77	815708
sample	rich	slob	raw	prefix	78	74180792
sample	rich	slob	raw	prefix	79	80070333
sample	rich	slob	raw	prefix	80	742833
sample	rich	slob	raw	prefix	81	1782708
sample	rich	slob	raw	prefix	82	44256583
sample	rich	slob	raw	prefix	83	38571250
sample	rich	slob	raw	prefix	84	913667
sample	rich	slob	raw	prefix	85	810541
sample	rich	slob	raw	prefix	86	34673292
sample	rich	slob	raw	prefix	87	37248458
sample	rich	slob	raw	prefix	88	767791
sample	rich	slob	raw	prefix	89	877958
sample	rich	slob	raw	prefix	90	41189333
sample	rich	slob	raw	prefix	91	47452583
sample	rich	slob	raw	prefix	92	1015458
sample	rich	slob	raw	prefix	93	825375
sample	rich	slob	raw	prefix	94	51682500
sample	rich	slob	raw	prefix	95	42314958
sample	rich	slob	raw	prefix	96	731041
sample	rich	slob	raw	prefix	97	870583
sample	rich	slob	raw	prefix	98	42673167
sample	rich	slob	raw	prefix	99	34969084
sample	rich	slob	raw	prefix	100	886166
sample	rich	slob	raw	prefix	101	813000
sample	rich	slob	raw	prefix	102	36161125
sample	rich	slob	raw	prefix	103	41074750
sample	rich	slob	raw	prefix	104	734708
sample	rich	slob	raw	prefix	105	878792
sample	rich	slob	raw	prefix	106	43303792
sample	rich	slob	raw	prefix	107	41427583
sample	rich	slob	raw	prefix	108	1296500
sample	rich	slob	raw	prefix	109	834375
sample	rich	slob	raw	prefix	110	54975667
sample	rich	slob	raw	prefix	111	48685250
sample	rich	slob	raw	prefix	112	987125
sample	rich	slob	raw	prefix	113	1199208
sample	rich	slob	raw	prefix	114	39237125
sample	rich	slob	raw	prefix	115	43138584
sample	rich	slob	raw	prefix	116	2461625
sample	rich	slob	raw	prefix	117	885250
sample	rich	slob	raw	prefix	118	38039792
sample	rich	slob	raw	prefix	119	35191291
sample	rich	slob	raw	prefix	120	757625
sample	rich	slob	raw	prefix	121	1188334
sample	rich	slob	raw	prefix	122	42414750
sample	rich	slob	raw	prefix	123	41150208
sample	rich	slob	raw	prefix	124	866833
sample	rich	slob	raw	prefix	125	965250
sample	rich	slob	raw	prefix	126	54385458
sample	rich	slob	raw	prefix	127	40705875
sample	rich	slob	raw	prefix	128	1052292
sample	rich	slob	raw	prefix	129	892708
sample	rich	slob	raw	prefix	130	48782250
sample	rich	slob	raw	prefix	131	36487416
sample	rich	slob	raw	prefix	132	912875
sample	rich	slob	raw	prefix	133	1033583
sample	rich	slob	raw	prefix	134	46910792
sample	rich	slob	raw	prefix	135	41742750
sample	rich	slob	raw	prefix	136	998416
sample	rich	slob	raw	prefix	137	901750
sample	rich	slob	raw	prefix	138	37508833
sample	rich	slob	raw	prefix	139	39032625
sample	rich	slob	raw	prefix	140	910125
sample	rich	slob	raw	prefix	141	814417
sample	rich	slob	raw	prefix	142	36189875
sample	rich	slob	raw	prefix	143	36352916
sample	rich	slob	raw	prefix	144	775875
sample	rich	slob	raw	prefix	145	892958
sample	rich	slob	raw	prefix	146	38043667
sample	rich	slob	raw	prefix	147	39043333
sample	rich	slob	raw	prefix	148	879917
sample	rich	slob	raw	prefix	149	806000
sample	rich	slob	raw	prefix	150	37492208
sample	rich	slob	raw	prefix	151	41138959
sample	rich	slob	raw	prefix	152	731958
sample	rich	slob	raw	prefix	153	894250
sample	rich	slob	raw	prefix	154	39278000
sample	rich	slob	raw	prefix	155	49060083
sample	rich	slob	raw	prefix	156	1000709
sample	rich	slob	raw	prefix	157	835625
sample	rich	slob	raw	prefix	158	43602083
sample	rich	slob	raw	prefix	159	39462584
sample	rich	slob	raw	prefix	160	729708
sample	rich	slob	raw	prefix	161	869542
sample	rich	slob	raw	prefix	162	42324542
sample	rich	slob	raw	prefix	163	55363167
sample	rich	slob	raw	prefix	164	1289375
sample	rich	slob	raw	prefix	165	1778625
sample	rich	slob	raw	prefix	166	41231625
sample	rich	slob	raw	prefix	167	39018667
sample	rich	slob	raw	prefix	168	726042
sample	rich	slob	raw	prefix	169	2031792
sample	rich	slob	raw	prefix	170	40893458
sample	rich	slob	raw	prefix	171	47033792
sample	rich	slob	raw	prefix	172	1873708
sample	rich	slob	raw	prefix	173	1008625
sample	rich	slob	raw	prefix	174	45196167
sample	rich	slob	raw	prefix	175	36170083
sample	rich	slob	raw	prefix	176	1232292
sample	rich	slob	raw	prefix	177	1344125
sample	rich	slob	raw	prefix	178	35014083
sample	rich	slob	raw	prefix	179	34892833
sample	rich	slob	raw	prefix	180	875792
sample	rich	slob	raw	prefix	181	886959
sample	rich	slob	raw	prefix	182	38460959
sample	rich	slob	raw	prefix	183	40504167
sample	rich	slob	raw	prefix	184	726959
sample	rich	slob	raw	prefix	185	877875
sample	rich	slob	raw	prefix	186	48918500
sample	rich	slob	raw	prefix	187	42416459
sample	rich	slob	raw	prefix	188	903875
sample	rich	slob	raw	prefix	189	831625
sample	rich	slob	raw	prefix	190	42558500
sample	rich	slob	raw	prefix	191	51125208
sample	rich	slob	raw	prefix	192	1303417
sample	rich	slob	raw	prefix	193	2191000
sample	rich	slob	raw	prefix	194	58694792
sample	rich	slob	raw	prefix	195	44360167
sample	rich	slob	raw	prefix	196	880583
sample	rich	slob	raw	prefix	197	825167
sample	rich	slob	raw	prefix	198	42134625
sample	rich	slob	raw	prefix	199	58579625
sample	rich	slob	raw	prefix	200	873416
sample	rich	slob	raw	prefix	201	1350166
sample	rich	slob	raw	prefix	202	56556792
sample	rich	slob	raw	prefix	203	40816083
sample	rich	slob	raw	prefix	204	907292
sample	rich	slob	raw	prefix	205	823167
sample	rich	slob	raw	prefix	206	46387375
sample	rich	slob	raw	prefix	207	43799208
sample	rich	slob	raw	prefix	208	787333
sample	rich	slob	raw	prefix	209	986708
sample	rich	slob	raw	prefix	210	52981708
sample	rich	slob	raw	prefix	211	43065042
sample	rich	slob	raw	prefix	212	1008584
sample	rich	slob	raw	prefix	213	817917
sample	rich	slob	raw	prefix	214	41075833
sample	rich	slob	raw	prefix	215	40521750
sample	rich	slob	raw	prefix	216	750291
sample	rich	slob	raw	prefix	217	927292
sample	rich	slob	raw	prefix	218	45141916
sample	rich	slob	raw	prefix	219	51199708
sample	rich	slob	raw	prefix	220	957500
sample	rich	slob	raw	prefix	221	1019834
sample	rich	slob	raw	prefix	222	48411459
sample	rich	slob	raw	prefix	223	84846833
sample	rich	slob	raw	prefix	224	1570709
sample	rich	slob	raw	prefix	225	2669083
sample	rich	slob	raw	prefix	226	74949000
sample	rich	slob	raw	prefix	227	50879334
sample	rich	slob	raw	prefix	228	953041
sample	rich	slob	raw	prefix	229	2057541
sample	rich	slob	raw	prefix	230	36371875
sample	rich	slob	raw	prefix	231	39336417
sample	rich	slob	raw	prefix	232	721042
sample	rich	slob	raw	prefix	233	1492959
sample	rich	slob	raw	prefix	234	43479791
sample	rich	slob	raw	prefix	235	37674333
sample	rich	slob	raw	prefix	236	887833
sample	rich	slob	raw	prefix	237	831042
sample	rich	slob	raw	prefix	238	40148042
sample	rich	slob	raw	prefix	239	40163041
sample	rich	slob	raw	prefix	240	1120083
sample	rich	slob	raw	prefix	241	936708
sample	rich	slob	raw	prefix	242	39593916
sample	rich	slob	raw	prefix	243	42806416
sample	rich	slob	raw	prefix	244	1111375
sample	rich	slob	raw	prefix	245	1764709
sample	rich	slob	raw	prefix	246	44202417
sample	rich	slob	raw	prefix	247	40142666
sample	rich	slob	raw	prefix	248	735958
sample	rich	slob	raw	prefix	249	1120916
sample	rich	slob	raw	prefix	250	35337833
sample	rich	slob	raw	prefix	251	40822833
sample	rich	slob	raw	prefix	252	1328416
sample	rich	slob	raw	prefix	253	1277584
sample	rich	slob	raw	prefix	254	41923958
sample	rich	slob	raw	prefix	255	39400458
sample	rich	slob	raw	prefix	256	732250
sample	rich	slob	raw	prefix	257	885083
sample	rich	slob	raw	prefix	258	37282500
sample	rich	slob	raw	prefix	259	36183750
sample	rich	slob	raw	prefix	260	1351750
sample	rich	slob	raw	prefix	261	1201167
sample	rich	slob	raw	prefix	262	37169292
sample	rich	slob	raw	prefix	263	43398125
sample	rich	slob	raw	prefix	264	711500
sample	rich	slob	raw	prefix	265	874958
sample	rich	slob	raw	prefix	266	52472458
sample	rich	slob	raw	prefix	267	51204250
sample	rich	slob	raw	prefix	268	998542
sample	rich	slob	raw	prefix	269	839125
sample	rich	slob	raw	prefix	270	47120958
sample	rich	slob	raw	prefix	271	46730375
sample	rich	slob	raw	prefix	272	798292
sample	rich	slob	raw	prefix	273	1940417
sample	rich	slob	raw	prefix	274	39465542
sample	rich	slob	raw	prefix	275	43802500
sample	rich	slob	raw	prefix	276	903417
sample	rich	slob	raw	prefix	277	1074375
sample	rich	slob	raw	prefix	278	45203667
sample	rich	slob	raw	prefix	279	37729042
sample	rich	slob	raw	prefix	280	729667
sample	rich	slob	raw	prefix	281	878084
sample	rich	slob	raw	prefix	282	38683916
sample	rich	slob	raw	prefix	283	40823542
sample	rich	slob	raw	prefix	284	2326834
sample	rich	slob	raw	prefix	285	1142708
sample	rich	slob	raw	prefix	286	39659542
sample	rich	slob	raw	prefix	287	42547458
sample	rich	slob	raw	prefix	288	761708
sample	rich	slob	raw	prefix	289	2246959
sample	rich	slob	raw	prefix	290	43679458
sample	rich	slob	raw	prefix	291	42126000
sample	rich	slob	raw	prefix	292	2599125
sample	rich	slob	raw	prefix	293	1269333
sample	rich	slob	raw	prefix	294	45195125
sample	rich	slob	raw	prefix	295	39775250
sample	rich	slob	raw	prefix	296	756208
sample	rich	slob	raw	prefix	297	890208
sample	rich	slob	raw	prefix	298	41822792
sample	rich	slob	raw	prefix	299	43292083
sample	rich	slob	raw	prefix	300	907750
sample	rich	slob	raw	prefix	301	820667
sample	rich	slob	raw	prefix	302	47569167
sample	rich	slob	raw	prefix	303	44270125
sample	rich	slob	raw	prefix	304	736292
sample	rich	slob	raw	prefix	305	1225792
sample	rich	slob	raw	prefix	306	39622291
sample	rich	slob	raw	prefix	307	39118583
sample	rich	slob	raw	prefix	308	914334
sample	rich	slob	raw	prefix	309	827917
sample	rich	slob	raw	prefix	310	43105667
sample	rich	slob	raw	prefix	311	39454167
sample	rich	slob	raw	prefix	312	1148042
sample	rich	slob	raw	prefix	313	911916
sample	rich	slob	raw	prefix	314	54584416
sample	rich	slob	raw	prefix	315	41402375
sample	rich	slob	raw	prefix	316	1632375
sample	rich	slob	raw	prefix	317	826500
sample	rich	slob	raw	prefix	318	39634375
sample	rich	slob	raw	prefix	319	43283125
sample	rich	slob	raw	prefix	320	1213666
sample	rich	slob	raw	prefix	321	1207083
sample	rich	slob	raw	prefix	322	43047834
sample	rich	slob	raw	prefix	323	38148459
sample	rich	slob	raw	prefix	324	903000
sample	rich	slob	raw	prefix	325	809250
sample	rich	slob	raw	prefix	326	49431791
sample	rich	slob	raw	prefix	327	54950833
sample	rich	slob	raw	prefix	328	1461459
sample	rich	slob	raw	prefix	329	1287833
sample	rich	slob	raw	prefix	330	50235500
sample	rich	slob	raw	prefix	331	38047375
sample	rich	slob	raw	prefix	332	889792
sample	rich	slob	raw	prefix	333	816583
sample	rich	slob	raw	prefix	334	41378834
sample	rich	slob	raw	prefix	335	35922041
sample	rich	slob	raw	prefix	336	832334
sample	rich	slob	raw	prefix	337	884959
sample	rich	slob	raw	prefix	338	37285625
sample	rich	slob	raw	prefix	339	45041750
sample	rich	slob	raw	prefix	340	2327500
sample	rich	slob	raw	prefix	341	970375
sample	rich	slob	raw	prefix	342	40381375
sample	rich	slob	raw	prefix	343	48793416
sample	rich	slob	raw	prefix	344	1940125
sample	rich	slob	raw	prefix	345	1633334
sample	rich	slob	raw	prefix	346	49412750
sample	rich	slob	raw	prefix	347	36989375
sample	rich	slob	raw	prefix	348	1651083
sample	rich	slob	raw	prefix	349	824417
sample	rich	slob	raw	prefix	350	45106334
sample	rich	slob	raw	prefix	351	38845792
sample	rich	slob	raw	prefix	352	1022292
sample	rich	slob	raw	prefix	353	2127292
sample	rich	slob	raw	prefix	354	45515416
sample	rich	slob	raw	prefix	355	38494708
sample	rich	slob	raw	prefix	356	2017917
sample	rich	slob	raw	prefix	357	1233500
sample	rich	slob	raw	prefix	358	37543000
sample	rich	slob	raw	prefix	359	38157375
sample	rich	slob	raw	prefix	360	750250
sample	rich	slob	raw	prefix	361	1021333
sample	rich	slob	raw	prefix	362	35453750
sample	rich	slob	raw	prefix	363	37119041
sample	rich	slob	raw	prefix	364	941459
sample	rich	slob	raw	prefix	365	917792
sample	rich	slob	raw	prefix	366	42333834
sample	rich	slob	raw	prefix	367	37777167
sample	rich	slob	raw	prefix	368	1006792
sample	rich	slob	raw	prefix	369	875375
sample	rich	slob	raw	prefix	370	42386375
sample	rich	slob	raw	prefix	371	39184916
sample	rich	slob	raw	prefix	372	979166
sample	rich	slob	raw	prefix	373	1484667
sample	rich	slob	raw	prefix	374	35015500
sample	rich	slob	raw	prefix	375	38640375
sample	rich	slob	raw	prefix	376	733458
sample	rich	slob	raw	prefix	377	881791
sample	rich	slob	raw	prefix	378	34912291
sample	rich	slob	raw	prefix	379	35973084
sample	rich	slob	raw	prefix	380	885625
sample	rich	slob	raw	prefix	381	824541
sample	rich	slob	raw	prefix	382	35966000
sample	rich	slob	raw	prefix	383	34905333
sample	rich	slob	raw	prefix	384	1038500
sample	rich	slob	raw	prefix	385	906833
sample	rich	slob	raw	prefix	386	35303292
sample	rich	slob	raw	prefix	387	35806000
sample	rich	slob	raw	prefix	388	937791
sample	rich	slob	raw	prefix	389	909166
sample	rich	slob	raw	prefix	390	36411167
sample	rich	slob	raw	prefix	391	41793625
sample	rich	slob	raw	prefix	392	927500
sample	rich	slob	raw	prefix	393	1104708
sample	rich	slob	raw	prefix	394	35398667
sample	rich	slob	raw	prefix	395	36232875
sample	rich	slob	raw	prefix	396	1030833
sample	rich	slob	raw	prefix	397	985000
sample	rich	slob	raw	prefix	398	36991208
sample	rich	slob	raw	prefix	399	35242042
sample	rich	slob	raw	prefix	400	821291
sample	rich	slob	raw	prefix	401	864250
sample	rich	slob	raw	prefix	402	35436167
sample	rich	slob	raw	prefix	403	34214791
sample	rich	slob	raw	prefix	404	895500
sample	rich	slob	raw	prefix	405	805834
sample	rich	slob	raw	prefix	406	33384000
sample	rich	slob	raw	prefix	407	34967959
sample	rich	slob	raw	prefix	408	755209
sample	rich	slob	raw	prefix	409	888584
sample	rich	slob	raw	prefix	410	35442500
sample	rich	slob	raw	prefix	411	34588625
sample	rich	slob	raw	prefix	412	913375
sample	rich	slob	raw	prefix	413	813209
sample	rich	slob	raw	prefix	414	36808250
sample	rich	slob	raw	prefix	415	35569167
sample	rich	slob	raw	prefix	416	753334
sample	rich	slob	raw	prefix	417	979917
sample	rich	slob	raw	prefix	418	36125583
sample	rich	slob	raw	prefix	419	37066583
sample	rich	slob	raw	prefix	420	885459
sample	rich	slob	raw	prefix	421	821208
sample	rich	slob	raw	prefix	422	38137625
sample	rich	slob	raw	prefix	423	35233000
sample	rich	slob	raw	prefix	424	746625
sample	rich	slob	raw	prefix	425	933625
sample	rich	slob	raw	prefix	426	34797500
sample	rich	slob	raw	prefix	427	35869167
sample	rich	slob	raw	prefix	428	881000
sample	rich	slob	raw	prefix	429	813583
sample	rich	slob	raw	prefix	430	34574875
sample	rich	slob	raw	prefix	431	34506500
sample	rich	slob	raw	prefix	432	729291
sample	rich	slob	raw	prefix	433	872875
sample	rich	slob	raw	prefix	434	36063500
sample	rich	slob	raw	prefix	435	35345042
sample	rich	slob	raw	prefix	436	909500
sample	rich	slob	raw	prefix	437	820625
sample	rich	slob	raw	prefix	438	35090250
sample	rich	slob	raw	prefix	439	35702792
sample	rich	slob	raw	prefix	440	750250
sample	rich	slob	raw	prefix	441	1183833
sample	rich	slob	raw	prefix	442	36733458
sample	rich	slob	raw	prefix	443	34847959
sample	rich	slob	raw	prefix	444	896417
sample	rich	slob	raw	prefix	445	885625
sample	rich	slob	raw	prefix	446	34855000
sample	rich	slob	raw	prefix	447	37767584
sample	rich	slob	raw	prefix	448	986667
sample	rich	slob	raw	prefix	449	906042
sample	rich	slob	raw	prefix	450	34390250
sample	rich	slob	raw	prefix	451	33948292
sample	rich	slob	raw	prefix	452	882208
sample	rich	slob	raw	prefix	453	814625
sample	rich	slob	raw	prefix	454	36090458
sample	rich	slob	raw	prefix	455	37410708
sample	rich	slob	raw	prefix	456	806667
sample	rich	slob	raw	prefix	457	883542
sample	rich	slob	raw	prefix	458	35265792
sample	rich	slob	raw	prefix	459	51267500
sample	rich	slob	raw	prefix	460	2304250
sample	rich	slob	raw	prefix	461	992209
sample	rich	slob	raw	prefix	462	66404791
sample	rich	slob	raw	prefix	463	60510667
sample	rich	slob	raw	prefix	464	732375
sample	rich	slob	raw	prefix	465	880541
sample	rich	slob	raw	prefix	466	40447834
sample	rich	slob	raw	prefix	467	41631875
sample	rich	slob	raw	prefix	468	1242083
sample	rich	slob	raw	prefix	469	815042
sample	rich	slob	raw	prefix	470	36625875
sample	rich	slob	raw	prefix	471	40729500
sample	rich	slob	raw	prefix	472	736500
sample	rich	slob	raw	prefix	473	938416
sample	rich	slob	raw	prefix	474	40037375
sample	rich	slob	raw	prefix	475	42699917
sample	rich	slob	raw	prefix	476	1242917
sample	rich	slob	raw	prefix	477	837166
sample	rich	slob	raw	prefix	478	36835667
sample	rich	slob	raw	prefix	479	37220708
sample	rich	slob	raw	prefix	480	740958
sample	rich	slob	raw	prefix	481	875459
sample	rich	slob	raw	prefix	482	40035375
sample	rich	slob	raw	prefix	483	41106208
sample	rich	slob	raw	prefix	484	902958
sample	rich	slob	raw	prefix	485	814917
sample	rich	slob	raw	prefix	486	47854125
sample	rich	slob	raw	prefix	487	57867083
sample	rich	slob	raw	prefix	488	1072834
sample	rich	slob	raw	prefix	489	2192042
sample	rich	slob	raw	prefix	490	62043458
sample	rich	slob	raw	prefix	491	45243875
sample	rich	slob	raw	prefix	492	996916
sample	rich	slob	raw	prefix	493	1443083
sample	rich	slob	raw	prefix	494	40355292
sample	rich	slob	raw	prefix	495	42912167
sample	rich	slob	raw	prefix	496	849667
sample	rich	slob	raw	prefix	497	880584
sample	rich	slob	raw	prefix	498	43507708
sample	rich	slob	raw	prefix	499	45790708
sample	rich	slob	raw	prefix	500	887375
sample	rich	slob	raw	prefix	501	1173541
sample	rich	slob	raw	prefix	502	47680167
sample	rich	slob	raw	prefix	503	39972792
sample	rich	slob	raw	prefix	504	756208
sample	rich	slob	raw	prefix	505	881000
sample	rich	slob	raw	prefix	506	37174375
sample	rich	slob	raw	prefix	507	41072083
sample	rich	slob	raw	prefix	508	1609167
sample	rich	slob	raw	prefix	509	1134042
sample	rich	slob	raw	prefix	510	45377375
sample	rich	slob	raw	prefix	511	38192917
sample	rich	slob	raw	prefix	512	928292
sample	rich	slob	raw	prefix	513	891750
sample	rich	slob	raw	prefix	514	38283375
sample	rich	slob	raw	prefix	515	34928250
sample	rich	slob	raw	prefix	516	881125
sample	rich	slob	raw	prefix	517	945042
sample	rich	slob	raw	prefix	518	41579041
sample	rich	slob	raw	prefix	519	35091583
sample	rich	slob	raw	prefix	520	738709
sample	rich	slob	raw	prefix	521	885417
sample	rich	slob	raw	prefix	522	36129875
sample	rich	slob	raw	prefix	523	37720750
sample	rich	slob	raw	prefix	524	2182333
sample	rich	slob	raw	prefix	525	1987292
sample	rich	slob	raw	prefix	526	36109042
sample	rich	slob	raw	prefix	527	41464500
sample	rich	slob	raw	prefix	528	747292
sample	rich	slob	raw	prefix	529	887625
sample	rich	slob	raw	prefix	530	44171416
sample	rich	slob	raw	prefix	531	55917583
sample	rich	slob	raw	prefix	532	2276333
sample	rich	slob	raw	prefix	533	2374792
sample	rich	slob	raw	prefix	534	46825834
sample	rich	slob	raw	prefix	535	40193667
sample	rich	slob	raw	prefix	536	716541
sample	rich	slob	raw	prefix	537	881500
sample	rich	slob	raw	prefix	538	38070166
sample	rich	slob	raw	prefix	539	38706834
sample	rich	slob	raw	prefix	540	893333
sample	rich	slob	raw	prefix	541	815750
sample	rich	slob	raw	prefix	542	38666000
sample	rich	slob	raw	prefix	543	38735125
sample	rich	slob	raw	prefix	544	1144791
sample	rich	slob	raw	prefix	545	887666
sample	rich	slob	raw	prefix	546	36953208
sample	rich	slob	raw	prefix	547	37469542
sample	rich	slob	raw	prefix	548	893625
sample	rich	slob	raw	prefix	549	834583
sample	rich	slob	raw	prefix	550	36647750
sample	rich	slob	raw	prefix	551	37342167
sample	rich	slob	raw	prefix	552	730833
sample	rich	slob	raw	prefix	553	877000
sample	rich	slob	raw	prefix	554	42516750
sample	rich	slob	raw	prefix	555	34824209
sample	rich	slob	raw	prefix	556	879375
sample	rich	slob	raw	prefix	557	807041
sample	rich	slob	raw	prefix	558	36657000
sample	rich	slob	raw	prefix	559	39698542
sample	rich	slob	raw	prefix	560	784292
sample	rich	slob	raw	prefix	561	891334
sample	rich	slob	raw	prefix	562	37412333
sample	rich	slob	raw	prefix	563	38535542
sample	rich	slob	raw	prefix	564	928708
sample	rich	slob	raw	prefix	565	834791
sample	rich	slob	raw	prefix	566	35669000
sample	rich	slob	raw	prefix	567	45681042
sample	rich	slob	raw	prefix	568	753542
sample	rich	slob	raw	prefix	569	870958
sample	rich	slob	raw	prefix	570	35770625
sample	rich	slob	raw	prefix	571	33969125
sample	rich	slob	raw	prefix	572	877750
sample	rich	slob	raw	prefix	573	808750
sample	rich	slob	raw	prefix	574	35366166
sample	rich	slob	raw	prefix	575	37893750
sample	rich	slob	raw	prefix	576	754167
sample	rich	slob	raw	prefix	577	884334
sample	rich	slob	raw	prefix	578	37614625
sample	rich	slob	raw	prefix	579	34650667
sample	rich	slob	raw	prefix	580	869250
sample	rich	slob	raw	prefix	581	803125
sample	rich	slob	raw	prefix	582	36685334
sample	rich	slob	raw	prefix	583	38926875
sample	rich	slob	raw	prefix	584	1023875
sample	rich	slob	raw	prefix	585	1191209
sample	rich	slob	raw	prefix	586	47948333
sample	rich	slob	raw	prefix	587	39801417
sample	rich	slob	raw	prefix	588	889166
sample	rich	slob	raw	prefix	589	822333
sample	rich	slob	raw	prefix	590	39363666
sample	rich	slob	raw	prefix	591	39586000
sample	rich	slob	raw	prefix	592	751750
sample	rich	slob	raw	prefix	593	891458
sample	rich	slob	raw	prefix	594	37437834
sample	rich	slob	raw	prefix	595	43169209
sample	rich	slob	raw	prefix	596	858458
sample	rich	slob	raw	prefix	597	801708
sample	rich	slob	raw	prefix	598	40055625
sample	rich	slob	raw	prefix	599	39672750
sample	rich	slob	raw	prefix	600	753917
sample	rich	slob	raw	prefix	601	2336334
sample	rich	slob	raw	prefix	602	45863958
sample	rich	slob	raw	prefix	603	35705208
sample	rich	slob	raw	prefix	604	1535417
sample	rich	slob	raw	prefix	605	1239750
sample	rich	slob	raw	prefix	606	38448959
sample	rich	slob	raw	prefix	607	38645959
sample	rich	slob	raw	prefix	608	729042
sample	rich	slob	raw	prefix	609	1271042
sample	rich	slob	raw	prefix	610	35112209
sample	rich	slob	raw	prefix	611	38242125
sample	rich	slob	raw	prefix	612	1020666
sample	rich	slob	raw	prefix	613	1095875
sample	rich	slob	raw	prefix	614	37886875
sample	rich	slob	raw	prefix	615	43402167
sample	rich	slob	raw	prefix	616	736500
sample	rich	slob	raw	prefix	617	883708
sample	rich	slob	raw	prefix	618	37879375
sample	rich	slob	raw	prefix	619	38828000
sample	rich	slob	raw	prefix	620	901584
sample	rich	slob	raw	prefix	621	823458
sample	rich	slob	raw	prefix	622	35822500
sample	rich	slob	raw	prefix	623	37589125
sample	rich	slob	raw	prefix	624	753208
sample	rich	slob	raw	prefix	625	911750
sample	rich	slob	raw	prefix	626	35066000
sample	rich	slob	raw	prefix	627	43208542
sample	rich	slob	raw	prefix	628	883958
sample	rich	slob	raw	prefix	629	856500
sample	rich	slob	raw	prefix	630	37504542
sample	rich	slob	raw	prefix	631	43337167
sample	rich	slob	raw	prefix	632	730542
sample	rich	slob	raw	prefix	633	1063000
sample	rich	slob	raw	prefix	634	38398583
sample	rich	slob	raw	prefix	635	38474792
sample	rich	slob	raw	prefix	636	899166
sample	rich	slob	raw	prefix	637	811833
sample	rich	slob	raw	prefix	638	39732208
sample	rich	slob	raw	prefix	639	33584625
sample	rich	slob	raw	prefix	640	788250
sample	rich	slob	raw	prefix	641	889750
sample	rich	slob	raw	prefix	642	37220875
sample	rich	slob	raw	prefix	643	39312709
sample	rich	slob	raw	prefix	644	875625
sample	rich	slob	raw	prefix	645	811583
sample	rich	slob	raw	prefix	646	37646500
sample	rich	slob	raw	prefix	647	41014292
sample	rich	slob	raw	prefix	648	1330542
sample	rich	slob	raw	prefix	649	934083
sample	rich	slob	raw	prefix	650	34515041
sample	rich	slob	raw	prefix	651	33499625
sample	rich	slob	raw	prefix	652	874542
sample	rich	slob	raw	prefix	653	808000
sample	rich	slob	raw	prefix	654	34891917
sample	rich	slob	raw	prefix	655	36254250
sample	rich	slob	raw	prefix	656	738291
sample	rich	slob	raw	prefix	657	879334
sample	rich	slob	raw	prefix	658	37739125
sample	rich	slob	raw	prefix	659	37780334
sample	rich	slob	raw	prefix	660	874917
sample	rich	slob	raw	prefix	661	1278791
sample	rich	slob	raw	prefix	662	37080625
sample	rich	slob	raw	prefix	663	37057500
sample	rich	slob	raw	prefix	664	715833
sample	rich	slob	raw	prefix	665	1523542
sample	rich	slob	raw	prefix	666	38701209
sample	rich	slob	raw	prefix	667	34954791
sample	rich	slob	raw	prefix	668	941833
sample	rich	slob	raw	prefix	669	828958
sample	rich	slob	raw	prefix	670	38671625
sample	rich	slob	raw	prefix	671	43612375
sample	rich	slob	raw	prefix	672	745959
sample	rich	slob	raw	prefix	673	868542
sample	rich	slob	raw	prefix	674	40049250
sample	rich	slob	raw	prefix	675	38845125
sample	rich	slob	raw	prefix	676	1107458
sample	rich	slob	raw	prefix	677	1870084
sample	rich	slob	raw	prefix	678	39280209
sample	rich	slob	raw	prefix	679	40783875
sample	rich	slob	raw	prefix	680	1008208
sample	rich	slob	raw	prefix	681	870458
sample	rich	slob	raw	prefix	682	39610125
sample	rich	slob	raw	prefix	683	38900084
sample	rich	slob	raw	prefix	684	963375
sample	rich	slob	raw	prefix	685	817417
sample	rich	slob	raw	prefix	686	39663500
sample	rich	slob	raw	prefix	687	42064416
sample	rich	slob	raw	prefix	688	775958
sample	rich	slob	raw	prefix	689	2754375
sample	rich	slob	raw	prefix	690	51706083
sample	rich	slob	raw	prefix	691	37196792
sample	rich	slob	raw	prefix	692	873542
sample	rich	slob	raw	prefix	693	872167
sample	rich	slob	raw	prefix	694	36146417
sample	rich	slob	raw	prefix	695	37609834
sample	rich	slob	raw	prefix	696	1087375
sample	rich	slob	raw	prefix	697	890041
sample	rich	slob	raw	prefix	698	35904667
sample	rich	slob	raw	prefix	699	38534167
sample	rich	slob	raw	prefix	700	889458
sample	rich	slob	raw	prefix	701	1035583
sample	rich	slob	raw	prefix	702	36754458
sample	rich	slob	raw	prefix	703	34630500
sample	rich	slob	raw	prefix	704	727708
sample	rich	slob	raw	prefix	705	1584459
sample	rich	slob	raw	prefix	706	38571250
sample	rich	slob	raw	prefix	707	40152167
sample	rich	slob	raw	prefix	708	874417
sample	rich	slob	raw	prefix	709	822375
sample	rich	slob	raw	prefix	710	42928583
sample	rich	slob	raw	prefix	711	36100916
sample	rich	slob	raw	prefix	712	1415125
sample	rich	slob	raw	prefix	713	924959
sample	rich	slob	raw	prefix	714	36441666
sample	rich	slob	raw	prefix	715	38070083
sample	rich	slob	raw	prefix	716	2288667
sample	rich	slob	raw	prefix	717	1135959
sample	rich	slob	raw	prefix	718	36287041
sample	rich	slob	raw	prefix	719	38729750
sample	rich	slob	raw	prefix	720	1002209
sample	rich	slob	raw	prefix	721	1039000
sample	rich	slob	raw	prefix	722	39798916
sample	rich	slob	raw	prefix	723	41322791
sample	rich	slob	raw	prefix	724	920458
sample	rich	slob	raw	prefix	725	821125
sample	rich	slob	raw	prefix	726	44124708
sample	rich	slob	raw	prefix	727	40588291
sample	rich	slob	raw	prefix	728	774125
sample	rich	slob	raw	prefix	729	890000
sample	rich	slob	raw	prefix	730	45014959
sample	rich	slob	raw	prefix	731	38322167
sample	rich	slob	raw	prefix	732	889042
sample	rich	slob	raw	prefix	733	2029625
sample	rich	slob	raw	prefix	734	52356500
sample	rich	slob	raw	prefix	735	52868583
sample	rich	slob	raw	prefix	736	757750
sample	rich	slob	raw	prefix	737	1376209
sample	rich	slob	raw	prefix	738	46605667
sample	rich	slob	raw	prefix	739	45045667
sample	rich	slob	raw	prefix	740	994208
sample	rich	slob	raw	prefix	741	825417
sample	rich	slob	raw	prefix	742	38353542
sample	rich	slob	raw	prefix	743	37576042
sample	rich	slob	raw	prefix	744	743250
sample	rich	slob	raw	prefix	745	997959
sample	rich	slob	raw	prefix	746	34519833
sample	rich	slob	raw	prefix	747	44886042
sample	rich	slob	raw	prefix	748	910583
sample	rich	slob	raw	prefix	749	816292
sample	rich	slob	raw	prefix	750	41168917
sample	rich	slob	raw	prefix	751	37732166
sample	rich	slob	raw	prefix	752	732416
sample	rich	slob	raw	prefix	753	1092834
sample	rich	slob	raw	prefix	754	35309625
sample	rich	slob	raw	prefix	755	34718042
sample	rich	slob	raw	prefix	756	888500
sample	rich	slob	raw	prefix	757	814959
sample	rich	slob	raw	prefix	758	41885125
sample	rich	slob	raw	prefix	759	45351709
sample	rich	slob	raw	prefix	760	1308667
sample	rich	slob	raw	prefix	761	1420042
sample	rich	slob	raw	prefix	762	37839834
sample	rich	slob	raw	prefix	763	40663334
sample	rich	slob	raw	prefix	764	910417
sample	rich	slob	raw	prefix	765	955667
sample	rich	slob	raw	prefix	766	35755833
sample	rich	slob	raw	prefix	767	37617375
sample	rich	slob	raw	prefix	768	749667
sample	rich	slob	raw	prefix	769	870084
sample	rich	slob	raw	prefix	770	48018583
sample	rich	slob	raw	prefix	771	39277167
sample	rich	slob	raw	prefix	772	1862417
sample	rich	slob	raw	prefix	773	827541
sample	rich	slob	raw	prefix	774	37946417
sample	rich	slob	raw	prefix	775	38760875
sample	rich	slob	raw	prefix	776	732750
sample	rich	slob	raw	prefix	777	1068500
sample	rich	slob	raw	prefix	778	40829541
sample	rich	slob	raw	prefix	779	67824791
sample	rich	slob	raw	prefix	780	1969958
sample	rich	slob	raw	prefix	781	1669833
sample	rich	slob	raw	prefix	782	56713958
sample	rich	slob	raw	prefix	783	60387084
sample	rich	slob	raw	prefix	784	1518625
sample	rich	slob	raw	prefix	785	888584
sample	rich	slob	raw	prefix	786	39675708
sample	rich	slob	raw	prefix	787	43133666
sample	rich	slob	raw	prefix	788	893209
sample	rich	slob	raw	prefix	789	815583
sample	rich	slob	raw	prefix	790	39321625
sample	rich	slob	raw	prefix	791	34443875
sample	rich	slob	raw	prefix	792	727417
sample	rich	slob	raw	prefix	793	867292
sample	rich	slob	raw	prefix	794	36936167
sample	rich	slob	raw	prefix	795	36778541
sample	rich	slob	raw	prefix	796	863042
sample	rich	slob	raw	prefix	797	1350084
sample	rich	slob	raw	prefix	798	38126334
sample	rich	slob	raw	prefix	799	40051958
sample	rich	slob	raw	prefix	800	1035833
sample	rich	slob	raw	prefix	801	911708
sample	rich	slob	raw	prefix	802	34813666
sample	rich	slob	raw	prefix	803	36467542
sample	rich	slob	raw	prefix	804	958416
sample	rich	slob	raw	prefix	805	1001375
sample	rich	slob	raw	prefix	806	39490166
sample	rich	slob	raw	prefix	807	40777792
sample	rich	slob	raw	prefix	808	748250
sample	rich	slob	raw	prefix	809	878584
sample	rich	slob	raw	prefix	810	36089917
sample	rich	slob	raw	prefix	811	38025250
sample	rich	slob	raw	prefix	812	905292
sample	rich	slob	raw	prefix	813	808417
sample	rich	slob	raw	prefix	814	33794250
sample	rich	slob	raw	prefix	815	36312667
sample	rich	slob	raw	prefix	816	746500
sample	rich	slob	raw	prefix	817	1431500
sample	rich	slob	raw	prefix	818	42364500
sample	rich	slob	raw	prefix	819	39713417
sample	rich	slob	raw	prefix	820	3127666
sample	rich	slob	raw	prefix	821	1265834
sample	rich	slob	raw	prefix	822	38859375
sample	rich	slob	raw	prefix	823	39199459
sample	rich	slob	raw	prefix	824	1982917
sample	rich	slob	raw	prefix	825	1276375
sample	rich	slob	raw	prefix	826	41095167
sample	rich	slob	raw	prefix	827	39694250
sample	rich	slob	raw	prefix	828	868875
sample	rich	slob	raw	prefix	829	1082334
sample	rich	slob	raw	prefix	830	37913792
sample	rich	slob	raw	prefix	831	41687500
sample	rich	slob	raw	prefix	832	914416
sample	rich	slob	raw	prefix	833	1207083
sample	rich	slob	raw	prefix	834	37478458
sample	rich	slob	raw	prefix	835	43316834
sample	rich	slob	raw	prefix	836	910916
sample	rich	slob	raw	prefix	837	874417
sample	rich	slob	raw	prefix	838	41722542
sample	rich	slob	raw	prefix	839	45356292
sample	rich	slob	raw	prefix	840	739292
sample	rich	slob	raw	prefix	841	884667
sample	rich	slob	raw	prefix	842	53198958
sample	rich	slob	raw	prefix	843	46446209
sample	rich	slob	raw	prefix	844	1623500
sample	rich	slob	raw	prefix	845	836958
sample	rich	slob	raw	prefix	846	39783958
sample	rich	slob	raw	prefix	847	45813208
sample	rich	slob	raw	prefix	848	867375
sample	rich	slob	raw	prefix	849	886291
sample	rich	slob	raw	prefix	850	43334291
sample	rich	slob	raw	prefix	851	47582250
sample	rich	slob	raw	prefix	852	908333
sample	rich	slob	raw	prefix	853	995875
sample	rich	slob	raw	prefix	854	51508542
sample	rich	slob	raw	prefix	855	50892209
sample	rich	slob	raw	prefix	856	750875
sample	rich	slob	raw	prefix	857	1037542
sample	rich	slob	raw	prefix	858	41301875
sample	rich	slob	raw	prefix	859	40435292
sample	rich	slob	raw	prefix	860	1055417
sample	rich	slob	raw	prefix	861	2408625
sample	rich	slob	raw	prefix	862	40507292
sample	rich	slob	raw	prefix	863	54235208
sample	rich	slob	raw	prefix	864	759792
sample	rich	slob	raw	prefix	865	886709
sample	rich	slob	raw	prefix	866	42764000
sample	rich	slob	raw	prefix	867	49222083
sample	rich	slob	raw	prefix	868	895958
sample	rich	slob	raw	prefix	869	825584
sample	rich	slob	raw	prefix	870	36489625
sample	rich	slob	raw	prefix	871	36503875
sample	rich	slob	raw	prefix	872	911667
sample	rich	slob	raw	prefix	873	1432708
sample	rich	slob	raw	prefix	874	57465041
sample	rich	slob	raw	prefix	875	36120833
sample	rich	slob	raw	prefix	876	894375
sample	rich	slob	raw	prefix	877	2163250
sample	rich	slob	raw	prefix	878	38973375
sample	rich	slob	raw	prefix	879	39209333
sample	rich	slob	raw	prefix	880	822709
sample	rich	slob	raw	prefix	881	1034625
sample	rich	slob	raw	prefix	882	38556084
sample	rich	slob	raw	prefix	883	41294417
sample	rich	slob	raw	prefix	884	895792
sample	rich	slob	raw	prefix	885	852333
sample	rich	slob	raw	prefix	886	42581208
sample	rich	slob	raw	prefix	887	36857000
sample	rich	slob	raw	prefix	888	746333
sample	rich	slob	raw	prefix	889	1284000
sample	rich	slob	raw	prefix	890	35269958
sample	rich	slob	raw	prefix	891	35858041
sample	rich	slob	raw	prefix	892	879292
sample	rich	slob	raw	prefix	893	816208
sample	rich	slob	raw	prefix	894	64859000
sample	rich	slob	raw	prefix	895	38958125
sample	rich	slob	raw	prefix	896	886792
sample	rich	slob	raw	prefix	897	2423417
sample	rich	slob	raw	prefix	898	50320541
sample	rich	slob	raw	prefix	899	37181458
sample	rich	slob	raw	prefix	900	899666
sample	rich	slob	raw	prefix	901	809333
sample	rich	slob	raw	prefix	902	46606125
sample	rich	slob	raw	prefix	903	39524334
sample	rich	slob	raw	prefix	904	759792
sample	rich	slob	raw	prefix	905	1748292
sample	rich	slob	raw	prefix	906	44734333
sample	rich	slob	raw	prefix	907	39554458
sample	rich	slob	raw	prefix	908	891417
sample	rich	slob	raw	prefix	909	817917
sample	rich	slob	raw	prefix	910	41493834
sample	rich	slob	raw	prefix	911	41981334
sample	rich	slob	raw	prefix	912	747458
sample	rich	slob	raw	prefix	913	885833
sample	rich	slob	raw	prefix	914	37453500
sample	rich	slob	raw	prefix	915	37775708
sample	rich	slob	raw	prefix	916	2482042
sample	rich	slob	raw	prefix	917	1191375
sample	rich	slob	raw	prefix	918	52600708
sample	rich	slob	raw	prefix	919	39625167
sample	rich	slob	raw	prefix	920	1226541
sample	rich	slob	raw	prefix	921	898625
sample	rich	slob	raw	prefix	922	39137917
sample	rich	slob	raw	prefix	923	43269708
sample	rich	slob	raw	prefix	924	886209
sample	rich	slob	raw	prefix	925	817792
sample	rich	slob	raw	prefix	926	39050541
sample	rich	slob	raw	prefix	927	39626167
sample	rich	slob	raw	prefix	928	843666
sample	rich	slob	raw	prefix	929	1669458
sample	rich	slob	raw	prefix	930	47878750
sample	rich	slob	raw	prefix	931	45954792
sample	rich	slob	raw	prefix	932	924709
sample	rich	slob	raw	prefix	933	933500
sample	rich	slob	raw	prefix	934	43715958
sample	rich	slob	raw	prefix	935	36660958
sample	rich	slob	raw	prefix	936	742000
sample	rich	slob	raw	prefix	937	875333
sample	rich	slob	raw	prefix	938	38287708
sample	rich	slob	raw	prefix	939	51478416
sample	rich	slob	raw	prefix	940	1132625
sample	rich	slob	raw	prefix	941	1563542
sample	rich	slob	raw	prefix	942	59264083
sample	rich	slob	raw	prefix	943	45157875
sample	rich	slob	raw	prefix	944	1315834
sample	rich	slob	raw	prefix	945	1259209
sample	rich	slob	raw	prefix	946	39348667
sample	rich	slob	raw	prefix	947	44016500
sample	rich	slob	raw	prefix	948	893083
sample	rich	slob	raw	prefix	949	813458
sample	rich	slob	raw	prefix	950	39700209
sample	rich	slob	raw	prefix	951	57521333
sample	rich	slob	raw	prefix	952	1339666
sample	rich	slob	raw	prefix	953	1016625
sample	rich	slob	raw	prefix	954	49667375
sample	rich	slob	raw	prefix	955	53549750
sample	rich	slob	raw	prefix	956	894375
sample	rich	slob	raw	prefix	957	846750
sample	rich	slob	raw	prefix	958	51014875
sample	rich	slob	raw	prefix	959	40680583
sample	rich	slob	raw	prefix	960	1035667
sample	rich	slob	raw	prefix	961	917833
sample	rich	slob	raw	prefix	962	38669750
sample	rich	slob	raw	prefix	963	43455042
sample	rich	slob	raw	prefix	964	1503541
sample	rich	slob	raw	prefix	965	878125
sample	rich	slob	raw	prefix	966	39272541
sample	rich	slob	raw	prefix	967	37687667
sample	rich	slob	raw	prefix	968	1388417
sample	rich	slob	raw	prefix	969	887959
sample	rich	slob	raw	prefix	970	41039959
sample	rich	slob	raw	prefix	971	41824750
sample	rich	slob	raw	prefix	972	1105333
sample	rich	slob	raw	prefix	973	812625
sample	rich	slob	raw	prefix	974	38871083
sample	rich	slob	raw	prefix	975	42652459
sample	rich	slob	raw	prefix	976	741375
sample	rich	slob	raw	prefix	977	881042
sample	rich	slob	raw	prefix	978	39179500
sample	rich	slob	raw	prefix	979	69274208
sample	rich	slob	raw	prefix	980	3011334
sample	rich	slob	raw	prefix	981	2456959
sample	rich	slob	raw	prefix	982	50969208
sample	rich	slob	raw	prefix	983	47025625
sample	rich	slob	raw	prefix	984	1764917
sample	rich	slob	raw	prefix	985	2612375
sample	rich	slob	raw	prefix	986	42412292
sample	rich	slob	raw	prefix	987	38852083
sample	rich	slob	raw	prefix	988	1793208
sample	rich	slob	raw	prefix	989	1816625
sample	rich	slob	raw	prefix	990	36609792
sample	rich	slob	raw	prefix	991	42908250
sample	rich	slob	raw	prefix	992	732167
sample	rich	slob	raw	prefix	993	2006709
sample	rich	slob	raw	prefix	994	45981167
sample	rich	slob	raw	prefix	995	48717208
sample	rich	slob	raw	prefix	996	894833
sample	rich	slob	raw	prefix	997	2041333
sample	rich	slob	raw	prefix	998	46659000
sample	rich	slob	raw	prefix	999	39268166
sample	rich	slob	raw	render	0	209333
sample	rich	slob	raw	render	1	73625
sample	rich	slob	raw	render	2	77417
sample	rich	slob	raw	render	3	68792
sample	rich	slob	raw	render	4	70000
sample	rich	slob	raw	render	5	57500
sample	rich	slob	raw	render	6	63875
sample	rich	slob	raw	render	7	53209
sample	rich	slob	raw	render	8	54333
sample	rich	slob	raw	render	9	60000
sample	rich	slob	raw	render	10	56292
sample	rich	slob	raw	render	11	61125
sample	rich	slob	raw	render	12	61791
sample	rich	slob	raw	render	13	60708
sample	rich	slob	raw	render	14	52833
sample	rich	slob	raw	render	15	47000
sample	rich	slob	raw	render	16	51167
sample	rich	slob	raw	render	17	58041
sample	rich	slob	raw	render	18	60500
sample	rich	slob	raw	render	19	56916
sample	rich	slob	raw	render	20	58166
sample	rich	slob	raw	render	21	56333
sample	rich	slob	raw	render	22	51125
sample	rich	slob	raw	render	23	50166
sample	rich	slob	raw	render	24	57708
sample	rich	slob	raw	render	25	55791
sample	rich	slob	raw	render	26	56917
sample	rich	slob	raw	render	27	56625
sample	rich	slob	raw	render	28	56791
sample	rich	slob	raw	render	29	52583
sample	rich	slob	raw	render	30	45292
sample	rich	slob	raw	render	31	49250
sample	rich	slob	raw	render	32	57333
sample	rich	slob	raw	render	33	56625
sample	rich	slob	raw	render	34	56334
sample	rich	slob	raw	render	35	390083
sample	rich	slob	raw	render	36	258500
sample	rich	slob	raw	render	37	222750
sample	rich	slob	raw	render	38	70709
sample	rich	slob	raw	render	39	65417
sample	rich	slob	raw	render	40	58667
sample	rich	slob	raw	render	41	60041
sample	rich	slob	raw	render	42	59708
sample	rich	slob	raw	render	43	57000
sample	rich	slob	raw	render	44	52375
sample	rich	slob	raw	render	45	45125
sample	rich	slob	raw	render	46	49584
sample	rich	slob	raw	render	47	57083
sample	rich	slob	raw	render	48	56083
sample	rich	slob	raw	render	49	56125
sample	rich	slob	raw	render	50	55458
sample	rich	slob	raw	render	51	55583
sample	rich	slob	raw	render	52	50291
sample	rich	slob	raw	render	53	49083
sample	rich	slob	raw	render	54	55792
sample	rich	slob	raw	render	55	55209
sample	rich	slob	raw	render	56	55542
sample	rich	slob	raw	render	57	55583
sample	rich	slob	raw	render	58	55208
sample	rich	slob	raw	render	59	50125
sample	rich	slob	raw	render	60	44250
sample	rich	slob	raw	render	61	48250
sample	rich	slob	raw	render	62	55833
sample	rich	slob	raw	render	63	55333
sample	rich	slob	raw	render	64	55833
sample	rich	slob	raw	render	65	60292
sample	rich	slob	raw	render	66	55666
sample	rich	slob	raw	render	67	50583
sample	rich	slob	raw	render	68	50417
sample	rich	slob	raw	render	69	55208
sample	rich	slob	raw	render	70	55167
sample	rich	slob	raw	render	71	258791
sample	rich	slob	raw	render	72	138000
sample	rich	slob	raw	render	73	218458
sample	rich	slob	raw	render	74	102500
sample	rich	slob	raw	render	75	51500
sample	rich	slob	raw	render	76	55625
sample	rich	slob	raw	render	77	203959
sample	rich	slob	raw	render	78	155292
sample	rich	slob	raw	render	79	197875
sample	rich	slob	raw	render	80	167708
sample	rich	slob	raw	render	81	183833
sample	rich	slob	raw	render	82	137125
sample	rich	slob	raw	render	83	127417
sample	rich	slob	raw	render	84	75625
sample	rich	slob	raw	render	85	58333
sample	rich	slob	raw	render	86	59208
sample	rich	slob	raw	render	87	59208
sample	rich	slob	raw	render	88	57375
sample	rich	slob	raw	render	89	51666
sample	rich	slob	raw	render	90	45959
sample	rich	slob	raw	render	91	52500
sample	rich	slob	raw	render	92	117041
sample	rich	slob	raw	render	93	174625
sample	rich	slob	raw	render	94	169208
sample	rich	slob	raw	render	95	88625
sample	rich	slob	raw	render	96	60250
sample	rich	slob	raw	render	97	54666
sample	rich	slob	raw	render	98	51542
sample	rich	slob	raw	render	99	58125
sample	rich	slob	raw	render	100	56583
sample	rich	slob	raw	render	101	56625
sample	rich	slob	raw	render	102	57542
sample	rich	slob	raw	render	103	56416
sample	rich	slob	raw	render	104	51584
sample	rich	slob	raw	render	105	45292
sample	rich	slob	raw	render	106	49167
sample	rich	slob	raw	render	107	58167
sample	rich	slob	raw	render	108	56750
sample	rich	slob	raw	render	109	56291
sample	rich	slob	raw	render	110	56708
sample	rich	slob	raw	render	111	55667
sample	rich	slob	raw	render	112	50875
sample	rich	slob	raw	render	113	49250
sample	rich	slob	raw	render	114	62625
sample	rich	slob	raw	render	115	58958
sample	rich	slob	raw	render	116	56583
sample	rich	slob	raw	render	117	56541
sample	rich	slob	raw	render	118	56000
sample	rich	slob	raw	render	119	51125
sample	rich	slob	raw	render	120	46208
sample	rich	slob	raw	render	121	50541
sample	rich	slob	raw	render	122	57625
sample	rich	slob	raw	render	123	81584
sample	rich	slob	raw	render	124	124917
sample	rich	slob	raw	render	125	62208
sample	rich	slob	raw	render	126	74709
sample	rich	slob	raw	render	127	53125
sample	rich	slob	raw	render	128	52042
sample	rich	slob	raw	render	129	59791
sample	rich	slob	raw	render	130	56125
sample	rich	slob	raw	render	131	57166
sample	rich	slob	raw	render	132	57417
sample	rich	slob	raw	render	133	55917
sample	rich	slob	raw	render	134	52000
sample	rich	slob	raw	render	135	45917
sample	rich	slob	raw	render	136	51667
sample	rich	slob	raw	render	137	57375
sample	rich	slob	raw	render	138	55875
sample	rich	slob	raw	render	139	56500
sample	rich	slob	raw	render	140	55709
sample	rich	slob	raw	render	141	55167
sample	rich	slob	raw	render	142	50959
sample	rich	slob	raw	render	143	49125
sample	rich	slob	raw	render	144	55833
sample	rich	slob	raw	render	145	61792
sample	rich	slob	raw	render	146	55417
sample	rich	slob	raw	render	147	58042
sample	rich	slob	raw	render	148	55792
sample	rich	slob	raw	render	149	51083
sample	rich	slob	raw	render	150	45083
sample	rich	slob	raw	render	151	48917
sample	rich	slob	raw	render	152	56625
sample	rich	slob	raw	render	153	56208
sample	rich	slob	raw	render	154	56167
sample	rich	slob	raw	render	155	55542
sample	rich	slob	raw	render	156	55167
sample	rich	slob	raw	render	157	50542
sample	rich	slob	raw	render	158	49583
sample	rich	slob	raw	render	159	55875
sample	rich	slob	raw	render	160	55666
sample	rich	slob	raw	render	161	56084
sample	rich	slob	raw	render	162	55833
sample	rich	slob	raw	render	163	54958
sample	rich	slob	raw	render	164	50541
sample	rich	slob	raw	render	165	44917
sample	rich	slob	raw	render	166	49375
sample	rich	slob	raw	render	167	56625
sample	rich	slob	raw	render	168	55750
sample	rich	slob	raw	render	169	116083
sample	rich	slob	raw	render	170	195958
sample	rich	slob	raw	render	171	231959
sample	rich	slob	raw	render	172	141167
sample	rich	slob	raw	render	173	174458
sample	rich	slob	raw	render	174	155875
sample	rich	slob	raw	render	175	159417
sample	rich	slob	raw	render	176	103333
sample	rich	slob	raw	render	177	64875
sample	rich	slob	raw	render	178	58167
sample	rich	slob	raw	render	179	52625
sample	rich	slob	raw	render	180	46875
sample	rich	slob	raw	render	181	51041
sample	rich	slob	raw	render	182	58625
sample	rich	slob	raw	render	183	111541
sample	rich	slob	raw	render	184	64458
sample	rich	slob	raw	render	185	59958
sample	rich	slob	raw	render	186	56709
sample	rich	slob	raw	render	187	51667
sample	rich	slob	raw	render	188	76958
sample	rich	slob	raw	render	189	228042
sample	rich	slob	raw	render	190	73375
sample	rich	slob	raw	render	191	59125
sample	rich	slob	raw	render	192	57792
sample	rich	slob	raw	render	193	56333
sample	rich	slob	raw	render	194	51292
sample	rich	slob	raw	render	195	45792
sample	rich	slob	raw	render	196	49833
sample	rich	slob	raw	render	197	56583
sample	rich	slob	raw	render	198	56125
sample	rich	slob	raw	render	199	57875
sample	rich	slob	raw	render	200	56500
sample	rich	slob	raw	render	201	55625
sample	rich	slob	raw	render	202	50625
sample	rich	slob	raw	render	203	49125
sample	rich	slob	raw	render	204	55958
sample	rich	slob	raw	render	205	55250
sample	rich	slob	raw	render	206	55541
sample	rich	slob	raw	render	207	181667
sample	rich	slob	raw	render	208	182875
sample	rich	slob	raw	render	209	119583
sample	rich	slob	raw	render	210	109500
sample	rich	slob	raw	render	211	126291
sample	rich	slob	raw	render	212	188250
sample	rich	slob	raw	render	213	85916
sample	rich	slob	raw	render	214	64167
sample	rich	slob	raw	render	215	131584
sample	rich	slob	raw	render	216	76833
sample	rich	slob	raw	render	217	55042
sample	rich	slob	raw	render	218	54291
sample	rich	slob	raw	render	219	58209
sample	rich	slob	raw	render	220	56042
sample	rich	slob	raw	render	221	63583
sample	rich	slob	raw	render	222	56875
sample	rich	slob	raw	render	223	71792
sample	rich	slob	raw	render	224	52708
sample	rich	slob	raw	render	225	45167
sample	rich	slob	raw	render	226	51875
sample	rich	slob	raw	render	227	56916
sample	rich	slob	raw	render	228	56250
sample	rich	slob	raw	render	229	57208
sample	rich	slob	raw	render	230	55875
sample	rich	slob	raw	render	231	56375
sample	rich	slob	raw	render	232	50334
sample	rich	slob	raw	render	233	49416
sample	rich	slob	raw	render	234	54000
sample	rich	slob	raw	render	235	56250
sample	rich	slob	raw	render	236	55625
sample	rich	slob	raw	render	237	57000
sample	rich	slob	raw	render	238	54959
sample	rich	slob	raw	render	239	50625
sample	rich	slob	raw	render	240	44833
sample	rich	slob	raw	render	241	48542
sample	rich	slob	raw	render	242	55541
sample	rich	slob	raw	render	243	55541
sample	rich	slob	raw	render	244	56042
sample	rich	slob	raw	render	245	56000
sample	rich	slob	raw	render	246	55209
sample	rich	slob	raw	render	247	50167
sample	rich	slob	raw	render	248	48916
sample	rich	slob	raw	render	249	54291
sample	rich	slob	raw	render	250	55458
sample	rich	slob	raw	render	251	55458
sample	rich	slob	raw	render	252	57583
sample	rich	slob	raw	render	253	57542
sample	rich	slob	raw	render	254	50209
sample	rich	slob	raw	render	255	44584
sample	rich	slob	raw	render	256	87667
sample	rich	slob	raw	render	257	266500
sample	rich	slob	raw	render	258	169791
sample	rich	slob	raw	render	259	146125
sample	rich	slob	raw	render	260	218000
sample	rich	slob	raw	render	261	203500
sample	rich	slob	raw	render	262	156542
sample	rich	slob	raw	render	263	164959
sample	rich	slob	raw	render	264	157333
sample	rich	slob	raw	render	265	125417
sample	rich	slob	raw	render	266	63708
sample	rich	slob	raw	render	267	59833
sample	rich	slob	raw	render	268	57958
sample	rich	slob	raw	render	269	52375
sample	rich	slob	raw	render	270	46042
sample	rich	slob	raw	render	271	50708
sample	rich	slob	raw	render	272	58333
sample	rich	slob	raw	render	273	56458
sample	rich	slob	raw	render	274	56250
sample	rich	slob	raw	render	275	56792
sample	rich	slob	raw	render	276	56000
sample	rich	slob	raw	render	277	50916
sample	rich	slob	raw	render	278	50833
sample	rich	slob	raw	render	279	54708
sample	rich	slob	raw	render	280	55708
sample	rich	slob	raw	render	281	56250
sample	rich	slob	raw	render	282	56083
sample	rich	slob	raw	render	283	63416
sample	rich	slob	raw	render	284	50542
sample	rich	slob	raw	render	285	44958
sample	rich	slob	raw	render	286	48875
sample	rich	slob	raw	render	287	55875
sample	rich	slob	raw	render	288	55708
sample	rich	slob	raw	render	289	56084
sample	rich	slob	raw	render	290	55167
sample	rich	slob	raw	render	291	55250
sample	rich	slob	raw	render	292	50709
sample	rich	slob	raw	render	293	206042
sample	rich	slob	raw	render	294	171750
sample	rich	slob	raw	render	295	187917
sample	rich	slob	raw	render	296	195584
sample	rich	slob	raw	render	297	177458
sample	rich	slob	raw	render	298	177000
sample	rich	slob	raw	render	299	160958
sample	rich	slob	raw	render	300	180834
sample	rich	slob	raw	render	301	222333
sample	rich	slob	raw	render	302	221959
sample	rich	slob	raw	render	303	160667
sample	rich	slob	raw	render	304	145417
sample	rich	slob	raw	render	305	192958
sample	rich	slob	raw	render	306	176250
sample	rich	slob	raw	render	307	121583
sample	rich	slob	raw	render	308	61000
sample	rich	slob	raw	render	309	57250
sample	rich	slob	raw	render	310	59583
sample	rich	slob	raw	render	311	58542
sample	rich	slob	raw	render	312	58875
sample	rich	slob	raw	render	313	56625
sample	rich	slob	raw	render	314	51375
sample	rich	slob	raw	render	315	45708
sample	rich	slob	raw	render	316	49750
sample	rich	slob	raw	render	317	56125
sample	rich	slob	raw	render	318	56416
sample	rich	slob	raw	render	319	56291
sample	rich	slob	raw	render	320	55917
sample	rich	slob	raw	render	321	55958
sample	rich	slob	raw	render	322	50916
sample	rich	slob	raw	render	323	48917
sample	rich	slob	raw	render	324	54208
sample	rich	slob	raw	render	325	56084
sample	rich	slob	raw	render	326	57417
sample	rich	slob	raw	render	327	170958
sample	rich	slob	raw	render	328	128750
sample	rich	slob	raw	render	329	163541
sample	rich	slob	raw	render	330	134917
sample	rich	slob	raw	render	331	150375
sample	rich	slob	raw	render	332	158625
sample	rich	slob	raw	render	333	213250
sample	rich	slob	raw	render	334	165667
sample	rich	slob	raw	render	335	82500
sample	rich	slob	raw	render	336	60583
sample	rich	slob	raw	render	337	52958
sample	rich	slob	raw	render	338	53042
sample	rich	slob	raw	render	339	56709
sample	rich	slob	raw	render	340	58500
sample	rich	slob	raw	render	341	57542
sample	rich	slob	raw	render	342	56666
sample	rich	slob	raw	render	343	56875
sample	rich	slob	raw	render	344	51500
sample	rich	slob	raw	render	345	45333
sample	rich	slob	raw	render	346	50167
sample	rich	slob	raw	render	347	59042
sample	rich	slob	raw	render	348	57417
sample	rich	slob	raw	render	349	56333
sample	rich	slob	raw	render	350	55959
sample	rich	slob	raw	render	351	55792
sample	rich	slob	raw	render	352	50709
sample	rich	slob	raw	render	353	49458
sample	rich	slob	raw	render	354	55500
sample	rich	slob	raw	render	355	55917
sample	rich	slob	raw	render	356	66083
sample	rich	slob	raw	render	357	143209
sample	rich	slob	raw	render	358	61125
sample	rich	slob	raw	render	359	53416
sample	rich	slob	raw	render	360	207375
sample	rich	slob	raw	render	361	185833
sample	rich	slob	raw	render	362	150375
sample	rich	slob	raw	render	363	148666
sample	rich	slob	raw	render	364	161125
sample	rich	slob	raw	render	365	240916
sample	rich	slob	raw	render	366	177416
sample	rich	slob	raw	render	367	183208
sample	rich	slob	raw	render	368	150208
sample	rich	slob	raw	render	369	155583
sample	rich	slob	raw	render	370	193458
sample	rich	slob	raw	render	371	208250
sample	rich	slob	raw	render	372	176042
sample	rich	slob	raw	render	373	69917
sample	rich	slob	raw	render	374	56041
sample	rich	slob	raw	render	375	47291
sample	rich	slob	raw	render	376	52875
sample	rich	slob	raw	render	377	59792
sample	rich	slob	raw	render	378	58167
sample	rich	slob	raw	render	379	58125
sample	rich	slob	raw	render	380	58458
sample	rich	slob	raw	render	381	58083
sample	rich	slob	raw	render	382	52042
sample	rich	slob	raw	render	383	50375
sample	rich	slob	raw	render	384	56875
sample	rich	slob	raw	render	385	57875
sample	rich	slob	raw	render	386	57209
sample	rich	slob	raw	render	387	57125
sample	rich	slob	raw	render	388	56583
sample	rich	slob	raw	render	389	51709
sample	rich	slob	raw	render	390	46084
sample	rich	slob	raw	render	391	50000
sample	rich	slob	raw	render	392	143500
sample	rich	slob	raw	render	393	209209
sample	rich	slob	raw	render	394	250792
sample	rich	slob	raw	render	395	171375
sample	rich	slob	raw	render	396	146667
sample	rich	slob	raw	render	397	141667
sample	rich	slob	raw	render	398	153416
sample	rich	slob	raw	render	399	160417
sample	rich	slob	raw	render	400	148416
sample	rich	slob	raw	render	401	137750
sample	rich	slob	raw	render	402	72875
sample	rich	slob	raw	render	403	60083
sample	rich	slob	raw	render	404	53083
sample	rich	slob	raw	render	405	46750
sample	rich	slob	raw	render	406	52584
sample	rich	slob	raw	render	407	60000
sample	rich	slob	raw	render	408	58333
sample	rich	slob	raw	render	409	58542
sample	rich	slob	raw	render	410	58875
sample	rich	slob	raw	render	411	57458
sample	rich	slob	raw	render	412	52166
sample	rich	slob	raw	render	413	50625
sample	rich	slob	raw	render	414	54667
sample	rich	slob	raw	render	415	57083
sample	rich	slob	raw	render	416	56917
sample	rich	slob	raw	render	417	56291
sample	rich	slob	raw	render	418	56458
sample	rich	slob	raw	render	419	52000
sample	rich	slob	raw	render	420	46167
sample	rich	slob	raw	render	421	49958
sample	rich	slob	raw	render	422	95166
sample	rich	slob	raw	render	423	62417
sample	rich	slob	raw	render	424	59084
sample	rich	slob	raw	render	425	57375
sample	rich	slob	raw	render	426	57458
sample	rich	slob	raw	render	427	51625
sample	rich	slob	raw	render	428	50417
sample	rich	slob	raw	render	429	54750
sample	rich	slob	raw	render	430	56791
sample	rich	slob	raw	render	431	56708
sample	rich	slob	raw	render	432	56500
sample	rich	slob	raw	render	433	58625
sample	rich	slob	raw	render	434	54083
sample	rich	slob	raw	render	435	45666
sample	rich	slob	raw	render	436	50250
sample	rich	slob	raw	render	437	58375
sample	rich	slob	raw	render	438	56292
sample	rich	slob	raw	render	439	56917
sample	rich	slob	raw	render	440	55959
sample	rich	slob	raw	render	441	55375
sample	rich	slob	raw	render	442	177500
sample	rich	slob	raw	render	443	199375
sample	rich	slob	raw	render	444	203083
sample	rich	slob	raw	render	445	160375
sample	rich	slob	raw	render	446	123959
sample	rich	slob	raw	render	447	76958
sample	rich	slob	raw	render	448	60542
sample	rich	slob	raw	render	449	53792
sample	rich	slob	raw	render	450	47417
sample	rich	slob	raw	render	451	52000
sample	rich	slob	raw	render	452	59666
sample	rich	slob	raw	render	453	58333
sample	rich	slob	raw	render	454	57417
sample	rich	slob	raw	render	455	57375
sample	rich	slob	raw	render	456	56875
sample	rich	slob	raw	render	457	52833
sample	rich	slob	raw	render	458	50958
sample	rich	slob	raw	render	459	55500
sample	rich	slob	raw	render	460	57375
sample	rich	slob	raw	render	461	57792
sample	rich	slob	raw	render	462	57166
sample	rich	slob	raw	render	463	58875
sample	rich	slob	raw	render	464	52958
sample	rich	slob	raw	render	465	46875
sample	rich	slob	raw	render	466	50500
sample	rich	slob	raw	render	467	57791
sample	rich	slob	raw	render	468	57500
sample	rich	slob	raw	render	469	57708
sample	rich	slob	raw	render	470	57250
sample	rich	slob	raw	render	471	56625
sample	rich	slob	raw	render	472	51916
sample	rich	slob	raw	render	473	50250
sample	rich	slob	raw	render	474	55500
sample	rich	slob	raw	render	475	68125
sample	rich	slob	raw	render	476	63833
sample	rich	slob	raw	render	477	58084
sample	rich	slob	raw	render	478	57458
sample	rich	slob	raw	render	479	63750
sample	rich	slob	raw	render	480	46541
sample	rich	slob	raw	render	481	51209
sample	rich	slob	raw	render	482	59125
sample	rich	slob	raw	render	483	58208
sample	rich	slob	raw	render	484	56833
sample	rich	slob	raw	render	485	58209
sample	rich	slob	raw	render	486	57500
sample	rich	slob	raw	render	487	52458
sample	rich	slob	raw	render	488	50333
sample	rich	slob	raw	render	489	57125
sample	rich	slob	raw	render	490	57833
sample	rich	slob	raw	render	491	57833
sample	rich	slob	raw	render	492	57375
sample	rich	slob	raw	render	493	57625
sample	rich	slob	raw	render	494	52083
sample	rich	slob	raw	render	495	46334
sample	rich	slob	raw	render	496	50833
sample	rich	slob	raw	render	497	59458
sample	rich	slob	raw	render	498	137875
sample	rich	slob	raw	render	499	70416
sample	rich	slob	raw	render	500	59625
sample	rich	slob	raw	render	501	65834
sample	rich	slob	raw	render	502	182458
sample	rich	slob	raw	render	503	153750
sample	rich	slob	raw	render	504	75833
sample	rich	slob	raw	render	505	59750
sample	rich	slob	raw	render	506	58500
sample	rich	slob	raw	render	507	58959
sample	rich	slob	raw	render	508	56750
sample	rich	slob	raw	render	509	52125
sample	rich	slob	raw	render	510	45791
sample	rich	slob	raw	render	511	50792
sample	rich	slob	raw	render	512	58709
sample	rich	slob	raw	render	513	56500
sample	rich	slob	raw	render	514	55416
sample	rich	slob	raw	render	515	229958
sample	rich	slob	raw	render	516	210917
sample	rich	slob	raw	render	517	168583
sample	rich	slob	raw	render	518	127000
sample	rich	slob	raw	render	519	172459
sample	rich	slob	raw	render	520	241209
sample	rich	slob	raw	render	521	210875
sample	rich	slob	raw	render	522	181666
sample	rich	slob	raw	render	523	167917
sample	rich	slob	raw	render	524	70583
sample	rich	slob	raw	render	525	46167
sample	rich	slob	raw	render	526	52709
sample	rich	slob	raw	render	527	57625
sample	rich	slob	raw	render	528	56333
sample	rich	slob	raw	render	529	56042
sample	rich	slob	raw	render	530	57458
sample	rich	slob	raw	render	531	56458
sample	rich	slob	raw	render	532	51583
sample	rich	slob	raw	render	533	50000
sample	rich	slob	raw	render	534	54333
sample	rich	slob	raw	render	535	55875
sample	rich	slob	raw	render	536	55917
sample	rich	slob	raw	render	537	56208
sample	rich	slob	raw	render	538	55000
sample	rich	slob	raw	render	539	50500
sample	rich	slob	raw	render	540	44375
sample	rich	slob	raw	render	541	48583
sample	rich	slob	raw	render	542	57958
sample	rich	slob	raw	render	543	56125
sample	rich	slob	raw	render	544	55166
sample	rich	slob	raw	render	545	55292
sample	rich	slob	raw	render	546	55000
sample	rich	slob	raw	render	547	49917
sample	rich	slob	raw	render	548	48666
sample	rich	slob	raw	render	549	53333
sample	rich	slob	raw	render	550	54541
sample	rich	slob	raw	render	551	54917
sample	rich	slob	raw	render	552	55250
sample	rich	slob	raw	render	553	54666
sample	rich	slob	raw	render	554	51791
sample	rich	slob	raw	render	555	45000
sample	rich	slob	raw	render	556	48417
sample	rich	slob	raw	render	557	56791
sample	rich	slob	raw	render	558	54959
sample	rich	slob	raw	render	559	57208
sample	rich	slob	raw	render	560	57625
sample	rich	slob	raw	render	561	55916
sample	rich	slob	raw	render	562	50458
sample	rich	slob	raw	render	563	48833
sample	rich	slob	raw	render	564	54875
sample	rich	slob	raw	render	565	55542
sample	rich	slob	raw	render	566	55333
sample	rich	slob	raw	render	567	55542
sample	rich	slob	raw	render	568	55875
sample	rich	slob	raw	render	569	50250
sample	rich	slob	raw	render	570	44375
sample	rich	slob	raw	render	571	58417
sample	rich	slob	raw	render	572	158250
sample	rich	slob	raw	render	573	95083
sample	rich	slob	raw	render	574	56541
sample	rich	slob	raw	render	575	56583
sample	rich	slob	raw	render	576	55875
sample	rich	slob	raw	render	577	50208
sample	rich	slob	raw	render	578	49333
sample	rich	slob	raw	render	579	55000
sample	rich	slob	raw	render	580	56792
sample	rich	slob	raw	render	581	56000
sample	rich	slob	raw	render	582	56292
sample	rich	slob	raw	render	583	55166
sample	rich	slob	raw	render	584	50917
sample	rich	slob	raw	render	585	44625
sample	rich	slob	raw	render	586	49375
sample	rich	slob	raw	render	587	57000
sample	rich	slob	raw	render	588	55750
sample	rich	slob	raw	render	589	55541
sample	rich	slob	raw	render	590	56084
sample	rich	slob	raw	render	591	55042
sample	rich	slob	raw	render	592	50000
sample	rich	slob	raw	render	593	48792
sample	rich	slob	raw	render	594	53917
sample	rich	slob	raw	render	595	55708
sample	rich	slob	raw	render	596	54709
sample	rich	slob	raw	render	597	54917
sample	rich	slob	raw	render	598	54375
sample	rich	slob	raw	render	599	50208
sample	rich	slob	raw	render	600	44625
sample	rich	slob	raw	render	601	49167
sample	rich	slob	raw	render	602	55791
sample	rich	slob	raw	render	603	56125
sample	rich	slob	raw	render	604	55125
sample	rich	slob	raw	render	605	55500
sample	rich	slob	raw	render	606	54417
sample	rich	slob	raw	render	607	49917
sample	rich	slob	raw	render	608	48167
sample	rich	slob	raw	render	609	52959
sample	rich	slob	raw	render	610	54417
sample	rich	slob	raw	render	611	55291
sample	rich	slob	raw	render	612	55166
sample	rich	slob	raw	render	613	54792
sample	rich	slob	raw	render	614	50459
sample	rich	slob	raw	render	615	44875
sample	rich	slob	raw	render	616	48583
sample	rich	slob	raw	render	617	55208
sample	rich	slob	raw	render	618	55209
sample	rich	slob	raw	render	619	55291
sample	rich	slob	raw	render	620	55625
sample	rich	slob	raw	render	621	55959
sample	rich	slob	raw	render	622	50209
sample	rich	slob	raw	render	623	48333
sample	rich	slob	raw	render	624	54125
sample	rich	slob	raw	render	625	55083
sample	rich	slob	raw	render	626	55917
sample	rich	slob	raw	render	627	56084
sample	rich	slob	raw	render	628	55333
sample	rich	slob	raw	render	629	50417
sample	rich	slob	raw	render	630	44666
sample	rich	slob	raw	render	631	48875
sample	rich	slob	raw	render	632	56042
sample	rich	slob	raw	render	633	55000
sample	rich	slob	raw	render	634	55583
sample	rich	slob	raw	render	635	55500
sample	rich	slob	raw	render	636	54916
sample	rich	slob	raw	render	637	49834
sample	rich	slob	raw	render	638	48833
sample	rich	slob	raw	render	639	57084
sample	rich	slob	raw	render	640	55542
sample	rich	slob	raw	render	641	303708
sample	rich	slob	raw	render	642	244542
sample	rich	slob	raw	render	643	168125
sample	rich	slob	raw	render	644	72625
sample	rich	slob	raw	render	645	50375
sample	rich	slob	raw	render	646	54250
sample	rich	slob	raw	render	647	61167
sample	rich	slob	raw	render	648	58166
sample	rich	slob	raw	render	649	56916
sample	rich	slob	raw	render	650	57125
sample	rich	slob	raw	render	651	56167
sample	rich	slob	raw	render	652	50958
sample	rich	slob	raw	render	653	50750
sample	rich	slob	raw	render	654	54667
sample	rich	slob	raw	render	655	56667
sample	rich	slob	raw	render	656	56416
sample	rich	slob	raw	render	657	57083
sample	rich	slob	raw	render	658	56166
sample	rich	slob	raw	render	659	51750
sample	rich	slob	raw	render	660	45375
sample	rich	slob	raw	render	661	157708
sample	rich	slob	raw	render	662	172625
sample	rich	slob	raw	render	663	71875
sample	rich	slob	raw	render	664	56000
sample	rich	slob	raw	render	665	56791
sample	rich	slob	raw	render	666	55792
sample	rich	slob	raw	render	667	50792
sample	rich	slob	raw	render	668	49333
sample	rich	slob	raw	render	669	53958
sample	rich	slob	raw	render	670	86333
sample	rich	slob	raw	render	671	57625
sample	rich	slob	raw	render	672	56083
sample	rich	slob	raw	render	673	183958
sample	rich	slob	raw	render	674	70167
sample	rich	slob	raw	render	675	54917
sample	rich	slob	raw	render	676	52709
sample	rich	slob	raw	render	677	57917
sample	rich	slob	raw	render	678	57625
sample	rich	slob	raw	render	679	56500
sample	rich	slob	raw	render	680	57333
sample	rich	slob	raw	render	681	56167
sample	rich	slob	raw	render	682	52292
sample	rich	slob	raw	render	683	50375
sample	rich	slob	raw	render	684	55292
sample	rich	slob	raw	render	685	56917
sample	rich	slob	raw	render	686	57125
sample	rich	slob	raw	render	687	56834
sample	rich	slob	raw	render	688	58666
sample	rich	slob	raw	render	689	56542
sample	rich	slob	raw	render	690	51542
sample	rich	slob	raw	render	691	50000
sample	rich	slob	raw	render	692	56792
sample	rich	slob	raw	render	693	56209
sample	rich	slob	raw	render	694	56000
sample	rich	slob	raw	render	695	65792
sample	rich	slob	raw	render	696	60958
sample	rich	slob	raw	render	697	51542
sample	rich	slob	raw	render	698	50042
sample	rich	slob	raw	render	699	54792
sample	rich	slob	raw	render	700	58292
sample	rich	slob	raw	render	701	57208
sample	rich	slob	raw	render	702	57292
sample	rich	slob	raw	render	703	56125
sample	rich	slob	raw	render	704	246209
sample	rich	slob	raw	render	705	70167
sample	rich	slob	raw	render	706	50708
sample	rich	slob	raw	render	707	59417
sample	rich	slob	raw	render	708	58542
sample	rich	slob	raw	render	709	57166
sample	rich	slob	raw	render	710	57667
sample	rich	slob	raw	render	711	57500
sample	rich	slob	raw	render	712	51750
sample	rich	slob	raw	render	713	50500
sample	rich	slob	raw	render	714	55084
sample	rich	slob	raw	render	715	75333
sample	rich	slob	raw	render	716	65958
sample	rich	slob	raw	render	717	58542
sample	rich	slob	raw	render	718	56875
sample	rich	slob	raw	render	719	55833
sample	rich	slob	raw	render	720	50708
sample	rich	slob	raw	render	721	49375
sample	rich	slob	raw	render	722	56042
sample	rich	slob	raw	render	723	56000
sample	rich	slob	raw	render	724	55667
sample	rich	slob	raw	render	725	55958
sample	rich	slob	raw	render	726	55708
sample	rich	slob	raw	render	727	50833
sample	rich	slob	raw	render	728	65375
sample	rich	slob	raw	render	729	61208
sample	rich	slob	raw	render	730	57333
sample	rich	slob	raw	render	731	117125
sample	rich	slob	raw	render	732	68042
sample	rich	slob	raw	render	733	60250
sample	rich	slob	raw	render	734	122000
sample	rich	slob	raw	render	735	235667
sample	rich	slob	raw	render	736	69000
sample	rich	slob	raw	render	737	63916
sample	rich	slob	raw	render	738	58833
sample	rich	slob	raw	render	739	56208
sample	rich	slob	raw	render	740	57458
sample	rich	slob	raw	render	741	55833
sample	rich	slob	raw	render	742	52000
sample	rich	slob	raw	render	743	49333
sample	rich	slob	raw	render	744	54792
sample	rich	slob	raw	render	745	55708
sample	rich	slob	raw	render	746	56167
sample	rich	slob	raw	render	747	56416
sample	rich	slob	raw	render	748	55708
sample	rich	slob	raw	render	749	56333
sample	rich	slob	raw	render	750	51208
sample	rich	slob	raw	render	751	49250
sample	rich	slob	raw	render	752	57125
sample	rich	slob	raw	render	753	56041
sample	rich	slob	raw	render	754	55834
sample	rich	slob	raw	render	755	56167
sample	rich	slob	raw	render	756	56417
sample	rich	slob	raw	render	757	51125
sample	rich	slob	raw	render	758	49583
sample	rich	slob	raw	render	759	54041
sample	rich	slob	raw	render	760	55625
sample	rich	slob	raw	render	761	56625
sample	rich	slob	raw	render	762	55750
sample	rich	slob	raw	render	763	55750
sample	rich	slob	raw	render	764	55416
sample	rich	slob	raw	render	765	50958
sample	rich	slob	raw	render	766	48792
sample	rich	slob	raw	render	767	55750
sample	rich	slob	raw	render	768	55916
sample	rich	slob	raw	render	769	55375
sample	rich	slob	raw	render	770	55834
sample	rich	slob	raw	render	771	54959
sample	rich	slob	raw	render	772	50500
sample	rich	slob	raw	render	773	49208
sample	rich	slob	raw	render	774	54041
sample	rich	slob	raw	render	775	59125
sample	rich	slob	raw	render	776	56166
sample	rich	slob	raw	render	777	56708
sample	rich	slob	raw	render	778	55625
sample	rich	slob	raw	render	779	56584
sample	rich	slob	raw	render	780	51292
sample	rich	slob	raw	render	781	49375
sample	rich	slob	raw	render	782	55875
sample	rich	slob	raw	render	783	56000
sample	rich	slob	raw	render	784	56000
sample	rich	slob	raw	render	785	56416
sample	rich	slob	raw	render	786	56083
sample	rich	slob	raw	render	787	50917
sample	rich	slob	raw	render	788	49500
sample	rich	slob	raw	render	789	55041
sample	rich	slob	raw	render	790	56208
sample	rich	slob	raw	render	791	55916
sample	rich	slob	raw	render	792	55917
sample	rich	slob	raw	render	793	55500
sample	rich	slob	raw	render	794	56125
sample	rich	slob	raw	render	795	50916
sample	rich	slob	raw	render	796	49958
sample	rich	slob	raw	render	797	56375
sample	rich	slob	raw	render	798	56083
sample	rich	slob	raw	render	799	56125
sample	rich	slob	raw	render	800	67667
sample	rich	slob	raw	render	801	56209
sample	rich	slob	raw	render	802	50959
sample	rich	slob	raw	render	803	49334
sample	rich	slob	raw	render	804	53708
sample	rich	slob	raw	render	805	56375
sample	rich	slob	raw	render	806	55958
sample	rich	slob	raw	render	807	55542
sample	rich	slob	raw	render	808	55292
sample	rich	slob	raw	render	809	55250
sample	rich	slob	raw	render	810	50667
sample	rich	slob	raw	render	811	48959
sample	rich	slob	raw	render	812	55666
sample	rich	slob	raw	render	813	55792
sample	rich	slob	raw	render	814	55792
sample	rich	slob	raw	render	815	57417
sample	rich	slob	raw	render	816	55500
sample	rich	slob	raw	render	817	50750
sample	rich	slob	raw	render	818	49875
sample	rich	slob	raw	render	819	55333
sample	rich	slob	raw	render	820	55667
sample	rich	slob	raw	render	821	55334
sample	rich	slob	raw	render	822	55584
sample	rich	slob	raw	render	823	55125
sample	rich	slob	raw	render	824	55417
sample	rich	slob	raw	render	825	50917
sample	rich	slob	raw	render	826	49958
sample	rich	slob	raw	render	827	56333
sample	rich	slob	raw	render	828	56709
sample	rich	slob	raw	render	829	55875
sample	rich	slob	raw	render	830	56000
sample	rich	slob	raw	render	831	55666
sample	rich	slob	raw	render	832	50875
sample	rich	slob	raw	render	833	49000
sample	rich	slob	raw	render	834	54041
sample	rich	slob	raw	render	835	56000
sample	rich	slob	raw	render	836	55667
sample	rich	slob	raw	render	837	56666
sample	rich	slob	raw	render	838	56042
sample	rich	slob	raw	render	839	54959
sample	rich	slob	raw	render	840	50834
sample	rich	slob	raw	render	841	49083
sample	rich	slob	raw	render	842	56458
sample	rich	slob	raw	render	843	55542
sample	rich	slob	raw	render	844	104584
sample	rich	slob	raw	render	845	56958
sample	rich	slob	raw	render	846	55292
sample	rich	slob	raw	render	847	112208
sample	rich	slob	raw	render	848	63875
sample	rich	slob	raw	render	849	59458
sample	rich	slob	raw	render	850	58292
sample	rich	slob	raw	render	851	86792
sample	rich	slob	raw	render	852	175208
sample	rich	slob	raw	render	853	210000
sample	rich	slob	raw	render	854	62959
sample	rich	slob	raw	render	855	52917
sample	rich	slob	raw	render	856	51625
sample	rich	slob	raw	render	857	56875
sample	rich	slob	raw	render	858	57750
sample	rich	slob	raw	render	859	56458
sample	rich	slob	raw	render	860	56750
sample	rich	slob	raw	render	861	56334
sample	rich	slob	raw	render	862	51500
sample	rich	slob	raw	render	863	49333
sample	rich	slob	raw	render	864	54500
sample	rich	slob	raw	render	865	56000
sample	rich	slob	raw	render	866	56375
sample	rich	slob	raw	render	867	57042
sample	rich	slob	raw	render	868	56041
sample	rich	slob	raw	render	869	57125
sample	rich	slob	raw	render	870	51125
sample	rich	slob	raw	render	871	49250
sample	rich	slob	raw	render	872	55709
sample	rich	slob	raw	render	873	56417
sample	rich	slob	raw	render	874	56167
sample	rich	slob	raw	render	875	56083
sample	rich	slob	raw	render	876	55875
sample	rich	slob	raw	render	877	51416
sample	rich	slob	raw	render	878	49125
sample	rich	slob	raw	render	879	54667
sample	rich	slob	raw	render	880	55666
sample	rich	slob	raw	render	881	56166
sample	rich	slob	raw	render	882	55792
sample	rich	slob	raw	render	883	56417
sample	rich	slob	raw	render	884	56250
sample	rich	slob	raw	render	885	50917
sample	rich	slob	raw	render	886	49500
sample	rich	slob	raw	render	887	55834
sample	rich	slob	raw	render	888	55917
sample	rich	slob	raw	render	889	213792
sample	rich	slob	raw	render	890	159000
sample	rich	slob	raw	render	891	63958
sample	rich	slob	raw	render	892	53375
sample	rich	slob	raw	render	893	51041
sample	rich	slob	raw	render	894	55417
sample	rich	slob	raw	render	895	56333
sample	rich	slob	raw	render	896	56292
sample	rich	slob	raw	render	897	56791
sample	rich	slob	raw	render	898	56250
sample	rich	slob	raw	render	899	56000
sample	rich	slob	raw	render	900	51375
sample	rich	slob	raw	render	901	49583
sample	rich	slob	raw	render	902	55917
sample	rich	slob	raw	render	903	55875
sample	rich	slob	raw	render	904	55584
sample	rich	slob	raw	render	905	56209
sample	rich	slob	raw	render	906	65875
sample	rich	slob	raw	render	907	56042
sample	rich	slob	raw	render	908	49666
sample	rich	slob	raw	render	909	55292
sample	rich	slob	raw	render	910	57459
sample	rich	slob	raw	render	911	56750
sample	rich	slob	raw	render	912	56292
sample	rich	slob	raw	render	913	56000
sample	rich	slob	raw	render	914	55125
sample	rich	slob	raw	render	915	50375
sample	rich	slob	raw	render	916	49458
sample	rich	slob	raw	render	917	55833
sample	rich	slob	raw	render	918	55500
sample	rich	slob	raw	render	919	55666
sample	rich	slob	raw	render	920	55875
sample	rich	slob	raw	render	921	54959
sample	rich	slob	raw	render	922	50583
sample	rich	slob	raw	render	923	173917
sample	rich	slob	raw	render	924	212417
sample	rich	slob	raw	render	925	66750
sample	rich	slob	raw	render	926	56667
sample	rich	slob	raw	render	927	56500
sample	rich	slob	raw	render	928	55292
sample	rich	slob	raw	render	929	55667
sample	rich	slob	raw	render	930	51542
sample	rich	slob	raw	render	931	48791
sample	rich	slob	raw	render	932	55708
sample	rich	slob	raw	render	933	73458
sample	rich	slob	raw	render	934	55833
sample	rich	slob	raw	render	935	55959
sample	rich	slob	raw	render	936	56500
sample	rich	slob	raw	render	937	52125
sample	rich	slob	raw	render	938	49625
sample	rich	slob	raw	render	939	54500
sample	rich	slob	raw	render	940	55917
sample	rich	slob	raw	render	941	56000
sample	rich	slob	raw	render	942	57458
sample	rich	slob	raw	render	943	55291
sample	rich	slob	raw	render	944	55292
sample	rich	slob	raw	render	945	51208
sample	rich	slob	raw	render	946	49708
sample	rich	slob	raw	render	947	56875
sample	rich	slob	raw	render	948	55708
sample	rich	slob	raw	render	949	81042
sample	rich	slob	raw	render	950	62542
sample	rich	slob	raw	render	951	57458
sample	rich	slob	raw	render	952	51625
sample	rich	slob	raw	render	953	49750
sample	rich	slob	raw	render	954	54917
sample	rich	slob	raw	render	955	57042
sample	rich	slob	raw	render	956	56375
sample	rich	slob	raw	render	957	57500
sample	rich	slob	raw	render	958	56875
sample	rich	slob	raw	render	959	56333
sample	rich	slob	raw	render	960	51416
sample	rich	slob	raw	render	961	51125
sample	rich	slob	raw	render	962	56250
sample	rich	slob	raw	render	963	56875
sample	rich	slob	raw	render	964	56208
sample	rich	slob	raw	render	965	56875
sample	rich	slob	raw	render	966	55750
sample	rich	slob	raw	render	967	51084
sample	rich	slob	raw	render	968	49792
sample	rich	slob	raw	render	969	53958
sample	rich	slob	raw	render	970	55833
sample	rich	slob	raw	render	971	55625
sample	rich	slob	raw	render	972	56042
sample	rich	slob	raw	render	973	56334
sample	rich	slob	raw	render	974	55709
sample	rich	slob	raw	render	975	51125
sample	rich	slob	raw	render	976	49750
sample	rich	slob	raw	render	977	56125
sample	rich	slob	raw	render	978	56208
sample	rich	slob	raw	render	979	56000
sample	rich	slob	raw	render	980	61500
sample	rich	slob	raw	render	981	56417
sample	rich	slob	raw	render	982	51083
sample	rich	slob	raw	render	983	51500
sample	rich	slob	raw	render	984	54709
sample	rich	slob	raw	render	985	56709
sample	rich	slob	raw	render	986	56208
sample	rich	slob	raw	render	987	56166
sample	rich	slob	raw	render	988	55666
sample	rich	slob	raw	render	989	56209
sample	rich	slob	raw	render	990	51250
sample	rich	slob	raw	render	991	49084
sample	rich	slob	raw	render	992	55666
sample	rich	slob	raw	render	993	55500
sample	rich	slob	raw	render	994	55583
sample	rich	slob	raw	render	995	56083
sample	rich	slob	raw	render	996	56375
sample	rich	slob	raw	render	997	50791
sample	rich	slob	raw	render	998	49333
sample	rich	slob	raw	render	999	53500
result	rich	slob	raw	exact.p50_ns	434542
result	rich	slob	raw	exact.p95_ns	1130250
result	rich	slob	raw	exact.p99_ns	1357166
result	rich	slob	raw	prefix.p50_ns	33384000
result	rich	slob	raw	prefix.p95_ns	49667375
result	rich	slob	raw	prefix.p99_ns	60510667
result	rich	slob	raw	render.p50_ns	56083
result	rich	slob	raw	render.p95_ns	180834
result	rich	slob	raw	render.p99_ns	240916
result	rich	slob	raw	exact.hit.p50_ns	444042
result	rich	slob	raw	exact.hit.p95_ns	1170333
result	rich	slob	raw	exact.hit.p99_ns	1358750
result	rich	slob	raw	exact.miss.p50_ns	402625
result	rich	slob	raw	exact.miss.p95_ns	955375
result	rich	slob	raw	exact.miss.p99_ns	1335292
result	rich	slob	raw	prefix.zero.p50_ns	824417
result	rich	slob	raw	prefix.zero.p95_ns	1816625
result	rich	slob	raw	prefix.zero.p99_ns	2374792
result	rich	slob	raw	prefix.one.p50_ns	912875
result	rich	slob	raw	prefix.one.p95_ns	2304250
result	rich	slob	raw	prefix.one.p99_ns	2754375
result	rich	slob	raw	prefix.many.p50_ns	39634375
result	rich	slob	raw	prefix.many.p95_ns	54491375
result	rich	slob	raw	prefix.many.p99_ns	69274208
result	rich	slob	raw	prefix.pathological.p50_ns	-
result	rich	slob	raw	prefix.pathological.p95_ns	-
result	rich	slob	raw	prefix.pathological.p99_ns	-
result	rich	slob	lzma2	artifact_bytes	74476
result	rich	slob	lzma2	build_ns	79418208
sample	rich	slob	lzma2	open	0	192792
sample	rich	slob	lzma2	open	1	84667
sample	rich	slob	lzma2	open	2	78708
sample	rich	slob	lzma2	open	3	71458
sample	rich	slob	lzma2	open	4	61833
sample	rich	slob	lzma2	open	5	61250
sample	rich	slob	lzma2	open	6	60417
sample	rich	slob	lzma2	open	7	59791
sample	rich	slob	lzma2	open	8	67541
sample	rich	slob	lzma2	open	9	60084
sample	rich	slob	lzma2	open	10	63708
sample	rich	slob	lzma2	open	11	59750
sample	rich	slob	lzma2	open	12	75458
sample	rich	slob	lzma2	open	13	67625
sample	rich	slob	lzma2	open	14	60416
sample	rich	slob	lzma2	open	15	59291
sample	rich	slob	lzma2	open	16	66000
sample	rich	slob	lzma2	open	17	61416
sample	rich	slob	lzma2	open	18	59208
sample	rich	slob	lzma2	open	19	61209
sample	rich	slob	lzma2	open	20	61666
sample	rich	slob	lzma2	open	21	59833
sample	rich	slob	lzma2	open	22	60042
sample	rich	slob	lzma2	open	23	69666
sample	rich	slob	lzma2	open	24	66375
result	rich	slob	lzma2	open_ns	61666
result	rich	slob	lzma2	semantic_digest	14813021753239549239
result	rich	slob	lzma2	query_checksum	15472329982066036572
result	rich	slob	lzma2	outputs	1024875
result	rich	slob	lzma2	logical_prose_bytes	394154
sample	rich	slob	lzma2	exact	0	827375
sample	rich	slob	lzma2	exact	1	471417
sample	rich	slob	lzma2	exact	2	440875
sample	rich	slob	lzma2	exact	3	542708
sample	rich	slob	lzma2	exact	4	1162375
sample	rich	slob	lzma2	exact	5	537834
sample	rich	slob	lzma2	exact	6	565375
sample	rich	slob	lzma2	exact	7	467792
sample	rich	slob	lzma2	exact	8	659000
sample	rich	slob	lzma2	exact	9	344583
sample	rich	slob	lzma2	exact	10	434417
sample	rich	slob	lzma2	exact	11	404083
sample	rich	slob	lzma2	exact	12	447792
sample	rich	slob	lzma2	exact	13	1296209
sample	rich	slob	lzma2	exact	14	436583
sample	rich	slob	lzma2	exact	15	465625
sample	rich	slob	lzma2	exact	16	590167
sample	rich	slob	lzma2	exact	17	340916
sample	rich	slob	lzma2	exact	18	435958
sample	rich	slob	lzma2	exact	19	647583
sample	rich	slob	lzma2	exact	20	1627375
sample	rich	slob	lzma2	exact	21	1210417
sample	rich	slob	lzma2	exact	22	862542
sample	rich	slob	lzma2	exact	23	731125
sample	rich	slob	lzma2	exact	24	486458
sample	rich	slob	lzma2	exact	25	343542
sample	rich	slob	lzma2	exact	26	587250
sample	rich	slob	lzma2	exact	27	1096667
sample	rich	slob	lzma2	exact	28	1093417
sample	rich	slob	lzma2	exact	29	619750
sample	rich	slob	lzma2	exact	30	485917
sample	rich	slob	lzma2	exact	31	474625
sample	rich	slob	lzma2	exact	32	439041
sample	rich	slob	lzma2	exact	33	343208
sample	rich	slob	lzma2	exact	34	500209
sample	rich	slob	lzma2	exact	35	411417
sample	rich	slob	lzma2	exact	36	450459
sample	rich	slob	lzma2	exact	37	628625
sample	rich	slob	lzma2	exact	38	521625
sample	rich	slob	lzma2	exact	39	472000
sample	rich	slob	lzma2	exact	40	446083
sample	rich	slob	lzma2	exact	41	343875
sample	rich	slob	lzma2	exact	42	435625
sample	rich	slob	lzma2	exact	43	849625
sample	rich	slob	lzma2	exact	44	1044375
sample	rich	slob	lzma2	exact	45	431584
sample	rich	slob	lzma2	exact	46	440750
sample	rich	slob	lzma2	exact	47	469667
sample	rich	slob	lzma2	exact	48	491125
sample	rich	slob	lzma2	exact	49	349584
sample	rich	slob	lzma2	exact	50	968417
sample	rich	slob	lzma2	exact	51	784875
sample	rich	slob	lzma2	exact	52	435125
sample	rich	slob	lzma2	exact	53	501417
sample	rich	slob	lzma2	exact	54	432875
sample	rich	slob	lzma2	exact	55	464000
sample	rich	slob	lzma2	exact	56	529583
sample	rich	slob	lzma2	exact	57	407500
sample	rich	slob	lzma2	exact	58	439542
sample	rich	slob	lzma2	exact	59	404000
sample	rich	slob	lzma2	exact	60	675167
sample	rich	slob	lzma2	exact	61	566958
sample	rich	slob	lzma2	exact	62	430375
sample	rich	slob	lzma2	exact	63	462208
sample	rich	slob	lzma2	exact	64	429667
sample	rich	slob	lzma2	exact	65	339250
sample	rich	slob	lzma2	exact	66	639834
sample	rich	slob	lzma2	exact	67	407208
sample	rich	slob	lzma2	exact	68	729458
sample	rich	slob	lzma2	exact	69	405417
sample	rich	slob	lzma2	exact	70	433459
sample	rich	slob	lzma2	exact	71	474666
sample	rich	slob	lzma2	exact	72	877542
sample	rich	slob	lzma2	exact	73	344625
sample	rich	slob	lzma2	exact	74	432167
sample	rich	slob	lzma2	exact	75	403959
sample	rich	slob	lzma2	exact	76	435667
sample	rich	slob	lzma2	exact	77	402625
sample	rich	slob	lzma2	exact	78	430750
sample	rich	slob	lzma2	exact	79	465084
sample	rich	slob	lzma2	exact	80	437167
sample	rich	slob	lzma2	exact	81	340167
sample	rich	slob	lzma2	exact	82	676416
sample	rich	slob	lzma2	exact	83	619833
sample	rich	slob	lzma2	exact	84	442833
sample	rich	slob	lzma2	exact	85	407542
sample	rich	slob	lzma2	exact	86	434292
sample	rich	slob	lzma2	exact	87	469291
sample	rich	slob	lzma2	exact	88	433000
sample	rich	slob	lzma2	exact	89	343917
sample	rich	slob	lzma2	exact	90	431000
sample	rich	slob	lzma2	exact	91	404958
sample	rich	slob	lzma2	exact	92	434667
sample	rich	slob	lzma2	exact	93	407666
sample	rich	slob	lzma2	exact	94	435000
sample	rich	slob	lzma2	exact	95	722542
sample	rich	slob	lzma2	exact	96	464083
sample	rich	slob	lzma2	exact	97	450083
sample	rich	slob	lzma2	exact	98	436041
sample	rich	slob	lzma2	exact	99	1159959
sample	rich	slob	lzma2	exact	100	461458
sample	rich	slob	lzma2	exact	101	412334
sample	rich	slob	lzma2	exact	102	601541
sample	rich	slob	lzma2	exact	103	471166
sample	rich	slob	lzma2	exact	104	1069375
sample	rich	slob	lzma2	exact	105	872458
sample	rich	slob	lzma2	exact	106	1229709
sample	rich	slob	lzma2	exact	107	871833
sample	rich	slob	lzma2	exact	108	442250
sample	rich	slob	lzma2	exact	109	801250
sample	rich	slob	lzma2	exact	110	828416
sample	rich	slob	lzma2	exact	111	479459
sample	rich	slob	lzma2	exact	112	430708
sample	rich	slob	lzma2	exact	113	342416
sample	rich	slob	lzma2	exact	114	433542
sample	rich	slob	lzma2	exact	115	586292
sample	rich	slob	lzma2	exact	116	700084
sample	rich	slob	lzma2	exact	117	1126167
sample	rich	slob	lzma2	exact	118	1045458
sample	rich	slob	lzma2	exact	119	480625
sample	rich	slob	lzma2	exact	120	592667
sample	rich	slob	lzma2	exact	121	344500
sample	rich	slob	lzma2	exact	122	432542
sample	rich	slob	lzma2	exact	123	406250
sample	rich	slob	lzma2	exact	124	476791
sample	rich	slob	lzma2	exact	125	402375
sample	rich	slob	lzma2	exact	126	436458
sample	rich	slob	lzma2	exact	127	514792
sample	rich	slob	lzma2	exact	128	439583
sample	rich	slob	lzma2	exact	129	338416
sample	rich	slob	lzma2	exact	130	441458
sample	rich	slob	lzma2	exact	131	400583
sample	rich	slob	lzma2	exact	132	426584
sample	rich	slob	lzma2	exact	133	399166
sample	rich	slob	lzma2	exact	134	432709
sample	rich	slob	lzma2	exact	135	464541
sample	rich	slob	lzma2	exact	136	429208
sample	rich	slob	lzma2	exact	137	338750
sample	rich	slob	lzma2	exact	138	517916
sample	rich	slob	lzma2	exact	139	411584
sample	rich	slob	lzma2	exact	140	434375
sample	rich	slob	lzma2	exact	141	403791
sample	rich	slob	lzma2	exact	142	430042
sample	rich	slob	lzma2	exact	143	474042
sample	rich	slob	lzma2	exact	144	435583
sample	rich	slob	lzma2	exact	145	342167
sample	rich	slob	lzma2	exact	146	429875
sample	rich	slob	lzma2	exact	147	401833
sample	rich	slob	lzma2	exact	148	431542
sample	rich	slob	lzma2	exact	149	406042
sample	rich	slob	lzma2	exact	150	427916
sample	rich	slob	lzma2	exact	151	640375
sample	rich	slob	lzma2	exact	152	437917
sample	rich	slob	lzma2	exact	153	336625
sample	rich	slob	lzma2	exact	154	428084
sample	rich	slob	lzma2	exact	155	664041
sample	rich	slob	lzma2	exact	156	758375
sample	rich	slob	lzma2	exact	157	863000
sample	rich	slob	lzma2	exact	158	434959
sample	rich	slob	lzma2	exact	159	572291
sample	rich	slob	lzma2	exact	160	440084
sample	rich	slob	lzma2	exact	161	344250
sample	rich	slob	lzma2	exact	162	463584
sample	rich	slob	lzma2	exact	163	467666
sample	rich	slob	lzma2	exact	164	1448208
sample	rich	slob	lzma2	exact	165	401166
sample	rich	slob	lzma2	exact	166	427667
sample	rich	slob	lzma2	exact	167	461250
sample	rich	slob	lzma2	exact	168	459000
sample	rich	slob	lzma2	exact	169	367625
sample	rich	slob	lzma2	exact	170	428708
sample	rich	slob	lzma2	exact	171	563875
sample	rich	slob	lzma2	exact	172	430917
sample	rich	slob	lzma2	exact	173	404208
sample	rich	slob	lzma2	exact	174	435167
sample	rich	slob	lzma2	exact	175	469042
sample	rich	slob	lzma2	exact	176	459291
sample	rich	slob	lzma2	exact	177	339833
sample	rich	slob	lzma2	exact	178	433709
sample	rich	slob	lzma2	exact	179	402958
sample	rich	slob	lzma2	exact	180	475250
sample	rich	slob	lzma2	exact	181	487667
sample	rich	slob	lzma2	exact	182	433541
sample	rich	slob	lzma2	exact	183	463000
sample	rich	slob	lzma2	exact	184	433167
sample	rich	slob	lzma2	exact	185	618458
sample	rich	slob	lzma2	exact	186	1296208
sample	rich	slob	lzma2	exact	187	412042
sample	rich	slob	lzma2	exact	188	438125
sample	rich	slob	lzma2	exact	189	405958
sample	rich	slob	lzma2	exact	190	434125
sample	rich	slob	lzma2	exact	191	537084
sample	rich	slob	lzma2	exact	192	1117417
sample	rich	slob	lzma2	exact	193	349208
sample	rich	slob	lzma2	exact	194	429292
sample	rich	slob	lzma2	exact	195	403750
sample	rich	slob	lzma2	exact	196	429917
sample	rich	slob	lzma2	exact	197	408125
sample	rich	slob	lzma2	exact	198	434916
sample	rich	slob	lzma2	exact	199	988250
sample	rich	slob	lzma2	exact	200	998209
sample	rich	slob	lzma2	exact	201	354250
sample	rich	slob	lzma2	exact	202	434958
sample	rich	slob	lzma2	exact	203	409167
sample	rich	slob	lzma2	exact	204	437625
sample	rich	slob	lzma2	exact	205	403792
sample	rich	slob	lzma2	exact	206	464084
sample	rich	slob	lzma2	exact	207	475375
sample	rich	slob	lzma2	exact	208	434250
sample	rich	slob	lzma2	exact	209	340458
sample	rich	slob	lzma2	exact	210	427417
sample	rich	slob	lzma2	exact	211	402041
sample	rich	slob	lzma2	exact	212	430458
sample	rich	slob	lzma2	exact	213	402542
sample	rich	slob	lzma2	exact	214	433167
sample	rich	slob	lzma2	exact	215	463333
sample	rich	slob	lzma2	exact	216	429834
sample	rich	slob	lzma2	exact	217	400375
sample	rich	slob	lzma2	exact	218	1058833
sample	rich	slob	lzma2	exact	219	410916
sample	rich	slob	lzma2	exact	220	716791
sample	rich	slob	lzma2	exact	221	406167
sample	rich	slob	lzma2	exact	222	435417
sample	rich	slob	lzma2	exact	223	479458
sample	rich	slob	lzma2	exact	224	435167
sample	rich	slob	lzma2	exact	225	342042
sample	rich	slob	lzma2	exact	226	432250
sample	rich	slob	lzma2	exact	227	882959
sample	rich	slob	lzma2	exact	228	433917
sample	rich	slob	lzma2	exact	229	411583
sample	rich	slob	lzma2	exact	230	441250
sample	rich	slob	lzma2	exact	231	463209
sample	rich	slob	lzma2	exact	232	482459
sample	rich	slob	lzma2	exact	233	343541
sample	rich	slob	lzma2	exact	234	432042
sample	rich	slob	lzma2	exact	235	405584
sample	rich	slob	lzma2	exact	236	429709
sample	rich	slob	lzma2	exact	237	402541
sample	rich	slob	lzma2	exact	238	432625
sample	rich	slob	lzma2	exact	239	467167
sample	rich	slob	lzma2	exact	240	426958
sample	rich	slob	lzma2	exact	241	338750
sample	rich	slob	lzma2	exact	242	438000
sample	rich	slob	lzma2	exact	243	402750
sample	rich	slob	lzma2	exact	244	432375
sample	rich	slob	lzma2	exact	245	402708
sample	rich	slob	lzma2	exact	246	429167
sample	rich	slob	lzma2	exact	247	463166
sample	rich	slob	lzma2	exact	248	431750
sample	rich	slob	lzma2	exact	249	437875
sample	rich	slob	lzma2	exact	250	485584
sample	rich	slob	lzma2	exact	251	476542
sample	rich	slob	lzma2	exact	252	442041
sample	rich	slob	lzma2	exact	253	406667
sample	rich	slob	lzma2	exact	254	436208
sample	rich	slob	lzma2	exact	255	595792
sample	rich	slob	lzma2	exact	256	433541
sample	rich	slob	lzma2	exact	257	338666
sample	rich	slob	lzma2	exact	258	431084
sample	rich	slob	lzma2	exact	259	402625
sample	rich	slob	lzma2	exact	260	432709
sample	rich	slob	lzma2	exact	261	403916
sample	rich	slob	lzma2	exact	262	431500
sample	rich	slob	lzma2	exact	263	463708
sample	rich	slob	lzma2	exact	264	431250
sample	rich	slob	lzma2	exact	265	340833
sample	rich	slob	lzma2	exact	266	428666
sample	rich	slob	lzma2	exact	267	512458
sample	rich	slob	lzma2	exact	268	515375
sample	rich	slob	lzma2	exact	269	400333
sample	rich	slob	lzma2	exact	270	427500
sample	rich	slob	lzma2	exact	271	460667
sample	rich	slob	lzma2	exact	272	428916
sample	rich	slob	lzma2	exact	273	335459
sample	rich	slob	lzma2	exact	274	424042
sample	rich	slob	lzma2	exact	275	395209
sample	rich	slob	lzma2	exact	276	1293583
sample	rich	slob	lzma2	exact	277	1067750
sample	rich	slob	lzma2	exact	278	906166
sample	rich	slob	lzma2	exact	279	479417
sample	rich	slob	lzma2	exact	280	435334
sample	rich	slob	lzma2	exact	281	341041
sample	rich	slob	lzma2	exact	282	521500
sample	rich	slob	lzma2	exact	283	650542
sample	rich	slob	lzma2	exact	284	443375
sample	rich	slob	lzma2	exact	285	402375
sample	rich	slob	lzma2	exact	286	430667
sample	rich	slob	lzma2	exact	287	718500
sample	rich	slob	lzma2	exact	288	507708
sample	rich	slob	lzma2	exact	289	384708
sample	rich	slob	lzma2	exact	290	440334
sample	rich	slob	lzma2	exact	291	406375
sample	rich	slob	lzma2	exact	292	437167
sample	rich	slob	lzma2	exact	293	449208
sample	rich	slob	lzma2	exact	294	431250
sample	rich	slob	lzma2	exact	295	465875
sample	rich	slob	lzma2	exact	296	471000
sample	rich	slob	lzma2	exact	297	513333
sample	rich	slob	lzma2	exact	298	433916
sample	rich	slob	lzma2	exact	299	1089459
sample	rich	slob	lzma2	exact	300	435708
sample	rich	slob	lzma2	exact	301	398917
sample	rich	slob	lzma2	exact	302	427792
sample	rich	slob	lzma2	exact	303	458791
sample	rich	slob	lzma2	exact	304	428250
sample	rich	slob	lzma2	exact	305	363500
sample	rich	slob	lzma2	exact	306	436292
sample	rich	slob	lzma2	exact	307	406292
sample	rich	slob	lzma2	exact	308	434917
sample	rich	slob	lzma2	exact	309	403125
sample	rich	slob	lzma2	exact	310	441459
sample	rich	slob	lzma2	exact	311	465209
sample	rich	slob	lzma2	exact	312	549000
sample	rich	slob	lzma2	exact	313	342417
sample	rich	slob	lzma2	exact	314	492625
sample	rich	slob	lzma2	exact	315	403084
sample	rich	slob	lzma2	exact	316	434084
sample	rich	slob	lzma2	exact	317	401958
sample	rich	slob	lzma2	exact	318	430042
sample	rich	slob	lzma2	exact	319	465333
sample	rich	slob	lzma2	exact	320	431416
sample	rich	slob	lzma2	exact	321	340000
sample	rich	slob	lzma2	exact	322	428875
sample	rich	slob	lzma2	exact	323	438708
sample	rich	slob	lzma2	exact	324	429666
sample	rich	slob	lzma2	exact	325	400500
sample	rich	slob	lzma2	exact	326	433625
sample	rich	slob	lzma2	exact	327	462875
sample	rich	slob	lzma2	exact	328	430833
sample	rich	slob	lzma2	exact	329	339833
sample	rich	slob	lzma2	exact	330	428792
sample	rich	slob	lzma2	exact	331	702166
sample	rich	slob	lzma2	exact	332	437584
sample	rich	slob	lzma2	exact	333	449875
sample	rich	slob	lzma2	exact	334	437250
sample	rich	slob	lzma2	exact	335	476666
sample	rich	slob	lzma2	exact	336	431292
sample	rich	slob	lzma2	exact	337	341459
sample	rich	slob	lzma2	exact	338	430125
sample	rich	slob	lzma2	exact	339	400750
sample	rich	slob	lzma2	exact	340	466333
sample	rich	slob	lzma2	exact	341	655292
sample	rich	slob	lzma2	exact	342	1116875
sample	rich	slob	lzma2	exact	343	469833
sample	rich	slob	lzma2	exact	344	428500
sample	rich	slob	lzma2	exact	345	337375
sample	rich	slob	lzma2	exact	346	432417
sample	rich	slob	lzma2	exact	347	397458
sample	rich	slob	lzma2	exact	348	426958
sample	rich	slob	lzma2	exact	349	959209
sample	rich	slob	lzma2	exact	350	739250
sample	rich	slob	lzma2	exact	351	1370042
sample	rich	slob	lzma2	exact	352	1196208
sample	rich	slob	lzma2	exact	353	734291
sample	rich	slob	lzma2	exact	354	1293292
sample	rich	slob	lzma2	exact	355	557084
sample	rich	slob	lzma2	exact	356	437541
sample	rich	slob	lzma2	exact	357	400833
sample	rich	slob	lzma2	exact	358	1169750
sample	rich	slob	lzma2	exact	359	1149834
sample	rich	slob	lzma2	exact	360	700458
sample	rich	slob	lzma2	exact	361	366250
sample	rich	slob	lzma2	exact	362	434000
sample	rich	slob	lzma2	exact	363	402625
sample	rich	slob	lzma2	exact	364	434750
sample	rich	slob	lzma2	exact	365	402000
sample	rich	slob	lzma2	exact	366	431416
sample	rich	slob	lzma2	exact	367	464250
sample	rich	slob	lzma2	exact	368	435000
sample	rich	slob	lzma2	exact	369	435792
sample	rich	slob	lzma2	exact	370	440459
sample	rich	slob	lzma2	exact	371	631917
sample	rich	slob	lzma2	exact	372	683875
sample	rich	slob	lzma2	exact	373	407917
sample	rich	slob	lzma2	exact	374	432500
sample	rich	slob	lzma2	exact	375	467458
sample	rich	slob	lzma2	exact	376	539583
sample	rich	slob	lzma2	exact	377	369500
sample	rich	slob	lzma2	exact	378	431542
sample	rich	slob	lzma2	exact	379	605625
sample	rich	slob	lzma2	exact	380	672708
sample	rich	slob	lzma2	exact	381	404666
sample	rich	slob	lzma2	exact	382	429125
sample	rich	slob	lzma2	exact	383	828459
sample	rich	slob	lzma2	exact	384	474334
sample	rich	slob	lzma2	exact	385	341000
sample	rich	slob	lzma2	exact	386	459709
sample	rich	slob	lzma2	exact	387	434709
sample	rich	slob	lzma2	exact	388	433583
sample	rich	slob	lzma2	exact	389	395292
sample	rich	slob	lzma2	exact	390	420750
sample	rich	slob	lzma2	exact	391	464291
sample	rich	slob	lzma2	exact	392	423625
sample	rich	slob	lzma2	exact	393	333000
sample	rich	slob	lzma2	exact	394	428458
sample	rich	slob	lzma2	exact	395	395417
sample	rich	slob	lzma2	exact	396	425625
sample	rich	slob	lzma2	exact	397	394625
sample	rich	slob	lzma2	exact	398	424166
sample	rich	slob	lzma2	exact	399	456667
sample	rich	slob	lzma2	exact	400	421708
sample	rich	slob	lzma2	exact	401	391500
sample	rich	slob	lzma2	exact	402	436375
sample	rich	slob	lzma2	exact	403	409292
sample	rich	slob	lzma2	exact	404	443250
sample	rich	slob	lzma2	exact	405	1257083
sample	rich	slob	lzma2	exact	406	997959
sample	rich	slob	lzma2	exact	407	475667
sample	rich	slob	lzma2	exact	408	437375
sample	rich	slob	lzma2	exact	409	406458
sample	rich	slob	lzma2	exact	410	437458
sample	rich	slob	lzma2	exact	411	404250
sample	rich	slob	lzma2	exact	412	430209
sample	rich	slob	lzma2	exact	413	403292
sample	rich	slob	lzma2	exact	414	829125
sample	rich	slob	lzma2	exact	415	1398792
sample	rich	slob	lzma2	exact	416	1288917
sample	rich	slob	lzma2	exact	417	347167
sample	rich	slob	lzma2	exact	418	437250
sample	rich	slob	lzma2	exact	419	621959
sample	rich	slob	lzma2	exact	420	453750
sample	rich	slob	lzma2	exact	421	809834
sample	rich	slob	lzma2	exact	422	820292
sample	rich	slob	lzma2	exact	423	1262208
sample	rich	slob	lzma2	exact	424	882958
sample	rich	slob	lzma2	exact	425	347875
sample	rich	slob	lzma2	exact	426	764000
sample	rich	slob	lzma2	exact	427	421250
sample	rich	slob	lzma2	exact	428	439417
sample	rich	slob	lzma2	exact	429	405459
sample	rich	slob	lzma2	exact	430	434584
sample	rich	slob	lzma2	exact	431	474417
sample	rich	slob	lzma2	exact	432	440125
sample	rich	slob	lzma2	exact	433	990291
sample	rich	slob	lzma2	exact	434	731834
sample	rich	slob	lzma2	exact	435	405083
sample	rich	slob	lzma2	exact	436	807833
sample	rich	slob	lzma2	exact	437	411500
sample	rich	slob	lzma2	exact	438	440917
sample	rich	slob	lzma2	exact	439	470000
sample	rich	slob	lzma2	exact	440	593250
sample	rich	slob	lzma2	exact	441	337583
sample	rich	slob	lzma2	exact	442	419583
sample	rich	slob	lzma2	exact	443	394375
sample	rich	slob	lzma2	exact	444	419875
sample	rich	slob	lzma2	exact	445	392459
sample	rich	slob	lzma2	exact	446	421250
sample	rich	slob	lzma2	exact	447	454458
sample	rich	slob	lzma2	exact	448	425042
sample	rich	slob	lzma2	exact	449	341000
sample	rich	slob	lzma2	exact	450	426708
sample	rich	slob	lzma2	exact	451	396250
sample	rich	slob	lzma2	exact	452	425709
sample	rich	slob	lzma2	exact	453	392125
sample	rich	slob	lzma2	exact	454	422375
sample	rich	slob	lzma2	exact	455	452041
sample	rich	slob	lzma2	exact	456	420583
sample	rich	slob	lzma2	exact	457	386458
sample	rich	slob	lzma2	exact	458	1271583
sample	rich	slob	lzma2	exact	459	401958
sample	rich	slob	lzma2	exact	460	432125
sample	rich	slob	lzma2	exact	461	391334
sample	rich	slob	lzma2	exact	462	420292
sample	rich	slob	lzma2	exact	463	453333
sample	rich	slob	lzma2	exact	464	417667
sample	rich	slob	lzma2	exact	465	332583
sample	rich	slob	lzma2	exact	466	419834
sample	rich	slob	lzma2	exact	467	391625
sample	rich	slob	lzma2	exact	468	423333
sample	rich	slob	lzma2	exact	469	392166
sample	rich	slob	lzma2	exact	470	891375
sample	rich	slob	lzma2	exact	471	496333
sample	rich	slob	lzma2	exact	472	544625
sample	rich	slob	lzma2	exact	473	339292
sample	rich	slob	lzma2	exact	474	427583
sample	rich	slob	lzma2	exact	475	402791
sample	rich	slob	lzma2	exact	476	537458
sample	rich	slob	lzma2	exact	477	407417
sample	rich	slob	lzma2	exact	478	434625
sample	rich	slob	lzma2	exact	479	465500
sample	rich	slob	lzma2	exact	480	426667
sample	rich	slob	lzma2	exact	481	346583
sample	rich	slob	lzma2	exact	482	629917
sample	rich	slob	lzma2	exact	483	851083
sample	rich	slob	lzma2	exact	484	478042
sample	rich	slob	lzma2	exact	485	798125
sample	rich	slob	lzma2	exact	486	434042
sample	rich	slob	lzma2	exact	487	456959
sample	rich	slob	lzma2	exact	488	425875
sample	rich	slob	lzma2	exact	489	331417
sample	rich	slob	lzma2	exact	490	938708
sample	rich	slob	lzma2	exact	491	407666
sample	rich	slob	lzma2	exact	492	436375
sample	rich	slob	lzma2	exact	493	608084
sample	rich	slob	lzma2	exact	494	427875
sample	rich	slob	lzma2	exact	495	459958
sample	rich	slob	lzma2	exact	496	1000959
sample	rich	slob	lzma2	exact	497	858625
sample	rich	slob	lzma2	exact	498	1259666
sample	rich	slob	lzma2	exact	499	1043166
sample	rich	slob	lzma2	exact	500	670292
sample	rich	slob	lzma2	exact	501	399833
sample	rich	slob	lzma2	exact	502	425292
sample	rich	slob	lzma2	exact	503	458875
sample	rich	slob	lzma2	exact	504	424792
sample	rich	slob	lzma2	exact	505	335042
sample	rich	slob	lzma2	exact	506	424709
sample	rich	slob	lzma2	exact	507	395334
sample	rich	slob	lzma2	exact	508	425666
sample	rich	slob	lzma2	exact	509	394541
sample	rich	slob	lzma2	exact	510	421458
sample	rich	slob	lzma2	exact	511	461834
sample	rich	slob	lzma2	exact	512	432209
sample	rich	slob	lzma2	exact	513	332875
sample	rich	slob	lzma2	exact	514	424917
sample	rich	slob	lzma2	exact	515	393166
sample	rich	slob	lzma2	exact	516	422417
sample	rich	slob	lzma2	exact	517	393167
sample	rich	slob	lzma2	exact	518	425042
sample	rich	slob	lzma2	exact	519	824833
sample	rich	slob	lzma2	exact	520	481500
sample	rich	slob	lzma2	exact	521	344167
sample	rich	slob	lzma2	exact	522	596334
sample	rich	slob	lzma2	exact	523	1065125
sample	rich	slob	lzma2	exact	524	625792
sample	rich	slob	lzma2	exact	525	833333
sample	rich	slob	lzma2	exact	526	444666
sample	rich	slob	lzma2	exact	527	467792
sample	rich	slob	lzma2	exact	528	436875
sample	rich	slob	lzma2	exact	529	340750
sample	rich	slob	lzma2	exact	530	511125
sample	rich	slob	lzma2	exact	531	409333
sample	rich	slob	lzma2	exact	532	436125
sample	rich	slob	lzma2	exact	533	409917
sample	rich	slob	lzma2	exact	534	429584
sample	rich	slob	lzma2	exact	535	459791
sample	rich	slob	lzma2	exact	536	434291
sample	rich	slob	lzma2	exact	537	337583
sample	rich	slob	lzma2	exact	538	427292
sample	rich	slob	lzma2	exact	539	398125
sample	rich	slob	lzma2	exact	540	423459
sample	rich	slob	lzma2	exact	541	397167
sample	rich	slob	lzma2	exact	542	432166
sample	rich	slob	lzma2	exact	543	459875
sample	rich	slob	lzma2	exact	544	731958
sample	rich	slob	lzma2	exact	545	471250
sample	rich	slob	lzma2	exact	546	449666
sample	rich	slob	lzma2	exact	547	406333
sample	rich	slob	lzma2	exact	548	432875
sample	rich	slob	lzma2	exact	549	402666
sample	rich	slob	lzma2	exact	550	430125
sample	rich	slob	lzma2	exact	551	466416
sample	rich	slob	lzma2	exact	552	430708
sample	rich	slob	lzma2	exact	553	338125
sample	rich	slob	lzma2	exact	554	431584
sample	rich	slob	lzma2	exact	555	547292
sample	rich	slob	lzma2	exact	556	435500
sample	rich	slob	lzma2	exact	557	400667
sample	rich	slob	lzma2	exact	558	434542
sample	rich	slob	lzma2	exact	559	465167
sample	rich	slob	lzma2	exact	560	431417
sample	rich	slob	lzma2	exact	561	380292
sample	rich	slob	lzma2	exact	562	433333
sample	rich	slob	lzma2	exact	563	406583
sample	rich	slob	lzma2	exact	564	432834
sample	rich	slob	lzma2	exact	565	432417
sample	rich	slob	lzma2	exact	566	479208
sample	rich	slob	lzma2	exact	567	466209
sample	rich	slob	lzma2	exact	568	510209
sample	rich	slob	lzma2	exact	569	576292
sample	rich	slob	lzma2	exact	570	439125
sample	rich	slob	lzma2	exact	571	404750
sample	rich	slob	lzma2	exact	572	432500
sample	rich	slob	lzma2	exact	573	402833
sample	rich	slob	lzma2	exact	574	430417
sample	rich	slob	lzma2	exact	575	465375
sample	rich	slob	lzma2	exact	576	432208
sample	rich	slob	lzma2	exact	577	339833
sample	rich	slob	lzma2	exact	578	432250
sample	rich	slob	lzma2	exact	579	403417
sample	rich	slob	lzma2	exact	580	436250
sample	rich	slob	lzma2	exact	581	401125
sample	rich	slob	lzma2	exact	582	708167
sample	rich	slob	lzma2	exact	583	469584
sample	rich	slob	lzma2	exact	584	435292
sample	rich	slob	lzma2	exact	585	339000
sample	rich	slob	lzma2	exact	586	472333
sample	rich	slob	lzma2	exact	587	404541
sample	rich	slob	lzma2	exact	588	518417
sample	rich	slob	lzma2	exact	589	403875
sample	rich	slob	lzma2	exact	590	431125
sample	rich	slob	lzma2	exact	591	462917
sample	rich	slob	lzma2	exact	592	968208
sample	rich	slob	lzma2	exact	593	350500
sample	rich	slob	lzma2	exact	594	428875
sample	rich	slob	lzma2	exact	595	1034250
sample	rich	slob	lzma2	exact	596	1516875
sample	rich	slob	lzma2	exact	597	1215834
sample	rich	slob	lzma2	exact	598	1232917
sample	rich	slob	lzma2	exact	599	1319708
sample	rich	slob	lzma2	exact	600	858625
sample	rich	slob	lzma2	exact	601	350375
sample	rich	slob	lzma2	exact	602	1138000
sample	rich	slob	lzma2	exact	603	425542
sample	rich	slob	lzma2	exact	604	437750
sample	rich	slob	lzma2	exact	605	558417
sample	rich	slob	lzma2	exact	606	436250
sample	rich	slob	lzma2	exact	607	514000
sample	rich	slob	lzma2	exact	608	432875
sample	rich	slob	lzma2	exact	609	334917
sample	rich	slob	lzma2	exact	610	423792
sample	rich	slob	lzma2	exact	611	396042
sample	rich	slob	lzma2	exact	612	423833
sample	rich	slob	lzma2	exact	613	394209
sample	rich	slob	lzma2	exact	614	427666
sample	rich	slob	lzma2	exact	615	462750
sample	rich	slob	lzma2	exact	616	429417
sample	rich	slob	lzma2	exact	617	336667
sample	rich	slob	lzma2	exact	618	439708
sample	rich	slob	lzma2	exact	619	452292
sample	rich	slob	lzma2	exact	620	561000
sample	rich	slob	lzma2	exact	621	405542
sample	rich	slob	lzma2	exact	622	434458
sample	rich	slob	lzma2	exact	623	518459
sample	rich	slob	lzma2	exact	624	434458
sample	rich	slob	lzma2	exact	625	407834
sample	rich	slob	lzma2	exact	626	432708
sample	rich	slob	lzma2	exact	627	579875
sample	rich	slob	lzma2	exact	628	440250
sample	rich	slob	lzma2	exact	629	405500
sample	rich	slob	lzma2	exact	630	441750
sample	rich	slob	lzma2	exact	631	468583
sample	rich	slob	lzma2	exact	632	679625
sample	rich	slob	lzma2	exact	633	1086583
sample	rich	slob	lzma2	exact	634	446500
sample	rich	slob	lzma2	exact	635	400833
sample	rich	slob	lzma2	exact	636	433209
sample	rich	slob	lzma2	exact	637	399708
sample	rich	slob	lzma2	exact	638	634041
sample	rich	slob	lzma2	exact	639	1050792
sample	rich	slob	lzma2	exact	640	580000
sample	rich	slob	lzma2	exact	641	344333
sample	rich	slob	lzma2	exact	642	433500
sample	rich	slob	lzma2	exact	643	403750
sample	rich	slob	lzma2	exact	644	435750
sample	rich	slob	lzma2	exact	645	401250
sample	rich	slob	lzma2	exact	646	430000
sample	rich	slob	lzma2	exact	647	462625
sample	rich	slob	lzma2	exact	648	432709
sample	rich	slob	lzma2	exact	649	339666
sample	rich	slob	lzma2	exact	650	862542
sample	rich	slob	lzma2	exact	651	688208
sample	rich	slob	lzma2	exact	652	602791
sample	rich	slob	lzma2	exact	653	500125
sample	rich	slob	lzma2	exact	654	847791
sample	rich	slob	lzma2	exact	655	695500
sample	rich	slob	lzma2	exact	656	435542
sample	rich	slob	lzma2	exact	657	339583
sample	rich	slob	lzma2	exact	658	428708
sample	rich	slob	lzma2	exact	659	398417
sample	rich	slob	lzma2	exact	660	436042
sample	rich	slob	lzma2	exact	661	400833
sample	rich	slob	lzma2	exact	662	432625
sample	rich	slob	lzma2	exact	663	464458
sample	rich	slob	lzma2	exact	664	471667
sample	rich	slob	lzma2	exact	665	343417
sample	rich	slob	lzma2	exact	666	433250
sample	rich	slob	lzma2	exact	667	400750
sample	rich	slob	lzma2	exact	668	432167
sample	rich	slob	lzma2	exact	669	479125
sample	rich	slob	lzma2	exact	670	441292
sample	rich	slob	lzma2	exact	671	1389250
sample	rich	slob	lzma2	exact	672	829459
sample	rich	slob	lzma2	exact	673	347333
sample	rich	slob	lzma2	exact	674	439375
sample	rich	slob	lzma2	exact	675	449917
sample	rich	slob	lzma2	exact	676	1251000
sample	rich	slob	lzma2	exact	677	1026375
sample	rich	slob	lzma2	exact	678	748833
sample	rich	slob	lzma2	exact	679	477167
sample	rich	slob	lzma2	exact	680	433250
sample	rich	slob	lzma2	exact	681	762583
sample	rich	slob	lzma2	exact	682	986416
sample	rich	slob	lzma2	exact	683	408125
sample	rich	slob	lzma2	exact	684	1082875
sample	rich	slob	lzma2	exact	685	409417
sample	rich	slob	lzma2	exact	686	445125
sample	rich	slob	lzma2	exact	687	514417
sample	rich	slob	lzma2	exact	688	438792
sample	rich	slob	lzma2	exact	689	345416
sample	rich	slob	lzma2	exact	690	761458
sample	rich	slob	lzma2	exact	691	1030917
sample	rich	slob	lzma2	exact	692	1117250
sample	rich	slob	lzma2	exact	693	859834
sample	rich	slob	lzma2	exact	694	1039166
sample	rich	slob	lzma2	exact	695	465917
sample	rich	slob	lzma2	exact	696	428792
sample	rich	slob	lzma2	exact	697	339708
sample	rich	slob	lzma2	exact	698	679709
sample	rich	slob	lzma2	exact	699	1112375
sample	rich	slob	lzma2	exact	700	1285416
sample	rich	slob	lzma2	exact	701	414250
sample	rich	slob	lzma2	exact	702	1254000
sample	rich	slob	lzma2	exact	703	590500
sample	rich	slob	lzma2	exact	704	429458
sample	rich	slob	lzma2	exact	705	431667
sample	rich	slob	lzma2	exact	706	430417
sample	rich	slob	lzma2	exact	707	398166
sample	rich	slob	lzma2	exact	708	503416
sample	rich	slob	lzma2	exact	709	592875
sample	rich	slob	lzma2	exact	710	477000
sample	rich	slob	lzma2	exact	711	465750
sample	rich	slob	lzma2	exact	712	428500
sample	rich	slob	lzma2	exact	713	341708
sample	rich	slob	lzma2	exact	714	434167
sample	rich	slob	lzma2	exact	715	400541
sample	rich	slob	lzma2	exact	716	433917
sample	rich	slob	lzma2	exact	717	403250
sample	rich	slob	lzma2	exact	718	482417
sample	rich	slob	lzma2	exact	719	470750
sample	rich	slob	lzma2	exact	720	427250
sample	rich	slob	lzma2	exact	721	339083
sample	rich	slob	lzma2	exact	722	711375
sample	rich	slob	lzma2	exact	723	401291
sample	rich	slob	lzma2	exact	724	429791
sample	rich	slob	lzma2	exact	725	399917
sample	rich	slob	lzma2	exact	726	619584
sample	rich	slob	lzma2	exact	727	465417
sample	rich	slob	lzma2	exact	728	428084
sample	rich	slob	lzma2	exact	729	335375
sample	rich	slob	lzma2	exact	730	426042
sample	rich	slob	lzma2	exact	731	397500
sample	rich	slob	lzma2	exact	732	424709
sample	rich	slob	lzma2	exact	733	395792
sample	rich	slob	lzma2	exact	734	455875
sample	rich	slob	lzma2	exact	735	1043125
sample	rich	slob	lzma2	exact	736	564500
sample	rich	slob	lzma2	exact	737	339250
sample	rich	slob	lzma2	exact	738	432834
sample	rich	slob	lzma2	exact	739	399416
sample	rich	slob	lzma2	exact	740	427208
sample	rich	slob	lzma2	exact	741	796750
sample	rich	slob	lzma2	exact	742	544875
sample	rich	slob	lzma2	exact	743	468083
sample	rich	slob	lzma2	exact	744	430750
sample	rich	slob	lzma2	exact	745	350917
sample	rich	slob	lzma2	exact	746	432708
sample	rich	slob	lzma2	exact	747	401916
sample	rich	slob	lzma2	exact	748	430750
sample	rich	slob	lzma2	exact	749	402542
sample	rich	slob	lzma2	exact	750	426875
sample	rich	slob	lzma2	exact	751	540292
sample	rich	slob	lzma2	exact	752	438833
sample	rich	slob	lzma2	exact	753	1144875
sample	rich	slob	lzma2	exact	754	1121875
sample	rich	slob	lzma2	exact	755	410917
sample	rich	slob	lzma2	exact	756	1211000
sample	rich	slob	lzma2	exact	757	1067625
sample	rich	slob	lzma2	exact	758	444417
sample	rich	slob	lzma2	exact	759	468417
sample	rich	slob	lzma2	exact	760	434042
sample	rich	slob	lzma2	exact	761	341583
sample	rich	slob	lzma2	exact	762	821375
sample	rich	slob	lzma2	exact	763	425125
sample	rich	slob	lzma2	exact	764	432542
sample	rich	slob	lzma2	exact	765	402500
sample	rich	slob	lzma2	exact	766	431917
sample	rich	slob	lzma2	exact	767	463167
sample	rich	slob	lzma2	exact	768	431583
sample	rich	slob	lzma2	exact	769	340083
sample	rich	slob	lzma2	exact	770	428791
sample	rich	slob	lzma2	exact	771	400750
sample	rich	slob	lzma2	exact	772	449292
sample	rich	slob	lzma2	exact	773	400791
sample	rich	slob	lzma2	exact	774	428500
sample	rich	slob	lzma2	exact	775	469167
sample	rich	slob	lzma2	exact	776	429500
sample	rich	slob	lzma2	exact	777	337334
sample	rich	slob	lzma2	exact	778	427500
sample	rich	slob	lzma2	exact	779	397500
sample	rich	slob	lzma2	exact	780	555334
sample	rich	slob	lzma2	exact	781	404500
sample	rich	slob	lzma2	exact	782	430458
sample	rich	slob	lzma2	exact	783	465209
sample	rich	slob	lzma2	exact	784	427959
sample	rich	slob	lzma2	exact	785	339375
sample	rich	slob	lzma2	exact	786	428250
sample	rich	slob	lzma2	exact	787	669084
sample	rich	slob	lzma2	exact	788	1109666
sample	rich	slob	lzma2	exact	789	411125
sample	rich	slob	lzma2	exact	790	436958
sample	rich	slob	lzma2	exact	791	468750
sample	rich	slob	lzma2	exact	792	440000
sample	rich	slob	lzma2	exact	793	1247583
sample	rich	slob	lzma2	exact	794	459541
sample	rich	slob	lzma2	exact	795	666416
sample	rich	slob	lzma2	exact	796	1092208
sample	rich	slob	lzma2	exact	797	913250
sample	rich	slob	lzma2	exact	798	438791
sample	rich	slob	lzma2	exact	799	463542
sample	rich	slob	lzma2	exact	800	431875
sample	rich	slob	lzma2	exact	801	337833
sample	rich	slob	lzma2	exact	802	537958
sample	rich	slob	lzma2	exact	803	406208
sample	rich	slob	lzma2	exact	804	929333
sample	rich	slob	lzma2	exact	805	876125
sample	rich	slob	lzma2	exact	806	859125
sample	rich	slob	lzma2	exact	807	488708
sample	rich	slob	lzma2	exact	808	434000
sample	rich	slob	lzma2	exact	809	340708
sample	rich	slob	lzma2	exact	810	426084
sample	rich	slob	lzma2	exact	811	401042
sample	rich	slob	lzma2	exact	812	902916
sample	rich	slob	lzma2	exact	813	460708
sample	rich	slob	lzma2	exact	814	450958
sample	rich	slob	lzma2	exact	815	787500
sample	rich	slob	lzma2	exact	816	445375
sample	rich	slob	lzma2	exact	817	338417
sample	rich	slob	lzma2	exact	818	430833
sample	rich	slob	lzma2	exact	819	402458
sample	rich	slob	lzma2	exact	820	475833
sample	rich	slob	lzma2	exact	821	431875
sample	rich	slob	lzma2	exact	822	426834
sample	rich	slob	lzma2	exact	823	461875
sample	rich	slob	lzma2	exact	824	429666
sample	rich	slob	lzma2	exact	825	345125
sample	rich	slob	lzma2	exact	826	429000
sample	rich	slob	lzma2	exact	827	398666
sample	rich	slob	lzma2	exact	828	535500
sample	rich	slob	lzma2	exact	829	942208
sample	rich	slob	lzma2	exact	830	467667
sample	rich	slob	lzma2	exact	831	467833
sample	rich	slob	lzma2	exact	832	428833
sample	rich	slob	lzma2	exact	833	341000
sample	rich	slob	lzma2	exact	834	433584
sample	rich	slob	lzma2	exact	835	398834
sample	rich	slob	lzma2	exact	836	513792
sample	rich	slob	lzma2	exact	837	406292
sample	rich	slob	lzma2	exact	838	487375
sample	rich	slob	lzma2	exact	839	463959
sample	rich	slob	lzma2	exact	840	421833
sample	rich	slob	lzma2	exact	841	335083
sample	rich	slob	lzma2	exact	842	422292
sample	rich	slob	lzma2	exact	843	394667
sample	rich	slob	lzma2	exact	844	421334
sample	rich	slob	lzma2	exact	845	506917
sample	rich	slob	lzma2	exact	846	442000
sample	rich	slob	lzma2	exact	847	1003708
sample	rich	slob	lzma2	exact	848	465625
sample	rich	slob	lzma2	exact	849	337958
sample	rich	slob	lzma2	exact	850	440583
sample	rich	slob	lzma2	exact	851	433500
sample	rich	slob	lzma2	exact	852	429166
sample	rich	slob	lzma2	exact	853	400333
sample	rich	slob	lzma2	exact	854	490208
sample	rich	slob	lzma2	exact	855	464208
sample	rich	slob	lzma2	exact	856	432583
sample	rich	slob	lzma2	exact	857	337666
sample	rich	slob	lzma2	exact	858	443959
sample	rich	slob	lzma2	exact	859	399750
sample	rich	slob	lzma2	exact	860	435541
sample	rich	slob	lzma2	exact	861	402042
sample	rich	slob	lzma2	exact	862	424708
sample	rich	slob	lzma2	exact	863	461750
sample	rich	slob	lzma2	exact	864	426584
sample	rich	slob	lzma2	exact	865	338167
sample	rich	slob	lzma2	exact	866	511167
sample	rich	slob	lzma2	exact	867	407625
sample	rich	slob	lzma2	exact	868	432917
sample	rich	slob	lzma2	exact	869	401583
sample	rich	slob	lzma2	exact	870	431458
sample	rich	slob	lzma2	exact	871	948666
sample	rich	slob	lzma2	exact	872	683125
sample	rich	slob	lzma2	exact	873	500667
sample	rich	slob	lzma2	exact	874	432583
sample	rich	slob	lzma2	exact	875	920459
sample	rich	slob	lzma2	exact	876	457208
sample	rich	slob	lzma2	exact	877	407334
sample	rich	slob	lzma2	exact	878	432166
sample	rich	slob	lzma2	exact	879	465333
sample	rich	slob	lzma2	exact	880	431250
sample	rich	slob	lzma2	exact	881	339208
sample	rich	slob	lzma2	exact	882	533292
sample	rich	slob	lzma2	exact	883	398292
sample	rich	slob	lzma2	exact	884	424458
sample	rich	slob	lzma2	exact	885	607417
sample	rich	slob	lzma2	exact	886	613709
sample	rich	slob	lzma2	exact	887	583458
sample	rich	slob	lzma2	exact	888	433292
sample	rich	slob	lzma2	exact	889	334709
sample	rich	slob	lzma2	exact	890	423375
sample	rich	slob	lzma2	exact	891	392583
sample	rich	slob	lzma2	exact	892	420125
sample	rich	slob	lzma2	exact	893	804916
sample	rich	slob	lzma2	exact	894	496042
sample	rich	slob	lzma2	exact	895	464125
sample	rich	slob	lzma2	exact	896	542625
sample	rich	slob	lzma2	exact	897	337583
sample	rich	slob	lzma2	exact	898	427333
sample	rich	slob	lzma2	exact	899	399375
sample	rich	slob	lzma2	exact	900	423250
sample	rich	slob	lzma2	exact	901	401208
sample	rich	slob	lzma2	exact	902	425334
sample	rich	slob	lzma2	exact	903	492958
sample	rich	slob	lzma2	exact	904	426208
sample	rich	slob	lzma2	exact	905	608042
sample	rich	slob	lzma2	exact	906	423250
sample	rich	slob	lzma2	exact	907	395459
sample	rich	slob	lzma2	exact	908	424041
sample	rich	slob	lzma2	exact	909	396000
sample	rich	slob	lzma2	exact	910	618708
sample	rich	slob	lzma2	exact	911	462584
sample	rich	slob	lzma2	exact	912	427000
sample	rich	slob	lzma2	exact	913	334959
sample	rich	slob	lzma2	exact	914	426375
sample	rich	slob	lzma2	exact	915	398750
sample	rich	slob	lzma2	exact	916	426167
sample	rich	slob	lzma2	exact	917	406417
sample	rich	slob	lzma2	exact	918	428042
sample	rich	slob	lzma2	exact	919	925834
sample	rich	slob	lzma2	exact	920	1288750
sample	rich	slob	lzma2	exact	921	1148500
sample	rich	slob	lzma2	exact	922	1534708
sample	rich	slob	lzma2	exact	923	1111084
sample	rich	slob	lzma2	exact	924	434375
sample	rich	slob	lzma2	exact	925	398666
sample	rich	slob	lzma2	exact	926	439458
sample	rich	slob	lzma2	exact	927	476583
sample	rich	slob	lzma2	exact	928	423750
sample	rich	slob	lzma2	exact	929	933792
sample	rich	slob	lzma2	exact	930	1279875
sample	rich	slob	lzma2	exact	931	406583
sample	rich	slob	lzma2	exact	932	434208
sample	rich	slob	lzma2	exact	933	423334
sample	rich	slob	lzma2	exact	934	426209
sample	rich	slob	lzma2	exact	935	459584
sample	rich	slob	lzma2	exact	936	431125
sample	rich	slob	lzma2	exact	937	336375
sample	rich	slob	lzma2	exact	938	425834
sample	rich	slob	lzma2	exact	939	456500
sample	rich	slob	lzma2	exact	940	639125
sample	rich	slob	lzma2	exact	941	399375
sample	rich	slob	lzma2	exact	942	436250
sample	rich	slob	lzma2	exact	943	450708
sample	rich	slob	lzma2	exact	944	1098000
sample	rich	slob	lzma2	exact	945	728833
sample	rich	slob	lzma2	exact	946	437042
sample	rich	slob	lzma2	exact	947	400083
sample	rich	slob	lzma2	exact	948	428458
sample	rich	slob	lzma2	exact	949	401583
sample	rich	slob	lzma2	exact	950	428375
sample	rich	slob	lzma2	exact	951	460333
sample	rich	slob	lzma2	exact	952	1188875
sample	rich	slob	lzma2	exact	953	743542
sample	rich	slob	lzma2	exact	954	434833
sample	rich	slob	lzma2	exact	955	577292
sample	rich	slob	lzma2	exact	956	781500
sample	rich	slob	lzma2	exact	957	427250
sample	rich	slob	lzma2	exact	958	432375
sample	rich	slob	lzma2	exact	959	603542
sample	rich	slob	lzma2	exact	960	438417
sample	rich	slob	lzma2	exact	961	488250
sample	rich	slob	lzma2	exact	962	472666
sample	rich	slob	lzma2	exact	963	399625
sample	rich	slob	lzma2	exact	964	430792
sample	rich	slob	lzma2	exact	965	398166
sample	rich	slob	lzma2	exact	966	424042
sample	rich	slob	lzma2	exact	967	480291
sample	rich	slob	lzma2	exact	968	615208
sample	rich	slob	lzma2	exact	969	412708
sample	rich	slob	lzma2	exact	970	434500
sample	rich	slob	lzma2	exact	971	482625
sample	rich	slob	lzma2	exact	972	512541
sample	rich	slob	lzma2	exact	973	404292
sample	rich	slob	lzma2	exact	974	429000
sample	rich	slob	lzma2	exact	975	466500
sample	rich	slob	lzma2	exact	976	430417
sample	rich	slob	lzma2	exact	977	353125
sample	rich	slob	lzma2	exact	978	432250
sample	rich	slob	lzma2	exact	979	399083
sample	rich	slob	lzma2	exact	980	428458
sample	rich	slob	lzma2	exact	981	398250
sample	rich	slob	lzma2	exact	982	426834
sample	rich	slob	lzma2	exact	983	461166
sample	rich	slob	lzma2	exact	984	483750
sample	rich	slob	lzma2	exact	985	357500
sample	rich	slob	lzma2	exact	986	732375
sample	rich	slob	lzma2	exact	987	671917
sample	rich	slob	lzma2	exact	988	437666
sample	rich	slob	lzma2	exact	989	1346834
sample	rich	slob	lzma2	exact	990	687333
sample	rich	slob	lzma2	exact	991	464416
sample	rich	slob	lzma2	exact	992	427750
sample	rich	slob	lzma2	exact	993	383125
sample	rich	slob	lzma2	exact	994	436375
sample	rich	slob	lzma2	exact	995	422167
sample	rich	slob	lzma2	exact	996	438375
sample	rich	slob	lzma2	exact	997	396917
sample	rich	slob	lzma2	exact	998	426792
sample	rich	slob	lzma2	exact	999	502750
sample	rich	slob	lzma2	prefix	0	894500
sample	rich	slob	lzma2	prefix	1	948708
sample	rich	slob	lzma2	prefix	2	40646000
sample	rich	slob	lzma2	prefix	3	39685375
sample	rich	slob	lzma2	prefix	4	942750
sample	rich	slob	lzma2	prefix	5	814334
sample	rich	slob	lzma2	prefix	6	43106458
sample	rich	slob	lzma2	prefix	7	42383959
sample	rich	slob	lzma2	prefix	8	758209
sample	rich	slob	lzma2	prefix	9	888833
sample	rich	slob	lzma2	prefix	10	45090250
sample	rich	slob	lzma2	prefix	11	39355333
sample	rich	slob	lzma2	prefix	12	991459
sample	rich	slob	lzma2	prefix	13	851750
sample	rich	slob	lzma2	prefix	14	40783416
sample	rich	slob	lzma2	prefix	15	38122042
sample	rich	slob	lzma2	prefix	16	752584
sample	rich	slob	lzma2	prefix	17	872250
sample	rich	slob	lzma2	prefix	18	38753708
sample	rich	slob	lzma2	prefix	19	39085208
sample	rich	slob	lzma2	prefix	20	912042
sample	rich	slob	lzma2	prefix	21	807875
sample	rich	slob	lzma2	prefix	22	43038125
sample	rich	slob	lzma2	prefix	23	38389709
sample	rich	slob	lzma2	prefix	24	750292
sample	rich	slob	lzma2	prefix	25	893833
sample	rich	slob	lzma2	prefix	26	38196916
sample	rich	slob	lzma2	prefix	27	43053875
sample	rich	slob	lzma2	prefix	28	891458
sample	rich	slob	lzma2	prefix	29	1711458
sample	rich	slob	lzma2	prefix	30	39741500
sample	rich	slob	lzma2	prefix	31	40755750
sample	rich	slob	lzma2	prefix	32	729250
sample	rich	slob	lzma2	prefix	33	1032125
sample	rich	slob	lzma2	prefix	34	41710167
sample	rich	slob	lzma2	prefix	35	45546875
sample	rich	slob	lzma2	prefix	36	1308125
sample	rich	slob	lzma2	prefix	37	1525542
sample	rich	slob	lzma2	prefix	38	47598917
sample	rich	slob	lzma2	prefix	39	44482959
sample	rich	slob	lzma2	prefix	40	887542
sample	rich	slob	lzma2	prefix	41	1707625
sample	rich	slob	lzma2	prefix	42	45250083
sample	rich	slob	lzma2	prefix	43	44206167
sample	rich	slob	lzma2	prefix	44	879834
sample	rich	slob	lzma2	prefix	45	1235375
sample	rich	slob	lzma2	prefix	46	41018542
sample	rich	slob	lzma2	prefix	47	43908708
sample	rich	slob	lzma2	prefix	48	755208
sample	rich	slob	lzma2	prefix	49	1045917
sample	rich	slob	lzma2	prefix	50	41709375
sample	rich	slob	lzma2	prefix	51	44971208
sample	rich	slob	lzma2	prefix	52	1376292
sample	rich	slob	lzma2	prefix	53	827334
sample	rich	slob	lzma2	prefix	54	42213291
sample	rich	slob	lzma2	prefix	55	41889125
sample	rich	slob	lzma2	prefix	56	763250
sample	rich	slob	lzma2	prefix	57	1218166
sample	rich	slob	lzma2	prefix	58	46752750
sample	rich	slob	lzma2	prefix	59	39967333
sample	rich	slob	lzma2	prefix	60	873291
sample	rich	slob	lzma2	prefix	61	824542
sample	rich	slob	lzma2	prefix	62	44565542
sample	rich	slob	lzma2	prefix	63	42830958
sample	rich	slob	lzma2	prefix	64	1028375
sample	rich	slob	lzma2	prefix	65	897667
sample	rich	slob	lzma2	prefix	66	44726667
sample	rich	slob	lzma2	prefix	67	44292292
sample	rich	slob	lzma2	prefix	68	1386791
sample	rich	slob	lzma2	prefix	69	833416
sample	rich	slob	lzma2	prefix	70	43055875
sample	rich	slob	lzma2	prefix	71	48106750
sample	rich	slob	lzma2	prefix	72	1246709
sample	rich	slob	lzma2	prefix	73	1002209
sample	rich	slob	lzma2	prefix	74	39948750
sample	rich	slob	lzma2	prefix	75	47460458
sample	rich	slob	lzma2	prefix	76	1828000
sample	rich	slob	lzma2	prefix	77	1191833
sample	rich	slob	lzma2	prefix	78	45252583
sample	rich	slob	lzma2	prefix	79	54284583
sample	rich	slob	lzma2	prefix	80	1641875
sample	rich	slob	lzma2	prefix	81	1570833
sample	rich	slob	lzma2	prefix	82	60862083
sample	rich	slob	lzma2	prefix	83	46282250
sample	rich	slob	lzma2	prefix	84	1562375
sample	rich	slob	lzma2	prefix	85	840541
sample	rich	slob	lzma2	prefix	86	40603791
sample	rich	slob	lzma2	prefix	87	45852125
sample	rich	slob	lzma2	prefix	88	1024916
sample	rich	slob	lzma2	prefix	89	982458
sample	rich	slob	lzma2	prefix	90	41011875
sample	rich	slob	lzma2	prefix	91	44041416
sample	rich	slob	lzma2	prefix	92	907500
sample	rich	slob	lzma2	prefix	93	814000
sample	rich	slob	lzma2	prefix	94	42689000
sample	rich	slob	lzma2	prefix	95	40012667
sample	rich	slob	lzma2	prefix	96	730666
sample	rich	slob	lzma2	prefix	97	870917
sample	rich	slob	lzma2	prefix	98	47350125
sample	rich	slob	lzma2	prefix	99	36539000
sample	rich	slob	lzma2	prefix	100	922292
sample	rich	slob	lzma2	prefix	101	814459
sample	rich	slob	lzma2	prefix	102	42213458
sample	rich	slob	lzma2	prefix	103	37869583
sample	rich	slob	lzma2	prefix	104	742458
sample	rich	slob	lzma2	prefix	105	1163167
sample	rich	slob	lzma2	prefix	106	36796834
sample	rich	slob	lzma2	prefix	107	42438750
sample	rich	slob	lzma2	prefix	108	933333
sample	rich	slob	lzma2	prefix	109	1246500
sample	rich	slob	lzma2	prefix	110	37326625
sample	rich	slob	lzma2	prefix	111	40774417
sample	rich	slob	lzma2	prefix	112	759458
sample	rich	slob	lzma2	prefix	113	877000
sample	rich	slob	lzma2	prefix	114	41064584
sample	rich	slob	lzma2	prefix	115	33953583
sample	rich	slob	lzma2	prefix	116	2085625
sample	rich	slob	lzma2	prefix	117	1589667
sample	rich	slob	lzma2	prefix	118	38994375
sample	rich	slob	lzma2	prefix	119	38896167
sample	rich	slob	lzma2	prefix	120	912125
sample	rich	slob	lzma2	prefix	121	1006125
sample	rich	slob	lzma2	prefix	122	38023292
sample	rich	slob	lzma2	prefix	123	40285166
sample	rich	slob	lzma2	prefix	124	891250
sample	rich	slob	lzma2	prefix	125	849292
sample	rich	slob	lzma2	prefix	126	37739333
sample	rich	slob	lzma2	prefix	127	38169958
sample	rich	slob	lzma2	prefix	128	767083
sample	rich	slob	lzma2	prefix	129	870917
sample	rich	slob	lzma2	prefix	130	47977792
sample	rich	slob	lzma2	prefix	131	39522834
sample	rich	slob	lzma2	prefix	132	948708
sample	rich	slob	lzma2	prefix	133	815708
sample	rich	slob	lzma2	prefix	134	45229166
sample	rich	slob	lzma2	prefix	135	43938042
sample	rich	slob	lzma2	prefix	136	727750
sample	rich	slob	lzma2	prefix	137	868625
sample	rich	slob	lzma2	prefix	138	43497416
sample	rich	slob	lzma2	prefix	139	39719416
sample	rich	slob	lzma2	prefix	140	1173708
sample	rich	slob	lzma2	prefix	141	856000
sample	rich	slob	lzma2	prefix	142	39335000
sample	rich	slob	lzma2	prefix	143	38107125
sample	rich	slob	lzma2	prefix	144	730166
sample	rich	slob	lzma2	prefix	145	888167
sample	rich	slob	lzma2	prefix	146	38765292
sample	rich	slob	lzma2	prefix	147	40722000
sample	rich	slob	lzma2	prefix	148	1031958
sample	rich	slob	lzma2	prefix	149	1588250
sample	rich	slob	lzma2	prefix	150	35388833
sample	rich	slob	lzma2	prefix	151	34238750
sample	rich	slob	lzma2	prefix	152	730584
sample	rich	slob	lzma2	prefix	153	855667
sample	rich	slob	lzma2	prefix	154	35842959
sample	rich	slob	lzma2	prefix	155	37262542
sample	rich	slob	lzma2	prefix	156	914250
sample	rich	slob	lzma2	prefix	157	826875
sample	rich	slob	lzma2	prefix	158	37025167
sample	rich	slob	lzma2	prefix	159	35369917
sample	rich	slob	lzma2	prefix	160	731458
sample	rich	slob	lzma2	prefix	161	896833
sample	rich	slob	lzma2	prefix	162	34869667
sample	rich	slob	lzma2	prefix	163	34440916
sample	rich	slob	lzma2	prefix	164	910917
sample	rich	slob	lzma2	prefix	165	815792
sample	rich	slob	lzma2	prefix	166	34060083
sample	rich	slob	lzma2	prefix	167	36590250
sample	rich	slob	lzma2	prefix	168	734792
sample	rich	slob	lzma2	prefix	169	1676375
sample	rich	slob	lzma2	prefix	170	37766833
sample	rich	slob	lzma2	prefix	171	34975208
sample	rich	slob	lzma2	prefix	172	1287750
sample	rich	slob	lzma2	prefix	173	1023125
sample	rich	slob	lzma2	prefix	174	39803583
sample	rich	slob	lzma2	prefix	175	37933166
sample	rich	slob	lzma2	prefix	176	748542
sample	rich	slob	lzma2	prefix	177	883500
sample	rich	slob	lzma2	prefix	178	39459042
sample	rich	slob	lzma2	prefix	179	37771125
sample	rich	slob	lzma2	prefix	180	1857708
sample	rich	slob	lzma2	prefix	181	817833
sample	rich	slob	lzma2	prefix	182	33936208
sample	rich	slob	lzma2	prefix	183	36367750
sample	rich	slob	lzma2	prefix	184	730666
sample	rich	slob	lzma2	prefix	185	905750
sample	rich	slob	lzma2	prefix	186	38416625
sample	rich	slob	lzma2	prefix	187	41733417
sample	rich	slob	lzma2	prefix	188	913833
sample	rich	slob	lzma2	prefix	189	815208
sample	rich	slob	lzma2	prefix	190	42014875
sample	rich	slob	lzma2	prefix	191	38825666
sample	rich	slob	lzma2	prefix	192	824750
sample	rich	slob	lzma2	prefix	193	1011709
sample	rich	slob	lzma2	prefix	194	39652250
sample	rich	slob	lzma2	prefix	195	42129042
sample	rich	slob	lzma2	prefix	196	903250
sample	rich	slob	lzma2	prefix	197	812084
sample	rich	slob	lzma2	prefix	198	37568125
sample	rich	slob	lzma2	prefix	199	35836541
sample	rich	slob	lzma2	prefix	200	957375
sample	rich	slob	lzma2	prefix	201	881041
sample	rich	slob	lzma2	prefix	202	37717333
sample	rich	slob	lzma2	prefix	203	36232625
sample	rich	slob	lzma2	prefix	204	876584
sample	rich	slob	lzma2	prefix	205	808000
sample	rich	slob	lzma2	prefix	206	37643125
sample	rich	slob	lzma2	prefix	207	37670417
sample	rich	slob	lzma2	prefix	208	732625
sample	rich	slob	lzma2	prefix	209	1370292
sample	rich	slob	lzma2	prefix	210	43473583
sample	rich	slob	lzma2	prefix	211	49992042
sample	rich	slob	lzma2	prefix	212	883167
sample	rich	slob	lzma2	prefix	213	1724000
sample	rich	slob	lzma2	prefix	214	39326916
sample	rich	slob	lzma2	prefix	215	47286375
sample	rich	slob	lzma2	prefix	216	842167
sample	rich	slob	lzma2	prefix	217	1378958
sample	rich	slob	lzma2	prefix	218	41703083
sample	rich	slob	lzma2	prefix	219	42827208
sample	rich	slob	lzma2	prefix	220	1109708
sample	rich	slob	lzma2	prefix	221	1222875
sample	rich	slob	lzma2	prefix	222	42437375
sample	rich	slob	lzma2	prefix	223	42460875
sample	rich	slob	lzma2	prefix	224	1075667
sample	rich	slob	lzma2	prefix	225	1430583
sample	rich	slob	lzma2	prefix	226	48155250
sample	rich	slob	lzma2	prefix	227	42258291
sample	rich	slob	lzma2	prefix	228	917333
sample	rich	slob	lzma2	prefix	229	1079959
sample	rich	slob	lzma2	prefix	230	46589250
sample	rich	slob	lzma2	prefix	231	40143334
sample	rich	slob	lzma2	prefix	232	762500
sample	rich	slob	lzma2	prefix	233	888083
sample	rich	slob	lzma2	prefix	234	35293166
sample	rich	slob	lzma2	prefix	235	40575000
sample	rich	slob	lzma2	prefix	236	883209
sample	rich	slob	lzma2	prefix	237	808333
sample	rich	slob	lzma2	prefix	238	39356250
sample	rich	slob	lzma2	prefix	239	45746500
sample	rich	slob	lzma2	prefix	240	972208
sample	rich	slob	lzma2	prefix	241	897958
sample	rich	slob	lzma2	prefix	242	41991542
sample	rich	slob	lzma2	prefix	243	39697584
sample	rich	slob	lzma2	prefix	244	891084
sample	rich	slob	lzma2	prefix	245	816875
sample	rich	slob	lzma2	prefix	246	39958000
sample	rich	slob	lzma2	prefix	247	40055958
sample	rich	slob	lzma2	prefix	248	720958
sample	rich	slob	lzma2	prefix	249	1873208
sample	rich	slob	lzma2	prefix	250	42205916
sample	rich	slob	lzma2	prefix	251	37259292
sample	rich	slob	lzma2	prefix	252	1775042
sample	rich	slob	lzma2	prefix	253	1066416
sample	rich	slob	lzma2	prefix	254	37158333
sample	rich	slob	lzma2	prefix	255	37252375
sample	rich	slob	lzma2	prefix	256	722500
sample	rich	slob	lzma2	prefix	257	1526334
sample	rich	slob	lzma2	prefix	258	40532667
sample	rich	slob	lzma2	prefix	259	41446542
sample	rich	slob	lzma2	prefix	260	913208
sample	rich	slob	lzma2	prefix	261	832833
sample	rich	slob	lzma2	prefix	262	38550584
sample	rich	slob	lzma2	prefix	263	41952000
sample	rich	slob	lzma2	prefix	264	722208
sample	rich	slob	lzma2	prefix	265	940625
sample	rich	slob	lzma2	prefix	266	46837167
sample	rich	slob	lzma2	prefix	267	36489500
sample	rich	slob	lzma2	prefix	268	1515333
sample	rich	slob	lzma2	prefix	269	846292
sample	rich	slob	lzma2	prefix	270	38758750
sample	rich	slob	lzma2	prefix	271	38154666
sample	rich	slob	lzma2	prefix	272	863208
sample	rich	slob	lzma2	prefix	273	2125083
sample	rich	slob	lzma2	prefix	274	38618667
sample	rich	slob	lzma2	prefix	275	38248167
sample	rich	slob	lzma2	prefix	276	1087709
sample	rich	slob	lzma2	prefix	277	821959
sample	rich	slob	lzma2	prefix	278	39324041
sample	rich	slob	lzma2	prefix	279	38677375
sample	rich	slob	lzma2	prefix	280	2069042
sample	rich	slob	lzma2	prefix	281	907042
sample	rich	slob	lzma2	prefix	282	39901833
sample	rich	slob	lzma2	prefix	283	43956916
sample	rich	slob	lzma2	prefix	284	890542
sample	rich	slob	lzma2	prefix	285	837333
sample	rich	slob	lzma2	prefix	286	47916750
sample	rich	slob	lzma2	prefix	287	40222292
sample	rich	slob	lzma2	prefix	288	1002417
sample	rich	slob	lzma2	prefix	289	899291
sample	rich	slob	lzma2	prefix	290	41552542
sample	rich	slob	lzma2	prefix	291	35417166
sample	rich	slob	lzma2	prefix	292	894209
sample	rich	slob	lzma2	prefix	293	821542
sample	rich	slob	lzma2	prefix	294	38161833
sample	rich	slob	lzma2	prefix	295	44977917
sample	rich	slob	lzma2	prefix	296	734083
sample	rich	slob	lzma2	prefix	297	1578791
sample	rich	slob	lzma2	prefix	298	41040666
sample	rich	slob	lzma2	prefix	299	38403625
sample	rich	slob	lzma2	prefix	300	896958
sample	rich	slob	lzma2	prefix	301	811708
sample	rich	slob	lzma2	prefix	302	39477125
sample	rich	slob	lzma2	prefix	303	43228208
sample	rich	slob	lzma2	prefix	304	741458
sample	rich	slob	lzma2	prefix	305	882292
sample	rich	slob	lzma2	prefix	306	38403125
sample	rich	slob	lzma2	prefix	307	44050542
sample	rich	slob	lzma2	prefix	308	875917
sample	rich	slob	lzma2	prefix	309	955458
sample	rich	slob	lzma2	prefix	310	48471292
sample	rich	slob	lzma2	prefix	311	44452000
sample	rich	slob	lzma2	prefix	312	2312916
sample	rich	slob	lzma2	prefix	313	1522042
sample	rich	slob	lzma2	prefix	314	37869708
sample	rich	slob	lzma2	prefix	315	53169708
sample	rich	slob	lzma2	prefix	316	888417
sample	rich	slob	lzma2	prefix	317	817375
sample	rich	slob	lzma2	prefix	318	52061208
sample	rich	slob	lzma2	prefix	319	44768417
sample	rich	slob	lzma2	prefix	320	1010000
sample	rich	slob	lzma2	prefix	321	1697958
sample	rich	slob	lzma2	prefix	322	55417333
sample	rich	slob	lzma2	prefix	323	58575500
sample	rich	slob	lzma2	prefix	324	1509209
sample	rich	slob	lzma2	prefix	325	817375
sample	rich	slob	lzma2	prefix	326	45946583
sample	rich	slob	lzma2	prefix	327	44353458
sample	rich	slob	lzma2	prefix	328	1307209
sample	rich	slob	lzma2	prefix	329	947000
sample	rich	slob	lzma2	prefix	330	40178250
sample	rich	slob	lzma2	prefix	331	39562750
sample	rich	slob	lzma2	prefix	332	879542
sample	rich	slob	lzma2	prefix	333	822209
sample	rich	slob	lzma2	prefix	334	43516417
sample	rich	slob	lzma2	prefix	335	44364292
sample	rich	slob	lzma2	prefix	336	997417
sample	rich	slob	lzma2	prefix	337	892750
sample	rich	slob	lzma2	prefix	338	42322333
sample	rich	slob	lzma2	prefix	339	43067959
sample	rich	slob	lzma2	prefix	340	1236750
sample	rich	slob	lzma2	prefix	341	2037833
sample	rich	slob	lzma2	prefix	342	41451625
sample	rich	slob	lzma2	prefix	343	38932708
sample	rich	slob	lzma2	prefix	344	775833
sample	rich	slob	lzma2	prefix	345	879417
sample	rich	slob	lzma2	prefix	346	41631125
sample	rich	slob	lzma2	prefix	347	48096125
sample	rich	slob	lzma2	prefix	348	888583
sample	rich	slob	lzma2	prefix	349	809500
sample	rich	slob	lzma2	prefix	350	44073667
sample	rich	slob	lzma2	prefix	351	44190583
sample	rich	slob	lzma2	prefix	352	2143666
sample	rich	slob	lzma2	prefix	353	3560083
sample	rich	slob	lzma2	prefix	354	57852375
sample	rich	slob	lzma2	prefix	355	51155334
sample	rich	slob	lzma2	prefix	356	2358666
sample	rich	slob	lzma2	prefix	357	839500
sample	rich	slob	lzma2	prefix	358	48893375
sample	rich	slob	lzma2	prefix	359	38764708
sample	rich	slob	lzma2	prefix	360	740000
sample	rich	slob	lzma2	prefix	361	972084
sample	rich	slob	lzma2	prefix	362	41883000
sample	rich	slob	lzma2	prefix	363	40495750
sample	rich	slob	lzma2	prefix	364	1267250
sample	rich	slob	lzma2	prefix	365	834333
sample	rich	slob	lzma2	prefix	366	43015584
sample	rich	slob	lzma2	prefix	367	56304375
sample	rich	slob	lzma2	prefix	368	729875
sample	rich	slob	lzma2	prefix	369	920958
sample	rich	slob	lzma2	prefix	370	48136834
sample	rich	slob	lzma2	prefix	371	50641292
sample	rich	slob	lzma2	prefix	372	941166
sample	rich	slob	lzma2	prefix	373	976250
sample	rich	slob	lzma2	prefix	374	43331125
sample	rich	slob	lzma2	prefix	375	40922750
sample	rich	slob	lzma2	prefix	376	751708
sample	rich	slob	lzma2	prefix	377	874958
sample	rich	slob	lzma2	prefix	378	38353500
sample	rich	slob	lzma2	prefix	379	47050375
sample	rich	slob	lzma2	prefix	380	910250
sample	rich	slob	lzma2	prefix	381	924167
sample	rich	slob	lzma2	prefix	382	48669333
sample	rich	slob	lzma2	prefix	383	41814834
sample	rich	slob	lzma2	prefix	384	752375
sample	rich	slob	lzma2	prefix	385	882208
sample	rich	slob	lzma2	prefix	386	40868542
sample	rich	slob	lzma2	prefix	387	43517916
sample	rich	slob	lzma2	prefix	388	919250
sample	rich	slob	lzma2	prefix	389	868959
sample	rich	slob	lzma2	prefix	390	41289584
sample	rich	slob	lzma2	prefix	391	41485750
sample	rich	slob	lzma2	prefix	392	2191625
sample	rich	slob	lzma2	prefix	393	1081875
sample	rich	slob	lzma2	prefix	394	40906542
sample	rich	slob	lzma2	prefix	395	39323000
sample	rich	slob	lzma2	prefix	396	959875
sample	rich	slob	lzma2	prefix	397	835875
sample	rich	slob	lzma2	prefix	398	38827708
sample	rich	slob	lzma2	prefix	399	42545125
sample	rich	slob	lzma2	prefix	400	727708
sample	rich	slob	lzma2	prefix	401	877083
sample	rich	slob	lzma2	prefix	402	38160209
sample	rich	slob	lzma2	prefix	403	39878167
sample	rich	slob	lzma2	prefix	404	928708
sample	rich	slob	lzma2	prefix	405	817292
sample	rich	slob	lzma2	prefix	406	43667167
sample	rich	slob	lzma2	prefix	407	37693667
sample	rich	slob	lzma2	prefix	408	747000
sample	rich	slob	lzma2	prefix	409	891500
sample	rich	slob	lzma2	prefix	410	44291167
sample	rich	slob	lzma2	prefix	411	44417875
sample	rich	slob	lzma2	prefix	412	862541
sample	rich	slob	lzma2	prefix	413	857333
sample	rich	slob	lzma2	prefix	414	46803958
sample	rich	slob	lzma2	prefix	415	43848375
sample	rich	slob	lzma2	prefix	416	723084
sample	rich	slob	lzma2	prefix	417	871916
sample	rich	slob	lzma2	prefix	418	45171958
sample	rich	slob	lzma2	prefix	419	39630958
sample	rich	slob	lzma2	prefix	420	860084
sample	rich	slob	lzma2	prefix	421	806167
sample	rich	slob	lzma2	prefix	422	45970750
sample	rich	slob	lzma2	prefix	423	37460125
sample	rich	slob	lzma2	prefix	424	747166
sample	rich	slob	lzma2	prefix	425	886209
sample	rich	slob	lzma2	prefix	426	41479666
sample	rich	slob	lzma2	prefix	427	40212250
sample	rich	slob	lzma2	prefix	428	922375
sample	rich	slob	lzma2	prefix	429	2257917
sample	rich	slob	lzma2	prefix	430	38530792
sample	rich	slob	lzma2	prefix	431	39589750
sample	rich	slob	lzma2	prefix	432	764458
sample	rich	slob	lzma2	prefix	433	880208
sample	rich	slob	lzma2	prefix	434	39696708
sample	rich	slob	lzma2	prefix	435	44559750
sample	rich	slob	lzma2	prefix	436	914750
sample	rich	slob	lzma2	prefix	437	817792
sample	rich	slob	lzma2	prefix	438	49064166
sample	rich	slob	lzma2	prefix	439	39197625
sample	rich	slob	lzma2	prefix	440	718958
sample	rich	slob	lzma2	prefix	441	1376459
sample	rich	slob	lzma2	prefix	442	45111916
sample	rich	slob	lzma2	prefix	443	44821750
sample	rich	slob	lzma2	prefix	444	1358375
sample	rich	slob	lzma2	prefix	445	828834
sample	rich	slob	lzma2	prefix	446	44810708
sample	rich	slob	lzma2	prefix	447	45190750
sample	rich	slob	lzma2	prefix	448	746125
sample	rich	slob	lzma2	prefix	449	895667
sample	rich	slob	lzma2	prefix	450	40163208
sample	rich	slob	lzma2	prefix	451	44329000
sample	rich	slob	lzma2	prefix	452	879833
sample	rich	slob	lzma2	prefix	453	817000
sample	rich	slob	lzma2	prefix	454	43925708
sample	rich	slob	lzma2	prefix	455	40546959
sample	rich	slob	lzma2	prefix	456	1823375
sample	rich	slob	lzma2	prefix	457	2321083
sample	rich	slob	lzma2	prefix	458	41205041
sample	rich	slob	lzma2	prefix	459	36457292
sample	rich	slob	lzma2	prefix	460	874250
sample	rich	slob	lzma2	prefix	461	864375
sample	rich	slob	lzma2	prefix	462	48215209
sample	rich	slob	lzma2	prefix	463	40805083
sample	rich	slob	lzma2	prefix	464	746708
sample	rich	slob	lzma2	prefix	465	880750
sample	rich	slob	lzma2	prefix	466	48692375
sample	rich	slob	lzma2	prefix	467	45695000
sample	rich	slob	lzma2	prefix	468	936542
sample	rich	slob	lzma2	prefix	469	831667
sample	rich	slob	lzma2	prefix	470	40621875
sample	rich	slob	lzma2	prefix	471	42805083
sample	rich	slob	lzma2	prefix	472	762916
sample	rich	slob	lzma2	prefix	473	901917
sample	rich	slob	lzma2	prefix	474	37282292
sample	rich	slob	lzma2	prefix	475	42017250
sample	rich	slob	lzma2	prefix	476	928583
sample	rich	slob	lzma2	prefix	477	1593041
sample	rich	slob	lzma2	prefix	478	47213833
sample	rich	slob	lzma2	prefix	479	41096166
sample	rich	slob	lzma2	prefix	480	948375
sample	rich	slob	lzma2	prefix	481	2595209
sample	rich	slob	lzma2	prefix	482	44257625
sample	rich	slob	lzma2	prefix	483	45918375
sample	rich	slob	lzma2	prefix	484	882542
sample	rich	slob	lzma2	prefix	485	1970291
sample	rich	slob	lzma2	prefix	486	49627708
sample	rich	slob	lzma2	prefix	487	42625291
sample	rich	slob	lzma2	prefix	488	756000
sample	rich	slob	lzma2	prefix	489	885584
sample	rich	slob	lzma2	prefix	490	43603375
sample	rich	slob	lzma2	prefix	491	58861291
sample	rich	slob	lzma2	prefix	492	999250
sample	rich	slob	lzma2	prefix	493	845625
sample	rich	slob	lzma2	prefix	494	37505041
sample	rich	slob	lzma2	prefix	495	45812667
sample	rich	slob	lzma2	prefix	496	1531541
sample	rich	slob	lzma2	prefix	497	1238250
sample	rich	slob	lzma2	prefix	498	42617375
sample	rich	slob	lzma2	prefix	499	39399959
sample	rich	slob	lzma2	prefix	500	888583
sample	rich	slob	lzma2	prefix	501	827542
sample	rich	slob	lzma2	prefix	502	43449417
sample	rich	slob	lzma2	prefix	503	38110375
sample	rich	slob	lzma2	prefix	504	749334
sample	rich	slob	lzma2	prefix	505	864708
sample	rich	slob	lzma2	prefix	506	43830791
sample	rich	slob	lzma2	prefix	507	47147125
sample	rich	slob	lzma2	prefix	508	906584
sample	rich	slob	lzma2	prefix	509	1565375
sample	rich	slob	lzma2	prefix	510	43843250
sample	rich	slob	lzma2	prefix	511	43569959
sample	rich	slob	lzma2	prefix	512	985542
sample	rich	slob	lzma2	prefix	513	885333
sample	rich	slob	lzma2	prefix	514	50336833
sample	rich	slob	lzma2	prefix	515	44242167
sample	rich	slob	lzma2	prefix	516	1064000
sample	rich	slob	lzma2	prefix	517	857042
sample	rich	slob	lzma2	prefix	518	40297708
sample	rich	slob	lzma2	prefix	519	39646917
sample	rich	slob	lzma2	prefix	520	1622125
sample	rich	slob	lzma2	prefix	521	2509875
sample	rich	slob	lzma2	prefix	522	37648792
sample	rich	slob	lzma2	prefix	523	40982500
sample	rich	slob	lzma2	prefix	524	870334
sample	rich	slob	lzma2	prefix	525	970500
sample	rich	slob	lzma2	prefix	526	43163083
sample	rich	slob	lzma2	prefix	527	43236500
sample	rich	slob	lzma2	prefix	528	801750
sample	rich	slob	lzma2	prefix	529	894791
sample	rich	slob	lzma2	prefix	530	42626084
sample	rich	slob	lzma2	prefix	531	37411708
sample	rich	slob	lzma2	prefix	532	887042
sample	rich	slob	lzma2	prefix	533	1595833
sample	rich	slob	lzma2	prefix	534	42864167
sample	rich	slob	lzma2	prefix	535	40495791
sample	rich	slob	lzma2	prefix	536	758084
sample	rich	slob	lzma2	prefix	537	878000
sample	rich	slob	lzma2	prefix	538	36469750
sample	rich	slob	lzma2	prefix	539	38494917
sample	rich	slob	lzma2	prefix	540	871917
sample	rich	slob	lzma2	prefix	541	814459
sample	rich	slob	lzma2	prefix	542	38694709
sample	rich	slob	lzma2	prefix	543	39814833
sample	rich	slob	lzma2	prefix	544	1727334
sample	rich	slob	lzma2	prefix	545	2358208
sample	rich	slob	lzma2	prefix	546	45136542
sample	rich	slob	lzma2	prefix	547	46065042
sample	rich	slob	lzma2	prefix	548	893084
sample	rich	slob	lzma2	prefix	549	1089583
sample	rich	slob	lzma2	prefix	550	56719209
sample	rich	slob	lzma2	prefix	551	56783583
sample	rich	slob	lzma2	prefix	552	789667
sample	rich	slob	lzma2	prefix	553	1873250
sample	rich	slob	lzma2	prefix	554	46806958
sample	rich	slob	lzma2	prefix	555	66082125
sample	rich	slob	lzma2	prefix	556	1792958
sample	rich	slob	lzma2	prefix	557	813000
sample	rich	slob	lzma2	prefix	558	61816583
sample	rich	slob	lzma2	prefix	559	43274833
sample	rich	slob	lzma2	prefix	560	2333458
sample	rich	slob	lzma2	prefix	561	1199958
sample	rich	slob	lzma2	prefix	562	43832875
sample	rich	slob	lzma2	prefix	563	42330291
sample	rich	slob	lzma2	prefix	564	877208
sample	rich	slob	lzma2	prefix	565	811792
sample	rich	slob	lzma2	prefix	566	38904416
sample	rich	slob	lzma2	prefix	567	40708000
sample	rich	slob	lzma2	prefix	568	787542
sample	rich	slob	lzma2	prefix	569	889208
sample	rich	slob	lzma2	prefix	570	37318041
sample	rich	slob	lzma2	prefix	571	44166459
sample	rich	slob	lzma2	prefix	572	1606292
sample	rich	slob	lzma2	prefix	573	829791
sample	rich	slob	lzma2	prefix	574	42966333
sample	rich	slob	lzma2	prefix	575	40556875
sample	rich	slob	lzma2	prefix	576	728208
sample	rich	slob	lzma2	prefix	577	1018166
sample	rich	slob	lzma2	prefix	578	36901041
sample	rich	slob	lzma2	prefix	579	47633166
sample	rich	slob	lzma2	prefix	580	1394417
sample	rich	slob	lzma2	prefix	581	2285792
sample	rich	slob	lzma2	prefix	582	48812833
sample	rich	slob	lzma2	prefix	583	39867958
sample	rich	slob	lzma2	prefix	584	758875
sample	rich	slob	lzma2	prefix	585	1384250
sample	rich	slob	lzma2	prefix	586	44685000
sample	rich	slob	lzma2	prefix	587	46479375
sample	rich	slob	lzma2	prefix	588	884584
sample	rich	slob	lzma2	prefix	589	809000
sample	rich	slob	lzma2	prefix	590	40258292
sample	rich	slob	lzma2	prefix	591	42647708
sample	rich	slob	lzma2	prefix	592	764583
sample	rich	slob	lzma2	prefix	593	1211708
sample	rich	slob	lzma2	prefix	594	43281667
sample	rich	slob	lzma2	prefix	595	40008375
sample	rich	slob	lzma2	prefix	596	1338625
sample	rich	slob	lzma2	prefix	597	2172541
sample	rich	slob	lzma2	prefix	598	44473875
sample	rich	slob	lzma2	prefix	599	50292333
sample	rich	slob	lzma2	prefix	600	714750
sample	rich	slob	lzma2	prefix	601	889875
sample	rich	slob	lzma2	prefix	602	39304125
sample	rich	slob	lzma2	prefix	603	41805834
sample	rich	slob	lzma2	prefix	604	889792
sample	rich	slob	lzma2	prefix	605	835375
sample	rich	slob	lzma2	prefix	606	47826792
sample	rich	slob	lzma2	prefix	607	48356167
sample	rich	slob	lzma2	prefix	608	746834
sample	rich	slob	lzma2	prefix	609	924125
sample	rich	slob	lzma2	prefix	610	41212750
sample	rich	slob	lzma2	prefix	611	41793334
sample	rich	slob	lzma2	prefix	612	886875
sample	rich	slob	lzma2	prefix	613	817583
sample	rich	slob	lzma2	prefix	614	47071125
sample	rich	slob	lzma2	prefix	615	46799291
sample	rich	slob	lzma2	prefix	616	734959
sample	rich	slob	lzma2	prefix	617	1342167
sample	rich	slob	lzma2	prefix	618	46857375
sample	rich	slob	lzma2	prefix	619	41050750
sample	rich	slob	lzma2	prefix	620	913500
sample	rich	slob	lzma2	prefix	621	808792
sample	rich	slob	lzma2	prefix	622	51055791
sample	rich	slob	lzma2	prefix	623	53228250
sample	rich	slob	lzma2	prefix	624	778500
sample	rich	slob	lzma2	prefix	625	871250
sample	rich	slob	lzma2	prefix	626	51030334
sample	rich	slob	lzma2	prefix	627	48985916
sample	rich	slob	lzma2	prefix	628	903250
sample	rich	slob	lzma2	prefix	629	1044291
sample	rich	slob	lzma2	prefix	630	43568500
sample	rich	slob	lzma2	prefix	631	47047292
sample	rich	slob	lzma2	prefix	632	753916
sample	rich	slob	lzma2	prefix	633	883208
sample	rich	slob	lzma2	prefix	634	40531541
sample	rich	slob	lzma2	prefix	635	42015917
sample	rich	slob	lzma2	prefix	636	1531708
sample	rich	slob	lzma2	prefix	637	1291083
sample	rich	slob	lzma2	prefix	638	45081458
sample	rich	slob	lzma2	prefix	639	40890750
sample	rich	slob	lzma2	prefix	640	711708
sample	rich	slob	lzma2	prefix	641	869667
sample	rich	slob	lzma2	prefix	642	36216208
sample	rich	slob	lzma2	prefix	643	44296875
sample	rich	slob	lzma2	prefix	644	894125
sample	rich	slob	lzma2	prefix	645	803209
sample	rich	slob	lzma2	prefix	646	41018250
sample	rich	slob	lzma2	prefix	647	41745584
sample	rich	slob	lzma2	prefix	648	965292
sample	rich	slob	lzma2	prefix	649	2160167
sample	rich	slob	lzma2	prefix	650	43385167
sample	rich	slob	lzma2	prefix	651	44138583
sample	rich	slob	lzma2	prefix	652	1414375
sample	rich	slob	lzma2	prefix	653	822708
sample	rich	slob	lzma2	prefix	654	51545292
sample	rich	slob	lzma2	prefix	655	43445500
sample	rich	slob	lzma2	prefix	656	708250
sample	rich	slob	lzma2	prefix	657	1200750
sample	rich	slob	lzma2	prefix	658	43787958
sample	rich	slob	lzma2	prefix	659	45156541
sample	rich	slob	lzma2	prefix	660	2503792
sample	rich	slob	lzma2	prefix	661	831834
sample	rich	slob	lzma2	prefix	662	44590541
sample	rich	slob	lzma2	prefix	663	44265333
sample	rich	slob	lzma2	prefix	664	732750
sample	rich	slob	lzma2	prefix	665	1247667
sample	rich	slob	lzma2	prefix	666	37770459
sample	rich	slob	lzma2	prefix	667	51664708
sample	rich	slob	lzma2	prefix	668	1491083
sample	rich	slob	lzma2	prefix	669	850667
sample	rich	slob	lzma2	prefix	670	50331334
sample	rich	slob	lzma2	prefix	671	40194791
sample	rich	slob	lzma2	prefix	672	836584
sample	rich	slob	lzma2	prefix	673	2904875
sample	rich	slob	lzma2	prefix	674	48125916
sample	rich	slob	lzma2	prefix	675	45094334
sample	rich	slob	lzma2	prefix	676	1685666
sample	rich	slob	lzma2	prefix	677	926417
sample	rich	slob	lzma2	prefix	678	41601500
sample	rich	slob	lzma2	prefix	679	46655333
sample	rich	slob	lzma2	prefix	680	1097916
sample	rich	slob	lzma2	prefix	681	890375
sample	rich	slob	lzma2	prefix	682	37670000
sample	rich	slob	lzma2	prefix	683	40971083
sample	rich	slob	lzma2	prefix	684	2132500
sample	rich	slob	lzma2	prefix	685	818833
sample	rich	slob	lzma2	prefix	686	43658750
sample	rich	slob	lzma2	prefix	687	51471375
sample	rich	slob	lzma2	prefix	688	735917
sample	rich	slob	lzma2	prefix	689	882458
sample	rich	slob	lzma2	prefix	690	43048375
sample	rich	slob	lzma2	prefix	691	42672000
sample	rich	slob	lzma2	prefix	692	930750
sample	rich	slob	lzma2	prefix	693	1147917
sample	rich	slob	lzma2	prefix	694	41974958
sample	rich	slob	lzma2	prefix	695	41122500
sample	rich	slob	lzma2	prefix	696	798000
sample	rich	slob	lzma2	prefix	697	1283166
sample	rich	slob	lzma2	prefix	698	41645583
sample	rich	slob	lzma2	prefix	699	44583334
sample	rich	slob	lzma2	prefix	700	904250
sample	rich	slob	lzma2	prefix	701	819792
sample	rich	slob	lzma2	prefix	702	40800375
sample	rich	slob	lzma2	prefix	703	35807167
sample	rich	slob	lzma2	prefix	704	748167
sample	rich	slob	lzma2	prefix	705	883417
sample	rich	slob	lzma2	prefix	706	43271250
sample	rich	slob	lzma2	prefix	707	48544916
sample	rich	slob	lzma2	prefix	708	1957000
sample	rich	slob	lzma2	prefix	709	1150333
sample	rich	slob	lzma2	prefix	710	41660583
sample	rich	slob	lzma2	prefix	711	42661250
sample	rich	slob	lzma2	prefix	712	733708
sample	rich	slob	lzma2	prefix	713	1240500
sample	rich	slob	lzma2	prefix	714	48274875
sample	rich	slob	lzma2	prefix	715	45127583
sample	rich	slob	lzma2	prefix	716	862125
sample	rich	slob	lzma2	prefix	717	932333
sample	rich	slob	lzma2	prefix	718	39184292
sample	rich	slob	lzma2	prefix	719	44965083
sample	rich	slob	lzma2	prefix	720	724167
sample	rich	slob	lzma2	prefix	721	885792
sample	rich	slob	lzma2	prefix	722	40130000
sample	rich	slob	lzma2	prefix	723	40551709
sample	rich	slob	lzma2	prefix	724	2299875
sample	rich	slob	lzma2	prefix	725	842542
sample	rich	slob	lzma2	prefix	726	41673375
sample	rich	slob	lzma2	prefix	727	39423708
sample	rich	slob	lzma2	prefix	728	755791
sample	rich	slob	lzma2	prefix	729	875417
sample	rich	slob	lzma2	prefix	730	40843833
sample	rich	slob	lzma2	prefix	731	35911959
sample	rich	slob	lzma2	prefix	732	949875
sample	rich	slob	lzma2	prefix	733	819834
sample	rich	slob	lzma2	prefix	734	53833500
sample	rich	slob	lzma2	prefix	735	52266083
sample	rich	slob	lzma2	prefix	736	1316625
sample	rich	slob	lzma2	prefix	737	1421334
sample	rich	slob	lzma2	prefix	738	42767292
sample	rich	slob	lzma2	prefix	739	37608084
sample	rich	slob	lzma2	prefix	740	900917
sample	rich	slob	lzma2	prefix	741	811791
sample	rich	slob	lzma2	prefix	742	35866166
sample	rich	slob	lzma2	prefix	743	44216208
sample	rich	slob	lzma2	prefix	744	751250
sample	rich	slob	lzma2	prefix	745	877875
sample	rich	slob	lzma2	prefix	746	46247542
sample	rich	slob	lzma2	prefix	747	37110875
sample	rich	slob	lzma2	prefix	748	889875
sample	rich	slob	lzma2	prefix	749	1268292
sample	rich	slob	lzma2	prefix	750	43200750
sample	rich	slob	lzma2	prefix	751	43440083
sample	rich	slob	lzma2	prefix	752	807500
sample	rich	slob	lzma2	prefix	753	890291
sample	rich	slob	lzma2	prefix	754	42870708
sample	rich	slob	lzma2	prefix	755	41413834
sample	rich	slob	lzma2	prefix	756	880750
sample	rich	slob	lzma2	prefix	757	814458
sample	rich	slob	lzma2	prefix	758	38677375
sample	rich	slob	lzma2	prefix	759	39395000
sample	rich	slob	lzma2	prefix	760	754917
sample	rich	slob	lzma2	prefix	761	886500
sample	rich	slob	lzma2	prefix	762	39254708
sample	rich	slob	lzma2	prefix	763	40055625
sample	rich	slob	lzma2	prefix	764	934709
sample	rich	slob	lzma2	prefix	765	816958
sample	rich	slob	lzma2	prefix	766	39484542
sample	rich	slob	lzma2	prefix	767	44640917
sample	rich	slob	lzma2	prefix	768	1445542
sample	rich	slob	lzma2	prefix	769	886750
sample	rich	slob	lzma2	prefix	770	40966667
sample	rich	slob	lzma2	prefix	771	39197875
sample	rich	slob	lzma2	prefix	772	1674167
sample	rich	slob	lzma2	prefix	773	835458
sample	rich	slob	lzma2	prefix	774	37267917
sample	rich	slob	lzma2	prefix	775	39357625
sample	rich	slob	lzma2	prefix	776	796333
sample	rich	slob	lzma2	prefix	777	1643792
sample	rich	slob	lzma2	prefix	778	41621334
sample	rich	slob	lzma2	prefix	779	43586750
sample	rich	slob	lzma2	prefix	780	2391833
sample	rich	slob	lzma2	prefix	781	1951334
sample	rich	slob	lzma2	prefix	782	65244417
sample	rich	slob	lzma2	prefix	783	56067458
sample	rich	slob	lzma2	prefix	784	849333
sample	rich	slob	lzma2	prefix	785	1573042
sample	rich	slob	lzma2	prefix	786	40114125
sample	rich	slob	lzma2	prefix	787	39132375
sample	rich	slob	lzma2	prefix	788	882459
sample	rich	slob	lzma2	prefix	789	1263458
sample	rich	slob	lzma2	prefix	790	45348000
sample	rich	slob	lzma2	prefix	791	40461416
sample	rich	slob	lzma2	prefix	792	737166
sample	rich	slob	lzma2	prefix	793	1622917
sample	rich	slob	lzma2	prefix	794	37490292
sample	rich	slob	lzma2	prefix	795	43230125
sample	rich	slob	lzma2	prefix	796	897667
sample	rich	slob	lzma2	prefix	797	818167
sample	rich	slob	lzma2	prefix	798	38972333
sample	rich	slob	lzma2	prefix	799	37721667
sample	rich	slob	lzma2	prefix	800	738875
sample	rich	slob	lzma2	prefix	801	1118417
sample	rich	slob	lzma2	prefix	802	44016417
sample	rich	slob	lzma2	prefix	803	41095917
sample	rich	slob	lzma2	prefix	804	880958
sample	rich	slob	lzma2	prefix	805	809750
sample	rich	slob	lzma2	prefix	806	40833042
sample	rich	slob	lzma2	prefix	807	39332333
sample	rich	slob	lzma2	prefix	808	1621542
sample	rich	slob	lzma2	prefix	809	1067666
sample	rich	slob	lzma2	prefix	810	46190625
sample	rich	slob	lzma2	prefix	811	43469375
sample	rich	slob	lzma2	prefix	812	917458
sample	rich	slob	lzma2	prefix	813	856417
sample	rich	slob	lzma2	prefix	814	42427792
sample	rich	slob	lzma2	prefix	815	42803625
sample	rich	slob	lzma2	prefix	816	734750
sample	rich	slob	lzma2	prefix	817	871666
sample	rich	slob	lzma2	prefix	818	35165000
sample	rich	slob	lzma2	prefix	819	38559167
sample	rich	slob	lzma2	prefix	820	1541875
sample	rich	slob	lzma2	prefix	821	860083
sample	rich	slob	lzma2	prefix	822	39311833
sample	rich	slob	lzma2	prefix	823	36595041
sample	rich	slob	lzma2	prefix	824	950333
sample	rich	slob	lzma2	prefix	825	1509292
sample	rich	slob	lzma2	prefix	826	37524875
sample	rich	slob	lzma2	prefix	827	46329917
sample	rich	slob	lzma2	prefix	828	960375
sample	rich	slob	lzma2	prefix	829	895333
sample	rich	slob	lzma2	prefix	830	38961125
sample	rich	slob	lzma2	prefix	831	40592292
sample	rich	slob	lzma2	prefix	832	753000
sample	rich	slob	lzma2	prefix	833	871417
sample	rich	slob	lzma2	prefix	834	39689250
sample	rich	slob	lzma2	prefix	835	35714167
sample	rich	slob	lzma2	prefix	836	875708
sample	rich	slob	lzma2	prefix	837	807833
sample	rich	slob	lzma2	prefix	838	38704417
sample	rich	slob	lzma2	prefix	839	38842375
sample	rich	slob	lzma2	prefix	840	1174875
sample	rich	slob	lzma2	prefix	841	903583
sample	rich	slob	lzma2	prefix	842	43134625
sample	rich	slob	lzma2	prefix	843	40143250
sample	rich	slob	lzma2	prefix	844	884750
sample	rich	slob	lzma2	prefix	845	814792
sample	rich	slob	lzma2	prefix	846	37701584
sample	rich	slob	lzma2	prefix	847	39480333
sample	rich	slob	lzma2	prefix	848	993375
sample	rich	slob	lzma2	prefix	849	890125
sample	rich	slob	lzma2	prefix	850	37756708
sample	rich	slob	lzma2	prefix	851	45776584
sample	rich	slob	lzma2	prefix	852	1130000
sample	rich	slob	lzma2	prefix	853	916417
sample	rich	slob	lzma2	prefix	854	42462250
sample	rich	slob	lzma2	prefix	855	36444834
sample	rich	slob	lzma2	prefix	856	1240542
sample	rich	slob	lzma2	prefix	857	879583
sample	rich	slob	lzma2	prefix	858	38104500
sample	rich	slob	lzma2	prefix	859	45872750
sample	rich	slob	lzma2	prefix	860	890875
sample	rich	slob	lzma2	prefix	861	815292
sample	rich	slob	lzma2	prefix	862	44076875
sample	rich	slob	lzma2	prefix	863	42110416
sample	rich	slob	lzma2	prefix	864	731667
sample	rich	slob	lzma2	prefix	865	1097083
sample	rich	slob	lzma2	prefix	866	42059042
sample	rich	slob	lzma2	prefix	867	37200750
sample	rich	slob	lzma2	prefix	868	862292
sample	rich	slob	lzma2	prefix	869	2255917
sample	rich	slob	lzma2	prefix	870	36475292
sample	rich	slob	lzma2	prefix	871	51125208
sample	rich	slob	lzma2	prefix	872	733750
sample	rich	slob	lzma2	prefix	873	893625
sample	rich	slob	lzma2	prefix	874	41092167
sample	rich	slob	lzma2	prefix	875	41625292
sample	rich	slob	lzma2	prefix	876	1023750
sample	rich	slob	lzma2	prefix	877	891542
sample	rich	slob	lzma2	prefix	878	45394375
sample	rich	slob	lzma2	prefix	879	50366125
sample	rich	slob	lzma2	prefix	880	739792
sample	rich	slob	lzma2	prefix	881	892209
sample	rich	slob	lzma2	prefix	882	43682709
sample	rich	slob	lzma2	prefix	883	37190750
sample	rich	slob	lzma2	prefix	884	1076583
sample	rich	slob	lzma2	prefix	885	2026667
sample	rich	slob	lzma2	prefix	886	37837292
sample	rich	slob	lzma2	prefix	887	35191458
sample	rich	slob	lzma2	prefix	888	891167
sample	rich	slob	lzma2	prefix	889	893959
sample	rich	slob	lzma2	prefix	890	40372208
sample	rich	slob	lzma2	prefix	891	45469042
sample	rich	slob	lzma2	prefix	892	947417
sample	rich	slob	lzma2	prefix	893	826167
sample	rich	slob	lzma2	prefix	894	43133375
sample	rich	slob	lzma2	prefix	895	44177083
sample	rich	slob	lzma2	prefix	896	1231875
sample	rich	slob	lzma2	prefix	897	893250
sample	rich	slob	lzma2	prefix	898	48631709
sample	rich	slob	lzma2	prefix	899	48567417
sample	rich	slob	lzma2	prefix	900	966333
sample	rich	slob	lzma2	prefix	901	826917
sample	rich	slob	lzma2	prefix	902	40040667
sample	rich	slob	lzma2	prefix	903	41560709
sample	rich	slob	lzma2	prefix	904	733292
sample	rich	slob	lzma2	prefix	905	867917
sample	rich	slob	lzma2	prefix	906	38983584
sample	rich	slob	lzma2	prefix	907	42902875
sample	rich	slob	lzma2	prefix	908	875542
sample	rich	slob	lzma2	prefix	909	1316500
sample	rich	slob	lzma2	prefix	910	37921334
sample	rich	slob	lzma2	prefix	911	40970167
sample	rich	slob	lzma2	prefix	912	732708
sample	rich	slob	lzma2	prefix	913	1063166
sample	rich	slob	lzma2	prefix	914	41401500
sample	rich	slob	lzma2	prefix	915	39298375
sample	rich	slob	lzma2	prefix	916	902709
sample	rich	slob	lzma2	prefix	917	887250
sample	rich	slob	lzma2	prefix	918	36147667
sample	rich	slob	lzma2	prefix	919	40366458
sample	rich	slob	lzma2	prefix	920	761958
sample	rich	slob	lzma2	prefix	921	873666
sample	rich	slob	lzma2	prefix	922	37735250
sample	rich	slob	lzma2	prefix	923	38537417
sample	rich	slob	lzma2	prefix	924	879667
sample	rich	slob	lzma2	prefix	925	897209
sample	rich	slob	lzma2	prefix	926	38483750
sample	rich	slob	lzma2	prefix	927	38240209
sample	rich	slob	lzma2	prefix	928	764125
sample	rich	slob	lzma2	prefix	929	1243541
sample	rich	slob	lzma2	prefix	930	38020083
sample	rich	slob	lzma2	prefix	931	35198208
sample	rich	slob	lzma2	prefix	932	877000
sample	rich	slob	lzma2	prefix	933	816541
sample	rich	slob	lzma2	prefix	934	36351917
sample	rich	slob	lzma2	prefix	935	38015458
sample	rich	slob	lzma2	prefix	936	770959
sample	rich	slob	lzma2	prefix	937	942583
sample	rich	slob	lzma2	prefix	938	38782083
sample	rich	slob	lzma2	prefix	939	38311292
sample	rich	slob	lzma2	prefix	940	1903292
sample	rich	slob	lzma2	prefix	941	2426500
sample	rich	slob	lzma2	prefix	942	42786875
sample	rich	slob	lzma2	prefix	943	41107000
sample	rich	slob	lzma2	prefix	944	839833
sample	rich	slob	lzma2	prefix	945	984083
sample	rich	slob	lzma2	prefix	946	37790625
sample	rich	slob	lzma2	prefix	947	47903792
sample	rich	slob	lzma2	prefix	948	1685959
sample	rich	slob	lzma2	prefix	949	1399500
sample	rich	slob	lzma2	prefix	950	45686625
sample	rich	slob	lzma2	prefix	951	42254750
sample	rich	slob	lzma2	prefix	952	754708
sample	rich	slob	lzma2	prefix	953	896959
sample	rich	slob	lzma2	prefix	954	40491916
sample	rich	slob	lzma2	prefix	955	48076250
sample	rich	slob	lzma2	prefix	956	895292
sample	rich	slob	lzma2	prefix	957	824917
sample	rich	slob	lzma2	prefix	958	46505291
sample	rich	slob	lzma2	prefix	959	43574583
sample	rich	slob	lzma2	prefix	960	751708
sample	rich	slob	lzma2	prefix	961	893083
sample	rich	slob	lzma2	prefix	962	41695917
sample	rich	slob	lzma2	prefix	963	51137458
sample	rich	slob	lzma2	prefix	964	1864250
sample	rich	slob	lzma2	prefix	965	1571750
sample	rich	slob	lzma2	prefix	966	43453583
sample	rich	slob	lzma2	prefix	967	40687416
sample	rich	slob	lzma2	prefix	968	1469167
sample	rich	slob	lzma2	prefix	969	971375
sample	rich	slob	lzma2	prefix	970	38727625
sample	rich	slob	lzma2	prefix	971	45147333
sample	rich	slob	lzma2	prefix	972	937208
sample	rich	slob	lzma2	prefix	973	828459
sample	rich	slob	lzma2	prefix	974	43747250
sample	rich	slob	lzma2	prefix	975	37849042
sample	rich	slob	lzma2	prefix	976	733167
sample	rich	slob	lzma2	prefix	977	868750
sample	rich	slob	lzma2	prefix	978	40519667
sample	rich	slob	lzma2	prefix	979	38736250
sample	rich	slob	lzma2	prefix	980	872667
sample	rich	slob	lzma2	prefix	981	802167
sample	rich	slob	lzma2	prefix	982	43746375
sample	rich	slob	lzma2	prefix	983	36931625
sample	rich	slob	lzma2	prefix	984	843875
sample	rich	slob	lzma2	prefix	985	1552833
sample	rich	slob	lzma2	prefix	986	42669584
sample	rich	slob	lzma2	prefix	987	50167417
sample	rich	slob	lzma2	prefix	988	940500
sample	rich	slob	lzma2	prefix	989	813833
sample	rich	slob	lzma2	prefix	990	39383583
sample	rich	slob	lzma2	prefix	991	48080791
sample	rich	slob	lzma2	prefix	992	1016750
sample	rich	slob	lzma2	prefix	993	1176750
sample	rich	slob	lzma2	prefix	994	40189250
sample	rich	slob	lzma2	prefix	995	44919125
sample	rich	slob	lzma2	prefix	996	866167
sample	rich	slob	lzma2	prefix	997	2415708
sample	rich	slob	lzma2	prefix	998	45425125
sample	rich	slob	lzma2	prefix	999	45205292
sample	rich	slob	lzma2	render	0	479375
sample	rich	slob	lzma2	render	1	145583
sample	rich	slob	lzma2	render	2	60459
sample	rich	slob	lzma2	render	3	48416
sample	rich	slob	lzma2	render	4	46541
sample	rich	slob	lzma2	render	5	45666
sample	rich	slob	lzma2	render	6	45333
sample	rich	slob	lzma2	render	7	45458
sample	rich	slob	lzma2	render	8	45625
sample	rich	slob	lzma2	render	9	50042
sample	rich	slob	lzma2	render	10	45708
sample	rich	slob	lzma2	render	11	45083
sample	rich	slob	lzma2	render	12	45042
sample	rich	slob	lzma2	render	13	49333
sample	rich	slob	lzma2	render	14	201500
sample	rich	slob	lzma2	render	15	76542
sample	rich	slob	lzma2	render	16	75709
sample	rich	slob	lzma2	render	17	230959
sample	rich	slob	lzma2	render	18	208959
sample	rich	slob	lzma2	render	19	160583
sample	rich	slob	lzma2	render	20	157958
sample	rich	slob	lzma2	render	21	56667
sample	rich	slob	lzma2	render	22	46417
sample	rich	slob	lzma2	render	23	211500
sample	rich	slob	lzma2	render	24	204917
sample	rich	slob	lzma2	render	25	97708
sample	rich	slob	lzma2	render	26	51084
sample	rich	slob	lzma2	render	27	45958
sample	rich	slob	lzma2	render	28	46459
sample	rich	slob	lzma2	render	29	46125
sample	rich	slob	lzma2	render	30	44625
sample	rich	slob	lzma2	render	31	191167
sample	rich	slob	lzma2	render	32	153417
sample	rich	slob	lzma2	render	33	114917
sample	rich	slob	lzma2	render	34	131125
sample	rich	slob	lzma2	render	35	127708
sample	rich	slob	lzma2	render	36	114500
sample	rich	slob	lzma2	render	37	105167
sample	rich	slob	lzma2	render	38	105375
sample	rich	slob	lzma2	render	39	102833
sample	rich	slob	lzma2	render	40	121583
sample	rich	slob	lzma2	render	41	128750
sample	rich	slob	lzma2	render	42	50042
sample	rich	slob	lzma2	render	43	44875
sample	rich	slob	lzma2	render	44	44667
sample	rich	slob	lzma2	render	45	44292
sample	rich	slob	lzma2	render	46	44417
sample	rich	slob	lzma2	render	47	44291
sample	rich	slob	lzma2	render	48	44167
sample	rich	slob	lzma2	render	49	44625
sample	rich	slob	lzma2	render	50	43917
sample	rich	slob	lzma2	render	51	44209
sample	rich	slob	lzma2	render	52	44250
sample	rich	slob	lzma2	render	53	44334
sample	rich	slob	lzma2	render	54	44208
sample	rich	slob	lzma2	render	55	44083
sample	rich	slob	lzma2	render	56	43958
sample	rich	slob	lzma2	render	57	43875
sample	rich	slob	lzma2	render	58	43791
sample	rich	slob	lzma2	render	59	43792
sample	rich	slob	lzma2	render	60	43750
sample	rich	slob	lzma2	render	61	43625
sample	rich	slob	lzma2	render	62	43750
sample	rich	slob	lzma2	render	63	43459
sample	rich	slob	lzma2	render	64	44000
sample	rich	slob	lzma2	render	65	44000
sample	rich	slob	lzma2	render	66	44250
sample	rich	slob	lzma2	render	67	43709
sample	rich	slob	lzma2	render	68	44750
sample	rich	slob	lzma2	render	69	43708
sample	rich	slob	lzma2	render	70	43458
sample	rich	slob	lzma2	render	71	43458
sample	rich	slob	lzma2	render	72	45125
sample	rich	slob	lzma2	render	73	43666
sample	rich	slob	lzma2	render	74	44125
sample	rich	slob	lzma2	render	75	43833
sample	rich	slob	lzma2	render	76	176125
sample	rich	slob	lzma2	render	77	155250
sample	rich	slob	lzma2	render	78	118500
sample	rich	slob	lzma2	render	79	108459
sample	rich	slob	lzma2	render	80	216083
sample	rich	slob	lzma2	render	81	168125
sample	rich	slob	lzma2	render	82	268292
sample	rich	slob	lzma2	render	83	119916
sample	rich	slob	lzma2	render	84	171833
sample	rich	slob	lzma2	render	85	107083
sample	rich	slob	lzma2	render	86	106458
sample	rich	slob	lzma2	render	87	101666
sample	rich	slob	lzma2	render	88	101792
sample	rich	slob	lzma2	render	89	104917
sample	rich	slob	lzma2	render	90	167083
sample	rich	slob	lzma2	render	91	123584
sample	rich	slob	lzma2	render	92	81167
sample	rich	slob	lzma2	render	93	191583
sample	rich	slob	lzma2	render	94	161583
sample	rich	slob	lzma2	render	95	128292
sample	rich	slob	lzma2	render	96	125792
sample	rich	slob	lzma2	render	97	109542
sample	rich	slob	lzma2	render	98	103792
sample	rich	slob	lzma2	render	99	109334
sample	rich	slob	lzma2	render	100	59125
sample	rich	slob	lzma2	render	101	49542
sample	rich	slob	lzma2	render	102	46000
sample	rich	slob	lzma2	render	103	44792
sample	rich	slob	lzma2	render	104	45583
sample	rich	slob	lzma2	render	105	44750
sample	rich	slob	lzma2	render	106	44334
sample	rich	slob	lzma2	render	107	43875
sample	rich	slob	lzma2	render	108	44083
sample	rich	slob	lzma2	render	109	44667
sample	rich	slob	lzma2	render	110	44041
sample	rich	slob	lzma2	render	111	43875
sample	rich	slob	lzma2	render	112	44208
sample	rich	slob	lzma2	render	113	44334
sample	rich	slob	lzma2	render	114	46041
sample	rich	slob	lzma2	render	115	43958
sample	rich	slob	lzma2	render	116	43334
sample	rich	slob	lzma2	render	117	44000
sample	rich	slob	lzma2	render	118	43916
sample	rich	slob	lzma2	render	119	44000
sample	rich	slob	lzma2	render	120	44667
sample	rich	slob	lzma2	render	121	44167
sample	rich	slob	lzma2	render	122	43542
sample	rich	slob	lzma2	render	123	43291
sample	rich	slob	lzma2	render	124	43709
sample	rich	slob	lzma2	render	125	43709
sample	rich	slob	lzma2	render	126	45208
sample	rich	slob	lzma2	render	127	44000
sample	rich	slob	lzma2	render	128	43334
sample	rich	slob	lzma2	render	129	139792
sample	rich	slob	lzma2	render	130	107958
sample	rich	slob	lzma2	render	131	91000
sample	rich	slob	lzma2	render	132	149333
sample	rich	slob	lzma2	render	133	113083
sample	rich	slob	lzma2	render	134	60083
sample	rich	slob	lzma2	render	135	45958
sample	rich	slob	lzma2	render	136	44833
sample	rich	slob	lzma2	render	137	44000
sample	rich	slob	lzma2	render	138	44084
sample	rich	slob	lzma2	render	139	44291
sample	rich	slob	lzma2	render	140	44250
sample	rich	slob	lzma2	render	141	43959
sample	rich	slob	lzma2	render	142	43959
sample	rich	slob	lzma2	render	143	43875
sample	rich	slob	lzma2	render	144	43959
sample	rich	slob	lzma2	render	145	44375
sample	rich	slob	lzma2	render	146	43583
sample	rich	slob	lzma2	render	147	44833
sample	rich	slob	lzma2	render	148	44125
sample	rich	slob	lzma2	render	149	43708
sample	rich	slob	lzma2	render	150	43666
sample	rich	slob	lzma2	render	151	43333
sample	rich	slob	lzma2	render	152	43125
sample	rich	slob	lzma2	render	153	43500
sample	rich	slob	lzma2	render	154	43375
sample	rich	slob	lzma2	render	155	43541
sample	rich	slob	lzma2	render	156	43917
sample	rich	slob	lzma2	render	157	43750
sample	rich	slob	lzma2	render	158	43583
sample	rich	slob	lzma2	render	159	43959
sample	rich	slob	lzma2	render	160	43292
sample	rich	slob	lzma2	render	161	43667
sample	rich	slob	lzma2	render	162	43750
sample	rich	slob	lzma2	render	163	43916
sample	rich	slob	lzma2	render	164	43708
sample	rich	slob	lzma2	render	165	43833
sample	rich	slob	lzma2	render	166	43791
sample	rich	slob	lzma2	render	167	45500
sample	rich	slob	lzma2	render	168	45500
sample	rich	slob	lzma2	render	169	44166
sample	rich	slob	lzma2	render	170	43458
sample	rich	slob	lzma2	render	171	43625
sample	rich	slob	lzma2	render	172	43583
sample	rich	slob	lzma2	render	173	44625
sample	rich	slob	lzma2	render	174	44000
sample	rich	slob	lzma2	render	175	43375
sample	rich	slob	lzma2	render	176	43458
sample	rich	slob	lzma2	render	177	43625
sample	rich	slob	lzma2	render	178	43375
sample	rich	slob	lzma2	render	179	43625
sample	rich	slob	lzma2	render	180	43875
sample	rich	slob	lzma2	render	181	43292
sample	rich	slob	lzma2	render	182	43250
sample	rich	slob	lzma2	render	183	43250
sample	rich	slob	lzma2	render	184	43791
sample	rich	slob	lzma2	render	185	215042
sample	rich	slob	lzma2	render	186	103208
sample	rich	slob	lzma2	render	187	52083
sample	rich	slob	lzma2	render	188	46375
sample	rich	slob	lzma2	render	189	44958
sample	rich	slob	lzma2	render	190	44542
sample	rich	slob	lzma2	render	191	44916
sample	rich	slob	lzma2	render	192	44166
sample	rich	slob	lzma2	render	193	69875
sample	rich	slob	lzma2	render	194	49667
sample	rich	slob	lzma2	render	195	45791
sample	rich	slob	lzma2	render	196	45000
sample	rich	slob	lzma2	render	197	44416
sample	rich	slob	lzma2	render	198	44041
sample	rich	slob	lzma2	render	199	46625
sample	rich	slob	lzma2	render	200	104500
sample	rich	slob	lzma2	render	201	44750
sample	rich	slob	lzma2	render	202	43583
sample	rich	slob	lzma2	render	203	45000
sample	rich	slob	lzma2	render	204	43500
sample	rich	slob	lzma2	render	205	43292
sample	rich	slob	lzma2	render	206	43333
sample	rich	slob	lzma2	render	207	43542
sample	rich	slob	lzma2	render	208	43750
sample	rich	slob	lzma2	render	209	43375
sample	rich	slob	lzma2	render	210	195875
sample	rich	slob	lzma2	render	211	126500
sample	rich	slob	lzma2	render	212	49541
sample	rich	slob	lzma2	render	213	45542
sample	rich	slob	lzma2	render	214	45041
sample	rich	slob	lzma2	render	215	44250
sample	rich	slob	lzma2	render	216	44500
sample	rich	slob	lzma2	render	217	44458
sample	rich	slob	lzma2	render	218	44792
sample	rich	slob	lzma2	render	219	44125
sample	rich	slob	lzma2	render	220	43750
sample	rich	slob	lzma2	render	221	44125
sample	rich	slob	lzma2	render	222	44250
sample	rich	slob	lzma2	render	223	44541
sample	rich	slob	lzma2	render	224	44083
sample	rich	slob	lzma2	render	225	44042
sample	rich	slob	lzma2	render	226	45500
sample	rich	slob	lzma2	render	227	44125
sample	rich	slob	lzma2	render	228	43667
sample	rich	slob	lzma2	render	229	44125
sample	rich	slob	lzma2	render	230	44208
sample	rich	slob	lzma2	render	231	44458
sample	rich	slob	lzma2	render	232	44125
sample	rich	slob	lzma2	render	233	49042
sample	rich	slob	lzma2	render	234	92125
sample	rich	slob	lzma2	render	235	45542
sample	rich	slob	lzma2	render	236	44000
sample	rich	slob	lzma2	render	237	44458
sample	rich	slob	lzma2	render	238	44041
sample	rich	slob	lzma2	render	239	44916
sample	rich	slob	lzma2	render	240	43625
sample	rich	slob	lzma2	render	241	43750
sample	rich	slob	lzma2	render	242	43792
sample	rich	slob	lzma2	render	243	44250
sample	rich	slob	lzma2	render	244	310541
sample	rich	slob	lzma2	render	245	152375
sample	rich	slob	lzma2	render	246	140083
sample	rich	slob	lzma2	render	247	115084
sample	rich	slob	lzma2	render	248	140958
sample	rich	slob	lzma2	render	249	152500
sample	rich	slob	lzma2	render	250	49625
sample	rich	slob	lzma2	render	251	44750
sample	rich	slob	lzma2	render	252	46041
sample	rich	slob	lzma2	render	253	45041
sample	rich	slob	lzma2	render	254	44167
sample	rich	slob	lzma2	render	255	43875
sample	rich	slob	lzma2	render	256	43625
sample	rich	slob	lzma2	render	257	44000
sample	rich	slob	lzma2	render	258	43250
sample	rich	slob	lzma2	render	259	43875
sample	rich	slob	lzma2	render	260	43667
sample	rich	slob	lzma2	render	261	44166
sample	rich	slob	lzma2	render	262	43459
sample	rich	slob	lzma2	render	263	43750
sample	rich	slob	lzma2	render	264	43250
sample	rich	slob	lzma2	render	265	43208
sample	rich	slob	lzma2	render	266	43458
sample	rich	slob	lzma2	render	267	43583
sample	rich	slob	lzma2	render	268	43500
sample	rich	slob	lzma2	render	269	44000
sample	rich	slob	lzma2	render	270	43583
sample	rich	slob	lzma2	render	271	43417
sample	rich	slob	lzma2	render	272	43875
sample	rich	slob	lzma2	render	273	44417
sample	rich	slob	lzma2	render	274	44000
sample	rich	slob	lzma2	render	275	43750
sample	rich	slob	lzma2	render	276	43917
sample	rich	slob	lzma2	render	277	43458
sample	rich	slob	lzma2	render	278	44459
sample	rich	slob	lzma2	render	279	43667
sample	rich	slob	lzma2	render	280	43875
sample	rich	slob	lzma2	render	281	43791
sample	rich	slob	lzma2	render	282	43541
sample	rich	slob	lzma2	render	283	43916
sample	rich	slob	lzma2	render	284	44083
sample	rich	slob	lzma2	render	285	43625
sample	rich	slob	lzma2	render	286	43583
sample	rich	slob	lzma2	render	287	44042
sample	rich	slob	lzma2	render	288	235375
sample	rich	slob	lzma2	render	289	56542
sample	rich	slob	lzma2	render	290	44250
sample	rich	slob	lzma2	render	291	44208
sample	rich	slob	lzma2	render	292	43750
sample	rich	slob	lzma2	render	293	44041
sample	rich	slob	lzma2	render	294	43375
sample	rich	slob	lzma2	render	295	43834
sample	rich	slob	lzma2	render	296	43584
sample	rich	slob	lzma2	render	297	47625
sample	rich	slob	lzma2	render	298	44167
sample	rich	slob	lzma2	render	299	165584
sample	rich	slob	lzma2	render	300	94583
sample	rich	slob	lzma2	render	301	62167
sample	rich	slob	lzma2	render	302	44542
sample	rich	slob	lzma2	render	303	44209
sample	rich	slob	lzma2	render	304	44416
sample	rich	slob	lzma2	render	305	45791
sample	rich	slob	lzma2	render	306	43792
sample	rich	slob	lzma2	render	307	45041
sample	rich	slob	lzma2	render	308	124041
sample	rich	slob	lzma2	render	309	49500
sample	rich	slob	lzma2	render	310	46125
sample	rich	slob	lzma2	render	311	45541
sample	rich	slob	lzma2	render	312	44959
sample	rich	slob	lzma2	render	313	45500
sample	rich	slob	lzma2	render	314	44459
sample	rich	slob	lzma2	render	315	132208
sample	rich	slob	lzma2	render	316	212542
sample	rich	slob	lzma2	render	317	215750
sample	rich	slob	lzma2	render	318	145541
sample	rich	slob	lzma2	render	319	61583
sample	rich	slob	lzma2	render	320	47125
sample	rich	slob	lzma2	render	321	78000
sample	rich	slob	lzma2	render	322	124500
sample	rich	slob	lzma2	render	323	89541
sample	rich	slob	lzma2	render	324	152583
sample	rich	slob	lzma2	render	325	127458
sample	rich	slob	lzma2	render	326	112750
sample	rich	slob	lzma2	render	327	107500
sample	rich	slob	lzma2	render	328	105791
sample	rich	slob	lzma2	render	329	106000
sample	rich	slob	lzma2	render	330	106500
sample	rich	slob	lzma2	render	331	110166
sample	rich	slob	lzma2	render	332	136833
sample	rich	slob	lzma2	render	333	142083
sample	rich	slob	lzma2	render	334	60416
sample	rich	slob	lzma2	render	335	167375
sample	rich	slob	lzma2	render	336	121000
sample	rich	slob	lzma2	render	337	107708
sample	rich	slob	lzma2	render	338	109791
sample	rich	slob	lzma2	render	339	123166
sample	rich	slob	lzma2	render	340	97792
sample	rich	slob	lzma2	render	341	50750
sample	rich	slob	lzma2	render	342	44375
sample	rich	slob	lzma2	render	343	44750
sample	rich	slob	lzma2	render	344	44959
sample	rich	slob	lzma2	render	345	43667
sample	rich	slob	lzma2	render	346	43625
sample	rich	slob	lzma2	render	347	44000
sample	rich	slob	lzma2	render	348	43250
sample	rich	slob	lzma2	render	349	44416
sample	rich	slob	lzma2	render	350	43708
sample	rich	slob	lzma2	render	351	43791
sample	rich	slob	lzma2	render	352	43542
sample	rich	slob	lzma2	render	353	43833
sample	rich	slob	lzma2	render	354	43375
sample	rich	slob	lzma2	render	355	43500
sample	rich	slob	lzma2	render	356	43458
sample	rich	slob	lzma2	render	357	44708
sample	rich	slob	lzma2	render	358	43542
sample	rich	slob	lzma2	render	359	43625
sample	rich	slob	lzma2	render	360	43458
sample	rich	slob	lzma2	render	361	43875
sample	rich	slob	lzma2	render	362	43334
sample	rich	slob	lzma2	render	363	43459
sample	rich	slob	lzma2	render	364	43417
sample	rich	slob	lzma2	render	365	43459
sample	rich	slob	lzma2	render	366	43250
sample	rich	slob	lzma2	render	367	43125
sample	rich	slob	lzma2	render	368	43500
sample	rich	slob	lzma2	render	369	44208
sample	rich	slob	lzma2	render	370	43459
sample	rich	slob	lzma2	render	371	78125
sample	rich	slob	lzma2	render	372	60291
sample	rich	slob	lzma2	render	373	47208
sample	rich	slob	lzma2	render	374	44833
sample	rich	slob	lzma2	render	375	43792
sample	rich	slob	lzma2	render	376	43625
sample	rich	slob	lzma2	render	377	44166
sample	rich	slob	lzma2	render	378	43916
sample	rich	slob	lzma2	render	379	52334
sample	rich	slob	lzma2	render	380	44417
sample	rich	slob	lzma2	render	381	43167
sample	rich	slob	lzma2	render	382	43375
sample	rich	slob	lzma2	render	383	43042
sample	rich	slob	lzma2	render	384	44250
sample	rich	slob	lzma2	render	385	42792
sample	rich	slob	lzma2	render	386	42875
sample	rich	slob	lzma2	render	387	43708
sample	rich	slob	lzma2	render	388	43417
sample	rich	slob	lzma2	render	389	43000
sample	rich	slob	lzma2	render	390	42833
sample	rich	slob	lzma2	render	391	42833
sample	rich	slob	lzma2	render	392	42708
sample	rich	slob	lzma2	render	393	42916
sample	rich	slob	lzma2	render	394	43041
sample	rich	slob	lzma2	render	395	43125
sample	rich	slob	lzma2	render	396	43250
sample	rich	slob	lzma2	render	397	43167
sample	rich	slob	lzma2	render	398	42792
sample	rich	slob	lzma2	render	399	43000
sample	rich	slob	lzma2	render	400	43125
sample	rich	slob	lzma2	render	401	43000
sample	rich	slob	lzma2	render	402	42750
sample	rich	slob	lzma2	render	403	45000
sample	rich	slob	lzma2	render	404	43750
sample	rich	slob	lzma2	render	405	42667
sample	rich	slob	lzma2	render	406	42500
sample	rich	slob	lzma2	render	407	43000
sample	rich	slob	lzma2	render	408	43042
sample	rich	slob	lzma2	render	409	43291
sample	rich	slob	lzma2	render	410	43791
sample	rich	slob	lzma2	render	411	43583
sample	rich	slob	lzma2	render	412	42875
sample	rich	slob	lzma2	render	413	43250
sample	rich	slob	lzma2	render	414	42750
sample	rich	slob	lzma2	render	415	42792
sample	rich	slob	lzma2	render	416	103375
sample	rich	slob	lzma2	render	417	50625
sample	rich	slob	lzma2	render	418	45417
sample	rich	slob	lzma2	render	419	44625
sample	rich	slob	lzma2	render	420	43792
sample	rich	slob	lzma2	render	421	43584
sample	rich	slob	lzma2	render	422	203917
sample	rich	slob	lzma2	render	423	172417
sample	rich	slob	lzma2	render	424	155917
sample	rich	slob	lzma2	render	425	152000
sample	rich	slob	lzma2	render	426	134500
sample	rich	slob	lzma2	render	427	112292
sample	rich	slob	lzma2	render	428	108208
sample	rich	slob	lzma2	render	429	108666
sample	rich	slob	lzma2	render	430	113500
sample	rich	slob	lzma2	render	431	63958
sample	rich	slob	lzma2	render	432	48709
sample	rich	slob	lzma2	render	433	46834
sample	rich	slob	lzma2	render	434	47625
sample	rich	slob	lzma2	render	435	45125
sample	rich	slob	lzma2	render	436	46375
sample	rich	slob	lzma2	render	437	44917
sample	rich	slob	lzma2	render	438	44542
sample	rich	slob	lzma2	render	439	44500
sample	rich	slob	lzma2	render	440	44625
sample	rich	slob	lzma2	render	441	162083
sample	rich	slob	lzma2	render	442	122250
sample	rich	slob	lzma2	render	443	46625
sample	rich	slob	lzma2	render	444	44541
sample	rich	slob	lzma2	render	445	44209
sample	rich	slob	lzma2	render	446	43708
sample	rich	slob	lzma2	render	447	44125
sample	rich	slob	lzma2	render	448	44500
sample	rich	slob	lzma2	render	449	44209
sample	rich	slob	lzma2	render	450	108708
sample	rich	slob	lzma2	render	451	130708
sample	rich	slob	lzma2	render	452	46791
sample	rich	slob	lzma2	render	453	44833
sample	rich	slob	lzma2	render	454	43667
sample	rich	slob	lzma2	render	455	43500
sample	rich	slob	lzma2	render	456	44125
sample	rich	slob	lzma2	render	457	43625
sample	rich	slob	lzma2	render	458	43958
sample	rich	slob	lzma2	render	459	43334
sample	rich	slob	lzma2	render	460	43416
sample	rich	slob	lzma2	render	461	43625
sample	rich	slob	lzma2	render	462	43333
sample	rich	slob	lzma2	render	463	44750
sample	rich	slob	lzma2	render	464	43708
sample	rich	slob	lzma2	render	465	43375
sample	rich	slob	lzma2	render	466	43541
sample	rich	slob	lzma2	render	467	43500
sample	rich	slob	lzma2	render	468	43542
sample	rich	slob	lzma2	render	469	43583
sample	rich	slob	lzma2	render	470	43542
sample	rich	slob	lzma2	render	471	43542
sample	rich	slob	lzma2	render	472	43584
sample	rich	slob	lzma2	render	473	43584
sample	rich	slob	lzma2	render	474	43292
sample	rich	slob	lzma2	render	475	45000
sample	rich	slob	lzma2	render	476	43541
sample	rich	slob	lzma2	render	477	43708
sample	rich	slob	lzma2	render	478	43250
sample	rich	slob	lzma2	render	479	43375
sample	rich	slob	lzma2	render	480	43208
sample	rich	slob	lzma2	render	481	43334
sample	rich	slob	lzma2	render	482	43417
sample	rich	slob	lzma2	render	483	46625
sample	rich	slob	lzma2	render	484	43250
sample	rich	slob	lzma2	render	485	95541
sample	rich	slob	lzma2	render	486	51666
sample	rich	slob	lzma2	render	487	46416
sample	rich	slob	lzma2	render	488	45875
sample	rich	slob	lzma2	render	489	45625
sample	rich	slob	lzma2	render	490	45209
sample	rich	slob	lzma2	render	491	44625
sample	rich	slob	lzma2	render	492	44916
sample	rich	slob	lzma2	render	493	124584
sample	rich	slob	lzma2	render	494	53542
sample	rich	slob	lzma2	render	495	46083
sample	rich	slob	lzma2	render	496	44083
sample	rich	slob	lzma2	render	497	44125
sample	rich	slob	lzma2	render	498	45542
sample	rich	slob	lzma2	render	499	44667
sample	rich	slob	lzma2	render	500	44292
sample	rich	slob	lzma2	render	501	44292
sample	rich	slob	lzma2	render	502	44084
sample	rich	slob	lzma2	render	503	44458
sample	rich	slob	lzma2	render	504	44125
sample	rich	slob	lzma2	render	505	44084
sample	rich	slob	lzma2	render	506	43916
sample	rich	slob	lzma2	render	507	45417
sample	rich	slob	lzma2	render	508	44625
sample	rich	slob	lzma2	render	509	44834
sample	rich	slob	lzma2	render	510	43833
sample	rich	slob	lzma2	render	511	44458
sample	rich	slob	lzma2	render	512	51958
sample	rich	slob	lzma2	render	513	47625
sample	rich	slob	lzma2	render	514	43333
sample	rich	slob	lzma2	render	515	44459
sample	rich	slob	lzma2	render	516	50209
sample	rich	slob	lzma2	render	517	191750
sample	rich	slob	lzma2	render	518	147250
sample	rich	slob	lzma2	render	519	232041
sample	rich	slob	lzma2	render	520	169708
sample	rich	slob	lzma2	render	521	112292
sample	rich	slob	lzma2	render	522	108167
sample	rich	slob	lzma2	render	523	186542
sample	rich	slob	lzma2	render	524	148791
sample	rich	slob	lzma2	render	525	63459
sample	rich	slob	lzma2	render	526	46750
sample	rich	slob	lzma2	render	527	45000
sample	rich	slob	lzma2	render	528	44583
sample	rich	slob	lzma2	render	529	44584
sample	rich	slob	lzma2	render	530	44708
sample	rich	slob	lzma2	render	531	44458
sample	rich	slob	lzma2	render	532	44250
sample	rich	slob	lzma2	render	533	44166
sample	rich	slob	lzma2	render	534	44041
sample	rich	slob	lzma2	render	535	44208
sample	rich	slob	lzma2	render	536	44708
sample	rich	slob	lzma2	render	537	44333
sample	rich	slob	lzma2	render	538	44458
sample	rich	slob	lzma2	render	539	44250
sample	rich	slob	lzma2	render	540	43875
sample	rich	slob	lzma2	render	541	43791
sample	rich	slob	lzma2	render	542	45291
sample	rich	slob	lzma2	render	543	44458
sample	rich	slob	lzma2	render	544	44042
sample	rich	slob	lzma2	render	545	44375
sample	rich	slob	lzma2	render	546	44333
sample	rich	slob	lzma2	render	547	44250
sample	rich	slob	lzma2	render	548	44292
sample	rich	slob	lzma2	render	549	49375
sample	rich	slob	lzma2	render	550	113792
sample	rich	slob	lzma2	render	551	81083
sample	rich	slob	lzma2	render	552	45625
sample	rich	slob	lzma2	render	553	44541
sample	rich	slob	lzma2	render	554	44375
sample	rich	slob	lzma2	render	555	44167
sample	rich	slob	lzma2	render	556	44416
sample	rich	slob	lzma2	render	557	44209
sample	rich	slob	lzma2	render	558	142958
sample	rich	slob	lzma2	render	559	140833
sample	rich	slob	lzma2	render	560	54417
sample	rich	slob	lzma2	render	561	46500
sample	rich	slob	lzma2	render	562	45041
sample	rich	slob	lzma2	render	563	44125
sample	rich	slob	lzma2	render	564	44042
sample	rich	slob	lzma2	render	565	43333
sample	rich	slob	lzma2	render	566	43666
sample	rich	slob	lzma2	render	567	43500
sample	rich	slob	lzma2	render	568	44750
sample	rich	slob	lzma2	render	569	43625
sample	rich	slob	lzma2	render	570	43417
sample	rich	slob	lzma2	render	571	43000
sample	rich	slob	lzma2	render	572	43333
sample	rich	slob	lzma2	render	573	43500
sample	rich	slob	lzma2	render	574	43667
sample	rich	slob	lzma2	render	575	42917
sample	rich	slob	lzma2	render	576	43375
sample	rich	slob	lzma2	render	577	42958
sample	rich	slob	lzma2	render	578	43166
sample	rich	slob	lzma2	render	579	42625
sample	rich	slob	lzma2	render	580	43292
sample	rich	slob	lzma2	render	581	43417
sample	rich	slob	lzma2	render	582	43209
sample	rich	slob	lzma2	render	583	43375
sample	rich	slob	lzma2	render	584	43250
sample	rich	slob	lzma2	render	585	42833
sample	rich	slob	lzma2	render	586	43167
sample	rich	slob	lzma2	render	587	42750
sample	rich	slob	lzma2	render	588	43084
sample	rich	slob	lzma2	render	589	43042
sample	rich	slob	lzma2	render	590	43167
sample	rich	slob	lzma2	render	591	42917
sample	rich	slob	lzma2	render	592	42875
sample	rich	slob	lzma2	render	593	43333
sample	rich	slob	lzma2	render	594	43417
sample	rich	slob	lzma2	render	595	43500
sample	rich	slob	lzma2	render	596	43125
sample	rich	slob	lzma2	render	597	74625
sample	rich	slob	lzma2	render	598	44833
sample	rich	slob	lzma2	render	599	43375
sample	rich	slob	lzma2	render	600	43209
sample	rich	slob	lzma2	render	601	43000
sample	rich	slob	lzma2	render	602	42625
sample	rich	slob	lzma2	render	603	43334
sample	rich	slob	lzma2	render	604	42459
sample	rich	slob	lzma2	render	605	80125
sample	rich	slob	lzma2	render	606	64875
sample	rich	slob	lzma2	render	607	53083
sample	rich	slob	lzma2	render	608	46458
sample	rich	slob	lzma2	render	609	44584
sample	rich	slob	lzma2	render	610	48083
sample	rich	slob	lzma2	render	611	44042
sample	rich	slob	lzma2	render	612	43625
sample	rich	slob	lzma2	render	613	44416
sample	rich	slob	lzma2	render	614	44458
sample	rich	slob	lzma2	render	615	44792
sample	rich	slob	lzma2	render	616	44083
sample	rich	slob	lzma2	render	617	43583
sample	rich	slob	lzma2	render	618	43833
sample	rich	slob	lzma2	render	619	43584
sample	rich	slob	lzma2	render	620	44250
sample	rich	slob	lzma2	render	621	209875
sample	rich	slob	lzma2	render	622	50917
sample	rich	slob	lzma2	render	623	44208
sample	rich	slob	lzma2	render	624	44125
sample	rich	slob	lzma2	render	625	43375
sample	rich	slob	lzma2	render	626	43625
sample	rich	slob	lzma2	render	627	43584
sample	rich	slob	lzma2	render	628	43667
sample	rich	slob	lzma2	render	629	43583
sample	rich	slob	lzma2	render	630	43333
sample	rich	slob	lzma2	render	631	43125
sample	rich	slob	lzma2	render	632	43417
sample	rich	slob	lzma2	render	633	43250
sample	rich	slob	lzma2	render	634	43750
sample	rich	slob	lzma2	render	635	43125
sample	rich	slob	lzma2	render	636	43292
sample	rich	slob	lzma2	render	637	43000
sample	rich	slob	lzma2	render	638	43084
sample	rich	slob	lzma2	render	639	43084
sample	rich	slob	lzma2	render	640	43167
sample	rich	slob	lzma2	render	641	42875
sample	rich	slob	lzma2	render	642	43333
sample	rich	slob	lzma2	render	643	43292
sample	rich	slob	lzma2	render	644	43000
sample	rich	slob	lzma2	render	645	42959
sample	rich	slob	lzma2	render	646	42875
sample	rich	slob	lzma2	render	647	43542
sample	rich	slob	lzma2	render	648	43166
sample	rich	slob	lzma2	render	649	42834
sample	rich	slob	lzma2	render	650	42917
sample	rich	slob	lzma2	render	651	43083
sample	rich	slob	lzma2	render	652	42667
sample	rich	slob	lzma2	render	653	43125
sample	rich	slob	lzma2	render	654	42875
sample	rich	slob	lzma2	render	655	43166
sample	rich	slob	lzma2	render	656	42917
sample	rich	slob	lzma2	render	657	43125
sample	rich	slob	lzma2	render	658	43042
sample	rich	slob	lzma2	render	659	43375
sample	rich	slob	lzma2	render	660	42834
sample	rich	slob	lzma2	render	661	43000
sample	rich	slob	lzma2	render	662	42750
sample	rich	slob	lzma2	render	663	42959
sample	rich	slob	lzma2	render	664	42875
sample	rich	slob	lzma2	render	665	43000
sample	rich	slob	lzma2	render	666	43250
sample	rich	slob	lzma2	render	667	43041
sample	rich	slob	lzma2	render	668	43125
sample	rich	slob	lzma2	render	669	42916
sample	rich	slob	lzma2	render	670	43333
sample	rich	slob	lzma2	render	671	282708
sample	rich	slob	lzma2	render	672	129083
sample	rich	slob	lzma2	render	673	68292
sample	rich	slob	lzma2	render	674	47917
sample	rich	slob	lzma2	render	675	45250
sample	rich	slob	lzma2	render	676	45167
sample	rich	slob	lzma2	render	677	44167
sample	rich	slob	lzma2	render	678	43959
sample	rich	slob	lzma2	render	679	43458
sample	rich	slob	lzma2	render	680	93167
sample	rich	slob	lzma2	render	681	44375
sample	rich	slob	lzma2	render	682	43833
sample	rich	slob	lzma2	render	683	44000
sample	rich	slob	lzma2	render	684	43500
sample	rich	slob	lzma2	render	685	43833
sample	rich	slob	lzma2	render	686	43333
sample	rich	slob	lzma2	render	687	43625
sample	rich	slob	lzma2	render	688	44208
sample	rich	slob	lzma2	render	689	43708
sample	rich	slob	lzma2	render	690	43292
sample	rich	slob	lzma2	render	691	43291
sample	rich	slob	lzma2	render	692	42791
sample	rich	slob	lzma2	render	693	51542
sample	rich	slob	lzma2	render	694	43500
sample	rich	slob	lzma2	render	695	43250
sample	rich	slob	lzma2	render	696	43459
sample	rich	slob	lzma2	render	697	43083
sample	rich	slob	lzma2	render	698	43208
sample	rich	slob	lzma2	render	699	42959
sample	rich	slob	lzma2	render	700	44250
sample	rich	slob	lzma2	render	701	43416
sample	rich	slob	lzma2	render	702	43416
sample	rich	slob	lzma2	render	703	43166
sample	rich	slob	lzma2	render	704	43292
sample	rich	slob	lzma2	render	705	43167
sample	rich	slob	lzma2	render	706	42917
sample	rich	slob	lzma2	render	707	44000
sample	rich	slob	lzma2	render	708	43500
sample	rich	slob	lzma2	render	709	43250
sample	rich	slob	lzma2	render	710	43417
sample	rich	slob	lzma2	render	711	43583
sample	rich	slob	lzma2	render	712	43334
sample	rich	slob	lzma2	render	713	43084
sample	rich	slob	lzma2	render	714	43167
sample	rich	slob	lzma2	render	715	45125
sample	rich	slob	lzma2	render	716	43625
sample	rich	slob	lzma2	render	717	43417
sample	rich	slob	lzma2	render	718	43375
sample	rich	slob	lzma2	render	719	43375
sample	rich	slob	lzma2	render	720	43542
sample	rich	slob	lzma2	render	721	43125
sample	rich	slob	lzma2	render	722	42834
sample	rich	slob	lzma2	render	723	43459
sample	rich	slob	lzma2	render	724	42833
sample	rich	slob	lzma2	render	725	43458
sample	rich	slob	lzma2	render	726	43834
sample	rich	slob	lzma2	render	727	43417
sample	rich	slob	lzma2	render	728	43708
sample	rich	slob	lzma2	render	729	42834
sample	rich	slob	lzma2	render	730	226500
sample	rich	slob	lzma2	render	731	68583
sample	rich	slob	lzma2	render	732	47458
sample	rich	slob	lzma2	render	733	46583
sample	rich	slob	lzma2	render	734	45417
sample	rich	slob	lzma2	render	735	45042
sample	rich	slob	lzma2	render	736	45042
sample	rich	slob	lzma2	render	737	45500
sample	rich	slob	lzma2	render	738	45166
sample	rich	slob	lzma2	render	739	44500
sample	rich	slob	lzma2	render	740	44417
sample	rich	slob	lzma2	render	741	44625
sample	rich	slob	lzma2	render	742	197042
sample	rich	slob	lzma2	render	743	54750
sample	rich	slob	lzma2	render	744	44958
sample	rich	slob	lzma2	render	745	44375
sample	rich	slob	lzma2	render	746	44334
sample	rich	slob	lzma2	render	747	44125
sample	rich	slob	lzma2	render	748	43625
sample	rich	slob	lzma2	render	749	43709
sample	rich	slob	lzma2	render	750	43208
sample	rich	slob	lzma2	render	751	43375
sample	rich	slob	lzma2	render	752	43750
sample	rich	slob	lzma2	render	753	43875
sample	rich	slob	lzma2	render	754	43459
sample	rich	slob	lzma2	render	755	43750
sample	rich	slob	lzma2	render	756	43209
sample	rich	slob	lzma2	render	757	43083
sample	rich	slob	lzma2	render	758	43542
sample	rich	slob	lzma2	render	759	42917
sample	rich	slob	lzma2	render	760	42791
sample	rich	slob	lzma2	render	761	43292
sample	rich	slob	lzma2	render	762	43125
sample	rich	slob	lzma2	render	763	43291
sample	rich	slob	lzma2	render	764	43167
sample	rich	slob	lzma2	render	765	43000
sample	rich	slob	lzma2	render	766	43000
sample	rich	slob	lzma2	render	767	42833
sample	rich	slob	lzma2	render	768	43250
sample	rich	slob	lzma2	render	769	43125
sample	rich	slob	lzma2	render	770	42959
sample	rich	slob	lzma2	render	771	43209
sample	rich	slob	lzma2	render	772	45959
sample	rich	slob	lzma2	render	773	43083
sample	rich	slob	lzma2	render	774	42834
sample	rich	slob	lzma2	render	775	43083
sample	rich	slob	lzma2	render	776	43292
sample	rich	slob	lzma2	render	777	202375
sample	rich	slob	lzma2	render	778	96917
sample	rich	slob	lzma2	render	779	48667
sample	rich	slob	lzma2	render	780	44250
sample	rich	slob	lzma2	render	781	43750
sample	rich	slob	lzma2	render	782	43250
sample	rich	slob	lzma2	render	783	43541
sample	rich	slob	lzma2	render	784	43375
sample	rich	slob	lzma2	render	785	43708
sample	rich	slob	lzma2	render	786	43458
sample	rich	slob	lzma2	render	787	43042
sample	rich	slob	lzma2	render	788	98417
sample	rich	slob	lzma2	render	789	135500
sample	rich	slob	lzma2	render	790	133167
sample	rich	slob	lzma2	render	791	134458
sample	rich	slob	lzma2	render	792	55334
sample	rich	slob	lzma2	render	793	45541
sample	rich	slob	lzma2	render	794	44917
sample	rich	slob	lzma2	render	795	45209
sample	rich	slob	lzma2	render	796	43583
sample	rich	slob	lzma2	render	797	115458
sample	rich	slob	lzma2	render	798	74875
sample	rich	slob	lzma2	render	799	44042
sample	rich	slob	lzma2	render	800	43500
sample	rich	slob	lzma2	render	801	117333
sample	rich	slob	lzma2	render	802	122709
sample	rich	slob	lzma2	render	803	54750
sample	rich	slob	lzma2	render	804	45833
sample	rich	slob	lzma2	render	805	45750
sample	rich	slob	lzma2	render	806	44542
sample	rich	slob	lzma2	render	807	45208
sample	rich	slob	lzma2	render	808	44792
sample	rich	slob	lzma2	render	809	44542
sample	rich	slob	lzma2	render	810	44500
sample	rich	slob	lzma2	render	811	44375
sample	rich	slob	lzma2	render	812	44000
sample	rich	slob	lzma2	render	813	44292
sample	rich	slob	lzma2	render	814	44083
sample	rich	slob	lzma2	render	815	45125
sample	rich	slob	lzma2	render	816	44458
sample	rich	slob	lzma2	render	817	44292
sample	rich	slob	lzma2	render	818	44042
sample	rich	slob	lzma2	render	819	44708
sample	rich	slob	lzma2	render	820	44083
sample	rich	slob	lzma2	render	821	44667
sample	rich	slob	lzma2	render	822	44875
sample	rich	slob	lzma2	render	823	45000
sample	rich	slob	lzma2	render	824	44500
sample	rich	slob	lzma2	render	825	44584
sample	rich	slob	lzma2	render	826	44084
sample	rich	slob	lzma2	render	827	44209
sample	rich	slob	lzma2	render	828	44458
sample	rich	slob	lzma2	render	829	45125
sample	rich	slob	lzma2	render	830	44750
sample	rich	slob	lzma2	render	831	45333
sample	rich	slob	lzma2	render	832	44750
sample	rich	slob	lzma2	render	833	44709
sample	rich	slob	lzma2	render	834	44750
sample	rich	slob	lzma2	render	835	44375
sample	rich	slob	lzma2	render	836	43833
sample	rich	slob	lzma2	render	837	44458
sample	rich	slob	lzma2	render	838	44500
sample	rich	slob	lzma2	render	839	44958
sample	rich	slob	lzma2	render	840	44292
sample	rich	slob	lzma2	render	841	44084
sample	rich	slob	lzma2	render	842	43958
sample	rich	slob	lzma2	render	843	44041
sample	rich	slob	lzma2	render	844	43666
sample	rich	slob	lzma2	render	845	44333
sample	rich	slob	lzma2	render	846	44875
sample	rich	slob	lzma2	render	847	43917
sample	rich	slob	lzma2	render	848	44417
sample	rich	slob	lzma2	render	849	43750
sample	rich	slob	lzma2	render	850	43875
sample	rich	slob	lzma2	render	851	43833
sample	rich	slob	lzma2	render	852	43958
sample	rich	slob	lzma2	render	853	45292
sample	rich	slob	lzma2	render	854	44375
sample	rich	slob	lzma2	render	855	181875
sample	rich	slob	lzma2	render	856	211250
sample	rich	slob	lzma2	render	857	170750
sample	rich	slob	lzma2	render	858	214500
sample	rich	slob	lzma2	render	859	171084
sample	rich	slob	lzma2	render	860	93791
sample	rich	slob	lzma2	render	861	128083
sample	rich	slob	lzma2	render	862	135125
sample	rich	slob	lzma2	render	863	127959
sample	rich	slob	lzma2	render	864	121667
sample	rich	slob	lzma2	render	865	103958
sample	rich	slob	lzma2	render	866	53458
sample	rich	slob	lzma2	render	867	46542
sample	rich	slob	lzma2	render	868	45292
sample	rich	slob	lzma2	render	869	45500
sample	rich	slob	lzma2	render	870	43834
sample	rich	slob	lzma2	render	871	44250
sample	rich	slob	lzma2	render	872	43709
sample	rich	slob	lzma2	render	873	43833
sample	rich	slob	lzma2	render	874	42875
sample	rich	slob	lzma2	render	875	43542
sample	rich	slob	lzma2	render	876	43875
sample	rich	slob	lzma2	render	877	43959
sample	rich	slob	lzma2	render	878	43417
sample	rich	slob	lzma2	render	879	42584
sample	rich	slob	lzma2	render	880	42625
sample	rich	slob	lzma2	render	881	43792
sample	rich	slob	lzma2	render	882	43292
sample	rich	slob	lzma2	render	883	43584
sample	rich	slob	lzma2	render	884	44583
sample	rich	slob	lzma2	render	885	44083
sample	rich	slob	lzma2	render	886	43000
sample	rich	slob	lzma2	render	887	42541
sample	rich	slob	lzma2	render	888	43083
sample	rich	slob	lzma2	render	889	42709
sample	rich	slob	lzma2	render	890	42667
sample	rich	slob	lzma2	render	891	43166
sample	rich	slob	lzma2	render	892	42541
sample	rich	slob	lzma2	render	893	42708
sample	rich	slob	lzma2	render	894	42625
sample	rich	slob	lzma2	render	895	43041
sample	rich	slob	lzma2	render	896	42834
sample	rich	slob	lzma2	render	897	43167
sample	rich	slob	lzma2	render	898	43458
sample	rich	slob	lzma2	render	899	43625
sample	rich	slob	lzma2	render	900	43125
sample	rich	slob	lzma2	render	901	42833
sample	rich	slob	lzma2	render	902	43041
sample	rich	slob	lzma2	render	903	43041
sample	rich	slob	lzma2	render	904	43416
sample	rich	slob	lzma2	render	905	46583
sample	rich	slob	lzma2	render	906	44500
sample	rich	slob	lzma2	render	907	43208
sample	rich	slob	lzma2	render	908	43167
sample	rich	slob	lzma2	render	909	42959
sample	rich	slob	lzma2	render	910	43958
sample	rich	slob	lzma2	render	911	43625
sample	rich	slob	lzma2	render	912	43208
sample	rich	slob	lzma2	render	913	43708
sample	rich	slob	lzma2	render	914	43584
sample	rich	slob	lzma2	render	915	44375
sample	rich	slob	lzma2	render	916	43500
sample	rich	slob	lzma2	render	917	42875
sample	rich	slob	lzma2	render	918	43166
sample	rich	slob	lzma2	render	919	43250
sample	rich	slob	lzma2	render	920	43291
sample	rich	slob	lzma2	render	921	43000
sample	rich	slob	lzma2	render	922	42916
sample	rich	slob	lzma2	render	923	43250
sample	rich	slob	lzma2	render	924	43084
sample	rich	slob	lzma2	render	925	43709
sample	rich	slob	lzma2	render	926	43625
sample	rich	slob	lzma2	render	927	43459
sample	rich	slob	lzma2	render	928	43792
sample	rich	slob	lzma2	render	929	43334
sample	rich	slob	lzma2	render	930	42958
sample	rich	slob	lzma2	render	931	43334
sample	rich	slob	lzma2	render	932	43000
sample	rich	slob	lzma2	render	933	43375
sample	rich	slob	lzma2	render	934	50292
sample	rich	slob	lzma2	render	935	43333
sample	rich	slob	lzma2	render	936	43208
sample	rich	slob	lzma2	render	937	45292
sample	rich	slob	lzma2	render	938	43333
sample	rich	slob	lzma2	render	939	43250
sample	rich	slob	lzma2	render	940	42875
sample	rich	slob	lzma2	render	941	43625
sample	rich	slob	lzma2	render	942	44250
sample	rich	slob	lzma2	render	943	43375
sample	rich	slob	lzma2	render	944	42958
sample	rich	slob	lzma2	render	945	43250
sample	rich	slob	lzma2	render	946	43167
sample	rich	slob	lzma2	render	947	43125
sample	rich	slob	lzma2	render	948	162875
sample	rich	slob	lzma2	render	949	50583
sample	rich	slob	lzma2	render	950	47125
sample	rich	slob	lzma2	render	951	135541
sample	rich	slob	lzma2	render	952	99166
sample	rich	slob	lzma2	render	953	46875
sample	rich	slob	lzma2	render	954	44666
sample	rich	slob	lzma2	render	955	119083
sample	rich	slob	lzma2	render	956	47250
sample	rich	slob	lzma2	render	957	45125
sample	rich	slob	lzma2	render	958	67791
sample	rich	slob	lzma2	render	959	45792
sample	rich	slob	lzma2	render	960	44875
sample	rich	slob	lzma2	render	961	45709
sample	rich	slob	lzma2	render	962	44917
sample	rich	slob	lzma2	render	963	143708
sample	rich	slob	lzma2	render	964	101625
sample	rich	slob	lzma2	render	965	51208
sample	rich	slob	lzma2	render	966	46416
sample	rich	slob	lzma2	render	967	45542
sample	rich	slob	lzma2	render	968	44625
sample	rich	slob	lzma2	render	969	44000
sample	rich	slob	lzma2	render	970	43959
sample	rich	slob	lzma2	render	971	44042
sample	rich	slob	lzma2	render	972	44250
sample	rich	slob	lzma2	render	973	44375
sample	rich	slob	lzma2	render	974	44792
sample	rich	slob	lzma2	render	975	44084
sample	rich	slob	lzma2	render	976	43916
sample	rich	slob	lzma2	render	977	43958
sample	rich	slob	lzma2	render	978	44292
sample	rich	slob	lzma2	render	979	43833
sample	rich	slob	lzma2	render	980	43875
sample	rich	slob	lzma2	render	981	43667
sample	rich	slob	lzma2	render	982	43541
sample	rich	slob	lzma2	render	983	44208
sample	rich	slob	lzma2	render	984	43792
sample	rich	slob	lzma2	render	985	43583
sample	rich	slob	lzma2	render	986	43791
sample	rich	slob	lzma2	render	987	43791
sample	rich	slob	lzma2	render	988	44333
sample	rich	slob	lzma2	render	989	44958
sample	rich	slob	lzma2	render	990	43708
sample	rich	slob	lzma2	render	991	43417
sample	rich	slob	lzma2	render	992	43750
sample	rich	slob	lzma2	render	993	44042
sample	rich	slob	lzma2	render	994	43375
sample	rich	slob	lzma2	render	995	43459
sample	rich	slob	lzma2	render	996	45583
sample	rich	slob	lzma2	render	997	43500
sample	rich	slob	lzma2	render	998	43708
sample	rich	slob	lzma2	render	999	43250
result	rich	slob	lzma2	exact.p50_ns	434542
result	rich	slob	lzma2	exact.p95_ns	1092208
result	rich	slob	lzma2	exact.p99_ns	1296209
result	rich	slob	lzma2	prefix.p50_ns	33936208
result	rich	slob	lzma2	prefix.p95_ns	48125916
result	rich	slob	lzma2	prefix.p99_ns	56304375
result	rich	slob	lzma2	render.p50_ns	44084
result	rich	slob	lzma2	render.p95_ns	152000
result	rich	slob	lzma2	render.p99_ns	215750
result	rich	slob	lzma2	exact.hit.p50_ns	441459
result	rich	slob	lzma2	exact.hit.p95_ns	1117250
result	rich	slob	lzma2	exact.hit.p99_ns	1370042
result	rich	slob	lzma2	exact.miss.p50_ns	402791
result	rich	slob	lzma2	exact.miss.p95_ns	1043166
result	rich	slob	lzma2	exact.miss.p99_ns	1247583
result	rich	slob	lzma2	prefix.zero.p50_ns	824542
result	rich	slob	lzma2	prefix.zero.p95_ns	2026667
result	rich	slob	lzma2	prefix.zero.p99_ns	2333458
result	rich	slob	lzma2	prefix.one.p50_ns	917333
result	rich	slob	lzma2	prefix.one.p95_ns	2125083
result	rich	slob	lzma2	prefix.one.p99_ns	2595209
result	rich	slob	lzma2	prefix.many.p50_ns	41673375
result	rich	slob	lzma2	prefix.many.p95_ns	51055791
result	rich	slob	lzma2	prefix.many.p99_ns	58861291
result	rich	slob	lzma2	prefix.pathological.p50_ns	-
result	rich	slob	lzma2	prefix.pathological.p95_ns	-
result	rich	slob	lzma2	prefix.pathological.p99_ns	-
