meta	flat	records	2048
meta	flat	semantic_digest	14813021753239549239
result	flat	sqlite	raw	artifact_bytes	532480
result	flat	sqlite	raw	build_ns	7060750
sample	flat	sqlite	raw	open	0	260125
sample	flat	sqlite	raw	open	1	652375
sample	flat	sqlite	raw	open	2	426583
sample	flat	sqlite	raw	open	3	316667
sample	flat	sqlite	raw	open	4	252500
sample	flat	sqlite	raw	open	5	1436125
sample	flat	sqlite	raw	open	6	254084
sample	flat	sqlite	raw	open	7	84000
sample	flat	sqlite	raw	open	8	58458
sample	flat	sqlite	raw	open	9	50667
sample	flat	sqlite	raw	open	10	50083
sample	flat	sqlite	raw	open	11	49125
sample	flat	sqlite	raw	open	12	47375
sample	flat	sqlite	raw	open	13	112541
sample	flat	sqlite	raw	open	14	48625
sample	flat	sqlite	raw	open	15	47875
sample	flat	sqlite	raw	open	16	46833
sample	flat	sqlite	raw	open	17	46666
sample	flat	sqlite	raw	open	18	46458
sample	flat	sqlite	raw	open	19	45625
sample	flat	sqlite	raw	open	20	45000
sample	flat	sqlite	raw	open	21	44334
sample	flat	sqlite	raw	open	22	55333
sample	flat	sqlite	raw	open	23	45459
sample	flat	sqlite	raw	open	24	44833
result	flat	sqlite	raw	open_ns	50083
result	flat	sqlite	raw	semantic_digest	14813021753239549239
result	flat	sqlite	raw	query_checksum	15472329982066036572
result	flat	sqlite	raw	outputs	1024875
result	flat	sqlite	raw	logical_prose_bytes	394154
sample	flat	sqlite	raw	exact	0	7708
sample	flat	sqlite	raw	exact	1	6833
sample	flat	sqlite	raw	exact	2	6459
sample	flat	sqlite	raw	exact	3	5792
sample	flat	sqlite	raw	exact	4	6708
sample	flat	sqlite	raw	exact	5	5625
sample	flat	sqlite	raw	exact	6	5792
sample	flat	sqlite	raw	exact	7	5792
sample	flat	sqlite	raw	exact	8	6042
sample	flat	sqlite	raw	exact	9	5459
sample	flat	sqlite	raw	exact	10	6000
sample	flat	sqlite	raw	exact	11	5458
sample	flat	sqlite	raw	exact	12	5750
sample	flat	sqlite	raw	exact	13	5334
sample	flat	sqlite	raw	exact	14	7125
sample	flat	sqlite	raw	exact	15	6291
sample	flat	sqlite	raw	exact	16	5875
sample	flat	sqlite	raw	exact	17	5333
sample	flat	sqlite	raw	exact	18	5833
sample	flat	sqlite	raw	exact	19	5416
sample	flat	sqlite	raw	exact	20	6417
sample	flat	sqlite	raw	exact	21	5292
sample	flat	sqlite	raw	exact	22	5625
sample	flat	sqlite	raw	exact	23	5500
sample	flat	sqlite	raw	exact	24	36833
sample	flat	sqlite	raw	exact	25	15083
sample	flat	sqlite	raw	exact	26	6291
sample	flat	sqlite	raw	exact	27	6834
sample	flat	sqlite	raw	exact	28	6709
sample	flat	sqlite	raw	exact	29	5583
sample	flat	sqlite	raw	exact	30	5708
sample	flat	sqlite	raw	exact	31	5708
sample	flat	sqlite	raw	exact	32	5917
sample	flat	sqlite	raw	exact	33	5292
sample	flat	sqlite	raw	exact	34	6042
sample	flat	sqlite	raw	exact	35	5375
sample	flat	sqlite	raw	exact	36	6000
sample	flat	sqlite	raw	exact	37	5458
sample	flat	sqlite	raw	exact	38	5583
sample	flat	sqlite	raw	exact	39	5792
sample	flat	sqlite	raw	exact	40	9166
sample	flat	sqlite	raw	exact	41	5333
sample	flat	sqlite	raw	exact	42	5584
sample	flat	sqlite	raw	exact	43	5334
sample	flat	sqlite	raw	exact	44	5458
sample	flat	sqlite	raw	exact	45	55209
sample	flat	sqlite	raw	exact	46	12625
sample	flat	sqlite	raw	exact	47	6459
sample	flat	sqlite	raw	exact	48	6375
sample	flat	sqlite	raw	exact	49	42583
sample	flat	sqlite	raw	exact	50	10959
sample	flat	sqlite	raw	exact	51	7709
sample	flat	sqlite	raw	exact	52	6584
sample	flat	sqlite	raw	exact	53	5750
sample	flat	sqlite	raw	exact	54	6250
sample	flat	sqlite	raw	exact	55	6292
sample	flat	sqlite	raw	exact	56	6625
sample	flat	sqlite	raw	exact	57	5542
sample	flat	sqlite	raw	exact	58	5833
sample	flat	sqlite	raw	exact	59	8542
sample	flat	sqlite	raw	exact	60	6083
sample	flat	sqlite	raw	exact	61	5792
sample	flat	sqlite	raw	exact	62	13167
sample	flat	sqlite	raw	exact	63	10791
sample	flat	sqlite	raw	exact	64	5875
sample	flat	sqlite	raw	exact	65	5459
sample	flat	sqlite	raw	exact	66	6042
sample	flat	sqlite	raw	exact	67	5917
sample	flat	sqlite	raw	exact	68	5958
sample	flat	sqlite	raw	exact	69	6000
sample	flat	sqlite	raw	exact	70	81208
sample	flat	sqlite	raw	exact	71	51958
sample	flat	sqlite	raw	exact	72	37208
sample	flat	sqlite	raw	exact	73	12000
sample	flat	sqlite	raw	exact	74	7250
sample	flat	sqlite	raw	exact	75	5667
sample	flat	sqlite	raw	exact	76	6292
sample	flat	sqlite	raw	exact	77	6042
sample	flat	sqlite	raw	exact	78	5708
sample	flat	sqlite	raw	exact	79	5708
sample	flat	sqlite	raw	exact	80	6000
sample	flat	sqlite	raw	exact	81	5375
sample	flat	sqlite	raw	exact	82	5542
sample	flat	sqlite	raw	exact	83	5250
sample	flat	sqlite	raw	exact	84	6500
sample	flat	sqlite	raw	exact	85	5375
sample	flat	sqlite	raw	exact	86	5542
sample	flat	sqlite	raw	exact	87	5542
sample	flat	sqlite	raw	exact	88	5625
sample	flat	sqlite	raw	exact	89	5167
sample	flat	sqlite	raw	exact	90	5625
sample	flat	sqlite	raw	exact	91	5250
sample	flat	sqlite	raw	exact	92	5542
sample	flat	sqlite	raw	exact	93	5375
sample	flat	sqlite	raw	exact	94	5542
sample	flat	sqlite	raw	exact	95	5542
sample	flat	sqlite	raw	exact	96	6209
sample	flat	sqlite	raw	exact	97	5708
sample	flat	sqlite	raw	exact	98	5875
sample	flat	sqlite	raw	exact	99	5417
sample	flat	sqlite	raw	exact	100	6083
sample	flat	sqlite	raw	exact	101	5500
sample	flat	sqlite	raw	exact	102	5875
sample	flat	sqlite	raw	exact	103	5500
sample	flat	sqlite	raw	exact	104	5417
sample	flat	sqlite	raw	exact	105	5250
sample	flat	sqlite	raw	exact	106	5458
sample	flat	sqlite	raw	exact	107	5209
sample	flat	sqlite	raw	exact	108	5541
sample	flat	sqlite	raw	exact	109	5417
sample	flat	sqlite	raw	exact	110	633167
sample	flat	sqlite	raw	exact	111	34542
sample	flat	sqlite	raw	exact	112	7583
sample	flat	sqlite	raw	exact	113	10708
sample	flat	sqlite	raw	exact	114	6750
sample	flat	sqlite	raw	exact	115	6083
sample	flat	sqlite	raw	exact	116	6167
sample	flat	sqlite	raw	exact	117	81666
sample	flat	sqlite	raw	exact	118	19708
sample	flat	sqlite	raw	exact	119	14667
sample	flat	sqlite	raw	exact	120	13041
sample	flat	sqlite	raw	exact	121	12250
sample	flat	sqlite	raw	exact	122	48500
sample	flat	sqlite	raw	exact	123	9875
sample	flat	sqlite	raw	exact	124	6916
sample	flat	sqlite	raw	exact	125	6375
sample	flat	sqlite	raw	exact	126	5791
sample	flat	sqlite	raw	exact	127	6084
sample	flat	sqlite	raw	exact	128	6583
sample	flat	sqlite	raw	exact	129	6208
sample	flat	sqlite	raw	exact	130	5791
sample	flat	sqlite	raw	exact	131	14958
sample	flat	sqlite	raw	exact	132	6084
sample	flat	sqlite	raw	exact	133	5708
sample	flat	sqlite	raw	exact	134	6125
sample	flat	sqlite	raw	exact	135	5834
sample	flat	sqlite	raw	exact	136	5750
sample	flat	sqlite	raw	exact	137	5500
sample	flat	sqlite	raw	exact	138	5334
sample	flat	sqlite	raw	exact	139	5250
sample	flat	sqlite	raw	exact	140	5666
sample	flat	sqlite	raw	exact	141	5208
sample	flat	sqlite	raw	exact	142	6459
sample	flat	sqlite	raw	exact	143	5958
sample	flat	sqlite	raw	exact	144	13209
sample	flat	sqlite	raw	exact	145	9666
sample	flat	sqlite	raw	exact	146	21333
sample	flat	sqlite	raw	exact	147	5625
sample	flat	sqlite	raw	exact	148	5542
sample	flat	sqlite	raw	exact	149	16000
sample	flat	sqlite	raw	exact	150	7875
sample	flat	sqlite	raw	exact	151	7000
sample	flat	sqlite	raw	exact	152	6750
sample	flat	sqlite	raw	exact	153	6375
sample	flat	sqlite	raw	exact	154	6167
sample	flat	sqlite	raw	exact	155	88542
sample	flat	sqlite	raw	exact	156	65584
sample	flat	sqlite	raw	exact	157	16750
sample	flat	sqlite	raw	exact	158	15167
sample	flat	sqlite	raw	exact	159	13292
sample	flat	sqlite	raw	exact	160	14292
sample	flat	sqlite	raw	exact	161	46250
sample	flat	sqlite	raw	exact	162	9917
sample	flat	sqlite	raw	exact	163	6834
sample	flat	sqlite	raw	exact	164	5917
sample	flat	sqlite	raw	exact	165	5750
sample	flat	sqlite	raw	exact	166	5917
sample	flat	sqlite	raw	exact	167	26833
sample	flat	sqlite	raw	exact	168	6833
sample	flat	sqlite	raw	exact	169	6375
sample	flat	sqlite	raw	exact	170	6667
sample	flat	sqlite	raw	exact	171	6166
sample	flat	sqlite	raw	exact	172	6083
sample	flat	sqlite	raw	exact	173	16125
sample	flat	sqlite	raw	exact	174	6875
sample	flat	sqlite	raw	exact	175	5583
sample	flat	sqlite	raw	exact	176	7250
sample	flat	sqlite	raw	exact	177	5917
sample	flat	sqlite	raw	exact	178	6000
sample	flat	sqlite	raw	exact	179	13333
sample	flat	sqlite	raw	exact	180	5625
sample	flat	sqlite	raw	exact	181	11208
sample	flat	sqlite	raw	exact	182	6250
sample	flat	sqlite	raw	exact	183	127333
sample	flat	sqlite	raw	exact	184	21791
sample	flat	sqlite	raw	exact	185	37750
sample	flat	sqlite	raw	exact	186	21792
sample	flat	sqlite	raw	exact	187	13667
sample	flat	sqlite	raw	exact	188	6209
sample	flat	sqlite	raw	exact	189	6916
sample	flat	sqlite	raw	exact	190	5708
sample	flat	sqlite	raw	exact	191	13791
sample	flat	sqlite	raw	exact	192	6416
sample	flat	sqlite	raw	exact	193	5667
sample	flat	sqlite	raw	exact	194	5792
sample	flat	sqlite	raw	exact	195	5459
sample	flat	sqlite	raw	exact	196	6084
sample	flat	sqlite	raw	exact	197	5333
sample	flat	sqlite	raw	exact	198	5917
sample	flat	sqlite	raw	exact	199	5542
sample	flat	sqlite	raw	exact	200	5625
sample	flat	sqlite	raw	exact	201	5583
sample	flat	sqlite	raw	exact	202	6000
sample	flat	sqlite	raw	exact	203	5500
sample	flat	sqlite	raw	exact	204	5458
sample	flat	sqlite	raw	exact	205	5667
sample	flat	sqlite	raw	exact	206	5625
sample	flat	sqlite	raw	exact	207	5625
sample	flat	sqlite	raw	exact	208	5625
sample	flat	sqlite	raw	exact	209	5416
sample	flat	sqlite	raw	exact	210	6000
sample	flat	sqlite	raw	exact	211	5375
sample	flat	sqlite	raw	exact	212	5750
sample	flat	sqlite	raw	exact	213	5333
sample	flat	sqlite	raw	exact	214	6041
sample	flat	sqlite	raw	exact	215	6042
sample	flat	sqlite	raw	exact	216	6084
sample	flat	sqlite	raw	exact	217	5541
sample	flat	sqlite	raw	exact	218	5625
sample	flat	sqlite	raw	exact	219	5417
sample	flat	sqlite	raw	exact	220	5417
sample	flat	sqlite	raw	exact	221	6166
sample	flat	sqlite	raw	exact	222	5583
sample	flat	sqlite	raw	exact	223	5500
sample	flat	sqlite	raw	exact	224	5459
sample	flat	sqlite	raw	exact	225	5250
sample	flat	sqlite	raw	exact	226	5542
sample	flat	sqlite	raw	exact	227	5167
sample	flat	sqlite	raw	exact	228	5458
sample	flat	sqlite	raw	exact	229	73417
sample	flat	sqlite	raw	exact	230	39667
sample	flat	sqlite	raw	exact	231	22125
sample	flat	sqlite	raw	exact	232	14208
sample	flat	sqlite	raw	exact	233	14834
sample	flat	sqlite	raw	exact	234	24709
sample	flat	sqlite	raw	exact	235	20959
sample	flat	sqlite	raw	exact	236	13417
sample	flat	sqlite	raw	exact	237	11750
sample	flat	sqlite	raw	exact	238	12125
sample	flat	sqlite	raw	exact	239	11750
sample	flat	sqlite	raw	exact	240	11791
sample	flat	sqlite	raw	exact	241	13833
sample	flat	sqlite	raw	exact	242	11375
sample	flat	sqlite	raw	exact	243	11125
sample	flat	sqlite	raw	exact	244	11708
sample	flat	sqlite	raw	exact	245	31333
sample	flat	sqlite	raw	exact	246	57792
sample	flat	sqlite	raw	exact	247	21791
sample	flat	sqlite	raw	exact	248	11250
sample	flat	sqlite	raw	exact	249	5833
sample	flat	sqlite	raw	exact	250	6625
sample	flat	sqlite	raw	exact	251	12041
sample	flat	sqlite	raw	exact	252	7375
sample	flat	sqlite	raw	exact	253	5833
sample	flat	sqlite	raw	exact	254	6416
sample	flat	sqlite	raw	exact	255	6333
sample	flat	sqlite	raw	exact	256	5958
sample	flat	sqlite	raw	exact	257	5583
sample	flat	sqlite	raw	exact	258	5917
sample	flat	sqlite	raw	exact	259	5250
sample	flat	sqlite	raw	exact	260	5917
sample	flat	sqlite	raw	exact	261	14916
sample	flat	sqlite	raw	exact	262	13917
sample	flat	sqlite	raw	exact	263	5625
sample	flat	sqlite	raw	exact	264	6000
sample	flat	sqlite	raw	exact	265	5541
sample	flat	sqlite	raw	exact	266	6000
sample	flat	sqlite	raw	exact	267	5250
sample	flat	sqlite	raw	exact	268	6000
sample	flat	sqlite	raw	exact	269	5334
sample	flat	sqlite	raw	exact	270	5541
sample	flat	sqlite	raw	exact	271	5375
sample	flat	sqlite	raw	exact	272	5667
sample	flat	sqlite	raw	exact	273	5166
sample	flat	sqlite	raw	exact	274	5834
sample	flat	sqlite	raw	exact	275	5208
sample	flat	sqlite	raw	exact	276	5833
sample	flat	sqlite	raw	exact	277	5250
sample	flat	sqlite	raw	exact	278	5542
sample	flat	sqlite	raw	exact	279	5584
sample	flat	sqlite	raw	exact	280	6208
sample	flat	sqlite	raw	exact	281	5375
sample	flat	sqlite	raw	exact	282	5709
sample	flat	sqlite	raw	exact	283	5667
sample	flat	sqlite	raw	exact	284	6167
sample	flat	sqlite	raw	exact	285	6708
sample	flat	sqlite	raw	exact	286	5708
sample	flat	sqlite	raw	exact	287	5417
sample	flat	sqlite	raw	exact	288	6125
sample	flat	sqlite	raw	exact	289	12208
sample	flat	sqlite	raw	exact	290	5792
sample	flat	sqlite	raw	exact	291	5416
sample	flat	sqlite	raw	exact	292	5417
sample	flat	sqlite	raw	exact	293	5250
sample	flat	sqlite	raw	exact	294	5458
sample	flat	sqlite	raw	exact	295	5458
sample	flat	sqlite	raw	exact	296	5458
sample	flat	sqlite	raw	exact	297	5167
sample	flat	sqlite	raw	exact	298	12042
sample	flat	sqlite	raw	exact	299	6458
sample	flat	sqlite	raw	exact	300	5833
sample	flat	sqlite	raw	exact	301	5584
sample	flat	sqlite	raw	exact	302	12292
sample	flat	sqlite	raw	exact	303	7125
sample	flat	sqlite	raw	exact	304	15750
sample	flat	sqlite	raw	exact	305	11709
sample	flat	sqlite	raw	exact	306	5750
sample	flat	sqlite	raw	exact	307	5542
sample	flat	sqlite	raw	exact	308	5417
sample	flat	sqlite	raw	exact	309	5292
sample	flat	sqlite	raw	exact	310	5625
sample	flat	sqlite	raw	exact	311	13167
sample	flat	sqlite	raw	exact	312	12000
sample	flat	sqlite	raw	exact	313	5625
sample	flat	sqlite	raw	exact	314	9916
sample	flat	sqlite	raw	exact	315	5209
sample	flat	sqlite	raw	exact	316	5500
sample	flat	sqlite	raw	exact	317	5250
sample	flat	sqlite	raw	exact	318	5708
sample	flat	sqlite	raw	exact	319	5459
sample	flat	sqlite	raw	exact	320	5583
sample	flat	sqlite	raw	exact	321	5458
sample	flat	sqlite	raw	exact	322	5583
sample	flat	sqlite	raw	exact	323	5250
sample	flat	sqlite	raw	exact	324	5500
sample	flat	sqlite	raw	exact	325	5500
sample	flat	sqlite	raw	exact	326	5667
sample	flat	sqlite	raw	exact	327	5416
sample	flat	sqlite	raw	exact	328	5500
sample	flat	sqlite	raw	exact	329	5208
sample	flat	sqlite	raw	exact	330	5666
sample	flat	sqlite	raw	exact	331	5541
sample	flat	sqlite	raw	exact	332	5458
sample	flat	sqlite	raw	exact	333	5292
sample	flat	sqlite	raw	exact	334	5500
sample	flat	sqlite	raw	exact	335	5458
sample	flat	sqlite	raw	exact	336	5750
sample	flat	sqlite	raw	exact	337	5292
sample	flat	sqlite	raw	exact	338	10000
sample	flat	sqlite	raw	exact	339	5416
sample	flat	sqlite	raw	exact	340	5667
sample	flat	sqlite	raw	exact	341	5292
sample	flat	sqlite	raw	exact	342	5792
sample	flat	sqlite	raw	exact	343	67583
sample	flat	sqlite	raw	exact	344	80958
sample	flat	sqlite	raw	exact	345	84667
sample	flat	sqlite	raw	exact	346	45333
sample	flat	sqlite	raw	exact	347	30417
sample	flat	sqlite	raw	exact	348	40417
sample	flat	sqlite	raw	exact	349	37209
sample	flat	sqlite	raw	exact	350	20667
sample	flat	sqlite	raw	exact	351	20667
sample	flat	sqlite	raw	exact	352	21750
sample	flat	sqlite	raw	exact	353	23292
sample	flat	sqlite	raw	exact	354	24375
sample	flat	sqlite	raw	exact	355	35458
sample	flat	sqlite	raw	exact	356	17125
sample	flat	sqlite	raw	exact	357	15500
sample	flat	sqlite	raw	exact	358	14958
sample	flat	sqlite	raw	exact	359	14167
sample	flat	sqlite	raw	exact	360	6417
sample	flat	sqlite	raw	exact	361	6000
sample	flat	sqlite	raw	exact	362	5958
sample	flat	sqlite	raw	exact	363	5917
sample	flat	sqlite	raw	exact	364	5792
sample	flat	sqlite	raw	exact	365	10333
sample	flat	sqlite	raw	exact	366	6334
sample	flat	sqlite	raw	exact	367	5625
sample	flat	sqlite	raw	exact	368	5750
sample	flat	sqlite	raw	exact	369	5458
sample	flat	sqlite	raw	exact	370	5667
sample	flat	sqlite	raw	exact	371	5208
sample	flat	sqlite	raw	exact	372	5583
sample	flat	sqlite	raw	exact	373	5292
sample	flat	sqlite	raw	exact	374	5625
sample	flat	sqlite	raw	exact	375	5583
sample	flat	sqlite	raw	exact	376	6208
sample	flat	sqlite	raw	exact	377	5250
sample	flat	sqlite	raw	exact	378	6458
sample	flat	sqlite	raw	exact	379	5208
sample	flat	sqlite	raw	exact	380	5708
sample	flat	sqlite	raw	exact	381	5250
sample	flat	sqlite	raw	exact	382	6167
sample	flat	sqlite	raw	exact	383	5583
sample	flat	sqlite	raw	exact	384	5583
sample	flat	sqlite	raw	exact	385	6083
sample	flat	sqlite	raw	exact	386	5875
sample	flat	sqlite	raw	exact	387	5708
sample	flat	sqlite	raw	exact	388	6083
sample	flat	sqlite	raw	exact	389	5375
sample	flat	sqlite	raw	exact	390	6750
sample	flat	sqlite	raw	exact	391	5792
sample	flat	sqlite	raw	exact	392	6500
sample	flat	sqlite	raw	exact	393	5875
sample	flat	sqlite	raw	exact	394	6041
sample	flat	sqlite	raw	exact	395	5792
sample	flat	sqlite	raw	exact	396	5541
sample	flat	sqlite	raw	exact	397	5209
sample	flat	sqlite	raw	exact	398	5500
sample	flat	sqlite	raw	exact	399	5417
sample	flat	sqlite	raw	exact	400	5709
sample	flat	sqlite	raw	exact	401	5167
sample	flat	sqlite	raw	exact	402	5791
sample	flat	sqlite	raw	exact	403	5875
sample	flat	sqlite	raw	exact	404	5584
sample	flat	sqlite	raw	exact	405	5334
sample	flat	sqlite	raw	exact	406	6333
sample	flat	sqlite	raw	exact	407	5542
sample	flat	sqlite	raw	exact	408	5500
sample	flat	sqlite	raw	exact	409	5083
sample	flat	sqlite	raw	exact	410	5625
sample	flat	sqlite	raw	exact	411	5166
sample	flat	sqlite	raw	exact	412	5500
sample	flat	sqlite	raw	exact	413	5083
sample	flat	sqlite	raw	exact	414	5542
sample	flat	sqlite	raw	exact	415	5500
sample	flat	sqlite	raw	exact	416	5500
sample	flat	sqlite	raw	exact	417	5166
sample	flat	sqlite	raw	exact	418	5584
sample	flat	sqlite	raw	exact	419	5792
sample	flat	sqlite	raw	exact	420	6042
sample	flat	sqlite	raw	exact	421	5208
sample	flat	sqlite	raw	exact	422	6625
sample	flat	sqlite	raw	exact	423	5541
sample	flat	sqlite	raw	exact	424	5542
sample	flat	sqlite	raw	exact	425	5291
sample	flat	sqlite	raw	exact	426	5625
sample	flat	sqlite	raw	exact	427	5375
sample	flat	sqlite	raw	exact	428	5542
sample	flat	sqlite	raw	exact	429	5250
sample	flat	sqlite	raw	exact	430	5625
sample	flat	sqlite	raw	exact	431	5709
sample	flat	sqlite	raw	exact	432	5417
sample	flat	sqlite	raw	exact	433	5125
sample	flat	sqlite	raw	exact	434	5458
sample	flat	sqlite	raw	exact	435	151750
sample	flat	sqlite	raw	exact	436	75750
sample	flat	sqlite	raw	exact	437	49042
sample	flat	sqlite	raw	exact	438	40291
sample	flat	sqlite	raw	exact	439	21000
sample	flat	sqlite	raw	exact	440	270916
sample	flat	sqlite	raw	exact	441	8458
sample	flat	sqlite	raw	exact	442	12667
sample	flat	sqlite	raw	exact	443	11750
sample	flat	sqlite	raw	exact	444	6834
sample	flat	sqlite	raw	exact	445	5583
sample	flat	sqlite	raw	exact	446	6208
sample	flat	sqlite	raw	exact	447	10833
sample	flat	sqlite	raw	exact	448	6292
sample	flat	sqlite	raw	exact	449	10708
sample	flat	sqlite	raw	exact	450	10708
sample	flat	sqlite	raw	exact	451	9833
sample	flat	sqlite	raw	exact	452	6167
sample	flat	sqlite	raw	exact	453	5334
sample	flat	sqlite	raw	exact	454	6292
sample	flat	sqlite	raw	exact	455	6125
sample	flat	sqlite	raw	exact	456	6375
sample	flat	sqlite	raw	exact	457	5417
sample	flat	sqlite	raw	exact	458	6583
sample	flat	sqlite	raw	exact	459	5500
sample	flat	sqlite	raw	exact	460	30000
sample	flat	sqlite	raw	exact	461	69208
sample	flat	sqlite	raw	exact	462	28291
sample	flat	sqlite	raw	exact	463	27750
sample	flat	sqlite	raw	exact	464	83708
sample	flat	sqlite	raw	exact	465	67291
sample	flat	sqlite	raw	exact	466	52833
sample	flat	sqlite	raw	exact	467	19417
sample	flat	sqlite	raw	exact	468	15334
sample	flat	sqlite	raw	exact	469	38708
sample	flat	sqlite	raw	exact	470	28500
sample	flat	sqlite	raw	exact	471	31625
sample	flat	sqlite	raw	exact	472	25625
sample	flat	sqlite	raw	exact	473	22375
sample	flat	sqlite	raw	exact	474	16833
sample	flat	sqlite	raw	exact	475	21459
sample	flat	sqlite	raw	exact	476	30292
sample	flat	sqlite	raw	exact	477	48584
sample	flat	sqlite	raw	exact	478	10333
sample	flat	sqlite	raw	exact	479	7209
sample	flat	sqlite	raw	exact	480	6625
sample	flat	sqlite	raw	exact	481	6833
sample	flat	sqlite	raw	exact	482	5750
sample	flat	sqlite	raw	exact	483	5333
sample	flat	sqlite	raw	exact	484	7042
sample	flat	sqlite	raw	exact	485	8083
sample	flat	sqlite	raw	exact	486	7000
sample	flat	sqlite	raw	exact	487	5458
sample	flat	sqlite	raw	exact	488	5750
sample	flat	sqlite	raw	exact	489	5833
sample	flat	sqlite	raw	exact	490	5958
sample	flat	sqlite	raw	exact	491	5834
sample	flat	sqlite	raw	exact	492	7250
sample	flat	sqlite	raw	exact	493	5250
sample	flat	sqlite	raw	exact	494	5667
sample	flat	sqlite	raw	exact	495	6333
sample	flat	sqlite	raw	exact	496	6167
sample	flat	sqlite	raw	exact	497	5250
sample	flat	sqlite	raw	exact	498	5500
sample	flat	sqlite	raw	exact	499	5292
sample	flat	sqlite	raw	exact	500	9208
sample	flat	sqlite	raw	exact	501	110958
sample	flat	sqlite	raw	exact	502	38625
sample	flat	sqlite	raw	exact	503	84500
sample	flat	sqlite	raw	exact	504	47541
sample	flat	sqlite	raw	exact	505	29375
sample	flat	sqlite	raw	exact	506	14542
sample	flat	sqlite	raw	exact	507	6667
sample	flat	sqlite	raw	exact	508	6791
sample	flat	sqlite	raw	exact	509	5958
sample	flat	sqlite	raw	exact	510	70625
sample	flat	sqlite	raw	exact	511	37125
sample	flat	sqlite	raw	exact	512	29125
sample	flat	sqlite	raw	exact	513	19583
sample	flat	sqlite	raw	exact	514	19750
sample	flat	sqlite	raw	exact	515	26792
sample	flat	sqlite	raw	exact	516	16042
sample	flat	sqlite	raw	exact	517	15667
sample	flat	sqlite	raw	exact	518	14541
sample	flat	sqlite	raw	exact	519	16083
sample	flat	sqlite	raw	exact	520	14000
sample	flat	sqlite	raw	exact	521	15291
sample	flat	sqlite	raw	exact	522	14125
sample	flat	sqlite	raw	exact	523	13833
sample	flat	sqlite	raw	exact	524	28500
sample	flat	sqlite	raw	exact	525	7292
sample	flat	sqlite	raw	exact	526	20833
sample	flat	sqlite	raw	exact	527	9959
sample	flat	sqlite	raw	exact	528	48250
sample	flat	sqlite	raw	exact	529	20583
sample	flat	sqlite	raw	exact	530	34708
sample	flat	sqlite	raw	exact	531	18750
sample	flat	sqlite	raw	exact	532	13792
sample	flat	sqlite	raw	exact	533	41208
sample	flat	sqlite	raw	exact	534	19458
sample	flat	sqlite	raw	exact	535	15459
sample	flat	sqlite	raw	exact	536	14875
sample	flat	sqlite	raw	exact	537	13666
sample	flat	sqlite	raw	exact	538	40291
sample	flat	sqlite	raw	exact	539	13958
sample	flat	sqlite	raw	exact	540	12375
sample	flat	sqlite	raw	exact	541	13541
sample	flat	sqlite	raw	exact	542	14500
sample	flat	sqlite	raw	exact	543	33500
sample	flat	sqlite	raw	exact	544	17500
sample	flat	sqlite	raw	exact	545	45333
sample	flat	sqlite	raw	exact	546	15791
sample	flat	sqlite	raw	exact	547	32208
sample	flat	sqlite	raw	exact	548	15000
sample	flat	sqlite	raw	exact	549	35416
sample	flat	sqlite	raw	exact	550	8125
sample	flat	sqlite	raw	exact	551	6208
sample	flat	sqlite	raw	exact	552	6667
sample	flat	sqlite	raw	exact	553	5875
sample	flat	sqlite	raw	exact	554	6500
sample	flat	sqlite	raw	exact	555	6000
sample	flat	sqlite	raw	exact	556	5667
sample	flat	sqlite	raw	exact	557	5291
sample	flat	sqlite	raw	exact	558	5875
sample	flat	sqlite	raw	exact	559	5542
sample	flat	sqlite	raw	exact	560	6209
sample	flat	sqlite	raw	exact	561	5333
sample	flat	sqlite	raw	exact	562	5875
sample	flat	sqlite	raw	exact	563	5584
sample	flat	sqlite	raw	exact	564	5959
sample	flat	sqlite	raw	exact	565	11209
sample	flat	sqlite	raw	exact	566	6625
sample	flat	sqlite	raw	exact	567	207250
sample	flat	sqlite	raw	exact	568	36792
sample	flat	sqlite	raw	exact	569	22542
sample	flat	sqlite	raw	exact	570	8667
sample	flat	sqlite	raw	exact	571	6083
sample	flat	sqlite	raw	exact	572	6542
sample	flat	sqlite	raw	exact	573	6500
sample	flat	sqlite	raw	exact	574	6042
sample	flat	sqlite	raw	exact	575	5875
sample	flat	sqlite	raw	exact	576	5750
sample	flat	sqlite	raw	exact	577	54917
sample	flat	sqlite	raw	exact	578	12792
sample	flat	sqlite	raw	exact	579	18250
sample	flat	sqlite	raw	exact	580	13709
sample	flat	sqlite	raw	exact	581	5667
sample	flat	sqlite	raw	exact	582	6416
sample	flat	sqlite	raw	exact	583	5709
sample	flat	sqlite	raw	exact	584	6208
sample	flat	sqlite	raw	exact	585	5541
sample	flat	sqlite	raw	exact	586	6542
sample	flat	sqlite	raw	exact	587	5375
sample	flat	sqlite	raw	exact	588	5958
sample	flat	sqlite	raw	exact	589	75875
sample	flat	sqlite	raw	exact	590	7292
sample	flat	sqlite	raw	exact	591	6709
sample	flat	sqlite	raw	exact	592	6625
sample	flat	sqlite	raw	exact	593	5417
sample	flat	sqlite	raw	exact	594	6167
sample	flat	sqlite	raw	exact	595	5292
sample	flat	sqlite	raw	exact	596	5666
sample	flat	sqlite	raw	exact	597	5250
sample	flat	sqlite	raw	exact	598	5792
sample	flat	sqlite	raw	exact	599	5500
sample	flat	sqlite	raw	exact	600	5458
sample	flat	sqlite	raw	exact	601	5250
sample	flat	sqlite	raw	exact	602	5333
sample	flat	sqlite	raw	exact	603	5167
sample	flat	sqlite	raw	exact	604	5625
sample	flat	sqlite	raw	exact	605	5166
sample	flat	sqlite	raw	exact	606	5417
sample	flat	sqlite	raw	exact	607	5667
sample	flat	sqlite	raw	exact	608	5375
sample	flat	sqlite	raw	exact	609	5916
sample	flat	sqlite	raw	exact	610	6084
sample	flat	sqlite	raw	exact	611	5458
sample	flat	sqlite	raw	exact	612	5750
sample	flat	sqlite	raw	exact	613	5542
sample	flat	sqlite	raw	exact	614	6209
sample	flat	sqlite	raw	exact	615	6000
sample	flat	sqlite	raw	exact	616	5791
sample	flat	sqlite	raw	exact	617	5625
sample	flat	sqlite	raw	exact	618	6167
sample	flat	sqlite	raw	exact	619	5708
sample	flat	sqlite	raw	exact	620	5584
sample	flat	sqlite	raw	exact	621	5250
sample	flat	sqlite	raw	exact	622	6083
sample	flat	sqlite	raw	exact	623	6000
sample	flat	sqlite	raw	exact	624	7375
sample	flat	sqlite	raw	exact	625	5334
sample	flat	sqlite	raw	exact	626	5375
sample	flat	sqlite	raw	exact	627	6333
sample	flat	sqlite	raw	exact	628	5375
sample	flat	sqlite	raw	exact	629	5209
sample	flat	sqlite	raw	exact	630	75459
sample	flat	sqlite	raw	exact	631	24750
sample	flat	sqlite	raw	exact	632	14125
sample	flat	sqlite	raw	exact	633	12667
sample	flat	sqlite	raw	exact	634	18500
sample	flat	sqlite	raw	exact	635	12084
sample	flat	sqlite	raw	exact	636	13833
sample	flat	sqlite	raw	exact	637	11625
sample	flat	sqlite	raw	exact	638	29583
sample	flat	sqlite	raw	exact	639	13750
sample	flat	sqlite	raw	exact	640	14292
sample	flat	sqlite	raw	exact	641	6625
sample	flat	sqlite	raw	exact	642	6708
sample	flat	sqlite	raw	exact	643	6458
sample	flat	sqlite	raw	exact	644	6166
sample	flat	sqlite	raw	exact	645	6167
sample	flat	sqlite	raw	exact	646	6750
sample	flat	sqlite	raw	exact	647	6208
sample	flat	sqlite	raw	exact	648	5750
sample	flat	sqlite	raw	exact	649	5625
sample	flat	sqlite	raw	exact	650	5750
sample	flat	sqlite	raw	exact	651	5250
sample	flat	sqlite	raw	exact	652	5875
sample	flat	sqlite	raw	exact	653	5959
sample	flat	sqlite	raw	exact	654	5750
sample	flat	sqlite	raw	exact	655	5417
sample	flat	sqlite	raw	exact	656	5792
sample	flat	sqlite	raw	exact	657	5291
sample	flat	sqlite	raw	exact	658	122667
sample	flat	sqlite	raw	exact	659	36708
sample	flat	sqlite	raw	exact	660	82542
sample	flat	sqlite	raw	exact	661	32083
sample	flat	sqlite	raw	exact	662	19458
sample	flat	sqlite	raw	exact	663	137666
sample	flat	sqlite	raw	exact	664	67250
sample	flat	sqlite	raw	exact	665	43167
sample	flat	sqlite	raw	exact	666	12625
sample	flat	sqlite	raw	exact	667	8167
sample	flat	sqlite	raw	exact	668	8083
sample	flat	sqlite	raw	exact	669	6000
sample	flat	sqlite	raw	exact	670	6417
sample	flat	sqlite	raw	exact	671	16625
sample	flat	sqlite	raw	exact	672	7833
sample	flat	sqlite	raw	exact	673	12166
sample	flat	sqlite	raw	exact	674	6000
sample	flat	sqlite	raw	exact	675	5333
sample	flat	sqlite	raw	exact	676	5750
sample	flat	sqlite	raw	exact	677	5334
sample	flat	sqlite	raw	exact	678	5875
sample	flat	sqlite	raw	exact	679	5625
sample	flat	sqlite	raw	exact	680	6167
sample	flat	sqlite	raw	exact	681	5291
sample	flat	sqlite	raw	exact	682	6250
sample	flat	sqlite	raw	exact	683	5375
sample	flat	sqlite	raw	exact	684	74292
sample	flat	sqlite	raw	exact	685	49000
sample	flat	sqlite	raw	exact	686	35458
sample	flat	sqlite	raw	exact	687	27666
sample	flat	sqlite	raw	exact	688	39125
sample	flat	sqlite	raw	exact	689	65458
sample	flat	sqlite	raw	exact	690	21833
sample	flat	sqlite	raw	exact	691	35208
sample	flat	sqlite	raw	exact	692	13042
sample	flat	sqlite	raw	exact	693	23166
sample	flat	sqlite	raw	exact	694	23375
sample	flat	sqlite	raw	exact	695	12250
sample	flat	sqlite	raw	exact	696	13875
sample	flat	sqlite	raw	exact	697	27417
sample	flat	sqlite	raw	exact	698	16625
sample	flat	sqlite	raw	exact	699	12625
sample	flat	sqlite	raw	exact	700	13375
sample	flat	sqlite	raw	exact	701	11916
sample	flat	sqlite	raw	exact	702	13125
sample	flat	sqlite	raw	exact	703	13458
sample	flat	sqlite	raw	exact	704	12833
sample	flat	sqlite	raw	exact	705	12167
sample	flat	sqlite	raw	exact	706	12417
sample	flat	sqlite	raw	exact	707	11166
sample	flat	sqlite	raw	exact	708	12416
sample	flat	sqlite	raw	exact	709	11208
sample	flat	sqlite	raw	exact	710	16916
sample	flat	sqlite	raw	exact	711	6458
sample	flat	sqlite	raw	exact	712	6125
sample	flat	sqlite	raw	exact	713	5875
sample	flat	sqlite	raw	exact	714	6125
sample	flat	sqlite	raw	exact	715	6042
sample	flat	sqlite	raw	exact	716	9333
sample	flat	sqlite	raw	exact	717	633125
sample	flat	sqlite	raw	exact	718	75208
sample	flat	sqlite	raw	exact	719	19042
sample	flat	sqlite	raw	exact	720	13375
sample	flat	sqlite	raw	exact	721	37166
sample	flat	sqlite	raw	exact	722	39167
sample	flat	sqlite	raw	exact	723	39084
sample	flat	sqlite	raw	exact	724	15292
sample	flat	sqlite	raw	exact	725	11667
sample	flat	sqlite	raw	exact	726	12458
sample	flat	sqlite	raw	exact	727	35375
sample	flat	sqlite	raw	exact	728	15041
sample	flat	sqlite	raw	exact	729	18667
sample	flat	sqlite	raw	exact	730	7708
sample	flat	sqlite	raw	exact	731	5917
sample	flat	sqlite	raw	exact	732	6875
sample	flat	sqlite	raw	exact	733	5750
sample	flat	sqlite	raw	exact	734	6167
sample	flat	sqlite	raw	exact	735	8709
sample	flat	sqlite	raw	exact	736	6209
sample	flat	sqlite	raw	exact	737	5666
sample	flat	sqlite	raw	exact	738	21500
sample	flat	sqlite	raw	exact	739	13417
sample	flat	sqlite	raw	exact	740	6958
sample	flat	sqlite	raw	exact	741	5500
sample	flat	sqlite	raw	exact	742	11750
sample	flat	sqlite	raw	exact	743	11000
sample	flat	sqlite	raw	exact	744	5792
sample	flat	sqlite	raw	exact	745	5292
sample	flat	sqlite	raw	exact	746	5708
sample	flat	sqlite	raw	exact	747	5250
sample	flat	sqlite	raw	exact	748	6167
sample	flat	sqlite	raw	exact	749	6125
sample	flat	sqlite	raw	exact	750	6250
sample	flat	sqlite	raw	exact	751	6209
sample	flat	sqlite	raw	exact	752	6209
sample	flat	sqlite	raw	exact	753	5375
sample	flat	sqlite	raw	exact	754	5875
sample	flat	sqlite	raw	exact	755	5250
sample	flat	sqlite	raw	exact	756	6042
sample	flat	sqlite	raw	exact	757	5334
sample	flat	sqlite	raw	exact	758	5625
sample	flat	sqlite	raw	exact	759	5417
sample	flat	sqlite	raw	exact	760	5375
sample	flat	sqlite	raw	exact	761	5333
sample	flat	sqlite	raw	exact	762	5666
sample	flat	sqlite	raw	exact	763	5250
sample	flat	sqlite	raw	exact	764	5541
sample	flat	sqlite	raw	exact	765	5375
sample	flat	sqlite	raw	exact	766	5667
sample	flat	sqlite	raw	exact	767	6000
sample	flat	sqlite	raw	exact	768	49417
sample	flat	sqlite	raw	exact	769	15917
sample	flat	sqlite	raw	exact	770	13791
sample	flat	sqlite	raw	exact	771	13750
sample	flat	sqlite	raw	exact	772	14792
sample	flat	sqlite	raw	exact	773	12875
sample	flat	sqlite	raw	exact	774	17042
sample	flat	sqlite	raw	exact	775	15333
sample	flat	sqlite	raw	exact	776	14041
sample	flat	sqlite	raw	exact	777	14375
sample	flat	sqlite	raw	exact	778	18250
sample	flat	sqlite	raw	exact	779	45209
sample	flat	sqlite	raw	exact	780	25208
sample	flat	sqlite	raw	exact	781	35042
sample	flat	sqlite	raw	exact	782	20625
sample	flat	sqlite	raw	exact	783	16542
sample	flat	sqlite	raw	exact	784	7542
sample	flat	sqlite	raw	exact	785	6166
sample	flat	sqlite	raw	exact	786	6458
sample	flat	sqlite	raw	exact	787	6625
sample	flat	sqlite	raw	exact	788	7084
sample	flat	sqlite	raw	exact	789	5583
sample	flat	sqlite	raw	exact	790	5791
sample	flat	sqlite	raw	exact	791	6292
sample	flat	sqlite	raw	exact	792	19042
sample	flat	sqlite	raw	exact	793	5666
sample	flat	sqlite	raw	exact	794	6250
sample	flat	sqlite	raw	exact	795	6000
sample	flat	sqlite	raw	exact	796	6292
sample	flat	sqlite	raw	exact	797	6125
sample	flat	sqlite	raw	exact	798	70584
sample	flat	sqlite	raw	exact	799	68000
sample	flat	sqlite	raw	exact	800	48958
sample	flat	sqlite	raw	exact	801	44375
sample	flat	sqlite	raw	exact	802	18750
sample	flat	sqlite	raw	exact	803	13625
sample	flat	sqlite	raw	exact	804	14417
sample	flat	sqlite	raw	exact	805	13458
sample	flat	sqlite	raw	exact	806	26375
sample	flat	sqlite	raw	exact	807	17833
sample	flat	sqlite	raw	exact	808	21041
sample	flat	sqlite	raw	exact	809	14584
sample	flat	sqlite	raw	exact	810	13875
sample	flat	sqlite	raw	exact	811	59416
sample	flat	sqlite	raw	exact	812	32708
sample	flat	sqlite	raw	exact	813	31000
sample	flat	sqlite	raw	exact	814	19250
sample	flat	sqlite	raw	exact	815	22709
sample	flat	sqlite	raw	exact	816	18666
sample	flat	sqlite	raw	exact	817	24417
sample	flat	sqlite	raw	exact	818	26333
sample	flat	sqlite	raw	exact	819	16833
sample	flat	sqlite	raw	exact	820	39417
sample	flat	sqlite	raw	exact	821	15000
sample	flat	sqlite	raw	exact	822	14916
sample	flat	sqlite	raw	exact	823	11541
sample	flat	sqlite	raw	exact	824	7500
sample	flat	sqlite	raw	exact	825	5750
sample	flat	sqlite	raw	exact	826	5791
sample	flat	sqlite	raw	exact	827	5458
sample	flat	sqlite	raw	exact	828	6083
sample	flat	sqlite	raw	exact	829	5333
sample	flat	sqlite	raw	exact	830	5958
sample	flat	sqlite	raw	exact	831	5625
sample	flat	sqlite	raw	exact	832	5792
sample	flat	sqlite	raw	exact	833	5333
sample	flat	sqlite	raw	exact	834	6083
sample	flat	sqlite	raw	exact	835	5709
sample	flat	sqlite	raw	exact	836	5708
sample	flat	sqlite	raw	exact	837	13417
sample	flat	sqlite	raw	exact	838	6792
sample	flat	sqlite	raw	exact	839	10125
sample	flat	sqlite	raw	exact	840	6042
sample	flat	sqlite	raw	exact	841	5708
sample	flat	sqlite	raw	exact	842	6125
sample	flat	sqlite	raw	exact	843	5459
sample	flat	sqlite	raw	exact	844	6708
sample	flat	sqlite	raw	exact	845	5708
sample	flat	sqlite	raw	exact	846	5750
sample	flat	sqlite	raw	exact	847	5500
sample	flat	sqlite	raw	exact	848	10708
sample	flat	sqlite	raw	exact	849	8417
sample	flat	sqlite	raw	exact	850	5625
sample	flat	sqlite	raw	exact	851	8208
sample	flat	sqlite	raw	exact	852	5875
sample	flat	sqlite	raw	exact	853	5334
sample	flat	sqlite	raw	exact	854	5625
sample	flat	sqlite	raw	exact	855	5459
sample	flat	sqlite	raw	exact	856	5500
sample	flat	sqlite	raw	exact	857	5458
sample	flat	sqlite	raw	exact	858	5500
sample	flat	sqlite	raw	exact	859	5250
sample	flat	sqlite	raw	exact	860	6083
sample	flat	sqlite	raw	exact	861	13084
sample	flat	sqlite	raw	exact	862	12792
sample	flat	sqlite	raw	exact	863	12000
sample	flat	sqlite	raw	exact	864	13375
sample	flat	sqlite	raw	exact	865	5291
sample	flat	sqlite	raw	exact	866	6000
sample	flat	sqlite	raw	exact	867	5917
sample	flat	sqlite	raw	exact	868	6083
sample	flat	sqlite	raw	exact	869	5584
sample	flat	sqlite	raw	exact	870	5584
sample	flat	sqlite	raw	exact	871	5500
sample	flat	sqlite	raw	exact	872	5500
sample	flat	sqlite	raw	exact	873	5458
sample	flat	sqlite	raw	exact	874	5667
sample	flat	sqlite	raw	exact	875	5416
sample	flat	sqlite	raw	exact	876	5542
sample	flat	sqlite	raw	exact	877	5250
sample	flat	sqlite	raw	exact	878	5625
sample	flat	sqlite	raw	exact	879	5583
sample	flat	sqlite	raw	exact	880	5750
sample	flat	sqlite	raw	exact	881	6334
sample	flat	sqlite	raw	exact	882	12750
sample	flat	sqlite	raw	exact	883	10917
sample	flat	sqlite	raw	exact	884	5625
sample	flat	sqlite	raw	exact	885	5292
sample	flat	sqlite	raw	exact	886	5875
sample	flat	sqlite	raw	exact	887	5333
sample	flat	sqlite	raw	exact	888	6791
sample	flat	sqlite	raw	exact	889	12125
sample	flat	sqlite	raw	exact	890	6209
sample	flat	sqlite	raw	exact	891	5708
sample	flat	sqlite	raw	exact	892	6084
sample	flat	sqlite	raw	exact	893	5667
sample	flat	sqlite	raw	exact	894	5834
sample	flat	sqlite	raw	exact	895	5583
sample	flat	sqlite	raw	exact	896	5500
sample	flat	sqlite	raw	exact	897	10292
sample	flat	sqlite	raw	exact	898	9709
sample	flat	sqlite	raw	exact	899	5541
sample	flat	sqlite	raw	exact	900	15375
sample	flat	sqlite	raw	exact	901	8417
sample	flat	sqlite	raw	exact	902	6208
sample	flat	sqlite	raw	exact	903	5666
sample	flat	sqlite	raw	exact	904	6625
sample	flat	sqlite	raw	exact	905	6250
sample	flat	sqlite	raw	exact	906	6417
sample	flat	sqlite	raw	exact	907	5875
sample	flat	sqlite	raw	exact	908	5750
sample	flat	sqlite	raw	exact	909	6083
sample	flat	sqlite	raw	exact	910	5709
sample	flat	sqlite	raw	exact	911	5875
sample	flat	sqlite	raw	exact	912	6166
sample	flat	sqlite	raw	exact	913	5333
sample	flat	sqlite	raw	exact	914	5667
sample	flat	sqlite	raw	exact	915	5834
sample	flat	sqlite	raw	exact	916	6333
sample	flat	sqlite	raw	exact	917	17375
sample	flat	sqlite	raw	exact	918	7000
sample	flat	sqlite	raw	exact	919	5916
sample	flat	sqlite	raw	exact	920	6250
sample	flat	sqlite	raw	exact	921	5500
sample	flat	sqlite	raw	exact	922	6417
sample	flat	sqlite	raw	exact	923	5542
sample	flat	sqlite	raw	exact	924	5583
sample	flat	sqlite	raw	exact	925	5500
sample	flat	sqlite	raw	exact	926	6125
sample	flat	sqlite	raw	exact	927	5959
sample	flat	sqlite	raw	exact	928	5959
sample	flat	sqlite	raw	exact	929	5500
sample	flat	sqlite	raw	exact	930	5500
sample	flat	sqlite	raw	exact	931	6000
sample	flat	sqlite	raw	exact	932	5625
sample	flat	sqlite	raw	exact	933	5500
sample	flat	sqlite	raw	exact	934	6500
sample	flat	sqlite	raw	exact	935	7500
sample	flat	sqlite	raw	exact	936	114333
sample	flat	sqlite	raw	exact	937	27959
sample	flat	sqlite	raw	exact	938	30500
sample	flat	sqlite	raw	exact	939	25209
sample	flat	sqlite	raw	exact	940	31875
sample	flat	sqlite	raw	exact	941	15875
sample	flat	sqlite	raw	exact	942	15333
sample	flat	sqlite	raw	exact	943	14292
sample	flat	sqlite	raw	exact	944	75709
sample	flat	sqlite	raw	exact	945	32334
sample	flat	sqlite	raw	exact	946	44125
sample	flat	sqlite	raw	exact	947	20208
sample	flat	sqlite	raw	exact	948	7292
sample	flat	sqlite	raw	exact	949	6708
sample	flat	sqlite	raw	exact	950	6500
sample	flat	sqlite	raw	exact	951	6250
sample	flat	sqlite	raw	exact	952	6500
sample	flat	sqlite	raw	exact	953	5833
sample	flat	sqlite	raw	exact	954	6042
sample	flat	sqlite	raw	exact	955	6041
sample	flat	sqlite	raw	exact	956	6250
sample	flat	sqlite	raw	exact	957	5916
sample	flat	sqlite	raw	exact	958	6458
sample	flat	sqlite	raw	exact	959	6041
sample	flat	sqlite	raw	exact	960	5417
sample	flat	sqlite	raw	exact	961	5833
sample	flat	sqlite	raw	exact	962	6333
sample	flat	sqlite	raw	exact	963	5375
sample	flat	sqlite	raw	exact	964	11208
sample	flat	sqlite	raw	exact	965	10917
sample	flat	sqlite	raw	exact	966	5500
sample	flat	sqlite	raw	exact	967	5500
sample	flat	sqlite	raw	exact	968	5417
sample	flat	sqlite	raw	exact	969	5667
sample	flat	sqlite	raw	exact	970	5458
sample	flat	sqlite	raw	exact	971	5417
sample	flat	sqlite	raw	exact	972	5709
sample	flat	sqlite	raw	exact	973	5583
sample	flat	sqlite	raw	exact	974	5875
sample	flat	sqlite	raw	exact	975	12500
sample	flat	sqlite	raw	exact	976	9875
sample	flat	sqlite	raw	exact	977	11292
sample	flat	sqlite	raw	exact	978	5958
sample	flat	sqlite	raw	exact	979	10250
sample	flat	sqlite	raw	exact	980	10125
sample	flat	sqlite	raw	exact	981	7375
sample	flat	sqlite	raw	exact	982	341750
sample	flat	sqlite	raw	exact	983	13542
sample	flat	sqlite	raw	exact	984	6667
sample	flat	sqlite	raw	exact	985	6167
sample	flat	sqlite	raw	exact	986	7250
sample	flat	sqlite	raw	exact	987	5584
sample	flat	sqlite	raw	exact	988	16458
sample	flat	sqlite	raw	exact	989	13000
sample	flat	sqlite	raw	exact	990	115791
sample	flat	sqlite	raw	exact	991	34500
sample	flat	sqlite	raw	exact	992	16833
sample	flat	sqlite	raw	exact	993	27916
sample	flat	sqlite	raw	exact	994	26292
sample	flat	sqlite	raw	exact	995	14417
sample	flat	sqlite	raw	exact	996	14125
sample	flat	sqlite	raw	exact	997	12792
sample	flat	sqlite	raw	exact	998	12916
sample	flat	sqlite	raw	exact	999	31000
sample	flat	sqlite	raw	prefix	0	37333
sample	flat	sqlite	raw	prefix	1	24208
sample	flat	sqlite	raw	prefix	2	1167583
sample	flat	sqlite	raw	prefix	3	560708
sample	flat	sqlite	raw	prefix	4	81917
sample	flat	sqlite	raw	prefix	5	15833
sample	flat	sqlite	raw	prefix	6	495667
sample	flat	sqlite	raw	prefix	7	694791
sample	flat	sqlite	raw	prefix	8	68542
sample	flat	sqlite	raw	prefix	9	15625
sample	flat	sqlite	raw	prefix	10	635208
sample	flat	sqlite	raw	prefix	11	672167
sample	flat	sqlite	raw	prefix	12	61541
sample	flat	sqlite	raw	prefix	13	11708
sample	flat	sqlite	raw	prefix	14	479458
sample	flat	sqlite	raw	prefix	15	533750
sample	flat	sqlite	raw	prefix	16	581666
sample	flat	sqlite	raw	prefix	17	32500
sample	flat	sqlite	raw	prefix	18	1879625
sample	flat	sqlite	raw	prefix	19	2295917
sample	flat	sqlite	raw	prefix	20	76583
sample	flat	sqlite	raw	prefix	21	12541
sample	flat	sqlite	raw	prefix	22	883875
sample	flat	sqlite	raw	prefix	23	530833
sample	flat	sqlite	raw	prefix	24	47000
sample	flat	sqlite	raw	prefix	25	13583
sample	flat	sqlite	raw	prefix	26	506583
sample	flat	sqlite	raw	prefix	27	802584
sample	flat	sqlite	raw	prefix	28	65708
sample	flat	sqlite	raw	prefix	29	11833
sample	flat	sqlite	raw	prefix	30	1954292
sample	flat	sqlite	raw	prefix	31	1858208
sample	flat	sqlite	raw	prefix	32	60250
sample	flat	sqlite	raw	prefix	33	14000
sample	flat	sqlite	raw	prefix	34	519833
sample	flat	sqlite	raw	prefix	35	557208
sample	flat	sqlite	raw	prefix	36	57458
sample	flat	sqlite	raw	prefix	37	12125
sample	flat	sqlite	raw	prefix	38	480833
sample	flat	sqlite	raw	prefix	39	522416
sample	flat	sqlite	raw	prefix	40	130500
sample	flat	sqlite	raw	prefix	41	92416
sample	flat	sqlite	raw	prefix	42	606625
sample	flat	sqlite	raw	prefix	43	518625
sample	flat	sqlite	raw	prefix	44	74333
sample	flat	sqlite	raw	prefix	45	16375
sample	flat	sqlite	raw	prefix	46	481916
sample	flat	sqlite	raw	prefix	47	517292
sample	flat	sqlite	raw	prefix	48	42375
sample	flat	sqlite	raw	prefix	49	13042
sample	flat	sqlite	raw	prefix	50	919917
sample	flat	sqlite	raw	prefix	51	1719041
sample	flat	sqlite	raw	prefix	52	56958
sample	flat	sqlite	raw	prefix	53	24000
sample	flat	sqlite	raw	prefix	54	486958
sample	flat	sqlite	raw	prefix	55	533125
sample	flat	sqlite	raw	prefix	56	45709
sample	flat	sqlite	raw	prefix	57	12792
sample	flat	sqlite	raw	prefix	58	469000
sample	flat	sqlite	raw	prefix	59	527625
sample	flat	sqlite	raw	prefix	60	58042
sample	flat	sqlite	raw	prefix	61	19958
sample	flat	sqlite	raw	prefix	62	475500
sample	flat	sqlite	raw	prefix	63	1621917
sample	flat	sqlite	raw	prefix	64	49958
sample	flat	sqlite	raw	prefix	65	14250
sample	flat	sqlite	raw	prefix	66	1428667
sample	flat	sqlite	raw	prefix	67	523167
sample	flat	sqlite	raw	prefix	68	61792
sample	flat	sqlite	raw	prefix	69	12541
sample	flat	sqlite	raw	prefix	70	476583
sample	flat	sqlite	raw	prefix	71	538041
sample	flat	sqlite	raw	prefix	72	39666
sample	flat	sqlite	raw	prefix	73	11917
sample	flat	sqlite	raw	prefix	74	472334
sample	flat	sqlite	raw	prefix	75	521750
sample	flat	sqlite	raw	prefix	76	55292
sample	flat	sqlite	raw	prefix	77	13541
sample	flat	sqlite	raw	prefix	78	478333
sample	flat	sqlite	raw	prefix	79	500583
sample	flat	sqlite	raw	prefix	80	43458
sample	flat	sqlite	raw	prefix	81	14750
sample	flat	sqlite	raw	prefix	82	1268708
sample	flat	sqlite	raw	prefix	83	537416
sample	flat	sqlite	raw	prefix	84	66667
sample	flat	sqlite	raw	prefix	85	12250
sample	flat	sqlite	raw	prefix	86	500375
sample	flat	sqlite	raw	prefix	87	841000
sample	flat	sqlite	raw	prefix	88	49833
sample	flat	sqlite	raw	prefix	89	13000
sample	flat	sqlite	raw	prefix	90	475250
sample	flat	sqlite	raw	prefix	91	556625
sample	flat	sqlite	raw	prefix	92	46875
sample	flat	sqlite	raw	prefix	93	11375
sample	flat	sqlite	raw	prefix	94	484084
sample	flat	sqlite	raw	prefix	95	528875
sample	flat	sqlite	raw	prefix	96	57417
sample	flat	sqlite	raw	prefix	97	13542
sample	flat	sqlite	raw	prefix	98	463083
sample	flat	sqlite	raw	prefix	99	989667
sample	flat	sqlite	raw	prefix	100	61125
sample	flat	sqlite	raw	prefix	101	13667
sample	flat	sqlite	raw	prefix	102	473041
sample	flat	sqlite	raw	prefix	103	987416
sample	flat	sqlite	raw	prefix	104	49625
sample	flat	sqlite	raw	prefix	105	11250
sample	flat	sqlite	raw	prefix	106	475000
sample	flat	sqlite	raw	prefix	107	523292
sample	flat	sqlite	raw	prefix	108	37750
sample	flat	sqlite	raw	prefix	109	10541
sample	flat	sqlite	raw	prefix	110	481083
sample	flat	sqlite	raw	prefix	111	642875
sample	flat	sqlite	raw	prefix	112	67125
sample	flat	sqlite	raw	prefix	113	30083
sample	flat	sqlite	raw	prefix	114	478458
sample	flat	sqlite	raw	prefix	115	656125
sample	flat	sqlite	raw	prefix	116	531167
sample	flat	sqlite	raw	prefix	117	51625
sample	flat	sqlite	raw	prefix	118	490541
sample	flat	sqlite	raw	prefix	119	541291
sample	flat	sqlite	raw	prefix	120	74250
sample	flat	sqlite	raw	prefix	121	14750
sample	flat	sqlite	raw	prefix	122	988959
sample	flat	sqlite	raw	prefix	123	846541
sample	flat	sqlite	raw	prefix	124	76792
sample	flat	sqlite	raw	prefix	125	24125
sample	flat	sqlite	raw	prefix	126	754875
sample	flat	sqlite	raw	prefix	127	1111166
sample	flat	sqlite	raw	prefix	128	196000
sample	flat	sqlite	raw	prefix	129	84041
sample	flat	sqlite	raw	prefix	130	1056166
sample	flat	sqlite	raw	prefix	131	525500
sample	flat	sqlite	raw	prefix	132	170583
sample	flat	sqlite	raw	prefix	133	79666
sample	flat	sqlite	raw	prefix	134	817792
sample	flat	sqlite	raw	prefix	135	594250
sample	flat	sqlite	raw	prefix	136	48167
sample	flat	sqlite	raw	prefix	137	13250
sample	flat	sqlite	raw	prefix	138	566375
sample	flat	sqlite	raw	prefix	139	503417
sample	flat	sqlite	raw	prefix	140	153167
sample	flat	sqlite	raw	prefix	141	20541
sample	flat	sqlite	raw	prefix	142	475125
sample	flat	sqlite	raw	prefix	143	493000
sample	flat	sqlite	raw	prefix	144	56000
sample	flat	sqlite	raw	prefix	145	14500
sample	flat	sqlite	raw	prefix	146	476125
sample	flat	sqlite	raw	prefix	147	527375
sample	flat	sqlite	raw	prefix	148	38750
sample	flat	sqlite	raw	prefix	149	9416
sample	flat	sqlite	raw	prefix	150	1644041
sample	flat	sqlite	raw	prefix	151	530917
sample	flat	sqlite	raw	prefix	152	76125
sample	flat	sqlite	raw	prefix	153	17125
sample	flat	sqlite	raw	prefix	154	477541
sample	flat	sqlite	raw	prefix	155	1209375
sample	flat	sqlite	raw	prefix	156	189292
sample	flat	sqlite	raw	prefix	157	53292
sample	flat	sqlite	raw	prefix	158	669333
sample	flat	sqlite	raw	prefix	159	529042
sample	flat	sqlite	raw	prefix	160	196500
sample	flat	sqlite	raw	prefix	161	68208
sample	flat	sqlite	raw	prefix	162	1053417
sample	flat	sqlite	raw	prefix	163	539166
sample	flat	sqlite	raw	prefix	164	63208
sample	flat	sqlite	raw	prefix	165	13500
sample	flat	sqlite	raw	prefix	166	482458
sample	flat	sqlite	raw	prefix	167	539625
sample	flat	sqlite	raw	prefix	168	74208
sample	flat	sqlite	raw	prefix	169	16750
sample	flat	sqlite	raw	prefix	170	488625
sample	flat	sqlite	raw	prefix	171	890833
sample	flat	sqlite	raw	prefix	172	107709
sample	flat	sqlite	raw	prefix	173	18333
sample	flat	sqlite	raw	prefix	174	472708
sample	flat	sqlite	raw	prefix	175	931500
sample	flat	sqlite	raw	prefix	176	74875
sample	flat	sqlite	raw	prefix	177	15500
sample	flat	sqlite	raw	prefix	178	481125
sample	flat	sqlite	raw	prefix	179	552000
sample	flat	sqlite	raw	prefix	180	88209
sample	flat	sqlite	raw	prefix	181	17375
sample	flat	sqlite	raw	prefix	182	480875
sample	flat	sqlite	raw	prefix	183	997625
sample	flat	sqlite	raw	prefix	184	163166
sample	flat	sqlite	raw	prefix	185	86416
sample	flat	sqlite	raw	prefix	186	927333
sample	flat	sqlite	raw	prefix	187	762917
sample	flat	sqlite	raw	prefix	188	57292
sample	flat	sqlite	raw	prefix	189	15208
sample	flat	sqlite	raw	prefix	190	861917
sample	flat	sqlite	raw	prefix	191	656375
sample	flat	sqlite	raw	prefix	192	56166
sample	flat	sqlite	raw	prefix	193	760666
sample	flat	sqlite	raw	prefix	194	500125
sample	flat	sqlite	raw	prefix	195	997708
sample	flat	sqlite	raw	prefix	196	54667
sample	flat	sqlite	raw	prefix	197	17084
sample	flat	sqlite	raw	prefix	198	476583
sample	flat	sqlite	raw	prefix	199	540917
sample	flat	sqlite	raw	prefix	200	65084
sample	flat	sqlite	raw	prefix	201	146084
sample	flat	sqlite	raw	prefix	202	798000
sample	flat	sqlite	raw	prefix	203	525875
sample	flat	sqlite	raw	prefix	204	39250
sample	flat	sqlite	raw	prefix	205	16250
sample	flat	sqlite	raw	prefix	206	556750
sample	flat	sqlite	raw	prefix	207	514209
sample	flat	sqlite	raw	prefix	208	58417
sample	flat	sqlite	raw	prefix	209	15167
sample	flat	sqlite	raw	prefix	210	645209
sample	flat	sqlite	raw	prefix	211	1004083
sample	flat	sqlite	raw	prefix	212	201500
sample	flat	sqlite	raw	prefix	213	86166
sample	flat	sqlite	raw	prefix	214	653292
sample	flat	sqlite	raw	prefix	215	733708
sample	flat	sqlite	raw	prefix	216	60833
sample	flat	sqlite	raw	prefix	217	19791
sample	flat	sqlite	raw	prefix	218	527125
sample	flat	sqlite	raw	prefix	219	649792
sample	flat	sqlite	raw	prefix	220	46250
sample	flat	sqlite	raw	prefix	221	16333
sample	flat	sqlite	raw	prefix	222	476042
sample	flat	sqlite	raw	prefix	223	530916
sample	flat	sqlite	raw	prefix	224	41125
sample	flat	sqlite	raw	prefix	225	11625
sample	flat	sqlite	raw	prefix	226	475208
sample	flat	sqlite	raw	prefix	227	532916
sample	flat	sqlite	raw	prefix	228	70667
sample	flat	sqlite	raw	prefix	229	13334
sample	flat	sqlite	raw	prefix	230	477792
sample	flat	sqlite	raw	prefix	231	609792
sample	flat	sqlite	raw	prefix	232	56417
sample	flat	sqlite	raw	prefix	233	16250
sample	flat	sqlite	raw	prefix	234	472291
sample	flat	sqlite	raw	prefix	235	851708
sample	flat	sqlite	raw	prefix	236	56209
sample	flat	sqlite	raw	prefix	237	11833
sample	flat	sqlite	raw	prefix	238	743542
sample	flat	sqlite	raw	prefix	239	908292
sample	flat	sqlite	raw	prefix	240	59500
sample	flat	sqlite	raw	prefix	241	16500
sample	flat	sqlite	raw	prefix	242	619042
sample	flat	sqlite	raw	prefix	243	531000
sample	flat	sqlite	raw	prefix	244	117084
sample	flat	sqlite	raw	prefix	245	107417
sample	flat	sqlite	raw	prefix	246	1120875
sample	flat	sqlite	raw	prefix	247	1782083
sample	flat	sqlite	raw	prefix	248	149416
sample	flat	sqlite	raw	prefix	249	100917
sample	flat	sqlite	raw	prefix	250	592042
sample	flat	sqlite	raw	prefix	251	1164833
sample	flat	sqlite	raw	prefix	252	118958
sample	flat	sqlite	raw	prefix	253	13417
sample	flat	sqlite	raw	prefix	254	484166
sample	flat	sqlite	raw	prefix	255	539542
sample	flat	sqlite	raw	prefix	256	152958
sample	flat	sqlite	raw	prefix	257	54625
sample	flat	sqlite	raw	prefix	258	786583
sample	flat	sqlite	raw	prefix	259	543458
sample	flat	sqlite	raw	prefix	260	88708
sample	flat	sqlite	raw	prefix	261	14250
sample	flat	sqlite	raw	prefix	262	491708
sample	flat	sqlite	raw	prefix	263	645167
sample	flat	sqlite	raw	prefix	264	51166
sample	flat	sqlite	raw	prefix	265	14584
sample	flat	sqlite	raw	prefix	266	1105375
sample	flat	sqlite	raw	prefix	267	1385708
sample	flat	sqlite	raw	prefix	268	168875
sample	flat	sqlite	raw	prefix	269	49750
sample	flat	sqlite	raw	prefix	270	752875
sample	flat	sqlite	raw	prefix	271	642208
sample	flat	sqlite	raw	prefix	272	66791
sample	flat	sqlite	raw	prefix	273	16417
sample	flat	sqlite	raw	prefix	274	987958
sample	flat	sqlite	raw	prefix	275	520917
sample	flat	sqlite	raw	prefix	276	59291
sample	flat	sqlite	raw	prefix	277	12625
sample	flat	sqlite	raw	prefix	278	535791
sample	flat	sqlite	raw	prefix	279	870750
sample	flat	sqlite	raw	prefix	280	62500
sample	flat	sqlite	raw	prefix	281	15459
sample	flat	sqlite	raw	prefix	282	470167
sample	flat	sqlite	raw	prefix	283	513084
sample	flat	sqlite	raw	prefix	284	50084
sample	flat	sqlite	raw	prefix	285	20958
sample	flat	sqlite	raw	prefix	286	461500
sample	flat	sqlite	raw	prefix	287	499833
sample	flat	sqlite	raw	prefix	288	82792
sample	flat	sqlite	raw	prefix	289	17416
sample	flat	sqlite	raw	prefix	290	471167
sample	flat	sqlite	raw	prefix	291	1205666
sample	flat	sqlite	raw	prefix	292	69416
sample	flat	sqlite	raw	prefix	293	12042
sample	flat	sqlite	raw	prefix	294	473792
sample	flat	sqlite	raw	prefix	295	943333
sample	flat	sqlite	raw	prefix	296	62375
sample	flat	sqlite	raw	prefix	297	72333
sample	flat	sqlite	raw	prefix	298	591333
sample	flat	sqlite	raw	prefix	299	1043291
sample	flat	sqlite	raw	prefix	300	65000
sample	flat	sqlite	raw	prefix	301	12208
sample	flat	sqlite	raw	prefix	302	477041
sample	flat	sqlite	raw	prefix	303	783583
sample	flat	sqlite	raw	prefix	304	83166
sample	flat	sqlite	raw	prefix	305	551625
sample	flat	sqlite	raw	prefix	306	628000
sample	flat	sqlite	raw	prefix	307	494583
sample	flat	sqlite	raw	prefix	308	61916
sample	flat	sqlite	raw	prefix	309	12375
sample	flat	sqlite	raw	prefix	310	483250
sample	flat	sqlite	raw	prefix	311	561959
sample	flat	sqlite	raw	prefix	312	80708
sample	flat	sqlite	raw	prefix	313	89417
sample	flat	sqlite	raw	prefix	314	523500
sample	flat	sqlite	raw	prefix	315	555250
sample	flat	sqlite	raw	prefix	316	58250
sample	flat	sqlite	raw	prefix	317	12625
sample	flat	sqlite	raw	prefix	318	726584
sample	flat	sqlite	raw	prefix	319	552125
sample	flat	sqlite	raw	prefix	320	51000
sample	flat	sqlite	raw	prefix	321	14125
sample	flat	sqlite	raw	prefix	322	656375
sample	flat	sqlite	raw	prefix	323	885084
sample	flat	sqlite	raw	prefix	324	61834
sample	flat	sqlite	raw	prefix	325	70291
sample	flat	sqlite	raw	prefix	326	771125
sample	flat	sqlite	raw	prefix	327	541250
sample	flat	sqlite	raw	prefix	328	35959
sample	flat	sqlite	raw	prefix	329	44792
sample	flat	sqlite	raw	prefix	330	1292750
sample	flat	sqlite	raw	prefix	331	642708
sample	flat	sqlite	raw	prefix	332	86000
sample	flat	sqlite	raw	prefix	333	15416
sample	flat	sqlite	raw	prefix	334	904667
sample	flat	sqlite	raw	prefix	335	576083
sample	flat	sqlite	raw	prefix	336	51125
sample	flat	sqlite	raw	prefix	337	14333
sample	flat	sqlite	raw	prefix	338	867250
sample	flat	sqlite	raw	prefix	339	552791
sample	flat	sqlite	raw	prefix	340	54958
sample	flat	sqlite	raw	prefix	341	13959
sample	flat	sqlite	raw	prefix	342	1044709
sample	flat	sqlite	raw	prefix	343	684417
sample	flat	sqlite	raw	prefix	344	73958
sample	flat	sqlite	raw	prefix	345	15083
sample	flat	sqlite	raw	prefix	346	952292
sample	flat	sqlite	raw	prefix	347	762583
sample	flat	sqlite	raw	prefix	348	62625
sample	flat	sqlite	raw	prefix	349	12958
sample	flat	sqlite	raw	prefix	350	484167
sample	flat	sqlite	raw	prefix	351	537292
sample	flat	sqlite	raw	prefix	352	51250
sample	flat	sqlite	raw	prefix	353	13417
sample	flat	sqlite	raw	prefix	354	479875
sample	flat	sqlite	raw	prefix	355	897042
sample	flat	sqlite	raw	prefix	356	48208
sample	flat	sqlite	raw	prefix	357	11750
sample	flat	sqlite	raw	prefix	358	461084
sample	flat	sqlite	raw	prefix	359	561875
sample	flat	sqlite	raw	prefix	360	68584
sample	flat	sqlite	raw	prefix	361	16458
sample	flat	sqlite	raw	prefix	362	768166
sample	flat	sqlite	raw	prefix	363	516750
sample	flat	sqlite	raw	prefix	364	69375
sample	flat	sqlite	raw	prefix	365	21583
sample	flat	sqlite	raw	prefix	366	474084
sample	flat	sqlite	raw	prefix	367	579333
sample	flat	sqlite	raw	prefix	368	42291
sample	flat	sqlite	raw	prefix	369	12250
sample	flat	sqlite	raw	prefix	370	480250
sample	flat	sqlite	raw	prefix	371	496292
sample	flat	sqlite	raw	prefix	372	55875
sample	flat	sqlite	raw	prefix	373	13083
sample	flat	sqlite	raw	prefix	374	1162666
sample	flat	sqlite	raw	prefix	375	531292
sample	flat	sqlite	raw	prefix	376	55167
sample	flat	sqlite	raw	prefix	377	13666
sample	flat	sqlite	raw	prefix	378	464292
sample	flat	sqlite	raw	prefix	379	1485500
sample	flat	sqlite	raw	prefix	380	165459
sample	flat	sqlite	raw	prefix	381	61042
sample	flat	sqlite	raw	prefix	382	1898584
sample	flat	sqlite	raw	prefix	383	537833
sample	flat	sqlite	raw	prefix	384	179666
sample	flat	sqlite	raw	prefix	385	107542
sample	flat	sqlite	raw	prefix	386	995708
sample	flat	sqlite	raw	prefix	387	1054583
sample	flat	sqlite	raw	prefix	388	59292
sample	flat	sqlite	raw	prefix	389	12375
sample	flat	sqlite	raw	prefix	390	467291
sample	flat	sqlite	raw	prefix	391	514834
sample	flat	sqlite	raw	prefix	392	59917
sample	flat	sqlite	raw	prefix	393	16167
sample	flat	sqlite	raw	prefix	394	473209
sample	flat	sqlite	raw	prefix	395	2529958
sample	flat	sqlite	raw	prefix	396	48209
sample	flat	sqlite	raw	prefix	397	10750
sample	flat	sqlite	raw	prefix	398	474167
sample	flat	sqlite	raw	prefix	399	588792
sample	flat	sqlite	raw	prefix	400	50125
sample	flat	sqlite	raw	prefix	401	13084
sample	flat	sqlite	raw	prefix	402	487084
sample	flat	sqlite	raw	prefix	403	512750
sample	flat	sqlite	raw	prefix	404	58333
sample	flat	sqlite	raw	prefix	405	12041
sample	flat	sqlite	raw	prefix	406	479541
sample	flat	sqlite	raw	prefix	407	525250
sample	flat	sqlite	raw	prefix	408	60042
sample	flat	sqlite	raw	prefix	409	20375
sample	flat	sqlite	raw	prefix	410	496250
sample	flat	sqlite	raw	prefix	411	2328875
sample	flat	sqlite	raw	prefix	412	75625
sample	flat	sqlite	raw	prefix	413	68459
sample	flat	sqlite	raw	prefix	414	2030291
sample	flat	sqlite	raw	prefix	415	1051209
sample	flat	sqlite	raw	prefix	416	113500
sample	flat	sqlite	raw	prefix	417	15375
sample	flat	sqlite	raw	prefix	418	496667
sample	flat	sqlite	raw	prefix	419	541292
sample	flat	sqlite	raw	prefix	420	57917
sample	flat	sqlite	raw	prefix	421	11375
sample	flat	sqlite	raw	prefix	422	463292
sample	flat	sqlite	raw	prefix	423	487583
sample	flat	sqlite	raw	prefix	424	69500
sample	flat	sqlite	raw	prefix	425	14917
sample	flat	sqlite	raw	prefix	426	483708
sample	flat	sqlite	raw	prefix	427	844833
sample	flat	sqlite	raw	prefix	428	190334
sample	flat	sqlite	raw	prefix	429	115750
sample	flat	sqlite	raw	prefix	430	1637250
sample	flat	sqlite	raw	prefix	431	518166
sample	flat	sqlite	raw	prefix	432	141791
sample	flat	sqlite	raw	prefix	433	28958
sample	flat	sqlite	raw	prefix	434	543125
sample	flat	sqlite	raw	prefix	435	906875
sample	flat	sqlite	raw	prefix	436	63250
sample	flat	sqlite	raw	prefix	437	16875
sample	flat	sqlite	raw	prefix	438	460291
sample	flat	sqlite	raw	prefix	439	575459
sample	flat	sqlite	raw	prefix	440	62250
sample	flat	sqlite	raw	prefix	441	14084
sample	flat	sqlite	raw	prefix	442	474250
sample	flat	sqlite	raw	prefix	443	573000
sample	flat	sqlite	raw	prefix	444	74167
sample	flat	sqlite	raw	prefix	445	13208
sample	flat	sqlite	raw	prefix	446	789750
sample	flat	sqlite	raw	prefix	447	1217459
sample	flat	sqlite	raw	prefix	448	68542
sample	flat	sqlite	raw	prefix	449	23084
sample	flat	sqlite	raw	prefix	450	1788959
sample	flat	sqlite	raw	prefix	451	621208
sample	flat	sqlite	raw	prefix	452	82875
sample	flat	sqlite	raw	prefix	453	15167
sample	flat	sqlite	raw	prefix	454	489042
sample	flat	sqlite	raw	prefix	455	604958
sample	flat	sqlite	raw	prefix	456	47125
sample	flat	sqlite	raw	prefix	457	16916
sample	flat	sqlite	raw	prefix	458	918292
sample	flat	sqlite	raw	prefix	459	504583
sample	flat	sqlite	raw	prefix	460	75709
sample	flat	sqlite	raw	prefix	461	12500
sample	flat	sqlite	raw	prefix	462	473708
sample	flat	sqlite	raw	prefix	463	1759625
sample	flat	sqlite	raw	prefix	464	66416
sample	flat	sqlite	raw	prefix	465	17167
sample	flat	sqlite	raw	prefix	466	481625
sample	flat	sqlite	raw	prefix	467	1130500
sample	flat	sqlite	raw	prefix	468	56167
sample	flat	sqlite	raw	prefix	469	16833
sample	flat	sqlite	raw	prefix	470	479167
sample	flat	sqlite	raw	prefix	471	520833
sample	flat	sqlite	raw	prefix	472	150000
sample	flat	sqlite	raw	prefix	473	60875
sample	flat	sqlite	raw	prefix	474	1943792
sample	flat	sqlite	raw	prefix	475	973125
sample	flat	sqlite	raw	prefix	476	69417
sample	flat	sqlite	raw	prefix	477	12750
sample	flat	sqlite	raw	prefix	478	640375
sample	flat	sqlite	raw	prefix	479	526667
sample	flat	sqlite	raw	prefix	480	70208
sample	flat	sqlite	raw	prefix	481	15291
sample	flat	sqlite	raw	prefix	482	491708
sample	flat	sqlite	raw	prefix	483	691833
sample	flat	sqlite	raw	prefix	484	40042
sample	flat	sqlite	raw	prefix	485	11042
sample	flat	sqlite	raw	prefix	486	485666
sample	flat	sqlite	raw	prefix	487	517916
sample	flat	sqlite	raw	prefix	488	193833
sample	flat	sqlite	raw	prefix	489	28292
sample	flat	sqlite	raw	prefix	490	483250
sample	flat	sqlite	raw	prefix	491	509041
sample	flat	sqlite	raw	prefix	492	60833
sample	flat	sqlite	raw	prefix	493	11458
sample	flat	sqlite	raw	prefix	494	474917
sample	flat	sqlite	raw	prefix	495	543125
sample	flat	sqlite	raw	prefix	496	62333
sample	flat	sqlite	raw	prefix	497	20666
sample	flat	sqlite	raw	prefix	498	503792
sample	flat	sqlite	raw	prefix	499	511000
sample	flat	sqlite	raw	prefix	500	55584
sample	flat	sqlite	raw	prefix	501	12458
sample	flat	sqlite	raw	prefix	502	482417
sample	flat	sqlite	raw	prefix	503	804459
sample	flat	sqlite	raw	prefix	504	68542
sample	flat	sqlite	raw	prefix	505	16166
sample	flat	sqlite	raw	prefix	506	480375
sample	flat	sqlite	raw	prefix	507	725125
sample	flat	sqlite	raw	prefix	508	67208
sample	flat	sqlite	raw	prefix	509	17083
sample	flat	sqlite	raw	prefix	510	976291
sample	flat	sqlite	raw	prefix	511	680500
sample	flat	sqlite	raw	prefix	512	69875
sample	flat	sqlite	raw	prefix	513	16250
sample	flat	sqlite	raw	prefix	514	478417
sample	flat	sqlite	raw	prefix	515	2079125
sample	flat	sqlite	raw	prefix	516	66458
sample	flat	sqlite	raw	prefix	517	12209
sample	flat	sqlite	raw	prefix	518	481459
sample	flat	sqlite	raw	prefix	519	517208
sample	flat	sqlite	raw	prefix	520	51833
sample	flat	sqlite	raw	prefix	521	13708
sample	flat	sqlite	raw	prefix	522	474375
sample	flat	sqlite	raw	prefix	523	1181542
sample	flat	sqlite	raw	prefix	524	48209
sample	flat	sqlite	raw	prefix	525	11166
sample	flat	sqlite	raw	prefix	526	474667
sample	flat	sqlite	raw	prefix	527	538542
sample	flat	sqlite	raw	prefix	528	166416
sample	flat	sqlite	raw	prefix	529	80125
sample	flat	sqlite	raw	prefix	530	1113166
sample	flat	sqlite	raw	prefix	531	565583
sample	flat	sqlite	raw	prefix	532	46250
sample	flat	sqlite	raw	prefix	533	11375
sample	flat	sqlite	raw	prefix	534	479458
sample	flat	sqlite	raw	prefix	535	738833
sample	flat	sqlite	raw	prefix	536	57333
sample	flat	sqlite	raw	prefix	537	15500
sample	flat	sqlite	raw	prefix	538	472208
sample	flat	sqlite	raw	prefix	539	516875
sample	flat	sqlite	raw	prefix	540	196417
sample	flat	sqlite	raw	prefix	541	91125
sample	flat	sqlite	raw	prefix	542	518792
sample	flat	sqlite	raw	prefix	543	1623500
sample	flat	sqlite	raw	prefix	544	56291
sample	flat	sqlite	raw	prefix	545	17958
sample	flat	sqlite	raw	prefix	546	472459
sample	flat	sqlite	raw	prefix	547	520541
sample	flat	sqlite	raw	prefix	548	160417
sample	flat	sqlite	raw	prefix	549	76125
sample	flat	sqlite	raw	prefix	550	2153667
sample	flat	sqlite	raw	prefix	551	536375
sample	flat	sqlite	raw	prefix	552	42333
sample	flat	sqlite	raw	prefix	553	10875
sample	flat	sqlite	raw	prefix	554	609542
sample	flat	sqlite	raw	prefix	555	675291
sample	flat	sqlite	raw	prefix	556	178541
sample	flat	sqlite	raw	prefix	557	90000
sample	flat	sqlite	raw	prefix	558	1521500
sample	flat	sqlite	raw	prefix	559	546875
sample	flat	sqlite	raw	prefix	560	69500
sample	flat	sqlite	raw	prefix	561	18667
sample	flat	sqlite	raw	prefix	562	1762417
sample	flat	sqlite	raw	prefix	563	584041
sample	flat	sqlite	raw	prefix	564	75542
sample	flat	sqlite	raw	prefix	565	58958
sample	flat	sqlite	raw	prefix	566	897334
sample	flat	sqlite	raw	prefix	567	545458
sample	flat	sqlite	raw	prefix	568	49750
sample	flat	sqlite	raw	prefix	569	21125
sample	flat	sqlite	raw	prefix	570	481916
sample	flat	sqlite	raw	prefix	571	571875
sample	flat	sqlite	raw	prefix	572	44167
sample	flat	sqlite	raw	prefix	573	12500
sample	flat	sqlite	raw	prefix	574	547375
sample	flat	sqlite	raw	prefix	575	699500
sample	flat	sqlite	raw	prefix	576	58417
sample	flat	sqlite	raw	prefix	577	496792
sample	flat	sqlite	raw	prefix	578	730041
sample	flat	sqlite	raw	prefix	579	728542
sample	flat	sqlite	raw	prefix	580	70458
sample	flat	sqlite	raw	prefix	581	13667
sample	flat	sqlite	raw	prefix	582	1109875
sample	flat	sqlite	raw	prefix	583	555542
sample	flat	sqlite	raw	prefix	584	139042
sample	flat	sqlite	raw	prefix	585	24500
sample	flat	sqlite	raw	prefix	586	478500
sample	flat	sqlite	raw	prefix	587	525041
sample	flat	sqlite	raw	prefix	588	153916
sample	flat	sqlite	raw	prefix	589	130125
sample	flat	sqlite	raw	prefix	590	2035250
sample	flat	sqlite	raw	prefix	591	884166
sample	flat	sqlite	raw	prefix	592	110792
sample	flat	sqlite	raw	prefix	593	23458
sample	flat	sqlite	raw	prefix	594	466417
sample	flat	sqlite	raw	prefix	595	1066042
sample	flat	sqlite	raw	prefix	596	69542
sample	flat	sqlite	raw	prefix	597	14750
sample	flat	sqlite	raw	prefix	598	479583
sample	flat	sqlite	raw	prefix	599	1546750
sample	flat	sqlite	raw	prefix	600	179459
sample	flat	sqlite	raw	prefix	601	21333
sample	flat	sqlite	raw	prefix	602	699166
sample	flat	sqlite	raw	prefix	603	632500
sample	flat	sqlite	raw	prefix	604	77208
sample	flat	sqlite	raw	prefix	605	12750
sample	flat	sqlite	raw	prefix	606	481000
sample	flat	sqlite	raw	prefix	607	865792
sample	flat	sqlite	raw	prefix	608	179708
sample	flat	sqlite	raw	prefix	609	92292
sample	flat	sqlite	raw	prefix	610	970792
sample	flat	sqlite	raw	prefix	611	679916
sample	flat	sqlite	raw	prefix	612	71042
sample	flat	sqlite	raw	prefix	613	13417
sample	flat	sqlite	raw	prefix	614	483042
sample	flat	sqlite	raw	prefix	615	822875
sample	flat	sqlite	raw	prefix	616	73958
sample	flat	sqlite	raw	prefix	617	16333
sample	flat	sqlite	raw	prefix	618	475750
sample	flat	sqlite	raw	prefix	619	726667
sample	flat	sqlite	raw	prefix	620	462750
sample	flat	sqlite	raw	prefix	621	147875
sample	flat	sqlite	raw	prefix	622	591875
sample	flat	sqlite	raw	prefix	623	543084
sample	flat	sqlite	raw	prefix	624	57125
sample	flat	sqlite	raw	prefix	625	14208
sample	flat	sqlite	raw	prefix	626	548833
sample	flat	sqlite	raw	prefix	627	862292
sample	flat	sqlite	raw	prefix	628	69583
sample	flat	sqlite	raw	prefix	629	12083
sample	flat	sqlite	raw	prefix	630	692834
sample	flat	sqlite	raw	prefix	631	1055667
sample	flat	sqlite	raw	prefix	632	50584
sample	flat	sqlite	raw	prefix	633	13667
sample	flat	sqlite	raw	prefix	634	583833
sample	flat	sqlite	raw	prefix	635	867958
sample	flat	sqlite	raw	prefix	636	189083
sample	flat	sqlite	raw	prefix	637	80500
sample	flat	sqlite	raw	prefix	638	573375
sample	flat	sqlite	raw	prefix	639	1295125
sample	flat	sqlite	raw	prefix	640	55625
sample	flat	sqlite	raw	prefix	641	15500
sample	flat	sqlite	raw	prefix	642	471292
sample	flat	sqlite	raw	prefix	643	532375
sample	flat	sqlite	raw	prefix	644	49000
sample	flat	sqlite	raw	prefix	645	11959
sample	flat	sqlite	raw	prefix	646	1145666
sample	flat	sqlite	raw	prefix	647	573042
sample	flat	sqlite	raw	prefix	648	64375
sample	flat	sqlite	raw	prefix	649	13542
sample	flat	sqlite	raw	prefix	650	469458
sample	flat	sqlite	raw	prefix	651	522333
sample	flat	sqlite	raw	prefix	652	73916
sample	flat	sqlite	raw	prefix	653	16500
sample	flat	sqlite	raw	prefix	654	666083
sample	flat	sqlite	raw	prefix	655	603083
sample	flat	sqlite	raw	prefix	656	49959
sample	flat	sqlite	raw	prefix	657	12292
sample	flat	sqlite	raw	prefix	658	486417
sample	flat	sqlite	raw	prefix	659	531375
sample	flat	sqlite	raw	prefix	660	50959
sample	flat	sqlite	raw	prefix	661	12792
sample	flat	sqlite	raw	prefix	662	477709
sample	flat	sqlite	raw	prefix	663	517666
sample	flat	sqlite	raw	prefix	664	54250
sample	flat	sqlite	raw	prefix	665	17208
sample	flat	sqlite	raw	prefix	666	599500
sample	flat	sqlite	raw	prefix	667	1852500
sample	flat	sqlite	raw	prefix	668	176292
sample	flat	sqlite	raw	prefix	669	80250
sample	flat	sqlite	raw	prefix	670	1154917
sample	flat	sqlite	raw	prefix	671	1038667
sample	flat	sqlite	raw	prefix	672	52959
sample	flat	sqlite	raw	prefix	673	20625
sample	flat	sqlite	raw	prefix	674	470833
sample	flat	sqlite	raw	prefix	675	511000
sample	flat	sqlite	raw	prefix	676	40125
sample	flat	sqlite	raw	prefix	677	10334
sample	flat	sqlite	raw	prefix	678	487875
sample	flat	sqlite	raw	prefix	679	723583
sample	flat	sqlite	raw	prefix	680	69875
sample	flat	sqlite	raw	prefix	681	15917
sample	flat	sqlite	raw	prefix	682	469917
sample	flat	sqlite	raw	prefix	683	1909000
sample	flat	sqlite	raw	prefix	684	64458
sample	flat	sqlite	raw	prefix	685	10792
sample	flat	sqlite	raw	prefix	686	1584042
sample	flat	sqlite	raw	prefix	687	566166
sample	flat	sqlite	raw	prefix	688	56917
sample	flat	sqlite	raw	prefix	689	19208
sample	flat	sqlite	raw	prefix	690	473708
sample	flat	sqlite	raw	prefix	691	519334
sample	flat	sqlite	raw	prefix	692	83875
sample	flat	sqlite	raw	prefix	693	16667
sample	flat	sqlite	raw	prefix	694	489875
sample	flat	sqlite	raw	prefix	695	546417
sample	flat	sqlite	raw	prefix	696	153000
sample	flat	sqlite	raw	prefix	697	63583
sample	flat	sqlite	raw	prefix	698	739916
sample	flat	sqlite	raw	prefix	699	1508250
sample	flat	sqlite	raw	prefix	700	66875
sample	flat	sqlite	raw	prefix	701	12209
sample	flat	sqlite	raw	prefix	702	470625
sample	flat	sqlite	raw	prefix	703	1729375
sample	flat	sqlite	raw	prefix	704	55458
sample	flat	sqlite	raw	prefix	705	13334
sample	flat	sqlite	raw	prefix	706	473000
sample	flat	sqlite	raw	prefix	707	494209
sample	flat	sqlite	raw	prefix	708	38833
sample	flat	sqlite	raw	prefix	709	13000
sample	flat	sqlite	raw	prefix	710	474333
sample	flat	sqlite	raw	prefix	711	531792
sample	flat	sqlite	raw	prefix	712	67833
sample	flat	sqlite	raw	prefix	713	19958
sample	flat	sqlite	raw	prefix	714	476208
sample	flat	sqlite	raw	prefix	715	1217250
sample	flat	sqlite	raw	prefix	716	85000
sample	flat	sqlite	raw	prefix	717	30125
sample	flat	sqlite	raw	prefix	718	1709917
sample	flat	sqlite	raw	prefix	719	1954584
sample	flat	sqlite	raw	prefix	720	67583
sample	flat	sqlite	raw	prefix	721	21833
sample	flat	sqlite	raw	prefix	722	493375
sample	flat	sqlite	raw	prefix	723	529417
sample	flat	sqlite	raw	prefix	724	231916
sample	flat	sqlite	raw	prefix	725	56167
sample	flat	sqlite	raw	prefix	726	1021709
sample	flat	sqlite	raw	prefix	727	568375
sample	flat	sqlite	raw	prefix	728	162416
sample	flat	sqlite	raw	prefix	729	26459
sample	flat	sqlite	raw	prefix	730	503000
sample	flat	sqlite	raw	prefix	731	1671291
sample	flat	sqlite	raw	prefix	732	90708
sample	flat	sqlite	raw	prefix	733	14417
sample	flat	sqlite	raw	prefix	734	1623125
sample	flat	sqlite	raw	prefix	735	716334
sample	flat	sqlite	raw	prefix	736	145875
sample	flat	sqlite	raw	prefix	737	68292
sample	flat	sqlite	raw	prefix	738	630459
sample	flat	sqlite	raw	prefix	739	750250
sample	flat	sqlite	raw	prefix	740	65875
sample	flat	sqlite	raw	prefix	741	16167
sample	flat	sqlite	raw	prefix	742	490000
sample	flat	sqlite	raw	prefix	743	519000
sample	flat	sqlite	raw	prefix	744	47959
sample	flat	sqlite	raw	prefix	745	15459
sample	flat	sqlite	raw	prefix	746	477666
sample	flat	sqlite	raw	prefix	747	513125
sample	flat	sqlite	raw	prefix	748	85750
sample	flat	sqlite	raw	prefix	749	15125
sample	flat	sqlite	raw	prefix	750	470916
sample	flat	sqlite	raw	prefix	751	1781625
sample	flat	sqlite	raw	prefix	752	58917
sample	flat	sqlite	raw	prefix	753	16625
sample	flat	sqlite	raw	prefix	754	973083
sample	flat	sqlite	raw	prefix	755	960875
sample	flat	sqlite	raw	prefix	756	75750
sample	flat	sqlite	raw	prefix	757	11083
sample	flat	sqlite	raw	prefix	758	474125
sample	flat	sqlite	raw	prefix	759	611333
sample	flat	sqlite	raw	prefix	760	62417
sample	flat	sqlite	raw	prefix	761	16792
sample	flat	sqlite	raw	prefix	762	479917
sample	flat	sqlite	raw	prefix	763	1275125
sample	flat	sqlite	raw	prefix	764	880500
sample	flat	sqlite	raw	prefix	765	108958
sample	flat	sqlite	raw	prefix	766	2163375
sample	flat	sqlite	raw	prefix	767	1114500
sample	flat	sqlite	raw	prefix	768	87125
sample	flat	sqlite	raw	prefix	769	21250
sample	flat	sqlite	raw	prefix	770	1061125
sample	flat	sqlite	raw	prefix	771	552208
sample	flat	sqlite	raw	prefix	772	48958
sample	flat	sqlite	raw	prefix	773	13125
sample	flat	sqlite	raw	prefix	774	482792
sample	flat	sqlite	raw	prefix	775	669417
sample	flat	sqlite	raw	prefix	776	80833
sample	flat	sqlite	raw	prefix	777	19084
sample	flat	sqlite	raw	prefix	778	476667
sample	flat	sqlite	raw	prefix	779	1322166
sample	flat	sqlite	raw	prefix	780	64959
sample	flat	sqlite	raw	prefix	781	12125
sample	flat	sqlite	raw	prefix	782	468584
sample	flat	sqlite	raw	prefix	783	514459
sample	flat	sqlite	raw	prefix	784	60250
sample	flat	sqlite	raw	prefix	785	14500
sample	flat	sqlite	raw	prefix	786	655792
sample	flat	sqlite	raw	prefix	787	541667
sample	flat	sqlite	raw	prefix	788	46834
sample	flat	sqlite	raw	prefix	789	10000
sample	flat	sqlite	raw	prefix	790	474666
sample	flat	sqlite	raw	prefix	791	520042
sample	flat	sqlite	raw	prefix	792	195833
sample	flat	sqlite	raw	prefix	793	23708
sample	flat	sqlite	raw	prefix	794	539667
sample	flat	sqlite	raw	prefix	795	531000
sample	flat	sqlite	raw	prefix	796	73958
sample	flat	sqlite	raw	prefix	797	17208
sample	flat	sqlite	raw	prefix	798	2020959
sample	flat	sqlite	raw	prefix	799	512542
sample	flat	sqlite	raw	prefix	800	66750
sample	flat	sqlite	raw	prefix	801	28458
sample	flat	sqlite	raw	prefix	802	482292
sample	flat	sqlite	raw	prefix	803	654000
sample	flat	sqlite	raw	prefix	804	57042
sample	flat	sqlite	raw	prefix	805	11500
sample	flat	sqlite	raw	prefix	806	470583
sample	flat	sqlite	raw	prefix	807	511000
sample	flat	sqlite	raw	prefix	808	60500
sample	flat	sqlite	raw	prefix	809	13625
sample	flat	sqlite	raw	prefix	810	470958
sample	flat	sqlite	raw	prefix	811	529833
sample	flat	sqlite	raw	prefix	812	68709
sample	flat	sqlite	raw	prefix	813	15041
sample	flat	sqlite	raw	prefix	814	473917
sample	flat	sqlite	raw	prefix	815	590583
sample	flat	sqlite	raw	prefix	816	66209
sample	flat	sqlite	raw	prefix	817	14792
sample	flat	sqlite	raw	prefix	818	827500
sample	flat	sqlite	raw	prefix	819	785917
sample	flat	sqlite	raw	prefix	820	70542
sample	flat	sqlite	raw	prefix	821	19042
sample	flat	sqlite	raw	prefix	822	482500
sample	flat	sqlite	raw	prefix	823	735208
sample	flat	sqlite	raw	prefix	824	52083
sample	flat	sqlite	raw	prefix	825	20000
sample	flat	sqlite	raw	prefix	826	573125
sample	flat	sqlite	raw	prefix	827	791250
sample	flat	sqlite	raw	prefix	828	173167
sample	flat	sqlite	raw	prefix	829	69875
sample	flat	sqlite	raw	prefix	830	577708
sample	flat	sqlite	raw	prefix	831	1677875
sample	flat	sqlite	raw	prefix	832	138917
sample	flat	sqlite	raw	prefix	833	64584
sample	flat	sqlite	raw	prefix	834	2710792
sample	flat	sqlite	raw	prefix	835	768208
sample	flat	sqlite	raw	prefix	836	72042
sample	flat	sqlite	raw	prefix	837	21000
sample	flat	sqlite	raw	prefix	838	481417
sample	flat	sqlite	raw	prefix	839	535709
sample	flat	sqlite	raw	prefix	840	59000
sample	flat	sqlite	raw	prefix	841	18500
sample	flat	sqlite	raw	prefix	842	741792
sample	flat	sqlite	raw	prefix	843	540541
sample	flat	sqlite	raw	prefix	844	194042
sample	flat	sqlite	raw	prefix	845	30000
sample	flat	sqlite	raw	prefix	846	2055833
sample	flat	sqlite	raw	prefix	847	1938375
sample	flat	sqlite	raw	prefix	848	64875
sample	flat	sqlite	raw	prefix	849	16791
sample	flat	sqlite	raw	prefix	850	698208
sample	flat	sqlite	raw	prefix	851	532708
sample	flat	sqlite	raw	prefix	852	78625
sample	flat	sqlite	raw	prefix	853	19917
sample	flat	sqlite	raw	prefix	854	480625
sample	flat	sqlite	raw	prefix	855	517875
sample	flat	sqlite	raw	prefix	856	37083
sample	flat	sqlite	raw	prefix	857	11250
sample	flat	sqlite	raw	prefix	858	1371417
sample	flat	sqlite	raw	prefix	859	524417
sample	flat	sqlite	raw	prefix	860	73792
sample	flat	sqlite	raw	prefix	861	14000
sample	flat	sqlite	raw	prefix	862	486084
sample	flat	sqlite	raw	prefix	863	562291
sample	flat	sqlite	raw	prefix	864	149000
sample	flat	sqlite	raw	prefix	865	58625
sample	flat	sqlite	raw	prefix	866	2437041
sample	flat	sqlite	raw	prefix	867	543542
sample	flat	sqlite	raw	prefix	868	72958
sample	flat	sqlite	raw	prefix	869	14125
sample	flat	sqlite	raw	prefix	870	476917
sample	flat	sqlite	raw	prefix	871	613667
sample	flat	sqlite	raw	prefix	872	80875
sample	flat	sqlite	raw	prefix	873	16375
sample	flat	sqlite	raw	prefix	874	482334
sample	flat	sqlite	raw	prefix	875	847334
sample	flat	sqlite	raw	prefix	876	51666
sample	flat	sqlite	raw	prefix	877	15667
sample	flat	sqlite	raw	prefix	878	2485375
sample	flat	sqlite	raw	prefix	879	529333
sample	flat	sqlite	raw	prefix	880	66708
sample	flat	sqlite	raw	prefix	881	17708
sample	flat	sqlite	raw	prefix	882	962667
sample	flat	sqlite	raw	prefix	883	523042
sample	flat	sqlite	raw	prefix	884	61833
sample	flat	sqlite	raw	prefix	885	12541
sample	flat	sqlite	raw	prefix	886	483042
sample	flat	sqlite	raw	prefix	887	750625
sample	flat	sqlite	raw	prefix	888	46583
sample	flat	sqlite	raw	prefix	889	14125
sample	flat	sqlite	raw	prefix	890	480750
sample	flat	sqlite	raw	prefix	891	574291
sample	flat	sqlite	raw	prefix	892	221916
sample	flat	sqlite	raw	prefix	893	173583
sample	flat	sqlite	raw	prefix	894	1148125
sample	flat	sqlite	raw	prefix	895	1442208
sample	flat	sqlite	raw	prefix	896	609459
sample	flat	sqlite	raw	prefix	897	79250
sample	flat	sqlite	raw	prefix	898	2569708
sample	flat	sqlite	raw	prefix	899	805917
sample	flat	sqlite	raw	prefix	900	65500
sample	flat	sqlite	raw	prefix	901	12083
sample	flat	sqlite	raw	prefix	902	508542
sample	flat	sqlite	raw	prefix	903	523583
sample	flat	sqlite	raw	prefix	904	56875
sample	flat	sqlite	raw	prefix	905	15042
sample	flat	sqlite	raw	prefix	906	458875
sample	flat	sqlite	raw	prefix	907	536916
sample	flat	sqlite	raw	prefix	908	70250
sample	flat	sqlite	raw	prefix	909	14833
sample	flat	sqlite	raw	prefix	910	490750
sample	flat	sqlite	raw	prefix	911	1600416
sample	flat	sqlite	raw	prefix	912	59250
sample	flat	sqlite	raw	prefix	913	16792
sample	flat	sqlite	raw	prefix	914	476458
sample	flat	sqlite	raw	prefix	915	514959
sample	flat	sqlite	raw	prefix	916	165417
sample	flat	sqlite	raw	prefix	917	83209
sample	flat	sqlite	raw	prefix	918	942167
sample	flat	sqlite	raw	prefix	919	535250
sample	flat	sqlite	raw	prefix	920	201875
sample	flat	sqlite	raw	prefix	921	39375
sample	flat	sqlite	raw	prefix	922	846541
sample	flat	sqlite	raw	prefix	923	799125
sample	flat	sqlite	raw	prefix	924	75333
sample	flat	sqlite	raw	prefix	925	18000
sample	flat	sqlite	raw	prefix	926	487000
sample	flat	sqlite	raw	prefix	927	508375
sample	flat	sqlite	raw	prefix	928	71333
sample	flat	sqlite	raw	prefix	929	19500
sample	flat	sqlite	raw	prefix	930	597417
sample	flat	sqlite	raw	prefix	931	529750
sample	flat	sqlite	raw	prefix	932	69458
sample	flat	sqlite	raw	prefix	933	12750
sample	flat	sqlite	raw	prefix	934	478333
sample	flat	sqlite	raw	prefix	935	1471917
sample	flat	sqlite	raw	prefix	936	459500
sample	flat	sqlite	raw	prefix	937	24875
sample	flat	sqlite	raw	prefix	938	571167
sample	flat	sqlite	raw	prefix	939	520458
sample	flat	sqlite	raw	prefix	940	2058458
sample	flat	sqlite	raw	prefix	941	136917
sample	flat	sqlite	raw	prefix	942	1248625
sample	flat	sqlite	raw	prefix	943	536084
sample	flat	sqlite	raw	prefix	944	91792
sample	flat	sqlite	raw	prefix	945	17709
sample	flat	sqlite	raw	prefix	946	474542
sample	flat	sqlite	raw	prefix	947	533250
sample	flat	sqlite	raw	prefix	948	51208
sample	flat	sqlite	raw	prefix	949	60833
sample	flat	sqlite	raw	prefix	950	1070167
sample	flat	sqlite	raw	prefix	951	579875
sample	flat	sqlite	raw	prefix	952	218959
sample	flat	sqlite	raw	prefix	953	56209
sample	flat	sqlite	raw	prefix	954	914334
sample	flat	sqlite	raw	prefix	955	1950125
sample	flat	sqlite	raw	prefix	956	45875
sample	flat	sqlite	raw	prefix	957	13083
sample	flat	sqlite	raw	prefix	958	471166
sample	flat	sqlite	raw	prefix	959	523500
sample	flat	sqlite	raw	prefix	960	58667
sample	flat	sqlite	raw	prefix	961	22125
sample	flat	sqlite	raw	prefix	962	472667
sample	flat	sqlite	raw	prefix	963	555250
sample	flat	sqlite	raw	prefix	964	68834
sample	flat	sqlite	raw	prefix	965	55625
sample	flat	sqlite	raw	prefix	966	472708
sample	flat	sqlite	raw	prefix	967	702625
sample	flat	sqlite	raw	prefix	968	199375
sample	flat	sqlite	raw	prefix	969	89125
sample	flat	sqlite	raw	prefix	970	1679250
sample	flat	sqlite	raw	prefix	971	1749958
sample	flat	sqlite	raw	prefix	972	66334
sample	flat	sqlite	raw	prefix	973	11292
sample	flat	sqlite	raw	prefix	974	1240916
sample	flat	sqlite	raw	prefix	975	1077958
sample	flat	sqlite	raw	prefix	976	59083
sample	flat	sqlite	raw	prefix	977	21000
sample	flat	sqlite	raw	prefix	978	476541
sample	flat	sqlite	raw	prefix	979	693250
sample	flat	sqlite	raw	prefix	980	192584
sample	flat	sqlite	raw	prefix	981	72792
sample	flat	sqlite	raw	prefix	982	959709
sample	flat	sqlite	raw	prefix	983	558375
sample	flat	sqlite	raw	prefix	984	59709
sample	flat	sqlite	raw	prefix	985	43750
sample	flat	sqlite	raw	prefix	986	490041
sample	flat	sqlite	raw	prefix	987	564458
sample	flat	sqlite	raw	prefix	988	276375
sample	flat	sqlite	raw	prefix	989	36333
sample	flat	sqlite	raw	prefix	990	471458
sample	flat	sqlite	raw	prefix	991	553583
sample	flat	sqlite	raw	prefix	992	50584
sample	flat	sqlite	raw	prefix	993	16125
sample	flat	sqlite	raw	prefix	994	488041
sample	flat	sqlite	raw	prefix	995	535916
sample	flat	sqlite	raw	prefix	996	47042
sample	flat	sqlite	raw	prefix	997	12708
sample	flat	sqlite	raw	prefix	998	480875
sample	flat	sqlite	raw	prefix	999	1070750
sample	flat	sqlite	raw	render	0	104250
sample	flat	sqlite	raw	render	1	28584
sample	flat	sqlite	raw	render	2	15583
sample	flat	sqlite	raw	render	3	13916
sample	flat	sqlite	raw	render	4	11875
sample	flat	sqlite	raw	render	5	27041
sample	flat	sqlite	raw	render	6	24875
sample	flat	sqlite	raw	render	7	24000
sample	flat	sqlite	raw	render	8	84125
sample	flat	sqlite	raw	render	9	18333
sample	flat	sqlite	raw	render	10	14583
sample	flat	sqlite	raw	render	11	15417
sample	flat	sqlite	raw	render	12	12834
sample	flat	sqlite	raw	render	13	12625
sample	flat	sqlite	raw	render	14	18417
sample	flat	sqlite	raw	render	15	11667
sample	flat	sqlite	raw	render	16	13167
sample	flat	sqlite	raw	render	17	20459
sample	flat	sqlite	raw	render	18	13208
sample	flat	sqlite	raw	render	19	11459
sample	flat	sqlite	raw	render	20	975417
sample	flat	sqlite	raw	render	21	51750
sample	flat	sqlite	raw	render	22	12333
sample	flat	sqlite	raw	render	23	12125
sample	flat	sqlite	raw	render	24	12292
sample	flat	sqlite	raw	render	25	41000
sample	flat	sqlite	raw	render	26	42084
sample	flat	sqlite	raw	render	27	7709
sample	flat	sqlite	raw	render	28	6417
sample	flat	sqlite	raw	render	29	7083
sample	flat	sqlite	raw	render	30	9292
sample	flat	sqlite	raw	render	31	6167
sample	flat	sqlite	raw	render	32	5709
sample	flat	sqlite	raw	render	33	5542
sample	flat	sqlite	raw	render	34	5292
sample	flat	sqlite	raw	render	35	5791
sample	flat	sqlite	raw	render	36	5500
sample	flat	sqlite	raw	render	37	5583
sample	flat	sqlite	raw	render	38	5541
sample	flat	sqlite	raw	render	39	78333
sample	flat	sqlite	raw	render	40	20417
sample	flat	sqlite	raw	render	41	13042
sample	flat	sqlite	raw	render	42	32208
sample	flat	sqlite	raw	render	43	12584
sample	flat	sqlite	raw	render	44	11833
sample	flat	sqlite	raw	render	45	12250
sample	flat	sqlite	raw	render	46	10959
sample	flat	sqlite	raw	render	47	11333
sample	flat	sqlite	raw	render	48	33041
sample	flat	sqlite	raw	render	49	26417
sample	flat	sqlite	raw	render	50	17875
sample	flat	sqlite	raw	render	51	12125
sample	flat	sqlite	raw	render	52	11083
sample	flat	sqlite	raw	render	53	11708
sample	flat	sqlite	raw	render	54	13333
sample	flat	sqlite	raw	render	55	15416
sample	flat	sqlite	raw	render	56	11750
sample	flat	sqlite	raw	render	57	10750
sample	flat	sqlite	raw	render	58	11125
sample	flat	sqlite	raw	render	59	10959
sample	flat	sqlite	raw	render	60	11000
sample	flat	sqlite	raw	render	61	10833
sample	flat	sqlite	raw	render	62	10417
sample	flat	sqlite	raw	render	63	10541
sample	flat	sqlite	raw	render	64	11292
sample	flat	sqlite	raw	render	65	11459
sample	flat	sqlite	raw	render	66	11125
sample	flat	sqlite	raw	render	67	10833
sample	flat	sqlite	raw	render	68	10667
sample	flat	sqlite	raw	render	69	10833
sample	flat	sqlite	raw	render	70	11000
sample	flat	sqlite	raw	render	71	10417
sample	flat	sqlite	raw	render	72	10334
sample	flat	sqlite	raw	render	73	10417
sample	flat	sqlite	raw	render	74	11708
sample	flat	sqlite	raw	render	75	11084
sample	flat	sqlite	raw	render	76	10292
sample	flat	sqlite	raw	render	77	11250
sample	flat	sqlite	raw	render	78	10708
sample	flat	sqlite	raw	render	79	10750
sample	flat	sqlite	raw	render	80	10417
sample	flat	sqlite	raw	render	81	11166
sample	flat	sqlite	raw	render	82	10500
sample	flat	sqlite	raw	render	83	10750
sample	flat	sqlite	raw	render	84	10459
sample	flat	sqlite	raw	render	85	10333
sample	flat	sqlite	raw	render	86	10417
sample	flat	sqlite	raw	render	87	10625
sample	flat	sqlite	raw	render	88	10833
sample	flat	sqlite	raw	render	89	10709
sample	flat	sqlite	raw	render	90	11084
sample	flat	sqlite	raw	render	91	10417
sample	flat	sqlite	raw	render	92	10292
sample	flat	sqlite	raw	render	93	11084
sample	flat	sqlite	raw	render	94	13666
sample	flat	sqlite	raw	render	95	11708
sample	flat	sqlite	raw	render	96	19209
sample	flat	sqlite	raw	render	97	11000
sample	flat	sqlite	raw	render	98	645334
sample	flat	sqlite	raw	render	99	65667
sample	flat	sqlite	raw	render	100	66750
sample	flat	sqlite	raw	render	101	13959
sample	flat	sqlite	raw	render	102	14042
sample	flat	sqlite	raw	render	103	13334
sample	flat	sqlite	raw	render	104	11917
sample	flat	sqlite	raw	render	105	12375
sample	flat	sqlite	raw	render	106	12667
sample	flat	sqlite	raw	render	107	12167
sample	flat	sqlite	raw	render	108	11750
sample	flat	sqlite	raw	render	109	13000
sample	flat	sqlite	raw	render	110	11292
sample	flat	sqlite	raw	render	111	10917
sample	flat	sqlite	raw	render	112	11500
sample	flat	sqlite	raw	render	113	10917
sample	flat	sqlite	raw	render	114	11125
sample	flat	sqlite	raw	render	115	10458
sample	flat	sqlite	raw	render	116	10333
sample	flat	sqlite	raw	render	117	10458
sample	flat	sqlite	raw	render	118	29000
sample	flat	sqlite	raw	render	119	11750
sample	flat	sqlite	raw	render	120	11042
sample	flat	sqlite	raw	render	121	11625
sample	flat	sqlite	raw	render	122	11667
sample	flat	sqlite	raw	render	123	20625
sample	flat	sqlite	raw	render	124	10875
sample	flat	sqlite	raw	render	125	11125
sample	flat	sqlite	raw	render	126	10583
sample	flat	sqlite	raw	render	127	11209
sample	flat	sqlite	raw	render	128	30625
sample	flat	sqlite	raw	render	129	11791
sample	flat	sqlite	raw	render	130	13458
sample	flat	sqlite	raw	render	131	10875
sample	flat	sqlite	raw	render	132	10417
sample	flat	sqlite	raw	render	133	11000
sample	flat	sqlite	raw	render	134	11208
sample	flat	sqlite	raw	render	135	23958
sample	flat	sqlite	raw	render	136	19042
sample	flat	sqlite	raw	render	137	11333
sample	flat	sqlite	raw	render	138	25750
sample	flat	sqlite	raw	render	139	7667
sample	flat	sqlite	raw	render	140	6542
sample	flat	sqlite	raw	render	141	5625
sample	flat	sqlite	raw	render	142	5792
sample	flat	sqlite	raw	render	143	6708
sample	flat	sqlite	raw	render	144	5875
sample	flat	sqlite	raw	render	145	10000
sample	flat	sqlite	raw	render	146	11250
sample	flat	sqlite	raw	render	147	10834
sample	flat	sqlite	raw	render	148	5292
sample	flat	sqlite	raw	render	149	5209
sample	flat	sqlite	raw	render	150	6167
sample	flat	sqlite	raw	render	151	5334
sample	flat	sqlite	raw	render	152	5542
sample	flat	sqlite	raw	render	153	9916
sample	flat	sqlite	raw	render	154	5208
sample	flat	sqlite	raw	render	155	5500
sample	flat	sqlite	raw	render	156	4875
sample	flat	sqlite	raw	render	157	5250
sample	flat	sqlite	raw	render	158	5250
sample	flat	sqlite	raw	render	159	5250
sample	flat	sqlite	raw	render	160	8666
sample	flat	sqlite	raw	render	161	5125
sample	flat	sqlite	raw	render	162	4875
sample	flat	sqlite	raw	render	163	5167
sample	flat	sqlite	raw	render	164	4833
sample	flat	sqlite	raw	render	165	5459
sample	flat	sqlite	raw	render	166	59875
sample	flat	sqlite	raw	render	167	14875
sample	flat	sqlite	raw	render	168	12334
sample	flat	sqlite	raw	render	169	12209
sample	flat	sqlite	raw	render	170	11167
sample	flat	sqlite	raw	render	171	11500
sample	flat	sqlite	raw	render	172	11583
sample	flat	sqlite	raw	render	173	11500
sample	flat	sqlite	raw	render	174	11166
sample	flat	sqlite	raw	render	175	12209
sample	flat	sqlite	raw	render	176	204333
sample	flat	sqlite	raw	render	177	17209
sample	flat	sqlite	raw	render	178	12417
sample	flat	sqlite	raw	render	179	11875
sample	flat	sqlite	raw	render	180	12583
sample	flat	sqlite	raw	render	181	12708
sample	flat	sqlite	raw	render	182	11416
sample	flat	sqlite	raw	render	183	10875
sample	flat	sqlite	raw	render	184	11292
sample	flat	sqlite	raw	render	185	11333
sample	flat	sqlite	raw	render	186	12042
sample	flat	sqlite	raw	render	187	15250
sample	flat	sqlite	raw	render	188	12250
sample	flat	sqlite	raw	render	189	12541
sample	flat	sqlite	raw	render	190	16125
sample	flat	sqlite	raw	render	191	15334
sample	flat	sqlite	raw	render	192	11208
sample	flat	sqlite	raw	render	193	11416
sample	flat	sqlite	raw	render	194	12083
sample	flat	sqlite	raw	render	195	11000
sample	flat	sqlite	raw	render	196	22208
sample	flat	sqlite	raw	render	197	12041
sample	flat	sqlite	raw	render	198	11334
sample	flat	sqlite	raw	render	199	15458
sample	flat	sqlite	raw	render	200	11667
sample	flat	sqlite	raw	render	201	10875
sample	flat	sqlite	raw	render	202	10833
sample	flat	sqlite	raw	render	203	10583
sample	flat	sqlite	raw	render	204	10542
sample	flat	sqlite	raw	render	205	10416
sample	flat	sqlite	raw	render	206	10709
sample	flat	sqlite	raw	render	207	10666
sample	flat	sqlite	raw	render	208	10500
sample	flat	sqlite	raw	render	209	10250
sample	flat	sqlite	raw	render	210	10458
sample	flat	sqlite	raw	render	211	10750
sample	flat	sqlite	raw	render	212	54209
sample	flat	sqlite	raw	render	213	17292
sample	flat	sqlite	raw	render	214	11500
sample	flat	sqlite	raw	render	215	12875
sample	flat	sqlite	raw	render	216	11042
sample	flat	sqlite	raw	render	217	11083
sample	flat	sqlite	raw	render	218	11709
sample	flat	sqlite	raw	render	219	10792
sample	flat	sqlite	raw	render	220	10959
sample	flat	sqlite	raw	render	221	10875
sample	flat	sqlite	raw	render	222	10833
sample	flat	sqlite	raw	render	223	11208
sample	flat	sqlite	raw	render	224	11458
sample	flat	sqlite	raw	render	225	13000
sample	flat	sqlite	raw	render	226	12375
sample	flat	sqlite	raw	render	227	11416
sample	flat	sqlite	raw	render	228	11250
sample	flat	sqlite	raw	render	229	11625
sample	flat	sqlite	raw	render	230	10625
sample	flat	sqlite	raw	render	231	14375
sample	flat	sqlite	raw	render	232	11166
sample	flat	sqlite	raw	render	233	12959
sample	flat	sqlite	raw	render	234	10750
sample	flat	sqlite	raw	render	235	10833
sample	flat	sqlite	raw	render	236	11250
sample	flat	sqlite	raw	render	237	11209
sample	flat	sqlite	raw	render	238	10542
sample	flat	sqlite	raw	render	239	11291
sample	flat	sqlite	raw	render	240	11583
sample	flat	sqlite	raw	render	241	11042
sample	flat	sqlite	raw	render	242	11625
sample	flat	sqlite	raw	render	243	11292
sample	flat	sqlite	raw	render	244	11333
sample	flat	sqlite	raw	render	245	11667
sample	flat	sqlite	raw	render	246	53084
sample	flat	sqlite	raw	render	247	17333
sample	flat	sqlite	raw	render	248	21792
sample	flat	sqlite	raw	render	249	29083
sample	flat	sqlite	raw	render	250	14583
sample	flat	sqlite	raw	render	251	36084
sample	flat	sqlite	raw	render	252	11917
sample	flat	sqlite	raw	render	253	11708
sample	flat	sqlite	raw	render	254	10709
sample	flat	sqlite	raw	render	255	11417
sample	flat	sqlite	raw	render	256	11084
sample	flat	sqlite	raw	render	257	11541
sample	flat	sqlite	raw	render	258	31250
sample	flat	sqlite	raw	render	259	26209
sample	flat	sqlite	raw	render	260	11250
sample	flat	sqlite	raw	render	261	10875
sample	flat	sqlite	raw	render	262	24583
sample	flat	sqlite	raw	render	263	30791
sample	flat	sqlite	raw	render	264	11375
sample	flat	sqlite	raw	render	265	11875
sample	flat	sqlite	raw	render	266	11167
sample	flat	sqlite	raw	render	267	45916
sample	flat	sqlite	raw	render	268	15833
sample	flat	sqlite	raw	render	269	21458
sample	flat	sqlite	raw	render	270	13916
sample	flat	sqlite	raw	render	271	12792
sample	flat	sqlite	raw	render	272	12833
sample	flat	sqlite	raw	render	273	11791
sample	flat	sqlite	raw	render	274	11750
sample	flat	sqlite	raw	render	275	11500
sample	flat	sqlite	raw	render	276	31416
sample	flat	sqlite	raw	render	277	14125
sample	flat	sqlite	raw	render	278	11917
sample	flat	sqlite	raw	render	279	24125
sample	flat	sqlite	raw	render	280	25583
sample	flat	sqlite	raw	render	281	11708
sample	flat	sqlite	raw	render	282	11584
sample	flat	sqlite	raw	render	283	23208
sample	flat	sqlite	raw	render	284	11625
sample	flat	sqlite	raw	render	285	11667
sample	flat	sqlite	raw	render	286	12000
sample	flat	sqlite	raw	render	287	31167
sample	flat	sqlite	raw	render	288	13500
sample	flat	sqlite	raw	render	289	11791
sample	flat	sqlite	raw	render	290	24166
sample	flat	sqlite	raw	render	291	12584
sample	flat	sqlite	raw	render	292	12166
sample	flat	sqlite	raw	render	293	11542
sample	flat	sqlite	raw	render	294	10417
sample	flat	sqlite	raw	render	295	13542
sample	flat	sqlite	raw	render	296	11000
sample	flat	sqlite	raw	render	297	10792
sample	flat	sqlite	raw	render	298	12042
sample	flat	sqlite	raw	render	299	11875
sample	flat	sqlite	raw	render	300	11417
sample	flat	sqlite	raw	render	301	10792
sample	flat	sqlite	raw	render	302	10958
sample	flat	sqlite	raw	render	303	10791
sample	flat	sqlite	raw	render	304	10791
sample	flat	sqlite	raw	render	305	153750
sample	flat	sqlite	raw	render	306	8167
sample	flat	sqlite	raw	render	307	5958
sample	flat	sqlite	raw	render	308	6167
sample	flat	sqlite	raw	render	309	6583
sample	flat	sqlite	raw	render	310	6000
sample	flat	sqlite	raw	render	311	5417
sample	flat	sqlite	raw	render	312	5250
sample	flat	sqlite	raw	render	313	36333
sample	flat	sqlite	raw	render	314	13667
sample	flat	sqlite	raw	render	315	13750
sample	flat	sqlite	raw	render	316	11375
sample	flat	sqlite	raw	render	317	11833
sample	flat	sqlite	raw	render	318	12417
sample	flat	sqlite	raw	render	319	12250
sample	flat	sqlite	raw	render	320	43000
sample	flat	sqlite	raw	render	321	26292
sample	flat	sqlite	raw	render	322	12583
sample	flat	sqlite	raw	render	323	13250
sample	flat	sqlite	raw	render	324	30959
sample	flat	sqlite	raw	render	325	20334
sample	flat	sqlite	raw	render	326	7291
sample	flat	sqlite	raw	render	327	6333
sample	flat	sqlite	raw	render	328	6208
sample	flat	sqlite	raw	render	329	5708
sample	flat	sqlite	raw	render	330	5791
sample	flat	sqlite	raw	render	331	5583
sample	flat	sqlite	raw	render	332	5458
sample	flat	sqlite	raw	render	333	5292
sample	flat	sqlite	raw	render	334	5458
sample	flat	sqlite	raw	render	335	5333
sample	flat	sqlite	raw	render	336	5166
sample	flat	sqlite	raw	render	337	4916
sample	flat	sqlite	raw	render	338	5083
sample	flat	sqlite	raw	render	339	5250
sample	flat	sqlite	raw	render	340	5292
sample	flat	sqlite	raw	render	341	5375
sample	flat	sqlite	raw	render	342	5458
sample	flat	sqlite	raw	render	343	5459
sample	flat	sqlite	raw	render	344	5667
sample	flat	sqlite	raw	render	345	6459
sample	flat	sqlite	raw	render	346	5792
sample	flat	sqlite	raw	render	347	6125
sample	flat	sqlite	raw	render	348	6292
sample	flat	sqlite	raw	render	349	5208
sample	flat	sqlite	raw	render	350	5125
sample	flat	sqlite	raw	render	351	6042
sample	flat	sqlite	raw	render	352	5417
sample	flat	sqlite	raw	render	353	56042
sample	flat	sqlite	raw	render	354	13500
sample	flat	sqlite	raw	render	355	12375
sample	flat	sqlite	raw	render	356	13791
sample	flat	sqlite	raw	render	357	11500
sample	flat	sqlite	raw	render	358	11541
sample	flat	sqlite	raw	render	359	12125
sample	flat	sqlite	raw	render	360	11375
sample	flat	sqlite	raw	render	361	11333
sample	flat	sqlite	raw	render	362	252666
sample	flat	sqlite	raw	render	363	16375
sample	flat	sqlite	raw	render	364	12292
sample	flat	sqlite	raw	render	365	11250
sample	flat	sqlite	raw	render	366	11458
sample	flat	sqlite	raw	render	367	1256500
sample	flat	sqlite	raw	render	368	10042
sample	flat	sqlite	raw	render	369	6125
sample	flat	sqlite	raw	render	370	6625
sample	flat	sqlite	raw	render	371	6500
sample	flat	sqlite	raw	render	372	6084
sample	flat	sqlite	raw	render	373	6083
sample	flat	sqlite	raw	render	374	5708
sample	flat	sqlite	raw	render	375	6417
sample	flat	sqlite	raw	render	376	5708
sample	flat	sqlite	raw	render	377	5584
sample	flat	sqlite	raw	render	378	5667
sample	flat	sqlite	raw	render	379	5417
sample	flat	sqlite	raw	render	380	5709
sample	flat	sqlite	raw	render	381	5959
sample	flat	sqlite	raw	render	382	4875
sample	flat	sqlite	raw	render	383	5000
sample	flat	sqlite	raw	render	384	5042
sample	flat	sqlite	raw	render	385	4750
sample	flat	sqlite	raw	render	386	4958
sample	flat	sqlite	raw	render	387	4833
sample	flat	sqlite	raw	render	388	6916
sample	flat	sqlite	raw	render	389	5292
sample	flat	sqlite	raw	render	390	6583
sample	flat	sqlite	raw	render	391	6000
sample	flat	sqlite	raw	render	392	5000
sample	flat	sqlite	raw	render	393	5083
sample	flat	sqlite	raw	render	394	5000
sample	flat	sqlite	raw	render	395	5042
sample	flat	sqlite	raw	render	396	5209
sample	flat	sqlite	raw	render	397	5834
sample	flat	sqlite	raw	render	398	5250
sample	flat	sqlite	raw	render	399	4834
sample	flat	sqlite	raw	render	400	7208
sample	flat	sqlite	raw	render	401	5292
sample	flat	sqlite	raw	render	402	4791
sample	flat	sqlite	raw	render	403	4958
sample	flat	sqlite	raw	render	404	4916
sample	flat	sqlite	raw	render	405	4708
sample	flat	sqlite	raw	render	406	5125
sample	flat	sqlite	raw	render	407	22000
sample	flat	sqlite	raw	render	408	7041
sample	flat	sqlite	raw	render	409	5583
sample	flat	sqlite	raw	render	410	5666
sample	flat	sqlite	raw	render	411	5750
sample	flat	sqlite	raw	render	412	5042
sample	flat	sqlite	raw	render	413	6167
sample	flat	sqlite	raw	render	414	6500
sample	flat	sqlite	raw	render	415	5167
sample	flat	sqlite	raw	render	416	5958
sample	flat	sqlite	raw	render	417	5333
sample	flat	sqlite	raw	render	418	4917
sample	flat	sqlite	raw	render	419	5291
sample	flat	sqlite	raw	render	420	4917
sample	flat	sqlite	raw	render	421	5125
sample	flat	sqlite	raw	render	422	4667
sample	flat	sqlite	raw	render	423	5125
sample	flat	sqlite	raw	render	424	4833
sample	flat	sqlite	raw	render	425	4875
sample	flat	sqlite	raw	render	426	5042
sample	flat	sqlite	raw	render	427	4958
sample	flat	sqlite	raw	render	428	5083
sample	flat	sqlite	raw	render	429	10667
sample	flat	sqlite	raw	render	430	9542
sample	flat	sqlite	raw	render	431	5292
sample	flat	sqlite	raw	render	432	5458
sample	flat	sqlite	raw	render	433	4917
sample	flat	sqlite	raw	render	434	5125
sample	flat	sqlite	raw	render	435	4875
sample	flat	sqlite	raw	render	436	4833
sample	flat	sqlite	raw	render	437	5584
sample	flat	sqlite	raw	render	438	4667
sample	flat	sqlite	raw	render	439	4959
sample	flat	sqlite	raw	render	440	4666
sample	flat	sqlite	raw	render	441	5500
sample	flat	sqlite	raw	render	442	11958
sample	flat	sqlite	raw	render	443	5625
sample	flat	sqlite	raw	render	444	5625
sample	flat	sqlite	raw	render	445	5041
sample	flat	sqlite	raw	render	446	4708
sample	flat	sqlite	raw	render	447	5167
sample	flat	sqlite	raw	render	448	4875
sample	flat	sqlite	raw	render	449	4959
sample	flat	sqlite	raw	render	450	4833
sample	flat	sqlite	raw	render	451	5083
sample	flat	sqlite	raw	render	452	5625
sample	flat	sqlite	raw	render	453	4833
sample	flat	sqlite	raw	render	454	4750
sample	flat	sqlite	raw	render	455	4708
sample	flat	sqlite	raw	render	456	4917
sample	flat	sqlite	raw	render	457	4875
sample	flat	sqlite	raw	render	458	5292
sample	flat	sqlite	raw	render	459	5375
sample	flat	sqlite	raw	render	460	4792
sample	flat	sqlite	raw	render	461	4667
sample	flat	sqlite	raw	render	462	5167
sample	flat	sqlite	raw	render	463	5583
sample	flat	sqlite	raw	render	464	5042
sample	flat	sqlite	raw	render	465	9375
sample	flat	sqlite	raw	render	466	5708
sample	flat	sqlite	raw	render	467	9292
sample	flat	sqlite	raw	render	468	5542
sample	flat	sqlite	raw	render	469	4875
sample	flat	sqlite	raw	render	470	4750
sample	flat	sqlite	raw	render	471	4875
sample	flat	sqlite	raw	render	472	6083
sample	flat	sqlite	raw	render	473	5500
sample	flat	sqlite	raw	render	474	4709
sample	flat	sqlite	raw	render	475	5041
sample	flat	sqlite	raw	render	476	4875
sample	flat	sqlite	raw	render	477	10542
sample	flat	sqlite	raw	render	478	10500
sample	flat	sqlite	raw	render	479	9667
sample	flat	sqlite	raw	render	480	9834
sample	flat	sqlite	raw	render	481	5125
sample	flat	sqlite	raw	render	482	4666
sample	flat	sqlite	raw	render	483	9333
sample	flat	sqlite	raw	render	484	9750
sample	flat	sqlite	raw	render	485	8708
sample	flat	sqlite	raw	render	486	5583
sample	flat	sqlite	raw	render	487	5625
sample	flat	sqlite	raw	render	488	4667
sample	flat	sqlite	raw	render	489	5542
sample	flat	sqlite	raw	render	490	5041
sample	flat	sqlite	raw	render	491	4958
sample	flat	sqlite	raw	render	492	5250
sample	flat	sqlite	raw	render	493	5625
sample	flat	sqlite	raw	render	494	5750
sample	flat	sqlite	raw	render	495	5208
sample	flat	sqlite	raw	render	496	5292
sample	flat	sqlite	raw	render	497	4959
sample	flat	sqlite	raw	render	498	5666
sample	flat	sqlite	raw	render	499	4875
sample	flat	sqlite	raw	render	500	5292
sample	flat	sqlite	raw	render	501	14042
sample	flat	sqlite	raw	render	502	10792
sample	flat	sqlite	raw	render	503	10958
sample	flat	sqlite	raw	render	504	12166
sample	flat	sqlite	raw	render	505	5708
sample	flat	sqlite	raw	render	506	5250
sample	flat	sqlite	raw	render	507	4833
sample	flat	sqlite	raw	render	508	4750
sample	flat	sqlite	raw	render	509	5125
sample	flat	sqlite	raw	render	510	5041
sample	flat	sqlite	raw	render	511	5667
sample	flat	sqlite	raw	render	512	5000
sample	flat	sqlite	raw	render	513	5625
sample	flat	sqlite	raw	render	514	5500
sample	flat	sqlite	raw	render	515	5250
sample	flat	sqlite	raw	render	516	12000
sample	flat	sqlite	raw	render	517	5292
sample	flat	sqlite	raw	render	518	4792
sample	flat	sqlite	raw	render	519	5000
sample	flat	sqlite	raw	render	520	4625
sample	flat	sqlite	raw	render	521	5042
sample	flat	sqlite	raw	render	522	4791
sample	flat	sqlite	raw	render	523	4875
sample	flat	sqlite	raw	render	524	5083
sample	flat	sqlite	raw	render	525	8792
sample	flat	sqlite	raw	render	526	5083
sample	flat	sqlite	raw	render	527	45500
sample	flat	sqlite	raw	render	528	29541
sample	flat	sqlite	raw	render	529	13458
sample	flat	sqlite	raw	render	530	12125
sample	flat	sqlite	raw	render	531	12583
sample	flat	sqlite	raw	render	532	12291
sample	flat	sqlite	raw	render	533	11875
sample	flat	sqlite	raw	render	534	11666
sample	flat	sqlite	raw	render	535	12750
sample	flat	sqlite	raw	render	536	46083
sample	flat	sqlite	raw	render	537	22667
sample	flat	sqlite	raw	render	538	11542
sample	flat	sqlite	raw	render	539	10750
sample	flat	sqlite	raw	render	540	11334
sample	flat	sqlite	raw	render	541	11542
sample	flat	sqlite	raw	render	542	11292
sample	flat	sqlite	raw	render	543	11542
sample	flat	sqlite	raw	render	544	11000
sample	flat	sqlite	raw	render	545	10792
sample	flat	sqlite	raw	render	546	10625
sample	flat	sqlite	raw	render	547	11750
sample	flat	sqlite	raw	render	548	10834
sample	flat	sqlite	raw	render	549	11792
sample	flat	sqlite	raw	render	550	27500
sample	flat	sqlite	raw	render	551	15167
sample	flat	sqlite	raw	render	552	12916
sample	flat	sqlite	raw	render	553	11584
sample	flat	sqlite	raw	render	554	11583
sample	flat	sqlite	raw	render	555	11333
sample	flat	sqlite	raw	render	556	60750
sample	flat	sqlite	raw	render	557	15667
sample	flat	sqlite	raw	render	558	12459
sample	flat	sqlite	raw	render	559	11708
sample	flat	sqlite	raw	render	560	12250
sample	flat	sqlite	raw	render	561	11708
sample	flat	sqlite	raw	render	562	11208
sample	flat	sqlite	raw	render	563	11417
sample	flat	sqlite	raw	render	564	10959
sample	flat	sqlite	raw	render	565	11458
sample	flat	sqlite	raw	render	566	10875
sample	flat	sqlite	raw	render	567	10750
sample	flat	sqlite	raw	render	568	11458
sample	flat	sqlite	raw	render	569	11209
sample	flat	sqlite	raw	render	570	11625
sample	flat	sqlite	raw	render	571	11500
sample	flat	sqlite	raw	render	572	10750
sample	flat	sqlite	raw	render	573	10583
sample	flat	sqlite	raw	render	574	10416
sample	flat	sqlite	raw	render	575	11167
sample	flat	sqlite	raw	render	576	10583
sample	flat	sqlite	raw	render	577	11417
sample	flat	sqlite	raw	render	578	10583
sample	flat	sqlite	raw	render	579	10625
sample	flat	sqlite	raw	render	580	10666
sample	flat	sqlite	raw	render	581	11000
sample	flat	sqlite	raw	render	582	11042
sample	flat	sqlite	raw	render	583	10459
sample	flat	sqlite	raw	render	584	10959
sample	flat	sqlite	raw	render	585	11083
sample	flat	sqlite	raw	render	586	51750
sample	flat	sqlite	raw	render	587	15709
sample	flat	sqlite	raw	render	588	12458
sample	flat	sqlite	raw	render	589	15542
sample	flat	sqlite	raw	render	590	13500
sample	flat	sqlite	raw	render	591	12000
sample	flat	sqlite	raw	render	592	12500
sample	flat	sqlite	raw	render	593	13583
sample	flat	sqlite	raw	render	594	12375
sample	flat	sqlite	raw	render	595	14833
sample	flat	sqlite	raw	render	596	12041
sample	flat	sqlite	raw	render	597	33167
sample	flat	sqlite	raw	render	598	14584
sample	flat	sqlite	raw	render	599	13333
sample	flat	sqlite	raw	render	600	11667
sample	flat	sqlite	raw	render	601	15084
sample	flat	sqlite	raw	render	602	12542
sample	flat	sqlite	raw	render	603	11000
sample	flat	sqlite	raw	render	604	10584
sample	flat	sqlite	raw	render	605	11541
sample	flat	sqlite	raw	render	606	11375
sample	flat	sqlite	raw	render	607	10875
sample	flat	sqlite	raw	render	608	11875
sample	flat	sqlite	raw	render	609	11000
sample	flat	sqlite	raw	render	610	11167
sample	flat	sqlite	raw	render	611	10875
sample	flat	sqlite	raw	render	612	11000
sample	flat	sqlite	raw	render	613	11375
sample	flat	sqlite	raw	render	614	11083
sample	flat	sqlite	raw	render	615	11542
sample	flat	sqlite	raw	render	616	10708
sample	flat	sqlite	raw	render	617	12209
sample	flat	sqlite	raw	render	618	11167
sample	flat	sqlite	raw	render	619	10917
sample	flat	sqlite	raw	render	620	10500
sample	flat	sqlite	raw	render	621	11333
sample	flat	sqlite	raw	render	622	10625
sample	flat	sqlite	raw	render	623	10500
sample	flat	sqlite	raw	render	624	10500
sample	flat	sqlite	raw	render	625	12375
sample	flat	sqlite	raw	render	626	11833
sample	flat	sqlite	raw	render	627	10875
sample	flat	sqlite	raw	render	628	11041
sample	flat	sqlite	raw	render	629	10875
sample	flat	sqlite	raw	render	630	11750
sample	flat	sqlite	raw	render	631	12083
sample	flat	sqlite	raw	render	632	10583
sample	flat	sqlite	raw	render	633	14709
sample	flat	sqlite	raw	render	634	10708
sample	flat	sqlite	raw	render	635	10791
sample	flat	sqlite	raw	render	636	10375
sample	flat	sqlite	raw	render	637	10541
sample	flat	sqlite	raw	render	638	10750
sample	flat	sqlite	raw	render	639	10667
sample	flat	sqlite	raw	render	640	10167
sample	flat	sqlite	raw	render	641	11000
sample	flat	sqlite	raw	render	642	11292
sample	flat	sqlite	raw	render	643	10708
sample	flat	sqlite	raw	render	644	10250
sample	flat	sqlite	raw	render	645	10542
sample	flat	sqlite	raw	render	646	34334
sample	flat	sqlite	raw	render	647	13583
sample	flat	sqlite	raw	render	648	11833
sample	flat	sqlite	raw	render	649	11208
sample	flat	sqlite	raw	render	650	11125
sample	flat	sqlite	raw	render	651	11250
sample	flat	sqlite	raw	render	652	11292
sample	flat	sqlite	raw	render	653	13667
sample	flat	sqlite	raw	render	654	11000
sample	flat	sqlite	raw	render	655	10958
sample	flat	sqlite	raw	render	656	11125
sample	flat	sqlite	raw	render	657	52584
sample	flat	sqlite	raw	render	658	13917
sample	flat	sqlite	raw	render	659	34250
sample	flat	sqlite	raw	render	660	16542
sample	flat	sqlite	raw	render	661	14250
sample	flat	sqlite	raw	render	662	14666
sample	flat	sqlite	raw	render	663	33083
sample	flat	sqlite	raw	render	664	11958
sample	flat	sqlite	raw	render	665	11791
sample	flat	sqlite	raw	render	666	33333
sample	flat	sqlite	raw	render	667	12792
sample	flat	sqlite	raw	render	668	12709
sample	flat	sqlite	raw	render	669	14542
sample	flat	sqlite	raw	render	670	11500
sample	flat	sqlite	raw	render	671	14541
sample	flat	sqlite	raw	render	672	12042
sample	flat	sqlite	raw	render	673	13208
sample	flat	sqlite	raw	render	674	33708
sample	flat	sqlite	raw	render	675	24667
sample	flat	sqlite	raw	render	676	47750
sample	flat	sqlite	raw	render	677	11625
sample	flat	sqlite	raw	render	678	11583
sample	flat	sqlite	raw	render	679	11958
sample	flat	sqlite	raw	render	680	11125
sample	flat	sqlite	raw	render	681	10750
sample	flat	sqlite	raw	render	682	31208
sample	flat	sqlite	raw	render	683	14667
sample	flat	sqlite	raw	render	684	12041
sample	flat	sqlite	raw	render	685	11792
sample	flat	sqlite	raw	render	686	11041
sample	flat	sqlite	raw	render	687	67333
sample	flat	sqlite	raw	render	688	12667
sample	flat	sqlite	raw	render	689	11917
sample	flat	sqlite	raw	render	690	11792
sample	flat	sqlite	raw	render	691	11375
sample	flat	sqlite	raw	render	692	11084
sample	flat	sqlite	raw	render	693	29084
sample	flat	sqlite	raw	render	694	12708
sample	flat	sqlite	raw	render	695	12583
sample	flat	sqlite	raw	render	696	11959
sample	flat	sqlite	raw	render	697	14250
sample	flat	sqlite	raw	render	698	11666
sample	flat	sqlite	raw	render	699	11500
sample	flat	sqlite	raw	render	700	11750
sample	flat	sqlite	raw	render	701	12125
sample	flat	sqlite	raw	render	702	11500
sample	flat	sqlite	raw	render	703	11834
sample	flat	sqlite	raw	render	704	11000
sample	flat	sqlite	raw	render	705	11625
sample	flat	sqlite	raw	render	706	11042
sample	flat	sqlite	raw	render	707	11791
sample	flat	sqlite	raw	render	708	11375
sample	flat	sqlite	raw	render	709	10792
sample	flat	sqlite	raw	render	710	28625
sample	flat	sqlite	raw	render	711	49833
sample	flat	sqlite	raw	render	712	13542
sample	flat	sqlite	raw	render	713	12250
sample	flat	sqlite	raw	render	714	12458
sample	flat	sqlite	raw	render	715	13000
sample	flat	sqlite	raw	render	716	11750
sample	flat	sqlite	raw	render	717	11333
sample	flat	sqlite	raw	render	718	11084
sample	flat	sqlite	raw	render	719	21959
sample	flat	sqlite	raw	render	720	7166
sample	flat	sqlite	raw	render	721	5750
sample	flat	sqlite	raw	render	722	5417
sample	flat	sqlite	raw	render	723	5834
sample	flat	sqlite	raw	render	724	5083
sample	flat	sqlite	raw	render	725	6209
sample	flat	sqlite	raw	render	726	8333
sample	flat	sqlite	raw	render	727	4917
sample	flat	sqlite	raw	render	728	5125
sample	flat	sqlite	raw	render	729	5000
sample	flat	sqlite	raw	render	730	5458
sample	flat	sqlite	raw	render	731	4875
sample	flat	sqlite	raw	render	732	4917
sample	flat	sqlite	raw	render	733	5166
sample	flat	sqlite	raw	render	734	4833
sample	flat	sqlite	raw	render	735	4833
sample	flat	sqlite	raw	render	736	4666
sample	flat	sqlite	raw	render	737	4834
sample	flat	sqlite	raw	render	738	5167
sample	flat	sqlite	raw	render	739	5250
sample	flat	sqlite	raw	render	740	5209
sample	flat	sqlite	raw	render	741	4959
sample	flat	sqlite	raw	render	742	5083
sample	flat	sqlite	raw	render	743	5250
sample	flat	sqlite	raw	render	744	14084
sample	flat	sqlite	raw	render	745	5375
sample	flat	sqlite	raw	render	746	4667
sample	flat	sqlite	raw	render	747	4584
sample	flat	sqlite	raw	render	748	4708
sample	flat	sqlite	raw	render	749	4667
sample	flat	sqlite	raw	render	750	5084
sample	flat	sqlite	raw	render	751	4833
sample	flat	sqlite	raw	render	752	4708
sample	flat	sqlite	raw	render	753	5166
sample	flat	sqlite	raw	render	754	48334
sample	flat	sqlite	raw	render	755	13500
sample	flat	sqlite	raw	render	756	23125
sample	flat	sqlite	raw	render	757	13666
sample	flat	sqlite	raw	render	758	12667
sample	flat	sqlite	raw	render	759	12125
sample	flat	sqlite	raw	render	760	39083
sample	flat	sqlite	raw	render	761	7959
sample	flat	sqlite	raw	render	762	6166
sample	flat	sqlite	raw	render	763	6083
sample	flat	sqlite	raw	render	764	5459
sample	flat	sqlite	raw	render	765	5875
sample	flat	sqlite	raw	render	766	6083
sample	flat	sqlite	raw	render	767	5375
sample	flat	sqlite	raw	render	768	5375
sample	flat	sqlite	raw	render	769	5625
sample	flat	sqlite	raw	render	770	13542
sample	flat	sqlite	raw	render	771	6333
sample	flat	sqlite	raw	render	772	5417
sample	flat	sqlite	raw	render	773	5375
sample	flat	sqlite	raw	render	774	4792
sample	flat	sqlite	raw	render	775	4792
sample	flat	sqlite	raw	render	776	5041
sample	flat	sqlite	raw	render	777	4750
sample	flat	sqlite	raw	render	778	5083
sample	flat	sqlite	raw	render	779	5500
sample	flat	sqlite	raw	render	780	4875
sample	flat	sqlite	raw	render	781	4792
sample	flat	sqlite	raw	render	782	4875
sample	flat	sqlite	raw	render	783	4709
sample	flat	sqlite	raw	render	784	4917
sample	flat	sqlite	raw	render	785	4917
sample	flat	sqlite	raw	render	786	4750
sample	flat	sqlite	raw	render	787	5042
sample	flat	sqlite	raw	render	788	4792
sample	flat	sqlite	raw	render	789	4708
sample	flat	sqlite	raw	render	790	5625
sample	flat	sqlite	raw	render	791	4833
sample	flat	sqlite	raw	render	792	4709
sample	flat	sqlite	raw	render	793	5416
sample	flat	sqlite	raw	render	794	5208
sample	flat	sqlite	raw	render	795	4958
sample	flat	sqlite	raw	render	796	4917
sample	flat	sqlite	raw	render	797	4875
sample	flat	sqlite	raw	render	798	4750
sample	flat	sqlite	raw	render	799	5334
sample	flat	sqlite	raw	render	800	4750
sample	flat	sqlite	raw	render	801	4917
sample	flat	sqlite	raw	render	802	6208
sample	flat	sqlite	raw	render	803	4833
sample	flat	sqlite	raw	render	804	4958
sample	flat	sqlite	raw	render	805	4708
sample	flat	sqlite	raw	render	806	4834
sample	flat	sqlite	raw	render	807	4708
sample	flat	sqlite	raw	render	808	4750
sample	flat	sqlite	raw	render	809	4875
sample	flat	sqlite	raw	render	810	4791
sample	flat	sqlite	raw	render	811	4750
sample	flat	sqlite	raw	render	812	4625
sample	flat	sqlite	raw	render	813	4917
sample	flat	sqlite	raw	render	814	4750
sample	flat	sqlite	raw	render	815	4750
sample	flat	sqlite	raw	render	816	4917
sample	flat	sqlite	raw	render	817	4875
sample	flat	sqlite	raw	render	818	5500
sample	flat	sqlite	raw	render	819	5167
sample	flat	sqlite	raw	render	820	4667
sample	flat	sqlite	raw	render	821	4709
sample	flat	sqlite	raw	render	822	4791
sample	flat	sqlite	raw	render	823	4667
sample	flat	sqlite	raw	render	824	4667
sample	flat	sqlite	raw	render	825	5375
sample	flat	sqlite	raw	render	826	5083
sample	flat	sqlite	raw	render	827	4667
sample	flat	sqlite	raw	render	828	4750
sample	flat	sqlite	raw	render	829	4709
sample	flat	sqlite	raw	render	830	4875
sample	flat	sqlite	raw	render	831	4792
sample	flat	sqlite	raw	render	832	4625
sample	flat	sqlite	raw	render	833	4708
sample	flat	sqlite	raw	render	834	5667
sample	flat	sqlite	raw	render	835	4708
sample	flat	sqlite	raw	render	836	4750
sample	flat	sqlite	raw	render	837	4833
sample	flat	sqlite	raw	render	838	4750
sample	flat	sqlite	raw	render	839	4916
sample	flat	sqlite	raw	render	840	4875
sample	flat	sqlite	raw	render	841	4833
sample	flat	sqlite	raw	render	842	4834
sample	flat	sqlite	raw	render	843	4792
sample	flat	sqlite	raw	render	844	5041
sample	flat	sqlite	raw	render	845	5584
sample	flat	sqlite	raw	render	846	4625
sample	flat	sqlite	raw	render	847	4792
sample	flat	sqlite	raw	render	848	4792
sample	flat	sqlite	raw	render	849	5000
sample	flat	sqlite	raw	render	850	4875
sample	flat	sqlite	raw	render	851	4875
sample	flat	sqlite	raw	render	852	5042
sample	flat	sqlite	raw	render	853	4875
sample	flat	sqlite	raw	render	854	5750
sample	flat	sqlite	raw	render	855	4750
sample	flat	sqlite	raw	render	856	4875
sample	flat	sqlite	raw	render	857	10375
sample	flat	sqlite	raw	render	858	5291
sample	flat	sqlite	raw	render	859	4916
sample	flat	sqlite	raw	render	860	4834
sample	flat	sqlite	raw	render	861	4875
sample	flat	sqlite	raw	render	862	4750
sample	flat	sqlite	raw	render	863	4583
sample	flat	sqlite	raw	render	864	4625
sample	flat	sqlite	raw	render	865	5375
sample	flat	sqlite	raw	render	866	4667
sample	flat	sqlite	raw	render	867	5167
sample	flat	sqlite	raw	render	868	10125
sample	flat	sqlite	raw	render	869	15667
sample	flat	sqlite	raw	render	870	9875
sample	flat	sqlite	raw	render	871	49000
sample	flat	sqlite	raw	render	872	28333
sample	flat	sqlite	raw	render	873	13291
sample	flat	sqlite	raw	render	874	13416
sample	flat	sqlite	raw	render	875	14750
sample	flat	sqlite	raw	render	876	11792
sample	flat	sqlite	raw	render	877	11375
sample	flat	sqlite	raw	render	878	13000
sample	flat	sqlite	raw	render	879	335375
sample	flat	sqlite	raw	render	880	46084
sample	flat	sqlite	raw	render	881	8292
sample	flat	sqlite	raw	render	882	7167
sample	flat	sqlite	raw	render	883	5958
sample	flat	sqlite	raw	render	884	6458
sample	flat	sqlite	raw	render	885	7042
sample	flat	sqlite	raw	render	886	5500
sample	flat	sqlite	raw	render	887	5666
sample	flat	sqlite	raw	render	888	6041
sample	flat	sqlite	raw	render	889	5917
sample	flat	sqlite	raw	render	890	5667
sample	flat	sqlite	raw	render	891	5875
sample	flat	sqlite	raw	render	892	12208
sample	flat	sqlite	raw	render	893	5209
sample	flat	sqlite	raw	render	894	5292
sample	flat	sqlite	raw	render	895	54958
sample	flat	sqlite	raw	render	896	22375
sample	flat	sqlite	raw	render	897	12917
sample	flat	sqlite	raw	render	898	16917
sample	flat	sqlite	raw	render	899	5959
sample	flat	sqlite	raw	render	900	5958
sample	flat	sqlite	raw	render	901	5292
sample	flat	sqlite	raw	render	902	19000
sample	flat	sqlite	raw	render	903	10875
sample	flat	sqlite	raw	render	904	5500
sample	flat	sqlite	raw	render	905	33209
sample	flat	sqlite	raw	render	906	54667
sample	flat	sqlite	raw	render	907	26000
sample	flat	sqlite	raw	render	908	7042
sample	flat	sqlite	raw	render	909	6292
sample	flat	sqlite	raw	render	910	5208
sample	flat	sqlite	raw	render	911	5542
sample	flat	sqlite	raw	render	912	5208
sample	flat	sqlite	raw	render	913	5708
sample	flat	sqlite	raw	render	914	5334
sample	flat	sqlite	raw	render	915	5041
sample	flat	sqlite	raw	render	916	5083
sample	flat	sqlite	raw	render	917	5083
sample	flat	sqlite	raw	render	918	5416
sample	flat	sqlite	raw	render	919	5291
sample	flat	sqlite	raw	render	920	5000
sample	flat	sqlite	raw	render	921	5042
sample	flat	sqlite	raw	render	922	5083
sample	flat	sqlite	raw	render	923	5083
sample	flat	sqlite	raw	render	924	4833
sample	flat	sqlite	raw	render	925	5083
sample	flat	sqlite	raw	render	926	5541
sample	flat	sqlite	raw	render	927	8875
sample	flat	sqlite	raw	render	928	4875
sample	flat	sqlite	raw	render	929	4958
sample	flat	sqlite	raw	render	930	5125
sample	flat	sqlite	raw	render	931	5958
sample	flat	sqlite	raw	render	932	4875
sample	flat	sqlite	raw	render	933	4750
sample	flat	sqlite	raw	render	934	4792
sample	flat	sqlite	raw	render	935	4750
sample	flat	sqlite	raw	render	936	5084
sample	flat	sqlite	raw	render	937	5791
sample	flat	sqlite	raw	render	938	5125
sample	flat	sqlite	raw	render	939	4750
sample	flat	sqlite	raw	render	940	5791
sample	flat	sqlite	raw	render	941	5417
sample	flat	sqlite	raw	render	942	5875
sample	flat	sqlite	raw	render	943	6042
sample	flat	sqlite	raw	render	944	5000
sample	flat	sqlite	raw	render	945	5250
sample	flat	sqlite	raw	render	946	5125
sample	flat	sqlite	raw	render	947	4834
sample	flat	sqlite	raw	render	948	4917
sample	flat	sqlite	raw	render	949	5000
sample	flat	sqlite	raw	render	950	5084
sample	flat	sqlite	raw	render	951	5375
sample	flat	sqlite	raw	render	952	5333
sample	flat	sqlite	raw	render	953	4875
sample	flat	sqlite	raw	render	954	4917
sample	flat	sqlite	raw	render	955	4666
sample	flat	sqlite	raw	render	956	4666
sample	flat	sqlite	raw	render	957	5250
sample	flat	sqlite	raw	render	958	4750
sample	flat	sqlite	raw	render	959	5084
sample	flat	sqlite	raw	render	960	4750
sample	flat	sqlite	raw	render	961	5292
sample	flat	sqlite	raw	render	962	5125
sample	flat	sqlite	raw	render	963	4833
sample	flat	sqlite	raw	render	964	4750
sample	flat	sqlite	raw	render	965	5084
sample	flat	sqlite	raw	render	966	4834
sample	flat	sqlite	raw	render	967	5125
sample	flat	sqlite	raw	render	968	4625
sample	flat	sqlite	raw	render	969	4875
sample	flat	sqlite	raw	render	970	4625
sample	flat	sqlite	raw	render	971	4875
sample	flat	sqlite	raw	render	972	4792
sample	flat	sqlite	raw	render	973	5083
sample	flat	sqlite	raw	render	974	4792
sample	flat	sqlite	raw	render	975	4916
sample	flat	sqlite	raw	render	976	4708
sample	flat	sqlite	raw	render	977	5542
sample	flat	sqlite	raw	render	978	4708
sample	flat	sqlite	raw	render	979	5000
sample	flat	sqlite	raw	render	980	4959
sample	flat	sqlite	raw	render	981	4875
sample	flat	sqlite	raw	render	982	4791
sample	flat	sqlite	raw	render	983	4833
sample	flat	sqlite	raw	render	984	4625
sample	flat	sqlite	raw	render	985	4791
sample	flat	sqlite	raw	render	986	5084
sample	flat	sqlite	raw	render	987	4833
sample	flat	sqlite	raw	render	988	4625
sample	flat	sqlite	raw	render	989	4792
sample	flat	sqlite	raw	render	990	4834
sample	flat	sqlite	raw	render	991	5875
sample	flat	sqlite	raw	render	992	4708
sample	flat	sqlite	raw	render	993	4666
sample	flat	sqlite	raw	render	994	4667
sample	flat	sqlite	raw	render	995	4709
sample	flat	sqlite	raw	render	996	4791
sample	flat	sqlite	raw	render	997	4750
sample	flat	sqlite	raw	render	998	33083
sample	flat	sqlite	raw	render	999	8250
result	flat	sqlite	raw	exact.p50_ns	6167
result	flat	sqlite	raw	exact.p95_ns	47541
result	flat	sqlite	raw	exact.p99_ns	115791
result	flat	sqlite	raw	prefix.p50_ns	467291
result	flat	sqlite	raw	prefix.p95_ns	1442208
result	flat	sqlite	raw	prefix.p99_ns	2079125
result	flat	sqlite	raw	render.p50_ns	10541
result	flat	sqlite	raw	render.p95_ns	31208
result	flat	sqlite	raw	render.p99_ns	78333
result	flat	sqlite	raw	exact.hit.p50_ns	6250
result	flat	sqlite	raw	exact.hit.p95_ns	48250
result	flat	sqlite	raw	exact.hit.p99_ns	122667
result	flat	sqlite	raw	exact.miss.p50_ns	5875
result	flat	sqlite	raw	exact.miss.p95_ns	45333
result	flat	sqlite	raw	exact.miss.p99_ns	88542
result	flat	sqlite	raw	prefix.zero.p50_ns	51250
result	flat	sqlite	raw	prefix.zero.p95_ns	179459
result	flat	sqlite	raw	prefix.zero.p99_ns	459500
result	flat	sqlite	raw	prefix.one.p50_ns	54667
result	flat	sqlite	raw	prefix.one.p95_ns	194042
result	flat	sqlite	raw	prefix.one.p99_ns	760666
result	flat	sqlite	raw	prefix.many.p50_ns	555250
result	flat	sqlite	raw	prefix.many.p95_ns	1788959
result	flat	sqlite	raw	prefix.many.p99_ns	2437041
result	flat	sqlite	raw	prefix.pathological.p50_ns	-
result	flat	sqlite	raw	prefix.pathological.p95_ns	-
result	flat	sqlite	raw	prefix.pathological.p99_ns	-
result	flat	sqlite	zlib	artifact_bytes	35597
unavailable	flat	sqlite	zlib	reason	SQLite cannot seek compressed pages without a decompression staging policy
result	flat	sqlite	zstd	artifact_bytes	24732
unavailable	flat	sqlite	zstd	reason	SQLite cannot seek compressed pages without a decompression staging policy
result	flat	stardict	raw	artifact_bytes	442777
result	flat	stardict	raw	build_ns	1557250
sample	flat	stardict	raw	open	0	934083
sample	flat	stardict	raw	open	1	1751166
sample	flat	stardict	raw	open	2	924125
sample	flat	stardict	raw	open	3	670500
sample	flat	stardict	raw	open	4	653000
sample	flat	stardict	raw	open	5	1431625
sample	flat	stardict	raw	open	6	957458
sample	flat	stardict	raw	open	7	673834
sample	flat	stardict	raw	open	8	641209
sample	flat	stardict	raw	open	9	1143875
sample	flat	stardict	raw	open	10	2725458
sample	flat	stardict	raw	open	11	1525250
sample	flat	stardict	raw	open	12	891250
sample	flat	stardict	raw	open	13	699500
sample	flat	stardict	raw	open	14	1956250
sample	flat	stardict	raw	open	15	750792
sample	flat	stardict	raw	open	16	1075250
sample	flat	stardict	raw	open	17	971042
sample	flat	stardict	raw	open	18	1133625
sample	flat	stardict	raw	open	19	948583
sample	flat	stardict	raw	open	20	1681916
sample	flat	stardict	raw	open	21	970125
sample	flat	stardict	raw	open	22	673709
sample	flat	stardict	raw	open	23	648833
sample	flat	stardict	raw	open	24	656416
result	flat	stardict	raw	open_ns	948583
result	flat	stardict	raw	semantic_digest	14813021753239549239
result	flat	stardict	raw	query_checksum	15472329982066036572
result	flat	stardict	raw	outputs	1024875
result	flat	stardict	raw	logical_prose_bytes	394154
sample	flat	stardict	raw	exact	0	1166
sample	flat	stardict	raw	exact	1	667
sample	flat	stardict	raw	exact	2	1125
sample	flat	stardict	raw	exact	3	542
sample	flat	stardict	raw	exact	4	1000
sample	flat	stardict	raw	exact	5	458
sample	flat	stardict	raw	exact	6	834
sample	flat	stardict	raw	exact	7	625
sample	flat	stardict	raw	exact	8	1208
sample	flat	stardict	raw	exact	9	417
sample	flat	stardict	raw	exact	10	12167
sample	flat	stardict	raw	exact	11	18417
sample	flat	stardict	raw	exact	12	3917
sample	flat	stardict	raw	exact	13	1958
sample	flat	stardict	raw	exact	14	1291
sample	flat	stardict	raw	exact	15	1000
sample	flat	stardict	raw	exact	16	1583
sample	flat	stardict	raw	exact	17	708
sample	flat	stardict	raw	exact	18	5625
sample	flat	stardict	raw	exact	19	1458
sample	flat	stardict	raw	exact	20	4541
sample	flat	stardict	raw	exact	21	2375
sample	flat	stardict	raw	exact	22	3416
sample	flat	stardict	raw	exact	23	1458
sample	flat	stardict	raw	exact	24	3125
sample	flat	stardict	raw	exact	25	1209
sample	flat	stardict	raw	exact	26	3042
sample	flat	stardict	raw	exact	27	1292
sample	flat	stardict	raw	exact	28	3125
sample	flat	stardict	raw	exact	29	875
sample	flat	stardict	raw	exact	30	1958
sample	flat	stardict	raw	exact	31	1250
sample	flat	stardict	raw	exact	32	2667
sample	flat	stardict	raw	exact	33	1042
sample	flat	stardict	raw	exact	34	2334
sample	flat	stardict	raw	exact	35	833
sample	flat	stardict	raw	exact	36	2458
sample	flat	stardict	raw	exact	37	666
sample	flat	stardict	raw	exact	38	1333
sample	flat	stardict	raw	exact	39	667
sample	flat	stardict	raw	exact	40	1417
sample	flat	stardict	raw	exact	41	458
sample	flat	stardict	raw	exact	42	1333
sample	flat	stardict	raw	exact	43	417
sample	flat	stardict	raw	exact	44	917
sample	flat	stardict	raw	exact	45	458
sample	flat	stardict	raw	exact	46	958
sample	flat	stardict	raw	exact	47	584
sample	flat	stardict	raw	exact	48	1209
sample	flat	stardict	raw	exact	49	334
sample	flat	stardict	raw	exact	50	1375
sample	flat	stardict	raw	exact	51	458
sample	flat	stardict	raw	exact	52	1291
sample	flat	stardict	raw	exact	53	458
sample	flat	stardict	raw	exact	54	1042
sample	flat	stardict	raw	exact	55	542
sample	flat	stardict	raw	exact	56	1416
sample	flat	stardict	raw	exact	57	375
sample	flat	stardict	raw	exact	58	1000
sample	flat	stardict	raw	exact	59	417
sample	flat	stardict	raw	exact	60	708
sample	flat	stardict	raw	exact	61	416
sample	flat	stardict	raw	exact	62	875
sample	flat	stardict	raw	exact	63	583
sample	flat	stardict	raw	exact	64	958
sample	flat	stardict	raw	exact	65	375
sample	flat	stardict	raw	exact	66	750
sample	flat	stardict	raw	exact	67	417
sample	flat	stardict	raw	exact	68	708
sample	flat	stardict	raw	exact	69	416
sample	flat	stardict	raw	exact	70	708
sample	flat	stardict	raw	exact	71	542
sample	flat	stardict	raw	exact	72	875
sample	flat	stardict	raw	exact	73	375
sample	flat	stardict	raw	exact	74	708
sample	flat	stardict	raw	exact	75	416
sample	flat	stardict	raw	exact	76	792
sample	flat	stardict	raw	exact	77	417
sample	flat	stardict	raw	exact	78	916
sample	flat	stardict	raw	exact	79	2250
sample	flat	stardict	raw	exact	80	1542
sample	flat	stardict	raw	exact	81	458
sample	flat	stardict	raw	exact	82	1333
sample	flat	stardict	raw	exact	83	458
sample	flat	stardict	raw	exact	84	1084
sample	flat	stardict	raw	exact	85	458
sample	flat	stardict	raw	exact	86	10833
sample	flat	stardict	raw	exact	87	1750
sample	flat	stardict	raw	exact	88	4708
sample	flat	stardict	raw	exact	89	68666
sample	flat	stardict	raw	exact	90	1834
sample	flat	stardict	raw	exact	91	625
sample	flat	stardict	raw	exact	92	1250
sample	flat	stardict	raw	exact	93	417
sample	flat	stardict	raw	exact	94	1333
sample	flat	stardict	raw	exact	95	666
sample	flat	stardict	raw	exact	96	1500
sample	flat	stardict	raw	exact	97	584
sample	flat	stardict	raw	exact	98	1042
sample	flat	stardict	raw	exact	99	417
sample	flat	stardict	raw	exact	100	1291
sample	flat	stardict	raw	exact	101	416
sample	flat	stardict	raw	exact	102	1375
sample	flat	stardict	raw	exact	103	542
sample	flat	stardict	raw	exact	104	1333
sample	flat	stardict	raw	exact	105	375
sample	flat	stardict	raw	exact	106	1333
sample	flat	stardict	raw	exact	107	417
sample	flat	stardict	raw	exact	108	1208
sample	flat	stardict	raw	exact	109	417
sample	flat	stardict	raw	exact	110	1208
sample	flat	stardict	raw	exact	111	583
sample	flat	stardict	raw	exact	112	1375
sample	flat	stardict	raw	exact	113	375
sample	flat	stardict	raw	exact	114	1041
sample	flat	stardict	raw	exact	115	458
sample	flat	stardict	raw	exact	116	1500
sample	flat	stardict	raw	exact	117	416
sample	flat	stardict	raw	exact	118	1209
sample	flat	stardict	raw	exact	119	542
sample	flat	stardict	raw	exact	120	542
sample	flat	stardict	raw	exact	121	417
sample	flat	stardict	raw	exact	122	667
sample	flat	stardict	raw	exact	123	500
sample	flat	stardict	raw	exact	124	792
sample	flat	stardict	raw	exact	125	417
sample	flat	stardict	raw	exact	126	1084
sample	flat	stardict	raw	exact	127	584
sample	flat	stardict	raw	exact	128	917
sample	flat	stardict	raw	exact	129	375
sample	flat	stardict	raw	exact	130	750
sample	flat	stardict	raw	exact	131	417
sample	flat	stardict	raw	exact	132	667
sample	flat	stardict	raw	exact	133	375
sample	flat	stardict	raw	exact	134	833
sample	flat	stardict	raw	exact	135	542
sample	flat	stardict	raw	exact	136	791
sample	flat	stardict	raw	exact	137	333
sample	flat	stardict	raw	exact	138	750
sample	flat	stardict	raw	exact	139	458
sample	flat	stardict	raw	exact	140	750
sample	flat	stardict	raw	exact	141	375
sample	flat	stardict	raw	exact	142	875
sample	flat	stardict	raw	exact	143	625
sample	flat	stardict	raw	exact	144	1458
sample	flat	stardict	raw	exact	145	375
sample	flat	stardict	raw	exact	146	833
sample	flat	stardict	raw	exact	147	458
sample	flat	stardict	raw	exact	148	667
sample	flat	stardict	raw	exact	149	375
sample	flat	stardict	raw	exact	150	709
sample	flat	stardict	raw	exact	151	584
sample	flat	stardict	raw	exact	152	875
sample	flat	stardict	raw	exact	153	375
sample	flat	stardict	raw	exact	154	791
sample	flat	stardict	raw	exact	155	417
sample	flat	stardict	raw	exact	156	666
sample	flat	stardict	raw	exact	157	375
sample	flat	stardict	raw	exact	158	709
sample	flat	stardict	raw	exact	159	625
sample	flat	stardict	raw	exact	160	1042
sample	flat	stardict	raw	exact	161	375
sample	flat	stardict	raw	exact	162	834
sample	flat	stardict	raw	exact	163	500
sample	flat	stardict	raw	exact	164	750
sample	flat	stardict	raw	exact	165	5417
sample	flat	stardict	raw	exact	166	5000
sample	flat	stardict	raw	exact	167	2500
sample	flat	stardict	raw	exact	168	2750
sample	flat	stardict	raw	exact	169	1959
sample	flat	stardict	raw	exact	170	1583
sample	flat	stardict	raw	exact	171	708
sample	flat	stardict	raw	exact	172	1042
sample	flat	stardict	raw	exact	173	500
sample	flat	stardict	raw	exact	174	3084
sample	flat	stardict	raw	exact	175	1167
sample	flat	stardict	raw	exact	176	1625
sample	flat	stardict	raw	exact	177	459
sample	flat	stardict	raw	exact	178	1458
sample	flat	stardict	raw	exact	179	458
sample	flat	stardict	raw	exact	180	750
sample	flat	stardict	raw	exact	181	417
sample	flat	stardict	raw	exact	182	1542
sample	flat	stardict	raw	exact	183	625
sample	flat	stardict	raw	exact	184	1792
sample	flat	stardict	raw	exact	185	375
sample	flat	stardict	raw	exact	186	1459
sample	flat	stardict	raw	exact	187	458
sample	flat	stardict	raw	exact	188	1625
sample	flat	stardict	raw	exact	189	375
sample	flat	stardict	raw	exact	190	1583
sample	flat	stardict	raw	exact	191	583
sample	flat	stardict	raw	exact	192	1292
sample	flat	stardict	raw	exact	193	458
sample	flat	stardict	raw	exact	194	2042
sample	flat	stardict	raw	exact	195	417
sample	flat	stardict	raw	exact	196	1042
sample	flat	stardict	raw	exact	197	375
sample	flat	stardict	raw	exact	198	1334
sample	flat	stardict	raw	exact	199	625
sample	flat	stardict	raw	exact	200	1292
sample	flat	stardict	raw	exact	201	375
sample	flat	stardict	raw	exact	202	1083
sample	flat	stardict	raw	exact	203	2250
sample	flat	stardict	raw	exact	204	8042
sample	flat	stardict	raw	exact	205	2041
sample	flat	stardict	raw	exact	206	3250
sample	flat	stardict	raw	exact	207	3250
sample	flat	stardict	raw	exact	208	3291
sample	flat	stardict	raw	exact	209	1250
sample	flat	stardict	raw	exact	210	2208
sample	flat	stardict	raw	exact	211	916
sample	flat	stardict	raw	exact	212	2917
sample	flat	stardict	raw	exact	213	917
sample	flat	stardict	raw	exact	214	2416
sample	flat	stardict	raw	exact	215	1541
sample	flat	stardict	raw	exact	216	2458
sample	flat	stardict	raw	exact	217	1208
sample	flat	stardict	raw	exact	218	2375
sample	flat	stardict	raw	exact	219	2333
sample	flat	stardict	raw	exact	220	1959
sample	flat	stardict	raw	exact	221	459
sample	flat	stardict	raw	exact	222	1625
sample	flat	stardict	raw	exact	223	792
sample	flat	stardict	raw	exact	224	1542
sample	flat	stardict	raw	exact	225	709
sample	flat	stardict	raw	exact	226	1125
sample	flat	stardict	raw	exact	227	458
sample	flat	stardict	raw	exact	228	1542
sample	flat	stardict	raw	exact	229	416
sample	flat	stardict	raw	exact	230	1334
sample	flat	stardict	raw	exact	231	5625
sample	flat	stardict	raw	exact	232	3500
sample	flat	stardict	raw	exact	233	1500
sample	flat	stardict	raw	exact	234	2750
sample	flat	stardict	raw	exact	235	1000
sample	flat	stardict	raw	exact	236	2875
sample	flat	stardict	raw	exact	237	1042
sample	flat	stardict	raw	exact	238	2458
sample	flat	stardict	raw	exact	239	3291
sample	flat	stardict	raw	exact	240	2166
sample	flat	stardict	raw	exact	241	3625
sample	flat	stardict	raw	exact	242	3334
sample	flat	stardict	raw	exact	243	2042
sample	flat	stardict	raw	exact	244	2916
sample	flat	stardict	raw	exact	245	750
sample	flat	stardict	raw	exact	246	1125
sample	flat	stardict	raw	exact	247	917
sample	flat	stardict	raw	exact	248	1167
sample	flat	stardict	raw	exact	249	417
sample	flat	stardict	raw	exact	250	1250
sample	flat	stardict	raw	exact	251	459
sample	flat	stardict	raw	exact	252	875
sample	flat	stardict	raw	exact	253	458
sample	flat	stardict	raw	exact	254	959
sample	flat	stardict	raw	exact	255	666
sample	flat	stardict	raw	exact	256	1166
sample	flat	stardict	raw	exact	257	417
sample	flat	stardict	raw	exact	258	1084
sample	flat	stardict	raw	exact	259	500
sample	flat	stardict	raw	exact	260	875
sample	flat	stardict	raw	exact	261	459
sample	flat	stardict	raw	exact	262	1291
sample	flat	stardict	raw	exact	263	583
sample	flat	stardict	raw	exact	264	1208
sample	flat	stardict	raw	exact	265	416
sample	flat	stardict	raw	exact	266	917
sample	flat	stardict	raw	exact	267	541
sample	flat	stardict	raw	exact	268	1167
sample	flat	stardict	raw	exact	269	417
sample	flat	stardict	raw	exact	270	792
sample	flat	stardict	raw	exact	271	625
sample	flat	stardict	raw	exact	272	1000
sample	flat	stardict	raw	exact	273	375
sample	flat	stardict	raw	exact	274	750
sample	flat	stardict	raw	exact	275	458
sample	flat	stardict	raw	exact	276	875
sample	flat	stardict	raw	exact	277	416
sample	flat	stardict	raw	exact	278	792
sample	flat	stardict	raw	exact	279	9750
sample	flat	stardict	raw	exact	280	4542
sample	flat	stardict	raw	exact	281	2333
sample	flat	stardict	raw	exact	282	2583
sample	flat	stardict	raw	exact	283	1625
sample	flat	stardict	raw	exact	284	2250
sample	flat	stardict	raw	exact	285	1208
sample	flat	stardict	raw	exact	286	2542
sample	flat	stardict	raw	exact	287	3417
sample	flat	stardict	raw	exact	288	3542
sample	flat	stardict	raw	exact	289	1333
sample	flat	stardict	raw	exact	290	2792
sample	flat	stardict	raw	exact	291	2292
sample	flat	stardict	raw	exact	292	2375
sample	flat	stardict	raw	exact	293	958
sample	flat	stardict	raw	exact	294	12959
sample	flat	stardict	raw	exact	295	1459
sample	flat	stardict	raw	exact	296	2292
sample	flat	stardict	raw	exact	297	1208
sample	flat	stardict	raw	exact	298	2292
sample	flat	stardict	raw	exact	299	1083
sample	flat	stardict	raw	exact	300	3916
sample	flat	stardict	raw	exact	301	1083
sample	flat	stardict	raw	exact	302	3208
sample	flat	stardict	raw	exact	303	1750
sample	flat	stardict	raw	exact	304	3500
sample	flat	stardict	raw	exact	305	2541
sample	flat	stardict	raw	exact	306	3125
sample	flat	stardict	raw	exact	307	1000
sample	flat	stardict	raw	exact	308	2083
sample	flat	stardict	raw	exact	309	2084
sample	flat	stardict	raw	exact	310	3458
sample	flat	stardict	raw	exact	311	1500
sample	flat	stardict	raw	exact	312	2750
sample	flat	stardict	raw	exact	313	1000
sample	flat	stardict	raw	exact	314	2333
sample	flat	stardict	raw	exact	315	834
sample	flat	stardict	raw	exact	316	2625
sample	flat	stardict	raw	exact	317	1750
sample	flat	stardict	raw	exact	318	2750
sample	flat	stardict	raw	exact	319	1542
sample	flat	stardict	raw	exact	320	3000
sample	flat	stardict	raw	exact	321	1000
sample	flat	stardict	raw	exact	322	2875
sample	flat	stardict	raw	exact	323	1708
sample	flat	stardict	raw	exact	324	3125
sample	flat	stardict	raw	exact	325	875
sample	flat	stardict	raw	exact	326	2959
sample	flat	stardict	raw	exact	327	10292
sample	flat	stardict	raw	exact	328	3250
sample	flat	stardict	raw	exact	329	1250
sample	flat	stardict	raw	exact	330	4458
sample	flat	stardict	raw	exact	331	1125
sample	flat	stardict	raw	exact	332	2833
sample	flat	stardict	raw	exact	333	959
sample	flat	stardict	raw	exact	334	2542
sample	flat	stardict	raw	exact	335	1500
sample	flat	stardict	raw	exact	336	3583
sample	flat	stardict	raw	exact	337	1250
sample	flat	stardict	raw	exact	338	3417
sample	flat	stardict	raw	exact	339	1375
sample	flat	stardict	raw	exact	340	4917
sample	flat	stardict	raw	exact	341	1500
sample	flat	stardict	raw	exact	342	3458
sample	flat	stardict	raw	exact	343	3958
sample	flat	stardict	raw	exact	344	4334
sample	flat	stardict	raw	exact	345	2542
sample	flat	stardict	raw	exact	346	3208
sample	flat	stardict	raw	exact	347	2042
sample	flat	stardict	raw	exact	348	2125
sample	flat	stardict	raw	exact	349	4208
sample	flat	stardict	raw	exact	350	3375
sample	flat	stardict	raw	exact	351	1083
sample	flat	stardict	raw	exact	352	1209
sample	flat	stardict	raw	exact	353	1000
sample	flat	stardict	raw	exact	354	1709
sample	flat	stardict	raw	exact	355	500
sample	flat	stardict	raw	exact	356	1500
sample	flat	stardict	raw	exact	357	417
sample	flat	stardict	raw	exact	358	1959
sample	flat	stardict	raw	exact	359	584
sample	flat	stardict	raw	exact	360	1292
sample	flat	stardict	raw	exact	361	458
sample	flat	stardict	raw	exact	362	1041
sample	flat	stardict	raw	exact	363	459
sample	flat	stardict	raw	exact	364	1334
sample	flat	stardict	raw	exact	365	416
sample	flat	stardict	raw	exact	366	10167
sample	flat	stardict	raw	exact	367	2917
sample	flat	stardict	raw	exact	368	2875
sample	flat	stardict	raw	exact	369	542
sample	flat	stardict	raw	exact	370	1708
sample	flat	stardict	raw	exact	371	667
sample	flat	stardict	raw	exact	372	1541
sample	flat	stardict	raw	exact	373	417
sample	flat	stardict	raw	exact	374	1334
sample	flat	stardict	raw	exact	375	833
sample	flat	stardict	raw	exact	376	1417
sample	flat	stardict	raw	exact	377	416
sample	flat	stardict	raw	exact	378	917
sample	flat	stardict	raw	exact	379	500
sample	flat	stardict	raw	exact	380	1042
sample	flat	stardict	raw	exact	381	458
sample	flat	stardict	raw	exact	382	1167
sample	flat	stardict	raw	exact	383	625
sample	flat	stardict	raw	exact	384	1292
sample	flat	stardict	raw	exact	385	375
sample	flat	stardict	raw	exact	386	1000
sample	flat	stardict	raw	exact	387	458
sample	flat	stardict	raw	exact	388	1000
sample	flat	stardict	raw	exact	389	417
sample	flat	stardict	raw	exact	390	1000
sample	flat	stardict	raw	exact	391	625
sample	flat	stardict	raw	exact	392	958
sample	flat	stardict	raw	exact	393	375
sample	flat	stardict	raw	exact	394	875
sample	flat	stardict	raw	exact	395	500
sample	flat	stardict	raw	exact	396	1458
sample	flat	stardict	raw	exact	397	417
sample	flat	stardict	raw	exact	398	792
sample	flat	stardict	raw	exact	399	625
sample	flat	stardict	raw	exact	400	1250
sample	flat	stardict	raw	exact	401	4584
sample	flat	stardict	raw	exact	402	4916
sample	flat	stardict	raw	exact	403	11042
sample	flat	stardict	raw	exact	404	2417
sample	flat	stardict	raw	exact	405	1584
sample	flat	stardict	raw	exact	406	3875
sample	flat	stardict	raw	exact	407	2542
sample	flat	stardict	raw	exact	408	2792
sample	flat	stardict	raw	exact	409	750
sample	flat	stardict	raw	exact	410	1375
sample	flat	stardict	raw	exact	411	625
sample	flat	stardict	raw	exact	412	1459
sample	flat	stardict	raw	exact	413	458
sample	flat	stardict	raw	exact	414	1250
sample	flat	stardict	raw	exact	415	875
sample	flat	stardict	raw	exact	416	1333
sample	flat	stardict	raw	exact	417	375
sample	flat	stardict	raw	exact	418	1208
sample	flat	stardict	raw	exact	419	500
sample	flat	stardict	raw	exact	420	1000
sample	flat	stardict	raw	exact	421	500
sample	flat	stardict	raw	exact	422	958
sample	flat	stardict	raw	exact	423	583
sample	flat	stardict	raw	exact	424	1167
sample	flat	stardict	raw	exact	425	5042
sample	flat	stardict	raw	exact	426	5333
sample	flat	stardict	raw	exact	427	2000
sample	flat	stardict	raw	exact	428	3542
sample	flat	stardict	raw	exact	429	1292
sample	flat	stardict	raw	exact	430	2833
sample	flat	stardict	raw	exact	431	2792
sample	flat	stardict	raw	exact	432	2625
sample	flat	stardict	raw	exact	433	666
sample	flat	stardict	raw	exact	434	4917
sample	flat	stardict	raw	exact	435	1458
sample	flat	stardict	raw	exact	436	2791
sample	flat	stardict	raw	exact	437	959
sample	flat	stardict	raw	exact	438	2125
sample	flat	stardict	raw	exact	439	958
sample	flat	stardict	raw	exact	440	1167
sample	flat	stardict	raw	exact	441	583
sample	flat	stardict	raw	exact	442	1000
sample	flat	stardict	raw	exact	443	542
sample	flat	stardict	raw	exact	444	2542
sample	flat	stardict	raw	exact	445	584
sample	flat	stardict	raw	exact	446	1084
sample	flat	stardict	raw	exact	447	625
sample	flat	stardict	raw	exact	448	40250
sample	flat	stardict	raw	exact	449	5542
sample	flat	stardict	raw	exact	450	28625
sample	flat	stardict	raw	exact	451	1917
sample	flat	stardict	raw	exact	452	2583
sample	flat	stardict	raw	exact	453	750
sample	flat	stardict	raw	exact	454	1167
sample	flat	stardict	raw	exact	455	833
sample	flat	stardict	raw	exact	456	1500
sample	flat	stardict	raw	exact	457	583
sample	flat	stardict	raw	exact	458	1041
sample	flat	stardict	raw	exact	459	417
sample	flat	stardict	raw	exact	460	1166
sample	flat	stardict	raw	exact	461	458
sample	flat	stardict	raw	exact	462	875
sample	flat	stardict	raw	exact	463	667
sample	flat	stardict	raw	exact	464	1084
sample	flat	stardict	raw	exact	465	375
sample	flat	stardict	raw	exact	466	1042
sample	flat	stardict	raw	exact	467	459
sample	flat	stardict	raw	exact	468	875
sample	flat	stardict	raw	exact	469	4292
sample	flat	stardict	raw	exact	470	2542
sample	flat	stardict	raw	exact	471	1500
sample	flat	stardict	raw	exact	472	2208
sample	flat	stardict	raw	exact	473	1083
sample	flat	stardict	raw	exact	474	1000
sample	flat	stardict	raw	exact	475	583
sample	flat	stardict	raw	exact	476	917
sample	flat	stardict	raw	exact	477	417
sample	flat	stardict	raw	exact	478	1000
sample	flat	stardict	raw	exact	479	666
sample	flat	stardict	raw	exact	480	1000
sample	flat	stardict	raw	exact	481	375
sample	flat	stardict	raw	exact	482	875
sample	flat	stardict	raw	exact	483	458
sample	flat	stardict	raw	exact	484	667
sample	flat	stardict	raw	exact	485	417
sample	flat	stardict	raw	exact	486	875
sample	flat	stardict	raw	exact	487	583
sample	flat	stardict	raw	exact	488	875
sample	flat	stardict	raw	exact	489	375
sample	flat	stardict	raw	exact	490	750
sample	flat	stardict	raw	exact	491	500
sample	flat	stardict	raw	exact	492	1000
sample	flat	stardict	raw	exact	493	375
sample	flat	stardict	raw	exact	494	709
sample	flat	stardict	raw	exact	495	541
sample	flat	stardict	raw	exact	496	1167
sample	flat	stardict	raw	exact	497	416
sample	flat	stardict	raw	exact	498	833
sample	flat	stardict	raw	exact	499	417
sample	flat	stardict	raw	exact	500	875
sample	flat	stardict	raw	exact	501	375
sample	flat	stardict	raw	exact	502	1000
sample	flat	stardict	raw	exact	503	542
sample	flat	stardict	raw	exact	504	1000
sample	flat	stardict	raw	exact	505	375
sample	flat	stardict	raw	exact	506	791
sample	flat	stardict	raw	exact	507	417
sample	flat	stardict	raw	exact	508	834
sample	flat	stardict	raw	exact	509	458
sample	flat	stardict	raw	exact	510	750
sample	flat	stardict	raw	exact	511	667
sample	flat	stardict	raw	exact	512	917
sample	flat	stardict	raw	exact	513	4208
sample	flat	stardict	raw	exact	514	2834
sample	flat	stardict	raw	exact	515	2792
sample	flat	stardict	raw	exact	516	2500
sample	flat	stardict	raw	exact	517	917
sample	flat	stardict	raw	exact	518	917
sample	flat	stardict	raw	exact	519	958
sample	flat	stardict	raw	exact	520	791
sample	flat	stardict	raw	exact	521	2333
sample	flat	stardict	raw	exact	522	1584
sample	flat	stardict	raw	exact	523	666
sample	flat	stardict	raw	exact	524	1125
sample	flat	stardict	raw	exact	525	458
sample	flat	stardict	raw	exact	526	2167
sample	flat	stardict	raw	exact	527	625
sample	flat	stardict	raw	exact	528	1125
sample	flat	stardict	raw	exact	529	417
sample	flat	stardict	raw	exact	530	1583
sample	flat	stardict	raw	exact	531	458
sample	flat	stardict	raw	exact	532	1833
sample	flat	stardict	raw	exact	533	416
sample	flat	stardict	raw	exact	534	1166
sample	flat	stardict	raw	exact	535	583
sample	flat	stardict	raw	exact	536	1041
sample	flat	stardict	raw	exact	537	375
sample	flat	stardict	raw	exact	538	1250
sample	flat	stardict	raw	exact	539	417
sample	flat	stardict	raw	exact	540	834
sample	flat	stardict	raw	exact	541	416
sample	flat	stardict	raw	exact	542	1042
sample	flat	stardict	raw	exact	543	542
sample	flat	stardict	raw	exact	544	958
sample	flat	stardict	raw	exact	545	375
sample	flat	stardict	raw	exact	546	959
sample	flat	stardict	raw	exact	547	500
sample	flat	stardict	raw	exact	548	1000
sample	flat	stardict	raw	exact	549	417
sample	flat	stardict	raw	exact	550	1125
sample	flat	stardict	raw	exact	551	541
sample	flat	stardict	raw	exact	552	917
sample	flat	stardict	raw	exact	553	375
sample	flat	stardict	raw	exact	554	833
sample	flat	stardict	raw	exact	555	417
sample	flat	stardict	raw	exact	556	792
sample	flat	stardict	raw	exact	557	375
sample	flat	stardict	raw	exact	558	833
sample	flat	stardict	raw	exact	559	542
sample	flat	stardict	raw	exact	560	1250
sample	flat	stardict	raw	exact	561	375
sample	flat	stardict	raw	exact	562	792
sample	flat	stardict	raw	exact	563	417
sample	flat	stardict	raw	exact	564	792
sample	flat	stardict	raw	exact	565	375
sample	flat	stardict	raw	exact	566	834
sample	flat	stardict	raw	exact	567	584
sample	flat	stardict	raw	exact	568	1208
sample	flat	stardict	raw	exact	569	375
sample	flat	stardict	raw	exact	570	708
sample	flat	stardict	raw	exact	571	417
sample	flat	stardict	raw	exact	572	833
sample	flat	stardict	raw	exact	573	416
sample	flat	stardict	raw	exact	574	750
sample	flat	stardict	raw	exact	575	583
sample	flat	stardict	raw	exact	576	1208
sample	flat	stardict	raw	exact	577	375
sample	flat	stardict	raw	exact	578	667
sample	flat	stardict	raw	exact	579	416
sample	flat	stardict	raw	exact	580	1084
sample	flat	stardict	raw	exact	581	375
sample	flat	stardict	raw	exact	582	750
sample	flat	stardict	raw	exact	583	583
sample	flat	stardict	raw	exact	584	833
sample	flat	stardict	raw	exact	585	375
sample	flat	stardict	raw	exact	586	834
sample	flat	stardict	raw	exact	587	417
sample	flat	stardict	raw	exact	588	750
sample	flat	stardict	raw	exact	589	417
sample	flat	stardict	raw	exact	590	833
sample	flat	stardict	raw	exact	591	625
sample	flat	stardict	raw	exact	592	916
sample	flat	stardict	raw	exact	593	417
sample	flat	stardict	raw	exact	594	708
sample	flat	stardict	raw	exact	595	417
sample	flat	stardict	raw	exact	596	833
sample	flat	stardict	raw	exact	597	417
sample	flat	stardict	raw	exact	598	792
sample	flat	stardict	raw	exact	599	583
sample	flat	stardict	raw	exact	600	708
sample	flat	stardict	raw	exact	601	375
sample	flat	stardict	raw	exact	602	875
sample	flat	stardict	raw	exact	603	375
sample	flat	stardict	raw	exact	604	667
sample	flat	stardict	raw	exact	605	458
sample	flat	stardict	raw	exact	606	917
sample	flat	stardict	raw	exact	607	583
sample	flat	stardict	raw	exact	608	1292
sample	flat	stardict	raw	exact	609	375
sample	flat	stardict	raw	exact	610	708
sample	flat	stardict	raw	exact	611	458
sample	flat	stardict	raw	exact	612	750
sample	flat	stardict	raw	exact	613	417
sample	flat	stardict	raw	exact	614	750
sample	flat	stardict	raw	exact	615	542
sample	flat	stardict	raw	exact	616	917
sample	flat	stardict	raw	exact	617	417
sample	flat	stardict	raw	exact	618	666
sample	flat	stardict	raw	exact	619	459
sample	flat	stardict	raw	exact	620	792
sample	flat	stardict	raw	exact	621	458
sample	flat	stardict	raw	exact	622	666
sample	flat	stardict	raw	exact	623	625
sample	flat	stardict	raw	exact	624	1042
sample	flat	stardict	raw	exact	625	4875
sample	flat	stardict	raw	exact	626	1625
sample	flat	stardict	raw	exact	627	3583
sample	flat	stardict	raw	exact	628	1625
sample	flat	stardict	raw	exact	629	458
sample	flat	stardict	raw	exact	630	1083
sample	flat	stardict	raw	exact	631	791
sample	flat	stardict	raw	exact	632	1583
sample	flat	stardict	raw	exact	633	1042
sample	flat	stardict	raw	exact	634	1625
sample	flat	stardict	raw	exact	635	458
sample	flat	stardict	raw	exact	636	1417
sample	flat	stardict	raw	exact	637	500
sample	flat	stardict	raw	exact	638	1125
sample	flat	stardict	raw	exact	639	625
sample	flat	stardict	raw	exact	640	1333
sample	flat	stardict	raw	exact	641	375
sample	flat	stardict	raw	exact	642	1292
sample	flat	stardict	raw	exact	643	1750
sample	flat	stardict	raw	exact	644	1875
sample	flat	stardict	raw	exact	645	417
sample	flat	stardict	raw	exact	646	1625
sample	flat	stardict	raw	exact	647	667
sample	flat	stardict	raw	exact	648	1500
sample	flat	stardict	raw	exact	649	375
sample	flat	stardict	raw	exact	650	1541
sample	flat	stardict	raw	exact	651	459
sample	flat	stardict	raw	exact	652	1667
sample	flat	stardict	raw	exact	653	4375
sample	flat	stardict	raw	exact	654	3000
sample	flat	stardict	raw	exact	655	1833
sample	flat	stardict	raw	exact	656	2750
sample	flat	stardict	raw	exact	657	1167
sample	flat	stardict	raw	exact	658	2125
sample	flat	stardict	raw	exact	659	541
sample	flat	stardict	raw	exact	660	1375
sample	flat	stardict	raw	exact	661	500
sample	flat	stardict	raw	exact	662	1500
sample	flat	stardict	raw	exact	663	625
sample	flat	stardict	raw	exact	664	1167
sample	flat	stardict	raw	exact	665	458
sample	flat	stardict	raw	exact	666	1209
sample	flat	stardict	raw	exact	667	459
sample	flat	stardict	raw	exact	668	1292
sample	flat	stardict	raw	exact	669	375
sample	flat	stardict	raw	exact	670	1000
sample	flat	stardict	raw	exact	671	583
sample	flat	stardict	raw	exact	672	1208
sample	flat	stardict	raw	exact	673	375
sample	flat	stardict	raw	exact	674	750
sample	flat	stardict	raw	exact	675	458
sample	flat	stardict	raw	exact	676	1125
sample	flat	stardict	raw	exact	677	417
sample	flat	stardict	raw	exact	678	750
sample	flat	stardict	raw	exact	679	542
sample	flat	stardict	raw	exact	680	1000
sample	flat	stardict	raw	exact	681	375
sample	flat	stardict	raw	exact	682	875
sample	flat	stardict	raw	exact	683	459
sample	flat	stardict	raw	exact	684	1917
sample	flat	stardict	raw	exact	685	417
sample	flat	stardict	raw	exact	686	1458
sample	flat	stardict	raw	exact	687	583
sample	flat	stardict	raw	exact	688	916
sample	flat	stardict	raw	exact	689	375
sample	flat	stardict	raw	exact	690	667
sample	flat	stardict	raw	exact	691	417
sample	flat	stardict	raw	exact	692	1334
sample	flat	stardict	raw	exact	693	7250
sample	flat	stardict	raw	exact	694	2833
sample	flat	stardict	raw	exact	695	1084
sample	flat	stardict	raw	exact	696	833
sample	flat	stardict	raw	exact	697	375
sample	flat	stardict	raw	exact	698	750
sample	flat	stardict	raw	exact	699	417
sample	flat	stardict	raw	exact	700	958
sample	flat	stardict	raw	exact	701	417
sample	flat	stardict	raw	exact	702	875
sample	flat	stardict	raw	exact	703	542
sample	flat	stardict	raw	exact	704	1042
sample	flat	stardict	raw	exact	705	375
sample	flat	stardict	raw	exact	706	916
sample	flat	stardict	raw	exact	707	417
sample	flat	stardict	raw	exact	708	833
sample	flat	stardict	raw	exact	709	417
sample	flat	stardict	raw	exact	710	750
sample	flat	stardict	raw	exact	711	541
sample	flat	stardict	raw	exact	712	750
sample	flat	stardict	raw	exact	713	416
sample	flat	stardict	raw	exact	714	875
sample	flat	stardict	raw	exact	715	417
sample	flat	stardict	raw	exact	716	791
sample	flat	stardict	raw	exact	717	416
sample	flat	stardict	raw	exact	718	833
sample	flat	stardict	raw	exact	719	542
sample	flat	stardict	raw	exact	720	1084
sample	flat	stardict	raw	exact	721	375
sample	flat	stardict	raw	exact	722	708
sample	flat	stardict	raw	exact	723	458
sample	flat	stardict	raw	exact	724	750
sample	flat	stardict	raw	exact	725	417
sample	flat	stardict	raw	exact	726	708
sample	flat	stardict	raw	exact	727	583
sample	flat	stardict	raw	exact	728	750
sample	flat	stardict	raw	exact	729	458
sample	flat	stardict	raw	exact	730	750
sample	flat	stardict	raw	exact	731	417
sample	flat	stardict	raw	exact	732	792
sample	flat	stardict	raw	exact	733	458
sample	flat	stardict	raw	exact	734	750
sample	flat	stardict	raw	exact	735	583
sample	flat	stardict	raw	exact	736	1041
sample	flat	stardict	raw	exact	737	500
sample	flat	stardict	raw	exact	738	708
sample	flat	stardict	raw	exact	739	1292
sample	flat	stardict	raw	exact	740	1458
sample	flat	stardict	raw	exact	741	500
sample	flat	stardict	raw	exact	742	1000
sample	flat	stardict	raw	exact	743	542
sample	flat	stardict	raw	exact	744	959
sample	flat	stardict	raw	exact	745	334
sample	flat	stardict	raw	exact	746	1250
sample	flat	stardict	raw	exact	747	416
sample	flat	stardict	raw	exact	748	1167
sample	flat	stardict	raw	exact	749	500
sample	flat	stardict	raw	exact	750	1166
sample	flat	stardict	raw	exact	751	625
sample	flat	stardict	raw	exact	752	1250
sample	flat	stardict	raw	exact	753	375
sample	flat	stardict	raw	exact	754	1083
sample	flat	stardict	raw	exact	755	500
sample	flat	stardict	raw	exact	756	1042
sample	flat	stardict	raw	exact	757	416
sample	flat	stardict	raw	exact	758	667
sample	flat	stardict	raw	exact	759	583
sample	flat	stardict	raw	exact	760	875
sample	flat	stardict	raw	exact	761	375
sample	flat	stardict	raw	exact	762	917
sample	flat	stardict	raw	exact	763	375
sample	flat	stardict	raw	exact	764	791
sample	flat	stardict	raw	exact	765	417
sample	flat	stardict	raw	exact	766	958
sample	flat	stardict	raw	exact	767	917
sample	flat	stardict	raw	exact	768	1417
sample	flat	stardict	raw	exact	769	417
sample	flat	stardict	raw	exact	770	708
sample	flat	stardict	raw	exact	771	458
sample	flat	stardict	raw	exact	772	834
sample	flat	stardict	raw	exact	773	1250
sample	flat	stardict	raw	exact	774	7000
sample	flat	stardict	raw	exact	775	1917
sample	flat	stardict	raw	exact	776	1125
sample	flat	stardict	raw	exact	777	416
sample	flat	stardict	raw	exact	778	833
sample	flat	stardict	raw	exact	779	500
sample	flat	stardict	raw	exact	780	917
sample	flat	stardict	raw	exact	781	500
sample	flat	stardict	raw	exact	782	792
sample	flat	stardict	raw	exact	783	667
sample	flat	stardict	raw	exact	784	1167
sample	flat	stardict	raw	exact	785	375
sample	flat	stardict	raw	exact	786	958
sample	flat	stardict	raw	exact	787	500
sample	flat	stardict	raw	exact	788	709
sample	flat	stardict	raw	exact	789	416
sample	flat	stardict	raw	exact	790	875
sample	flat	stardict	raw	exact	791	625
sample	flat	stardict	raw	exact	792	1250
sample	flat	stardict	raw	exact	793	416
sample	flat	stardict	raw	exact	794	834
sample	flat	stardict	raw	exact	795	459
sample	flat	stardict	raw	exact	796	792
sample	flat	stardict	raw	exact	797	416
sample	flat	stardict	raw	exact	798	1292
sample	flat	stardict	raw	exact	799	583
sample	flat	stardict	raw	exact	800	1125
sample	flat	stardict	raw	exact	801	375
sample	flat	stardict	raw	exact	802	1000
sample	flat	stardict	raw	exact	803	458
sample	flat	stardict	raw	exact	804	1333
sample	flat	stardict	raw	exact	805	375
sample	flat	stardict	raw	exact	806	834
sample	flat	stardict	raw	exact	807	584
sample	flat	stardict	raw	exact	808	833
sample	flat	stardict	raw	exact	809	334
sample	flat	stardict	raw	exact	810	875
sample	flat	stardict	raw	exact	811	500
sample	flat	stardict	raw	exact	812	833
sample	flat	stardict	raw	exact	813	417
sample	flat	stardict	raw	exact	814	1000
sample	flat	stardict	raw	exact	815	542
sample	flat	stardict	raw	exact	816	1375
sample	flat	stardict	raw	exact	817	416
sample	flat	stardict	raw	exact	818	833
sample	flat	stardict	raw	exact	819	458
sample	flat	stardict	raw	exact	820	791
sample	flat	stardict	raw	exact	821	417
sample	flat	stardict	raw	exact	822	791
sample	flat	stardict	raw	exact	823	583
sample	flat	stardict	raw	exact	824	833
sample	flat	stardict	raw	exact	825	375
sample	flat	stardict	raw	exact	826	750
sample	flat	stardict	raw	exact	827	459
sample	flat	stardict	raw	exact	828	750
sample	flat	stardict	raw	exact	829	417
sample	flat	stardict	raw	exact	830	833
sample	flat	stardict	raw	exact	831	500
sample	flat	stardict	raw	exact	832	1542
sample	flat	stardict	raw	exact	833	417
sample	flat	stardict	raw	exact	834	1000
sample	flat	stardict	raw	exact	835	416
sample	flat	stardict	raw	exact	836	1000
sample	flat	stardict	raw	exact	837	375
sample	flat	stardict	raw	exact	838	708
sample	flat	stardict	raw	exact	839	584
sample	flat	stardict	raw	exact	840	833
sample	flat	stardict	raw	exact	841	958
sample	flat	stardict	raw	exact	842	833
sample	flat	stardict	raw	exact	843	500
sample	flat	stardict	raw	exact	844	750
sample	flat	stardict	raw	exact	845	417
sample	flat	stardict	raw	exact	846	791
sample	flat	stardict	raw	exact	847	584
sample	flat	stardict	raw	exact	848	1083
sample	flat	stardict	raw	exact	849	375
sample	flat	stardict	raw	exact	850	834
sample	flat	stardict	raw	exact	851	500
sample	flat	stardict	raw	exact	852	1250
sample	flat	stardict	raw	exact	853	417
sample	flat	stardict	raw	exact	854	916
sample	flat	stardict	raw	exact	855	583
sample	flat	stardict	raw	exact	856	792
sample	flat	stardict	raw	exact	857	416
sample	flat	stardict	raw	exact	858	750
sample	flat	stardict	raw	exact	859	417
sample	flat	stardict	raw	exact	860	709
sample	flat	stardict	raw	exact	861	375
sample	flat	stardict	raw	exact	862	625
sample	flat	stardict	raw	exact	863	542
sample	flat	stardict	raw	exact	864	833
sample	flat	stardict	raw	exact	865	375
sample	flat	stardict	raw	exact	866	791
sample	flat	stardict	raw	exact	867	458
sample	flat	stardict	raw	exact	868	583
sample	flat	stardict	raw	exact	869	417
sample	flat	stardict	raw	exact	870	708
sample	flat	stardict	raw	exact	871	542
sample	flat	stardict	raw	exact	872	666
sample	flat	stardict	raw	exact	873	375
sample	flat	stardict	raw	exact	874	583
sample	flat	stardict	raw	exact	875	417
sample	flat	stardict	raw	exact	876	625
sample	flat	stardict	raw	exact	877	417
sample	flat	stardict	raw	exact	878	666
sample	flat	stardict	raw	exact	879	584
sample	flat	stardict	raw	exact	880	1083
sample	flat	stardict	raw	exact	881	375
sample	flat	stardict	raw	exact	882	791
sample	flat	stardict	raw	exact	883	417
sample	flat	stardict	raw	exact	884	667
sample	flat	stardict	raw	exact	885	625
sample	flat	stardict	raw	exact	886	958
sample	flat	stardict	raw	exact	887	583
sample	flat	stardict	raw	exact	888	6833
sample	flat	stardict	raw	exact	889	917
sample	flat	stardict	raw	exact	890	917
sample	flat	stardict	raw	exact	891	500
sample	flat	stardict	raw	exact	892	750
sample	flat	stardict	raw	exact	893	417
sample	flat	stardict	raw	exact	894	750
sample	flat	stardict	raw	exact	895	6792
sample	flat	stardict	raw	exact	896	3208
sample	flat	stardict	raw	exact	897	3459
sample	flat	stardict	raw	exact	898	12750
sample	flat	stardict	raw	exact	899	2459
sample	flat	stardict	raw	exact	900	1625
sample	flat	stardict	raw	exact	901	541
sample	flat	stardict	raw	exact	902	917
sample	flat	stardict	raw	exact	903	583
sample	flat	stardict	raw	exact	904	916
sample	flat	stardict	raw	exact	905	458
sample	flat	stardict	raw	exact	906	1000
sample	flat	stardict	raw	exact	907	500
sample	flat	stardict	raw	exact	908	750
sample	flat	stardict	raw	exact	909	458
sample	flat	stardict	raw	exact	910	1000
sample	flat	stardict	raw	exact	911	583
sample	flat	stardict	raw	exact	912	1083
sample	flat	stardict	raw	exact	913	459
sample	flat	stardict	raw	exact	914	1500
sample	flat	stardict	raw	exact	915	500
sample	flat	stardict	raw	exact	916	875
sample	flat	stardict	raw	exact	917	416
sample	flat	stardict	raw	exact	918	1000
sample	flat	stardict	raw	exact	919	875
sample	flat	stardict	raw	exact	920	1167
sample	flat	stardict	raw	exact	921	375
sample	flat	stardict	raw	exact	922	1000
sample	flat	stardict	raw	exact	923	542
sample	flat	stardict	raw	exact	924	1166
sample	flat	stardict	raw	exact	925	458
sample	flat	stardict	raw	exact	926	1166
sample	flat	stardict	raw	exact	927	625
sample	flat	stardict	raw	exact	928	1375
sample	flat	stardict	raw	exact	929	375
sample	flat	stardict	raw	exact	930	1084
sample	flat	stardict	raw	exact	931	458
sample	flat	stardict	raw	exact	932	667
sample	flat	stardict	raw	exact	933	458
sample	flat	stardict	raw	exact	934	625
sample	flat	stardict	raw	exact	935	583
sample	flat	stardict	raw	exact	936	917
sample	flat	stardict	raw	exact	937	375
sample	flat	stardict	raw	exact	938	791
sample	flat	stardict	raw	exact	939	417
sample	flat	stardict	raw	exact	940	833
sample	flat	stardict	raw	exact	941	417
sample	flat	stardict	raw	exact	942	1209
sample	flat	stardict	raw	exact	943	583
sample	flat	stardict	raw	exact	944	1416
sample	flat	stardict	raw	exact	945	375
sample	flat	stardict	raw	exact	946	750
sample	flat	stardict	raw	exact	947	416
sample	flat	stardict	raw	exact	948	1000
sample	flat	stardict	raw	exact	949	416
sample	flat	stardict	raw	exact	950	666
sample	flat	stardict	raw	exact	951	542
sample	flat	stardict	raw	exact	952	708
sample	flat	stardict	raw	exact	953	416
sample	flat	stardict	raw	exact	954	625
sample	flat	stardict	raw	exact	955	417
sample	flat	stardict	raw	exact	956	625
sample	flat	stardict	raw	exact	957	416
sample	flat	stardict	raw	exact	958	750
sample	flat	stardict	raw	exact	959	584
sample	flat	stardict	raw	exact	960	625
sample	flat	stardict	raw	exact	961	416
sample	flat	stardict	raw	exact	962	625
sample	flat	stardict	raw	exact	963	458
sample	flat	stardict	raw	exact	964	625
sample	flat	stardict	raw	exact	965	417
sample	flat	stardict	raw	exact	966	625
sample	flat	stardict	raw	exact	967	583
sample	flat	stardict	raw	exact	968	625
sample	flat	stardict	raw	exact	969	375
sample	flat	stardict	raw	exact	970	708
sample	flat	stardict	raw	exact	971	417
sample	flat	stardict	raw	exact	972	708
sample	flat	stardict	raw	exact	973	417
sample	flat	stardict	raw	exact	974	584
sample	flat	stardict	raw	exact	975	583
sample	flat	stardict	raw	exact	976	666
sample	flat	stardict	raw	exact	977	375
sample	flat	stardict	raw	exact	978	708
sample	flat	stardict	raw	exact	979	417
sample	flat	stardict	raw	exact	980	666
sample	flat	stardict	raw	exact	981	416
sample	flat	stardict	raw	exact	982	666
sample	flat	stardict	raw	exact	983	541
sample	flat	stardict	raw	exact	984	791
sample	flat	stardict	raw	exact	985	375
sample	flat	stardict	raw	exact	986	792
sample	flat	stardict	raw	exact	987	417
sample	flat	stardict	raw	exact	988	625
sample	flat	stardict	raw	exact	989	417
sample	flat	stardict	raw	exact	990	708
sample	flat	stardict	raw	exact	991	541
sample	flat	stardict	raw	exact	992	584
sample	flat	stardict	raw	exact	993	375
sample	flat	stardict	raw	exact	994	666
sample	flat	stardict	raw	exact	995	416
sample	flat	stardict	raw	exact	996	750
sample	flat	stardict	raw	exact	997	416
sample	flat	stardict	raw	exact	998	625
sample	flat	stardict	raw	exact	999	542
sample	flat	stardict	raw	prefix	0	2000
sample	flat	stardict	raw	prefix	1	1584
sample	flat	stardict	raw	prefix	2	150166
sample	flat	stardict	raw	prefix	3	147250
sample	flat	stardict	raw	prefix	4	2834
sample	flat	stardict	raw	prefix	5	583
sample	flat	stardict	raw	prefix	6	137834
sample	flat	stardict	raw	prefix	7	155291
sample	flat	stardict	raw	prefix	8	6667
sample	flat	stardict	raw	prefix	9	1834
sample	flat	stardict	raw	prefix	10	1194084
sample	flat	stardict	raw	prefix	11	153333
sample	flat	stardict	raw	prefix	12	725458
sample	flat	stardict	raw	prefix	13	6542
sample	flat	stardict	raw	prefix	14	419167
sample	flat	stardict	raw	prefix	15	154042
sample	flat	stardict	raw	prefix	16	20459
sample	flat	stardict	raw	prefix	17	4708
sample	flat	stardict	raw	prefix	18	386334
sample	flat	stardict	raw	prefix	19	417209
sample	flat	stardict	raw	prefix	20	11500
sample	flat	stardict	raw	prefix	21	750
sample	flat	stardict	raw	prefix	22	145500
sample	flat	stardict	raw	prefix	23	159541
sample	flat	stardict	raw	prefix	24	14833
sample	flat	stardict	raw	prefix	25	4250
sample	flat	stardict	raw	prefix	26	527042
sample	flat	stardict	raw	prefix	27	1502708
sample	flat	stardict	raw	prefix	28	28875
sample	flat	stardict	raw	prefix	29	4917
sample	flat	stardict	raw	prefix	30	662250
sample	flat	stardict	raw	prefix	31	491083
sample	flat	stardict	raw	prefix	32	9000
sample	flat	stardict	raw	prefix	33	7584
sample	flat	stardict	raw	prefix	34	293417
sample	flat	stardict	raw	prefix	35	154250
sample	flat	stardict	raw	prefix	36	8417
sample	flat	stardict	raw	prefix	37	708
sample	flat	stardict	raw	prefix	38	141208
sample	flat	stardict	raw	prefix	39	609833
sample	flat	stardict	raw	prefix	40	5416
sample	flat	stardict	raw	prefix	41	2083
sample	flat	stardict	raw	prefix	42	140583
sample	flat	stardict	raw	prefix	43	153875
sample	flat	stardict	raw	prefix	44	17625
sample	flat	stardict	raw	prefix	45	791
sample	flat	stardict	raw	prefix	46	154458
sample	flat	stardict	raw	prefix	47	1748125
sample	flat	stardict	raw	prefix	48	10375
sample	flat	stardict	raw	prefix	49	2417
sample	flat	stardict	raw	prefix	50	145667
sample	flat	stardict	raw	prefix	51	156083
sample	flat	stardict	raw	prefix	52	15625
sample	flat	stardict	raw	prefix	53	1625
sample	flat	stardict	raw	prefix	54	324500
sample	flat	stardict	raw	prefix	55	145542
sample	flat	stardict	raw	prefix	56	6458
sample	flat	stardict	raw	prefix	57	2583
sample	flat	stardict	raw	prefix	58	145209
sample	flat	stardict	raw	prefix	59	413208
sample	flat	stardict	raw	prefix	60	12875
sample	flat	stardict	raw	prefix	61	708
sample	flat	stardict	raw	prefix	62	146083
sample	flat	stardict	raw	prefix	63	206209
sample	flat	stardict	raw	prefix	64	8334
sample	flat	stardict	raw	prefix	65	2875
sample	flat	stardict	raw	prefix	66	148208
sample	flat	stardict	raw	prefix	67	150833
sample	flat	stardict	raw	prefix	68	17000
sample	flat	stardict	raw	prefix	69	1417
sample	flat	stardict	raw	prefix	70	375000
sample	flat	stardict	raw	prefix	71	157666
sample	flat	stardict	raw	prefix	72	10000
sample	flat	stardict	raw	prefix	73	2417
sample	flat	stardict	raw	prefix	74	330875
sample	flat	stardict	raw	prefix	75	168084
sample	flat	stardict	raw	prefix	76	18083
sample	flat	stardict	raw	prefix	77	5042
sample	flat	stardict	raw	prefix	78	145416
sample	flat	stardict	raw	prefix	79	160083
sample	flat	stardict	raw	prefix	80	8250
sample	flat	stardict	raw	prefix	81	2500
sample	flat	stardict	raw	prefix	82	1454750
sample	flat	stardict	raw	prefix	83	152542
sample	flat	stardict	raw	prefix	84	24125
sample	flat	stardict	raw	prefix	85	3958
sample	flat	stardict	raw	prefix	86	437167
sample	flat	stardict	raw	prefix	87	163042
sample	flat	stardict	raw	prefix	88	4750
sample	flat	stardict	raw	prefix	89	2000
sample	flat	stardict	raw	prefix	90	140792
sample	flat	stardict	raw	prefix	91	432292
sample	flat	stardict	raw	prefix	92	9417
sample	flat	stardict	raw	prefix	93	667
sample	flat	stardict	raw	prefix	94	224000
sample	flat	stardict	raw	prefix	95	363000
sample	flat	stardict	raw	prefix	96	11625
sample	flat	stardict	raw	prefix	97	2500
sample	flat	stardict	raw	prefix	98	144625
sample	flat	stardict	raw	prefix	99	159792
sample	flat	stardict	raw	prefix	100	10167
sample	flat	stardict	raw	prefix	101	1750
sample	flat	stardict	raw	prefix	102	145875
sample	flat	stardict	raw	prefix	103	157834
sample	flat	stardict	raw	prefix	104	5583
sample	flat	stardict	raw	prefix	105	1875
sample	flat	stardict	raw	prefix	106	149792
sample	flat	stardict	raw	prefix	107	148541
sample	flat	stardict	raw	prefix	108	7250
sample	flat	stardict	raw	prefix	109	2000
sample	flat	stardict	raw	prefix	110	142958
sample	flat	stardict	raw	prefix	111	151125
sample	flat	stardict	raw	prefix	112	7292
sample	flat	stardict	raw	prefix	113	1792
sample	flat	stardict	raw	prefix	114	145667
sample	flat	stardict	raw	prefix	115	399458
sample	flat	stardict	raw	prefix	116	10125
sample	flat	stardict	raw	prefix	117	625
sample	flat	stardict	raw	prefix	118	144250
sample	flat	stardict	raw	prefix	119	431542
sample	flat	stardict	raw	prefix	120	8250
sample	flat	stardict	raw	prefix	121	2125
sample	flat	stardict	raw	prefix	122	143792
sample	flat	stardict	raw	prefix	123	143750
sample	flat	stardict	raw	prefix	124	8250
sample	flat	stardict	raw	prefix	125	958
sample	flat	stardict	raw	prefix	126	389917
sample	flat	stardict	raw	prefix	127	154125
sample	flat	stardict	raw	prefix	128	9708
sample	flat	stardict	raw	prefix	129	2417
sample	flat	stardict	raw	prefix	130	145916
sample	flat	stardict	raw	prefix	131	157292
sample	flat	stardict	raw	prefix	132	11000
sample	flat	stardict	raw	prefix	133	708
sample	flat	stardict	raw	prefix	134	143917
sample	flat	stardict	raw	prefix	135	155625
sample	flat	stardict	raw	prefix	136	7166
sample	flat	stardict	raw	prefix	137	6291
sample	flat	stardict	raw	prefix	138	153250
sample	flat	stardict	raw	prefix	139	158334
sample	flat	stardict	raw	prefix	140	27084
sample	flat	stardict	raw	prefix	141	2292
sample	flat	stardict	raw	prefix	142	158541
sample	flat	stardict	raw	prefix	143	158000
sample	flat	stardict	raw	prefix	144	16667
sample	flat	stardict	raw	prefix	145	6666
sample	flat	stardict	raw	prefix	146	311292
sample	flat	stardict	raw	prefix	147	458583
sample	flat	stardict	raw	prefix	148	9791
sample	flat	stardict	raw	prefix	149	666
sample	flat	stardict	raw	prefix	150	142084
sample	flat	stardict	raw	prefix	151	157542
sample	flat	stardict	raw	prefix	152	4167
sample	flat	stardict	raw	prefix	153	2083
sample	flat	stardict	raw	prefix	154	224750
sample	flat	stardict	raw	prefix	155	153208
sample	flat	stardict	raw	prefix	156	9625
sample	flat	stardict	raw	prefix	157	708
sample	flat	stardict	raw	prefix	158	1284084
sample	flat	stardict	raw	prefix	159	147625
sample	flat	stardict	raw	prefix	160	27166
sample	flat	stardict	raw	prefix	161	7250
sample	flat	stardict	raw	prefix	162	147667
sample	flat	stardict	raw	prefix	163	147542
sample	flat	stardict	raw	prefix	164	12166
sample	flat	stardict	raw	prefix	165	833
sample	flat	stardict	raw	prefix	166	144042
sample	flat	stardict	raw	prefix	167	298708
sample	flat	stardict	raw	prefix	168	9958
sample	flat	stardict	raw	prefix	169	2167
sample	flat	stardict	raw	prefix	170	144000
sample	flat	stardict	raw	prefix	171	155041
sample	flat	stardict	raw	prefix	172	9292
sample	flat	stardict	raw	prefix	173	750
sample	flat	stardict	raw	prefix	174	143334
sample	flat	stardict	raw	prefix	175	411083
sample	flat	stardict	raw	prefix	176	8500
sample	flat	stardict	raw	prefix	177	4875
sample	flat	stardict	raw	prefix	178	154291
sample	flat	stardict	raw	prefix	179	164208
sample	flat	stardict	raw	prefix	180	5833
sample	flat	stardict	raw	prefix	181	625
sample	flat	stardict	raw	prefix	182	141500
sample	flat	stardict	raw	prefix	183	406042
sample	flat	stardict	raw	prefix	184	13792
sample	flat	stardict	raw	prefix	185	4042
sample	flat	stardict	raw	prefix	186	148750
sample	flat	stardict	raw	prefix	187	151334
sample	flat	stardict	raw	prefix	188	3458
sample	flat	stardict	raw	prefix	189	666
sample	flat	stardict	raw	prefix	190	152333
sample	flat	stardict	raw	prefix	191	153875
sample	flat	stardict	raw	prefix	192	23291
sample	flat	stardict	raw	prefix	193	2750
sample	flat	stardict	raw	prefix	194	146959
sample	flat	stardict	raw	prefix	195	146458
sample	flat	stardict	raw	prefix	196	10458
sample	flat	stardict	raw	prefix	197	625
sample	flat	stardict	raw	prefix	198	144583
sample	flat	stardict	raw	prefix	199	143458
sample	flat	stardict	raw	prefix	200	8416
sample	flat	stardict	raw	prefix	201	7708
sample	flat	stardict	raw	prefix	202	431542
sample	flat	stardict	raw	prefix	203	151458
sample	flat	stardict	raw	prefix	204	5000
sample	flat	stardict	raw	prefix	205	584
sample	flat	stardict	raw	prefix	206	141291
sample	flat	stardict	raw	prefix	207	153375
sample	flat	stardict	raw	prefix	208	3125
sample	flat	stardict	raw	prefix	209	3000
sample	flat	stardict	raw	prefix	210	257250
sample	flat	stardict	raw	prefix	211	482042
sample	flat	stardict	raw	prefix	212	21250
sample	flat	stardict	raw	prefix	213	1666
sample	flat	stardict	raw	prefix	214	385250
sample	flat	stardict	raw	prefix	215	173167
sample	flat	stardict	raw	prefix	216	21250
sample	flat	stardict	raw	prefix	217	5834
sample	flat	stardict	raw	prefix	218	150917
sample	flat	stardict	raw	prefix	219	159625
sample	flat	stardict	raw	prefix	220	6417
sample	flat	stardict	raw	prefix	221	667
sample	flat	stardict	raw	prefix	222	139833
sample	flat	stardict	raw	prefix	223	150125
sample	flat	stardict	raw	prefix	224	4667
sample	flat	stardict	raw	prefix	225	1625
sample	flat	stardict	raw	prefix	226	141209
sample	flat	stardict	raw	prefix	227	149250
sample	flat	stardict	raw	prefix	228	4541
sample	flat	stardict	raw	prefix	229	791
sample	flat	stardict	raw	prefix	230	538125
sample	flat	stardict	raw	prefix	231	475917
sample	flat	stardict	raw	prefix	232	10291
sample	flat	stardict	raw	prefix	233	2375
sample	flat	stardict	raw	prefix	234	155583
sample	flat	stardict	raw	prefix	235	168917
sample	flat	stardict	raw	prefix	236	14208
sample	flat	stardict	raw	prefix	237	833
sample	flat	stardict	raw	prefix	238	146125
sample	flat	stardict	raw	prefix	239	146542
sample	flat	stardict	raw	prefix	240	10000
sample	flat	stardict	raw	prefix	241	2750
sample	flat	stardict	raw	prefix	242	145458
sample	flat	stardict	raw	prefix	243	141042
sample	flat	stardict	raw	prefix	244	8709
sample	flat	stardict	raw	prefix	245	708
sample	flat	stardict	raw	prefix	246	142542
sample	flat	stardict	raw	prefix	247	155084
sample	flat	stardict	raw	prefix	248	7542
sample	flat	stardict	raw	prefix	249	1792
sample	flat	stardict	raw	prefix	250	141709
sample	flat	stardict	raw	prefix	251	157875
sample	flat	stardict	raw	prefix	252	11125
sample	flat	stardict	raw	prefix	253	1291
sample	flat	stardict	raw	prefix	254	145000
sample	flat	stardict	raw	prefix	255	146917
sample	flat	stardict	raw	prefix	256	8959
sample	flat	stardict	raw	prefix	257	2667
sample	flat	stardict	raw	prefix	258	143791
sample	flat	stardict	raw	prefix	259	140625
sample	flat	stardict	raw	prefix	260	9375
sample	flat	stardict	raw	prefix	261	625
sample	flat	stardict	raw	prefix	262	144917
sample	flat	stardict	raw	prefix	263	147417
sample	flat	stardict	raw	prefix	264	7833
sample	flat	stardict	raw	prefix	265	1834
sample	flat	stardict	raw	prefix	266	146125
sample	flat	stardict	raw	prefix	267	151042
sample	flat	stardict	raw	prefix	268	4750
sample	flat	stardict	raw	prefix	269	584
sample	flat	stardict	raw	prefix	270	140334
sample	flat	stardict	raw	prefix	271	324417
sample	flat	stardict	raw	prefix	272	3917
sample	flat	stardict	raw	prefix	273	1625
sample	flat	stardict	raw	prefix	274	169791
sample	flat	stardict	raw	prefix	275	282125
sample	flat	stardict	raw	prefix	276	10125
sample	flat	stardict	raw	prefix	277	6041
sample	flat	stardict	raw	prefix	278	286166
sample	flat	stardict	raw	prefix	279	145292
sample	flat	stardict	raw	prefix	280	12833
sample	flat	stardict	raw	prefix	281	2791
sample	flat	stardict	raw	prefix	282	146292
sample	flat	stardict	raw	prefix	283	143833
sample	flat	stardict	raw	prefix	284	69167
sample	flat	stardict	raw	prefix	285	4791
sample	flat	stardict	raw	prefix	286	195167
sample	flat	stardict	raw	prefix	287	154125
sample	flat	stardict	raw	prefix	288	5083
sample	flat	stardict	raw	prefix	289	2375
sample	flat	stardict	raw	prefix	290	144542
sample	flat	stardict	raw	prefix	291	154291
sample	flat	stardict	raw	prefix	292	9625
sample	flat	stardict	raw	prefix	293	917
sample	flat	stardict	raw	prefix	294	235709
sample	flat	stardict	raw	prefix	295	209375
sample	flat	stardict	raw	prefix	296	6459
sample	flat	stardict	raw	prefix	297	19917
sample	flat	stardict	raw	prefix	298	149209
sample	flat	stardict	raw	prefix	299	150250
sample	flat	stardict	raw	prefix	300	9291
sample	flat	stardict	raw	prefix	301	9959
sample	flat	stardict	raw	prefix	302	444458
sample	flat	stardict	raw	prefix	303	157000
sample	flat	stardict	raw	prefix	304	16666
sample	flat	stardict	raw	prefix	305	6000
sample	flat	stardict	raw	prefix	306	148000
sample	flat	stardict	raw	prefix	307	238333
sample	flat	stardict	raw	prefix	308	20542
sample	flat	stardict	raw	prefix	309	1667
sample	flat	stardict	raw	prefix	310	141917
sample	flat	stardict	raw	prefix	311	145959
sample	flat	stardict	raw	prefix	312	7833
sample	flat	stardict	raw	prefix	313	2375
sample	flat	stardict	raw	prefix	314	143375
sample	flat	stardict	raw	prefix	315	1204417
sample	flat	stardict	raw	prefix	316	9917
sample	flat	stardict	raw	prefix	317	792
sample	flat	stardict	raw	prefix	318	145500
sample	flat	stardict	raw	prefix	319	310458
sample	flat	stardict	raw	prefix	320	5917
sample	flat	stardict	raw	prefix	321	2000
sample	flat	stardict	raw	prefix	322	140709
sample	flat	stardict	raw	prefix	323	161042
sample	flat	stardict	raw	prefix	324	7208
sample	flat	stardict	raw	prefix	325	584
sample	flat	stardict	raw	prefix	326	144042
sample	flat	stardict	raw	prefix	327	404458
sample	flat	stardict	raw	prefix	328	11209
sample	flat	stardict	raw	prefix	329	3166
sample	flat	stardict	raw	prefix	330	144167
sample	flat	stardict	raw	prefix	331	537458
sample	flat	stardict	raw	prefix	332	13875
sample	flat	stardict	raw	prefix	333	917
sample	flat	stardict	raw	prefix	334	239000
sample	flat	stardict	raw	prefix	335	154417
sample	flat	stardict	raw	prefix	336	12583
sample	flat	stardict	raw	prefix	337	2667
sample	flat	stardict	raw	prefix	338	154292
sample	flat	stardict	raw	prefix	339	140667
sample	flat	stardict	raw	prefix	340	8583
sample	flat	stardict	raw	prefix	341	791
sample	flat	stardict	raw	prefix	342	154375
sample	flat	stardict	raw	prefix	343	148209
sample	flat	stardict	raw	prefix	344	5625
sample	flat	stardict	raw	prefix	345	1875
sample	flat	stardict	raw	prefix	346	140250
sample	flat	stardict	raw	prefix	347	150667
sample	flat	stardict	raw	prefix	348	4083
sample	flat	stardict	raw	prefix	349	625
sample	flat	stardict	raw	prefix	350	155250
sample	flat	stardict	raw	prefix	351	327291
sample	flat	stardict	raw	prefix	352	18208
sample	flat	stardict	raw	prefix	353	3875
sample	flat	stardict	raw	prefix	354	200459
sample	flat	stardict	raw	prefix	355	155666
sample	flat	stardict	raw	prefix	356	21167
sample	flat	stardict	raw	prefix	357	1333
sample	flat	stardict	raw	prefix	358	414459
sample	flat	stardict	raw	prefix	359	227167
sample	flat	stardict	raw	prefix	360	12000
sample	flat	stardict	raw	prefix	361	2292
sample	flat	stardict	raw	prefix	362	361458
sample	flat	stardict	raw	prefix	363	162167
sample	flat	stardict	raw	prefix	364	4584
sample	flat	stardict	raw	prefix	365	750
sample	flat	stardict	raw	prefix	366	138917
sample	flat	stardict	raw	prefix	367	142666
sample	flat	stardict	raw	prefix	368	12667
sample	flat	stardict	raw	prefix	369	2292
sample	flat	stardict	raw	prefix	370	146208
sample	flat	stardict	raw	prefix	371	156709
sample	flat	stardict	raw	prefix	372	7584
sample	flat	stardict	raw	prefix	373	625
sample	flat	stardict	raw	prefix	374	536500
sample	flat	stardict	raw	prefix	375	151417
sample	flat	stardict	raw	prefix	376	4792
sample	flat	stardict	raw	prefix	377	1792
sample	flat	stardict	raw	prefix	378	142125
sample	flat	stardict	raw	prefix	379	149958
sample	flat	stardict	raw	prefix	380	7541
sample	flat	stardict	raw	prefix	381	792
sample	flat	stardict	raw	prefix	382	147916
sample	flat	stardict	raw	prefix	383	151917
sample	flat	stardict	raw	prefix	384	2875
sample	flat	stardict	raw	prefix	385	1708
sample	flat	stardict	raw	prefix	386	139542
sample	flat	stardict	raw	prefix	387	154875
sample	flat	stardict	raw	prefix	388	3000
sample	flat	stardict	raw	prefix	389	3959
sample	flat	stardict	raw	prefix	390	144125
sample	flat	stardict	raw	prefix	391	1203333
sample	flat	stardict	raw	prefix	392	9500
sample	flat	stardict	raw	prefix	393	8375
sample	flat	stardict	raw	prefix	394	670166
sample	flat	stardict	raw	prefix	395	165292
sample	flat	stardict	raw	prefix	396	113667
sample	flat	stardict	raw	prefix	397	6458
sample	flat	stardict	raw	prefix	398	393500
sample	flat	stardict	raw	prefix	399	156625
sample	flat	stardict	raw	prefix	400	9541
sample	flat	stardict	raw	prefix	401	2125
sample	flat	stardict	raw	prefix	402	143958
sample	flat	stardict	raw	prefix	403	152041
sample	flat	stardict	raw	prefix	404	4083
sample	flat	stardict	raw	prefix	405	625
sample	flat	stardict	raw	prefix	406	141083
sample	flat	stardict	raw	prefix	407	382208
sample	flat	stardict	raw	prefix	408	12291
sample	flat	stardict	raw	prefix	409	3042
sample	flat	stardict	raw	prefix	410	147750
sample	flat	stardict	raw	prefix	411	160583
sample	flat	stardict	raw	prefix	412	11375
sample	flat	stardict	raw	prefix	413	750
sample	flat	stardict	raw	prefix	414	146084
sample	flat	stardict	raw	prefix	415	443167
sample	flat	stardict	raw	prefix	416	8458
sample	flat	stardict	raw	prefix	417	2166
sample	flat	stardict	raw	prefix	418	186959
sample	flat	stardict	raw	prefix	419	158958
sample	flat	stardict	raw	prefix	420	10041
sample	flat	stardict	raw	prefix	421	916
sample	flat	stardict	raw	prefix	422	142417
sample	flat	stardict	raw	prefix	423	285333
sample	flat	stardict	raw	prefix	424	7209
sample	flat	stardict	raw	prefix	425	14417
sample	flat	stardict	raw	prefix	426	459041
sample	flat	stardict	raw	prefix	427	442250
sample	flat	stardict	raw	prefix	428	11042
sample	flat	stardict	raw	prefix	429	750
sample	flat	stardict	raw	prefix	430	143417
sample	flat	stardict	raw	prefix	431	151208
sample	flat	stardict	raw	prefix	432	11791
sample	flat	stardict	raw	prefix	433	6250
sample	flat	stardict	raw	prefix	434	144959
sample	flat	stardict	raw	prefix	435	143167
sample	flat	stardict	raw	prefix	436	8042
sample	flat	stardict	raw	prefix	437	667
sample	flat	stardict	raw	prefix	438	141416
sample	flat	stardict	raw	prefix	439	143458
sample	flat	stardict	raw	prefix	440	8500
sample	flat	stardict	raw	prefix	441	2625
sample	flat	stardict	raw	prefix	442	145041
sample	flat	stardict	raw	prefix	443	143625
sample	flat	stardict	raw	prefix	444	8333
sample	flat	stardict	raw	prefix	445	667
sample	flat	stardict	raw	prefix	446	196041
sample	flat	stardict	raw	prefix	447	158792
sample	flat	stardict	raw	prefix	448	3417
sample	flat	stardict	raw	prefix	449	1917
sample	flat	stardict	raw	prefix	450	499042
sample	flat	stardict	raw	prefix	451	155625
sample	flat	stardict	raw	prefix	452	4750
sample	flat	stardict	raw	prefix	453	791
sample	flat	stardict	raw	prefix	454	140584
sample	flat	stardict	raw	prefix	455	425167
sample	flat	stardict	raw	prefix	456	8208
sample	flat	stardict	raw	prefix	457	2083
sample	flat	stardict	raw	prefix	458	145584
sample	flat	stardict	raw	prefix	459	154208
sample	flat	stardict	raw	prefix	460	6958
sample	flat	stardict	raw	prefix	461	708
sample	flat	stardict	raw	prefix	462	144584
sample	flat	stardict	raw	prefix	463	430041
sample	flat	stardict	raw	prefix	464	5333
sample	flat	stardict	raw	prefix	465	2416
sample	flat	stardict	raw	prefix	466	145292
sample	flat	stardict	raw	prefix	467	259459
sample	flat	stardict	raw	prefix	468	13542
sample	flat	stardict	raw	prefix	469	542
sample	flat	stardict	raw	prefix	470	1472917
sample	flat	stardict	raw	prefix	471	155792
sample	flat	stardict	raw	prefix	472	8417
sample	flat	stardict	raw	prefix	473	1917
sample	flat	stardict	raw	prefix	474	149875
sample	flat	stardict	raw	prefix	475	415250
sample	flat	stardict	raw	prefix	476	14333
sample	flat	stardict	raw	prefix	477	833
sample	flat	stardict	raw	prefix	478	147833
sample	flat	stardict	raw	prefix	479	148500
sample	flat	stardict	raw	prefix	480	12208
sample	flat	stardict	raw	prefix	481	2500
sample	flat	stardict	raw	prefix	482	151250
sample	flat	stardict	raw	prefix	483	559500
sample	flat	stardict	raw	prefix	484	12083
sample	flat	stardict	raw	prefix	485	708
sample	flat	stardict	raw	prefix	486	157000
sample	flat	stardict	raw	prefix	487	157708
sample	flat	stardict	raw	prefix	488	62042
sample	flat	stardict	raw	prefix	489	10458
sample	flat	stardict	raw	prefix	490	512292
sample	flat	stardict	raw	prefix	491	155459
sample	flat	stardict	raw	prefix	492	9250
sample	flat	stardict	raw	prefix	493	667
sample	flat	stardict	raw	prefix	494	144792
sample	flat	stardict	raw	prefix	495	150417
sample	flat	stardict	raw	prefix	496	7500
sample	flat	stardict	raw	prefix	497	2083
sample	flat	stardict	raw	prefix	498	142291
sample	flat	stardict	raw	prefix	499	243375
sample	flat	stardict	raw	prefix	500	9667
sample	flat	stardict	raw	prefix	501	792
sample	flat	stardict	raw	prefix	502	144375
sample	flat	stardict	raw	prefix	503	281708
sample	flat	stardict	raw	prefix	504	14958
sample	flat	stardict	raw	prefix	505	4417
sample	flat	stardict	raw	prefix	506	204625
sample	flat	stardict	raw	prefix	507	162250
sample	flat	stardict	raw	prefix	508	10542
sample	flat	stardict	raw	prefix	509	708
sample	flat	stardict	raw	prefix	510	144250
sample	flat	stardict	raw	prefix	511	158708
sample	flat	stardict	raw	prefix	512	7875
sample	flat	stardict	raw	prefix	513	2333
sample	flat	stardict	raw	prefix	514	150208
sample	flat	stardict	raw	prefix	515	152833
sample	flat	stardict	raw	prefix	516	9000
sample	flat	stardict	raw	prefix	517	791
sample	flat	stardict	raw	prefix	518	146709
sample	flat	stardict	raw	prefix	519	156000
sample	flat	stardict	raw	prefix	520	14625
sample	flat	stardict	raw	prefix	521	3541
sample	flat	stardict	raw	prefix	522	496208
sample	flat	stardict	raw	prefix	523	160000
sample	flat	stardict	raw	prefix	524	35042
sample	flat	stardict	raw	prefix	525	10750
sample	flat	stardict	raw	prefix	526	299792
sample	flat	stardict	raw	prefix	527	143958
sample	flat	stardict	raw	prefix	528	7542
sample	flat	stardict	raw	prefix	529	1959
sample	flat	stardict	raw	prefix	530	143625
sample	flat	stardict	raw	prefix	531	148292
sample	flat	stardict	raw	prefix	532	6542
sample	flat	stardict	raw	prefix	533	4250
sample	flat	stardict	raw	prefix	534	330000
sample	flat	stardict	raw	prefix	535	145625
sample	flat	stardict	raw	prefix	536	5333
sample	flat	stardict	raw	prefix	537	2792
sample	flat	stardict	raw	prefix	538	142750
sample	flat	stardict	raw	prefix	539	141375
sample	flat	stardict	raw	prefix	540	7666
sample	flat	stardict	raw	prefix	541	666
sample	flat	stardict	raw	prefix	542	142209
sample	flat	stardict	raw	prefix	543	265125
sample	flat	stardict	raw	prefix	544	10334
sample	flat	stardict	raw	prefix	545	2875
sample	flat	stardict	raw	prefix	546	212292
sample	flat	stardict	raw	prefix	547	151958
sample	flat	stardict	raw	prefix	548	20334
sample	flat	stardict	raw	prefix	549	1083
sample	flat	stardict	raw	prefix	550	146250
sample	flat	stardict	raw	prefix	551	147583
sample	flat	stardict	raw	prefix	552	11625
sample	flat	stardict	raw	prefix	553	2667
sample	flat	stardict	raw	prefix	554	143250
sample	flat	stardict	raw	prefix	555	338584
sample	flat	stardict	raw	prefix	556	9500
sample	flat	stardict	raw	prefix	557	750
sample	flat	stardict	raw	prefix	558	145250
sample	flat	stardict	raw	prefix	559	151458
sample	flat	stardict	raw	prefix	560	3958
sample	flat	stardict	raw	prefix	561	3542
sample	flat	stardict	raw	prefix	562	145334
sample	flat	stardict	raw	prefix	563	154417
sample	flat	stardict	raw	prefix	564	23750
sample	flat	stardict	raw	prefix	565	4750
sample	flat	stardict	raw	prefix	566	390791
sample	flat	stardict	raw	prefix	567	163042
sample	flat	stardict	raw	prefix	568	6625
sample	flat	stardict	raw	prefix	569	2292
sample	flat	stardict	raw	prefix	570	141417
sample	flat	stardict	raw	prefix	571	320916
sample	flat	stardict	raw	prefix	572	7166
sample	flat	stardict	raw	prefix	573	625
sample	flat	stardict	raw	prefix	574	141375
sample	flat	stardict	raw	prefix	575	151625
sample	flat	stardict	raw	prefix	576	5250
sample	flat	stardict	raw	prefix	577	2125
sample	flat	stardict	raw	prefix	578	141958
sample	flat	stardict	raw	prefix	579	151791
sample	flat	stardict	raw	prefix	580	7666
sample	flat	stardict	raw	prefix	581	666
sample	flat	stardict	raw	prefix	582	141375
sample	flat	stardict	raw	prefix	583	152416
sample	flat	stardict	raw	prefix	584	5208
sample	flat	stardict	raw	prefix	585	2084
sample	flat	stardict	raw	prefix	586	141584
sample	flat	stardict	raw	prefix	587	147667
sample	flat	stardict	raw	prefix	588	27417
sample	flat	stardict	raw	prefix	589	2291
sample	flat	stardict	raw	prefix	590	146834
sample	flat	stardict	raw	prefix	591	159375
sample	flat	stardict	raw	prefix	592	4334
sample	flat	stardict	raw	prefix	593	1541
sample	flat	stardict	raw	prefix	594	617833
sample	flat	stardict	raw	prefix	595	146875
sample	flat	stardict	raw	prefix	596	17792
sample	flat	stardict	raw	prefix	597	1666
sample	flat	stardict	raw	prefix	598	509125
sample	flat	stardict	raw	prefix	599	156750
sample	flat	stardict	raw	prefix	600	2750
sample	flat	stardict	raw	prefix	601	1416
sample	flat	stardict	raw	prefix	602	138708
sample	flat	stardict	raw	prefix	603	197542
sample	flat	stardict	raw	prefix	604	8333
sample	flat	stardict	raw	prefix	605	1459
sample	flat	stardict	raw	prefix	606	382125
sample	flat	stardict	raw	prefix	607	159500
sample	flat	stardict	raw	prefix	608	2667
sample	flat	stardict	raw	prefix	609	1542
sample	flat	stardict	raw	prefix	610	422958
sample	flat	stardict	raw	prefix	611	150500
sample	flat	stardict	raw	prefix	612	8958
sample	flat	stardict	raw	prefix	613	667
sample	flat	stardict	raw	prefix	614	144375
sample	flat	stardict	raw	prefix	615	166667
sample	flat	stardict	raw	prefix	616	3625
sample	flat	stardict	raw	prefix	617	1708
sample	flat	stardict	raw	prefix	618	138416
sample	flat	stardict	raw	prefix	619	154292
sample	flat	stardict	raw	prefix	620	11541
sample	flat	stardict	raw	prefix	621	750
sample	flat	stardict	raw	prefix	622	148833
sample	flat	stardict	raw	prefix	623	162625
sample	flat	stardict	raw	prefix	624	6833
sample	flat	stardict	raw	prefix	625	2250
sample	flat	stardict	raw	prefix	626	144875
sample	flat	stardict	raw	prefix	627	149208
sample	flat	stardict	raw	prefix	628	29667
sample	flat	stardict	raw	prefix	629	3209
sample	flat	stardict	raw	prefix	630	149209
sample	flat	stardict	raw	prefix	631	436292
sample	flat	stardict	raw	prefix	632	15375
sample	flat	stardict	raw	prefix	633	6667
sample	flat	stardict	raw	prefix	634	401583
sample	flat	stardict	raw	prefix	635	153708
sample	flat	stardict	raw	prefix	636	23333
sample	flat	stardict	raw	prefix	637	3292
sample	flat	stardict	raw	prefix	638	208125
sample	flat	stardict	raw	prefix	639	165500
sample	flat	stardict	raw	prefix	640	3458
sample	flat	stardict	raw	prefix	641	1667
sample	flat	stardict	raw	prefix	642	142625
sample	flat	stardict	raw	prefix	643	155416
sample	flat	stardict	raw	prefix	644	910709
sample	flat	stardict	raw	prefix	645	2125
sample	flat	stardict	raw	prefix	646	152916
sample	flat	stardict	raw	prefix	647	1583958
sample	flat	stardict	raw	prefix	648	11125
sample	flat	stardict	raw	prefix	649	2625
sample	flat	stardict	raw	prefix	650	152625
sample	flat	stardict	raw	prefix	651	183125
sample	flat	stardict	raw	prefix	652	8666
sample	flat	stardict	raw	prefix	653	792
sample	flat	stardict	raw	prefix	654	187166
sample	flat	stardict	raw	prefix	655	422166
sample	flat	stardict	raw	prefix	656	7125
sample	flat	stardict	raw	prefix	657	2708
sample	flat	stardict	raw	prefix	658	150083
sample	flat	stardict	raw	prefix	659	184875
sample	flat	stardict	raw	prefix	660	10667
sample	flat	stardict	raw	prefix	661	1625
sample	flat	stardict	raw	prefix	662	147666
sample	flat	stardict	raw	prefix	663	159667
sample	flat	stardict	raw	prefix	664	11875
sample	flat	stardict	raw	prefix	665	3584
sample	flat	stardict	raw	prefix	666	452625
sample	flat	stardict	raw	prefix	667	161417
sample	flat	stardict	raw	prefix	668	2750
sample	flat	stardict	raw	prefix	669	667
sample	flat	stardict	raw	prefix	670	228000
sample	flat	stardict	raw	prefix	671	158917
sample	flat	stardict	raw	prefix	672	8459
sample	flat	stardict	raw	prefix	673	3125
sample	flat	stardict	raw	prefix	674	146625
sample	flat	stardict	raw	prefix	675	146875
sample	flat	stardict	raw	prefix	676	7583
sample	flat	stardict	raw	prefix	677	708
sample	flat	stardict	raw	prefix	678	146083
sample	flat	stardict	raw	prefix	679	149333
sample	flat	stardict	raw	prefix	680	7750
sample	flat	stardict	raw	prefix	681	2625
sample	flat	stardict	raw	prefix	682	147500
sample	flat	stardict	raw	prefix	683	151750
sample	flat	stardict	raw	prefix	684	9166
sample	flat	stardict	raw	prefix	685	875
sample	flat	stardict	raw	prefix	686	149708
sample	flat	stardict	raw	prefix	687	153875
sample	flat	stardict	raw	prefix	688	14625
sample	flat	stardict	raw	prefix	689	4083
sample	flat	stardict	raw	prefix	690	305708
sample	flat	stardict	raw	prefix	691	158959
sample	flat	stardict	raw	prefix	692	4333
sample	flat	stardict	raw	prefix	693	833
sample	flat	stardict	raw	prefix	694	143417
sample	flat	stardict	raw	prefix	695	147333
sample	flat	stardict	raw	prefix	696	7917
sample	flat	stardict	raw	prefix	697	2458
sample	flat	stardict	raw	prefix	698	145416
sample	flat	stardict	raw	prefix	699	145125
sample	flat	stardict	raw	prefix	700	11833
sample	flat	stardict	raw	prefix	701	750
sample	flat	stardict	raw	prefix	702	145708
sample	flat	stardict	raw	prefix	703	151250
sample	flat	stardict	raw	prefix	704	19583
sample	flat	stardict	raw	prefix	705	6000
sample	flat	stardict	raw	prefix	706	475667
sample	flat	stardict	raw	prefix	707	152375
sample	flat	stardict	raw	prefix	708	9084
sample	flat	stardict	raw	prefix	709	625
sample	flat	stardict	raw	prefix	710	144875
sample	flat	stardict	raw	prefix	711	459333
sample	flat	stardict	raw	prefix	712	9917
sample	flat	stardict	raw	prefix	713	2625
sample	flat	stardict	raw	prefix	714	144792
sample	flat	stardict	raw	prefix	715	141250
sample	flat	stardict	raw	prefix	716	7209
sample	flat	stardict	raw	prefix	717	875
sample	flat	stardict	raw	prefix	718	151958
sample	flat	stardict	raw	prefix	719	147791
sample	flat	stardict	raw	prefix	720	10333
sample	flat	stardict	raw	prefix	721	2625
sample	flat	stardict	raw	prefix	722	148458
sample	flat	stardict	raw	prefix	723	142042
sample	flat	stardict	raw	prefix	724	9375
sample	flat	stardict	raw	prefix	725	584
sample	flat	stardict	raw	prefix	726	144750
sample	flat	stardict	raw	prefix	727	166583
sample	flat	stardict	raw	prefix	728	5833
sample	flat	stardict	raw	prefix	729	1625
sample	flat	stardict	raw	prefix	730	143750
sample	flat	stardict	raw	prefix	731	158875
sample	flat	stardict	raw	prefix	732	3833
sample	flat	stardict	raw	prefix	733	625
sample	flat	stardict	raw	prefix	734	141208
sample	flat	stardict	raw	prefix	735	150125
sample	flat	stardict	raw	prefix	736	6541
sample	flat	stardict	raw	prefix	737	2208
sample	flat	stardict	raw	prefix	738	173084
sample	flat	stardict	raw	prefix	739	577000
sample	flat	stardict	raw	prefix	740	8667
sample	flat	stardict	raw	prefix	741	792
sample	flat	stardict	raw	prefix	742	147458
sample	flat	stardict	raw	prefix	743	202417
sample	flat	stardict	raw	prefix	744	10542
sample	flat	stardict	raw	prefix	745	2167
sample	flat	stardict	raw	prefix	746	146250
sample	flat	stardict	raw	prefix	747	652208
sample	flat	stardict	raw	prefix	748	11084
sample	flat	stardict	raw	prefix	749	625
sample	flat	stardict	raw	prefix	750	146667
sample	flat	stardict	raw	prefix	751	147416
sample	flat	stardict	raw	prefix	752	7292
sample	flat	stardict	raw	prefix	753	1708
sample	flat	stardict	raw	prefix	754	143000
sample	flat	stardict	raw	prefix	755	163541
sample	flat	stardict	raw	prefix	756	3042
sample	flat	stardict	raw	prefix	757	708
sample	flat	stardict	raw	prefix	758	139916
sample	flat	stardict	raw	prefix	759	248250
sample	flat	stardict	raw	prefix	760	4750
sample	flat	stardict	raw	prefix	761	2000
sample	flat	stardict	raw	prefix	762	144041
sample	flat	stardict	raw	prefix	763	157334
sample	flat	stardict	raw	prefix	764	3791
sample	flat	stardict	raw	prefix	765	667
sample	flat	stardict	raw	prefix	766	242333
sample	flat	stardict	raw	prefix	767	155875
sample	flat	stardict	raw	prefix	768	15542
sample	flat	stardict	raw	prefix	769	3666
sample	flat	stardict	raw	prefix	770	368416
sample	flat	stardict	raw	prefix	771	159458
sample	flat	stardict	raw	prefix	772	3416
sample	flat	stardict	raw	prefix	773	667
sample	flat	stardict	raw	prefix	774	138917
sample	flat	stardict	raw	prefix	775	144166
sample	flat	stardict	raw	prefix	776	8625
sample	flat	stardict	raw	prefix	777	2708
sample	flat	stardict	raw	prefix	778	144250
sample	flat	stardict	raw	prefix	779	414459
sample	flat	stardict	raw	prefix	780	7417
sample	flat	stardict	raw	prefix	781	583
sample	flat	stardict	raw	prefix	782	142875
sample	flat	stardict	raw	prefix	783	145042
sample	flat	stardict	raw	prefix	784	5500
sample	flat	stardict	raw	prefix	785	2084
sample	flat	stardict	raw	prefix	786	142500
sample	flat	stardict	raw	prefix	787	155708
sample	flat	stardict	raw	prefix	788	5500
sample	flat	stardict	raw	prefix	789	625
sample	flat	stardict	raw	prefix	790	143542
sample	flat	stardict	raw	prefix	791	642167
sample	flat	stardict	raw	prefix	792	7625
sample	flat	stardict	raw	prefix	793	3000
sample	flat	stardict	raw	prefix	794	143958
sample	flat	stardict	raw	prefix	795	436042
sample	flat	stardict	raw	prefix	796	21250
sample	flat	stardict	raw	prefix	797	2792
sample	flat	stardict	raw	prefix	798	148000
sample	flat	stardict	raw	prefix	799	147083
sample	flat	stardict	raw	prefix	800	4000
sample	flat	stardict	raw	prefix	801	1958
sample	flat	stardict	raw	prefix	802	144250
sample	flat	stardict	raw	prefix	803	149375
sample	flat	stardict	raw	prefix	804	23000
sample	flat	stardict	raw	prefix	805	3084
sample	flat	stardict	raw	prefix	806	146250
sample	flat	stardict	raw	prefix	807	162542
sample	flat	stardict	raw	prefix	808	4458
sample	flat	stardict	raw	prefix	809	2125
sample	flat	stardict	raw	prefix	810	144958
sample	flat	stardict	raw	prefix	811	156792
sample	flat	stardict	raw	prefix	812	14042
sample	flat	stardict	raw	prefix	813	1209
sample	flat	stardict	raw	prefix	814	1280000
sample	flat	stardict	raw	prefix	815	161834
sample	flat	stardict	raw	prefix	816	7750
sample	flat	stardict	raw	prefix	817	2250
sample	flat	stardict	raw	prefix	818	410291
sample	flat	stardict	raw	prefix	819	439958
sample	flat	stardict	raw	prefix	820	9000
sample	flat	stardict	raw	prefix	821	625
sample	flat	stardict	raw	prefix	822	146583
sample	flat	stardict	raw	prefix	823	154250
sample	flat	stardict	raw	prefix	824	7916
sample	flat	stardict	raw	prefix	825	8000
sample	flat	stardict	raw	prefix	826	407084
sample	flat	stardict	raw	prefix	827	167875
sample	flat	stardict	raw	prefix	828	21667
sample	flat	stardict	raw	prefix	829	750
sample	flat	stardict	raw	prefix	830	147375
sample	flat	stardict	raw	prefix	831	206250
sample	flat	stardict	raw	prefix	832	20917
sample	flat	stardict	raw	prefix	833	3625
sample	flat	stardict	raw	prefix	834	150916
sample	flat	stardict	raw	prefix	835	155792
sample	flat	stardict	raw	prefix	836	6167
sample	flat	stardict	raw	prefix	837	584
sample	flat	stardict	raw	prefix	838	143417
sample	flat	stardict	raw	prefix	839	155333
sample	flat	stardict	raw	prefix	840	14792
sample	flat	stardict	raw	prefix	841	4750
sample	flat	stardict	raw	prefix	842	643125
sample	flat	stardict	raw	prefix	843	447000
sample	flat	stardict	raw	prefix	844	10959
sample	flat	stardict	raw	prefix	845	833
sample	flat	stardict	raw	prefix	846	145000
sample	flat	stardict	raw	prefix	847	150709
sample	flat	stardict	raw	prefix	848	22000
sample	flat	stardict	raw	prefix	849	4459
sample	flat	stardict	raw	prefix	850	147375
sample	flat	stardict	raw	prefix	851	147625
sample	flat	stardict	raw	prefix	852	9916
sample	flat	stardict	raw	prefix	853	625
sample	flat	stardict	raw	prefix	854	146750
sample	flat	stardict	raw	prefix	855	147208
sample	flat	stardict	raw	prefix	856	8750
sample	flat	stardict	raw	prefix	857	2291
sample	flat	stardict	raw	prefix	858	147791
sample	flat	stardict	raw	prefix	859	364250
sample	flat	stardict	raw	prefix	860	7125
sample	flat	stardict	raw	prefix	861	750
sample	flat	stardict	raw	prefix	862	146583
sample	flat	stardict	raw	prefix	863	148292
sample	flat	stardict	raw	prefix	864	9917
sample	flat	stardict	raw	prefix	865	2375
sample	flat	stardict	raw	prefix	866	147083
sample	flat	stardict	raw	prefix	867	154916
sample	flat	stardict	raw	prefix	868	4458
sample	flat	stardict	raw	prefix	869	625
sample	flat	stardict	raw	prefix	870	138917
sample	flat	stardict	raw	prefix	871	171000
sample	flat	stardict	raw	prefix	872	8125
sample	flat	stardict	raw	prefix	873	2750
sample	flat	stardict	raw	prefix	874	146209
sample	flat	stardict	raw	prefix	875	372541
sample	flat	stardict	raw	prefix	876	20500
sample	flat	stardict	raw	prefix	877	3000
sample	flat	stardict	raw	prefix	878	147916
sample	flat	stardict	raw	prefix	879	153875
sample	flat	stardict	raw	prefix	880	3833
sample	flat	stardict	raw	prefix	881	1875
sample	flat	stardict	raw	prefix	882	941458
sample	flat	stardict	raw	prefix	883	154208
sample	flat	stardict	raw	prefix	884	11167
sample	flat	stardict	raw	prefix	885	875
sample	flat	stardict	raw	prefix	886	146208
sample	flat	stardict	raw	prefix	887	1307084
sample	flat	stardict	raw	prefix	888	5833
sample	flat	stardict	raw	prefix	889	1792
sample	flat	stardict	raw	prefix	890	144583
sample	flat	stardict	raw	prefix	891	154416
sample	flat	stardict	raw	prefix	892	10500
sample	flat	stardict	raw	prefix	893	708
sample	flat	stardict	raw	prefix	894	175709
sample	flat	stardict	raw	prefix	895	253916
sample	flat	stardict	raw	prefix	896	8833
sample	flat	stardict	raw	prefix	897	2375
sample	flat	stardict	raw	prefix	898	147083
sample	flat	stardict	raw	prefix	899	150125
sample	flat	stardict	raw	prefix	900	7417
sample	flat	stardict	raw	prefix	901	583
sample	flat	stardict	raw	prefix	902	143542
sample	flat	stardict	raw	prefix	903	494542
sample	flat	stardict	raw	prefix	904	7417
sample	flat	stardict	raw	prefix	905	2084
sample	flat	stardict	raw	prefix	906	143375
sample	flat	stardict	raw	prefix	907	152250
sample	flat	stardict	raw	prefix	908	3334
sample	flat	stardict	raw	prefix	909	625
sample	flat	stardict	raw	prefix	910	140625
sample	flat	stardict	raw	prefix	911	160708
sample	flat	stardict	raw	prefix	912	3334
sample	flat	stardict	raw	prefix	913	1916
sample	flat	stardict	raw	prefix	914	142541
sample	flat	stardict	raw	prefix	915	157000
sample	flat	stardict	raw	prefix	916	17292
sample	flat	stardict	raw	prefix	917	1625
sample	flat	stardict	raw	prefix	918	145250
sample	flat	stardict	raw	prefix	919	161916
sample	flat	stardict	raw	prefix	920	16458
sample	flat	stardict	raw	prefix	921	4541
sample	flat	stardict	raw	prefix	922	387000
sample	flat	stardict	raw	prefix	923	151375
sample	flat	stardict	raw	prefix	924	8708
sample	flat	stardict	raw	prefix	925	750
sample	flat	stardict	raw	prefix	926	141916
sample	flat	stardict	raw	prefix	927	156417
sample	flat	stardict	raw	prefix	928	6042
sample	flat	stardict	raw	prefix	929	2375
sample	flat	stardict	raw	prefix	930	147542
sample	flat	stardict	raw	prefix	931	146833
sample	flat	stardict	raw	prefix	932	10417
sample	flat	stardict	raw	prefix	933	584
sample	flat	stardict	raw	prefix	934	147625
sample	flat	stardict	raw	prefix	935	158667
sample	flat	stardict	raw	prefix	936	23958
sample	flat	stardict	raw	prefix	937	7083
sample	flat	stardict	raw	prefix	938	144875
sample	flat	stardict	raw	prefix	939	152125
sample	flat	stardict	raw	prefix	940	5666
sample	flat	stardict	raw	prefix	941	625
sample	flat	stardict	raw	prefix	942	142959
sample	flat	stardict	raw	prefix	943	403917
sample	flat	stardict	raw	prefix	944	5333
sample	flat	stardict	raw	prefix	945	1750
sample	flat	stardict	raw	prefix	946	144667
sample	flat	stardict	raw	prefix	947	160083
sample	flat	stardict	raw	prefix	948	12333
sample	flat	stardict	raw	prefix	949	750
sample	flat	stardict	raw	prefix	950	143125
sample	flat	stardict	raw	prefix	951	153417
sample	flat	stardict	raw	prefix	952	20209
sample	flat	stardict	raw	prefix	953	4958
sample	flat	stardict	raw	prefix	954	497875
sample	flat	stardict	raw	prefix	955	555167
sample	flat	stardict	raw	prefix	956	11709
sample	flat	stardict	raw	prefix	957	583
sample	flat	stardict	raw	prefix	958	144916
sample	flat	stardict	raw	prefix	959	159500
sample	flat	stardict	raw	prefix	960	11083
sample	flat	stardict	raw	prefix	961	2542
sample	flat	stardict	raw	prefix	962	148333
sample	flat	stardict	raw	prefix	963	444417
sample	flat	stardict	raw	prefix	964	17041
sample	flat	stardict	raw	prefix	965	833
sample	flat	stardict	raw	prefix	966	484750
sample	flat	stardict	raw	prefix	967	207000
sample	flat	stardict	raw	prefix	968	9625
sample	flat	stardict	raw	prefix	969	2416
sample	flat	stardict	raw	prefix	970	206625
sample	flat	stardict	raw	prefix	971	148459
sample	flat	stardict	raw	prefix	972	23291
sample	flat	stardict	raw	prefix	973	3291
sample	flat	stardict	raw	prefix	974	362333
sample	flat	stardict	raw	prefix	975	151041
sample	flat	stardict	raw	prefix	976	6542
sample	flat	stardict	raw	prefix	977	1833
sample	flat	stardict	raw	prefix	978	146084
sample	flat	stardict	raw	prefix	979	143042
sample	flat	stardict	raw	prefix	980	22875
sample	flat	stardict	raw	prefix	981	3208
sample	flat	stardict	raw	prefix	982	145916
sample	flat	stardict	raw	prefix	983	144125
sample	flat	stardict	raw	prefix	984	7833
sample	flat	stardict	raw	prefix	985	2291
sample	flat	stardict	raw	prefix	986	144959
sample	flat	stardict	raw	prefix	987	158708
sample	flat	stardict	raw	prefix	988	7375
sample	flat	stardict	raw	prefix	989	667
sample	flat	stardict	raw	prefix	990	140000
sample	flat	stardict	raw	prefix	991	355708
sample	flat	stardict	raw	prefix	992	4458
sample	flat	stardict	raw	prefix	993	2125
sample	flat	stardict	raw	prefix	994	143791
sample	flat	stardict	raw	prefix	995	163333
sample	flat	stardict	raw	prefix	996	3917
sample	flat	stardict	raw	prefix	997	584
sample	flat	stardict	raw	prefix	998	142250
sample	flat	stardict	raw	prefix	999	158500
sample	flat	stardict	raw	render	0	10458
sample	flat	stardict	raw	render	1	3583
sample	flat	stardict	raw	render	2	3042
sample	flat	stardict	raw	render	3	2125
sample	flat	stardict	raw	render	4	2041
sample	flat	stardict	raw	render	5	2042
sample	flat	stardict	raw	render	6	2291
sample	flat	stardict	raw	render	7	1542
sample	flat	stardict	raw	render	8	1459
sample	flat	stardict	raw	render	9	1583
sample	flat	stardict	raw	render	10	1792
sample	flat	stardict	raw	render	11	1750
sample	flat	stardict	raw	render	12	1875
sample	flat	stardict	raw	render	13	1792
sample	flat	stardict	raw	render	14	2625
sample	flat	stardict	raw	render	15	4416
sample	flat	stardict	raw	render	16	1042
sample	flat	stardict	raw	render	17	875
sample	flat	stardict	raw	render	18	667
sample	flat	stardict	raw	render	19	750
sample	flat	stardict	raw	render	20	708
sample	flat	stardict	raw	render	21	792
sample	flat	stardict	raw	render	22	875
sample	flat	stardict	raw	render	23	792
sample	flat	stardict	raw	render	24	708
sample	flat	stardict	raw	render	25	625
sample	flat	stardict	raw	render	26	625
sample	flat	stardict	raw	render	27	500
sample	flat	stardict	raw	render	28	667
sample	flat	stardict	raw	render	29	625
sample	flat	stardict	raw	render	30	500
sample	flat	stardict	raw	render	31	417
sample	flat	stardict	raw	render	32	583
sample	flat	stardict	raw	render	33	667
sample	flat	stardict	raw	render	34	625
sample	flat	stardict	raw	render	35	709
sample	flat	stardict	raw	render	36	500
sample	flat	stardict	raw	render	37	584
sample	flat	stardict	raw	render	38	750
sample	flat	stardict	raw	render	39	791
sample	flat	stardict	raw	render	40	334
sample	flat	stardict	raw	render	41	625
sample	flat	stardict	raw	render	42	542
sample	flat	stardict	raw	render	43	583
sample	flat	stardict	raw	render	44	750
sample	flat	stardict	raw	render	45	708
sample	flat	stardict	raw	render	46	417
sample	flat	stardict	raw	render	47	500
sample	flat	stardict	raw	render	48	375
sample	flat	stardict	raw	render	49	416
sample	flat	stardict	raw	render	50	209
sample	flat	stardict	raw	render	51	375
sample	flat	stardict	raw	render	52	416
sample	flat	stardict	raw	render	53	417
sample	flat	stardict	raw	render	54	417
sample	flat	stardict	raw	render	55	250
sample	flat	stardict	raw	render	56	583
sample	flat	stardict	raw	render	57	333
sample	flat	stardict	raw	render	58	209
sample	flat	stardict	raw	render	59	292
sample	flat	stardict	raw	render	60	417
sample	flat	stardict	raw	render	61	459
sample	flat	stardict	raw	render	62	333
sample	flat	stardict	raw	render	63	292
sample	flat	stardict	raw	render	64	416
sample	flat	stardict	raw	render	65	708
sample	flat	stardict	raw	render	66	333
sample	flat	stardict	raw	render	67	333
sample	flat	stardict	raw	render	68	250
sample	flat	stardict	raw	render	69	375
sample	flat	stardict	raw	render	70	375
sample	flat	stardict	raw	render	71	167
sample	flat	stardict	raw	render	72	292
sample	flat	stardict	raw	render	73	500
sample	flat	stardict	raw	render	74	500
sample	flat	stardict	raw	render	75	458
sample	flat	stardict	raw	render	76	291
sample	flat	stardict	raw	render	77	292
sample	flat	stardict	raw	render	78	542
sample	flat	stardict	raw	render	79	292
sample	flat	stardict	raw	render	80	208
sample	flat	stardict	raw	render	81	583
sample	flat	stardict	raw	render	82	625
sample	flat	stardict	raw	render	83	541
sample	flat	stardict	raw	render	84	500
sample	flat	stardict	raw	render	85	458
sample	flat	stardict	raw	render	86	500
sample	flat	stardict	raw	render	87	459
sample	flat	stardict	raw	render	88	417
sample	flat	stardict	raw	render	89	250
sample	flat	stardict	raw	render	90	333
sample	flat	stardict	raw	render	91	583
sample	flat	stardict	raw	render	92	500
sample	flat	stardict	raw	render	93	333
sample	flat	stardict	raw	render	94	500
sample	flat	stardict	raw	render	95	250
sample	flat	stardict	raw	render	96	291
sample	flat	stardict	raw	render	97	292
sample	flat	stardict	raw	render	98	292
sample	flat	stardict	raw	render	99	625
sample	flat	stardict	raw	render	100	375
sample	flat	stardict	raw	render	101	416
sample	flat	stardict	raw	render	102	500
sample	flat	stardict	raw	render	103	500
sample	flat	stardict	raw	render	104	667
sample	flat	stardict	raw	render	105	375
sample	flat	stardict	raw	render	106	500
sample	flat	stardict	raw	render	107	292
sample	flat	stardict	raw	render	108	584
sample	flat	stardict	raw	render	109	500
sample	flat	stardict	raw	render	110	417
sample	flat	stardict	raw	render	111	250
sample	flat	stardict	raw	render	112	500
sample	flat	stardict	raw	render	113	417
sample	flat	stardict	raw	render	114	375
sample	flat	stardict	raw	render	115	333
sample	flat	stardict	raw	render	116	500
sample	flat	stardict	raw	render	117	375
sample	flat	stardict	raw	render	118	417
sample	flat	stardict	raw	render	119	250
sample	flat	stardict	raw	render	120	458
sample	flat	stardict	raw	render	121	292
sample	flat	stardict	raw	render	122	334
sample	flat	stardict	raw	render	123	375
sample	flat	stardict	raw	render	124	375
sample	flat	stardict	raw	render	125	542
sample	flat	stardict	raw	render	126	625
sample	flat	stardict	raw	render	127	500
sample	flat	stardict	raw	render	128	333
sample	flat	stardict	raw	render	129	625
sample	flat	stardict	raw	render	130	500
sample	flat	stardict	raw	render	131	250
sample	flat	stardict	raw	render	132	542
sample	flat	stardict	raw	render	133	334
sample	flat	stardict	raw	render	134	417
sample	flat	stardict	raw	render	135	375
sample	flat	stardict	raw	render	136	541
sample	flat	stardict	raw	render	137	417
sample	flat	stardict	raw	render	138	416
sample	flat	stardict	raw	render	139	375
sample	flat	stardict	raw	render	140	250
sample	flat	stardict	raw	render	141	584
sample	flat	stardict	raw	render	142	458
sample	flat	stardict	raw	render	143	416
sample	flat	stardict	raw	render	144	500
sample	flat	stardict	raw	render	145	542
sample	flat	stardict	raw	render	146	625
sample	flat	stardict	raw	render	147	500
sample	flat	stardict	raw	render	148	417
sample	flat	stardict	raw	render	149	167
sample	flat	stardict	raw	render	150	333
sample	flat	stardict	raw	render	151	542
sample	flat	stardict	raw	render	152	292
sample	flat	stardict	raw	render	153	209
sample	flat	stardict	raw	render	154	333
sample	flat	stardict	raw	render	155	334
sample	flat	stardict	raw	render	156	375
sample	flat	stardict	raw	render	157	375
sample	flat	stardict	raw	render	158	167
sample	flat	stardict	raw	render	159	416
sample	flat	stardict	raw	render	160	292
sample	flat	stardict	raw	render	161	458
sample	flat	stardict	raw	render	162	291
sample	flat	stardict	raw	render	163	709
sample	flat	stardict	raw	render	164	375
sample	flat	stardict	raw	render	165	292
sample	flat	stardict	raw	render	166	375
sample	flat	stardict	raw	render	167	292
sample	flat	stardict	raw	render	168	667
sample	flat	stardict	raw	render	169	375
sample	flat	stardict	raw	render	170	458
sample	flat	stardict	raw	render	171	417
sample	flat	stardict	raw	render	172	375
sample	flat	stardict	raw	render	173	417
sample	flat	stardict	raw	render	174	292
sample	flat	stardict	raw	render	175	250
sample	flat	stardict	raw	render	176	709
sample	flat	stardict	raw	render	177	417
sample	flat	stardict	raw	render	178	459
sample	flat	stardict	raw	render	179	209
sample	flat	stardict	raw	render	180	500
sample	flat	stardict	raw	render	181	416
sample	flat	stardict	raw	render	182	375
sample	flat	stardict	raw	render	183	292
sample	flat	stardict	raw	render	184	10959
sample	flat	stardict	raw	render	185	2167
sample	flat	stardict	raw	render	186	1084
sample	flat	stardict	raw	render	187	1167
sample	flat	stardict	raw	render	188	1125
sample	flat	stardict	raw	render	189	875
sample	flat	stardict	raw	render	190	1125
sample	flat	stardict	raw	render	191	917
sample	flat	stardict	raw	render	192	958
sample	flat	stardict	raw	render	193	1709
sample	flat	stardict	raw	render	194	750
sample	flat	stardict	raw	render	195	459
sample	flat	stardict	raw	render	196	541
sample	flat	stardict	raw	render	197	2750
sample	flat	stardict	raw	render	198	666
sample	flat	stardict	raw	render	199	709
sample	flat	stardict	raw	render	200	1584
sample	flat	stardict	raw	render	201	1250
sample	flat	stardict	raw	render	202	1125
sample	flat	stardict	raw	render	203	792
sample	flat	stardict	raw	render	204	1375
sample	flat	stardict	raw	render	205	917
sample	flat	stardict	raw	render	206	1167
sample	flat	stardict	raw	render	207	958
sample	flat	stardict	raw	render	208	917
sample	flat	stardict	raw	render	209	958
sample	flat	stardict	raw	render	210	792
sample	flat	stardict	raw	render	211	916
sample	flat	stardict	raw	render	212	3042
sample	flat	stardict	raw	render	213	708
sample	flat	stardict	raw	render	214	792
sample	flat	stardict	raw	render	215	542
sample	flat	stardict	raw	render	216	2000
sample	flat	stardict	raw	render	217	667
sample	flat	stardict	raw	render	218	750
sample	flat	stardict	raw	render	219	500
sample	flat	stardict	raw	render	220	792
sample	flat	stardict	raw	render	221	291
sample	flat	stardict	raw	render	222	791
sample	flat	stardict	raw	render	223	583
sample	flat	stardict	raw	render	224	708
sample	flat	stardict	raw	render	225	583
sample	flat	stardict	raw	render	226	583
sample	flat	stardict	raw	render	227	459
sample	flat	stardict	raw	render	228	416
sample	flat	stardict	raw	render	229	750
sample	flat	stardict	raw	render	230	750
sample	flat	stardict	raw	render	231	542
sample	flat	stardict	raw	render	232	666
sample	flat	stardict	raw	render	233	667
sample	flat	stardict	raw	render	234	500
sample	flat	stardict	raw	render	235	417
sample	flat	stardict	raw	render	236	500
sample	flat	stardict	raw	render	237	583
sample	flat	stardict	raw	render	238	416
sample	flat	stardict	raw	render	239	500
sample	flat	stardict	raw	render	240	750
sample	flat	stardict	raw	render	241	5125
sample	flat	stardict	raw	render	242	1292
sample	flat	stardict	raw	render	243	1291
sample	flat	stardict	raw	render	244	1333
sample	flat	stardict	raw	render	245	958
sample	flat	stardict	raw	render	246	958
sample	flat	stardict	raw	render	247	834
sample	flat	stardict	raw	render	248	1291
sample	flat	stardict	raw	render	249	917
sample	flat	stardict	raw	render	250	1500
sample	flat	stardict	raw	render	251	1250
sample	flat	stardict	raw	render	252	2750
sample	flat	stardict	raw	render	253	1208
sample	flat	stardict	raw	render	254	1000
sample	flat	stardict	raw	render	255	1125
sample	flat	stardict	raw	render	256	708
sample	flat	stardict	raw	render	257	583
sample	flat	stardict	raw	render	258	583
sample	flat	stardict	raw	render	259	750
sample	flat	stardict	raw	render	260	542
sample	flat	stardict	raw	render	261	542
sample	flat	stardict	raw	render	262	1584
sample	flat	stardict	raw	render	263	750
sample	flat	stardict	raw	render	264	750
sample	flat	stardict	raw	render	265	542
sample	flat	stardict	raw	render	266	1292
sample	flat	stardict	raw	render	267	625
sample	flat	stardict	raw	render	268	875
sample	flat	stardict	raw	render	269	625
sample	flat	stardict	raw	render	270	500
sample	flat	stardict	raw	render	271	750
sample	flat	stardict	raw	render	272	833
sample	flat	stardict	raw	render	273	2125
sample	flat	stardict	raw	render	274	7208
sample	flat	stardict	raw	render	275	625
sample	flat	stardict	raw	render	276	542
sample	flat	stardict	raw	render	277	417
sample	flat	stardict	raw	render	278	625
sample	flat	stardict	raw	render	279	1333
sample	flat	stardict	raw	render	280	1084
sample	flat	stardict	raw	render	281	375
sample	flat	stardict	raw	render	282	292
sample	flat	stardict	raw	render	283	291
sample	flat	stardict	raw	render	284	375
sample	flat	stardict	raw	render	285	333
sample	flat	stardict	raw	render	286	375
sample	flat	stardict	raw	render	287	333
sample	flat	stardict	raw	render	288	667
sample	flat	stardict	raw	render	289	291
sample	flat	stardict	raw	render	290	458
sample	flat	stardict	raw	render	291	2583
sample	flat	stardict	raw	render	292	875
sample	flat	stardict	raw	render	293	958
sample	flat	stardict	raw	render	294	1042
sample	flat	stardict	raw	render	295	667
sample	flat	stardict	raw	render	296	1000
sample	flat	stardict	raw	render	297	875
sample	flat	stardict	raw	render	298	1041
sample	flat	stardict	raw	render	299	833
sample	flat	stardict	raw	render	300	833
sample	flat	stardict	raw	render	301	917
sample	flat	stardict	raw	render	302	959
sample	flat	stardict	raw	render	303	916
sample	flat	stardict	raw	render	304	2541
sample	flat	stardict	raw	render	305	1083
sample	flat	stardict	raw	render	306	542
sample	flat	stardict	raw	render	307	583
sample	flat	stardict	raw	render	308	583
sample	flat	stardict	raw	render	309	542
sample	flat	stardict	raw	render	310	542
sample	flat	stardict	raw	render	311	458
sample	flat	stardict	raw	render	312	500
sample	flat	stardict	raw	render	313	584
sample	flat	stardict	raw	render	314	875
sample	flat	stardict	raw	render	315	625
sample	flat	stardict	raw	render	316	583
sample	flat	stardict	raw	render	317	708
sample	flat	stardict	raw	render	318	666
sample	flat	stardict	raw	render	319	583
sample	flat	stardict	raw	render	320	542
sample	flat	stardict	raw	render	321	375
sample	flat	stardict	raw	render	322	292
sample	flat	stardict	raw	render	323	500
sample	flat	stardict	raw	render	324	375
sample	flat	stardict	raw	render	325	208
sample	flat	stardict	raw	render	326	333
sample	flat	stardict	raw	render	327	375
sample	flat	stardict	raw	render	328	333
sample	flat	stardict	raw	render	329	209
sample	flat	stardict	raw	render	330	334
sample	flat	stardict	raw	render	331	458
sample	flat	stardict	raw	render	332	250
sample	flat	stardict	raw	render	333	250
sample	flat	stardict	raw	render	334	292
sample	flat	stardict	raw	render	335	291
sample	flat	stardict	raw	render	336	333
sample	flat	stardict	raw	render	337	334
sample	flat	stardict	raw	render	338	250
sample	flat	stardict	raw	render	339	417
sample	flat	stardict	raw	render	340	500
sample	flat	stardict	raw	render	341	166
sample	flat	stardict	raw	render	342	208
sample	flat	stardict	raw	render	343	250
sample	flat	stardict	raw	render	344	250
sample	flat	stardict	raw	render	345	292
sample	flat	stardict	raw	render	346	333
sample	flat	stardict	raw	render	347	208
sample	flat	stardict	raw	render	348	292
sample	flat	stardict	raw	render	349	166
sample	flat	stardict	raw	render	350	334
sample	flat	stardict	raw	render	351	167
sample	flat	stardict	raw	render	352	208
sample	flat	stardict	raw	render	353	292
sample	flat	stardict	raw	render	354	750
sample	flat	stardict	raw	render	355	292
sample	flat	stardict	raw	render	356	208
sample	flat	stardict	raw	render	357	209
sample	flat	stardict	raw	render	358	333
sample	flat	stardict	raw	render	359	208
sample	flat	stardict	raw	render	360	208
sample	flat	stardict	raw	render	361	208
sample	flat	stardict	raw	render	362	250
sample	flat	stardict	raw	render	363	333
sample	flat	stardict	raw	render	364	250
sample	flat	stardict	raw	render	365	292
sample	flat	stardict	raw	render	366	333
sample	flat	stardict	raw	render	367	208
sample	flat	stardict	raw	render	368	209
sample	flat	stardict	raw	render	369	292
sample	flat	stardict	raw	render	370	458
sample	flat	stardict	raw	render	371	334
sample	flat	stardict	raw	render	372	167
sample	flat	stardict	raw	render	373	333
sample	flat	stardict	raw	render	374	291
sample	flat	stardict	raw	render	375	292
sample	flat	stardict	raw	render	376	208
sample	flat	stardict	raw	render	377	208
sample	flat	stardict	raw	render	378	292
sample	flat	stardict	raw	render	379	2167
sample	flat	stardict	raw	render	380	5208
sample	flat	stardict	raw	render	381	1292
sample	flat	stardict	raw	render	382	1166
sample	flat	stardict	raw	render	383	1333
sample	flat	stardict	raw	render	384	1125
sample	flat	stardict	raw	render	385	1417
sample	flat	stardict	raw	render	386	1208
sample	flat	stardict	raw	render	387	1250
sample	flat	stardict	raw	render	388	1208
sample	flat	stardict	raw	render	389	1416
sample	flat	stardict	raw	render	390	1250
sample	flat	stardict	raw	render	391	833
sample	flat	stardict	raw	render	392	875
sample	flat	stardict	raw	render	393	791
sample	flat	stardict	raw	render	394	542
sample	flat	stardict	raw	render	395	667
sample	flat	stardict	raw	render	396	708
sample	flat	stardict	raw	render	397	750
sample	flat	stardict	raw	render	398	709
sample	flat	stardict	raw	render	399	833
sample	flat	stardict	raw	render	400	708
sample	flat	stardict	raw	render	401	584
sample	flat	stardict	raw	render	402	625
sample	flat	stardict	raw	render	403	875
sample	flat	stardict	raw	render	404	1000
sample	flat	stardict	raw	render	405	500
sample	flat	stardict	raw	render	406	667
sample	flat	stardict	raw	render	407	500
sample	flat	stardict	raw	render	408	667
sample	flat	stardict	raw	render	409	542
sample	flat	stardict	raw	render	410	541
sample	flat	stardict	raw	render	411	459
sample	flat	stardict	raw	render	412	500
sample	flat	stardict	raw	render	413	708
sample	flat	stardict	raw	render	414	416
sample	flat	stardict	raw	render	415	541
sample	flat	stardict	raw	render	416	375
sample	flat	stardict	raw	render	417	583
sample	flat	stardict	raw	render	418	583
sample	flat	stardict	raw	render	419	500
sample	flat	stardict	raw	render	420	417
sample	flat	stardict	raw	render	421	500
sample	flat	stardict	raw	render	422	625
sample	flat	stardict	raw	render	423	542
sample	flat	stardict	raw	render	424	667
sample	flat	stardict	raw	render	425	416
sample	flat	stardict	raw	render	426	584
sample	flat	stardict	raw	render	427	542
sample	flat	stardict	raw	render	428	584
sample	flat	stardict	raw	render	429	292
sample	flat	stardict	raw	render	430	416
sample	flat	stardict	raw	render	431	209
sample	flat	stardict	raw	render	432	333
sample	flat	stardict	raw	render	433	417
sample	flat	stardict	raw	render	434	333
sample	flat	stardict	raw	render	435	416
sample	flat	stardict	raw	render	436	375
sample	flat	stardict	raw	render	437	416
sample	flat	stardict	raw	render	438	334
sample	flat	stardict	raw	render	439	208
sample	flat	stardict	raw	render	440	333
sample	flat	stardict	raw	render	441	416
sample	flat	stardict	raw	render	442	334
sample	flat	stardict	raw	render	443	1667
sample	flat	stardict	raw	render	444	333
sample	flat	stardict	raw	render	445	833
sample	flat	stardict	raw	render	446	417
sample	flat	stardict	raw	render	447	209
sample	flat	stardict	raw	render	448	416
sample	flat	stardict	raw	render	449	583
sample	flat	stardict	raw	render	450	291
sample	flat	stardict	raw	render	451	375
sample	flat	stardict	raw	render	452	375
sample	flat	stardict	raw	render	453	542
sample	flat	stardict	raw	render	454	375
sample	flat	stardict	raw	render	455	375
sample	flat	stardict	raw	render	456	375
sample	flat	stardict	raw	render	457	583
sample	flat	stardict	raw	render	458	292
sample	flat	stardict	raw	render	459	209
sample	flat	stardict	raw	render	460	625
sample	flat	stardict	raw	render	461	583
sample	flat	stardict	raw	render	462	500
sample	flat	stardict	raw	render	463	458
sample	flat	stardict	raw	render	464	459
sample	flat	stardict	raw	render	465	583
sample	flat	stardict	raw	render	466	416
sample	flat	stardict	raw	render	467	541
sample	flat	stardict	raw	render	468	1000
sample	flat	stardict	raw	render	469	458
sample	flat	stardict	raw	render	470	375
sample	flat	stardict	raw	render	471	334
sample	flat	stardict	raw	render	472	583
sample	flat	stardict	raw	render	473	584
sample	flat	stardict	raw	render	474	583
sample	flat	stardict	raw	render	475	500
sample	flat	stardict	raw	render	476	625
sample	flat	stardict	raw	render	477	667
sample	flat	stardict	raw	render	478	666
sample	flat	stardict	raw	render	479	542
sample	flat	stardict	raw	render	480	5833
sample	flat	stardict	raw	render	481	3000
sample	flat	stardict	raw	render	482	958
sample	flat	stardict	raw	render	483	1958
sample	flat	stardict	raw	render	484	958
sample	flat	stardict	raw	render	485	708
sample	flat	stardict	raw	render	486	5625
sample	flat	stardict	raw	render	487	1209
sample	flat	stardict	raw	render	488	1458
sample	flat	stardict	raw	render	489	2875
sample	flat	stardict	raw	render	490	1333
sample	flat	stardict	raw	render	491	1083
sample	flat	stardict	raw	render	492	1208
sample	flat	stardict	raw	render	493	1250
sample	flat	stardict	raw	render	494	1167
sample	flat	stardict	raw	render	495	1000
sample	flat	stardict	raw	render	496	1291
sample	flat	stardict	raw	render	497	1125
sample	flat	stardict	raw	render	498	2875
sample	flat	stardict	raw	render	499	1208
sample	flat	stardict	raw	render	500	1084
sample	flat	stardict	raw	render	501	709
sample	flat	stardict	raw	render	502	625
sample	flat	stardict	raw	render	503	708
sample	flat	stardict	raw	render	504	792
sample	flat	stardict	raw	render	505	583
sample	flat	stardict	raw	render	506	625
sample	flat	stardict	raw	render	507	583
sample	flat	stardict	raw	render	508	1667
sample	flat	stardict	raw	render	509	708
sample	flat	stardict	raw	render	510	458
sample	flat	stardict	raw	render	511	417
sample	flat	stardict	raw	render	512	541
sample	flat	stardict	raw	render	513	541
sample	flat	stardict	raw	render	514	541
sample	flat	stardict	raw	render	515	417
sample	flat	stardict	raw	render	516	500
sample	flat	stardict	raw	render	517	291
sample	flat	stardict	raw	render	518	334
sample	flat	stardict	raw	render	519	208
sample	flat	stardict	raw	render	520	250
sample	flat	stardict	raw	render	521	584
sample	flat	stardict	raw	render	522	500
sample	flat	stardict	raw	render	523	250
sample	flat	stardict	raw	render	524	250
sample	flat	stardict	raw	render	525	500
sample	flat	stardict	raw	render	526	375
sample	flat	stardict	raw	render	527	209
sample	flat	stardict	raw	render	528	375
sample	flat	stardict	raw	render	529	500
sample	flat	stardict	raw	render	530	417
sample	flat	stardict	raw	render	531	458
sample	flat	stardict	raw	render	532	417
sample	flat	stardict	raw	render	533	250
sample	flat	stardict	raw	render	534	209
sample	flat	stardict	raw	render	535	500
sample	flat	stardict	raw	render	536	250
sample	flat	stardict	raw	render	537	209
sample	flat	stardict	raw	render	538	208
sample	flat	stardict	raw	render	539	250
sample	flat	stardict	raw	render	540	333
sample	flat	stardict	raw	render	541	375
sample	flat	stardict	raw	render	542	416
sample	flat	stardict	raw	render	543	333
sample	flat	stardict	raw	render	544	250
sample	flat	stardict	raw	render	545	458
sample	flat	stardict	raw	render	546	417
sample	flat	stardict	raw	render	547	375
sample	flat	stardict	raw	render	548	459
sample	flat	stardict	raw	render	549	167
sample	flat	stardict	raw	render	550	292
sample	flat	stardict	raw	render	551	292
sample	flat	stardict	raw	render	552	292
sample	flat	stardict	raw	render	553	333
sample	flat	stardict	raw	render	554	416
sample	flat	stardict	raw	render	555	292
sample	flat	stardict	raw	render	556	458
sample	flat	stardict	raw	render	557	667
sample	flat	stardict	raw	render	558	208
sample	flat	stardict	raw	render	559	209
sample	flat	stardict	raw	render	560	209
sample	flat	stardict	raw	render	561	500
sample	flat	stardict	raw	render	562	208
sample	flat	stardict	raw	render	563	459
sample	flat	stardict	raw	render	564	292
sample	flat	stardict	raw	render	565	375
sample	flat	stardict	raw	render	566	416
sample	flat	stardict	raw	render	567	292
sample	flat	stardict	raw	render	568	208
sample	flat	stardict	raw	render	569	209
sample	flat	stardict	raw	render	570	334
sample	flat	stardict	raw	render	571	208
sample	flat	stardict	raw	render	572	209
sample	flat	stardict	raw	render	573	500
sample	flat	stardict	raw	render	574	500
sample	flat	stardict	raw	render	575	333
sample	flat	stardict	raw	render	576	459
sample	flat	stardict	raw	render	577	208
sample	flat	stardict	raw	render	578	500
sample	flat	stardict	raw	render	579	292
sample	flat	stardict	raw	render	580	292
sample	flat	stardict	raw	render	581	375
sample	flat	stardict	raw	render	582	625
sample	flat	stardict	raw	render	583	209
sample	flat	stardict	raw	render	584	375
sample	flat	stardict	raw	render	585	209
sample	flat	stardict	raw	render	586	375
sample	flat	stardict	raw	render	587	292
sample	flat	stardict	raw	render	588	333
sample	flat	stardict	raw	render	589	291
sample	flat	stardict	raw	render	590	333
sample	flat	stardict	raw	render	591	5875
sample	flat	stardict	raw	render	592	1125
sample	flat	stardict	raw	render	593	10667
sample	flat	stardict	raw	render	594	708
sample	flat	stardict	raw	render	595	625
sample	flat	stardict	raw	render	596	417
sample	flat	stardict	raw	render	597	417
sample	flat	stardict	raw	render	598	500
sample	flat	stardict	raw	render	599	417
sample	flat	stardict	raw	render	600	667
sample	flat	stardict	raw	render	601	416
sample	flat	stardict	raw	render	602	458
sample	flat	stardict	raw	render	603	541
sample	flat	stardict	raw	render	604	583
sample	flat	stardict	raw	render	605	541
sample	flat	stardict	raw	render	606	625
sample	flat	stardict	raw	render	607	417
sample	flat	stardict	raw	render	608	625
sample	flat	stardict	raw	render	609	500
sample	flat	stardict	raw	render	610	542
sample	flat	stardict	raw	render	611	458
sample	flat	stardict	raw	render	612	708
sample	flat	stardict	raw	render	613	208
sample	flat	stardict	raw	render	614	291
sample	flat	stardict	raw	render	615	416
sample	flat	stardict	raw	render	616	500
sample	flat	stardict	raw	render	617	417
sample	flat	stardict	raw	render	618	250
sample	flat	stardict	raw	render	619	375
sample	flat	stardict	raw	render	620	375
sample	flat	stardict	raw	render	621	292
sample	flat	stardict	raw	render	622	334
sample	flat	stardict	raw	render	623	291
sample	flat	stardict	raw	render	624	417
sample	flat	stardict	raw	render	625	416
sample	flat	stardict	raw	render	626	542
sample	flat	stardict	raw	render	627	333
sample	flat	stardict	raw	render	628	542
sample	flat	stardict	raw	render	629	208
sample	flat	stardict	raw	render	630	333
sample	flat	stardict	raw	render	631	208
sample	flat	stardict	raw	render	632	209
sample	flat	stardict	raw	render	633	666
sample	flat	stardict	raw	render	634	541
sample	flat	stardict	raw	render	635	417
sample	flat	stardict	raw	render	636	292
sample	flat	stardict	raw	render	637	375
sample	flat	stardict	raw	render	638	292
sample	flat	stardict	raw	render	639	209
sample	flat	stardict	raw	render	640	209
sample	flat	stardict	raw	render	641	333
sample	flat	stardict	raw	render	642	292
sample	flat	stardict	raw	render	643	292
sample	flat	stardict	raw	render	644	291
sample	flat	stardict	raw	render	645	417
sample	flat	stardict	raw	render	646	375
sample	flat	stardict	raw	render	647	208
sample	flat	stardict	raw	render	648	333
sample	flat	stardict	raw	render	649	291
sample	flat	stardict	raw	render	650	541
sample	flat	stardict	raw	render	651	458
sample	flat	stardict	raw	render	652	334
sample	flat	stardict	raw	render	653	375
sample	flat	stardict	raw	render	654	208
sample	flat	stardict	raw	render	655	291
sample	flat	stardict	raw	render	656	375
sample	flat	stardict	raw	render	657	292
sample	flat	stardict	raw	render	658	5209
sample	flat	stardict	raw	render	659	1250
sample	flat	stardict	raw	render	660	1542
sample	flat	stardict	raw	render	661	1292
sample	flat	stardict	raw	render	662	1042
sample	flat	stardict	raw	render	663	959
sample	flat	stardict	raw	render	664	1000
sample	flat	stardict	raw	render	665	1042
sample	flat	stardict	raw	render	666	1125
sample	flat	stardict	raw	render	667	1208
sample	flat	stardict	raw	render	668	1167
sample	flat	stardict	raw	render	669	958
sample	flat	stardict	raw	render	670	1833
sample	flat	stardict	raw	render	671	709
sample	flat	stardict	raw	render	672	1042
sample	flat	stardict	raw	render	673	667
sample	flat	stardict	raw	render	674	625
sample	flat	stardict	raw	render	675	583
sample	flat	stardict	raw	render	676	750
sample	flat	stardict	raw	render	677	542
sample	flat	stardict	raw	render	678	666
sample	flat	stardict	raw	render	679	542
sample	flat	stardict	raw	render	680	791
sample	flat	stardict	raw	render	681	459
sample	flat	stardict	raw	render	682	541
sample	flat	stardict	raw	render	683	416
sample	flat	stardict	raw	render	684	583
sample	flat	stardict	raw	render	685	458
sample	flat	stardict	raw	render	686	1917
sample	flat	stardict	raw	render	687	833
sample	flat	stardict	raw	render	688	709
sample	flat	stardict	raw	render	689	750
sample	flat	stardict	raw	render	690	875
sample	flat	stardict	raw	render	691	750
sample	flat	stardict	raw	render	692	1333
sample	flat	stardict	raw	render	693	500
sample	flat	stardict	raw	render	694	625
sample	flat	stardict	raw	render	695	416
sample	flat	stardict	raw	render	696	625
sample	flat	stardict	raw	render	697	375
sample	flat	stardict	raw	render	698	500
sample	flat	stardict	raw	render	699	541
sample	flat	stardict	raw	render	700	625
sample	flat	stardict	raw	render	701	583
sample	flat	stardict	raw	render	702	458
sample	flat	stardict	raw	render	703	542
sample	flat	stardict	raw	render	704	459
sample	flat	stardict	raw	render	705	667
sample	flat	stardict	raw	render	706	625
sample	flat	stardict	raw	render	707	333
sample	flat	stardict	raw	render	708	334
sample	flat	stardict	raw	render	709	375
sample	flat	stardict	raw	render	710	250
sample	flat	stardict	raw	render	711	334
sample	flat	stardict	raw	render	712	250
sample	flat	stardict	raw	render	713	458
sample	flat	stardict	raw	render	714	1417
sample	flat	stardict	raw	render	715	208
sample	flat	stardict	raw	render	716	208
sample	flat	stardict	raw	render	717	250
sample	flat	stardict	raw	render	718	292
sample	flat	stardict	raw	render	719	208
sample	flat	stardict	raw	render	720	209
sample	flat	stardict	raw	render	721	208
sample	flat	stardict	raw	render	722	375
sample	flat	stardict	raw	render	723	292
sample	flat	stardict	raw	render	724	292
sample	flat	stardict	raw	render	725	208
sample	flat	stardict	raw	render	726	208
sample	flat	stardict	raw	render	727	334
sample	flat	stardict	raw	render	728	334
sample	flat	stardict	raw	render	729	208
sample	flat	stardict	raw	render	730	250
sample	flat	stardict	raw	render	731	209
sample	flat	stardict	raw	render	732	292
sample	flat	stardict	raw	render	733	208
sample	flat	stardict	raw	render	734	209
sample	flat	stardict	raw	render	735	250
sample	flat	stardict	raw	render	736	209
sample	flat	stardict	raw	render	737	333
sample	flat	stardict	raw	render	738	250
sample	flat	stardict	raw	render	739	334
sample	flat	stardict	raw	render	740	209
sample	flat	stardict	raw	render	741	291
sample	flat	stardict	raw	render	742	334
sample	flat	stardict	raw	render	743	208
sample	flat	stardict	raw	render	744	625
sample	flat	stardict	raw	render	745	209
sample	flat	stardict	raw	render	746	291
sample	flat	stardict	raw	render	747	208
sample	flat	stardict	raw	render	748	208
sample	flat	stardict	raw	render	749	292
sample	flat	stardict	raw	render	750	208
sample	flat	stardict	raw	render	751	208
sample	flat	stardict	raw	render	752	208
sample	flat	stardict	raw	render	753	417
sample	flat	stardict	raw	render	754	208
sample	flat	stardict	raw	render	755	167
sample	flat	stardict	raw	render	756	209
sample	flat	stardict	raw	render	757	250
sample	flat	stardict	raw	render	758	333
sample	flat	stardict	raw	render	759	250
sample	flat	stardict	raw	render	760	334
sample	flat	stardict	raw	render	761	375
sample	flat	stardict	raw	render	762	250
sample	flat	stardict	raw	render	763	208
sample	flat	stardict	raw	render	764	458
sample	flat	stardict	raw	render	765	209
sample	flat	stardict	raw	render	766	333
sample	flat	stardict	raw	render	767	209
sample	flat	stardict	raw	render	768	292
sample	flat	stardict	raw	render	769	1375
sample	flat	stardict	raw	render	770	375
sample	flat	stardict	raw	render	771	250
sample	flat	stardict	raw	render	772	375
sample	flat	stardict	raw	render	773	208
sample	flat	stardict	raw	render	774	250
sample	flat	stardict	raw	render	775	250
sample	flat	stardict	raw	render	776	334
sample	flat	stardict	raw	render	777	250
sample	flat	stardict	raw	render	778	667
sample	flat	stardict	raw	render	779	375
sample	flat	stardict	raw	render	780	375
sample	flat	stardict	raw	render	781	708
sample	flat	stardict	raw	render	782	542
sample	flat	stardict	raw	render	783	500
sample	flat	stardict	raw	render	784	625
sample	flat	stardict	raw	render	785	542
sample	flat	stardict	raw	render	786	791
sample	flat	stardict	raw	render	787	459
sample	flat	stardict	raw	render	788	584
sample	flat	stardict	raw	render	789	459
sample	flat	stardict	raw	render	790	583
sample	flat	stardict	raw	render	791	709
sample	flat	stardict	raw	render	792	541
sample	flat	stardict	raw	render	793	458
sample	flat	stardict	raw	render	794	417
sample	flat	stardict	raw	render	795	541
sample	flat	stardict	raw	render	796	459
sample	flat	stardict	raw	render	797	375
sample	flat	stardict	raw	render	798	375
sample	flat	stardict	raw	render	799	416
sample	flat	stardict	raw	render	800	459
sample	flat	stardict	raw	render	801	584
sample	flat	stardict	raw	render	802	458
sample	flat	stardict	raw	render	803	750
sample	flat	stardict	raw	render	804	500
sample	flat	stardict	raw	render	805	417
sample	flat	stardict	raw	render	806	500
sample	flat	stardict	raw	render	807	416
sample	flat	stardict	raw	render	808	333
sample	flat	stardict	raw	render	809	250
sample	flat	stardict	raw	render	810	500
sample	flat	stardict	raw	render	811	250
sample	flat	stardict	raw	render	812	292
sample	flat	stardict	raw	render	813	458
sample	flat	stardict	raw	render	814	541
sample	flat	stardict	raw	render	815	375
sample	flat	stardict	raw	render	816	500
sample	flat	stardict	raw	render	817	500
sample	flat	stardict	raw	render	818	417
sample	flat	stardict	raw	render	819	417
sample	flat	stardict	raw	render	820	417
sample	flat	stardict	raw	render	821	375
sample	flat	stardict	raw	render	822	500
sample	flat	stardict	raw	render	823	417
sample	flat	stardict	raw	render	824	708
sample	flat	stardict	raw	render	825	458
sample	flat	stardict	raw	render	826	625
sample	flat	stardict	raw	render	827	375
sample	flat	stardict	raw	render	828	584
sample	flat	stardict	raw	render	829	458
sample	flat	stardict	raw	render	830	375
sample	flat	stardict	raw	render	831	334
sample	flat	stardict	raw	render	832	292
sample	flat	stardict	raw	render	833	334
sample	flat	stardict	raw	render	834	375
sample	flat	stardict	raw	render	835	500
sample	flat	stardict	raw	render	836	334
sample	flat	stardict	raw	render	837	209
sample	flat	stardict	raw	render	838	292
sample	flat	stardict	raw	render	839	291
sample	flat	stardict	raw	render	840	333
sample	flat	stardict	raw	render	841	292
sample	flat	stardict	raw	render	842	375
sample	flat	stardict	raw	render	843	250
sample	flat	stardict	raw	render	844	291
sample	flat	stardict	raw	render	845	375
sample	flat	stardict	raw	render	846	417
sample	flat	stardict	raw	render	847	209
sample	flat	stardict	raw	render	848	208
sample	flat	stardict	raw	render	849	291
sample	flat	stardict	raw	render	850	209
sample	flat	stardict	raw	render	851	21625
sample	flat	stardict	raw	render	852	5083
sample	flat	stardict	raw	render	853	1125
sample	flat	stardict	raw	render	854	1250
sample	flat	stardict	raw	render	855	833
sample	flat	stardict	raw	render	856	542
sample	flat	stardict	raw	render	857	625
sample	flat	stardict	raw	render	858	625
sample	flat	stardict	raw	render	859	750
sample	flat	stardict	raw	render	860	542
sample	flat	stardict	raw	render	861	583
sample	flat	stardict	raw	render	862	542
sample	flat	stardict	raw	render	863	1042
sample	flat	stardict	raw	render	864	625
sample	flat	stardict	raw	render	865	584
sample	flat	stardict	raw	render	866	625
sample	flat	stardict	raw	render	867	667
sample	flat	stardict	raw	render	868	458
sample	flat	stardict	raw	render	869	541
sample	flat	stardict	raw	render	870	459
sample	flat	stardict	raw	render	871	417
sample	flat	stardict	raw	render	872	458
sample	flat	stardict	raw	render	873	417
sample	flat	stardict	raw	render	874	500
sample	flat	stardict	raw	render	875	583
sample	flat	stardict	raw	render	876	584
sample	flat	stardict	raw	render	877	625
sample	flat	stardict	raw	render	878	416
sample	flat	stardict	raw	render	879	292
sample	flat	stardict	raw	render	880	208
sample	flat	stardict	raw	render	881	209
sample	flat	stardict	raw	render	882	208
sample	flat	stardict	raw	render	883	250
sample	flat	stardict	raw	render	884	250
sample	flat	stardict	raw	render	885	333
sample	flat	stardict	raw	render	886	584
sample	flat	stardict	raw	render	887	167
sample	flat	stardict	raw	render	888	416
sample	flat	stardict	raw	render	889	209
sample	flat	stardict	raw	render	890	208
sample	flat	stardict	raw	render	891	167
sample	flat	stardict	raw	render	892	208
sample	flat	stardict	raw	render	893	542
sample	flat	stardict	raw	render	894	292
sample	flat	stardict	raw	render	895	292
sample	flat	stardict	raw	render	896	250
sample	flat	stardict	raw	render	897	208
sample	flat	stardict	raw	render	898	292
sample	flat	stardict	raw	render	899	417
sample	flat	stardict	raw	render	900	208
sample	flat	stardict	raw	render	901	417
sample	flat	stardict	raw	render	902	333
sample	flat	stardict	raw	render	903	542
sample	flat	stardict	raw	render	904	542
sample	flat	stardict	raw	render	905	1125
sample	flat	stardict	raw	render	906	792
sample	flat	stardict	raw	render	907	333
sample	flat	stardict	raw	render	908	417
sample	flat	stardict	raw	render	909	667
sample	flat	stardict	raw	render	910	542
sample	flat	stardict	raw	render	911	500
sample	flat	stardict	raw	render	912	375
sample	flat	stardict	raw	render	913	292
sample	flat	stardict	raw	render	914	333
sample	flat	stardict	raw	render	915	708
sample	flat	stardict	raw	render	916	500
sample	flat	stardict	raw	render	917	667
sample	flat	stardict	raw	render	918	625
sample	flat	stardict	raw	render	919	667
sample	flat	stardict	raw	render	920	625
sample	flat	stardict	raw	render	921	4583
sample	flat	stardict	raw	render	922	959
sample	flat	stardict	raw	render	923	708
sample	flat	stardict	raw	render	924	750
sample	flat	stardict	raw	render	925	500
sample	flat	stardict	raw	render	926	667
sample	flat	stardict	raw	render	927	625
sample	flat	stardict	raw	render	928	667
sample	flat	stardict	raw	render	929	750
sample	flat	stardict	raw	render	930	458
sample	flat	stardict	raw	render	931	667
sample	flat	stardict	raw	render	932	417
sample	flat	stardict	raw	render	933	458
sample	flat	stardict	raw	render	934	542
sample	flat	stardict	raw	render	935	709
sample	flat	stardict	raw	render	936	834
sample	flat	stardict	raw	render	937	458
sample	flat	stardict	raw	render	938	459
sample	flat	stardict	raw	render	939	500
sample	flat	stardict	raw	render	940	375
sample	flat	stardict	raw	render	941	500
sample	flat	stardict	raw	render	942	375
sample	flat	stardict	raw	render	943	250
sample	flat	stardict	raw	render	944	458
sample	flat	stardict	raw	render	945	459
sample	flat	stardict	raw	render	946	583
sample	flat	stardict	raw	render	947	459
sample	flat	stardict	raw	render	948	417
sample	flat	stardict	raw	render	949	167
sample	flat	stardict	raw	render	950	250
sample	flat	stardict	raw	render	951	334
sample	flat	stardict	raw	render	952	584
sample	flat	stardict	raw	render	953	459
sample	flat	stardict	raw	render	954	167
sample	flat	stardict	raw	render	955	333
sample	flat	stardict	raw	render	956	333
sample	flat	stardict	raw	render	957	291
sample	flat	stardict	raw	render	958	333
sample	flat	stardict	raw	render	959	416
sample	flat	stardict	raw	render	960	375
sample	flat	stardict	raw	render	961	500
sample	flat	stardict	raw	render	962	209
sample	flat	stardict	raw	render	963	375
sample	flat	stardict	raw	render	964	375
sample	flat	stardict	raw	render	965	292
sample	flat	stardict	raw	render	966	500
sample	flat	stardict	raw	render	967	291
sample	flat	stardict	raw	render	968	666
sample	flat	stardict	raw	render	969	292
sample	flat	stardict	raw	render	970	208
sample	flat	stardict	raw	render	971	250
sample	flat	stardict	raw	render	972	250
sample	flat	stardict	raw	render	973	208
sample	flat	stardict	raw	render	974	250
sample	flat	stardict	raw	render	975	209
sample	flat	stardict	raw	render	976	291
sample	flat	stardict	raw	render	977	292
sample	flat	stardict	raw	render	978	375
sample	flat	stardict	raw	render	979	167
sample	flat	stardict	raw	render	980	333
sample	flat	stardict	raw	render	981	208
sample	flat	stardict	raw	render	982	416
sample	flat	stardict	raw	render	983	209
sample	flat	stardict	raw	render	984	334
sample	flat	stardict	raw	render	985	292
sample	flat	stardict	raw	render	986	209
sample	flat	stardict	raw	render	987	291
sample	flat	stardict	raw	render	988	292
sample	flat	stardict	raw	render	989	208
sample	flat	stardict	raw	render	990	292
sample	flat	stardict	raw	render	991	208
sample	flat	stardict	raw	render	992	166
sample	flat	stardict	raw	render	993	208
sample	flat	stardict	raw	render	994	208
sample	flat	stardict	raw	render	995	208
sample	flat	stardict	raw	render	996	583
sample	flat	stardict	raw	render	997	167
sample	flat	stardict	raw	render	998	291
sample	flat	stardict	raw	render	999	250
result	flat	stardict	raw	exact.p50_ns	792
result	flat	stardict	raw	exact.p95_ns	3459
result	flat	stardict	raw	exact.p99_ns	10292
result	flat	stardict	raw	prefix.p50_ns	138708
result	flat	stardict	raw	prefix.p95_ns	437167
result	flat	stardict	raw	prefix.p99_ns	1203333
result	flat	stardict	raw	render.p50_ns	458
result	flat	stardict	raw	render.p95_ns	1459
result	flat	stardict	raw	render.p99_ns	5208
result	flat	stardict	raw	exact.hit.p50_ns	1000
result	flat	stardict	raw	exact.hit.p95_ns	3542
result	flat	stardict	raw	exact.hit.p99_ns	10292
result	flat	stardict	raw	exact.miss.p50_ns	458
result	flat	stardict	raw	exact.miss.p95_ns	2541
result	flat	stardict	raw	exact.miss.p99_ns	7250
result	flat	stardict	raw	prefix.zero.p50_ns	3958
result	flat	stardict	raw	prefix.zero.p95_ns	16666
result	flat	stardict	raw	prefix.zero.p99_ns	23958
result	flat	stardict	raw	prefix.one.p50_ns	4875
result	flat	stardict	raw	prefix.one.p95_ns	23291
result	flat	stardict	raw	prefix.one.p99_ns	113667
result	flat	stardict	raw	prefix.many.p50_ns	152416
result	flat	stardict	raw	prefix.many.p95_ns	536500
result	flat	stardict	raw	prefix.many.p99_ns	1454750
result	flat	stardict	raw	prefix.pathological.p50_ns	-
result	flat	stardict	raw	prefix.pathological.p95_ns	-
result	flat	stardict	raw	prefix.pathological.p99_ns	-
result	flat	stardict	gzip	artifact_bytes	55034
unavailable	flat	stardict	gzip	reason	gzip is not StarDict dictzip random access; raw reader is the measured query baseline
result	flat	dict-index	raw	artifact_bytes	448231
result	flat	dict-index	raw	build_ns	820208
sample	flat	dict-index	raw	open	0	1681917
sample	flat	dict-index	raw	open	1	3654625
sample	flat	dict-index	raw	open	2	1677917
sample	flat	dict-index	raw	open	3	712000
sample	flat	dict-index	raw	open	4	757500
sample	flat	dict-index	raw	open	5	1288500
sample	flat	dict-index	raw	open	6	600667
sample	flat	dict-index	raw	open	7	602250
sample	flat	dict-index	raw	open	8	749875
sample	flat	dict-index	raw	open	9	1761291
sample	flat	dict-index	raw	open	10	1348750
sample	flat	dict-index	raw	open	11	746792
sample	flat	dict-index	raw	open	12	611042
sample	flat	dict-index	raw	open	13	1293083
sample	flat	dict-index	raw	open	14	2252208
sample	flat	dict-index	raw	open	15	1898500
sample	flat	dict-index	raw	open	16	1681334
sample	flat	dict-index	raw	open	17	2458375
sample	flat	dict-index	raw	open	18	2337875
sample	flat	dict-index	raw	open	19	2579625
sample	flat	dict-index	raw	open	20	667000
sample	flat	dict-index	raw	open	21	556333
sample	flat	dict-index	raw	open	22	549375
sample	flat	dict-index	raw	open	23	2346916
sample	flat	dict-index	raw	open	24	2609250
result	flat	dict-index	raw	open_ns	1348750
result	flat	dict-index	raw	semantic_digest	14813021753239549239
result	flat	dict-index	raw	query_checksum	15472329982066036572
result	flat	dict-index	raw	outputs	1024875
result	flat	dict-index	raw	logical_prose_bytes	394154
sample	flat	dict-index	raw	exact	0	1125
sample	flat	dict-index	raw	exact	1	541
sample	flat	dict-index	raw	exact	2	792
sample	flat	dict-index	raw	exact	3	542
sample	flat	dict-index	raw	exact	4	750
sample	flat	dict-index	raw	exact	5	458
sample	flat	dict-index	raw	exact	6	834
sample	flat	dict-index	raw	exact	7	666
sample	flat	dict-index	raw	exact	8	708
sample	flat	dict-index	raw	exact	9	375
sample	flat	dict-index	raw	exact	10	750
sample	flat	dict-index	raw	exact	11	416
sample	flat	dict-index	raw	exact	12	666
sample	flat	dict-index	raw	exact	13	416
sample	flat	dict-index	raw	exact	14	750
sample	flat	dict-index	raw	exact	15	583
sample	flat	dict-index	raw	exact	16	625
sample	flat	dict-index	raw	exact	17	375
sample	flat	dict-index	raw	exact	18	1083
sample	flat	dict-index	raw	exact	19	459
sample	flat	dict-index	raw	exact	20	875
sample	flat	dict-index	raw	exact	21	417
sample	flat	dict-index	raw	exact	22	666
sample	flat	dict-index	raw	exact	23	583
sample	flat	dict-index	raw	exact	24	875
sample	flat	dict-index	raw	exact	25	375
sample	flat	dict-index	raw	exact	26	833
sample	flat	dict-index	raw	exact	27	416
sample	flat	dict-index	raw	exact	28	625
sample	flat	dict-index	raw	exact	29	417
sample	flat	dict-index	raw	exact	30	625
sample	flat	dict-index	raw	exact	31	583
sample	flat	dict-index	raw	exact	32	792
sample	flat	dict-index	raw	exact	33	375
sample	flat	dict-index	raw	exact	34	583
sample	flat	dict-index	raw	exact	35	459
sample	flat	dict-index	raw	exact	36	625
sample	flat	dict-index	raw	exact	37	375
sample	flat	dict-index	raw	exact	38	541
sample	flat	dict-index	raw	exact	39	542
sample	flat	dict-index	raw	exact	40	667
sample	flat	dict-index	raw	exact	41	375
sample	flat	dict-index	raw	exact	42	625
sample	flat	dict-index	raw	exact	43	417
sample	flat	dict-index	raw	exact	44	583
sample	flat	dict-index	raw	exact	45	417
sample	flat	dict-index	raw	exact	46	583
sample	flat	dict-index	raw	exact	47	583
sample	flat	dict-index	raw	exact	48	667
sample	flat	dict-index	raw	exact	49	375
sample	flat	dict-index	raw	exact	50	625
sample	flat	dict-index	raw	exact	51	417
sample	flat	dict-index	raw	exact	52	834
sample	flat	dict-index	raw	exact	53	417
sample	flat	dict-index	raw	exact	54	584
sample	flat	dict-index	raw	exact	55	541
sample	flat	dict-index	raw	exact	56	542
sample	flat	dict-index	raw	exact	57	333
sample	flat	dict-index	raw	exact	58	583
sample	flat	dict-index	raw	exact	59	416
sample	flat	dict-index	raw	exact	60	542
sample	flat	dict-index	raw	exact	61	7125
sample	flat	dict-index	raw	exact	62	2916
sample	flat	dict-index	raw	exact	63	2458
sample	flat	dict-index	raw	exact	64	1042
sample	flat	dict-index	raw	exact	65	625
sample	flat	dict-index	raw	exact	66	708
sample	flat	dict-index	raw	exact	67	458
sample	flat	dict-index	raw	exact	68	875
sample	flat	dict-index	raw	exact	69	458
sample	flat	dict-index	raw	exact	70	708
sample	flat	dict-index	raw	exact	71	625
sample	flat	dict-index	raw	exact	72	917
sample	flat	dict-index	raw	exact	73	416
sample	flat	dict-index	raw	exact	74	667
sample	flat	dict-index	raw	exact	75	459
sample	flat	dict-index	raw	exact	76	791
sample	flat	dict-index	raw	exact	77	375
sample	flat	dict-index	raw	exact	78	1375
sample	flat	dict-index	raw	exact	79	584
sample	flat	dict-index	raw	exact	80	1083
sample	flat	dict-index	raw	exact	81	5084
sample	flat	dict-index	raw	exact	82	6167
sample	flat	dict-index	raw	exact	83	2292
sample	flat	dict-index	raw	exact	84	3583
sample	flat	dict-index	raw	exact	85	958
sample	flat	dict-index	raw	exact	86	2250
sample	flat	dict-index	raw	exact	87	1458
sample	flat	dict-index	raw	exact	88	1792
sample	flat	dict-index	raw	exact	89	1500
sample	flat	dict-index	raw	exact	90	1333
sample	flat	dict-index	raw	exact	91	792
sample	flat	dict-index	raw	exact	92	2333
sample	flat	dict-index	raw	exact	93	834
sample	flat	dict-index	raw	exact	94	1667
sample	flat	dict-index	raw	exact	95	1208
sample	flat	dict-index	raw	exact	96	2042
sample	flat	dict-index	raw	exact	97	1167
sample	flat	dict-index	raw	exact	98	1916
sample	flat	dict-index	raw	exact	99	750
sample	flat	dict-index	raw	exact	100	1709
sample	flat	dict-index	raw	exact	101	875
sample	flat	dict-index	raw	exact	102	1458
sample	flat	dict-index	raw	exact	103	1208
sample	flat	dict-index	raw	exact	104	1917
sample	flat	dict-index	raw	exact	105	709
sample	flat	dict-index	raw	exact	106	1750
sample	flat	dict-index	raw	exact	107	875
sample	flat	dict-index	raw	exact	108	2125
sample	flat	dict-index	raw	exact	109	875
sample	flat	dict-index	raw	exact	110	2291
sample	flat	dict-index	raw	exact	111	2291
sample	flat	dict-index	raw	exact	112	2000
sample	flat	dict-index	raw	exact	113	1292
sample	flat	dict-index	raw	exact	114	2792
sample	flat	dict-index	raw	exact	115	750
sample	flat	dict-index	raw	exact	116	1958
sample	flat	dict-index	raw	exact	117	750
sample	flat	dict-index	raw	exact	118	2208
sample	flat	dict-index	raw	exact	119	1167
sample	flat	dict-index	raw	exact	120	1375
sample	flat	dict-index	raw	exact	121	917
sample	flat	dict-index	raw	exact	122	1916
sample	flat	dict-index	raw	exact	123	875
sample	flat	dict-index	raw	exact	124	2292
sample	flat	dict-index	raw	exact	125	2500
sample	flat	dict-index	raw	exact	126	1417
sample	flat	dict-index	raw	exact	127	625
sample	flat	dict-index	raw	exact	128	1375
sample	flat	dict-index	raw	exact	129	458
sample	flat	dict-index	raw	exact	130	959
sample	flat	dict-index	raw	exact	131	458
sample	flat	dict-index	raw	exact	132	1209
sample	flat	dict-index	raw	exact	133	417
sample	flat	dict-index	raw	exact	134	875
sample	flat	dict-index	raw	exact	135	583
sample	flat	dict-index	raw	exact	136	958
sample	flat	dict-index	raw	exact	137	375
sample	flat	dict-index	raw	exact	138	791
sample	flat	dict-index	raw	exact	139	458
sample	flat	dict-index	raw	exact	140	917
sample	flat	dict-index	raw	exact	141	417
sample	flat	dict-index	raw	exact	142	1167
sample	flat	dict-index	raw	exact	143	667
sample	flat	dict-index	raw	exact	144	1250
sample	flat	dict-index	raw	exact	145	375
sample	flat	dict-index	raw	exact	146	750
sample	flat	dict-index	raw	exact	147	458
sample	flat	dict-index	raw	exact	148	792
sample	flat	dict-index	raw	exact	149	458
sample	flat	dict-index	raw	exact	150	750
sample	flat	dict-index	raw	exact	151	625
sample	flat	dict-index	raw	exact	152	875
sample	flat	dict-index	raw	exact	153	375
sample	flat	dict-index	raw	exact	154	750
sample	flat	dict-index	raw	exact	155	458
sample	flat	dict-index	raw	exact	156	583
sample	flat	dict-index	raw	exact	157	416
sample	flat	dict-index	raw	exact	158	625
sample	flat	dict-index	raw	exact	159	541
sample	flat	dict-index	raw	exact	160	958
sample	flat	dict-index	raw	exact	161	375
sample	flat	dict-index	raw	exact	162	625
sample	flat	dict-index	raw	exact	163	458
sample	flat	dict-index	raw	exact	164	667
sample	flat	dict-index	raw	exact	165	417
sample	flat	dict-index	raw	exact	166	625
sample	flat	dict-index	raw	exact	167	500
sample	flat	dict-index	raw	exact	168	666
sample	flat	dict-index	raw	exact	169	334
sample	flat	dict-index	raw	exact	170	667
sample	flat	dict-index	raw	exact	171	459
sample	flat	dict-index	raw	exact	172	542
sample	flat	dict-index	raw	exact	173	500
sample	flat	dict-index	raw	exact	174	667
sample	flat	dict-index	raw	exact	175	542
sample	flat	dict-index	raw	exact	176	833
sample	flat	dict-index	raw	exact	177	375
sample	flat	dict-index	raw	exact	178	583
sample	flat	dict-index	raw	exact	179	459
sample	flat	dict-index	raw	exact	180	709
sample	flat	dict-index	raw	exact	181	416
sample	flat	dict-index	raw	exact	182	750
sample	flat	dict-index	raw	exact	183	541
sample	flat	dict-index	raw	exact	184	750
sample	flat	dict-index	raw	exact	185	375
sample	flat	dict-index	raw	exact	186	583
sample	flat	dict-index	raw	exact	187	459
sample	flat	dict-index	raw	exact	188	1750
sample	flat	dict-index	raw	exact	189	417
sample	flat	dict-index	raw	exact	190	958
sample	flat	dict-index	raw	exact	191	666
sample	flat	dict-index	raw	exact	192	1208
sample	flat	dict-index	raw	exact	193	375
sample	flat	dict-index	raw	exact	194	917
sample	flat	dict-index	raw	exact	195	458
sample	flat	dict-index	raw	exact	196	750
sample	flat	dict-index	raw	exact	197	458
sample	flat	dict-index	raw	exact	198	792
sample	flat	dict-index	raw	exact	199	541
sample	flat	dict-index	raw	exact	200	1041
sample	flat	dict-index	raw	exact	201	2375
sample	flat	dict-index	raw	exact	202	959
sample	flat	dict-index	raw	exact	203	625
sample	flat	dict-index	raw	exact	204	1125
sample	flat	dict-index	raw	exact	205	417
sample	flat	dict-index	raw	exact	206	1583
sample	flat	dict-index	raw	exact	207	625
sample	flat	dict-index	raw	exact	208	1083
sample	flat	dict-index	raw	exact	209	417
sample	flat	dict-index	raw	exact	210	625
sample	flat	dict-index	raw	exact	211	500
sample	flat	dict-index	raw	exact	212	792
sample	flat	dict-index	raw	exact	213	417
sample	flat	dict-index	raw	exact	214	792
sample	flat	dict-index	raw	exact	215	583
sample	flat	dict-index	raw	exact	216	833
sample	flat	dict-index	raw	exact	217	417
sample	flat	dict-index	raw	exact	218	792
sample	flat	dict-index	raw	exact	219	459
sample	flat	dict-index	raw	exact	220	916
sample	flat	dict-index	raw	exact	221	458
sample	flat	dict-index	raw	exact	222	625
sample	flat	dict-index	raw	exact	223	500
sample	flat	dict-index	raw	exact	224	709
sample	flat	dict-index	raw	exact	225	417
sample	flat	dict-index	raw	exact	226	708
sample	flat	dict-index	raw	exact	227	417
sample	flat	dict-index	raw	exact	228	667
sample	flat	dict-index	raw	exact	229	416
sample	flat	dict-index	raw	exact	230	667
sample	flat	dict-index	raw	exact	231	542
sample	flat	dict-index	raw	exact	232	709
sample	flat	dict-index	raw	exact	233	417
sample	flat	dict-index	raw	exact	234	667
sample	flat	dict-index	raw	exact	235	416
sample	flat	dict-index	raw	exact	236	792
sample	flat	dict-index	raw	exact	237	375
sample	flat	dict-index	raw	exact	238	667
sample	flat	dict-index	raw	exact	239	542
sample	flat	dict-index	raw	exact	240	917
sample	flat	dict-index	raw	exact	241	417
sample	flat	dict-index	raw	exact	242	541
sample	flat	dict-index	raw	exact	243	416
sample	flat	dict-index	raw	exact	244	584
sample	flat	dict-index	raw	exact	245	417
sample	flat	dict-index	raw	exact	246	542
sample	flat	dict-index	raw	exact	247	583
sample	flat	dict-index	raw	exact	248	750
sample	flat	dict-index	raw	exact	249	417
sample	flat	dict-index	raw	exact	250	666
sample	flat	dict-index	raw	exact	251	459
sample	flat	dict-index	raw	exact	252	584
sample	flat	dict-index	raw	exact	253	458
sample	flat	dict-index	raw	exact	254	625
sample	flat	dict-index	raw	exact	255	542
sample	flat	dict-index	raw	exact	256	750
sample	flat	dict-index	raw	exact	257	416
sample	flat	dict-index	raw	exact	258	625
sample	flat	dict-index	raw	exact	259	416
sample	flat	dict-index	raw	exact	260	625
sample	flat	dict-index	raw	exact	261	458
sample	flat	dict-index	raw	exact	262	584
sample	flat	dict-index	raw	exact	263	666
sample	flat	dict-index	raw	exact	264	833
sample	flat	dict-index	raw	exact	265	417
sample	flat	dict-index	raw	exact	266	542
sample	flat	dict-index	raw	exact	267	458
sample	flat	dict-index	raw	exact	268	625
sample	flat	dict-index	raw	exact	269	417
sample	flat	dict-index	raw	exact	270	542
sample	flat	dict-index	raw	exact	271	584
sample	flat	dict-index	raw	exact	272	1125
sample	flat	dict-index	raw	exact	273	500
sample	flat	dict-index	raw	exact	274	666
sample	flat	dict-index	raw	exact	275	416
sample	flat	dict-index	raw	exact	276	708
sample	flat	dict-index	raw	exact	277	416
sample	flat	dict-index	raw	exact	278	583
sample	flat	dict-index	raw	exact	279	542
sample	flat	dict-index	raw	exact	280	833
sample	flat	dict-index	raw	exact	281	416
sample	flat	dict-index	raw	exact	282	625
sample	flat	dict-index	raw	exact	283	459
sample	flat	dict-index	raw	exact	284	625
sample	flat	dict-index	raw	exact	285	417
sample	flat	dict-index	raw	exact	286	625
sample	flat	dict-index	raw	exact	287	542
sample	flat	dict-index	raw	exact	288	875
sample	flat	dict-index	raw	exact	289	500
sample	flat	dict-index	raw	exact	290	542
sample	flat	dict-index	raw	exact	291	458
sample	flat	dict-index	raw	exact	292	750
sample	flat	dict-index	raw	exact	293	458
sample	flat	dict-index	raw	exact	294	625
sample	flat	dict-index	raw	exact	295	500
sample	flat	dict-index	raw	exact	296	666
sample	flat	dict-index	raw	exact	297	417
sample	flat	dict-index	raw	exact	298	583
sample	flat	dict-index	raw	exact	299	417
sample	flat	dict-index	raw	exact	300	541
sample	flat	dict-index	raw	exact	301	458
sample	flat	dict-index	raw	exact	302	583
sample	flat	dict-index	raw	exact	303	542
sample	flat	dict-index	raw	exact	304	917
sample	flat	dict-index	raw	exact	305	375
sample	flat	dict-index	raw	exact	306	583
sample	flat	dict-index	raw	exact	307	458
sample	flat	dict-index	raw	exact	308	542
sample	flat	dict-index	raw	exact	309	2292
sample	flat	dict-index	raw	exact	310	1375
sample	flat	dict-index	raw	exact	311	625
sample	flat	dict-index	raw	exact	312	1084
sample	flat	dict-index	raw	exact	313	584
sample	flat	dict-index	raw	exact	314	1000
sample	flat	dict-index	raw	exact	315	5709
sample	flat	dict-index	raw	exact	316	1500
sample	flat	dict-index	raw	exact	317	500
sample	flat	dict-index	raw	exact	318	750
sample	flat	dict-index	raw	exact	319	542
sample	flat	dict-index	raw	exact	320	1042
sample	flat	dict-index	raw	exact	321	417
sample	flat	dict-index	raw	exact	322	625
sample	flat	dict-index	raw	exact	323	458
sample	flat	dict-index	raw	exact	324	750
sample	flat	dict-index	raw	exact	325	416
sample	flat	dict-index	raw	exact	326	1000
sample	flat	dict-index	raw	exact	327	458
sample	flat	dict-index	raw	exact	328	917
sample	flat	dict-index	raw	exact	329	375
sample	flat	dict-index	raw	exact	330	709
sample	flat	dict-index	raw	exact	331	459
sample	flat	dict-index	raw	exact	332	792
sample	flat	dict-index	raw	exact	333	375
sample	flat	dict-index	raw	exact	334	833
sample	flat	dict-index	raw	exact	335	500
sample	flat	dict-index	raw	exact	336	916
sample	flat	dict-index	raw	exact	337	333
sample	flat	dict-index	raw	exact	338	583
sample	flat	dict-index	raw	exact	339	416
sample	flat	dict-index	raw	exact	340	750
sample	flat	dict-index	raw	exact	341	375
sample	flat	dict-index	raw	exact	342	708
sample	flat	dict-index	raw	exact	343	542
sample	flat	dict-index	raw	exact	344	875
sample	flat	dict-index	raw	exact	345	416
sample	flat	dict-index	raw	exact	346	542
sample	flat	dict-index	raw	exact	347	416
sample	flat	dict-index	raw	exact	348	584
sample	flat	dict-index	raw	exact	349	375
sample	flat	dict-index	raw	exact	350	583
sample	flat	dict-index	raw	exact	351	542
sample	flat	dict-index	raw	exact	352	750
sample	flat	dict-index	raw	exact	353	375
sample	flat	dict-index	raw	exact	354	583
sample	flat	dict-index	raw	exact	355	417
sample	flat	dict-index	raw	exact	356	583
sample	flat	dict-index	raw	exact	357	375
sample	flat	dict-index	raw	exact	358	500
sample	flat	dict-index	raw	exact	359	500
sample	flat	dict-index	raw	exact	360	709
sample	flat	dict-index	raw	exact	361	417
sample	flat	dict-index	raw	exact	362	583
sample	flat	dict-index	raw	exact	363	459
sample	flat	dict-index	raw	exact	364	625
sample	flat	dict-index	raw	exact	365	416
sample	flat	dict-index	raw	exact	366	584
sample	flat	dict-index	raw	exact	367	541
sample	flat	dict-index	raw	exact	368	917
sample	flat	dict-index	raw	exact	369	375
sample	flat	dict-index	raw	exact	370	708
sample	flat	dict-index	raw	exact	371	416
sample	flat	dict-index	raw	exact	372	542
sample	flat	dict-index	raw	exact	373	375
sample	flat	dict-index	raw	exact	374	625
sample	flat	dict-index	raw	exact	375	541
sample	flat	dict-index	raw	exact	376	625
sample	flat	dict-index	raw	exact	377	375
sample	flat	dict-index	raw	exact	378	583
sample	flat	dict-index	raw	exact	379	417
sample	flat	dict-index	raw	exact	380	750
sample	flat	dict-index	raw	exact	381	333
sample	flat	dict-index	raw	exact	382	625
sample	flat	dict-index	raw	exact	383	542
sample	flat	dict-index	raw	exact	384	834
sample	flat	dict-index	raw	exact	385	375
sample	flat	dict-index	raw	exact	386	542
sample	flat	dict-index	raw	exact	387	417
sample	flat	dict-index	raw	exact	388	583
sample	flat	dict-index	raw	exact	389	375
sample	flat	dict-index	raw	exact	390	500
sample	flat	dict-index	raw	exact	391	542
sample	flat	dict-index	raw	exact	392	667
sample	flat	dict-index	raw	exact	393	375
sample	flat	dict-index	raw	exact	394	667
sample	flat	dict-index	raw	exact	395	458
sample	flat	dict-index	raw	exact	396	625
sample	flat	dict-index	raw	exact	397	416
sample	flat	dict-index	raw	exact	398	542
sample	flat	dict-index	raw	exact	399	584
sample	flat	dict-index	raw	exact	400	1000
sample	flat	dict-index	raw	exact	401	500
sample	flat	dict-index	raw	exact	402	666
sample	flat	dict-index	raw	exact	403	7875
sample	flat	dict-index	raw	exact	404	1583
sample	flat	dict-index	raw	exact	405	542
sample	flat	dict-index	raw	exact	406	667
sample	flat	dict-index	raw	exact	407	541
sample	flat	dict-index	raw	exact	408	750
sample	flat	dict-index	raw	exact	409	375
sample	flat	dict-index	raw	exact	410	625
sample	flat	dict-index	raw	exact	411	417
sample	flat	dict-index	raw	exact	412	583
sample	flat	dict-index	raw	exact	413	375
sample	flat	dict-index	raw	exact	414	792
sample	flat	dict-index	raw	exact	415	583
sample	flat	dict-index	raw	exact	416	792
sample	flat	dict-index	raw	exact	417	375
sample	flat	dict-index	raw	exact	418	625
sample	flat	dict-index	raw	exact	419	417
sample	flat	dict-index	raw	exact	420	583
sample	flat	dict-index	raw	exact	421	2041
sample	flat	dict-index	raw	exact	422	875
sample	flat	dict-index	raw	exact	423	541
sample	flat	dict-index	raw	exact	424	1000
sample	flat	dict-index	raw	exact	425	417
sample	flat	dict-index	raw	exact	426	709
sample	flat	dict-index	raw	exact	427	459
sample	flat	dict-index	raw	exact	428	1000
sample	flat	dict-index	raw	exact	429	375
sample	flat	dict-index	raw	exact	430	1334
sample	flat	dict-index	raw	exact	431	500
sample	flat	dict-index	raw	exact	432	1167
sample	flat	dict-index	raw	exact	433	375
sample	flat	dict-index	raw	exact	434	1042
sample	flat	dict-index	raw	exact	435	416
sample	flat	dict-index	raw	exact	436	750
sample	flat	dict-index	raw	exact	437	375
sample	flat	dict-index	raw	exact	438	10292
sample	flat	dict-index	raw	exact	439	4833
sample	flat	dict-index	raw	exact	440	3583
sample	flat	dict-index	raw	exact	441	750
sample	flat	dict-index	raw	exact	442	1167
sample	flat	dict-index	raw	exact	443	625
sample	flat	dict-index	raw	exact	444	1292
sample	flat	dict-index	raw	exact	445	500
sample	flat	dict-index	raw	exact	446	1125
sample	flat	dict-index	raw	exact	447	542
sample	flat	dict-index	raw	exact	448	833
sample	flat	dict-index	raw	exact	449	1333
sample	flat	dict-index	raw	exact	450	750
sample	flat	dict-index	raw	exact	451	459
sample	flat	dict-index	raw	exact	452	833
sample	flat	dict-index	raw	exact	453	416
sample	flat	dict-index	raw	exact	454	875
sample	flat	dict-index	raw	exact	455	625
sample	flat	dict-index	raw	exact	456	959
sample	flat	dict-index	raw	exact	457	458
sample	flat	dict-index	raw	exact	458	1125
sample	flat	dict-index	raw	exact	459	459
sample	flat	dict-index	raw	exact	460	1125
sample	flat	dict-index	raw	exact	461	459
sample	flat	dict-index	raw	exact	462	8292
sample	flat	dict-index	raw	exact	463	1709
sample	flat	dict-index	raw	exact	464	1208
sample	flat	dict-index	raw	exact	465	500
sample	flat	dict-index	raw	exact	466	1542
sample	flat	dict-index	raw	exact	467	542
sample	flat	dict-index	raw	exact	468	1209
sample	flat	dict-index	raw	exact	469	416
sample	flat	dict-index	raw	exact	470	1000
sample	flat	dict-index	raw	exact	471	667
sample	flat	dict-index	raw	exact	472	1167
sample	flat	dict-index	raw	exact	473	417
sample	flat	dict-index	raw	exact	474	875
sample	flat	dict-index	raw	exact	475	458
sample	flat	dict-index	raw	exact	476	708
sample	flat	dict-index	raw	exact	477	459
sample	flat	dict-index	raw	exact	478	708
sample	flat	dict-index	raw	exact	479	750
sample	flat	dict-index	raw	exact	480	917
sample	flat	dict-index	raw	exact	481	500
sample	flat	dict-index	raw	exact	482	625
sample	flat	dict-index	raw	exact	483	459
sample	flat	dict-index	raw	exact	484	625
sample	flat	dict-index	raw	exact	485	416
sample	flat	dict-index	raw	exact	486	750
sample	flat	dict-index	raw	exact	487	541
sample	flat	dict-index	raw	exact	488	875
sample	flat	dict-index	raw	exact	489	375
sample	flat	dict-index	raw	exact	490	834
sample	flat	dict-index	raw	exact	491	458
sample	flat	dict-index	raw	exact	492	958
sample	flat	dict-index	raw	exact	493	458
sample	flat	dict-index	raw	exact	494	584
sample	flat	dict-index	raw	exact	495	542
sample	flat	dict-index	raw	exact	496	875
sample	flat	dict-index	raw	exact	497	333
sample	flat	dict-index	raw	exact	498	625
sample	flat	dict-index	raw	exact	499	417
sample	flat	dict-index	raw	exact	500	584
sample	flat	dict-index	raw	exact	501	375
sample	flat	dict-index	raw	exact	502	583
sample	flat	dict-index	raw	exact	503	542
sample	flat	dict-index	raw	exact	504	667
sample	flat	dict-index	raw	exact	505	375
sample	flat	dict-index	raw	exact	506	625
sample	flat	dict-index	raw	exact	507	459
sample	flat	dict-index	raw	exact	508	708
sample	flat	dict-index	raw	exact	509	417
sample	flat	dict-index	raw	exact	510	583
sample	flat	dict-index	raw	exact	511	500
sample	flat	dict-index	raw	exact	512	834
sample	flat	dict-index	raw	exact	513	375
sample	flat	dict-index	raw	exact	514	667
sample	flat	dict-index	raw	exact	515	417
sample	flat	dict-index	raw	exact	516	667
sample	flat	dict-index	raw	exact	517	375
sample	flat	dict-index	raw	exact	518	709
sample	flat	dict-index	raw	exact	519	542
sample	flat	dict-index	raw	exact	520	625
sample	flat	dict-index	raw	exact	521	375
sample	flat	dict-index	raw	exact	522	625
sample	flat	dict-index	raw	exact	523	375
sample	flat	dict-index	raw	exact	524	1333
sample	flat	dict-index	raw	exact	525	375
sample	flat	dict-index	raw	exact	526	750
sample	flat	dict-index	raw	exact	527	583
sample	flat	dict-index	raw	exact	528	1083
sample	flat	dict-index	raw	exact	529	334
sample	flat	dict-index	raw	exact	530	583
sample	flat	dict-index	raw	exact	531	375
sample	flat	dict-index	raw	exact	532	542
sample	flat	dict-index	raw	exact	533	375
sample	flat	dict-index	raw	exact	534	583
sample	flat	dict-index	raw	exact	535	666
sample	flat	dict-index	raw	exact	536	750
sample	flat	dict-index	raw	exact	537	375
sample	flat	dict-index	raw	exact	538	625
sample	flat	dict-index	raw	exact	539	6958
sample	flat	dict-index	raw	exact	540	2000
sample	flat	dict-index	raw	exact	541	10208
sample	flat	dict-index	raw	exact	542	1000
sample	flat	dict-index	raw	exact	543	1083
sample	flat	dict-index	raw	exact	544	833
sample	flat	dict-index	raw	exact	545	416
sample	flat	dict-index	raw	exact	546	708
sample	flat	dict-index	raw	exact	547	417
sample	flat	dict-index	raw	exact	548	834
sample	flat	dict-index	raw	exact	549	458
sample	flat	dict-index	raw	exact	550	625
sample	flat	dict-index	raw	exact	551	625
sample	flat	dict-index	raw	exact	552	625
sample	flat	dict-index	raw	exact	553	375
sample	flat	dict-index	raw	exact	554	625
sample	flat	dict-index	raw	exact	555	417
sample	flat	dict-index	raw	exact	556	667
sample	flat	dict-index	raw	exact	557	375
sample	flat	dict-index	raw	exact	558	750
sample	flat	dict-index	raw	exact	559	583
sample	flat	dict-index	raw	exact	560	1167
sample	flat	dict-index	raw	exact	561	375
sample	flat	dict-index	raw	exact	562	584
sample	flat	dict-index	raw	exact	563	458
sample	flat	dict-index	raw	exact	564	625
sample	flat	dict-index	raw	exact	565	458
sample	flat	dict-index	raw	exact	566	625
sample	flat	dict-index	raw	exact	567	542
sample	flat	dict-index	raw	exact	568	958
sample	flat	dict-index	raw	exact	569	334
sample	flat	dict-index	raw	exact	570	750
sample	flat	dict-index	raw	exact	571	458
sample	flat	dict-index	raw	exact	572	666
sample	flat	dict-index	raw	exact	573	1625
sample	flat	dict-index	raw	exact	574	1375
sample	flat	dict-index	raw	exact	575	583
sample	flat	dict-index	raw	exact	576	958
sample	flat	dict-index	raw	exact	577	417
sample	flat	dict-index	raw	exact	578	958
sample	flat	dict-index	raw	exact	579	417
sample	flat	dict-index	raw	exact	580	1292
sample	flat	dict-index	raw	exact	581	375
sample	flat	dict-index	raw	exact	582	833
sample	flat	dict-index	raw	exact	583	541
sample	flat	dict-index	raw	exact	584	834
sample	flat	dict-index	raw	exact	585	375
sample	flat	dict-index	raw	exact	586	750
sample	flat	dict-index	raw	exact	587	458
sample	flat	dict-index	raw	exact	588	750
sample	flat	dict-index	raw	exact	589	417
sample	flat	dict-index	raw	exact	590	792
sample	flat	dict-index	raw	exact	591	542
sample	flat	dict-index	raw	exact	592	958
sample	flat	dict-index	raw	exact	593	375
sample	flat	dict-index	raw	exact	594	708
sample	flat	dict-index	raw	exact	595	458
sample	flat	dict-index	raw	exact	596	834
sample	flat	dict-index	raw	exact	597	417
sample	flat	dict-index	raw	exact	598	667
sample	flat	dict-index	raw	exact	599	542
sample	flat	dict-index	raw	exact	600	583
sample	flat	dict-index	raw	exact	601	375
sample	flat	dict-index	raw	exact	602	583
sample	flat	dict-index	raw	exact	603	500
sample	flat	dict-index	raw	exact	604	542
sample	flat	dict-index	raw	exact	605	416
sample	flat	dict-index	raw	exact	606	625
sample	flat	dict-index	raw	exact	607	541
sample	flat	dict-index	raw	exact	608	875
sample	flat	dict-index	raw	exact	609	417
sample	flat	dict-index	raw	exact	610	584
sample	flat	dict-index	raw	exact	611	459
sample	flat	dict-index	raw	exact	612	583
sample	flat	dict-index	raw	exact	613	416
sample	flat	dict-index	raw	exact	614	667
sample	flat	dict-index	raw	exact	615	583
sample	flat	dict-index	raw	exact	616	584
sample	flat	dict-index	raw	exact	617	375
sample	flat	dict-index	raw	exact	618	584
sample	flat	dict-index	raw	exact	619	417
sample	flat	dict-index	raw	exact	620	625
sample	flat	dict-index	raw	exact	621	375
sample	flat	dict-index	raw	exact	622	584
sample	flat	dict-index	raw	exact	623	583
sample	flat	dict-index	raw	exact	624	958
sample	flat	dict-index	raw	exact	625	375
sample	flat	dict-index	raw	exact	626	584
sample	flat	dict-index	raw	exact	627	416
sample	flat	dict-index	raw	exact	628	625
sample	flat	dict-index	raw	exact	629	375
sample	flat	dict-index	raw	exact	630	2791
sample	flat	dict-index	raw	exact	631	1000
sample	flat	dict-index	raw	exact	632	1416
sample	flat	dict-index	raw	exact	633	542
sample	flat	dict-index	raw	exact	634	917
sample	flat	dict-index	raw	exact	635	500
sample	flat	dict-index	raw	exact	636	833
sample	flat	dict-index	raw	exact	637	500
sample	flat	dict-index	raw	exact	638	750
sample	flat	dict-index	raw	exact	639	708
sample	flat	dict-index	raw	exact	640	916
sample	flat	dict-index	raw	exact	641	458
sample	flat	dict-index	raw	exact	642	708
sample	flat	dict-index	raw	exact	643	500
sample	flat	dict-index	raw	exact	644	667
sample	flat	dict-index	raw	exact	645	459
sample	flat	dict-index	raw	exact	646	708
sample	flat	dict-index	raw	exact	647	625
sample	flat	dict-index	raw	exact	648	708
sample	flat	dict-index	raw	exact	649	417
sample	flat	dict-index	raw	exact	650	625
sample	flat	dict-index	raw	exact	651	458
sample	flat	dict-index	raw	exact	652	709
sample	flat	dict-index	raw	exact	653	500
sample	flat	dict-index	raw	exact	654	709
sample	flat	dict-index	raw	exact	655	583
sample	flat	dict-index	raw	exact	656	1250
sample	flat	dict-index	raw	exact	657	375
sample	flat	dict-index	raw	exact	658	667
sample	flat	dict-index	raw	exact	659	459
sample	flat	dict-index	raw	exact	660	708
sample	flat	dict-index	raw	exact	661	500
sample	flat	dict-index	raw	exact	662	750
sample	flat	dict-index	raw	exact	663	583
sample	flat	dict-index	raw	exact	664	750
sample	flat	dict-index	raw	exact	665	375
sample	flat	dict-index	raw	exact	666	625
sample	flat	dict-index	raw	exact	667	416
sample	flat	dict-index	raw	exact	668	6500
sample	flat	dict-index	raw	exact	669	1083
sample	flat	dict-index	raw	exact	670	625
sample	flat	dict-index	raw	exact	671	667
sample	flat	dict-index	raw	exact	672	875
sample	flat	dict-index	raw	exact	673	458
sample	flat	dict-index	raw	exact	674	583
sample	flat	dict-index	raw	exact	675	417
sample	flat	dict-index	raw	exact	676	583
sample	flat	dict-index	raw	exact	677	417
sample	flat	dict-index	raw	exact	678	583
sample	flat	dict-index	raw	exact	679	542
sample	flat	dict-index	raw	exact	680	750
sample	flat	dict-index	raw	exact	681	375
sample	flat	dict-index	raw	exact	682	750
sample	flat	dict-index	raw	exact	683	458
sample	flat	dict-index	raw	exact	684	5500
sample	flat	dict-index	raw	exact	685	2417
sample	flat	dict-index	raw	exact	686	2167
sample	flat	dict-index	raw	exact	687	1584
sample	flat	dict-index	raw	exact	688	2084
sample	flat	dict-index	raw	exact	689	500
sample	flat	dict-index	raw	exact	690	1042
sample	flat	dict-index	raw	exact	691	625
sample	flat	dict-index	raw	exact	692	875
sample	flat	dict-index	raw	exact	693	542
sample	flat	dict-index	raw	exact	694	709
sample	flat	dict-index	raw	exact	695	584
sample	flat	dict-index	raw	exact	696	709
sample	flat	dict-index	raw	exact	697	375
sample	flat	dict-index	raw	exact	698	792
sample	flat	dict-index	raw	exact	699	458
sample	flat	dict-index	raw	exact	700	750
sample	flat	dict-index	raw	exact	701	583
sample	flat	dict-index	raw	exact	702	792
sample	flat	dict-index	raw	exact	703	666
sample	flat	dict-index	raw	exact	704	1083
sample	flat	dict-index	raw	exact	705	375
sample	flat	dict-index	raw	exact	706	750
sample	flat	dict-index	raw	exact	707	458
sample	flat	dict-index	raw	exact	708	708
sample	flat	dict-index	raw	exact	709	417
sample	flat	dict-index	raw	exact	710	625
sample	flat	dict-index	raw	exact	711	500
sample	flat	dict-index	raw	exact	712	791
sample	flat	dict-index	raw	exact	713	416
sample	flat	dict-index	raw	exact	714	1042
sample	flat	dict-index	raw	exact	715	458
sample	flat	dict-index	raw	exact	716	791
sample	flat	dict-index	raw	exact	717	375
sample	flat	dict-index	raw	exact	718	584
sample	flat	dict-index	raw	exact	719	541
sample	flat	dict-index	raw	exact	720	791
sample	flat	dict-index	raw	exact	721	417
sample	flat	dict-index	raw	exact	722	625
sample	flat	dict-index	raw	exact	723	417
sample	flat	dict-index	raw	exact	724	667
sample	flat	dict-index	raw	exact	725	458
sample	flat	dict-index	raw	exact	726	625
sample	flat	dict-index	raw	exact	727	584
sample	flat	dict-index	raw	exact	728	583
sample	flat	dict-index	raw	exact	729	375
sample	flat	dict-index	raw	exact	730	708
sample	flat	dict-index	raw	exact	731	417
sample	flat	dict-index	raw	exact	732	667
sample	flat	dict-index	raw	exact	733	375
sample	flat	dict-index	raw	exact	734	708
sample	flat	dict-index	raw	exact	735	541
sample	flat	dict-index	raw	exact	736	917
sample	flat	dict-index	raw	exact	737	375
sample	flat	dict-index	raw	exact	738	583
sample	flat	dict-index	raw	exact	739	416
sample	flat	dict-index	raw	exact	740	584
sample	flat	dict-index	raw	exact	741	416
sample	flat	dict-index	raw	exact	742	666
sample	flat	dict-index	raw	exact	743	583
sample	flat	dict-index	raw	exact	744	625
sample	flat	dict-index	raw	exact	745	375
sample	flat	dict-index	raw	exact	746	584
sample	flat	dict-index	raw	exact	747	375
sample	flat	dict-index	raw	exact	748	625
sample	flat	dict-index	raw	exact	749	375
sample	flat	dict-index	raw	exact	750	625
sample	flat	dict-index	raw	exact	751	542
sample	flat	dict-index	raw	exact	752	750
sample	flat	dict-index	raw	exact	753	417
sample	flat	dict-index	raw	exact	754	625
sample	flat	dict-index	raw	exact	755	459
sample	flat	dict-index	raw	exact	756	625
sample	flat	dict-index	raw	exact	757	416
sample	flat	dict-index	raw	exact	758	583
sample	flat	dict-index	raw	exact	759	542
sample	flat	dict-index	raw	exact	760	792
sample	flat	dict-index	raw	exact	761	375
sample	flat	dict-index	raw	exact	762	584
sample	flat	dict-index	raw	exact	763	375
sample	flat	dict-index	raw	exact	764	708
sample	flat	dict-index	raw	exact	765	375
sample	flat	dict-index	raw	exact	766	625
sample	flat	dict-index	raw	exact	767	709
sample	flat	dict-index	raw	exact	768	875
sample	flat	dict-index	raw	exact	769	375
sample	flat	dict-index	raw	exact	770	584
sample	flat	dict-index	raw	exact	771	417
sample	flat	dict-index	raw	exact	772	750
sample	flat	dict-index	raw	exact	773	417
sample	flat	dict-index	raw	exact	774	542
sample	flat	dict-index	raw	exact	775	500
sample	flat	dict-index	raw	exact	776	708
sample	flat	dict-index	raw	exact	777	334
sample	flat	dict-index	raw	exact	778	583
sample	flat	dict-index	raw	exact	779	417
sample	flat	dict-index	raw	exact	780	625
sample	flat	dict-index	raw	exact	781	417
sample	flat	dict-index	raw	exact	782	709
sample	flat	dict-index	raw	exact	783	584
sample	flat	dict-index	raw	exact	784	792
sample	flat	dict-index	raw	exact	785	375
sample	flat	dict-index	raw	exact	786	583
sample	flat	dict-index	raw	exact	787	417
sample	flat	dict-index	raw	exact	788	541
sample	flat	dict-index	raw	exact	789	375
sample	flat	dict-index	raw	exact	790	583
sample	flat	dict-index	raw	exact	791	584
sample	flat	dict-index	raw	exact	792	708
sample	flat	dict-index	raw	exact	793	375
sample	flat	dict-index	raw	exact	794	500
sample	flat	dict-index	raw	exact	795	375
sample	flat	dict-index	raw	exact	796	625
sample	flat	dict-index	raw	exact	797	375
sample	flat	dict-index	raw	exact	798	584
sample	flat	dict-index	raw	exact	799	542
sample	flat	dict-index	raw	exact	800	917
sample	flat	dict-index	raw	exact	801	375
sample	flat	dict-index	raw	exact	802	708
sample	flat	dict-index	raw	exact	803	625
sample	flat	dict-index	raw	exact	804	750
sample	flat	dict-index	raw	exact	805	417
sample	flat	dict-index	raw	exact	806	709
sample	flat	dict-index	raw	exact	807	625
sample	flat	dict-index	raw	exact	808	625
sample	flat	dict-index	raw	exact	809	417
sample	flat	dict-index	raw	exact	810	583
sample	flat	dict-index	raw	exact	811	375
sample	flat	dict-index	raw	exact	812	20625
sample	flat	dict-index	raw	exact	813	833
sample	flat	dict-index	raw	exact	814	625
sample	flat	dict-index	raw	exact	815	584
sample	flat	dict-index	raw	exact	816	958
sample	flat	dict-index	raw	exact	817	416
sample	flat	dict-index	raw	exact	818	625
sample	flat	dict-index	raw	exact	819	458
sample	flat	dict-index	raw	exact	820	625
sample	flat	dict-index	raw	exact	821	4584
sample	flat	dict-index	raw	exact	822	2542
sample	flat	dict-index	raw	exact	823	1584
sample	flat	dict-index	raw	exact	824	1916
sample	flat	dict-index	raw	exact	825	1417
sample	flat	dict-index	raw	exact	826	2333
sample	flat	dict-index	raw	exact	827	625
sample	flat	dict-index	raw	exact	828	750
sample	flat	dict-index	raw	exact	829	458
sample	flat	dict-index	raw	exact	830	833
sample	flat	dict-index	raw	exact	831	625
sample	flat	dict-index	raw	exact	832	875
sample	flat	dict-index	raw	exact	833	667
sample	flat	dict-index	raw	exact	834	1042
sample	flat	dict-index	raw	exact	835	417
sample	flat	dict-index	raw	exact	836	666
sample	flat	dict-index	raw	exact	837	458
sample	flat	dict-index	raw	exact	838	750
sample	flat	dict-index	raw	exact	839	542
sample	flat	dict-index	raw	exact	840	708
sample	flat	dict-index	raw	exact	841	375
sample	flat	dict-index	raw	exact	842	708
sample	flat	dict-index	raw	exact	843	458
sample	flat	dict-index	raw	exact	844	750
sample	flat	dict-index	raw	exact	845	417
sample	flat	dict-index	raw	exact	846	875
sample	flat	dict-index	raw	exact	847	583
sample	flat	dict-index	raw	exact	848	916
sample	flat	dict-index	raw	exact	849	375
sample	flat	dict-index	raw	exact	850	750
sample	flat	dict-index	raw	exact	851	458
sample	flat	dict-index	raw	exact	852	959
sample	flat	dict-index	raw	exact	853	417
sample	flat	dict-index	raw	exact	854	834
sample	flat	dict-index	raw	exact	855	667
sample	flat	dict-index	raw	exact	856	5375
sample	flat	dict-index	raw	exact	857	917
sample	flat	dict-index	raw	exact	858	709
sample	flat	dict-index	raw	exact	859	458
sample	flat	dict-index	raw	exact	860	708
sample	flat	dict-index	raw	exact	861	459
sample	flat	dict-index	raw	exact	862	667
sample	flat	dict-index	raw	exact	863	500
sample	flat	dict-index	raw	exact	864	958
sample	flat	dict-index	raw	exact	865	375
sample	flat	dict-index	raw	exact	866	1666
sample	flat	dict-index	raw	exact	867	500
sample	flat	dict-index	raw	exact	868	791
sample	flat	dict-index	raw	exact	869	375
sample	flat	dict-index	raw	exact	870	792
sample	flat	dict-index	raw	exact	871	542
sample	flat	dict-index	raw	exact	872	708
sample	flat	dict-index	raw	exact	873	375
sample	flat	dict-index	raw	exact	874	625
sample	flat	dict-index	raw	exact	875	417
sample	flat	dict-index	raw	exact	876	708
sample	flat	dict-index	raw	exact	877	416
sample	flat	dict-index	raw	exact	878	667
sample	flat	dict-index	raw	exact	879	541
sample	flat	dict-index	raw	exact	880	917
sample	flat	dict-index	raw	exact	881	416
sample	flat	dict-index	raw	exact	882	625
sample	flat	dict-index	raw	exact	883	459
sample	flat	dict-index	raw	exact	884	667
sample	flat	dict-index	raw	exact	885	416
sample	flat	dict-index	raw	exact	886	1083
sample	flat	dict-index	raw	exact	887	500
sample	flat	dict-index	raw	exact	888	875
sample	flat	dict-index	raw	exact	889	334
sample	flat	dict-index	raw	exact	890	583
sample	flat	dict-index	raw	exact	891	417
sample	flat	dict-index	raw	exact	892	667
sample	flat	dict-index	raw	exact	893	500
sample	flat	dict-index	raw	exact	894	708
sample	flat	dict-index	raw	exact	895	541
sample	flat	dict-index	raw	exact	896	834
sample	flat	dict-index	raw	exact	897	416
sample	flat	dict-index	raw	exact	898	667
sample	flat	dict-index	raw	exact	899	458
sample	flat	dict-index	raw	exact	900	666
sample	flat	dict-index	raw	exact	901	375
sample	flat	dict-index	raw	exact	902	625
sample	flat	dict-index	raw	exact	903	541
sample	flat	dict-index	raw	exact	904	792
sample	flat	dict-index	raw	exact	905	375
sample	flat	dict-index	raw	exact	906	625
sample	flat	dict-index	raw	exact	907	417
sample	flat	dict-index	raw	exact	908	625
sample	flat	dict-index	raw	exact	909	375
sample	flat	dict-index	raw	exact	910	708
sample	flat	dict-index	raw	exact	911	541
sample	flat	dict-index	raw	exact	912	1000
sample	flat	dict-index	raw	exact	913	375
sample	flat	dict-index	raw	exact	914	625
sample	flat	dict-index	raw	exact	915	459
sample	flat	dict-index	raw	exact	916	625
sample	flat	dict-index	raw	exact	917	458
sample	flat	dict-index	raw	exact	918	9708
sample	flat	dict-index	raw	exact	919	9958
sample	flat	dict-index	raw	exact	920	6667
sample	flat	dict-index	raw	exact	921	4125
sample	flat	dict-index	raw	exact	922	3125
sample	flat	dict-index	raw	exact	923	833
sample	flat	dict-index	raw	exact	924	1667
sample	flat	dict-index	raw	exact	925	500
sample	flat	dict-index	raw	exact	926	1375
sample	flat	dict-index	raw	exact	927	625
sample	flat	dict-index	raw	exact	928	1333
sample	flat	dict-index	raw	exact	929	625
sample	flat	dict-index	raw	exact	930	6917
sample	flat	dict-index	raw	exact	931	1917
sample	flat	dict-index	raw	exact	932	6750
sample	flat	dict-index	raw	exact	933	2209
sample	flat	dict-index	raw	exact	934	2250
sample	flat	dict-index	raw	exact	935	1750
sample	flat	dict-index	raw	exact	936	2166
sample	flat	dict-index	raw	exact	937	1375
sample	flat	dict-index	raw	exact	938	1875
sample	flat	dict-index	raw	exact	939	1334
sample	flat	dict-index	raw	exact	940	2833
sample	flat	dict-index	raw	exact	941	1084
sample	flat	dict-index	raw	exact	942	2625
sample	flat	dict-index	raw	exact	943	1375
sample	flat	dict-index	raw	exact	944	2125
sample	flat	dict-index	raw	exact	945	1500
sample	flat	dict-index	raw	exact	946	2208
sample	flat	dict-index	raw	exact	947	1417
sample	flat	dict-index	raw	exact	948	2375
sample	flat	dict-index	raw	exact	949	959
sample	flat	dict-index	raw	exact	950	5791
sample	flat	dict-index	raw	exact	951	1792
sample	flat	dict-index	raw	exact	952	1667
sample	flat	dict-index	raw	exact	953	1292
sample	flat	dict-index	raw	exact	954	2250
sample	flat	dict-index	raw	exact	955	875
sample	flat	dict-index	raw	exact	956	2000
sample	flat	dict-index	raw	exact	957	833
sample	flat	dict-index	raw	exact	958	11416
sample	flat	dict-index	raw	exact	959	4375
sample	flat	dict-index	raw	exact	960	1917
sample	flat	dict-index	raw	exact	961	1959
sample	flat	dict-index	raw	exact	962	2333
sample	flat	dict-index	raw	exact	963	1000
sample	flat	dict-index	raw	exact	964	4000
sample	flat	dict-index	raw	exact	965	875
sample	flat	dict-index	raw	exact	966	1083
sample	flat	dict-index	raw	exact	967	709
sample	flat	dict-index	raw	exact	968	1250
sample	flat	dict-index	raw	exact	969	500
sample	flat	dict-index	raw	exact	970	1042
sample	flat	dict-index	raw	exact	971	458
sample	flat	dict-index	raw	exact	972	1750
sample	flat	dict-index	raw	exact	973	458
sample	flat	dict-index	raw	exact	974	1250
sample	flat	dict-index	raw	exact	975	542
sample	flat	dict-index	raw	exact	976	1167
sample	flat	dict-index	raw	exact	977	417
sample	flat	dict-index	raw	exact	978	916
sample	flat	dict-index	raw	exact	979	458
sample	flat	dict-index	raw	exact	980	4292
sample	flat	dict-index	raw	exact	981	2209
sample	flat	dict-index	raw	exact	982	2542
sample	flat	dict-index	raw	exact	983	1583
sample	flat	dict-index	raw	exact	984	3167
sample	flat	dict-index	raw	exact	985	1250
sample	flat	dict-index	raw	exact	986	5959
sample	flat	dict-index	raw	exact	987	1833
sample	flat	dict-index	raw	exact	988	2500
sample	flat	dict-index	raw	exact	989	833
sample	flat	dict-index	raw	exact	990	2000
sample	flat	dict-index	raw	exact	991	1292
sample	flat	dict-index	raw	exact	992	2917
sample	flat	dict-index	raw	exact	993	584
sample	flat	dict-index	raw	exact	994	708
sample	flat	dict-index	raw	exact	995	709
sample	flat	dict-index	raw	exact	996	1083
sample	flat	dict-index	raw	exact	997	459
sample	flat	dict-index	raw	exact	998	833
sample	flat	dict-index	raw	exact	999	625
sample	flat	dict-index	raw	prefix	0	1375
sample	flat	dict-index	raw	prefix	1	1375
sample	flat	dict-index	raw	prefix	2	137875
sample	flat	dict-index	raw	prefix	3	140958
sample	flat	dict-index	raw	prefix	4	3042
sample	flat	dict-index	raw	prefix	5	2333
sample	flat	dict-index	raw	prefix	6	131833
sample	flat	dict-index	raw	prefix	7	140417
sample	flat	dict-index	raw	prefix	8	6125
sample	flat	dict-index	raw	prefix	9	1875
sample	flat	dict-index	raw	prefix	10	130417
sample	flat	dict-index	raw	prefix	11	135709
sample	flat	dict-index	raw	prefix	12	3000
sample	flat	dict-index	raw	prefix	13	708
sample	flat	dict-index	raw	prefix	14	127041
sample	flat	dict-index	raw	prefix	15	137083
sample	flat	dict-index	raw	prefix	16	9917
sample	flat	dict-index	raw	prefix	17	6208
sample	flat	dict-index	raw	prefix	18	300583
sample	flat	dict-index	raw	prefix	19	145125
sample	flat	dict-index	raw	prefix	20	10000
sample	flat	dict-index	raw	prefix	21	583
sample	flat	dict-index	raw	prefix	22	130125
sample	flat	dict-index	raw	prefix	23	145458
sample	flat	dict-index	raw	prefix	24	3791
sample	flat	dict-index	raw	prefix	25	1792
sample	flat	dict-index	raw	prefix	26	126125
sample	flat	dict-index	raw	prefix	27	146083
sample	flat	dict-index	raw	prefix	28	8167
sample	flat	dict-index	raw	prefix	29	625
sample	flat	dict-index	raw	prefix	30	131125
sample	flat	dict-index	raw	prefix	31	135583
sample	flat	dict-index	raw	prefix	32	5000
sample	flat	dict-index	raw	prefix	33	2333
sample	flat	dict-index	raw	prefix	34	130208
sample	flat	dict-index	raw	prefix	35	367666
sample	flat	dict-index	raw	prefix	36	10416
sample	flat	dict-index	raw	prefix	37	625
sample	flat	dict-index	raw	prefix	38	131125
sample	flat	dict-index	raw	prefix	39	384542
sample	flat	dict-index	raw	prefix	40	18083
sample	flat	dict-index	raw	prefix	41	4125
sample	flat	dict-index	raw	prefix	42	132292
sample	flat	dict-index	raw	prefix	43	149708
sample	flat	dict-index	raw	prefix	44	11750
sample	flat	dict-index	raw	prefix	45	833
sample	flat	dict-index	raw	prefix	46	345541
sample	flat	dict-index	raw	prefix	47	142791
sample	flat	dict-index	raw	prefix	48	5625
sample	flat	dict-index	raw	prefix	49	1958
sample	flat	dict-index	raw	prefix	50	129333
sample	flat	dict-index	raw	prefix	51	135042
sample	flat	dict-index	raw	prefix	52	11500
sample	flat	dict-index	raw	prefix	53	583
sample	flat	dict-index	raw	prefix	54	134250
sample	flat	dict-index	raw	prefix	55	142000
sample	flat	dict-index	raw	prefix	56	7083
sample	flat	dict-index	raw	prefix	57	1875
sample	flat	dict-index	raw	prefix	58	131417
sample	flat	dict-index	raw	prefix	59	135958
sample	flat	dict-index	raw	prefix	60	52792
sample	flat	dict-index	raw	prefix	61	1667
sample	flat	dict-index	raw	prefix	62	148000
sample	flat	dict-index	raw	prefix	63	143209
sample	flat	dict-index	raw	prefix	64	12042
sample	flat	dict-index	raw	prefix	65	1875
sample	flat	dict-index	raw	prefix	66	133125
sample	flat	dict-index	raw	prefix	67	134083
sample	flat	dict-index	raw	prefix	68	7709
sample	flat	dict-index	raw	prefix	69	708
sample	flat	dict-index	raw	prefix	70	128666
sample	flat	dict-index	raw	prefix	71	200750
sample	flat	dict-index	raw	prefix	72	17959
sample	flat	dict-index	raw	prefix	73	4666
sample	flat	dict-index	raw	prefix	74	371167
sample	flat	dict-index	raw	prefix	75	331583
sample	flat	dict-index	raw	prefix	76	10667
sample	flat	dict-index	raw	prefix	77	667
sample	flat	dict-index	raw	prefix	78	132500
sample	flat	dict-index	raw	prefix	79	144416
sample	flat	dict-index	raw	prefix	80	10583
sample	flat	dict-index	raw	prefix	81	2458
sample	flat	dict-index	raw	prefix	82	130458
sample	flat	dict-index	raw	prefix	83	133375
sample	flat	dict-index	raw	prefix	84	7125
sample	flat	dict-index	raw	prefix	85	708
sample	flat	dict-index	raw	prefix	86	135833
sample	flat	dict-index	raw	prefix	87	130250
sample	flat	dict-index	raw	prefix	88	10125
sample	flat	dict-index	raw	prefix	89	2500
sample	flat	dict-index	raw	prefix	90	134542
sample	flat	dict-index	raw	prefix	91	129083
sample	flat	dict-index	raw	prefix	92	8709
sample	flat	dict-index	raw	prefix	93	667
sample	flat	dict-index	raw	prefix	94	127709
sample	flat	dict-index	raw	prefix	95	376666
sample	flat	dict-index	raw	prefix	96	9292
sample	flat	dict-index	raw	prefix	97	2042
sample	flat	dict-index	raw	prefix	98	126917
sample	flat	dict-index	raw	prefix	99	128625
sample	flat	dict-index	raw	prefix	100	12750
sample	flat	dict-index	raw	prefix	101	1000
sample	flat	dict-index	raw	prefix	102	134625
sample	flat	dict-index	raw	prefix	103	141083
sample	flat	dict-index	raw	prefix	104	11584
sample	flat	dict-index	raw	prefix	105	2042
sample	flat	dict-index	raw	prefix	106	134500
sample	flat	dict-index	raw	prefix	107	136083
sample	flat	dict-index	raw	prefix	108	8750
sample	flat	dict-index	raw	prefix	109	625
sample	flat	dict-index	raw	prefix	110	133250
sample	flat	dict-index	raw	prefix	111	381500
sample	flat	dict-index	raw	prefix	112	8834
sample	flat	dict-index	raw	prefix	113	2208
sample	flat	dict-index	raw	prefix	114	129833
sample	flat	dict-index	raw	prefix	115	133666
sample	flat	dict-index	raw	prefix	116	10459
sample	flat	dict-index	raw	prefix	117	708
sample	flat	dict-index	raw	prefix	118	138792
sample	flat	dict-index	raw	prefix	119	145792
sample	flat	dict-index	raw	prefix	120	6958
sample	flat	dict-index	raw	prefix	121	1667
sample	flat	dict-index	raw	prefix	122	128125
sample	flat	dict-index	raw	prefix	123	264959
sample	flat	dict-index	raw	prefix	124	6541
sample	flat	dict-index	raw	prefix	125	542
sample	flat	dict-index	raw	prefix	126	125625
sample	flat	dict-index	raw	prefix	127	139791
sample	flat	dict-index	raw	prefix	128	5375
sample	flat	dict-index	raw	prefix	129	2084
sample	flat	dict-index	raw	prefix	130	128916
sample	flat	dict-index	raw	prefix	131	144042
sample	flat	dict-index	raw	prefix	132	12791
sample	flat	dict-index	raw	prefix	133	2000
sample	flat	dict-index	raw	prefix	134	142333
sample	flat	dict-index	raw	prefix	135	145709
sample	flat	dict-index	raw	prefix	136	15167
sample	flat	dict-index	raw	prefix	137	6167
sample	flat	dict-index	raw	prefix	138	129916
sample	flat	dict-index	raw	prefix	139	185083
sample	flat	dict-index	raw	prefix	140	4875
sample	flat	dict-index	raw	prefix	141	541
sample	flat	dict-index	raw	prefix	142	126750
sample	flat	dict-index	raw	prefix	143	285708
sample	flat	dict-index	raw	prefix	144	17750
sample	flat	dict-index	raw	prefix	145	4042
sample	flat	dict-index	raw	prefix	146	345667
sample	flat	dict-index	raw	prefix	147	144208
sample	flat	dict-index	raw	prefix	148	4542
sample	flat	dict-index	raw	prefix	149	500
sample	flat	dict-index	raw	prefix	150	124458
sample	flat	dict-index	raw	prefix	151	136416
sample	flat	dict-index	raw	prefix	152	6792
sample	flat	dict-index	raw	prefix	153	2750
sample	flat	dict-index	raw	prefix	154	363667
sample	flat	dict-index	raw	prefix	155	317291
sample	flat	dict-index	raw	prefix	156	6917
sample	flat	dict-index	raw	prefix	157	666
sample	flat	dict-index	raw	prefix	158	129625
sample	flat	dict-index	raw	prefix	159	132459
sample	flat	dict-index	raw	prefix	160	3375
sample	flat	dict-index	raw	prefix	161	1666
sample	flat	dict-index	raw	prefix	162	126625
sample	flat	dict-index	raw	prefix	163	144542
sample	flat	dict-index	raw	prefix	164	3125
sample	flat	dict-index	raw	prefix	165	542
sample	flat	dict-index	raw	prefix	166	125750
sample	flat	dict-index	raw	prefix	167	137584
sample	flat	dict-index	raw	prefix	168	3250
sample	flat	dict-index	raw	prefix	169	1333
sample	flat	dict-index	raw	prefix	170	127500
sample	flat	dict-index	raw	prefix	171	142000
sample	flat	dict-index	raw	prefix	172	3416
sample	flat	dict-index	raw	prefix	173	625
sample	flat	dict-index	raw	prefix	174	124917
sample	flat	dict-index	raw	prefix	175	139833
sample	flat	dict-index	raw	prefix	176	3875
sample	flat	dict-index	raw	prefix	177	1250
sample	flat	dict-index	raw	prefix	178	124500
sample	flat	dict-index	raw	prefix	179	139333
sample	flat	dict-index	raw	prefix	180	2500
sample	flat	dict-index	raw	prefix	181	541
sample	flat	dict-index	raw	prefix	182	124042
sample	flat	dict-index	raw	prefix	183	145458
sample	flat	dict-index	raw	prefix	184	6875
sample	flat	dict-index	raw	prefix	185	1958
sample	flat	dict-index	raw	prefix	186	127083
sample	flat	dict-index	raw	prefix	187	139208
sample	flat	dict-index	raw	prefix	188	4083
sample	flat	dict-index	raw	prefix	189	750
sample	flat	dict-index	raw	prefix	190	128042
sample	flat	dict-index	raw	prefix	191	137000
sample	flat	dict-index	raw	prefix	192	4959
sample	flat	dict-index	raw	prefix	193	1583
sample	flat	dict-index	raw	prefix	194	130125
sample	flat	dict-index	raw	prefix	195	417625
sample	flat	dict-index	raw	prefix	196	7041
sample	flat	dict-index	raw	prefix	197	625
sample	flat	dict-index	raw	prefix	198	125916
sample	flat	dict-index	raw	prefix	199	137875
sample	flat	dict-index	raw	prefix	200	7833
sample	flat	dict-index	raw	prefix	201	2708
sample	flat	dict-index	raw	prefix	202	129333
sample	flat	dict-index	raw	prefix	203	347000
sample	flat	dict-index	raw	prefix	204	55917
sample	flat	dict-index	raw	prefix	205	4375
sample	flat	dict-index	raw	prefix	206	400416
sample	flat	dict-index	raw	prefix	207	325292
sample	flat	dict-index	raw	prefix	208	10917
sample	flat	dict-index	raw	prefix	209	2250
sample	flat	dict-index	raw	prefix	210	130792
sample	flat	dict-index	raw	prefix	211	126334
sample	flat	dict-index	raw	prefix	212	20458
sample	flat	dict-index	raw	prefix	213	1916
sample	flat	dict-index	raw	prefix	214	361708
sample	flat	dict-index	raw	prefix	215	148083
sample	flat	dict-index	raw	prefix	216	21333
sample	flat	dict-index	raw	prefix	217	6667
sample	flat	dict-index	raw	prefix	218	429500
sample	flat	dict-index	raw	prefix	219	137875
sample	flat	dict-index	raw	prefix	220	12041
sample	flat	dict-index	raw	prefix	221	1000
sample	flat	dict-index	raw	prefix	222	128417
sample	flat	dict-index	raw	prefix	223	134084
sample	flat	dict-index	raw	prefix	224	8500
sample	flat	dict-index	raw	prefix	225	6750
sample	flat	dict-index	raw	prefix	226	351042
sample	flat	dict-index	raw	prefix	227	229250
sample	flat	dict-index	raw	prefix	228	8333
sample	flat	dict-index	raw	prefix	229	1000
sample	flat	dict-index	raw	prefix	230	219625
sample	flat	dict-index	raw	prefix	231	143709
sample	flat	dict-index	raw	prefix	232	17375
sample	flat	dict-index	raw	prefix	233	5666
sample	flat	dict-index	raw	prefix	234	349458
sample	flat	dict-index	raw	prefix	235	139500
sample	flat	dict-index	raw	prefix	236	13791
sample	flat	dict-index	raw	prefix	237	1375
sample	flat	dict-index	raw	prefix	238	135917
sample	flat	dict-index	raw	prefix	239	141083
sample	flat	dict-index	raw	prefix	240	6875
sample	flat	dict-index	raw	prefix	241	1625
sample	flat	dict-index	raw	prefix	242	308000
sample	flat	dict-index	raw	prefix	243	137875
sample	flat	dict-index	raw	prefix	244	3500
sample	flat	dict-index	raw	prefix	245	666
sample	flat	dict-index	raw	prefix	246	127375
sample	flat	dict-index	raw	prefix	247	137125
sample	flat	dict-index	raw	prefix	248	16083
sample	flat	dict-index	raw	prefix	249	4958
sample	flat	dict-index	raw	prefix	250	140708
sample	flat	dict-index	raw	prefix	251	134916
sample	flat	dict-index	raw	prefix	252	7250
sample	flat	dict-index	raw	prefix	253	750
sample	flat	dict-index	raw	prefix	254	976916
sample	flat	dict-index	raw	prefix	255	138709
sample	flat	dict-index	raw	prefix	256	15667
sample	flat	dict-index	raw	prefix	257	3708
sample	flat	dict-index	raw	prefix	258	352333
sample	flat	dict-index	raw	prefix	259	139917
sample	flat	dict-index	raw	prefix	260	7792
sample	flat	dict-index	raw	prefix	261	750
sample	flat	dict-index	raw	prefix	262	129208
sample	flat	dict-index	raw	prefix	263	403875
sample	flat	dict-index	raw	prefix	264	10875
sample	flat	dict-index	raw	prefix	265	2084
sample	flat	dict-index	raw	prefix	266	130875
sample	flat	dict-index	raw	prefix	267	131500
sample	flat	dict-index	raw	prefix	268	2500
sample	flat	dict-index	raw	prefix	269	542
sample	flat	dict-index	raw	prefix	270	124750
sample	flat	dict-index	raw	prefix	271	140791
sample	flat	dict-index	raw	prefix	272	5375
sample	flat	dict-index	raw	prefix	273	1500
sample	flat	dict-index	raw	prefix	274	128208
sample	flat	dict-index	raw	prefix	275	139917
sample	flat	dict-index	raw	prefix	276	8250
sample	flat	dict-index	raw	prefix	277	1833
sample	flat	dict-index	raw	prefix	278	128500
sample	flat	dict-index	raw	prefix	279	139541
sample	flat	dict-index	raw	prefix	280	8292
sample	flat	dict-index	raw	prefix	281	1542
sample	flat	dict-index	raw	prefix	282	128667
sample	flat	dict-index	raw	prefix	283	383750
sample	flat	dict-index	raw	prefix	284	10000
sample	flat	dict-index	raw	prefix	285	834
sample	flat	dict-index	raw	prefix	286	129458
sample	flat	dict-index	raw	prefix	287	140833
sample	flat	dict-index	raw	prefix	288	3584
sample	flat	dict-index	raw	prefix	289	1417
sample	flat	dict-index	raw	prefix	290	125333
sample	flat	dict-index	raw	prefix	291	145459
sample	flat	dict-index	raw	prefix	292	4250
sample	flat	dict-index	raw	prefix	293	667
sample	flat	dict-index	raw	prefix	294	127042
sample	flat	dict-index	raw	prefix	295	140916
sample	flat	dict-index	raw	prefix	296	12084
sample	flat	dict-index	raw	prefix	297	2625
sample	flat	dict-index	raw	prefix	298	417792
sample	flat	dict-index	raw	prefix	299	142709
sample	flat	dict-index	raw	prefix	300	8084
sample	flat	dict-index	raw	prefix	301	792
sample	flat	dict-index	raw	prefix	302	129041
sample	flat	dict-index	raw	prefix	303	151208
sample	flat	dict-index	raw	prefix	304	16000
sample	flat	dict-index	raw	prefix	305	18209
sample	flat	dict-index	raw	prefix	306	134209
sample	flat	dict-index	raw	prefix	307	128833
sample	flat	dict-index	raw	prefix	308	11750
sample	flat	dict-index	raw	prefix	309	750
sample	flat	dict-index	raw	prefix	310	131250
sample	flat	dict-index	raw	prefix	311	135125
sample	flat	dict-index	raw	prefix	312	9166
sample	flat	dict-index	raw	prefix	313	2375
sample	flat	dict-index	raw	prefix	314	131042
sample	flat	dict-index	raw	prefix	315	482417
sample	flat	dict-index	raw	prefix	316	7167
sample	flat	dict-index	raw	prefix	317	750
sample	flat	dict-index	raw	prefix	318	132708
sample	flat	dict-index	raw	prefix	319	148875
sample	flat	dict-index	raw	prefix	320	3333
sample	flat	dict-index	raw	prefix	321	1792
sample	flat	dict-index	raw	prefix	322	127209
sample	flat	dict-index	raw	prefix	323	135208
sample	flat	dict-index	raw	prefix	324	6500
sample	flat	dict-index	raw	prefix	325	542
sample	flat	dict-index	raw	prefix	326	130042
sample	flat	dict-index	raw	prefix	327	134917
sample	flat	dict-index	raw	prefix	328	12250
sample	flat	dict-index	raw	prefix	329	3333
sample	flat	dict-index	raw	prefix	330	129625
sample	flat	dict-index	raw	prefix	331	143000
sample	flat	dict-index	raw	prefix	332	3291
sample	flat	dict-index	raw	prefix	333	500
sample	flat	dict-index	raw	prefix	334	128542
sample	flat	dict-index	raw	prefix	335	381667
sample	flat	dict-index	raw	prefix	336	7458
sample	flat	dict-index	raw	prefix	337	2459
sample	flat	dict-index	raw	prefix	338	130250
sample	flat	dict-index	raw	prefix	339	211542
sample	flat	dict-index	raw	prefix	340	28084
sample	flat	dict-index	raw	prefix	341	1542
sample	flat	dict-index	raw	prefix	342	1480750
sample	flat	dict-index	raw	prefix	343	145959
sample	flat	dict-index	raw	prefix	344	8667
sample	flat	dict-index	raw	prefix	345	1916
sample	flat	dict-index	raw	prefix	346	131917
sample	flat	dict-index	raw	prefix	347	128166
sample	flat	dict-index	raw	prefix	348	8416
sample	flat	dict-index	raw	prefix	349	792
sample	flat	dict-index	raw	prefix	350	130000
sample	flat	dict-index	raw	prefix	351	132083
sample	flat	dict-index	raw	prefix	352	12917
sample	flat	dict-index	raw	prefix	353	3125
sample	flat	dict-index	raw	prefix	354	130250
sample	flat	dict-index	raw	prefix	355	257958
sample	flat	dict-index	raw	prefix	356	22291
sample	flat	dict-index	raw	prefix	357	708
sample	flat	dict-index	raw	prefix	358	132958
sample	flat	dict-index	raw	prefix	359	496000
sample	flat	dict-index	raw	prefix	360	7958
sample	flat	dict-index	raw	prefix	361	1917
sample	flat	dict-index	raw	prefix	362	1355750
sample	flat	dict-index	raw	prefix	363	140250
sample	flat	dict-index	raw	prefix	364	4083
sample	flat	dict-index	raw	prefix	365	667
sample	flat	dict-index	raw	prefix	366	222083
sample	flat	dict-index	raw	prefix	367	479208
sample	flat	dict-index	raw	prefix	368	11250
sample	flat	dict-index	raw	prefix	369	2084
sample	flat	dict-index	raw	prefix	370	133916
sample	flat	dict-index	raw	prefix	371	143542
sample	flat	dict-index	raw	prefix	372	7541
sample	flat	dict-index	raw	prefix	373	750
sample	flat	dict-index	raw	prefix	374	128334
sample	flat	dict-index	raw	prefix	375	136917
sample	flat	dict-index	raw	prefix	376	3125
sample	flat	dict-index	raw	prefix	377	1334
sample	flat	dict-index	raw	prefix	378	886167
sample	flat	dict-index	raw	prefix	379	143375
sample	flat	dict-index	raw	prefix	380	2750
sample	flat	dict-index	raw	prefix	381	500
sample	flat	dict-index	raw	prefix	382	124084
sample	flat	dict-index	raw	prefix	383	140291
sample	flat	dict-index	raw	prefix	384	8083
sample	flat	dict-index	raw	prefix	385	2041
sample	flat	dict-index	raw	prefix	386	133375
sample	flat	dict-index	raw	prefix	387	373708
sample	flat	dict-index	raw	prefix	388	11625
sample	flat	dict-index	raw	prefix	389	875
sample	flat	dict-index	raw	prefix	390	131208
sample	flat	dict-index	raw	prefix	391	976250
sample	flat	dict-index	raw	prefix	392	5000
sample	flat	dict-index	raw	prefix	393	1750
sample	flat	dict-index	raw	prefix	394	130417
sample	flat	dict-index	raw	prefix	395	504083
sample	flat	dict-index	raw	prefix	396	12667
sample	flat	dict-index	raw	prefix	397	667
sample	flat	dict-index	raw	prefix	398	134625
sample	flat	dict-index	raw	prefix	399	179917
sample	flat	dict-index	raw	prefix	400	17166
sample	flat	dict-index	raw	prefix	401	4500
sample	flat	dict-index	raw	prefix	402	448167
sample	flat	dict-index	raw	prefix	403	443584
sample	flat	dict-index	raw	prefix	404	10542
sample	flat	dict-index	raw	prefix	405	625
sample	flat	dict-index	raw	prefix	406	128250
sample	flat	dict-index	raw	prefix	407	137541
sample	flat	dict-index	raw	prefix	408	4334
sample	flat	dict-index	raw	prefix	409	1667
sample	flat	dict-index	raw	prefix	410	126084
sample	flat	dict-index	raw	prefix	411	150542
sample	flat	dict-index	raw	prefix	412	10583
sample	flat	dict-index	raw	prefix	413	750
sample	flat	dict-index	raw	prefix	414	132167
sample	flat	dict-index	raw	prefix	415	148833
sample	flat	dict-index	raw	prefix	416	13167
sample	flat	dict-index	raw	prefix	417	2208
sample	flat	dict-index	raw	prefix	418	135125
sample	flat	dict-index	raw	prefix	419	138667
sample	flat	dict-index	raw	prefix	420	11584
sample	flat	dict-index	raw	prefix	421	833
sample	flat	dict-index	raw	prefix	422	127458
sample	flat	dict-index	raw	prefix	423	425084
sample	flat	dict-index	raw	prefix	424	9625
sample	flat	dict-index	raw	prefix	425	2000
sample	flat	dict-index	raw	prefix	426	133084
sample	flat	dict-index	raw	prefix	427	138625
sample	flat	dict-index	raw	prefix	428	15417
sample	flat	dict-index	raw	prefix	429	1250
sample	flat	dict-index	raw	prefix	430	305083
sample	flat	dict-index	raw	prefix	431	141125
sample	flat	dict-index	raw	prefix	432	8916
sample	flat	dict-index	raw	prefix	433	7125
sample	flat	dict-index	raw	prefix	434	347291
sample	flat	dict-index	raw	prefix	435	422000
sample	flat	dict-index	raw	prefix	436	14583
sample	flat	dict-index	raw	prefix	437	916
sample	flat	dict-index	raw	prefix	438	1639542
sample	flat	dict-index	raw	prefix	439	152709
sample	flat	dict-index	raw	prefix	440	9709
sample	flat	dict-index	raw	prefix	441	2334
sample	flat	dict-index	raw	prefix	442	130209
sample	flat	dict-index	raw	prefix	443	144667
sample	flat	dict-index	raw	prefix	444	4500
sample	flat	dict-index	raw	prefix	445	625
sample	flat	dict-index	raw	prefix	446	130458
sample	flat	dict-index	raw	prefix	447	155916
sample	flat	dict-index	raw	prefix	448	5709
sample	flat	dict-index	raw	prefix	449	1833
sample	flat	dict-index	raw	prefix	450	169750
sample	flat	dict-index	raw	prefix	451	139834
sample	flat	dict-index	raw	prefix	452	4959
sample	flat	dict-index	raw	prefix	453	584
sample	flat	dict-index	raw	prefix	454	130208
sample	flat	dict-index	raw	prefix	455	1561792
sample	flat	dict-index	raw	prefix	456	17541
sample	flat	dict-index	raw	prefix	457	4541
sample	flat	dict-index	raw	prefix	458	339458
sample	flat	dict-index	raw	prefix	459	179875
sample	flat	dict-index	raw	prefix	460	10250
sample	flat	dict-index	raw	prefix	461	625
sample	flat	dict-index	raw	prefix	462	132458
sample	flat	dict-index	raw	prefix	463	144666
sample	flat	dict-index	raw	prefix	464	7875
sample	flat	dict-index	raw	prefix	465	1958
sample	flat	dict-index	raw	prefix	466	129959
sample	flat	dict-index	raw	prefix	467	1140750
sample	flat	dict-index	raw	prefix	468	28208
sample	flat	dict-index	raw	prefix	469	1709
sample	flat	dict-index	raw	prefix	470	220333
sample	flat	dict-index	raw	prefix	471	152667
sample	flat	dict-index	raw	prefix	472	11709
sample	flat	dict-index	raw	prefix	473	1667
sample	flat	dict-index	raw	prefix	474	517333
sample	flat	dict-index	raw	prefix	475	189875
sample	flat	dict-index	raw	prefix	476	9583
sample	flat	dict-index	raw	prefix	477	750
sample	flat	dict-index	raw	prefix	478	131375
sample	flat	dict-index	raw	prefix	479	139000
sample	flat	dict-index	raw	prefix	480	7083
sample	flat	dict-index	raw	prefix	481	1792
sample	flat	dict-index	raw	prefix	482	134667
sample	flat	dict-index	raw	prefix	483	127542
sample	flat	dict-index	raw	prefix	484	8209
sample	flat	dict-index	raw	prefix	485	708
sample	flat	dict-index	raw	prefix	486	130458
sample	flat	dict-index	raw	prefix	487	206292
sample	flat	dict-index	raw	prefix	488	11250
sample	flat	dict-index	raw	prefix	489	1875
sample	flat	dict-index	raw	prefix	490	134916
sample	flat	dict-index	raw	prefix	491	130292
sample	flat	dict-index	raw	prefix	492	17625
sample	flat	dict-index	raw	prefix	493	791
sample	flat	dict-index	raw	prefix	494	192458
sample	flat	dict-index	raw	prefix	495	1738458
sample	flat	dict-index	raw	prefix	496	8459
sample	flat	dict-index	raw	prefix	497	1917
sample	flat	dict-index	raw	prefix	498	136792
sample	flat	dict-index	raw	prefix	499	502916
sample	flat	dict-index	raw	prefix	500	11083
sample	flat	dict-index	raw	prefix	501	625
sample	flat	dict-index	raw	prefix	502	134750
sample	flat	dict-index	raw	prefix	503	144916
sample	flat	dict-index	raw	prefix	504	8958
sample	flat	dict-index	raw	prefix	505	2250
sample	flat	dict-index	raw	prefix	506	135084
sample	flat	dict-index	raw	prefix	507	413667
sample	flat	dict-index	raw	prefix	508	10125
sample	flat	dict-index	raw	prefix	509	667
sample	flat	dict-index	raw	prefix	510	131083
sample	flat	dict-index	raw	prefix	511	138292
sample	flat	dict-index	raw	prefix	512	7542
sample	flat	dict-index	raw	prefix	513	2042
sample	flat	dict-index	raw	prefix	514	132750
sample	flat	dict-index	raw	prefix	515	148042
sample	flat	dict-index	raw	prefix	516	4709
sample	flat	dict-index	raw	prefix	517	4875
sample	flat	dict-index	raw	prefix	518	352417
sample	flat	dict-index	raw	prefix	519	136875
sample	flat	dict-index	raw	prefix	520	7500
sample	flat	dict-index	raw	prefix	521	2000
sample	flat	dict-index	raw	prefix	522	133000
sample	flat	dict-index	raw	prefix	523	150542
sample	flat	dict-index	raw	prefix	524	7250
sample	flat	dict-index	raw	prefix	525	3208
sample	flat	dict-index	raw	prefix	526	525042
sample	flat	dict-index	raw	prefix	527	309333
sample	flat	dict-index	raw	prefix	528	9375
sample	flat	dict-index	raw	prefix	529	2042
sample	flat	dict-index	raw	prefix	530	135166
sample	flat	dict-index	raw	prefix	531	145542
sample	flat	dict-index	raw	prefix	532	7083
sample	flat	dict-index	raw	prefix	533	792
sample	flat	dict-index	raw	prefix	534	134833
sample	flat	dict-index	raw	prefix	535	407542
sample	flat	dict-index	raw	prefix	536	6708
sample	flat	dict-index	raw	prefix	537	2417
sample	flat	dict-index	raw	prefix	538	131041
sample	flat	dict-index	raw	prefix	539	126084
sample	flat	dict-index	raw	prefix	540	8375
sample	flat	dict-index	raw	prefix	541	750
sample	flat	dict-index	raw	prefix	542	408542
sample	flat	dict-index	raw	prefix	543	139083
sample	flat	dict-index	raw	prefix	544	14333
sample	flat	dict-index	raw	prefix	545	3667
sample	flat	dict-index	raw	prefix	546	479875
sample	flat	dict-index	raw	prefix	547	139417
sample	flat	dict-index	raw	prefix	548	5625
sample	flat	dict-index	raw	prefix	549	667
sample	flat	dict-index	raw	prefix	550	128875
sample	flat	dict-index	raw	prefix	551	145459
sample	flat	dict-index	raw	prefix	552	5125
sample	flat	dict-index	raw	prefix	553	1875
sample	flat	dict-index	raw	prefix	554	129584
sample	flat	dict-index	raw	prefix	555	144291
sample	flat	dict-index	raw	prefix	556	6792
sample	flat	dict-index	raw	prefix	557	667
sample	flat	dict-index	raw	prefix	558	126542
sample	flat	dict-index	raw	prefix	559	135250
sample	flat	dict-index	raw	prefix	560	2875
sample	flat	dict-index	raw	prefix	561	1667
sample	flat	dict-index	raw	prefix	562	127417
sample	flat	dict-index	raw	prefix	563	346209
sample	flat	dict-index	raw	prefix	564	7042
sample	flat	dict-index	raw	prefix	565	750
sample	flat	dict-index	raw	prefix	566	132583
sample	flat	dict-index	raw	prefix	567	349334
sample	flat	dict-index	raw	prefix	568	8750
sample	flat	dict-index	raw	prefix	569	2333
sample	flat	dict-index	raw	prefix	570	132500
sample	flat	dict-index	raw	prefix	571	407709
sample	flat	dict-index	raw	prefix	572	9750
sample	flat	dict-index	raw	prefix	573	750
sample	flat	dict-index	raw	prefix	574	133541
sample	flat	dict-index	raw	prefix	575	147000
sample	flat	dict-index	raw	prefix	576	6084
sample	flat	dict-index	raw	prefix	577	1667
sample	flat	dict-index	raw	prefix	578	127958
sample	flat	dict-index	raw	prefix	579	139500
sample	flat	dict-index	raw	prefix	580	3208
sample	flat	dict-index	raw	prefix	581	709
sample	flat	dict-index	raw	prefix	582	128333
sample	flat	dict-index	raw	prefix	583	146791
sample	flat	dict-index	raw	prefix	584	5916
sample	flat	dict-index	raw	prefix	585	1750
sample	flat	dict-index	raw	prefix	586	127542
sample	flat	dict-index	raw	prefix	587	134417
sample	flat	dict-index	raw	prefix	588	11292
sample	flat	dict-index	raw	prefix	589	5250
sample	flat	dict-index	raw	prefix	590	332167
sample	flat	dict-index	raw	prefix	591	156459
sample	flat	dict-index	raw	prefix	592	5584
sample	flat	dict-index	raw	prefix	593	1166
sample	flat	dict-index	raw	prefix	594	130334
sample	flat	dict-index	raw	prefix	595	132833
sample	flat	dict-index	raw	prefix	596	7500
sample	flat	dict-index	raw	prefix	597	667
sample	flat	dict-index	raw	prefix	598	365083
sample	flat	dict-index	raw	prefix	599	135083
sample	flat	dict-index	raw	prefix	600	3375
sample	flat	dict-index	raw	prefix	601	8334
sample	flat	dict-index	raw	prefix	602	216583
sample	flat	dict-index	raw	prefix	603	138500
sample	flat	dict-index	raw	prefix	604	9333
sample	flat	dict-index	raw	prefix	605	583
sample	flat	dict-index	raw	prefix	606	137750
sample	flat	dict-index	raw	prefix	607	130416
sample	flat	dict-index	raw	prefix	608	10208
sample	flat	dict-index	raw	prefix	609	1875
sample	flat	dict-index	raw	prefix	610	137250
sample	flat	dict-index	raw	prefix	611	1234458
sample	flat	dict-index	raw	prefix	612	9125
sample	flat	dict-index	raw	prefix	613	750
sample	flat	dict-index	raw	prefix	614	133416
sample	flat	dict-index	raw	prefix	615	1297875
sample	flat	dict-index	raw	prefix	616	9417
sample	flat	dict-index	raw	prefix	617	2083
sample	flat	dict-index	raw	prefix	618	191959
sample	flat	dict-index	raw	prefix	619	133833
sample	flat	dict-index	raw	prefix	620	8708
sample	flat	dict-index	raw	prefix	621	875
sample	flat	dict-index	raw	prefix	622	129750
sample	flat	dict-index	raw	prefix	623	134041
sample	flat	dict-index	raw	prefix	624	10375
sample	flat	dict-index	raw	prefix	625	2292
sample	flat	dict-index	raw	prefix	626	132333
sample	flat	dict-index	raw	prefix	627	130709
sample	flat	dict-index	raw	prefix	628	10666
sample	flat	dict-index	raw	prefix	629	875
sample	flat	dict-index	raw	prefix	630	128833
sample	flat	dict-index	raw	prefix	631	330375
sample	flat	dict-index	raw	prefix	632	14416
sample	flat	dict-index	raw	prefix	633	3250
sample	flat	dict-index	raw	prefix	634	337958
sample	flat	dict-index	raw	prefix	635	146708
sample	flat	dict-index	raw	prefix	636	11875
sample	flat	dict-index	raw	prefix	637	792
sample	flat	dict-index	raw	prefix	638	129250
sample	flat	dict-index	raw	prefix	639	133125
sample	flat	dict-index	raw	prefix	640	7959
sample	flat	dict-index	raw	prefix	641	1791
sample	flat	dict-index	raw	prefix	642	135125
sample	flat	dict-index	raw	prefix	643	128291
sample	flat	dict-index	raw	prefix	644	38709
sample	flat	dict-index	raw	prefix	645	6000
sample	flat	dict-index	raw	prefix	646	348791
sample	flat	dict-index	raw	prefix	647	134209
sample	flat	dict-index	raw	prefix	648	9083
sample	flat	dict-index	raw	prefix	649	2042
sample	flat	dict-index	raw	prefix	650	141708
sample	flat	dict-index	raw	prefix	651	1437667
sample	flat	dict-index	raw	prefix	652	9417
sample	flat	dict-index	raw	prefix	653	667
sample	flat	dict-index	raw	prefix	654	132458
sample	flat	dict-index	raw	prefix	655	144416
sample	flat	dict-index	raw	prefix	656	6500
sample	flat	dict-index	raw	prefix	657	2125
sample	flat	dict-index	raw	prefix	658	133458
sample	flat	dict-index	raw	prefix	659	131541
sample	flat	dict-index	raw	prefix	660	4334
sample	flat	dict-index	raw	prefix	661	583
sample	flat	dict-index	raw	prefix	662	126291
sample	flat	dict-index	raw	prefix	663	132333
sample	flat	dict-index	raw	prefix	664	10416
sample	flat	dict-index	raw	prefix	665	2083
sample	flat	dict-index	raw	prefix	666	131541
sample	flat	dict-index	raw	prefix	667	392875
sample	flat	dict-index	raw	prefix	668	11542
sample	flat	dict-index	raw	prefix	669	916
sample	flat	dict-index	raw	prefix	670	129709
sample	flat	dict-index	raw	prefix	671	331958
sample	flat	dict-index	raw	prefix	672	9875
sample	flat	dict-index	raw	prefix	673	2208
sample	flat	dict-index	raw	prefix	674	139458
sample	flat	dict-index	raw	prefix	675	140459
sample	flat	dict-index	raw	prefix	676	20208
sample	flat	dict-index	raw	prefix	677	2875
sample	flat	dict-index	raw	prefix	678	247250
sample	flat	dict-index	raw	prefix	679	145917
sample	flat	dict-index	raw	prefix	680	4458
sample	flat	dict-index	raw	prefix	681	5000
sample	flat	dict-index	raw	prefix	682	130584
sample	flat	dict-index	raw	prefix	683	133084
sample	flat	dict-index	raw	prefix	684	5584
sample	flat	dict-index	raw	prefix	685	7500
sample	flat	dict-index	raw	prefix	686	356750
sample	flat	dict-index	raw	prefix	687	374916
sample	flat	dict-index	raw	prefix	688	12500
sample	flat	dict-index	raw	prefix	689	2959
sample	flat	dict-index	raw	prefix	690	192125
sample	flat	dict-index	raw	prefix	691	538458
sample	flat	dict-index	raw	prefix	692	9917
sample	flat	dict-index	raw	prefix	693	667
sample	flat	dict-index	raw	prefix	694	129917
sample	flat	dict-index	raw	prefix	695	134625
sample	flat	dict-index	raw	prefix	696	5750
sample	flat	dict-index	raw	prefix	697	1375
sample	flat	dict-index	raw	prefix	698	259125
sample	flat	dict-index	raw	prefix	699	143750
sample	flat	dict-index	raw	prefix	700	12834
sample	flat	dict-index	raw	prefix	701	750
sample	flat	dict-index	raw	prefix	702	137125
sample	flat	dict-index	raw	prefix	703	230709
sample	flat	dict-index	raw	prefix	704	5583
sample	flat	dict-index	raw	prefix	705	1792
sample	flat	dict-index	raw	prefix	706	390041
sample	flat	dict-index	raw	prefix	707	130000
sample	flat	dict-index	raw	prefix	708	7583
sample	flat	dict-index	raw	prefix	709	625
sample	flat	dict-index	raw	prefix	710	129292
sample	flat	dict-index	raw	prefix	711	146917
sample	flat	dict-index	raw	prefix	712	8292
sample	flat	dict-index	raw	prefix	713	1666
sample	flat	dict-index	raw	prefix	714	134500
sample	flat	dict-index	raw	prefix	715	296875
sample	flat	dict-index	raw	prefix	716	7250
sample	flat	dict-index	raw	prefix	717	833
sample	flat	dict-index	raw	prefix	718	129750
sample	flat	dict-index	raw	prefix	719	130917
sample	flat	dict-index	raw	prefix	720	7791
sample	flat	dict-index	raw	prefix	721	1917
sample	flat	dict-index	raw	prefix	722	131500
sample	flat	dict-index	raw	prefix	723	130792
sample	flat	dict-index	raw	prefix	724	8125
sample	flat	dict-index	raw	prefix	725	583
sample	flat	dict-index	raw	prefix	726	133708
sample	flat	dict-index	raw	prefix	727	142375
sample	flat	dict-index	raw	prefix	728	8375
sample	flat	dict-index	raw	prefix	729	1958
sample	flat	dict-index	raw	prefix	730	138041
sample	flat	dict-index	raw	prefix	731	240459
sample	flat	dict-index	raw	prefix	732	17916
sample	flat	dict-index	raw	prefix	733	2334
sample	flat	dict-index	raw	prefix	734	137542
sample	flat	dict-index	raw	prefix	735	155375
sample	flat	dict-index	raw	prefix	736	14083
sample	flat	dict-index	raw	prefix	737	4125
sample	flat	dict-index	raw	prefix	738	235375
sample	flat	dict-index	raw	prefix	739	149500
sample	flat	dict-index	raw	prefix	740	8125
sample	flat	dict-index	raw	prefix	741	833
sample	flat	dict-index	raw	prefix	742	133292
sample	flat	dict-index	raw	prefix	743	187792
sample	flat	dict-index	raw	prefix	744	6083
sample	flat	dict-index	raw	prefix	745	1750
sample	flat	dict-index	raw	prefix	746	129958
sample	flat	dict-index	raw	prefix	747	263125
sample	flat	dict-index	raw	prefix	748	11292
sample	flat	dict-index	raw	prefix	749	1209
sample	flat	dict-index	raw	prefix	750	132541
sample	flat	dict-index	raw	prefix	751	135625
sample	flat	dict-index	raw	prefix	752	8000
sample	flat	dict-index	raw	prefix	753	1833
sample	flat	dict-index	raw	prefix	754	132625
sample	flat	dict-index	raw	prefix	755	1439541
sample	flat	dict-index	raw	prefix	756	8417
sample	flat	dict-index	raw	prefix	757	583
sample	flat	dict-index	raw	prefix	758	133000
sample	flat	dict-index	raw	prefix	759	142375
sample	flat	dict-index	raw	prefix	760	16625
sample	flat	dict-index	raw	prefix	761	6958
sample	flat	dict-index	raw	prefix	762	138792
sample	flat	dict-index	raw	prefix	763	140209
sample	flat	dict-index	raw	prefix	764	12291
sample	flat	dict-index	raw	prefix	765	667
sample	flat	dict-index	raw	prefix	766	132375
sample	flat	dict-index	raw	prefix	767	135791
sample	flat	dict-index	raw	prefix	768	9584
sample	flat	dict-index	raw	prefix	769	1708
sample	flat	dict-index	raw	prefix	770	1448333
sample	flat	dict-index	raw	prefix	771	140458
sample	flat	dict-index	raw	prefix	772	11875
sample	flat	dict-index	raw	prefix	773	667
sample	flat	dict-index	raw	prefix	774	129959
sample	flat	dict-index	raw	prefix	775	147792
sample	flat	dict-index	raw	prefix	776	11750
sample	flat	dict-index	raw	prefix	777	2334
sample	flat	dict-index	raw	prefix	778	130208
sample	flat	dict-index	raw	prefix	779	145083
sample	flat	dict-index	raw	prefix	780	13833
sample	flat	dict-index	raw	prefix	781	750
sample	flat	dict-index	raw	prefix	782	136375
sample	flat	dict-index	raw	prefix	783	250083
sample	flat	dict-index	raw	prefix	784	7584
sample	flat	dict-index	raw	prefix	785	1917
sample	flat	dict-index	raw	prefix	786	132542
sample	flat	dict-index	raw	prefix	787	408250
sample	flat	dict-index	raw	prefix	788	10541
sample	flat	dict-index	raw	prefix	789	750
sample	flat	dict-index	raw	prefix	790	147791
sample	flat	dict-index	raw	prefix	791	142583
sample	flat	dict-index	raw	prefix	792	9750
sample	flat	dict-index	raw	prefix	793	2916
sample	flat	dict-index	raw	prefix	794	133625
sample	flat	dict-index	raw	prefix	795	225167
sample	flat	dict-index	raw	prefix	796	11375
sample	flat	dict-index	raw	prefix	797	667
sample	flat	dict-index	raw	prefix	798	130542
sample	flat	dict-index	raw	prefix	799	197708
sample	flat	dict-index	raw	prefix	800	16125
sample	flat	dict-index	raw	prefix	801	3750
sample	flat	dict-index	raw	prefix	802	138750
sample	flat	dict-index	raw	prefix	803	135666
sample	flat	dict-index	raw	prefix	804	5417
sample	flat	dict-index	raw	prefix	805	750
sample	flat	dict-index	raw	prefix	806	132292
sample	flat	dict-index	raw	prefix	807	271416
sample	flat	dict-index	raw	prefix	808	35125
sample	flat	dict-index	raw	prefix	809	9083
sample	flat	dict-index	raw	prefix	810	182167
sample	flat	dict-index	raw	prefix	811	327833
sample	flat	dict-index	raw	prefix	812	12541
sample	flat	dict-index	raw	prefix	813	792
sample	flat	dict-index	raw	prefix	814	136209
sample	flat	dict-index	raw	prefix	815	133500
sample	flat	dict-index	raw	prefix	816	7042
sample	flat	dict-index	raw	prefix	817	1709
sample	flat	dict-index	raw	prefix	818	133833
sample	flat	dict-index	raw	prefix	819	132166
sample	flat	dict-index	raw	prefix	820	22042
sample	flat	dict-index	raw	prefix	821	5000
sample	flat	dict-index	raw	prefix	822	388791
sample	flat	dict-index	raw	prefix	823	143500
sample	flat	dict-index	raw	prefix	824	4334
sample	flat	dict-index	raw	prefix	825	1417
sample	flat	dict-index	raw	prefix	826	444292
sample	flat	dict-index	raw	prefix	827	152166
sample	flat	dict-index	raw	prefix	828	21917
sample	flat	dict-index	raw	prefix	829	6042
sample	flat	dict-index	raw	prefix	830	432542
sample	flat	dict-index	raw	prefix	831	148291
sample	flat	dict-index	raw	prefix	832	11167
sample	flat	dict-index	raw	prefix	833	1875
sample	flat	dict-index	raw	prefix	834	353083
sample	flat	dict-index	raw	prefix	835	158750
sample	flat	dict-index	raw	prefix	836	9500
sample	flat	dict-index	raw	prefix	837	666
sample	flat	dict-index	raw	prefix	838	131125
sample	flat	dict-index	raw	prefix	839	148125
sample	flat	dict-index	raw	prefix	840	24625
sample	flat	dict-index	raw	prefix	841	2625
sample	flat	dict-index	raw	prefix	842	131042
sample	flat	dict-index	raw	prefix	843	130458
sample	flat	dict-index	raw	prefix	844	11625
sample	flat	dict-index	raw	prefix	845	667
sample	flat	dict-index	raw	prefix	846	132208
sample	flat	dict-index	raw	prefix	847	215166
sample	flat	dict-index	raw	prefix	848	11042
sample	flat	dict-index	raw	prefix	849	2292
sample	flat	dict-index	raw	prefix	850	130583
sample	flat	dict-index	raw	prefix	851	149875
sample	flat	dict-index	raw	prefix	852	13125
sample	flat	dict-index	raw	prefix	853	875
sample	flat	dict-index	raw	prefix	854	136917
sample	flat	dict-index	raw	prefix	855	206625
sample	flat	dict-index	raw	prefix	856	18500
sample	flat	dict-index	raw	prefix	857	4625
sample	flat	dict-index	raw	prefix	858	253208
sample	flat	dict-index	raw	prefix	859	252459
sample	flat	dict-index	raw	prefix	860	49458
sample	flat	dict-index	raw	prefix	861	5334
sample	flat	dict-index	raw	prefix	862	395583
sample	flat	dict-index	raw	prefix	863	142833
sample	flat	dict-index	raw	prefix	864	11125
sample	flat	dict-index	raw	prefix	865	1875
sample	flat	dict-index	raw	prefix	866	135709
sample	flat	dict-index	raw	prefix	867	138292
sample	flat	dict-index	raw	prefix	868	17791
sample	flat	dict-index	raw	prefix	869	3042
sample	flat	dict-index	raw	prefix	870	135833
sample	flat	dict-index	raw	prefix	871	149834
sample	flat	dict-index	raw	prefix	872	11125
sample	flat	dict-index	raw	prefix	873	2375
sample	flat	dict-index	raw	prefix	874	135875
sample	flat	dict-index	raw	prefix	875	140125
sample	flat	dict-index	raw	prefix	876	8292
sample	flat	dict-index	raw	prefix	877	667
sample	flat	dict-index	raw	prefix	878	125958
sample	flat	dict-index	raw	prefix	879	135834
sample	flat	dict-index	raw	prefix	880	4708
sample	flat	dict-index	raw	prefix	881	2375
sample	flat	dict-index	raw	prefix	882	131625
sample	flat	dict-index	raw	prefix	883	147792
sample	flat	dict-index	raw	prefix	884	7875
sample	flat	dict-index	raw	prefix	885	666
sample	flat	dict-index	raw	prefix	886	129500
sample	flat	dict-index	raw	prefix	887	142334
sample	flat	dict-index	raw	prefix	888	9250
sample	flat	dict-index	raw	prefix	889	2125
sample	flat	dict-index	raw	prefix	890	137375
sample	flat	dict-index	raw	prefix	891	356042
sample	flat	dict-index	raw	prefix	892	14083
sample	flat	dict-index	raw	prefix	893	833
sample	flat	dict-index	raw	prefix	894	138250
sample	flat	dict-index	raw	prefix	895	149667
sample	flat	dict-index	raw	prefix	896	7584
sample	flat	dict-index	raw	prefix	897	1959
sample	flat	dict-index	raw	prefix	898	130417
sample	flat	dict-index	raw	prefix	899	131083
sample	flat	dict-index	raw	prefix	900	8459
sample	flat	dict-index	raw	prefix	901	625
sample	flat	dict-index	raw	prefix	902	150833
sample	flat	dict-index	raw	prefix	903	338209
sample	flat	dict-index	raw	prefix	904	18083
sample	flat	dict-index	raw	prefix	905	4792
sample	flat	dict-index	raw	prefix	906	375834
sample	flat	dict-index	raw	prefix	907	143959
sample	flat	dict-index	raw	prefix	908	14250
sample	flat	dict-index	raw	prefix	909	667
sample	flat	dict-index	raw	prefix	910	135250
sample	flat	dict-index	raw	prefix	911	145000
sample	flat	dict-index	raw	prefix	912	5375
sample	flat	dict-index	raw	prefix	913	2000
sample	flat	dict-index	raw	prefix	914	375750
sample	flat	dict-index	raw	prefix	915	142083
sample	flat	dict-index	raw	prefix	916	3542
sample	flat	dict-index	raw	prefix	917	584
sample	flat	dict-index	raw	prefix	918	128958
sample	flat	dict-index	raw	prefix	919	136750
sample	flat	dict-index	raw	prefix	920	7625
sample	flat	dict-index	raw	prefix	921	1916
sample	flat	dict-index	raw	prefix	922	130584
sample	flat	dict-index	raw	prefix	923	149625
sample	flat	dict-index	raw	prefix	924	10541
sample	flat	dict-index	raw	prefix	925	750
sample	flat	dict-index	raw	prefix	926	378041
sample	flat	dict-index	raw	prefix	927	147375
sample	flat	dict-index	raw	prefix	928	8417
sample	flat	dict-index	raw	prefix	929	2042
sample	flat	dict-index	raw	prefix	930	128583
sample	flat	dict-index	raw	prefix	931	128958
sample	flat	dict-index	raw	prefix	932	9875
sample	flat	dict-index	raw	prefix	933	666
sample	flat	dict-index	raw	prefix	934	134792
sample	flat	dict-index	raw	prefix	935	128375
sample	flat	dict-index	raw	prefix	936	8584
sample	flat	dict-index	raw	prefix	937	2458
sample	flat	dict-index	raw	prefix	938	135334
sample	flat	dict-index	raw	prefix	939	133958
sample	flat	dict-index	raw	prefix	940	5875
sample	flat	dict-index	raw	prefix	941	500
sample	flat	dict-index	raw	prefix	942	125875
sample	flat	dict-index	raw	prefix	943	143375
sample	flat	dict-index	raw	prefix	944	7000
sample	flat	dict-index	raw	prefix	945	1542
sample	flat	dict-index	raw	prefix	946	131792
sample	flat	dict-index	raw	prefix	947	144250
sample	flat	dict-index	raw	prefix	948	9666
sample	flat	dict-index	raw	prefix	949	750
sample	flat	dict-index	raw	prefix	950	132542
sample	flat	dict-index	raw	prefix	951	475042
sample	flat	dict-index	raw	prefix	952	7375
sample	flat	dict-index	raw	prefix	953	1542
sample	flat	dict-index	raw	prefix	954	132000
sample	flat	dict-index	raw	prefix	955	136458
sample	flat	dict-index	raw	prefix	956	3083
sample	flat	dict-index	raw	prefix	957	542
sample	flat	dict-index	raw	prefix	958	126250
sample	flat	dict-index	raw	prefix	959	402959
sample	flat	dict-index	raw	prefix	960	9916
sample	flat	dict-index	raw	prefix	961	2084
sample	flat	dict-index	raw	prefix	962	131625
sample	flat	dict-index	raw	prefix	963	138667
sample	flat	dict-index	raw	prefix	964	3042
sample	flat	dict-index	raw	prefix	965	625
sample	flat	dict-index	raw	prefix	966	129000
sample	flat	dict-index	raw	prefix	967	144417
sample	flat	dict-index	raw	prefix	968	21250
sample	flat	dict-index	raw	prefix	969	4375
sample	flat	dict-index	raw	prefix	970	398000
sample	flat	dict-index	raw	prefix	971	142666
sample	flat	dict-index	raw	prefix	972	9125
sample	flat	dict-index	raw	prefix	973	708
sample	flat	dict-index	raw	prefix	974	131917
sample	flat	dict-index	raw	prefix	975	135583
sample	flat	dict-index	raw	prefix	976	9666
sample	flat	dict-index	raw	prefix	977	1958
sample	flat	dict-index	raw	prefix	978	136125
sample	flat	dict-index	raw	prefix	979	136625
sample	flat	dict-index	raw	prefix	980	4750
sample	flat	dict-index	raw	prefix	981	583
sample	flat	dict-index	raw	prefix	982	128250
sample	flat	dict-index	raw	prefix	983	511292
sample	flat	dict-index	raw	prefix	984	15167
sample	flat	dict-index	raw	prefix	985	4500
sample	flat	dict-index	raw	prefix	986	415000
sample	flat	dict-index	raw	prefix	987	379416
sample	flat	dict-index	raw	prefix	988	12583
sample	flat	dict-index	raw	prefix	989	667
sample	flat	dict-index	raw	prefix	990	132000
sample	flat	dict-index	raw	prefix	991	134333
sample	flat	dict-index	raw	prefix	992	9708
sample	flat	dict-index	raw	prefix	993	2167
sample	flat	dict-index	raw	prefix	994	131750
sample	flat	dict-index	raw	prefix	995	434917
sample	flat	dict-index	raw	prefix	996	12000
sample	flat	dict-index	raw	prefix	997	666
sample	flat	dict-index	raw	prefix	998	145458
sample	flat	dict-index	raw	prefix	999	137791
sample	flat	dict-index	raw	render	0	7958
sample	flat	dict-index	raw	render	1	2209
sample	flat	dict-index	raw	render	2	1792
sample	flat	dict-index	raw	render	3	1625
sample	flat	dict-index	raw	render	4	1708
sample	flat	dict-index	raw	render	5	3375
sample	flat	dict-index	raw	render	6	1541
sample	flat	dict-index	raw	render	7	1208
sample	flat	dict-index	raw	render	8	1625
sample	flat	dict-index	raw	render	9	1459
sample	flat	dict-index	raw	render	10	1375
sample	flat	dict-index	raw	render	11	1500
sample	flat	dict-index	raw	render	12	1375
sample	flat	dict-index	raw	render	13	1500
sample	flat	dict-index	raw	render	14	1500
sample	flat	dict-index	raw	render	15	958
sample	flat	dict-index	raw	render	16	791
sample	flat	dict-index	raw	render	17	1208
sample	flat	dict-index	raw	render	18	2500
sample	flat	dict-index	raw	render	19	2666
sample	flat	dict-index	raw	render	20	1167
sample	flat	dict-index	raw	render	21	1375
sample	flat	dict-index	raw	render	22	1125
sample	flat	dict-index	raw	render	23	2667
sample	flat	dict-index	raw	render	24	1333
sample	flat	dict-index	raw	render	25	1208
sample	flat	dict-index	raw	render	26	1000
sample	flat	dict-index	raw	render	27	1000
sample	flat	dict-index	raw	render	28	916
sample	flat	dict-index	raw	render	29	9959
sample	flat	dict-index	raw	render	30	1833
sample	flat	dict-index	raw	render	31	1958
sample	flat	dict-index	raw	render	32	1625
sample	flat	dict-index	raw	render	33	1458
sample	flat	dict-index	raw	render	34	1416
sample	flat	dict-index	raw	render	35	1417
sample	flat	dict-index	raw	render	36	2000
sample	flat	dict-index	raw	render	37	3666
sample	flat	dict-index	raw	render	38	1709
sample	flat	dict-index	raw	render	39	1292
sample	flat	dict-index	raw	render	40	1250
sample	flat	dict-index	raw	render	41	1458
sample	flat	dict-index	raw	render	42	1292
sample	flat	dict-index	raw	render	43	1417
sample	flat	dict-index	raw	render	44	1042
sample	flat	dict-index	raw	render	45	1041
sample	flat	dict-index	raw	render	46	1125
sample	flat	dict-index	raw	render	47	833
sample	flat	dict-index	raw	render	48	1042
sample	flat	dict-index	raw	render	49	1083
sample	flat	dict-index	raw	render	50	1125
sample	flat	dict-index	raw	render	51	1125
sample	flat	dict-index	raw	render	52	1250
sample	flat	dict-index	raw	render	53	959
sample	flat	dict-index	raw	render	54	1083
sample	flat	dict-index	raw	render	55	1042
sample	flat	dict-index	raw	render	56	875
sample	flat	dict-index	raw	render	57	875
sample	flat	dict-index	raw	render	58	916
sample	flat	dict-index	raw	render	59	667
sample	flat	dict-index	raw	render	60	792
sample	flat	dict-index	raw	render	61	1125
sample	flat	dict-index	raw	render	62	4083
sample	flat	dict-index	raw	render	63	916
sample	flat	dict-index	raw	render	64	708
sample	flat	dict-index	raw	render	65	792
sample	flat	dict-index	raw	render	66	625
sample	flat	dict-index	raw	render	67	875
sample	flat	dict-index	raw	render	68	709
sample	flat	dict-index	raw	render	69	708
sample	flat	dict-index	raw	render	70	542
sample	flat	dict-index	raw	render	71	709
sample	flat	dict-index	raw	render	72	1250
sample	flat	dict-index	raw	render	73	791
sample	flat	dict-index	raw	render	74	708
sample	flat	dict-index	raw	render	75	708
sample	flat	dict-index	raw	render	76	583
sample	flat	dict-index	raw	render	77	667
sample	flat	dict-index	raw	render	78	458
sample	flat	dict-index	raw	render	79	750
sample	flat	dict-index	raw	render	80	375
sample	flat	dict-index	raw	render	81	875
sample	flat	dict-index	raw	render	82	334
sample	flat	dict-index	raw	render	83	792
sample	flat	dict-index	raw	render	84	541
sample	flat	dict-index	raw	render	85	459
sample	flat	dict-index	raw	render	86	459
sample	flat	dict-index	raw	render	87	500
sample	flat	dict-index	raw	render	88	334
sample	flat	dict-index	raw	render	89	584
sample	flat	dict-index	raw	render	90	542
sample	flat	dict-index	raw	render	91	583
sample	flat	dict-index	raw	render	92	375
sample	flat	dict-index	raw	render	93	542
sample	flat	dict-index	raw	render	94	292
sample	flat	dict-index	raw	render	95	291
sample	flat	dict-index	raw	render	96	292
sample	flat	dict-index	raw	render	97	667
sample	flat	dict-index	raw	render	98	417
sample	flat	dict-index	raw	render	99	625
sample	flat	dict-index	raw	render	100	333
sample	flat	dict-index	raw	render	101	459
sample	flat	dict-index	raw	render	102	542
sample	flat	dict-index	raw	render	103	500
sample	flat	dict-index	raw	render	104	541
sample	flat	dict-index	raw	render	105	375
sample	flat	dict-index	raw	render	106	666
sample	flat	dict-index	raw	render	107	542
sample	flat	dict-index	raw	render	108	375
sample	flat	dict-index	raw	render	109	708
sample	flat	dict-index	raw	render	110	417
sample	flat	dict-index	raw	render	111	375
sample	flat	dict-index	raw	render	112	292
sample	flat	dict-index	raw	render	113	541
sample	flat	dict-index	raw	render	114	500
sample	flat	dict-index	raw	render	115	625
sample	flat	dict-index	raw	render	116	459
sample	flat	dict-index	raw	render	117	583
sample	flat	dict-index	raw	render	118	500
sample	flat	dict-index	raw	render	119	333
sample	flat	dict-index	raw	render	120	500
sample	flat	dict-index	raw	render	121	459
sample	flat	dict-index	raw	render	122	417
sample	flat	dict-index	raw	render	123	542
sample	flat	dict-index	raw	render	124	667
sample	flat	dict-index	raw	render	125	625
sample	flat	dict-index	raw	render	126	292
sample	flat	dict-index	raw	render	127	291
sample	flat	dict-index	raw	render	128	333
sample	flat	dict-index	raw	render	129	625
sample	flat	dict-index	raw	render	130	250
sample	flat	dict-index	raw	render	131	292
sample	flat	dict-index	raw	render	132	666
sample	flat	dict-index	raw	render	133	500
sample	flat	dict-index	raw	render	134	417
sample	flat	dict-index	raw	render	135	375
sample	flat	dict-index	raw	render	136	583
sample	flat	dict-index	raw	render	137	500
sample	flat	dict-index	raw	render	138	375
sample	flat	dict-index	raw	render	139	375
sample	flat	dict-index	raw	render	140	500
sample	flat	dict-index	raw	render	141	500
sample	flat	dict-index	raw	render	142	625
sample	flat	dict-index	raw	render	143	333
sample	flat	dict-index	raw	render	144	625
sample	flat	dict-index	raw	render	145	875
sample	flat	dict-index	raw	render	146	416
sample	flat	dict-index	raw	render	147	375
sample	flat	dict-index	raw	render	148	333
sample	flat	dict-index	raw	render	149	291
sample	flat	dict-index	raw	render	150	208
sample	flat	dict-index	raw	render	151	500
sample	flat	dict-index	raw	render	152	459
sample	flat	dict-index	raw	render	153	459
sample	flat	dict-index	raw	render	154	417
sample	flat	dict-index	raw	render	155	250
sample	flat	dict-index	raw	render	156	208
sample	flat	dict-index	raw	render	157	291
sample	flat	dict-index	raw	render	158	458
sample	flat	dict-index	raw	render	159	333
sample	flat	dict-index	raw	render	160	458
sample	flat	dict-index	raw	render	161	500
sample	flat	dict-index	raw	render	162	500
sample	flat	dict-index	raw	render	163	250
sample	flat	dict-index	raw	render	164	250
sample	flat	dict-index	raw	render	165	250
sample	flat	dict-index	raw	render	166	333
sample	flat	dict-index	raw	render	167	541
sample	flat	dict-index	raw	render	168	542
sample	flat	dict-index	raw	render	169	458
sample	flat	dict-index	raw	render	170	292
sample	flat	dict-index	raw	render	171	417
sample	flat	dict-index	raw	render	172	334
sample	flat	dict-index	raw	render	173	375
sample	flat	dict-index	raw	render	174	334
sample	flat	dict-index	raw	render	175	6417
sample	flat	dict-index	raw	render	176	1167
sample	flat	dict-index	raw	render	177	959
sample	flat	dict-index	raw	render	178	1292
sample	flat	dict-index	raw	render	179	1333
sample	flat	dict-index	raw	render	180	4708
sample	flat	dict-index	raw	render	181	1791
sample	flat	dict-index	raw	render	182	1375
sample	flat	dict-index	raw	render	183	1459
sample	flat	dict-index	raw	render	184	1542
sample	flat	dict-index	raw	render	185	1584
sample	flat	dict-index	raw	render	186	1250
sample	flat	dict-index	raw	render	187	1375
sample	flat	dict-index	raw	render	188	1000
sample	flat	dict-index	raw	render	189	1000
sample	flat	dict-index	raw	render	190	500
sample	flat	dict-index	raw	render	191	416
sample	flat	dict-index	raw	render	192	375
sample	flat	dict-index	raw	render	193	458
sample	flat	dict-index	raw	render	194	667
sample	flat	dict-index	raw	render	195	8000
sample	flat	dict-index	raw	render	196	2584
sample	flat	dict-index	raw	render	197	2000
sample	flat	dict-index	raw	render	198	1250
sample	flat	dict-index	raw	render	199	1458
sample	flat	dict-index	raw	render	200	1375
sample	flat	dict-index	raw	render	201	1459
sample	flat	dict-index	raw	render	202	1208
sample	flat	dict-index	raw	render	203	1166
sample	flat	dict-index	raw	render	204	1167
sample	flat	dict-index	raw	render	205	1250
sample	flat	dict-index	raw	render	206	2625
sample	flat	dict-index	raw	render	207	1084
sample	flat	dict-index	raw	render	208	1208
sample	flat	dict-index	raw	render	209	1208
sample	flat	dict-index	raw	render	210	917
sample	flat	dict-index	raw	render	211	1125
sample	flat	dict-index	raw	render	212	792
sample	flat	dict-index	raw	render	213	916
sample	flat	dict-index	raw	render	214	958
sample	flat	dict-index	raw	render	215	1041
sample	flat	dict-index	raw	render	216	958
sample	flat	dict-index	raw	render	217	1000
sample	flat	dict-index	raw	render	218	1084
sample	flat	dict-index	raw	render	219	959
sample	flat	dict-index	raw	render	220	792
sample	flat	dict-index	raw	render	221	833
sample	flat	dict-index	raw	render	222	750
sample	flat	dict-index	raw	render	223	625
sample	flat	dict-index	raw	render	224	709
sample	flat	dict-index	raw	render	225	791
sample	flat	dict-index	raw	render	226	584
sample	flat	dict-index	raw	render	227	833
sample	flat	dict-index	raw	render	228	625
sample	flat	dict-index	raw	render	229	416
sample	flat	dict-index	raw	render	230	625
sample	flat	dict-index	raw	render	231	708
sample	flat	dict-index	raw	render	232	750
sample	flat	dict-index	raw	render	233	750
sample	flat	dict-index	raw	render	234	416
sample	flat	dict-index	raw	render	235	666
sample	flat	dict-index	raw	render	236	750
sample	flat	dict-index	raw	render	237	1041
sample	flat	dict-index	raw	render	238	750
sample	flat	dict-index	raw	render	239	708
sample	flat	dict-index	raw	render	240	709
sample	flat	dict-index	raw	render	241	833
sample	flat	dict-index	raw	render	242	667
sample	flat	dict-index	raw	render	243	791
sample	flat	dict-index	raw	render	244	708
sample	flat	dict-index	raw	render	245	709
sample	flat	dict-index	raw	render	246	750
sample	flat	dict-index	raw	render	247	792
sample	flat	dict-index	raw	render	248	709
sample	flat	dict-index	raw	render	249	958
sample	flat	dict-index	raw	render	250	708
sample	flat	dict-index	raw	render	251	625
sample	flat	dict-index	raw	render	252	584
sample	flat	dict-index	raw	render	253	958
sample	flat	dict-index	raw	render	254	792
sample	flat	dict-index	raw	render	255	750
sample	flat	dict-index	raw	render	256	667
sample	flat	dict-index	raw	render	257	1167
sample	flat	dict-index	raw	render	258	583
sample	flat	dict-index	raw	render	259	791
sample	flat	dict-index	raw	render	260	750
sample	flat	dict-index	raw	render	261	792
sample	flat	dict-index	raw	render	262	542
sample	flat	dict-index	raw	render	263	1000
sample	flat	dict-index	raw	render	264	1000
sample	flat	dict-index	raw	render	265	1166
sample	flat	dict-index	raw	render	266	4167
sample	flat	dict-index	raw	render	267	625
sample	flat	dict-index	raw	render	268	667
sample	flat	dict-index	raw	render	269	708
sample	flat	dict-index	raw	render	270	625
sample	flat	dict-index	raw	render	271	791
sample	flat	dict-index	raw	render	272	750
sample	flat	dict-index	raw	render	273	916
sample	flat	dict-index	raw	render	274	708
sample	flat	dict-index	raw	render	275	667
sample	flat	dict-index	raw	render	276	750
sample	flat	dict-index	raw	render	277	625
sample	flat	dict-index	raw	render	278	583
sample	flat	dict-index	raw	render	279	750
sample	flat	dict-index	raw	render	280	750
sample	flat	dict-index	raw	render	281	417
sample	flat	dict-index	raw	render	282	334
sample	flat	dict-index	raw	render	283	208
sample	flat	dict-index	raw	render	284	375
sample	flat	dict-index	raw	render	285	1166
sample	flat	dict-index	raw	render	286	3792
sample	flat	dict-index	raw	render	287	958
sample	flat	dict-index	raw	render	288	2208
sample	flat	dict-index	raw	render	289	1292
sample	flat	dict-index	raw	render	290	1167
sample	flat	dict-index	raw	render	291	1000
sample	flat	dict-index	raw	render	292	917
sample	flat	dict-index	raw	render	293	2166
sample	flat	dict-index	raw	render	294	1041
sample	flat	dict-index	raw	render	295	209875
sample	flat	dict-index	raw	render	296	1833
sample	flat	dict-index	raw	render	297	834
sample	flat	dict-index	raw	render	298	583
sample	flat	dict-index	raw	render	299	792
sample	flat	dict-index	raw	render	300	833
sample	flat	dict-index	raw	render	301	1625
sample	flat	dict-index	raw	render	302	792
sample	flat	dict-index	raw	render	303	583
sample	flat	dict-index	raw	render	304	625
sample	flat	dict-index	raw	render	305	293000
sample	flat	dict-index	raw	render	306	25333
sample	flat	dict-index	raw	render	307	14542
sample	flat	dict-index	raw	render	308	1208
sample	flat	dict-index	raw	render	309	1750
sample	flat	dict-index	raw	render	310	1083
sample	flat	dict-index	raw	render	311	1167
sample	flat	dict-index	raw	render	312	1167
sample	flat	dict-index	raw	render	313	958
sample	flat	dict-index	raw	render	314	833
sample	flat	dict-index	raw	render	315	1042
sample	flat	dict-index	raw	render	316	791
sample	flat	dict-index	raw	render	317	916
sample	flat	dict-index	raw	render	318	459
sample	flat	dict-index	raw	render	319	1042
sample	flat	dict-index	raw	render	320	708
sample	flat	dict-index	raw	render	321	1000
sample	flat	dict-index	raw	render	322	625
sample	flat	dict-index	raw	render	323	959
sample	flat	dict-index	raw	render	324	334
sample	flat	dict-index	raw	render	325	792
sample	flat	dict-index	raw	render	326	500
sample	flat	dict-index	raw	render	327	458
sample	flat	dict-index	raw	render	328	625
sample	flat	dict-index	raw	render	329	709
sample	flat	dict-index	raw	render	330	667
sample	flat	dict-index	raw	render	331	583
sample	flat	dict-index	raw	render	332	417
sample	flat	dict-index	raw	render	333	625
sample	flat	dict-index	raw	render	334	500
sample	flat	dict-index	raw	render	335	583
sample	flat	dict-index	raw	render	336	500
sample	flat	dict-index	raw	render	337	500
sample	flat	dict-index	raw	render	338	417
sample	flat	dict-index	raw	render	339	625
sample	flat	dict-index	raw	render	340	500
sample	flat	dict-index	raw	render	341	833
sample	flat	dict-index	raw	render	342	583
sample	flat	dict-index	raw	render	343	417
sample	flat	dict-index	raw	render	344	584
sample	flat	dict-index	raw	render	345	542
sample	flat	dict-index	raw	render	346	375
sample	flat	dict-index	raw	render	347	541
sample	flat	dict-index	raw	render	348	584
sample	flat	dict-index	raw	render	349	500
sample	flat	dict-index	raw	render	350	459
sample	flat	dict-index	raw	render	351	375
sample	flat	dict-index	raw	render	352	542
sample	flat	dict-index	raw	render	353	667
sample	flat	dict-index	raw	render	354	333
sample	flat	dict-index	raw	render	355	750
sample	flat	dict-index	raw	render	356	417
sample	flat	dict-index	raw	render	357	375
sample	flat	dict-index	raw	render	358	583
sample	flat	dict-index	raw	render	359	416
sample	flat	dict-index	raw	render	360	333
sample	flat	dict-index	raw	render	361	750
sample	flat	dict-index	raw	render	362	416
sample	flat	dict-index	raw	render	363	542
sample	flat	dict-index	raw	render	364	625
sample	flat	dict-index	raw	render	365	625
sample	flat	dict-index	raw	render	366	500
sample	flat	dict-index	raw	render	367	417
sample	flat	dict-index	raw	render	368	375
sample	flat	dict-index	raw	render	369	709
sample	flat	dict-index	raw	render	370	375
sample	flat	dict-index	raw	render	371	667
sample	flat	dict-index	raw	render	372	458
sample	flat	dict-index	raw	render	373	458
sample	flat	dict-index	raw	render	374	500
sample	flat	dict-index	raw	render	375	458
sample	flat	dict-index	raw	render	376	375
sample	flat	dict-index	raw	render	377	417
sample	flat	dict-index	raw	render	378	333
sample	flat	dict-index	raw	render	379	375
sample	flat	dict-index	raw	render	380	375
sample	flat	dict-index	raw	render	381	459
sample	flat	dict-index	raw	render	382	416
sample	flat	dict-index	raw	render	383	459
sample	flat	dict-index	raw	render	384	208
sample	flat	dict-index	raw	render	385	750
sample	flat	dict-index	raw	render	386	292
sample	flat	dict-index	raw	render	387	292
sample	flat	dict-index	raw	render	388	417
sample	flat	dict-index	raw	render	389	208
sample	flat	dict-index	raw	render	390	208
sample	flat	dict-index	raw	render	391	709
sample	flat	dict-index	raw	render	392	375
sample	flat	dict-index	raw	render	393	5875
sample	flat	dict-index	raw	render	394	1667
sample	flat	dict-index	raw	render	395	917
sample	flat	dict-index	raw	render	396	2334
sample	flat	dict-index	raw	render	397	1042
sample	flat	dict-index	raw	render	398	1167
sample	flat	dict-index	raw	render	399	875
sample	flat	dict-index	raw	render	400	875
sample	flat	dict-index	raw	render	401	917
sample	flat	dict-index	raw	render	402	2084
sample	flat	dict-index	raw	render	403	1917
sample	flat	dict-index	raw	render	404	1209
sample	flat	dict-index	raw	render	405	1166
sample	flat	dict-index	raw	render	406	1000
sample	flat	dict-index	raw	render	407	958
sample	flat	dict-index	raw	render	408	1083
sample	flat	dict-index	raw	render	409	1042
sample	flat	dict-index	raw	render	410	1167
sample	flat	dict-index	raw	render	411	958
sample	flat	dict-index	raw	render	412	1209
sample	flat	dict-index	raw	render	413	1250
sample	flat	dict-index	raw	render	414	958
sample	flat	dict-index	raw	render	415	959
sample	flat	dict-index	raw	render	416	959
sample	flat	dict-index	raw	render	417	1125
sample	flat	dict-index	raw	render	418	1000
sample	flat	dict-index	raw	render	419	667
sample	flat	dict-index	raw	render	420	625
sample	flat	dict-index	raw	render	421	917
sample	flat	dict-index	raw	render	422	750
sample	flat	dict-index	raw	render	423	792
sample	flat	dict-index	raw	render	424	958
sample	flat	dict-index	raw	render	425	541
sample	flat	dict-index	raw	render	426	1125
sample	flat	dict-index	raw	render	427	625
sample	flat	dict-index	raw	render	428	792
sample	flat	dict-index	raw	render	429	1042
sample	flat	dict-index	raw	render	430	792
sample	flat	dict-index	raw	render	431	916
sample	flat	dict-index	raw	render	432	792
sample	flat	dict-index	raw	render	433	833
sample	flat	dict-index	raw	render	434	1000
sample	flat	dict-index	raw	render	435	833
sample	flat	dict-index	raw	render	436	2459
sample	flat	dict-index	raw	render	437	709
sample	flat	dict-index	raw	render	438	4167
sample	flat	dict-index	raw	render	439	1500
sample	flat	dict-index	raw	render	440	1208
sample	flat	dict-index	raw	render	441	1250
sample	flat	dict-index	raw	render	442	834
sample	flat	dict-index	raw	render	443	1208
sample	flat	dict-index	raw	render	444	2666
sample	flat	dict-index	raw	render	445	1417
sample	flat	dict-index	raw	render	446	1084
sample	flat	dict-index	raw	render	447	1125
sample	flat	dict-index	raw	render	448	875
sample	flat	dict-index	raw	render	449	3875
sample	flat	dict-index	raw	render	450	1291
sample	flat	dict-index	raw	render	451	1416
sample	flat	dict-index	raw	render	452	1083
sample	flat	dict-index	raw	render	453	1875
sample	flat	dict-index	raw	render	454	1208
sample	flat	dict-index	raw	render	455	1208
sample	flat	dict-index	raw	render	456	1167
sample	flat	dict-index	raw	render	457	1208
sample	flat	dict-index	raw	render	458	1167
sample	flat	dict-index	raw	render	459	1084
sample	flat	dict-index	raw	render	460	1166
sample	flat	dict-index	raw	render	461	1542
sample	flat	dict-index	raw	render	462	1417
sample	flat	dict-index	raw	render	463	1208
sample	flat	dict-index	raw	render	464	1000
sample	flat	dict-index	raw	render	465	916
sample	flat	dict-index	raw	render	466	708
sample	flat	dict-index	raw	render	467	834
sample	flat	dict-index	raw	render	468	708
sample	flat	dict-index	raw	render	469	750
sample	flat	dict-index	raw	render	470	792
sample	flat	dict-index	raw	render	471	583
sample	flat	dict-index	raw	render	472	916
sample	flat	dict-index	raw	render	473	792
sample	flat	dict-index	raw	render	474	708
sample	flat	dict-index	raw	render	475	709
sample	flat	dict-index	raw	render	476	709
sample	flat	dict-index	raw	render	477	875
sample	flat	dict-index	raw	render	478	916
sample	flat	dict-index	raw	render	479	5500
sample	flat	dict-index	raw	render	480	1292
sample	flat	dict-index	raw	render	481	1375
sample	flat	dict-index	raw	render	482	1125
sample	flat	dict-index	raw	render	483	1167
sample	flat	dict-index	raw	render	484	875
sample	flat	dict-index	raw	render	485	1042
sample	flat	dict-index	raw	render	486	1583
sample	flat	dict-index	raw	render	487	1084
sample	flat	dict-index	raw	render	488	1292
sample	flat	dict-index	raw	render	489	1458
sample	flat	dict-index	raw	render	490	1041
sample	flat	dict-index	raw	render	491	1208
sample	flat	dict-index	raw	render	492	1250
sample	flat	dict-index	raw	render	493	1167
sample	flat	dict-index	raw	render	494	1042
sample	flat	dict-index	raw	render	495	1041
sample	flat	dict-index	raw	render	496	1084
sample	flat	dict-index	raw	render	497	1542
sample	flat	dict-index	raw	render	498	834
sample	flat	dict-index	raw	render	499	1250
sample	flat	dict-index	raw	render	500	1292
sample	flat	dict-index	raw	render	501	958
sample	flat	dict-index	raw	render	502	1125
sample	flat	dict-index	raw	render	503	1000
sample	flat	dict-index	raw	render	504	1167
sample	flat	dict-index	raw	render	505	1125
sample	flat	dict-index	raw	render	506	708
sample	flat	dict-index	raw	render	507	1000
sample	flat	dict-index	raw	render	508	875
sample	flat	dict-index	raw	render	509	666
sample	flat	dict-index	raw	render	510	1084
sample	flat	dict-index	raw	render	511	1000
sample	flat	dict-index	raw	render	512	1000
sample	flat	dict-index	raw	render	513	5459
sample	flat	dict-index	raw	render	514	833
sample	flat	dict-index	raw	render	515	1333
sample	flat	dict-index	raw	render	516	1250
sample	flat	dict-index	raw	render	517	958
sample	flat	dict-index	raw	render	518	98584
sample	flat	dict-index	raw	render	519	2750
sample	flat	dict-index	raw	render	520	2708
sample	flat	dict-index	raw	render	521	2084
sample	flat	dict-index	raw	render	522	3083
sample	flat	dict-index	raw	render	523	1667
sample	flat	dict-index	raw	render	524	1375
sample	flat	dict-index	raw	render	525	1584
sample	flat	dict-index	raw	render	526	2250
sample	flat	dict-index	raw	render	527	1542
sample	flat	dict-index	raw	render	528	1709
sample	flat	dict-index	raw	render	529	1625
sample	flat	dict-index	raw	render	530	2042
sample	flat	dict-index	raw	render	531	2375
sample	flat	dict-index	raw	render	532	1584
sample	flat	dict-index	raw	render	533	1792
sample	flat	dict-index	raw	render	534	1208
sample	flat	dict-index	raw	render	535	1375
sample	flat	dict-index	raw	render	536	1416
sample	flat	dict-index	raw	render	537	2834
sample	flat	dict-index	raw	render	538	1417
sample	flat	dict-index	raw	render	539	1291
sample	flat	dict-index	raw	render	540	1417
sample	flat	dict-index	raw	render	541	1500
sample	flat	dict-index	raw	render	542	1042
sample	flat	dict-index	raw	render	543	1042
sample	flat	dict-index	raw	render	544	917
sample	flat	dict-index	raw	render	545	917
sample	flat	dict-index	raw	render	546	2791
sample	flat	dict-index	raw	render	547	1084
sample	flat	dict-index	raw	render	548	1083
sample	flat	dict-index	raw	render	549	1250
sample	flat	dict-index	raw	render	550	833
sample	flat	dict-index	raw	render	551	1000
sample	flat	dict-index	raw	render	552	1042
sample	flat	dict-index	raw	render	553	1000
sample	flat	dict-index	raw	render	554	1042
sample	flat	dict-index	raw	render	555	1625
sample	flat	dict-index	raw	render	556	1500
sample	flat	dict-index	raw	render	557	1708
sample	flat	dict-index	raw	render	558	791
sample	flat	dict-index	raw	render	559	2791
sample	flat	dict-index	raw	render	560	1042
sample	flat	dict-index	raw	render	561	1041
sample	flat	dict-index	raw	render	562	917
sample	flat	dict-index	raw	render	563	1042
sample	flat	dict-index	raw	render	564	792
sample	flat	dict-index	raw	render	565	709
sample	flat	dict-index	raw	render	566	709
sample	flat	dict-index	raw	render	567	625
sample	flat	dict-index	raw	render	568	792
sample	flat	dict-index	raw	render	569	708
sample	flat	dict-index	raw	render	570	708
sample	flat	dict-index	raw	render	571	750
sample	flat	dict-index	raw	render	572	917
sample	flat	dict-index	raw	render	573	1542
sample	flat	dict-index	raw	render	574	875
sample	flat	dict-index	raw	render	575	209
sample	flat	dict-index	raw	render	576	625
sample	flat	dict-index	raw	render	577	333
sample	flat	dict-index	raw	render	578	583
sample	flat	dict-index	raw	render	579	666
sample	flat	dict-index	raw	render	580	542
sample	flat	dict-index	raw	render	581	708
sample	flat	dict-index	raw	render	582	458
sample	flat	dict-index	raw	render	583	334
sample	flat	dict-index	raw	render	584	1083
sample	flat	dict-index	raw	render	585	583
sample	flat	dict-index	raw	render	586	750
sample	flat	dict-index	raw	render	587	1208
sample	flat	dict-index	raw	render	588	708
sample	flat	dict-index	raw	render	589	500
sample	flat	dict-index	raw	render	590	292
sample	flat	dict-index	raw	render	591	792
sample	flat	dict-index	raw	render	592	625
sample	flat	dict-index	raw	render	593	875
sample	flat	dict-index	raw	render	594	375
sample	flat	dict-index	raw	render	595	334
sample	flat	dict-index	raw	render	596	416
sample	flat	dict-index	raw	render	597	375
sample	flat	dict-index	raw	render	598	584
sample	flat	dict-index	raw	render	599	500
sample	flat	dict-index	raw	render	600	375
sample	flat	dict-index	raw	render	601	333
sample	flat	dict-index	raw	render	602	791
sample	flat	dict-index	raw	render	603	1000
sample	flat	dict-index	raw	render	604	208
sample	flat	dict-index	raw	render	605	333
sample	flat	dict-index	raw	render	606	750
sample	flat	dict-index	raw	render	607	542
sample	flat	dict-index	raw	render	608	417
sample	flat	dict-index	raw	render	609	833
sample	flat	dict-index	raw	render	610	375
sample	flat	dict-index	raw	render	611	375
sample	flat	dict-index	raw	render	612	292
sample	flat	dict-index	raw	render	613	292
sample	flat	dict-index	raw	render	614	417
sample	flat	dict-index	raw	render	615	542
sample	flat	dict-index	raw	render	616	541
sample	flat	dict-index	raw	render	617	375
sample	flat	dict-index	raw	render	618	167
sample	flat	dict-index	raw	render	619	541
sample	flat	dict-index	raw	render	620	416
sample	flat	dict-index	raw	render	621	500
sample	flat	dict-index	raw	render	622	375
sample	flat	dict-index	raw	render	623	375
sample	flat	dict-index	raw	render	624	416
sample	flat	dict-index	raw	render	625	625
sample	flat	dict-index	raw	render	626	291
sample	flat	dict-index	raw	render	627	791
sample	flat	dict-index	raw	render	628	583
sample	flat	dict-index	raw	render	629	583
sample	flat	dict-index	raw	render	630	500
sample	flat	dict-index	raw	render	631	500
sample	flat	dict-index	raw	render	632	667
sample	flat	dict-index	raw	render	633	542
sample	flat	dict-index	raw	render	634	708
sample	flat	dict-index	raw	render	635	708
sample	flat	dict-index	raw	render	636	291
sample	flat	dict-index	raw	render	637	708
sample	flat	dict-index	raw	render	638	208
sample	flat	dict-index	raw	render	639	458
sample	flat	dict-index	raw	render	640	375
sample	flat	dict-index	raw	render	641	791
sample	flat	dict-index	raw	render	642	458
sample	flat	dict-index	raw	render	643	375
sample	flat	dict-index	raw	render	644	375
sample	flat	dict-index	raw	render	645	291
sample	flat	dict-index	raw	render	646	292
sample	flat	dict-index	raw	render	647	292
sample	flat	dict-index	raw	render	648	250
sample	flat	dict-index	raw	render	649	333
sample	flat	dict-index	raw	render	650	416
sample	flat	dict-index	raw	render	651	375
sample	flat	dict-index	raw	render	652	334
sample	flat	dict-index	raw	render	653	583
sample	flat	dict-index	raw	render	654	291
sample	flat	dict-index	raw	render	655	166
sample	flat	dict-index	raw	render	656	500
sample	flat	dict-index	raw	render	657	375
sample	flat	dict-index	raw	render	658	458
sample	flat	dict-index	raw	render	659	333
sample	flat	dict-index	raw	render	660	417
sample	flat	dict-index	raw	render	661	500
sample	flat	dict-index	raw	render	662	292
sample	flat	dict-index	raw	render	663	625
sample	flat	dict-index	raw	render	664	459
sample	flat	dict-index	raw	render	665	375
sample	flat	dict-index	raw	render	666	625
sample	flat	dict-index	raw	render	667	375
sample	flat	dict-index	raw	render	668	334
sample	flat	dict-index	raw	render	669	625
sample	flat	dict-index	raw	render	670	417
sample	flat	dict-index	raw	render	671	584
sample	flat	dict-index	raw	render	672	334
sample	flat	dict-index	raw	render	673	708
sample	flat	dict-index	raw	render	674	292
sample	flat	dict-index	raw	render	675	334
sample	flat	dict-index	raw	render	676	584
sample	flat	dict-index	raw	render	677	625
sample	flat	dict-index	raw	render	678	166
sample	flat	dict-index	raw	render	679	416
sample	flat	dict-index	raw	render	680	292
sample	flat	dict-index	raw	render	681	459
sample	flat	dict-index	raw	render	682	250
sample	flat	dict-index	raw	render	683	416
sample	flat	dict-index	raw	render	684	417
sample	flat	dict-index	raw	render	685	625
sample	flat	dict-index	raw	render	686	333
sample	flat	dict-index	raw	render	687	375
sample	flat	dict-index	raw	render	688	375
sample	flat	dict-index	raw	render	689	542
sample	flat	dict-index	raw	render	690	292
sample	flat	dict-index	raw	render	691	458
sample	flat	dict-index	raw	render	692	417
sample	flat	dict-index	raw	render	693	583
sample	flat	dict-index	raw	render	694	375
sample	flat	dict-index	raw	render	695	292
sample	flat	dict-index	raw	render	696	459
sample	flat	dict-index	raw	render	697	625
sample	flat	dict-index	raw	render	698	416
sample	flat	dict-index	raw	render	699	500
sample	flat	dict-index	raw	render	700	333
sample	flat	dict-index	raw	render	701	542
sample	flat	dict-index	raw	render	702	542
sample	flat	dict-index	raw	render	703	458
sample	flat	dict-index	raw	render	704	209
sample	flat	dict-index	raw	render	705	416
sample	flat	dict-index	raw	render	706	417
sample	flat	dict-index	raw	render	707	584
sample	flat	dict-index	raw	render	708	208
sample	flat	dict-index	raw	render	709	500
sample	flat	dict-index	raw	render	710	458
sample	flat	dict-index	raw	render	711	292
sample	flat	dict-index	raw	render	712	542
sample	flat	dict-index	raw	render	713	500
sample	flat	dict-index	raw	render	714	542
sample	flat	dict-index	raw	render	715	333
sample	flat	dict-index	raw	render	716	417
sample	flat	dict-index	raw	render	717	542
sample	flat	dict-index	raw	render	718	7750
sample	flat	dict-index	raw	render	719	1208
sample	flat	dict-index	raw	render	720	1583
sample	flat	dict-index	raw	render	721	1667
sample	flat	dict-index	raw	render	722	1208
sample	flat	dict-index	raw	render	723	1459
sample	flat	dict-index	raw	render	724	1000
sample	flat	dict-index	raw	render	725	1000
sample	flat	dict-index	raw	render	726	1167
sample	flat	dict-index	raw	render	727	1000
sample	flat	dict-index	raw	render	728	959
sample	flat	dict-index	raw	render	729	1250
sample	flat	dict-index	raw	render	730	1208
sample	flat	dict-index	raw	render	731	1250
sample	flat	dict-index	raw	render	732	833
sample	flat	dict-index	raw	render	733	667
sample	flat	dict-index	raw	render	734	584
sample	flat	dict-index	raw	render	735	3291
sample	flat	dict-index	raw	render	736	875
sample	flat	dict-index	raw	render	737	875
sample	flat	dict-index	raw	render	738	708
sample	flat	dict-index	raw	render	739	1042
sample	flat	dict-index	raw	render	740	1750
sample	flat	dict-index	raw	render	741	917
sample	flat	dict-index	raw	render	742	625
sample	flat	dict-index	raw	render	743	833
sample	flat	dict-index	raw	render	744	958
sample	flat	dict-index	raw	render	745	1000
sample	flat	dict-index	raw	render	746	1708
sample	flat	dict-index	raw	render	747	2042
sample	flat	dict-index	raw	render	748	708
sample	flat	dict-index	raw	render	749	750
sample	flat	dict-index	raw	render	750	584
sample	flat	dict-index	raw	render	751	2166
sample	flat	dict-index	raw	render	752	833
sample	flat	dict-index	raw	render	753	667
sample	flat	dict-index	raw	render	754	625
sample	flat	dict-index	raw	render	755	791
sample	flat	dict-index	raw	render	756	708
sample	flat	dict-index	raw	render	757	2375
sample	flat	dict-index	raw	render	758	1000
sample	flat	dict-index	raw	render	759	1041
sample	flat	dict-index	raw	render	760	1584
sample	flat	dict-index	raw	render	761	1000
sample	flat	dict-index	raw	render	762	1125
sample	flat	dict-index	raw	render	763	958
sample	flat	dict-index	raw	render	764	958
sample	flat	dict-index	raw	render	765	1375
sample	flat	dict-index	raw	render	766	1208
sample	flat	dict-index	raw	render	767	1000
sample	flat	dict-index	raw	render	768	959
sample	flat	dict-index	raw	render	769	10750
sample	flat	dict-index	raw	render	770	958
sample	flat	dict-index	raw	render	771	625
sample	flat	dict-index	raw	render	772	875
sample	flat	dict-index	raw	render	773	1041
sample	flat	dict-index	raw	render	774	875
sample	flat	dict-index	raw	render	775	542
sample	flat	dict-index	raw	render	776	916
sample	flat	dict-index	raw	render	777	500
sample	flat	dict-index	raw	render	778	583
sample	flat	dict-index	raw	render	779	542
sample	flat	dict-index	raw	render	780	542
sample	flat	dict-index	raw	render	781	833
sample	flat	dict-index	raw	render	782	542
sample	flat	dict-index	raw	render	783	709
sample	flat	dict-index	raw	render	784	459
sample	flat	dict-index	raw	render	785	292
sample	flat	dict-index	raw	render	786	334
sample	flat	dict-index	raw	render	787	208
sample	flat	dict-index	raw	render	788	208
sample	flat	dict-index	raw	render	789	250
sample	flat	dict-index	raw	render	790	208
sample	flat	dict-index	raw	render	791	208
sample	flat	dict-index	raw	render	792	333
sample	flat	dict-index	raw	render	793	209
sample	flat	dict-index	raw	render	794	209
sample	flat	dict-index	raw	render	795	250
sample	flat	dict-index	raw	render	796	333
sample	flat	dict-index	raw	render	797	500
sample	flat	dict-index	raw	render	798	250
sample	flat	dict-index	raw	render	799	250
sample	flat	dict-index	raw	render	800	375
sample	flat	dict-index	raw	render	801	375
sample	flat	dict-index	raw	render	802	375
sample	flat	dict-index	raw	render	803	292
sample	flat	dict-index	raw	render	804	459
sample	flat	dict-index	raw	render	805	291
sample	flat	dict-index	raw	render	806	375
sample	flat	dict-index	raw	render	807	416
sample	flat	dict-index	raw	render	808	250
sample	flat	dict-index	raw	render	809	208
sample	flat	dict-index	raw	render	810	334
sample	flat	dict-index	raw	render	811	375
sample	flat	dict-index	raw	render	812	416
sample	flat	dict-index	raw	render	813	375
sample	flat	dict-index	raw	render	814	333
sample	flat	dict-index	raw	render	815	3875
sample	flat	dict-index	raw	render	816	1667
sample	flat	dict-index	raw	render	817	1083
sample	flat	dict-index	raw	render	818	1083
sample	flat	dict-index	raw	render	819	1041
sample	flat	dict-index	raw	render	820	833
sample	flat	dict-index	raw	render	821	500
sample	flat	dict-index	raw	render	822	542
sample	flat	dict-index	raw	render	823	1334
sample	flat	dict-index	raw	render	824	583
sample	flat	dict-index	raw	render	825	500
sample	flat	dict-index	raw	render	826	583
sample	flat	dict-index	raw	render	827	458
sample	flat	dict-index	raw	render	828	625
sample	flat	dict-index	raw	render	829	2541
sample	flat	dict-index	raw	render	830	1292
sample	flat	dict-index	raw	render	831	1125
sample	flat	dict-index	raw	render	832	1041
sample	flat	dict-index	raw	render	833	1583
sample	flat	dict-index	raw	render	834	1041
sample	flat	dict-index	raw	render	835	833
sample	flat	dict-index	raw	render	836	916
sample	flat	dict-index	raw	render	837	750
sample	flat	dict-index	raw	render	838	958
sample	flat	dict-index	raw	render	839	750
sample	flat	dict-index	raw	render	840	875
sample	flat	dict-index	raw	render	841	875
sample	flat	dict-index	raw	render	842	958
sample	flat	dict-index	raw	render	843	792
sample	flat	dict-index	raw	render	844	541
sample	flat	dict-index	raw	render	845	750
sample	flat	dict-index	raw	render	846	625
sample	flat	dict-index	raw	render	847	6167
sample	flat	dict-index	raw	render	848	1292
sample	flat	dict-index	raw	render	849	1417
sample	flat	dict-index	raw	render	850	1167
sample	flat	dict-index	raw	render	851	2958
sample	flat	dict-index	raw	render	852	1000
sample	flat	dict-index	raw	render	853	1917
sample	flat	dict-index	raw	render	854	1250
sample	flat	dict-index	raw	render	855	1208
sample	flat	dict-index	raw	render	856	1417
sample	flat	dict-index	raw	render	857	1250
sample	flat	dict-index	raw	render	858	11875
sample	flat	dict-index	raw	render	859	792
sample	flat	dict-index	raw	render	860	583
sample	flat	dict-index	raw	render	861	708
sample	flat	dict-index	raw	render	862	500
sample	flat	dict-index	raw	render	863	625
sample	flat	dict-index	raw	render	864	625
sample	flat	dict-index	raw	render	865	833
sample	flat	dict-index	raw	render	866	583
sample	flat	dict-index	raw	render	867	666
sample	flat	dict-index	raw	render	868	500
sample	flat	dict-index	raw	render	869	667
sample	flat	dict-index	raw	render	870	542
sample	flat	dict-index	raw	render	871	500
sample	flat	dict-index	raw	render	872	584
sample	flat	dict-index	raw	render	873	542
sample	flat	dict-index	raw	render	874	541
sample	flat	dict-index	raw	render	875	375
sample	flat	dict-index	raw	render	876	292
sample	flat	dict-index	raw	render	877	208
sample	flat	dict-index	raw	render	878	292
sample	flat	dict-index	raw	render	879	333
sample	flat	dict-index	raw	render	880	416
sample	flat	dict-index	raw	render	881	708
sample	flat	dict-index	raw	render	882	708
sample	flat	dict-index	raw	render	883	750
sample	flat	dict-index	raw	render	884	4500
sample	flat	dict-index	raw	render	885	1792
sample	flat	dict-index	raw	render	886	1208
sample	flat	dict-index	raw	render	887	1084
sample	flat	dict-index	raw	render	888	1041
sample	flat	dict-index	raw	render	889	1000
sample	flat	dict-index	raw	render	890	15708
sample	flat	dict-index	raw	render	891	1500
sample	flat	dict-index	raw	render	892	1084
sample	flat	dict-index	raw	render	893	1250
sample	flat	dict-index	raw	render	894	1375
sample	flat	dict-index	raw	render	895	1542
sample	flat	dict-index	raw	render	896	2292
sample	flat	dict-index	raw	render	897	1125
sample	flat	dict-index	raw	render	898	1500
sample	flat	dict-index	raw	render	899	5792
sample	flat	dict-index	raw	render	900	1416
sample	flat	dict-index	raw	render	901	2042
sample	flat	dict-index	raw	render	902	1834
sample	flat	dict-index	raw	render	903	2458
sample	flat	dict-index	raw	render	904	2750
sample	flat	dict-index	raw	render	905	2833
sample	flat	dict-index	raw	render	906	1917
sample	flat	dict-index	raw	render	907	1917
sample	flat	dict-index	raw	render	908	1250
sample	flat	dict-index	raw	render	909	2750
sample	flat	dict-index	raw	render	910	1500
sample	flat	dict-index	raw	render	911	1916
sample	flat	dict-index	raw	render	912	2125
sample	flat	dict-index	raw	render	913	2375
sample	flat	dict-index	raw	render	914	1542
sample	flat	dict-index	raw	render	915	1041
sample	flat	dict-index	raw	render	916	917
sample	flat	dict-index	raw	render	917	1000
sample	flat	dict-index	raw	render	918	584
sample	flat	dict-index	raw	render	919	500
sample	flat	dict-index	raw	render	920	583
sample	flat	dict-index	raw	render	921	583
sample	flat	dict-index	raw	render	922	750
sample	flat	dict-index	raw	render	923	583
sample	flat	dict-index	raw	render	924	708
sample	flat	dict-index	raw	render	925	750
sample	flat	dict-index	raw	render	926	583
sample	flat	dict-index	raw	render	927	542
sample	flat	dict-index	raw	render	928	625
sample	flat	dict-index	raw	render	929	375
sample	flat	dict-index	raw	render	930	375
sample	flat	dict-index	raw	render	931	833
sample	flat	dict-index	raw	render	932	334
sample	flat	dict-index	raw	render	933	417
sample	flat	dict-index	raw	render	934	292
sample	flat	dict-index	raw	render	935	208
sample	flat	dict-index	raw	render	936	292
sample	flat	dict-index	raw	render	937	333
sample	flat	dict-index	raw	render	938	292
sample	flat	dict-index	raw	render	939	333
sample	flat	dict-index	raw	render	940	667
sample	flat	dict-index	raw	render	941	500
sample	flat	dict-index	raw	render	942	417
sample	flat	dict-index	raw	render	943	292
sample	flat	dict-index	raw	render	944	334
sample	flat	dict-index	raw	render	945	667
sample	flat	dict-index	raw	render	946	292
sample	flat	dict-index	raw	render	947	459
sample	flat	dict-index	raw	render	948	291
sample	flat	dict-index	raw	render	949	375
sample	flat	dict-index	raw	render	950	333
sample	flat	dict-index	raw	render	951	541
sample	flat	dict-index	raw	render	952	458
sample	flat	dict-index	raw	render	953	375
sample	flat	dict-index	raw	render	954	375
sample	flat	dict-index	raw	render	955	375
sample	flat	dict-index	raw	render	956	375
sample	flat	dict-index	raw	render	957	667
sample	flat	dict-index	raw	render	958	584
sample	flat	dict-index	raw	render	959	333
sample	flat	dict-index	raw	render	960	375
sample	flat	dict-index	raw	render	961	500
sample	flat	dict-index	raw	render	962	583
sample	flat	dict-index	raw	render	963	500
sample	flat	dict-index	raw	render	964	4583
sample	flat	dict-index	raw	render	965	1625
sample	flat	dict-index	raw	render	966	1208
sample	flat	dict-index	raw	render	967	958
sample	flat	dict-index	raw	render	968	4750
sample	flat	dict-index	raw	render	969	1708
sample	flat	dict-index	raw	render	970	1292
sample	flat	dict-index	raw	render	971	1458
sample	flat	dict-index	raw	render	972	1333
sample	flat	dict-index	raw	render	973	1584
sample	flat	dict-index	raw	render	974	1250
sample	flat	dict-index	raw	render	975	1542
sample	flat	dict-index	raw	render	976	1250
sample	flat	dict-index	raw	render	977	5917
sample	flat	dict-index	raw	render	978	1958
sample	flat	dict-index	raw	render	979	2000
sample	flat	dict-index	raw	render	980	1542
sample	flat	dict-index	raw	render	981	1667
sample	flat	dict-index	raw	render	982	1208
sample	flat	dict-index	raw	render	983	1542
sample	flat	dict-index	raw	render	984	1208
sample	flat	dict-index	raw	render	985	1792
sample	flat	dict-index	raw	render	986	2208
sample	flat	dict-index	raw	render	987	4833
sample	flat	dict-index	raw	render	988	1208
sample	flat	dict-index	raw	render	989	1583
sample	flat	dict-index	raw	render	990	1416
sample	flat	dict-index	raw	render	991	1792
sample	flat	dict-index	raw	render	992	1042
sample	flat	dict-index	raw	render	993	1417
sample	flat	dict-index	raw	render	994	1333
sample	flat	dict-index	raw	render	995	2291
sample	flat	dict-index	raw	render	996	1458
sample	flat	dict-index	raw	render	997	1875
sample	flat	dict-index	raw	render	998	1625
sample	flat	dict-index	raw	render	999	1250
result	flat	dict-index	raw	exact.p50_ns	625
result	flat	dict-index	raw	exact.p95_ns	2292
result	flat	dict-index	raw	exact.p99_ns	6958
result	flat	dict-index	raw	prefix.p50_ns	124042
result	flat	dict-index	raw	prefix.p95_ns	384542
result	flat	dict-index	raw	prefix.p99_ns	1234458
result	flat	dict-index	raw	render.p50_ns	750
result	flat	dict-index	raw	render.p95_ns	2500
result	flat	dict-index	raw	render.p99_ns	8000
result	flat	dict-index	raw	exact.hit.p50_ns	708
result	flat	dict-index	raw	exact.hit.p95_ns	2500
result	flat	dict-index	raw	exact.hit.p99_ns	6917
result	flat	dict-index	raw	exact.miss.p50_ns	417
result	flat	dict-index	raw	exact.miss.p95_ns	1833
result	flat	dict-index	raw	exact.miss.p99_ns	6958
result	flat	dict-index	raw	prefix.zero.p50_ns	3791
result	flat	dict-index	raw	prefix.zero.p95_ns	16625
result	flat	dict-index	raw	prefix.zero.p99_ns	21333
result	flat	dict-index	raw	prefix.one.p50_ns	4500
result	flat	dict-index	raw	prefix.one.p95_ns	17916
result	flat	dict-index	raw	prefix.one.p99_ns	49458
result	flat	dict-index	raw	prefix.many.p50_ns	137875
result	flat	dict-index	raw	prefix.many.p95_ns	475042
result	flat	dict-index	raw	prefix.many.p99_ns	1448333
result	flat	dict-index	raw	prefix.pathological.p50_ns	-
result	flat	dict-index	raw	prefix.pathological.p95_ns	-
result	flat	dict-index	raw	prefix.pathological.p99_ns	-
result	flat	dict-index	dictzip	artifact_bytes	61414
result	flat	dict-index	dictzip	build_ns	8327625
sample	flat	dict-index	dictzip	open	0	2046416
sample	flat	dict-index	dictzip	open	1	912542
sample	flat	dict-index	dictzip	open	2	1955750
sample	flat	dict-index	dictzip	open	3	797166
sample	flat	dict-index	dictzip	open	4	557667
sample	flat	dict-index	dictzip	open	5	509625
sample	flat	dict-index	dictzip	open	6	495250
sample	flat	dict-index	dictzip	open	7	494959
sample	flat	dict-index	dictzip	open	8	1902291
sample	flat	dict-index	dictzip	open	9	807250
sample	flat	dict-index	dictzip	open	10	602000
sample	flat	dict-index	dictzip	open	11	578250
sample	flat	dict-index	dictzip	open	12	494041
sample	flat	dict-index	dictzip	open	13	500250
sample	flat	dict-index	dictzip	open	14	561916
sample	flat	dict-index	dictzip	open	15	496917
sample	flat	dict-index	dictzip	open	16	500667
sample	flat	dict-index	dictzip	open	17	756458
sample	flat	dict-index	dictzip	open	18	569500
sample	flat	dict-index	dictzip	open	19	543000
sample	flat	dict-index	dictzip	open	20	597459
sample	flat	dict-index	dictzip	open	21	998917
sample	flat	dict-index	dictzip	open	22	1398583
sample	flat	dict-index	dictzip	open	23	1626667
sample	flat	dict-index	dictzip	open	24	1069542
result	flat	dict-index	dictzip	open_ns	597459
result	flat	dict-index	dictzip	semantic_digest	14813021753239549239
result	flat	dict-index	dictzip	query_checksum	15472329982066036572
result	flat	dict-index	dictzip	outputs	1024875
result	flat	dict-index	dictzip	logical_prose_bytes	394154
sample	flat	dict-index	dictzip	exact	0	12791
sample	flat	dict-index	dictzip	exact	1	13500
sample	flat	dict-index	dictzip	exact	2	8375
sample	flat	dict-index	dictzip	exact	3	6208
sample	flat	dict-index	dictzip	exact	4	2708
sample	flat	dict-index	dictzip	exact	5	5542
sample	flat	dict-index	dictzip	exact	6	3042
sample	flat	dict-index	dictzip	exact	7	3584
sample	flat	dict-index	dictzip	exact	8	1584
sample	flat	dict-index	dictzip	exact	9	9875
sample	flat	dict-index	dictzip	exact	10	2375
sample	flat	dict-index	dictzip	exact	11	791
sample	flat	dict-index	dictzip	exact	12	1625
sample	flat	dict-index	dictzip	exact	13	500
sample	flat	dict-index	dictzip	exact	14	9958
sample	flat	dict-index	dictzip	exact	15	2292
sample	flat	dict-index	dictzip	exact	16	2500
sample	flat	dict-index	dictzip	exact	17	1459
sample	flat	dict-index	dictzip	exact	18	26958
sample	flat	dict-index	dictzip	exact	19	1792
sample	flat	dict-index	dictzip	exact	20	2667
sample	flat	dict-index	dictzip	exact	21	1250
sample	flat	dict-index	dictzip	exact	22	2334
sample	flat	dict-index	dictzip	exact	23	1625
sample	flat	dict-index	dictzip	exact	24	4583
sample	flat	dict-index	dictzip	exact	25	1583
sample	flat	dict-index	dictzip	exact	26	1458
sample	flat	dict-index	dictzip	exact	27	834
sample	flat	dict-index	dictzip	exact	28	1333
sample	flat	dict-index	dictzip	exact	29	500
sample	flat	dict-index	dictzip	exact	30	1000
sample	flat	dict-index	dictzip	exact	31	792
sample	flat	dict-index	dictzip	exact	32	1208
sample	flat	dict-index	dictzip	exact	33	416
sample	flat	dict-index	dictzip	exact	34	1375
sample	flat	dict-index	dictzip	exact	35	417
sample	flat	dict-index	dictzip	exact	36	1291
sample	flat	dict-index	dictzip	exact	37	416
sample	flat	dict-index	dictzip	exact	38	916
sample	flat	dict-index	dictzip	exact	39	708
sample	flat	dict-index	dictzip	exact	40	2416
sample	flat	dict-index	dictzip	exact	41	625
sample	flat	dict-index	dictzip	exact	42	1208
sample	flat	dict-index	dictzip	exact	43	625
sample	flat	dict-index	dictzip	exact	44	1208
sample	flat	dict-index	dictzip	exact	45	1667
sample	flat	dict-index	dictzip	exact	46	1917
sample	flat	dict-index	dictzip	exact	47	1041
sample	flat	dict-index	dictzip	exact	48	1542
sample	flat	dict-index	dictzip	exact	49	7375
sample	flat	dict-index	dictzip	exact	50	3500
sample	flat	dict-index	dictzip	exact	51	2000
sample	flat	dict-index	dictzip	exact	52	3625
sample	flat	dict-index	dictzip	exact	53	2667
sample	flat	dict-index	dictzip	exact	54	2958
sample	flat	dict-index	dictzip	exact	55	2125
sample	flat	dict-index	dictzip	exact	56	2625
sample	flat	dict-index	dictzip	exact	57	1625
sample	flat	dict-index	dictzip	exact	58	2292
sample	flat	dict-index	dictzip	exact	59	2291
sample	flat	dict-index	dictzip	exact	60	1125
sample	flat	dict-index	dictzip	exact	61	47125
sample	flat	dict-index	dictzip	exact	62	4584
sample	flat	dict-index	dictzip	exact	63	2666
sample	flat	dict-index	dictzip	exact	64	2500
sample	flat	dict-index	dictzip	exact	65	2958
sample	flat	dict-index	dictzip	exact	66	2375
sample	flat	dict-index	dictzip	exact	67	1625
sample	flat	dict-index	dictzip	exact	68	9042
sample	flat	dict-index	dictzip	exact	69	1333
sample	flat	dict-index	dictzip	exact	70	1541
sample	flat	dict-index	dictzip	exact	71	917
sample	flat	dict-index	dictzip	exact	72	6333
sample	flat	dict-index	dictzip	exact	73	2125
sample	flat	dict-index	dictzip	exact	74	2458
sample	flat	dict-index	dictzip	exact	75	1208
sample	flat	dict-index	dictzip	exact	76	1875
sample	flat	dict-index	dictzip	exact	77	500
sample	flat	dict-index	dictzip	exact	78	50875
sample	flat	dict-index	dictzip	exact	79	958
sample	flat	dict-index	dictzip	exact	80	1750
sample	flat	dict-index	dictzip	exact	81	792
sample	flat	dict-index	dictzip	exact	82	1583
sample	flat	dict-index	dictzip	exact	83	541
sample	flat	dict-index	dictzip	exact	84	1333
sample	flat	dict-index	dictzip	exact	85	458
sample	flat	dict-index	dictzip	exact	86	875
sample	flat	dict-index	dictzip	exact	87	666
sample	flat	dict-index	dictzip	exact	88	1292
sample	flat	dict-index	dictzip	exact	89	416
sample	flat	dict-index	dictzip	exact	90	750
sample	flat	dict-index	dictzip	exact	91	458
sample	flat	dict-index	dictzip	exact	92	1125
sample	flat	dict-index	dictzip	exact	93	458
sample	flat	dict-index	dictzip	exact	94	1333
sample	flat	dict-index	dictzip	exact	95	625
sample	flat	dict-index	dictzip	exact	96	1333
sample	flat	dict-index	dictzip	exact	97	375
sample	flat	dict-index	dictzip	exact	98	1333
sample	flat	dict-index	dictzip	exact	99	459
sample	flat	dict-index	dictzip	exact	100	1791
sample	flat	dict-index	dictzip	exact	101	1208
sample	flat	dict-index	dictzip	exact	102	1500
sample	flat	dict-index	dictzip	exact	103	959
sample	flat	dict-index	dictzip	exact	104	1584
sample	flat	dict-index	dictzip	exact	105	542
sample	flat	dict-index	dictzip	exact	106	1000
sample	flat	dict-index	dictzip	exact	107	6208
sample	flat	dict-index	dictzip	exact	108	3375
sample	flat	dict-index	dictzip	exact	109	1375
sample	flat	dict-index	dictzip	exact	110	1875
sample	flat	dict-index	dictzip	exact	111	1750
sample	flat	dict-index	dictzip	exact	112	3750
sample	flat	dict-index	dictzip	exact	113	1334
sample	flat	dict-index	dictzip	exact	114	2125
sample	flat	dict-index	dictzip	exact	115	1583
sample	flat	dict-index	dictzip	exact	116	2625
sample	flat	dict-index	dictzip	exact	117	3792
sample	flat	dict-index	dictzip	exact	118	3000
sample	flat	dict-index	dictzip	exact	119	1875
sample	flat	dict-index	dictzip	exact	120	1792
sample	flat	dict-index	dictzip	exact	121	1917
sample	flat	dict-index	dictzip	exact	122	2834
sample	flat	dict-index	dictzip	exact	123	3375
sample	flat	dict-index	dictzip	exact	124	3125
sample	flat	dict-index	dictzip	exact	125	2916
sample	flat	dict-index	dictzip	exact	126	4250
sample	flat	dict-index	dictzip	exact	127	2500
sample	flat	dict-index	dictzip	exact	128	4375
sample	flat	dict-index	dictzip	exact	129	708
sample	flat	dict-index	dictzip	exact	130	1542
sample	flat	dict-index	dictzip	exact	131	958
sample	flat	dict-index	dictzip	exact	132	1042
sample	flat	dict-index	dictzip	exact	133	458
sample	flat	dict-index	dictzip	exact	134	1167
sample	flat	dict-index	dictzip	exact	135	1000
sample	flat	dict-index	dictzip	exact	136	1208
sample	flat	dict-index	dictzip	exact	137	625
sample	flat	dict-index	dictzip	exact	138	1291
sample	flat	dict-index	dictzip	exact	139	458
sample	flat	dict-index	dictzip	exact	140	1375
sample	flat	dict-index	dictzip	exact	141	833
sample	flat	dict-index	dictzip	exact	142	2291
sample	flat	dict-index	dictzip	exact	143	750
sample	flat	dict-index	dictzip	exact	144	5959
sample	flat	dict-index	dictzip	exact	145	1500
sample	flat	dict-index	dictzip	exact	146	2416
sample	flat	dict-index	dictzip	exact	147	1959
sample	flat	dict-index	dictzip	exact	148	4541
sample	flat	dict-index	dictzip	exact	149	750
sample	flat	dict-index	dictzip	exact	150	1208
sample	flat	dict-index	dictzip	exact	151	750
sample	flat	dict-index	dictzip	exact	152	1500
sample	flat	dict-index	dictzip	exact	153	750
sample	flat	dict-index	dictzip	exact	154	1166
sample	flat	dict-index	dictzip	exact	155	500
sample	flat	dict-index	dictzip	exact	156	1250
sample	flat	dict-index	dictzip	exact	157	9625
sample	flat	dict-index	dictzip	exact	158	1583
sample	flat	dict-index	dictzip	exact	159	1084
sample	flat	dict-index	dictzip	exact	160	1917
sample	flat	dict-index	dictzip	exact	161	542
sample	flat	dict-index	dictzip	exact	162	1250
sample	flat	dict-index	dictzip	exact	163	625
sample	flat	dict-index	dictzip	exact	164	1208
sample	flat	dict-index	dictzip	exact	165	2291
sample	flat	dict-index	dictzip	exact	166	2458
sample	flat	dict-index	dictzip	exact	167	958
sample	flat	dict-index	dictzip	exact	168	2042
sample	flat	dict-index	dictzip	exact	169	709
sample	flat	dict-index	dictzip	exact	170	1917
sample	flat	dict-index	dictzip	exact	171	417
sample	flat	dict-index	dictzip	exact	172	3208
sample	flat	dict-index	dictzip	exact	173	1042
sample	flat	dict-index	dictzip	exact	174	1584
sample	flat	dict-index	dictzip	exact	175	625
sample	flat	dict-index	dictzip	exact	176	958
sample	flat	dict-index	dictzip	exact	177	417
sample	flat	dict-index	dictzip	exact	178	9334
sample	flat	dict-index	dictzip	exact	179	2292
sample	flat	dict-index	dictzip	exact	180	1750
sample	flat	dict-index	dictzip	exact	181	1250
sample	flat	dict-index	dictzip	exact	182	6875
sample	flat	dict-index	dictzip	exact	183	3208
sample	flat	dict-index	dictzip	exact	184	2916
sample	flat	dict-index	dictzip	exact	185	1583
sample	flat	dict-index	dictzip	exact	186	2625
sample	flat	dict-index	dictzip	exact	187	1292
sample	flat	dict-index	dictzip	exact	188	1916
sample	flat	dict-index	dictzip	exact	189	1000
sample	flat	dict-index	dictzip	exact	190	2459
sample	flat	dict-index	dictzip	exact	191	1334
sample	flat	dict-index	dictzip	exact	192	2792
sample	flat	dict-index	dictzip	exact	193	959
sample	flat	dict-index	dictzip	exact	194	2292
sample	flat	dict-index	dictzip	exact	195	1208
sample	flat	dict-index	dictzip	exact	196	2125
sample	flat	dict-index	dictzip	exact	197	875
sample	flat	dict-index	dictzip	exact	198	2417
sample	flat	dict-index	dictzip	exact	199	3333
sample	flat	dict-index	dictzip	exact	200	2584
sample	flat	dict-index	dictzip	exact	201	1250
sample	flat	dict-index	dictzip	exact	202	2292
sample	flat	dict-index	dictzip	exact	203	2708
sample	flat	dict-index	dictzip	exact	204	2125
sample	flat	dict-index	dictzip	exact	205	459
sample	flat	dict-index	dictzip	exact	206	1208
sample	flat	dict-index	dictzip	exact	207	709
sample	flat	dict-index	dictzip	exact	208	1458
sample	flat	dict-index	dictzip	exact	209	1583
sample	flat	dict-index	dictzip	exact	210	4125
sample	flat	dict-index	dictzip	exact	211	625
sample	flat	dict-index	dictzip	exact	212	1291
sample	flat	dict-index	dictzip	exact	213	542
sample	flat	dict-index	dictzip	exact	214	1292
sample	flat	dict-index	dictzip	exact	215	625
sample	flat	dict-index	dictzip	exact	216	1416
sample	flat	dict-index	dictzip	exact	217	458
sample	flat	dict-index	dictzip	exact	218	1333
sample	flat	dict-index	dictzip	exact	219	4292
sample	flat	dict-index	dictzip	exact	220	3583
sample	flat	dict-index	dictzip	exact	221	2000
sample	flat	dict-index	dictzip	exact	222	2042
sample	flat	dict-index	dictzip	exact	223	3250
sample	flat	dict-index	dictzip	exact	224	1417
sample	flat	dict-index	dictzip	exact	225	833
sample	flat	dict-index	dictzip	exact	226	1042
sample	flat	dict-index	dictzip	exact	227	500
sample	flat	dict-index	dictzip	exact	228	1334
sample	flat	dict-index	dictzip	exact	229	417
sample	flat	dict-index	dictzip	exact	230	1750
sample	flat	dict-index	dictzip	exact	231	666
sample	flat	dict-index	dictzip	exact	232	1125
sample	flat	dict-index	dictzip	exact	233	458
sample	flat	dict-index	dictzip	exact	234	1916
sample	flat	dict-index	dictzip	exact	235	458
sample	flat	dict-index	dictzip	exact	236	1333
sample	flat	dict-index	dictzip	exact	237	416
sample	flat	dict-index	dictzip	exact	238	1041
sample	flat	dict-index	dictzip	exact	239	583
sample	flat	dict-index	dictzip	exact	240	959
sample	flat	dict-index	dictzip	exact	241	1583
sample	flat	dict-index	dictzip	exact	242	1542
sample	flat	dict-index	dictzip	exact	243	917
sample	flat	dict-index	dictzip	exact	244	1083
sample	flat	dict-index	dictzip	exact	245	459
sample	flat	dict-index	dictzip	exact	246	1250
sample	flat	dict-index	dictzip	exact	247	750
sample	flat	dict-index	dictzip	exact	248	1250
sample	flat	dict-index	dictzip	exact	249	416
sample	flat	dict-index	dictzip	exact	250	1084
sample	flat	dict-index	dictzip	exact	251	458
sample	flat	dict-index	dictzip	exact	252	1125
sample	flat	dict-index	dictzip	exact	253	500
sample	flat	dict-index	dictzip	exact	254	1208
sample	flat	dict-index	dictzip	exact	255	667
sample	flat	dict-index	dictzip	exact	256	1250
sample	flat	dict-index	dictzip	exact	257	375
sample	flat	dict-index	dictzip	exact	258	1000
sample	flat	dict-index	dictzip	exact	259	458
sample	flat	dict-index	dictzip	exact	260	792
sample	flat	dict-index	dictzip	exact	261	416
sample	flat	dict-index	dictzip	exact	262	958
sample	flat	dict-index	dictzip	exact	263	625
sample	flat	dict-index	dictzip	exact	264	1084
sample	flat	dict-index	dictzip	exact	265	417
sample	flat	dict-index	dictzip	exact	266	875
sample	flat	dict-index	dictzip	exact	267	458
sample	flat	dict-index	dictzip	exact	268	1417
sample	flat	dict-index	dictzip	exact	269	417
sample	flat	dict-index	dictzip	exact	270	666
sample	flat	dict-index	dictzip	exact	271	625
sample	flat	dict-index	dictzip	exact	272	1209
sample	flat	dict-index	dictzip	exact	273	417
sample	flat	dict-index	dictzip	exact	274	667
sample	flat	dict-index	dictzip	exact	275	458
sample	flat	dict-index	dictzip	exact	276	875
sample	flat	dict-index	dictzip	exact	277	417
sample	flat	dict-index	dictzip	exact	278	833
sample	flat	dict-index	dictzip	exact	279	625
sample	flat	dict-index	dictzip	exact	280	708
sample	flat	dict-index	dictzip	exact	281	417
sample	flat	dict-index	dictzip	exact	282	666
sample	flat	dict-index	dictzip	exact	283	958
sample	flat	dict-index	dictzip	exact	284	875
sample	flat	dict-index	dictzip	exact	285	458
sample	flat	dict-index	dictzip	exact	286	834
sample	flat	dict-index	dictzip	exact	287	875
sample	flat	dict-index	dictzip	exact	288	1084
sample	flat	dict-index	dictzip	exact	289	458
sample	flat	dict-index	dictzip	exact	290	1167
sample	flat	dict-index	dictzip	exact	291	500
sample	flat	dict-index	dictzip	exact	292	792
sample	flat	dict-index	dictzip	exact	293	542
sample	flat	dict-index	dictzip	exact	294	709
sample	flat	dict-index	dictzip	exact	295	625
sample	flat	dict-index	dictzip	exact	296	750
sample	flat	dict-index	dictzip	exact	297	416
sample	flat	dict-index	dictzip	exact	298	667
sample	flat	dict-index	dictzip	exact	299	417
sample	flat	dict-index	dictzip	exact	300	625
sample	flat	dict-index	dictzip	exact	301	500
sample	flat	dict-index	dictzip	exact	302	708
sample	flat	dict-index	dictzip	exact	303	625
sample	flat	dict-index	dictzip	exact	304	1000
sample	flat	dict-index	dictzip	exact	305	458
sample	flat	dict-index	dictzip	exact	306	667
sample	flat	dict-index	dictzip	exact	307	458
sample	flat	dict-index	dictzip	exact	308	625
sample	flat	dict-index	dictzip	exact	309	375
sample	flat	dict-index	dictzip	exact	310	7416
sample	flat	dict-index	dictzip	exact	311	4166
sample	flat	dict-index	dictzip	exact	312	2875
sample	flat	dict-index	dictzip	exact	313	1375
sample	flat	dict-index	dictzip	exact	314	2250
sample	flat	dict-index	dictzip	exact	315	5125
sample	flat	dict-index	dictzip	exact	316	3500
sample	flat	dict-index	dictzip	exact	317	1125
sample	flat	dict-index	dictzip	exact	318	2375
sample	flat	dict-index	dictzip	exact	319	2542
sample	flat	dict-index	dictzip	exact	320	1542
sample	flat	dict-index	dictzip	exact	321	791
sample	flat	dict-index	dictzip	exact	322	1041
sample	flat	dict-index	dictzip	exact	323	500
sample	flat	dict-index	dictzip	exact	324	958
sample	flat	dict-index	dictzip	exact	325	458
sample	flat	dict-index	dictzip	exact	326	1292
sample	flat	dict-index	dictzip	exact	327	708
sample	flat	dict-index	dictzip	exact	328	875
sample	flat	dict-index	dictzip	exact	329	375
sample	flat	dict-index	dictzip	exact	330	709
sample	flat	dict-index	dictzip	exact	331	542
sample	flat	dict-index	dictzip	exact	332	1084
sample	flat	dict-index	dictzip	exact	333	500
sample	flat	dict-index	dictzip	exact	334	875
sample	flat	dict-index	dictzip	exact	335	666
sample	flat	dict-index	dictzip	exact	336	1250
sample	flat	dict-index	dictzip	exact	337	416
sample	flat	dict-index	dictzip	exact	338	834
sample	flat	dict-index	dictzip	exact	339	458
sample	flat	dict-index	dictzip	exact	340	1083
sample	flat	dict-index	dictzip	exact	341	416
sample	flat	dict-index	dictzip	exact	342	1042
sample	flat	dict-index	dictzip	exact	343	625
sample	flat	dict-index	dictzip	exact	344	1292
sample	flat	dict-index	dictzip	exact	345	375
sample	flat	dict-index	dictzip	exact	346	1041
sample	flat	dict-index	dictzip	exact	347	459
sample	flat	dict-index	dictzip	exact	348	917
sample	flat	dict-index	dictzip	exact	349	417
sample	flat	dict-index	dictzip	exact	350	625
sample	flat	dict-index	dictzip	exact	351	542
sample	flat	dict-index	dictzip	exact	352	750
sample	flat	dict-index	dictzip	exact	353	500
sample	flat	dict-index	dictzip	exact	354	792
sample	flat	dict-index	dictzip	exact	355	417
sample	flat	dict-index	dictzip	exact	356	750
sample	flat	dict-index	dictzip	exact	357	500
sample	flat	dict-index	dictzip	exact	358	709
sample	flat	dict-index	dictzip	exact	359	542
sample	flat	dict-index	dictzip	exact	360	709
sample	flat	dict-index	dictzip	exact	361	459
sample	flat	dict-index	dictzip	exact	362	834
sample	flat	dict-index	dictzip	exact	363	458
sample	flat	dict-index	dictzip	exact	364	750
sample	flat	dict-index	dictzip	exact	365	416
sample	flat	dict-index	dictzip	exact	366	750
sample	flat	dict-index	dictzip	exact	367	542
sample	flat	dict-index	dictzip	exact	368	2542
sample	flat	dict-index	dictzip	exact	369	584
sample	flat	dict-index	dictzip	exact	370	1125
sample	flat	dict-index	dictzip	exact	371	625
sample	flat	dict-index	dictzip	exact	372	792
sample	flat	dict-index	dictzip	exact	373	458
sample	flat	dict-index	dictzip	exact	374	792
sample	flat	dict-index	dictzip	exact	375	750
sample	flat	dict-index	dictzip	exact	376	1000
sample	flat	dict-index	dictzip	exact	377	375
sample	flat	dict-index	dictzip	exact	378	708
sample	flat	dict-index	dictzip	exact	379	459
sample	flat	dict-index	dictzip	exact	380	1125
sample	flat	dict-index	dictzip	exact	381	416
sample	flat	dict-index	dictzip	exact	382	708
sample	flat	dict-index	dictzip	exact	383	625
sample	flat	dict-index	dictzip	exact	384	1125
sample	flat	dict-index	dictzip	exact	385	375
sample	flat	dict-index	dictzip	exact	386	708
sample	flat	dict-index	dictzip	exact	387	417
sample	flat	dict-index	dictzip	exact	388	875
sample	flat	dict-index	dictzip	exact	389	458
sample	flat	dict-index	dictzip	exact	390	625
sample	flat	dict-index	dictzip	exact	391	625
sample	flat	dict-index	dictzip	exact	392	750
sample	flat	dict-index	dictzip	exact	393	375
sample	flat	dict-index	dictzip	exact	394	708
sample	flat	dict-index	dictzip	exact	395	458
sample	flat	dict-index	dictzip	exact	396	791
sample	flat	dict-index	dictzip	exact	397	416
sample	flat	dict-index	dictzip	exact	398	584
sample	flat	dict-index	dictzip	exact	399	625
sample	flat	dict-index	dictzip	exact	400	1208
sample	flat	dict-index	dictzip	exact	401	375
sample	flat	dict-index	dictzip	exact	402	750
sample	flat	dict-index	dictzip	exact	403	459
sample	flat	dict-index	dictzip	exact	404	667
sample	flat	dict-index	dictzip	exact	405	416
sample	flat	dict-index	dictzip	exact	406	666
sample	flat	dict-index	dictzip	exact	407	583
sample	flat	dict-index	dictzip	exact	408	18833
sample	flat	dict-index	dictzip	exact	409	1167
sample	flat	dict-index	dictzip	exact	410	791
sample	flat	dict-index	dictzip	exact	411	500
sample	flat	dict-index	dictzip	exact	412	792
sample	flat	dict-index	dictzip	exact	413	4625
sample	flat	dict-index	dictzip	exact	414	8541
sample	flat	dict-index	dictzip	exact	415	5333
sample	flat	dict-index	dictzip	exact	416	3625
sample	flat	dict-index	dictzip	exact	417	625
sample	flat	dict-index	dictzip	exact	418	1166
sample	flat	dict-index	dictzip	exact	419	792
sample	flat	dict-index	dictzip	exact	420	875
sample	flat	dict-index	dictzip	exact	421	500
sample	flat	dict-index	dictzip	exact	422	959
sample	flat	dict-index	dictzip	exact	423	667
sample	flat	dict-index	dictzip	exact	424	1000
sample	flat	dict-index	dictzip	exact	425	375
sample	flat	dict-index	dictzip	exact	426	1125
sample	flat	dict-index	dictzip	exact	427	666
sample	flat	dict-index	dictzip	exact	428	750
sample	flat	dict-index	dictzip	exact	429	7125
sample	flat	dict-index	dictzip	exact	430	3584
sample	flat	dict-index	dictzip	exact	431	3042
sample	flat	dict-index	dictzip	exact	432	4125
sample	flat	dict-index	dictzip	exact	433	6041
sample	flat	dict-index	dictzip	exact	434	2833
sample	flat	dict-index	dictzip	exact	435	3333
sample	flat	dict-index	dictzip	exact	436	6708
sample	flat	dict-index	dictzip	exact	437	2333
sample	flat	dict-index	dictzip	exact	438	6875
sample	flat	dict-index	dictzip	exact	439	1792
sample	flat	dict-index	dictzip	exact	440	1667
sample	flat	dict-index	dictzip	exact	441	958
sample	flat	dict-index	dictzip	exact	442	1167
sample	flat	dict-index	dictzip	exact	443	500
sample	flat	dict-index	dictzip	exact	444	917
sample	flat	dict-index	dictzip	exact	445	458
sample	flat	dict-index	dictzip	exact	446	750
sample	flat	dict-index	dictzip	exact	447	500
sample	flat	dict-index	dictzip	exact	448	1041
sample	flat	dict-index	dictzip	exact	449	375
sample	flat	dict-index	dictzip	exact	450	667
sample	flat	dict-index	dictzip	exact	451	417
sample	flat	dict-index	dictzip	exact	452	791
sample	flat	dict-index	dictzip	exact	453	375
sample	flat	dict-index	dictzip	exact	454	958
sample	flat	dict-index	dictzip	exact	455	542
sample	flat	dict-index	dictzip	exact	456	1125
sample	flat	dict-index	dictzip	exact	457	417
sample	flat	dict-index	dictzip	exact	458	1000
sample	flat	dict-index	dictzip	exact	459	417
sample	flat	dict-index	dictzip	exact	460	1458
sample	flat	dict-index	dictzip	exact	461	375
sample	flat	dict-index	dictzip	exact	462	1125
sample	flat	dict-index	dictzip	exact	463	541
sample	flat	dict-index	dictzip	exact	464	1083
sample	flat	dict-index	dictzip	exact	465	375
sample	flat	dict-index	dictzip	exact	466	1125
sample	flat	dict-index	dictzip	exact	467	417
sample	flat	dict-index	dictzip	exact	468	625
sample	flat	dict-index	dictzip	exact	469	375
sample	flat	dict-index	dictzip	exact	470	583
sample	flat	dict-index	dictzip	exact	471	541
sample	flat	dict-index	dictzip	exact	472	583
sample	flat	dict-index	dictzip	exact	473	4625
sample	flat	dict-index	dictzip	exact	474	2834
sample	flat	dict-index	dictzip	exact	475	750
sample	flat	dict-index	dictzip	exact	476	791
sample	flat	dict-index	dictzip	exact	477	416
sample	flat	dict-index	dictzip	exact	478	583
sample	flat	dict-index	dictzip	exact	479	6833
sample	flat	dict-index	dictzip	exact	480	2000
sample	flat	dict-index	dictzip	exact	481	3375
sample	flat	dict-index	dictzip	exact	482	3042
sample	flat	dict-index	dictzip	exact	483	1542
sample	flat	dict-index	dictzip	exact	484	2292
sample	flat	dict-index	dictzip	exact	485	2459
sample	flat	dict-index	dictzip	exact	486	3000
sample	flat	dict-index	dictzip	exact	487	3500
sample	flat	dict-index	dictzip	exact	488	3042
sample	flat	dict-index	dictzip	exact	489	1375
sample	flat	dict-index	dictzip	exact	490	2625
sample	flat	dict-index	dictzip	exact	491	1375
sample	flat	dict-index	dictzip	exact	492	3083
sample	flat	dict-index	dictzip	exact	493	1125
sample	flat	dict-index	dictzip	exact	494	2458
sample	flat	dict-index	dictzip	exact	495	1875
sample	flat	dict-index	dictzip	exact	496	2583
sample	flat	dict-index	dictzip	exact	497	3042
sample	flat	dict-index	dictzip	exact	498	3416
sample	flat	dict-index	dictzip	exact	499	1584
sample	flat	dict-index	dictzip	exact	500	2917
sample	flat	dict-index	dictzip	exact	501	1000
sample	flat	dict-index	dictzip	exact	502	2542
sample	flat	dict-index	dictzip	exact	503	1791
sample	flat	dict-index	dictzip	exact	504	3041
sample	flat	dict-index	dictzip	exact	505	1125
sample	flat	dict-index	dictzip	exact	506	2542
sample	flat	dict-index	dictzip	exact	507	1459
sample	flat	dict-index	dictzip	exact	508	3708
sample	flat	dict-index	dictzip	exact	509	709
sample	flat	dict-index	dictzip	exact	510	1209
sample	flat	dict-index	dictzip	exact	511	708
sample	flat	dict-index	dictzip	exact	512	1833
sample	flat	dict-index	dictzip	exact	513	541
sample	flat	dict-index	dictzip	exact	514	2042
sample	flat	dict-index	dictzip	exact	515	416
sample	flat	dict-index	dictzip	exact	516	1209
sample	flat	dict-index	dictzip	exact	517	375
sample	flat	dict-index	dictzip	exact	518	1125
sample	flat	dict-index	dictzip	exact	519	583
sample	flat	dict-index	dictzip	exact	520	1667
sample	flat	dict-index	dictzip	exact	521	375
sample	flat	dict-index	dictzip	exact	522	917
sample	flat	dict-index	dictzip	exact	523	625
sample	flat	dict-index	dictzip	exact	524	1167
sample	flat	dict-index	dictzip	exact	525	458
sample	flat	dict-index	dictzip	exact	526	47625
sample	flat	dict-index	dictzip	exact	527	3209
sample	flat	dict-index	dictzip	exact	528	2166
sample	flat	dict-index	dictzip	exact	529	1458
sample	flat	dict-index	dictzip	exact	530	2834
sample	flat	dict-index	dictzip	exact	531	1834
sample	flat	dict-index	dictzip	exact	532	2042
sample	flat	dict-index	dictzip	exact	533	1959
sample	flat	dict-index	dictzip	exact	534	1333
sample	flat	dict-index	dictzip	exact	535	917
sample	flat	dict-index	dictzip	exact	536	1416
sample	flat	dict-index	dictzip	exact	537	667
sample	flat	dict-index	dictzip	exact	538	833
sample	flat	dict-index	dictzip	exact	539	500
sample	flat	dict-index	dictzip	exact	540	791
sample	flat	dict-index	dictzip	exact	541	416
sample	flat	dict-index	dictzip	exact	542	875
sample	flat	dict-index	dictzip	exact	543	667
sample	flat	dict-index	dictzip	exact	544	917
sample	flat	dict-index	dictzip	exact	545	417
sample	flat	dict-index	dictzip	exact	546	708
sample	flat	dict-index	dictzip	exact	547	500
sample	flat	dict-index	dictzip	exact	548	750
sample	flat	dict-index	dictzip	exact	549	2459
sample	flat	dict-index	dictzip	exact	550	1166
sample	flat	dict-index	dictzip	exact	551	1959
sample	flat	dict-index	dictzip	exact	552	1667
sample	flat	dict-index	dictzip	exact	553	625
sample	flat	dict-index	dictzip	exact	554	1000
sample	flat	dict-index	dictzip	exact	555	1625
sample	flat	dict-index	dictzip	exact	556	1916
sample	flat	dict-index	dictzip	exact	557	458
sample	flat	dict-index	dictzip	exact	558	1250
sample	flat	dict-index	dictzip	exact	559	584
sample	flat	dict-index	dictzip	exact	560	1250
sample	flat	dict-index	dictzip	exact	561	417
sample	flat	dict-index	dictzip	exact	562	1084
sample	flat	dict-index	dictzip	exact	563	417
sample	flat	dict-index	dictzip	exact	564	875
sample	flat	dict-index	dictzip	exact	565	458
sample	flat	dict-index	dictzip	exact	566	958
sample	flat	dict-index	dictzip	exact	567	583
sample	flat	dict-index	dictzip	exact	568	1125
sample	flat	dict-index	dictzip	exact	569	375
sample	flat	dict-index	dictzip	exact	570	875
sample	flat	dict-index	dictzip	exact	571	459
sample	flat	dict-index	dictzip	exact	572	1083
sample	flat	dict-index	dictzip	exact	573	458
sample	flat	dict-index	dictzip	exact	574	1125
sample	flat	dict-index	dictzip	exact	575	583
sample	flat	dict-index	dictzip	exact	576	1000
sample	flat	dict-index	dictzip	exact	577	417
sample	flat	dict-index	dictzip	exact	578	1042
sample	flat	dict-index	dictzip	exact	579	458
sample	flat	dict-index	dictzip	exact	580	917
sample	flat	dict-index	dictzip	exact	581	417
sample	flat	dict-index	dictzip	exact	582	708
sample	flat	dict-index	dictzip	exact	583	542
sample	flat	dict-index	dictzip	exact	584	750
sample	flat	dict-index	dictzip	exact	585	375
sample	flat	dict-index	dictzip	exact	586	667
sample	flat	dict-index	dictzip	exact	587	417
sample	flat	dict-index	dictzip	exact	588	625
sample	flat	dict-index	dictzip	exact	589	458
sample	flat	dict-index	dictzip	exact	590	666
sample	flat	dict-index	dictzip	exact	591	500
sample	flat	dict-index	dictzip	exact	592	959
sample	flat	dict-index	dictzip	exact	593	417
sample	flat	dict-index	dictzip	exact	594	792
sample	flat	dict-index	dictzip	exact	595	459
sample	flat	dict-index	dictzip	exact	596	667
sample	flat	dict-index	dictzip	exact	597	5750
sample	flat	dict-index	dictzip	exact	598	2208
sample	flat	dict-index	dictzip	exact	599	1750
sample	flat	dict-index	dictzip	exact	600	2625
sample	flat	dict-index	dictzip	exact	601	1625
sample	flat	dict-index	dictzip	exact	602	2042
sample	flat	dict-index	dictzip	exact	603	1625
sample	flat	dict-index	dictzip	exact	604	1667
sample	flat	dict-index	dictzip	exact	605	1250
sample	flat	dict-index	dictzip	exact	606	2083
sample	flat	dict-index	dictzip	exact	607	1583
sample	flat	dict-index	dictzip	exact	608	2333
sample	flat	dict-index	dictzip	exact	609	2417
sample	flat	dict-index	dictzip	exact	610	2000
sample	flat	dict-index	dictzip	exact	611	1375
sample	flat	dict-index	dictzip	exact	612	2000
sample	flat	dict-index	dictzip	exact	613	5458
sample	flat	dict-index	dictzip	exact	614	2750
sample	flat	dict-index	dictzip	exact	615	3459
sample	flat	dict-index	dictzip	exact	616	2833
sample	flat	dict-index	dictzip	exact	617	1250
sample	flat	dict-index	dictzip	exact	618	2833
sample	flat	dict-index	dictzip	exact	619	1500
sample	flat	dict-index	dictzip	exact	620	2334
sample	flat	dict-index	dictzip	exact	621	1250
sample	flat	dict-index	dictzip	exact	622	2583
sample	flat	dict-index	dictzip	exact	623	2417
sample	flat	dict-index	dictzip	exact	624	3042
sample	flat	dict-index	dictzip	exact	625	1458
sample	flat	dict-index	dictzip	exact	626	3333
sample	flat	dict-index	dictzip	exact	627	1250
sample	flat	dict-index	dictzip	exact	628	2334
sample	flat	dict-index	dictzip	exact	629	1167
sample	flat	dict-index	dictzip	exact	630	1708
sample	flat	dict-index	dictzip	exact	631	1584
sample	flat	dict-index	dictzip	exact	632	2709
sample	flat	dict-index	dictzip	exact	633	1291
sample	flat	dict-index	dictzip	exact	634	2792
sample	flat	dict-index	dictzip	exact	635	7167
sample	flat	dict-index	dictzip	exact	636	3083
sample	flat	dict-index	dictzip	exact	637	542
sample	flat	dict-index	dictzip	exact	638	2667
sample	flat	dict-index	dictzip	exact	639	916
sample	flat	dict-index	dictzip	exact	640	2625
sample	flat	dict-index	dictzip	exact	641	875
sample	flat	dict-index	dictzip	exact	642	2375
sample	flat	dict-index	dictzip	exact	643	500
sample	flat	dict-index	dictzip	exact	644	2167
sample	flat	dict-index	dictzip	exact	645	500
sample	flat	dict-index	dictzip	exact	646	6667
sample	flat	dict-index	dictzip	exact	647	3084
sample	flat	dict-index	dictzip	exact	648	3167
sample	flat	dict-index	dictzip	exact	649	2083
sample	flat	dict-index	dictzip	exact	650	5125
sample	flat	dict-index	dictzip	exact	651	3209
sample	flat	dict-index	dictzip	exact	652	2042
sample	flat	dict-index	dictzip	exact	653	1209
sample	flat	dict-index	dictzip	exact	654	6083
sample	flat	dict-index	dictzip	exact	655	3291
sample	flat	dict-index	dictzip	exact	656	4084
sample	flat	dict-index	dictzip	exact	657	1416
sample	flat	dict-index	dictzip	exact	658	2833
sample	flat	dict-index	dictzip	exact	659	1833
sample	flat	dict-index	dictzip	exact	660	3209
sample	flat	dict-index	dictzip	exact	661	708
sample	flat	dict-index	dictzip	exact	662	1125
sample	flat	dict-index	dictzip	exact	663	792
sample	flat	dict-index	dictzip	exact	664	1208
sample	flat	dict-index	dictzip	exact	665	542
sample	flat	dict-index	dictzip	exact	666	1125
sample	flat	dict-index	dictzip	exact	667	500
sample	flat	dict-index	dictzip	exact	668	1083
sample	flat	dict-index	dictzip	exact	669	459
sample	flat	dict-index	dictzip	exact	670	1708
sample	flat	dict-index	dictzip	exact	671	583
sample	flat	dict-index	dictzip	exact	672	709
sample	flat	dict-index	dictzip	exact	673	375
sample	flat	dict-index	dictzip	exact	674	1125
sample	flat	dict-index	dictzip	exact	675	417
sample	flat	dict-index	dictzip	exact	676	1042
sample	flat	dict-index	dictzip	exact	677	416
sample	flat	dict-index	dictzip	exact	678	916
sample	flat	dict-index	dictzip	exact	679	584
sample	flat	dict-index	dictzip	exact	680	875
sample	flat	dict-index	dictzip	exact	681	375
sample	flat	dict-index	dictzip	exact	682	1416
sample	flat	dict-index	dictzip	exact	683	417
sample	flat	dict-index	dictzip	exact	684	1000
sample	flat	dict-index	dictzip	exact	685	375
sample	flat	dict-index	dictzip	exact	686	875
sample	flat	dict-index	dictzip	exact	687	500
sample	flat	dict-index	dictzip	exact	688	1417
sample	flat	dict-index	dictzip	exact	689	333
sample	flat	dict-index	dictzip	exact	690	791
sample	flat	dict-index	dictzip	exact	691	625
sample	flat	dict-index	dictzip	exact	692	791
sample	flat	dict-index	dictzip	exact	693	417
sample	flat	dict-index	dictzip	exact	694	667
sample	flat	dict-index	dictzip	exact	695	583
sample	flat	dict-index	dictzip	exact	696	792
sample	flat	dict-index	dictzip	exact	697	334
sample	flat	dict-index	dictzip	exact	698	625
sample	flat	dict-index	dictzip	exact	699	417
sample	flat	dict-index	dictzip	exact	700	708
sample	flat	dict-index	dictzip	exact	701	417
sample	flat	dict-index	dictzip	exact	702	625
sample	flat	dict-index	dictzip	exact	703	542
sample	flat	dict-index	dictzip	exact	704	792
sample	flat	dict-index	dictzip	exact	705	375
sample	flat	dict-index	dictzip	exact	706	792
sample	flat	dict-index	dictzip	exact	707	417
sample	flat	dict-index	dictzip	exact	708	709
sample	flat	dict-index	dictzip	exact	709	375
sample	flat	dict-index	dictzip	exact	710	959
sample	flat	dict-index	dictzip	exact	711	541
sample	flat	dict-index	dictzip	exact	712	666
sample	flat	dict-index	dictzip	exact	713	375
sample	flat	dict-index	dictzip	exact	714	833
sample	flat	dict-index	dictzip	exact	715	417
sample	flat	dict-index	dictzip	exact	716	667
sample	flat	dict-index	dictzip	exact	717	416
sample	flat	dict-index	dictzip	exact	718	750
sample	flat	dict-index	dictzip	exact	719	542
sample	flat	dict-index	dictzip	exact	720	833
sample	flat	dict-index	dictzip	exact	721	375
sample	flat	dict-index	dictzip	exact	722	7291
sample	flat	dict-index	dictzip	exact	723	2375
sample	flat	dict-index	dictzip	exact	724	2250
sample	flat	dict-index	dictzip	exact	725	1042
sample	flat	dict-index	dictzip	exact	726	1750
sample	flat	dict-index	dictzip	exact	727	1834
sample	flat	dict-index	dictzip	exact	728	2416
sample	flat	dict-index	dictzip	exact	729	1375
sample	flat	dict-index	dictzip	exact	730	1875
sample	flat	dict-index	dictzip	exact	731	1417
sample	flat	dict-index	dictzip	exact	732	2083
sample	flat	dict-index	dictzip	exact	733	1333
sample	flat	dict-index	dictzip	exact	734	1667
sample	flat	dict-index	dictzip	exact	735	2041
sample	flat	dict-index	dictzip	exact	736	2541
sample	flat	dict-index	dictzip	exact	737	1292
sample	flat	dict-index	dictzip	exact	738	35583
sample	flat	dict-index	dictzip	exact	739	4625
sample	flat	dict-index	dictzip	exact	740	2625
sample	flat	dict-index	dictzip	exact	741	1375
sample	flat	dict-index	dictzip	exact	742	2166
sample	flat	dict-index	dictzip	exact	743	791
sample	flat	dict-index	dictzip	exact	744	26583
sample	flat	dict-index	dictzip	exact	745	2750
sample	flat	dict-index	dictzip	exact	746	2625
sample	flat	dict-index	dictzip	exact	747	2250
sample	flat	dict-index	dictzip	exact	748	1959
sample	flat	dict-index	dictzip	exact	749	1250
sample	flat	dict-index	dictzip	exact	750	2084
sample	flat	dict-index	dictzip	exact	751	1666
sample	flat	dict-index	dictzip	exact	752	1166
sample	flat	dict-index	dictzip	exact	753	667
sample	flat	dict-index	dictzip	exact	754	1084
sample	flat	dict-index	dictzip	exact	755	375
sample	flat	dict-index	dictzip	exact	756	1125
sample	flat	dict-index	dictzip	exact	757	375
sample	flat	dict-index	dictzip	exact	758	1250
sample	flat	dict-index	dictzip	exact	759	584
sample	flat	dict-index	dictzip	exact	760	1208
sample	flat	dict-index	dictzip	exact	761	334
sample	flat	dict-index	dictzip	exact	762	833
sample	flat	dict-index	dictzip	exact	763	375
sample	flat	dict-index	dictzip	exact	764	1167
sample	flat	dict-index	dictzip	exact	765	375
sample	flat	dict-index	dictzip	exact	766	1250
sample	flat	dict-index	dictzip	exact	767	667
sample	flat	dict-index	dictzip	exact	768	1458
sample	flat	dict-index	dictzip	exact	769	417
sample	flat	dict-index	dictzip	exact	770	1084
sample	flat	dict-index	dictzip	exact	771	500
sample	flat	dict-index	dictzip	exact	772	958
sample	flat	dict-index	dictzip	exact	773	458
sample	flat	dict-index	dictzip	exact	774	958
sample	flat	dict-index	dictzip	exact	775	542
sample	flat	dict-index	dictzip	exact	776	958
sample	flat	dict-index	dictzip	exact	777	333
sample	flat	dict-index	dictzip	exact	778	1042
sample	flat	dict-index	dictzip	exact	779	417
sample	flat	dict-index	dictzip	exact	780	667
sample	flat	dict-index	dictzip	exact	781	375
sample	flat	dict-index	dictzip	exact	782	750
sample	flat	dict-index	dictzip	exact	783	500
sample	flat	dict-index	dictzip	exact	784	1209
sample	flat	dict-index	dictzip	exact	785	375
sample	flat	dict-index	dictzip	exact	786	625
sample	flat	dict-index	dictzip	exact	787	375
sample	flat	dict-index	dictzip	exact	788	542
sample	flat	dict-index	dictzip	exact	789	416
sample	flat	dict-index	dictzip	exact	790	625
sample	flat	dict-index	dictzip	exact	791	500
sample	flat	dict-index	dictzip	exact	792	834
sample	flat	dict-index	dictzip	exact	793	6500
sample	flat	dict-index	dictzip	exact	794	2875
sample	flat	dict-index	dictzip	exact	795	4709
sample	flat	dict-index	dictzip	exact	796	1917
sample	flat	dict-index	dictzip	exact	797	459
sample	flat	dict-index	dictzip	exact	798	750
sample	flat	dict-index	dictzip	exact	799	667
sample	flat	dict-index	dictzip	exact	800	917
sample	flat	dict-index	dictzip	exact	801	500
sample	flat	dict-index	dictzip	exact	802	1166
sample	flat	dict-index	dictzip	exact	803	417
sample	flat	dict-index	dictzip	exact	804	875
sample	flat	dict-index	dictzip	exact	805	375
sample	flat	dict-index	dictzip	exact	806	1209
sample	flat	dict-index	dictzip	exact	807	542
sample	flat	dict-index	dictzip	exact	808	666
sample	flat	dict-index	dictzip	exact	809	375
sample	flat	dict-index	dictzip	exact	810	958
sample	flat	dict-index	dictzip	exact	811	417
sample	flat	dict-index	dictzip	exact	812	1042
sample	flat	dict-index	dictzip	exact	813	417
sample	flat	dict-index	dictzip	exact	814	916
sample	flat	dict-index	dictzip	exact	815	542
sample	flat	dict-index	dictzip	exact	816	1000
sample	flat	dict-index	dictzip	exact	817	375
sample	flat	dict-index	dictzip	exact	818	584
sample	flat	dict-index	dictzip	exact	819	417
sample	flat	dict-index	dictzip	exact	820	833
sample	flat	dict-index	dictzip	exact	821	416
sample	flat	dict-index	dictzip	exact	822	917
sample	flat	dict-index	dictzip	exact	823	500
sample	flat	dict-index	dictzip	exact	824	1209
sample	flat	dict-index	dictzip	exact	825	375
sample	flat	dict-index	dictzip	exact	826	583
sample	flat	dict-index	dictzip	exact	827	6000
sample	flat	dict-index	dictzip	exact	828	3834
sample	flat	dict-index	dictzip	exact	829	1333
sample	flat	dict-index	dictzip	exact	830	2166
sample	flat	dict-index	dictzip	exact	831	2000
sample	flat	dict-index	dictzip	exact	832	5042
sample	flat	dict-index	dictzip	exact	833	3042
sample	flat	dict-index	dictzip	exact	834	3417
sample	flat	dict-index	dictzip	exact	835	2459
sample	flat	dict-index	dictzip	exact	836	3542
sample	flat	dict-index	dictzip	exact	837	917
sample	flat	dict-index	dictzip	exact	838	2792
sample	flat	dict-index	dictzip	exact	839	2250
sample	flat	dict-index	dictzip	exact	840	2292
sample	flat	dict-index	dictzip	exact	841	1875
sample	flat	dict-index	dictzip	exact	842	2667
sample	flat	dict-index	dictzip	exact	843	2625
sample	flat	dict-index	dictzip	exact	844	2416
sample	flat	dict-index	dictzip	exact	845	3333
sample	flat	dict-index	dictzip	exact	846	3291
sample	flat	dict-index	dictzip	exact	847	2042
sample	flat	dict-index	dictzip	exact	848	2291
sample	flat	dict-index	dictzip	exact	849	958
sample	flat	dict-index	dictzip	exact	850	18458
sample	flat	dict-index	dictzip	exact	851	1083
sample	flat	dict-index	dictzip	exact	852	1167
sample	flat	dict-index	dictzip	exact	853	375
sample	flat	dict-index	dictzip	exact	854	1000
sample	flat	dict-index	dictzip	exact	855	667
sample	flat	dict-index	dictzip	exact	856	959
sample	flat	dict-index	dictzip	exact	857	417
sample	flat	dict-index	dictzip	exact	858	1125
sample	flat	dict-index	dictzip	exact	859	417
sample	flat	dict-index	dictzip	exact	860	875
sample	flat	dict-index	dictzip	exact	861	375
sample	flat	dict-index	dictzip	exact	862	958
sample	flat	dict-index	dictzip	exact	863	458
sample	flat	dict-index	dictzip	exact	864	958
sample	flat	dict-index	dictzip	exact	865	334
sample	flat	dict-index	dictzip	exact	866	1167
sample	flat	dict-index	dictzip	exact	867	375
sample	flat	dict-index	dictzip	exact	868	959
sample	flat	dict-index	dictzip	exact	869	416
sample	flat	dict-index	dictzip	exact	870	750
sample	flat	dict-index	dictzip	exact	871	541
sample	flat	dict-index	dictzip	exact	872	916
sample	flat	dict-index	dictzip	exact	873	375
sample	flat	dict-index	dictzip	exact	874	1000
sample	flat	dict-index	dictzip	exact	875	416
sample	flat	dict-index	dictzip	exact	876	1000
sample	flat	dict-index	dictzip	exact	877	375
sample	flat	dict-index	dictzip	exact	878	667
sample	flat	dict-index	dictzip	exact	879	500
sample	flat	dict-index	dictzip	exact	880	875
sample	flat	dict-index	dictzip	exact	881	375
sample	flat	dict-index	dictzip	exact	882	583
sample	flat	dict-index	dictzip	exact	883	500
sample	flat	dict-index	dictzip	exact	884	667
sample	flat	dict-index	dictzip	exact	885	4500
sample	flat	dict-index	dictzip	exact	886	2792
sample	flat	dict-index	dictzip	exact	887	1583
sample	flat	dict-index	dictzip	exact	888	5667
sample	flat	dict-index	dictzip	exact	889	569916
sample	flat	dict-index	dictzip	exact	890	3042
sample	flat	dict-index	dictzip	exact	891	1042
sample	flat	dict-index	dictzip	exact	892	1458
sample	flat	dict-index	dictzip	exact	893	458
sample	flat	dict-index	dictzip	exact	894	1167
sample	flat	dict-index	dictzip	exact	895	916
sample	flat	dict-index	dictzip	exact	896	1458
sample	flat	dict-index	dictzip	exact	897	459
sample	flat	dict-index	dictzip	exact	898	1292
sample	flat	dict-index	dictzip	exact	899	458
sample	flat	dict-index	dictzip	exact	900	667
sample	flat	dict-index	dictzip	exact	901	459
sample	flat	dict-index	dictzip	exact	902	1000
sample	flat	dict-index	dictzip	exact	903	708
sample	flat	dict-index	dictzip	exact	904	709
sample	flat	dict-index	dictzip	exact	905	375
sample	flat	dict-index	dictzip	exact	906	1042
sample	flat	dict-index	dictzip	exact	907	458
sample	flat	dict-index	dictzip	exact	908	917
sample	flat	dict-index	dictzip	exact	909	417
sample	flat	dict-index	dictzip	exact	910	1208
sample	flat	dict-index	dictzip	exact	911	5791
sample	flat	dict-index	dictzip	exact	912	2625
sample	flat	dict-index	dictzip	exact	913	584
sample	flat	dict-index	dictzip	exact	914	959
sample	flat	dict-index	dictzip	exact	915	583
sample	flat	dict-index	dictzip	exact	916	1291
sample	flat	dict-index	dictzip	exact	917	417
sample	flat	dict-index	dictzip	exact	918	1000
sample	flat	dict-index	dictzip	exact	919	792
sample	flat	dict-index	dictzip	exact	920	916
sample	flat	dict-index	dictzip	exact	921	459
sample	flat	dict-index	dictzip	exact	922	1125
sample	flat	dict-index	dictzip	exact	923	500
sample	flat	dict-index	dictzip	exact	924	667
sample	flat	dict-index	dictzip	exact	925	459
sample	flat	dict-index	dictzip	exact	926	875
sample	flat	dict-index	dictzip	exact	927	708
sample	flat	dict-index	dictzip	exact	928	917
sample	flat	dict-index	dictzip	exact	929	416
sample	flat	dict-index	dictzip	exact	930	667
sample	flat	dict-index	dictzip	exact	931	458
sample	flat	dict-index	dictzip	exact	932	667
sample	flat	dict-index	dictzip	exact	933	458
sample	flat	dict-index	dictzip	exact	934	792
sample	flat	dict-index	dictzip	exact	935	625
sample	flat	dict-index	dictzip	exact	936	791
sample	flat	dict-index	dictzip	exact	937	375
sample	flat	dict-index	dictzip	exact	938	625
sample	flat	dict-index	dictzip	exact	939	417
sample	flat	dict-index	dictzip	exact	940	750
sample	flat	dict-index	dictzip	exact	941	417
sample	flat	dict-index	dictzip	exact	942	917
sample	flat	dict-index	dictzip	exact	943	583
sample	flat	dict-index	dictzip	exact	944	875
sample	flat	dict-index	dictzip	exact	945	375
sample	flat	dict-index	dictzip	exact	946	709
sample	flat	dict-index	dictzip	exact	947	417
sample	flat	dict-index	dictzip	exact	948	583
sample	flat	dict-index	dictzip	exact	949	458
sample	flat	dict-index	dictzip	exact	950	583
sample	flat	dict-index	dictzip	exact	951	583
sample	flat	dict-index	dictzip	exact	952	750
sample	flat	dict-index	dictzip	exact	953	458
sample	flat	dict-index	dictzip	exact	954	791
sample	flat	dict-index	dictzip	exact	955	458
sample	flat	dict-index	dictzip	exact	956	709
sample	flat	dict-index	dictzip	exact	957	416
sample	flat	dict-index	dictzip	exact	958	625
sample	flat	dict-index	dictzip	exact	959	541
sample	flat	dict-index	dictzip	exact	960	833
sample	flat	dict-index	dictzip	exact	961	375
sample	flat	dict-index	dictzip	exact	962	625
sample	flat	dict-index	dictzip	exact	963	417
sample	flat	dict-index	dictzip	exact	964	959
sample	flat	dict-index	dictzip	exact	965	459
sample	flat	dict-index	dictzip	exact	966	666
sample	flat	dict-index	dictzip	exact	967	625
sample	flat	dict-index	dictzip	exact	968	709
sample	flat	dict-index	dictzip	exact	969	375
sample	flat	dict-index	dictzip	exact	970	625
sample	flat	dict-index	dictzip	exact	971	6833
sample	flat	dict-index	dictzip	exact	972	875
sample	flat	dict-index	dictzip	exact	973	5375
sample	flat	dict-index	dictzip	exact	974	2583
sample	flat	dict-index	dictzip	exact	975	1541
sample	flat	dict-index	dictzip	exact	976	1333
sample	flat	dict-index	dictzip	exact	977	584
sample	flat	dict-index	dictzip	exact	978	916
sample	flat	dict-index	dictzip	exact	979	541
sample	flat	dict-index	dictzip	exact	980	750
sample	flat	dict-index	dictzip	exact	981	500
sample	flat	dict-index	dictzip	exact	982	875
sample	flat	dict-index	dictzip	exact	983	750
sample	flat	dict-index	dictzip	exact	984	750
sample	flat	dict-index	dictzip	exact	985	458
sample	flat	dict-index	dictzip	exact	986	958
sample	flat	dict-index	dictzip	exact	987	458
sample	flat	dict-index	dictzip	exact	988	709
sample	flat	dict-index	dictzip	exact	989	458
sample	flat	dict-index	dictzip	exact	990	708
sample	flat	dict-index	dictzip	exact	991	625
sample	flat	dict-index	dictzip	exact	992	1166
sample	flat	dict-index	dictzip	exact	993	375
sample	flat	dict-index	dictzip	exact	994	750
sample	flat	dict-index	dictzip	exact	995	459
sample	flat	dict-index	dictzip	exact	996	1250
sample	flat	dict-index	dictzip	exact	997	416
sample	flat	dict-index	dictzip	exact	998	791
sample	flat	dict-index	dictzip	exact	999	667
sample	flat	dict-index	dictzip	prefix	0	6083
sample	flat	dict-index	dictzip	prefix	1	1250
sample	flat	dict-index	dictzip	prefix	2	351709
sample	flat	dict-index	dictzip	prefix	3	170917
sample	flat	dict-index	dictzip	prefix	4	9167
sample	flat	dict-index	dictzip	prefix	5	5250
sample	flat	dict-index	dictzip	prefix	6	160542
sample	flat	dict-index	dictzip	prefix	7	393292
sample	flat	dict-index	dictzip	prefix	8	22375
sample	flat	dict-index	dictzip	prefix	9	8125
sample	flat	dict-index	dictzip	prefix	10	440541
sample	flat	dict-index	dictzip	prefix	11	434375
sample	flat	dict-index	dictzip	prefix	12	12666
sample	flat	dict-index	dictzip	prefix	13	8708
sample	flat	dict-index	dictzip	prefix	14	392958
sample	flat	dict-index	dictzip	prefix	15	365542
sample	flat	dict-index	dictzip	prefix	16	12042
sample	flat	dict-index	dictzip	prefix	17	1792
sample	flat	dict-index	dictzip	prefix	18	160833
sample	flat	dict-index	dictzip	prefix	19	150083
sample	flat	dict-index	dictzip	prefix	20	14083
sample	flat	dict-index	dictzip	prefix	21	875
sample	flat	dict-index	dictzip	prefix	22	148834
sample	flat	dict-index	dictzip	prefix	23	175667
sample	flat	dict-index	dictzip	prefix	24	11000
sample	flat	dict-index	dictzip	prefix	25	5500
sample	flat	dict-index	dictzip	prefix	26	156500
sample	flat	dict-index	dictzip	prefix	27	139583
sample	flat	dict-index	dictzip	prefix	28	6792
sample	flat	dict-index	dictzip	prefix	29	667
sample	flat	dict-index	dictzip	prefix	30	128917
sample	flat	dict-index	dictzip	prefix	31	152416
sample	flat	dict-index	dictzip	prefix	32	21500
sample	flat	dict-index	dictzip	prefix	33	4375
sample	flat	dict-index	dictzip	prefix	34	353750
sample	flat	dict-index	dictzip	prefix	35	377625
sample	flat	dict-index	dictzip	prefix	36	22500
sample	flat	dict-index	dictzip	prefix	37	1417
sample	flat	dict-index	dictzip	prefix	38	362250
sample	flat	dict-index	dictzip	prefix	39	145542
sample	flat	dict-index	dictzip	prefix	40	18584
sample	flat	dict-index	dictzip	prefix	41	5416
sample	flat	dict-index	dictzip	prefix	42	382209
sample	flat	dict-index	dictzip	prefix	43	143375
sample	flat	dict-index	dictzip	prefix	44	13958
sample	flat	dict-index	dictzip	prefix	45	20250
sample	flat	dict-index	dictzip	prefix	46	352791
sample	flat	dict-index	dictzip	prefix	47	140291
sample	flat	dict-index	dictzip	prefix	48	19500
sample	flat	dict-index	dictzip	prefix	49	9500
sample	flat	dict-index	dictzip	prefix	50	433833
sample	flat	dict-index	dictzip	prefix	51	197959
sample	flat	dict-index	dictzip	prefix	52	17208
sample	flat	dict-index	dictzip	prefix	53	1833
sample	flat	dict-index	dictzip	prefix	54	440125
sample	flat	dict-index	dictzip	prefix	55	369292
sample	flat	dict-index	dictzip	prefix	56	12458
sample	flat	dict-index	dictzip	prefix	57	14625
sample	flat	dict-index	dictzip	prefix	58	386209
sample	flat	dict-index	dictzip	prefix	59	139875
sample	flat	dict-index	dictzip	prefix	60	21458
sample	flat	dict-index	dictzip	prefix	61	4708
sample	flat	dict-index	dictzip	prefix	62	401875
sample	flat	dict-index	dictzip	prefix	63	393334
sample	flat	dict-index	dictzip	prefix	64	11792
sample	flat	dict-index	dictzip	prefix	65	2500
sample	flat	dict-index	dictzip	prefix	66	136583
sample	flat	dict-index	dictzip	prefix	67	295375
sample	flat	dict-index	dictzip	prefix	68	13875
sample	flat	dict-index	dictzip	prefix	69	625
sample	flat	dict-index	dictzip	prefix	70	134292
sample	flat	dict-index	dictzip	prefix	71	150084
sample	flat	dict-index	dictzip	prefix	72	6542
sample	flat	dict-index	dictzip	prefix	73	2041
sample	flat	dict-index	dictzip	prefix	74	127958
sample	flat	dict-index	dictzip	prefix	75	159333
sample	flat	dict-index	dictzip	prefix	76	7458
sample	flat	dict-index	dictzip	prefix	77	6167
sample	flat	dict-index	dictzip	prefix	78	405209
sample	flat	dict-index	dictzip	prefix	79	598083
sample	flat	dict-index	dictzip	prefix	80	11042
sample	flat	dict-index	dictzip	prefix	81	2000
sample	flat	dict-index	dictzip	prefix	82	130333
sample	flat	dict-index	dictzip	prefix	83	142458
sample	flat	dict-index	dictzip	prefix	84	27542
sample	flat	dict-index	dictzip	prefix	85	16750
sample	flat	dict-index	dictzip	prefix	86	1141291
sample	flat	dict-index	dictzip	prefix	87	146125
sample	flat	dict-index	dictzip	prefix	88	17875
sample	flat	dict-index	dictzip	prefix	89	5000
sample	flat	dict-index	dictzip	prefix	90	138625
sample	flat	dict-index	dictzip	prefix	91	526500
sample	flat	dict-index	dictzip	prefix	92	104542
sample	flat	dict-index	dictzip	prefix	93	3125
sample	flat	dict-index	dictzip	prefix	94	349792
sample	flat	dict-index	dictzip	prefix	95	144167
sample	flat	dict-index	dictzip	prefix	96	36500
sample	flat	dict-index	dictzip	prefix	97	3875
sample	flat	dict-index	dictzip	prefix	98	385250
sample	flat	dict-index	dictzip	prefix	99	139333
sample	flat	dict-index	dictzip	prefix	100	7417
sample	flat	dict-index	dictzip	prefix	101	1292
sample	flat	dict-index	dictzip	prefix	102	134916
sample	flat	dict-index	dictzip	prefix	103	139875
sample	flat	dict-index	dictzip	prefix	104	16041
sample	flat	dict-index	dictzip	prefix	105	5583
sample	flat	dict-index	dictzip	prefix	106	410000
sample	flat	dict-index	dictzip	prefix	107	146083
sample	flat	dict-index	dictzip	prefix	108	9834
sample	flat	dict-index	dictzip	prefix	109	667
sample	flat	dict-index	dictzip	prefix	110	136417
sample	flat	dict-index	dictzip	prefix	111	1835916
sample	flat	dict-index	dictzip	prefix	112	17417
sample	flat	dict-index	dictzip	prefix	113	4875
sample	flat	dict-index	dictzip	prefix	114	387417
sample	flat	dict-index	dictzip	prefix	115	428750
sample	flat	dict-index	dictzip	prefix	116	12125
sample	flat	dict-index	dictzip	prefix	117	750
sample	flat	dict-index	dictzip	prefix	118	132500
sample	flat	dict-index	dictzip	prefix	119	138417
sample	flat	dict-index	dictzip	prefix	120	17209
sample	flat	dict-index	dictzip	prefix	121	6083
sample	flat	dict-index	dictzip	prefix	122	1045500
sample	flat	dict-index	dictzip	prefix	123	1001792
sample	flat	dict-index	dictzip	prefix	124	14083
sample	flat	dict-index	dictzip	prefix	125	625
sample	flat	dict-index	dictzip	prefix	126	131375
sample	flat	dict-index	dictzip	prefix	127	247292
sample	flat	dict-index	dictzip	prefix	128	9458
sample	flat	dict-index	dictzip	prefix	129	5875
sample	flat	dict-index	dictzip	prefix	130	325792
sample	flat	dict-index	dictzip	prefix	131	144208
sample	flat	dict-index	dictzip	prefix	132	26292
sample	flat	dict-index	dictzip	prefix	133	4792
sample	flat	dict-index	dictzip	prefix	134	139000
sample	flat	dict-index	dictzip	prefix	135	139042
sample	flat	dict-index	dictzip	prefix	136	11833
sample	flat	dict-index	dictzip	prefix	137	2208
sample	flat	dict-index	dictzip	prefix	138	135125
sample	flat	dict-index	dictzip	prefix	139	223791
sample	flat	dict-index	dictzip	prefix	140	64292
sample	flat	dict-index	dictzip	prefix	141	3625
sample	flat	dict-index	dictzip	prefix	142	265833
sample	flat	dict-index	dictzip	prefix	143	145875
sample	flat	dict-index	dictzip	prefix	144	72875
sample	flat	dict-index	dictzip	prefix	145	7625
sample	flat	dict-index	dictzip	prefix	146	431709
sample	flat	dict-index	dictzip	prefix	147	145875
sample	flat	dict-index	dictzip	prefix	148	22959
sample	flat	dict-index	dictzip	prefix	149	3583
sample	flat	dict-index	dictzip	prefix	150	135250
sample	flat	dict-index	dictzip	prefix	151	143708
sample	flat	dict-index	dictzip	prefix	152	30041
sample	flat	dict-index	dictzip	prefix	153	6292
sample	flat	dict-index	dictzip	prefix	154	402042
sample	flat	dict-index	dictzip	prefix	155	146209
sample	flat	dict-index	dictzip	prefix	156	21875
sample	flat	dict-index	dictzip	prefix	157	3625
sample	flat	dict-index	dictzip	prefix	158	226625
sample	flat	dict-index	dictzip	prefix	159	136792
sample	flat	dict-index	dictzip	prefix	160	10167
sample	flat	dict-index	dictzip	prefix	161	2250
sample	flat	dict-index	dictzip	prefix	162	135916
sample	flat	dict-index	dictzip	prefix	163	142375
sample	flat	dict-index	dictzip	prefix	164	8834
sample	flat	dict-index	dictzip	prefix	165	792
sample	flat	dict-index	dictzip	prefix	166	132667
sample	flat	dict-index	dictzip	prefix	167	136583
sample	flat	dict-index	dictzip	prefix	168	10167
sample	flat	dict-index	dictzip	prefix	169	2125
sample	flat	dict-index	dictzip	prefix	170	132042
sample	flat	dict-index	dictzip	prefix	171	391083
sample	flat	dict-index	dictzip	prefix	172	31542
sample	flat	dict-index	dictzip	prefix	173	8209
sample	flat	dict-index	dictzip	prefix	174	1545000
sample	flat	dict-index	dictzip	prefix	175	141083
sample	flat	dict-index	dictzip	prefix	176	22417
sample	flat	dict-index	dictzip	prefix	177	5125
sample	flat	dict-index	dictzip	prefix	178	360584
sample	flat	dict-index	dictzip	prefix	179	484209
sample	flat	dict-index	dictzip	prefix	180	24208
sample	flat	dict-index	dictzip	prefix	181	3792
sample	flat	dict-index	dictzip	prefix	182	407583
sample	flat	dict-index	dictzip	prefix	183	361083
sample	flat	dict-index	dictzip	prefix	184	13292
sample	flat	dict-index	dictzip	prefix	185	2958
sample	flat	dict-index	dictzip	prefix	186	135708
sample	flat	dict-index	dictzip	prefix	187	395125
sample	flat	dict-index	dictzip	prefix	188	20292
sample	flat	dict-index	dictzip	prefix	189	16542
sample	flat	dict-index	dictzip	prefix	190	382584
sample	flat	dict-index	dictzip	prefix	191	148500
sample	flat	dict-index	dictzip	prefix	192	45458
sample	flat	dict-index	dictzip	prefix	193	6875
sample	flat	dict-index	dictzip	prefix	194	399417
sample	flat	dict-index	dictzip	prefix	195	147416
sample	flat	dict-index	dictzip	prefix	196	5500
sample	flat	dict-index	dictzip	prefix	197	750
sample	flat	dict-index	dictzip	prefix	198	130833
sample	flat	dict-index	dictzip	prefix	199	371916
sample	flat	dict-index	dictzip	prefix	200	18459
sample	flat	dict-index	dictzip	prefix	201	4958
sample	flat	dict-index	dictzip	prefix	202	252375
sample	flat	dict-index	dictzip	prefix	203	142625
sample	flat	dict-index	dictzip	prefix	204	24375
sample	flat	dict-index	dictzip	prefix	205	3334
sample	flat	dict-index	dictzip	prefix	206	321250
sample	flat	dict-index	dictzip	prefix	207	519541
sample	flat	dict-index	dictzip	prefix	208	19250
sample	flat	dict-index	dictzip	prefix	209	5041
sample	flat	dict-index	dictzip	prefix	210	371667
sample	flat	dict-index	dictzip	prefix	211	376708
sample	flat	dict-index	dictzip	prefix	212	14333
sample	flat	dict-index	dictzip	prefix	213	13542
sample	flat	dict-index	dictzip	prefix	214	387208
sample	flat	dict-index	dictzip	prefix	215	146959
sample	flat	dict-index	dictzip	prefix	216	9541
sample	flat	dict-index	dictzip	prefix	217	9000
sample	flat	dict-index	dictzip	prefix	218	345000
sample	flat	dict-index	dictzip	prefix	219	138667
sample	flat	dict-index	dictzip	prefix	220	13792
sample	flat	dict-index	dictzip	prefix	221	625
sample	flat	dict-index	dictzip	prefix	222	403375
sample	flat	dict-index	dictzip	prefix	223	151708
sample	flat	dict-index	dictzip	prefix	224	18958
sample	flat	dict-index	dictzip	prefix	225	4791
sample	flat	dict-index	dictzip	prefix	226	397541
sample	flat	dict-index	dictzip	prefix	227	483166
sample	flat	dict-index	dictzip	prefix	228	21708
sample	flat	dict-index	dictzip	prefix	229	4000
sample	flat	dict-index	dictzip	prefix	230	430333
sample	flat	dict-index	dictzip	prefix	231	451166
sample	flat	dict-index	dictzip	prefix	232	11167
sample	flat	dict-index	dictzip	prefix	233	1833
sample	flat	dict-index	dictzip	prefix	234	1047958
sample	flat	dict-index	dictzip	prefix	235	135208
sample	flat	dict-index	dictzip	prefix	236	22041
sample	flat	dict-index	dictzip	prefix	237	3417
sample	flat	dict-index	dictzip	prefix	238	134375
sample	flat	dict-index	dictzip	prefix	239	368750
sample	flat	dict-index	dictzip	prefix	240	14125
sample	flat	dict-index	dictzip	prefix	241	2167
sample	flat	dict-index	dictzip	prefix	242	130292
sample	flat	dict-index	dictzip	prefix	243	144667
sample	flat	dict-index	dictzip	prefix	244	13333
sample	flat	dict-index	dictzip	prefix	245	917
sample	flat	dict-index	dictzip	prefix	246	138708
sample	flat	dict-index	dictzip	prefix	247	176292
sample	flat	dict-index	dictzip	prefix	248	9875
sample	flat	dict-index	dictzip	prefix	249	2084
sample	flat	dict-index	dictzip	prefix	250	136792
sample	flat	dict-index	dictzip	prefix	251	168458
sample	flat	dict-index	dictzip	prefix	252	24584
sample	flat	dict-index	dictzip	prefix	253	3125
sample	flat	dict-index	dictzip	prefix	254	129125
sample	flat	dict-index	dictzip	prefix	255	141375
sample	flat	dict-index	dictzip	prefix	256	5375
sample	flat	dict-index	dictzip	prefix	257	4667
sample	flat	dict-index	dictzip	prefix	258	143958
sample	flat	dict-index	dictzip	prefix	259	151292
sample	flat	dict-index	dictzip	prefix	260	20125
sample	flat	dict-index	dictzip	prefix	261	3042
sample	flat	dict-index	dictzip	prefix	262	356750
sample	flat	dict-index	dictzip	prefix	263	429750
sample	flat	dict-index	dictzip	prefix	264	12292
sample	flat	dict-index	dictzip	prefix	265	2125
sample	flat	dict-index	dictzip	prefix	266	138542
sample	flat	dict-index	dictzip	prefix	267	150500
sample	flat	dict-index	dictzip	prefix	268	23916
sample	flat	dict-index	dictzip	prefix	269	4166
sample	flat	dict-index	dictzip	prefix	270	351750
sample	flat	dict-index	dictzip	prefix	271	145292
sample	flat	dict-index	dictzip	prefix	272	18667
sample	flat	dict-index	dictzip	prefix	273	4500
sample	flat	dict-index	dictzip	prefix	274	711375
sample	flat	dict-index	dictzip	prefix	275	427000
sample	flat	dict-index	dictzip	prefix	276	13666
sample	flat	dict-index	dictzip	prefix	277	1584
sample	flat	dict-index	dictzip	prefix	278	803917
sample	flat	dict-index	dictzip	prefix	279	382792
sample	flat	dict-index	dictzip	prefix	280	9209
sample	flat	dict-index	dictzip	prefix	281	2875
sample	flat	dict-index	dictzip	prefix	282	132125
sample	flat	dict-index	dictzip	prefix	283	491167
sample	flat	dict-index	dictzip	prefix	284	25625
sample	flat	dict-index	dictzip	prefix	285	2708
sample	flat	dict-index	dictzip	prefix	286	418167
sample	flat	dict-index	dictzip	prefix	287	146750
sample	flat	dict-index	dictzip	prefix	288	5500
sample	flat	dict-index	dictzip	prefix	289	6000
sample	flat	dict-index	dictzip	prefix	290	138417
sample	flat	dict-index	dictzip	prefix	291	149750
sample	flat	dict-index	dictzip	prefix	292	9708
sample	flat	dict-index	dictzip	prefix	293	667
sample	flat	dict-index	dictzip	prefix	294	131833
sample	flat	dict-index	dictzip	prefix	295	138958
sample	flat	dict-index	dictzip	prefix	296	13666
sample	flat	dict-index	dictzip	prefix	297	2416
sample	flat	dict-index	dictzip	prefix	298	248000
sample	flat	dict-index	dictzip	prefix	299	198041
sample	flat	dict-index	dictzip	prefix	300	21584
sample	flat	dict-index	dictzip	prefix	301	3667
sample	flat	dict-index	dictzip	prefix	302	400417
sample	flat	dict-index	dictzip	prefix	303	144667
sample	flat	dict-index	dictzip	prefix	304	45667
sample	flat	dict-index	dictzip	prefix	305	13000
sample	flat	dict-index	dictzip	prefix	306	303625
sample	flat	dict-index	dictzip	prefix	307	147042
sample	flat	dict-index	dictzip	prefix	308	23292
sample	flat	dict-index	dictzip	prefix	309	2584
sample	flat	dict-index	dictzip	prefix	310	420750
sample	flat	dict-index	dictzip	prefix	311	435125
sample	flat	dict-index	dictzip	prefix	312	18666
sample	flat	dict-index	dictzip	prefix	313	7250
sample	flat	dict-index	dictzip	prefix	314	439625
sample	flat	dict-index	dictzip	prefix	315	406958
sample	flat	dict-index	dictzip	prefix	316	13042
sample	flat	dict-index	dictzip	prefix	317	667
sample	flat	dict-index	dictzip	prefix	318	134833
sample	flat	dict-index	dictzip	prefix	319	487083
sample	flat	dict-index	dictzip	prefix	320	18666
sample	flat	dict-index	dictzip	prefix	321	7000
sample	flat	dict-index	dictzip	prefix	322	1528667
sample	flat	dict-index	dictzip	prefix	323	144584
sample	flat	dict-index	dictzip	prefix	324	6333
sample	flat	dict-index	dictzip	prefix	325	709
sample	flat	dict-index	dictzip	prefix	326	129458
sample	flat	dict-index	dictzip	prefix	327	137708
sample	flat	dict-index	dictzip	prefix	328	17084
sample	flat	dict-index	dictzip	prefix	329	4584
sample	flat	dict-index	dictzip	prefix	330	143916
sample	flat	dict-index	dictzip	prefix	331	142292
sample	flat	dict-index	dictzip	prefix	332	5250
sample	flat	dict-index	dictzip	prefix	333	666
sample	flat	dict-index	dictzip	prefix	334	130041
sample	flat	dict-index	dictzip	prefix	335	143875
sample	flat	dict-index	dictzip	prefix	336	12875
sample	flat	dict-index	dictzip	prefix	337	3041
sample	flat	dict-index	dictzip	prefix	338	138208
sample	flat	dict-index	dictzip	prefix	339	414291
sample	flat	dict-index	dictzip	prefix	340	15125
sample	flat	dict-index	dictzip	prefix	341	542
sample	flat	dict-index	dictzip	prefix	342	135459
sample	flat	dict-index	dictzip	prefix	343	407833
sample	flat	dict-index	dictzip	prefix	344	16708
sample	flat	dict-index	dictzip	prefix	345	3000
sample	flat	dict-index	dictzip	prefix	346	133958
sample	flat	dict-index	dictzip	prefix	347	140500
sample	flat	dict-index	dictzip	prefix	348	20917
sample	flat	dict-index	dictzip	prefix	349	4709
sample	flat	dict-index	dictzip	prefix	350	139834
sample	flat	dict-index	dictzip	prefix	351	142458
sample	flat	dict-index	dictzip	prefix	352	11916
sample	flat	dict-index	dictzip	prefix	353	1750
sample	flat	dict-index	dictzip	prefix	354	133125
sample	flat	dict-index	dictzip	prefix	355	335541
sample	flat	dict-index	dictzip	prefix	356	6542
sample	flat	dict-index	dictzip	prefix	357	625
sample	flat	dict-index	dictzip	prefix	358	128458
sample	flat	dict-index	dictzip	prefix	359	143125
sample	flat	dict-index	dictzip	prefix	360	4084
sample	flat	dict-index	dictzip	prefix	361	1834
sample	flat	dict-index	dictzip	prefix	362	127125
sample	flat	dict-index	dictzip	prefix	363	137792
sample	flat	dict-index	dictzip	prefix	364	13583
sample	flat	dict-index	dictzip	prefix	365	750
sample	flat	dict-index	dictzip	prefix	366	130875
sample	flat	dict-index	dictzip	prefix	367	378708
sample	flat	dict-index	dictzip	prefix	368	12000
sample	flat	dict-index	dictzip	prefix	369	2833
sample	flat	dict-index	dictzip	prefix	370	399375
sample	flat	dict-index	dictzip	prefix	371	918750
sample	flat	dict-index	dictzip	prefix	372	24042
sample	flat	dict-index	dictzip	prefix	373	3583
sample	flat	dict-index	dictzip	prefix	374	569167
sample	flat	dict-index	dictzip	prefix	375	544542
sample	flat	dict-index	dictzip	prefix	376	38583
sample	flat	dict-index	dictzip	prefix	377	6625
sample	flat	dict-index	dictzip	prefix	378	423000
sample	flat	dict-index	dictzip	prefix	379	151292
sample	flat	dict-index	dictzip	prefix	380	26417
sample	flat	dict-index	dictzip	prefix	381	5917
sample	flat	dict-index	dictzip	prefix	382	451958
sample	flat	dict-index	dictzip	prefix	383	145333
sample	flat	dict-index	dictzip	prefix	384	19084
sample	flat	dict-index	dictzip	prefix	385	5500
sample	flat	dict-index	dictzip	prefix	386	359500
sample	flat	dict-index	dictzip	prefix	387	140291
sample	flat	dict-index	dictzip	prefix	388	19875
sample	flat	dict-index	dictzip	prefix	389	3000
sample	flat	dict-index	dictzip	prefix	390	131000
sample	flat	dict-index	dictzip	prefix	391	375125
sample	flat	dict-index	dictzip	prefix	392	17375
sample	flat	dict-index	dictzip	prefix	393	6709
sample	flat	dict-index	dictzip	prefix	394	381333
sample	flat	dict-index	dictzip	prefix	395	147875
sample	flat	dict-index	dictzip	prefix	396	4167
sample	flat	dict-index	dictzip	prefix	397	542
sample	flat	dict-index	dictzip	prefix	398	127750
sample	flat	dict-index	dictzip	prefix	399	500209
sample	flat	dict-index	dictzip	prefix	400	18500
sample	flat	dict-index	dictzip	prefix	401	4292
sample	flat	dict-index	dictzip	prefix	402	136917
sample	flat	dict-index	dictzip	prefix	403	131667
sample	flat	dict-index	dictzip	prefix	404	20583
sample	flat	dict-index	dictzip	prefix	405	2000
sample	flat	dict-index	dictzip	prefix	406	416417
sample	flat	dict-index	dictzip	prefix	407	147625
sample	flat	dict-index	dictzip	prefix	408	9250
sample	flat	dict-index	dictzip	prefix	409	1750
sample	flat	dict-index	dictzip	prefix	410	137125
sample	flat	dict-index	dictzip	prefix	411	136666
sample	flat	dict-index	dictzip	prefix	412	12625
sample	flat	dict-index	dictzip	prefix	413	666
sample	flat	dict-index	dictzip	prefix	414	131166
sample	flat	dict-index	dictzip	prefix	415	130916
sample	flat	dict-index	dictzip	prefix	416	9000
sample	flat	dict-index	dictzip	prefix	417	2500
sample	flat	dict-index	dictzip	prefix	418	131208
sample	flat	dict-index	dictzip	prefix	419	138583
sample	flat	dict-index	dictzip	prefix	420	17709
sample	flat	dict-index	dictzip	prefix	421	792
sample	flat	dict-index	dictzip	prefix	422	1363792
sample	flat	dict-index	dictzip	prefix	423	131500
sample	flat	dict-index	dictzip	prefix	424	17708
sample	flat	dict-index	dictzip	prefix	425	4375
sample	flat	dict-index	dictzip	prefix	426	305583
sample	flat	dict-index	dictzip	prefix	427	166875
sample	flat	dict-index	dictzip	prefix	428	8584
sample	flat	dict-index	dictzip	prefix	429	750
sample	flat	dict-index	dictzip	prefix	430	130417
sample	flat	dict-index	dictzip	prefix	431	133583
sample	flat	dict-index	dictzip	prefix	432	8917
sample	flat	dict-index	dictzip	prefix	433	2208
sample	flat	dict-index	dictzip	prefix	434	136209
sample	flat	dict-index	dictzip	prefix	435	139833
sample	flat	dict-index	dictzip	prefix	436	7041
sample	flat	dict-index	dictzip	prefix	437	583
sample	flat	dict-index	dictzip	prefix	438	129917
sample	flat	dict-index	dictzip	prefix	439	634291
sample	flat	dict-index	dictzip	prefix	440	4166
sample	flat	dict-index	dictzip	prefix	441	1583
sample	flat	dict-index	dictzip	prefix	442	125541
sample	flat	dict-index	dictzip	prefix	443	1255666
sample	flat	dict-index	dictzip	prefix	444	9125
sample	flat	dict-index	dictzip	prefix	445	791
sample	flat	dict-index	dictzip	prefix	446	136042
sample	flat	dict-index	dictzip	prefix	447	148583
sample	flat	dict-index	dictzip	prefix	448	14542
sample	flat	dict-index	dictzip	prefix	449	6542
sample	flat	dict-index	dictzip	prefix	450	375375
sample	flat	dict-index	dictzip	prefix	451	140250
sample	flat	dict-index	dictzip	prefix	452	9875
sample	flat	dict-index	dictzip	prefix	453	709
sample	flat	dict-index	dictzip	prefix	454	132750
sample	flat	dict-index	dictzip	prefix	455	138375
sample	flat	dict-index	dictzip	prefix	456	17541
sample	flat	dict-index	dictzip	prefix	457	4375
sample	flat	dict-index	dictzip	prefix	458	356166
sample	flat	dict-index	dictzip	prefix	459	138667
sample	flat	dict-index	dictzip	prefix	460	10833
sample	flat	dict-index	dictzip	prefix	461	4917
sample	flat	dict-index	dictzip	prefix	462	160750
sample	flat	dict-index	dictzip	prefix	463	136167
sample	flat	dict-index	dictzip	prefix	464	10959
sample	flat	dict-index	dictzip	prefix	465	2500
sample	flat	dict-index	dictzip	prefix	466	131958
sample	flat	dict-index	dictzip	prefix	467	147000
sample	flat	dict-index	dictzip	prefix	468	7375
sample	flat	dict-index	dictzip	prefix	469	666
sample	flat	dict-index	dictzip	prefix	470	132000
sample	flat	dict-index	dictzip	prefix	471	289834
sample	flat	dict-index	dictzip	prefix	472	6458
sample	flat	dict-index	dictzip	prefix	473	1417
sample	flat	dict-index	dictzip	prefix	474	132709
sample	flat	dict-index	dictzip	prefix	475	149375
sample	flat	dict-index	dictzip	prefix	476	6417
sample	flat	dict-index	dictzip	prefix	477	625
sample	flat	dict-index	dictzip	prefix	478	136333
sample	flat	dict-index	dictzip	prefix	479	374125
sample	flat	dict-index	dictzip	prefix	480	9750
sample	flat	dict-index	dictzip	prefix	481	1917
sample	flat	dict-index	dictzip	prefix	482	129708
sample	flat	dict-index	dictzip	prefix	483	128834
sample	flat	dict-index	dictzip	prefix	484	8959
sample	flat	dict-index	dictzip	prefix	485	625
sample	flat	dict-index	dictzip	prefix	486	129500
sample	flat	dict-index	dictzip	prefix	487	135667
sample	flat	dict-index	dictzip	prefix	488	16333
sample	flat	dict-index	dictzip	prefix	489	7416
sample	flat	dict-index	dictzip	prefix	490	282250
sample	flat	dict-index	dictzip	prefix	491	135417
sample	flat	dict-index	dictzip	prefix	492	21375
sample	flat	dict-index	dictzip	prefix	493	3167
sample	flat	dict-index	dictzip	prefix	494	135958
sample	flat	dict-index	dictzip	prefix	495	137959
sample	flat	dict-index	dictzip	prefix	496	4792
sample	flat	dict-index	dictzip	prefix	497	1417
sample	flat	dict-index	dictzip	prefix	498	140208
sample	flat	dict-index	dictzip	prefix	499	355166
sample	flat	dict-index	dictzip	prefix	500	11292
sample	flat	dict-index	dictzip	prefix	501	792
sample	flat	dict-index	dictzip	prefix	502	134583
sample	flat	dict-index	dictzip	prefix	503	151417
sample	flat	dict-index	dictzip	prefix	504	9792
sample	flat	dict-index	dictzip	prefix	505	2584
sample	flat	dict-index	dictzip	prefix	506	139166
sample	flat	dict-index	dictzip	prefix	507	137125
sample	flat	dict-index	dictzip	prefix	508	9959
sample	flat	dict-index	dictzip	prefix	509	875
sample	flat	dict-index	dictzip	prefix	510	247666
sample	flat	dict-index	dictzip	prefix	511	141458
sample	flat	dict-index	dictzip	prefix	512	8459
sample	flat	dict-index	dictzip	prefix	513	2292
sample	flat	dict-index	dictzip	prefix	514	158750
sample	flat	dict-index	dictzip	prefix	515	142125
sample	flat	dict-index	dictzip	prefix	516	14250
sample	flat	dict-index	dictzip	prefix	517	792
sample	flat	dict-index	dictzip	prefix	518	130542
sample	flat	dict-index	dictzip	prefix	519	148709
sample	flat	dict-index	dictzip	prefix	520	7416
sample	flat	dict-index	dictzip	prefix	521	1542
sample	flat	dict-index	dictzip	prefix	522	134000
sample	flat	dict-index	dictzip	prefix	523	353833
sample	flat	dict-index	dictzip	prefix	524	21583
sample	flat	dict-index	dictzip	prefix	525	9291
sample	flat	dict-index	dictzip	prefix	526	336208
sample	flat	dict-index	dictzip	prefix	527	146209
sample	flat	dict-index	dictzip	prefix	528	9292
sample	flat	dict-index	dictzip	prefix	529	6542
sample	flat	dict-index	dictzip	prefix	530	140458
sample	flat	dict-index	dictzip	prefix	531	459209
sample	flat	dict-index	dictzip	prefix	532	12250
sample	flat	dict-index	dictzip	prefix	533	750
sample	flat	dict-index	dictzip	prefix	534	133750
sample	flat	dict-index	dictzip	prefix	535	134041
sample	flat	dict-index	dictzip	prefix	536	11959
sample	flat	dict-index	dictzip	prefix	537	2584
sample	flat	dict-index	dictzip	prefix	538	361416
sample	flat	dict-index	dictzip	prefix	539	151167
sample	flat	dict-index	dictzip	prefix	540	9375
sample	flat	dict-index	dictzip	prefix	541	708
sample	flat	dict-index	dictzip	prefix	542	134875
sample	flat	dict-index	dictzip	prefix	543	287584
sample	flat	dict-index	dictzip	prefix	544	8708
sample	flat	dict-index	dictzip	prefix	545	2250
sample	flat	dict-index	dictzip	prefix	546	1068500
sample	flat	dict-index	dictzip	prefix	547	149208
sample	flat	dict-index	dictzip	prefix	548	9125
sample	flat	dict-index	dictzip	prefix	549	625
sample	flat	dict-index	dictzip	prefix	550	138250
sample	flat	dict-index	dictzip	prefix	551	144625
sample	flat	dict-index	dictzip	prefix	552	17000
sample	flat	dict-index	dictzip	prefix	553	4042
sample	flat	dict-index	dictzip	prefix	554	134041
sample	flat	dict-index	dictzip	prefix	555	130292
sample	flat	dict-index	dictzip	prefix	556	22041
sample	flat	dict-index	dictzip	prefix	557	4708
sample	flat	dict-index	dictzip	prefix	558	398250
sample	flat	dict-index	dictzip	prefix	559	392542
sample	flat	dict-index	dictzip	prefix	560	9500
sample	flat	dict-index	dictzip	prefix	561	2458
sample	flat	dict-index	dictzip	prefix	562	134042
sample	flat	dict-index	dictzip	prefix	563	147917
sample	flat	dict-index	dictzip	prefix	564	6666
sample	flat	dict-index	dictzip	prefix	565	667
sample	flat	dict-index	dictzip	prefix	566	131375
sample	flat	dict-index	dictzip	prefix	567	403500
sample	flat	dict-index	dictzip	prefix	568	15709
sample	flat	dict-index	dictzip	prefix	569	5792
sample	flat	dict-index	dictzip	prefix	570	352584
sample	flat	dict-index	dictzip	prefix	571	146750
sample	flat	dict-index	dictzip	prefix	572	4708
sample	flat	dict-index	dictzip	prefix	573	541
sample	flat	dict-index	dictzip	prefix	574	128333
sample	flat	dict-index	dictzip	prefix	575	138208
sample	flat	dict-index	dictzip	prefix	576	6500
sample	flat	dict-index	dictzip	prefix	577	2125
sample	flat	dict-index	dictzip	prefix	578	130375
sample	flat	dict-index	dictzip	prefix	579	257750
sample	flat	dict-index	dictzip	prefix	580	17458
sample	flat	dict-index	dictzip	prefix	581	10667
sample	flat	dict-index	dictzip	prefix	582	1279792
sample	flat	dict-index	dictzip	prefix	583	576125
sample	flat	dict-index	dictzip	prefix	584	18667
sample	flat	dict-index	dictzip	prefix	585	4541
sample	flat	dict-index	dictzip	prefix	586	291209
sample	flat	dict-index	dictzip	prefix	587	139708
sample	flat	dict-index	dictzip	prefix	588	19542
sample	flat	dict-index	dictzip	prefix	589	2125
sample	flat	dict-index	dictzip	prefix	590	353792
sample	flat	dict-index	dictzip	prefix	591	142208
sample	flat	dict-index	dictzip	prefix	592	4542
sample	flat	dict-index	dictzip	prefix	593	1417
sample	flat	dict-index	dictzip	prefix	594	126667
sample	flat	dict-index	dictzip	prefix	595	375250
sample	flat	dict-index	dictzip	prefix	596	22333
sample	flat	dict-index	dictzip	prefix	597	1375
sample	flat	dict-index	dictzip	prefix	598	357167
sample	flat	dict-index	dictzip	prefix	599	1279000
sample	flat	dict-index	dictzip	prefix	600	11292
sample	flat	dict-index	dictzip	prefix	601	1917
sample	flat	dict-index	dictzip	prefix	602	135000
sample	flat	dict-index	dictzip	prefix	603	154958
sample	flat	dict-index	dictzip	prefix	604	10500
sample	flat	dict-index	dictzip	prefix	605	4791
sample	flat	dict-index	dictzip	prefix	606	779542
sample	flat	dict-index	dictzip	prefix	607	142791
sample	flat	dict-index	dictzip	prefix	608	4791
sample	flat	dict-index	dictzip	prefix	609	1708
sample	flat	dict-index	dictzip	prefix	610	136167
sample	flat	dict-index	dictzip	prefix	611	146042
sample	flat	dict-index	dictzip	prefix	612	10000
sample	flat	dict-index	dictzip	prefix	613	666
sample	flat	dict-index	dictzip	prefix	614	139875
sample	flat	dict-index	dictzip	prefix	615	154292
sample	flat	dict-index	dictzip	prefix	616	11542
sample	flat	dict-index	dictzip	prefix	617	1959
sample	flat	dict-index	dictzip	prefix	618	495667
sample	flat	dict-index	dictzip	prefix	619	408750
sample	flat	dict-index	dictzip	prefix	620	11458
sample	flat	dict-index	dictzip	prefix	621	625
sample	flat	dict-index	dictzip	prefix	622	399916
sample	flat	dict-index	dictzip	prefix	623	144625
sample	flat	dict-index	dictzip	prefix	624	11917
sample	flat	dict-index	dictzip	prefix	625	2250
sample	flat	dict-index	dictzip	prefix	626	133666
sample	flat	dict-index	dictzip	prefix	627	502375
sample	flat	dict-index	dictzip	prefix	628	9250
sample	flat	dict-index	dictzip	prefix	629	666
sample	flat	dict-index	dictzip	prefix	630	135708
sample	flat	dict-index	dictzip	prefix	631	141000
sample	flat	dict-index	dictzip	prefix	632	16542
sample	flat	dict-index	dictzip	prefix	633	4125
sample	flat	dict-index	dictzip	prefix	634	135000
sample	flat	dict-index	dictzip	prefix	635	139125
sample	flat	dict-index	dictzip	prefix	636	9416
sample	flat	dict-index	dictzip	prefix	637	542
sample	flat	dict-index	dictzip	prefix	638	135375
sample	flat	dict-index	dictzip	prefix	639	151917
sample	flat	dict-index	dictzip	prefix	640	12375
sample	flat	dict-index	dictzip	prefix	641	2458
sample	flat	dict-index	dictzip	prefix	642	293541
sample	flat	dict-index	dictzip	prefix	643	268750
sample	flat	dict-index	dictzip	prefix	644	10792
sample	flat	dict-index	dictzip	prefix	645	833
sample	flat	dict-index	dictzip	prefix	646	134708
sample	flat	dict-index	dictzip	prefix	647	146167
sample	flat	dict-index	dictzip	prefix	648	5917
sample	flat	dict-index	dictzip	prefix	649	1500
sample	flat	dict-index	dictzip	prefix	650	132792
sample	flat	dict-index	dictzip	prefix	651	143500
sample	flat	dict-index	dictzip	prefix	652	20375
sample	flat	dict-index	dictzip	prefix	653	3708
sample	flat	dict-index	dictzip	prefix	654	437708
sample	flat	dict-index	dictzip	prefix	655	144042
sample	flat	dict-index	dictzip	prefix	656	18542
sample	flat	dict-index	dictzip	prefix	657	5042
sample	flat	dict-index	dictzip	prefix	658	155584
sample	flat	dict-index	dictzip	prefix	659	1545792
sample	flat	dict-index	dictzip	prefix	660	20667
sample	flat	dict-index	dictzip	prefix	661	2208
sample	flat	dict-index	dictzip	prefix	662	131959
sample	flat	dict-index	dictzip	prefix	663	138666
sample	flat	dict-index	dictzip	prefix	664	11209
sample	flat	dict-index	dictzip	prefix	665	2000
sample	flat	dict-index	dictzip	prefix	666	130292
sample	flat	dict-index	dictzip	prefix	667	150416
sample	flat	dict-index	dictzip	prefix	668	13000
sample	flat	dict-index	dictzip	prefix	669	625
sample	flat	dict-index	dictzip	prefix	670	135334
sample	flat	dict-index	dictzip	prefix	671	259083
sample	flat	dict-index	dictzip	prefix	672	10041
sample	flat	dict-index	dictzip	prefix	673	2417
sample	flat	dict-index	dictzip	prefix	674	130959
sample	flat	dict-index	dictzip	prefix	675	140583
sample	flat	dict-index	dictzip	prefix	676	10625
sample	flat	dict-index	dictzip	prefix	677	750
sample	flat	dict-index	dictzip	prefix	678	132833
sample	flat	dict-index	dictzip	prefix	679	141625
sample	flat	dict-index	dictzip	prefix	680	15209
sample	flat	dict-index	dictzip	prefix	681	4834
sample	flat	dict-index	dictzip	prefix	682	258375
sample	flat	dict-index	dictzip	prefix	683	141333
sample	flat	dict-index	dictzip	prefix	684	8167
sample	flat	dict-index	dictzip	prefix	685	625
sample	flat	dict-index	dictzip	prefix	686	136584
sample	flat	dict-index	dictzip	prefix	687	502250
sample	flat	dict-index	dictzip	prefix	688	11167
sample	flat	dict-index	dictzip	prefix	689	2750
sample	flat	dict-index	dictzip	prefix	690	131417
sample	flat	dict-index	dictzip	prefix	691	144917
sample	flat	dict-index	dictzip	prefix	692	4167
sample	flat	dict-index	dictzip	prefix	693	625
sample	flat	dict-index	dictzip	prefix	694	129625
sample	flat	dict-index	dictzip	prefix	695	374791
sample	flat	dict-index	dictzip	prefix	696	10792
sample	flat	dict-index	dictzip	prefix	697	2084
sample	flat	dict-index	dictzip	prefix	698	134208
sample	flat	dict-index	dictzip	prefix	699	140417
sample	flat	dict-index	dictzip	prefix	700	9250
sample	flat	dict-index	dictzip	prefix	701	750
sample	flat	dict-index	dictzip	prefix	702	132000
sample	flat	dict-index	dictzip	prefix	703	145917
sample	flat	dict-index	dictzip	prefix	704	8292
sample	flat	dict-index	dictzip	prefix	705	2458
sample	flat	dict-index	dictzip	prefix	706	132625
sample	flat	dict-index	dictzip	prefix	707	138042
sample	flat	dict-index	dictzip	prefix	708	22166
sample	flat	dict-index	dictzip	prefix	709	2667
sample	flat	dict-index	dictzip	prefix	710	133084
sample	flat	dict-index	dictzip	prefix	711	215708
sample	flat	dict-index	dictzip	prefix	712	22458
sample	flat	dict-index	dictzip	prefix	713	3542
sample	flat	dict-index	dictzip	prefix	714	1573167
sample	flat	dict-index	dictzip	prefix	715	137083
sample	flat	dict-index	dictzip	prefix	716	14750
sample	flat	dict-index	dictzip	prefix	717	833
sample	flat	dict-index	dictzip	prefix	718	135458
sample	flat	dict-index	dictzip	prefix	719	285584
sample	flat	dict-index	dictzip	prefix	720	9750
sample	flat	dict-index	dictzip	prefix	721	1958
sample	flat	dict-index	dictzip	prefix	722	131375
sample	flat	dict-index	dictzip	prefix	723	143417
sample	flat	dict-index	dictzip	prefix	724	3792
sample	flat	dict-index	dictzip	prefix	725	750
sample	flat	dict-index	dictzip	prefix	726	131666
sample	flat	dict-index	dictzip	prefix	727	137916
sample	flat	dict-index	dictzip	prefix	728	15209
sample	flat	dict-index	dictzip	prefix	729	6208
sample	flat	dict-index	dictzip	prefix	730	538125
sample	flat	dict-index	dictzip	prefix	731	141000
sample	flat	dict-index	dictzip	prefix	732	6709
sample	flat	dict-index	dictzip	prefix	733	708
sample	flat	dict-index	dictzip	prefix	734	132041
sample	flat	dict-index	dictzip	prefix	735	154208
sample	flat	dict-index	dictzip	prefix	736	8458
sample	flat	dict-index	dictzip	prefix	737	1875
sample	flat	dict-index	dictzip	prefix	738	132375
sample	flat	dict-index	dictzip	prefix	739	165958
sample	flat	dict-index	dictzip	prefix	740	11417
sample	flat	dict-index	dictzip	prefix	741	709
sample	flat	dict-index	dictzip	prefix	742	137458
sample	flat	dict-index	dictzip	prefix	743	147042
sample	flat	dict-index	dictzip	prefix	744	5416
sample	flat	dict-index	dictzip	prefix	745	1833
sample	flat	dict-index	dictzip	prefix	746	142000
sample	flat	dict-index	dictzip	prefix	747	136125
sample	flat	dict-index	dictzip	prefix	748	11834
sample	flat	dict-index	dictzip	prefix	749	584
sample	flat	dict-index	dictzip	prefix	750	135625
sample	flat	dict-index	dictzip	prefix	751	139042
sample	flat	dict-index	dictzip	prefix	752	7750
sample	flat	dict-index	dictzip	prefix	753	2209
sample	flat	dict-index	dictzip	prefix	754	138208
sample	flat	dict-index	dictzip	prefix	755	149750
sample	flat	dict-index	dictzip	prefix	756	11750
sample	flat	dict-index	dictzip	prefix	757	709
sample	flat	dict-index	dictzip	prefix	758	135625
sample	flat	dict-index	dictzip	prefix	759	141125
sample	flat	dict-index	dictzip	prefix	760	10084
sample	flat	dict-index	dictzip	prefix	761	1916
sample	flat	dict-index	dictzip	prefix	762	138667
sample	flat	dict-index	dictzip	prefix	763	134000
sample	flat	dict-index	dictzip	prefix	764	30625
sample	flat	dict-index	dictzip	prefix	765	3000
sample	flat	dict-index	dictzip	prefix	766	445625
sample	flat	dict-index	dictzip	prefix	767	152542
sample	flat	dict-index	dictzip	prefix	768	17208
sample	flat	dict-index	dictzip	prefix	769	4166
sample	flat	dict-index	dictzip	prefix	770	555333
sample	flat	dict-index	dictzip	prefix	771	141125
sample	flat	dict-index	dictzip	prefix	772	30417
sample	flat	dict-index	dictzip	prefix	773	1750
sample	flat	dict-index	dictzip	prefix	774	168250
sample	flat	dict-index	dictzip	prefix	775	144000
sample	flat	dict-index	dictzip	prefix	776	10250
sample	flat	dict-index	dictzip	prefix	777	2000
sample	flat	dict-index	dictzip	prefix	778	134458
sample	flat	dict-index	dictzip	prefix	779	149375
sample	flat	dict-index	dictzip	prefix	780	19125
sample	flat	dict-index	dictzip	prefix	781	18542
sample	flat	dict-index	dictzip	prefix	782	140917
sample	flat	dict-index	dictzip	prefix	783	139750
sample	flat	dict-index	dictzip	prefix	784	8459
sample	flat	dict-index	dictzip	prefix	785	2416
sample	flat	dict-index	dictzip	prefix	786	137500
sample	flat	dict-index	dictzip	prefix	787	134667
sample	flat	dict-index	dictzip	prefix	788	6458
sample	flat	dict-index	dictzip	prefix	789	5042
sample	flat	dict-index	dictzip	prefix	790	472083
sample	flat	dict-index	dictzip	prefix	791	377750
sample	flat	dict-index	dictzip	prefix	792	8917
sample	flat	dict-index	dictzip	prefix	793	2125
sample	flat	dict-index	dictzip	prefix	794	134250
sample	flat	dict-index	dictzip	prefix	795	368375
sample	flat	dict-index	dictzip	prefix	796	5958
sample	flat	dict-index	dictzip	prefix	797	667
sample	flat	dict-index	dictzip	prefix	798	127333
sample	flat	dict-index	dictzip	prefix	799	144167
sample	flat	dict-index	dictzip	prefix	800	6458
sample	flat	dict-index	dictzip	prefix	801	5084
sample	flat	dict-index	dictzip	prefix	802	131666
sample	flat	dict-index	dictzip	prefix	803	157250
sample	flat	dict-index	dictzip	prefix	804	10583
sample	flat	dict-index	dictzip	prefix	805	542
sample	flat	dict-index	dictzip	prefix	806	129042
sample	flat	dict-index	dictzip	prefix	807	163042
sample	flat	dict-index	dictzip	prefix	808	17042
sample	flat	dict-index	dictzip	prefix	809	4417
sample	flat	dict-index	dictzip	prefix	810	347958
sample	flat	dict-index	dictzip	prefix	811	147375
sample	flat	dict-index	dictzip	prefix	812	11167
sample	flat	dict-index	dictzip	prefix	813	625
sample	flat	dict-index	dictzip	prefix	814	133625
sample	flat	dict-index	dictzip	prefix	815	140333
sample	flat	dict-index	dictzip	prefix	816	29709
sample	flat	dict-index	dictzip	prefix	817	3167
sample	flat	dict-index	dictzip	prefix	818	333541
sample	flat	dict-index	dictzip	prefix	819	142208
sample	flat	dict-index	dictzip	prefix	820	8083
sample	flat	dict-index	dictzip	prefix	821	584
sample	flat	dict-index	dictzip	prefix	822	219625
sample	flat	dict-index	dictzip	prefix	823	141792
sample	flat	dict-index	dictzip	prefix	824	10667
sample	flat	dict-index	dictzip	prefix	825	2167
sample	flat	dict-index	dictzip	prefix	826	131958
sample	flat	dict-index	dictzip	prefix	827	180917
sample	flat	dict-index	dictzip	prefix	828	11084
sample	flat	dict-index	dictzip	prefix	829	542
sample	flat	dict-index	dictzip	prefix	830	130459
sample	flat	dict-index	dictzip	prefix	831	607125
sample	flat	dict-index	dictzip	prefix	832	7583
sample	flat	dict-index	dictzip	prefix	833	1416
sample	flat	dict-index	dictzip	prefix	834	135000
sample	flat	dict-index	dictzip	prefix	835	139166
sample	flat	dict-index	dictzip	prefix	836	22792
sample	flat	dict-index	dictzip	prefix	837	9666
sample	flat	dict-index	dictzip	prefix	838	561125
sample	flat	dict-index	dictzip	prefix	839	376666
sample	flat	dict-index	dictzip	prefix	840	9500
sample	flat	dict-index	dictzip	prefix	841	1917
sample	flat	dict-index	dictzip	prefix	842	284375
sample	flat	dict-index	dictzip	prefix	843	143042
sample	flat	dict-index	dictzip	prefix	844	11583
sample	flat	dict-index	dictzip	prefix	845	5083
sample	flat	dict-index	dictzip	prefix	846	389125
sample	flat	dict-index	dictzip	prefix	847	150833
sample	flat	dict-index	dictzip	prefix	848	6833
sample	flat	dict-index	dictzip	prefix	849	2041
sample	flat	dict-index	dictzip	prefix	850	130292
sample	flat	dict-index	dictzip	prefix	851	147959
sample	flat	dict-index	dictzip	prefix	852	6000
sample	flat	dict-index	dictzip	prefix	853	708
sample	flat	dict-index	dictzip	prefix	854	134792
sample	flat	dict-index	dictzip	prefix	855	145583
sample	flat	dict-index	dictzip	prefix	856	18500
sample	flat	dict-index	dictzip	prefix	857	7708
sample	flat	dict-index	dictzip	prefix	858	382875
sample	flat	dict-index	dictzip	prefix	859	383666
sample	flat	dict-index	dictzip	prefix	860	8250
sample	flat	dict-index	dictzip	prefix	861	750
sample	flat	dict-index	dictzip	prefix	862	129834
sample	flat	dict-index	dictzip	prefix	863	141166
sample	flat	dict-index	dictzip	prefix	864	17458
sample	flat	dict-index	dictzip	prefix	865	4459
sample	flat	dict-index	dictzip	prefix	866	358625
sample	flat	dict-index	dictzip	prefix	867	143000
sample	flat	dict-index	dictzip	prefix	868	6292
sample	flat	dict-index	dictzip	prefix	869	541
sample	flat	dict-index	dictzip	prefix	870	259666
sample	flat	dict-index	dictzip	prefix	871	141042
sample	flat	dict-index	dictzip	prefix	872	11291
sample	flat	dict-index	dictzip	prefix	873	3084
sample	flat	dict-index	dictzip	prefix	874	136750
sample	flat	dict-index	dictzip	prefix	875	130459
sample	flat	dict-index	dictzip	prefix	876	3667
sample	flat	dict-index	dictzip	prefix	877	625
sample	flat	dict-index	dictzip	prefix	878	1546917
sample	flat	dict-index	dictzip	prefix	879	143583
sample	flat	dict-index	dictzip	prefix	880	7583
sample	flat	dict-index	dictzip	prefix	881	1667
sample	flat	dict-index	dictzip	prefix	882	132583
sample	flat	dict-index	dictzip	prefix	883	294167
sample	flat	dict-index	dictzip	prefix	884	19166
sample	flat	dict-index	dictzip	prefix	885	1834
sample	flat	dict-index	dictzip	prefix	886	400167
sample	flat	dict-index	dictzip	prefix	887	646917
sample	flat	dict-index	dictzip	prefix	888	8375
sample	flat	dict-index	dictzip	prefix	889	2541
sample	flat	dict-index	dictzip	prefix	890	132500
sample	flat	dict-index	dictzip	prefix	891	142166
sample	flat	dict-index	dictzip	prefix	892	22917
sample	flat	dict-index	dictzip	prefix	893	2916
sample	flat	dict-index	dictzip	prefix	894	358417
sample	flat	dict-index	dictzip	prefix	895	154500
sample	flat	dict-index	dictzip	prefix	896	8542
sample	flat	dict-index	dictzip	prefix	897	1667
sample	flat	dict-index	dictzip	prefix	898	273625
sample	flat	dict-index	dictzip	prefix	899	142792
sample	flat	dict-index	dictzip	prefix	900	17459
sample	flat	dict-index	dictzip	prefix	901	2250
sample	flat	dict-index	dictzip	prefix	902	256667
sample	flat	dict-index	dictzip	prefix	903	133750
sample	flat	dict-index	dictzip	prefix	904	4458
sample	flat	dict-index	dictzip	prefix	905	1875
sample	flat	dict-index	dictzip	prefix	906	132709
sample	flat	dict-index	dictzip	prefix	907	131500
sample	flat	dict-index	dictzip	prefix	908	19667
sample	flat	dict-index	dictzip	prefix	909	5000
sample	flat	dict-index	dictzip	prefix	910	147417
sample	flat	dict-index	dictzip	prefix	911	145167
sample	flat	dict-index	dictzip	prefix	912	8208
sample	flat	dict-index	dictzip	prefix	913	2208
sample	flat	dict-index	dictzip	prefix	914	131292
sample	flat	dict-index	dictzip	prefix	915	138084
sample	flat	dict-index	dictzip	prefix	916	8708
sample	flat	dict-index	dictzip	prefix	917	542
sample	flat	dict-index	dictzip	prefix	918	131291
sample	flat	dict-index	dictzip	prefix	919	156917
sample	flat	dict-index	dictzip	prefix	920	15875
sample	flat	dict-index	dictzip	prefix	921	4125
sample	flat	dict-index	dictzip	prefix	922	403250
sample	flat	dict-index	dictzip	prefix	923	138666
sample	flat	dict-index	dictzip	prefix	924	5709
sample	flat	dict-index	dictzip	prefix	925	709
sample	flat	dict-index	dictzip	prefix	926	256875
sample	flat	dict-index	dictzip	prefix	927	136333
sample	flat	dict-index	dictzip	prefix	928	17500
sample	flat	dict-index	dictzip	prefix	929	4250
sample	flat	dict-index	dictzip	prefix	930	442458
sample	flat	dict-index	dictzip	prefix	931	141042
sample	flat	dict-index	dictzip	prefix	932	21208
sample	flat	dict-index	dictzip	prefix	933	6000
sample	flat	dict-index	dictzip	prefix	934	493667
sample	flat	dict-index	dictzip	prefix	935	148542
sample	flat	dict-index	dictzip	prefix	936	4833
sample	flat	dict-index	dictzip	prefix	937	1583
sample	flat	dict-index	dictzip	prefix	938	132833
sample	flat	dict-index	dictzip	prefix	939	152750
sample	flat	dict-index	dictzip	prefix	940	11709
sample	flat	dict-index	dictzip	prefix	941	625
sample	flat	dict-index	dictzip	prefix	942	137792
sample	flat	dict-index	dictzip	prefix	943	138000
sample	flat	dict-index	dictzip	prefix	944	3584
sample	flat	dict-index	dictzip	prefix	945	1542
sample	flat	dict-index	dictzip	prefix	946	127250
sample	flat	dict-index	dictzip	prefix	947	336833
sample	flat	dict-index	dictzip	prefix	948	5042
sample	flat	dict-index	dictzip	prefix	949	583
sample	flat	dict-index	dictzip	prefix	950	126375
sample	flat	dict-index	dictzip	prefix	951	150250
sample	flat	dict-index	dictzip	prefix	952	3958
sample	flat	dict-index	dictzip	prefix	953	1500
sample	flat	dict-index	dictzip	prefix	954	130834
sample	flat	dict-index	dictzip	prefix	955	150375
sample	flat	dict-index	dictzip	prefix	956	5042
sample	flat	dict-index	dictzip	prefix	957	625
sample	flat	dict-index	dictzip	prefix	958	128750
sample	flat	dict-index	dictzip	prefix	959	151584
sample	flat	dict-index	dictzip	prefix	960	10416
sample	flat	dict-index	dictzip	prefix	961	2333
sample	flat	dict-index	dictzip	prefix	962	157292
sample	flat	dict-index	dictzip	prefix	963	152917
sample	flat	dict-index	dictzip	prefix	964	19708
sample	flat	dict-index	dictzip	prefix	965	3750
sample	flat	dict-index	dictzip	prefix	966	357250
sample	flat	dict-index	dictzip	prefix	967	384917
sample	flat	dict-index	dictzip	prefix	968	16666
sample	flat	dict-index	dictzip	prefix	969	5542
sample	flat	dict-index	dictzip	prefix	970	419042
sample	flat	dict-index	dictzip	prefix	971	146125
sample	flat	dict-index	dictzip	prefix	972	30916
sample	flat	dict-index	dictzip	prefix	973	2875
sample	flat	dict-index	dictzip	prefix	974	385292
sample	flat	dict-index	dictzip	prefix	975	144334
sample	flat	dict-index	dictzip	prefix	976	9083
sample	flat	dict-index	dictzip	prefix	977	1667
sample	flat	dict-index	dictzip	prefix	978	131959
sample	flat	dict-index	dictzip	prefix	979	389291
sample	flat	dict-index	dictzip	prefix	980	22125
sample	flat	dict-index	dictzip	prefix	981	2209
sample	flat	dict-index	dictzip	prefix	982	139667
sample	flat	dict-index	dictzip	prefix	983	232167
sample	flat	dict-index	dictzip	prefix	984	11458
sample	flat	dict-index	dictzip	prefix	985	6917
sample	flat	dict-index	dictzip	prefix	986	291083
sample	flat	dict-index	dictzip	prefix	987	164375
sample	flat	dict-index	dictzip	prefix	988	20792
sample	flat	dict-index	dictzip	prefix	989	4375
sample	flat	dict-index	dictzip	prefix	990	1752250
sample	flat	dict-index	dictzip	prefix	991	155833
sample	flat	dict-index	dictzip	prefix	992	18500
sample	flat	dict-index	dictzip	prefix	993	4875
sample	flat	dict-index	dictzip	prefix	994	371500
sample	flat	dict-index	dictzip	prefix	995	478750
sample	flat	dict-index	dictzip	prefix	996	15084
sample	flat	dict-index	dictzip	prefix	997	1875
sample	flat	dict-index	dictzip	prefix	998	407416
sample	flat	dict-index	dictzip	prefix	999	418458
sample	flat	dict-index	dictzip	render	0	6180042
sample	flat	dict-index	dictzip	render	1	4523083
sample	flat	dict-index	dictzip	render	2	6847458
sample	flat	dict-index	dictzip	render	3	7532417
sample	flat	dict-index	dictzip	render	4	9603750
sample	flat	dict-index	dictzip	render	5	5299000
sample	flat	dict-index	dictzip	render	6	5722542
sample	flat	dict-index	dictzip	render	7	7536000
sample	flat	dict-index	dictzip	render	8	5707042
sample	flat	dict-index	dictzip	render	9	5723458
sample	flat	dict-index	dictzip	render	10	4865916
sample	flat	dict-index	dictzip	render	11	8123084
sample	flat	dict-index	dictzip	render	12	7355292
sample	flat	dict-index	dictzip	render	13	6235916
sample	flat	dict-index	dictzip	render	14	6063042
sample	flat	dict-index	dictzip	render	15	7588208
sample	flat	dict-index	dictzip	render	16	6195875
sample	flat	dict-index	dictzip	render	17	5830375
sample	flat	dict-index	dictzip	render	18	4213417
sample	flat	dict-index	dictzip	render	19	3891583
sample	flat	dict-index	dictzip	render	20	6092750
sample	flat	dict-index	dictzip	render	21	6969125
sample	flat	dict-index	dictzip	render	22	8598500
sample	flat	dict-index	dictzip	render	23	4967750
sample	flat	dict-index	dictzip	render	24	3912584
sample	flat	dict-index	dictzip	render	25	5931875
sample	flat	dict-index	dictzip	render	26	6885791
sample	flat	dict-index	dictzip	render	27	6846042
sample	flat	dict-index	dictzip	render	28	4140250
sample	flat	dict-index	dictzip	render	29	4996625
sample	flat	dict-index	dictzip	render	30	6013333
sample	flat	dict-index	dictzip	render	31	5456417
sample	flat	dict-index	dictzip	render	32	7413292
sample	flat	dict-index	dictzip	render	33	4230167
sample	flat	dict-index	dictzip	render	34	4485209
sample	flat	dict-index	dictzip	render	35	4520791
sample	flat	dict-index	dictzip	render	36	4533208
sample	flat	dict-index	dictzip	render	37	5637291
sample	flat	dict-index	dictzip	render	38	4454375
sample	flat	dict-index	dictzip	render	39	5537625
sample	flat	dict-index	dictzip	render	40	5981375
sample	flat	dict-index	dictzip	render	41	4608833
sample	flat	dict-index	dictzip	render	42	6700834
sample	flat	dict-index	dictzip	render	43	5764625
sample	flat	dict-index	dictzip	render	44	4398125
sample	flat	dict-index	dictzip	render	45	3823000
sample	flat	dict-index	dictzip	render	46	7064833
sample	flat	dict-index	dictzip	render	47	8315583
sample	flat	dict-index	dictzip	render	48	3980708
sample	flat	dict-index	dictzip	render	49	4825167
sample	flat	dict-index	dictzip	render	50	4654291
sample	flat	dict-index	dictzip	render	51	5297042
sample	flat	dict-index	dictzip	render	52	4036208
sample	flat	dict-index	dictzip	render	53	5583458
sample	flat	dict-index	dictzip	render	54	6953291
sample	flat	dict-index	dictzip	render	55	5764917
sample	flat	dict-index	dictzip	render	56	4942708
sample	flat	dict-index	dictzip	render	57	4682792
sample	flat	dict-index	dictzip	render	58	4693291
sample	flat	dict-index	dictzip	render	59	5313959
sample	flat	dict-index	dictzip	render	60	4243875
sample	flat	dict-index	dictzip	render	61	4350333
sample	flat	dict-index	dictzip	render	62	4577000
sample	flat	dict-index	dictzip	render	63	5865292
sample	flat	dict-index	dictzip	render	64	5488166
sample	flat	dict-index	dictzip	render	65	5264833
sample	flat	dict-index	dictzip	render	66	3631792
sample	flat	dict-index	dictzip	render	67	5533917
sample	flat	dict-index	dictzip	render	68	7265167
sample	flat	dict-index	dictzip	render	69	5992250
sample	flat	dict-index	dictzip	render	70	3591125
sample	flat	dict-index	dictzip	render	71	4928667
sample	flat	dict-index	dictzip	render	72	4958750
sample	flat	dict-index	dictzip	render	73	4485750
sample	flat	dict-index	dictzip	render	74	6100292
sample	flat	dict-index	dictzip	render	75	5802875
sample	flat	dict-index	dictzip	render	76	4961542
sample	flat	dict-index	dictzip	render	77	3778667
sample	flat	dict-index	dictzip	render	78	5080458
sample	flat	dict-index	dictzip	render	79	5053042
sample	flat	dict-index	dictzip	render	80	5406125
sample	flat	dict-index	dictzip	render	81	3843959
sample	flat	dict-index	dictzip	render	82	3707875
sample	flat	dict-index	dictzip	render	83	3842333
sample	flat	dict-index	dictzip	render	84	7204708
sample	flat	dict-index	dictzip	render	85	7935250
sample	flat	dict-index	dictzip	render	86	5460208
sample	flat	dict-index	dictzip	render	87	4412917
sample	flat	dict-index	dictzip	render	88	4274542
sample	flat	dict-index	dictzip	render	89	5104750
sample	flat	dict-index	dictzip	render	90	5411083
sample	flat	dict-index	dictzip	render	91	6045917
sample	flat	dict-index	dictzip	render	92	4578583
sample	flat	dict-index	dictzip	render	93	3619792
sample	flat	dict-index	dictzip	render	94	20025583
sample	flat	dict-index	dictzip	render	95	8156084
sample	flat	dict-index	dictzip	render	96	7750000
sample	flat	dict-index	dictzip	render	97	5435917
sample	flat	dict-index	dictzip	render	98	6534375
sample	flat	dict-index	dictzip	render	99	5823500
sample	flat	dict-index	dictzip	render	100	4298250
sample	flat	dict-index	dictzip	render	101	5103625
sample	flat	dict-index	dictzip	render	102	5374959
sample	flat	dict-index	dictzip	render	103	5906792
sample	flat	dict-index	dictzip	render	104	6284875
sample	flat	dict-index	dictzip	render	105	5381667
sample	flat	dict-index	dictzip	render	106	5864083
sample	flat	dict-index	dictzip	render	107	5019042
sample	flat	dict-index	dictzip	render	108	8521083
sample	flat	dict-index	dictzip	render	109	5938458
sample	flat	dict-index	dictzip	render	110	3855125
sample	flat	dict-index	dictzip	render	111	4345083
sample	flat	dict-index	dictzip	render	112	4662792
sample	flat	dict-index	dictzip	render	113	6215750
sample	flat	dict-index	dictzip	render	114	6989583
sample	flat	dict-index	dictzip	render	115	4146083
sample	flat	dict-index	dictzip	render	116	4258625
sample	flat	dict-index	dictzip	render	117	4391542
sample	flat	dict-index	dictzip	render	118	4688083
sample	flat	dict-index	dictzip	render	119	6092583
sample	flat	dict-index	dictzip	render	120	6424375
sample	flat	dict-index	dictzip	render	121	3833792
sample	flat	dict-index	dictzip	render	122	4285584
sample	flat	dict-index	dictzip	render	123	4597208
sample	flat	dict-index	dictzip	render	124	4670292
sample	flat	dict-index	dictzip	render	125	6484000
sample	flat	dict-index	dictzip	render	126	7617541
sample	flat	dict-index	dictzip	render	127	6245916
sample	flat	dict-index	dictzip	render	128	4915000
sample	flat	dict-index	dictzip	render	129	4188375
sample	flat	dict-index	dictzip	render	130	5708209
sample	flat	dict-index	dictzip	render	131	5617917
sample	flat	dict-index	dictzip	render	132	4263333
sample	flat	dict-index	dictzip	render	133	5249417
sample	flat	dict-index	dictzip	render	134	4256500
sample	flat	dict-index	dictzip	render	135	6320875
sample	flat	dict-index	dictzip	render	136	7747000
sample	flat	dict-index	dictzip	render	137	4443333
sample	flat	dict-index	dictzip	render	138	3218791
sample	flat	dict-index	dictzip	render	139	5096042
sample	flat	dict-index	dictzip	render	140	4334791
sample	flat	dict-index	dictzip	render	141	5503541
sample	flat	dict-index	dictzip	render	142	5459292
sample	flat	dict-index	dictzip	render	143	3599958
sample	flat	dict-index	dictzip	render	144	4563875
sample	flat	dict-index	dictzip	render	145	5852208
sample	flat	dict-index	dictzip	render	146	6948125
sample	flat	dict-index	dictzip	render	147	5445959
sample	flat	dict-index	dictzip	render	148	6625209
sample	flat	dict-index	dictzip	render	149	6198875
sample	flat	dict-index	dictzip	render	150	7603667
sample	flat	dict-index	dictzip	render	151	9251458
sample	flat	dict-index	dictzip	render	152	4515584
sample	flat	dict-index	dictzip	render	153	4573541
sample	flat	dict-index	dictzip	render	154	3799333
sample	flat	dict-index	dictzip	render	155	4633083
sample	flat	dict-index	dictzip	render	156	4663500
sample	flat	dict-index	dictzip	render	157	5859000
sample	flat	dict-index	dictzip	render	158	5713292
sample	flat	dict-index	dictzip	render	159	3887750
sample	flat	dict-index	dictzip	render	160	4857458
sample	flat	dict-index	dictzip	render	161	4791167
sample	flat	dict-index	dictzip	render	162	6475208
sample	flat	dict-index	dictzip	render	163	6356750
sample	flat	dict-index	dictzip	render	164	5407375
sample	flat	dict-index	dictzip	render	165	5024583
sample	flat	dict-index	dictzip	render	166	7499083
sample	flat	dict-index	dictzip	render	167	8102750
sample	flat	dict-index	dictzip	render	168	6270208
sample	flat	dict-index	dictzip	render	169	4105167
sample	flat	dict-index	dictzip	render	170	5796000
sample	flat	dict-index	dictzip	render	171	5357042
sample	flat	dict-index	dictzip	render	172	8048500
sample	flat	dict-index	dictzip	render	173	5812583
sample	flat	dict-index	dictzip	render	174	6106083
sample	flat	dict-index	dictzip	render	175	5992084
sample	flat	dict-index	dictzip	render	176	6761667
sample	flat	dict-index	dictzip	render	177	7707125
sample	flat	dict-index	dictzip	render	178	6576042
sample	flat	dict-index	dictzip	render	179	6421500
sample	flat	dict-index	dictzip	render	180	9375375
sample	flat	dict-index	dictzip	render	181	7411291
sample	flat	dict-index	dictzip	render	182	6916833
sample	flat	dict-index	dictzip	render	183	4542459
sample	flat	dict-index	dictzip	render	184	4455750
sample	flat	dict-index	dictzip	render	185	4821084
sample	flat	dict-index	dictzip	render	186	9027333
sample	flat	dict-index	dictzip	render	187	5628958
sample	flat	dict-index	dictzip	render	188	6763250
sample	flat	dict-index	dictzip	render	189	5588458
sample	flat	dict-index	dictzip	render	190	8501458
sample	flat	dict-index	dictzip	render	191	5595041
sample	flat	dict-index	dictzip	render	192	3849833
sample	flat	dict-index	dictzip	render	193	5962833
sample	flat	dict-index	dictzip	render	194	5258375
sample	flat	dict-index	dictzip	render	195	6336833
sample	flat	dict-index	dictzip	render	196	6453792
sample	flat	dict-index	dictzip	render	197	5831375
sample	flat	dict-index	dictzip	render	198	4297709
sample	flat	dict-index	dictzip	render	199	4142500
sample	flat	dict-index	dictzip	render	200	5748083
sample	flat	dict-index	dictzip	render	201	5881166
sample	flat	dict-index	dictzip	render	202	4202625
sample	flat	dict-index	dictzip	render	203	6004625
sample	flat	dict-index	dictzip	render	204	5560459
sample	flat	dict-index	dictzip	render	205	3775875
sample	flat	dict-index	dictzip	render	206	5819458
sample	flat	dict-index	dictzip	render	207	6399417
sample	flat	dict-index	dictzip	render	208	4724334
sample	flat	dict-index	dictzip	render	209	5747500
sample	flat	dict-index	dictzip	render	210	4651000
sample	flat	dict-index	dictzip	render	211	6515417
sample	flat	dict-index	dictzip	render	212	5383542
sample	flat	dict-index	dictzip	render	213	3824166
sample	flat	dict-index	dictzip	render	214	3523417
sample	flat	dict-index	dictzip	render	215	4309875
sample	flat	dict-index	dictzip	render	216	6097334
sample	flat	dict-index	dictzip	render	217	6097209
sample	flat	dict-index	dictzip	render	218	5703625
sample	flat	dict-index	dictzip	render	219	6052750
sample	flat	dict-index	dictzip	render	220	7021209
sample	flat	dict-index	dictzip	render	221	7038958
sample	flat	dict-index	dictzip	render	222	6474042
sample	flat	dict-index	dictzip	render	223	5784125
sample	flat	dict-index	dictzip	render	224	4875125
sample	flat	dict-index	dictzip	render	225	5703958
sample	flat	dict-index	dictzip	render	226	6757625
sample	flat	dict-index	dictzip	render	227	5205791
sample	flat	dict-index	dictzip	render	228	5539542
sample	flat	dict-index	dictzip	render	229	5186000
sample	flat	dict-index	dictzip	render	230	5352500
sample	flat	dict-index	dictzip	render	231	5884500
sample	flat	dict-index	dictzip	render	232	7002667
sample	flat	dict-index	dictzip	render	233	3904667
sample	flat	dict-index	dictzip	render	234	4428458
sample	flat	dict-index	dictzip	render	235	4421000
sample	flat	dict-index	dictzip	render	236	4719542
sample	flat	dict-index	dictzip	render	237	8144500
sample	flat	dict-index	dictzip	render	238	8126375
sample	flat	dict-index	dictzip	render	239	5495459
sample	flat	dict-index	dictzip	render	240	4738000
sample	flat	dict-index	dictzip	render	241	5244667
sample	flat	dict-index	dictzip	render	242	5604458
sample	flat	dict-index	dictzip	render	243	6389584
sample	flat	dict-index	dictzip	render	244	4678917
sample	flat	dict-index	dictzip	render	245	4560333
sample	flat	dict-index	dictzip	render	246	5083125
sample	flat	dict-index	dictzip	render	247	5205750
sample	flat	dict-index	dictzip	render	248	6896000
sample	flat	dict-index	dictzip	render	249	6648625
sample	flat	dict-index	dictzip	render	250	6104541
sample	flat	dict-index	dictzip	render	251	5896917
sample	flat	dict-index	dictzip	render	252	6787041
sample	flat	dict-index	dictzip	render	253	5999583
sample	flat	dict-index	dictzip	render	254	5945125
sample	flat	dict-index	dictzip	render	255	5030292
sample	flat	dict-index	dictzip	render	256	7162625
sample	flat	dict-index	dictzip	render	257	6646500
sample	flat	dict-index	dictzip	render	258	7254791
sample	flat	dict-index	dictzip	render	259	5483125
sample	flat	dict-index	dictzip	render	260	5179625
sample	flat	dict-index	dictzip	render	261	6560666
sample	flat	dict-index	dictzip	render	262	6792125
sample	flat	dict-index	dictzip	render	263	4787208
sample	flat	dict-index	dictzip	render	264	5356667
sample	flat	dict-index	dictzip	render	265	6698959
sample	flat	dict-index	dictzip	render	266	5333334
sample	flat	dict-index	dictzip	render	267	7177666
sample	flat	dict-index	dictzip	render	268	7572958
sample	flat	dict-index	dictzip	render	269	5946000
sample	flat	dict-index	dictzip	render	270	5648458
sample	flat	dict-index	dictzip	render	271	5640917
sample	flat	dict-index	dictzip	render	272	6225208
sample	flat	dict-index	dictzip	render	273	5291417
sample	flat	dict-index	dictzip	render	274	5492875
sample	flat	dict-index	dictzip	render	275	4888542
sample	flat	dict-index	dictzip	render	276	6012875
sample	flat	dict-index	dictzip	render	277	4638583
sample	flat	dict-index	dictzip	render	278	5562750
sample	flat	dict-index	dictzip	render	279	4555166
sample	flat	dict-index	dictzip	render	280	5672125
sample	flat	dict-index	dictzip	render	281	5344167
sample	flat	dict-index	dictzip	render	282	7742458
sample	flat	dict-index	dictzip	render	283	4855792
sample	flat	dict-index	dictzip	render	284	4348542
sample	flat	dict-index	dictzip	render	285	5018667
sample	flat	dict-index	dictzip	render	286	4690125
sample	flat	dict-index	dictzip	render	287	4319083
sample	flat	dict-index	dictzip	render	288	9221833
sample	flat	dict-index	dictzip	render	289	3920583
sample	flat	dict-index	dictzip	render	290	3583541
sample	flat	dict-index	dictzip	render	291	4224542
sample	flat	dict-index	dictzip	render	292	4408458
sample	flat	dict-index	dictzip	render	293	5607166
sample	flat	dict-index	dictzip	render	294	5212500
sample	flat	dict-index	dictzip	render	295	3932333
sample	flat	dict-index	dictzip	render	296	4845000
sample	flat	dict-index	dictzip	render	297	4614625
sample	flat	dict-index	dictzip	render	298	4919500
sample	flat	dict-index	dictzip	render	299	7205208
sample	flat	dict-index	dictzip	render	300	5821250
sample	flat	dict-index	dictzip	render	301	4322041
sample	flat	dict-index	dictzip	render	302	4274542
sample	flat	dict-index	dictzip	render	303	7628959
sample	flat	dict-index	dictzip	render	304	10710000
sample	flat	dict-index	dictzip	render	305	4472250
sample	flat	dict-index	dictzip	render	306	4738750
sample	flat	dict-index	dictzip	render	307	4646084
sample	flat	dict-index	dictzip	render	308	4411167
sample	flat	dict-index	dictzip	render	309	5609208
sample	flat	dict-index	dictzip	render	310	4442750
sample	flat	dict-index	dictzip	render	311	4912125
sample	flat	dict-index	dictzip	render	312	5106834
sample	flat	dict-index	dictzip	render	313	4171083
sample	flat	dict-index	dictzip	render	314	7719125
sample	flat	dict-index	dictzip	render	315	4449083
sample	flat	dict-index	dictzip	render	316	4082167
sample	flat	dict-index	dictzip	render	317	3995375
sample	flat	dict-index	dictzip	render	318	4907000
sample	flat	dict-index	dictzip	render	319	4523833
sample	flat	dict-index	dictzip	render	320	4263625
sample	flat	dict-index	dictzip	render	321	5344958
sample	flat	dict-index	dictzip	render	322	5107542
sample	flat	dict-index	dictzip	render	323	6353125
sample	flat	dict-index	dictzip	render	324	4762458
sample	flat	dict-index	dictzip	render	325	4935875
sample	flat	dict-index	dictzip	render	326	6758916
sample	flat	dict-index	dictzip	render	327	4652667
sample	flat	dict-index	dictzip	render	328	3556459
sample	flat	dict-index	dictzip	render	329	4202500
sample	flat	dict-index	dictzip	render	330	4818000
sample	flat	dict-index	dictzip	render	331	5801792
sample	flat	dict-index	dictzip	render	332	4908458
sample	flat	dict-index	dictzip	render	333	6425458
sample	flat	dict-index	dictzip	render	334	4461625
sample	flat	dict-index	dictzip	render	335	4976708
sample	flat	dict-index	dictzip	render	336	5652083
sample	flat	dict-index	dictzip	render	337	4941208
sample	flat	dict-index	dictzip	render	338	5221500
sample	flat	dict-index	dictzip	render	339	4388833
sample	flat	dict-index	dictzip	render	340	4174834
sample	flat	dict-index	dictzip	render	341	4738791
sample	flat	dict-index	dictzip	render	342	6438333
sample	flat	dict-index	dictzip	render	343	10024042
sample	flat	dict-index	dictzip	render	344	5007791
sample	flat	dict-index	dictzip	render	345	3572792
sample	flat	dict-index	dictzip	render	346	5892917
sample	flat	dict-index	dictzip	render	347	8056958
sample	flat	dict-index	dictzip	render	348	5201458
sample	flat	dict-index	dictzip	render	349	4967792
sample	flat	dict-index	dictzip	render	350	4771416
sample	flat	dict-index	dictzip	render	351	6637750
sample	flat	dict-index	dictzip	render	352	8536542
sample	flat	dict-index	dictzip	render	353	8030583
sample	flat	dict-index	dictzip	render	354	7173708
sample	flat	dict-index	dictzip	render	355	5666708
sample	flat	dict-index	dictzip	render	356	10291667
sample	flat	dict-index	dictzip	render	357	7407209
sample	flat	dict-index	dictzip	render	358	8208125
sample	flat	dict-index	dictzip	render	359	6608833
sample	flat	dict-index	dictzip	render	360	5890792
sample	flat	dict-index	dictzip	render	361	8223125
sample	flat	dict-index	dictzip	render	362	9527959
sample	flat	dict-index	dictzip	render	363	8976542
sample	flat	dict-index	dictzip	render	364	7623250
sample	flat	dict-index	dictzip	render	365	10048666
sample	flat	dict-index	dictzip	render	366	6803083
sample	flat	dict-index	dictzip	render	367	4044292
sample	flat	dict-index	dictzip	render	368	5386417
sample	flat	dict-index	dictzip	render	369	5914791
sample	flat	dict-index	dictzip	render	370	8727958
sample	flat	dict-index	dictzip	render	371	7556750
sample	flat	dict-index	dictzip	render	372	5645375
sample	flat	dict-index	dictzip	render	373	5425458
sample	flat	dict-index	dictzip	render	374	4685708
sample	flat	dict-index	dictzip	render	375	5936916
sample	flat	dict-index	dictzip	render	376	6613333
sample	flat	dict-index	dictzip	render	377	5030875
sample	flat	dict-index	dictzip	render	378	5649083
sample	flat	dict-index	dictzip	render	379	4179750
sample	flat	dict-index	dictzip	render	380	4955500
sample	flat	dict-index	dictzip	render	381	5582458
sample	flat	dict-index	dictzip	render	382	6642125
sample	flat	dict-index	dictzip	render	383	4705416
sample	flat	dict-index	dictzip	render	384	4738250
sample	flat	dict-index	dictzip	render	385	4941917
sample	flat	dict-index	dictzip	render	386	6789542
sample	flat	dict-index	dictzip	render	387	4069042
sample	flat	dict-index	dictzip	render	388	4243417
sample	flat	dict-index	dictzip	render	389	5780958
sample	flat	dict-index	dictzip	render	390	4370042
sample	flat	dict-index	dictzip	render	391	7876375
sample	flat	dict-index	dictzip	render	392	6904042
sample	flat	dict-index	dictzip	render	393	4052375
sample	flat	dict-index	dictzip	render	394	4816125
sample	flat	dict-index	dictzip	render	395	4717125
sample	flat	dict-index	dictzip	render	396	5279834
sample	flat	dict-index	dictzip	render	397	4777708
sample	flat	dict-index	dictzip	render	398	3837708
sample	flat	dict-index	dictzip	render	399	3675333
sample	flat	dict-index	dictzip	render	400	6061459
sample	flat	dict-index	dictzip	render	401	6433333
sample	flat	dict-index	dictzip	render	402	6015167
sample	flat	dict-index	dictzip	render	403	5959709
sample	flat	dict-index	dictzip	render	404	3969875
sample	flat	dict-index	dictzip	render	405	3865625
sample	flat	dict-index	dictzip	render	406	4999792
sample	flat	dict-index	dictzip	render	407	6051083
sample	flat	dict-index	dictzip	render	408	4583500
sample	flat	dict-index	dictzip	render	409	3869958
sample	flat	dict-index	dictzip	render	410	3932083
sample	flat	dict-index	dictzip	render	411	4325250
sample	flat	dict-index	dictzip	render	412	4509833
sample	flat	dict-index	dictzip	render	413	5549333
sample	flat	dict-index	dictzip	render	414	4651541
sample	flat	dict-index	dictzip	render	415	5716834
sample	flat	dict-index	dictzip	render	416	4624625
sample	flat	dict-index	dictzip	render	417	4380459
sample	flat	dict-index	dictzip	render	418	4407208
sample	flat	dict-index	dictzip	render	419	5796250
sample	flat	dict-index	dictzip	render	420	6381750
sample	flat	dict-index	dictzip	render	421	4249833
sample	flat	dict-index	dictzip	render	422	4858916
sample	flat	dict-index	dictzip	render	423	6002542
sample	flat	dict-index	dictzip	render	424	4548833
sample	flat	dict-index	dictzip	render	425	6155750
sample	flat	dict-index	dictzip	render	426	5029417
sample	flat	dict-index	dictzip	render	427	3896916
sample	flat	dict-index	dictzip	render	428	3943791
sample	flat	dict-index	dictzip	render	429	4420584
sample	flat	dict-index	dictzip	render	430	6777583
sample	flat	dict-index	dictzip	render	431	6562500
sample	flat	dict-index	dictzip	render	432	4067583
sample	flat	dict-index	dictzip	render	433	3985542
sample	flat	dict-index	dictzip	render	434	5490125
sample	flat	dict-index	dictzip	render	435	4658250
sample	flat	dict-index	dictzip	render	436	7627667
sample	flat	dict-index	dictzip	render	437	6840042
sample	flat	dict-index	dictzip	render	438	5394625
sample	flat	dict-index	dictzip	render	439	6797958
sample	flat	dict-index	dictzip	render	440	6949750
sample	flat	dict-index	dictzip	render	441	5298125
sample	flat	dict-index	dictzip	render	442	4981958
sample	flat	dict-index	dictzip	render	443	4908459
sample	flat	dict-index	dictzip	render	444	6327125
sample	flat	dict-index	dictzip	render	445	4816167
sample	flat	dict-index	dictzip	render	446	7891667
sample	flat	dict-index	dictzip	render	447	5330792
sample	flat	dict-index	dictzip	render	448	5851333
sample	flat	dict-index	dictzip	render	449	4979208
sample	flat	dict-index	dictzip	render	450	6209542
sample	flat	dict-index	dictzip	render	451	4977584
sample	flat	dict-index	dictzip	render	452	4476042
sample	flat	dict-index	dictzip	render	453	5504834
sample	flat	dict-index	dictzip	render	454	5629042
sample	flat	dict-index	dictzip	render	455	5574083
sample	flat	dict-index	dictzip	render	456	11146083
sample	flat	dict-index	dictzip	render	457	7755833
sample	flat	dict-index	dictzip	render	458	5810250
sample	flat	dict-index	dictzip	render	459	9294541
sample	flat	dict-index	dictzip	render	460	7936375
sample	flat	dict-index	dictzip	render	461	6133833
sample	flat	dict-index	dictzip	render	462	5437250
sample	flat	dict-index	dictzip	render	463	7234291
sample	flat	dict-index	dictzip	render	464	7860500
sample	flat	dict-index	dictzip	render	465	7041625
sample	flat	dict-index	dictzip	render	466	4583375
sample	flat	dict-index	dictzip	render	467	4846875
sample	flat	dict-index	dictzip	render	468	3873667
sample	flat	dict-index	dictzip	render	469	6749708
sample	flat	dict-index	dictzip	render	470	6062500
sample	flat	dict-index	dictzip	render	471	5480541
sample	flat	dict-index	dictzip	render	472	4465792
sample	flat	dict-index	dictzip	render	473	7004333
sample	flat	dict-index	dictzip	render	474	11081042
sample	flat	dict-index	dictzip	render	475	5689833
sample	flat	dict-index	dictzip	render	476	7698792
sample	flat	dict-index	dictzip	render	477	9625458
sample	flat	dict-index	dictzip	render	478	7426834
sample	flat	dict-index	dictzip	render	479	4813708
sample	flat	dict-index	dictzip	render	480	3956916
sample	flat	dict-index	dictzip	render	481	5320541
sample	flat	dict-index	dictzip	render	482	8763000
sample	flat	dict-index	dictzip	render	483	6750333
sample	flat	dict-index	dictzip	render	484	4918041
sample	flat	dict-index	dictzip	render	485	7036459
sample	flat	dict-index	dictzip	render	486	6943750
sample	flat	dict-index	dictzip	render	487	4761333
sample	flat	dict-index	dictzip	render	488	4781875
sample	flat	dict-index	dictzip	render	489	4988500
sample	flat	dict-index	dictzip	render	490	6083625
sample	flat	dict-index	dictzip	render	491	7132125
sample	flat	dict-index	dictzip	render	492	7715917
sample	flat	dict-index	dictzip	render	493	4713292
sample	flat	dict-index	dictzip	render	494	4698292
sample	flat	dict-index	dictzip	render	495	6343375
sample	flat	dict-index	dictzip	render	496	7540708
sample	flat	dict-index	dictzip	render	497	6016792
sample	flat	dict-index	dictzip	render	498	5265708
sample	flat	dict-index	dictzip	render	499	5984208
sample	flat	dict-index	dictzip	render	500	6656750
sample	flat	dict-index	dictzip	render	501	6850250
sample	flat	dict-index	dictzip	render	502	6794792
sample	flat	dict-index	dictzip	render	503	6228458
sample	flat	dict-index	dictzip	render	504	5952709
sample	flat	dict-index	dictzip	render	505	5833791
sample	flat	dict-index	dictzip	render	506	6983875
sample	flat	dict-index	dictzip	render	507	4827792
sample	flat	dict-index	dictzip	render	508	4658208
sample	flat	dict-index	dictzip	render	509	4407000
sample	flat	dict-index	dictzip	render	510	5521042
sample	flat	dict-index	dictzip	render	511	7470667
sample	flat	dict-index	dictzip	render	512	6634541
sample	flat	dict-index	dictzip	render	513	5395000
sample	flat	dict-index	dictzip	render	514	6728750
sample	flat	dict-index	dictzip	render	515	6712458
sample	flat	dict-index	dictzip	render	516	7023959
sample	flat	dict-index	dictzip	render	517	4897333
sample	flat	dict-index	dictzip	render	518	4504125
sample	flat	dict-index	dictzip	render	519	6301917
sample	flat	dict-index	dictzip	render	520	5413583
sample	flat	dict-index	dictzip	render	521	6751792
sample	flat	dict-index	dictzip	render	522	5712417
sample	flat	dict-index	dictzip	render	523	5514375
sample	flat	dict-index	dictzip	render	524	7467041
sample	flat	dict-index	dictzip	render	525	5896750
sample	flat	dict-index	dictzip	render	526	5871833
sample	flat	dict-index	dictzip	render	527	4811084
sample	flat	dict-index	dictzip	render	528	4412750
sample	flat	dict-index	dictzip	render	529	8096292
sample	flat	dict-index	dictzip	render	530	6479333
sample	flat	dict-index	dictzip	render	531	6422583
sample	flat	dict-index	dictzip	render	532	4682208
sample	flat	dict-index	dictzip	render	533	5641500
sample	flat	dict-index	dictzip	render	534	6421416
sample	flat	dict-index	dictzip	render	535	8895917
sample	flat	dict-index	dictzip	render	536	4920584
sample	flat	dict-index	dictzip	render	537	4311625
sample	flat	dict-index	dictzip	render	538	4245917
sample	flat	dict-index	dictzip	render	539	4328000
sample	flat	dict-index	dictzip	render	540	8463125
sample	flat	dict-index	dictzip	render	541	7083625
sample	flat	dict-index	dictzip	render	542	4853875
sample	flat	dict-index	dictzip	render	543	5500125
sample	flat	dict-index	dictzip	render	544	5653083
sample	flat	dict-index	dictzip	render	545	7019208
sample	flat	dict-index	dictzip	render	546	5687000
sample	flat	dict-index	dictzip	render	547	4544208
sample	flat	dict-index	dictzip	render	548	6354083
sample	flat	dict-index	dictzip	render	549	5467083
sample	flat	dict-index	dictzip	render	550	6068708
sample	flat	dict-index	dictzip	render	551	8224292
sample	flat	dict-index	dictzip	render	552	5823334
sample	flat	dict-index	dictzip	render	553	5329583
sample	flat	dict-index	dictzip	render	554	4754417
sample	flat	dict-index	dictzip	render	555	6268125
sample	flat	dict-index	dictzip	render	556	5511000
sample	flat	dict-index	dictzip	render	557	3986375
sample	flat	dict-index	dictzip	render	558	4027875
sample	flat	dict-index	dictzip	render	559	4935917
sample	flat	dict-index	dictzip	render	560	7651334
sample	flat	dict-index	dictzip	render	561	7841583
sample	flat	dict-index	dictzip	render	562	5319500
sample	flat	dict-index	dictzip	render	563	5946000
sample	flat	dict-index	dictzip	render	564	4860667
sample	flat	dict-index	dictzip	render	565	6226959
sample	flat	dict-index	dictzip	render	566	6045458
sample	flat	dict-index	dictzip	render	567	4723208
sample	flat	dict-index	dictzip	render	568	5087083
sample	flat	dict-index	dictzip	render	569	5945417
sample	flat	dict-index	dictzip	render	570	11684250
sample	flat	dict-index	dictzip	render	571	9429208
sample	flat	dict-index	dictzip	render	572	9756125
sample	flat	dict-index	dictzip	render	573	8781209
sample	flat	dict-index	dictzip	render	574	3943209
sample	flat	dict-index	dictzip	render	575	5631917
sample	flat	dict-index	dictzip	render	576	6197042
sample	flat	dict-index	dictzip	render	577	4146292
sample	flat	dict-index	dictzip	render	578	7810833
sample	flat	dict-index	dictzip	render	579	12215875
sample	flat	dict-index	dictzip	render	580	8715125
sample	flat	dict-index	dictzip	render	581	10616583
sample	flat	dict-index	dictzip	render	582	6665875
sample	flat	dict-index	dictzip	render	583	12541333
sample	flat	dict-index	dictzip	render	584	7900708
sample	flat	dict-index	dictzip	render	585	7772500
sample	flat	dict-index	dictzip	render	586	5648583
sample	flat	dict-index	dictzip	render	587	5780708
sample	flat	dict-index	dictzip	render	588	6507292
sample	flat	dict-index	dictzip	render	589	6592791
sample	flat	dict-index	dictzip	render	590	5211500
sample	flat	dict-index	dictzip	render	591	9571125
sample	flat	dict-index	dictzip	render	592	7255583
sample	flat	dict-index	dictzip	render	593	9060791
sample	flat	dict-index	dictzip	render	594	7003291
sample	flat	dict-index	dictzip	render	595	4892209
sample	flat	dict-index	dictzip	render	596	7691584
sample	flat	dict-index	dictzip	render	597	9409500
sample	flat	dict-index	dictzip	render	598	5775291
sample	flat	dict-index	dictzip	render	599	5539792
sample	flat	dict-index	dictzip	render	600	9752125
sample	flat	dict-index	dictzip	render	601	11477292
sample	flat	dict-index	dictzip	render	602	4472125
sample	flat	dict-index	dictzip	render	603	4641375
sample	flat	dict-index	dictzip	render	604	4691375
sample	flat	dict-index	dictzip	render	605	7020875
sample	flat	dict-index	dictzip	render	606	6661667
sample	flat	dict-index	dictzip	render	607	6107084
sample	flat	dict-index	dictzip	render	608	4162792
sample	flat	dict-index	dictzip	render	609	5257542
sample	flat	dict-index	dictzip	render	610	6093458
sample	flat	dict-index	dictzip	render	611	6985167
sample	flat	dict-index	dictzip	render	612	6375375
sample	flat	dict-index	dictzip	render	613	4030417
sample	flat	dict-index	dictzip	render	614	5355208
sample	flat	dict-index	dictzip	render	615	7763667
sample	flat	dict-index	dictzip	render	616	7245834
sample	flat	dict-index	dictzip	render	617	6167750
sample	flat	dict-index	dictzip	render	618	5038459
sample	flat	dict-index	dictzip	render	619	6084959
sample	flat	dict-index	dictzip	render	620	6187833
sample	flat	dict-index	dictzip	render	621	7740292
sample	flat	dict-index	dictzip	render	622	7683416
sample	flat	dict-index	dictzip	render	623	6681000
sample	flat	dict-index	dictzip	render	624	6449416
sample	flat	dict-index	dictzip	render	625	5565750
sample	flat	dict-index	dictzip	render	626	7240667
sample	flat	dict-index	dictzip	render	627	4394583
sample	flat	dict-index	dictzip	render	628	6471958
sample	flat	dict-index	dictzip	render	629	8597917
sample	flat	dict-index	dictzip	render	630	6946958
sample	flat	dict-index	dictzip	render	631	6694750
sample	flat	dict-index	dictzip	render	632	4940917
sample	flat	dict-index	dictzip	render	633	6858208
sample	flat	dict-index	dictzip	render	634	5308042
sample	flat	dict-index	dictzip	render	635	6562000
sample	flat	dict-index	dictzip	render	636	4845833
sample	flat	dict-index	dictzip	render	637	5590792
sample	flat	dict-index	dictzip	render	638	4963750
sample	flat	dict-index	dictzip	render	639	8128291
sample	flat	dict-index	dictzip	render	640	7362042
sample	flat	dict-index	dictzip	render	641	6612917
sample	flat	dict-index	dictzip	render	642	5307167
sample	flat	dict-index	dictzip	render	643	6748959
sample	flat	dict-index	dictzip	render	644	10238625
sample	flat	dict-index	dictzip	render	645	6724625
sample	flat	dict-index	dictzip	render	646	5890417
sample	flat	dict-index	dictzip	render	647	7888708
sample	flat	dict-index	dictzip	render	648	6116500
sample	flat	dict-index	dictzip	render	649	11857791
sample	flat	dict-index	dictzip	render	650	8525583
sample	flat	dict-index	dictzip	render	651	6274500
sample	flat	dict-index	dictzip	render	652	6853459
sample	flat	dict-index	dictzip	render	653	7290750
sample	flat	dict-index	dictzip	render	654	4434291
sample	flat	dict-index	dictzip	render	655	6566583
sample	flat	dict-index	dictzip	render	656	7982834
sample	flat	dict-index	dictzip	render	657	7454459
sample	flat	dict-index	dictzip	render	658	8909708
sample	flat	dict-index	dictzip	render	659	6495875
sample	flat	dict-index	dictzip	render	660	7497166
sample	flat	dict-index	dictzip	render	661	8679917
sample	flat	dict-index	dictzip	render	662	9488084
sample	flat	dict-index	dictzip	render	663	6488500
sample	flat	dict-index	dictzip	render	664	6387291
sample	flat	dict-index	dictzip	render	665	7304709
sample	flat	dict-index	dictzip	render	666	7831625
sample	flat	dict-index	dictzip	render	667	8787750
sample	flat	dict-index	dictzip	render	668	5697167
sample	flat	dict-index	dictzip	render	669	6005416
sample	flat	dict-index	dictzip	render	670	11997500
sample	flat	dict-index	dictzip	render	671	6410459
sample	flat	dict-index	dictzip	render	672	8373541
sample	flat	dict-index	dictzip	render	673	8644458
sample	flat	dict-index	dictzip	render	674	8164292
sample	flat	dict-index	dictzip	render	675	6707250
sample	flat	dict-index	dictzip	render	676	6632833
sample	flat	dict-index	dictzip	render	677	6936375
sample	flat	dict-index	dictzip	render	678	7632792
sample	flat	dict-index	dictzip	render	679	7123500
sample	flat	dict-index	dictzip	render	680	6118084
sample	flat	dict-index	dictzip	render	681	6199750
sample	flat	dict-index	dictzip	render	682	6534041
sample	flat	dict-index	dictzip	render	683	7783500
sample	flat	dict-index	dictzip	render	684	8122584
sample	flat	dict-index	dictzip	render	685	5939541
sample	flat	dict-index	dictzip	render	686	7334916
sample	flat	dict-index	dictzip	render	687	7640917
sample	flat	dict-index	dictzip	render	688	6298542
sample	flat	dict-index	dictzip	render	689	5492292
sample	flat	dict-index	dictzip	render	690	7038041
sample	flat	dict-index	dictzip	render	691	5125792
sample	flat	dict-index	dictzip	render	692	8029625
sample	flat	dict-index	dictzip	render	693	6349875
sample	flat	dict-index	dictzip	render	694	6006458
sample	flat	dict-index	dictzip	render	695	5492833
sample	flat	dict-index	dictzip	render	696	7845375
sample	flat	dict-index	dictzip	render	697	7666542
sample	flat	dict-index	dictzip	render	698	6898458
sample	flat	dict-index	dictzip	render	699	6758584
sample	flat	dict-index	dictzip	render	700	5334542
sample	flat	dict-index	dictzip	render	701	7673500
sample	flat	dict-index	dictzip	render	702	7686417
sample	flat	dict-index	dictzip	render	703	6633542
sample	flat	dict-index	dictzip	render	704	6569041
sample	flat	dict-index	dictzip	render	705	7599416
sample	flat	dict-index	dictzip	render	706	6595709
sample	flat	dict-index	dictzip	render	707	5195167
sample	flat	dict-index	dictzip	render	708	6665500
sample	flat	dict-index	dictzip	render	709	5808333
sample	flat	dict-index	dictzip	render	710	10419542
sample	flat	dict-index	dictzip	render	711	5862750
sample	flat	dict-index	dictzip	render	712	6427500
sample	flat	dict-index	dictzip	render	713	4863541
sample	flat	dict-index	dictzip	render	714	5972000
sample	flat	dict-index	dictzip	render	715	6388958
sample	flat	dict-index	dictzip	render	716	4587958
sample	flat	dict-index	dictzip	render	717	4086500
sample	flat	dict-index	dictzip	render	718	5889875
sample	flat	dict-index	dictzip	render	719	4823208
sample	flat	dict-index	dictzip	render	720	5262500
sample	flat	dict-index	dictzip	render	721	6586875
sample	flat	dict-index	dictzip	render	722	4177667
sample	flat	dict-index	dictzip	render	723	5412292
sample	flat	dict-index	dictzip	render	724	5640500
sample	flat	dict-index	dictzip	render	725	7346417
sample	flat	dict-index	dictzip	render	726	3350208
sample	flat	dict-index	dictzip	render	727	4420292
sample	flat	dict-index	dictzip	render	728	4441750
sample	flat	dict-index	dictzip	render	729	5525792
sample	flat	dict-index	dictzip	render	730	4911167
sample	flat	dict-index	dictzip	render	731	5463542
sample	flat	dict-index	dictzip	render	732	5503792
sample	flat	dict-index	dictzip	render	733	3398167
sample	flat	dict-index	dictzip	render	734	5221917
sample	flat	dict-index	dictzip	render	735	3421750
sample	flat	dict-index	dictzip	render	736	4566458
sample	flat	dict-index	dictzip	render	737	7883542
sample	flat	dict-index	dictzip	render	738	4613875
sample	flat	dict-index	dictzip	render	739	4384708
sample	flat	dict-index	dictzip	render	740	5090625
sample	flat	dict-index	dictzip	render	741	5424375
sample	flat	dict-index	dictzip	render	742	5436125
sample	flat	dict-index	dictzip	render	743	6784792
sample	flat	dict-index	dictzip	render	744	5810958
sample	flat	dict-index	dictzip	render	745	5866250
sample	flat	dict-index	dictzip	render	746	5671250
sample	flat	dict-index	dictzip	render	747	7437625
sample	flat	dict-index	dictzip	render	748	4623458
sample	flat	dict-index	dictzip	render	749	4426291
sample	flat	dict-index	dictzip	render	750	3993500
sample	flat	dict-index	dictzip	render	751	6162166
sample	flat	dict-index	dictzip	render	752	6020250
sample	flat	dict-index	dictzip	render	753	5352708
sample	flat	dict-index	dictzip	render	754	5071375
sample	flat	dict-index	dictzip	render	755	4885958
sample	flat	dict-index	dictzip	render	756	5058875
sample	flat	dict-index	dictzip	render	757	6271417
sample	flat	dict-index	dictzip	render	758	6336792
sample	flat	dict-index	dictzip	render	759	3832750
sample	flat	dict-index	dictzip	render	760	4304042
sample	flat	dict-index	dictzip	render	761	4221500
sample	flat	dict-index	dictzip	render	762	4681916
sample	flat	dict-index	dictzip	render	763	4117041
sample	flat	dict-index	dictzip	render	764	5500167
sample	flat	dict-index	dictzip	render	765	5336875
sample	flat	dict-index	dictzip	render	766	3960458
sample	flat	dict-index	dictzip	render	767	4971667
sample	flat	dict-index	dictzip	render	768	4569542
sample	flat	dict-index	dictzip	render	769	5352041
sample	flat	dict-index	dictzip	render	770	4891542
sample	flat	dict-index	dictzip	render	771	5355833
sample	flat	dict-index	dictzip	render	772	5574625
sample	flat	dict-index	dictzip	render	773	4807083
sample	flat	dict-index	dictzip	render	774	4565958
sample	flat	dict-index	dictzip	render	775	5526667
sample	flat	dict-index	dictzip	render	776	5697750
sample	flat	dict-index	dictzip	render	777	5138834
sample	flat	dict-index	dictzip	render	778	5404417
sample	flat	dict-index	dictzip	render	779	4610125
sample	flat	dict-index	dictzip	render	780	6113959
sample	flat	dict-index	dictzip	render	781	5708125
sample	flat	dict-index	dictzip	render	782	3904500
sample	flat	dict-index	dictzip	render	783	4025458
sample	flat	dict-index	dictzip	render	784	4268625
sample	flat	dict-index	dictzip	render	785	4596542
sample	flat	dict-index	dictzip	render	786	5795584
sample	flat	dict-index	dictzip	render	787	6694084
sample	flat	dict-index	dictzip	render	788	3636291
sample	flat	dict-index	dictzip	render	789	4959291
sample	flat	dict-index	dictzip	render	790	4869833
sample	flat	dict-index	dictzip	render	791	5780833
sample	flat	dict-index	dictzip	render	792	5315542
sample	flat	dict-index	dictzip	render	793	4046792
sample	flat	dict-index	dictzip	render	794	3937125
sample	flat	dict-index	dictzip	render	795	5133042
sample	flat	dict-index	dictzip	render	796	4606959
sample	flat	dict-index	dictzip	render	797	5725708
sample	flat	dict-index	dictzip	render	798	6976583
sample	flat	dict-index	dictzip	render	799	4311166
sample	flat	dict-index	dictzip	render	800	5080250
sample	flat	dict-index	dictzip	render	801	5699958
sample	flat	dict-index	dictzip	render	802	6736167
sample	flat	dict-index	dictzip	render	803	6572917
sample	flat	dict-index	dictzip	render	804	5604042
sample	flat	dict-index	dictzip	render	805	6246000
sample	flat	dict-index	dictzip	render	806	6503250
sample	flat	dict-index	dictzip	render	807	6177459
sample	flat	dict-index	dictzip	render	808	6540833
sample	flat	dict-index	dictzip	render	809	4099500
sample	flat	dict-index	dictzip	render	810	5535833
sample	flat	dict-index	dictzip	render	811	5815000
sample	flat	dict-index	dictzip	render	812	7087375
sample	flat	dict-index	dictzip	render	813	4307000
sample	flat	dict-index	dictzip	render	814	5305959
sample	flat	dict-index	dictzip	render	815	6064667
sample	flat	dict-index	dictzip	render	816	5445500
sample	flat	dict-index	dictzip	render	817	7317500
sample	flat	dict-index	dictzip	render	818	7085666
sample	flat	dict-index	dictzip	render	819	5666542
sample	flat	dict-index	dictzip	render	820	6261666
sample	flat	dict-index	dictzip	render	821	8164167
sample	flat	dict-index	dictzip	render	822	6232917
sample	flat	dict-index	dictzip	render	823	4125334
sample	flat	dict-index	dictzip	render	824	4805666
sample	flat	dict-index	dictzip	render	825	7760958
sample	flat	dict-index	dictzip	render	826	7350125
sample	flat	dict-index	dictzip	render	827	6505750
sample	flat	dict-index	dictzip	render	828	5601125
sample	flat	dict-index	dictzip	render	829	6502708
sample	flat	dict-index	dictzip	render	830	7315708
sample	flat	dict-index	dictzip	render	831	6496750
sample	flat	dict-index	dictzip	render	832	6081666
sample	flat	dict-index	dictzip	render	833	6867667
sample	flat	dict-index	dictzip	render	834	7825666
sample	flat	dict-index	dictzip	render	835	6930792
sample	flat	dict-index	dictzip	render	836	8046625
sample	flat	dict-index	dictzip	render	837	8637833
sample	flat	dict-index	dictzip	render	838	7601875
sample	flat	dict-index	dictzip	render	839	7328500
sample	flat	dict-index	dictzip	render	840	5384333
sample	flat	dict-index	dictzip	render	841	4491125
sample	flat	dict-index	dictzip	render	842	7107084
sample	flat	dict-index	dictzip	render	843	7551375
sample	flat	dict-index	dictzip	render	844	7405167
sample	flat	dict-index	dictzip	render	845	5172750
sample	flat	dict-index	dictzip	render	846	5574167
sample	flat	dict-index	dictzip	render	847	8562417
sample	flat	dict-index	dictzip	render	848	7770750
sample	flat	dict-index	dictzip	render	849	5193791
sample	flat	dict-index	dictzip	render	850	7189208
sample	flat	dict-index	dictzip	render	851	5965208
sample	flat	dict-index	dictzip	render	852	5693625
sample	flat	dict-index	dictzip	render	853	6792417
sample	flat	dict-index	dictzip	render	854	4731292
sample	flat	dict-index	dictzip	render	855	6412750
sample	flat	dict-index	dictzip	render	856	5356917
sample	flat	dict-index	dictzip	render	857	5437250
sample	flat	dict-index	dictzip	render	858	5712792
sample	flat	dict-index	dictzip	render	859	4855209
sample	flat	dict-index	dictzip	render	860	5138250
sample	flat	dict-index	dictzip	render	861	6391875
sample	flat	dict-index	dictzip	render	862	6341375
sample	flat	dict-index	dictzip	render	863	6645542
sample	flat	dict-index	dictzip	render	864	4529542
sample	flat	dict-index	dictzip	render	865	4422791
sample	flat	dict-index	dictzip	render	866	5060917
sample	flat	dict-index	dictzip	render	867	6416792
sample	flat	dict-index	dictzip	render	868	6161458
sample	flat	dict-index	dictzip	render	869	6459875
sample	flat	dict-index	dictzip	render	870	7381042
sample	flat	dict-index	dictzip	render	871	5627375
sample	flat	dict-index	dictzip	render	872	6223291
sample	flat	dict-index	dictzip	render	873	6153750
sample	flat	dict-index	dictzip	render	874	4330500
sample	flat	dict-index	dictzip	render	875	5825083
sample	flat	dict-index	dictzip	render	876	4921541
sample	flat	dict-index	dictzip	render	877	6230125
sample	flat	dict-index	dictzip	render	878	6397167
sample	flat	dict-index	dictzip	render	879	4061167
sample	flat	dict-index	dictzip	render	880	4920625
sample	flat	dict-index	dictzip	render	881	6188875
sample	flat	dict-index	dictzip	render	882	6324333
sample	flat	dict-index	dictzip	render	883	5424791
sample	flat	dict-index	dictzip	render	884	5277875
sample	flat	dict-index	dictzip	render	885	5432375
sample	flat	dict-index	dictzip	render	886	7402875
sample	flat	dict-index	dictzip	render	887	7255250
sample	flat	dict-index	dictzip	render	888	6040875
sample	flat	dict-index	dictzip	render	889	6224167
sample	flat	dict-index	dictzip	render	890	6897792
sample	flat	dict-index	dictzip	render	891	5936375
sample	flat	dict-index	dictzip	render	892	9039375
sample	flat	dict-index	dictzip	render	893	10011209
sample	flat	dict-index	dictzip	render	894	4568875
sample	flat	dict-index	dictzip	render	895	7728167
sample	flat	dict-index	dictzip	render	896	9751042
sample	flat	dict-index	dictzip	render	897	6913875
sample	flat	dict-index	dictzip	render	898	6395167
sample	flat	dict-index	dictzip	render	899	5618792
sample	flat	dict-index	dictzip	render	900	5978917
sample	flat	dict-index	dictzip	render	901	7820833
sample	flat	dict-index	dictzip	render	902	7267042
sample	flat	dict-index	dictzip	render	903	3780209
sample	flat	dict-index	dictzip	render	904	6298791
sample	flat	dict-index	dictzip	render	905	4193125
sample	flat	dict-index	dictzip	render	906	6005417
sample	flat	dict-index	dictzip	render	907	5584125
sample	flat	dict-index	dictzip	render	908	3748916
sample	flat	dict-index	dictzip	render	909	5055792
sample	flat	dict-index	dictzip	render	910	5652833
sample	flat	dict-index	dictzip	render	911	8805292
sample	flat	dict-index	dictzip	render	912	7157166
sample	flat	dict-index	dictzip	render	913	3399583
sample	flat	dict-index	dictzip	render	914	5245500
sample	flat	dict-index	dictzip	render	915	7347041
sample	flat	dict-index	dictzip	render	916	8827792
sample	flat	dict-index	dictzip	render	917	5643875
sample	flat	dict-index	dictzip	render	918	5807584
sample	flat	dict-index	dictzip	render	919	3913000
sample	flat	dict-index	dictzip	render	920	4497250
sample	flat	dict-index	dictzip	render	921	9176417
sample	flat	dict-index	dictzip	render	922	5849541
sample	flat	dict-index	dictzip	render	923	5027166
sample	flat	dict-index	dictzip	render	924	7094958
sample	flat	dict-index	dictzip	render	925	4232334
sample	flat	dict-index	dictzip	render	926	6073417
sample	flat	dict-index	dictzip	render	927	6959875
sample	flat	dict-index	dictzip	render	928	5223167
sample	flat	dict-index	dictzip	render	929	4841250
sample	flat	dict-index	dictzip	render	930	5872917
sample	flat	dict-index	dictzip	render	931	8042875
sample	flat	dict-index	dictzip	render	932	8168209
sample	flat	dict-index	dictzip	render	933	4954542
sample	flat	dict-index	dictzip	render	934	5192750
sample	flat	dict-index	dictzip	render	935	5359916
sample	flat	dict-index	dictzip	render	936	6423541
sample	flat	dict-index	dictzip	render	937	5746750
sample	flat	dict-index	dictzip	render	938	5134167
sample	flat	dict-index	dictzip	render	939	5092291
sample	flat	dict-index	dictzip	render	940	5061167
sample	flat	dict-index	dictzip	render	941	7296292
sample	flat	dict-index	dictzip	render	942	6568209
sample	flat	dict-index	dictzip	render	943	4315292
sample	flat	dict-index	dictzip	render	944	4868750
sample	flat	dict-index	dictzip	render	945	6579334
sample	flat	dict-index	dictzip	render	946	5920292
sample	flat	dict-index	dictzip	render	947	7552333
sample	flat	dict-index	dictzip	render	948	5727875
sample	flat	dict-index	dictzip	render	949	5869541
sample	flat	dict-index	dictzip	render	950	5290458
sample	flat	dict-index	dictzip	render	951	7503334
sample	flat	dict-index	dictzip	render	952	5732167
sample	flat	dict-index	dictzip	render	953	6224625
sample	flat	dict-index	dictzip	render	954	7073417
sample	flat	dict-index	dictzip	render	955	6265875
sample	flat	dict-index	dictzip	render	956	5573708
sample	flat	dict-index	dictzip	render	957	5788125
sample	flat	dict-index	dictzip	render	958	4949583
sample	flat	dict-index	dictzip	render	959	4672167
sample	flat	dict-index	dictzip	render	960	5856375
sample	flat	dict-index	dictzip	render	961	5083959
sample	flat	dict-index	dictzip	render	962	6381208
sample	flat	dict-index	dictzip	render	963	4944625
sample	flat	dict-index	dictzip	render	964	4763166
sample	flat	dict-index	dictzip	render	965	4021375
sample	flat	dict-index	dictzip	render	966	4739333
sample	flat	dict-index	dictzip	render	967	6851208
sample	flat	dict-index	dictzip	render	968	4317291
sample	flat	dict-index	dictzip	render	969	4968500
sample	flat	dict-index	dictzip	render	970	7397000
sample	flat	dict-index	dictzip	render	971	8612875
sample	flat	dict-index	dictzip	render	972	7683542
sample	flat	dict-index	dictzip	render	973	4319000
sample	flat	dict-index	dictzip	render	974	7568084
sample	flat	dict-index	dictzip	render	975	9147000
sample	flat	dict-index	dictzip	render	976	5199125
sample	flat	dict-index	dictzip	render	977	4718917
sample	flat	dict-index	dictzip	render	978	5576500
sample	flat	dict-index	dictzip	render	979	6181875
sample	flat	dict-index	dictzip	render	980	6517000
sample	flat	dict-index	dictzip	render	981	6605083
sample	flat	dict-index	dictzip	render	982	5512167
sample	flat	dict-index	dictzip	render	983	4916208
sample	flat	dict-index	dictzip	render	984	3813500
sample	flat	dict-index	dictzip	render	985	6977083
sample	flat	dict-index	dictzip	render	986	4569083
sample	flat	dict-index	dictzip	render	987	6104625
sample	flat	dict-index	dictzip	render	988	4620792
sample	flat	dict-index	dictzip	render	989	4892084
sample	flat	dict-index	dictzip	render	990	7156375
sample	flat	dict-index	dictzip	render	991	7021584
sample	flat	dict-index	dictzip	render	992	4804334
sample	flat	dict-index	dictzip	render	993	3755583
sample	flat	dict-index	dictzip	render	994	5944334
sample	flat	dict-index	dictzip	render	995	5779500
sample	flat	dict-index	dictzip	render	996	4517625
sample	flat	dict-index	dictzip	render	997	4663667
sample	flat	dict-index	dictzip	render	998	6241375
sample	flat	dict-index	dictzip	render	999	5783959
result	flat	dict-index	dictzip	exact.p50_ns	958
result	flat	dict-index	dictzip	exact.p95_ns	4625
result	flat	dict-index	dictzip	exact.p99_ns	13500
result	flat	dict-index	dictzip	prefix.p50_ns	125541
result	flat	dict-index	dictzip	prefix.p95_ns	440125
result	flat	dict-index	dictzip	prefix.p99_ns	1279000
result	flat	dict-index	dictzip	render.p50_ns	5708209
result	flat	dict-index	dictzip	render.p95_ns	8612875
result	flat	dict-index	dictzip	render.p99_ns	10710000
result	flat	dict-index	dictzip	exact.hit.p50_ns	1125
result	flat	dict-index	dictzip	exact.hit.p95_ns	4375
result	flat	dict-index	dictzip	exact.hit.p99_ns	18458
result	flat	dict-index	dictzip	exact.miss.p50_ns	500
result	flat	dict-index	dictzip	exact.miss.p95_ns	5125
result	flat	dict-index	dictzip	exact.miss.p99_ns	9875
result	flat	dict-index	dictzip	prefix.zero.p50_ns	5917
result	flat	dict-index	dictzip	prefix.zero.p95_ns	19500
result	flat	dict-index	dictzip	prefix.zero.p99_ns	45458
result	flat	dict-index	dictzip	prefix.one.p50_ns	6542
result	flat	dict-index	dictzip	prefix.one.p95_ns	24208
result	flat	dict-index	dictzip	prefix.one.p99_ns	31542
result	flat	dict-index	dictzip	prefix.many.p50_ns	146209
result	flat	dict-index	dictzip	prefix.many.p95_ns	576125
result	flat	dict-index	dictzip	prefix.many.p99_ns	1545792
result	flat	dict-index	dictzip	prefix.pathological.p50_ns	-
result	flat	dict-index	dictzip	prefix.pathological.p95_ns	-
result	flat	dict-index	dictzip	prefix.pathological.p99_ns	-
result	flat	slob	raw	artifact_bytes	478747
result	flat	slob	raw	build_ns	60076791
sample	flat	slob	raw	open	0	347917
sample	flat	slob	raw	open	1	215875
sample	flat	slob	raw	open	2	166917
sample	flat	slob	raw	open	3	161042
sample	flat	slob	raw	open	4	157166
sample	flat	slob	raw	open	5	313000
sample	flat	slob	raw	open	6	204875
sample	flat	slob	raw	open	7	156584
sample	flat	slob	raw	open	8	157333
sample	flat	slob	raw	open	9	158541
sample	flat	slob	raw	open	10	157167
sample	flat	slob	raw	open	11	172709
sample	flat	slob	raw	open	12	1064625
sample	flat	slob	raw	open	13	1554041
sample	flat	slob	raw	open	14	355542
sample	flat	slob	raw	open	15	121166
sample	flat	slob	raw	open	16	82792
sample	flat	slob	raw	open	17	71500
sample	flat	slob	raw	open	18	69250
sample	flat	slob	raw	open	19	70167
sample	flat	slob	raw	open	20	65875
sample	flat	slob	raw	open	21	64041
sample	flat	slob	raw	open	22	63792
sample	flat	slob	raw	open	23	66583
sample	flat	slob	raw	open	24	65958
result	flat	slob	raw	open_ns	157167
result	flat	slob	raw	semantic_digest	14813021753239549239
result	flat	slob	raw	query_checksum	15472329982066036572
result	flat	slob	raw	outputs	1024875
result	flat	slob	raw	logical_prose_bytes	394154
sample	flat	slob	raw	exact	0	1124667
sample	flat	slob	raw	exact	1	440625
sample	flat	slob	raw	exact	2	437292
sample	flat	slob	raw	exact	3	689958
sample	flat	slob	raw	exact	4	1305584
sample	flat	slob	raw	exact	5	657209
sample	flat	slob	raw	exact	6	1240625
sample	flat	slob	raw	exact	7	887000
sample	flat	slob	raw	exact	8	581417
sample	flat	slob	raw	exact	9	1030875
sample	flat	slob	raw	exact	10	1440250
sample	flat	slob	raw	exact	11	401250
sample	flat	slob	raw	exact	12	455042
sample	flat	slob	raw	exact	13	418083
sample	flat	slob	raw	exact	14	908291
sample	flat	slob	raw	exact	15	1503167
sample	flat	slob	raw	exact	16	443458
sample	flat	slob	raw	exact	17	337958
sample	flat	slob	raw	exact	18	435166
sample	flat	slob	raw	exact	19	406250
sample	flat	slob	raw	exact	20	776958
sample	flat	slob	raw	exact	21	418667
sample	flat	slob	raw	exact	22	433375
sample	flat	slob	raw	exact	23	1727167
sample	flat	slob	raw	exact	24	1962083
sample	flat	slob	raw	exact	25	336291
sample	flat	slob	raw	exact	26	427750
sample	flat	slob	raw	exact	27	477666
sample	flat	slob	raw	exact	28	422125
sample	flat	slob	raw	exact	29	390417
sample	flat	slob	raw	exact	30	720958
sample	flat	slob	raw	exact	31	1958000
sample	flat	slob	raw	exact	32	429709
sample	flat	slob	raw	exact	33	335083
sample	flat	slob	raw	exact	34	425625
sample	flat	slob	raw	exact	35	717417
sample	flat	slob	raw	exact	36	491667
sample	flat	slob	raw	exact	37	484292
sample	flat	slob	raw	exact	38	431292
sample	flat	slob	raw	exact	39	460083
sample	flat	slob	raw	exact	40	427042
sample	flat	slob	raw	exact	41	337250
sample	flat	slob	raw	exact	42	424583
sample	flat	slob	raw	exact	43	599625
sample	flat	slob	raw	exact	44	1144000
sample	flat	slob	raw	exact	45	928167
sample	flat	slob	raw	exact	46	811084
sample	flat	slob	raw	exact	47	1046375
sample	flat	slob	raw	exact	48	1043667
sample	flat	slob	raw	exact	49	339583
sample	flat	slob	raw	exact	50	431042
sample	flat	slob	raw	exact	51	394083
sample	flat	slob	raw	exact	52	703041
sample	flat	slob	raw	exact	53	553500
sample	flat	slob	raw	exact	54	1733209
sample	flat	slob	raw	exact	55	498916
sample	flat	slob	raw	exact	56	435459
sample	flat	slob	raw	exact	57	344709
sample	flat	slob	raw	exact	58	429459
sample	flat	slob	raw	exact	59	437792
sample	flat	slob	raw	exact	60	1056250
sample	flat	slob	raw	exact	61	464167
sample	flat	slob	raw	exact	62	1668083
sample	flat	slob	raw	exact	63	791500
sample	flat	slob	raw	exact	64	431875
sample	flat	slob	raw	exact	65	729291
sample	flat	slob	raw	exact	66	433084
sample	flat	slob	raw	exact	67	1587167
sample	flat	slob	raw	exact	68	431125
sample	flat	slob	raw	exact	69	1055541
sample	flat	slob	raw	exact	70	526916
sample	flat	slob	raw	exact	71	460208
sample	flat	slob	raw	exact	72	590083
sample	flat	slob	raw	exact	73	337792
sample	flat	slob	raw	exact	74	506916
sample	flat	slob	raw	exact	75	438750
sample	flat	slob	raw	exact	76	1283042
sample	flat	slob	raw	exact	77	407291
sample	flat	slob	raw	exact	78	432500
sample	flat	slob	raw	exact	79	462167
sample	flat	slob	raw	exact	80	429417
sample	flat	slob	raw	exact	81	336083
sample	flat	slob	raw	exact	82	424625
sample	flat	slob	raw	exact	83	509833
sample	flat	slob	raw	exact	84	812042
sample	flat	slob	raw	exact	85	882292
sample	flat	slob	raw	exact	86	435083
sample	flat	slob	raw	exact	87	458625
sample	flat	slob	raw	exact	88	424792
sample	flat	slob	raw	exact	89	333916
sample	flat	slob	raw	exact	90	426250
sample	flat	slob	raw	exact	91	1461584
sample	flat	slob	raw	exact	92	461709
sample	flat	slob	raw	exact	93	400833
sample	flat	slob	raw	exact	94	2556791
sample	flat	slob	raw	exact	95	712375
sample	flat	slob	raw	exact	96	435500
sample	flat	slob	raw	exact	97	340125
sample	flat	slob	raw	exact	98	431167
sample	flat	slob	raw	exact	99	401125
sample	flat	slob	raw	exact	100	1661292
sample	flat	slob	raw	exact	101	1485584
sample	flat	slob	raw	exact	102	431250
sample	flat	slob	raw	exact	103	461833
sample	flat	slob	raw	exact	104	429750
sample	flat	slob	raw	exact	105	496000
sample	flat	slob	raw	exact	106	439041
sample	flat	slob	raw	exact	107	597625
sample	flat	slob	raw	exact	108	1922709
sample	flat	slob	raw	exact	109	404917
sample	flat	slob	raw	exact	110	441375
sample	flat	slob	raw	exact	111	463667
sample	flat	slob	raw	exact	112	487000
sample	flat	slob	raw	exact	113	335666
sample	flat	slob	raw	exact	114	426833
sample	flat	slob	raw	exact	115	395458
sample	flat	slob	raw	exact	116	423834
sample	flat	slob	raw	exact	117	769959
sample	flat	slob	raw	exact	118	875792
sample	flat	slob	raw	exact	119	469208
sample	flat	slob	raw	exact	120	425833
sample	flat	slob	raw	exact	121	340208
sample	flat	slob	raw	exact	122	894584
sample	flat	slob	raw	exact	123	491167
sample	flat	slob	raw	exact	124	434084
sample	flat	slob	raw	exact	125	653959
sample	flat	slob	raw	exact	126	693750
sample	flat	slob	raw	exact	127	458959
sample	flat	slob	raw	exact	128	971792
sample	flat	slob	raw	exact	129	336083
sample	flat	slob	raw	exact	130	430000
sample	flat	slob	raw	exact	131	395417
sample	flat	slob	raw	exact	132	425500
sample	flat	slob	raw	exact	133	396084
sample	flat	slob	raw	exact	134	424292
sample	flat	slob	raw	exact	135	1244833
sample	flat	slob	raw	exact	136	443250
sample	flat	slob	raw	exact	137	717417
sample	flat	slob	raw	exact	138	856333
sample	flat	slob	raw	exact	139	779583
sample	flat	slob	raw	exact	140	443042
sample	flat	slob	raw	exact	141	1447292
sample	flat	slob	raw	exact	142	430000
sample	flat	slob	raw	exact	143	467167
sample	flat	slob	raw	exact	144	438083
sample	flat	slob	raw	exact	145	339667
sample	flat	slob	raw	exact	146	428458
sample	flat	slob	raw	exact	147	398209
sample	flat	slob	raw	exact	148	427833
sample	flat	slob	raw	exact	149	777292
sample	flat	slob	raw	exact	150	730292
sample	flat	slob	raw	exact	151	618167
sample	flat	slob	raw	exact	152	759916
sample	flat	slob	raw	exact	153	397708
sample	flat	slob	raw	exact	154	450959
sample	flat	slob	raw	exact	155	404833
sample	flat	slob	raw	exact	156	430542
sample	flat	slob	raw	exact	157	712167
sample	flat	slob	raw	exact	158	535375
sample	flat	slob	raw	exact	159	464083
sample	flat	slob	raw	exact	160	430750
sample	flat	slob	raw	exact	161	335375
sample	flat	slob	raw	exact	162	427709
sample	flat	slob	raw	exact	163	985666
sample	flat	slob	raw	exact	164	771333
sample	flat	slob	raw	exact	165	1023667
sample	flat	slob	raw	exact	166	436083
sample	flat	slob	raw	exact	167	463292
sample	flat	slob	raw	exact	168	430292
sample	flat	slob	raw	exact	169	657250
sample	flat	slob	raw	exact	170	849333
sample	flat	slob	raw	exact	171	1554375
sample	flat	slob	raw	exact	172	430375
sample	flat	slob	raw	exact	173	395708
sample	flat	slob	raw	exact	174	678208
sample	flat	slob	raw	exact	175	1555250
sample	flat	slob	raw	exact	176	586166
sample	flat	slob	raw	exact	177	784666
sample	flat	slob	raw	exact	178	605625
sample	flat	slob	raw	exact	179	940292
sample	flat	slob	raw	exact	180	939417
sample	flat	slob	raw	exact	181	1172458
sample	flat	slob	raw	exact	182	739042
sample	flat	slob	raw	exact	183	465125
sample	flat	slob	raw	exact	184	432375
sample	flat	slob	raw	exact	185	337084
sample	flat	slob	raw	exact	186	426458
sample	flat	slob	raw	exact	187	393917
sample	flat	slob	raw	exact	188	426625
sample	flat	slob	raw	exact	189	1742375
sample	flat	slob	raw	exact	190	813041
sample	flat	slob	raw	exact	191	469000
sample	flat	slob	raw	exact	192	497000
sample	flat	slob	raw	exact	193	337584
sample	flat	slob	raw	exact	194	433875
sample	flat	slob	raw	exact	195	396084
sample	flat	slob	raw	exact	196	758125
sample	flat	slob	raw	exact	197	540875
sample	flat	slob	raw	exact	198	429666
sample	flat	slob	raw	exact	199	460167
sample	flat	slob	raw	exact	200	427625
sample	flat	slob	raw	exact	201	338125
sample	flat	slob	raw	exact	202	707000
sample	flat	slob	raw	exact	203	395833
sample	flat	slob	raw	exact	204	426500
sample	flat	slob	raw	exact	205	393916
sample	flat	slob	raw	exact	206	423625
sample	flat	slob	raw	exact	207	456875
sample	flat	slob	raw	exact	208	427833
sample	flat	slob	raw	exact	209	334292
sample	flat	slob	raw	exact	210	1153666
sample	flat	slob	raw	exact	211	401167
sample	flat	slob	raw	exact	212	437916
sample	flat	slob	raw	exact	213	395750
sample	flat	slob	raw	exact	214	430208
sample	flat	slob	raw	exact	215	458917
sample	flat	slob	raw	exact	216	802542
sample	flat	slob	raw	exact	217	497666
sample	flat	slob	raw	exact	218	441458
sample	flat	slob	raw	exact	219	710584
sample	flat	slob	raw	exact	220	433833
sample	flat	slob	raw	exact	221	398500
sample	flat	slob	raw	exact	222	1131833
sample	flat	slob	raw	exact	223	476500
sample	flat	slob	raw	exact	224	1749500
sample	flat	slob	raw	exact	225	342792
sample	flat	slob	raw	exact	226	434916
sample	flat	slob	raw	exact	227	402500
sample	flat	slob	raw	exact	228	433667
sample	flat	slob	raw	exact	229	432458
sample	flat	slob	raw	exact	230	432709
sample	flat	slob	raw	exact	231	1790708
sample	flat	slob	raw	exact	232	430125
sample	flat	slob	raw	exact	233	336875
sample	flat	slob	raw	exact	234	1311750
sample	flat	slob	raw	exact	235	417167
sample	flat	slob	raw	exact	236	625834
sample	flat	slob	raw	exact	237	399125
sample	flat	slob	raw	exact	238	438625
sample	flat	slob	raw	exact	239	684125
sample	flat	slob	raw	exact	240	425708
sample	flat	slob	raw	exact	241	335000
sample	flat	slob	raw	exact	242	424958
sample	flat	slob	raw	exact	243	393542
sample	flat	slob	raw	exact	244	426417
sample	flat	slob	raw	exact	245	395292
sample	flat	slob	raw	exact	246	424709
sample	flat	slob	raw	exact	247	458208
sample	flat	slob	raw	exact	248	429916
sample	flat	slob	raw	exact	249	334084
sample	flat	slob	raw	exact	250	428625
sample	flat	slob	raw	exact	251	623959
sample	flat	slob	raw	exact	252	928958
sample	flat	slob	raw	exact	253	406750
sample	flat	slob	raw	exact	254	434250
sample	flat	slob	raw	exact	255	463208
sample	flat	slob	raw	exact	256	936709
sample	flat	slob	raw	exact	257	727542
sample	flat	slob	raw	exact	258	904209
sample	flat	slob	raw	exact	259	399916
sample	flat	slob	raw	exact	260	474542
sample	flat	slob	raw	exact	261	396667
sample	flat	slob	raw	exact	262	906667
sample	flat	slob	raw	exact	263	624833
sample	flat	slob	raw	exact	264	425417
sample	flat	slob	raw	exact	265	601791
sample	flat	slob	raw	exact	266	428750
sample	flat	slob	raw	exact	267	396542
sample	flat	slob	raw	exact	268	425334
sample	flat	slob	raw	exact	269	922041
sample	flat	slob	raw	exact	270	434250
sample	flat	slob	raw	exact	271	1957209
sample	flat	slob	raw	exact	272	1044959
sample	flat	slob	raw	exact	273	356542
sample	flat	slob	raw	exact	274	803917
sample	flat	slob	raw	exact	275	2526666
sample	flat	slob	raw	exact	276	442958
sample	flat	slob	raw	exact	277	423167
sample	flat	slob	raw	exact	278	433875
sample	flat	slob	raw	exact	279	463375
sample	flat	slob	raw	exact	280	432292
sample	flat	slob	raw	exact	281	337916
sample	flat	slob	raw	exact	282	683958
sample	flat	slob	raw	exact	283	573666
sample	flat	slob	raw	exact	284	948333
sample	flat	slob	raw	exact	285	399084
sample	flat	slob	raw	exact	286	462666
sample	flat	slob	raw	exact	287	486667
sample	flat	slob	raw	exact	288	428792
sample	flat	slob	raw	exact	289	334334
sample	flat	slob	raw	exact	290	430833
sample	flat	slob	raw	exact	291	536667
sample	flat	slob	raw	exact	292	936542
sample	flat	slob	raw	exact	293	788167
sample	flat	slob	raw	exact	294	789791
sample	flat	slob	raw	exact	295	707542
sample	flat	slob	raw	exact	296	978875
sample	flat	slob	raw	exact	297	363417
sample	flat	slob	raw	exact	298	434375
sample	flat	slob	raw	exact	299	1862542
sample	flat	slob	raw	exact	300	1131916
sample	flat	slob	raw	exact	301	763916
sample	flat	slob	raw	exact	302	1060458
sample	flat	slob	raw	exact	303	467666
sample	flat	slob	raw	exact	304	2155416
sample	flat	slob	raw	exact	305	519250
sample	flat	slob	raw	exact	306	470708
sample	flat	slob	raw	exact	307	399125
sample	flat	slob	raw	exact	308	429167
sample	flat	slob	raw	exact	309	1972417
sample	flat	slob	raw	exact	310	1095709
sample	flat	slob	raw	exact	311	467959
sample	flat	slob	raw	exact	312	710042
sample	flat	slob	raw	exact	313	644834
sample	flat	slob	raw	exact	314	701459
sample	flat	slob	raw	exact	315	417333
sample	flat	slob	raw	exact	316	434666
sample	flat	slob	raw	exact	317	671750
sample	flat	slob	raw	exact	318	884542
sample	flat	slob	raw	exact	319	463666
sample	flat	slob	raw	exact	320	431041
sample	flat	slob	raw	exact	321	338792
sample	flat	slob	raw	exact	322	456250
sample	flat	slob	raw	exact	323	664291
sample	flat	slob	raw	exact	324	1228208
sample	flat	slob	raw	exact	325	419084
sample	flat	slob	raw	exact	326	436958
sample	flat	slob	raw	exact	327	471625
sample	flat	slob	raw	exact	328	459042
sample	flat	slob	raw	exact	329	337833
sample	flat	slob	raw	exact	330	1305042
sample	flat	slob	raw	exact	331	406708
sample	flat	slob	raw	exact	332	431375
sample	flat	slob	raw	exact	333	397833
sample	flat	slob	raw	exact	334	431708
sample	flat	slob	raw	exact	335	462583
sample	flat	slob	raw	exact	336	1271708
sample	flat	slob	raw	exact	337	348666
sample	flat	slob	raw	exact	338	430083
sample	flat	slob	raw	exact	339	399333
sample	flat	slob	raw	exact	340	427875
sample	flat	slob	raw	exact	341	396375
sample	flat	slob	raw	exact	342	428125
sample	flat	slob	raw	exact	343	3625958
sample	flat	slob	raw	exact	344	547375
sample	flat	slob	raw	exact	345	337917
sample	flat	slob	raw	exact	346	431500
sample	flat	slob	raw	exact	347	396167
sample	flat	slob	raw	exact	348	428500
sample	flat	slob	raw	exact	349	395625
sample	flat	slob	raw	exact	350	423000
sample	flat	slob	raw	exact	351	3182958
sample	flat	slob	raw	exact	352	1093542
sample	flat	slob	raw	exact	353	425459
sample	flat	slob	raw	exact	354	427958
sample	flat	slob	raw	exact	355	398125
sample	flat	slob	raw	exact	356	423708
sample	flat	slob	raw	exact	357	396000
sample	flat	slob	raw	exact	358	680209
sample	flat	slob	raw	exact	359	1248875
sample	flat	slob	raw	exact	360	694208
sample	flat	slob	raw	exact	361	344208
sample	flat	slob	raw	exact	362	1037625
sample	flat	slob	raw	exact	363	633167
sample	flat	slob	raw	exact	364	1733500
sample	flat	slob	raw	exact	365	1060500
sample	flat	slob	raw	exact	366	683875
sample	flat	slob	raw	exact	367	1211750
sample	flat	slob	raw	exact	368	1101792
sample	flat	slob	raw	exact	369	902541
sample	flat	slob	raw	exact	370	445000
sample	flat	slob	raw	exact	371	781459
sample	flat	slob	raw	exact	372	516959
sample	flat	slob	raw	exact	373	1603250
sample	flat	slob	raw	exact	374	769541
sample	flat	slob	raw	exact	375	465375
sample	flat	slob	raw	exact	376	431125
sample	flat	slob	raw	exact	377	345208
sample	flat	slob	raw	exact	378	427708
sample	flat	slob	raw	exact	379	1610750
sample	flat	slob	raw	exact	380	1020083
sample	flat	slob	raw	exact	381	406250
sample	flat	slob	raw	exact	382	429583
sample	flat	slob	raw	exact	383	463375
sample	flat	slob	raw	exact	384	690042
sample	flat	slob	raw	exact	385	452000
sample	flat	slob	raw	exact	386	559584
sample	flat	slob	raw	exact	387	1004167
sample	flat	slob	raw	exact	388	1092167
sample	flat	slob	raw	exact	389	514500
sample	flat	slob	raw	exact	390	1160125
sample	flat	slob	raw	exact	391	959750
sample	flat	slob	raw	exact	392	432000
sample	flat	slob	raw	exact	393	335375
sample	flat	slob	raw	exact	394	429625
sample	flat	slob	raw	exact	395	409875
sample	flat	slob	raw	exact	396	927708
sample	flat	slob	raw	exact	397	1170583
sample	flat	slob	raw	exact	398	935459
sample	flat	slob	raw	exact	399	1016333
sample	flat	slob	raw	exact	400	438875
sample	flat	slob	raw	exact	401	1243750
sample	flat	slob	raw	exact	402	1342584
sample	flat	slob	raw	exact	403	404500
sample	flat	slob	raw	exact	404	473167
sample	flat	slob	raw	exact	405	874792
sample	flat	slob	raw	exact	406	1432083
sample	flat	slob	raw	exact	407	1577958
sample	flat	slob	raw	exact	408	441334
sample	flat	slob	raw	exact	409	339833
sample	flat	slob	raw	exact	410	658458
sample	flat	slob	raw	exact	411	409083
sample	flat	slob	raw	exact	412	450084
sample	flat	slob	raw	exact	413	402708
sample	flat	slob	raw	exact	414	2236333
sample	flat	slob	raw	exact	415	1378958
sample	flat	slob	raw	exact	416	1040833
sample	flat	slob	raw	exact	417	1128750
sample	flat	slob	raw	exact	418	1331917
sample	flat	slob	raw	exact	419	413750
sample	flat	slob	raw	exact	420	725958
sample	flat	slob	raw	exact	421	549416
sample	flat	slob	raw	exact	422	1438500
sample	flat	slob	raw	exact	423	478167
sample	flat	slob	raw	exact	424	434000
sample	flat	slob	raw	exact	425	380000
sample	flat	slob	raw	exact	426	438750
sample	flat	slob	raw	exact	427	1398208
sample	flat	slob	raw	exact	428	670708
sample	flat	slob	raw	exact	429	409000
sample	flat	slob	raw	exact	430	431917
sample	flat	slob	raw	exact	431	1043833
sample	flat	slob	raw	exact	432	769167
sample	flat	slob	raw	exact	433	340958
sample	flat	slob	raw	exact	434	437083
sample	flat	slob	raw	exact	435	399917
sample	flat	slob	raw	exact	436	429958
sample	flat	slob	raw	exact	437	1357959
sample	flat	slob	raw	exact	438	2348625
sample	flat	slob	raw	exact	439	469167
sample	flat	slob	raw	exact	440	428791
sample	flat	slob	raw	exact	441	336125
sample	flat	slob	raw	exact	442	426125
sample	flat	slob	raw	exact	443	1433459
sample	flat	slob	raw	exact	444	432958
sample	flat	slob	raw	exact	445	475500
sample	flat	slob	raw	exact	446	435291
sample	flat	slob	raw	exact	447	464167
sample	flat	slob	raw	exact	448	435167
sample	flat	slob	raw	exact	449	566958
sample	flat	slob	raw	exact	450	522500
sample	flat	slob	raw	exact	451	438000
sample	flat	slob	raw	exact	452	430667
sample	flat	slob	raw	exact	453	400750
sample	flat	slob	raw	exact	454	434625
sample	flat	slob	raw	exact	455	462917
sample	flat	slob	raw	exact	456	430834
sample	flat	slob	raw	exact	457	348000
sample	flat	slob	raw	exact	458	469167
sample	flat	slob	raw	exact	459	401500
sample	flat	slob	raw	exact	460	428959
sample	flat	slob	raw	exact	461	399000
sample	flat	slob	raw	exact	462	426667
sample	flat	slob	raw	exact	463	462833
sample	flat	slob	raw	exact	464	427750
sample	flat	slob	raw	exact	465	336250
sample	flat	slob	raw	exact	466	425625
sample	flat	slob	raw	exact	467	394417
sample	flat	slob	raw	exact	468	427334
sample	flat	slob	raw	exact	469	941375
sample	flat	slob	raw	exact	470	915416
sample	flat	slob	raw	exact	471	467375
sample	flat	slob	raw	exact	472	426167
sample	flat	slob	raw	exact	473	336042
sample	flat	slob	raw	exact	474	722208
sample	flat	slob	raw	exact	475	749708
sample	flat	slob	raw	exact	476	426625
sample	flat	slob	raw	exact	477	442667
sample	flat	slob	raw	exact	478	645459
sample	flat	slob	raw	exact	479	457917
sample	flat	slob	raw	exact	480	420625
sample	flat	slob	raw	exact	481	332250
sample	flat	slob	raw	exact	482	825292
sample	flat	slob	raw	exact	483	3433625
sample	flat	slob	raw	exact	484	958958
sample	flat	slob	raw	exact	485	407875
sample	flat	slob	raw	exact	486	434833
sample	flat	slob	raw	exact	487	463583
sample	flat	slob	raw	exact	488	432583
sample	flat	slob	raw	exact	489	2313125
sample	flat	slob	raw	exact	490	489875
sample	flat	slob	raw	exact	491	637250
sample	flat	slob	raw	exact	492	1306208
sample	flat	slob	raw	exact	493	415625
sample	flat	slob	raw	exact	494	435375
sample	flat	slob	raw	exact	495	461958
sample	flat	slob	raw	exact	496	428584
sample	flat	slob	raw	exact	497	336000
sample	flat	slob	raw	exact	498	640375
sample	flat	slob	raw	exact	499	894709
sample	flat	slob	raw	exact	500	962166
sample	flat	slob	raw	exact	501	406542
sample	flat	slob	raw	exact	502	431958
sample	flat	slob	raw	exact	503	463084
sample	flat	slob	raw	exact	504	430541
sample	flat	slob	raw	exact	505	336542
sample	flat	slob	raw	exact	506	1022083
sample	flat	slob	raw	exact	507	1024458
sample	flat	slob	raw	exact	508	451791
sample	flat	slob	raw	exact	509	403209
sample	flat	slob	raw	exact	510	425917
sample	flat	slob	raw	exact	511	1275583
sample	flat	slob	raw	exact	512	539458
sample	flat	slob	raw	exact	513	339083
sample	flat	slob	raw	exact	514	429083
sample	flat	slob	raw	exact	515	396625
sample	flat	slob	raw	exact	516	424292
sample	flat	slob	raw	exact	517	901667
sample	flat	slob	raw	exact	518	469125
sample	flat	slob	raw	exact	519	1773750
sample	flat	slob	raw	exact	520	482083
sample	flat	slob	raw	exact	521	335625
sample	flat	slob	raw	exact	522	427208
sample	flat	slob	raw	exact	523	393959
sample	flat	slob	raw	exact	524	470292
sample	flat	slob	raw	exact	525	1645917
sample	flat	slob	raw	exact	526	432875
sample	flat	slob	raw	exact	527	578000
sample	flat	slob	raw	exact	528	451041
sample	flat	slob	raw	exact	529	333250
sample	flat	slob	raw	exact	530	422042
sample	flat	slob	raw	exact	531	420167
sample	flat	slob	raw	exact	532	429125
sample	flat	slob	raw	exact	533	398334
sample	flat	slob	raw	exact	534	553416
sample	flat	slob	raw	exact	535	487042
sample	flat	slob	raw	exact	536	464292
sample	flat	slob	raw	exact	537	339459
sample	flat	slob	raw	exact	538	430750
sample	flat	slob	raw	exact	539	465875
sample	flat	slob	raw	exact	540	426500
sample	flat	slob	raw	exact	541	398667
sample	flat	slob	raw	exact	542	1021750
sample	flat	slob	raw	exact	543	1097959
sample	flat	slob	raw	exact	544	1077333
sample	flat	slob	raw	exact	545	921375
sample	flat	slob	raw	exact	546	2053917
sample	flat	slob	raw	exact	547	402125
sample	flat	slob	raw	exact	548	431833
sample	flat	slob	raw	exact	549	947875
sample	flat	slob	raw	exact	550	439458
sample	flat	slob	raw	exact	551	958917
sample	flat	slob	raw	exact	552	432625
sample	flat	slob	raw	exact	553	336458
sample	flat	slob	raw	exact	554	450125
sample	flat	slob	raw	exact	555	599625
sample	flat	slob	raw	exact	556	1204709
sample	flat	slob	raw	exact	557	2651083
sample	flat	slob	raw	exact	558	790708
sample	flat	slob	raw	exact	559	468167
sample	flat	slob	raw	exact	560	426084
sample	flat	slob	raw	exact	561	335917
sample	flat	slob	raw	exact	562	461750
sample	flat	slob	raw	exact	563	2297375
sample	flat	slob	raw	exact	564	1244791
sample	flat	slob	raw	exact	565	1745667
sample	flat	slob	raw	exact	566	652625
sample	flat	slob	raw	exact	567	466250
sample	flat	slob	raw	exact	568	428959
sample	flat	slob	raw	exact	569	338167
sample	flat	slob	raw	exact	570	425334
sample	flat	slob	raw	exact	571	398875
sample	flat	slob	raw	exact	572	498125
sample	flat	slob	raw	exact	573	641625
sample	flat	slob	raw	exact	574	1020709
sample	flat	slob	raw	exact	575	485917
sample	flat	slob	raw	exact	576	741417
sample	flat	slob	raw	exact	577	354417
sample	flat	slob	raw	exact	578	1173042
sample	flat	slob	raw	exact	579	403000
sample	flat	slob	raw	exact	580	693458
sample	flat	slob	raw	exact	581	464417
sample	flat	slob	raw	exact	582	429042
sample	flat	slob	raw	exact	583	1349750
sample	flat	slob	raw	exact	584	728958
sample	flat	slob	raw	exact	585	339834
sample	flat	slob	raw	exact	586	430750
sample	flat	slob	raw	exact	587	398792
sample	flat	slob	raw	exact	588	996334
sample	flat	slob	raw	exact	589	2032250
sample	flat	slob	raw	exact	590	444125
sample	flat	slob	raw	exact	591	475584
sample	flat	slob	raw	exact	592	428958
sample	flat	slob	raw	exact	593	339042
sample	flat	slob	raw	exact	594	691458
sample	flat	slob	raw	exact	595	1575125
sample	flat	slob	raw	exact	596	432666
sample	flat	slob	raw	exact	597	395084
sample	flat	slob	raw	exact	598	768375
sample	flat	slob	raw	exact	599	597625
sample	flat	slob	raw	exact	600	643666
sample	flat	slob	raw	exact	601	385083
sample	flat	slob	raw	exact	602	437459
sample	flat	slob	raw	exact	603	406166
sample	flat	slob	raw	exact	604	434208
sample	flat	slob	raw	exact	605	402416
sample	flat	slob	raw	exact	606	444750
sample	flat	slob	raw	exact	607	567041
sample	flat	slob	raw	exact	608	431625
sample	flat	slob	raw	exact	609	333750
sample	flat	slob	raw	exact	610	424292
sample	flat	slob	raw	exact	611	407000
sample	flat	slob	raw	exact	612	425708
sample	flat	slob	raw	exact	613	393750
sample	flat	slob	raw	exact	614	423417
sample	flat	slob	raw	exact	615	458083
sample	flat	slob	raw	exact	616	425209
sample	flat	slob	raw	exact	617	332042
sample	flat	slob	raw	exact	618	427250
sample	flat	slob	raw	exact	619	393583
sample	flat	slob	raw	exact	620	427458
sample	flat	slob	raw	exact	621	391875
sample	flat	slob	raw	exact	622	422083
sample	flat	slob	raw	exact	623	1974958
sample	flat	slob	raw	exact	624	976792
sample	flat	slob	raw	exact	625	337125
sample	flat	slob	raw	exact	626	429417
sample	flat	slob	raw	exact	627	395209
sample	flat	slob	raw	exact	628	423458
sample	flat	slob	raw	exact	629	1899083
sample	flat	slob	raw	exact	630	438541
sample	flat	slob	raw	exact	631	656708
sample	flat	slob	raw	exact	632	445458
sample	flat	slob	raw	exact	633	340125
sample	flat	slob	raw	exact	634	1604167
sample	flat	slob	raw	exact	635	1839416
sample	flat	slob	raw	exact	636	439875
sample	flat	slob	raw	exact	637	401708
sample	flat	slob	raw	exact	638	522042
sample	flat	slob	raw	exact	639	464250
sample	flat	slob	raw	exact	640	501291
sample	flat	slob	raw	exact	641	338959
sample	flat	slob	raw	exact	642	2303084
sample	flat	slob	raw	exact	643	949958
sample	flat	slob	raw	exact	644	687750
sample	flat	slob	raw	exact	645	401167
sample	flat	slob	raw	exact	646	551792
sample	flat	slob	raw	exact	647	467084
sample	flat	slob	raw	exact	648	434916
sample	flat	slob	raw	exact	649	338375
sample	flat	slob	raw	exact	650	497083
sample	flat	slob	raw	exact	651	637792
sample	flat	slob	raw	exact	652	1192167
sample	flat	slob	raw	exact	653	937459
sample	flat	slob	raw	exact	654	434417
sample	flat	slob	raw	exact	655	463292
sample	flat	slob	raw	exact	656	1221333
sample	flat	slob	raw	exact	657	770291
sample	flat	slob	raw	exact	658	434709
sample	flat	slob	raw	exact	659	953750
sample	flat	slob	raw	exact	660	569125
sample	flat	slob	raw	exact	661	400125
sample	flat	slob	raw	exact	662	1189334
sample	flat	slob	raw	exact	663	585083
sample	flat	slob	raw	exact	664	426666
sample	flat	slob	raw	exact	665	333334
sample	flat	slob	raw	exact	666	423959
sample	flat	slob	raw	exact	667	392250
sample	flat	slob	raw	exact	668	434167
sample	flat	slob	raw	exact	669	1118875
sample	flat	slob	raw	exact	670	1382084
sample	flat	slob	raw	exact	671	465625
sample	flat	slob	raw	exact	672	528750
sample	flat	slob	raw	exact	673	341000
sample	flat	slob	raw	exact	674	530583
sample	flat	slob	raw	exact	675	399542
sample	flat	slob	raw	exact	676	746750
sample	flat	slob	raw	exact	677	945792
sample	flat	slob	raw	exact	678	434917
sample	flat	slob	raw	exact	679	483000
sample	flat	slob	raw	exact	680	431625
sample	flat	slob	raw	exact	681	338042
sample	flat	slob	raw	exact	682	453250
sample	flat	slob	raw	exact	683	403084
sample	flat	slob	raw	exact	684	428166
sample	flat	slob	raw	exact	685	395667
sample	flat	slob	raw	exact	686	496084
sample	flat	slob	raw	exact	687	1218917
sample	flat	slob	raw	exact	688	446709
sample	flat	slob	raw	exact	689	338583
sample	flat	slob	raw	exact	690	427459
sample	flat	slob	raw	exact	691	398250
sample	flat	slob	raw	exact	692	433042
sample	flat	slob	raw	exact	693	400583
sample	flat	slob	raw	exact	694	429584
sample	flat	slob	raw	exact	695	462625
sample	flat	slob	raw	exact	696	430875
sample	flat	slob	raw	exact	697	345459
sample	flat	slob	raw	exact	698	1222083
sample	flat	slob	raw	exact	699	404041
sample	flat	slob	raw	exact	700	432292
sample	flat	slob	raw	exact	701	399125
sample	flat	slob	raw	exact	702	2616583
sample	flat	slob	raw	exact	703	1383000
sample	flat	slob	raw	exact	704	1918250
sample	flat	slob	raw	exact	705	384375
sample	flat	slob	raw	exact	706	458125
sample	flat	slob	raw	exact	707	408167
sample	flat	slob	raw	exact	708	432625
sample	flat	slob	raw	exact	709	393125
sample	flat	slob	raw	exact	710	2996958
sample	flat	slob	raw	exact	711	1284708
sample	flat	slob	raw	exact	712	2464125
sample	flat	slob	raw	exact	713	343334
sample	flat	slob	raw	exact	714	429750
sample	flat	slob	raw	exact	715	987167
sample	flat	slob	raw	exact	716	438084
sample	flat	slob	raw	exact	717	401417
sample	flat	slob	raw	exact	718	427791
sample	flat	slob	raw	exact	719	459958
sample	flat	slob	raw	exact	720	431334
sample	flat	slob	raw	exact	721	371875
sample	flat	slob	raw	exact	722	438208
sample	flat	slob	raw	exact	723	401750
sample	flat	slob	raw	exact	724	435042
sample	flat	slob	raw	exact	725	406708
sample	flat	slob	raw	exact	726	432916
sample	flat	slob	raw	exact	727	464375
sample	flat	slob	raw	exact	728	439625
sample	flat	slob	raw	exact	729	337000
sample	flat	slob	raw	exact	730	430125
sample	flat	slob	raw	exact	731	667917
sample	flat	slob	raw	exact	732	1312500
sample	flat	slob	raw	exact	733	1054458
sample	flat	slob	raw	exact	734	1007000
sample	flat	slob	raw	exact	735	1592750
sample	flat	slob	raw	exact	736	461084
sample	flat	slob	raw	exact	737	344834
sample	flat	slob	raw	exact	738	431125
sample	flat	slob	raw	exact	739	396209
sample	flat	slob	raw	exact	740	488542
sample	flat	slob	raw	exact	741	813792
sample	flat	slob	raw	exact	742	2182208
sample	flat	slob	raw	exact	743	476958
sample	flat	slob	raw	exact	744	432916
sample	flat	slob	raw	exact	745	347500
sample	flat	slob	raw	exact	746	2547833
sample	flat	slob	raw	exact	747	1457500
sample	flat	slob	raw	exact	748	1382709
sample	flat	slob	raw	exact	749	553500
sample	flat	slob	raw	exact	750	477000
sample	flat	slob	raw	exact	751	1049917
sample	flat	slob	raw	exact	752	640958
sample	flat	slob	raw	exact	753	335500
sample	flat	slob	raw	exact	754	424333
sample	flat	slob	raw	exact	755	394959
sample	flat	slob	raw	exact	756	426208
sample	flat	slob	raw	exact	757	403167
sample	flat	slob	raw	exact	758	804166
sample	flat	slob	raw	exact	759	1192500
sample	flat	slob	raw	exact	760	435625
sample	flat	slob	raw	exact	761	333917
sample	flat	slob	raw	exact	762	422416
sample	flat	slob	raw	exact	763	394291
sample	flat	slob	raw	exact	764	420166
sample	flat	slob	raw	exact	765	427625
sample	flat	slob	raw	exact	766	424250
sample	flat	slob	raw	exact	767	954625
sample	flat	slob	raw	exact	768	1155709
sample	flat	slob	raw	exact	769	773709
sample	flat	slob	raw	exact	770	445709
sample	flat	slob	raw	exact	771	434084
sample	flat	slob	raw	exact	772	758250
sample	flat	slob	raw	exact	773	853458
sample	flat	slob	raw	exact	774	438083
sample	flat	slob	raw	exact	775	468250
sample	flat	slob	raw	exact	776	432625
sample	flat	slob	raw	exact	777	338041
sample	flat	slob	raw	exact	778	430917
sample	flat	slob	raw	exact	779	929291
sample	flat	slob	raw	exact	780	443125
sample	flat	slob	raw	exact	781	1080583
sample	flat	slob	raw	exact	782	1936375
sample	flat	slob	raw	exact	783	536125
sample	flat	slob	raw	exact	784	2302375
sample	flat	slob	raw	exact	785	361916
sample	flat	slob	raw	exact	786	447417
sample	flat	slob	raw	exact	787	401000
sample	flat	slob	raw	exact	788	428625
sample	flat	slob	raw	exact	789	400417
sample	flat	slob	raw	exact	790	427709
sample	flat	slob	raw	exact	791	2829959
sample	flat	slob	raw	exact	792	436417
sample	flat	slob	raw	exact	793	401083
sample	flat	slob	raw	exact	794	669667
sample	flat	slob	raw	exact	795	1455791
sample	flat	slob	raw	exact	796	444958
sample	flat	slob	raw	exact	797	403208
sample	flat	slob	raw	exact	798	683459
sample	flat	slob	raw	exact	799	1266458
sample	flat	slob	raw	exact	800	1792541
sample	flat	slob	raw	exact	801	2668417
sample	flat	slob	raw	exact	802	2480750
sample	flat	slob	raw	exact	803	410000
sample	flat	slob	raw	exact	804	3299542
sample	flat	slob	raw	exact	805	2012000
sample	flat	slob	raw	exact	806	2728083
sample	flat	slob	raw	exact	807	477292
sample	flat	slob	raw	exact	808	2014291
sample	flat	slob	raw	exact	809	341209
sample	flat	slob	raw	exact	810	426917
sample	flat	slob	raw	exact	811	399584
sample	flat	slob	raw	exact	812	605417
sample	flat	slob	raw	exact	813	1309834
sample	flat	slob	raw	exact	814	505292
sample	flat	slob	raw	exact	815	1631042
sample	flat	slob	raw	exact	816	1496625
sample	flat	slob	raw	exact	817	1539375
sample	flat	slob	raw	exact	818	1047666
sample	flat	slob	raw	exact	819	402666
sample	flat	slob	raw	exact	820	428542
sample	flat	slob	raw	exact	821	399875
sample	flat	slob	raw	exact	822	2480750
sample	flat	slob	raw	exact	823	1236209
sample	flat	slob	raw	exact	824	2341333
sample	flat	slob	raw	exact	825	974792
sample	flat	slob	raw	exact	826	3656709
sample	flat	slob	raw	exact	827	2733458
sample	flat	slob	raw	exact	828	1706834
sample	flat	slob	raw	exact	829	757208
sample	flat	slob	raw	exact	830	5007000
sample	flat	slob	raw	exact	831	4686833
sample	flat	slob	raw	exact	832	7441791
sample	flat	slob	raw	exact	833	1163084
sample	flat	slob	raw	exact	834	2431875
sample	flat	slob	raw	exact	835	3952166
sample	flat	slob	raw	exact	836	515292
sample	flat	slob	raw	exact	837	525917
sample	flat	slob	raw	exact	838	736833
sample	flat	slob	raw	exact	839	1017292
sample	flat	slob	raw	exact	840	903166
sample	flat	slob	raw	exact	841	962583
sample	flat	slob	raw	exact	842	3564625
sample	flat	slob	raw	exact	843	1815209
sample	flat	slob	raw	exact	844	2315209
sample	flat	slob	raw	exact	845	1400542
sample	flat	slob	raw	exact	846	1666333
sample	flat	slob	raw	exact	847	1081083
sample	flat	slob	raw	exact	848	1527000
sample	flat	slob	raw	exact	849	849667
sample	flat	slob	raw	exact	850	1067916
sample	flat	slob	raw	exact	851	1521041
sample	flat	slob	raw	exact	852	2251917
sample	flat	slob	raw	exact	853	1819958
sample	flat	slob	raw	exact	854	2683792
sample	flat	slob	raw	exact	855	1523208
sample	flat	slob	raw	exact	856	1027208
sample	flat	slob	raw	exact	857	723916
sample	flat	slob	raw	exact	858	2408750
sample	flat	slob	raw	exact	859	991917
sample	flat	slob	raw	exact	860	2898084
sample	flat	slob	raw	exact	861	2432834
sample	flat	slob	raw	exact	862	1103667
sample	flat	slob	raw	exact	863	872125
sample	flat	slob	raw	exact	864	2321625
sample	flat	slob	raw	exact	865	394208
sample	flat	slob	raw	exact	866	445625
sample	flat	slob	raw	exact	867	402875
sample	flat	slob	raw	exact	868	446417
sample	flat	slob	raw	exact	869	402916
sample	flat	slob	raw	exact	870	552541
sample	flat	slob	raw	exact	871	467709
sample	flat	slob	raw	exact	872	1197166
sample	flat	slob	raw	exact	873	1211500
sample	flat	slob	raw	exact	874	734250
sample	flat	slob	raw	exact	875	1026792
sample	flat	slob	raw	exact	876	1745417
sample	flat	slob	raw	exact	877	1492625
sample	flat	slob	raw	exact	878	1206416
sample	flat	slob	raw	exact	879	482625
sample	flat	slob	raw	exact	880	437458
sample	flat	slob	raw	exact	881	831959
sample	flat	slob	raw	exact	882	434083
sample	flat	slob	raw	exact	883	429334
sample	flat	slob	raw	exact	884	514333
sample	flat	slob	raw	exact	885	1631042
sample	flat	slob	raw	exact	886	2298375
sample	flat	slob	raw	exact	887	474542
sample	flat	slob	raw	exact	888	1073208
sample	flat	slob	raw	exact	889	4915041
sample	flat	slob	raw	exact	890	2921958
sample	flat	slob	raw	exact	891	824416
sample	flat	slob	raw	exact	892	1054333
sample	flat	slob	raw	exact	893	1193042
sample	flat	slob	raw	exact	894	774750
sample	flat	slob	raw	exact	895	1343166
sample	flat	slob	raw	exact	896	1343250
sample	flat	slob	raw	exact	897	345000
sample	flat	slob	raw	exact	898	440292
sample	flat	slob	raw	exact	899	403709
sample	flat	slob	raw	exact	900	832583
sample	flat	slob	raw	exact	901	569250
sample	flat	slob	raw	exact	902	1186417
sample	flat	slob	raw	exact	903	1604709
sample	flat	slob	raw	exact	904	2597375
sample	flat	slob	raw	exact	905	497083
sample	flat	slob	raw	exact	906	2862916
sample	flat	slob	raw	exact	907	890500
sample	flat	slob	raw	exact	908	3929791
sample	flat	slob	raw	exact	909	1589167
sample	flat	slob	raw	exact	910	589709
sample	flat	slob	raw	exact	911	661833
sample	flat	slob	raw	exact	912	2595125
sample	flat	slob	raw	exact	913	815583
sample	flat	slob	raw	exact	914	718500
sample	flat	slob	raw	exact	915	1024459
sample	flat	slob	raw	exact	916	1008834
sample	flat	slob	raw	exact	917	2121458
sample	flat	slob	raw	exact	918	748250
sample	flat	slob	raw	exact	919	2849084
sample	flat	slob	raw	exact	920	445500
sample	flat	slob	raw	exact	921	692666
sample	flat	slob	raw	exact	922	1164750
sample	flat	slob	raw	exact	923	988458
sample	flat	slob	raw	exact	924	1378083
sample	flat	slob	raw	exact	925	568292
sample	flat	slob	raw	exact	926	457542
sample	flat	slob	raw	exact	927	1445417
sample	flat	slob	raw	exact	928	2216416
sample	flat	slob	raw	exact	929	905292
sample	flat	slob	raw	exact	930	1053958
sample	flat	slob	raw	exact	931	2256084
sample	flat	slob	raw	exact	932	949292
sample	flat	slob	raw	exact	933	1514875
sample	flat	slob	raw	exact	934	899959
sample	flat	slob	raw	exact	935	505458
sample	flat	slob	raw	exact	936	435833
sample	flat	slob	raw	exact	937	1105083
sample	flat	slob	raw	exact	938	848375
sample	flat	slob	raw	exact	939	993125
sample	flat	slob	raw	exact	940	825791
sample	flat	slob	raw	exact	941	665250
sample	flat	slob	raw	exact	942	1266833
sample	flat	slob	raw	exact	943	1166959
sample	flat	slob	raw	exact	944	768542
sample	flat	slob	raw	exact	945	529583
sample	flat	slob	raw	exact	946	1156917
sample	flat	slob	raw	exact	947	2265833
sample	flat	slob	raw	exact	948	1822208
sample	flat	slob	raw	exact	949	515041
sample	flat	slob	raw	exact	950	2899834
sample	flat	slob	raw	exact	951	1184000
sample	flat	slob	raw	exact	952	1667625
sample	flat	slob	raw	exact	953	1709667
sample	flat	slob	raw	exact	954	484292
sample	flat	slob	raw	exact	955	834209
sample	flat	slob	raw	exact	956	1267292
sample	flat	slob	raw	exact	957	2110708
sample	flat	slob	raw	exact	958	1431000
sample	flat	slob	raw	exact	959	553167
sample	flat	slob	raw	exact	960	1210417
sample	flat	slob	raw	exact	961	621875
sample	flat	slob	raw	exact	962	1121792
sample	flat	slob	raw	exact	963	496583
sample	flat	slob	raw	exact	964	442417
sample	flat	slob	raw	exact	965	1371875
sample	flat	slob	raw	exact	966	1381666
sample	flat	slob	raw	exact	967	1941708
sample	flat	slob	raw	exact	968	574666
sample	flat	slob	raw	exact	969	1223208
sample	flat	slob	raw	exact	970	1223667
sample	flat	slob	raw	exact	971	613209
sample	flat	slob	raw	exact	972	927417
sample	flat	slob	raw	exact	973	1010500
sample	flat	slob	raw	exact	974	1111541
sample	flat	slob	raw	exact	975	2660459
sample	flat	slob	raw	exact	976	893458
sample	flat	slob	raw	exact	977	351834
sample	flat	slob	raw	exact	978	1846375
sample	flat	slob	raw	exact	979	407916
sample	flat	slob	raw	exact	980	769584
sample	flat	slob	raw	exact	981	992375
sample	flat	slob	raw	exact	982	1190583
sample	flat	slob	raw	exact	983	1420542
sample	flat	slob	raw	exact	984	1095167
sample	flat	slob	raw	exact	985	855958
sample	flat	slob	raw	exact	986	1477875
sample	flat	slob	raw	exact	987	1182583
sample	flat	slob	raw	exact	988	773791
sample	flat	slob	raw	exact	989	1156167
sample	flat	slob	raw	exact	990	452167
sample	flat	slob	raw	exact	991	470375
sample	flat	slob	raw	exact	992	437875
sample	flat	slob	raw	exact	993	340750
sample	flat	slob	raw	exact	994	432250
sample	flat	slob	raw	exact	995	401625
sample	flat	slob	raw	exact	996	1145250
sample	flat	slob	raw	exact	997	855750
sample	flat	slob	raw	exact	998	891875
sample	flat	slob	raw	exact	999	522875
sample	flat	slob	raw	prefix	0	900417
sample	flat	slob	raw	prefix	1	1954792
sample	flat	slob	raw	prefix	2	71376875
sample	flat	slob	raw	prefix	3	71538584
sample	flat	slob	raw	prefix	4	2039209
sample	flat	slob	raw	prefix	5	1796416
sample	flat	slob	raw	prefix	6	65938333
sample	flat	slob	raw	prefix	7	79130583
sample	flat	slob	raw	prefix	8	1039000
sample	flat	slob	raw	prefix	9	2148500
sample	flat	slob	raw	prefix	10	66687125
sample	flat	slob	raw	prefix	11	73470584
sample	flat	slob	raw	prefix	12	1050250
sample	flat	slob	raw	prefix	13	1440000
sample	flat	slob	raw	prefix	14	69315041
sample	flat	slob	raw	prefix	15	84715708
sample	flat	slob	raw	prefix	16	2295000
sample	flat	slob	raw	prefix	17	1731166
sample	flat	slob	raw	prefix	18	70818375
sample	flat	slob	raw	prefix	19	72308709
sample	flat	slob	raw	prefix	20	2486000
sample	flat	slob	raw	prefix	21	2354875
sample	flat	slob	raw	prefix	22	80430916
sample	flat	slob	raw	prefix	23	71971958
sample	flat	slob	raw	prefix	24	2189792
sample	flat	slob	raw	prefix	25	1513417
sample	flat	slob	raw	prefix	26	63856000
sample	flat	slob	raw	prefix	27	66536917
sample	flat	slob	raw	prefix	28	914667
sample	flat	slob	raw	prefix	29	1330959
sample	flat	slob	raw	prefix	30	56321625
sample	flat	slob	raw	prefix	31	52809916
sample	flat	slob	raw	prefix	32	1760041
sample	flat	slob	raw	prefix	33	893125
sample	flat	slob	raw	prefix	34	71708084
sample	flat	slob	raw	prefix	35	76028750
sample	flat	slob	raw	prefix	36	1231667
sample	flat	slob	raw	prefix	37	1866375
sample	flat	slob	raw	prefix	38	61749167
sample	flat	slob	raw	prefix	39	58266084
sample	flat	slob	raw	prefix	40	767250
sample	flat	slob	raw	prefix	41	876625
sample	flat	slob	raw	prefix	42	58780042
sample	flat	slob	raw	prefix	43	62052292
sample	flat	slob	raw	prefix	44	3154500
sample	flat	slob	raw	prefix	45	2312375
sample	flat	slob	raw	prefix	46	64372292
sample	flat	slob	raw	prefix	47	74165875
sample	flat	slob	raw	prefix	48	1158167
sample	flat	slob	raw	prefix	49	1864375
sample	flat	slob	raw	prefix	50	56067208
sample	flat	slob	raw	prefix	51	60110459
sample	flat	slob	raw	prefix	52	1331709
sample	flat	slob	raw	prefix	53	1084750
sample	flat	slob	raw	prefix	54	62912333
sample	flat	slob	raw	prefix	55	64372958
sample	flat	slob	raw	prefix	56	739000
sample	flat	slob	raw	prefix	57	3058459
sample	flat	slob	raw	prefix	58	71707208
sample	flat	slob	raw	prefix	59	61576625
sample	flat	slob	raw	prefix	60	901334
sample	flat	slob	raw	prefix	61	810084
sample	flat	slob	raw	prefix	62	66970458
sample	flat	slob	raw	prefix	63	70758875
sample	flat	slob	raw	prefix	64	1003500
sample	flat	slob	raw	prefix	65	1018708
sample	flat	slob	raw	prefix	66	73130125
sample	flat	slob	raw	prefix	67	51630375
sample	flat	slob	raw	prefix	68	1701125
sample	flat	slob	raw	prefix	69	2761041
sample	flat	slob	raw	prefix	70	59461083
sample	flat	slob	raw	prefix	71	80936750
sample	flat	slob	raw	prefix	72	796792
sample	flat	slob	raw	prefix	73	1152209
sample	flat	slob	raw	prefix	74	62134541
sample	flat	slob	raw	prefix	75	61280792
sample	flat	slob	raw	prefix	76	1119958
sample	flat	slob	raw	prefix	77	1786250
sample	flat	slob	raw	prefix	78	59840875
sample	flat	slob	raw	prefix	79	51121666
sample	flat	slob	raw	prefix	80	1038125
sample	flat	slob	raw	prefix	81	1011667
sample	flat	slob	raw	prefix	82	47548500
sample	flat	slob	raw	prefix	83	48623250
sample	flat	slob	raw	prefix	84	995875
sample	flat	slob	raw	prefix	85	3417583
sample	flat	slob	raw	prefix	86	51537500
sample	flat	slob	raw	prefix	87	53177625
sample	flat	slob	raw	prefix	88	750333
sample	flat	slob	raw	prefix	89	1945000
sample	flat	slob	raw	prefix	90	51979209
sample	flat	slob	raw	prefix	91	53899791
sample	flat	slob	raw	prefix	92	905042
sample	flat	slob	raw	prefix	93	863250
sample	flat	slob	raw	prefix	94	45143500
sample	flat	slob	raw	prefix	95	45873792
sample	flat	slob	raw	prefix	96	1048042
sample	flat	slob	raw	prefix	97	2251041
sample	flat	slob	raw	prefix	98	45840666
sample	flat	slob	raw	prefix	99	43229792
sample	flat	slob	raw	prefix	100	1746417
sample	flat	slob	raw	prefix	101	818500
sample	flat	slob	raw	prefix	102	46663584
sample	flat	slob	raw	prefix	103	49030667
sample	flat	slob	raw	prefix	104	917250
sample	flat	slob	raw	prefix	105	866083
sample	flat	slob	raw	prefix	106	46276167
sample	flat	slob	raw	prefix	107	47270584
sample	flat	slob	raw	prefix	108	886625
sample	flat	slob	raw	prefix	109	803000
sample	flat	slob	raw	prefix	110	50576750
sample	flat	slob	raw	prefix	111	48625500
sample	flat	slob	raw	prefix	112	1053084
sample	flat	slob	raw	prefix	113	1529916
sample	flat	slob	raw	prefix	114	48580750
sample	flat	slob	raw	prefix	115	46958292
sample	flat	slob	raw	prefix	116	2059583
sample	flat	slob	raw	prefix	117	825792
sample	flat	slob	raw	prefix	118	50409000
sample	flat	slob	raw	prefix	119	45562834
sample	flat	slob	raw	prefix	120	3999750
sample	flat	slob	raw	prefix	121	1452625
sample	flat	slob	raw	prefix	122	41540833
sample	flat	slob	raw	prefix	123	44343041
sample	flat	slob	raw	prefix	124	3535125
sample	flat	slob	raw	prefix	125	2872833
sample	flat	slob	raw	prefix	126	48383500
sample	flat	slob	raw	prefix	127	52106750
sample	flat	slob	raw	prefix	128	1131541
sample	flat	slob	raw	prefix	129	889291
sample	flat	slob	raw	prefix	130	52328041
sample	flat	slob	raw	prefix	131	45953833
sample	flat	slob	raw	prefix	132	877042
sample	flat	slob	raw	prefix	133	811750
sample	flat	slob	raw	prefix	134	45417500
sample	flat	slob	raw	prefix	135	41827083
sample	flat	slob	raw	prefix	136	765083
sample	flat	slob	raw	prefix	137	879291
sample	flat	slob	raw	prefix	138	44496750
sample	flat	slob	raw	prefix	139	49138583
sample	flat	slob	raw	prefix	140	897209
sample	flat	slob	raw	prefix	141	818166
sample	flat	slob	raw	prefix	142	47022791
sample	flat	slob	raw	prefix	143	50984917
sample	flat	slob	raw	prefix	144	732083
sample	flat	slob	raw	prefix	145	1203583
sample	flat	slob	raw	prefix	146	47349375
sample	flat	slob	raw	prefix	147	43445667
sample	flat	slob	raw	prefix	148	879041
sample	flat	slob	raw	prefix	149	1354166
sample	flat	slob	raw	prefix	150	49450750
sample	flat	slob	raw	prefix	151	48985916
sample	flat	slob	raw	prefix	152	759208
sample	flat	slob	raw	prefix	153	887542
sample	flat	slob	raw	prefix	154	43899750
sample	flat	slob	raw	prefix	155	47593083
sample	flat	slob	raw	prefix	156	989750
sample	flat	slob	raw	prefix	157	1818916
sample	flat	slob	raw	prefix	158	41936208
sample	flat	slob	raw	prefix	159	43319750
sample	flat	slob	raw	prefix	160	734458
sample	flat	slob	raw	prefix	161	867792
sample	flat	slob	raw	prefix	162	44573542
sample	flat	slob	raw	prefix	163	47977500
sample	flat	slob	raw	prefix	164	1353209
sample	flat	slob	raw	prefix	165	809666
sample	flat	slob	raw	prefix	166	49588833
sample	flat	slob	raw	prefix	167	47298125
sample	flat	slob	raw	prefix	168	739958
sample	flat	slob	raw	prefix	169	874416
sample	flat	slob	raw	prefix	170	52510875
sample	flat	slob	raw	prefix	171	52624417
sample	flat	slob	raw	prefix	172	895625
sample	flat	slob	raw	prefix	173	950250
sample	flat	slob	raw	prefix	174	48262625
sample	flat	slob	raw	prefix	175	43407708
sample	flat	slob	raw	prefix	176	755000
sample	flat	slob	raw	prefix	177	871833
sample	flat	slob	raw	prefix	178	48437875
sample	flat	slob	raw	prefix	179	47550541
sample	flat	slob	raw	prefix	180	891500
sample	flat	slob	raw	prefix	181	1061792
sample	flat	slob	raw	prefix	182	67175750
sample	flat	slob	raw	prefix	183	113712834
sample	flat	slob	raw	prefix	184	1703083
sample	flat	slob	raw	prefix	185	5040541
sample	flat	slob	raw	prefix	186	75902417
sample	flat	slob	raw	prefix	187	64003708
sample	flat	slob	raw	prefix	188	923500
sample	flat	slob	raw	prefix	189	2195333
sample	flat	slob	raw	prefix	190	66616666
sample	flat	slob	raw	prefix	191	75633042
sample	flat	slob	raw	prefix	192	713666
sample	flat	slob	raw	prefix	193	1340291
sample	flat	slob	raw	prefix	194	56326666
sample	flat	slob	raw	prefix	195	84100833
sample	flat	slob	raw	prefix	196	1148458
sample	flat	slob	raw	prefix	197	1793792
sample	flat	slob	raw	prefix	198	63897750
sample	flat	slob	raw	prefix	199	56684084
sample	flat	slob	raw	prefix	200	771375
sample	flat	slob	raw	prefix	201	2121500
sample	flat	slob	raw	prefix	202	67387833
sample	flat	slob	raw	prefix	203	76509084
sample	flat	slob	raw	prefix	204	919166
sample	flat	slob	raw	prefix	205	807458
sample	flat	slob	raw	prefix	206	69487750
sample	flat	slob	raw	prefix	207	63053167
sample	flat	slob	raw	prefix	208	955833
sample	flat	slob	raw	prefix	209	2026000
sample	flat	slob	raw	prefix	210	68185791
sample	flat	slob	raw	prefix	211	76961042
sample	flat	slob	raw	prefix	212	1483833
sample	flat	slob	raw	prefix	213	2378208
sample	flat	slob	raw	prefix	214	82214500
sample	flat	slob	raw	prefix	215	67323958
sample	flat	slob	raw	prefix	216	1883709
sample	flat	slob	raw	prefix	217	2986084
sample	flat	slob	raw	prefix	218	62391625
sample	flat	slob	raw	prefix	219	79089708
sample	flat	slob	raw	prefix	220	926333
sample	flat	slob	raw	prefix	221	2818750
sample	flat	slob	raw	prefix	222	73923333
sample	flat	slob	raw	prefix	223	79871000
sample	flat	slob	raw	prefix	224	1325750
sample	flat	slob	raw	prefix	225	1238791
sample	flat	slob	raw	prefix	226	62409125
sample	flat	slob	raw	prefix	227	54071083
sample	flat	slob	raw	prefix	228	1270125
sample	flat	slob	raw	prefix	229	890792
sample	flat	slob	raw	prefix	230	74551750
sample	flat	slob	raw	prefix	231	63690292
sample	flat	slob	raw	prefix	232	1429334
sample	flat	slob	raw	prefix	233	2472166
sample	flat	slob	raw	prefix	234	69682042
sample	flat	slob	raw	prefix	235	66215792
sample	flat	slob	raw	prefix	236	1900416
sample	flat	slob	raw	prefix	237	1530292
sample	flat	slob	raw	prefix	238	56415625
sample	flat	slob	raw	prefix	239	46268959
sample	flat	slob	raw	prefix	240	781333
sample	flat	slob	raw	prefix	241	1414167
sample	flat	slob	raw	prefix	242	53556667
sample	flat	slob	raw	prefix	243	46403833
sample	flat	slob	raw	prefix	244	910416
sample	flat	slob	raw	prefix	245	2002000
sample	flat	slob	raw	prefix	246	46019208
sample	flat	slob	raw	prefix	247	54738875
sample	flat	slob	raw	prefix	248	761083
sample	flat	slob	raw	prefix	249	880417
sample	flat	slob	raw	prefix	250	49694625
sample	flat	slob	raw	prefix	251	52848250
sample	flat	slob	raw	prefix	252	2063625
sample	flat	slob	raw	prefix	253	2471833
sample	flat	slob	raw	prefix	254	47670166
sample	flat	slob	raw	prefix	255	54244625
sample	flat	slob	raw	prefix	256	1378791
sample	flat	slob	raw	prefix	257	880792
sample	flat	slob	raw	prefix	258	50621708
sample	flat	slob	raw	prefix	259	46656167
sample	flat	slob	raw	prefix	260	2067500
sample	flat	slob	raw	prefix	261	821458
sample	flat	slob	raw	prefix	262	43402250
sample	flat	slob	raw	prefix	263	47732875
sample	flat	slob	raw	prefix	264	750625
sample	flat	slob	raw	prefix	265	1482042
sample	flat	slob	raw	prefix	266	51141875
sample	flat	slob	raw	prefix	267	54991542
sample	flat	slob	raw	prefix	268	890833
sample	flat	slob	raw	prefix	269	1060708
sample	flat	slob	raw	prefix	270	50382708
sample	flat	slob	raw	prefix	271	74482417
sample	flat	slob	raw	prefix	272	1941583
sample	flat	slob	raw	prefix	273	2010000
sample	flat	slob	raw	prefix	274	78406416
sample	flat	slob	raw	prefix	275	67589042
sample	flat	slob	raw	prefix	276	1136083
sample	flat	slob	raw	prefix	277	1688958
sample	flat	slob	raw	prefix	278	53015250
sample	flat	slob	raw	prefix	279	52733375
sample	flat	slob	raw	prefix	280	756167
sample	flat	slob	raw	prefix	281	863167
sample	flat	slob	raw	prefix	282	44592667
sample	flat	slob	raw	prefix	283	50098833
sample	flat	slob	raw	prefix	284	1164750
sample	flat	slob	raw	prefix	285	813041
sample	flat	slob	raw	prefix	286	58476750
sample	flat	slob	raw	prefix	287	60663584
sample	flat	slob	raw	prefix	288	1322459
sample	flat	slob	raw	prefix	289	1123959
sample	flat	slob	raw	prefix	290	54044416
sample	flat	slob	raw	prefix	291	67871959
sample	flat	slob	raw	prefix	292	1139542
sample	flat	slob	raw	prefix	293	817542
sample	flat	slob	raw	prefix	294	66502167
sample	flat	slob	raw	prefix	295	69241209
sample	flat	slob	raw	prefix	296	766958
sample	flat	slob	raw	prefix	297	1922208
sample	flat	slob	raw	prefix	298	64865333
sample	flat	slob	raw	prefix	299	72834041
sample	flat	slob	raw	prefix	300	1166041
sample	flat	slob	raw	prefix	301	1065292
sample	flat	slob	raw	prefix	302	68650458
sample	flat	slob	raw	prefix	303	71636417
sample	flat	slob	raw	prefix	304	1494958
sample	flat	slob	raw	prefix	305	1886166
sample	flat	slob	raw	prefix	306	89558334
sample	flat	slob	raw	prefix	307	59662000
sample	flat	slob	raw	prefix	308	2416417
sample	flat	slob	raw	prefix	309	2665333
sample	flat	slob	raw	prefix	310	77186292
sample	flat	slob	raw	prefix	311	57391041
sample	flat	slob	raw	prefix	312	754750
sample	flat	slob	raw	prefix	313	2055666
sample	flat	slob	raw	prefix	314	52930667
sample	flat	slob	raw	prefix	315	54012125
sample	flat	slob	raw	prefix	316	1861875
sample	flat	slob	raw	prefix	317	936833
sample	flat	slob	raw	prefix	318	50048500
sample	flat	slob	raw	prefix	319	64847875
sample	flat	slob	raw	prefix	320	1880125
sample	flat	slob	raw	prefix	321	3510958
sample	flat	slob	raw	prefix	322	62725208
sample	flat	slob	raw	prefix	323	48038084
sample	flat	slob	raw	prefix	324	908834
sample	flat	slob	raw	prefix	325	3118875
sample	flat	slob	raw	prefix	326	46919500
sample	flat	slob	raw	prefix	327	67089625
sample	flat	slob	raw	prefix	328	2179958
sample	flat	slob	raw	prefix	329	1372000
sample	flat	slob	raw	prefix	330	69505334
sample	flat	slob	raw	prefix	331	50984084
sample	flat	slob	raw	prefix	332	1350708
sample	flat	slob	raw	prefix	333	2202833
sample	flat	slob	raw	prefix	334	63470709
sample	flat	slob	raw	prefix	335	58606209
sample	flat	slob	raw	prefix	336	1841292
sample	flat	slob	raw	prefix	337	2783375
sample	flat	slob	raw	prefix	338	71841584
sample	flat	slob	raw	prefix	339	87186209
sample	flat	slob	raw	prefix	340	3245625
sample	flat	slob	raw	prefix	341	1428208
sample	flat	slob	raw	prefix	342	57636667
sample	flat	slob	raw	prefix	343	51309125
sample	flat	slob	raw	prefix	344	1730083
sample	flat	slob	raw	prefix	345	2262417
sample	flat	slob	raw	prefix	346	61814500
sample	flat	slob	raw	prefix	347	57958208
sample	flat	slob	raw	prefix	348	1225500
sample	flat	slob	raw	prefix	349	825083
sample	flat	slob	raw	prefix	350	48041708
sample	flat	slob	raw	prefix	351	50092125
sample	flat	slob	raw	prefix	352	1015542
sample	flat	slob	raw	prefix	353	898459
sample	flat	slob	raw	prefix	354	51081833
sample	flat	slob	raw	prefix	355	45060667
sample	flat	slob	raw	prefix	356	918625
sample	flat	slob	raw	prefix	357	2014958
sample	flat	slob	raw	prefix	358	44697750
sample	flat	slob	raw	prefix	359	45231791
sample	flat	slob	raw	prefix	360	760541
sample	flat	slob	raw	prefix	361	883083
sample	flat	slob	raw	prefix	362	48540167
sample	flat	slob	raw	prefix	363	56594917
sample	flat	slob	raw	prefix	364	1606583
sample	flat	slob	raw	prefix	365	1482750
sample	flat	slob	raw	prefix	366	51172625
sample	flat	slob	raw	prefix	367	50781333
sample	flat	slob	raw	prefix	368	721583
sample	flat	slob	raw	prefix	369	1673667
sample	flat	slob	raw	prefix	370	59798042
sample	flat	slob	raw	prefix	371	49731166
sample	flat	slob	raw	prefix	372	875708
sample	flat	slob	raw	prefix	373	788250
sample	flat	slob	raw	prefix	374	49040875
sample	flat	slob	raw	prefix	375	48546833
sample	flat	slob	raw	prefix	376	2388167
sample	flat	slob	raw	prefix	377	897583
sample	flat	slob	raw	prefix	378	47744542
sample	flat	slob	raw	prefix	379	51192708
sample	flat	slob	raw	prefix	380	1710959
sample	flat	slob	raw	prefix	381	1285083
sample	flat	slob	raw	prefix	382	49438708
sample	flat	slob	raw	prefix	383	49820041
sample	flat	slob	raw	prefix	384	730958
sample	flat	slob	raw	prefix	385	873250
sample	flat	slob	raw	prefix	386	45453084
sample	flat	slob	raw	prefix	387	45948459
sample	flat	slob	raw	prefix	388	923917
sample	flat	slob	raw	prefix	389	804541
sample	flat	slob	raw	prefix	390	43628166
sample	flat	slob	raw	prefix	391	103880917
sample	flat	slob	raw	prefix	392	3552625
sample	flat	slob	raw	prefix	393	2240042
sample	flat	slob	raw	prefix	394	83749167
sample	flat	slob	raw	prefix	395	64888708
sample	flat	slob	raw	prefix	396	2117917
sample	flat	slob	raw	prefix	397	1749792
sample	flat	slob	raw	prefix	398	62198958
sample	flat	slob	raw	prefix	399	63159875
sample	flat	slob	raw	prefix	400	2531167
sample	flat	slob	raw	prefix	401	2563625
sample	flat	slob	raw	prefix	402	56503000
sample	flat	slob	raw	prefix	403	60284667
sample	flat	slob	raw	prefix	404	2461500
sample	flat	slob	raw	prefix	405	3468833
sample	flat	slob	raw	prefix	406	80377791
sample	flat	slob	raw	prefix	407	67388083
sample	flat	slob	raw	prefix	408	2181167
sample	flat	slob	raw	prefix	409	1954042
sample	flat	slob	raw	prefix	410	76128792
sample	flat	slob	raw	prefix	411	62636625
sample	flat	slob	raw	prefix	412	1777542
sample	flat	slob	raw	prefix	413	1973125
sample	flat	slob	raw	prefix	414	72333209
sample	flat	slob	raw	prefix	415	78389542
sample	flat	slob	raw	prefix	416	1882209
sample	flat	slob	raw	prefix	417	2223875
sample	flat	slob	raw	prefix	418	80527333
sample	flat	slob	raw	prefix	419	66552917
sample	flat	slob	raw	prefix	420	2408667
sample	flat	slob	raw	prefix	421	4568958
sample	flat	slob	raw	prefix	422	83705625
sample	flat	slob	raw	prefix	423	64972166
sample	flat	slob	raw	prefix	424	747000
sample	flat	slob	raw	prefix	425	1796666
sample	flat	slob	raw	prefix	426	52909292
sample	flat	slob	raw	prefix	427	59738625
sample	flat	slob	raw	prefix	428	3092417
sample	flat	slob	raw	prefix	429	4187459
sample	flat	slob	raw	prefix	430	64498250
sample	flat	slob	raw	prefix	431	66378208
sample	flat	slob	raw	prefix	432	1022292
sample	flat	slob	raw	prefix	433	2240792
sample	flat	slob	raw	prefix	434	72047333
sample	flat	slob	raw	prefix	435	83125709
sample	flat	slob	raw	prefix	436	926542
sample	flat	slob	raw	prefix	437	1915166
sample	flat	slob	raw	prefix	438	57804042
sample	flat	slob	raw	prefix	439	56341959
sample	flat	slob	raw	prefix	440	2147792
sample	flat	slob	raw	prefix	441	2651458
sample	flat	slob	raw	prefix	442	62852291
sample	flat	slob	raw	prefix	443	74906125
sample	flat	slob	raw	prefix	444	1917917
sample	flat	slob	raw	prefix	445	1293250
sample	flat	slob	raw	prefix	446	57556458
sample	flat	slob	raw	prefix	447	60449583
sample	flat	slob	raw	prefix	448	786292
sample	flat	slob	raw	prefix	449	887625
sample	flat	slob	raw	prefix	450	58239000
sample	flat	slob	raw	prefix	451	58539917
sample	flat	slob	raw	prefix	452	2450625
sample	flat	slob	raw	prefix	453	835917
sample	flat	slob	raw	prefix	454	60848875
sample	flat	slob	raw	prefix	455	58329375
sample	flat	slob	raw	prefix	456	2411875
sample	flat	slob	raw	prefix	457	1378250
sample	flat	slob	raw	prefix	458	73394041
sample	flat	slob	raw	prefix	459	70618208
sample	flat	slob	raw	prefix	460	3241458
sample	flat	slob	raw	prefix	461	2112917
sample	flat	slob	raw	prefix	462	72742042
sample	flat	slob	raw	prefix	463	60181875
sample	flat	slob	raw	prefix	464	803084
sample	flat	slob	raw	prefix	465	1076958
sample	flat	slob	raw	prefix	466	72012583
sample	flat	slob	raw	prefix	467	83056291
sample	flat	slob	raw	prefix	468	929333
sample	flat	slob	raw	prefix	469	845625
sample	flat	slob	raw	prefix	470	74741500
sample	flat	slob	raw	prefix	471	66185500
sample	flat	slob	raw	prefix	472	1732250
sample	flat	slob	raw	prefix	473	1427375
sample	flat	slob	raw	prefix	474	69886000
sample	flat	slob	raw	prefix	475	82468500
sample	flat	slob	raw	prefix	476	1887375
sample	flat	slob	raw	prefix	477	817333
sample	flat	slob	raw	prefix	478	74211375
sample	flat	slob	raw	prefix	479	55018250
sample	flat	slob	raw	prefix	480	800166
sample	flat	slob	raw	prefix	481	891792
sample	flat	slob	raw	prefix	482	45954000
sample	flat	slob	raw	prefix	483	60878791
sample	flat	slob	raw	prefix	484	1002959
sample	flat	slob	raw	prefix	485	1269000
sample	flat	slob	raw	prefix	486	54996875
sample	flat	slob	raw	prefix	487	75979666
sample	flat	slob	raw	prefix	488	3997375
sample	flat	slob	raw	prefix	489	1679042
sample	flat	slob	raw	prefix	490	109193042
sample	flat	slob	raw	prefix	491	80336542
sample	flat	slob	raw	prefix	492	926166
sample	flat	slob	raw	prefix	493	3119458
sample	flat	slob	raw	prefix	494	66872542
sample	flat	slob	raw	prefix	495	63428209
sample	flat	slob	raw	prefix	496	2258375
sample	flat	slob	raw	prefix	497	2320084
sample	flat	slob	raw	prefix	498	72437375
sample	flat	slob	raw	prefix	499	74815459
sample	flat	slob	raw	prefix	500	2244250
sample	flat	slob	raw	prefix	501	1995041
sample	flat	slob	raw	prefix	502	77028792
sample	flat	slob	raw	prefix	503	90538584
sample	flat	slob	raw	prefix	504	790541
sample	flat	slob	raw	prefix	505	1623917
sample	flat	slob	raw	prefix	506	60738166
sample	flat	slob	raw	prefix	507	70917416
sample	flat	slob	raw	prefix	508	925042
sample	flat	slob	raw	prefix	509	895667
sample	flat	slob	raw	prefix	510	68954500
sample	flat	slob	raw	prefix	511	68273375
sample	flat	slob	raw	prefix	512	1037709
sample	flat	slob	raw	prefix	513	895791
sample	flat	slob	raw	prefix	514	81372208
sample	flat	slob	raw	prefix	515	71241292
sample	flat	slob	raw	prefix	516	1004875
sample	flat	slob	raw	prefix	517	2042583
sample	flat	slob	raw	prefix	518	60383083
sample	flat	slob	raw	prefix	519	71229166
sample	flat	slob	raw	prefix	520	1686834
sample	flat	slob	raw	prefix	521	1245917
sample	flat	slob	raw	prefix	522	68540000
sample	flat	slob	raw	prefix	523	82493250
sample	flat	slob	raw	prefix	524	2468750
sample	flat	slob	raw	prefix	525	2962875
sample	flat	slob	raw	prefix	526	68904750
sample	flat	slob	raw	prefix	527	80971167
sample	flat	slob	raw	prefix	528	1233167
sample	flat	slob	raw	prefix	529	1364959
sample	flat	slob	raw	prefix	530	60677875
sample	flat	slob	raw	prefix	531	66062750
sample	flat	slob	raw	prefix	532	1785750
sample	flat	slob	raw	prefix	533	1487209
sample	flat	slob	raw	prefix	534	73331583
sample	flat	slob	raw	prefix	535	71331916
sample	flat	slob	raw	prefix	536	1819167
sample	flat	slob	raw	prefix	537	3259042
sample	flat	slob	raw	prefix	538	58331750
sample	flat	slob	raw	prefix	539	68907917
sample	flat	slob	raw	prefix	540	1101208
sample	flat	slob	raw	prefix	541	838750
sample	flat	slob	raw	prefix	542	79328917
sample	flat	slob	raw	prefix	543	55716792
sample	flat	slob	raw	prefix	544	783083
sample	flat	slob	raw	prefix	545	893958
sample	flat	slob	raw	prefix	546	69673584
sample	flat	slob	raw	prefix	547	76050625
sample	flat	slob	raw	prefix	548	906709
sample	flat	slob	raw	prefix	549	2177250
sample	flat	slob	raw	prefix	550	55289750
sample	flat	slob	raw	prefix	551	65946708
sample	flat	slob	raw	prefix	552	785667
sample	flat	slob	raw	prefix	553	1808000
sample	flat	slob	raw	prefix	554	44601334
sample	flat	slob	raw	prefix	555	46816875
sample	flat	slob	raw	prefix	556	1193042
sample	flat	slob	raw	prefix	557	1223250
sample	flat	slob	raw	prefix	558	53322292
sample	flat	slob	raw	prefix	559	56431750
sample	flat	slob	raw	prefix	560	913584
sample	flat	slob	raw	prefix	561	954375
sample	flat	slob	raw	prefix	562	58308459
sample	flat	slob	raw	prefix	563	63860041
sample	flat	slob	raw	prefix	564	3816166
sample	flat	slob	raw	prefix	565	908292
sample	flat	slob	raw	prefix	566	60656042
sample	flat	slob	raw	prefix	567	55417208
sample	flat	slob	raw	prefix	568	2574791
sample	flat	slob	raw	prefix	569	1656500
sample	flat	slob	raw	prefix	570	50530833
sample	flat	slob	raw	prefix	571	53327000
sample	flat	slob	raw	prefix	572	913167
sample	flat	slob	raw	prefix	573	1699792
sample	flat	slob	raw	prefix	574	48954709
sample	flat	slob	raw	prefix	575	49894750
sample	flat	slob	raw	prefix	576	843584
sample	flat	slob	raw	prefix	577	1768000
sample	flat	slob	raw	prefix	578	49520792
sample	flat	slob	raw	prefix	579	49055917
sample	flat	slob	raw	prefix	580	1155666
sample	flat	slob	raw	prefix	581	2186541
sample	flat	slob	raw	prefix	582	53056125
sample	flat	slob	raw	prefix	583	52600875
sample	flat	slob	raw	prefix	584	2183625
sample	flat	slob	raw	prefix	585	2159709
sample	flat	slob	raw	prefix	586	50378417
sample	flat	slob	raw	prefix	587	49707083
sample	flat	slob	raw	prefix	588	2489000
sample	flat	slob	raw	prefix	589	3685583
sample	flat	slob	raw	prefix	590	76629334
sample	flat	slob	raw	prefix	591	63362125
sample	flat	slob	raw	prefix	592	1333208
sample	flat	slob	raw	prefix	593	1309667
sample	flat	slob	raw	prefix	594	63322583
sample	flat	slob	raw	prefix	595	65033333
sample	flat	slob	raw	prefix	596	4821292
sample	flat	slob	raw	prefix	597	1808583
sample	flat	slob	raw	prefix	598	70287666
sample	flat	slob	raw	prefix	599	69297500
sample	flat	slob	raw	prefix	600	774916
sample	flat	slob	raw	prefix	601	2415542
sample	flat	slob	raw	prefix	602	78560667
sample	flat	slob	raw	prefix	603	45214833
sample	flat	slob	raw	prefix	604	889375
sample	flat	slob	raw	prefix	605	1766583
sample	flat	slob	raw	prefix	606	49368750
sample	flat	slob	raw	prefix	607	54928042
sample	flat	slob	raw	prefix	608	1267333
sample	flat	slob	raw	prefix	609	1841000
sample	flat	slob	raw	prefix	610	55131792
sample	flat	slob	raw	prefix	611	56656833
sample	flat	slob	raw	prefix	612	934709
sample	flat	slob	raw	prefix	613	2039917
sample	flat	slob	raw	prefix	614	65425958
sample	flat	slob	raw	prefix	615	69655917
sample	flat	slob	raw	prefix	616	3360250
sample	flat	slob	raw	prefix	617	1349334
sample	flat	slob	raw	prefix	618	61535917
sample	flat	slob	raw	prefix	619	56562584
sample	flat	slob	raw	prefix	620	2140500
sample	flat	slob	raw	prefix	621	888959
sample	flat	slob	raw	prefix	622	53731209
sample	flat	slob	raw	prefix	623	54729541
sample	flat	slob	raw	prefix	624	752333
sample	flat	slob	raw	prefix	625	867417
sample	flat	slob	raw	prefix	626	50364209
sample	flat	slob	raw	prefix	627	49170041
sample	flat	slob	raw	prefix	628	893875
sample	flat	slob	raw	prefix	629	920125
sample	flat	slob	raw	prefix	630	52963041
sample	flat	slob	raw	prefix	631	53428417
sample	flat	slob	raw	prefix	632	1361584
sample	flat	slob	raw	prefix	633	2769000
sample	flat	slob	raw	prefix	634	57628791
sample	flat	slob	raw	prefix	635	67397709
sample	flat	slob	raw	prefix	636	1790667
sample	flat	slob	raw	prefix	637	2303417
sample	flat	slob	raw	prefix	638	45731125
sample	flat	slob	raw	prefix	639	56401000
sample	flat	slob	raw	prefix	640	2943875
sample	flat	slob	raw	prefix	641	899708
sample	flat	slob	raw	prefix	642	67698541
sample	flat	slob	raw	prefix	643	60132250
sample	flat	slob	raw	prefix	644	931625
sample	flat	slob	raw	prefix	645	961625
sample	flat	slob	raw	prefix	646	51564666
sample	flat	slob	raw	prefix	647	52095166
sample	flat	slob	raw	prefix	648	782792
sample	flat	slob	raw	prefix	649	1919792
sample	flat	slob	raw	prefix	650	74545166
sample	flat	slob	raw	prefix	651	63195417
sample	flat	slob	raw	prefix	652	931625
sample	flat	slob	raw	prefix	653	3940083
sample	flat	slob	raw	prefix	654	68018209
sample	flat	slob	raw	prefix	655	69500208
sample	flat	slob	raw	prefix	656	798459
sample	flat	slob	raw	prefix	657	896708
sample	flat	slob	raw	prefix	658	75603834
sample	flat	slob	raw	prefix	659	67063541
sample	flat	slob	raw	prefix	660	4221583
sample	flat	slob	raw	prefix	661	2269583
sample	flat	slob	raw	prefix	662	65726417
sample	flat	slob	raw	prefix	663	62369708
sample	flat	slob	raw	prefix	664	1956792
sample	flat	slob	raw	prefix	665	3160584
sample	flat	slob	raw	prefix	666	46784083
sample	flat	slob	raw	prefix	667	53149625
sample	flat	slob	raw	prefix	668	934750
sample	flat	slob	raw	prefix	669	813834
sample	flat	slob	raw	prefix	670	58183583
sample	flat	slob	raw	prefix	671	66501291
sample	flat	slob	raw	prefix	672	1489083
sample	flat	slob	raw	prefix	673	1534375
sample	flat	slob	raw	prefix	674	59047708
sample	flat	slob	raw	prefix	675	51235708
sample	flat	slob	raw	prefix	676	3901458
sample	flat	slob	raw	prefix	677	3240458
sample	flat	slob	raw	prefix	678	74342750
sample	flat	slob	raw	prefix	679	65225584
sample	flat	slob	raw	prefix	680	1999750
sample	flat	slob	raw	prefix	681	2855125
sample	flat	slob	raw	prefix	682	73122625
sample	flat	slob	raw	prefix	683	72957792
sample	flat	slob	raw	prefix	684	2098125
sample	flat	slob	raw	prefix	685	1301542
sample	flat	slob	raw	prefix	686	70246750
sample	flat	slob	raw	prefix	687	61877250
sample	flat	slob	raw	prefix	688	819375
sample	flat	slob	raw	prefix	689	1953167
sample	flat	slob	raw	prefix	690	73900250
sample	flat	slob	raw	prefix	691	59582250
sample	flat	slob	raw	prefix	692	3856000
sample	flat	slob	raw	prefix	693	1796542
sample	flat	slob	raw	prefix	694	61651792
sample	flat	slob	raw	prefix	695	46408375
sample	flat	slob	raw	prefix	696	1538500
sample	flat	slob	raw	prefix	697	1033708
sample	flat	slob	raw	prefix	698	52309083
sample	flat	slob	raw	prefix	699	51823083
sample	flat	slob	raw	prefix	700	1476208
sample	flat	slob	raw	prefix	701	830625
sample	flat	slob	raw	prefix	702	52068708
sample	flat	slob	raw	prefix	703	50297042
sample	flat	slob	raw	prefix	704	768416
sample	flat	slob	raw	prefix	705	877000
sample	flat	slob	raw	prefix	706	54092084
sample	flat	slob	raw	prefix	707	48868959
sample	flat	slob	raw	prefix	708	954375
sample	flat	slob	raw	prefix	709	805291
sample	flat	slob	raw	prefix	710	47615709
sample	flat	slob	raw	prefix	711	57192625
sample	flat	slob	raw	prefix	712	746792
sample	flat	slob	raw	prefix	713	1734125
sample	flat	slob	raw	prefix	714	65911375
sample	flat	slob	raw	prefix	715	61858791
sample	flat	slob	raw	prefix	716	1098333
sample	flat	slob	raw	prefix	717	835667
sample	flat	slob	raw	prefix	718	64941750
sample	flat	slob	raw	prefix	719	88288333
sample	flat	slob	raw	prefix	720	2460333
sample	flat	slob	raw	prefix	721	3297125
sample	flat	slob	raw	prefix	722	76452417
sample	flat	slob	raw	prefix	723	66418458
sample	flat	slob	raw	prefix	724	924208
sample	flat	slob	raw	prefix	725	2826000
sample	flat	slob	raw	prefix	726	74746792
sample	flat	slob	raw	prefix	727	60353167
sample	flat	slob	raw	prefix	728	749125
sample	flat	slob	raw	prefix	729	2864791
sample	flat	slob	raw	prefix	730	57774541
sample	flat	slob	raw	prefix	731	76834959
sample	flat	slob	raw	prefix	732	3224083
sample	flat	slob	raw	prefix	733	2839584
sample	flat	slob	raw	prefix	734	75970375
sample	flat	slob	raw	prefix	735	46198625
sample	flat	slob	raw	prefix	736	1843625
sample	flat	slob	raw	prefix	737	895750
sample	flat	slob	raw	prefix	738	52483500
sample	flat	slob	raw	prefix	739	47466667
sample	flat	slob	raw	prefix	740	1772375
sample	flat	slob	raw	prefix	741	875666
sample	flat	slob	raw	prefix	742	48035959
sample	flat	slob	raw	prefix	743	48060042
sample	flat	slob	raw	prefix	744	848917
sample	flat	slob	raw	prefix	745	2255458
sample	flat	slob	raw	prefix	746	50206833
sample	flat	slob	raw	prefix	747	69108125
sample	flat	slob	raw	prefix	748	904000
sample	flat	slob	raw	prefix	749	3739792
sample	flat	slob	raw	prefix	750	65048042
sample	flat	slob	raw	prefix	751	55377625
sample	flat	slob	raw	prefix	752	717917
sample	flat	slob	raw	prefix	753	889875
sample	flat	slob	raw	prefix	754	56043916
sample	flat	slob	raw	prefix	755	50984667
sample	flat	slob	raw	prefix	756	1554125
sample	flat	slob	raw	prefix	757	1458125
sample	flat	slob	raw	prefix	758	46999625
sample	flat	slob	raw	prefix	759	44717042
sample	flat	slob	raw	prefix	760	808875
sample	flat	slob	raw	prefix	761	918417
sample	flat	slob	raw	prefix	762	57710000
sample	flat	slob	raw	prefix	763	51670417
sample	flat	slob	raw	prefix	764	918250
sample	flat	slob	raw	prefix	765	812875
sample	flat	slob	raw	prefix	766	54420000
sample	flat	slob	raw	prefix	767	74260000
sample	flat	slob	raw	prefix	768	740166
sample	flat	slob	raw	prefix	769	1946208
sample	flat	slob	raw	prefix	770	54817500
sample	flat	slob	raw	prefix	771	61163500
sample	flat	slob	raw	prefix	772	2184458
sample	flat	slob	raw	prefix	773	1534958
sample	flat	slob	raw	prefix	774	73843958
sample	flat	slob	raw	prefix	775	59916542
sample	flat	slob	raw	prefix	776	2047833
sample	flat	slob	raw	prefix	777	1203667
sample	flat	slob	raw	prefix	778	59243750
sample	flat	slob	raw	prefix	779	50402625
sample	flat	slob	raw	prefix	780	1429667
sample	flat	slob	raw	prefix	781	835458
sample	flat	slob	raw	prefix	782	63807459
sample	flat	slob	raw	prefix	783	56320459
sample	flat	slob	raw	prefix	784	1511791
sample	flat	slob	raw	prefix	785	2477959
sample	flat	slob	raw	prefix	786	44356709
sample	flat	slob	raw	prefix	787	47725875
sample	flat	slob	raw	prefix	788	907791
sample	flat	slob	raw	prefix	789	3733167
sample	flat	slob	raw	prefix	790	53741834
sample	flat	slob	raw	prefix	791	56467375
sample	flat	slob	raw	prefix	792	2988000
sample	flat	slob	raw	prefix	793	2466625
sample	flat	slob	raw	prefix	794	60004875
sample	flat	slob	raw	prefix	795	58195708
sample	flat	slob	raw	prefix	796	1597917
sample	flat	slob	raw	prefix	797	4278708
sample	flat	slob	raw	prefix	798	45479417
sample	flat	slob	raw	prefix	799	54419500
sample	flat	slob	raw	prefix	800	724292
sample	flat	slob	raw	prefix	801	1916708
sample	flat	slob	raw	prefix	802	45186041
sample	flat	slob	raw	prefix	803	47043792
sample	flat	slob	raw	prefix	804	1161291
sample	flat	slob	raw	prefix	805	811000
sample	flat	slob	raw	prefix	806	46298667
sample	flat	slob	raw	prefix	807	42957542
sample	flat	slob	raw	prefix	808	722333
sample	flat	slob	raw	prefix	809	868334
sample	flat	slob	raw	prefix	810	48294167
sample	flat	slob	raw	prefix	811	49767416
sample	flat	slob	raw	prefix	812	1065375
sample	flat	slob	raw	prefix	813	1135166
sample	flat	slob	raw	prefix	814	50794791
sample	flat	slob	raw	prefix	815	57885417
sample	flat	slob	raw	prefix	816	754584
sample	flat	slob	raw	prefix	817	872292
sample	flat	slob	raw	prefix	818	42459042
sample	flat	slob	raw	prefix	819	39158083
sample	flat	slob	raw	prefix	820	922667
sample	flat	slob	raw	prefix	821	812333
sample	flat	slob	raw	prefix	822	46595292
sample	flat	slob	raw	prefix	823	44764208
sample	flat	slob	raw	prefix	824	1384583
sample	flat	slob	raw	prefix	825	878625
sample	flat	slob	raw	prefix	826	46399584
sample	flat	slob	raw	prefix	827	42401541
sample	flat	slob	raw	prefix	828	895333
sample	flat	slob	raw	prefix	829	2141167
sample	flat	slob	raw	prefix	830	45815042
sample	flat	slob	raw	prefix	831	57462875
sample	flat	slob	raw	prefix	832	740708
sample	flat	slob	raw	prefix	833	1275541
sample	flat	slob	raw	prefix	834	57415375
sample	flat	slob	raw	prefix	835	51876875
sample	flat	slob	raw	prefix	836	1366000
sample	flat	slob	raw	prefix	837	826459
sample	flat	slob	raw	prefix	838	53168583
sample	flat	slob	raw	prefix	839	50789583
sample	flat	slob	raw	prefix	840	1858166
sample	flat	slob	raw	prefix	841	895625
sample	flat	slob	raw	prefix	842	46954750
sample	flat	slob	raw	prefix	843	51947416
sample	flat	slob	raw	prefix	844	910375
sample	flat	slob	raw	prefix	845	821000
sample	flat	slob	raw	prefix	846	53994292
sample	flat	slob	raw	prefix	847	59821209
sample	flat	slob	raw	prefix	848	2946875
sample	flat	slob	raw	prefix	849	1789083
sample	flat	slob	raw	prefix	850	62763250
sample	flat	slob	raw	prefix	851	69720709
sample	flat	slob	raw	prefix	852	3072542
sample	flat	slob	raw	prefix	853	1313917
sample	flat	slob	raw	prefix	854	69745250
sample	flat	slob	raw	prefix	855	77305125
sample	flat	slob	raw	prefix	856	2363542
sample	flat	slob	raw	prefix	857	2298958
sample	flat	slob	raw	prefix	858	59832709
sample	flat	slob	raw	prefix	859	56058375
sample	flat	slob	raw	prefix	860	3856208
sample	flat	slob	raw	prefix	861	937375
sample	flat	slob	raw	prefix	862	56990250
sample	flat	slob	raw	prefix	863	54791459
sample	flat	slob	raw	prefix	864	748125
sample	flat	slob	raw	prefix	865	3000791
sample	flat	slob	raw	prefix	866	54165958
sample	flat	slob	raw	prefix	867	51262750
sample	flat	slob	raw	prefix	868	1825333
sample	flat	slob	raw	prefix	869	1359625
sample	flat	slob	raw	prefix	870	51730625
sample	flat	slob	raw	prefix	871	56342375
sample	flat	slob	raw	prefix	872	1362792
sample	flat	slob	raw	prefix	873	1443250
sample	flat	slob	raw	prefix	874	63203458
sample	flat	slob	raw	prefix	875	73123459
sample	flat	slob	raw	prefix	876	1742875
sample	flat	slob	raw	prefix	877	1987834
sample	flat	slob	raw	prefix	878	72733417
sample	flat	slob	raw	prefix	879	74951875
sample	flat	slob	raw	prefix	880	697791
sample	flat	slob	raw	prefix	881	3369541
sample	flat	slob	raw	prefix	882	64368959
sample	flat	slob	raw	prefix	883	67142375
sample	flat	slob	raw	prefix	884	949208
sample	flat	slob	raw	prefix	885	833125
sample	flat	slob	raw	prefix	886	52597084
sample	flat	slob	raw	prefix	887	55141125
sample	flat	slob	raw	prefix	888	1922458
sample	flat	slob	raw	prefix	889	1485000
sample	flat	slob	raw	prefix	890	46558292
sample	flat	slob	raw	prefix	891	47076417
sample	flat	slob	raw	prefix	892	1293250
sample	flat	slob	raw	prefix	893	813042
sample	flat	slob	raw	prefix	894	49323583
sample	flat	slob	raw	prefix	895	50536625
sample	flat	slob	raw	prefix	896	1366750
sample	flat	slob	raw	prefix	897	1348834
sample	flat	slob	raw	prefix	898	54999042
sample	flat	slob	raw	prefix	899	49504083
sample	flat	slob	raw	prefix	900	928041
sample	flat	slob	raw	prefix	901	1187959
sample	flat	slob	raw	prefix	902	63743167
sample	flat	slob	raw	prefix	903	64215417
sample	flat	slob	raw	prefix	904	1117458
sample	flat	slob	raw	prefix	905	1241208
sample	flat	slob	raw	prefix	906	41151250
sample	flat	slob	raw	prefix	907	46453500
sample	flat	slob	raw	prefix	908	3190125
sample	flat	slob	raw	prefix	909	918834
sample	flat	slob	raw	prefix	910	48691292
sample	flat	slob	raw	prefix	911	49155000
sample	flat	slob	raw	prefix	912	2017375
sample	flat	slob	raw	prefix	913	1040417
sample	flat	slob	raw	prefix	914	46456625
sample	flat	slob	raw	prefix	915	51909084
sample	flat	slob	raw	prefix	916	900750
sample	flat	slob	raw	prefix	917	817333
sample	flat	slob	raw	prefix	918	51881084
sample	flat	slob	raw	prefix	919	49280209
sample	flat	slob	raw	prefix	920	1596750
sample	flat	slob	raw	prefix	921	919833
sample	flat	slob	raw	prefix	922	49837792
sample	flat	slob	raw	prefix	923	49598958
sample	flat	slob	raw	prefix	924	895083
sample	flat	slob	raw	prefix	925	970083
sample	flat	slob	raw	prefix	926	62667167
sample	flat	slob	raw	prefix	927	52465125
sample	flat	slob	raw	prefix	928	1702625
sample	flat	slob	raw	prefix	929	2016500
sample	flat	slob	raw	prefix	930	71633166
sample	flat	slob	raw	prefix	931	56765459
sample	flat	slob	raw	prefix	932	2730292
sample	flat	slob	raw	prefix	933	852583
sample	flat	slob	raw	prefix	934	58050417
sample	flat	slob	raw	prefix	935	51951041
sample	flat	slob	raw	prefix	936	732333
sample	flat	slob	raw	prefix	937	856000
sample	flat	slob	raw	prefix	938	53897125
sample	flat	slob	raw	prefix	939	59820917
sample	flat	slob	raw	prefix	940	1923166
sample	flat	slob	raw	prefix	941	1215291
sample	flat	slob	raw	prefix	942	60097334
sample	flat	slob	raw	prefix	943	54491167
sample	flat	slob	raw	prefix	944	1972125
sample	flat	slob	raw	prefix	945	4921333
sample	flat	slob	raw	prefix	946	113863625
sample	flat	slob	raw	prefix	947	94602750
sample	flat	slob	raw	prefix	948	2095959
sample	flat	slob	raw	prefix	949	2168084
sample	flat	slob	raw	prefix	950	57840209
sample	flat	slob	raw	prefix	951	59102083
sample	flat	slob	raw	prefix	952	1491042
sample	flat	slob	raw	prefix	953	935542
sample	flat	slob	raw	prefix	954	68988625
sample	flat	slob	raw	prefix	955	62188958
sample	flat	slob	raw	prefix	956	2331875
sample	flat	slob	raw	prefix	957	1752209
sample	flat	slob	raw	prefix	958	64778083
sample	flat	slob	raw	prefix	959	73810334
sample	flat	slob	raw	prefix	960	1406792
sample	flat	slob	raw	prefix	961	2882250
sample	flat	slob	raw	prefix	962	67389833
sample	flat	slob	raw	prefix	963	171997792
sample	flat	slob	raw	prefix	964	11953000
sample	flat	slob	raw	prefix	965	1357833
sample	flat	slob	raw	prefix	966	95524542
sample	flat	slob	raw	prefix	967	60564417
sample	flat	slob	raw	prefix	968	2622375
sample	flat	slob	raw	prefix	969	898875
sample	flat	slob	raw	prefix	970	77584417
sample	flat	slob	raw	prefix	971	71017458
sample	flat	slob	raw	prefix	972	2859750
sample	flat	slob	raw	prefix	973	828334
sample	flat	slob	raw	prefix	974	71488583
sample	flat	slob	raw	prefix	975	80903459
sample	flat	slob	raw	prefix	976	795917
sample	flat	slob	raw	prefix	977	880167
sample	flat	slob	raw	prefix	978	243285417
sample	flat	slob	raw	prefix	979	74001375
sample	flat	slob	raw	prefix	980	2072208
sample	flat	slob	raw	prefix	981	1659875
sample	flat	slob	raw	prefix	982	77190291
sample	flat	slob	raw	prefix	983	76679875
sample	flat	slob	raw	prefix	984	941417
sample	flat	slob	raw	prefix	985	899083
sample	flat	slob	raw	prefix	986	73476584
sample	flat	slob	raw	prefix	987	74138708
sample	flat	slob	raw	prefix	988	872333
sample	flat	slob	raw	prefix	989	3214833
sample	flat	slob	raw	prefix	990	77521667
sample	flat	slob	raw	prefix	991	63665833
sample	flat	slob	raw	prefix	992	742583
sample	flat	slob	raw	prefix	993	1650333
sample	flat	slob	raw	prefix	994	63868542
sample	flat	slob	raw	prefix	995	67121958
sample	flat	slob	raw	prefix	996	2161042
sample	flat	slob	raw	prefix	997	1909041
sample	flat	slob	raw	prefix	998	94588875
sample	flat	slob	raw	prefix	999	65546917
sample	flat	slob	raw	render	0	155709
sample	flat	slob	raw	render	1	63500
sample	flat	slob	raw	render	2	64959
sample	flat	slob	raw	render	3	61917
sample	flat	slob	raw	render	4	61125
sample	flat	slob	raw	render	5	56625
sample	flat	slob	raw	render	6	274667
sample	flat	slob	raw	render	7	63500
sample	flat	slob	raw	render	8	395166
sample	flat	slob	raw	render	9	262083
sample	flat	slob	raw	render	10	184042
sample	flat	slob	raw	render	11	181458
sample	flat	slob	raw	render	12	183167
sample	flat	slob	raw	render	13	150125
sample	flat	slob	raw	render	14	146209
sample	flat	slob	raw	render	15	118167
sample	flat	slob	raw	render	16	166750
sample	flat	slob	raw	render	17	163291
sample	flat	slob	raw	render	18	147667
sample	flat	slob	raw	render	19	177083
sample	flat	slob	raw	render	20	147875
sample	flat	slob	raw	render	21	74208
sample	flat	slob	raw	render	22	54000
sample	flat	slob	raw	render	23	55583
sample	flat	slob	raw	render	24	61083
sample	flat	slob	raw	render	25	58250
sample	flat	slob	raw	render	26	60916
sample	flat	slob	raw	render	27	60500
sample	flat	slob	raw	render	28	57208
sample	flat	slob	raw	render	29	52125
sample	flat	slob	raw	render	30	45584
sample	flat	slob	raw	render	31	50458
sample	flat	slob	raw	render	32	57542
sample	flat	slob	raw	render	33	56208
sample	flat	slob	raw	render	34	58000
sample	flat	slob	raw	render	35	55959
sample	flat	slob	raw	render	36	55375
sample	flat	slob	raw	render	37	50917
sample	flat	slob	raw	render	38	51250
sample	flat	slob	raw	render	39	56708
sample	flat	slob	raw	render	40	55375
sample	flat	slob	raw	render	41	224459
sample	flat	slob	raw	render	42	226750
sample	flat	slob	raw	render	43	219792
sample	flat	slob	raw	render	44	135333
sample	flat	slob	raw	render	45	112750
sample	flat	slob	raw	render	46	138459
sample	flat	slob	raw	render	47	136625
sample	flat	slob	raw	render	48	131875
sample	flat	slob	raw	render	49	132417
sample	flat	slob	raw	render	50	127000
sample	flat	slob	raw	render	51	128875
sample	flat	slob	raw	render	52	198125
sample	flat	slob	raw	render	53	152500
sample	flat	slob	raw	render	54	146167
sample	flat	slob	raw	render	55	257625
sample	flat	slob	raw	render	56	188750
sample	flat	slob	raw	render	57	171291
sample	flat	slob	raw	render	58	140125
sample	flat	slob	raw	render	59	164666
sample	flat	slob	raw	render	60	161709
sample	flat	slob	raw	render	61	132791
sample	flat	slob	raw	render	62	149333
sample	flat	slob	raw	render	63	136625
sample	flat	slob	raw	render	64	171792
sample	flat	slob	raw	render	65	142500
sample	flat	slob	raw	render	66	131958
sample	flat	slob	raw	render	67	119542
sample	flat	slob	raw	render	68	124209
sample	flat	slob	raw	render	69	132042
sample	flat	slob	raw	render	70	786917
sample	flat	slob	raw	render	71	94250
sample	flat	slob	raw	render	72	64167
sample	flat	slob	raw	render	73	56250
sample	flat	slob	raw	render	74	51375
sample	flat	slob	raw	render	75	45083
sample	flat	slob	raw	render	76	53125
sample	flat	slob	raw	render	77	56750
sample	flat	slob	raw	render	78	58416
sample	flat	slob	raw	render	79	56541
sample	flat	slob	raw	render	80	55500
sample	flat	slob	raw	render	81	56083
sample	flat	slob	raw	render	82	51000
sample	flat	slob	raw	render	83	48833
sample	flat	slob	raw	render	84	56208
sample	flat	slob	raw	render	85	62541
sample	flat	slob	raw	render	86	55667
sample	flat	slob	raw	render	87	55250
sample	flat	slob	raw	render	88	54917
sample	flat	slob	raw	render	89	50291
sample	flat	slob	raw	render	90	169125
sample	flat	slob	raw	render	91	160000
sample	flat	slob	raw	render	92	240917
sample	flat	slob	raw	render	93	198000
sample	flat	slob	raw	render	94	85292
sample	flat	slob	raw	render	95	57208
sample	flat	slob	raw	render	96	184083
sample	flat	slob	raw	render	97	83750
sample	flat	slob	raw	render	98	58791
sample	flat	slob	raw	render	99	287167
sample	flat	slob	raw	render	100	1256875
sample	flat	slob	raw	render	101	212458
sample	flat	slob	raw	render	102	78709
sample	flat	slob	raw	render	103	168500
sample	flat	slob	raw	render	104	141167
sample	flat	slob	raw	render	105	110417
sample	flat	slob	raw	render	106	152125
sample	flat	slob	raw	render	107	148417
sample	flat	slob	raw	render	108	145750
sample	flat	slob	raw	render	109	144792
sample	flat	slob	raw	render	110	149917
sample	flat	slob	raw	render	111	140084
sample	flat	slob	raw	render	112	122917
sample	flat	slob	raw	render	113	119083
sample	flat	slob	raw	render	114	135875
sample	flat	slob	raw	render	115	130083
sample	flat	slob	raw	render	116	174792
sample	flat	slob	raw	render	117	161000
sample	flat	slob	raw	render	118	1392083
sample	flat	slob	raw	render	119	216958
sample	flat	slob	raw	render	120	136208
sample	flat	slob	raw	render	121	154250
sample	flat	slob	raw	render	122	163250
sample	flat	slob	raw	render	123	180416
sample	flat	slob	raw	render	124	92375
sample	flat	slob	raw	render	125	59542
sample	flat	slob	raw	render	126	77500
sample	flat	slob	raw	render	127	52041
sample	flat	slob	raw	render	128	51666
sample	flat	slob	raw	render	129	58333
sample	flat	slob	raw	render	130	55959
sample	flat	slob	raw	render	131	56500
sample	flat	slob	raw	render	132	58042
sample	flat	slob	raw	render	133	57041
sample	flat	slob	raw	render	134	51500
sample	flat	slob	raw	render	135	45458
sample	flat	slob	raw	render	136	51834
sample	flat	slob	raw	render	137	60083
sample	flat	slob	raw	render	138	56583
sample	flat	slob	raw	render	139	57000
sample	flat	slob	raw	render	140	55750
sample	flat	slob	raw	render	141	76500
sample	flat	slob	raw	render	142	50666
sample	flat	slob	raw	render	143	49583
sample	flat	slob	raw	render	144	56125
sample	flat	slob	raw	render	145	55916
sample	flat	slob	raw	render	146	55792
sample	flat	slob	raw	render	147	58791
sample	flat	slob	raw	render	148	55417
sample	flat	slob	raw	render	149	51167
sample	flat	slob	raw	render	150	44541
sample	flat	slob	raw	render	151	49792
sample	flat	slob	raw	render	152	57208
sample	flat	slob	raw	render	153	55959
sample	flat	slob	raw	render	154	55792
sample	flat	slob	raw	render	155	54834
sample	flat	slob	raw	render	156	268083
sample	flat	slob	raw	render	157	159084
sample	flat	slob	raw	render	158	176125
sample	flat	slob	raw	render	159	186208
sample	flat	slob	raw	render	160	168459
sample	flat	slob	raw	render	161	151792
sample	flat	slob	raw	render	162	201292
sample	flat	slob	raw	render	163	162750
sample	flat	slob	raw	render	164	143542
sample	flat	slob	raw	render	165	119958
sample	flat	slob	raw	render	166	165709
sample	flat	slob	raw	render	167	222917
sample	flat	slob	raw	render	168	152125
sample	flat	slob	raw	render	169	181542
sample	flat	slob	raw	render	170	163167
sample	flat	slob	raw	render	171	168334
sample	flat	slob	raw	render	172	158584
sample	flat	slob	raw	render	173	139333
sample	flat	slob	raw	render	174	170250
sample	flat	slob	raw	render	175	174875
sample	flat	slob	raw	render	176	173334
sample	flat	slob	raw	render	177	77708
sample	flat	slob	raw	render	178	104125
sample	flat	slob	raw	render	179	65166
sample	flat	slob	raw	render	180	49958
sample	flat	slob	raw	render	181	64875
sample	flat	slob	raw	render	182	65166
sample	flat	slob	raw	render	183	59958
sample	flat	slob	raw	render	184	60792
sample	flat	slob	raw	render	185	58333
sample	flat	slob	raw	render	186	59500
sample	flat	slob	raw	render	187	52833
sample	flat	slob	raw	render	188	52417
sample	flat	slob	raw	render	189	58750
sample	flat	slob	raw	render	190	57917
sample	flat	slob	raw	render	191	132167
sample	flat	slob	raw	render	192	62000
sample	flat	slob	raw	render	193	99459
sample	flat	slob	raw	render	194	52167
sample	flat	slob	raw	render	195	45375
sample	flat	slob	raw	render	196	52125
sample	flat	slob	raw	render	197	57375
sample	flat	slob	raw	render	198	56666
sample	flat	slob	raw	render	199	58500
sample	flat	slob	raw	render	200	64791
sample	flat	slob	raw	render	201	198334
sample	flat	slob	raw	render	202	197250
sample	flat	slob	raw	render	203	141958
sample	flat	slob	raw	render	204	158833
sample	flat	slob	raw	render	205	116375
sample	flat	slob	raw	render	206	61875
sample	flat	slob	raw	render	207	60834
sample	flat	slob	raw	render	208	59083
sample	flat	slob	raw	render	209	53291
sample	flat	slob	raw	render	210	45208
sample	flat	slob	raw	render	211	50625
sample	flat	slob	raw	render	212	59125
sample	flat	slob	raw	render	213	56333
sample	flat	slob	raw	render	214	57875
sample	flat	slob	raw	render	215	55833
sample	flat	slob	raw	render	216	55834
sample	flat	slob	raw	render	217	50959
sample	flat	slob	raw	render	218	51042
sample	flat	slob	raw	render	219	56916
sample	flat	slob	raw	render	220	56541
sample	flat	slob	raw	render	221	56542
sample	flat	slob	raw	render	222	56708
sample	flat	slob	raw	render	223	55416
sample	flat	slob	raw	render	224	50542
sample	flat	slob	raw	render	225	44209
sample	flat	slob	raw	render	226	51875
sample	flat	slob	raw	render	227	57334
sample	flat	slob	raw	render	228	56583
sample	flat	slob	raw	render	229	82500
sample	flat	slob	raw	render	230	56792
sample	flat	slob	raw	render	231	56667
sample	flat	slob	raw	render	232	50416
sample	flat	slob	raw	render	233	49292
sample	flat	slob	raw	render	234	53583
sample	flat	slob	raw	render	235	56167
sample	flat	slob	raw	render	236	55958
sample	flat	slob	raw	render	237	56041
sample	flat	slob	raw	render	238	55000
sample	flat	slob	raw	render	239	50542
sample	flat	slob	raw	render	240	44916
sample	flat	slob	raw	render	241	48500
sample	flat	slob	raw	render	242	56125
sample	flat	slob	raw	render	243	55500
sample	flat	slob	raw	render	244	55667
sample	flat	slob	raw	render	245	55375
sample	flat	slob	raw	render	246	55167
sample	flat	slob	raw	render	247	49875
sample	flat	slob	raw	render	248	49334
sample	flat	slob	raw	render	249	53375
sample	flat	slob	raw	render	250	54875
sample	flat	slob	raw	render	251	55209
sample	flat	slob	raw	render	252	56375
sample	flat	slob	raw	render	253	56791
sample	flat	slob	raw	render	254	50250
sample	flat	slob	raw	render	255	44417
sample	flat	slob	raw	render	256	48667
sample	flat	slob	raw	render	257	55166
sample	flat	slob	raw	render	258	54875
sample	flat	slob	raw	render	259	55500
sample	flat	slob	raw	render	260	54875
sample	flat	slob	raw	render	261	57541
sample	flat	slob	raw	render	262	50125
sample	flat	slob	raw	render	263	48708
sample	flat	slob	raw	render	264	1531291
sample	flat	slob	raw	render	265	367708
sample	flat	slob	raw	render	266	286500
sample	flat	slob	raw	render	267	235667
sample	flat	slob	raw	render	268	179125
sample	flat	slob	raw	render	269	178125
sample	flat	slob	raw	render	270	142792
sample	flat	slob	raw	render	271	183709
sample	flat	slob	raw	render	272	85375
sample	flat	slob	raw	render	273	61042
sample	flat	slob	raw	render	274	61000
sample	flat	slob	raw	render	275	57000
sample	flat	slob	raw	render	276	56667
sample	flat	slob	raw	render	277	50875
sample	flat	slob	raw	render	278	51917
sample	flat	slob	raw	render	279	54792
sample	flat	slob	raw	render	280	56500
sample	flat	slob	raw	render	281	55750
sample	flat	slob	raw	render	282	56000
sample	flat	slob	raw	render	283	55375
sample	flat	slob	raw	render	284	50792
sample	flat	slob	raw	render	285	44583
sample	flat	slob	raw	render	286	48750
sample	flat	slob	raw	render	287	57792
sample	flat	slob	raw	render	288	55416
sample	flat	slob	raw	render	289	55959
sample	flat	slob	raw	render	290	1303250
sample	flat	slob	raw	render	291	237709
sample	flat	slob	raw	render	292	95459
sample	flat	slob	raw	render	293	58333
sample	flat	slob	raw	render	294	57708
sample	flat	slob	raw	render	295	74042
sample	flat	slob	raw	render	296	66083
sample	flat	slob	raw	render	297	63625
sample	flat	slob	raw	render	298	56708
sample	flat	slob	raw	render	299	51750
sample	flat	slob	raw	render	300	45708
sample	flat	slob	raw	render	301	50583
sample	flat	slob	raw	render	302	58583
sample	flat	slob	raw	render	303	57292
sample	flat	slob	raw	render	304	57667
sample	flat	slob	raw	render	305	57958
sample	flat	slob	raw	render	306	57292
sample	flat	slob	raw	render	307	52083
sample	flat	slob	raw	render	308	49708
sample	flat	slob	raw	render	309	54542
sample	flat	slob	raw	render	310	55791
sample	flat	slob	raw	render	311	55792
sample	flat	slob	raw	render	312	56583
sample	flat	slob	raw	render	313	59541
sample	flat	slob	raw	render	314	51291
sample	flat	slob	raw	render	315	45041
sample	flat	slob	raw	render	316	49292
sample	flat	slob	raw	render	317	56667
sample	flat	slob	raw	render	318	56541
sample	flat	slob	raw	render	319	58250
sample	flat	slob	raw	render	320	56750
sample	flat	slob	raw	render	321	127125
sample	flat	slob	raw	render	322	63125
sample	flat	slob	raw	render	323	77125
sample	flat	slob	raw	render	324	192500
sample	flat	slob	raw	render	325	893500
sample	flat	slob	raw	render	326	272791
sample	flat	slob	raw	render	327	93000
sample	flat	slob	raw	render	328	65250
sample	flat	slob	raw	render	329	1496334
sample	flat	slob	raw	render	330	160125
sample	flat	slob	raw	render	331	194500
sample	flat	slob	raw	render	332	158500
sample	flat	slob	raw	render	333	155084
sample	flat	slob	raw	render	334	139416
sample	flat	slob	raw	render	335	189208
sample	flat	slob	raw	render	336	155333
sample	flat	slob	raw	render	337	195542
sample	flat	slob	raw	render	338	180042
sample	flat	slob	raw	render	339	141292
sample	flat	slob	raw	render	340	178541
sample	flat	slob	raw	render	341	148417
sample	flat	slob	raw	render	342	178792
sample	flat	slob	raw	render	343	141125
sample	flat	slob	raw	render	344	121125
sample	flat	slob	raw	render	345	154167
sample	flat	slob	raw	render	346	119208
sample	flat	slob	raw	render	347	76667
sample	flat	slob	raw	render	348	60958
sample	flat	slob	raw	render	349	60292
sample	flat	slob	raw	render	350	57875
sample	flat	slob	raw	render	351	57458
sample	flat	slob	raw	render	352	1512083
sample	flat	slob	raw	render	353	143791
sample	flat	slob	raw	render	354	172292
sample	flat	slob	raw	render	355	215334
sample	flat	slob	raw	render	356	155375
sample	flat	slob	raw	render	357	162792
sample	flat	slob	raw	render	358	156542
sample	flat	slob	raw	render	359	128625
sample	flat	slob	raw	render	360	334083
sample	flat	slob	raw	render	361	65625
sample	flat	slob	raw	render	362	68875
sample	flat	slob	raw	render	363	61250
sample	flat	slob	raw	render	364	59875
sample	flat	slob	raw	render	365	59000
sample	flat	slob	raw	render	366	59375
sample	flat	slob	raw	render	367	192209
sample	flat	slob	raw	render	368	276583
sample	flat	slob	raw	render	369	154500
sample	flat	slob	raw	render	370	220833
sample	flat	slob	raw	render	371	116875
sample	flat	slob	raw	render	372	65917
sample	flat	slob	raw	render	373	105708
sample	flat	slob	raw	render	374	99541
sample	flat	slob	raw	render	375	47292
sample	flat	slob	raw	render	376	92584
sample	flat	slob	raw	render	377	64250
sample	flat	slob	raw	render	378	59167
sample	flat	slob	raw	render	379	59542
sample	flat	slob	raw	render	380	58250
sample	flat	slob	raw	render	381	56667
sample	flat	slob	raw	render	382	52125
sample	flat	slob	raw	render	383	51917
sample	flat	slob	raw	render	384	57750
sample	flat	slob	raw	render	385	58250
sample	flat	slob	raw	render	386	57167
sample	flat	slob	raw	render	387	57250
sample	flat	slob	raw	render	388	57041
sample	flat	slob	raw	render	389	51125
sample	flat	slob	raw	render	390	45042
sample	flat	slob	raw	render	391	193250
sample	flat	slob	raw	render	392	292500
sample	flat	slob	raw	render	393	152458
sample	flat	slob	raw	render	394	163375
sample	flat	slob	raw	render	395	160417
sample	flat	slob	raw	render	396	179375
sample	flat	slob	raw	render	397	209208
sample	flat	slob	raw	render	398	197750
sample	flat	slob	raw	render	399	329750
sample	flat	slob	raw	render	400	161709
sample	flat	slob	raw	render	401	82875
sample	flat	slob	raw	render	402	77625
sample	flat	slob	raw	render	403	58708
sample	flat	slob	raw	render	404	52083
sample	flat	slob	raw	render	405	45916
sample	flat	slob	raw	render	406	53708
sample	flat	slob	raw	render	407	58416
sample	flat	slob	raw	render	408	57625
sample	flat	slob	raw	render	409	56209
sample	flat	slob	raw	render	410	57375
sample	flat	slob	raw	render	411	56041
sample	flat	slob	raw	render	412	50667
sample	flat	slob	raw	render	413	50000
sample	flat	slob	raw	render	414	54166
sample	flat	slob	raw	render	415	55917
sample	flat	slob	raw	render	416	56084
sample	flat	slob	raw	render	417	86083
sample	flat	slob	raw	render	418	70583
sample	flat	slob	raw	render	419	360250
sample	flat	slob	raw	render	420	140667
sample	flat	slob	raw	render	421	160417
sample	flat	slob	raw	render	422	140500
sample	flat	slob	raw	render	423	137292
sample	flat	slob	raw	render	424	138167
sample	flat	slob	raw	render	425	144375
sample	flat	slob	raw	render	426	131625
sample	flat	slob	raw	render	427	122542
sample	flat	slob	raw	render	428	122750
sample	flat	slob	raw	render	429	130708
sample	flat	slob	raw	render	430	151666
sample	flat	slob	raw	render	431	154875
sample	flat	slob	raw	render	432	1186834
sample	flat	slob	raw	render	433	248292
sample	flat	slob	raw	render	434	133375
sample	flat	slob	raw	render	435	112041
sample	flat	slob	raw	render	436	131334
sample	flat	slob	raw	render	437	151750
sample	flat	slob	raw	render	438	139875
sample	flat	slob	raw	render	439	135292
sample	flat	slob	raw	render	440	138167
sample	flat	slob	raw	render	441	137292
sample	flat	slob	raw	render	442	220917
sample	flat	slob	raw	render	443	193959
sample	flat	slob	raw	render	444	134375
sample	flat	slob	raw	render	445	162333
sample	flat	slob	raw	render	446	149667
sample	flat	slob	raw	render	447	199917
sample	flat	slob	raw	render	448	9101541
sample	flat	slob	raw	render	449	132125
sample	flat	slob	raw	render	450	3684375
sample	flat	slob	raw	render	451	2612750
sample	flat	slob	raw	render	452	1283875
sample	flat	slob	raw	render	453	107958
sample	flat	slob	raw	render	454	64042
sample	flat	slob	raw	render	455	58209
sample	flat	slob	raw	render	456	57667
sample	flat	slob	raw	render	457	52250
sample	flat	slob	raw	render	458	53208
sample	flat	slob	raw	render	459	54375
sample	flat	slob	raw	render	460	56375
sample	flat	slob	raw	render	461	56084
sample	flat	slob	raw	render	462	804125
sample	flat	slob	raw	render	463	226083
sample	flat	slob	raw	render	464	141458
sample	flat	slob	raw	render	465	112166
sample	flat	slob	raw	render	466	126000
sample	flat	slob	raw	render	467	2338333
sample	flat	slob	raw	render	468	310625
sample	flat	slob	raw	render	469	168125
sample	flat	slob	raw	render	470	135125
sample	flat	slob	raw	render	471	133542
sample	flat	slob	raw	render	472	121708
sample	flat	slob	raw	render	473	181041
sample	flat	slob	raw	render	474	134459
sample	flat	slob	raw	render	475	133375
sample	flat	slob	raw	render	476	447041
sample	flat	slob	raw	render	477	140583
sample	flat	slob	raw	render	478	132625
sample	flat	slob	raw	render	479	121083
sample	flat	slob	raw	render	480	109333
sample	flat	slob	raw	render	481	121458
sample	flat	slob	raw	render	482	137584
sample	flat	slob	raw	render	483	281458
sample	flat	slob	raw	render	484	64875
sample	flat	slob	raw	render	485	61375
sample	flat	slob	raw	render	486	57583
sample	flat	slob	raw	render	487	51458
sample	flat	slob	raw	render	488	60250
sample	flat	slob	raw	render	489	55416
sample	flat	slob	raw	render	490	57083
sample	flat	slob	raw	render	491	56250
sample	flat	slob	raw	render	492	55917
sample	flat	slob	raw	render	493	55209
sample	flat	slob	raw	render	494	50708
sample	flat	slob	raw	render	495	44416
sample	flat	slob	raw	render	496	49375
sample	flat	slob	raw	render	497	57375
sample	flat	slob	raw	render	498	55416
sample	flat	slob	raw	render	499	54916
sample	flat	slob	raw	render	500	55417
sample	flat	slob	raw	render	501	54291
sample	flat	slob	raw	render	502	50166
sample	flat	slob	raw	render	503	48750
sample	flat	slob	raw	render	504	53375
sample	flat	slob	raw	render	505	55417
sample	flat	slob	raw	render	506	54917
sample	flat	slob	raw	render	507	57958
sample	flat	slob	raw	render	508	55333
sample	flat	slob	raw	render	509	50833
sample	flat	slob	raw	render	510	44584
sample	flat	slob	raw	render	511	48916
sample	flat	slob	raw	render	512	56250
sample	flat	slob	raw	render	513	56000
sample	flat	slob	raw	render	514	55041
sample	flat	slob	raw	render	515	56167
sample	flat	slob	raw	render	516	54667
sample	flat	slob	raw	render	517	50500
sample	flat	slob	raw	render	518	48333
sample	flat	slob	raw	render	519	3216333
sample	flat	slob	raw	render	520	209167
sample	flat	slob	raw	render	521	135666
sample	flat	slob	raw	render	522	3276125
sample	flat	slob	raw	render	523	231958
sample	flat	slob	raw	render	524	153833
sample	flat	slob	raw	render	525	115042
sample	flat	slob	raw	render	526	133958
sample	flat	slob	raw	render	527	141000
sample	flat	slob	raw	render	528	133625
sample	flat	slob	raw	render	529	1883958
sample	flat	slob	raw	render	530	219584
sample	flat	slob	raw	render	531	182792
sample	flat	slob	raw	render	532	8019667
sample	flat	slob	raw	render	533	533875
sample	flat	slob	raw	render	534	189083
sample	flat	slob	raw	render	535	182250
sample	flat	slob	raw	render	536	161042
sample	flat	slob	raw	render	537	142667
sample	flat	slob	raw	render	538	62583
sample	flat	slob	raw	render	539	53584
sample	flat	slob	raw	render	540	46041
sample	flat	slob	raw	render	541	52792
sample	flat	slob	raw	render	542	332417
sample	flat	slob	raw	render	543	234125
sample	flat	slob	raw	render	544	6858708
sample	flat	slob	raw	render	545	2626375
sample	flat	slob	raw	render	546	313209
sample	flat	slob	raw	render	547	554875
sample	flat	slob	raw	render	548	84208
sample	flat	slob	raw	render	549	69334
sample	flat	slob	raw	render	550	61584
sample	flat	slob	raw	render	551	59500
sample	flat	slob	raw	render	552	77084
sample	flat	slob	raw	render	553	60708
sample	flat	slob	raw	render	554	55750
sample	flat	slob	raw	render	555	45458
sample	flat	slob	raw	render	556	53583
sample	flat	slob	raw	render	557	62500
sample	flat	slob	raw	render	558	58375
sample	flat	slob	raw	render	559	247750
sample	flat	slob	raw	render	560	171292
sample	flat	slob	raw	render	561	161708
sample	flat	slob	raw	render	562	128084
sample	flat	slob	raw	render	563	130791
sample	flat	slob	raw	render	564	139250
sample	flat	slob	raw	render	565	141125
sample	flat	slob	raw	render	566	134584
sample	flat	slob	raw	render	567	147958
sample	flat	slob	raw	render	568	72625
sample	flat	slob	raw	render	569	781209
sample	flat	slob	raw	render	570	151500
sample	flat	slob	raw	render	571	183166
sample	flat	slob	raw	render	572	173916
sample	flat	slob	raw	render	573	139084
sample	flat	slob	raw	render	574	131958
sample	flat	slob	raw	render	575	134958
sample	flat	slob	raw	render	576	131875
sample	flat	slob	raw	render	577	122083
sample	flat	slob	raw	render	578	120584
sample	flat	slob	raw	render	579	547708
sample	flat	slob	raw	render	580	128958
sample	flat	slob	raw	render	581	67042
sample	flat	slob	raw	render	582	74750
sample	flat	slob	raw	render	583	63250
sample	flat	slob	raw	render	584	54292
sample	flat	slob	raw	render	585	46917
sample	flat	slob	raw	render	586	129792
sample	flat	slob	raw	render	587	418416
sample	flat	slob	raw	render	588	186875
sample	flat	slob	raw	render	589	150166
sample	flat	slob	raw	render	590	150792
sample	flat	slob	raw	render	591	146833
sample	flat	slob	raw	render	592	138125
sample	flat	slob	raw	render	593	133750
sample	flat	slob	raw	render	594	260000
sample	flat	slob	raw	render	595	63125
sample	flat	slob	raw	render	596	60542
sample	flat	slob	raw	render	597	61375
sample	flat	slob	raw	render	598	60000
sample	flat	slob	raw	render	599	53125
sample	flat	slob	raw	render	600	47083
sample	flat	slob	raw	render	601	51833
sample	flat	slob	raw	render	602	59000
sample	flat	slob	raw	render	603	57083
sample	flat	slob	raw	render	604	57917
sample	flat	slob	raw	render	605	246000
sample	flat	slob	raw	render	606	199083
sample	flat	slob	raw	render	607	139833
sample	flat	slob	raw	render	608	129417
sample	flat	slob	raw	render	609	144583
sample	flat	slob	raw	render	610	10527208
sample	flat	slob	raw	render	611	1494167
sample	flat	slob	raw	render	612	202292
sample	flat	slob	raw	render	613	138292
sample	flat	slob	raw	render	614	122500
sample	flat	slob	raw	render	615	114375
sample	flat	slob	raw	render	616	130375
sample	flat	slob	raw	render	617	141792
sample	flat	slob	raw	render	618	317917
sample	flat	slob	raw	render	619	173083
sample	flat	slob	raw	render	620	152500
sample	flat	slob	raw	render	621	150041
sample	flat	slob	raw	render	622	123334
sample	flat	slob	raw	render	623	122416
sample	flat	slob	raw	render	624	139208
sample	flat	slob	raw	render	625	1736500
sample	flat	slob	raw	render	626	176584
sample	flat	slob	raw	render	627	147291
sample	flat	slob	raw	render	628	147041
sample	flat	slob	raw	render	629	133917
sample	flat	slob	raw	render	630	110875
sample	flat	slob	raw	render	631	138625
sample	flat	slob	raw	render	632	83000
sample	flat	slob	raw	render	633	63875
sample	flat	slob	raw	render	634	333500
sample	flat	slob	raw	render	635	77667
sample	flat	slob	raw	render	636	60458
sample	flat	slob	raw	render	637	52542
sample	flat	slob	raw	render	638	53041
sample	flat	slob	raw	render	639	55709
sample	flat	slob	raw	render	640	57625
sample	flat	slob	raw	render	641	58375
sample	flat	slob	raw	render	642	58083
sample	flat	slob	raw	render	643	57167
sample	flat	slob	raw	render	644	51375
sample	flat	slob	raw	render	645	45709
sample	flat	slob	raw	render	646	50875
sample	flat	slob	raw	render	647	58417
sample	flat	slob	raw	render	648	57041
sample	flat	slob	raw	render	649	56000
sample	flat	slob	raw	render	650	56459
sample	flat	slob	raw	render	651	55625
sample	flat	slob	raw	render	652	52833
sample	flat	slob	raw	render	653	50625
sample	flat	slob	raw	render	654	53458
sample	flat	slob	raw	render	655	56333
sample	flat	slob	raw	render	656	56417
sample	flat	slob	raw	render	657	59083
sample	flat	slob	raw	render	658	55833
sample	flat	slob	raw	render	659	76750
sample	flat	slob	raw	render	660	54542
sample	flat	slob	raw	render	661	53791
sample	flat	slob	raw	render	662	59542
sample	flat	slob	raw	render	663	57625
sample	flat	slob	raw	render	664	70125
sample	flat	slob	raw	render	665	66334
sample	flat	slob	raw	render	666	58959
sample	flat	slob	raw	render	667	52208
sample	flat	slob	raw	render	668	187917
sample	flat	slob	raw	render	669	223542
sample	flat	slob	raw	render	670	151166
sample	flat	slob	raw	render	671	73250
sample	flat	slob	raw	render	672	59459
sample	flat	slob	raw	render	673	75458
sample	flat	slob	raw	render	674	58708
sample	flat	slob	raw	render	675	51875
sample	flat	slob	raw	render	676	50958
sample	flat	slob	raw	render	677	56417
sample	flat	slob	raw	render	678	64791
sample	flat	slob	raw	render	679	66292
sample	flat	slob	raw	render	680	58958
sample	flat	slob	raw	render	681	252500
sample	flat	slob	raw	render	682	140959
sample	flat	slob	raw	render	683	142375
sample	flat	slob	raw	render	684	142458
sample	flat	slob	raw	render	685	140167
sample	flat	slob	raw	render	686	144708
sample	flat	slob	raw	render	687	134625
sample	flat	slob	raw	render	688	370667
sample	flat	slob	raw	render	689	170416
sample	flat	slob	raw	render	690	86709
sample	flat	slob	raw	render	691	55875
sample	flat	slob	raw	render	692	59834
sample	flat	slob	raw	render	693	57583
sample	flat	slob	raw	render	694	56334
sample	flat	slob	raw	render	695	57625
sample	flat	slob	raw	render	696	55792
sample	flat	slob	raw	render	697	51459
sample	flat	slob	raw	render	698	49792
sample	flat	slob	raw	render	699	54459
sample	flat	slob	raw	render	700	58042
sample	flat	slob	raw	render	701	56417
sample	flat	slob	raw	render	702	221542
sample	flat	slob	raw	render	703	151958
sample	flat	slob	raw	render	704	145292
sample	flat	slob	raw	render	705	134375
sample	flat	slob	raw	render	706	140583
sample	flat	slob	raw	render	707	279583
sample	flat	slob	raw	render	708	126459
sample	flat	slob	raw	render	709	64625
sample	flat	slob	raw	render	710	62042
sample	flat	slob	raw	render	711	58959
sample	flat	slob	raw	render	712	52458
sample	flat	slob	raw	render	713	53459
sample	flat	slob	raw	render	714	56084
sample	flat	slob	raw	render	715	58291
sample	flat	slob	raw	render	716	57916
sample	flat	slob	raw	render	717	567458
sample	flat	slob	raw	render	718	73500
sample	flat	slob	raw	render	719	59041
sample	flat	slob	raw	render	720	52708
sample	flat	slob	raw	render	721	52042
sample	flat	slob	raw	render	722	57625
sample	flat	slob	raw	render	723	57333
sample	flat	slob	raw	render	724	58542
sample	flat	slob	raw	render	725	60625
sample	flat	slob	raw	render	726	59708
sample	flat	slob	raw	render	727	52208
sample	flat	slob	raw	render	728	51000
sample	flat	slob	raw	render	729	54000
sample	flat	slob	raw	render	730	57083
sample	flat	slob	raw	render	731	55917
sample	flat	slob	raw	render	732	365750
sample	flat	slob	raw	render	733	78500
sample	flat	slob	raw	render	734	81291
sample	flat	slob	raw	render	735	53625
sample	flat	slob	raw	render	736	51958
sample	flat	slob	raw	render	737	57542
sample	flat	slob	raw	render	738	57208
sample	flat	slob	raw	render	739	56125
sample	flat	slob	raw	render	740	56958
sample	flat	slob	raw	render	741	225333
sample	flat	slob	raw	render	742	415542
sample	flat	slob	raw	render	743	209208
sample	flat	slob	raw	render	744	116334
sample	flat	slob	raw	render	745	61500
sample	flat	slob	raw	render	746	58791
sample	flat	slob	raw	render	747	58709
sample	flat	slob	raw	render	748	56459
sample	flat	slob	raw	render	749	55625
sample	flat	slob	raw	render	750	50750
sample	flat	slob	raw	render	751	49334
sample	flat	slob	raw	render	752	56583
sample	flat	slob	raw	render	753	56750
sample	flat	slob	raw	render	754	55792
sample	flat	slob	raw	render	755	55667
sample	flat	slob	raw	render	756	55250
sample	flat	slob	raw	render	757	50375
sample	flat	slob	raw	render	758	48750
sample	flat	slob	raw	render	759	53125
sample	flat	slob	raw	render	760	55042
sample	flat	slob	raw	render	761	545417
sample	flat	slob	raw	render	762	62375
sample	flat	slob	raw	render	763	55250
sample	flat	slob	raw	render	764	55750
sample	flat	slob	raw	render	765	50417
sample	flat	slob	raw	render	766	49542
sample	flat	slob	raw	render	767	56250
sample	flat	slob	raw	render	768	57125
sample	flat	slob	raw	render	769	55292
sample	flat	slob	raw	render	770	77750
sample	flat	slob	raw	render	771	61292
sample	flat	slob	raw	render	772	222583
sample	flat	slob	raw	render	773	126000
sample	flat	slob	raw	render	774	134750
sample	flat	slob	raw	render	775	133333
sample	flat	slob	raw	render	776	177917
sample	flat	slob	raw	render	777	71292
sample	flat	slob	raw	render	778	245125
sample	flat	slob	raw	render	779	62500
sample	flat	slob	raw	render	780	60000
sample	flat	slob	raw	render	781	51250
sample	flat	slob	raw	render	782	58625
sample	flat	slob	raw	render	783	56833
sample	flat	slob	raw	render	784	55959
sample	flat	slob	raw	render	785	56917
sample	flat	slob	raw	render	786	55208
sample	flat	slob	raw	render	787	50417
sample	flat	slob	raw	render	788	49500
sample	flat	slob	raw	render	789	53625
sample	flat	slob	raw	render	790	57208
sample	flat	slob	raw	render	791	56209
sample	flat	slob	raw	render	792	56125
sample	flat	slob	raw	render	793	54583
sample	flat	slob	raw	render	794	54125
sample	flat	slob	raw	render	795	50041
sample	flat	slob	raw	render	796	48834
sample	flat	slob	raw	render	797	55291
sample	flat	slob	raw	render	798	55250
sample	flat	slob	raw	render	799	957292
sample	flat	slob	raw	render	800	200542
sample	flat	slob	raw	render	801	361125
sample	flat	slob	raw	render	802	204042
sample	flat	slob	raw	render	803	237708
sample	flat	slob	raw	render	804	87500
sample	flat	slob	raw	render	805	59333
sample	flat	slob	raw	render	806	90959
sample	flat	slob	raw	render	807	57584
sample	flat	slob	raw	render	808	55667
sample	flat	slob	raw	render	809	56209
sample	flat	slob	raw	render	810	51083
sample	flat	slob	raw	render	811	49333
sample	flat	slob	raw	render	812	55875
sample	flat	slob	raw	render	813	55375
sample	flat	slob	raw	render	814	55000
sample	flat	slob	raw	render	815	56542
sample	flat	slob	raw	render	816	55500
sample	flat	slob	raw	render	817	49834
sample	flat	slob	raw	render	818	48709
sample	flat	slob	raw	render	819	53667
sample	flat	slob	raw	render	820	54708
sample	flat	slob	raw	render	821	55125
sample	flat	slob	raw	render	822	54875
sample	flat	slob	raw	render	823	54417
sample	flat	slob	raw	render	824	54792
sample	flat	slob	raw	render	825	50084
sample	flat	slob	raw	render	826	48208
sample	flat	slob	raw	render	827	54667
sample	flat	slob	raw	render	828	55000
sample	flat	slob	raw	render	829	54875
sample	flat	slob	raw	render	830	54833
sample	flat	slob	raw	render	831	55667
sample	flat	slob	raw	render	832	1110750
sample	flat	slob	raw	render	833	63792
sample	flat	slob	raw	render	834	161958
sample	flat	slob	raw	render	835	192334
sample	flat	slob	raw	render	836	1226417
sample	flat	slob	raw	render	837	108333
sample	flat	slob	raw	render	838	61834
sample	flat	slob	raw	render	839	59583
sample	flat	slob	raw	render	840	52875
sample	flat	slob	raw	render	841	54292
sample	flat	slob	raw	render	842	60542
sample	flat	slob	raw	render	843	59166
sample	flat	slob	raw	render	844	57541
sample	flat	slob	raw	render	845	58042
sample	flat	slob	raw	render	846	56917
sample	flat	slob	raw	render	847	51875
sample	flat	slob	raw	render	848	51125
sample	flat	slob	raw	render	849	54375
sample	flat	slob	raw	render	850	56458
sample	flat	slob	raw	render	851	56417
sample	flat	slob	raw	render	852	56583
sample	flat	slob	raw	render	853	56000
sample	flat	slob	raw	render	854	55500
sample	flat	slob	raw	render	855	50833
sample	flat	slob	raw	render	856	48541
sample	flat	slob	raw	render	857	55417
sample	flat	slob	raw	render	858	57834
sample	flat	slob	raw	render	859	56000
sample	flat	slob	raw	render	860	56083
sample	flat	slob	raw	render	861	56375
sample	flat	slob	raw	render	862	50625
sample	flat	slob	raw	render	863	49458
sample	flat	slob	raw	render	864	54542
sample	flat	slob	raw	render	865	56583
sample	flat	slob	raw	render	866	55916
sample	flat	slob	raw	render	867	57000
sample	flat	slob	raw	render	868	55417
sample	flat	slob	raw	render	869	56416
sample	flat	slob	raw	render	870	50209
sample	flat	slob	raw	render	871	524500
sample	flat	slob	raw	render	872	320208
sample	flat	slob	raw	render	873	226584
sample	flat	slob	raw	render	874	1574792
sample	flat	slob	raw	render	875	217250
sample	flat	slob	raw	render	876	147416
sample	flat	slob	raw	render	877	121708
sample	flat	slob	raw	render	878	122917
sample	flat	slob	raw	render	879	126458
sample	flat	slob	raw	render	880	134125
sample	flat	slob	raw	render	881	130834
sample	flat	slob	raw	render	882	182250
sample	flat	slob	raw	render	883	191583
sample	flat	slob	raw	render	884	199292
sample	flat	slob	raw	render	885	136958
sample	flat	slob	raw	render	886	125458
sample	flat	slob	raw	render	887	564542
sample	flat	slob	raw	render	888	84292
sample	flat	slob	raw	render	889	58375
sample	flat	slob	raw	render	890	61083
sample	flat	slob	raw	render	891	57875
sample	flat	slob	raw	render	892	52000
sample	flat	slob	raw	render	893	53958
sample	flat	slob	raw	render	894	55250
sample	flat	slob	raw	render	895	58375
sample	flat	slob	raw	render	896	56042
sample	flat	slob	raw	render	897	64958
sample	flat	slob	raw	render	898	56375
sample	flat	slob	raw	render	899	55875
sample	flat	slob	raw	render	900	50667
sample	flat	slob	raw	render	901	50500
sample	flat	slob	raw	render	902	55875
sample	flat	slob	raw	render	903	55375
sample	flat	slob	raw	render	904	54917
sample	flat	slob	raw	render	905	55584
sample	flat	slob	raw	render	906	54666
sample	flat	slob	raw	render	907	50750
sample	flat	slob	raw	render	908	48708
sample	flat	slob	raw	render	909	53875
sample	flat	slob	raw	render	910	55792
sample	flat	slob	raw	render	911	56458
sample	flat	slob	raw	render	912	55500
sample	flat	slob	raw	render	913	55042
sample	flat	slob	raw	render	914	54375
sample	flat	slob	raw	render	915	50125
sample	flat	slob	raw	render	916	48709
sample	flat	slob	raw	render	917	54541
sample	flat	slob	raw	render	918	54875
sample	flat	slob	raw	render	919	55041
sample	flat	slob	raw	render	920	56208
sample	flat	slob	raw	render	921	54625
sample	flat	slob	raw	render	922	257875
sample	flat	slob	raw	render	923	164917
sample	flat	slob	raw	render	924	233583
sample	flat	slob	raw	render	925	284000
sample	flat	slob	raw	render	926	159584
sample	flat	slob	raw	render	927	144208
sample	flat	slob	raw	render	928	136667
sample	flat	slob	raw	render	929	158042
sample	flat	slob	raw	render	930	73334
sample	flat	slob	raw	render	931	56125
sample	flat	slob	raw	render	932	59292
sample	flat	slob	raw	render	933	57708
sample	flat	slob	raw	render	934	56000
sample	flat	slob	raw	render	935	58250
sample	flat	slob	raw	render	936	56209
sample	flat	slob	raw	render	937	52542
sample	flat	slob	raw	render	938	50958
sample	flat	slob	raw	render	939	54542
sample	flat	slob	raw	render	940	57458
sample	flat	slob	raw	render	941	56041
sample	flat	slob	raw	render	942	58541
sample	flat	slob	raw	render	943	56708
sample	flat	slob	raw	render	944	55708
sample	flat	slob	raw	render	945	50917
sample	flat	slob	raw	render	946	49416
sample	flat	slob	raw	render	947	56542
sample	flat	slob	raw	render	948	56458
sample	flat	slob	raw	render	949	55458
sample	flat	slob	raw	render	950	56500
sample	flat	slob	raw	render	951	55291
sample	flat	slob	raw	render	952	50875
sample	flat	slob	raw	render	953	49583
sample	flat	slob	raw	render	954	54167
sample	flat	slob	raw	render	955	55959
sample	flat	slob	raw	render	956	56916
sample	flat	slob	raw	render	957	55792
sample	flat	slob	raw	render	958	55625
sample	flat	slob	raw	render	959	55417
sample	flat	slob	raw	render	960	50833
sample	flat	slob	raw	render	961	53750
sample	flat	slob	raw	render	962	57333
sample	flat	slob	raw	render	963	57000
sample	flat	slob	raw	render	964	55833
sample	flat	slob	raw	render	965	56209
sample	flat	slob	raw	render	966	55167
sample	flat	slob	raw	render	967	50250
sample	flat	slob	raw	render	968	49625
sample	flat	slob	raw	render	969	54042
sample	flat	slob	raw	render	970	55416
sample	flat	slob	raw	render	971	62750
sample	flat	slob	raw	render	972	992417
sample	flat	slob	raw	render	973	346291
sample	flat	slob	raw	render	974	204375
sample	flat	slob	raw	render	975	145375
sample	flat	slob	raw	render	976	131584
sample	flat	slob	raw	render	977	149084
sample	flat	slob	raw	render	978	145084
sample	flat	slob	raw	render	979	134458
sample	flat	slob	raw	render	980	66833
sample	flat	slob	raw	render	981	60750
sample	flat	slob	raw	render	982	52667
sample	flat	slob	raw	render	983	52958
sample	flat	slob	raw	render	984	55958
sample	flat	slob	raw	render	985	58334
sample	flat	slob	raw	render	986	58375
sample	flat	slob	raw	render	987	57500
sample	flat	slob	raw	render	988	56708
sample	flat	slob	raw	render	989	57958
sample	flat	slob	raw	render	990	52167
sample	flat	slob	raw	render	991	50750
sample	flat	slob	raw	render	992	57625
sample	flat	slob	raw	render	993	56125
sample	flat	slob	raw	render	994	55709
sample	flat	slob	raw	render	995	235833
sample	flat	slob	raw	render	996	169666
sample	flat	slob	raw	render	997	477417
sample	flat	slob	raw	render	998	433834
sample	flat	slob	raw	render	999	156417
result	flat	slob	raw	exact.p50_ns	474542
result	flat	slob	raw	exact.p95_ns	2236333
result	flat	slob	raw	exact.p99_ns	3433625
result	flat	slob	raw	prefix.p50_ns	39158083
result	flat	slob	raw	prefix.p95_ns	76128792
result	flat	slob	raw	prefix.p99_ns	90538584
result	flat	slob	raw	render.p50_ns	59500
result	flat	slob	raw	render.p95_ns	334083
result	flat	slob	raw	render.p99_ns	2338333
result	flat	slob	raw	exact.hit.p50_ns	496084
result	flat	slob	raw	exact.hit.p95_ns	2321625
result	flat	slob	raw	exact.hit.p99_ns	3564625
result	flat	slob	raw	exact.miss.p50_ns	417333
result	flat	slob	raw	exact.miss.p95_ns	1862542
result	flat	slob	raw	exact.miss.p99_ns	2733458
result	flat	slob	raw	prefix.zero.p50_ns	1301542
result	flat	slob	raw	prefix.zero.p95_ns	3360250
result	flat	slob	raw	prefix.zero.p99_ns	4187459
result	flat	slob	raw	prefix.one.p50_ns	1378250
result	flat	slob	raw	prefix.one.p95_ns	3297125
result	flat	slob	raw	prefix.one.p99_ns	4921333
result	flat	slob	raw	prefix.many.p50_ns	58476750
result	flat	slob	raw	prefix.many.p95_ns	80936750
result	flat	slob	raw	prefix.many.p99_ns	109193042
result	flat	slob	raw	prefix.pathological.p50_ns	-
result	flat	slob	raw	prefix.pathological.p95_ns	-
result	flat	slob	raw	prefix.pathological.p99_ns	-
result	flat	slob	lzma2	artifact_bytes	74476
result	flat	slob	lzma2	build_ns	82763125
sample	flat	slob	lzma2	open	0	1324833
sample	flat	slob	lzma2	open	1	169042
sample	flat	slob	lzma2	open	2	149625
sample	flat	slob	lzma2	open	3	146125
sample	flat	slob	lzma2	open	4	161375
sample	flat	slob	lzma2	open	5	166834
sample	flat	slob	lzma2	open	6	93958
sample	flat	slob	lzma2	open	7	78250
sample	flat	slob	lzma2	open	8	418625
sample	flat	slob	lzma2	open	9	70042
sample	flat	slob	lzma2	open	10	63584
sample	flat	slob	lzma2	open	11	70708
sample	flat	slob	lzma2	open	12	63083
sample	flat	slob	lzma2	open	13	61084
sample	flat	slob	lzma2	open	14	61333
sample	flat	slob	lzma2	open	15	62208
sample	flat	slob	lzma2	open	16	64375
sample	flat	slob	lzma2	open	17	60625
sample	flat	slob	lzma2	open	18	60083
sample	flat	slob	lzma2	open	19	60917
sample	flat	slob	lzma2	open	20	61166
sample	flat	slob	lzma2	open	21	58750
sample	flat	slob	lzma2	open	22	59375
sample	flat	slob	lzma2	open	23	69917
sample	flat	slob	lzma2	open	24	72167
result	flat	slob	lzma2	open_ns	69917
result	flat	slob	lzma2	semantic_digest	14813021753239549239
result	flat	slob	lzma2	query_checksum	15472329982066036572
result	flat	slob	lzma2	outputs	1024875
result	flat	slob	lzma2	logical_prose_bytes	394154
sample	flat	slob	lzma2	exact	0	482334
sample	flat	slob	lzma2	exact	1	340292
sample	flat	slob	lzma2	exact	2	443500
sample	flat	slob	lzma2	exact	3	400792
sample	flat	slob	lzma2	exact	4	1374667
sample	flat	slob	lzma2	exact	5	773000
sample	flat	slob	lzma2	exact	6	437542
sample	flat	slob	lzma2	exact	7	464916
sample	flat	slob	lzma2	exact	8	431000
sample	flat	slob	lzma2	exact	9	337834
sample	flat	slob	lzma2	exact	10	430416
sample	flat	slob	lzma2	exact	11	402375
sample	flat	slob	lzma2	exact	12	430708
sample	flat	slob	lzma2	exact	13	401167
sample	flat	slob	lzma2	exact	14	695166
sample	flat	slob	lzma2	exact	15	480250
sample	flat	slob	lzma2	exact	16	492708
sample	flat	slob	lzma2	exact	17	628083
sample	flat	slob	lzma2	exact	18	822167
sample	flat	slob	lzma2	exact	19	1585750
sample	flat	slob	lzma2	exact	20	443459
sample	flat	slob	lzma2	exact	21	626583
sample	flat	slob	lzma2	exact	22	699792
sample	flat	slob	lzma2	exact	23	466333
sample	flat	slob	lzma2	exact	24	431250
sample	flat	slob	lzma2	exact	25	1722750
sample	flat	slob	lzma2	exact	26	445250
sample	flat	slob	lzma2	exact	27	406250
sample	flat	slob	lzma2	exact	28	1241375
sample	flat	slob	lzma2	exact	29	421834
sample	flat	slob	lzma2	exact	30	3584791
sample	flat	slob	lzma2	exact	31	504875
sample	flat	slob	lzma2	exact	32	431542
sample	flat	slob	lzma2	exact	33	509667
sample	flat	slob	lzma2	exact	34	482083
sample	flat	slob	lzma2	exact	35	399167
sample	flat	slob	lzma2	exact	36	676916
sample	flat	slob	lzma2	exact	37	1910125
sample	flat	slob	lzma2	exact	38	443584
sample	flat	slob	lzma2	exact	39	476000
sample	flat	slob	lzma2	exact	40	1456833
sample	flat	slob	lzma2	exact	41	681875
sample	flat	slob	lzma2	exact	42	434625
sample	flat	slob	lzma2	exact	43	403375
sample	flat	slob	lzma2	exact	44	424416
sample	flat	slob	lzma2	exact	45	559000
sample	flat	slob	lzma2	exact	46	557375
sample	flat	slob	lzma2	exact	47	468083
sample	flat	slob	lzma2	exact	48	431167
sample	flat	slob	lzma2	exact	49	337500
sample	flat	slob	lzma2	exact	50	490334
sample	flat	slob	lzma2	exact	51	402208
sample	flat	slob	lzma2	exact	52	422708
sample	flat	slob	lzma2	exact	53	396042
sample	flat	slob	lzma2	exact	54	919667
sample	flat	slob	lzma2	exact	55	831375
sample	flat	slob	lzma2	exact	56	440000
sample	flat	slob	lzma2	exact	57	341917
sample	flat	slob	lzma2	exact	58	430791
sample	flat	slob	lzma2	exact	59	406250
sample	flat	slob	lzma2	exact	60	429500
sample	flat	slob	lzma2	exact	61	568292
sample	flat	slob	lzma2	exact	62	960208
sample	flat	slob	lzma2	exact	63	540083
sample	flat	slob	lzma2	exact	64	427042
sample	flat	slob	lzma2	exact	65	337875
sample	flat	slob	lzma2	exact	66	426833
sample	flat	slob	lzma2	exact	67	394750
sample	flat	slob	lzma2	exact	68	426625
sample	flat	slob	lzma2	exact	69	1472166
sample	flat	slob	lzma2	exact	70	1483583
sample	flat	slob	lzma2	exact	71	468958
sample	flat	slob	lzma2	exact	72	434458
sample	flat	slob	lzma2	exact	73	411750
sample	flat	slob	lzma2	exact	74	457583
sample	flat	slob	lzma2	exact	75	405917
sample	flat	slob	lzma2	exact	76	436167
sample	flat	slob	lzma2	exact	77	1607833
sample	flat	slob	lzma2	exact	78	444625
sample	flat	slob	lzma2	exact	79	464333
sample	flat	slob	lzma2	exact	80	476833
sample	flat	slob	lzma2	exact	81	363458
sample	flat	slob	lzma2	exact	82	573125
sample	flat	slob	lzma2	exact	83	402708
sample	flat	slob	lzma2	exact	84	430750
sample	flat	slob	lzma2	exact	85	398834
sample	flat	slob	lzma2	exact	86	426916
sample	flat	slob	lzma2	exact	87	465833
sample	flat	slob	lzma2	exact	88	436875
sample	flat	slob	lzma2	exact	89	1344667
sample	flat	slob	lzma2	exact	90	730375
sample	flat	slob	lzma2	exact	91	405208
sample	flat	slob	lzma2	exact	92	436416
sample	flat	slob	lzma2	exact	93	404208
sample	flat	slob	lzma2	exact	94	432875
sample	flat	slob	lzma2	exact	95	466625
sample	flat	slob	lzma2	exact	96	430125
sample	flat	slob	lzma2	exact	97	342208
sample	flat	slob	lzma2	exact	98	430458
sample	flat	slob	lzma2	exact	99	408333
sample	flat	slob	lzma2	exact	100	440208
sample	flat	slob	lzma2	exact	101	401333
sample	flat	slob	lzma2	exact	102	432917
sample	flat	slob	lzma2	exact	103	1422375
sample	flat	slob	lzma2	exact	104	436958
sample	flat	slob	lzma2	exact	105	341375
sample	flat	slob	lzma2	exact	106	432125
sample	flat	slob	lzma2	exact	107	405375
sample	flat	slob	lzma2	exact	108	453916
sample	flat	slob	lzma2	exact	109	398208
sample	flat	slob	lzma2	exact	110	1705292
sample	flat	slob	lzma2	exact	111	472459
sample	flat	slob	lzma2	exact	112	868375
sample	flat	slob	lzma2	exact	113	883834
sample	flat	slob	lzma2	exact	114	1280375
sample	flat	slob	lzma2	exact	115	1339375
sample	flat	slob	lzma2	exact	116	446208
sample	flat	slob	lzma2	exact	117	403542
sample	flat	slob	lzma2	exact	118	430792
sample	flat	slob	lzma2	exact	119	463792
sample	flat	slob	lzma2	exact	120	431958
sample	flat	slob	lzma2	exact	121	337875
sample	flat	slob	lzma2	exact	122	425875
sample	flat	slob	lzma2	exact	123	399750
sample	flat	slob	lzma2	exact	124	1904291
sample	flat	slob	lzma2	exact	125	398750
sample	flat	slob	lzma2	exact	126	897625
sample	flat	slob	lzma2	exact	127	494333
sample	flat	slob	lzma2	exact	128	436708
sample	flat	slob	lzma2	exact	129	340125
sample	flat	slob	lzma2	exact	130	1331458
sample	flat	slob	lzma2	exact	131	669917
sample	flat	slob	lzma2	exact	132	431000
sample	flat	slob	lzma2	exact	133	400208
sample	flat	slob	lzma2	exact	134	427333
sample	flat	slob	lzma2	exact	135	837750
sample	flat	slob	lzma2	exact	136	430917
sample	flat	slob	lzma2	exact	137	340292
sample	flat	slob	lzma2	exact	138	428375
sample	flat	slob	lzma2	exact	139	403584
sample	flat	slob	lzma2	exact	140	586250
sample	flat	slob	lzma2	exact	141	407125
sample	flat	slob	lzma2	exact	142	1312792
sample	flat	slob	lzma2	exact	143	1212625
sample	flat	slob	lzma2	exact	144	776500
sample	flat	slob	lzma2	exact	145	431708
sample	flat	slob	lzma2	exact	146	1285833
sample	flat	slob	lzma2	exact	147	405000
sample	flat	slob	lzma2	exact	148	746125
sample	flat	slob	lzma2	exact	149	686625
sample	flat	slob	lzma2	exact	150	1047708
sample	flat	slob	lzma2	exact	151	553833
sample	flat	slob	lzma2	exact	152	1476333
sample	flat	slob	lzma2	exact	153	337917
sample	flat	slob	lzma2	exact	154	430708
sample	flat	slob	lzma2	exact	155	398125
sample	flat	slob	lzma2	exact	156	434500
sample	flat	slob	lzma2	exact	157	403375
sample	flat	slob	lzma2	exact	158	426625
sample	flat	slob	lzma2	exact	159	1537209
sample	flat	slob	lzma2	exact	160	563542
sample	flat	slob	lzma2	exact	161	639417
sample	flat	slob	lzma2	exact	162	429916
sample	flat	slob	lzma2	exact	163	715875
sample	flat	slob	lzma2	exact	164	444458
sample	flat	slob	lzma2	exact	165	403709
sample	flat	slob	lzma2	exact	166	1014042
sample	flat	slob	lzma2	exact	167	504667
sample	flat	slob	lzma2	exact	168	749083
sample	flat	slob	lzma2	exact	169	338666
sample	flat	slob	lzma2	exact	170	425750
sample	flat	slob	lzma2	exact	171	396959
sample	flat	slob	lzma2	exact	172	422208
sample	flat	slob	lzma2	exact	173	397291
sample	flat	slob	lzma2	exact	174	426875
sample	flat	slob	lzma2	exact	175	469000
sample	flat	slob	lzma2	exact	176	429209
sample	flat	slob	lzma2	exact	177	342958
sample	flat	slob	lzma2	exact	178	427459
sample	flat	slob	lzma2	exact	179	432375
sample	flat	slob	lzma2	exact	180	426542
sample	flat	slob	lzma2	exact	181	392916
sample	flat	slob	lzma2	exact	182	451167
sample	flat	slob	lzma2	exact	183	582708
sample	flat	slob	lzma2	exact	184	428291
sample	flat	slob	lzma2	exact	185	334541
sample	flat	slob	lzma2	exact	186	422625
sample	flat	slob	lzma2	exact	187	921542
sample	flat	slob	lzma2	exact	188	446583
sample	flat	slob	lzma2	exact	189	417625
sample	flat	slob	lzma2	exact	190	461500
sample	flat	slob	lzma2	exact	191	471083
sample	flat	slob	lzma2	exact	192	1194542
sample	flat	slob	lzma2	exact	193	356833
sample	flat	slob	lzma2	exact	194	433542
sample	flat	slob	lzma2	exact	195	413792
sample	flat	slob	lzma2	exact	196	433875
sample	flat	slob	lzma2	exact	197	401708
sample	flat	slob	lzma2	exact	198	444083
sample	flat	slob	lzma2	exact	199	989459
sample	flat	slob	lzma2	exact	200	523292
sample	flat	slob	lzma2	exact	201	1506917
sample	flat	slob	lzma2	exact	202	431167
sample	flat	slob	lzma2	exact	203	496417
sample	flat	slob	lzma2	exact	204	450375
sample	flat	slob	lzma2	exact	205	406083
sample	flat	slob	lzma2	exact	206	567166
sample	flat	slob	lzma2	exact	207	468542
sample	flat	slob	lzma2	exact	208	434875
sample	flat	slob	lzma2	exact	209	1759583
sample	flat	slob	lzma2	exact	210	427416
sample	flat	slob	lzma2	exact	211	404792
sample	flat	slob	lzma2	exact	212	429875
sample	flat	slob	lzma2	exact	213	409125
sample	flat	slob	lzma2	exact	214	433541
sample	flat	slob	lzma2	exact	215	465584
sample	flat	slob	lzma2	exact	216	437458
sample	flat	slob	lzma2	exact	217	360584
sample	flat	slob	lzma2	exact	218	564250
sample	flat	slob	lzma2	exact	219	395750
sample	flat	slob	lzma2	exact	220	552417
sample	flat	slob	lzma2	exact	221	395542
sample	flat	slob	lzma2	exact	222	424459
sample	flat	slob	lzma2	exact	223	456834
sample	flat	slob	lzma2	exact	224	421833
sample	flat	slob	lzma2	exact	225	458542
sample	flat	slob	lzma2	exact	226	581375
sample	flat	slob	lzma2	exact	227	409041
sample	flat	slob	lzma2	exact	228	436709
sample	flat	slob	lzma2	exact	229	406042
sample	flat	slob	lzma2	exact	230	434500
sample	flat	slob	lzma2	exact	231	854833
sample	flat	slob	lzma2	exact	232	871834
sample	flat	slob	lzma2	exact	233	344791
sample	flat	slob	lzma2	exact	234	434666
sample	flat	slob	lzma2	exact	235	407584
sample	flat	slob	lzma2	exact	236	441917
sample	flat	slob	lzma2	exact	237	1019708
sample	flat	slob	lzma2	exact	238	430000
sample	flat	slob	lzma2	exact	239	457000
sample	flat	slob	lzma2	exact	240	424375
sample	flat	slob	lzma2	exact	241	839250
sample	flat	slob	lzma2	exact	242	690750
sample	flat	slob	lzma2	exact	243	618041
sample	flat	slob	lzma2	exact	244	447583
sample	flat	slob	lzma2	exact	245	405166
sample	flat	slob	lzma2	exact	246	459583
sample	flat	slob	lzma2	exact	247	465166
sample	flat	slob	lzma2	exact	248	431208
sample	flat	slob	lzma2	exact	249	338875
sample	flat	slob	lzma2	exact	250	432125
sample	flat	slob	lzma2	exact	251	845750
sample	flat	slob	lzma2	exact	252	442792
sample	flat	slob	lzma2	exact	253	572625
sample	flat	slob	lzma2	exact	254	477917
sample	flat	slob	lzma2	exact	255	467166
sample	flat	slob	lzma2	exact	256	433958
sample	flat	slob	lzma2	exact	257	444000
sample	flat	slob	lzma2	exact	258	473625
sample	flat	slob	lzma2	exact	259	637125
sample	flat	slob	lzma2	exact	260	490542
sample	flat	slob	lzma2	exact	261	401833
sample	flat	slob	lzma2	exact	262	423958
sample	flat	slob	lzma2	exact	263	464792
sample	flat	slob	lzma2	exact	264	427167
sample	flat	slob	lzma2	exact	265	333625
sample	flat	slob	lzma2	exact	266	671334
sample	flat	slob	lzma2	exact	267	485750
sample	flat	slob	lzma2	exact	268	555583
sample	flat	slob	lzma2	exact	269	405833
sample	flat	slob	lzma2	exact	270	428917
sample	flat	slob	lzma2	exact	271	467792
sample	flat	slob	lzma2	exact	272	437375
sample	flat	slob	lzma2	exact	273	339375
sample	flat	slob	lzma2	exact	274	431625
sample	flat	slob	lzma2	exact	275	468375
sample	flat	slob	lzma2	exact	276	1156375
sample	flat	slob	lzma2	exact	277	1284500
sample	flat	slob	lzma2	exact	278	443125
sample	flat	slob	lzma2	exact	279	467625
sample	flat	slob	lzma2	exact	280	434458
sample	flat	slob	lzma2	exact	281	807792
sample	flat	slob	lzma2	exact	282	1012250
sample	flat	slob	lzma2	exact	283	672916
sample	flat	slob	lzma2	exact	284	431709
sample	flat	slob	lzma2	exact	285	457125
sample	flat	slob	lzma2	exact	286	431292
sample	flat	slob	lzma2	exact	287	1518958
sample	flat	slob	lzma2	exact	288	2835292
sample	flat	slob	lzma2	exact	289	851416
sample	flat	slob	lzma2	exact	290	462875
sample	flat	slob	lzma2	exact	291	1961708
sample	flat	slob	lzma2	exact	292	534709
sample	flat	slob	lzma2	exact	293	406792
sample	flat	slob	lzma2	exact	294	456208
sample	flat	slob	lzma2	exact	295	490875
sample	flat	slob	lzma2	exact	296	431458
sample	flat	slob	lzma2	exact	297	339458
sample	flat	slob	lzma2	exact	298	1087042
sample	flat	slob	lzma2	exact	299	1008542
sample	flat	slob	lzma2	exact	300	671708
sample	flat	slob	lzma2	exact	301	412916
sample	flat	slob	lzma2	exact	302	431500
sample	flat	slob	lzma2	exact	303	460792
sample	flat	slob	lzma2	exact	304	428750
sample	flat	slob	lzma2	exact	305	337417
sample	flat	slob	lzma2	exact	306	1274083
sample	flat	slob	lzma2	exact	307	1103292
sample	flat	slob	lzma2	exact	308	434417
sample	flat	slob	lzma2	exact	309	400667
sample	flat	slob	lzma2	exact	310	439334
sample	flat	slob	lzma2	exact	311	463375
sample	flat	slob	lzma2	exact	312	429583
sample	flat	slob	lzma2	exact	313	729833
sample	flat	slob	lzma2	exact	314	441875
sample	flat	slob	lzma2	exact	315	402208
sample	flat	slob	lzma2	exact	316	432083
sample	flat	slob	lzma2	exact	317	782917
sample	flat	slob	lzma2	exact	318	1355584
sample	flat	slob	lzma2	exact	319	2528250
sample	flat	slob	lzma2	exact	320	513792
sample	flat	slob	lzma2	exact	321	338250
sample	flat	slob	lzma2	exact	322	426917
sample	flat	slob	lzma2	exact	323	397584
sample	flat	slob	lzma2	exact	324	478750
sample	flat	slob	lzma2	exact	325	829750
sample	flat	slob	lzma2	exact	326	434625
sample	flat	slob	lzma2	exact	327	461042
sample	flat	slob	lzma2	exact	328	426917
sample	flat	slob	lzma2	exact	329	336833
sample	flat	slob	lzma2	exact	330	424792
sample	flat	slob	lzma2	exact	331	396416
sample	flat	slob	lzma2	exact	332	1288875
sample	flat	slob	lzma2	exact	333	779542
sample	flat	slob	lzma2	exact	334	801167
sample	flat	slob	lzma2	exact	335	794042
sample	flat	slob	lzma2	exact	336	466458
sample	flat	slob	lzma2	exact	337	352042
sample	flat	slob	lzma2	exact	338	496208
sample	flat	slob	lzma2	exact	339	398333
sample	flat	slob	lzma2	exact	340	1034500
sample	flat	slob	lzma2	exact	341	1013042
sample	flat	slob	lzma2	exact	342	1117417
sample	flat	slob	lzma2	exact	343	498041
sample	flat	slob	lzma2	exact	344	433375
sample	flat	slob	lzma2	exact	345	341250
sample	flat	slob	lzma2	exact	346	432250
sample	flat	slob	lzma2	exact	347	934625
sample	flat	slob	lzma2	exact	348	534625
sample	flat	slob	lzma2	exact	349	400334
sample	flat	slob	lzma2	exact	350	1202959
sample	flat	slob	lzma2	exact	351	910292
sample	flat	slob	lzma2	exact	352	429708
sample	flat	slob	lzma2	exact	353	340917
sample	flat	slob	lzma2	exact	354	427791
sample	flat	slob	lzma2	exact	355	398833
sample	flat	slob	lzma2	exact	356	539333
sample	flat	slob	lzma2	exact	357	400625
sample	flat	slob	lzma2	exact	358	428416
sample	flat	slob	lzma2	exact	359	769500
sample	flat	slob	lzma2	exact	360	918000
sample	flat	slob	lzma2	exact	361	338166
sample	flat	slob	lzma2	exact	362	511834
sample	flat	slob	lzma2	exact	363	1504333
sample	flat	slob	lzma2	exact	364	433708
sample	flat	slob	lzma2	exact	365	401250
sample	flat	slob	lzma2	exact	366	429708
sample	flat	slob	lzma2	exact	367	461917
sample	flat	slob	lzma2	exact	368	439000
sample	flat	slob	lzma2	exact	369	337917
sample	flat	slob	lzma2	exact	370	2100000
sample	flat	slob	lzma2	exact	371	404541
sample	flat	slob	lzma2	exact	372	430000
sample	flat	slob	lzma2	exact	373	399041
sample	flat	slob	lzma2	exact	374	907250
sample	flat	slob	lzma2	exact	375	1236416
sample	flat	slob	lzma2	exact	376	438000
sample	flat	slob	lzma2	exact	377	337000
sample	flat	slob	lzma2	exact	378	427000
sample	flat	slob	lzma2	exact	379	398000
sample	flat	slob	lzma2	exact	380	432625
sample	flat	slob	lzma2	exact	381	396583
sample	flat	slob	lzma2	exact	382	424250
sample	flat	slob	lzma2	exact	383	1275250
sample	flat	slob	lzma2	exact	384	502125
sample	flat	slob	lzma2	exact	385	347958
sample	flat	slob	lzma2	exact	386	428458
sample	flat	slob	lzma2	exact	387	810667
sample	flat	slob	lzma2	exact	388	438083
sample	flat	slob	lzma2	exact	389	641666
sample	flat	slob	lzma2	exact	390	1002584
sample	flat	slob	lzma2	exact	391	1652250
sample	flat	slob	lzma2	exact	392	850833
sample	flat	slob	lzma2	exact	393	681375
sample	flat	slob	lzma2	exact	394	1074292
sample	flat	slob	lzma2	exact	395	3111708
sample	flat	slob	lzma2	exact	396	757917
sample	flat	slob	lzma2	exact	397	410208
sample	flat	slob	lzma2	exact	398	437125
sample	flat	slob	lzma2	exact	399	468209
sample	flat	slob	lzma2	exact	400	1878875
sample	flat	slob	lzma2	exact	401	343250
sample	flat	slob	lzma2	exact	402	837834
sample	flat	slob	lzma2	exact	403	413125
sample	flat	slob	lzma2	exact	404	432250
sample	flat	slob	lzma2	exact	405	422250
sample	flat	slob	lzma2	exact	406	434041
sample	flat	slob	lzma2	exact	407	733042
sample	flat	slob	lzma2	exact	408	436709
sample	flat	slob	lzma2	exact	409	337583
sample	flat	slob	lzma2	exact	410	466833
sample	flat	slob	lzma2	exact	411	446250
sample	flat	slob	lzma2	exact	412	428792
sample	flat	slob	lzma2	exact	413	402792
sample	flat	slob	lzma2	exact	414	429125
sample	flat	slob	lzma2	exact	415	469666
sample	flat	slob	lzma2	exact	416	428167
sample	flat	slob	lzma2	exact	417	336459
sample	flat	slob	lzma2	exact	418	425750
sample	flat	slob	lzma2	exact	419	400375
sample	flat	slob	lzma2	exact	420	425042
sample	flat	slob	lzma2	exact	421	400500
sample	flat	slob	lzma2	exact	422	427958
sample	flat	slob	lzma2	exact	423	470250
sample	flat	slob	lzma2	exact	424	431250
sample	flat	slob	lzma2	exact	425	416542
sample	flat	slob	lzma2	exact	426	430916
sample	flat	slob	lzma2	exact	427	799458
sample	flat	slob	lzma2	exact	428	1731750
sample	flat	slob	lzma2	exact	429	404625
sample	flat	slob	lzma2	exact	430	426917
sample	flat	slob	lzma2	exact	431	460667
sample	flat	slob	lzma2	exact	432	425416
sample	flat	slob	lzma2	exact	433	337000
sample	flat	slob	lzma2	exact	434	908084
sample	flat	slob	lzma2	exact	435	1058167
sample	flat	slob	lzma2	exact	436	575209
sample	flat	slob	lzma2	exact	437	403834
sample	flat	slob	lzma2	exact	438	431625
sample	flat	slob	lzma2	exact	439	459667
sample	flat	slob	lzma2	exact	440	886583
sample	flat	slob	lzma2	exact	441	338792
sample	flat	slob	lzma2	exact	442	1271458
sample	flat	slob	lzma2	exact	443	757333
sample	flat	slob	lzma2	exact	444	947667
sample	flat	slob	lzma2	exact	445	1108042
sample	flat	slob	lzma2	exact	446	2491917
sample	flat	slob	lzma2	exact	447	506667
sample	flat	slob	lzma2	exact	448	1016791
sample	flat	slob	lzma2	exact	449	984583
sample	flat	slob	lzma2	exact	450	577292
sample	flat	slob	lzma2	exact	451	408667
sample	flat	slob	lzma2	exact	452	433000
sample	flat	slob	lzma2	exact	453	400333
sample	flat	slob	lzma2	exact	454	1237042
sample	flat	slob	lzma2	exact	455	1509709
sample	flat	slob	lzma2	exact	456	1218167
sample	flat	slob	lzma2	exact	457	1039709
sample	flat	slob	lzma2	exact	458	1820791
sample	flat	slob	lzma2	exact	459	2655459
sample	flat	slob	lzma2	exact	460	1014041
sample	flat	slob	lzma2	exact	461	476875
sample	flat	slob	lzma2	exact	462	988583
sample	flat	slob	lzma2	exact	463	2596083
sample	flat	slob	lzma2	exact	464	1968250
sample	flat	slob	lzma2	exact	465	1325583
sample	flat	slob	lzma2	exact	466	1347750
sample	flat	slob	lzma2	exact	467	1258917
sample	flat	slob	lzma2	exact	468	1282584
sample	flat	slob	lzma2	exact	469	511334
sample	flat	slob	lzma2	exact	470	459250
sample	flat	slob	lzma2	exact	471	474792
sample	flat	slob	lzma2	exact	472	431750
sample	flat	slob	lzma2	exact	473	346125
sample	flat	slob	lzma2	exact	474	1061875
sample	flat	slob	lzma2	exact	475	726584
sample	flat	slob	lzma2	exact	476	442583
sample	flat	slob	lzma2	exact	477	407875
sample	flat	slob	lzma2	exact	478	440167
sample	flat	slob	lzma2	exact	479	470583
sample	flat	slob	lzma2	exact	480	510042
sample	flat	slob	lzma2	exact	481	906583
sample	flat	slob	lzma2	exact	482	807541
sample	flat	slob	lzma2	exact	483	450291
sample	flat	slob	lzma2	exact	484	823042
sample	flat	slob	lzma2	exact	485	404916
sample	flat	slob	lzma2	exact	486	431458
sample	flat	slob	lzma2	exact	487	462541
sample	flat	slob	lzma2	exact	488	647958
sample	flat	slob	lzma2	exact	489	338958
sample	flat	slob	lzma2	exact	490	947916
sample	flat	slob	lzma2	exact	491	414292
sample	flat	slob	lzma2	exact	492	434084
sample	flat	slob	lzma2	exact	493	398209
sample	flat	slob	lzma2	exact	494	470958
sample	flat	slob	lzma2	exact	495	619500
sample	flat	slob	lzma2	exact	496	1355459
sample	flat	slob	lzma2	exact	497	344417
sample	flat	slob	lzma2	exact	498	1977709
sample	flat	slob	lzma2	exact	499	408125
sample	flat	slob	lzma2	exact	500	890333
sample	flat	slob	lzma2	exact	501	1010542
sample	flat	slob	lzma2	exact	502	2594833
sample	flat	slob	lzma2	exact	503	625666
sample	flat	slob	lzma2	exact	504	766334
sample	flat	slob	lzma2	exact	505	351666
sample	flat	slob	lzma2	exact	506	433417
sample	flat	slob	lzma2	exact	507	761417
sample	flat	slob	lzma2	exact	508	1152583
sample	flat	slob	lzma2	exact	509	407291
sample	flat	slob	lzma2	exact	510	426666
sample	flat	slob	lzma2	exact	511	462500
sample	flat	slob	lzma2	exact	512	431250
sample	flat	slob	lzma2	exact	513	337000
sample	flat	slob	lzma2	exact	514	473083
sample	flat	slob	lzma2	exact	515	406750
sample	flat	slob	lzma2	exact	516	474875
sample	flat	slob	lzma2	exact	517	418250
sample	flat	slob	lzma2	exact	518	427083
sample	flat	slob	lzma2	exact	519	456791
sample	flat	slob	lzma2	exact	520	766750
sample	flat	slob	lzma2	exact	521	346000
sample	flat	slob	lzma2	exact	522	670125
sample	flat	slob	lzma2	exact	523	484000
sample	flat	slob	lzma2	exact	524	438375
sample	flat	slob	lzma2	exact	525	910334
sample	flat	slob	lzma2	exact	526	466542
sample	flat	slob	lzma2	exact	527	500750
sample	flat	slob	lzma2	exact	528	468667
sample	flat	slob	lzma2	exact	529	335125
sample	flat	slob	lzma2	exact	530	479750
sample	flat	slob	lzma2	exact	531	405333
sample	flat	slob	lzma2	exact	532	816916
sample	flat	slob	lzma2	exact	533	2628667
sample	flat	slob	lzma2	exact	534	828125
sample	flat	slob	lzma2	exact	535	472291
sample	flat	slob	lzma2	exact	536	432084
sample	flat	slob	lzma2	exact	537	502417
sample	flat	slob	lzma2	exact	538	1014458
sample	flat	slob	lzma2	exact	539	927041
sample	flat	slob	lzma2	exact	540	911292
sample	flat	slob	lzma2	exact	541	446625
sample	flat	slob	lzma2	exact	542	435625
sample	flat	slob	lzma2	exact	543	938208
sample	flat	slob	lzma2	exact	544	935458
sample	flat	slob	lzma2	exact	545	352625
sample	flat	slob	lzma2	exact	546	556958
sample	flat	slob	lzma2	exact	547	398125
sample	flat	slob	lzma2	exact	548	425791
sample	flat	slob	lzma2	exact	549	458292
sample	flat	slob	lzma2	exact	550	552875
sample	flat	slob	lzma2	exact	551	471375
sample	flat	slob	lzma2	exact	552	429917
sample	flat	slob	lzma2	exact	553	337916
sample	flat	slob	lzma2	exact	554	428792
sample	flat	slob	lzma2	exact	555	402375
sample	flat	slob	lzma2	exact	556	427750
sample	flat	slob	lzma2	exact	557	777750
sample	flat	slob	lzma2	exact	558	429709
sample	flat	slob	lzma2	exact	559	461125
sample	flat	slob	lzma2	exact	560	621125
sample	flat	slob	lzma2	exact	561	342375
sample	flat	slob	lzma2	exact	562	471750
sample	flat	slob	lzma2	exact	563	400083
sample	flat	slob	lzma2	exact	564	451041
sample	flat	slob	lzma2	exact	565	396834
sample	flat	slob	lzma2	exact	566	1967125
sample	flat	slob	lzma2	exact	567	1131167
sample	flat	slob	lzma2	exact	568	443875
sample	flat	slob	lzma2	exact	569	336750
sample	flat	slob	lzma2	exact	570	1542917
sample	flat	slob	lzma2	exact	571	2444958
sample	flat	slob	lzma2	exact	572	1394333
sample	flat	slob	lzma2	exact	573	1069709
sample	flat	slob	lzma2	exact	574	1094750
sample	flat	slob	lzma2	exact	575	498416
sample	flat	slob	lzma2	exact	576	550250
sample	flat	slob	lzma2	exact	577	339583
sample	flat	slob	lzma2	exact	578	1242875
sample	flat	slob	lzma2	exact	579	1125667
sample	flat	slob	lzma2	exact	580	476292
sample	flat	slob	lzma2	exact	581	404333
sample	flat	slob	lzma2	exact	582	431958
sample	flat	slob	lzma2	exact	583	472041
sample	flat	slob	lzma2	exact	584	783417
sample	flat	slob	lzma2	exact	585	337375
sample	flat	slob	lzma2	exact	586	427708
sample	flat	slob	lzma2	exact	587	397417
sample	flat	slob	lzma2	exact	588	429041
sample	flat	slob	lzma2	exact	589	1463042
sample	flat	slob	lzma2	exact	590	437625
sample	flat	slob	lzma2	exact	591	1306375
sample	flat	slob	lzma2	exact	592	1680833
sample	flat	slob	lzma2	exact	593	563750
sample	flat	slob	lzma2	exact	594	800459
sample	flat	slob	lzma2	exact	595	413666
sample	flat	slob	lzma2	exact	596	1191542
sample	flat	slob	lzma2	exact	597	1872834
sample	flat	slob	lzma2	exact	598	680417
sample	flat	slob	lzma2	exact	599	474083
sample	flat	slob	lzma2	exact	600	430792
sample	flat	slob	lzma2	exact	601	341875
sample	flat	slob	lzma2	exact	602	439584
sample	flat	slob	lzma2	exact	603	2194250
sample	flat	slob	lzma2	exact	604	1077917
sample	flat	slob	lzma2	exact	605	413042
sample	flat	slob	lzma2	exact	606	457916
sample	flat	slob	lzma2	exact	607	620042
sample	flat	slob	lzma2	exact	608	832917
sample	flat	slob	lzma2	exact	609	344250
sample	flat	slob	lzma2	exact	610	434583
sample	flat	slob	lzma2	exact	611	676125
sample	flat	slob	lzma2	exact	612	1230000
sample	flat	slob	lzma2	exact	613	1139542
sample	flat	slob	lzma2	exact	614	712167
sample	flat	slob	lzma2	exact	615	515250
sample	flat	slob	lzma2	exact	616	439334
sample	flat	slob	lzma2	exact	617	339917
sample	flat	slob	lzma2	exact	618	873375
sample	flat	slob	lzma2	exact	619	1140500
sample	flat	slob	lzma2	exact	620	1721083
sample	flat	slob	lzma2	exact	621	997583
sample	flat	slob	lzma2	exact	622	696292
sample	flat	slob	lzma2	exact	623	468625
sample	flat	slob	lzma2	exact	624	949208
sample	flat	slob	lzma2	exact	625	347042
sample	flat	slob	lzma2	exact	626	529541
sample	flat	slob	lzma2	exact	627	839750
sample	flat	slob	lzma2	exact	628	1276916
sample	flat	slob	lzma2	exact	629	1043625
sample	flat	slob	lzma2	exact	630	2554125
sample	flat	slob	lzma2	exact	631	565875
sample	flat	slob	lzma2	exact	632	710792
sample	flat	slob	lzma2	exact	633	1199209
sample	flat	slob	lzma2	exact	634	2741583
sample	flat	slob	lzma2	exact	635	1385083
sample	flat	slob	lzma2	exact	636	1284167
sample	flat	slob	lzma2	exact	637	979792
sample	flat	slob	lzma2	exact	638	998708
sample	flat	slob	lzma2	exact	639	1728125
sample	flat	slob	lzma2	exact	640	862542
sample	flat	slob	lzma2	exact	641	348084
sample	flat	slob	lzma2	exact	642	458542
sample	flat	slob	lzma2	exact	643	2103000
sample	flat	slob	lzma2	exact	644	787041
sample	flat	slob	lzma2	exact	645	409625
sample	flat	slob	lzma2	exact	646	2272584
sample	flat	slob	lzma2	exact	647	1137166
sample	flat	slob	lzma2	exact	648	436500
sample	flat	slob	lzma2	exact	649	502625
sample	flat	slob	lzma2	exact	650	3103083
sample	flat	slob	lzma2	exact	651	1077666
sample	flat	slob	lzma2	exact	652	893000
sample	flat	slob	lzma2	exact	653	1983083
sample	flat	slob	lzma2	exact	654	1102250
sample	flat	slob	lzma2	exact	655	866791
sample	flat	slob	lzma2	exact	656	1014042
sample	flat	slob	lzma2	exact	657	481333
sample	flat	slob	lzma2	exact	658	436958
sample	flat	slob	lzma2	exact	659	1064792
sample	flat	slob	lzma2	exact	660	542416
sample	flat	slob	lzma2	exact	661	405917
sample	flat	slob	lzma2	exact	662	435333
sample	flat	slob	lzma2	exact	663	468125
sample	flat	slob	lzma2	exact	664	433000
sample	flat	slob	lzma2	exact	665	340959
sample	flat	slob	lzma2	exact	666	433750
sample	flat	slob	lzma2	exact	667	403208
sample	flat	slob	lzma2	exact	668	435000
sample	flat	slob	lzma2	exact	669	403084
sample	flat	slob	lzma2	exact	670	432416
sample	flat	slob	lzma2	exact	671	886959
sample	flat	slob	lzma2	exact	672	625625
sample	flat	slob	lzma2	exact	673	340750
sample	flat	slob	lzma2	exact	674	759625
sample	flat	slob	lzma2	exact	675	519791
sample	flat	slob	lzma2	exact	676	1962417
sample	flat	slob	lzma2	exact	677	703541
sample	flat	slob	lzma2	exact	678	932750
sample	flat	slob	lzma2	exact	679	1311625
sample	flat	slob	lzma2	exact	680	684500
sample	flat	slob	lzma2	exact	681	921417
sample	flat	slob	lzma2	exact	682	449500
sample	flat	slob	lzma2	exact	683	896375
sample	flat	slob	lzma2	exact	684	3227042
sample	flat	slob	lzma2	exact	685	1075917
sample	flat	slob	lzma2	exact	686	1182459
sample	flat	slob	lzma2	exact	687	526167
sample	flat	slob	lzma2	exact	688	1974416
sample	flat	slob	lzma2	exact	689	348542
sample	flat	slob	lzma2	exact	690	431333
sample	flat	slob	lzma2	exact	691	633333
sample	flat	slob	lzma2	exact	692	462542
sample	flat	slob	lzma2	exact	693	403209
sample	flat	slob	lzma2	exact	694	689917
sample	flat	slob	lzma2	exact	695	472959
sample	flat	slob	lzma2	exact	696	480042
sample	flat	slob	lzma2	exact	697	679875
sample	flat	slob	lzma2	exact	698	442750
sample	flat	slob	lzma2	exact	699	403625
sample	flat	slob	lzma2	exact	700	431791
sample	flat	slob	lzma2	exact	701	436708
sample	flat	slob	lzma2	exact	702	432334
sample	flat	slob	lzma2	exact	703	965542
sample	flat	slob	lzma2	exact	704	725209
sample	flat	slob	lzma2	exact	705	341334
sample	flat	slob	lzma2	exact	706	429459
sample	flat	slob	lzma2	exact	707	400375
sample	flat	slob	lzma2	exact	708	2243000
sample	flat	slob	lzma2	exact	709	414791
sample	flat	slob	lzma2	exact	710	436500
sample	flat	slob	lzma2	exact	711	465875
sample	flat	slob	lzma2	exact	712	799375
sample	flat	slob	lzma2	exact	713	349375
sample	flat	slob	lzma2	exact	714	432208
sample	flat	slob	lzma2	exact	715	436042
sample	flat	slob	lzma2	exact	716	431375
sample	flat	slob	lzma2	exact	717	401625
sample	flat	slob	lzma2	exact	718	430209
sample	flat	slob	lzma2	exact	719	926917
sample	flat	slob	lzma2	exact	720	1595625
sample	flat	slob	lzma2	exact	721	615375
sample	flat	slob	lzma2	exact	722	434334
sample	flat	slob	lzma2	exact	723	399916
sample	flat	slob	lzma2	exact	724	428459
sample	flat	slob	lzma2	exact	725	695041
sample	flat	slob	lzma2	exact	726	2085208
sample	flat	slob	lzma2	exact	727	507666
sample	flat	slob	lzma2	exact	728	444375
sample	flat	slob	lzma2	exact	729	341584
sample	flat	slob	lzma2	exact	730	843583
sample	flat	slob	lzma2	exact	731	404375
sample	flat	slob	lzma2	exact	732	500958
sample	flat	slob	lzma2	exact	733	409166
sample	flat	slob	lzma2	exact	734	435333
sample	flat	slob	lzma2	exact	735	468625
sample	flat	slob	lzma2	exact	736	435792
sample	flat	slob	lzma2	exact	737	350292
sample	flat	slob	lzma2	exact	738	435833
sample	flat	slob	lzma2	exact	739	492916
sample	flat	slob	lzma2	exact	740	443833
sample	flat	slob	lzma2	exact	741	792084
sample	flat	slob	lzma2	exact	742	447000
sample	flat	slob	lzma2	exact	743	583666
sample	flat	slob	lzma2	exact	744	429583
sample	flat	slob	lzma2	exact	745	338125
sample	flat	slob	lzma2	exact	746	431583
sample	flat	slob	lzma2	exact	747	399000
sample	flat	slob	lzma2	exact	748	428709
sample	flat	slob	lzma2	exact	749	400291
sample	flat	slob	lzma2	exact	750	424750
sample	flat	slob	lzma2	exact	751	1831625
sample	flat	slob	lzma2	exact	752	443250
sample	flat	slob	lzma2	exact	753	342500
sample	flat	slob	lzma2	exact	754	433334
sample	flat	slob	lzma2	exact	755	2186167
sample	flat	slob	lzma2	exact	756	502792
sample	flat	slob	lzma2	exact	757	414750
sample	flat	slob	lzma2	exact	758	597583
sample	flat	slob	lzma2	exact	759	1135500
sample	flat	slob	lzma2	exact	760	455291
sample	flat	slob	lzma2	exact	761	359208
sample	flat	slob	lzma2	exact	762	438875
sample	flat	slob	lzma2	exact	763	2008500
sample	flat	slob	lzma2	exact	764	435166
sample	flat	slob	lzma2	exact	765	399958
sample	flat	slob	lzma2	exact	766	491667
sample	flat	slob	lzma2	exact	767	457042
sample	flat	slob	lzma2	exact	768	425875
sample	flat	slob	lzma2	exact	769	332667
sample	flat	slob	lzma2	exact	770	2467291
sample	flat	slob	lzma2	exact	771	637958
sample	flat	slob	lzma2	exact	772	878750
sample	flat	slob	lzma2	exact	773	571250
sample	flat	slob	lzma2	exact	774	1243833
sample	flat	slob	lzma2	exact	775	1329583
sample	flat	slob	lzma2	exact	776	985542
sample	flat	slob	lzma2	exact	777	344791
sample	flat	slob	lzma2	exact	778	434000
sample	flat	slob	lzma2	exact	779	403916
sample	flat	slob	lzma2	exact	780	427125
sample	flat	slob	lzma2	exact	781	401667
sample	flat	slob	lzma2	exact	782	610166
sample	flat	slob	lzma2	exact	783	1281416
sample	flat	slob	lzma2	exact	784	470000
sample	flat	slob	lzma2	exact	785	460167
sample	flat	slob	lzma2	exact	786	1300959
sample	flat	slob	lzma2	exact	787	404125
sample	flat	slob	lzma2	exact	788	1504375
sample	flat	slob	lzma2	exact	789	752666
sample	flat	slob	lzma2	exact	790	436292
sample	flat	slob	lzma2	exact	791	465375
sample	flat	slob	lzma2	exact	792	435541
sample	flat	slob	lzma2	exact	793	992625
sample	flat	slob	lzma2	exact	794	2233542
sample	flat	slob	lzma2	exact	795	1067417
sample	flat	slob	lzma2	exact	796	2426750
sample	flat	slob	lzma2	exact	797	932625
sample	flat	slob	lzma2	exact	798	874875
sample	flat	slob	lzma2	exact	799	543834
sample	flat	slob	lzma2	exact	800	617792
sample	flat	slob	lzma2	exact	801	392042
sample	flat	slob	lzma2	exact	802	642041
sample	flat	slob	lzma2	exact	803	930000
sample	flat	slob	lzma2	exact	804	437625
sample	flat	slob	lzma2	exact	805	404166
sample	flat	slob	lzma2	exact	806	619750
sample	flat	slob	lzma2	exact	807	528709
sample	flat	slob	lzma2	exact	808	669916
sample	flat	slob	lzma2	exact	809	338666
sample	flat	slob	lzma2	exact	810	427000
sample	flat	slob	lzma2	exact	811	400917
sample	flat	slob	lzma2	exact	812	431083
sample	flat	slob	lzma2	exact	813	508292
sample	flat	slob	lzma2	exact	814	557917
sample	flat	slob	lzma2	exact	815	787417
sample	flat	slob	lzma2	exact	816	439333
sample	flat	slob	lzma2	exact	817	342291
sample	flat	slob	lzma2	exact	818	936042
sample	flat	slob	lzma2	exact	819	407292
sample	flat	slob	lzma2	exact	820	429458
sample	flat	slob	lzma2	exact	821	1198750
sample	flat	slob	lzma2	exact	822	449958
sample	flat	slob	lzma2	exact	823	474375
sample	flat	slob	lzma2	exact	824	1893208
sample	flat	slob	lzma2	exact	825	363583
sample	flat	slob	lzma2	exact	826	438416
sample	flat	slob	lzma2	exact	827	402667
sample	flat	slob	lzma2	exact	828	430584
sample	flat	slob	lzma2	exact	829	887666
sample	flat	slob	lzma2	exact	830	937541
sample	flat	slob	lzma2	exact	831	2580250
sample	flat	slob	lzma2	exact	832	1338791
sample	flat	slob	lzma2	exact	833	2461083
sample	flat	slob	lzma2	exact	834	460208
sample	flat	slob	lzma2	exact	835	550542
sample	flat	slob	lzma2	exact	836	749167
sample	flat	slob	lzma2	exact	837	775958
sample	flat	slob	lzma2	exact	838	1112292
sample	flat	slob	lzma2	exact	839	568166
sample	flat	slob	lzma2	exact	840	429833
sample	flat	slob	lzma2	exact	841	340834
sample	flat	slob	lzma2	exact	842	429916
sample	flat	slob	lzma2	exact	843	930500
sample	flat	slob	lzma2	exact	844	857542
sample	flat	slob	lzma2	exact	845	439584
sample	flat	slob	lzma2	exact	846	427625
sample	flat	slob	lzma2	exact	847	455750
sample	flat	slob	lzma2	exact	848	424583
sample	flat	slob	lzma2	exact	849	760500
sample	flat	slob	lzma2	exact	850	944583
sample	flat	slob	lzma2	exact	851	406542
sample	flat	slob	lzma2	exact	852	431625
sample	flat	slob	lzma2	exact	853	399875
sample	flat	slob	lzma2	exact	854	433542
sample	flat	slob	lzma2	exact	855	1161792
sample	flat	slob	lzma2	exact	856	439416
sample	flat	slob	lzma2	exact	857	458375
sample	flat	slob	lzma2	exact	858	583208
sample	flat	slob	lzma2	exact	859	393375
sample	flat	slob	lzma2	exact	860	420459
sample	flat	slob	lzma2	exact	861	1225042
sample	flat	slob	lzma2	exact	862	2079541
sample	flat	slob	lzma2	exact	863	1340916
sample	flat	slob	lzma2	exact	864	2259666
sample	flat	slob	lzma2	exact	865	685291
sample	flat	slob	lzma2	exact	866	434542
sample	flat	slob	lzma2	exact	867	616833
sample	flat	slob	lzma2	exact	868	746458
sample	flat	slob	lzma2	exact	869	429209
sample	flat	slob	lzma2	exact	870	434333
sample	flat	slob	lzma2	exact	871	465041
sample	flat	slob	lzma2	exact	872	745917
sample	flat	slob	lzma2	exact	873	896375
sample	flat	slob	lzma2	exact	874	1170667
sample	flat	slob	lzma2	exact	875	586958
sample	flat	slob	lzma2	exact	876	442417
sample	flat	slob	lzma2	exact	877	491459
sample	flat	slob	lzma2	exact	878	435083
sample	flat	slob	lzma2	exact	879	465916
sample	flat	slob	lzma2	exact	880	433208
sample	flat	slob	lzma2	exact	881	340125
sample	flat	slob	lzma2	exact	882	432625
sample	flat	slob	lzma2	exact	883	400542
sample	flat	slob	lzma2	exact	884	433250
sample	flat	slob	lzma2	exact	885	400583
sample	flat	slob	lzma2	exact	886	435334
sample	flat	slob	lzma2	exact	887	1474166
sample	flat	slob	lzma2	exact	888	621209
sample	flat	slob	lzma2	exact	889	335042
sample	flat	slob	lzma2	exact	890	475750
sample	flat	slob	lzma2	exact	891	472875
sample	flat	slob	lzma2	exact	892	428625
sample	flat	slob	lzma2	exact	893	910500
sample	flat	slob	lzma2	exact	894	437625
sample	flat	slob	lzma2	exact	895	606708
sample	flat	slob	lzma2	exact	896	664458
sample	flat	slob	lzma2	exact	897	887250
sample	flat	slob	lzma2	exact	898	1849792
sample	flat	slob	lzma2	exact	899	1879750
sample	flat	slob	lzma2	exact	900	445542
sample	flat	slob	lzma2	exact	901	400834
sample	flat	slob	lzma2	exact	902	1114917
sample	flat	slob	lzma2	exact	903	682542
sample	flat	slob	lzma2	exact	904	2350625
sample	flat	slob	lzma2	exact	905	856125
sample	flat	slob	lzma2	exact	906	652584
sample	flat	slob	lzma2	exact	907	415917
sample	flat	slob	lzma2	exact	908	1001916
sample	flat	slob	lzma2	exact	909	404917
sample	flat	slob	lzma2	exact	910	435208
sample	flat	slob	lzma2	exact	911	467041
sample	flat	slob	lzma2	exact	912	435042
sample	flat	slob	lzma2	exact	913	338125
sample	flat	slob	lzma2	exact	914	432583
sample	flat	slob	lzma2	exact	915	403209
sample	flat	slob	lzma2	exact	916	731167
sample	flat	slob	lzma2	exact	917	401667
sample	flat	slob	lzma2	exact	918	442584
sample	flat	slob	lzma2	exact	919	465709
sample	flat	slob	lzma2	exact	920	431250
sample	flat	slob	lzma2	exact	921	339666
sample	flat	slob	lzma2	exact	922	428250
sample	flat	slob	lzma2	exact	923	1838167
sample	flat	slob	lzma2	exact	924	889375
sample	flat	slob	lzma2	exact	925	406125
sample	flat	slob	lzma2	exact	926	447959
sample	flat	slob	lzma2	exact	927	1096334
sample	flat	slob	lzma2	exact	928	863000
sample	flat	slob	lzma2	exact	929	899709
sample	flat	slob	lzma2	exact	930	1338208
sample	flat	slob	lzma2	exact	931	481792
sample	flat	slob	lzma2	exact	932	2036916
sample	flat	slob	lzma2	exact	933	989417
sample	flat	slob	lzma2	exact	934	2472500
sample	flat	slob	lzma2	exact	935	1393625
sample	flat	slob	lzma2	exact	936	1268292
sample	flat	slob	lzma2	exact	937	349667
sample	flat	slob	lzma2	exact	938	432833
sample	flat	slob	lzma2	exact	939	405500
sample	flat	slob	lzma2	exact	940	432125
sample	flat	slob	lzma2	exact	941	401917
sample	flat	slob	lzma2	exact	942	436167
sample	flat	slob	lzma2	exact	943	463375
sample	flat	slob	lzma2	exact	944	439458
sample	flat	slob	lzma2	exact	945	667750
sample	flat	slob	lzma2	exact	946	443167
sample	flat	slob	lzma2	exact	947	400583
sample	flat	slob	lzma2	exact	948	432083
sample	flat	slob	lzma2	exact	949	399708
sample	flat	slob	lzma2	exact	950	431209
sample	flat	slob	lzma2	exact	951	460708
sample	flat	slob	lzma2	exact	952	423750
sample	flat	slob	lzma2	exact	953	339292
sample	flat	slob	lzma2	exact	954	555500
sample	flat	slob	lzma2	exact	955	951084
sample	flat	slob	lzma2	exact	956	647208
sample	flat	slob	lzma2	exact	957	401875
sample	flat	slob	lzma2	exact	958	1309875
sample	flat	slob	lzma2	exact	959	472042
sample	flat	slob	lzma2	exact	960	429500
sample	flat	slob	lzma2	exact	961	341583
sample	flat	slob	lzma2	exact	962	430416
sample	flat	slob	lzma2	exact	963	402416
sample	flat	slob	lzma2	exact	964	1257958
sample	flat	slob	lzma2	exact	965	517042
sample	flat	slob	lzma2	exact	966	438042
sample	flat	slob	lzma2	exact	967	471542
sample	flat	slob	lzma2	exact	968	433250
sample	flat	slob	lzma2	exact	969	339542
sample	flat	slob	lzma2	exact	970	431042
sample	flat	slob	lzma2	exact	971	554083
sample	flat	slob	lzma2	exact	972	1736375
sample	flat	slob	lzma2	exact	973	406958
sample	flat	slob	lzma2	exact	974	429834
sample	flat	slob	lzma2	exact	975	469334
sample	flat	slob	lzma2	exact	976	429958
sample	flat	slob	lzma2	exact	977	337958
sample	flat	slob	lzma2	exact	978	430500
sample	flat	slob	lzma2	exact	979	617458
sample	flat	slob	lzma2	exact	980	1851416
sample	flat	slob	lzma2	exact	981	407625
sample	flat	slob	lzma2	exact	982	429083
sample	flat	slob	lzma2	exact	983	586875
sample	flat	slob	lzma2	exact	984	431667
sample	flat	slob	lzma2	exact	985	338583
sample	flat	slob	lzma2	exact	986	427792
sample	flat	slob	lzma2	exact	987	719417
sample	flat	slob	lzma2	exact	988	437959
sample	flat	slob	lzma2	exact	989	501417
sample	flat	slob	lzma2	exact	990	537834
sample	flat	slob	lzma2	exact	991	479458
sample	flat	slob	lzma2	exact	992	468208
sample	flat	slob	lzma2	exact	993	448209
sample	flat	slob	lzma2	exact	994	435667
sample	flat	slob	lzma2	exact	995	404583
sample	flat	slob	lzma2	exact	996	437459
sample	flat	slob	lzma2	exact	997	401500
sample	flat	slob	lzma2	exact	998	438292
sample	flat	slob	lzma2	exact	999	467791
sample	flat	slob	lzma2	prefix	0	2096917
sample	flat	slob	lzma2	prefix	1	3224125
sample	flat	slob	lzma2	prefix	2	71995209
sample	flat	slob	lzma2	prefix	3	62910958
sample	flat	slob	lzma2	prefix	4	3010917
sample	flat	slob	lzma2	prefix	5	1498750
sample	flat	slob	lzma2	prefix	6	71918083
sample	flat	slob	lzma2	prefix	7	61718959
sample	flat	slob	lzma2	prefix	8	2309000
sample	flat	slob	lzma2	prefix	9	1311708
sample	flat	slob	lzma2	prefix	10	64681500
sample	flat	slob	lzma2	prefix	11	55085291
sample	flat	slob	lzma2	prefix	12	887792
sample	flat	slob	lzma2	prefix	13	822708
sample	flat	slob	lzma2	prefix	14	61425125
sample	flat	slob	lzma2	prefix	15	63776750
sample	flat	slob	lzma2	prefix	16	3532416
sample	flat	slob	lzma2	prefix	17	2533334
sample	flat	slob	lzma2	prefix	18	62479250
sample	flat	slob	lzma2	prefix	19	46953792
sample	flat	slob	lzma2	prefix	20	893583
sample	flat	slob	lzma2	prefix	21	842791
sample	flat	slob	lzma2	prefix	22	53194042
sample	flat	slob	lzma2	prefix	23	60940000
sample	flat	slob	lzma2	prefix	24	783834
sample	flat	slob	lzma2	prefix	25	1734583
sample	flat	slob	lzma2	prefix	26	59822875
sample	flat	slob	lzma2	prefix	27	61748417
sample	flat	slob	lzma2	prefix	28	2156750
sample	flat	slob	lzma2	prefix	29	2099666
sample	flat	slob	lzma2	prefix	30	52007083
sample	flat	slob	lzma2	prefix	31	57690792
sample	flat	slob	lzma2	prefix	32	2024333
sample	flat	slob	lzma2	prefix	33	1056834
sample	flat	slob	lzma2	prefix	34	54533167
sample	flat	slob	lzma2	prefix	35	55814958
sample	flat	slob	lzma2	prefix	36	877209
sample	flat	slob	lzma2	prefix	37	2337542
sample	flat	slob	lzma2	prefix	38	54725000
sample	flat	slob	lzma2	prefix	39	57586833
sample	flat	slob	lzma2	prefix	40	854000
sample	flat	slob	lzma2	prefix	41	1038875
sample	flat	slob	lzma2	prefix	42	49334375
sample	flat	slob	lzma2	prefix	43	50848250
sample	flat	slob	lzma2	prefix	44	1692709
sample	flat	slob	lzma2	prefix	45	1277834
sample	flat	slob	lzma2	prefix	46	62001916
sample	flat	slob	lzma2	prefix	47	55455250
sample	flat	slob	lzma2	prefix	48	1179917
sample	flat	slob	lzma2	prefix	49	2617750
sample	flat	slob	lzma2	prefix	50	65073416
sample	flat	slob	lzma2	prefix	51	50135708
sample	flat	slob	lzma2	prefix	52	1198750
sample	flat	slob	lzma2	prefix	53	2062875
sample	flat	slob	lzma2	prefix	54	60110083
sample	flat	slob	lzma2	prefix	55	59918291
sample	flat	slob	lzma2	prefix	56	1473875
sample	flat	slob	lzma2	prefix	57	907750
sample	flat	slob	lzma2	prefix	58	48631875
sample	flat	slob	lzma2	prefix	59	46056000
sample	flat	slob	lzma2	prefix	60	867084
sample	flat	slob	lzma2	prefix	61	869417
sample	flat	slob	lzma2	prefix	62	48978292
sample	flat	slob	lzma2	prefix	63	46137250
sample	flat	slob	lzma2	prefix	64	1058667
sample	flat	slob	lzma2	prefix	65	929916
sample	flat	slob	lzma2	prefix	66	45799791
sample	flat	slob	lzma2	prefix	67	49693291
sample	flat	slob	lzma2	prefix	68	2932500
sample	flat	slob	lzma2	prefix	69	833000
sample	flat	slob	lzma2	prefix	70	54003208
sample	flat	slob	lzma2	prefix	71	43821917
sample	flat	slob	lzma2	prefix	72	2283125
sample	flat	slob	lzma2	prefix	73	2901417
sample	flat	slob	lzma2	prefix	74	41955458
sample	flat	slob	lzma2	prefix	75	48784042
sample	flat	slob	lzma2	prefix	76	900958
sample	flat	slob	lzma2	prefix	77	1069125
sample	flat	slob	lzma2	prefix	78	47135958
sample	flat	slob	lzma2	prefix	79	50597417
sample	flat	slob	lzma2	prefix	80	742125
sample	flat	slob	lzma2	prefix	81	872083
sample	flat	slob	lzma2	prefix	82	96334542
sample	flat	slob	lzma2	prefix	83	59765500
sample	flat	slob	lzma2	prefix	84	1467958
sample	flat	slob	lzma2	prefix	85	818459
sample	flat	slob	lzma2	prefix	86	63989750
sample	flat	slob	lzma2	prefix	87	47136792
sample	flat	slob	lzma2	prefix	88	1454500
sample	flat	slob	lzma2	prefix	89	889709
sample	flat	slob	lzma2	prefix	90	49443791
sample	flat	slob	lzma2	prefix	91	54007000
sample	flat	slob	lzma2	prefix	92	2596542
sample	flat	slob	lzma2	prefix	93	824041
sample	flat	slob	lzma2	prefix	94	56587000
sample	flat	slob	lzma2	prefix	95	49383208
sample	flat	slob	lzma2	prefix	96	748041
sample	flat	slob	lzma2	prefix	97	1382458
sample	flat	slob	lzma2	prefix	98	47813167
sample	flat	slob	lzma2	prefix	99	58853416
sample	flat	slob	lzma2	prefix	100	1040209
sample	flat	slob	lzma2	prefix	101	811584
sample	flat	slob	lzma2	prefix	102	46066333
sample	flat	slob	lzma2	prefix	103	63827417
sample	flat	slob	lzma2	prefix	104	1546292
sample	flat	slob	lzma2	prefix	105	891042
sample	flat	slob	lzma2	prefix	106	52788208
sample	flat	slob	lzma2	prefix	107	53835875
sample	flat	slob	lzma2	prefix	108	1438875
sample	flat	slob	lzma2	prefix	109	823250
sample	flat	slob	lzma2	prefix	110	50313625
sample	flat	slob	lzma2	prefix	111	50520750
sample	flat	slob	lzma2	prefix	112	748584
sample	flat	slob	lzma2	prefix	113	1291958
sample	flat	slob	lzma2	prefix	114	50361584
sample	flat	slob	lzma2	prefix	115	45236542
sample	flat	slob	lzma2	prefix	116	2394916
sample	flat	slob	lzma2	prefix	117	836167
sample	flat	slob	lzma2	prefix	118	50008333
sample	flat	slob	lzma2	prefix	119	42464709
sample	flat	slob	lzma2	prefix	120	1277208
sample	flat	slob	lzma2	prefix	121	942209
sample	flat	slob	lzma2	prefix	122	51251041
sample	flat	slob	lzma2	prefix	123	49380125
sample	flat	slob	lzma2	prefix	124	2379125
sample	flat	slob	lzma2	prefix	125	849708
sample	flat	slob	lzma2	prefix	126	61515458
sample	flat	slob	lzma2	prefix	127	56510209
sample	flat	slob	lzma2	prefix	128	728917
sample	flat	slob	lzma2	prefix	129	879625
sample	flat	slob	lzma2	prefix	130	69191291
sample	flat	slob	lzma2	prefix	131	80224708
sample	flat	slob	lzma2	prefix	132	913334
sample	flat	slob	lzma2	prefix	133	1177166
sample	flat	slob	lzma2	prefix	134	64869500
sample	flat	slob	lzma2	prefix	135	62010750
sample	flat	slob	lzma2	prefix	136	802417
sample	flat	slob	lzma2	prefix	137	1331667
sample	flat	slob	lzma2	prefix	138	56531958
sample	flat	slob	lzma2	prefix	139	46005666
sample	flat	slob	lzma2	prefix	140	1601583
sample	flat	slob	lzma2	prefix	141	1484458
sample	flat	slob	lzma2	prefix	142	57195292
sample	flat	slob	lzma2	prefix	143	47216375
sample	flat	slob	lzma2	prefix	144	2096459
sample	flat	slob	lzma2	prefix	145	2701750
sample	flat	slob	lzma2	prefix	146	91793167
sample	flat	slob	lzma2	prefix	147	86953041
sample	flat	slob	lzma2	prefix	148	2092375
sample	flat	slob	lzma2	prefix	149	1224791
sample	flat	slob	lzma2	prefix	150	74421958
sample	flat	slob	lzma2	prefix	151	51610041
sample	flat	slob	lzma2	prefix	152	1227708
sample	flat	slob	lzma2	prefix	153	878625
sample	flat	slob	lzma2	prefix	154	56447000
sample	flat	slob	lzma2	prefix	155	59486166
sample	flat	slob	lzma2	prefix	156	3387750
sample	flat	slob	lzma2	prefix	157	3838500
sample	flat	slob	lzma2	prefix	158	54161666
sample	flat	slob	lzma2	prefix	159	51804375
sample	flat	slob	lzma2	prefix	160	938542
sample	flat	slob	lzma2	prefix	161	1141708
sample	flat	slob	lzma2	prefix	162	49478708
sample	flat	slob	lzma2	prefix	163	53451042
sample	flat	slob	lzma2	prefix	164	932834
sample	flat	slob	lzma2	prefix	165	810208
sample	flat	slob	lzma2	prefix	166	51232708
sample	flat	slob	lzma2	prefix	167	54583125
sample	flat	slob	lzma2	prefix	168	751250
sample	flat	slob	lzma2	prefix	169	884625
sample	flat	slob	lzma2	prefix	170	43671667
sample	flat	slob	lzma2	prefix	171	45089417
sample	flat	slob	lzma2	prefix	172	2090125
sample	flat	slob	lzma2	prefix	173	1963084
sample	flat	slob	lzma2	prefix	174	51814125
sample	flat	slob	lzma2	prefix	175	47889584
sample	flat	slob	lzma2	prefix	176	781834
sample	flat	slob	lzma2	prefix	177	1393166
sample	flat	slob	lzma2	prefix	178	52944084
sample	flat	slob	lzma2	prefix	179	62614000
sample	flat	slob	lzma2	prefix	180	2517417
sample	flat	slob	lzma2	prefix	181	1510875
sample	flat	slob	lzma2	prefix	182	59013125
sample	flat	slob	lzma2	prefix	183	61980084
sample	flat	slob	lzma2	prefix	184	806167
sample	flat	slob	lzma2	prefix	185	1769542
sample	flat	slob	lzma2	prefix	186	53745542
sample	flat	slob	lzma2	prefix	187	59161167
sample	flat	slob	lzma2	prefix	188	1890000
sample	flat	slob	lzma2	prefix	189	819833
sample	flat	slob	lzma2	prefix	190	47496083
sample	flat	slob	lzma2	prefix	191	50462875
sample	flat	slob	lzma2	prefix	192	773666
sample	flat	slob	lzma2	prefix	193	902916
sample	flat	slob	lzma2	prefix	194	60740250
sample	flat	slob	lzma2	prefix	195	74468375
sample	flat	slob	lzma2	prefix	196	2562375
sample	flat	slob	lzma2	prefix	197	1351375
sample	flat	slob	lzma2	prefix	198	48133584
sample	flat	slob	lzma2	prefix	199	47849000
sample	flat	slob	lzma2	prefix	200	1324208
sample	flat	slob	lzma2	prefix	201	890709
sample	flat	slob	lzma2	prefix	202	45711166
sample	flat	slob	lzma2	prefix	203	47473667
sample	flat	slob	lzma2	prefix	204	2621833
sample	flat	slob	lzma2	prefix	205	2039375
sample	flat	slob	lzma2	prefix	206	41868792
sample	flat	slob	lzma2	prefix	207	60444417
sample	flat	slob	lzma2	prefix	208	2125625
sample	flat	slob	lzma2	prefix	209	1240500
sample	flat	slob	lzma2	prefix	210	50362125
sample	flat	slob	lzma2	prefix	211	46344875
sample	flat	slob	lzma2	prefix	212	903125
sample	flat	slob	lzma2	prefix	213	1867875
sample	flat	slob	lzma2	prefix	214	45328542
sample	flat	slob	lzma2	prefix	215	55340291
sample	flat	slob	lzma2	prefix	216	727709
sample	flat	slob	lzma2	prefix	217	1202375
sample	flat	slob	lzma2	prefix	218	47034000
sample	flat	slob	lzma2	prefix	219	53652667
sample	flat	slob	lzma2	prefix	220	881375
sample	flat	slob	lzma2	prefix	221	812334
sample	flat	slob	lzma2	prefix	222	46544792
sample	flat	slob	lzma2	prefix	223	52957709
sample	flat	slob	lzma2	prefix	224	2333541
sample	flat	slob	lzma2	prefix	225	1868916
sample	flat	slob	lzma2	prefix	226	44130250
sample	flat	slob	lzma2	prefix	227	48036750
sample	flat	slob	lzma2	prefix	228	3075417
sample	flat	slob	lzma2	prefix	229	1159375
sample	flat	slob	lzma2	prefix	230	52044333
sample	flat	slob	lzma2	prefix	231	48268833
sample	flat	slob	lzma2	prefix	232	869458
sample	flat	slob	lzma2	prefix	233	1617750
sample	flat	slob	lzma2	prefix	234	56300500
sample	flat	slob	lzma2	prefix	235	47372583
sample	flat	slob	lzma2	prefix	236	2043000
sample	flat	slob	lzma2	prefix	237	810167
sample	flat	slob	lzma2	prefix	238	52413375
sample	flat	slob	lzma2	prefix	239	57282708
sample	flat	slob	lzma2	prefix	240	751167
sample	flat	slob	lzma2	prefix	241	884417
sample	flat	slob	lzma2	prefix	242	49656666
sample	flat	slob	lzma2	prefix	243	59079209
sample	flat	slob	lzma2	prefix	244	921792
sample	flat	slob	lzma2	prefix	245	826542
sample	flat	slob	lzma2	prefix	246	53834375
sample	flat	slob	lzma2	prefix	247	55387458
sample	flat	slob	lzma2	prefix	248	995208
sample	flat	slob	lzma2	prefix	249	885208
sample	flat	slob	lzma2	prefix	250	59100458
sample	flat	slob	lzma2	prefix	251	58094708
sample	flat	slob	lzma2	prefix	252	4542333
sample	flat	slob	lzma2	prefix	253	1421708
sample	flat	slob	lzma2	prefix	254	54404291
sample	flat	slob	lzma2	prefix	255	58437833
sample	flat	slob	lzma2	prefix	256	756667
sample	flat	slob	lzma2	prefix	257	2338125
sample	flat	slob	lzma2	prefix	258	51714500
sample	flat	slob	lzma2	prefix	259	46916000
sample	flat	slob	lzma2	prefix	260	919083
sample	flat	slob	lzma2	prefix	261	811333
sample	flat	slob	lzma2	prefix	262	48823417
sample	flat	slob	lzma2	prefix	263	51315417
sample	flat	slob	lzma2	prefix	264	770542
sample	flat	slob	lzma2	prefix	265	887250
sample	flat	slob	lzma2	prefix	266	46075375
sample	flat	slob	lzma2	prefix	267	52994583
sample	flat	slob	lzma2	prefix	268	978709
sample	flat	slob	lzma2	prefix	269	1308708
sample	flat	slob	lzma2	prefix	270	46114083
sample	flat	slob	lzma2	prefix	271	54439125
sample	flat	slob	lzma2	prefix	272	716000
sample	flat	slob	lzma2	prefix	273	861709
sample	flat	slob	lzma2	prefix	274	52225000
sample	flat	slob	lzma2	prefix	275	48329250
sample	flat	slob	lzma2	prefix	276	1318334
sample	flat	slob	lzma2	prefix	277	1390708
sample	flat	slob	lzma2	prefix	278	50377042
sample	flat	slob	lzma2	prefix	279	56737417
sample	flat	slob	lzma2	prefix	280	1495500
sample	flat	slob	lzma2	prefix	281	901000
sample	flat	slob	lzma2	prefix	282	55482417
sample	flat	slob	lzma2	prefix	283	46918375
sample	flat	slob	lzma2	prefix	284	2422875
sample	flat	slob	lzma2	prefix	285	2452083
sample	flat	slob	lzma2	prefix	286	55385167
sample	flat	slob	lzma2	prefix	287	64434000
sample	flat	slob	lzma2	prefix	288	1146916
sample	flat	slob	lzma2	prefix	289	2049792
sample	flat	slob	lzma2	prefix	290	66167209
sample	flat	slob	lzma2	prefix	291	57865000
sample	flat	slob	lzma2	prefix	292	956584
sample	flat	slob	lzma2	prefix	293	1347750
sample	flat	slob	lzma2	prefix	294	62030667
sample	flat	slob	lzma2	prefix	295	55826041
sample	flat	slob	lzma2	prefix	296	792500
sample	flat	slob	lzma2	prefix	297	890625
sample	flat	slob	lzma2	prefix	298	63184625
sample	flat	slob	lzma2	prefix	299	55212166
sample	flat	slob	lzma2	prefix	300	1754833
sample	flat	slob	lzma2	prefix	301	2443625
sample	flat	slob	lzma2	prefix	302	60716375
sample	flat	slob	lzma2	prefix	303	65188291
sample	flat	slob	lzma2	prefix	304	911583
sample	flat	slob	lzma2	prefix	305	2535334
sample	flat	slob	lzma2	prefix	306	50912666
sample	flat	slob	lzma2	prefix	307	57817042
sample	flat	slob	lzma2	prefix	308	894833
sample	flat	slob	lzma2	prefix	309	2414209
sample	flat	slob	lzma2	prefix	310	46844792
sample	flat	slob	lzma2	prefix	311	55130416
sample	flat	slob	lzma2	prefix	312	1012500
sample	flat	slob	lzma2	prefix	313	1597583
sample	flat	slob	lzma2	prefix	314	51972542
sample	flat	slob	lzma2	prefix	315	54111167
sample	flat	slob	lzma2	prefix	316	1243625
sample	flat	slob	lzma2	prefix	317	883375
sample	flat	slob	lzma2	prefix	318	51024208
sample	flat	slob	lzma2	prefix	319	50972458
sample	flat	slob	lzma2	prefix	320	761584
sample	flat	slob	lzma2	prefix	321	876458
sample	flat	slob	lzma2	prefix	322	52905916
sample	flat	slob	lzma2	prefix	323	52116958
sample	flat	slob	lzma2	prefix	324	1120375
sample	flat	slob	lzma2	prefix	325	2069208
sample	flat	slob	lzma2	prefix	326	49982250
sample	flat	slob	lzma2	prefix	327	49281625
sample	flat	slob	lzma2	prefix	328	753791
sample	flat	slob	lzma2	prefix	329	872834
sample	flat	slob	lzma2	prefix	330	53639833
sample	flat	slob	lzma2	prefix	331	52509042
sample	flat	slob	lzma2	prefix	332	888209
sample	flat	slob	lzma2	prefix	333	1104875
sample	flat	slob	lzma2	prefix	334	52664000
sample	flat	slob	lzma2	prefix	335	48810583
sample	flat	slob	lzma2	prefix	336	735625
sample	flat	slob	lzma2	prefix	337	890875
sample	flat	slob	lzma2	prefix	338	47045708
sample	flat	slob	lzma2	prefix	339	48503083
sample	flat	slob	lzma2	prefix	340	893125
sample	flat	slob	lzma2	prefix	341	818542
sample	flat	slob	lzma2	prefix	342	44634709
sample	flat	slob	lzma2	prefix	343	46533667
sample	flat	slob	lzma2	prefix	344	744333
sample	flat	slob	lzma2	prefix	345	878875
sample	flat	slob	lzma2	prefix	346	46223708
sample	flat	slob	lzma2	prefix	347	48886416
sample	flat	slob	lzma2	prefix	348	879334
sample	flat	slob	lzma2	prefix	349	806792
sample	flat	slob	lzma2	prefix	350	54350125
sample	flat	slob	lzma2	prefix	351	58187125
sample	flat	slob	lzma2	prefix	352	933875
sample	flat	slob	lzma2	prefix	353	1877167
sample	flat	slob	lzma2	prefix	354	53561500
sample	flat	slob	lzma2	prefix	355	50807458
sample	flat	slob	lzma2	prefix	356	1141834
sample	flat	slob	lzma2	prefix	357	823375
sample	flat	slob	lzma2	prefix	358	56435083
sample	flat	slob	lzma2	prefix	359	56757750
sample	flat	slob	lzma2	prefix	360	770084
sample	flat	slob	lzma2	prefix	361	1540625
sample	flat	slob	lzma2	prefix	362	47282292
sample	flat	slob	lzma2	prefix	363	50751541
sample	flat	slob	lzma2	prefix	364	1427916
sample	flat	slob	lzma2	prefix	365	1091833
sample	flat	slob	lzma2	prefix	366	59276041
sample	flat	slob	lzma2	prefix	367	63534916
sample	flat	slob	lzma2	prefix	368	1018417
sample	flat	slob	lzma2	prefix	369	893500
sample	flat	slob	lzma2	prefix	370	51522625
sample	flat	slob	lzma2	prefix	371	51971375
sample	flat	slob	lzma2	prefix	372	888042
sample	flat	slob	lzma2	prefix	373	825958
sample	flat	slob	lzma2	prefix	374	56980333
sample	flat	slob	lzma2	prefix	375	59549167
sample	flat	slob	lzma2	prefix	376	1125000
sample	flat	slob	lzma2	prefix	377	2433875
sample	flat	slob	lzma2	prefix	378	57748750
sample	flat	slob	lzma2	prefix	379	59116208
sample	flat	slob	lzma2	prefix	380	1854167
sample	flat	slob	lzma2	prefix	381	844500
sample	flat	slob	lzma2	prefix	382	54850958
sample	flat	slob	lzma2	prefix	383	63626458
sample	flat	slob	lzma2	prefix	384	778000
sample	flat	slob	lzma2	prefix	385	891084
sample	flat	slob	lzma2	prefix	386	56330542
sample	flat	slob	lzma2	prefix	387	56640625
sample	flat	slob	lzma2	prefix	388	1410709
sample	flat	slob	lzma2	prefix	389	1295750
sample	flat	slob	lzma2	prefix	390	57729875
sample	flat	slob	lzma2	prefix	391	67273584
sample	flat	slob	lzma2	prefix	392	1338375
sample	flat	slob	lzma2	prefix	393	1441750
sample	flat	slob	lzma2	prefix	394	54915834
sample	flat	slob	lzma2	prefix	395	50405542
sample	flat	slob	lzma2	prefix	396	2908667
sample	flat	slob	lzma2	prefix	397	908125
sample	flat	slob	lzma2	prefix	398	64236958
sample	flat	slob	lzma2	prefix	399	62523542
sample	flat	slob	lzma2	prefix	400	1634625
sample	flat	slob	lzma2	prefix	401	890500
sample	flat	slob	lzma2	prefix	402	50009042
sample	flat	slob	lzma2	prefix	403	51703708
sample	flat	slob	lzma2	prefix	404	987583
sample	flat	slob	lzma2	prefix	405	1000125
sample	flat	slob	lzma2	prefix	406	56751375
sample	flat	slob	lzma2	prefix	407	50851292
sample	flat	slob	lzma2	prefix	408	1851125
sample	flat	slob	lzma2	prefix	409	1944291
sample	flat	slob	lzma2	prefix	410	54528542
sample	flat	slob	lzma2	prefix	411	52063333
sample	flat	slob	lzma2	prefix	412	1026375
sample	flat	slob	lzma2	prefix	413	960833
sample	flat	slob	lzma2	prefix	414	54179583
sample	flat	slob	lzma2	prefix	415	57106542
sample	flat	slob	lzma2	prefix	416	834333
sample	flat	slob	lzma2	prefix	417	1407708
sample	flat	slob	lzma2	prefix	418	50455167
sample	flat	slob	lzma2	prefix	419	53832791
sample	flat	slob	lzma2	prefix	420	2838666
sample	flat	slob	lzma2	prefix	421	2090292
sample	flat	slob	lzma2	prefix	422	65631750
sample	flat	slob	lzma2	prefix	423	72244708
sample	flat	slob	lzma2	prefix	424	919750
sample	flat	slob	lzma2	prefix	425	3906166
sample	flat	slob	lzma2	prefix	426	57736541
sample	flat	slob	lzma2	prefix	427	63022792
sample	flat	slob	lzma2	prefix	428	896500
sample	flat	slob	lzma2	prefix	429	824959
sample	flat	slob	lzma2	prefix	430	53218125
sample	flat	slob	lzma2	prefix	431	49363333
sample	flat	slob	lzma2	prefix	432	761750
sample	flat	slob	lzma2	prefix	433	1969917
sample	flat	slob	lzma2	prefix	434	63300833
sample	flat	slob	lzma2	prefix	435	56080417
sample	flat	slob	lzma2	prefix	436	951416
sample	flat	slob	lzma2	prefix	437	1311125
sample	flat	slob	lzma2	prefix	438	54465709
sample	flat	slob	lzma2	prefix	439	56227875
sample	flat	slob	lzma2	prefix	440	919458
sample	flat	slob	lzma2	prefix	441	1104500
sample	flat	slob	lzma2	prefix	442	50890500
sample	flat	slob	lzma2	prefix	443	57904875
sample	flat	slob	lzma2	prefix	444	922209
sample	flat	slob	lzma2	prefix	445	3398875
sample	flat	slob	lzma2	prefix	446	54592208
sample	flat	slob	lzma2	prefix	447	55843917
sample	flat	slob	lzma2	prefix	448	839208
sample	flat	slob	lzma2	prefix	449	888458
sample	flat	slob	lzma2	prefix	450	54738958
sample	flat	slob	lzma2	prefix	451	47164834
sample	flat	slob	lzma2	prefix	452	890208
sample	flat	slob	lzma2	prefix	453	824625
sample	flat	slob	lzma2	prefix	454	58667917
sample	flat	slob	lzma2	prefix	455	59176041
sample	flat	slob	lzma2	prefix	456	955541
sample	flat	slob	lzma2	prefix	457	2286875
sample	flat	slob	lzma2	prefix	458	53423125
sample	flat	slob	lzma2	prefix	459	125831292
sample	flat	slob	lzma2	prefix	460	1550417
sample	flat	slob	lzma2	prefix	461	2087041
sample	flat	slob	lzma2	prefix	462	67395125
sample	flat	slob	lzma2	prefix	463	54004208
sample	flat	slob	lzma2	prefix	464	768833
sample	flat	slob	lzma2	prefix	465	871833
sample	flat	slob	lzma2	prefix	466	50812875
sample	flat	slob	lzma2	prefix	467	54769875
sample	flat	slob	lzma2	prefix	468	867375
sample	flat	slob	lzma2	prefix	469	813292
sample	flat	slob	lzma2	prefix	470	56935417
sample	flat	slob	lzma2	prefix	471	86701000
sample	flat	slob	lzma2	prefix	472	1912958
sample	flat	slob	lzma2	prefix	473	1269708
sample	flat	slob	lzma2	prefix	474	66107666
sample	flat	slob	lzma2	prefix	475	67613917
sample	flat	slob	lzma2	prefix	476	2098083
sample	flat	slob	lzma2	prefix	477	813792
sample	flat	slob	lzma2	prefix	478	58193417
sample	flat	slob	lzma2	prefix	479	59499958
sample	flat	slob	lzma2	prefix	480	746125
sample	flat	slob	lzma2	prefix	481	2255208
sample	flat	slob	lzma2	prefix	482	50104417
sample	flat	slob	lzma2	prefix	483	48127208
sample	flat	slob	lzma2	prefix	484	3397416
sample	flat	slob	lzma2	prefix	485	967584
sample	flat	slob	lzma2	prefix	486	47433084
sample	flat	slob	lzma2	prefix	487	55979375
sample	flat	slob	lzma2	prefix	488	777500
sample	flat	slob	lzma2	prefix	489	880916
sample	flat	slob	lzma2	prefix	490	54250500
sample	flat	slob	lzma2	prefix	491	47505625
sample	flat	slob	lzma2	prefix	492	911292
sample	flat	slob	lzma2	prefix	493	1490750
sample	flat	slob	lzma2	prefix	494	47003917
sample	flat	slob	lzma2	prefix	495	49888375
sample	flat	slob	lzma2	prefix	496	1224500
sample	flat	slob	lzma2	prefix	497	892917
sample	flat	slob	lzma2	prefix	498	48520042
sample	flat	slob	lzma2	prefix	499	58926500
sample	flat	slob	lzma2	prefix	500	3761375
sample	flat	slob	lzma2	prefix	501	3955333
sample	flat	slob	lzma2	prefix	502	108358125
sample	flat	slob	lzma2	prefix	503	74212000
sample	flat	slob	lzma2	prefix	504	2226875
sample	flat	slob	lzma2	prefix	505	1838083
sample	flat	slob	lzma2	prefix	506	62359875
sample	flat	slob	lzma2	prefix	507	76639542
sample	flat	slob	lzma2	prefix	508	2264667
sample	flat	slob	lzma2	prefix	509	4335292
sample	flat	slob	lzma2	prefix	510	69927833
sample	flat	slob	lzma2	prefix	511	64915834
sample	flat	slob	lzma2	prefix	512	1702084
sample	flat	slob	lzma2	prefix	513	920500
sample	flat	slob	lzma2	prefix	514	68491833
sample	flat	slob	lzma2	prefix	515	62850250
sample	flat	slob	lzma2	prefix	516	902375
sample	flat	slob	lzma2	prefix	517	3117167
sample	flat	slob	lzma2	prefix	518	72593209
sample	flat	slob	lzma2	prefix	519	73880250
sample	flat	slob	lzma2	prefix	520	2727084
sample	flat	slob	lzma2	prefix	521	927667
sample	flat	slob	lzma2	prefix	522	69059209
sample	flat	slob	lzma2	prefix	523	69202375
sample	flat	slob	lzma2	prefix	524	2264250
sample	flat	slob	lzma2	prefix	525	1865167
sample	flat	slob	lzma2	prefix	526	57842792
sample	flat	slob	lzma2	prefix	527	82247500
sample	flat	slob	lzma2	prefix	528	2152541
sample	flat	slob	lzma2	prefix	529	1790500
sample	flat	slob	lzma2	prefix	530	69804792
sample	flat	slob	lzma2	prefix	531	61466417
sample	flat	slob	lzma2	prefix	532	2646083
sample	flat	slob	lzma2	prefix	533	5279000
sample	flat	slob	lzma2	prefix	534	48229542
sample	flat	slob	lzma2	prefix	535	64092458
sample	flat	slob	lzma2	prefix	536	758541
sample	flat	slob	lzma2	prefix	537	884000
sample	flat	slob	lzma2	prefix	538	58419875
sample	flat	slob	lzma2	prefix	539	55964000
sample	flat	slob	lzma2	prefix	540	1047625
sample	flat	slob	lzma2	prefix	541	838583
sample	flat	slob	lzma2	prefix	542	57705458
sample	flat	slob	lzma2	prefix	543	53093334
sample	flat	slob	lzma2	prefix	544	1700792
sample	flat	slob	lzma2	prefix	545	905750
sample	flat	slob	lzma2	prefix	546	58875292
sample	flat	slob	lzma2	prefix	547	55278666
sample	flat	slob	lzma2	prefix	548	3229375
sample	flat	slob	lzma2	prefix	549	1256208
sample	flat	slob	lzma2	prefix	550	59211791
sample	flat	slob	lzma2	prefix	551	51953458
sample	flat	slob	lzma2	prefix	552	769625
sample	flat	slob	lzma2	prefix	553	881083
sample	flat	slob	lzma2	prefix	554	53162625
sample	flat	slob	lzma2	prefix	555	53596167
sample	flat	slob	lzma2	prefix	556	919291
sample	flat	slob	lzma2	prefix	557	1311875
sample	flat	slob	lzma2	prefix	558	63897667
sample	flat	slob	lzma2	prefix	559	76482000
sample	flat	slob	lzma2	prefix	560	913875
sample	flat	slob	lzma2	prefix	561	2247167
sample	flat	slob	lzma2	prefix	562	60670583
sample	flat	slob	lzma2	prefix	563	52356500
sample	flat	slob	lzma2	prefix	564	910458
sample	flat	slob	lzma2	prefix	565	3099958
sample	flat	slob	lzma2	prefix	566	72896208
sample	flat	slob	lzma2	prefix	567	70048333
sample	flat	slob	lzma2	prefix	568	3537667
sample	flat	slob	lzma2	prefix	569	1507042
sample	flat	slob	lzma2	prefix	570	71955125
sample	flat	slob	lzma2	prefix	571	65666542
sample	flat	slob	lzma2	prefix	572	1649333
sample	flat	slob	lzma2	prefix	573	1987583
sample	flat	slob	lzma2	prefix	574	55128291
sample	flat	slob	lzma2	prefix	575	43920292
sample	flat	slob	lzma2	prefix	576	2093541
sample	flat	slob	lzma2	prefix	577	898458
sample	flat	slob	lzma2	prefix	578	53848583
sample	flat	slob	lzma2	prefix	579	50262416
sample	flat	slob	lzma2	prefix	580	913750
sample	flat	slob	lzma2	prefix	581	831250
sample	flat	slob	lzma2	prefix	582	46357167
sample	flat	slob	lzma2	prefix	583	44807500
sample	flat	slob	lzma2	prefix	584	737625
sample	flat	slob	lzma2	prefix	585	996083
sample	flat	slob	lzma2	prefix	586	46547833
sample	flat	slob	lzma2	prefix	587	50317458
sample	flat	slob	lzma2	prefix	588	893042
sample	flat	slob	lzma2	prefix	589	1353709
sample	flat	slob	lzma2	prefix	590	53673750
sample	flat	slob	lzma2	prefix	591	48642209
sample	flat	slob	lzma2	prefix	592	731209
sample	flat	slob	lzma2	prefix	593	876375
sample	flat	slob	lzma2	prefix	594	55307875
sample	flat	slob	lzma2	prefix	595	59916125
sample	flat	slob	lzma2	prefix	596	2924500
sample	flat	slob	lzma2	prefix	597	853833
sample	flat	slob	lzma2	prefix	598	59396083
sample	flat	slob	lzma2	prefix	599	69010625
sample	flat	slob	lzma2	prefix	600	2065833
sample	flat	slob	lzma2	prefix	601	2090083
sample	flat	slob	lzma2	prefix	602	62149250
sample	flat	slob	lzma2	prefix	603	65904708
sample	flat	slob	lzma2	prefix	604	2027667
sample	flat	slob	lzma2	prefix	605	4283375
sample	flat	slob	lzma2	prefix	606	81270708
sample	flat	slob	lzma2	prefix	607	65006292
sample	flat	slob	lzma2	prefix	608	1284542
sample	flat	slob	lzma2	prefix	609	1604084
sample	flat	slob	lzma2	prefix	610	60899833
sample	flat	slob	lzma2	prefix	611	56675959
sample	flat	slob	lzma2	prefix	612	2263666
sample	flat	slob	lzma2	prefix	613	2524375
sample	flat	slob	lzma2	prefix	614	47376667
sample	flat	slob	lzma2	prefix	615	50278291
sample	flat	slob	lzma2	prefix	616	1637750
sample	flat	slob	lzma2	prefix	617	891333
sample	flat	slob	lzma2	prefix	618	44787875
sample	flat	slob	lzma2	prefix	619	47937125
sample	flat	slob	lzma2	prefix	620	1590167
sample	flat	slob	lzma2	prefix	621	1947000
sample	flat	slob	lzma2	prefix	622	44404333
sample	flat	slob	lzma2	prefix	623	46449792
sample	flat	slob	lzma2	prefix	624	1266125
sample	flat	slob	lzma2	prefix	625	895958
sample	flat	slob	lzma2	prefix	626	48948916
sample	flat	slob	lzma2	prefix	627	53743500
sample	flat	slob	lzma2	prefix	628	886000
sample	flat	slob	lzma2	prefix	629	945125
sample	flat	slob	lzma2	prefix	630	48893208
sample	flat	slob	lzma2	prefix	631	50299500
sample	flat	slob	lzma2	prefix	632	725083
sample	flat	slob	lzma2	prefix	633	887959
sample	flat	slob	lzma2	prefix	634	54309625
sample	flat	slob	lzma2	prefix	635	59094791
sample	flat	slob	lzma2	prefix	636	891666
sample	flat	slob	lzma2	prefix	637	2197041
sample	flat	slob	lzma2	prefix	638	54806708
sample	flat	slob	lzma2	prefix	639	47231417
sample	flat	slob	lzma2	prefix	640	751458
sample	flat	slob	lzma2	prefix	641	3698250
sample	flat	slob	lzma2	prefix	642	61176667
sample	flat	slob	lzma2	prefix	643	67981917
sample	flat	slob	lzma2	prefix	644	1333958
sample	flat	slob	lzma2	prefix	645	1159875
sample	flat	slob	lzma2	prefix	646	68163625
sample	flat	slob	lzma2	prefix	647	74913125
sample	flat	slob	lzma2	prefix	648	809584
sample	flat	slob	lzma2	prefix	649	894291
sample	flat	slob	lzma2	prefix	650	53599167
sample	flat	slob	lzma2	prefix	651	54244167
sample	flat	slob	lzma2	prefix	652	1079041
sample	flat	slob	lzma2	prefix	653	815125
sample	flat	slob	lzma2	prefix	654	55408209
sample	flat	slob	lzma2	prefix	655	50723916
sample	flat	slob	lzma2	prefix	656	1220084
sample	flat	slob	lzma2	prefix	657	890125
sample	flat	slob	lzma2	prefix	658	44583292
sample	flat	slob	lzma2	prefix	659	47634708
sample	flat	slob	lzma2	prefix	660	3445417
sample	flat	slob	lzma2	prefix	661	1612791
sample	flat	slob	lzma2	prefix	662	43666417
sample	flat	slob	lzma2	prefix	663	45944083
sample	flat	slob	lzma2	prefix	664	736541
sample	flat	slob	lzma2	prefix	665	2605667
sample	flat	slob	lzma2	prefix	666	50237958
sample	flat	slob	lzma2	prefix	667	48968208
sample	flat	slob	lzma2	prefix	668	1190375
sample	flat	slob	lzma2	prefix	669	815458
sample	flat	slob	lzma2	prefix	670	46987709
sample	flat	slob	lzma2	prefix	671	54233042
sample	flat	slob	lzma2	prefix	672	1884208
sample	flat	slob	lzma2	prefix	673	2168000
sample	flat	slob	lzma2	prefix	674	53955834
sample	flat	slob	lzma2	prefix	675	47862917
sample	flat	slob	lzma2	prefix	676	920125
sample	flat	slob	lzma2	prefix	677	822042
sample	flat	slob	lzma2	prefix	678	45965584
sample	flat	slob	lzma2	prefix	679	49923084
sample	flat	slob	lzma2	prefix	680	1877250
sample	flat	slob	lzma2	prefix	681	1019500
sample	flat	slob	lzma2	prefix	682	46175500
sample	flat	slob	lzma2	prefix	683	76883459
sample	flat	slob	lzma2	prefix	684	1828625
sample	flat	slob	lzma2	prefix	685	1879292
sample	flat	slob	lzma2	prefix	686	68955708
sample	flat	slob	lzma2	prefix	687	51643583
sample	flat	slob	lzma2	prefix	688	2500916
sample	flat	slob	lzma2	prefix	689	917084
sample	flat	slob	lzma2	prefix	690	48865459
sample	flat	slob	lzma2	prefix	691	53861291
sample	flat	slob	lzma2	prefix	692	940084
sample	flat	slob	lzma2	prefix	693	2027833
sample	flat	slob	lzma2	prefix	694	55329375
sample	flat	slob	lzma2	prefix	695	71608292
sample	flat	slob	lzma2	prefix	696	1827625
sample	flat	slob	lzma2	prefix	697	2600250
sample	flat	slob	lzma2	prefix	698	60511167
sample	flat	slob	lzma2	prefix	699	51852000
sample	flat	slob	lzma2	prefix	700	900334
sample	flat	slob	lzma2	prefix	701	1618916
sample	flat	slob	lzma2	prefix	702	46816583
sample	flat	slob	lzma2	prefix	703	50408167
sample	flat	slob	lzma2	prefix	704	1166541
sample	flat	slob	lzma2	prefix	705	1178083
sample	flat	slob	lzma2	prefix	706	55886417
sample	flat	slob	lzma2	prefix	707	73018250
sample	flat	slob	lzma2	prefix	708	2214708
sample	flat	slob	lzma2	prefix	709	837334
sample	flat	slob	lzma2	prefix	710	48971709
sample	flat	slob	lzma2	prefix	711	41539667
sample	flat	slob	lzma2	prefix	712	758750
sample	flat	slob	lzma2	prefix	713	2833291
sample	flat	slob	lzma2	prefix	714	49213375
sample	flat	slob	lzma2	prefix	715	51993208
sample	flat	slob	lzma2	prefix	716	2318042
sample	flat	slob	lzma2	prefix	717	824084
sample	flat	slob	lzma2	prefix	718	43285084
sample	flat	slob	lzma2	prefix	719	43236625
sample	flat	slob	lzma2	prefix	720	1298750
sample	flat	slob	lzma2	prefix	721	1426542
sample	flat	slob	lzma2	prefix	722	49381333
sample	flat	slob	lzma2	prefix	723	46851958
sample	flat	slob	lzma2	prefix	724	878042
sample	flat	slob	lzma2	prefix	725	819375
sample	flat	slob	lzma2	prefix	726	58829542
sample	flat	slob	lzma2	prefix	727	63599000
sample	flat	slob	lzma2	prefix	728	2252084
sample	flat	slob	lzma2	prefix	729	887583
sample	flat	slob	lzma2	prefix	730	48532292
sample	flat	slob	lzma2	prefix	731	62973750
sample	flat	slob	lzma2	prefix	732	1381958
sample	flat	slob	lzma2	prefix	733	1014417
sample	flat	slob	lzma2	prefix	734	52364250
sample	flat	slob	lzma2	prefix	735	55292041
sample	flat	slob	lzma2	prefix	736	1241250
sample	flat	slob	lzma2	prefix	737	905209
sample	flat	slob	lzma2	prefix	738	49214250
sample	flat	slob	lzma2	prefix	739	55577708
sample	flat	slob	lzma2	prefix	740	1146042
sample	flat	slob	lzma2	prefix	741	984042
sample	flat	slob	lzma2	prefix	742	49103541
sample	flat	slob	lzma2	prefix	743	51502584
sample	flat	slob	lzma2	prefix	744	813750
sample	flat	slob	lzma2	prefix	745	890750
sample	flat	slob	lzma2	prefix	746	42740166
sample	flat	slob	lzma2	prefix	747	47279792
sample	flat	slob	lzma2	prefix	748	875542
sample	flat	slob	lzma2	prefix	749	1419875
sample	flat	slob	lzma2	prefix	750	48599333
sample	flat	slob	lzma2	prefix	751	49897375
sample	flat	slob	lzma2	prefix	752	1098458
sample	flat	slob	lzma2	prefix	753	1154292
sample	flat	slob	lzma2	prefix	754	42733208
sample	flat	slob	lzma2	prefix	755	42828667
sample	flat	slob	lzma2	prefix	756	1375500
sample	flat	slob	lzma2	prefix	757	1144208
sample	flat	slob	lzma2	prefix	758	46755125
sample	flat	slob	lzma2	prefix	759	48770708
sample	flat	slob	lzma2	prefix	760	751667
sample	flat	slob	lzma2	prefix	761	892833
sample	flat	slob	lzma2	prefix	762	47499959
sample	flat	slob	lzma2	prefix	763	43880459
sample	flat	slob	lzma2	prefix	764	1234875
sample	flat	slob	lzma2	prefix	765	2402250
sample	flat	slob	lzma2	prefix	766	50101708
sample	flat	slob	lzma2	prefix	767	50534916
sample	flat	slob	lzma2	prefix	768	2183125
sample	flat	slob	lzma2	prefix	769	1121958
sample	flat	slob	lzma2	prefix	770	49752708
sample	flat	slob	lzma2	prefix	771	53721042
sample	flat	slob	lzma2	prefix	772	1625250
sample	flat	slob	lzma2	prefix	773	1899166
sample	flat	slob	lzma2	prefix	774	50798500
sample	flat	slob	lzma2	prefix	775	44561708
sample	flat	slob	lzma2	prefix	776	730583
sample	flat	slob	lzma2	prefix	777	888916
sample	flat	slob	lzma2	prefix	778	44245292
sample	flat	slob	lzma2	prefix	779	43668500
sample	flat	slob	lzma2	prefix	780	901500
sample	flat	slob	lzma2	prefix	781	987292
sample	flat	slob	lzma2	prefix	782	43842542
sample	flat	slob	lzma2	prefix	783	48853750
sample	flat	slob	lzma2	prefix	784	751375
sample	flat	slob	lzma2	prefix	785	891125
sample	flat	slob	lzma2	prefix	786	42973875
sample	flat	slob	lzma2	prefix	787	46947584
sample	flat	slob	lzma2	prefix	788	1189208
sample	flat	slob	lzma2	prefix	789	1202041
sample	flat	slob	lzma2	prefix	790	44285125
sample	flat	slob	lzma2	prefix	791	50053042
sample	flat	slob	lzma2	prefix	792	723708
sample	flat	slob	lzma2	prefix	793	874917
sample	flat	slob	lzma2	prefix	794	51217583
sample	flat	slob	lzma2	prefix	795	48004709
sample	flat	slob	lzma2	prefix	796	1857542
sample	flat	slob	lzma2	prefix	797	831459
sample	flat	slob	lzma2	prefix	798	51913750
sample	flat	slob	lzma2	prefix	799	52517500
sample	flat	slob	lzma2	prefix	800	771583
sample	flat	slob	lzma2	prefix	801	1041750
sample	flat	slob	lzma2	prefix	802	57506958
sample	flat	slob	lzma2	prefix	803	56233292
sample	flat	slob	lzma2	prefix	804	3038500
sample	flat	slob	lzma2	prefix	805	2165000
sample	flat	slob	lzma2	prefix	806	56816375
sample	flat	slob	lzma2	prefix	807	53630625
sample	flat	slob	lzma2	prefix	808	1935333
sample	flat	slob	lzma2	prefix	809	3456250
sample	flat	slob	lzma2	prefix	810	45672250
sample	flat	slob	lzma2	prefix	811	64605250
sample	flat	slob	lzma2	prefix	812	932584
sample	flat	slob	lzma2	prefix	813	2147375
sample	flat	slob	lzma2	prefix	814	71236209
sample	flat	slob	lzma2	prefix	815	60559458
sample	flat	slob	lzma2	prefix	816	783375
sample	flat	slob	lzma2	prefix	817	861125
sample	flat	slob	lzma2	prefix	818	47992750
sample	flat	slob	lzma2	prefix	819	62963459
sample	flat	slob	lzma2	prefix	820	1173292
sample	flat	slob	lzma2	prefix	821	1474166
sample	flat	slob	lzma2	prefix	822	58004083
sample	flat	slob	lzma2	prefix	823	54943250
sample	flat	slob	lzma2	prefix	824	796000
sample	flat	slob	lzma2	prefix	825	885916
sample	flat	slob	lzma2	prefix	826	48951833
sample	flat	slob	lzma2	prefix	827	64095791
sample	flat	slob	lzma2	prefix	828	1769959
sample	flat	slob	lzma2	prefix	829	2180208
sample	flat	slob	lzma2	prefix	830	61126917
sample	flat	slob	lzma2	prefix	831	54634791
sample	flat	slob	lzma2	prefix	832	750541
sample	flat	slob	lzma2	prefix	833	1650250
sample	flat	slob	lzma2	prefix	834	51532459
sample	flat	slob	lzma2	prefix	835	50764292
sample	flat	slob	lzma2	prefix	836	913416
sample	flat	slob	lzma2	prefix	837	953542
sample	flat	slob	lzma2	prefix	838	44407917
sample	flat	slob	lzma2	prefix	839	51153875
sample	flat	slob	lzma2	prefix	840	2396875
sample	flat	slob	lzma2	prefix	841	886000
sample	flat	slob	lzma2	prefix	842	54920541
sample	flat	slob	lzma2	prefix	843	50293417
sample	flat	slob	lzma2	prefix	844	901666
sample	flat	slob	lzma2	prefix	845	814458
sample	flat	slob	lzma2	prefix	846	48182667
sample	flat	slob	lzma2	prefix	847	55385625
sample	flat	slob	lzma2	prefix	848	1056833
sample	flat	slob	lzma2	prefix	849	2682000
sample	flat	slob	lzma2	prefix	850	42958042
sample	flat	slob	lzma2	prefix	851	35919250
sample	flat	slob	lzma2	prefix	852	948250
sample	flat	slob	lzma2	prefix	853	918750
sample	flat	slob	lzma2	prefix	854	34757333
sample	flat	slob	lzma2	prefix	855	53781417
sample	flat	slob	lzma2	prefix	856	747459
sample	flat	slob	lzma2	prefix	857	967958
sample	flat	slob	lzma2	prefix	858	56885000
sample	flat	slob	lzma2	prefix	859	45795167
sample	flat	slob	lzma2	prefix	860	1325208
sample	flat	slob	lzma2	prefix	861	848250
sample	flat	slob	lzma2	prefix	862	67973958
sample	flat	slob	lzma2	prefix	863	54370833
sample	flat	slob	lzma2	prefix	864	764083
sample	flat	slob	lzma2	prefix	865	870250
sample	flat	slob	lzma2	prefix	866	44896583
sample	flat	slob	lzma2	prefix	867	54210875
sample	flat	slob	lzma2	prefix	868	985250
sample	flat	slob	lzma2	prefix	869	815625
sample	flat	slob	lzma2	prefix	870	51611250
sample	flat	slob	lzma2	prefix	871	54376208
sample	flat	slob	lzma2	prefix	872	1028000
sample	flat	slob	lzma2	prefix	873	1284792
sample	flat	slob	lzma2	prefix	874	43739750
sample	flat	slob	lzma2	prefix	875	49769875
sample	flat	slob	lzma2	prefix	876	3010000
sample	flat	slob	lzma2	prefix	877	886292
sample	flat	slob	lzma2	prefix	878	47731667
sample	flat	slob	lzma2	prefix	879	50161625
sample	flat	slob	lzma2	prefix	880	734709
sample	flat	slob	lzma2	prefix	881	2722791
sample	flat	slob	lzma2	prefix	882	49207500
sample	flat	slob	lzma2	prefix	883	43343959
sample	flat	slob	lzma2	prefix	884	917667
sample	flat	slob	lzma2	prefix	885	808125
sample	flat	slob	lzma2	prefix	886	43245333
sample	flat	slob	lzma2	prefix	887	44331250
sample	flat	slob	lzma2	prefix	888	1768334
sample	flat	slob	lzma2	prefix	889	2355583
sample	flat	slob	lzma2	prefix	890	51219167
sample	flat	slob	lzma2	prefix	891	44650375
sample	flat	slob	lzma2	prefix	892	1210583
sample	flat	slob	lzma2	prefix	893	1016500
sample	flat	slob	lzma2	prefix	894	47296500
sample	flat	slob	lzma2	prefix	895	53742333
sample	flat	slob	lzma2	prefix	896	1520000
sample	flat	slob	lzma2	prefix	897	1472125
sample	flat	slob	lzma2	prefix	898	89768458
sample	flat	slob	lzma2	prefix	899	87820625
sample	flat	slob	lzma2	prefix	900	3706208
sample	flat	slob	lzma2	prefix	901	3480333
sample	flat	slob	lzma2	prefix	902	72876000
sample	flat	slob	lzma2	prefix	903	60088834
sample	flat	slob	lzma2	prefix	904	980334
sample	flat	slob	lzma2	prefix	905	885292
sample	flat	slob	lzma2	prefix	906	43561875
sample	flat	slob	lzma2	prefix	907	42090375
sample	flat	slob	lzma2	prefix	908	1690125
sample	flat	slob	lzma2	prefix	909	1572291
sample	flat	slob	lzma2	prefix	910	45194542
sample	flat	slob	lzma2	prefix	911	45153625
sample	flat	slob	lzma2	prefix	912	734167
sample	flat	slob	lzma2	prefix	913	1109458
sample	flat	slob	lzma2	prefix	914	50544583
sample	flat	slob	lzma2	prefix	915	43233333
sample	flat	slob	lzma2	prefix	916	2585792
sample	flat	slob	lzma2	prefix	917	823417
sample	flat	slob	lzma2	prefix	918	45217709
sample	flat	slob	lzma2	prefix	919	42427375
sample	flat	slob	lzma2	prefix	920	750250
sample	flat	slob	lzma2	prefix	921	866958
sample	flat	slob	lzma2	prefix	922	42348375
sample	flat	slob	lzma2	prefix	923	43213208
sample	flat	slob	lzma2	prefix	924	896584
sample	flat	slob	lzma2	prefix	925	2547666
sample	flat	slob	lzma2	prefix	926	45453166
sample	flat	slob	lzma2	prefix	927	48163458
sample	flat	slob	lzma2	prefix	928	727916
sample	flat	slob	lzma2	prefix	929	886750
sample	flat	slob	lzma2	prefix	930	42085625
sample	flat	slob	lzma2	prefix	931	41961959
sample	flat	slob	lzma2	prefix	932	918584
sample	flat	slob	lzma2	prefix	933	821125
sample	flat	slob	lzma2	prefix	934	43778875
sample	flat	slob	lzma2	prefix	935	41989333
sample	flat	slob	lzma2	prefix	936	2289125
sample	flat	slob	lzma2	prefix	937	881458
sample	flat	slob	lzma2	prefix	938	40317333
sample	flat	slob	lzma2	prefix	939	43334417
sample	flat	slob	lzma2	prefix	940	910375
sample	flat	slob	lzma2	prefix	941	808417
sample	flat	slob	lzma2	prefix	942	43120292
sample	flat	slob	lzma2	prefix	943	38986292
sample	flat	slob	lzma2	prefix	944	739625
sample	flat	slob	lzma2	prefix	945	1535000
sample	flat	slob	lzma2	prefix	946	42012708
sample	flat	slob	lzma2	prefix	947	39736709
sample	flat	slob	lzma2	prefix	948	2101916
sample	flat	slob	lzma2	prefix	949	808125
sample	flat	slob	lzma2	prefix	950	40784917
sample	flat	slob	lzma2	prefix	951	41315625
sample	flat	slob	lzma2	prefix	952	732125
sample	flat	slob	lzma2	prefix	953	1008291
sample	flat	slob	lzma2	prefix	954	42643083
sample	flat	slob	lzma2	prefix	955	43000500
sample	flat	slob	lzma2	prefix	956	1464791
sample	flat	slob	lzma2	prefix	957	813666
sample	flat	slob	lzma2	prefix	958	42785209
sample	flat	slob	lzma2	prefix	959	40776000
sample	flat	slob	lzma2	prefix	960	832708
sample	flat	slob	lzma2	prefix	961	1407875
sample	flat	slob	lzma2	prefix	962	41083833
sample	flat	slob	lzma2	prefix	963	43838250
sample	flat	slob	lzma2	prefix	964	903916
sample	flat	slob	lzma2	prefix	965	810000
sample	flat	slob	lzma2	prefix	966	46356875
sample	flat	slob	lzma2	prefix	967	40975083
sample	flat	slob	lzma2	prefix	968	743958
sample	flat	slob	lzma2	prefix	969	1265750
sample	flat	slob	lzma2	prefix	970	42473916
sample	flat	slob	lzma2	prefix	971	41158500
sample	flat	slob	lzma2	prefix	972	2084334
sample	flat	slob	lzma2	prefix	973	810125
sample	flat	slob	lzma2	prefix	974	38757291
sample	flat	slob	lzma2	prefix	975	43505542
sample	flat	slob	lzma2	prefix	976	744125
sample	flat	slob	lzma2	prefix	977	861709
sample	flat	slob	lzma2	prefix	978	40422708
sample	flat	slob	lzma2	prefix	979	42036666
sample	flat	slob	lzma2	prefix	980	898083
sample	flat	slob	lzma2	prefix	981	805500
sample	flat	slob	lzma2	prefix	982	40544292
sample	flat	slob	lzma2	prefix	983	39439375
sample	flat	slob	lzma2	prefix	984	723708
sample	flat	slob	lzma2	prefix	985	863334
sample	flat	slob	lzma2	prefix	986	42626667
sample	flat	slob	lzma2	prefix	987	38531917
sample	flat	slob	lzma2	prefix	988	933583
sample	flat	slob	lzma2	prefix	989	3040167
sample	flat	slob	lzma2	prefix	990	39895167
sample	flat	slob	lzma2	prefix	991	42664500
sample	flat	slob	lzma2	prefix	992	753375
sample	flat	slob	lzma2	prefix	993	883791
sample	flat	slob	lzma2	prefix	994	44480125
sample	flat	slob	lzma2	prefix	995	45511709
sample	flat	slob	lzma2	prefix	996	905500
sample	flat	slob	lzma2	prefix	997	1076875
sample	flat	slob	lzma2	prefix	998	43734333
sample	flat	slob	lzma2	prefix	999	46866250
sample	flat	slob	lzma2	render	0	78042
sample	flat	slob	lzma2	render	1	47666
sample	flat	slob	lzma2	render	2	44417
sample	flat	slob	lzma2	render	3	44292
sample	flat	slob	lzma2	render	4	44708
sample	flat	slob	lzma2	render	5	43625
sample	flat	slob	lzma2	render	6	45333
sample	flat	slob	lzma2	render	7	72416
sample	flat	slob	lzma2	render	8	182125
sample	flat	slob	lzma2	render	9	171834
sample	flat	slob	lzma2	render	10	123416
sample	flat	slob	lzma2	render	11	203916
sample	flat	slob	lzma2	render	12	202792
sample	flat	slob	lzma2	render	13	142792
sample	flat	slob	lzma2	render	14	51292
sample	flat	slob	lzma2	render	15	45208
sample	flat	slob	lzma2	render	16	44250
sample	flat	slob	lzma2	render	17	43334
sample	flat	slob	lzma2	render	18	44916
sample	flat	slob	lzma2	render	19	44209
sample	flat	slob	lzma2	render	20	43250
sample	flat	slob	lzma2	render	21	43667
sample	flat	slob	lzma2	render	22	44125
sample	flat	slob	lzma2	render	23	44208
sample	flat	slob	lzma2	render	24	43709
sample	flat	slob	lzma2	render	25	43417
sample	flat	slob	lzma2	render	26	43666
sample	flat	slob	lzma2	render	27	43541
sample	flat	slob	lzma2	render	28	43375
sample	flat	slob	lzma2	render	29	43083
sample	flat	slob	lzma2	render	30	42416
sample	flat	slob	lzma2	render	31	42666
sample	flat	slob	lzma2	render	32	42583
sample	flat	slob	lzma2	render	33	42667
sample	flat	slob	lzma2	render	34	42667
sample	flat	slob	lzma2	render	35	43250
sample	flat	slob	lzma2	render	36	42709
sample	flat	slob	lzma2	render	37	65334
sample	flat	slob	lzma2	render	38	124459
sample	flat	slob	lzma2	render	39	111417
sample	flat	slob	lzma2	render	40	45333
sample	flat	slob	lzma2	render	41	43667
sample	flat	slob	lzma2	render	42	42666
sample	flat	slob	lzma2	render	43	42667
sample	flat	slob	lzma2	render	44	42666
sample	flat	slob	lzma2	render	45	42500
sample	flat	slob	lzma2	render	46	42292
sample	flat	slob	lzma2	render	47	42125
sample	flat	slob	lzma2	render	48	42458
sample	flat	slob	lzma2	render	49	42792
sample	flat	slob	lzma2	render	50	42083
sample	flat	slob	lzma2	render	51	42833
sample	flat	slob	lzma2	render	52	42666
sample	flat	slob	lzma2	render	53	42500
sample	flat	slob	lzma2	render	54	42417
sample	flat	slob	lzma2	render	55	42208
sample	flat	slob	lzma2	render	56	42333
sample	flat	slob	lzma2	render	57	42667
sample	flat	slob	lzma2	render	58	42625
sample	flat	slob	lzma2	render	59	42458
sample	flat	slob	lzma2	render	60	42375
sample	flat	slob	lzma2	render	61	42375
sample	flat	slob	lzma2	render	62	42750
sample	flat	slob	lzma2	render	63	42250
sample	flat	slob	lzma2	render	64	42625
sample	flat	slob	lzma2	render	65	42875
sample	flat	slob	lzma2	render	66	42667
sample	flat	slob	lzma2	render	67	42667
sample	flat	slob	lzma2	render	68	42875
sample	flat	slob	lzma2	render	69	42250
sample	flat	slob	lzma2	render	70	42125
sample	flat	slob	lzma2	render	71	42167
sample	flat	slob	lzma2	render	72	43416
sample	flat	slob	lzma2	render	73	42333
sample	flat	slob	lzma2	render	74	42291
sample	flat	slob	lzma2	render	75	42333
sample	flat	slob	lzma2	render	76	41916
sample	flat	slob	lzma2	render	77	42333
sample	flat	slob	lzma2	render	78	42375
sample	flat	slob	lzma2	render	79	42500
sample	flat	slob	lzma2	render	80	435000
sample	flat	slob	lzma2	render	81	69292
sample	flat	slob	lzma2	render	82	47750
sample	flat	slob	lzma2	render	83	46125
sample	flat	slob	lzma2	render	84	46375
sample	flat	slob	lzma2	render	85	43541
sample	flat	slob	lzma2	render	86	221875
sample	flat	slob	lzma2	render	87	114917
sample	flat	slob	lzma2	render	88	108334
sample	flat	slob	lzma2	render	89	100500
sample	flat	slob	lzma2	render	90	99500
sample	flat	slob	lzma2	render	91	101583
sample	flat	slob	lzma2	render	92	97667
sample	flat	slob	lzma2	render	93	99417
sample	flat	slob	lzma2	render	94	96458
sample	flat	slob	lzma2	render	95	53709
sample	flat	slob	lzma2	render	96	46250
sample	flat	slob	lzma2	render	97	44833
sample	flat	slob	lzma2	render	98	44583
sample	flat	slob	lzma2	render	99	44208
sample	flat	slob	lzma2	render	100	43959
sample	flat	slob	lzma2	render	101	43875
sample	flat	slob	lzma2	render	102	43709
sample	flat	slob	lzma2	render	103	44000
sample	flat	slob	lzma2	render	104	44583
sample	flat	slob	lzma2	render	105	43750
sample	flat	slob	lzma2	render	106	43875
sample	flat	slob	lzma2	render	107	43583
sample	flat	slob	lzma2	render	108	44083
sample	flat	slob	lzma2	render	109	45292
sample	flat	slob	lzma2	render	110	44000
sample	flat	slob	lzma2	render	111	58666
sample	flat	slob	lzma2	render	112	217709
sample	flat	slob	lzma2	render	113	119167
sample	flat	slob	lzma2	render	114	113542
sample	flat	slob	lzma2	render	115	559916
sample	flat	slob	lzma2	render	116	55042
sample	flat	slob	lzma2	render	117	46000
sample	flat	slob	lzma2	render	118	44750
sample	flat	slob	lzma2	render	119	45083
sample	flat	slob	lzma2	render	120	45958
sample	flat	slob	lzma2	render	121	47042
sample	flat	slob	lzma2	render	122	45041
sample	flat	slob	lzma2	render	123	45083
sample	flat	slob	lzma2	render	124	174917
sample	flat	slob	lzma2	render	125	109333
sample	flat	slob	lzma2	render	126	116750
sample	flat	slob	lzma2	render	127	105000
sample	flat	slob	lzma2	render	128	100333
sample	flat	slob	lzma2	render	129	103916
sample	flat	slob	lzma2	render	130	113000
sample	flat	slob	lzma2	render	131	123625
sample	flat	slob	lzma2	render	132	208000
sample	flat	slob	lzma2	render	133	114667
sample	flat	slob	lzma2	render	134	103458
sample	flat	slob	lzma2	render	135	99583
sample	flat	slob	lzma2	render	136	99250
sample	flat	slob	lzma2	render	137	110458
sample	flat	slob	lzma2	render	138	102666
sample	flat	slob	lzma2	render	139	54417
sample	flat	slob	lzma2	render	140	46208
sample	flat	slob	lzma2	render	141	44875
sample	flat	slob	lzma2	render	142	44792
sample	flat	slob	lzma2	render	143	44250
sample	flat	slob	lzma2	render	144	44292
sample	flat	slob	lzma2	render	145	807542
sample	flat	slob	lzma2	render	146	186500
sample	flat	slob	lzma2	render	147	194708
sample	flat	slob	lzma2	render	148	59875
sample	flat	slob	lzma2	render	149	46958
sample	flat	slob	lzma2	render	150	49667
sample	flat	slob	lzma2	render	151	1017708
sample	flat	slob	lzma2	render	152	120000
sample	flat	slob	lzma2	render	153	47625
sample	flat	slob	lzma2	render	154	45458
sample	flat	slob	lzma2	render	155	44209
sample	flat	slob	lzma2	render	156	44500
sample	flat	slob	lzma2	render	157	44375
sample	flat	slob	lzma2	render	158	44583
sample	flat	slob	lzma2	render	159	44375
sample	flat	slob	lzma2	render	160	43917
sample	flat	slob	lzma2	render	161	44541
sample	flat	slob	lzma2	render	162	79625
sample	flat	slob	lzma2	render	163	52917
sample	flat	slob	lzma2	render	164	47709
sample	flat	slob	lzma2	render	165	45125
sample	flat	slob	lzma2	render	166	44916
sample	flat	slob	lzma2	render	167	44708
sample	flat	slob	lzma2	render	168	44084
sample	flat	slob	lzma2	render	169	44000
sample	flat	slob	lzma2	render	170	44375
sample	flat	slob	lzma2	render	171	44125
sample	flat	slob	lzma2	render	172	43667
sample	flat	slob	lzma2	render	173	45084
sample	flat	slob	lzma2	render	174	44500
sample	flat	slob	lzma2	render	175	43833
sample	flat	slob	lzma2	render	176	44250
sample	flat	slob	lzma2	render	177	44125
sample	flat	slob	lzma2	render	178	43750
sample	flat	slob	lzma2	render	179	43667
sample	flat	slob	lzma2	render	180	44292
sample	flat	slob	lzma2	render	181	43458
sample	flat	slob	lzma2	render	182	43625
sample	flat	slob	lzma2	render	183	43375
sample	flat	slob	lzma2	render	184	43625
sample	flat	slob	lzma2	render	185	43791
sample	flat	slob	lzma2	render	186	43416
sample	flat	slob	lzma2	render	187	43750
sample	flat	slob	lzma2	render	188	43625
sample	flat	slob	lzma2	render	189	43250
sample	flat	slob	lzma2	render	190	43084
sample	flat	slob	lzma2	render	191	43500
sample	flat	slob	lzma2	render	192	43250
sample	flat	slob	lzma2	render	193	43833
sample	flat	slob	lzma2	render	194	43583
sample	flat	slob	lzma2	render	195	43500
sample	flat	slob	lzma2	render	196	43375
sample	flat	slob	lzma2	render	197	43125
sample	flat	slob	lzma2	render	198	44041
sample	flat	slob	lzma2	render	199	44792
sample	flat	slob	lzma2	render	200	44375
sample	flat	slob	lzma2	render	201	43583
sample	flat	slob	lzma2	render	202	43209
sample	flat	slob	lzma2	render	203	43125
sample	flat	slob	lzma2	render	204	43416
sample	flat	slob	lzma2	render	205	43292
sample	flat	slob	lzma2	render	206	43042
sample	flat	slob	lzma2	render	207	43000
sample	flat	slob	lzma2	render	208	43292
sample	flat	slob	lzma2	render	209	43584
sample	flat	slob	lzma2	render	210	43042
sample	flat	slob	lzma2	render	211	42750
sample	flat	slob	lzma2	render	212	43292
sample	flat	slob	lzma2	render	213	954167
sample	flat	slob	lzma2	render	214	223417
sample	flat	slob	lzma2	render	215	49917
sample	flat	slob	lzma2	render	216	46459
sample	flat	slob	lzma2	render	217	144333
sample	flat	slob	lzma2	render	218	137083
sample	flat	slob	lzma2	render	219	106750
sample	flat	slob	lzma2	render	220	101625
sample	flat	slob	lzma2	render	221	136000
sample	flat	slob	lzma2	render	222	110250
sample	flat	slob	lzma2	render	223	103875
sample	flat	slob	lzma2	render	224	138666
sample	flat	slob	lzma2	render	225	70125
sample	flat	slob	lzma2	render	226	45625
sample	flat	slob	lzma2	render	227	43667
sample	flat	slob	lzma2	render	228	43625
sample	flat	slob	lzma2	render	229	44208
sample	flat	slob	lzma2	render	230	43583
sample	flat	slob	lzma2	render	231	44125
sample	flat	slob	lzma2	render	232	43541
sample	flat	slob	lzma2	render	233	44292
sample	flat	slob	lzma2	render	234	43458
sample	flat	slob	lzma2	render	235	43417
sample	flat	slob	lzma2	render	236	44250
sample	flat	slob	lzma2	render	237	44333
sample	flat	slob	lzma2	render	238	44000
sample	flat	slob	lzma2	render	239	44125
sample	flat	slob	lzma2	render	240	43000
sample	flat	slob	lzma2	render	241	47542
sample	flat	slob	lzma2	render	242	44000
sample	flat	slob	lzma2	render	243	44125
sample	flat	slob	lzma2	render	244	43583
sample	flat	slob	lzma2	render	245	43459
sample	flat	slob	lzma2	render	246	43584
sample	flat	slob	lzma2	render	247	43625
sample	flat	slob	lzma2	render	248	43750
sample	flat	slob	lzma2	render	249	43416
sample	flat	slob	lzma2	render	250	43125
sample	flat	slob	lzma2	render	251	43291
sample	flat	slob	lzma2	render	252	44083
sample	flat	slob	lzma2	render	253	44833
sample	flat	slob	lzma2	render	254	43709
sample	flat	slob	lzma2	render	255	43041
sample	flat	slob	lzma2	render	256	43291
sample	flat	slob	lzma2	render	257	43875
sample	flat	slob	lzma2	render	258	43375
sample	flat	slob	lzma2	render	259	43583
sample	flat	slob	lzma2	render	260	43625
sample	flat	slob	lzma2	render	261	44084
sample	flat	slob	lzma2	render	262	43541
sample	flat	slob	lzma2	render	263	43500
sample	flat	slob	lzma2	render	264	202291
sample	flat	slob	lzma2	render	265	107875
sample	flat	slob	lzma2	render	266	115083
sample	flat	slob	lzma2	render	267	115875
sample	flat	slob	lzma2	render	268	142750
sample	flat	slob	lzma2	render	269	103666
sample	flat	slob	lzma2	render	270	96042
sample	flat	slob	lzma2	render	271	55125
sample	flat	slob	lzma2	render	272	47417
sample	flat	slob	lzma2	render	273	46375
sample	flat	slob	lzma2	render	274	44709
sample	flat	slob	lzma2	render	275	44083
sample	flat	slob	lzma2	render	276	44416
sample	flat	slob	lzma2	render	277	43833
sample	flat	slob	lzma2	render	278	44666
sample	flat	slob	lzma2	render	279	43708
sample	flat	slob	lzma2	render	280	44209
sample	flat	slob	lzma2	render	281	43416
sample	flat	slob	lzma2	render	282	43917
sample	flat	slob	lzma2	render	283	43625
sample	flat	slob	lzma2	render	284	44042
sample	flat	slob	lzma2	render	285	43166
sample	flat	slob	lzma2	render	286	43292
sample	flat	slob	lzma2	render	287	43167
sample	flat	slob	lzma2	render	288	43209
sample	flat	slob	lzma2	render	289	43458
sample	flat	slob	lzma2	render	290	43250
sample	flat	slob	lzma2	render	291	43333
sample	flat	slob	lzma2	render	292	42875
sample	flat	slob	lzma2	render	293	43166
sample	flat	slob	lzma2	render	294	43000
sample	flat	slob	lzma2	render	295	43125
sample	flat	slob	lzma2	render	296	44000
sample	flat	slob	lzma2	render	297	43667
sample	flat	slob	lzma2	render	298	43459
sample	flat	slob	lzma2	render	299	43292
sample	flat	slob	lzma2	render	300	43292
sample	flat	slob	lzma2	render	301	43542
sample	flat	slob	lzma2	render	302	43375
sample	flat	slob	lzma2	render	303	43416
sample	flat	slob	lzma2	render	304	43833
sample	flat	slob	lzma2	render	305	44791
sample	flat	slob	lzma2	render	306	43500
sample	flat	slob	lzma2	render	307	44708
sample	flat	slob	lzma2	render	308	44166
sample	flat	slob	lzma2	render	309	43792
sample	flat	slob	lzma2	render	310	42917
sample	flat	slob	lzma2	render	311	42917
sample	flat	slob	lzma2	render	312	43500
sample	flat	slob	lzma2	render	313	43458
sample	flat	slob	lzma2	render	314	43542
sample	flat	slob	lzma2	render	315	43083
sample	flat	slob	lzma2	render	316	43000
sample	flat	slob	lzma2	render	317	43208
sample	flat	slob	lzma2	render	318	43291
sample	flat	slob	lzma2	render	319	43042
sample	flat	slob	lzma2	render	320	43125
sample	flat	slob	lzma2	render	321	44000
sample	flat	slob	lzma2	render	322	43375
sample	flat	slob	lzma2	render	323	43125
sample	flat	slob	lzma2	render	324	43083
sample	flat	slob	lzma2	render	325	43709
sample	flat	slob	lzma2	render	326	43875
sample	flat	slob	lzma2	render	327	43458
sample	flat	slob	lzma2	render	328	43875
sample	flat	slob	lzma2	render	329	43625
sample	flat	slob	lzma2	render	330	43375
sample	flat	slob	lzma2	render	331	44459
sample	flat	slob	lzma2	render	332	43000
sample	flat	slob	lzma2	render	333	43292
sample	flat	slob	lzma2	render	334	43250
sample	flat	slob	lzma2	render	335	43458
sample	flat	slob	lzma2	render	336	43583
sample	flat	slob	lzma2	render	337	43125
sample	flat	slob	lzma2	render	338	43292
sample	flat	slob	lzma2	render	339	43333
sample	flat	slob	lzma2	render	340	43208
sample	flat	slob	lzma2	render	341	42958
sample	flat	slob	lzma2	render	342	43291
sample	flat	slob	lzma2	render	343	43167
sample	flat	slob	lzma2	render	344	43208
sample	flat	slob	lzma2	render	345	43209
sample	flat	slob	lzma2	render	346	43083
sample	flat	slob	lzma2	render	347	43000
sample	flat	slob	lzma2	render	348	43375
sample	flat	slob	lzma2	render	349	43125
sample	flat	slob	lzma2	render	350	42959
sample	flat	slob	lzma2	render	351	43625
sample	flat	slob	lzma2	render	352	43000
sample	flat	slob	lzma2	render	353	638666
sample	flat	slob	lzma2	render	354	101083
sample	flat	slob	lzma2	render	355	48000
sample	flat	slob	lzma2	render	356	44916
sample	flat	slob	lzma2	render	357	45042
sample	flat	slob	lzma2	render	358	44709
sample	flat	slob	lzma2	render	359	44750
sample	flat	slob	lzma2	render	360	44000
sample	flat	slob	lzma2	render	361	44208
sample	flat	slob	lzma2	render	362	43208
sample	flat	slob	lzma2	render	363	43375
sample	flat	slob	lzma2	render	364	43709
sample	flat	slob	lzma2	render	365	43625
sample	flat	slob	lzma2	render	366	43417
sample	flat	slob	lzma2	render	367	43875
sample	flat	slob	lzma2	render	368	43208
sample	flat	slob	lzma2	render	369	43500
sample	flat	slob	lzma2	render	370	43666
sample	flat	slob	lzma2	render	371	43208
sample	flat	slob	lzma2	render	372	43666
sample	flat	slob	lzma2	render	373	43708
sample	flat	slob	lzma2	render	374	43417
sample	flat	slob	lzma2	render	375	43291
sample	flat	slob	lzma2	render	376	43125
sample	flat	slob	lzma2	render	377	205500
sample	flat	slob	lzma2	render	378	98958
sample	flat	slob	lzma2	render	379	50666
sample	flat	slob	lzma2	render	380	47875
sample	flat	slob	lzma2	render	381	45125
sample	flat	slob	lzma2	render	382	182500
sample	flat	slob	lzma2	render	383	109250
sample	flat	slob	lzma2	render	384	104292
sample	flat	slob	lzma2	render	385	100792
sample	flat	slob	lzma2	render	386	99542
sample	flat	slob	lzma2	render	387	428458
sample	flat	slob	lzma2	render	388	46708
sample	flat	slob	lzma2	render	389	46041
sample	flat	slob	lzma2	render	390	44375
sample	flat	slob	lzma2	render	391	43792
sample	flat	slob	lzma2	render	392	43875
sample	flat	slob	lzma2	render	393	43917
sample	flat	slob	lzma2	render	394	43667
sample	flat	slob	lzma2	render	395	43625
sample	flat	slob	lzma2	render	396	43791
sample	flat	slob	lzma2	render	397	43125
sample	flat	slob	lzma2	render	398	43458
sample	flat	slob	lzma2	render	399	44625
sample	flat	slob	lzma2	render	400	43167
sample	flat	slob	lzma2	render	401	47167
sample	flat	slob	lzma2	render	402	44333
sample	flat	slob	lzma2	render	403	44042
sample	flat	slob	lzma2	render	404	43833
sample	flat	slob	lzma2	render	405	43041
sample	flat	slob	lzma2	render	406	43084
sample	flat	slob	lzma2	render	407	42916
sample	flat	slob	lzma2	render	408	43333
sample	flat	slob	lzma2	render	409	43750
sample	flat	slob	lzma2	render	410	43666
sample	flat	slob	lzma2	render	411	43583
sample	flat	slob	lzma2	render	412	43125
sample	flat	slob	lzma2	render	413	43458
sample	flat	slob	lzma2	render	414	42708
sample	flat	slob	lzma2	render	415	42833
sample	flat	slob	lzma2	render	416	43291
sample	flat	slob	lzma2	render	417	43333
sample	flat	slob	lzma2	render	418	42917
sample	flat	slob	lzma2	render	419	43000
sample	flat	slob	lzma2	render	420	43042
sample	flat	slob	lzma2	render	421	43042
sample	flat	slob	lzma2	render	422	42917
sample	flat	slob	lzma2	render	423	42833
sample	flat	slob	lzma2	render	424	99917
sample	flat	slob	lzma2	render	425	48667
sample	flat	slob	lzma2	render	426	190750
sample	flat	slob	lzma2	render	427	88458
sample	flat	slob	lzma2	render	428	47333
sample	flat	slob	lzma2	render	429	44667
sample	flat	slob	lzma2	render	430	44458
sample	flat	slob	lzma2	render	431	43958
sample	flat	slob	lzma2	render	432	43334
sample	flat	slob	lzma2	render	433	43750
sample	flat	slob	lzma2	render	434	44125
sample	flat	slob	lzma2	render	435	43334
sample	flat	slob	lzma2	render	436	44167
sample	flat	slob	lzma2	render	437	767083
sample	flat	slob	lzma2	render	438	56209
sample	flat	slob	lzma2	render	439	47792
sample	flat	slob	lzma2	render	440	45958
sample	flat	slob	lzma2	render	441	45083
sample	flat	slob	lzma2	render	442	44500
sample	flat	slob	lzma2	render	443	1075542
sample	flat	slob	lzma2	render	444	47250
sample	flat	slob	lzma2	render	445	44875
sample	flat	slob	lzma2	render	446	44917
sample	flat	slob	lzma2	render	447	45083
sample	flat	slob	lzma2	render	448	44917
sample	flat	slob	lzma2	render	449	44416
sample	flat	slob	lzma2	render	450	43875
sample	flat	slob	lzma2	render	451	44125
sample	flat	slob	lzma2	render	452	44167
sample	flat	slob	lzma2	render	453	44750
sample	flat	slob	lzma2	render	454	43750
sample	flat	slob	lzma2	render	455	43458
sample	flat	slob	lzma2	render	456	43584
sample	flat	slob	lzma2	render	457	43709
sample	flat	slob	lzma2	render	458	43708
sample	flat	slob	lzma2	render	459	43166
sample	flat	slob	lzma2	render	460	43083
sample	flat	slob	lzma2	render	461	43292
sample	flat	slob	lzma2	render	462	43334
sample	flat	slob	lzma2	render	463	45417
sample	flat	slob	lzma2	render	464	43708
sample	flat	slob	lzma2	render	465	43417
sample	flat	slob	lzma2	render	466	43542
sample	flat	slob	lzma2	render	467	43333
sample	flat	slob	lzma2	render	468	43625
sample	flat	slob	lzma2	render	469	43625
sample	flat	slob	lzma2	render	470	43291
sample	flat	slob	lzma2	render	471	209625
sample	flat	slob	lzma2	render	472	148167
sample	flat	slob	lzma2	render	473	133541
sample	flat	slob	lzma2	render	474	104375
sample	flat	slob	lzma2	render	475	110333
sample	flat	slob	lzma2	render	476	192583
sample	flat	slob	lzma2	render	477	116083
sample	flat	slob	lzma2	render	478	133708
sample	flat	slob	lzma2	render	479	539833
sample	flat	slob	lzma2	render	480	438417
sample	flat	slob	lzma2	render	481	51166
sample	flat	slob	lzma2	render	482	45500
sample	flat	slob	lzma2	render	483	45709
sample	flat	slob	lzma2	render	484	44208
sample	flat	slob	lzma2	render	485	44417
sample	flat	slob	lzma2	render	486	44708
sample	flat	slob	lzma2	render	487	44875
sample	flat	slob	lzma2	render	488	44375
sample	flat	slob	lzma2	render	489	44459
sample	flat	slob	lzma2	render	490	45792
sample	flat	slob	lzma2	render	491	44916
sample	flat	slob	lzma2	render	492	44000
sample	flat	slob	lzma2	render	493	43875
sample	flat	slob	lzma2	render	494	43750
sample	flat	slob	lzma2	render	495	43458
sample	flat	slob	lzma2	render	496	43292
sample	flat	slob	lzma2	render	497	43125
sample	flat	slob	lzma2	render	498	43667
sample	flat	slob	lzma2	render	499	43583
sample	flat	slob	lzma2	render	500	43417
sample	flat	slob	lzma2	render	501	43541
sample	flat	slob	lzma2	render	502	43583
sample	flat	slob	lzma2	render	503	43916
sample	flat	slob	lzma2	render	504	43416
sample	flat	slob	lzma2	render	505	43250
sample	flat	slob	lzma2	render	506	43375
sample	flat	slob	lzma2	render	507	45708
sample	flat	slob	lzma2	render	508	44333
sample	flat	slob	lzma2	render	509	43792
sample	flat	slob	lzma2	render	510	43458
sample	flat	slob	lzma2	render	511	43708
sample	flat	slob	lzma2	render	512	43667
sample	flat	slob	lzma2	render	513	44125
sample	flat	slob	lzma2	render	514	44667
sample	flat	slob	lzma2	render	515	44834
sample	flat	slob	lzma2	render	516	43834
sample	flat	slob	lzma2	render	517	43666
sample	flat	slob	lzma2	render	518	43541
sample	flat	slob	lzma2	render	519	43209
sample	flat	slob	lzma2	render	520	43500
sample	flat	slob	lzma2	render	521	43625
sample	flat	slob	lzma2	render	522	43417
sample	flat	slob	lzma2	render	523	43375
sample	flat	slob	lzma2	render	524	43375
sample	flat	slob	lzma2	render	525	43584
sample	flat	slob	lzma2	render	526	43917
sample	flat	slob	lzma2	render	527	43375
sample	flat	slob	lzma2	render	528	43458
sample	flat	slob	lzma2	render	529	43583
sample	flat	slob	lzma2	render	530	43625
sample	flat	slob	lzma2	render	531	43500
sample	flat	slob	lzma2	render	532	43333
sample	flat	slob	lzma2	render	533	43333
sample	flat	slob	lzma2	render	534	43500
sample	flat	slob	lzma2	render	535	43084
sample	flat	slob	lzma2	render	536	43250
sample	flat	slob	lzma2	render	537	43416
sample	flat	slob	lzma2	render	538	43459
sample	flat	slob	lzma2	render	539	43208
sample	flat	slob	lzma2	render	540	43000
sample	flat	slob	lzma2	render	541	43000
sample	flat	slob	lzma2	render	542	44083
sample	flat	slob	lzma2	render	543	43542
sample	flat	slob	lzma2	render	544	43083
sample	flat	slob	lzma2	render	545	209334
sample	flat	slob	lzma2	render	546	52208
sample	flat	slob	lzma2	render	547	48666
sample	flat	slob	lzma2	render	548	58667
sample	flat	slob	lzma2	render	549	46291
sample	flat	slob	lzma2	render	550	44000
sample	flat	slob	lzma2	render	551	207875
sample	flat	slob	lzma2	render	552	131083
sample	flat	slob	lzma2	render	553	172708
sample	flat	slob	lzma2	render	554	191250
sample	flat	slob	lzma2	render	555	157042
sample	flat	slob	lzma2	render	556	157834
sample	flat	slob	lzma2	render	557	60167
sample	flat	slob	lzma2	render	558	45709
sample	flat	slob	lzma2	render	559	44959
sample	flat	slob	lzma2	render	560	44375
sample	flat	slob	lzma2	render	561	45292
sample	flat	slob	lzma2	render	562	44417
sample	flat	slob	lzma2	render	563	43917
sample	flat	slob	lzma2	render	564	43750
sample	flat	slob	lzma2	render	565	43416
sample	flat	slob	lzma2	render	566	43125
sample	flat	slob	lzma2	render	567	43750
sample	flat	slob	lzma2	render	568	44750
sample	flat	slob	lzma2	render	569	44208
sample	flat	slob	lzma2	render	570	43833
sample	flat	slob	lzma2	render	571	43916
sample	flat	slob	lzma2	render	572	43791
sample	flat	slob	lzma2	render	573	43875
sample	flat	slob	lzma2	render	574	44042
sample	flat	slob	lzma2	render	575	43292
sample	flat	slob	lzma2	render	576	43959
sample	flat	slob	lzma2	render	577	44334
sample	flat	slob	lzma2	render	578	43833
sample	flat	slob	lzma2	render	579	43583
sample	flat	slob	lzma2	render	580	43458
sample	flat	slob	lzma2	render	581	43792
sample	flat	slob	lzma2	render	582	43541
sample	flat	slob	lzma2	render	583	43667
sample	flat	slob	lzma2	render	584	43500
sample	flat	slob	lzma2	render	585	43667
sample	flat	slob	lzma2	render	586	43791
sample	flat	slob	lzma2	render	587	43583
sample	flat	slob	lzma2	render	588	44292
sample	flat	slob	lzma2	render	589	43417
sample	flat	slob	lzma2	render	590	43917
sample	flat	slob	lzma2	render	591	43875
sample	flat	slob	lzma2	render	592	43167
sample	flat	slob	lzma2	render	593	44167
sample	flat	slob	lzma2	render	594	43875
sample	flat	slob	lzma2	render	595	43958
sample	flat	slob	lzma2	render	596	43709
sample	flat	slob	lzma2	render	597	43583
sample	flat	slob	lzma2	render	598	43750
sample	flat	slob	lzma2	render	599	43875
sample	flat	slob	lzma2	render	600	43584
sample	flat	slob	lzma2	render	601	43625
sample	flat	slob	lzma2	render	602	43542
sample	flat	slob	lzma2	render	603	43750
sample	flat	slob	lzma2	render	604	43042
sample	flat	slob	lzma2	render	605	43250
sample	flat	slob	lzma2	render	606	43667
sample	flat	slob	lzma2	render	607	44042
sample	flat	slob	lzma2	render	608	43625
sample	flat	slob	lzma2	render	609	43500
sample	flat	slob	lzma2	render	610	42916
sample	flat	slob	lzma2	render	611	43583
sample	flat	slob	lzma2	render	612	43542
sample	flat	slob	lzma2	render	613	44584
sample	flat	slob	lzma2	render	614	44209
sample	flat	slob	lzma2	render	615	45167
sample	flat	slob	lzma2	render	616	44292
sample	flat	slob	lzma2	render	617	43375
sample	flat	slob	lzma2	render	618	43250
sample	flat	slob	lzma2	render	619	43333
sample	flat	slob	lzma2	render	620	43500
sample	flat	slob	lzma2	render	621	44792
sample	flat	slob	lzma2	render	622	43042
sample	flat	slob	lzma2	render	623	43167
sample	flat	slob	lzma2	render	624	43000
sample	flat	slob	lzma2	render	625	43291
sample	flat	slob	lzma2	render	626	50292
sample	flat	slob	lzma2	render	627	43583
sample	flat	slob	lzma2	render	628	43542
sample	flat	slob	lzma2	render	629	43417
sample	flat	slob	lzma2	render	630	42916
sample	flat	slob	lzma2	render	631	43000
sample	flat	slob	lzma2	render	632	43666
sample	flat	slob	lzma2	render	633	43250
sample	flat	slob	lzma2	render	634	43250
sample	flat	slob	lzma2	render	635	43083
sample	flat	slob	lzma2	render	636	43166
sample	flat	slob	lzma2	render	637	43042
sample	flat	slob	lzma2	render	638	43167
sample	flat	slob	lzma2	render	639	42917
sample	flat	slob	lzma2	render	640	43000
sample	flat	slob	lzma2	render	641	42917
sample	flat	slob	lzma2	render	642	43417
sample	flat	slob	lzma2	render	643	43541
sample	flat	slob	lzma2	render	644	43334
sample	flat	slob	lzma2	render	645	43208
sample	flat	slob	lzma2	render	646	42833
sample	flat	slob	lzma2	render	647	43625
sample	flat	slob	lzma2	render	648	43292
sample	flat	slob	lzma2	render	649	43292
sample	flat	slob	lzma2	render	650	43292
sample	flat	slob	lzma2	render	651	43375
sample	flat	slob	lzma2	render	652	46500
sample	flat	slob	lzma2	render	653	44250
sample	flat	slob	lzma2	render	654	43291
sample	flat	slob	lzma2	render	655	43000
sample	flat	slob	lzma2	render	656	42791
sample	flat	slob	lzma2	render	657	43292
sample	flat	slob	lzma2	render	658	43167
sample	flat	slob	lzma2	render	659	43667
sample	flat	slob	lzma2	render	660	42958
sample	flat	slob	lzma2	render	661	43041
sample	flat	slob	lzma2	render	662	43250
sample	flat	slob	lzma2	render	663	43375
sample	flat	slob	lzma2	render	664	42958
sample	flat	slob	lzma2	render	665	43333
sample	flat	slob	lzma2	render	666	43083
sample	flat	slob	lzma2	render	667	43333
sample	flat	slob	lzma2	render	668	43209
sample	flat	slob	lzma2	render	669	43125
sample	flat	slob	lzma2	render	670	42958
sample	flat	slob	lzma2	render	671	43417
sample	flat	slob	lzma2	render	672	43458
sample	flat	slob	lzma2	render	673	44583
sample	flat	slob	lzma2	render	674	620500
sample	flat	slob	lzma2	render	675	157958
sample	flat	slob	lzma2	render	676	205459
sample	flat	slob	lzma2	render	677	139416
sample	flat	slob	lzma2	render	678	155875
sample	flat	slob	lzma2	render	679	150750
sample	flat	slob	lzma2	render	680	111958
sample	flat	slob	lzma2	render	681	104167
sample	flat	slob	lzma2	render	682	78625
sample	flat	slob	lzma2	render	683	48166
sample	flat	slob	lzma2	render	684	45416
sample	flat	slob	lzma2	render	685	45416
sample	flat	slob	lzma2	render	686	47875
sample	flat	slob	lzma2	render	687	44500
sample	flat	slob	lzma2	render	688	45292
sample	flat	slob	lzma2	render	689	44125
sample	flat	slob	lzma2	render	690	44417
sample	flat	slob	lzma2	render	691	43709
sample	flat	slob	lzma2	render	692	43500
sample	flat	slob	lzma2	render	693	43375
sample	flat	slob	lzma2	render	694	43542
sample	flat	slob	lzma2	render	695	43542
sample	flat	slob	lzma2	render	696	43500
sample	flat	slob	lzma2	render	697	43084
sample	flat	slob	lzma2	render	698	50084
sample	flat	slob	lzma2	render	699	43083
sample	flat	slob	lzma2	render	700	44917
sample	flat	slob	lzma2	render	701	43334
sample	flat	slob	lzma2	render	702	43791
sample	flat	slob	lzma2	render	703	43750
sample	flat	slob	lzma2	render	704	43125
sample	flat	slob	lzma2	render	705	43708
sample	flat	slob	lzma2	render	706	42958
sample	flat	slob	lzma2	render	707	43625
sample	flat	slob	lzma2	render	708	43208
sample	flat	slob	lzma2	render	709	42833
sample	flat	slob	lzma2	render	710	43167
sample	flat	slob	lzma2	render	711	43625
sample	flat	slob	lzma2	render	712	43375
sample	flat	slob	lzma2	render	713	79375
sample	flat	slob	lzma2	render	714	46625
sample	flat	slob	lzma2	render	715	45792
sample	flat	slob	lzma2	render	716	44667
sample	flat	slob	lzma2	render	717	44334
sample	flat	slob	lzma2	render	718	44208
sample	flat	slob	lzma2	render	719	44375
sample	flat	slob	lzma2	render	720	45750
sample	flat	slob	lzma2	render	721	71083
sample	flat	slob	lzma2	render	722	51083
sample	flat	slob	lzma2	render	723	46125
sample	flat	slob	lzma2	render	724	44583
sample	flat	slob	lzma2	render	725	44417
sample	flat	slob	lzma2	render	726	44625
sample	flat	slob	lzma2	render	727	44375
sample	flat	slob	lzma2	render	728	44042
sample	flat	slob	lzma2	render	729	43792
sample	flat	slob	lzma2	render	730	43333
sample	flat	slob	lzma2	render	731	43459
sample	flat	slob	lzma2	render	732	43584
sample	flat	slob	lzma2	render	733	43958
sample	flat	slob	lzma2	render	734	43625
sample	flat	slob	lzma2	render	735	43583
sample	flat	slob	lzma2	render	736	43292
sample	flat	slob	lzma2	render	737	43375
sample	flat	slob	lzma2	render	738	43334
sample	flat	slob	lzma2	render	739	43250
sample	flat	slob	lzma2	render	740	43583
sample	flat	slob	lzma2	render	741	43666
sample	flat	slob	lzma2	render	742	44625
sample	flat	slob	lzma2	render	743	43667
sample	flat	slob	lzma2	render	744	43667
sample	flat	slob	lzma2	render	745	43416
sample	flat	slob	lzma2	render	746	44209
sample	flat	slob	lzma2	render	747	43959
sample	flat	slob	lzma2	render	748	45084
sample	flat	slob	lzma2	render	749	43917
sample	flat	slob	lzma2	render	750	43542
sample	flat	slob	lzma2	render	751	43750
sample	flat	slob	lzma2	render	752	44083
sample	flat	slob	lzma2	render	753	45583
sample	flat	slob	lzma2	render	754	43875
sample	flat	slob	lzma2	render	755	43417
sample	flat	slob	lzma2	render	756	43375
sample	flat	slob	lzma2	render	757	43625
sample	flat	slob	lzma2	render	758	43500
sample	flat	slob	lzma2	render	759	43833
sample	flat	slob	lzma2	render	760	43458
sample	flat	slob	lzma2	render	761	44000
sample	flat	slob	lzma2	render	762	43750
sample	flat	slob	lzma2	render	763	44250
sample	flat	slob	lzma2	render	764	43458
sample	flat	slob	lzma2	render	765	43542
sample	flat	slob	lzma2	render	766	43625
sample	flat	slob	lzma2	render	767	43334
sample	flat	slob	lzma2	render	768	44125
sample	flat	slob	lzma2	render	769	837334
sample	flat	slob	lzma2	render	770	165500
sample	flat	slob	lzma2	render	771	59875
sample	flat	slob	lzma2	render	772	49542
sample	flat	slob	lzma2	render	773	47542
sample	flat	slob	lzma2	render	774	44125
sample	flat	slob	lzma2	render	775	477458
sample	flat	slob	lzma2	render	776	72750
sample	flat	slob	lzma2	render	777	47417
sample	flat	slob	lzma2	render	778	45792
sample	flat	slob	lzma2	render	779	46375
sample	flat	slob	lzma2	render	780	45250
sample	flat	slob	lzma2	render	781	44625
sample	flat	slob	lzma2	render	782	44166
sample	flat	slob	lzma2	render	783	44167
sample	flat	slob	lzma2	render	784	43583
sample	flat	slob	lzma2	render	785	44000
sample	flat	slob	lzma2	render	786	45084
sample	flat	slob	lzma2	render	787	43750
sample	flat	slob	lzma2	render	788	44041
sample	flat	slob	lzma2	render	789	43250
sample	flat	slob	lzma2	render	790	43458
sample	flat	slob	lzma2	render	791	42833
sample	flat	slob	lzma2	render	792	43666
sample	flat	slob	lzma2	render	793	43792
sample	flat	slob	lzma2	render	794	43709
sample	flat	slob	lzma2	render	795	43541
sample	flat	slob	lzma2	render	796	42708
sample	flat	slob	lzma2	render	797	43000
sample	flat	slob	lzma2	render	798	43250
sample	flat	slob	lzma2	render	799	43167
sample	flat	slob	lzma2	render	800	43208
sample	flat	slob	lzma2	render	801	43417
sample	flat	slob	lzma2	render	802	43042
sample	flat	slob	lzma2	render	803	43333
sample	flat	slob	lzma2	render	804	42833
sample	flat	slob	lzma2	render	805	43334
sample	flat	slob	lzma2	render	806	43083
sample	flat	slob	lzma2	render	807	43292
sample	flat	slob	lzma2	render	808	43500
sample	flat	slob	lzma2	render	809	43250
sample	flat	slob	lzma2	render	810	43500
sample	flat	slob	lzma2	render	811	42834
sample	flat	slob	lzma2	render	812	42791
sample	flat	slob	lzma2	render	813	43166
sample	flat	slob	lzma2	render	814	43209
sample	flat	slob	lzma2	render	815	44958
sample	flat	slob	lzma2	render	816	43458
sample	flat	slob	lzma2	render	817	43083
sample	flat	slob	lzma2	render	818	43125
sample	flat	slob	lzma2	render	819	43041
sample	flat	slob	lzma2	render	820	42917
sample	flat	slob	lzma2	render	821	43166
sample	flat	slob	lzma2	render	822	42959
sample	flat	slob	lzma2	render	823	43167
sample	flat	slob	lzma2	render	824	43334
sample	flat	slob	lzma2	render	825	43042
sample	flat	slob	lzma2	render	826	42833
sample	flat	slob	lzma2	render	827	42750
sample	flat	slob	lzma2	render	828	42958
sample	flat	slob	lzma2	render	829	43209
sample	flat	slob	lzma2	render	830	43125
sample	flat	slob	lzma2	render	831	43667
sample	flat	slob	lzma2	render	832	43208
sample	flat	slob	lzma2	render	833	43250
sample	flat	slob	lzma2	render	834	43625
sample	flat	slob	lzma2	render	835	43084
sample	flat	slob	lzma2	render	836	42875
sample	flat	slob	lzma2	render	837	1156458
sample	flat	slob	lzma2	render	838	166208
sample	flat	slob	lzma2	render	839	119625
sample	flat	slob	lzma2	render	840	130500
sample	flat	slob	lzma2	render	841	113375
sample	flat	slob	lzma2	render	842	111500
sample	flat	slob	lzma2	render	843	122250
sample	flat	slob	lzma2	render	844	107500
sample	flat	slob	lzma2	render	845	102292
sample	flat	slob	lzma2	render	846	159250
sample	flat	slob	lzma2	render	847	508916
sample	flat	slob	lzma2	render	848	144125
sample	flat	slob	lzma2	render	849	118500
sample	flat	slob	lzma2	render	850	110458
sample	flat	slob	lzma2	render	851	107209
sample	flat	slob	lzma2	render	852	107000
sample	flat	slob	lzma2	render	853	133834
sample	flat	slob	lzma2	render	854	109291
sample	flat	slob	lzma2	render	855	109042
sample	flat	slob	lzma2	render	856	144541
sample	flat	slob	lzma2	render	857	111917
sample	flat	slob	lzma2	render	858	115708
sample	flat	slob	lzma2	render	859	106000
sample	flat	slob	lzma2	render	860	105917
sample	flat	slob	lzma2	render	861	104750
sample	flat	slob	lzma2	render	862	105708
sample	flat	slob	lzma2	render	863	104458
sample	flat	slob	lzma2	render	864	103583
sample	flat	slob	lzma2	render	865	104542
sample	flat	slob	lzma2	render	866	104792
sample	flat	slob	lzma2	render	867	187375
sample	flat	slob	lzma2	render	868	114833
sample	flat	slob	lzma2	render	869	107708
sample	flat	slob	lzma2	render	870	171583
sample	flat	slob	lzma2	render	871	135584
sample	flat	slob	lzma2	render	872	111583
sample	flat	slob	lzma2	render	873	109084
sample	flat	slob	lzma2	render	874	105416
sample	flat	slob	lzma2	render	875	109041
sample	flat	slob	lzma2	render	876	194125
sample	flat	slob	lzma2	render	877	142333
sample	flat	slob	lzma2	render	878	85541
sample	flat	slob	lzma2	render	879	49291
sample	flat	slob	lzma2	render	880	45875
sample	flat	slob	lzma2	render	881	45792
sample	flat	slob	lzma2	render	882	44000
sample	flat	slob	lzma2	render	883	44833
sample	flat	slob	lzma2	render	884	45916
sample	flat	slob	lzma2	render	885	45167
sample	flat	slob	lzma2	render	886	44625
sample	flat	slob	lzma2	render	887	44292
sample	flat	slob	lzma2	render	888	44959
sample	flat	slob	lzma2	render	889	43791
sample	flat	slob	lzma2	render	890	43416
sample	flat	slob	lzma2	render	891	43333
sample	flat	slob	lzma2	render	892	43333
sample	flat	slob	lzma2	render	893	43166
sample	flat	slob	lzma2	render	894	43042
sample	flat	slob	lzma2	render	895	43208
sample	flat	slob	lzma2	render	896	42875
sample	flat	slob	lzma2	render	897	42916
sample	flat	slob	lzma2	render	898	43083
sample	flat	slob	lzma2	render	899	43125
sample	flat	slob	lzma2	render	900	43083
sample	flat	slob	lzma2	render	901	42917
sample	flat	slob	lzma2	render	902	43708
sample	flat	slob	lzma2	render	903	43167
sample	flat	slob	lzma2	render	904	43291
sample	flat	slob	lzma2	render	905	43042
sample	flat	slob	lzma2	render	906	43209
sample	flat	slob	lzma2	render	907	43208
sample	flat	slob	lzma2	render	908	42666
sample	flat	slob	lzma2	render	909	42584
sample	flat	slob	lzma2	render	910	43625
sample	flat	slob	lzma2	render	911	43750
sample	flat	slob	lzma2	render	912	43291
sample	flat	slob	lzma2	render	913	43333
sample	flat	slob	lzma2	render	914	42833
sample	flat	slob	lzma2	render	915	43917
sample	flat	slob	lzma2	render	916	42667
sample	flat	slob	lzma2	render	917	42500
sample	flat	slob	lzma2	render	918	42709
sample	flat	slob	lzma2	render	919	42917
sample	flat	slob	lzma2	render	920	43000
sample	flat	slob	lzma2	render	921	112791
sample	flat	slob	lzma2	render	922	171000
sample	flat	slob	lzma2	render	923	143541
sample	flat	slob	lzma2	render	924	162583
sample	flat	slob	lzma2	render	925	125208
sample	flat	slob	lzma2	render	926	104625
sample	flat	slob	lzma2	render	927	49417
sample	flat	slob	lzma2	render	928	47625
sample	flat	slob	lzma2	render	929	44375
sample	flat	slob	lzma2	render	930	44458
sample	flat	slob	lzma2	render	931	45791
sample	flat	slob	lzma2	render	932	43458
sample	flat	slob	lzma2	render	933	44708
sample	flat	slob	lzma2	render	934	43500
sample	flat	slob	lzma2	render	935	44041
sample	flat	slob	lzma2	render	936	44041
sample	flat	slob	lzma2	render	937	45833
sample	flat	slob	lzma2	render	938	44250
sample	flat	slob	lzma2	render	939	43167
sample	flat	slob	lzma2	render	940	43250
sample	flat	slob	lzma2	render	941	43583
sample	flat	slob	lzma2	render	942	44459
sample	flat	slob	lzma2	render	943	43917
sample	flat	slob	lzma2	render	944	43292
sample	flat	slob	lzma2	render	945	43208
sample	flat	slob	lzma2	render	946	43125
sample	flat	slob	lzma2	render	947	43250
sample	flat	slob	lzma2	render	948	48209
sample	flat	slob	lzma2	render	949	44750
sample	flat	slob	lzma2	render	950	43334
sample	flat	slob	lzma2	render	951	43125
sample	flat	slob	lzma2	render	952	43167
sample	flat	slob	lzma2	render	953	42750
sample	flat	slob	lzma2	render	954	42834
sample	flat	slob	lzma2	render	955	42708
sample	flat	slob	lzma2	render	956	43166
sample	flat	slob	lzma2	render	957	43625
sample	flat	slob	lzma2	render	958	43333
sample	flat	slob	lzma2	render	959	43167
sample	flat	slob	lzma2	render	960	42959
sample	flat	slob	lzma2	render	961	43583
sample	flat	slob	lzma2	render	962	42875
sample	flat	slob	lzma2	render	963	44041
sample	flat	slob	lzma2	render	964	43333
sample	flat	slob	lzma2	render	965	43042
sample	flat	slob	lzma2	render	966	43208
sample	flat	slob	lzma2	render	967	43459
sample	flat	slob	lzma2	render	968	43792
sample	flat	slob	lzma2	render	969	43375
sample	flat	slob	lzma2	render	970	42875
sample	flat	slob	lzma2	render	971	42959
sample	flat	slob	lzma2	render	972	43542
sample	flat	slob	lzma2	render	973	43791
sample	flat	slob	lzma2	render	974	43167
sample	flat	slob	lzma2	render	975	43000
sample	flat	slob	lzma2	render	976	42875
sample	flat	slob	lzma2	render	977	43459
sample	flat	slob	lzma2	render	978	43416
sample	flat	slob	lzma2	render	979	42750
sample	flat	slob	lzma2	render	980	228708
sample	flat	slob	lzma2	render	981	146708
sample	flat	slob	lzma2	render	982	113250
sample	flat	slob	lzma2	render	983	110209
sample	flat	slob	lzma2	render	984	110833
sample	flat	slob	lzma2	render	985	103791
sample	flat	slob	lzma2	render	986	102166
sample	flat	slob	lzma2	render	987	101875
sample	flat	slob	lzma2	render	988	102083
sample	flat	slob	lzma2	render	989	102833
sample	flat	slob	lzma2	render	990	102625
sample	flat	slob	lzma2	render	991	104625
sample	flat	slob	lzma2	render	992	106667
sample	flat	slob	lzma2	render	993	125333
sample	flat	slob	lzma2	render	994	132333
sample	flat	slob	lzma2	render	995	147666
sample	flat	slob	lzma2	render	996	1237833
sample	flat	slob	lzma2	render	997	157208
sample	flat	slob	lzma2	render	998	66667
sample	flat	slob	lzma2	render	999	43708
result	flat	slob	lzma2	exact.p50_ns	459667
result	flat	slob	lzma2	exact.p95_ns	1820791
result	flat	slob	lzma2	exact.p99_ns	2594833
result	flat	slob	lzma2	prefix.p50_ns	34757333
result	flat	slob	lzma2	prefix.p95_ns	65188291
result	flat	slob	lzma2	prefix.p99_ns	81270708
result	flat	slob	lzma2	render.p50_ns	43750
result	flat	slob	lzma2	render.p95_ns	157834
result	flat	slob	lzma2	render.p99_ns	620500
result	flat	slob	lzma2	exact.hit.p50_ns	468667
result	flat	slob	lzma2	exact.hit.p95_ns	1851416
result	flat	slob	lzma2	exact.hit.p99_ns	2594833
result	flat	slob	lzma2	exact.miss.p50_ns	406958
result	flat	slob	lzma2	exact.miss.p95_ns	1585750
result	flat	slob	lzma2	exact.miss.p99_ns	2461083
result	flat	slob	lzma2	prefix.zero.p50_ns	987292
result	flat	slob	lzma2	prefix.zero.p95_ns	2727084
result	flat	slob	lzma2	prefix.zero.p99_ns	4283375
result	flat	slob	lzma2	prefix.one.p50_ns	1141708
result	flat	slob	lzma2	prefix.one.p95_ns	3038500
result	flat	slob	lzma2	prefix.one.p99_ns	3761375
result	flat	slob	lzma2	prefix.many.p50_ns	52116958
result	flat	slob	lzma2	prefix.many.p95_ns	71995209
result	flat	slob	lzma2	prefix.many.p99_ns	89768458
result	flat	slob	lzma2	prefix.pathological.p50_ns	-
result	flat	slob	lzma2	prefix.pathological.p95_ns	-
result	flat	slob	lzma2	prefix.pathological.p99_ns	-
