meta	repeated	records	2048
meta	repeated	semantic_digest	3649450152805327167
result	repeated	sqlite	raw	artifact_bytes	569344
result	repeated	sqlite	raw	build_ns	7907125
sample	repeated	sqlite	raw	open	0	164875
sample	repeated	sqlite	raw	open	1	64459
sample	repeated	sqlite	raw	open	2	52958
sample	repeated	sqlite	raw	open	3	50875
sample	repeated	sqlite	raw	open	4	49000
sample	repeated	sqlite	raw	open	5	47292
sample	repeated	sqlite	raw	open	6	48708
sample	repeated	sqlite	raw	open	7	48750
sample	repeated	sqlite	raw	open	8	47084
sample	repeated	sqlite	raw	open	9	50542
sample	repeated	sqlite	raw	open	10	50375
sample	repeated	sqlite	raw	open	11	48084
sample	repeated	sqlite	raw	open	12	49458
sample	repeated	sqlite	raw	open	13	45667
sample	repeated	sqlite	raw	open	14	45458
sample	repeated	sqlite	raw	open	15	45208
sample	repeated	sqlite	raw	open	16	46042
sample	repeated	sqlite	raw	open	17	46542
sample	repeated	sqlite	raw	open	18	45167
sample	repeated	sqlite	raw	open	19	48292
sample	repeated	sqlite	raw	open	20	47166
sample	repeated	sqlite	raw	open	21	46209
sample	repeated	sqlite	raw	open	22	45541
sample	repeated	sqlite	raw	open	23	46291
sample	repeated	sqlite	raw	open	24	45875
result	repeated	sqlite	raw	open_ns	47292
result	repeated	sqlite	raw	semantic_digest	3649450152805327167
result	repeated	sqlite	raw	query_checksum	593400448976652816
result	repeated	sqlite	raw	outputs	513250
result	repeated	sqlite	raw	logical_prose_bytes	428032
sample	repeated	sqlite	raw	exact	0	7375
sample	repeated	sqlite	raw	exact	1	15417
sample	repeated	sqlite	raw	exact	2	6458
sample	repeated	sqlite	raw	exact	3	5667
sample	repeated	sqlite	raw	exact	4	6916
sample	repeated	sqlite	raw	exact	5	5542
sample	repeated	sqlite	raw	exact	6	5917
sample	repeated	sqlite	raw	exact	7	5792
sample	repeated	sqlite	raw	exact	8	6125
sample	repeated	sqlite	raw	exact	9	5708
sample	repeated	sqlite	raw	exact	10	6291
sample	repeated	sqlite	raw	exact	11	5334
sample	repeated	sqlite	raw	exact	12	6000
sample	repeated	sqlite	raw	exact	13	5500
sample	repeated	sqlite	raw	exact	14	6084
sample	repeated	sqlite	raw	exact	15	10333
sample	repeated	sqlite	raw	exact	16	10667
sample	repeated	sqlite	raw	exact	17	5917
sample	repeated	sqlite	raw	exact	18	5959
sample	repeated	sqlite	raw	exact	19	5708
sample	repeated	sqlite	raw	exact	20	6667
sample	repeated	sqlite	raw	exact	21	5709
sample	repeated	sqlite	raw	exact	22	5875
sample	repeated	sqlite	raw	exact	23	6458
sample	repeated	sqlite	raw	exact	24	6667
sample	repeated	sqlite	raw	exact	25	7208
sample	repeated	sqlite	raw	exact	26	6167
sample	repeated	sqlite	raw	exact	27	5500
sample	repeated	sqlite	raw	exact	28	6250
sample	repeated	sqlite	raw	exact	29	8750
sample	repeated	sqlite	raw	exact	30	11250
sample	repeated	sqlite	raw	exact	31	10083
sample	repeated	sqlite	raw	exact	32	6208
sample	repeated	sqlite	raw	exact	33	5833
sample	repeated	sqlite	raw	exact	34	5917
sample	repeated	sqlite	raw	exact	35	5958
sample	repeated	sqlite	raw	exact	36	6125
sample	repeated	sqlite	raw	exact	37	10875
sample	repeated	sqlite	raw	exact	38	10125
sample	repeated	sqlite	raw	exact	39	6833
sample	repeated	sqlite	raw	exact	40	7125
sample	repeated	sqlite	raw	exact	41	13166
sample	repeated	sqlite	raw	exact	42	5792
sample	repeated	sqlite	raw	exact	43	9459
sample	repeated	sqlite	raw	exact	44	6375
sample	repeated	sqlite	raw	exact	45	5417
sample	repeated	sqlite	raw	exact	46	6166
sample	repeated	sqlite	raw	exact	47	5792
sample	repeated	sqlite	raw	exact	48	6167
sample	repeated	sqlite	raw	exact	49	5250
sample	repeated	sqlite	raw	exact	50	5542
sample	repeated	sqlite	raw	exact	51	5667
sample	repeated	sqlite	raw	exact	52	6125
sample	repeated	sqlite	raw	exact	53	5292
sample	repeated	sqlite	raw	exact	54	5791
sample	repeated	sqlite	raw	exact	55	5667
sample	repeated	sqlite	raw	exact	56	6250
sample	repeated	sqlite	raw	exact	57	5333
sample	repeated	sqlite	raw	exact	58	6042
sample	repeated	sqlite	raw	exact	59	5417
sample	repeated	sqlite	raw	exact	60	6000
sample	repeated	sqlite	raw	exact	61	5500
sample	repeated	sqlite	raw	exact	62	6250
sample	repeated	sqlite	raw	exact	63	6000
sample	repeated	sqlite	raw	exact	64	6875
sample	repeated	sqlite	raw	exact	65	5625
sample	repeated	sqlite	raw	exact	66	6042
sample	repeated	sqlite	raw	exact	67	5875
sample	repeated	sqlite	raw	exact	68	6292
sample	repeated	sqlite	raw	exact	69	5792
sample	repeated	sqlite	raw	exact	70	6208
sample	repeated	sqlite	raw	exact	71	6333
sample	repeated	sqlite	raw	exact	72	6333
sample	repeated	sqlite	raw	exact	73	5542
sample	repeated	sqlite	raw	exact	74	5625
sample	repeated	sqlite	raw	exact	75	5333
sample	repeated	sqlite	raw	exact	76	6042
sample	repeated	sqlite	raw	exact	77	5334
sample	repeated	sqlite	raw	exact	78	5833
sample	repeated	sqlite	raw	exact	79	11292
sample	repeated	sqlite	raw	exact	80	7250
sample	repeated	sqlite	raw	exact	81	5875
sample	repeated	sqlite	raw	exact	82	6250
sample	repeated	sqlite	raw	exact	83	5667
sample	repeated	sqlite	raw	exact	84	6375
sample	repeated	sqlite	raw	exact	85	5333
sample	repeated	sqlite	raw	exact	86	5750
sample	repeated	sqlite	raw	exact	87	5792
sample	repeated	sqlite	raw	exact	88	5959
sample	repeated	sqlite	raw	exact	89	5333
sample	repeated	sqlite	raw	exact	90	5584
sample	repeated	sqlite	raw	exact	91	5333
sample	repeated	sqlite	raw	exact	92	5834
sample	repeated	sqlite	raw	exact	93	5541
sample	repeated	sqlite	raw	exact	94	6250
sample	repeated	sqlite	raw	exact	95	5833
sample	repeated	sqlite	raw	exact	96	5875
sample	repeated	sqlite	raw	exact	97	5375
sample	repeated	sqlite	raw	exact	98	5792
sample	repeated	sqlite	raw	exact	99	5250
sample	repeated	sqlite	raw	exact	100	5625
sample	repeated	sqlite	raw	exact	101	5250
sample	repeated	sqlite	raw	exact	102	5667
sample	repeated	sqlite	raw	exact	103	5917
sample	repeated	sqlite	raw	exact	104	6000
sample	repeated	sqlite	raw	exact	105	5250
sample	repeated	sqlite	raw	exact	106	5583
sample	repeated	sqlite	raw	exact	107	5500
sample	repeated	sqlite	raw	exact	108	5667
sample	repeated	sqlite	raw	exact	109	5125
sample	repeated	sqlite	raw	exact	110	5500
sample	repeated	sqlite	raw	exact	111	5750
sample	repeated	sqlite	raw	exact	112	6250
sample	repeated	sqlite	raw	exact	113	8791
sample	repeated	sqlite	raw	exact	114	5667
sample	repeated	sqlite	raw	exact	115	6000
sample	repeated	sqlite	raw	exact	116	6333
sample	repeated	sqlite	raw	exact	117	5709
sample	repeated	sqlite	raw	exact	118	5834
sample	repeated	sqlite	raw	exact	119	5833
sample	repeated	sqlite	raw	exact	120	5958
sample	repeated	sqlite	raw	exact	121	5334
sample	repeated	sqlite	raw	exact	122	5583
sample	repeated	sqlite	raw	exact	123	5334
sample	repeated	sqlite	raw	exact	124	5791
sample	repeated	sqlite	raw	exact	125	5375
sample	repeated	sqlite	raw	exact	126	5708
sample	repeated	sqlite	raw	exact	127	5792
sample	repeated	sqlite	raw	exact	128	6292
sample	repeated	sqlite	raw	exact	129	5459
sample	repeated	sqlite	raw	exact	130	5542
sample	repeated	sqlite	raw	exact	131	5292
sample	repeated	sqlite	raw	exact	132	5750
sample	repeated	sqlite	raw	exact	133	5125
sample	repeated	sqlite	raw	exact	134	5542
sample	repeated	sqlite	raw	exact	135	5750
sample	repeated	sqlite	raw	exact	136	5750
sample	repeated	sqlite	raw	exact	137	5333
sample	repeated	sqlite	raw	exact	138	5459
sample	repeated	sqlite	raw	exact	139	5208
sample	repeated	sqlite	raw	exact	140	5709
sample	repeated	sqlite	raw	exact	141	5416
sample	repeated	sqlite	raw	exact	142	5666
sample	repeated	sqlite	raw	exact	143	5792
sample	repeated	sqlite	raw	exact	144	5917
sample	repeated	sqlite	raw	exact	145	5333
sample	repeated	sqlite	raw	exact	146	5417
sample	repeated	sqlite	raw	exact	147	5208
sample	repeated	sqlite	raw	exact	148	5833
sample	repeated	sqlite	raw	exact	149	5250
sample	repeated	sqlite	raw	exact	150	5417
sample	repeated	sqlite	raw	exact	151	5792
sample	repeated	sqlite	raw	exact	152	6000
sample	repeated	sqlite	raw	exact	153	5417
sample	repeated	sqlite	raw	exact	154	5792
sample	repeated	sqlite	raw	exact	155	5291
sample	repeated	sqlite	raw	exact	156	5708
sample	repeated	sqlite	raw	exact	157	5167
sample	repeated	sqlite	raw	exact	158	5542
sample	repeated	sqlite	raw	exact	159	5875
sample	repeated	sqlite	raw	exact	160	5916
sample	repeated	sqlite	raw	exact	161	5417
sample	repeated	sqlite	raw	exact	162	6084
sample	repeated	sqlite	raw	exact	163	5583
sample	repeated	sqlite	raw	exact	164	6125
sample	repeated	sqlite	raw	exact	165	5291
sample	repeated	sqlite	raw	exact	166	5333
sample	repeated	sqlite	raw	exact	167	5709
sample	repeated	sqlite	raw	exact	168	5834
sample	repeated	sqlite	raw	exact	169	5292
sample	repeated	sqlite	raw	exact	170	5375
sample	repeated	sqlite	raw	exact	171	5208
sample	repeated	sqlite	raw	exact	172	5833
sample	repeated	sqlite	raw	exact	173	5416
sample	repeated	sqlite	raw	exact	174	5833
sample	repeated	sqlite	raw	exact	175	6000
sample	repeated	sqlite	raw	exact	176	6375
sample	repeated	sqlite	raw	exact	177	5917
sample	repeated	sqlite	raw	exact	178	6250
sample	repeated	sqlite	raw	exact	179	5208
sample	repeated	sqlite	raw	exact	180	6125
sample	repeated	sqlite	raw	exact	181	16583
sample	repeated	sqlite	raw	exact	182	5958
sample	repeated	sqlite	raw	exact	183	5709
sample	repeated	sqlite	raw	exact	184	5792
sample	repeated	sqlite	raw	exact	185	5334
sample	repeated	sqlite	raw	exact	186	5500
sample	repeated	sqlite	raw	exact	187	5208
sample	repeated	sqlite	raw	exact	188	5916
sample	repeated	sqlite	raw	exact	189	5792
sample	repeated	sqlite	raw	exact	190	5500
sample	repeated	sqlite	raw	exact	191	5708
sample	repeated	sqlite	raw	exact	192	5833
sample	repeated	sqlite	raw	exact	193	11916
sample	repeated	sqlite	raw	exact	194	5792
sample	repeated	sqlite	raw	exact	195	5292
sample	repeated	sqlite	raw	exact	196	11417
sample	repeated	sqlite	raw	exact	197	5583
sample	repeated	sqlite	raw	exact	198	5625
sample	repeated	sqlite	raw	exact	199	5625
sample	repeated	sqlite	raw	exact	200	5833
sample	repeated	sqlite	raw	exact	201	5250
sample	repeated	sqlite	raw	exact	202	92417
sample	repeated	sqlite	raw	exact	203	15167
sample	repeated	sqlite	raw	exact	204	7583
sample	repeated	sqlite	raw	exact	205	7083
sample	repeated	sqlite	raw	exact	206	6958
sample	repeated	sqlite	raw	exact	207	6458
sample	repeated	sqlite	raw	exact	208	6625
sample	repeated	sqlite	raw	exact	209	6208
sample	repeated	sqlite	raw	exact	210	10917
sample	repeated	sqlite	raw	exact	211	12750
sample	repeated	sqlite	raw	exact	212	15625
sample	repeated	sqlite	raw	exact	213	10750
sample	repeated	sqlite	raw	exact	214	5959
sample	repeated	sqlite	raw	exact	215	5916
sample	repeated	sqlite	raw	exact	216	6125
sample	repeated	sqlite	raw	exact	217	5500
sample	repeated	sqlite	raw	exact	218	6250
sample	repeated	sqlite	raw	exact	219	5458
sample	repeated	sqlite	raw	exact	220	6000
sample	repeated	sqlite	raw	exact	221	6375
sample	repeated	sqlite	raw	exact	222	5917
sample	repeated	sqlite	raw	exact	223	5958
sample	repeated	sqlite	raw	exact	224	6083
sample	repeated	sqlite	raw	exact	225	5584
sample	repeated	sqlite	raw	exact	226	5791
sample	repeated	sqlite	raw	exact	227	5500
sample	repeated	sqlite	raw	exact	228	6250
sample	repeated	sqlite	raw	exact	229	5417
sample	repeated	sqlite	raw	exact	230	5792
sample	repeated	sqlite	raw	exact	231	5833
sample	repeated	sqlite	raw	exact	232	5875
sample	repeated	sqlite	raw	exact	233	5250
sample	repeated	sqlite	raw	exact	234	5625
sample	repeated	sqlite	raw	exact	235	5292
sample	repeated	sqlite	raw	exact	236	70584
sample	repeated	sqlite	raw	exact	237	17292
sample	repeated	sqlite	raw	exact	238	15000
sample	repeated	sqlite	raw	exact	239	15583
sample	repeated	sqlite	raw	exact	240	13708
sample	repeated	sqlite	raw	exact	241	16125
sample	repeated	sqlite	raw	exact	242	18958
sample	repeated	sqlite	raw	exact	243	87125
sample	repeated	sqlite	raw	exact	244	35167
sample	repeated	sqlite	raw	exact	245	24000
sample	repeated	sqlite	raw	exact	246	21500
sample	repeated	sqlite	raw	exact	247	47541
sample	repeated	sqlite	raw	exact	248	26333
sample	repeated	sqlite	raw	exact	249	31292
sample	repeated	sqlite	raw	exact	250	19292
sample	repeated	sqlite	raw	exact	251	11708
sample	repeated	sqlite	raw	exact	252	7042
sample	repeated	sqlite	raw	exact	253	5709
sample	repeated	sqlite	raw	exact	254	6209
sample	repeated	sqlite	raw	exact	255	5916
sample	repeated	sqlite	raw	exact	256	6625
sample	repeated	sqlite	raw	exact	257	5792
sample	repeated	sqlite	raw	exact	258	5833
sample	repeated	sqlite	raw	exact	259	5500
sample	repeated	sqlite	raw	exact	260	6375
sample	repeated	sqlite	raw	exact	261	6042
sample	repeated	sqlite	raw	exact	262	5834
sample	repeated	sqlite	raw	exact	263	6125
sample	repeated	sqlite	raw	exact	264	6125
sample	repeated	sqlite	raw	exact	265	5875
sample	repeated	sqlite	raw	exact	266	6083
sample	repeated	sqlite	raw	exact	267	5584
sample	repeated	sqlite	raw	exact	268	6417
sample	repeated	sqlite	raw	exact	269	5375
sample	repeated	sqlite	raw	exact	270	5958
sample	repeated	sqlite	raw	exact	271	5875
sample	repeated	sqlite	raw	exact	272	6083
sample	repeated	sqlite	raw	exact	273	5334
sample	repeated	sqlite	raw	exact	274	5666
sample	repeated	sqlite	raw	exact	275	5291
sample	repeated	sqlite	raw	exact	276	5833
sample	repeated	sqlite	raw	exact	277	5292
sample	repeated	sqlite	raw	exact	278	5958
sample	repeated	sqlite	raw	exact	279	5875
sample	repeated	sqlite	raw	exact	280	6125
sample	repeated	sqlite	raw	exact	281	5291
sample	repeated	sqlite	raw	exact	282	5542
sample	repeated	sqlite	raw	exact	283	5292
sample	repeated	sqlite	raw	exact	284	6000
sample	repeated	sqlite	raw	exact	285	5541
sample	repeated	sqlite	raw	exact	286	5959
sample	repeated	sqlite	raw	exact	287	5791
sample	repeated	sqlite	raw	exact	288	5875
sample	repeated	sqlite	raw	exact	289	5125
sample	repeated	sqlite	raw	exact	290	5625
sample	repeated	sqlite	raw	exact	291	5416
sample	repeated	sqlite	raw	exact	292	6166
sample	repeated	sqlite	raw	exact	293	5250
sample	repeated	sqlite	raw	exact	294	5708
sample	repeated	sqlite	raw	exact	295	5792
sample	repeated	sqlite	raw	exact	296	6334
sample	repeated	sqlite	raw	exact	297	7584
sample	repeated	sqlite	raw	exact	298	5917
sample	repeated	sqlite	raw	exact	299	9416
sample	repeated	sqlite	raw	exact	300	6042
sample	repeated	sqlite	raw	exact	301	5500
sample	repeated	sqlite	raw	exact	302	6250
sample	repeated	sqlite	raw	exact	303	5750
sample	repeated	sqlite	raw	exact	304	6250
sample	repeated	sqlite	raw	exact	305	5459
sample	repeated	sqlite	raw	exact	306	10500
sample	repeated	sqlite	raw	exact	307	11750
sample	repeated	sqlite	raw	exact	308	6166
sample	repeated	sqlite	raw	exact	309	5792
sample	repeated	sqlite	raw	exact	310	5875
sample	repeated	sqlite	raw	exact	311	5750
sample	repeated	sqlite	raw	exact	312	6084
sample	repeated	sqlite	raw	exact	313	5541
sample	repeated	sqlite	raw	exact	314	9666
sample	repeated	sqlite	raw	exact	315	5375
sample	repeated	sqlite	raw	exact	316	6167
sample	repeated	sqlite	raw	exact	317	8750
sample	repeated	sqlite	raw	exact	318	5875
sample	repeated	sqlite	raw	exact	319	5833
sample	repeated	sqlite	raw	exact	320	5792
sample	repeated	sqlite	raw	exact	321	8042
sample	repeated	sqlite	raw	exact	322	8667
sample	repeated	sqlite	raw	exact	323	7458
sample	repeated	sqlite	raw	exact	324	5917
sample	repeated	sqlite	raw	exact	325	5500
sample	repeated	sqlite	raw	exact	326	5791
sample	repeated	sqlite	raw	exact	327	6000
sample	repeated	sqlite	raw	exact	328	6167
sample	repeated	sqlite	raw	exact	329	7833
sample	repeated	sqlite	raw	exact	330	10333
sample	repeated	sqlite	raw	exact	331	5458
sample	repeated	sqlite	raw	exact	332	5750
sample	repeated	sqlite	raw	exact	333	5375
sample	repeated	sqlite	raw	exact	334	5500
sample	repeated	sqlite	raw	exact	335	5708
sample	repeated	sqlite	raw	exact	336	5833
sample	repeated	sqlite	raw	exact	337	5625
sample	repeated	sqlite	raw	exact	338	13417
sample	repeated	sqlite	raw	exact	339	5667
sample	repeated	sqlite	raw	exact	340	6209
sample	repeated	sqlite	raw	exact	341	5459
sample	repeated	sqlite	raw	exact	342	10416
sample	repeated	sqlite	raw	exact	343	5875
sample	repeated	sqlite	raw	exact	344	6166
sample	repeated	sqlite	raw	exact	345	5375
sample	repeated	sqlite	raw	exact	346	70500
sample	repeated	sqlite	raw	exact	347	14291
sample	repeated	sqlite	raw	exact	348	8000
sample	repeated	sqlite	raw	exact	349	6458
sample	repeated	sqlite	raw	exact	350	6209
sample	repeated	sqlite	raw	exact	351	10375
sample	repeated	sqlite	raw	exact	352	7833
sample	repeated	sqlite	raw	exact	353	6125
sample	repeated	sqlite	raw	exact	354	6541
sample	repeated	sqlite	raw	exact	355	5958
sample	repeated	sqlite	raw	exact	356	6750
sample	repeated	sqlite	raw	exact	357	5875
sample	repeated	sqlite	raw	exact	358	6292
sample	repeated	sqlite	raw	exact	359	6500
sample	repeated	sqlite	raw	exact	360	6334
sample	repeated	sqlite	raw	exact	361	5542
sample	repeated	sqlite	raw	exact	362	6625
sample	repeated	sqlite	raw	exact	363	5584
sample	repeated	sqlite	raw	exact	364	6209
sample	repeated	sqlite	raw	exact	365	5541
sample	repeated	sqlite	raw	exact	366	6417
sample	repeated	sqlite	raw	exact	367	5708
sample	repeated	sqlite	raw	exact	368	6042
sample	repeated	sqlite	raw	exact	369	5417
sample	repeated	sqlite	raw	exact	370	5708
sample	repeated	sqlite	raw	exact	371	5333
sample	repeated	sqlite	raw	exact	372	6000
sample	repeated	sqlite	raw	exact	373	5292
sample	repeated	sqlite	raw	exact	374	5583
sample	repeated	sqlite	raw	exact	375	5667
sample	repeated	sqlite	raw	exact	376	5834
sample	repeated	sqlite	raw	exact	377	5209
sample	repeated	sqlite	raw	exact	378	6292
sample	repeated	sqlite	raw	exact	379	5292
sample	repeated	sqlite	raw	exact	380	5792
sample	repeated	sqlite	raw	exact	381	5209
sample	repeated	sqlite	raw	exact	382	5709
sample	repeated	sqlite	raw	exact	383	5708
sample	repeated	sqlite	raw	exact	384	5834
sample	repeated	sqlite	raw	exact	385	5250
sample	repeated	sqlite	raw	exact	386	5583
sample	repeated	sqlite	raw	exact	387	5292
sample	repeated	sqlite	raw	exact	388	6083
sample	repeated	sqlite	raw	exact	389	5250
sample	repeated	sqlite	raw	exact	390	6208
sample	repeated	sqlite	raw	exact	391	5916
sample	repeated	sqlite	raw	exact	392	6083
sample	repeated	sqlite	raw	exact	393	5291
sample	repeated	sqlite	raw	exact	394	5708
sample	repeated	sqlite	raw	exact	395	5292
sample	repeated	sqlite	raw	exact	396	5791
sample	repeated	sqlite	raw	exact	397	5250
sample	repeated	sqlite	raw	exact	398	5750
sample	repeated	sqlite	raw	exact	399	5667
sample	repeated	sqlite	raw	exact	400	6000
sample	repeated	sqlite	raw	exact	401	5375
sample	repeated	sqlite	raw	exact	402	5542
sample	repeated	sqlite	raw	exact	403	5291
sample	repeated	sqlite	raw	exact	404	5959
sample	repeated	sqlite	raw	exact	405	5250
sample	repeated	sqlite	raw	exact	406	6000
sample	repeated	sqlite	raw	exact	407	5792
sample	repeated	sqlite	raw	exact	408	5958
sample	repeated	sqlite	raw	exact	409	5291
sample	repeated	sqlite	raw	exact	410	5666
sample	repeated	sqlite	raw	exact	411	5291
sample	repeated	sqlite	raw	exact	412	5916
sample	repeated	sqlite	raw	exact	413	5459
sample	repeated	sqlite	raw	exact	414	5666
sample	repeated	sqlite	raw	exact	415	5750
sample	repeated	sqlite	raw	exact	416	6000
sample	repeated	sqlite	raw	exact	417	5333
sample	repeated	sqlite	raw	exact	418	5875
sample	repeated	sqlite	raw	exact	419	5333
sample	repeated	sqlite	raw	exact	420	5792
sample	repeated	sqlite	raw	exact	421	58875
sample	repeated	sqlite	raw	exact	422	9958
sample	repeated	sqlite	raw	exact	423	5958
sample	repeated	sqlite	raw	exact	424	6041
sample	repeated	sqlite	raw	exact	425	5250
sample	repeated	sqlite	raw	exact	426	5750
sample	repeated	sqlite	raw	exact	427	5250
sample	repeated	sqlite	raw	exact	428	5958
sample	repeated	sqlite	raw	exact	429	5208
sample	repeated	sqlite	raw	exact	430	5666
sample	repeated	sqlite	raw	exact	431	5708
sample	repeated	sqlite	raw	exact	432	5958
sample	repeated	sqlite	raw	exact	433	5334
sample	repeated	sqlite	raw	exact	434	5667
sample	repeated	sqlite	raw	exact	435	5458
sample	repeated	sqlite	raw	exact	436	5917
sample	repeated	sqlite	raw	exact	437	5375
sample	repeated	sqlite	raw	exact	438	5583
sample	repeated	sqlite	raw	exact	439	5792
sample	repeated	sqlite	raw	exact	440	5958
sample	repeated	sqlite	raw	exact	441	5459
sample	repeated	sqlite	raw	exact	442	6417
sample	repeated	sqlite	raw	exact	443	5375
sample	repeated	sqlite	raw	exact	444	6000
sample	repeated	sqlite	raw	exact	445	5250
sample	repeated	sqlite	raw	exact	446	5584
sample	repeated	sqlite	raw	exact	447	5667
sample	repeated	sqlite	raw	exact	448	63125
sample	repeated	sqlite	raw	exact	449	28250
sample	repeated	sqlite	raw	exact	450	50833
sample	repeated	sqlite	raw	exact	451	13250
sample	repeated	sqlite	raw	exact	452	7292
sample	repeated	sqlite	raw	exact	453	6209
sample	repeated	sqlite	raw	exact	454	6667
sample	repeated	sqlite	raw	exact	455	5958
sample	repeated	sqlite	raw	exact	456	6083
sample	repeated	sqlite	raw	exact	457	5333
sample	repeated	sqlite	raw	exact	458	10417
sample	repeated	sqlite	raw	exact	459	9000
sample	repeated	sqlite	raw	exact	460	6041
sample	repeated	sqlite	raw	exact	461	5209
sample	repeated	sqlite	raw	exact	462	5791
sample	repeated	sqlite	raw	exact	463	5750
sample	repeated	sqlite	raw	exact	464	6042
sample	repeated	sqlite	raw	exact	465	5500
sample	repeated	sqlite	raw	exact	466	14250
sample	repeated	sqlite	raw	exact	467	8125
sample	repeated	sqlite	raw	exact	468	6125
sample	repeated	sqlite	raw	exact	469	5416
sample	repeated	sqlite	raw	exact	470	9500
sample	repeated	sqlite	raw	exact	471	5958
sample	repeated	sqlite	raw	exact	472	6166
sample	repeated	sqlite	raw	exact	473	5334
sample	repeated	sqlite	raw	exact	474	5584
sample	repeated	sqlite	raw	exact	475	5208
sample	repeated	sqlite	raw	exact	476	6000
sample	repeated	sqlite	raw	exact	477	5291
sample	repeated	sqlite	raw	exact	478	5666
sample	repeated	sqlite	raw	exact	479	5625
sample	repeated	sqlite	raw	exact	480	5792
sample	repeated	sqlite	raw	exact	481	5375
sample	repeated	sqlite	raw	exact	482	5791
sample	repeated	sqlite	raw	exact	483	5209
sample	repeated	sqlite	raw	exact	484	6000
sample	repeated	sqlite	raw	exact	485	9208
sample	repeated	sqlite	raw	exact	486	10042
sample	repeated	sqlite	raw	exact	487	5667
sample	repeated	sqlite	raw	exact	488	6042
sample	repeated	sqlite	raw	exact	489	5208
sample	repeated	sqlite	raw	exact	490	5625
sample	repeated	sqlite	raw	exact	491	5375
sample	repeated	sqlite	raw	exact	492	5667
sample	repeated	sqlite	raw	exact	493	5292
sample	repeated	sqlite	raw	exact	494	5625
sample	repeated	sqlite	raw	exact	495	5667
sample	repeated	sqlite	raw	exact	496	5792
sample	repeated	sqlite	raw	exact	497	5166
sample	repeated	sqlite	raw	exact	498	5500
sample	repeated	sqlite	raw	exact	499	5291
sample	repeated	sqlite	raw	exact	500	6000
sample	repeated	sqlite	raw	exact	501	5167
sample	repeated	sqlite	raw	exact	502	5625
sample	repeated	sqlite	raw	exact	503	5750
sample	repeated	sqlite	raw	exact	504	5875
sample	repeated	sqlite	raw	exact	505	5250
sample	repeated	sqlite	raw	exact	506	5542
sample	repeated	sqlite	raw	exact	507	6250
sample	repeated	sqlite	raw	exact	508	5875
sample	repeated	sqlite	raw	exact	509	5167
sample	repeated	sqlite	raw	exact	510	5625
sample	repeated	sqlite	raw	exact	511	5792
sample	repeated	sqlite	raw	exact	512	6333
sample	repeated	sqlite	raw	exact	513	5209
sample	repeated	sqlite	raw	exact	514	5583
sample	repeated	sqlite	raw	exact	515	8417
sample	repeated	sqlite	raw	exact	516	5792
sample	repeated	sqlite	raw	exact	517	6500
sample	repeated	sqlite	raw	exact	518	6291
sample	repeated	sqlite	raw	exact	519	6000
sample	repeated	sqlite	raw	exact	520	5875
sample	repeated	sqlite	raw	exact	521	5417
sample	repeated	sqlite	raw	exact	522	5750
sample	repeated	sqlite	raw	exact	523	5250
sample	repeated	sqlite	raw	exact	524	5667
sample	repeated	sqlite	raw	exact	525	5167
sample	repeated	sqlite	raw	exact	526	5625
sample	repeated	sqlite	raw	exact	527	5708
sample	repeated	sqlite	raw	exact	528	5916
sample	repeated	sqlite	raw	exact	529	5292
sample	repeated	sqlite	raw	exact	530	5417
sample	repeated	sqlite	raw	exact	531	5583
sample	repeated	sqlite	raw	exact	532	5750
sample	repeated	sqlite	raw	exact	533	5209
sample	repeated	sqlite	raw	exact	534	5459
sample	repeated	sqlite	raw	exact	535	5667
sample	repeated	sqlite	raw	exact	536	6000
sample	repeated	sqlite	raw	exact	537	5333
sample	repeated	sqlite	raw	exact	538	5541
sample	repeated	sqlite	raw	exact	539	5417
sample	repeated	sqlite	raw	exact	540	5709
sample	repeated	sqlite	raw	exact	541	5250
sample	repeated	sqlite	raw	exact	542	5584
sample	repeated	sqlite	raw	exact	543	5583
sample	repeated	sqlite	raw	exact	544	5875
sample	repeated	sqlite	raw	exact	545	5250
sample	repeated	sqlite	raw	exact	546	5459
sample	repeated	sqlite	raw	exact	547	5375
sample	repeated	sqlite	raw	exact	548	9334
sample	repeated	sqlite	raw	exact	549	5375
sample	repeated	sqlite	raw	exact	550	5541
sample	repeated	sqlite	raw	exact	551	5750
sample	repeated	sqlite	raw	exact	552	5917
sample	repeated	sqlite	raw	exact	553	5167
sample	repeated	sqlite	raw	exact	554	6459
sample	repeated	sqlite	raw	exact	555	5750
sample	repeated	sqlite	raw	exact	556	5708
sample	repeated	sqlite	raw	exact	557	5208
sample	repeated	sqlite	raw	exact	558	5583
sample	repeated	sqlite	raw	exact	559	5833
sample	repeated	sqlite	raw	exact	560	6000
sample	repeated	sqlite	raw	exact	561	5208
sample	repeated	sqlite	raw	exact	562	5458
sample	repeated	sqlite	raw	exact	563	5334
sample	repeated	sqlite	raw	exact	564	6042
sample	repeated	sqlite	raw	exact	565	5167
sample	repeated	sqlite	raw	exact	566	5417
sample	repeated	sqlite	raw	exact	567	6125
sample	repeated	sqlite	raw	exact	568	6000
sample	repeated	sqlite	raw	exact	569	5250
sample	repeated	sqlite	raw	exact	570	5583
sample	repeated	sqlite	raw	exact	571	5333
sample	repeated	sqlite	raw	exact	572	6083
sample	repeated	sqlite	raw	exact	573	5917
sample	repeated	sqlite	raw	exact	574	6542
sample	repeated	sqlite	raw	exact	575	6333
sample	repeated	sqlite	raw	exact	576	6167
sample	repeated	sqlite	raw	exact	577	5167
sample	repeated	sqlite	raw	exact	578	5458
sample	repeated	sqlite	raw	exact	579	6167
sample	repeated	sqlite	raw	exact	580	5750
sample	repeated	sqlite	raw	exact	581	5167
sample	repeated	sqlite	raw	exact	582	5833
sample	repeated	sqlite	raw	exact	583	5666
sample	repeated	sqlite	raw	exact	584	6250
sample	repeated	sqlite	raw	exact	585	5667
sample	repeated	sqlite	raw	exact	586	6125
sample	repeated	sqlite	raw	exact	587	5458
sample	repeated	sqlite	raw	exact	588	5625
sample	repeated	sqlite	raw	exact	589	5167
sample	repeated	sqlite	raw	exact	590	5458
sample	repeated	sqlite	raw	exact	591	6750
sample	repeated	sqlite	raw	exact	592	5917
sample	repeated	sqlite	raw	exact	593	5209
sample	repeated	sqlite	raw	exact	594	5333
sample	repeated	sqlite	raw	exact	595	5167
sample	repeated	sqlite	raw	exact	596	5833
sample	repeated	sqlite	raw	exact	597	5416
sample	repeated	sqlite	raw	exact	598	5500
sample	repeated	sqlite	raw	exact	599	5708
sample	repeated	sqlite	raw	exact	600	5750
sample	repeated	sqlite	raw	exact	601	5167
sample	repeated	sqlite	raw	exact	602	5541
sample	repeated	sqlite	raw	exact	603	5208
sample	repeated	sqlite	raw	exact	604	5917
sample	repeated	sqlite	raw	exact	605	5833
sample	repeated	sqlite	raw	exact	606	6083
sample	repeated	sqlite	raw	exact	607	6125
sample	repeated	sqlite	raw	exact	608	5917
sample	repeated	sqlite	raw	exact	609	5458
sample	repeated	sqlite	raw	exact	610	5500
sample	repeated	sqlite	raw	exact	611	5250
sample	repeated	sqlite	raw	exact	612	5708
sample	repeated	sqlite	raw	exact	613	5125
sample	repeated	sqlite	raw	exact	614	76167
sample	repeated	sqlite	raw	exact	615	14542
sample	repeated	sqlite	raw	exact	616	7125
sample	repeated	sqlite	raw	exact	617	5542
sample	repeated	sqlite	raw	exact	618	6125
sample	repeated	sqlite	raw	exact	619	6250
sample	repeated	sqlite	raw	exact	620	6125
sample	repeated	sqlite	raw	exact	621	9542
sample	repeated	sqlite	raw	exact	622	6041
sample	repeated	sqlite	raw	exact	623	6584
sample	repeated	sqlite	raw	exact	624	6334
sample	repeated	sqlite	raw	exact	625	5542
sample	repeated	sqlite	raw	exact	626	14958
sample	repeated	sqlite	raw	exact	627	6458
sample	repeated	sqlite	raw	exact	628	6250
sample	repeated	sqlite	raw	exact	629	12417
sample	repeated	sqlite	raw	exact	630	6000
sample	repeated	sqlite	raw	exact	631	9417
sample	repeated	sqlite	raw	exact	632	5959
sample	repeated	sqlite	raw	exact	633	5250
sample	repeated	sqlite	raw	exact	634	5625
sample	repeated	sqlite	raw	exact	635	5250
sample	repeated	sqlite	raw	exact	636	5667
sample	repeated	sqlite	raw	exact	637	8167
sample	repeated	sqlite	raw	exact	638	5500
sample	repeated	sqlite	raw	exact	639	5750
sample	repeated	sqlite	raw	exact	640	6000
sample	repeated	sqlite	raw	exact	641	8583
sample	repeated	sqlite	raw	exact	642	8250
sample	repeated	sqlite	raw	exact	643	8333
sample	repeated	sqlite	raw	exact	644	8584
sample	repeated	sqlite	raw	exact	645	5500
sample	repeated	sqlite	raw	exact	646	5500
sample	repeated	sqlite	raw	exact	647	5750
sample	repeated	sqlite	raw	exact	648	5792
sample	repeated	sqlite	raw	exact	649	12583
sample	repeated	sqlite	raw	exact	650	9584
sample	repeated	sqlite	raw	exact	651	5125
sample	repeated	sqlite	raw	exact	652	5750
sample	repeated	sqlite	raw	exact	653	5083
sample	repeated	sqlite	raw	exact	654	9333
sample	repeated	sqlite	raw	exact	655	86458
sample	repeated	sqlite	raw	exact	656	13042
sample	repeated	sqlite	raw	exact	657	33500
sample	repeated	sqlite	raw	exact	658	8584
sample	repeated	sqlite	raw	exact	659	5459
sample	repeated	sqlite	raw	exact	660	5917
sample	repeated	sqlite	raw	exact	661	5209
sample	repeated	sqlite	raw	exact	662	5500
sample	repeated	sqlite	raw	exact	663	5833
sample	repeated	sqlite	raw	exact	664	6250
sample	repeated	sqlite	raw	exact	665	5292
sample	repeated	sqlite	raw	exact	666	6250
sample	repeated	sqlite	raw	exact	667	5875
sample	repeated	sqlite	raw	exact	668	6209
sample	repeated	sqlite	raw	exact	669	5750
sample	repeated	sqlite	raw	exact	670	5792
sample	repeated	sqlite	raw	exact	671	5917
sample	repeated	sqlite	raw	exact	672	5916
sample	repeated	sqlite	raw	exact	673	5583
sample	repeated	sqlite	raw	exact	674	5667
sample	repeated	sqlite	raw	exact	675	5250
sample	repeated	sqlite	raw	exact	676	5875
sample	repeated	sqlite	raw	exact	677	5167
sample	repeated	sqlite	raw	exact	678	5417
sample	repeated	sqlite	raw	exact	679	5667
sample	repeated	sqlite	raw	exact	680	6084
sample	repeated	sqlite	raw	exact	681	5167
sample	repeated	sqlite	raw	exact	682	5916
sample	repeated	sqlite	raw	exact	683	5208
sample	repeated	sqlite	raw	exact	684	5708
sample	repeated	sqlite	raw	exact	685	5167
sample	repeated	sqlite	raw	exact	686	5416
sample	repeated	sqlite	raw	exact	687	6208
sample	repeated	sqlite	raw	exact	688	5708
sample	repeated	sqlite	raw	exact	689	5083
sample	repeated	sqlite	raw	exact	690	5458
sample	repeated	sqlite	raw	exact	691	6917
sample	repeated	sqlite	raw	exact	692	5625
sample	repeated	sqlite	raw	exact	693	5125
sample	repeated	sqlite	raw	exact	694	5416
sample	repeated	sqlite	raw	exact	695	5667
sample	repeated	sqlite	raw	exact	696	6042
sample	repeated	sqlite	raw	exact	697	5291
sample	repeated	sqlite	raw	exact	698	5375
sample	repeated	sqlite	raw	exact	699	5166
sample	repeated	sqlite	raw	exact	700	5791
sample	repeated	sqlite	raw	exact	701	5125
sample	repeated	sqlite	raw	exact	702	5542
sample	repeated	sqlite	raw	exact	703	5584
sample	repeated	sqlite	raw	exact	704	5792
sample	repeated	sqlite	raw	exact	705	5166
sample	repeated	sqlite	raw	exact	706	5417
sample	repeated	sqlite	raw	exact	707	5250
sample	repeated	sqlite	raw	exact	708	5625
sample	repeated	sqlite	raw	exact	709	12834
sample	repeated	sqlite	raw	exact	710	10125
sample	repeated	sqlite	raw	exact	711	5625
sample	repeated	sqlite	raw	exact	712	10875
sample	repeated	sqlite	raw	exact	713	12792
sample	repeated	sqlite	raw	exact	714	9583
sample	repeated	sqlite	raw	exact	715	13417
sample	repeated	sqlite	raw	exact	716	16166
sample	repeated	sqlite	raw	exact	717	9042
sample	repeated	sqlite	raw	exact	718	13000
sample	repeated	sqlite	raw	exact	719	13125
sample	repeated	sqlite	raw	exact	720	13167
sample	repeated	sqlite	raw	exact	721	12584
sample	repeated	sqlite	raw	exact	722	9208
sample	repeated	sqlite	raw	exact	723	8917
sample	repeated	sqlite	raw	exact	724	5958
sample	repeated	sqlite	raw	exact	725	5291
sample	repeated	sqlite	raw	exact	726	5417
sample	repeated	sqlite	raw	exact	727	5958
sample	repeated	sqlite	raw	exact	728	5834
sample	repeated	sqlite	raw	exact	729	5333
sample	repeated	sqlite	raw	exact	730	5625
sample	repeated	sqlite	raw	exact	731	5375
sample	repeated	sqlite	raw	exact	732	6042
sample	repeated	sqlite	raw	exact	733	5167
sample	repeated	sqlite	raw	exact	734	5791
sample	repeated	sqlite	raw	exact	735	5709
sample	repeated	sqlite	raw	exact	736	5791
sample	repeated	sqlite	raw	exact	737	5167
sample	repeated	sqlite	raw	exact	738	5542
sample	repeated	sqlite	raw	exact	739	5500
sample	repeated	sqlite	raw	exact	740	6209
sample	repeated	sqlite	raw	exact	741	5125
sample	repeated	sqlite	raw	exact	742	5917
sample	repeated	sqlite	raw	exact	743	5833
sample	repeated	sqlite	raw	exact	744	5833
sample	repeated	sqlite	raw	exact	745	5458
sample	repeated	sqlite	raw	exact	746	5500
sample	repeated	sqlite	raw	exact	747	5208
sample	repeated	sqlite	raw	exact	748	6291
sample	repeated	sqlite	raw	exact	749	5166
sample	repeated	sqlite	raw	exact	750	5417
sample	repeated	sqlite	raw	exact	751	5791
sample	repeated	sqlite	raw	exact	752	5958
sample	repeated	sqlite	raw	exact	753	5292
sample	repeated	sqlite	raw	exact	754	5542
sample	repeated	sqlite	raw	exact	755	5458
sample	repeated	sqlite	raw	exact	756	5958
sample	repeated	sqlite	raw	exact	757	5291
sample	repeated	sqlite	raw	exact	758	5500
sample	repeated	sqlite	raw	exact	759	5542
sample	repeated	sqlite	raw	exact	760	6084
sample	repeated	sqlite	raw	exact	761	5250
sample	repeated	sqlite	raw	exact	762	5583
sample	repeated	sqlite	raw	exact	763	5208
sample	repeated	sqlite	raw	exact	764	5792
sample	repeated	sqlite	raw	exact	765	5167
sample	repeated	sqlite	raw	exact	766	5458
sample	repeated	sqlite	raw	exact	767	5667
sample	repeated	sqlite	raw	exact	768	6208
sample	repeated	sqlite	raw	exact	769	5125
sample	repeated	sqlite	raw	exact	770	5500
sample	repeated	sqlite	raw	exact	771	5167
sample	repeated	sqlite	raw	exact	772	6167
sample	repeated	sqlite	raw	exact	773	5709
sample	repeated	sqlite	raw	exact	774	5875
sample	repeated	sqlite	raw	exact	775	5834
sample	repeated	sqlite	raw	exact	776	6541
sample	repeated	sqlite	raw	exact	777	12041
sample	repeated	sqlite	raw	exact	778	5667
sample	repeated	sqlite	raw	exact	779	5250
sample	repeated	sqlite	raw	exact	780	6542
sample	repeated	sqlite	raw	exact	781	5041
sample	repeated	sqlite	raw	exact	782	5333
sample	repeated	sqlite	raw	exact	783	5584
sample	repeated	sqlite	raw	exact	784	6167
sample	repeated	sqlite	raw	exact	785	5167
sample	repeated	sqlite	raw	exact	786	5458
sample	repeated	sqlite	raw	exact	787	5250
sample	repeated	sqlite	raw	exact	788	6333
sample	repeated	sqlite	raw	exact	789	11250
sample	repeated	sqlite	raw	exact	790	9458
sample	repeated	sqlite	raw	exact	791	6208
sample	repeated	sqlite	raw	exact	792	6708
sample	repeated	sqlite	raw	exact	793	5167
sample	repeated	sqlite	raw	exact	794	5791
sample	repeated	sqlite	raw	exact	795	10958
sample	repeated	sqlite	raw	exact	796	5792
sample	repeated	sqlite	raw	exact	797	5208
sample	repeated	sqlite	raw	exact	798	5500
sample	repeated	sqlite	raw	exact	799	5750
sample	repeated	sqlite	raw	exact	800	5875
sample	repeated	sqlite	raw	exact	801	5167
sample	repeated	sqlite	raw	exact	802	5458
sample	repeated	sqlite	raw	exact	803	5083
sample	repeated	sqlite	raw	exact	804	5875
sample	repeated	sqlite	raw	exact	805	5209
sample	repeated	sqlite	raw	exact	806	5500
sample	repeated	sqlite	raw	exact	807	80833
sample	repeated	sqlite	raw	exact	808	20792
sample	repeated	sqlite	raw	exact	809	13917
sample	repeated	sqlite	raw	exact	810	6167
sample	repeated	sqlite	raw	exact	811	5833
sample	repeated	sqlite	raw	exact	812	6042
sample	repeated	sqlite	raw	exact	813	5500
sample	repeated	sqlite	raw	exact	814	5875
sample	repeated	sqlite	raw	exact	815	5833
sample	repeated	sqlite	raw	exact	816	5875
sample	repeated	sqlite	raw	exact	817	5250
sample	repeated	sqlite	raw	exact	818	5417
sample	repeated	sqlite	raw	exact	819	5750
sample	repeated	sqlite	raw	exact	820	6084
sample	repeated	sqlite	raw	exact	821	5333
sample	repeated	sqlite	raw	exact	822	5625
sample	repeated	sqlite	raw	exact	823	5625
sample	repeated	sqlite	raw	exact	824	6458
sample	repeated	sqlite	raw	exact	825	5250
sample	repeated	sqlite	raw	exact	826	5667
sample	repeated	sqlite	raw	exact	827	5333
sample	repeated	sqlite	raw	exact	828	5750
sample	repeated	sqlite	raw	exact	829	5208
sample	repeated	sqlite	raw	exact	830	5584
sample	repeated	sqlite	raw	exact	831	5584
sample	repeated	sqlite	raw	exact	832	5750
sample	repeated	sqlite	raw	exact	833	5167
sample	repeated	sqlite	raw	exact	834	6000
sample	repeated	sqlite	raw	exact	835	5292
sample	repeated	sqlite	raw	exact	836	5750
sample	repeated	sqlite	raw	exact	837	5083
sample	repeated	sqlite	raw	exact	838	5541
sample	repeated	sqlite	raw	exact	839	5667
sample	repeated	sqlite	raw	exact	840	5875
sample	repeated	sqlite	raw	exact	841	5250
sample	repeated	sqlite	raw	exact	842	6292
sample	repeated	sqlite	raw	exact	843	6042
sample	repeated	sqlite	raw	exact	844	6625
sample	repeated	sqlite	raw	exact	845	5542
sample	repeated	sqlite	raw	exact	846	12416
sample	repeated	sqlite	raw	exact	847	6042
sample	repeated	sqlite	raw	exact	848	5833
sample	repeated	sqlite	raw	exact	849	5208
sample	repeated	sqlite	raw	exact	850	5541
sample	repeated	sqlite	raw	exact	851	5333
sample	repeated	sqlite	raw	exact	852	5708
sample	repeated	sqlite	raw	exact	853	5250
sample	repeated	sqlite	raw	exact	854	5583
sample	repeated	sqlite	raw	exact	855	5750
sample	repeated	sqlite	raw	exact	856	6292
sample	repeated	sqlite	raw	exact	857	54833
sample	repeated	sqlite	raw	exact	858	22500
sample	repeated	sqlite	raw	exact	859	12250
sample	repeated	sqlite	raw	exact	860	13375
sample	repeated	sqlite	raw	exact	861	17667
sample	repeated	sqlite	raw	exact	862	8416
sample	repeated	sqlite	raw	exact	863	8041
sample	repeated	sqlite	raw	exact	864	7916
sample	repeated	sqlite	raw	exact	865	6209
sample	repeated	sqlite	raw	exact	866	6833
sample	repeated	sqlite	raw	exact	867	6000
sample	repeated	sqlite	raw	exact	868	6958
sample	repeated	sqlite	raw	exact	869	5625
sample	repeated	sqlite	raw	exact	870	6042
sample	repeated	sqlite	raw	exact	871	6000
sample	repeated	sqlite	raw	exact	872	6291
sample	repeated	sqlite	raw	exact	873	5500
sample	repeated	sqlite	raw	exact	874	5792
sample	repeated	sqlite	raw	exact	875	5416
sample	repeated	sqlite	raw	exact	876	6250
sample	repeated	sqlite	raw	exact	877	5583
sample	repeated	sqlite	raw	exact	878	5667
sample	repeated	sqlite	raw	exact	879	49000
sample	repeated	sqlite	raw	exact	880	10084
sample	repeated	sqlite	raw	exact	881	5708
sample	repeated	sqlite	raw	exact	882	6000
sample	repeated	sqlite	raw	exact	883	5500
sample	repeated	sqlite	raw	exact	884	6125
sample	repeated	sqlite	raw	exact	885	5333
sample	repeated	sqlite	raw	exact	886	5792
sample	repeated	sqlite	raw	exact	887	5750
sample	repeated	sqlite	raw	exact	888	7042
sample	repeated	sqlite	raw	exact	889	5417
sample	repeated	sqlite	raw	exact	890	5834
sample	repeated	sqlite	raw	exact	891	5375
sample	repeated	sqlite	raw	exact	892	6125
sample	repeated	sqlite	raw	exact	893	5208
sample	repeated	sqlite	raw	exact	894	5791
sample	repeated	sqlite	raw	exact	895	5833
sample	repeated	sqlite	raw	exact	896	6084
sample	repeated	sqlite	raw	exact	897	12583
sample	repeated	sqlite	raw	exact	898	5875
sample	repeated	sqlite	raw	exact	899	11500
sample	repeated	sqlite	raw	exact	900	12334
sample	repeated	sqlite	raw	exact	901	5500
sample	repeated	sqlite	raw	exact	902	5833
sample	repeated	sqlite	raw	exact	903	10167
sample	repeated	sqlite	raw	exact	904	10417
sample	repeated	sqlite	raw	exact	905	5416
sample	repeated	sqlite	raw	exact	906	5584
sample	repeated	sqlite	raw	exact	907	5333
sample	repeated	sqlite	raw	exact	908	6125
sample	repeated	sqlite	raw	exact	909	5209
sample	repeated	sqlite	raw	exact	910	5708
sample	repeated	sqlite	raw	exact	911	8291
sample	repeated	sqlite	raw	exact	912	6167
sample	repeated	sqlite	raw	exact	913	86750
sample	repeated	sqlite	raw	exact	914	7209
sample	repeated	sqlite	raw	exact	915	5542
sample	repeated	sqlite	raw	exact	916	6500
sample	repeated	sqlite	raw	exact	917	8625
sample	repeated	sqlite	raw	exact	918	10584
sample	repeated	sqlite	raw	exact	919	10166
sample	repeated	sqlite	raw	exact	920	5959
sample	repeated	sqlite	raw	exact	921	5375
sample	repeated	sqlite	raw	exact	922	10167
sample	repeated	sqlite	raw	exact	923	5375
sample	repeated	sqlite	raw	exact	924	9750
sample	repeated	sqlite	raw	exact	925	5500
sample	repeated	sqlite	raw	exact	926	19667
sample	repeated	sqlite	raw	exact	927	12542
sample	repeated	sqlite	raw	exact	928	7500
sample	repeated	sqlite	raw	exact	929	6000
sample	repeated	sqlite	raw	exact	930	6292
sample	repeated	sqlite	raw	exact	931	5792
sample	repeated	sqlite	raw	exact	932	6333
sample	repeated	sqlite	raw	exact	933	5792
sample	repeated	sqlite	raw	exact	934	5875
sample	repeated	sqlite	raw	exact	935	6083
sample	repeated	sqlite	raw	exact	936	6167
sample	repeated	sqlite	raw	exact	937	5542
sample	repeated	sqlite	raw	exact	938	5792
sample	repeated	sqlite	raw	exact	939	5416
sample	repeated	sqlite	raw	exact	940	6208
sample	repeated	sqlite	raw	exact	941	5541
sample	repeated	sqlite	raw	exact	942	5875
sample	repeated	sqlite	raw	exact	943	5833
sample	repeated	sqlite	raw	exact	944	6000
sample	repeated	sqlite	raw	exact	945	5500
sample	repeated	sqlite	raw	exact	946	5708
sample	repeated	sqlite	raw	exact	947	5250
sample	repeated	sqlite	raw	exact	948	5750
sample	repeated	sqlite	raw	exact	949	5584
sample	repeated	sqlite	raw	exact	950	5583
sample	repeated	sqlite	raw	exact	951	6208
sample	repeated	sqlite	raw	exact	952	11042
sample	repeated	sqlite	raw	exact	953	5541
sample	repeated	sqlite	raw	exact	954	5958
sample	repeated	sqlite	raw	exact	955	5250
sample	repeated	sqlite	raw	exact	956	6042
sample	repeated	sqlite	raw	exact	957	5625
sample	repeated	sqlite	raw	exact	958	5625
sample	repeated	sqlite	raw	exact	959	5750
sample	repeated	sqlite	raw	exact	960	5916
sample	repeated	sqlite	raw	exact	961	5459
sample	repeated	sqlite	raw	exact	962	5583
sample	repeated	sqlite	raw	exact	963	5542
sample	repeated	sqlite	raw	exact	964	5834
sample	repeated	sqlite	raw	exact	965	5417
sample	repeated	sqlite	raw	exact	966	5750
sample	repeated	sqlite	raw	exact	967	5667
sample	repeated	sqlite	raw	exact	968	5917
sample	repeated	sqlite	raw	exact	969	5541
sample	repeated	sqlite	raw	exact	970	5625
sample	repeated	sqlite	raw	exact	971	5375
sample	repeated	sqlite	raw	exact	972	6333
sample	repeated	sqlite	raw	exact	973	5333
sample	repeated	sqlite	raw	exact	974	5958
sample	repeated	sqlite	raw	exact	975	5667
sample	repeated	sqlite	raw	exact	976	5792
sample	repeated	sqlite	raw	exact	977	5333
sample	repeated	sqlite	raw	exact	978	5708
sample	repeated	sqlite	raw	exact	979	5667
sample	repeated	sqlite	raw	exact	980	6000
sample	repeated	sqlite	raw	exact	981	6542
sample	repeated	sqlite	raw	exact	982	5959
sample	repeated	sqlite	raw	exact	983	6042
sample	repeated	sqlite	raw	exact	984	10875
sample	repeated	sqlite	raw	exact	985	9708
sample	repeated	sqlite	raw	exact	986	10000
sample	repeated	sqlite	raw	exact	987	9250
sample	repeated	sqlite	raw	exact	988	9583
sample	repeated	sqlite	raw	exact	989	45000
sample	repeated	sqlite	raw	exact	990	9916
sample	repeated	sqlite	raw	exact	991	6125
sample	repeated	sqlite	raw	exact	992	6291
sample	repeated	sqlite	raw	exact	993	6500
sample	repeated	sqlite	raw	exact	994	11375
sample	repeated	sqlite	raw	exact	995	5625
sample	repeated	sqlite	raw	exact	996	6084
sample	repeated	sqlite	raw	exact	997	5417
sample	repeated	sqlite	raw	exact	998	5708
sample	repeated	sqlite	raw	exact	999	5708
sample	repeated	sqlite	raw	prefix	0	82875
sample	repeated	sqlite	raw	prefix	1	64625
sample	repeated	sqlite	raw	prefix	2	645167
sample	repeated	sqlite	raw	prefix	3	657041
sample	repeated	sqlite	raw	prefix	4	133458
sample	repeated	sqlite	raw	prefix	5	56292
sample	repeated	sqlite	raw	prefix	6	561542
sample	repeated	sqlite	raw	prefix	7	630625
sample	repeated	sqlite	raw	prefix	8	112458
sample	repeated	sqlite	raw	prefix	9	52125
sample	repeated	sqlite	raw	prefix	10	498042
sample	repeated	sqlite	raw	prefix	11	789125
sample	repeated	sqlite	raw	prefix	12	50041
sample	repeated	sqlite	raw	prefix	13	14791
sample	repeated	sqlite	raw	prefix	14	435292
sample	repeated	sqlite	raw	prefix	15	754166
sample	repeated	sqlite	raw	prefix	16	118875
sample	repeated	sqlite	raw	prefix	17	20709
sample	repeated	sqlite	raw	prefix	18	264541
sample	repeated	sqlite	raw	prefix	19	520250
sample	repeated	sqlite	raw	prefix	20	97500
sample	repeated	sqlite	raw	prefix	21	20625
sample	repeated	sqlite	raw	prefix	22	279708
sample	repeated	sqlite	raw	prefix	23	276292
sample	repeated	sqlite	raw	prefix	24	25583
sample	repeated	sqlite	raw	prefix	25	14958
sample	repeated	sqlite	raw	prefix	26	239000
sample	repeated	sqlite	raw	prefix	27	252042
sample	repeated	sqlite	raw	prefix	28	27083
sample	repeated	sqlite	raw	prefix	29	15041
sample	repeated	sqlite	raw	prefix	30	349959
sample	repeated	sqlite	raw	prefix	31	265000
sample	repeated	sqlite	raw	prefix	32	20625
sample	repeated	sqlite	raw	prefix	33	11125
sample	repeated	sqlite	raw	prefix	34	239292
sample	repeated	sqlite	raw	prefix	35	256417
sample	repeated	sqlite	raw	prefix	36	39375
sample	repeated	sqlite	raw	prefix	37	9833
sample	repeated	sqlite	raw	prefix	38	429416
sample	repeated	sqlite	raw	prefix	39	271000
sample	repeated	sqlite	raw	prefix	40	22333
sample	repeated	sqlite	raw	prefix	41	10708
sample	repeated	sqlite	raw	prefix	42	240625
sample	repeated	sqlite	raw	prefix	43	488625
sample	repeated	sqlite	raw	prefix	44	34167
sample	repeated	sqlite	raw	prefix	45	13584
sample	repeated	sqlite	raw	prefix	46	245625
sample	repeated	sqlite	raw	prefix	47	259500
sample	repeated	sqlite	raw	prefix	48	22292
sample	repeated	sqlite	raw	prefix	49	11791
sample	repeated	sqlite	raw	prefix	50	236917
sample	repeated	sqlite	raw	prefix	51	242458
sample	repeated	sqlite	raw	prefix	52	14791
sample	repeated	sqlite	raw	prefix	53	7667
sample	repeated	sqlite	raw	prefix	54	255334
sample	repeated	sqlite	raw	prefix	55	305750
sample	repeated	sqlite	raw	prefix	56	25125
sample	repeated	sqlite	raw	prefix	57	12291
sample	repeated	sqlite	raw	prefix	58	384875
sample	repeated	sqlite	raw	prefix	59	256333
sample	repeated	sqlite	raw	prefix	60	18875
sample	repeated	sqlite	raw	prefix	61	8292
sample	repeated	sqlite	raw	prefix	62	328750
sample	repeated	sqlite	raw	prefix	63	269334
sample	repeated	sqlite	raw	prefix	64	126083
sample	repeated	sqlite	raw	prefix	65	21083
sample	repeated	sqlite	raw	prefix	66	238917
sample	repeated	sqlite	raw	prefix	67	250542
sample	repeated	sqlite	raw	prefix	68	20292
sample	repeated	sqlite	raw	prefix	69	8000
sample	repeated	sqlite	raw	prefix	70	254583
sample	repeated	sqlite	raw	prefix	71	261166
sample	repeated	sqlite	raw	prefix	72	22458
sample	repeated	sqlite	raw	prefix	73	12083
sample	repeated	sqlite	raw	prefix	74	240291
sample	repeated	sqlite	raw	prefix	75	248459
sample	repeated	sqlite	raw	prefix	76	34666
sample	repeated	sqlite	raw	prefix	77	9292
sample	repeated	sqlite	raw	prefix	78	238250
sample	repeated	sqlite	raw	prefix	79	347875
sample	repeated	sqlite	raw	prefix	80	30167
sample	repeated	sqlite	raw	prefix	81	11958
sample	repeated	sqlite	raw	prefix	82	239792
sample	repeated	sqlite	raw	prefix	83	264542
sample	repeated	sqlite	raw	prefix	84	22583
sample	repeated	sqlite	raw	prefix	85	8459
sample	repeated	sqlite	raw	prefix	86	235750
sample	repeated	sqlite	raw	prefix	87	318959
sample	repeated	sqlite	raw	prefix	88	25666
sample	repeated	sqlite	raw	prefix	89	11583
sample	repeated	sqlite	raw	prefix	90	238333
sample	repeated	sqlite	raw	prefix	91	298375
sample	repeated	sqlite	raw	prefix	92	20166
sample	repeated	sqlite	raw	prefix	93	7666
sample	repeated	sqlite	raw	prefix	94	239750
sample	repeated	sqlite	raw	prefix	95	264709
sample	repeated	sqlite	raw	prefix	96	21792
sample	repeated	sqlite	raw	prefix	97	10333
sample	repeated	sqlite	raw	prefix	98	237250
sample	repeated	sqlite	raw	prefix	99	250208
sample	repeated	sqlite	raw	prefix	100	31834
sample	repeated	sqlite	raw	prefix	101	12083
sample	repeated	sqlite	raw	prefix	102	331416
sample	repeated	sqlite	raw	prefix	103	267000
sample	repeated	sqlite	raw	prefix	104	68792
sample	repeated	sqlite	raw	prefix	105	24750
sample	repeated	sqlite	raw	prefix	106	240250
sample	repeated	sqlite	raw	prefix	107	259792
sample	repeated	sqlite	raw	prefix	108	17916
sample	repeated	sqlite	raw	prefix	109	8583
sample	repeated	sqlite	raw	prefix	110	270125
sample	repeated	sqlite	raw	prefix	111	285166
sample	repeated	sqlite	raw	prefix	112	17125
sample	repeated	sqlite	raw	prefix	113	10791
sample	repeated	sqlite	raw	prefix	114	237958
sample	repeated	sqlite	raw	prefix	115	253667
sample	repeated	sqlite	raw	prefix	116	21208
sample	repeated	sqlite	raw	prefix	117	18208
sample	repeated	sqlite	raw	prefix	118	244125
sample	repeated	sqlite	raw	prefix	119	264250
sample	repeated	sqlite	raw	prefix	120	28417
sample	repeated	sqlite	raw	prefix	121	12125
sample	repeated	sqlite	raw	prefix	122	328750
sample	repeated	sqlite	raw	prefix	123	255458
sample	repeated	sqlite	raw	prefix	124	23750
sample	repeated	sqlite	raw	prefix	125	13542
sample	repeated	sqlite	raw	prefix	126	238458
sample	repeated	sqlite	raw	prefix	127	243750
sample	repeated	sqlite	raw	prefix	128	111291
sample	repeated	sqlite	raw	prefix	129	22208
sample	repeated	sqlite	raw	prefix	130	241167
sample	repeated	sqlite	raw	prefix	131	261958
sample	repeated	sqlite	raw	prefix	132	44166
sample	repeated	sqlite	raw	prefix	133	9000
sample	repeated	sqlite	raw	prefix	134	243083
sample	repeated	sqlite	raw	prefix	135	312041
sample	repeated	sqlite	raw	prefix	136	27625
sample	repeated	sqlite	raw	prefix	137	12875
sample	repeated	sqlite	raw	prefix	138	245042
sample	repeated	sqlite	raw	prefix	139	253792
sample	repeated	sqlite	raw	prefix	140	18542
sample	repeated	sqlite	raw	prefix	141	7916
sample	repeated	sqlite	raw	prefix	142	239792
sample	repeated	sqlite	raw	prefix	143	258292
sample	repeated	sqlite	raw	prefix	144	30417
sample	repeated	sqlite	raw	prefix	145	10875
sample	repeated	sqlite	raw	prefix	146	239000
sample	repeated	sqlite	raw	prefix	147	250375
sample	repeated	sqlite	raw	prefix	148	13375
sample	repeated	sqlite	raw	prefix	149	7833
sample	repeated	sqlite	raw	prefix	150	241083
sample	repeated	sqlite	raw	prefix	151	437625
sample	repeated	sqlite	raw	prefix	152	26417
sample	repeated	sqlite	raw	prefix	153	12000
sample	repeated	sqlite	raw	prefix	154	246208
sample	repeated	sqlite	raw	prefix	155	247958
sample	repeated	sqlite	raw	prefix	156	14042
sample	repeated	sqlite	raw	prefix	157	8125
sample	repeated	sqlite	raw	prefix	158	236000
sample	repeated	sqlite	raw	prefix	159	253667
sample	repeated	sqlite	raw	prefix	160	44458
sample	repeated	sqlite	raw	prefix	161	12333
sample	repeated	sqlite	raw	prefix	162	243833
sample	repeated	sqlite	raw	prefix	163	268750
sample	repeated	sqlite	raw	prefix	164	31417
sample	repeated	sqlite	raw	prefix	165	14541
sample	repeated	sqlite	raw	prefix	166	246625
sample	repeated	sqlite	raw	prefix	167	244833
sample	repeated	sqlite	raw	prefix	168	24709
sample	repeated	sqlite	raw	prefix	169	15708
sample	repeated	sqlite	raw	prefix	170	240875
sample	repeated	sqlite	raw	prefix	171	251958
sample	repeated	sqlite	raw	prefix	172	28583
sample	repeated	sqlite	raw	prefix	173	9083
sample	repeated	sqlite	raw	prefix	174	238292
sample	repeated	sqlite	raw	prefix	175	257250
sample	repeated	sqlite	raw	prefix	176	31708
sample	repeated	sqlite	raw	prefix	177	12416
sample	repeated	sqlite	raw	prefix	178	235834
sample	repeated	sqlite	raw	prefix	179	247041
sample	repeated	sqlite	raw	prefix	180	20417
sample	repeated	sqlite	raw	prefix	181	7292
sample	repeated	sqlite	raw	prefix	182	241459
sample	repeated	sqlite	raw	prefix	183	250917
sample	repeated	sqlite	raw	prefix	184	13458
sample	repeated	sqlite	raw	prefix	185	8542
sample	repeated	sqlite	raw	prefix	186	239125
sample	repeated	sqlite	raw	prefix	187	269625
sample	repeated	sqlite	raw	prefix	188	21208
sample	repeated	sqlite	raw	prefix	189	17417
sample	repeated	sqlite	raw	prefix	190	241833
sample	repeated	sqlite	raw	prefix	191	260500
sample	repeated	sqlite	raw	prefix	192	14542
sample	repeated	sqlite	raw	prefix	193	9542
sample	repeated	sqlite	raw	prefix	194	239125
sample	repeated	sqlite	raw	prefix	195	247167
sample	repeated	sqlite	raw	prefix	196	29417
sample	repeated	sqlite	raw	prefix	197	8500
sample	repeated	sqlite	raw	prefix	198	536042
sample	repeated	sqlite	raw	prefix	199	302625
sample	repeated	sqlite	raw	prefix	200	19750
sample	repeated	sqlite	raw	prefix	201	12541
sample	repeated	sqlite	raw	prefix	202	239416
sample	repeated	sqlite	raw	prefix	203	273625
sample	repeated	sqlite	raw	prefix	204	25791
sample	repeated	sqlite	raw	prefix	205	9958
sample	repeated	sqlite	raw	prefix	206	244375
sample	repeated	sqlite	raw	prefix	207	255292
sample	repeated	sqlite	raw	prefix	208	17875
sample	repeated	sqlite	raw	prefix	209	9666
sample	repeated	sqlite	raw	prefix	210	243125
sample	repeated	sqlite	raw	prefix	211	318792
sample	repeated	sqlite	raw	prefix	212	95333
sample	repeated	sqlite	raw	prefix	213	17500
sample	repeated	sqlite	raw	prefix	214	424209
sample	repeated	sqlite	raw	prefix	215	289709
sample	repeated	sqlite	raw	prefix	216	26709
sample	repeated	sqlite	raw	prefix	217	12042
sample	repeated	sqlite	raw	prefix	218	244375
sample	repeated	sqlite	raw	prefix	219	510667
sample	repeated	sqlite	raw	prefix	220	32000
sample	repeated	sqlite	raw	prefix	221	9708
sample	repeated	sqlite	raw	prefix	222	532250
sample	repeated	sqlite	raw	prefix	223	306791
sample	repeated	sqlite	raw	prefix	224	90375
sample	repeated	sqlite	raw	prefix	225	18959
sample	repeated	sqlite	raw	prefix	226	240209
sample	repeated	sqlite	raw	prefix	227	253208
sample	repeated	sqlite	raw	prefix	228	21834
sample	repeated	sqlite	raw	prefix	229	8083
sample	repeated	sqlite	raw	prefix	230	236583
sample	repeated	sqlite	raw	prefix	231	253667
sample	repeated	sqlite	raw	prefix	232	20666
sample	repeated	sqlite	raw	prefix	233	9250
sample	repeated	sqlite	raw	prefix	234	238250
sample	repeated	sqlite	raw	prefix	235	257000
sample	repeated	sqlite	raw	prefix	236	32042
sample	repeated	sqlite	raw	prefix	237	17750
sample	repeated	sqlite	raw	prefix	238	321500
sample	repeated	sqlite	raw	prefix	239	260458
sample	repeated	sqlite	raw	prefix	240	16833
sample	repeated	sqlite	raw	prefix	241	11375
sample	repeated	sqlite	raw	prefix	242	237042
sample	repeated	sqlite	raw	prefix	243	244000
sample	repeated	sqlite	raw	prefix	244	24959
sample	repeated	sqlite	raw	prefix	245	13834
sample	repeated	sqlite	raw	prefix	246	240666
sample	repeated	sqlite	raw	prefix	247	277000
sample	repeated	sqlite	raw	prefix	248	19000
sample	repeated	sqlite	raw	prefix	249	10959
sample	repeated	sqlite	raw	prefix	250	236292
sample	repeated	sqlite	raw	prefix	251	249541
sample	repeated	sqlite	raw	prefix	252	19500
sample	repeated	sqlite	raw	prefix	253	7583
sample	repeated	sqlite	raw	prefix	254	236958
sample	repeated	sqlite	raw	prefix	255	244833
sample	repeated	sqlite	raw	prefix	256	13917
sample	repeated	sqlite	raw	prefix	257	9125
sample	repeated	sqlite	raw	prefix	258	236875
sample	repeated	sqlite	raw	prefix	259	415334
sample	repeated	sqlite	raw	prefix	260	34709
sample	repeated	sqlite	raw	prefix	261	14500
sample	repeated	sqlite	raw	prefix	262	239708
sample	repeated	sqlite	raw	prefix	263	247125
sample	repeated	sqlite	raw	prefix	264	14041
sample	repeated	sqlite	raw	prefix	265	9208
sample	repeated	sqlite	raw	prefix	266	331750
sample	repeated	sqlite	raw	prefix	267	399084
sample	repeated	sqlite	raw	prefix	268	31250
sample	repeated	sqlite	raw	prefix	269	9417
sample	repeated	sqlite	raw	prefix	270	242292
sample	repeated	sqlite	raw	prefix	271	254833
sample	repeated	sqlite	raw	prefix	272	14208
sample	repeated	sqlite	raw	prefix	273	9250
sample	repeated	sqlite	raw	prefix	274	510708
sample	repeated	sqlite	raw	prefix	275	278458
sample	repeated	sqlite	raw	prefix	276	27041
sample	repeated	sqlite	raw	prefix	277	8250
sample	repeated	sqlite	raw	prefix	278	240459
sample	repeated	sqlite	raw	prefix	279	266625
sample	repeated	sqlite	raw	prefix	280	19833
sample	repeated	sqlite	raw	prefix	281	10333
sample	repeated	sqlite	raw	prefix	282	240292
sample	repeated	sqlite	raw	prefix	283	558667
sample	repeated	sqlite	raw	prefix	284	33542
sample	repeated	sqlite	raw	prefix	285	8750
sample	repeated	sqlite	raw	prefix	286	297833
sample	repeated	sqlite	raw	prefix	287	258042
sample	repeated	sqlite	raw	prefix	288	16500
sample	repeated	sqlite	raw	prefix	289	9875
sample	repeated	sqlite	raw	prefix	290	241125
sample	repeated	sqlite	raw	prefix	291	259750
sample	repeated	sqlite	raw	prefix	292	16334
sample	repeated	sqlite	raw	prefix	293	8792
sample	repeated	sqlite	raw	prefix	294	235250
sample	repeated	sqlite	raw	prefix	295	252416
sample	repeated	sqlite	raw	prefix	296	31708
sample	repeated	sqlite	raw	prefix	297	12333
sample	repeated	sqlite	raw	prefix	298	327792
sample	repeated	sqlite	raw	prefix	299	251333
sample	repeated	sqlite	raw	prefix	300	41542
sample	repeated	sqlite	raw	prefix	301	11542
sample	repeated	sqlite	raw	prefix	302	240208
sample	repeated	sqlite	raw	prefix	303	427250
sample	repeated	sqlite	raw	prefix	304	25625
sample	repeated	sqlite	raw	prefix	305	10458
sample	repeated	sqlite	raw	prefix	306	238166
sample	repeated	sqlite	raw	prefix	307	243291
sample	repeated	sqlite	raw	prefix	308	13375
sample	repeated	sqlite	raw	prefix	309	7334
sample	repeated	sqlite	raw	prefix	310	237500
sample	repeated	sqlite	raw	prefix	311	276458
sample	repeated	sqlite	raw	prefix	312	23250
sample	repeated	sqlite	raw	prefix	313	10667
sample	repeated	sqlite	raw	prefix	314	239500
sample	repeated	sqlite	raw	prefix	315	249666
sample	repeated	sqlite	raw	prefix	316	20167
sample	repeated	sqlite	raw	prefix	317	8458
sample	repeated	sqlite	raw	prefix	318	649875
sample	repeated	sqlite	raw	prefix	319	281125
sample	repeated	sqlite	raw	prefix	320	24459
sample	repeated	sqlite	raw	prefix	321	11209
sample	repeated	sqlite	raw	prefix	322	231459
sample	repeated	sqlite	raw	prefix	323	301250
sample	repeated	sqlite	raw	prefix	324	20000
sample	repeated	sqlite	raw	prefix	325	8750
sample	repeated	sqlite	raw	prefix	326	240708
sample	repeated	sqlite	raw	prefix	327	257667
sample	repeated	sqlite	raw	prefix	328	34500
sample	repeated	sqlite	raw	prefix	329	13750
sample	repeated	sqlite	raw	prefix	330	245667
sample	repeated	sqlite	raw	prefix	331	572625
sample	repeated	sqlite	raw	prefix	332	34584
sample	repeated	sqlite	raw	prefix	333	9292
sample	repeated	sqlite	raw	prefix	334	245375
sample	repeated	sqlite	raw	prefix	335	368625
sample	repeated	sqlite	raw	prefix	336	27917
sample	repeated	sqlite	raw	prefix	337	11375
sample	repeated	sqlite	raw	prefix	338	244375
sample	repeated	sqlite	raw	prefix	339	248542
sample	repeated	sqlite	raw	prefix	340	21625
sample	repeated	sqlite	raw	prefix	341	8291
sample	repeated	sqlite	raw	prefix	342	344958
sample	repeated	sqlite	raw	prefix	343	263792
sample	repeated	sqlite	raw	prefix	344	15292
sample	repeated	sqlite	raw	prefix	345	10375
sample	repeated	sqlite	raw	prefix	346	239541
sample	repeated	sqlite	raw	prefix	347	241834
sample	repeated	sqlite	raw	prefix	348	27167
sample	repeated	sqlite	raw	prefix	349	8333
sample	repeated	sqlite	raw	prefix	350	233875
sample	repeated	sqlite	raw	prefix	351	245250
sample	repeated	sqlite	raw	prefix	352	18500
sample	repeated	sqlite	raw	prefix	353	9666
sample	repeated	sqlite	raw	prefix	354	231709
sample	repeated	sqlite	raw	prefix	355	495917
sample	repeated	sqlite	raw	prefix	356	25750
sample	repeated	sqlite	raw	prefix	357	8375
sample	repeated	sqlite	raw	prefix	358	239750
sample	repeated	sqlite	raw	prefix	359	259208
sample	repeated	sqlite	raw	prefix	360	23500
sample	repeated	sqlite	raw	prefix	361	9708
sample	repeated	sqlite	raw	prefix	362	239416
sample	repeated	sqlite	raw	prefix	363	355375
sample	repeated	sqlite	raw	prefix	364	24167
sample	repeated	sqlite	raw	prefix	365	9125
sample	repeated	sqlite	raw	prefix	366	244500
sample	repeated	sqlite	raw	prefix	367	259875
sample	repeated	sqlite	raw	prefix	368	29625
sample	repeated	sqlite	raw	prefix	369	11083
sample	repeated	sqlite	raw	prefix	370	365500
sample	repeated	sqlite	raw	prefix	371	263500
sample	repeated	sqlite	raw	prefix	372	14625
sample	repeated	sqlite	raw	prefix	373	8084
sample	repeated	sqlite	raw	prefix	374	273541
sample	repeated	sqlite	raw	prefix	375	274292
sample	repeated	sqlite	raw	prefix	376	19041
sample	repeated	sqlite	raw	prefix	377	80375
sample	repeated	sqlite	raw	prefix	378	248750
sample	repeated	sqlite	raw	prefix	379	265375
sample	repeated	sqlite	raw	prefix	380	18083
sample	repeated	sqlite	raw	prefix	381	15875
sample	repeated	sqlite	raw	prefix	382	338708
sample	repeated	sqlite	raw	prefix	383	262000
sample	repeated	sqlite	raw	prefix	384	13958
sample	repeated	sqlite	raw	prefix	385	10084
sample	repeated	sqlite	raw	prefix	386	249000
sample	repeated	sqlite	raw	prefix	387	434916
sample	repeated	sqlite	raw	prefix	388	35209
sample	repeated	sqlite	raw	prefix	389	9333
sample	repeated	sqlite	raw	prefix	390	243708
sample	repeated	sqlite	raw	prefix	391	262250
sample	repeated	sqlite	raw	prefix	392	19084
sample	repeated	sqlite	raw	prefix	393	14000
sample	repeated	sqlite	raw	prefix	394	240166
sample	repeated	sqlite	raw	prefix	395	244500
sample	repeated	sqlite	raw	prefix	396	17667
sample	repeated	sqlite	raw	prefix	397	7250
sample	repeated	sqlite	raw	prefix	398	238334
sample	repeated	sqlite	raw	prefix	399	253334
sample	repeated	sqlite	raw	prefix	400	57458
sample	repeated	sqlite	raw	prefix	401	74458
sample	repeated	sqlite	raw	prefix	402	254791
sample	repeated	sqlite	raw	prefix	403	270250
sample	repeated	sqlite	raw	prefix	404	22209
sample	repeated	sqlite	raw	prefix	405	13625
sample	repeated	sqlite	raw	prefix	406	252666
sample	repeated	sqlite	raw	prefix	407	256958
sample	repeated	sqlite	raw	prefix	408	24000
sample	repeated	sqlite	raw	prefix	409	11500
sample	repeated	sqlite	raw	prefix	410	250583
sample	repeated	sqlite	raw	prefix	411	272292
sample	repeated	sqlite	raw	prefix	412	19375
sample	repeated	sqlite	raw	prefix	413	7833
sample	repeated	sqlite	raw	prefix	414	248083
sample	repeated	sqlite	raw	prefix	415	254208
sample	repeated	sqlite	raw	prefix	416	17250
sample	repeated	sqlite	raw	prefix	417	11250
sample	repeated	sqlite	raw	prefix	418	241292
sample	repeated	sqlite	raw	prefix	419	247959
sample	repeated	sqlite	raw	prefix	420	144084
sample	repeated	sqlite	raw	prefix	421	75292
sample	repeated	sqlite	raw	prefix	422	623250
sample	repeated	sqlite	raw	prefix	423	284958
sample	repeated	sqlite	raw	prefix	424	19625
sample	repeated	sqlite	raw	prefix	425	20125
sample	repeated	sqlite	raw	prefix	426	250000
sample	repeated	sqlite	raw	prefix	427	261958
sample	repeated	sqlite	raw	prefix	428	21791
sample	repeated	sqlite	raw	prefix	429	8458
sample	repeated	sqlite	raw	prefix	430	240375
sample	repeated	sqlite	raw	prefix	431	249750
sample	repeated	sqlite	raw	prefix	432	13250
sample	repeated	sqlite	raw	prefix	433	9125
sample	repeated	sqlite	raw	prefix	434	239875
sample	repeated	sqlite	raw	prefix	435	324375
sample	repeated	sqlite	raw	prefix	436	25208
sample	repeated	sqlite	raw	prefix	437	20167
sample	repeated	sqlite	raw	prefix	438	259500
sample	repeated	sqlite	raw	prefix	439	288209
sample	repeated	sqlite	raw	prefix	440	29708
sample	repeated	sqlite	raw	prefix	441	12375
sample	repeated	sqlite	raw	prefix	442	249792
sample	repeated	sqlite	raw	prefix	443	257709
sample	repeated	sqlite	raw	prefix	444	17708
sample	repeated	sqlite	raw	prefix	445	7500
sample	repeated	sqlite	raw	prefix	446	248917
sample	repeated	sqlite	raw	prefix	447	268834
sample	repeated	sqlite	raw	prefix	448	17500
sample	repeated	sqlite	raw	prefix	449	12000
sample	repeated	sqlite	raw	prefix	450	237875
sample	repeated	sqlite	raw	prefix	451	243375
sample	repeated	sqlite	raw	prefix	452	21250
sample	repeated	sqlite	raw	prefix	453	8125
sample	repeated	sqlite	raw	prefix	454	279917
sample	repeated	sqlite	raw	prefix	455	258417
sample	repeated	sqlite	raw	prefix	456	18125
sample	repeated	sqlite	raw	prefix	457	10125
sample	repeated	sqlite	raw	prefix	458	237000
sample	repeated	sqlite	raw	prefix	459	251333
sample	repeated	sqlite	raw	prefix	460	19417
sample	repeated	sqlite	raw	prefix	461	7583
sample	repeated	sqlite	raw	prefix	462	240167
sample	repeated	sqlite	raw	prefix	463	270958
sample	repeated	sqlite	raw	prefix	464	15292
sample	repeated	sqlite	raw	prefix	465	10042
sample	repeated	sqlite	raw	prefix	466	243667
sample	repeated	sqlite	raw	prefix	467	338583
sample	repeated	sqlite	raw	prefix	468	25916
sample	repeated	sqlite	raw	prefix	469	8708
sample	repeated	sqlite	raw	prefix	470	243583
sample	repeated	sqlite	raw	prefix	471	255459
sample	repeated	sqlite	raw	prefix	472	13000
sample	repeated	sqlite	raw	prefix	473	8209
sample	repeated	sqlite	raw	prefix	474	240084
sample	repeated	sqlite	raw	prefix	475	258500
sample	repeated	sqlite	raw	prefix	476	141042
sample	repeated	sqlite	raw	prefix	477	59750
sample	repeated	sqlite	raw	prefix	478	256875
sample	repeated	sqlite	raw	prefix	479	253500
sample	repeated	sqlite	raw	prefix	480	17125
sample	repeated	sqlite	raw	prefix	481	39625
sample	repeated	sqlite	raw	prefix	482	243000
sample	repeated	sqlite	raw	prefix	483	251500
sample	repeated	sqlite	raw	prefix	484	38042
sample	repeated	sqlite	raw	prefix	485	10125
sample	repeated	sqlite	raw	prefix	486	262000
sample	repeated	sqlite	raw	prefix	487	267542
sample	repeated	sqlite	raw	prefix	488	16084
sample	repeated	sqlite	raw	prefix	489	9584
sample	repeated	sqlite	raw	prefix	490	247833
sample	repeated	sqlite	raw	prefix	491	258625
sample	repeated	sqlite	raw	prefix	492	24833
sample	repeated	sqlite	raw	prefix	493	8750
sample	repeated	sqlite	raw	prefix	494	244833
sample	repeated	sqlite	raw	prefix	495	262875
sample	repeated	sqlite	raw	prefix	496	25042
sample	repeated	sqlite	raw	prefix	497	16083
sample	repeated	sqlite	raw	prefix	498	247000
sample	repeated	sqlite	raw	prefix	499	248125
sample	repeated	sqlite	raw	prefix	500	13708
sample	repeated	sqlite	raw	prefix	501	7291
sample	repeated	sqlite	raw	prefix	502	341750
sample	repeated	sqlite	raw	prefix	503	311792
sample	repeated	sqlite	raw	prefix	504	32000
sample	repeated	sqlite	raw	prefix	505	13084
sample	repeated	sqlite	raw	prefix	506	235042
sample	repeated	sqlite	raw	prefix	507	256792
sample	repeated	sqlite	raw	prefix	508	23500
sample	repeated	sqlite	raw	prefix	509	9417
sample	repeated	sqlite	raw	prefix	510	248791
sample	repeated	sqlite	raw	prefix	511	255375
sample	repeated	sqlite	raw	prefix	512	17458
sample	repeated	sqlite	raw	prefix	513	9334
sample	repeated	sqlite	raw	prefix	514	240875
sample	repeated	sqlite	raw	prefix	515	252000
sample	repeated	sqlite	raw	prefix	516	17125
sample	repeated	sqlite	raw	prefix	517	23417
sample	repeated	sqlite	raw	prefix	518	295625
sample	repeated	sqlite	raw	prefix	519	273209
sample	repeated	sqlite	raw	prefix	520	20791
sample	repeated	sqlite	raw	prefix	521	10167
sample	repeated	sqlite	raw	prefix	522	408417
sample	repeated	sqlite	raw	prefix	523	266667
sample	repeated	sqlite	raw	prefix	524	17958
sample	repeated	sqlite	raw	prefix	525	7958
sample	repeated	sqlite	raw	prefix	526	241541
sample	repeated	sqlite	raw	prefix	527	254042
sample	repeated	sqlite	raw	prefix	528	19542
sample	repeated	sqlite	raw	prefix	529	8458
sample	repeated	sqlite	raw	prefix	530	239291
sample	repeated	sqlite	raw	prefix	531	378584
sample	repeated	sqlite	raw	prefix	532	41083
sample	repeated	sqlite	raw	prefix	533	13333
sample	repeated	sqlite	raw	prefix	534	243791
sample	repeated	sqlite	raw	prefix	535	245500
sample	repeated	sqlite	raw	prefix	536	24250
sample	repeated	sqlite	raw	prefix	537	11000
sample	repeated	sqlite	raw	prefix	538	284084
sample	repeated	sqlite	raw	prefix	539	247750
sample	repeated	sqlite	raw	prefix	540	18917
sample	repeated	sqlite	raw	prefix	541	7416
sample	repeated	sqlite	raw	prefix	542	241542
sample	repeated	sqlite	raw	prefix	543	279709
sample	repeated	sqlite	raw	prefix	544	25041
sample	repeated	sqlite	raw	prefix	545	11625
sample	repeated	sqlite	raw	prefix	546	249541
sample	repeated	sqlite	raw	prefix	547	255750
sample	repeated	sqlite	raw	prefix	548	13666
sample	repeated	sqlite	raw	prefix	549	8291
sample	repeated	sqlite	raw	prefix	550	247625
sample	repeated	sqlite	raw	prefix	551	261000
sample	repeated	sqlite	raw	prefix	552	27792
sample	repeated	sqlite	raw	prefix	553	9750
sample	repeated	sqlite	raw	prefix	554	248459
sample	repeated	sqlite	raw	prefix	555	252584
sample	repeated	sqlite	raw	prefix	556	16750
sample	repeated	sqlite	raw	prefix	557	7208
sample	repeated	sqlite	raw	prefix	558	256292
sample	repeated	sqlite	raw	prefix	559	269709
sample	repeated	sqlite	raw	prefix	560	27625
sample	repeated	sqlite	raw	prefix	561	15541
sample	repeated	sqlite	raw	prefix	562	237750
sample	repeated	sqlite	raw	prefix	563	252708
sample	repeated	sqlite	raw	prefix	564	21542
sample	repeated	sqlite	raw	prefix	565	8125
sample	repeated	sqlite	raw	prefix	566	253333
sample	repeated	sqlite	raw	prefix	567	255166
sample	repeated	sqlite	raw	prefix	568	21958
sample	repeated	sqlite	raw	prefix	569	17917
sample	repeated	sqlite	raw	prefix	570	267875
sample	repeated	sqlite	raw	prefix	571	279500
sample	repeated	sqlite	raw	prefix	572	21958
sample	repeated	sqlite	raw	prefix	573	9417
sample	repeated	sqlite	raw	prefix	574	244750
sample	repeated	sqlite	raw	prefix	575	352542
sample	repeated	sqlite	raw	prefix	576	24541
sample	repeated	sqlite	raw	prefix	577	12125
sample	repeated	sqlite	raw	prefix	578	242167
sample	repeated	sqlite	raw	prefix	579	254209
sample	repeated	sqlite	raw	prefix	580	20708
sample	repeated	sqlite	raw	prefix	581	9875
sample	repeated	sqlite	raw	prefix	582	242833
sample	repeated	sqlite	raw	prefix	583	257625
sample	repeated	sqlite	raw	prefix	584	43333
sample	repeated	sqlite	raw	prefix	585	13542
sample	repeated	sqlite	raw	prefix	586	246042
sample	repeated	sqlite	raw	prefix	587	327084
sample	repeated	sqlite	raw	prefix	588	28458
sample	repeated	sqlite	raw	prefix	589	9292
sample	repeated	sqlite	raw	prefix	590	246542
sample	repeated	sqlite	raw	prefix	591	260917
sample	repeated	sqlite	raw	prefix	592	20417
sample	repeated	sqlite	raw	prefix	593	9583
sample	repeated	sqlite	raw	prefix	594	245500
sample	repeated	sqlite	raw	prefix	595	259958
sample	repeated	sqlite	raw	prefix	596	20292
sample	repeated	sqlite	raw	prefix	597	8042
sample	repeated	sqlite	raw	prefix	598	279083
sample	repeated	sqlite	raw	prefix	599	265833
sample	repeated	sqlite	raw	prefix	600	17458
sample	repeated	sqlite	raw	prefix	601	10708
sample	repeated	sqlite	raw	prefix	602	239666
sample	repeated	sqlite	raw	prefix	603	271042
sample	repeated	sqlite	raw	prefix	604	25166
sample	repeated	sqlite	raw	prefix	605	8209
sample	repeated	sqlite	raw	prefix	606	238500
sample	repeated	sqlite	raw	prefix	607	245708
sample	repeated	sqlite	raw	prefix	608	14208
sample	repeated	sqlite	raw	prefix	609	10041
sample	repeated	sqlite	raw	prefix	610	395083
sample	repeated	sqlite	raw	prefix	611	280959
sample	repeated	sqlite	raw	prefix	612	27167
sample	repeated	sqlite	raw	prefix	613	8708
sample	repeated	sqlite	raw	prefix	614	246458
sample	repeated	sqlite	raw	prefix	615	264916
sample	repeated	sqlite	raw	prefix	616	14542
sample	repeated	sqlite	raw	prefix	617	9541
sample	repeated	sqlite	raw	prefix	618	242375
sample	repeated	sqlite	raw	prefix	619	261958
sample	repeated	sqlite	raw	prefix	620	13875
sample	repeated	sqlite	raw	prefix	621	16166
sample	repeated	sqlite	raw	prefix	622	245292
sample	repeated	sqlite	raw	prefix	623	258084
sample	repeated	sqlite	raw	prefix	624	25042
sample	repeated	sqlite	raw	prefix	625	9334
sample	repeated	sqlite	raw	prefix	626	244834
sample	repeated	sqlite	raw	prefix	627	383083
sample	repeated	sqlite	raw	prefix	628	18833
sample	repeated	sqlite	raw	prefix	629	11875
sample	repeated	sqlite	raw	prefix	630	244958
sample	repeated	sqlite	raw	prefix	631	256708
sample	repeated	sqlite	raw	prefix	632	34375
sample	repeated	sqlite	raw	prefix	633	12666
sample	repeated	sqlite	raw	prefix	634	248917
sample	repeated	sqlite	raw	prefix	635	259416
sample	repeated	sqlite	raw	prefix	636	16917
sample	repeated	sqlite	raw	prefix	637	7708
sample	repeated	sqlite	raw	prefix	638	282917
sample	repeated	sqlite	raw	prefix	639	273333
sample	repeated	sqlite	raw	prefix	640	47542
sample	repeated	sqlite	raw	prefix	641	14250
sample	repeated	sqlite	raw	prefix	642	246208
sample	repeated	sqlite	raw	prefix	643	257334
sample	repeated	sqlite	raw	prefix	644	21000
sample	repeated	sqlite	raw	prefix	645	71708
sample	repeated	sqlite	raw	prefix	646	536792
sample	repeated	sqlite	raw	prefix	647	582541
sample	repeated	sqlite	raw	prefix	648	38458
sample	repeated	sqlite	raw	prefix	649	11917
sample	repeated	sqlite	raw	prefix	650	249416
sample	repeated	sqlite	raw	prefix	651	261084
sample	repeated	sqlite	raw	prefix	652	14833
sample	repeated	sqlite	raw	prefix	653	8208
sample	repeated	sqlite	raw	prefix	654	244875
sample	repeated	sqlite	raw	prefix	655	262666
sample	repeated	sqlite	raw	prefix	656	20166
sample	repeated	sqlite	raw	prefix	657	9000
sample	repeated	sqlite	raw	prefix	658	244459
sample	repeated	sqlite	raw	prefix	659	326875
sample	repeated	sqlite	raw	prefix	660	86334
sample	repeated	sqlite	raw	prefix	661	15292
sample	repeated	sqlite	raw	prefix	662	245375
sample	repeated	sqlite	raw	prefix	663	260209
sample	repeated	sqlite	raw	prefix	664	20166
sample	repeated	sqlite	raw	prefix	665	9292
sample	repeated	sqlite	raw	prefix	666	251375
sample	repeated	sqlite	raw	prefix	667	252375
sample	repeated	sqlite	raw	prefix	668	13583
sample	repeated	sqlite	raw	prefix	669	7000
sample	repeated	sqlite	raw	prefix	670	242333
sample	repeated	sqlite	raw	prefix	671	286042
sample	repeated	sqlite	raw	prefix	672	22125
sample	repeated	sqlite	raw	prefix	673	9666
sample	repeated	sqlite	raw	prefix	674	237541
sample	repeated	sqlite	raw	prefix	675	285959
sample	repeated	sqlite	raw	prefix	676	16541
sample	repeated	sqlite	raw	prefix	677	7334
sample	repeated	sqlite	raw	prefix	678	237667
sample	repeated	sqlite	raw	prefix	679	252458
sample	repeated	sqlite	raw	prefix	680	25916
sample	repeated	sqlite	raw	prefix	681	21125
sample	repeated	sqlite	raw	prefix	682	243208
sample	repeated	sqlite	raw	prefix	683	269833
sample	repeated	sqlite	raw	prefix	684	21542
sample	repeated	sqlite	raw	prefix	685	85584
sample	repeated	sqlite	raw	prefix	686	249666
sample	repeated	sqlite	raw	prefix	687	263417
sample	repeated	sqlite	raw	prefix	688	79458
sample	repeated	sqlite	raw	prefix	689	18334
sample	repeated	sqlite	raw	prefix	690	250709
sample	repeated	sqlite	raw	prefix	691	298542
sample	repeated	sqlite	raw	prefix	692	100667
sample	repeated	sqlite	raw	prefix	693	26666
sample	repeated	sqlite	raw	prefix	694	264625
sample	repeated	sqlite	raw	prefix	695	509333
sample	repeated	sqlite	raw	prefix	696	62083
sample	repeated	sqlite	raw	prefix	697	16958
sample	repeated	sqlite	raw	prefix	698	243250
sample	repeated	sqlite	raw	prefix	699	259417
sample	repeated	sqlite	raw	prefix	700	29084
sample	repeated	sqlite	raw	prefix	701	13833
sample	repeated	sqlite	raw	prefix	702	239459
sample	repeated	sqlite	raw	prefix	703	246833
sample	repeated	sqlite	raw	prefix	704	15708
sample	repeated	sqlite	raw	prefix	705	10500
sample	repeated	sqlite	raw	prefix	706	518542
sample	repeated	sqlite	raw	prefix	707	284000
sample	repeated	sqlite	raw	prefix	708	24375
sample	repeated	sqlite	raw	prefix	709	55750
sample	repeated	sqlite	raw	prefix	710	290959
sample	repeated	sqlite	raw	prefix	711	358917
sample	repeated	sqlite	raw	prefix	712	39250
sample	repeated	sqlite	raw	prefix	713	27292
sample	repeated	sqlite	raw	prefix	714	445584
sample	repeated	sqlite	raw	prefix	715	376791
sample	repeated	sqlite	raw	prefix	716	41291
sample	repeated	sqlite	raw	prefix	717	10250
sample	repeated	sqlite	raw	prefix	718	240750
sample	repeated	sqlite	raw	prefix	719	247333
sample	repeated	sqlite	raw	prefix	720	21041
sample	repeated	sqlite	raw	prefix	721	14334
sample	repeated	sqlite	raw	prefix	722	498792
sample	repeated	sqlite	raw	prefix	723	266625
sample	repeated	sqlite	raw	prefix	724	22583
sample	repeated	sqlite	raw	prefix	725	8917
sample	repeated	sqlite	raw	prefix	726	237917
sample	repeated	sqlite	raw	prefix	727	349958
sample	repeated	sqlite	raw	prefix	728	32666
sample	repeated	sqlite	raw	prefix	729	11916
sample	repeated	sqlite	raw	prefix	730	240416
sample	repeated	sqlite	raw	prefix	731	251833
sample	repeated	sqlite	raw	prefix	732	30292
sample	repeated	sqlite	raw	prefix	733	9250
sample	repeated	sqlite	raw	prefix	734	246375
sample	repeated	sqlite	raw	prefix	735	335417
sample	repeated	sqlite	raw	prefix	736	22250
sample	repeated	sqlite	raw	prefix	737	13042
sample	repeated	sqlite	raw	prefix	738	243333
sample	repeated	sqlite	raw	prefix	739	248042
sample	repeated	sqlite	raw	prefix	740	23208
sample	repeated	sqlite	raw	prefix	741	9000
sample	repeated	sqlite	raw	prefix	742	244084
sample	repeated	sqlite	raw	prefix	743	261417
sample	repeated	sqlite	raw	prefix	744	105083
sample	repeated	sqlite	raw	prefix	745	43958
sample	repeated	sqlite	raw	prefix	746	471375
sample	repeated	sqlite	raw	prefix	747	264750
sample	repeated	sqlite	raw	prefix	748	23917
sample	repeated	sqlite	raw	prefix	749	12959
sample	repeated	sqlite	raw	prefix	750	241708
sample	repeated	sqlite	raw	prefix	751	256458
sample	repeated	sqlite	raw	prefix	752	23792
sample	repeated	sqlite	raw	prefix	753	11750
sample	repeated	sqlite	raw	prefix	754	242958
sample	repeated	sqlite	raw	prefix	755	882500
sample	repeated	sqlite	raw	prefix	756	47500
sample	repeated	sqlite	raw	prefix	757	11750
sample	repeated	sqlite	raw	prefix	758	247666
sample	repeated	sqlite	raw	prefix	759	304500
sample	repeated	sqlite	raw	prefix	760	31667
sample	repeated	sqlite	raw	prefix	761	14208
sample	repeated	sqlite	raw	prefix	762	245792
sample	repeated	sqlite	raw	prefix	763	278959
sample	repeated	sqlite	raw	prefix	764	37708
sample	repeated	sqlite	raw	prefix	765	13875
sample	repeated	sqlite	raw	prefix	766	250250
sample	repeated	sqlite	raw	prefix	767	269250
sample	repeated	sqlite	raw	prefix	768	56209
sample	repeated	sqlite	raw	prefix	769	16750
sample	repeated	sqlite	raw	prefix	770	245209
sample	repeated	sqlite	raw	prefix	771	647333
sample	repeated	sqlite	raw	prefix	772	35459
sample	repeated	sqlite	raw	prefix	773	9750
sample	repeated	sqlite	raw	prefix	774	656500
sample	repeated	sqlite	raw	prefix	775	673667
sample	repeated	sqlite	raw	prefix	776	56750
sample	repeated	sqlite	raw	prefix	777	15375
sample	repeated	sqlite	raw	prefix	778	247208
sample	repeated	sqlite	raw	prefix	779	628500
sample	repeated	sqlite	raw	prefix	780	129083
sample	repeated	sqlite	raw	prefix	781	19959
sample	repeated	sqlite	raw	prefix	782	245916
sample	repeated	sqlite	raw	prefix	783	295917
sample	repeated	sqlite	raw	prefix	784	243542
sample	repeated	sqlite	raw	prefix	785	25541
sample	repeated	sqlite	raw	prefix	786	244083
sample	repeated	sqlite	raw	prefix	787	245458
sample	repeated	sqlite	raw	prefix	788	15167
sample	repeated	sqlite	raw	prefix	789	7833
sample	repeated	sqlite	raw	prefix	790	237917
sample	repeated	sqlite	raw	prefix	791	303250
sample	repeated	sqlite	raw	prefix	792	33083
sample	repeated	sqlite	raw	prefix	793	12792
sample	repeated	sqlite	raw	prefix	794	450291
sample	repeated	sqlite	raw	prefix	795	548083
sample	repeated	sqlite	raw	prefix	796	141375
sample	repeated	sqlite	raw	prefix	797	98250
sample	repeated	sqlite	raw	prefix	798	632834
sample	repeated	sqlite	raw	prefix	799	318750
sample	repeated	sqlite	raw	prefix	800	126500
sample	repeated	sqlite	raw	prefix	801	74250
sample	repeated	sqlite	raw	prefix	802	591166
sample	repeated	sqlite	raw	prefix	803	286375
sample	repeated	sqlite	raw	prefix	804	111917
sample	repeated	sqlite	raw	prefix	805	20292
sample	repeated	sqlite	raw	prefix	806	285792
sample	repeated	sqlite	raw	prefix	807	297209
sample	repeated	sqlite	raw	prefix	808	35875
sample	repeated	sqlite	raw	prefix	809	15334
sample	repeated	sqlite	raw	prefix	810	280667
sample	repeated	sqlite	raw	prefix	811	418250
sample	repeated	sqlite	raw	prefix	812	30250
sample	repeated	sqlite	raw	prefix	813	10542
sample	repeated	sqlite	raw	prefix	814	246166
sample	repeated	sqlite	raw	prefix	815	260584
sample	repeated	sqlite	raw	prefix	816	36334
sample	repeated	sqlite	raw	prefix	817	14209
sample	repeated	sqlite	raw	prefix	818	256458
sample	repeated	sqlite	raw	prefix	819	268083
sample	repeated	sqlite	raw	prefix	820	29500
sample	repeated	sqlite	raw	prefix	821	9625
sample	repeated	sqlite	raw	prefix	822	250209
sample	repeated	sqlite	raw	prefix	823	257917
sample	repeated	sqlite	raw	prefix	824	20958
sample	repeated	sqlite	raw	prefix	825	10458
sample	repeated	sqlite	raw	prefix	826	412834
sample	repeated	sqlite	raw	prefix	827	272583
sample	repeated	sqlite	raw	prefix	828	28208
sample	repeated	sqlite	raw	prefix	829	11041
sample	repeated	sqlite	raw	prefix	830	250875
sample	repeated	sqlite	raw	prefix	831	545167
sample	repeated	sqlite	raw	prefix	832	28375
sample	repeated	sqlite	raw	prefix	833	11833
sample	repeated	sqlite	raw	prefix	834	255166
sample	repeated	sqlite	raw	prefix	835	288875
sample	repeated	sqlite	raw	prefix	836	27542
sample	repeated	sqlite	raw	prefix	837	15750
sample	repeated	sqlite	raw	prefix	838	243708
sample	repeated	sqlite	raw	prefix	839	256875
sample	repeated	sqlite	raw	prefix	840	25583
sample	repeated	sqlite	raw	prefix	841	13125
sample	repeated	sqlite	raw	prefix	842	238958
sample	repeated	sqlite	raw	prefix	843	249291
sample	repeated	sqlite	raw	prefix	844	37209
sample	repeated	sqlite	raw	prefix	845	20541
sample	repeated	sqlite	raw	prefix	846	243417
sample	repeated	sqlite	raw	prefix	847	257458
sample	repeated	sqlite	raw	prefix	848	49542
sample	repeated	sqlite	raw	prefix	849	16333
sample	repeated	sqlite	raw	prefix	850	237500
sample	repeated	sqlite	raw	prefix	851	242542
sample	repeated	sqlite	raw	prefix	852	14166
sample	repeated	sqlite	raw	prefix	853	15166
sample	repeated	sqlite	raw	prefix	854	270750
sample	repeated	sqlite	raw	prefix	855	265292
sample	repeated	sqlite	raw	prefix	856	25041
sample	repeated	sqlite	raw	prefix	857	10834
sample	repeated	sqlite	raw	prefix	858	384209
sample	repeated	sqlite	raw	prefix	859	274292
sample	repeated	sqlite	raw	prefix	860	26667
sample	repeated	sqlite	raw	prefix	861	15750
sample	repeated	sqlite	raw	prefix	862	240667
sample	repeated	sqlite	raw	prefix	863	371334
sample	repeated	sqlite	raw	prefix	864	25917
sample	repeated	sqlite	raw	prefix	865	13333
sample	repeated	sqlite	raw	prefix	866	245167
sample	repeated	sqlite	raw	prefix	867	243917
sample	repeated	sqlite	raw	prefix	868	21041
sample	repeated	sqlite	raw	prefix	869	13083
sample	repeated	sqlite	raw	prefix	870	241792
sample	repeated	sqlite	raw	prefix	871	278791
sample	repeated	sqlite	raw	prefix	872	19459
sample	repeated	sqlite	raw	prefix	873	16541
sample	repeated	sqlite	raw	prefix	874	286500
sample	repeated	sqlite	raw	prefix	875	481708
sample	repeated	sqlite	raw	prefix	876	38334
sample	repeated	sqlite	raw	prefix	877	9750
sample	repeated	sqlite	raw	prefix	878	242417
sample	repeated	sqlite	raw	prefix	879	249583
sample	repeated	sqlite	raw	prefix	880	33458
sample	repeated	sqlite	raw	prefix	881	12792
sample	repeated	sqlite	raw	prefix	882	253666
sample	repeated	sqlite	raw	prefix	883	346958
sample	repeated	sqlite	raw	prefix	884	34042
sample	repeated	sqlite	raw	prefix	885	9709
sample	repeated	sqlite	raw	prefix	886	391041
sample	repeated	sqlite	raw	prefix	887	261875
sample	repeated	sqlite	raw	prefix	888	28958
sample	repeated	sqlite	raw	prefix	889	10958
sample	repeated	sqlite	raw	prefix	890	242541
sample	repeated	sqlite	raw	prefix	891	244417
sample	repeated	sqlite	raw	prefix	892	25667
sample	repeated	sqlite	raw	prefix	893	9541
sample	repeated	sqlite	raw	prefix	894	312250
sample	repeated	sqlite	raw	prefix	895	288375
sample	repeated	sqlite	raw	prefix	896	20334
sample	repeated	sqlite	raw	prefix	897	12250
sample	repeated	sqlite	raw	prefix	898	329208
sample	repeated	sqlite	raw	prefix	899	325083
sample	repeated	sqlite	raw	prefix	900	34708
sample	repeated	sqlite	raw	prefix	901	19000
sample	repeated	sqlite	raw	prefix	902	245625
sample	repeated	sqlite	raw	prefix	903	247042
sample	repeated	sqlite	raw	prefix	904	13458
sample	repeated	sqlite	raw	prefix	905	12125
sample	repeated	sqlite	raw	prefix	906	238042
sample	repeated	sqlite	raw	prefix	907	253125
sample	repeated	sqlite	raw	prefix	908	18875
sample	repeated	sqlite	raw	prefix	909	14625
sample	repeated	sqlite	raw	prefix	910	241084
sample	repeated	sqlite	raw	prefix	911	282792
sample	repeated	sqlite	raw	prefix	912	23000
sample	repeated	sqlite	raw	prefix	913	10750
sample	repeated	sqlite	raw	prefix	914	489584
sample	repeated	sqlite	raw	prefix	915	277458
sample	repeated	sqlite	raw	prefix	916	29167
sample	repeated	sqlite	raw	prefix	917	10208
sample	repeated	sqlite	raw	prefix	918	244125
sample	repeated	sqlite	raw	prefix	919	276208
sample	repeated	sqlite	raw	prefix	920	26500
sample	repeated	sqlite	raw	prefix	921	16583
sample	repeated	sqlite	raw	prefix	922	244083
sample	repeated	sqlite	raw	prefix	923	363416
sample	repeated	sqlite	raw	prefix	924	28584
sample	repeated	sqlite	raw	prefix	925	10583
sample	repeated	sqlite	raw	prefix	926	241333
sample	repeated	sqlite	raw	prefix	927	268041
sample	repeated	sqlite	raw	prefix	928	28250
sample	repeated	sqlite	raw	prefix	929	11167
sample	repeated	sqlite	raw	prefix	930	239417
sample	repeated	sqlite	raw	prefix	931	245833
sample	repeated	sqlite	raw	prefix	932	30458
sample	repeated	sqlite	raw	prefix	933	10291
sample	repeated	sqlite	raw	prefix	934	245250
sample	repeated	sqlite	raw	prefix	935	677208
sample	repeated	sqlite	raw	prefix	936	38041
sample	repeated	sqlite	raw	prefix	937	12375
sample	repeated	sqlite	raw	prefix	938	244875
sample	repeated	sqlite	raw	prefix	939	257167
sample	repeated	sqlite	raw	prefix	940	21583
sample	repeated	sqlite	raw	prefix	941	12875
sample	repeated	sqlite	raw	prefix	942	241209
sample	repeated	sqlite	raw	prefix	943	256125
sample	repeated	sqlite	raw	prefix	944	30416
sample	repeated	sqlite	raw	prefix	945	11000
sample	repeated	sqlite	raw	prefix	946	276250
sample	repeated	sqlite	raw	prefix	947	301875
sample	repeated	sqlite	raw	prefix	948	25917
sample	repeated	sqlite	raw	prefix	949	14583
sample	repeated	sqlite	raw	prefix	950	240333
sample	repeated	sqlite	raw	prefix	951	254333
sample	repeated	sqlite	raw	prefix	952	24875
sample	repeated	sqlite	raw	prefix	953	11500
sample	repeated	sqlite	raw	prefix	954	240917
sample	repeated	sqlite	raw	prefix	955	257209
sample	repeated	sqlite	raw	prefix	956	23417
sample	repeated	sqlite	raw	prefix	957	11334
sample	repeated	sqlite	raw	prefix	958	376833
sample	repeated	sqlite	raw	prefix	959	267875
sample	repeated	sqlite	raw	prefix	960	32833
sample	repeated	sqlite	raw	prefix	961	13583
sample	repeated	sqlite	raw	prefix	962	241667
sample	repeated	sqlite	raw	prefix	963	263083
sample	repeated	sqlite	raw	prefix	964	19917
sample	repeated	sqlite	raw	prefix	965	10834
sample	repeated	sqlite	raw	prefix	966	239250
sample	repeated	sqlite	raw	prefix	967	600334
sample	repeated	sqlite	raw	prefix	968	41167
sample	repeated	sqlite	raw	prefix	969	81958
sample	repeated	sqlite	raw	prefix	970	255959
sample	repeated	sqlite	raw	prefix	971	258125
sample	repeated	sqlite	raw	prefix	972	22125
sample	repeated	sqlite	raw	prefix	973	10083
sample	repeated	sqlite	raw	prefix	974	237625
sample	repeated	sqlite	raw	prefix	975	502500
sample	repeated	sqlite	raw	prefix	976	31667
sample	repeated	sqlite	raw	prefix	977	11709
sample	repeated	sqlite	raw	prefix	978	453083
sample	repeated	sqlite	raw	prefix	979	264125
sample	repeated	sqlite	raw	prefix	980	26750
sample	repeated	sqlite	raw	prefix	981	9125
sample	repeated	sqlite	raw	prefix	982	240500
sample	repeated	sqlite	raw	prefix	983	261250
sample	repeated	sqlite	raw	prefix	984	42417
sample	repeated	sqlite	raw	prefix	985	13250
sample	repeated	sqlite	raw	prefix	986	249416
sample	repeated	sqlite	raw	prefix	987	258708
sample	repeated	sqlite	raw	prefix	988	30542
sample	repeated	sqlite	raw	prefix	989	10125
sample	repeated	sqlite	raw	prefix	990	342166
sample	repeated	sqlite	raw	prefix	991	266958
sample	repeated	sqlite	raw	prefix	992	26500
sample	repeated	sqlite	raw	prefix	993	11208
sample	repeated	sqlite	raw	prefix	994	241875
sample	repeated	sqlite	raw	prefix	995	264666
sample	repeated	sqlite	raw	prefix	996	26750
sample	repeated	sqlite	raw	prefix	997	10000
sample	repeated	sqlite	raw	prefix	998	244958
sample	repeated	sqlite	raw	prefix	999	256791
sample	repeated	sqlite	raw	render	0	27125
sample	repeated	sqlite	raw	render	1	7875
sample	repeated	sqlite	raw	render	2	6250
sample	repeated	sqlite	raw	render	3	6042
sample	repeated	sqlite	raw	render	4	6125
sample	repeated	sqlite	raw	render	5	5375
sample	repeated	sqlite	raw	render	6	5542
sample	repeated	sqlite	raw	render	7	5500
sample	repeated	sqlite	raw	render	8	5250
sample	repeated	sqlite	raw	render	9	6083
sample	repeated	sqlite	raw	render	10	5917
sample	repeated	sqlite	raw	render	11	13958
sample	repeated	sqlite	raw	render	12	67875
sample	repeated	sqlite	raw	render	13	27458
sample	repeated	sqlite	raw	render	14	25334
sample	repeated	sqlite	raw	render	15	11791
sample	repeated	sqlite	raw	render	16	11083
sample	repeated	sqlite	raw	render	17	10750
sample	repeated	sqlite	raw	render	18	11541
sample	repeated	sqlite	raw	render	19	16542
sample	repeated	sqlite	raw	render	20	6583
sample	repeated	sqlite	raw	render	21	6292
sample	repeated	sqlite	raw	render	22	5500
sample	repeated	sqlite	raw	render	23	5375
sample	repeated	sqlite	raw	render	24	5166
sample	repeated	sqlite	raw	render	25	5333
sample	repeated	sqlite	raw	render	26	5208
sample	repeated	sqlite	raw	render	27	5125
sample	repeated	sqlite	raw	render	28	5250
sample	repeated	sqlite	raw	render	29	5042
sample	repeated	sqlite	raw	render	30	6292
sample	repeated	sqlite	raw	render	31	13791
sample	repeated	sqlite	raw	render	32	11875
sample	repeated	sqlite	raw	render	33	5291
sample	repeated	sqlite	raw	render	34	9833
sample	repeated	sqlite	raw	render	35	4917
sample	repeated	sqlite	raw	render	36	4833
sample	repeated	sqlite	raw	render	37	4917
sample	repeated	sqlite	raw	render	38	13500
sample	repeated	sqlite	raw	render	39	7125
sample	repeated	sqlite	raw	render	40	6208
sample	repeated	sqlite	raw	render	41	5458
sample	repeated	sqlite	raw	render	42	5667
sample	repeated	sqlite	raw	render	43	5125
sample	repeated	sqlite	raw	render	44	5125
sample	repeated	sqlite	raw	render	45	5083
sample	repeated	sqlite	raw	render	46	5250
sample	repeated	sqlite	raw	render	47	5291
sample	repeated	sqlite	raw	render	48	4916
sample	repeated	sqlite	raw	render	49	5250
sample	repeated	sqlite	raw	render	50	6167
sample	repeated	sqlite	raw	render	51	5042
sample	repeated	sqlite	raw	render	52	5000
sample	repeated	sqlite	raw	render	53	5084
sample	repeated	sqlite	raw	render	54	4875
sample	repeated	sqlite	raw	render	55	5292
sample	repeated	sqlite	raw	render	56	4875
sample	repeated	sqlite	raw	render	57	5000
sample	repeated	sqlite	raw	render	58	4833
sample	repeated	sqlite	raw	render	59	4833
sample	repeated	sqlite	raw	render	60	4875
sample	repeated	sqlite	raw	render	61	4875
sample	repeated	sqlite	raw	render	62	4917
sample	repeated	sqlite	raw	render	63	4916
sample	repeated	sqlite	raw	render	64	5000
sample	repeated	sqlite	raw	render	65	5125
sample	repeated	sqlite	raw	render	66	4750
sample	repeated	sqlite	raw	render	67	4917
sample	repeated	sqlite	raw	render	68	4792
sample	repeated	sqlite	raw	render	69	4750
sample	repeated	sqlite	raw	render	70	5125
sample	repeated	sqlite	raw	render	71	4792
sample	repeated	sqlite	raw	render	72	4791
sample	repeated	sqlite	raw	render	73	4750
sample	repeated	sqlite	raw	render	74	4917
sample	repeated	sqlite	raw	render	75	5042
sample	repeated	sqlite	raw	render	76	5000
sample	repeated	sqlite	raw	render	77	5042
sample	repeated	sqlite	raw	render	78	4833
sample	repeated	sqlite	raw	render	79	4917
sample	repeated	sqlite	raw	render	80	4709
sample	repeated	sqlite	raw	render	81	5000
sample	repeated	sqlite	raw	render	82	4792
sample	repeated	sqlite	raw	render	83	5083
sample	repeated	sqlite	raw	render	84	4667
sample	repeated	sqlite	raw	render	85	4834
sample	repeated	sqlite	raw	render	86	4833
sample	repeated	sqlite	raw	render	87	5000
sample	repeated	sqlite	raw	render	88	4750
sample	repeated	sqlite	raw	render	89	4833
sample	repeated	sqlite	raw	render	90	4750
sample	repeated	sqlite	raw	render	91	4917
sample	repeated	sqlite	raw	render	92	4792
sample	repeated	sqlite	raw	render	93	5000
sample	repeated	sqlite	raw	render	94	5375
sample	repeated	sqlite	raw	render	95	4875
sample	repeated	sqlite	raw	render	96	4792
sample	repeated	sqlite	raw	render	97	5166
sample	repeated	sqlite	raw	render	98	4833
sample	repeated	sqlite	raw	render	99	4917
sample	repeated	sqlite	raw	render	100	4833
sample	repeated	sqlite	raw	render	101	4875
sample	repeated	sqlite	raw	render	102	4750
sample	repeated	sqlite	raw	render	103	4750
sample	repeated	sqlite	raw	render	104	4792
sample	repeated	sqlite	raw	render	105	4875
sample	repeated	sqlite	raw	render	106	4875
sample	repeated	sqlite	raw	render	107	4917
sample	repeated	sqlite	raw	render	108	4792
sample	repeated	sqlite	raw	render	109	4833
sample	repeated	sqlite	raw	render	110	5083
sample	repeated	sqlite	raw	render	111	6291
sample	repeated	sqlite	raw	render	112	5541
sample	repeated	sqlite	raw	render	113	4791
sample	repeated	sqlite	raw	render	114	4916
sample	repeated	sqlite	raw	render	115	4875
sample	repeated	sqlite	raw	render	116	4792
sample	repeated	sqlite	raw	render	117	4875
sample	repeated	sqlite	raw	render	118	4792
sample	repeated	sqlite	raw	render	119	5000
sample	repeated	sqlite	raw	render	120	4917
sample	repeated	sqlite	raw	render	121	5208
sample	repeated	sqlite	raw	render	122	5166
sample	repeated	sqlite	raw	render	123	8416
sample	repeated	sqlite	raw	render	124	4750
sample	repeated	sqlite	raw	render	125	5000
sample	repeated	sqlite	raw	render	126	12000
sample	repeated	sqlite	raw	render	127	5833
sample	repeated	sqlite	raw	render	128	4958
sample	repeated	sqlite	raw	render	129	4917
sample	repeated	sqlite	raw	render	130	4958
sample	repeated	sqlite	raw	render	131	4958
sample	repeated	sqlite	raw	render	132	4833
sample	repeated	sqlite	raw	render	133	5084
sample	repeated	sqlite	raw	render	134	5083
sample	repeated	sqlite	raw	render	135	5417
sample	repeated	sqlite	raw	render	136	4916
sample	repeated	sqlite	raw	render	137	5250
sample	repeated	sqlite	raw	render	138	4791
sample	repeated	sqlite	raw	render	139	5333
sample	repeated	sqlite	raw	render	140	5000
sample	repeated	sqlite	raw	render	141	4958
sample	repeated	sqlite	raw	render	142	5209
sample	repeated	sqlite	raw	render	143	5792
sample	repeated	sqlite	raw	render	144	5042
sample	repeated	sqlite	raw	render	145	5334
sample	repeated	sqlite	raw	render	146	5041
sample	repeated	sqlite	raw	render	147	4959
sample	repeated	sqlite	raw	render	148	4958
sample	repeated	sqlite	raw	render	149	5250
sample	repeated	sqlite	raw	render	150	4917
sample	repeated	sqlite	raw	render	151	5417
sample	repeated	sqlite	raw	render	152	4833
sample	repeated	sqlite	raw	render	153	4792
sample	repeated	sqlite	raw	render	154	4792
sample	repeated	sqlite	raw	render	155	4917
sample	repeated	sqlite	raw	render	156	4792
sample	repeated	sqlite	raw	render	157	4917
sample	repeated	sqlite	raw	render	158	4791
sample	repeated	sqlite	raw	render	159	5084
sample	repeated	sqlite	raw	render	160	4708
sample	repeated	sqlite	raw	render	161	4917
sample	repeated	sqlite	raw	render	162	4833
sample	repeated	sqlite	raw	render	163	4958
sample	repeated	sqlite	raw	render	164	5125
sample	repeated	sqlite	raw	render	165	4958
sample	repeated	sqlite	raw	render	166	4791
sample	repeated	sqlite	raw	render	167	5084
sample	repeated	sqlite	raw	render	168	4708
sample	repeated	sqlite	raw	render	169	4875
sample	repeated	sqlite	raw	render	170	4834
sample	repeated	sqlite	raw	render	171	4958
sample	repeated	sqlite	raw	render	172	4750
sample	repeated	sqlite	raw	render	173	5125
sample	repeated	sqlite	raw	render	174	4750
sample	repeated	sqlite	raw	render	175	5208
sample	repeated	sqlite	raw	render	176	4708
sample	repeated	sqlite	raw	render	177	4791
sample	repeated	sqlite	raw	render	178	4625
sample	repeated	sqlite	raw	render	179	4833
sample	repeated	sqlite	raw	render	180	4833
sample	repeated	sqlite	raw	render	181	4916
sample	repeated	sqlite	raw	render	182	4875
sample	repeated	sqlite	raw	render	183	5666
sample	repeated	sqlite	raw	render	184	14125
sample	repeated	sqlite	raw	render	185	10666
sample	repeated	sqlite	raw	render	186	5250
sample	repeated	sqlite	raw	render	187	5791
sample	repeated	sqlite	raw	render	188	5208
sample	repeated	sqlite	raw	render	189	5709
sample	repeated	sqlite	raw	render	190	4958
sample	repeated	sqlite	raw	render	191	5208
sample	repeated	sqlite	raw	render	192	4792
sample	repeated	sqlite	raw	render	193	5167
sample	repeated	sqlite	raw	render	194	14667
sample	repeated	sqlite	raw	render	195	5500
sample	repeated	sqlite	raw	render	196	4833
sample	repeated	sqlite	raw	render	197	4834
sample	repeated	sqlite	raw	render	198	4917
sample	repeated	sqlite	raw	render	199	6334
sample	repeated	sqlite	raw	render	200	4875
sample	repeated	sqlite	raw	render	201	5041
sample	repeated	sqlite	raw	render	202	4875
sample	repeated	sqlite	raw	render	203	5459
sample	repeated	sqlite	raw	render	204	14208
sample	repeated	sqlite	raw	render	205	11208
sample	repeated	sqlite	raw	render	206	4792
sample	repeated	sqlite	raw	render	207	5166
sample	repeated	sqlite	raw	render	208	4750
sample	repeated	sqlite	raw	render	209	5083
sample	repeated	sqlite	raw	render	210	9167
sample	repeated	sqlite	raw	render	211	9083
sample	repeated	sqlite	raw	render	212	9666
sample	repeated	sqlite	raw	render	213	9000
sample	repeated	sqlite	raw	render	214	8292
sample	repeated	sqlite	raw	render	215	9667
sample	repeated	sqlite	raw	render	216	8292
sample	repeated	sqlite	raw	render	217	8333
sample	repeated	sqlite	raw	render	218	5000
sample	repeated	sqlite	raw	render	219	4916
sample	repeated	sqlite	raw	render	220	4917
sample	repeated	sqlite	raw	render	221	5084
sample	repeated	sqlite	raw	render	222	5417
sample	repeated	sqlite	raw	render	223	6083
sample	repeated	sqlite	raw	render	224	4958
sample	repeated	sqlite	raw	render	225	8291
sample	repeated	sqlite	raw	render	226	5542
sample	repeated	sqlite	raw	render	227	8166
sample	repeated	sqlite	raw	render	228	5042
sample	repeated	sqlite	raw	render	229	4917
sample	repeated	sqlite	raw	render	230	4917
sample	repeated	sqlite	raw	render	231	5625
sample	repeated	sqlite	raw	render	232	4875
sample	repeated	sqlite	raw	render	233	4958
sample	repeated	sqlite	raw	render	234	4875
sample	repeated	sqlite	raw	render	235	4708
sample	repeated	sqlite	raw	render	236	4917
sample	repeated	sqlite	raw	render	237	4959
sample	repeated	sqlite	raw	render	238	8875
sample	repeated	sqlite	raw	render	239	9541
sample	repeated	sqlite	raw	render	240	5792
sample	repeated	sqlite	raw	render	241	8333
sample	repeated	sqlite	raw	render	242	4917
sample	repeated	sqlite	raw	render	243	5458
sample	repeated	sqlite	raw	render	244	8458
sample	repeated	sqlite	raw	render	245	8542
sample	repeated	sqlite	raw	render	246	5209
sample	repeated	sqlite	raw	render	247	5667
sample	repeated	sqlite	raw	render	248	5000
sample	repeated	sqlite	raw	render	249	5042
sample	repeated	sqlite	raw	render	250	10000
sample	repeated	sqlite	raw	render	251	5750
sample	repeated	sqlite	raw	render	252	5250
sample	repeated	sqlite	raw	render	253	5167
sample	repeated	sqlite	raw	render	254	5083
sample	repeated	sqlite	raw	render	255	5167
sample	repeated	sqlite	raw	render	256	5042
sample	repeated	sqlite	raw	render	257	4875
sample	repeated	sqlite	raw	render	258	4750
sample	repeated	sqlite	raw	render	259	4833
sample	repeated	sqlite	raw	render	260	4791
sample	repeated	sqlite	raw	render	261	9167
sample	repeated	sqlite	raw	render	262	8542
sample	repeated	sqlite	raw	render	263	5291
sample	repeated	sqlite	raw	render	264	5542
sample	repeated	sqlite	raw	render	265	5041
sample	repeated	sqlite	raw	render	266	4917
sample	repeated	sqlite	raw	render	267	4916
sample	repeated	sqlite	raw	render	268	4834
sample	repeated	sqlite	raw	render	269	5042
sample	repeated	sqlite	raw	render	270	4792
sample	repeated	sqlite	raw	render	271	5000
sample	repeated	sqlite	raw	render	272	5000
sample	repeated	sqlite	raw	render	273	4750
sample	repeated	sqlite	raw	render	274	4750
sample	repeated	sqlite	raw	render	275	5417
sample	repeated	sqlite	raw	render	276	8791
sample	repeated	sqlite	raw	render	277	11583
sample	repeated	sqlite	raw	render	278	5083
sample	repeated	sqlite	raw	render	279	4791
sample	repeated	sqlite	raw	render	280	5083
sample	repeated	sqlite	raw	render	281	4792
sample	repeated	sqlite	raw	render	282	4917
sample	repeated	sqlite	raw	render	283	10958
sample	repeated	sqlite	raw	render	284	5125
sample	repeated	sqlite	raw	render	285	4834
sample	repeated	sqlite	raw	render	286	5667
sample	repeated	sqlite	raw	render	287	5167
sample	repeated	sqlite	raw	render	288	5000
sample	repeated	sqlite	raw	render	289	4791
sample	repeated	sqlite	raw	render	290	5167
sample	repeated	sqlite	raw	render	291	4958
sample	repeated	sqlite	raw	render	292	4667
sample	repeated	sqlite	raw	render	293	4958
sample	repeated	sqlite	raw	render	294	4834
sample	repeated	sqlite	raw	render	295	5250
sample	repeated	sqlite	raw	render	296	5041
sample	repeated	sqlite	raw	render	297	4666
sample	repeated	sqlite	raw	render	298	4708
sample	repeated	sqlite	raw	render	299	4875
sample	repeated	sqlite	raw	render	300	4750
sample	repeated	sqlite	raw	render	301	4834
sample	repeated	sqlite	raw	render	302	4958
sample	repeated	sqlite	raw	render	303	4916
sample	repeated	sqlite	raw	render	304	4833
sample	repeated	sqlite	raw	render	305	4750
sample	repeated	sqlite	raw	render	306	4875
sample	repeated	sqlite	raw	render	307	5084
sample	repeated	sqlite	raw	render	308	4709
sample	repeated	sqlite	raw	render	309	5000
sample	repeated	sqlite	raw	render	310	4708
sample	repeated	sqlite	raw	render	311	4708
sample	repeated	sqlite	raw	render	312	4625
sample	repeated	sqlite	raw	render	313	4583
sample	repeated	sqlite	raw	render	314	4750
sample	repeated	sqlite	raw	render	315	4833
sample	repeated	sqlite	raw	render	316	4709
sample	repeated	sqlite	raw	render	317	4709
sample	repeated	sqlite	raw	render	318	4750
sample	repeated	sqlite	raw	render	319	4791
sample	repeated	sqlite	raw	render	320	4959
sample	repeated	sqlite	raw	render	321	4709
sample	repeated	sqlite	raw	render	322	4750
sample	repeated	sqlite	raw	render	323	4791
sample	repeated	sqlite	raw	render	324	7708
sample	repeated	sqlite	raw	render	325	4792
sample	repeated	sqlite	raw	render	326	4750
sample	repeated	sqlite	raw	render	327	4791
sample	repeated	sqlite	raw	render	328	4916
sample	repeated	sqlite	raw	render	329	4750
sample	repeated	sqlite	raw	render	330	4708
sample	repeated	sqlite	raw	render	331	4709
sample	repeated	sqlite	raw	render	332	4875
sample	repeated	sqlite	raw	render	333	4667
sample	repeated	sqlite	raw	render	334	4834
sample	repeated	sqlite	raw	render	335	4791
sample	repeated	sqlite	raw	render	336	4875
sample	repeated	sqlite	raw	render	337	4917
sample	repeated	sqlite	raw	render	338	5000
sample	repeated	sqlite	raw	render	339	4667
sample	repeated	sqlite	raw	render	340	5167
sample	repeated	sqlite	raw	render	341	4750
sample	repeated	sqlite	raw	render	342	4750
sample	repeated	sqlite	raw	render	343	4666
sample	repeated	sqlite	raw	render	344	4708
sample	repeated	sqlite	raw	render	345	4667
sample	repeated	sqlite	raw	render	346	4709
sample	repeated	sqlite	raw	render	347	4750
sample	repeated	sqlite	raw	render	348	4875
sample	repeated	sqlite	raw	render	349	4750
sample	repeated	sqlite	raw	render	350	4792
sample	repeated	sqlite	raw	render	351	4708
sample	repeated	sqlite	raw	render	352	4750
sample	repeated	sqlite	raw	render	353	4875
sample	repeated	sqlite	raw	render	354	4750
sample	repeated	sqlite	raw	render	355	4708
sample	repeated	sqlite	raw	render	356	5084
sample	repeated	sqlite	raw	render	357	5834
sample	repeated	sqlite	raw	render	358	5916
sample	repeated	sqlite	raw	render	359	4834
sample	repeated	sqlite	raw	render	360	4875
sample	repeated	sqlite	raw	render	361	4875
sample	repeated	sqlite	raw	render	362	5083
sample	repeated	sqlite	raw	render	363	4709
sample	repeated	sqlite	raw	render	364	5209
sample	repeated	sqlite	raw	render	365	4834
sample	repeated	sqlite	raw	render	366	4875
sample	repeated	sqlite	raw	render	367	4750
sample	repeated	sqlite	raw	render	368	4875
sample	repeated	sqlite	raw	render	369	4708
sample	repeated	sqlite	raw	render	370	4792
sample	repeated	sqlite	raw	render	371	4750
sample	repeated	sqlite	raw	render	372	4791
sample	repeated	sqlite	raw	render	373	4709
sample	repeated	sqlite	raw	render	374	4792
sample	repeated	sqlite	raw	render	375	4584
sample	repeated	sqlite	raw	render	376	5083
sample	repeated	sqlite	raw	render	377	4625
sample	repeated	sqlite	raw	render	378	4875
sample	repeated	sqlite	raw	render	379	4625
sample	repeated	sqlite	raw	render	380	4875
sample	repeated	sqlite	raw	render	381	4750
sample	repeated	sqlite	raw	render	382	4917
sample	repeated	sqlite	raw	render	383	4667
sample	repeated	sqlite	raw	render	384	4833
sample	repeated	sqlite	raw	render	385	4916
sample	repeated	sqlite	raw	render	386	5250
sample	repeated	sqlite	raw	render	387	4875
sample	repeated	sqlite	raw	render	388	5208
sample	repeated	sqlite	raw	render	389	4792
sample	repeated	sqlite	raw	render	390	4792
sample	repeated	sqlite	raw	render	391	4834
sample	repeated	sqlite	raw	render	392	5000
sample	repeated	sqlite	raw	render	393	4750
sample	repeated	sqlite	raw	render	394	4875
sample	repeated	sqlite	raw	render	395	4542
sample	repeated	sqlite	raw	render	396	4709
sample	repeated	sqlite	raw	render	397	4833
sample	repeated	sqlite	raw	render	398	5500
sample	repeated	sqlite	raw	render	399	11709
sample	repeated	sqlite	raw	render	400	5667
sample	repeated	sqlite	raw	render	401	4958
sample	repeated	sqlite	raw	render	402	5042
sample	repeated	sqlite	raw	render	403	4666
sample	repeated	sqlite	raw	render	404	21500
sample	repeated	sqlite	raw	render	405	6750
sample	repeated	sqlite	raw	render	406	6958
sample	repeated	sqlite	raw	render	407	5917
sample	repeated	sqlite	raw	render	408	5833
sample	repeated	sqlite	raw	render	409	5250
sample	repeated	sqlite	raw	render	410	5250
sample	repeated	sqlite	raw	render	411	4875
sample	repeated	sqlite	raw	render	412	5084
sample	repeated	sqlite	raw	render	413	5000
sample	repeated	sqlite	raw	render	414	19750
sample	repeated	sqlite	raw	render	415	5250
sample	repeated	sqlite	raw	render	416	5792
sample	repeated	sqlite	raw	render	417	5167
sample	repeated	sqlite	raw	render	418	5125
sample	repeated	sqlite	raw	render	419	4917
sample	repeated	sqlite	raw	render	420	5000
sample	repeated	sqlite	raw	render	421	5042
sample	repeated	sqlite	raw	render	422	42834
sample	repeated	sqlite	raw	render	423	6333
sample	repeated	sqlite	raw	render	424	5208
sample	repeated	sqlite	raw	render	425	5125
sample	repeated	sqlite	raw	render	426	4834
sample	repeated	sqlite	raw	render	427	4875
sample	repeated	sqlite	raw	render	428	65583
sample	repeated	sqlite	raw	render	429	15625
sample	repeated	sqlite	raw	render	430	6125
sample	repeated	sqlite	raw	render	431	5500
sample	repeated	sqlite	raw	render	432	15333
sample	repeated	sqlite	raw	render	433	5083
sample	repeated	sqlite	raw	render	434	5125
sample	repeated	sqlite	raw	render	435	4833
sample	repeated	sqlite	raw	render	436	5042
sample	repeated	sqlite	raw	render	437	5000
sample	repeated	sqlite	raw	render	438	11083
sample	repeated	sqlite	raw	render	439	7666
sample	repeated	sqlite	raw	render	440	5167
sample	repeated	sqlite	raw	render	441	5042
sample	repeated	sqlite	raw	render	442	9541
sample	repeated	sqlite	raw	render	443	5125
sample	repeated	sqlite	raw	render	444	4833
sample	repeated	sqlite	raw	render	445	4875
sample	repeated	sqlite	raw	render	446	5292
sample	repeated	sqlite	raw	render	447	4916
sample	repeated	sqlite	raw	render	448	4917
sample	repeated	sqlite	raw	render	449	4917
sample	repeated	sqlite	raw	render	450	5041
sample	repeated	sqlite	raw	render	451	5083
sample	repeated	sqlite	raw	render	452	9500
sample	repeated	sqlite	raw	render	453	8292
sample	repeated	sqlite	raw	render	454	5041
sample	repeated	sqlite	raw	render	455	4958
sample	repeated	sqlite	raw	render	456	4792
sample	repeated	sqlite	raw	render	457	4958
sample	repeated	sqlite	raw	render	458	19750
sample	repeated	sqlite	raw	render	459	7583
sample	repeated	sqlite	raw	render	460	6417
sample	repeated	sqlite	raw	render	461	5291
sample	repeated	sqlite	raw	render	462	5625
sample	repeated	sqlite	raw	render	463	5459
sample	repeated	sqlite	raw	render	464	5041
sample	repeated	sqlite	raw	render	465	5084
sample	repeated	sqlite	raw	render	466	5250
sample	repeated	sqlite	raw	render	467	5000
sample	repeated	sqlite	raw	render	468	4958
sample	repeated	sqlite	raw	render	469	5042
sample	repeated	sqlite	raw	render	470	5167
sample	repeated	sqlite	raw	render	471	5000
sample	repeated	sqlite	raw	render	472	10791
sample	repeated	sqlite	raw	render	473	9333
sample	repeated	sqlite	raw	render	474	9667
sample	repeated	sqlite	raw	render	475	5000
sample	repeated	sqlite	raw	render	476	5209
sample	repeated	sqlite	raw	render	477	4958
sample	repeated	sqlite	raw	render	478	5375
sample	repeated	sqlite	raw	render	479	5042
sample	repeated	sqlite	raw	render	480	5167
sample	repeated	sqlite	raw	render	481	4834
sample	repeated	sqlite	raw	render	482	4917
sample	repeated	sqlite	raw	render	483	4916
sample	repeated	sqlite	raw	render	484	4916
sample	repeated	sqlite	raw	render	485	4792
sample	repeated	sqlite	raw	render	486	5166
sample	repeated	sqlite	raw	render	487	4792
sample	repeated	sqlite	raw	render	488	4917
sample	repeated	sqlite	raw	render	489	4792
sample	repeated	sqlite	raw	render	490	5083
sample	repeated	sqlite	raw	render	491	4875
sample	repeated	sqlite	raw	render	492	4958
sample	repeated	sqlite	raw	render	493	4791
sample	repeated	sqlite	raw	render	494	5625
sample	repeated	sqlite	raw	render	495	5000
sample	repeated	sqlite	raw	render	496	5792
sample	repeated	sqlite	raw	render	497	4958
sample	repeated	sqlite	raw	render	498	4916
sample	repeated	sqlite	raw	render	499	5125
sample	repeated	sqlite	raw	render	500	4834
sample	repeated	sqlite	raw	render	501	4834
sample	repeated	sqlite	raw	render	502	5166
sample	repeated	sqlite	raw	render	503	4834
sample	repeated	sqlite	raw	render	504	4916
sample	repeated	sqlite	raw	render	505	5000
sample	repeated	sqlite	raw	render	506	4916
sample	repeated	sqlite	raw	render	507	4917
sample	repeated	sqlite	raw	render	508	4917
sample	repeated	sqlite	raw	render	509	4792
sample	repeated	sqlite	raw	render	510	5291
sample	repeated	sqlite	raw	render	511	4875
sample	repeated	sqlite	raw	render	512	4875
sample	repeated	sqlite	raw	render	513	5000
sample	repeated	sqlite	raw	render	514	5083
sample	repeated	sqlite	raw	render	515	4792
sample	repeated	sqlite	raw	render	516	4750
sample	repeated	sqlite	raw	render	517	4917
sample	repeated	sqlite	raw	render	518	4708
sample	repeated	sqlite	raw	render	519	4833
sample	repeated	sqlite	raw	render	520	4959
sample	repeated	sqlite	raw	render	521	4750
sample	repeated	sqlite	raw	render	522	4917
sample	repeated	sqlite	raw	render	523	4750
sample	repeated	sqlite	raw	render	524	4833
sample	repeated	sqlite	raw	render	525	8083
sample	repeated	sqlite	raw	render	526	4792
sample	repeated	sqlite	raw	render	527	4833
sample	repeated	sqlite	raw	render	528	4916
sample	repeated	sqlite	raw	render	529	17833
sample	repeated	sqlite	raw	render	530	14208
sample	repeated	sqlite	raw	render	531	6583
sample	repeated	sqlite	raw	render	532	5833
sample	repeated	sqlite	raw	render	533	6208
sample	repeated	sqlite	raw	render	534	5375
sample	repeated	sqlite	raw	render	535	5250
sample	repeated	sqlite	raw	render	536	5292
sample	repeated	sqlite	raw	render	537	5125
sample	repeated	sqlite	raw	render	538	5042
sample	repeated	sqlite	raw	render	539	4959
sample	repeated	sqlite	raw	render	540	5084
sample	repeated	sqlite	raw	render	541	5583
sample	repeated	sqlite	raw	render	542	4792
sample	repeated	sqlite	raw	render	543	5041
sample	repeated	sqlite	raw	render	544	4958
sample	repeated	sqlite	raw	render	545	4959
sample	repeated	sqlite	raw	render	546	5042
sample	repeated	sqlite	raw	render	547	4875
sample	repeated	sqlite	raw	render	548	4750
sample	repeated	sqlite	raw	render	549	5125
sample	repeated	sqlite	raw	render	550	11167
sample	repeated	sqlite	raw	render	551	5000
sample	repeated	sqlite	raw	render	552	4833
sample	repeated	sqlite	raw	render	553	4959
sample	repeated	sqlite	raw	render	554	4958
sample	repeated	sqlite	raw	render	555	4875
sample	repeated	sqlite	raw	render	556	4750
sample	repeated	sqlite	raw	render	557	6041
sample	repeated	sqlite	raw	render	558	5542
sample	repeated	sqlite	raw	render	559	5041
sample	repeated	sqlite	raw	render	560	4709
sample	repeated	sqlite	raw	render	561	5125
sample	repeated	sqlite	raw	render	562	5167
sample	repeated	sqlite	raw	render	563	5125
sample	repeated	sqlite	raw	render	564	5208
sample	repeated	sqlite	raw	render	565	5500
sample	repeated	sqlite	raw	render	566	4708
sample	repeated	sqlite	raw	render	567	5292
sample	repeated	sqlite	raw	render	568	5208
sample	repeated	sqlite	raw	render	569	4833
sample	repeated	sqlite	raw	render	570	5667
sample	repeated	sqlite	raw	render	571	5083
sample	repeated	sqlite	raw	render	572	4792
sample	repeated	sqlite	raw	render	573	5125
sample	repeated	sqlite	raw	render	574	5042
sample	repeated	sqlite	raw	render	575	4833
sample	repeated	sqlite	raw	render	576	4708
sample	repeated	sqlite	raw	render	577	5125
sample	repeated	sqlite	raw	render	578	4750
sample	repeated	sqlite	raw	render	579	4875
sample	repeated	sqlite	raw	render	580	4750
sample	repeated	sqlite	raw	render	581	4917
sample	repeated	sqlite	raw	render	582	4833
sample	repeated	sqlite	raw	render	583	5000
sample	repeated	sqlite	raw	render	584	4709
sample	repeated	sqlite	raw	render	585	4792
sample	repeated	sqlite	raw	render	586	5083
sample	repeated	sqlite	raw	render	587	4875
sample	repeated	sqlite	raw	render	588	4750
sample	repeated	sqlite	raw	render	589	6625
sample	repeated	sqlite	raw	render	590	4667
sample	repeated	sqlite	raw	render	591	4958
sample	repeated	sqlite	raw	render	592	4792
sample	repeated	sqlite	raw	render	593	5084
sample	repeated	sqlite	raw	render	594	4833
sample	repeated	sqlite	raw	render	595	5666
sample	repeated	sqlite	raw	render	596	6084
sample	repeated	sqlite	raw	render	597	4917
sample	repeated	sqlite	raw	render	598	4875
sample	repeated	sqlite	raw	render	599	4917
sample	repeated	sqlite	raw	render	600	4917
sample	repeated	sqlite	raw	render	601	6083
sample	repeated	sqlite	raw	render	602	4792
sample	repeated	sqlite	raw	render	603	4875
sample	repeated	sqlite	raw	render	604	4917
sample	repeated	sqlite	raw	render	605	5042
sample	repeated	sqlite	raw	render	606	4833
sample	repeated	sqlite	raw	render	607	4917
sample	repeated	sqlite	raw	render	608	4875
sample	repeated	sqlite	raw	render	609	4708
sample	repeated	sqlite	raw	render	610	4709
sample	repeated	sqlite	raw	render	611	4917
sample	repeated	sqlite	raw	render	612	4750
sample	repeated	sqlite	raw	render	613	5000
sample	repeated	sqlite	raw	render	614	4792
sample	repeated	sqlite	raw	render	615	4958
sample	repeated	sqlite	raw	render	616	4833
sample	repeated	sqlite	raw	render	617	5750
sample	repeated	sqlite	raw	render	618	5083
sample	repeated	sqlite	raw	render	619	4834
sample	repeated	sqlite	raw	render	620	5000
sample	repeated	sqlite	raw	render	621	5125
sample	repeated	sqlite	raw	render	622	4916
sample	repeated	sqlite	raw	render	623	4916
sample	repeated	sqlite	raw	render	624	4917
sample	repeated	sqlite	raw	render	625	9959
sample	repeated	sqlite	raw	render	626	14666
sample	repeated	sqlite	raw	render	627	5083
sample	repeated	sqlite	raw	render	628	4875
sample	repeated	sqlite	raw	render	629	4958
sample	repeated	sqlite	raw	render	630	5041
sample	repeated	sqlite	raw	render	631	4917
sample	repeated	sqlite	raw	render	632	4708
sample	repeated	sqlite	raw	render	633	5917
sample	repeated	sqlite	raw	render	634	5125
sample	repeated	sqlite	raw	render	635	17000
sample	repeated	sqlite	raw	render	636	11125
sample	repeated	sqlite	raw	render	637	4916
sample	repeated	sqlite	raw	render	638	4958
sample	repeated	sqlite	raw	render	639	4959
sample	repeated	sqlite	raw	render	640	4916
sample	repeated	sqlite	raw	render	641	4750
sample	repeated	sqlite	raw	render	642	4708
sample	repeated	sqlite	raw	render	643	4708
sample	repeated	sqlite	raw	render	644	4709
sample	repeated	sqlite	raw	render	645	5042
sample	repeated	sqlite	raw	render	646	4792
sample	repeated	sqlite	raw	render	647	4833
sample	repeated	sqlite	raw	render	648	23250
sample	repeated	sqlite	raw	render	649	11291
sample	repeated	sqlite	raw	render	650	6500
sample	repeated	sqlite	raw	render	651	6167
sample	repeated	sqlite	raw	render	652	5541
sample	repeated	sqlite	raw	render	653	15500
sample	repeated	sqlite	raw	render	654	5875
sample	repeated	sqlite	raw	render	655	9042
sample	repeated	sqlite	raw	render	656	5000
sample	repeated	sqlite	raw	render	657	4958
sample	repeated	sqlite	raw	render	658	4959
sample	repeated	sqlite	raw	render	659	4875
sample	repeated	sqlite	raw	render	660	5125
sample	repeated	sqlite	raw	render	661	7875
sample	repeated	sqlite	raw	render	662	7750
sample	repeated	sqlite	raw	render	663	8833
sample	repeated	sqlite	raw	render	664	5042
sample	repeated	sqlite	raw	render	665	9084
sample	repeated	sqlite	raw	render	666	9042
sample	repeated	sqlite	raw	render	667	9292
sample	repeated	sqlite	raw	render	668	9375
sample	repeated	sqlite	raw	render	669	9542
sample	repeated	sqlite	raw	render	670	9000
sample	repeated	sqlite	raw	render	671	8875
sample	repeated	sqlite	raw	render	672	8459
sample	repeated	sqlite	raw	render	673	11958
sample	repeated	sqlite	raw	render	674	8292
sample	repeated	sqlite	raw	render	675	18667
sample	repeated	sqlite	raw	render	676	8458
sample	repeated	sqlite	raw	render	677	5375
sample	repeated	sqlite	raw	render	678	4834
sample	repeated	sqlite	raw	render	679	5167
sample	repeated	sqlite	raw	render	680	8125
sample	repeated	sqlite	raw	render	681	4916
sample	repeated	sqlite	raw	render	682	4917
sample	repeated	sqlite	raw	render	683	8500
sample	repeated	sqlite	raw	render	684	5000
sample	repeated	sqlite	raw	render	685	5333
sample	repeated	sqlite	raw	render	686	5208
sample	repeated	sqlite	raw	render	687	4958
sample	repeated	sqlite	raw	render	688	4833
sample	repeated	sqlite	raw	render	689	5125
sample	repeated	sqlite	raw	render	690	6208
sample	repeated	sqlite	raw	render	691	5208
sample	repeated	sqlite	raw	render	692	4750
sample	repeated	sqlite	raw	render	693	5417
sample	repeated	sqlite	raw	render	694	4792
sample	repeated	sqlite	raw	render	695	4709
sample	repeated	sqlite	raw	render	696	5375
sample	repeated	sqlite	raw	render	697	5250
sample	repeated	sqlite	raw	render	698	4709
sample	repeated	sqlite	raw	render	699	4834
sample	repeated	sqlite	raw	render	700	4792
sample	repeated	sqlite	raw	render	701	5167
sample	repeated	sqlite	raw	render	702	4666
sample	repeated	sqlite	raw	render	703	5000
sample	repeated	sqlite	raw	render	704	4667
sample	repeated	sqlite	raw	render	705	4875
sample	repeated	sqlite	raw	render	706	4792
sample	repeated	sqlite	raw	render	707	5000
sample	repeated	sqlite	raw	render	708	4792
sample	repeated	sqlite	raw	render	709	5167
sample	repeated	sqlite	raw	render	710	5000
sample	repeated	sqlite	raw	render	711	4958
sample	repeated	sqlite	raw	render	712	5042
sample	repeated	sqlite	raw	render	713	4958
sample	repeated	sqlite	raw	render	714	4750
sample	repeated	sqlite	raw	render	715	4750
sample	repeated	sqlite	raw	render	716	4708
sample	repeated	sqlite	raw	render	717	5166
sample	repeated	sqlite	raw	render	718	5125
sample	repeated	sqlite	raw	render	719	4792
sample	repeated	sqlite	raw	render	720	4792
sample	repeated	sqlite	raw	render	721	4875
sample	repeated	sqlite	raw	render	722	4667
sample	repeated	sqlite	raw	render	723	4625
sample	repeated	sqlite	raw	render	724	4875
sample	repeated	sqlite	raw	render	725	5375
sample	repeated	sqlite	raw	render	726	8042
sample	repeated	sqlite	raw	render	727	5083
sample	repeated	sqlite	raw	render	728	4958
sample	repeated	sqlite	raw	render	729	4875
sample	repeated	sqlite	raw	render	730	4792
sample	repeated	sqlite	raw	render	731	5166
sample	repeated	sqlite	raw	render	732	4792
sample	repeated	sqlite	raw	render	733	5250
sample	repeated	sqlite	raw	render	734	4791
sample	repeated	sqlite	raw	render	735	5125
sample	repeated	sqlite	raw	render	736	4791
sample	repeated	sqlite	raw	render	737	4917
sample	repeated	sqlite	raw	render	738	4875
sample	repeated	sqlite	raw	render	739	4792
sample	repeated	sqlite	raw	render	740	5250
sample	repeated	sqlite	raw	render	741	5625
sample	repeated	sqlite	raw	render	742	5208
sample	repeated	sqlite	raw	render	743	4667
sample	repeated	sqlite	raw	render	744	4792
sample	repeated	sqlite	raw	render	745	5125
sample	repeated	sqlite	raw	render	746	4708
sample	repeated	sqlite	raw	render	747	4709
sample	repeated	sqlite	raw	render	748	4750
sample	repeated	sqlite	raw	render	749	5041
sample	repeated	sqlite	raw	render	750	5041
sample	repeated	sqlite	raw	render	751	4916
sample	repeated	sqlite	raw	render	752	4750
sample	repeated	sqlite	raw	render	753	14208
sample	repeated	sqlite	raw	render	754	6208
sample	repeated	sqlite	raw	render	755	5875
sample	repeated	sqlite	raw	render	756	6000
sample	repeated	sqlite	raw	render	757	5750
sample	repeated	sqlite	raw	render	758	5542
sample	repeated	sqlite	raw	render	759	5000
sample	repeated	sqlite	raw	render	760	5041
sample	repeated	sqlite	raw	render	761	5208
sample	repeated	sqlite	raw	render	762	4834
sample	repeated	sqlite	raw	render	763	4916
sample	repeated	sqlite	raw	render	764	4708
sample	repeated	sqlite	raw	render	765	5334
sample	repeated	sqlite	raw	render	766	5542
sample	repeated	sqlite	raw	render	767	5209
sample	repeated	sqlite	raw	render	768	4958
sample	repeated	sqlite	raw	render	769	4750
sample	repeated	sqlite	raw	render	770	4791
sample	repeated	sqlite	raw	render	771	4791
sample	repeated	sqlite	raw	render	772	4875
sample	repeated	sqlite	raw	render	773	4875
sample	repeated	sqlite	raw	render	774	4875
sample	repeated	sqlite	raw	render	775	4958
sample	repeated	sqlite	raw	render	776	4834
sample	repeated	sqlite	raw	render	777	5041
sample	repeated	sqlite	raw	render	778	5041
sample	repeated	sqlite	raw	render	779	4792
sample	repeated	sqlite	raw	render	780	4709
sample	repeated	sqlite	raw	render	781	4958
sample	repeated	sqlite	raw	render	782	4708
sample	repeated	sqlite	raw	render	783	4750
sample	repeated	sqlite	raw	render	784	4791
sample	repeated	sqlite	raw	render	785	4833
sample	repeated	sqlite	raw	render	786	5208
sample	repeated	sqlite	raw	render	787	10083
sample	repeated	sqlite	raw	render	788	5542
sample	repeated	sqlite	raw	render	789	9167
sample	repeated	sqlite	raw	render	790	9500
sample	repeated	sqlite	raw	render	791	4833
sample	repeated	sqlite	raw	render	792	5000
sample	repeated	sqlite	raw	render	793	4958
sample	repeated	sqlite	raw	render	794	4666
sample	repeated	sqlite	raw	render	795	5042
sample	repeated	sqlite	raw	render	796	5125
sample	repeated	sqlite	raw	render	797	4750
sample	repeated	sqlite	raw	render	798	4833
sample	repeated	sqlite	raw	render	799	4792
sample	repeated	sqlite	raw	render	800	4791
sample	repeated	sqlite	raw	render	801	4833
sample	repeated	sqlite	raw	render	802	5500
sample	repeated	sqlite	raw	render	803	4833
sample	repeated	sqlite	raw	render	804	4875
sample	repeated	sqlite	raw	render	805	4625
sample	repeated	sqlite	raw	render	806	4875
sample	repeated	sqlite	raw	render	807	4792
sample	repeated	sqlite	raw	render	808	4708
sample	repeated	sqlite	raw	render	809	5000
sample	repeated	sqlite	raw	render	810	4875
sample	repeated	sqlite	raw	render	811	5000
sample	repeated	sqlite	raw	render	812	5000
sample	repeated	sqlite	raw	render	813	4750
sample	repeated	sqlite	raw	render	814	4875
sample	repeated	sqlite	raw	render	815	4667
sample	repeated	sqlite	raw	render	816	4792
sample	repeated	sqlite	raw	render	817	4917
sample	repeated	sqlite	raw	render	818	5500
sample	repeated	sqlite	raw	render	819	4708
sample	repeated	sqlite	raw	render	820	4917
sample	repeated	sqlite	raw	render	821	4667
sample	repeated	sqlite	raw	render	822	4833
sample	repeated	sqlite	raw	render	823	83458
sample	repeated	sqlite	raw	render	824	16792
sample	repeated	sqlite	raw	render	825	14125
sample	repeated	sqlite	raw	render	826	29000
sample	repeated	sqlite	raw	render	827	14000
sample	repeated	sqlite	raw	render	828	6917
sample	repeated	sqlite	raw	render	829	5875
sample	repeated	sqlite	raw	render	830	5375
sample	repeated	sqlite	raw	render	831	5833
sample	repeated	sqlite	raw	render	832	16541
sample	repeated	sqlite	raw	render	833	5750
sample	repeated	sqlite	raw	render	834	6042
sample	repeated	sqlite	raw	render	835	5125
sample	repeated	sqlite	raw	render	836	5292
sample	repeated	sqlite	raw	render	837	4750
sample	repeated	sqlite	raw	render	838	4916
sample	repeated	sqlite	raw	render	839	4959
sample	repeated	sqlite	raw	render	840	5125
sample	repeated	sqlite	raw	render	841	4833
sample	repeated	sqlite	raw	render	842	10625
sample	repeated	sqlite	raw	render	843	7292
sample	repeated	sqlite	raw	render	844	5000
sample	repeated	sqlite	raw	render	845	5250
sample	repeated	sqlite	raw	render	846	5375
sample	repeated	sqlite	raw	render	847	9792
sample	repeated	sqlite	raw	render	848	5500
sample	repeated	sqlite	raw	render	849	4833
sample	repeated	sqlite	raw	render	850	5292
sample	repeated	sqlite	raw	render	851	5958
sample	repeated	sqlite	raw	render	852	5458
sample	repeated	sqlite	raw	render	853	5000
sample	repeated	sqlite	raw	render	854	6000
sample	repeated	sqlite	raw	render	855	5000
sample	repeated	sqlite	raw	render	856	4958
sample	repeated	sqlite	raw	render	857	4958
sample	repeated	sqlite	raw	render	858	4958
sample	repeated	sqlite	raw	render	859	4958
sample	repeated	sqlite	raw	render	860	4834
sample	repeated	sqlite	raw	render	861	10291
sample	repeated	sqlite	raw	render	862	5125
sample	repeated	sqlite	raw	render	863	4958
sample	repeated	sqlite	raw	render	864	5000
sample	repeated	sqlite	raw	render	865	4875
sample	repeated	sqlite	raw	render	866	5000
sample	repeated	sqlite	raw	render	867	5000
sample	repeated	sqlite	raw	render	868	5292
sample	repeated	sqlite	raw	render	869	5042
sample	repeated	sqlite	raw	render	870	5125
sample	repeated	sqlite	raw	render	871	5042
sample	repeated	sqlite	raw	render	872	5375
sample	repeated	sqlite	raw	render	873	5125
sample	repeated	sqlite	raw	render	874	13667
sample	repeated	sqlite	raw	render	875	9584
sample	repeated	sqlite	raw	render	876	7750
sample	repeated	sqlite	raw	render	877	8792
sample	repeated	sqlite	raw	render	878	4958
sample	repeated	sqlite	raw	render	879	4833
sample	repeated	sqlite	raw	render	880	4875
sample	repeated	sqlite	raw	render	881	4959
sample	repeated	sqlite	raw	render	882	5041
sample	repeated	sqlite	raw	render	883	4917
sample	repeated	sqlite	raw	render	884	5042
sample	repeated	sqlite	raw	render	885	4833
sample	repeated	sqlite	raw	render	886	5166
sample	repeated	sqlite	raw	render	887	5500
sample	repeated	sqlite	raw	render	888	4833
sample	repeated	sqlite	raw	render	889	5292
sample	repeated	sqlite	raw	render	890	5459
sample	repeated	sqlite	raw	render	891	5375
sample	repeated	sqlite	raw	render	892	5334
sample	repeated	sqlite	raw	render	893	5166
sample	repeated	sqlite	raw	render	894	5167
sample	repeated	sqlite	raw	render	895	5042
sample	repeated	sqlite	raw	render	896	5625
sample	repeated	sqlite	raw	render	897	5083
sample	repeated	sqlite	raw	render	898	5625
sample	repeated	sqlite	raw	render	899	5625
sample	repeated	sqlite	raw	render	900	5708
sample	repeated	sqlite	raw	render	901	5875
sample	repeated	sqlite	raw	render	902	5208
sample	repeated	sqlite	raw	render	903	5125
sample	repeated	sqlite	raw	render	904	5125
sample	repeated	sqlite	raw	render	905	5375
sample	repeated	sqlite	raw	render	906	5291
sample	repeated	sqlite	raw	render	907	5000
sample	repeated	sqlite	raw	render	908	5250
sample	repeated	sqlite	raw	render	909	5000
sample	repeated	sqlite	raw	render	910	5291
sample	repeated	sqlite	raw	render	911	5000
sample	repeated	sqlite	raw	render	912	5458
sample	repeated	sqlite	raw	render	913	5208
sample	repeated	sqlite	raw	render	914	4875
sample	repeated	sqlite	raw	render	915	5291
sample	repeated	sqlite	raw	render	916	6041
sample	repeated	sqlite	raw	render	917	5292
sample	repeated	sqlite	raw	render	918	5416
sample	repeated	sqlite	raw	render	919	5416
sample	repeated	sqlite	raw	render	920	5291
sample	repeated	sqlite	raw	render	921	5625
sample	repeated	sqlite	raw	render	922	5250
sample	repeated	sqlite	raw	render	923	5375
sample	repeated	sqlite	raw	render	924	5916
sample	repeated	sqlite	raw	render	925	5166
sample	repeated	sqlite	raw	render	926	5042
sample	repeated	sqlite	raw	render	927	8042
sample	repeated	sqlite	raw	render	928	5041
sample	repeated	sqlite	raw	render	929	11833
sample	repeated	sqlite	raw	render	930	4959
sample	repeated	sqlite	raw	render	931	5042
sample	repeated	sqlite	raw	render	932	5417
sample	repeated	sqlite	raw	render	933	4792
sample	repeated	sqlite	raw	render	934	4959
sample	repeated	sqlite	raw	render	935	4917
sample	repeated	sqlite	raw	render	936	4834
sample	repeated	sqlite	raw	render	937	4833
sample	repeated	sqlite	raw	render	938	4958
sample	repeated	sqlite	raw	render	939	4834
sample	repeated	sqlite	raw	render	940	5333
sample	repeated	sqlite	raw	render	941	5000
sample	repeated	sqlite	raw	render	942	5000
sample	repeated	sqlite	raw	render	943	4959
sample	repeated	sqlite	raw	render	944	4917
sample	repeated	sqlite	raw	render	945	4834
sample	repeated	sqlite	raw	render	946	4791
sample	repeated	sqlite	raw	render	947	4750
sample	repeated	sqlite	raw	render	948	5208
sample	repeated	sqlite	raw	render	949	4791
sample	repeated	sqlite	raw	render	950	4750
sample	repeated	sqlite	raw	render	951	5125
sample	repeated	sqlite	raw	render	952	4833
sample	repeated	sqlite	raw	render	953	4958
sample	repeated	sqlite	raw	render	954	5166
sample	repeated	sqlite	raw	render	955	5791
sample	repeated	sqlite	raw	render	956	5542
sample	repeated	sqlite	raw	render	957	5334
sample	repeated	sqlite	raw	render	958	5292
sample	repeated	sqlite	raw	render	959	5291
sample	repeated	sqlite	raw	render	960	5042
sample	repeated	sqlite	raw	render	961	5083
sample	repeated	sqlite	raw	render	962	5292
sample	repeated	sqlite	raw	render	963	4916
sample	repeated	sqlite	raw	render	964	17250
sample	repeated	sqlite	raw	render	965	6542
sample	repeated	sqlite	raw	render	966	5334
sample	repeated	sqlite	raw	render	967	5417
sample	repeated	sqlite	raw	render	968	5417
sample	repeated	sqlite	raw	render	969	5167
sample	repeated	sqlite	raw	render	970	5709
sample	repeated	sqlite	raw	render	971	5667
sample	repeated	sqlite	raw	render	972	5959
sample	repeated	sqlite	raw	render	973	5459
sample	repeated	sqlite	raw	render	974	5125
sample	repeated	sqlite	raw	render	975	5375
sample	repeated	sqlite	raw	render	976	5333
sample	repeated	sqlite	raw	render	977	5125
sample	repeated	sqlite	raw	render	978	5125
sample	repeated	sqlite	raw	render	979	5041
sample	repeated	sqlite	raw	render	980	5333
sample	repeated	sqlite	raw	render	981	5542
sample	repeated	sqlite	raw	render	982	12500
sample	repeated	sqlite	raw	render	983	5791
sample	repeated	sqlite	raw	render	984	5542
sample	repeated	sqlite	raw	render	985	5375
sample	repeated	sqlite	raw	render	986	5000
sample	repeated	sqlite	raw	render	987	4792
sample	repeated	sqlite	raw	render	988	5209
sample	repeated	sqlite	raw	render	989	4792
sample	repeated	sqlite	raw	render	990	4875
sample	repeated	sqlite	raw	render	991	5625
sample	repeated	sqlite	raw	render	992	4916
sample	repeated	sqlite	raw	render	993	5125
sample	repeated	sqlite	raw	render	994	4959
sample	repeated	sqlite	raw	render	995	4875
sample	repeated	sqlite	raw	render	996	5208
sample	repeated	sqlite	raw	render	997	5250
sample	repeated	sqlite	raw	render	998	5750
sample	repeated	sqlite	raw	render	999	5292
result	repeated	sqlite	raw	exact.p50_ns	5792
result	repeated	sqlite	raw	exact.p95_ns	13125
result	repeated	sqlite	raw	exact.p99_ns	58875
result	repeated	sqlite	raw	prefix.p50_ns	231709
result	repeated	sqlite	raw	prefix.p95_ns	412834
result	repeated	sqlite	raw	prefix.p99_ns	645167
result	repeated	sqlite	raw	render.p50_ns	5000
result	repeated	sqlite	raw	render.p95_ns	10958
result	repeated	sqlite	raw	render.p99_ns	21500
result	repeated	sqlite	raw	exact.hit.p50_ns	5917
result	repeated	sqlite	raw	exact.hit.p95_ns	13000
result	repeated	sqlite	raw	exact.hit.p99_ns	63125
result	repeated	sqlite	raw	exact.miss.p50_ns	5417
result	repeated	sqlite	raw	exact.miss.p95_ns	13250
result	repeated	sqlite	raw	exact.miss.p99_ns	54833
result	repeated	sqlite	raw	prefix.zero.p50_ns	20417
result	repeated	sqlite	raw	prefix.zero.p95_ns	86334
result	repeated	sqlite	raw	prefix.zero.p99_ns	141042
result	repeated	sqlite	raw	prefix.one.p50_ns	-
result	repeated	sqlite	raw	prefix.one.p95_ns	-
result	repeated	sqlite	raw	prefix.one.p99_ns	-
result	repeated	sqlite	raw	prefix.many.p50_ns	248459
result	repeated	sqlite	raw	prefix.many.p95_ns	498792
result	repeated	sqlite	raw	prefix.many.p99_ns	656500
result	repeated	sqlite	raw	prefix.pathological.p50_ns	-
result	repeated	sqlite	raw	prefix.pathological.p95_ns	-
result	repeated	sqlite	raw	prefix.pathological.p99_ns	-
result	repeated	sqlite	zlib	artifact_bytes	29697
unavailable	repeated	sqlite	zlib	reason	SQLite cannot seek compressed pages without a decompression staging policy
result	repeated	sqlite	zstd	artifact_bytes	21521
unavailable	repeated	sqlite	zstd	reason	SQLite cannot seek compressed pages without a decompression staging policy
result	repeated	stardict	raw	artifact_bytes	484823
result	repeated	stardict	raw	build_ns	1359959
sample	repeated	stardict	raw	open	0	1208833
sample	repeated	stardict	raw	open	1	983083
sample	repeated	stardict	raw	open	2	724416
sample	repeated	stardict	raw	open	3	685958
sample	repeated	stardict	raw	open	4	699583
sample	repeated	stardict	raw	open	5	686625
sample	repeated	stardict	raw	open	6	678041
sample	repeated	stardict	raw	open	7	705291
sample	repeated	stardict	raw	open	8	682750
sample	repeated	stardict	raw	open	9	682292
sample	repeated	stardict	raw	open	10	683959
sample	repeated	stardict	raw	open	11	678625
sample	repeated	stardict	raw	open	12	686708
sample	repeated	stardict	raw	open	13	667375
sample	repeated	stardict	raw	open	14	667208
sample	repeated	stardict	raw	open	15	672708
sample	repeated	stardict	raw	open	16	679000
sample	repeated	stardict	raw	open	17	684500
sample	repeated	stardict	raw	open	18	687417
sample	repeated	stardict	raw	open	19	713667
sample	repeated	stardict	raw	open	20	1009542
sample	repeated	stardict	raw	open	21	780334
sample	repeated	stardict	raw	open	22	701208
sample	repeated	stardict	raw	open	23	690000
sample	repeated	stardict	raw	open	24	684750
result	repeated	stardict	raw	open_ns	686625
result	repeated	stardict	raw	semantic_digest	3649450152805327167
result	repeated	stardict	raw	query_checksum	593400448976652816
result	repeated	stardict	raw	outputs	513250
result	repeated	stardict	raw	logical_prose_bytes	428032
sample	repeated	stardict	raw	exact	0	1834
sample	repeated	stardict	raw	exact	1	708
sample	repeated	stardict	raw	exact	2	792
sample	repeated	stardict	raw	exact	3	542
sample	repeated	stardict	raw	exact	4	1167
sample	repeated	stardict	raw	exact	5	417
sample	repeated	stardict	raw	exact	6	833
sample	repeated	stardict	raw	exact	7	584
sample	repeated	stardict	raw	exact	8	1000
sample	repeated	stardict	raw	exact	9	459
sample	repeated	stardict	raw	exact	10	708
sample	repeated	stardict	raw	exact	11	500
sample	repeated	stardict	raw	exact	12	958
sample	repeated	stardict	raw	exact	13	417
sample	repeated	stardict	raw	exact	14	750
sample	repeated	stardict	raw	exact	15	583
sample	repeated	stardict	raw	exact	16	1125
sample	repeated	stardict	raw	exact	17	375
sample	repeated	stardict	raw	exact	18	1833
sample	repeated	stardict	raw	exact	19	375
sample	repeated	stardict	raw	exact	20	1250
sample	repeated	stardict	raw	exact	21	5000
sample	repeated	stardict	raw	exact	22	10166
sample	repeated	stardict	raw	exact	23	708
sample	repeated	stardict	raw	exact	24	1250
sample	repeated	stardict	raw	exact	25	375
sample	repeated	stardict	raw	exact	26	875
sample	repeated	stardict	raw	exact	27	416
sample	repeated	stardict	raw	exact	28	1042
sample	repeated	stardict	raw	exact	29	375
sample	repeated	stardict	raw	exact	30	584
sample	repeated	stardict	raw	exact	31	542
sample	repeated	stardict	raw	exact	32	1250
sample	repeated	stardict	raw	exact	33	375
sample	repeated	stardict	raw	exact	34	1042
sample	repeated	stardict	raw	exact	35	417
sample	repeated	stardict	raw	exact	36	1416
sample	repeated	stardict	raw	exact	37	417
sample	repeated	stardict	raw	exact	38	1084
sample	repeated	stardict	raw	exact	39	625
sample	repeated	stardict	raw	exact	40	1584
sample	repeated	stardict	raw	exact	41	500
sample	repeated	stardict	raw	exact	42	1209
sample	repeated	stardict	raw	exact	43	417
sample	repeated	stardict	raw	exact	44	1291
sample	repeated	stardict	raw	exact	45	416
sample	repeated	stardict	raw	exact	46	1084
sample	repeated	stardict	raw	exact	47	583
sample	repeated	stardict	raw	exact	48	1625
sample	repeated	stardict	raw	exact	49	500
sample	repeated	stardict	raw	exact	50	1125
sample	repeated	stardict	raw	exact	51	417
sample	repeated	stardict	raw	exact	52	1958
sample	repeated	stardict	raw	exact	53	458
sample	repeated	stardict	raw	exact	54	1625
sample	repeated	stardict	raw	exact	55	583
sample	repeated	stardict	raw	exact	56	1250
sample	repeated	stardict	raw	exact	57	375
sample	repeated	stardict	raw	exact	58	1167
sample	repeated	stardict	raw	exact	59	416
sample	repeated	stardict	raw	exact	60	1083
sample	repeated	stardict	raw	exact	61	458
sample	repeated	stardict	raw	exact	62	1167
sample	repeated	stardict	raw	exact	63	583
sample	repeated	stardict	raw	exact	64	917
sample	repeated	stardict	raw	exact	65	375
sample	repeated	stardict	raw	exact	66	1000
sample	repeated	stardict	raw	exact	67	375
sample	repeated	stardict	raw	exact	68	1042
sample	repeated	stardict	raw	exact	69	375
sample	repeated	stardict	raw	exact	70	875
sample	repeated	stardict	raw	exact	71	584
sample	repeated	stardict	raw	exact	72	750
sample	repeated	stardict	raw	exact	73	375
sample	repeated	stardict	raw	exact	74	750
sample	repeated	stardict	raw	exact	75	375
sample	repeated	stardict	raw	exact	76	875
sample	repeated	stardict	raw	exact	77	333
sample	repeated	stardict	raw	exact	78	1000
sample	repeated	stardict	raw	exact	79	583
sample	repeated	stardict	raw	exact	80	1041
sample	repeated	stardict	raw	exact	81	375
sample	repeated	stardict	raw	exact	82	750
sample	repeated	stardict	raw	exact	83	458
sample	repeated	stardict	raw	exact	84	1125
sample	repeated	stardict	raw	exact	85	375
sample	repeated	stardict	raw	exact	86	1000
sample	repeated	stardict	raw	exact	87	708
sample	repeated	stardict	raw	exact	88	1000
sample	repeated	stardict	raw	exact	89	417
sample	repeated	stardict	raw	exact	90	542
sample	repeated	stardict	raw	exact	91	417
sample	repeated	stardict	raw	exact	92	916
sample	repeated	stardict	raw	exact	93	416
sample	repeated	stardict	raw	exact	94	667
sample	repeated	stardict	raw	exact	95	541
sample	repeated	stardict	raw	exact	96	1041
sample	repeated	stardict	raw	exact	97	416
sample	repeated	stardict	raw	exact	98	708
sample	repeated	stardict	raw	exact	99	417
sample	repeated	stardict	raw	exact	100	1083
sample	repeated	stardict	raw	exact	101	416
sample	repeated	stardict	raw	exact	102	916
sample	repeated	stardict	raw	exact	103	625
sample	repeated	stardict	raw	exact	104	917
sample	repeated	stardict	raw	exact	105	375
sample	repeated	stardict	raw	exact	106	708
sample	repeated	stardict	raw	exact	107	375
sample	repeated	stardict	raw	exact	108	1167
sample	repeated	stardict	raw	exact	109	417
sample	repeated	stardict	raw	exact	110	1000
sample	repeated	stardict	raw	exact	111	584
sample	repeated	stardict	raw	exact	112	958
sample	repeated	stardict	raw	exact	113	416
sample	repeated	stardict	raw	exact	114	792
sample	repeated	stardict	raw	exact	115	375
sample	repeated	stardict	raw	exact	116	875
sample	repeated	stardict	raw	exact	117	375
sample	repeated	stardict	raw	exact	118	709
sample	repeated	stardict	raw	exact	119	583
sample	repeated	stardict	raw	exact	120	792
sample	repeated	stardict	raw	exact	121	417
sample	repeated	stardict	raw	exact	122	792
sample	repeated	stardict	raw	exact	123	417
sample	repeated	stardict	raw	exact	124	958
sample	repeated	stardict	raw	exact	125	375
sample	repeated	stardict	raw	exact	126	750
sample	repeated	stardict	raw	exact	127	625
sample	repeated	stardict	raw	exact	128	791
sample	repeated	stardict	raw	exact	129	458
sample	repeated	stardict	raw	exact	130	750
sample	repeated	stardict	raw	exact	131	375
sample	repeated	stardict	raw	exact	132	959
sample	repeated	stardict	raw	exact	133	459
sample	repeated	stardict	raw	exact	134	708
sample	repeated	stardict	raw	exact	135	625
sample	repeated	stardict	raw	exact	136	917
sample	repeated	stardict	raw	exact	137	416
sample	repeated	stardict	raw	exact	138	792
sample	repeated	stardict	raw	exact	139	458
sample	repeated	stardict	raw	exact	140	1000
sample	repeated	stardict	raw	exact	141	416
sample	repeated	stardict	raw	exact	142	1041
sample	repeated	stardict	raw	exact	143	584
sample	repeated	stardict	raw	exact	144	1083
sample	repeated	stardict	raw	exact	145	458
sample	repeated	stardict	raw	exact	146	1000
sample	repeated	stardict	raw	exact	147	458
sample	repeated	stardict	raw	exact	148	1500
sample	repeated	stardict	raw	exact	149	417
sample	repeated	stardict	raw	exact	150	542
sample	repeated	stardict	raw	exact	151	584
sample	repeated	stardict	raw	exact	152	1000
sample	repeated	stardict	raw	exact	153	375
sample	repeated	stardict	raw	exact	154	500
sample	repeated	stardict	raw	exact	155	500
sample	repeated	stardict	raw	exact	156	1084
sample	repeated	stardict	raw	exact	157	375
sample	repeated	stardict	raw	exact	158	792
sample	repeated	stardict	raw	exact	159	625
sample	repeated	stardict	raw	exact	160	792
sample	repeated	stardict	raw	exact	161	459
sample	repeated	stardict	raw	exact	162	1042
sample	repeated	stardict	raw	exact	163	416
sample	repeated	stardict	raw	exact	164	917
sample	repeated	stardict	raw	exact	165	375
sample	repeated	stardict	raw	exact	166	833
sample	repeated	stardict	raw	exact	167	583
sample	repeated	stardict	raw	exact	168	1000
sample	repeated	stardict	raw	exact	169	417
sample	repeated	stardict	raw	exact	170	709
sample	repeated	stardict	raw	exact	171	417
sample	repeated	stardict	raw	exact	172	959
sample	repeated	stardict	raw	exact	173	459
sample	repeated	stardict	raw	exact	174	1250
sample	repeated	stardict	raw	exact	175	584
sample	repeated	stardict	raw	exact	176	1167
sample	repeated	stardict	raw	exact	177	375
sample	repeated	stardict	raw	exact	178	9083
sample	repeated	stardict	raw	exact	179	2000
sample	repeated	stardict	raw	exact	180	1709
sample	repeated	stardict	raw	exact	181	667
sample	repeated	stardict	raw	exact	182	1042
sample	repeated	stardict	raw	exact	183	750
sample	repeated	stardict	raw	exact	184	1208
sample	repeated	stardict	raw	exact	185	458
sample	repeated	stardict	raw	exact	186	1083
sample	repeated	stardict	raw	exact	187	458
sample	repeated	stardict	raw	exact	188	1167
sample	repeated	stardict	raw	exact	189	417
sample	repeated	stardict	raw	exact	190	833
sample	repeated	stardict	raw	exact	191	625
sample	repeated	stardict	raw	exact	192	1084
sample	repeated	stardict	raw	exact	193	458
sample	repeated	stardict	raw	exact	194	750
sample	repeated	stardict	raw	exact	195	459
sample	repeated	stardict	raw	exact	196	1041
sample	repeated	stardict	raw	exact	197	416
sample	repeated	stardict	raw	exact	198	917
sample	repeated	stardict	raw	exact	199	667
sample	repeated	stardict	raw	exact	200	1333
sample	repeated	stardict	raw	exact	201	458
sample	repeated	stardict	raw	exact	202	833
sample	repeated	stardict	raw	exact	203	458
sample	repeated	stardict	raw	exact	204	1209
sample	repeated	stardict	raw	exact	205	417
sample	repeated	stardict	raw	exact	206	1042
sample	repeated	stardict	raw	exact	207	625
sample	repeated	stardict	raw	exact	208	1334
sample	repeated	stardict	raw	exact	209	458
sample	repeated	stardict	raw	exact	210	583
sample	repeated	stardict	raw	exact	211	459
sample	repeated	stardict	raw	exact	212	1333
sample	repeated	stardict	raw	exact	213	375
sample	repeated	stardict	raw	exact	214	750
sample	repeated	stardict	raw	exact	215	542
sample	repeated	stardict	raw	exact	216	1042
sample	repeated	stardict	raw	exact	217	375
sample	repeated	stardict	raw	exact	218	625
sample	repeated	stardict	raw	exact	219	417
sample	repeated	stardict	raw	exact	220	1167
sample	repeated	stardict	raw	exact	221	375
sample	repeated	stardict	raw	exact	222	958
sample	repeated	stardict	raw	exact	223	584
sample	repeated	stardict	raw	exact	224	1458
sample	repeated	stardict	raw	exact	225	416
sample	repeated	stardict	raw	exact	226	625
sample	repeated	stardict	raw	exact	227	417
sample	repeated	stardict	raw	exact	228	1084
sample	repeated	stardict	raw	exact	229	417
sample	repeated	stardict	raw	exact	230	750
sample	repeated	stardict	raw	exact	231	583
sample	repeated	stardict	raw	exact	232	875
sample	repeated	stardict	raw	exact	233	417
sample	repeated	stardict	raw	exact	234	834
sample	repeated	stardict	raw	exact	235	417
sample	repeated	stardict	raw	exact	236	1208
sample	repeated	stardict	raw	exact	237	417
sample	repeated	stardict	raw	exact	238	1125
sample	repeated	stardict	raw	exact	239	584
sample	repeated	stardict	raw	exact	240	833
sample	repeated	stardict	raw	exact	241	375
sample	repeated	stardict	raw	exact	242	625
sample	repeated	stardict	raw	exact	243	458
sample	repeated	stardict	raw	exact	244	1250
sample	repeated	stardict	raw	exact	245	416
sample	repeated	stardict	raw	exact	246	791
sample	repeated	stardict	raw	exact	247	583
sample	repeated	stardict	raw	exact	248	916
sample	repeated	stardict	raw	exact	249	417
sample	repeated	stardict	raw	exact	250	916
sample	repeated	stardict	raw	exact	251	458
sample	repeated	stardict	raw	exact	252	1125
sample	repeated	stardict	raw	exact	253	416
sample	repeated	stardict	raw	exact	254	1000
sample	repeated	stardict	raw	exact	255	541
sample	repeated	stardict	raw	exact	256	1000
sample	repeated	stardict	raw	exact	257	416
sample	repeated	stardict	raw	exact	258	958
sample	repeated	stardict	raw	exact	259	416
sample	repeated	stardict	raw	exact	260	959
sample	repeated	stardict	raw	exact	261	416
sample	repeated	stardict	raw	exact	262	875
sample	repeated	stardict	raw	exact	263	625
sample	repeated	stardict	raw	exact	264	1042
sample	repeated	stardict	raw	exact	265	417
sample	repeated	stardict	raw	exact	266	750
sample	repeated	stardict	raw	exact	267	375
sample	repeated	stardict	raw	exact	268	1375
sample	repeated	stardict	raw	exact	269	417
sample	repeated	stardict	raw	exact	270	875
sample	repeated	stardict	raw	exact	271	542
sample	repeated	stardict	raw	exact	272	1125
sample	repeated	stardict	raw	exact	273	416
sample	repeated	stardict	raw	exact	274	750
sample	repeated	stardict	raw	exact	275	375
sample	repeated	stardict	raw	exact	276	1250
sample	repeated	stardict	raw	exact	277	417
sample	repeated	stardict	raw	exact	278	792
sample	repeated	stardict	raw	exact	279	666
sample	repeated	stardict	raw	exact	280	959
sample	repeated	stardict	raw	exact	281	375
sample	repeated	stardict	raw	exact	282	834
sample	repeated	stardict	raw	exact	283	416
sample	repeated	stardict	raw	exact	284	1042
sample	repeated	stardict	raw	exact	285	375
sample	repeated	stardict	raw	exact	286	875
sample	repeated	stardict	raw	exact	287	583
sample	repeated	stardict	raw	exact	288	1167
sample	repeated	stardict	raw	exact	289	375
sample	repeated	stardict	raw	exact	290	1166
sample	repeated	stardict	raw	exact	291	416
sample	repeated	stardict	raw	exact	292	1167
sample	repeated	stardict	raw	exact	293	416
sample	repeated	stardict	raw	exact	294	958
sample	repeated	stardict	raw	exact	295	7542
sample	repeated	stardict	raw	exact	296	2875
sample	repeated	stardict	raw	exact	297	1167
sample	repeated	stardict	raw	exact	298	3583
sample	repeated	stardict	raw	exact	299	1916
sample	repeated	stardict	raw	exact	300	3542
sample	repeated	stardict	raw	exact	301	1209
sample	repeated	stardict	raw	exact	302	2208
sample	repeated	stardict	raw	exact	303	3875
sample	repeated	stardict	raw	exact	304	2708
sample	repeated	stardict	raw	exact	305	1166
sample	repeated	stardict	raw	exact	306	2875
sample	repeated	stardict	raw	exact	307	1167
sample	repeated	stardict	raw	exact	308	2833
sample	repeated	stardict	raw	exact	309	4708
sample	repeated	stardict	raw	exact	310	2917
sample	repeated	stardict	raw	exact	311	2250
sample	repeated	stardict	raw	exact	312	4292
sample	repeated	stardict	raw	exact	313	4292
sample	repeated	stardict	raw	exact	314	3542
sample	repeated	stardict	raw	exact	315	1583
sample	repeated	stardict	raw	exact	316	4792
sample	repeated	stardict	raw	exact	317	1166
sample	repeated	stardict	raw	exact	318	3083
sample	repeated	stardict	raw	exact	319	2083
sample	repeated	stardict	raw	exact	320	4125
sample	repeated	stardict	raw	exact	321	1125
sample	repeated	stardict	raw	exact	322	2375
sample	repeated	stardict	raw	exact	323	1125
sample	repeated	stardict	raw	exact	324	3375
sample	repeated	stardict	raw	exact	325	2333
sample	repeated	stardict	raw	exact	326	2709
sample	repeated	stardict	raw	exact	327	2000
sample	repeated	stardict	raw	exact	328	3750
sample	repeated	stardict	raw	exact	329	1000
sample	repeated	stardict	raw	exact	330	1958
sample	repeated	stardict	raw	exact	331	1083
sample	repeated	stardict	raw	exact	332	4250
sample	repeated	stardict	raw	exact	333	49458
sample	repeated	stardict	raw	exact	334	2083
sample	repeated	stardict	raw	exact	335	1209
sample	repeated	stardict	raw	exact	336	2083
sample	repeated	stardict	raw	exact	337	3500
sample	repeated	stardict	raw	exact	338	2375
sample	repeated	stardict	raw	exact	339	1500
sample	repeated	stardict	raw	exact	340	4292
sample	repeated	stardict	raw	exact	341	1000
sample	repeated	stardict	raw	exact	342	2542
sample	repeated	stardict	raw	exact	343	2333
sample	repeated	stardict	raw	exact	344	7916
sample	repeated	stardict	raw	exact	345	1625
sample	repeated	stardict	raw	exact	346	2625
sample	repeated	stardict	raw	exact	347	1500
sample	repeated	stardict	raw	exact	348	4167
sample	repeated	stardict	raw	exact	349	1000
sample	repeated	stardict	raw	exact	350	2917
sample	repeated	stardict	raw	exact	351	2333
sample	repeated	stardict	raw	exact	352	3542
sample	repeated	stardict	raw	exact	353	2916
sample	repeated	stardict	raw	exact	354	3250
sample	repeated	stardict	raw	exact	355	1417
sample	repeated	stardict	raw	exact	356	4833
sample	repeated	stardict	raw	exact	357	1000
sample	repeated	stardict	raw	exact	358	4000
sample	repeated	stardict	raw	exact	359	2000
sample	repeated	stardict	raw	exact	360	5750
sample	repeated	stardict	raw	exact	361	1666
sample	repeated	stardict	raw	exact	362	3000
sample	repeated	stardict	raw	exact	363	1250
sample	repeated	stardict	raw	exact	364	3708
sample	repeated	stardict	raw	exact	365	1458
sample	repeated	stardict	raw	exact	366	2875
sample	repeated	stardict	raw	exact	367	2292
sample	repeated	stardict	raw	exact	368	3625
sample	repeated	stardict	raw	exact	369	958
sample	repeated	stardict	raw	exact	370	2917
sample	repeated	stardict	raw	exact	371	6667
sample	repeated	stardict	raw	exact	372	4250
sample	repeated	stardict	raw	exact	373	3000
sample	repeated	stardict	raw	exact	374	3584
sample	repeated	stardict	raw	exact	375	2291
sample	repeated	stardict	raw	exact	376	4917
sample	repeated	stardict	raw	exact	377	1417
sample	repeated	stardict	raw	exact	378	3792
sample	repeated	stardict	raw	exact	379	2292
sample	repeated	stardict	raw	exact	380	4250
sample	repeated	stardict	raw	exact	381	1250
sample	repeated	stardict	raw	exact	382	2500
sample	repeated	stardict	raw	exact	383	2209
sample	repeated	stardict	raw	exact	384	3708
sample	repeated	stardict	raw	exact	385	1000
sample	repeated	stardict	raw	exact	386	2625
sample	repeated	stardict	raw	exact	387	1167
sample	repeated	stardict	raw	exact	388	3417
sample	repeated	stardict	raw	exact	389	792
sample	repeated	stardict	raw	exact	390	2167
sample	repeated	stardict	raw	exact	391	3125
sample	repeated	stardict	raw	exact	392	3792
sample	repeated	stardict	raw	exact	393	1250
sample	repeated	stardict	raw	exact	394	3167
sample	repeated	stardict	raw	exact	395	1917
sample	repeated	stardict	raw	exact	396	3750
sample	repeated	stardict	raw	exact	397	875
sample	repeated	stardict	raw	exact	398	3000
sample	repeated	stardict	raw	exact	399	1542
sample	repeated	stardict	raw	exact	400	3708
sample	repeated	stardict	raw	exact	401	1000
sample	repeated	stardict	raw	exact	402	3834
sample	repeated	stardict	raw	exact	403	1167
sample	repeated	stardict	raw	exact	404	3375
sample	repeated	stardict	raw	exact	405	750
sample	repeated	stardict	raw	exact	406	2417
sample	repeated	stardict	raw	exact	407	1708
sample	repeated	stardict	raw	exact	408	3958
sample	repeated	stardict	raw	exact	409	958
sample	repeated	stardict	raw	exact	410	2834
sample	repeated	stardict	raw	exact	411	1083
sample	repeated	stardict	raw	exact	412	3583
sample	repeated	stardict	raw	exact	413	917
sample	repeated	stardict	raw	exact	414	2792
sample	repeated	stardict	raw	exact	415	1500
sample	repeated	stardict	raw	exact	416	3500
sample	repeated	stardict	raw	exact	417	3667
sample	repeated	stardict	raw	exact	418	2958
sample	repeated	stardict	raw	exact	419	1250
sample	repeated	stardict	raw	exact	420	3875
sample	repeated	stardict	raw	exact	421	875
sample	repeated	stardict	raw	exact	422	2875
sample	repeated	stardict	raw	exact	423	1625
sample	repeated	stardict	raw	exact	424	5209
sample	repeated	stardict	raw	exact	425	1292
sample	repeated	stardict	raw	exact	426	2458
sample	repeated	stardict	raw	exact	427	1000
sample	repeated	stardict	raw	exact	428	4500
sample	repeated	stardict	raw	exact	429	1041
sample	repeated	stardict	raw	exact	430	2709
sample	repeated	stardict	raw	exact	431	1708
sample	repeated	stardict	raw	exact	432	3375
sample	repeated	stardict	raw	exact	433	1875
sample	repeated	stardict	raw	exact	434	4250
sample	repeated	stardict	raw	exact	435	1209
sample	repeated	stardict	raw	exact	436	4208
sample	repeated	stardict	raw	exact	437	958
sample	repeated	stardict	raw	exact	438	2792
sample	repeated	stardict	raw	exact	439	1958
sample	repeated	stardict	raw	exact	440	3959
sample	repeated	stardict	raw	exact	441	1125
sample	repeated	stardict	raw	exact	442	2375
sample	repeated	stardict	raw	exact	443	2583
sample	repeated	stardict	raw	exact	444	2459
sample	repeated	stardict	raw	exact	445	625
sample	repeated	stardict	raw	exact	446	1833
sample	repeated	stardict	raw	exact	447	1083
sample	repeated	stardict	raw	exact	448	1834
sample	repeated	stardict	raw	exact	449	583
sample	repeated	stardict	raw	exact	450	1167
sample	repeated	stardict	raw	exact	451	500
sample	repeated	stardict	raw	exact	452	1333
sample	repeated	stardict	raw	exact	453	500
sample	repeated	stardict	raw	exact	454	1416
sample	repeated	stardict	raw	exact	455	709
sample	repeated	stardict	raw	exact	456	1958
sample	repeated	stardict	raw	exact	457	458
sample	repeated	stardict	raw	exact	458	1292
sample	repeated	stardict	raw	exact	459	3875
sample	repeated	stardict	raw	exact	460	4000
sample	repeated	stardict	raw	exact	461	1125
sample	repeated	stardict	raw	exact	462	4416
sample	repeated	stardict	raw	exact	463	3791
sample	repeated	stardict	raw	exact	464	2250
sample	repeated	stardict	raw	exact	465	625
sample	repeated	stardict	raw	exact	466	1125
sample	repeated	stardict	raw	exact	467	542
sample	repeated	stardict	raw	exact	468	1833
sample	repeated	stardict	raw	exact	469	500
sample	repeated	stardict	raw	exact	470	1375
sample	repeated	stardict	raw	exact	471	667
sample	repeated	stardict	raw	exact	472	1625
sample	repeated	stardict	raw	exact	473	417
sample	repeated	stardict	raw	exact	474	1500
sample	repeated	stardict	raw	exact	475	5000
sample	repeated	stardict	raw	exact	476	6167
sample	repeated	stardict	raw	exact	477	16208
sample	repeated	stardict	raw	exact	478	3042
sample	repeated	stardict	raw	exact	479	1125
sample	repeated	stardict	raw	exact	480	1375
sample	repeated	stardict	raw	exact	481	542
sample	repeated	stardict	raw	exact	482	1125
sample	repeated	stardict	raw	exact	483	584
sample	repeated	stardict	raw	exact	484	1791
sample	repeated	stardict	raw	exact	485	458
sample	repeated	stardict	raw	exact	486	1541
sample	repeated	stardict	raw	exact	487	625
sample	repeated	stardict	raw	exact	488	1500
sample	repeated	stardict	raw	exact	489	417
sample	repeated	stardict	raw	exact	490	1083
sample	repeated	stardict	raw	exact	491	458
sample	repeated	stardict	raw	exact	492	2917
sample	repeated	stardict	raw	exact	493	709
sample	repeated	stardict	raw	exact	494	1375
sample	repeated	stardict	raw	exact	495	958
sample	repeated	stardict	raw	exact	496	1667
sample	repeated	stardict	raw	exact	497	500
sample	repeated	stardict	raw	exact	498	1458
sample	repeated	stardict	raw	exact	499	500
sample	repeated	stardict	raw	exact	500	2125
sample	repeated	stardict	raw	exact	501	3375
sample	repeated	stardict	raw	exact	502	1917
sample	repeated	stardict	raw	exact	503	750
sample	repeated	stardict	raw	exact	504	1459
sample	repeated	stardict	raw	exact	505	417
sample	repeated	stardict	raw	exact	506	959
sample	repeated	stardict	raw	exact	507	458
sample	repeated	stardict	raw	exact	508	1208
sample	repeated	stardict	raw	exact	509	458
sample	repeated	stardict	raw	exact	510	750
sample	repeated	stardict	raw	exact	511	833
sample	repeated	stardict	raw	exact	512	1417
sample	repeated	stardict	raw	exact	513	417
sample	repeated	stardict	raw	exact	514	1042
sample	repeated	stardict	raw	exact	515	417
sample	repeated	stardict	raw	exact	516	1750
sample	repeated	stardict	raw	exact	517	375
sample	repeated	stardict	raw	exact	518	1125
sample	repeated	stardict	raw	exact	519	584
sample	repeated	stardict	raw	exact	520	1375
sample	repeated	stardict	raw	exact	521	416
sample	repeated	stardict	raw	exact	522	1000
sample	repeated	stardict	raw	exact	523	458
sample	repeated	stardict	raw	exact	524	1375
sample	repeated	stardict	raw	exact	525	375
sample	repeated	stardict	raw	exact	526	1208
sample	repeated	stardict	raw	exact	527	625
sample	repeated	stardict	raw	exact	528	1250
sample	repeated	stardict	raw	exact	529	416
sample	repeated	stardict	raw	exact	530	833
sample	repeated	stardict	raw	exact	531	375
sample	repeated	stardict	raw	exact	532	1209
sample	repeated	stardict	raw	exact	533	375
sample	repeated	stardict	raw	exact	534	834
sample	repeated	stardict	raw	exact	535	584
sample	repeated	stardict	raw	exact	536	1084
sample	repeated	stardict	raw	exact	537	375
sample	repeated	stardict	raw	exact	538	1041
sample	repeated	stardict	raw	exact	539	416
sample	repeated	stardict	raw	exact	540	1000
sample	repeated	stardict	raw	exact	541	416
sample	repeated	stardict	raw	exact	542	1000
sample	repeated	stardict	raw	exact	543	583
sample	repeated	stardict	raw	exact	544	875
sample	repeated	stardict	raw	exact	545	417
sample	repeated	stardict	raw	exact	546	958
sample	repeated	stardict	raw	exact	547	417
sample	repeated	stardict	raw	exact	548	1208
sample	repeated	stardict	raw	exact	549	416
sample	repeated	stardict	raw	exact	550	833
sample	repeated	stardict	raw	exact	551	625
sample	repeated	stardict	raw	exact	552	917
sample	repeated	stardict	raw	exact	553	417
sample	repeated	stardict	raw	exact	554	875
sample	repeated	stardict	raw	exact	555	375
sample	repeated	stardict	raw	exact	556	1042
sample	repeated	stardict	raw	exact	557	375
sample	repeated	stardict	raw	exact	558	958
sample	repeated	stardict	raw	exact	559	709
sample	repeated	stardict	raw	exact	560	1208
sample	repeated	stardict	raw	exact	561	375
sample	repeated	stardict	raw	exact	562	791
sample	repeated	stardict	raw	exact	563	416
sample	repeated	stardict	raw	exact	564	1000
sample	repeated	stardict	raw	exact	565	375
sample	repeated	stardict	raw	exact	566	875
sample	repeated	stardict	raw	exact	567	625
sample	repeated	stardict	raw	exact	568	1000
sample	repeated	stardict	raw	exact	569	375
sample	repeated	stardict	raw	exact	570	750
sample	repeated	stardict	raw	exact	571	458
sample	repeated	stardict	raw	exact	572	916
sample	repeated	stardict	raw	exact	573	375
sample	repeated	stardict	raw	exact	574	750
sample	repeated	stardict	raw	exact	575	584
sample	repeated	stardict	raw	exact	576	1000
sample	repeated	stardict	raw	exact	577	375
sample	repeated	stardict	raw	exact	578	667
sample	repeated	stardict	raw	exact	579	417
sample	repeated	stardict	raw	exact	580	1250
sample	repeated	stardict	raw	exact	581	375
sample	repeated	stardict	raw	exact	582	834
sample	repeated	stardict	raw	exact	583	584
sample	repeated	stardict	raw	exact	584	1000
sample	repeated	stardict	raw	exact	585	1084
sample	repeated	stardict	raw	exact	586	1000
sample	repeated	stardict	raw	exact	587	500
sample	repeated	stardict	raw	exact	588	1208
sample	repeated	stardict	raw	exact	589	458
sample	repeated	stardict	raw	exact	590	1084
sample	repeated	stardict	raw	exact	591	750
sample	repeated	stardict	raw	exact	592	1250
sample	repeated	stardict	raw	exact	593	458
sample	repeated	stardict	raw	exact	594	750
sample	repeated	stardict	raw	exact	595	459
sample	repeated	stardict	raw	exact	596	1000
sample	repeated	stardict	raw	exact	597	458
sample	repeated	stardict	raw	exact	598	792
sample	repeated	stardict	raw	exact	599	625
sample	repeated	stardict	raw	exact	600	959
sample	repeated	stardict	raw	exact	601	541
sample	repeated	stardict	raw	exact	602	667
sample	repeated	stardict	raw	exact	603	458
sample	repeated	stardict	raw	exact	604	1292
sample	repeated	stardict	raw	exact	605	417
sample	repeated	stardict	raw	exact	606	1000
sample	repeated	stardict	raw	exact	607	542
sample	repeated	stardict	raw	exact	608	1083
sample	repeated	stardict	raw	exact	609	417
sample	repeated	stardict	raw	exact	610	792
sample	repeated	stardict	raw	exact	611	458
sample	repeated	stardict	raw	exact	612	1208
sample	repeated	stardict	raw	exact	613	458
sample	repeated	stardict	raw	exact	614	833
sample	repeated	stardict	raw	exact	615	708
sample	repeated	stardict	raw	exact	616	1250
sample	repeated	stardict	raw	exact	617	417
sample	repeated	stardict	raw	exact	618	1000
sample	repeated	stardict	raw	exact	619	417
sample	repeated	stardict	raw	exact	620	1333
sample	repeated	stardict	raw	exact	621	417
sample	repeated	stardict	raw	exact	622	1167
sample	repeated	stardict	raw	exact	623	625
sample	repeated	stardict	raw	exact	624	1167
sample	repeated	stardict	raw	exact	625	375
sample	repeated	stardict	raw	exact	626	1041
sample	repeated	stardict	raw	exact	627	416
sample	repeated	stardict	raw	exact	628	1250
sample	repeated	stardict	raw	exact	629	375
sample	repeated	stardict	raw	exact	630	708
sample	repeated	stardict	raw	exact	631	666
sample	repeated	stardict	raw	exact	632	1041
sample	repeated	stardict	raw	exact	633	416
sample	repeated	stardict	raw	exact	634	791
sample	repeated	stardict	raw	exact	635	459
sample	repeated	stardict	raw	exact	636	1250
sample	repeated	stardict	raw	exact	637	417
sample	repeated	stardict	raw	exact	638	750
sample	repeated	stardict	raw	exact	639	625
sample	repeated	stardict	raw	exact	640	1417
sample	repeated	stardict	raw	exact	641	417
sample	repeated	stardict	raw	exact	642	917
sample	repeated	stardict	raw	exact	643	459
sample	repeated	stardict	raw	exact	644	1084
sample	repeated	stardict	raw	exact	645	417
sample	repeated	stardict	raw	exact	646	708
sample	repeated	stardict	raw	exact	647	625
sample	repeated	stardict	raw	exact	648	1250
sample	repeated	stardict	raw	exact	649	417
sample	repeated	stardict	raw	exact	650	792
sample	repeated	stardict	raw	exact	651	417
sample	repeated	stardict	raw	exact	652	1208
sample	repeated	stardict	raw	exact	653	417
sample	repeated	stardict	raw	exact	654	1083
sample	repeated	stardict	raw	exact	655	625
sample	repeated	stardict	raw	exact	656	1375
sample	repeated	stardict	raw	exact	657	417
sample	repeated	stardict	raw	exact	658	958
sample	repeated	stardict	raw	exact	659	417
sample	repeated	stardict	raw	exact	660	1458
sample	repeated	stardict	raw	exact	661	583
sample	repeated	stardict	raw	exact	662	916
sample	repeated	stardict	raw	exact	663	625
sample	repeated	stardict	raw	exact	664	1125
sample	repeated	stardict	raw	exact	665	417
sample	repeated	stardict	raw	exact	666	1084
sample	repeated	stardict	raw	exact	667	416
sample	repeated	stardict	raw	exact	668	1167
sample	repeated	stardict	raw	exact	669	417
sample	repeated	stardict	raw	exact	670	1042
sample	repeated	stardict	raw	exact	671	583
sample	repeated	stardict	raw	exact	672	1291
sample	repeated	stardict	raw	exact	673	416
sample	repeated	stardict	raw	exact	674	625
sample	repeated	stardict	raw	exact	675	416
sample	repeated	stardict	raw	exact	676	1458
sample	repeated	stardict	raw	exact	677	375
sample	repeated	stardict	raw	exact	678	1000
sample	repeated	stardict	raw	exact	679	583
sample	repeated	stardict	raw	exact	680	1375
sample	repeated	stardict	raw	exact	681	416
sample	repeated	stardict	raw	exact	682	1041
sample	repeated	stardict	raw	exact	683	458
sample	repeated	stardict	raw	exact	684	1334
sample	repeated	stardict	raw	exact	685	417
sample	repeated	stardict	raw	exact	686	1125
sample	repeated	stardict	raw	exact	687	625
sample	repeated	stardict	raw	exact	688	1416
sample	repeated	stardict	raw	exact	689	7125
sample	repeated	stardict	raw	exact	690	2792
sample	repeated	stardict	raw	exact	691	3875
sample	repeated	stardict	raw	exact	692	3041
sample	repeated	stardict	raw	exact	693	708
sample	repeated	stardict	raw	exact	694	1291
sample	repeated	stardict	raw	exact	695	1083
sample	repeated	stardict	raw	exact	696	2041
sample	repeated	stardict	raw	exact	697	542
sample	repeated	stardict	raw	exact	698	1083
sample	repeated	stardict	raw	exact	699	4584
sample	repeated	stardict	raw	exact	700	4583
sample	repeated	stardict	raw	exact	701	1167
sample	repeated	stardict	raw	exact	702	1208
sample	repeated	stardict	raw	exact	703	708
sample	repeated	stardict	raw	exact	704	1292
sample	repeated	stardict	raw	exact	705	375
sample	repeated	stardict	raw	exact	706	1084
sample	repeated	stardict	raw	exact	707	417
sample	repeated	stardict	raw	exact	708	1541
sample	repeated	stardict	raw	exact	709	417
sample	repeated	stardict	raw	exact	710	958
sample	repeated	stardict	raw	exact	711	666
sample	repeated	stardict	raw	exact	712	1375
sample	repeated	stardict	raw	exact	713	375
sample	repeated	stardict	raw	exact	714	1292
sample	repeated	stardict	raw	exact	715	417
sample	repeated	stardict	raw	exact	716	1542
sample	repeated	stardict	raw	exact	717	417
sample	repeated	stardict	raw	exact	718	1792
sample	repeated	stardict	raw	exact	719	708
sample	repeated	stardict	raw	exact	720	1209
sample	repeated	stardict	raw	exact	721	458
sample	repeated	stardict	raw	exact	722	916
sample	repeated	stardict	raw	exact	723	833
sample	repeated	stardict	raw	exact	724	1917
sample	repeated	stardict	raw	exact	725	500
sample	repeated	stardict	raw	exact	726	1291
sample	repeated	stardict	raw	exact	727	625
sample	repeated	stardict	raw	exact	728	1333
sample	repeated	stardict	raw	exact	729	500
sample	repeated	stardict	raw	exact	730	1208
sample	repeated	stardict	raw	exact	731	542
sample	repeated	stardict	raw	exact	732	1125
sample	repeated	stardict	raw	exact	733	500
sample	repeated	stardict	raw	exact	734	1167
sample	repeated	stardict	raw	exact	735	709
sample	repeated	stardict	raw	exact	736	1542
sample	repeated	stardict	raw	exact	737	4791
sample	repeated	stardict	raw	exact	738	2625
sample	repeated	stardict	raw	exact	739	1209
sample	repeated	stardict	raw	exact	740	18792
sample	repeated	stardict	raw	exact	741	2208
sample	repeated	stardict	raw	exact	742	2625
sample	repeated	stardict	raw	exact	743	2500
sample	repeated	stardict	raw	exact	744	2750
sample	repeated	stardict	raw	exact	745	2125
sample	repeated	stardict	raw	exact	746	1417
sample	repeated	stardict	raw	exact	747	583
sample	repeated	stardict	raw	exact	748	1709
sample	repeated	stardict	raw	exact	749	458
sample	repeated	stardict	raw	exact	750	1209
sample	repeated	stardict	raw	exact	751	708
sample	repeated	stardict	raw	exact	752	1542
sample	repeated	stardict	raw	exact	753	500
sample	repeated	stardict	raw	exact	754	1166
sample	repeated	stardict	raw	exact	755	458
sample	repeated	stardict	raw	exact	756	1417
sample	repeated	stardict	raw	exact	757	375
sample	repeated	stardict	raw	exact	758	1042
sample	repeated	stardict	raw	exact	759	667
sample	repeated	stardict	raw	exact	760	1084
sample	repeated	stardict	raw	exact	761	416
sample	repeated	stardict	raw	exact	762	875
sample	repeated	stardict	raw	exact	763	375
sample	repeated	stardict	raw	exact	764	1500
sample	repeated	stardict	raw	exact	765	375
sample	repeated	stardict	raw	exact	766	1000
sample	repeated	stardict	raw	exact	767	667
sample	repeated	stardict	raw	exact	768	1500
sample	repeated	stardict	raw	exact	769	416
sample	repeated	stardict	raw	exact	770	1000
sample	repeated	stardict	raw	exact	771	417
sample	repeated	stardict	raw	exact	772	1375
sample	repeated	stardict	raw	exact	773	375
sample	repeated	stardict	raw	exact	774	1000
sample	repeated	stardict	raw	exact	775	583
sample	repeated	stardict	raw	exact	776	1625
sample	repeated	stardict	raw	exact	777	375
sample	repeated	stardict	raw	exact	778	1000
sample	repeated	stardict	raw	exact	779	375
sample	repeated	stardict	raw	exact	780	1125
sample	repeated	stardict	raw	exact	781	375
sample	repeated	stardict	raw	exact	782	1208
sample	repeated	stardict	raw	exact	783	542
sample	repeated	stardict	raw	exact	784	1375
sample	repeated	stardict	raw	exact	785	375
sample	repeated	stardict	raw	exact	786	1041
sample	repeated	stardict	raw	exact	787	417
sample	repeated	stardict	raw	exact	788	1292
sample	repeated	stardict	raw	exact	789	417
sample	repeated	stardict	raw	exact	790	1042
sample	repeated	stardict	raw	exact	791	583
sample	repeated	stardict	raw	exact	792	1333
sample	repeated	stardict	raw	exact	793	375
sample	repeated	stardict	raw	exact	794	1000
sample	repeated	stardict	raw	exact	795	375
sample	repeated	stardict	raw	exact	796	1250
sample	repeated	stardict	raw	exact	797	375
sample	repeated	stardict	raw	exact	798	959
sample	repeated	stardict	raw	exact	799	583
sample	repeated	stardict	raw	exact	800	1208
sample	repeated	stardict	raw	exact	801	375
sample	repeated	stardict	raw	exact	802	959
sample	repeated	stardict	raw	exact	803	375
sample	repeated	stardict	raw	exact	804	1584
sample	repeated	stardict	raw	exact	805	375
sample	repeated	stardict	raw	exact	806	916
sample	repeated	stardict	raw	exact	807	584
sample	repeated	stardict	raw	exact	808	1041
sample	repeated	stardict	raw	exact	809	375
sample	repeated	stardict	raw	exact	810	875
sample	repeated	stardict	raw	exact	811	458
sample	repeated	stardict	raw	exact	812	958
sample	repeated	stardict	raw	exact	813	375
sample	repeated	stardict	raw	exact	814	1333
sample	repeated	stardict	raw	exact	815	583
sample	repeated	stardict	raw	exact	816	1459
sample	repeated	stardict	raw	exact	817	375
sample	repeated	stardict	raw	exact	818	1000
sample	repeated	stardict	raw	exact	819	375
sample	repeated	stardict	raw	exact	820	1625
sample	repeated	stardict	raw	exact	821	417
sample	repeated	stardict	raw	exact	822	1042
sample	repeated	stardict	raw	exact	823	541
sample	repeated	stardict	raw	exact	824	958
sample	repeated	stardict	raw	exact	825	459
sample	repeated	stardict	raw	exact	826	958
sample	repeated	stardict	raw	exact	827	417
sample	repeated	stardict	raw	exact	828	1375
sample	repeated	stardict	raw	exact	829	417
sample	repeated	stardict	raw	exact	830	875
sample	repeated	stardict	raw	exact	831	1541
sample	repeated	stardict	raw	exact	832	1083
sample	repeated	stardict	raw	exact	833	416
sample	repeated	stardict	raw	exact	834	6625
sample	repeated	stardict	raw	exact	835	1333
sample	repeated	stardict	raw	exact	836	1500
sample	repeated	stardict	raw	exact	837	459
sample	repeated	stardict	raw	exact	838	917
sample	repeated	stardict	raw	exact	839	875
sample	repeated	stardict	raw	exact	840	1250
sample	repeated	stardict	raw	exact	841	500
sample	repeated	stardict	raw	exact	842	917
sample	repeated	stardict	raw	exact	843	417
sample	repeated	stardict	raw	exact	844	1500
sample	repeated	stardict	raw	exact	845	458
sample	repeated	stardict	raw	exact	846	1416
sample	repeated	stardict	raw	exact	847	625
sample	repeated	stardict	raw	exact	848	1458
sample	repeated	stardict	raw	exact	849	417
sample	repeated	stardict	raw	exact	850	958
sample	repeated	stardict	raw	exact	851	417
sample	repeated	stardict	raw	exact	852	1167
sample	repeated	stardict	raw	exact	853	417
sample	repeated	stardict	raw	exact	854	959
sample	repeated	stardict	raw	exact	855	667
sample	repeated	stardict	raw	exact	856	1000
sample	repeated	stardict	raw	exact	857	375
sample	repeated	stardict	raw	exact	858	917
sample	repeated	stardict	raw	exact	859	417
sample	repeated	stardict	raw	exact	860	1375
sample	repeated	stardict	raw	exact	861	417
sample	repeated	stardict	raw	exact	862	875
sample	repeated	stardict	raw	exact	863	625
sample	repeated	stardict	raw	exact	864	1125
sample	repeated	stardict	raw	exact	865	417
sample	repeated	stardict	raw	exact	866	708
sample	repeated	stardict	raw	exact	867	417
sample	repeated	stardict	raw	exact	868	1250
sample	repeated	stardict	raw	exact	869	375
sample	repeated	stardict	raw	exact	870	875
sample	repeated	stardict	raw	exact	871	625
sample	repeated	stardict	raw	exact	872	1000
sample	repeated	stardict	raw	exact	873	458
sample	repeated	stardict	raw	exact	874	1042
sample	repeated	stardict	raw	exact	875	416
sample	repeated	stardict	raw	exact	876	1208
sample	repeated	stardict	raw	exact	877	416
sample	repeated	stardict	raw	exact	878	1000
sample	repeated	stardict	raw	exact	879	625
sample	repeated	stardict	raw	exact	880	1208
sample	repeated	stardict	raw	exact	881	416
sample	repeated	stardict	raw	exact	882	875
sample	repeated	stardict	raw	exact	883	458
sample	repeated	stardict	raw	exact	884	1375
sample	repeated	stardict	raw	exact	885	416
sample	repeated	stardict	raw	exact	886	1167
sample	repeated	stardict	raw	exact	887	625
sample	repeated	stardict	raw	exact	888	1209
sample	repeated	stardict	raw	exact	889	4916
sample	repeated	stardict	raw	exact	890	2666
sample	repeated	stardict	raw	exact	891	1416
sample	repeated	stardict	raw	exact	892	3042
sample	repeated	stardict	raw	exact	893	1333
sample	repeated	stardict	raw	exact	894	1500
sample	repeated	stardict	raw	exact	895	792
sample	repeated	stardict	raw	exact	896	4041
sample	repeated	stardict	raw	exact	897	1334
sample	repeated	stardict	raw	exact	898	2167
sample	repeated	stardict	raw	exact	899	1500
sample	repeated	stardict	raw	exact	900	1333
sample	repeated	stardict	raw	exact	901	416
sample	repeated	stardict	raw	exact	902	1000
sample	repeated	stardict	raw	exact	903	708
sample	repeated	stardict	raw	exact	904	1084
sample	repeated	stardict	raw	exact	905	417
sample	repeated	stardict	raw	exact	906	1041
sample	repeated	stardict	raw	exact	907	459
sample	repeated	stardict	raw	exact	908	1417
sample	repeated	stardict	raw	exact	909	375
sample	repeated	stardict	raw	exact	910	1250
sample	repeated	stardict	raw	exact	911	625
sample	repeated	stardict	raw	exact	912	1375
sample	repeated	stardict	raw	exact	913	417
sample	repeated	stardict	raw	exact	914	917
sample	repeated	stardict	raw	exact	915	458
sample	repeated	stardict	raw	exact	916	1167
sample	repeated	stardict	raw	exact	917	375
sample	repeated	stardict	raw	exact	918	833
sample	repeated	stardict	raw	exact	919	1167
sample	repeated	stardict	raw	exact	920	1375
sample	repeated	stardict	raw	exact	921	417
sample	repeated	stardict	raw	exact	922	1041
sample	repeated	stardict	raw	exact	923	417
sample	repeated	stardict	raw	exact	924	1292
sample	repeated	stardict	raw	exact	925	417
sample	repeated	stardict	raw	exact	926	1042
sample	repeated	stardict	raw	exact	927	667
sample	repeated	stardict	raw	exact	928	1292
sample	repeated	stardict	raw	exact	929	417
sample	repeated	stardict	raw	exact	930	916
sample	repeated	stardict	raw	exact	931	417
sample	repeated	stardict	raw	exact	932	1292
sample	repeated	stardict	raw	exact	933	416
sample	repeated	stardict	raw	exact	934	917
sample	repeated	stardict	raw	exact	935	667
sample	repeated	stardict	raw	exact	936	1000
sample	repeated	stardict	raw	exact	937	375
sample	repeated	stardict	raw	exact	938	792
sample	repeated	stardict	raw	exact	939	417
sample	repeated	stardict	raw	exact	940	1417
sample	repeated	stardict	raw	exact	941	375
sample	repeated	stardict	raw	exact	942	1167
sample	repeated	stardict	raw	exact	943	625
sample	repeated	stardict	raw	exact	944	1125
sample	repeated	stardict	raw	exact	945	375
sample	repeated	stardict	raw	exact	946	916
sample	repeated	stardict	raw	exact	947	417
sample	repeated	stardict	raw	exact	948	1375
sample	repeated	stardict	raw	exact	949	375
sample	repeated	stardict	raw	exact	950	917
sample	repeated	stardict	raw	exact	951	625
sample	repeated	stardict	raw	exact	952	1334
sample	repeated	stardict	raw	exact	953	417
sample	repeated	stardict	raw	exact	954	1167
sample	repeated	stardict	raw	exact	955	541
sample	repeated	stardict	raw	exact	956	1542
sample	repeated	stardict	raw	exact	957	375
sample	repeated	stardict	raw	exact	958	958
sample	repeated	stardict	raw	exact	959	625
sample	repeated	stardict	raw	exact	960	1083
sample	repeated	stardict	raw	exact	961	416
sample	repeated	stardict	raw	exact	962	709
sample	repeated	stardict	raw	exact	963	417
sample	repeated	stardict	raw	exact	964	1292
sample	repeated	stardict	raw	exact	965	417
sample	repeated	stardict	raw	exact	966	1125
sample	repeated	stardict	raw	exact	967	625
sample	repeated	stardict	raw	exact	968	1583
sample	repeated	stardict	raw	exact	969	416
sample	repeated	stardict	raw	exact	970	875
sample	repeated	stardict	raw	exact	971	459
sample	repeated	stardict	raw	exact	972	1125
sample	repeated	stardict	raw	exact	973	416
sample	repeated	stardict	raw	exact	974	833
sample	repeated	stardict	raw	exact	975	625
sample	repeated	stardict	raw	exact	976	1000
sample	repeated	stardict	raw	exact	977	416
sample	repeated	stardict	raw	exact	978	917
sample	repeated	stardict	raw	exact	979	416
sample	repeated	stardict	raw	exact	980	1083
sample	repeated	stardict	raw	exact	981	416
sample	repeated	stardict	raw	exact	982	916
sample	repeated	stardict	raw	exact	983	666
sample	repeated	stardict	raw	exact	984	1292
sample	repeated	stardict	raw	exact	985	375
sample	repeated	stardict	raw	exact	986	917
sample	repeated	stardict	raw	exact	987	375
sample	repeated	stardict	raw	exact	988	1000
sample	repeated	stardict	raw	exact	989	458
sample	repeated	stardict	raw	exact	990	875
sample	repeated	stardict	raw	exact	991	625
sample	repeated	stardict	raw	exact	992	959
sample	repeated	stardict	raw	exact	993	417
sample	repeated	stardict	raw	exact	994	667
sample	repeated	stardict	raw	exact	995	417
sample	repeated	stardict	raw	exact	996	9000
sample	repeated	stardict	raw	exact	997	1875
sample	repeated	stardict	raw	exact	998	875
sample	repeated	stardict	raw	exact	999	709
sample	repeated	stardict	raw	prefix	0	1917
sample	repeated	stardict	raw	prefix	1	2125
sample	repeated	stardict	raw	prefix	2	75792
sample	repeated	stardict	raw	prefix	3	80542
sample	repeated	stardict	raw	prefix	4	2208
sample	repeated	stardict	raw	prefix	5	584
sample	repeated	stardict	raw	prefix	6	71250
sample	repeated	stardict	raw	prefix	7	75375
sample	repeated	stardict	raw	prefix	8	2625
sample	repeated	stardict	raw	prefix	9	1833
sample	repeated	stardict	raw	prefix	10	130792
sample	repeated	stardict	raw	prefix	11	80042
sample	repeated	stardict	raw	prefix	12	1917
sample	repeated	stardict	raw	prefix	13	500
sample	repeated	stardict	raw	prefix	14	70583
sample	repeated	stardict	raw	prefix	15	74625
sample	repeated	stardict	raw	prefix	16	1917
sample	repeated	stardict	raw	prefix	17	1750
sample	repeated	stardict	raw	prefix	18	70542
sample	repeated	stardict	raw	prefix	19	71584
sample	repeated	stardict	raw	prefix	20	1333
sample	repeated	stardict	raw	prefix	21	458
sample	repeated	stardict	raw	prefix	22	69792
sample	repeated	stardict	raw	prefix	23	71042
sample	repeated	stardict	raw	prefix	24	1542
sample	repeated	stardict	raw	prefix	25	1917
sample	repeated	stardict	raw	prefix	26	70083
sample	repeated	stardict	raw	prefix	27	76958
sample	repeated	stardict	raw	prefix	28	2375
sample	repeated	stardict	raw	prefix	29	500
sample	repeated	stardict	raw	prefix	30	69792
sample	repeated	stardict	raw	prefix	31	71917
sample	repeated	stardict	raw	prefix	32	1709
sample	repeated	stardict	raw	prefix	33	1750
sample	repeated	stardict	raw	prefix	34	68959
sample	repeated	stardict	raw	prefix	35	77208
sample	repeated	stardict	raw	prefix	36	3125
sample	repeated	stardict	raw	prefix	37	625
sample	repeated	stardict	raw	prefix	38	91208
sample	repeated	stardict	raw	prefix	39	80583
sample	repeated	stardict	raw	prefix	40	2333
sample	repeated	stardict	raw	prefix	41	1833
sample	repeated	stardict	raw	prefix	42	73166
sample	repeated	stardict	raw	prefix	43	71750
sample	repeated	stardict	raw	prefix	44	1666
sample	repeated	stardict	raw	prefix	45	542
sample	repeated	stardict	raw	prefix	46	71167
sample	repeated	stardict	raw	prefix	47	86833
sample	repeated	stardict	raw	prefix	48	2000
sample	repeated	stardict	raw	prefix	49	2125
sample	repeated	stardict	raw	prefix	50	70042
sample	repeated	stardict	raw	prefix	51	70500
sample	repeated	stardict	raw	prefix	52	4250
sample	repeated	stardict	raw	prefix	53	542
sample	repeated	stardict	raw	prefix	54	74000
sample	repeated	stardict	raw	prefix	55	77042
sample	repeated	stardict	raw	prefix	56	2167
sample	repeated	stardict	raw	prefix	57	2792
sample	repeated	stardict	raw	prefix	58	70875
sample	repeated	stardict	raw	prefix	59	69125
sample	repeated	stardict	raw	prefix	60	1459
sample	repeated	stardict	raw	prefix	61	11917
sample	repeated	stardict	raw	prefix	62	69875
sample	repeated	stardict	raw	prefix	63	72541
sample	repeated	stardict	raw	prefix	64	1750
sample	repeated	stardict	raw	prefix	65	1791
sample	repeated	stardict	raw	prefix	66	74917
sample	repeated	stardict	raw	prefix	67	68500
sample	repeated	stardict	raw	prefix	68	3500
sample	repeated	stardict	raw	prefix	69	416
sample	repeated	stardict	raw	prefix	70	68375
sample	repeated	stardict	raw	prefix	71	74750
sample	repeated	stardict	raw	prefix	72	1750
sample	repeated	stardict	raw	prefix	73	1875
sample	repeated	stardict	raw	prefix	74	75166
sample	repeated	stardict	raw	prefix	75	71333
sample	repeated	stardict	raw	prefix	76	5083
sample	repeated	stardict	raw	prefix	77	708
sample	repeated	stardict	raw	prefix	78	73708
sample	repeated	stardict	raw	prefix	79	183959
sample	repeated	stardict	raw	prefix	80	3500
sample	repeated	stardict	raw	prefix	81	2042
sample	repeated	stardict	raw	prefix	82	71208
sample	repeated	stardict	raw	prefix	83	72625
sample	repeated	stardict	raw	prefix	84	1375
sample	repeated	stardict	raw	prefix	85	500
sample	repeated	stardict	raw	prefix	86	68708
sample	repeated	stardict	raw	prefix	87	71000
sample	repeated	stardict	raw	prefix	88	1541
sample	repeated	stardict	raw	prefix	89	1584
sample	repeated	stardict	raw	prefix	90	67041
sample	repeated	stardict	raw	prefix	91	68792
sample	repeated	stardict	raw	prefix	92	1417
sample	repeated	stardict	raw	prefix	93	458
sample	repeated	stardict	raw	prefix	94	69625
sample	repeated	stardict	raw	prefix	95	71250
sample	repeated	stardict	raw	prefix	96	1708
sample	repeated	stardict	raw	prefix	97	1750
sample	repeated	stardict	raw	prefix	98	67750
sample	repeated	stardict	raw	prefix	99	69042
sample	repeated	stardict	raw	prefix	100	3250
sample	repeated	stardict	raw	prefix	101	458
sample	repeated	stardict	raw	prefix	102	68750
sample	repeated	stardict	raw	prefix	103	80167
sample	repeated	stardict	raw	prefix	104	4209
sample	repeated	stardict	raw	prefix	105	2584
sample	repeated	stardict	raw	prefix	106	74792
sample	repeated	stardict	raw	prefix	107	82000
sample	repeated	stardict	raw	prefix	108	2084
sample	repeated	stardict	raw	prefix	109	542
sample	repeated	stardict	raw	prefix	110	71250
sample	repeated	stardict	raw	prefix	111	74917
sample	repeated	stardict	raw	prefix	112	1667
sample	repeated	stardict	raw	prefix	113	1584
sample	repeated	stardict	raw	prefix	114	157750
sample	repeated	stardict	raw	prefix	115	88291
sample	repeated	stardict	raw	prefix	116	4875
sample	repeated	stardict	raw	prefix	117	667
sample	repeated	stardict	raw	prefix	118	112958
sample	repeated	stardict	raw	prefix	119	74667
sample	repeated	stardict	raw	prefix	120	2417
sample	repeated	stardict	raw	prefix	121	1875
sample	repeated	stardict	raw	prefix	122	69416
sample	repeated	stardict	raw	prefix	123	68917
sample	repeated	stardict	raw	prefix	124	1459
sample	repeated	stardict	raw	prefix	125	541
sample	repeated	stardict	raw	prefix	126	214125
sample	repeated	stardict	raw	prefix	127	81000
sample	repeated	stardict	raw	prefix	128	4250
sample	repeated	stardict	raw	prefix	129	1750
sample	repeated	stardict	raw	prefix	130	70500
sample	repeated	stardict	raw	prefix	131	71083
sample	repeated	stardict	raw	prefix	132	3500
sample	repeated	stardict	raw	prefix	133	459
sample	repeated	stardict	raw	prefix	134	72750
sample	repeated	stardict	raw	prefix	135	81792
sample	repeated	stardict	raw	prefix	136	2250
sample	repeated	stardict	raw	prefix	137	1584
sample	repeated	stardict	raw	prefix	138	71791
sample	repeated	stardict	raw	prefix	139	71958
sample	repeated	stardict	raw	prefix	140	2833
sample	repeated	stardict	raw	prefix	141	583
sample	repeated	stardict	raw	prefix	142	70500
sample	repeated	stardict	raw	prefix	143	72792
sample	repeated	stardict	raw	prefix	144	1625
sample	repeated	stardict	raw	prefix	145	1917
sample	repeated	stardict	raw	prefix	146	73375
sample	repeated	stardict	raw	prefix	147	73042
sample	repeated	stardict	raw	prefix	148	1375
sample	repeated	stardict	raw	prefix	149	500
sample	repeated	stardict	raw	prefix	150	75583
sample	repeated	stardict	raw	prefix	151	113500
sample	repeated	stardict	raw	prefix	152	2500
sample	repeated	stardict	raw	prefix	153	1750
sample	repeated	stardict	raw	prefix	154	70417
sample	repeated	stardict	raw	prefix	155	71959
sample	repeated	stardict	raw	prefix	156	1417
sample	repeated	stardict	raw	prefix	157	459
sample	repeated	stardict	raw	prefix	158	70166
sample	repeated	stardict	raw	prefix	159	232375
sample	repeated	stardict	raw	prefix	160	5000
sample	repeated	stardict	raw	prefix	161	2375
sample	repeated	stardict	raw	prefix	162	76917
sample	repeated	stardict	raw	prefix	163	73750
sample	repeated	stardict	raw	prefix	164	1500
sample	repeated	stardict	raw	prefix	165	500
sample	repeated	stardict	raw	prefix	166	124458
sample	repeated	stardict	raw	prefix	167	144542
sample	repeated	stardict	raw	prefix	168	3709
sample	repeated	stardict	raw	prefix	169	2125
sample	repeated	stardict	raw	prefix	170	70375
sample	repeated	stardict	raw	prefix	171	69375
sample	repeated	stardict	raw	prefix	172	5084
sample	repeated	stardict	raw	prefix	173	583
sample	repeated	stardict	raw	prefix	174	75416
sample	repeated	stardict	raw	prefix	175	203083
sample	repeated	stardict	raw	prefix	176	3541
sample	repeated	stardict	raw	prefix	177	2542
sample	repeated	stardict	raw	prefix	178	74125
sample	repeated	stardict	raw	prefix	179	72834
sample	repeated	stardict	raw	prefix	180	5916
sample	repeated	stardict	raw	prefix	181	709
sample	repeated	stardict	raw	prefix	182	81458
sample	repeated	stardict	raw	prefix	183	183125
sample	repeated	stardict	raw	prefix	184	3459
sample	repeated	stardict	raw	prefix	185	2250
sample	repeated	stardict	raw	prefix	186	73083
sample	repeated	stardict	raw	prefix	187	74291
sample	repeated	stardict	raw	prefix	188	1959
sample	repeated	stardict	raw	prefix	189	625
sample	repeated	stardict	raw	prefix	190	71625
sample	repeated	stardict	raw	prefix	191	72916
sample	repeated	stardict	raw	prefix	192	2125
sample	repeated	stardict	raw	prefix	193	2167
sample	repeated	stardict	raw	prefix	194	70208
sample	repeated	stardict	raw	prefix	195	78459
sample	repeated	stardict	raw	prefix	196	4542
sample	repeated	stardict	raw	prefix	197	500
sample	repeated	stardict	raw	prefix	198	74709
sample	repeated	stardict	raw	prefix	199	73709
sample	repeated	stardict	raw	prefix	200	1958
sample	repeated	stardict	raw	prefix	201	1958
sample	repeated	stardict	raw	prefix	202	70250
sample	repeated	stardict	raw	prefix	203	76875
sample	repeated	stardict	raw	prefix	204	1541
sample	repeated	stardict	raw	prefix	205	500
sample	repeated	stardict	raw	prefix	206	70792
sample	repeated	stardict	raw	prefix	207	72958
sample	repeated	stardict	raw	prefix	208	2333
sample	repeated	stardict	raw	prefix	209	2542
sample	repeated	stardict	raw	prefix	210	71250
sample	repeated	stardict	raw	prefix	211	83459
sample	repeated	stardict	raw	prefix	212	4042
sample	repeated	stardict	raw	prefix	213	542
sample	repeated	stardict	raw	prefix	214	71708
sample	repeated	stardict	raw	prefix	215	71458
sample	repeated	stardict	raw	prefix	216	3291
sample	repeated	stardict	raw	prefix	217	2042
sample	repeated	stardict	raw	prefix	218	78583
sample	repeated	stardict	raw	prefix	219	70708
sample	repeated	stardict	raw	prefix	220	1542
sample	repeated	stardict	raw	prefix	221	458
sample	repeated	stardict	raw	prefix	222	69791
sample	repeated	stardict	raw	prefix	223	71334
sample	repeated	stardict	raw	prefix	224	1750
sample	repeated	stardict	raw	prefix	225	1667
sample	repeated	stardict	raw	prefix	226	69458
sample	repeated	stardict	raw	prefix	227	73292
sample	repeated	stardict	raw	prefix	228	15334
sample	repeated	stardict	raw	prefix	229	1333
sample	repeated	stardict	raw	prefix	230	104167
sample	repeated	stardict	raw	prefix	231	73541
sample	repeated	stardict	raw	prefix	232	3334
sample	repeated	stardict	raw	prefix	233	1750
sample	repeated	stardict	raw	prefix	234	69959
sample	repeated	stardict	raw	prefix	235	71000
sample	repeated	stardict	raw	prefix	236	4500
sample	repeated	stardict	raw	prefix	237	625
sample	repeated	stardict	raw	prefix	238	75292
sample	repeated	stardict	raw	prefix	239	73958
sample	repeated	stardict	raw	prefix	240	3542
sample	repeated	stardict	raw	prefix	241	2000
sample	repeated	stardict	raw	prefix	242	71459
sample	repeated	stardict	raw	prefix	243	71500
sample	repeated	stardict	raw	prefix	244	2875
sample	repeated	stardict	raw	prefix	245	458
sample	repeated	stardict	raw	prefix	246	71167
sample	repeated	stardict	raw	prefix	247	85333
sample	repeated	stardict	raw	prefix	248	2416
sample	repeated	stardict	raw	prefix	249	2084
sample	repeated	stardict	raw	prefix	250	72250
sample	repeated	stardict	raw	prefix	251	146500
sample	repeated	stardict	raw	prefix	252	3750
sample	repeated	stardict	raw	prefix	253	417
sample	repeated	stardict	raw	prefix	254	72542
sample	repeated	stardict	raw	prefix	255	72584
sample	repeated	stardict	raw	prefix	256	1458
sample	repeated	stardict	raw	prefix	257	1542
sample	repeated	stardict	raw	prefix	258	68916
sample	repeated	stardict	raw	prefix	259	70417
sample	repeated	stardict	raw	prefix	260	3625
sample	repeated	stardict	raw	prefix	261	417
sample	repeated	stardict	raw	prefix	262	71792
sample	repeated	stardict	raw	prefix	263	75917
sample	repeated	stardict	raw	prefix	264	1667
sample	repeated	stardict	raw	prefix	265	1542
sample	repeated	stardict	raw	prefix	266	69708
sample	repeated	stardict	raw	prefix	267	70750
sample	repeated	stardict	raw	prefix	268	6375
sample	repeated	stardict	raw	prefix	269	750
sample	repeated	stardict	raw	prefix	270	74292
sample	repeated	stardict	raw	prefix	271	73292
sample	repeated	stardict	raw	prefix	272	2916
sample	repeated	stardict	raw	prefix	273	2000
sample	repeated	stardict	raw	prefix	274	70791
sample	repeated	stardict	raw	prefix	275	71459
sample	repeated	stardict	raw	prefix	276	1417
sample	repeated	stardict	raw	prefix	277	458
sample	repeated	stardict	raw	prefix	278	68291
sample	repeated	stardict	raw	prefix	279	73875
sample	repeated	stardict	raw	prefix	280	1500
sample	repeated	stardict	raw	prefix	281	1791
sample	repeated	stardict	raw	prefix	282	69291
sample	repeated	stardict	raw	prefix	283	69417
sample	repeated	stardict	raw	prefix	284	5917
sample	repeated	stardict	raw	prefix	285	708
sample	repeated	stardict	raw	prefix	286	76834
sample	repeated	stardict	raw	prefix	287	72667
sample	repeated	stardict	raw	prefix	288	1750
sample	repeated	stardict	raw	prefix	289	2125
sample	repeated	stardict	raw	prefix	290	71667
sample	repeated	stardict	raw	prefix	291	72208
sample	repeated	stardict	raw	prefix	292	1583
sample	repeated	stardict	raw	prefix	293	500
sample	repeated	stardict	raw	prefix	294	72333
sample	repeated	stardict	raw	prefix	295	149583
sample	repeated	stardict	raw	prefix	296	4417
sample	repeated	stardict	raw	prefix	297	3000
sample	repeated	stardict	raw	prefix	298	74459
sample	repeated	stardict	raw	prefix	299	71458
sample	repeated	stardict	raw	prefix	300	3042
sample	repeated	stardict	raw	prefix	301	542
sample	repeated	stardict	raw	prefix	302	71333
sample	repeated	stardict	raw	prefix	303	75625
sample	repeated	stardict	raw	prefix	304	1917
sample	repeated	stardict	raw	prefix	305	1792
sample	repeated	stardict	raw	prefix	306	70584
sample	repeated	stardict	raw	prefix	307	191959
sample	repeated	stardict	raw	prefix	308	4833
sample	repeated	stardict	raw	prefix	309	709
sample	repeated	stardict	raw	prefix	310	117333
sample	repeated	stardict	raw	prefix	311	71542
sample	repeated	stardict	raw	prefix	312	1833
sample	repeated	stardict	raw	prefix	313	1833
sample	repeated	stardict	raw	prefix	314	158125
sample	repeated	stardict	raw	prefix	315	83625
sample	repeated	stardict	raw	prefix	316	10042
sample	repeated	stardict	raw	prefix	317	2209
sample	repeated	stardict	raw	prefix	318	102750
sample	repeated	stardict	raw	prefix	319	73959
sample	repeated	stardict	raw	prefix	320	2125
sample	repeated	stardict	raw	prefix	321	2250
sample	repeated	stardict	raw	prefix	322	71375
sample	repeated	stardict	raw	prefix	323	73459
sample	repeated	stardict	raw	prefix	324	3791
sample	repeated	stardict	raw	prefix	325	458
sample	repeated	stardict	raw	prefix	326	73250
sample	repeated	stardict	raw	prefix	327	70167
sample	repeated	stardict	raw	prefix	328	1666
sample	repeated	stardict	raw	prefix	329	2292
sample	repeated	stardict	raw	prefix	330	68250
sample	repeated	stardict	raw	prefix	331	92250
sample	repeated	stardict	raw	prefix	332	4875
sample	repeated	stardict	raw	prefix	333	542
sample	repeated	stardict	raw	prefix	334	73417
sample	repeated	stardict	raw	prefix	335	77000
sample	repeated	stardict	raw	prefix	336	2333
sample	repeated	stardict	raw	prefix	337	1833
sample	repeated	stardict	raw	prefix	338	70250
sample	repeated	stardict	raw	prefix	339	71584
sample	repeated	stardict	raw	prefix	340	4917
sample	repeated	stardict	raw	prefix	341	667
sample	repeated	stardict	raw	prefix	342	76166
sample	repeated	stardict	raw	prefix	343	73584
sample	repeated	stardict	raw	prefix	344	2209
sample	repeated	stardict	raw	prefix	345	1584
sample	repeated	stardict	raw	prefix	346	71750
sample	repeated	stardict	raw	prefix	347	71125
sample	repeated	stardict	raw	prefix	348	1375
sample	repeated	stardict	raw	prefix	349	458
sample	repeated	stardict	raw	prefix	350	72583
sample	repeated	stardict	raw	prefix	351	119209
sample	repeated	stardict	raw	prefix	352	2250
sample	repeated	stardict	raw	prefix	353	1666
sample	repeated	stardict	raw	prefix	354	71958
sample	repeated	stardict	raw	prefix	355	74209
sample	repeated	stardict	raw	prefix	356	1458
sample	repeated	stardict	raw	prefix	357	458
sample	repeated	stardict	raw	prefix	358	70917
sample	repeated	stardict	raw	prefix	359	94167
sample	repeated	stardict	raw	prefix	360	3000
sample	repeated	stardict	raw	prefix	361	1875
sample	repeated	stardict	raw	prefix	362	72917
sample	repeated	stardict	raw	prefix	363	113541
sample	repeated	stardict	raw	prefix	364	3250
sample	repeated	stardict	raw	prefix	365	500
sample	repeated	stardict	raw	prefix	366	75750
sample	repeated	stardict	raw	prefix	367	76375
sample	repeated	stardict	raw	prefix	368	1834
sample	repeated	stardict	raw	prefix	369	1708
sample	repeated	stardict	raw	prefix	370	70791
sample	repeated	stardict	raw	prefix	371	125042
sample	repeated	stardict	raw	prefix	372	4542
sample	repeated	stardict	raw	prefix	373	625
sample	repeated	stardict	raw	prefix	374	73250
sample	repeated	stardict	raw	prefix	375	74084
sample	repeated	stardict	raw	prefix	376	2083
sample	repeated	stardict	raw	prefix	377	1750
sample	repeated	stardict	raw	prefix	378	69458
sample	repeated	stardict	raw	prefix	379	91875
sample	repeated	stardict	raw	prefix	380	4125
sample	repeated	stardict	raw	prefix	381	500
sample	repeated	stardict	raw	prefix	382	74583
sample	repeated	stardict	raw	prefix	383	118083
sample	repeated	stardict	raw	prefix	384	2291
sample	repeated	stardict	raw	prefix	385	1458
sample	repeated	stardict	raw	prefix	386	71334
sample	repeated	stardict	raw	prefix	387	72250
sample	repeated	stardict	raw	prefix	388	4667
sample	repeated	stardict	raw	prefix	389	583
sample	repeated	stardict	raw	prefix	390	72791
sample	repeated	stardict	raw	prefix	391	72625
sample	repeated	stardict	raw	prefix	392	1625
sample	repeated	stardict	raw	prefix	393	2083
sample	repeated	stardict	raw	prefix	394	69083
sample	repeated	stardict	raw	prefix	395	76208
sample	repeated	stardict	raw	prefix	396	1791
sample	repeated	stardict	raw	prefix	397	542
sample	repeated	stardict	raw	prefix	398	70750
sample	repeated	stardict	raw	prefix	399	71792
sample	repeated	stardict	raw	prefix	400	2333
sample	repeated	stardict	raw	prefix	401	1750
sample	repeated	stardict	raw	prefix	402	70416
sample	repeated	stardict	raw	prefix	403	71250
sample	repeated	stardict	raw	prefix	404	5666
sample	repeated	stardict	raw	prefix	405	583
sample	repeated	stardict	raw	prefix	406	72500
sample	repeated	stardict	raw	prefix	407	73166
sample	repeated	stardict	raw	prefix	408	1709
sample	repeated	stardict	raw	prefix	409	1750
sample	repeated	stardict	raw	prefix	410	68417
sample	repeated	stardict	raw	prefix	411	70875
sample	repeated	stardict	raw	prefix	412	4125
sample	repeated	stardict	raw	prefix	413	459
sample	repeated	stardict	raw	prefix	414	69334
sample	repeated	stardict	raw	prefix	415	74250
sample	repeated	stardict	raw	prefix	416	1792
sample	repeated	stardict	raw	prefix	417	1708
sample	repeated	stardict	raw	prefix	418	69375
sample	repeated	stardict	raw	prefix	419	80125
sample	repeated	stardict	raw	prefix	420	1708
sample	repeated	stardict	raw	prefix	421	583
sample	repeated	stardict	raw	prefix	422	72333
sample	repeated	stardict	raw	prefix	423	82750
sample	repeated	stardict	raw	prefix	424	2000
sample	repeated	stardict	raw	prefix	425	1917
sample	repeated	stardict	raw	prefix	426	69792
sample	repeated	stardict	raw	prefix	427	71667
sample	repeated	stardict	raw	prefix	428	1583
sample	repeated	stardict	raw	prefix	429	542
sample	repeated	stardict	raw	prefix	430	70042
sample	repeated	stardict	raw	prefix	431	74875
sample	repeated	stardict	raw	prefix	432	5000
sample	repeated	stardict	raw	prefix	433	2042
sample	repeated	stardict	raw	prefix	434	72875
sample	repeated	stardict	raw	prefix	435	69500
sample	repeated	stardict	raw	prefix	436	1417
sample	repeated	stardict	raw	prefix	437	459
sample	repeated	stardict	raw	prefix	438	68875
sample	repeated	stardict	raw	prefix	439	78625
sample	repeated	stardict	raw	prefix	440	1792
sample	repeated	stardict	raw	prefix	441	2333
sample	repeated	stardict	raw	prefix	442	78875
sample	repeated	stardict	raw	prefix	443	73000
sample	repeated	stardict	raw	prefix	444	3417
sample	repeated	stardict	raw	prefix	445	458
sample	repeated	stardict	raw	prefix	446	70209
sample	repeated	stardict	raw	prefix	447	73000
sample	repeated	stardict	raw	prefix	448	1584
sample	repeated	stardict	raw	prefix	449	1708
sample	repeated	stardict	raw	prefix	450	69917
sample	repeated	stardict	raw	prefix	451	70375
sample	repeated	stardict	raw	prefix	452	1583
sample	repeated	stardict	raw	prefix	453	542
sample	repeated	stardict	raw	prefix	454	69750
sample	repeated	stardict	raw	prefix	455	92208
sample	repeated	stardict	raw	prefix	456	3334
sample	repeated	stardict	raw	prefix	457	1875
sample	repeated	stardict	raw	prefix	458	72208
sample	repeated	stardict	raw	prefix	459	70666
sample	repeated	stardict	raw	prefix	460	1500
sample	repeated	stardict	raw	prefix	461	417
sample	repeated	stardict	raw	prefix	462	68417
sample	repeated	stardict	raw	prefix	463	81292
sample	repeated	stardict	raw	prefix	464	4708
sample	repeated	stardict	raw	prefix	465	2292
sample	repeated	stardict	raw	prefix	466	72666
sample	repeated	stardict	raw	prefix	467	79000
sample	repeated	stardict	raw	prefix	468	1625
sample	repeated	stardict	raw	prefix	469	542
sample	repeated	stardict	raw	prefix	470	71167
sample	repeated	stardict	raw	prefix	471	74333
sample	repeated	stardict	raw	prefix	472	2459
sample	repeated	stardict	raw	prefix	473	1959
sample	repeated	stardict	raw	prefix	474	72625
sample	repeated	stardict	raw	prefix	475	70666
sample	repeated	stardict	raw	prefix	476	1333
sample	repeated	stardict	raw	prefix	477	417
sample	repeated	stardict	raw	prefix	478	69709
sample	repeated	stardict	raw	prefix	479	73125
sample	repeated	stardict	raw	prefix	480	1583
sample	repeated	stardict	raw	prefix	481	1750
sample	repeated	stardict	raw	prefix	482	69959
sample	repeated	stardict	raw	prefix	483	71583
sample	repeated	stardict	raw	prefix	484	3166
sample	repeated	stardict	raw	prefix	485	459
sample	repeated	stardict	raw	prefix	486	69958
sample	repeated	stardict	raw	prefix	487	74708
sample	repeated	stardict	raw	prefix	488	4667
sample	repeated	stardict	raw	prefix	489	2417
sample	repeated	stardict	raw	prefix	490	72916
sample	repeated	stardict	raw	prefix	491	70959
sample	repeated	stardict	raw	prefix	492	1459
sample	repeated	stardict	raw	prefix	493	500
sample	repeated	stardict	raw	prefix	494	69167
sample	repeated	stardict	raw	prefix	495	73000
sample	repeated	stardict	raw	prefix	496	3542
sample	repeated	stardict	raw	prefix	497	2042
sample	repeated	stardict	raw	prefix	498	73458
sample	repeated	stardict	raw	prefix	499	70708
sample	repeated	stardict	raw	prefix	500	1625
sample	repeated	stardict	raw	prefix	501	500
sample	repeated	stardict	raw	prefix	502	69042
sample	repeated	stardict	raw	prefix	503	73500
sample	repeated	stardict	raw	prefix	504	4541
sample	repeated	stardict	raw	prefix	505	2250
sample	repeated	stardict	raw	prefix	506	70250
sample	repeated	stardict	raw	prefix	507	73333
sample	repeated	stardict	raw	prefix	508	1541
sample	repeated	stardict	raw	prefix	509	500
sample	repeated	stardict	raw	prefix	510	70042
sample	repeated	stardict	raw	prefix	511	72000
sample	repeated	stardict	raw	prefix	512	3875
sample	repeated	stardict	raw	prefix	513	2167
sample	repeated	stardict	raw	prefix	514	76708
sample	repeated	stardict	raw	prefix	515	73916
sample	repeated	stardict	raw	prefix	516	2709
sample	repeated	stardict	raw	prefix	517	542
sample	repeated	stardict	raw	prefix	518	73625
sample	repeated	stardict	raw	prefix	519	79916
sample	repeated	stardict	raw	prefix	520	5333
sample	repeated	stardict	raw	prefix	521	1958
sample	repeated	stardict	raw	prefix	522	77458
sample	repeated	stardict	raw	prefix	523	72459
sample	repeated	stardict	raw	prefix	524	1583
sample	repeated	stardict	raw	prefix	525	583
sample	repeated	stardict	raw	prefix	526	69584
sample	repeated	stardict	raw	prefix	527	71167
sample	repeated	stardict	raw	prefix	528	1584
sample	repeated	stardict	raw	prefix	529	1625
sample	repeated	stardict	raw	prefix	530	69333
sample	repeated	stardict	raw	prefix	531	76583
sample	repeated	stardict	raw	prefix	532	1666
sample	repeated	stardict	raw	prefix	533	500
sample	repeated	stardict	raw	prefix	534	69625
sample	repeated	stardict	raw	prefix	535	71792
sample	repeated	stardict	raw	prefix	536	1459
sample	repeated	stardict	raw	prefix	537	1750
sample	repeated	stardict	raw	prefix	538	69833
sample	repeated	stardict	raw	prefix	539	70709
sample	repeated	stardict	raw	prefix	540	3625
sample	repeated	stardict	raw	prefix	541	584
sample	repeated	stardict	raw	prefix	542	70459
sample	repeated	stardict	raw	prefix	543	71833
sample	repeated	stardict	raw	prefix	544	1583
sample	repeated	stardict	raw	prefix	545	2083
sample	repeated	stardict	raw	prefix	546	69042
sample	repeated	stardict	raw	prefix	547	72458
sample	repeated	stardict	raw	prefix	548	4167
sample	repeated	stardict	raw	prefix	549	625
sample	repeated	stardict	raw	prefix	550	156666
sample	repeated	stardict	raw	prefix	551	78084
sample	repeated	stardict	raw	prefix	552	1708
sample	repeated	stardict	raw	prefix	553	2125
sample	repeated	stardict	raw	prefix	554	81666
sample	repeated	stardict	raw	prefix	555	70875
sample	repeated	stardict	raw	prefix	556	5541
sample	repeated	stardict	raw	prefix	557	541
sample	repeated	stardict	raw	prefix	558	107459
sample	repeated	stardict	raw	prefix	559	73083
sample	repeated	stardict	raw	prefix	560	1667
sample	repeated	stardict	raw	prefix	561	2125
sample	repeated	stardict	raw	prefix	562	70750
sample	repeated	stardict	raw	prefix	563	72333
sample	repeated	stardict	raw	prefix	564	3333
sample	repeated	stardict	raw	prefix	565	541
sample	repeated	stardict	raw	prefix	566	76083
sample	repeated	stardict	raw	prefix	567	81625
sample	repeated	stardict	raw	prefix	568	2208
sample	repeated	stardict	raw	prefix	569	1959
sample	repeated	stardict	raw	prefix	570	71708
sample	repeated	stardict	raw	prefix	571	73125
sample	repeated	stardict	raw	prefix	572	3042
sample	repeated	stardict	raw	prefix	573	584
sample	repeated	stardict	raw	prefix	574	79500
sample	repeated	stardict	raw	prefix	575	74875
sample	repeated	stardict	raw	prefix	576	2417
sample	repeated	stardict	raw	prefix	577	1958
sample	repeated	stardict	raw	prefix	578	72500
sample	repeated	stardict	raw	prefix	579	72958
sample	repeated	stardict	raw	prefix	580	5625
sample	repeated	stardict	raw	prefix	581	500
sample	repeated	stardict	raw	prefix	582	73625
sample	repeated	stardict	raw	prefix	583	76292
sample	repeated	stardict	raw	prefix	584	1916
sample	repeated	stardict	raw	prefix	585	1709
sample	repeated	stardict	raw	prefix	586	71834
sample	repeated	stardict	raw	prefix	587	71666
sample	repeated	stardict	raw	prefix	588	1458
sample	repeated	stardict	raw	prefix	589	417
sample	repeated	stardict	raw	prefix	590	72209
sample	repeated	stardict	raw	prefix	591	72958
sample	repeated	stardict	raw	prefix	592	3542
sample	repeated	stardict	raw	prefix	593	1458
sample	repeated	stardict	raw	prefix	594	71917
sample	repeated	stardict	raw	prefix	595	85542
sample	repeated	stardict	raw	prefix	596	2666
sample	repeated	stardict	raw	prefix	597	500
sample	repeated	stardict	raw	prefix	598	71833
sample	repeated	stardict	raw	prefix	599	76625
sample	repeated	stardict	raw	prefix	600	2333
sample	repeated	stardict	raw	prefix	601	1958
sample	repeated	stardict	raw	prefix	602	73625
sample	repeated	stardict	raw	prefix	603	75375
sample	repeated	stardict	raw	prefix	604	3875
sample	repeated	stardict	raw	prefix	605	709
sample	repeated	stardict	raw	prefix	606	106209
sample	repeated	stardict	raw	prefix	607	73417
sample	repeated	stardict	raw	prefix	608	1958
sample	repeated	stardict	raw	prefix	609	1625
sample	repeated	stardict	raw	prefix	610	70167
sample	repeated	stardict	raw	prefix	611	69333
sample	repeated	stardict	raw	prefix	612	11459
sample	repeated	stardict	raw	prefix	613	1042
sample	repeated	stardict	raw	prefix	614	211917
sample	repeated	stardict	raw	prefix	615	77917
sample	repeated	stardict	raw	prefix	616	2375
sample	repeated	stardict	raw	prefix	617	1334
sample	repeated	stardict	raw	prefix	618	70250
sample	repeated	stardict	raw	prefix	619	69833
sample	repeated	stardict	raw	prefix	620	1583
sample	repeated	stardict	raw	prefix	621	500
sample	repeated	stardict	raw	prefix	622	69000
sample	repeated	stardict	raw	prefix	623	132125
sample	repeated	stardict	raw	prefix	624	5125
sample	repeated	stardict	raw	prefix	625	1833
sample	repeated	stardict	raw	prefix	626	73167
sample	repeated	stardict	raw	prefix	627	71709
sample	repeated	stardict	raw	prefix	628	3625
sample	repeated	stardict	raw	prefix	629	625
sample	repeated	stardict	raw	prefix	630	72041
sample	repeated	stardict	raw	prefix	631	71667
sample	repeated	stardict	raw	prefix	632	1916
sample	repeated	stardict	raw	prefix	633	1958
sample	repeated	stardict	raw	prefix	634	69500
sample	repeated	stardict	raw	prefix	635	70083
sample	repeated	stardict	raw	prefix	636	5833
sample	repeated	stardict	raw	prefix	637	709
sample	repeated	stardict	raw	prefix	638	76750
sample	repeated	stardict	raw	prefix	639	89125
sample	repeated	stardict	raw	prefix	640	2084
sample	repeated	stardict	raw	prefix	641	2000
sample	repeated	stardict	raw	prefix	642	71792
sample	repeated	stardict	raw	prefix	643	71792
sample	repeated	stardict	raw	prefix	644	1667
sample	repeated	stardict	raw	prefix	645	458
sample	repeated	stardict	raw	prefix	646	70458
sample	repeated	stardict	raw	prefix	647	74666
sample	repeated	stardict	raw	prefix	648	1584
sample	repeated	stardict	raw	prefix	649	1833
sample	repeated	stardict	raw	prefix	650	72125
sample	repeated	stardict	raw	prefix	651	77458
sample	repeated	stardict	raw	prefix	652	1416
sample	repeated	stardict	raw	prefix	653	458
sample	repeated	stardict	raw	prefix	654	71125
sample	repeated	stardict	raw	prefix	655	71667
sample	repeated	stardict	raw	prefix	656	3625
sample	repeated	stardict	raw	prefix	657	3708
sample	repeated	stardict	raw	prefix	658	71542
sample	repeated	stardict	raw	prefix	659	71833
sample	repeated	stardict	raw	prefix	660	1209
sample	repeated	stardict	raw	prefix	661	458
sample	repeated	stardict	raw	prefix	662	70542
sample	repeated	stardict	raw	prefix	663	81958
sample	repeated	stardict	raw	prefix	664	3250
sample	repeated	stardict	raw	prefix	665	2375
sample	repeated	stardict	raw	prefix	666	70917
sample	repeated	stardict	raw	prefix	667	72208
sample	repeated	stardict	raw	prefix	668	1375
sample	repeated	stardict	raw	prefix	669	500
sample	repeated	stardict	raw	prefix	670	69792
sample	repeated	stardict	raw	prefix	671	72417
sample	repeated	stardict	raw	prefix	672	3209
sample	repeated	stardict	raw	prefix	673	1875
sample	repeated	stardict	raw	prefix	674	73208
sample	repeated	stardict	raw	prefix	675	72500
sample	repeated	stardict	raw	prefix	676	1291
sample	repeated	stardict	raw	prefix	677	458
sample	repeated	stardict	raw	prefix	678	70209
sample	repeated	stardict	raw	prefix	679	71917
sample	repeated	stardict	raw	prefix	680	1833
sample	repeated	stardict	raw	prefix	681	1834
sample	repeated	stardict	raw	prefix	682	71625
sample	repeated	stardict	raw	prefix	683	72084
sample	repeated	stardict	raw	prefix	684	5375
sample	repeated	stardict	raw	prefix	685	667
sample	repeated	stardict	raw	prefix	686	77667
sample	repeated	stardict	raw	prefix	687	81958
sample	repeated	stardict	raw	prefix	688	3042
sample	repeated	stardict	raw	prefix	689	1833
sample	repeated	stardict	raw	prefix	690	70292
sample	repeated	stardict	raw	prefix	691	89875
sample	repeated	stardict	raw	prefix	692	4042
sample	repeated	stardict	raw	prefix	693	583
sample	repeated	stardict	raw	prefix	694	75125
sample	repeated	stardict	raw	prefix	695	72292
sample	repeated	stardict	raw	prefix	696	2208
sample	repeated	stardict	raw	prefix	697	1875
sample	repeated	stardict	raw	prefix	698	72125
sample	repeated	stardict	raw	prefix	699	77834
sample	repeated	stardict	raw	prefix	700	4417
sample	repeated	stardict	raw	prefix	701	625
sample	repeated	stardict	raw	prefix	702	72792
sample	repeated	stardict	raw	prefix	703	81541
sample	repeated	stardict	raw	prefix	704	2334
sample	repeated	stardict	raw	prefix	705	1667
sample	repeated	stardict	raw	prefix	706	68542
sample	repeated	stardict	raw	prefix	707	71875
sample	repeated	stardict	raw	prefix	708	1333
sample	repeated	stardict	raw	prefix	709	459
sample	repeated	stardict	raw	prefix	710	69375
sample	repeated	stardict	raw	prefix	711	71375
sample	repeated	stardict	raw	prefix	712	2459
sample	repeated	stardict	raw	prefix	713	1500
sample	repeated	stardict	raw	prefix	714	220000
sample	repeated	stardict	raw	prefix	715	85583
sample	repeated	stardict	raw	prefix	716	1667
sample	repeated	stardict	raw	prefix	717	541
sample	repeated	stardict	raw	prefix	718	72292
sample	repeated	stardict	raw	prefix	719	74250
sample	repeated	stardict	raw	prefix	720	2417
sample	repeated	stardict	raw	prefix	721	1958
sample	repeated	stardict	raw	prefix	722	70792
sample	repeated	stardict	raw	prefix	723	81625
sample	repeated	stardict	raw	prefix	724	1833
sample	repeated	stardict	raw	prefix	725	583
sample	repeated	stardict	raw	prefix	726	69708
sample	repeated	stardict	raw	prefix	727	71458
sample	repeated	stardict	raw	prefix	728	2334
sample	repeated	stardict	raw	prefix	729	1583
sample	repeated	stardict	raw	prefix	730	104750
sample	repeated	stardict	raw	prefix	731	200750
sample	repeated	stardict	raw	prefix	732	6458
sample	repeated	stardict	raw	prefix	733	708
sample	repeated	stardict	raw	prefix	734	75166
sample	repeated	stardict	raw	prefix	735	77208
sample	repeated	stardict	raw	prefix	736	5042
sample	repeated	stardict	raw	prefix	737	1958
sample	repeated	stardict	raw	prefix	738	75208
sample	repeated	stardict	raw	prefix	739	71875
sample	repeated	stardict	raw	prefix	740	4375
sample	repeated	stardict	raw	prefix	741	584
sample	repeated	stardict	raw	prefix	742	73625
sample	repeated	stardict	raw	prefix	743	72833
sample	repeated	stardict	raw	prefix	744	2166
sample	repeated	stardict	raw	prefix	745	1791
sample	repeated	stardict	raw	prefix	746	70834
sample	repeated	stardict	raw	prefix	747	70834
sample	repeated	stardict	raw	prefix	748	1458
sample	repeated	stardict	raw	prefix	749	500
sample	repeated	stardict	raw	prefix	750	69417
sample	repeated	stardict	raw	prefix	751	71541
sample	repeated	stardict	raw	prefix	752	12750
sample	repeated	stardict	raw	prefix	753	7708
sample	repeated	stardict	raw	prefix	754	80583
sample	repeated	stardict	raw	prefix	755	79208
sample	repeated	stardict	raw	prefix	756	1625
sample	repeated	stardict	raw	prefix	757	584
sample	repeated	stardict	raw	prefix	758	71458
sample	repeated	stardict	raw	prefix	759	252875
sample	repeated	stardict	raw	prefix	760	12792
sample	repeated	stardict	raw	prefix	761	3708
sample	repeated	stardict	raw	prefix	762	243500
sample	repeated	stardict	raw	prefix	763	86292
sample	repeated	stardict	raw	prefix	764	1750
sample	repeated	stardict	raw	prefix	765	584
sample	repeated	stardict	raw	prefix	766	71500
sample	repeated	stardict	raw	prefix	767	78792
sample	repeated	stardict	raw	prefix	768	2500
sample	repeated	stardict	raw	prefix	769	1917
sample	repeated	stardict	raw	prefix	770	70083
sample	repeated	stardict	raw	prefix	771	71583
sample	repeated	stardict	raw	prefix	772	3125
sample	repeated	stardict	raw	prefix	773	500
sample	repeated	stardict	raw	prefix	774	242083
sample	repeated	stardict	raw	prefix	775	82416
sample	repeated	stardict	raw	prefix	776	2041
sample	repeated	stardict	raw	prefix	777	2208
sample	repeated	stardict	raw	prefix	778	69833
sample	repeated	stardict	raw	prefix	779	70375
sample	repeated	stardict	raw	prefix	780	1333
sample	repeated	stardict	raw	prefix	781	541
sample	repeated	stardict	raw	prefix	782	69625
sample	repeated	stardict	raw	prefix	783	74750
sample	repeated	stardict	raw	prefix	784	1750
sample	repeated	stardict	raw	prefix	785	2084
sample	repeated	stardict	raw	prefix	786	71041
sample	repeated	stardict	raw	prefix	787	69333
sample	repeated	stardict	raw	prefix	788	4792
sample	repeated	stardict	raw	prefix	789	708
sample	repeated	stardict	raw	prefix	790	74792
sample	repeated	stardict	raw	prefix	791	72542
sample	repeated	stardict	raw	prefix	792	1916
sample	repeated	stardict	raw	prefix	793	1792
sample	repeated	stardict	raw	prefix	794	70500
sample	repeated	stardict	raw	prefix	795	70208
sample	repeated	stardict	raw	prefix	796	1416
sample	repeated	stardict	raw	prefix	797	459
sample	repeated	stardict	raw	prefix	798	68334
sample	repeated	stardict	raw	prefix	799	122083
sample	repeated	stardict	raw	prefix	800	3084
sample	repeated	stardict	raw	prefix	801	2292
sample	repeated	stardict	raw	prefix	802	70083
sample	repeated	stardict	raw	prefix	803	69792
sample	repeated	stardict	raw	prefix	804	1709
sample	repeated	stardict	raw	prefix	805	459
sample	repeated	stardict	raw	prefix	806	68875
sample	repeated	stardict	raw	prefix	807	72083
sample	repeated	stardict	raw	prefix	808	3084
sample	repeated	stardict	raw	prefix	809	1875
sample	repeated	stardict	raw	prefix	810	70209
sample	repeated	stardict	raw	prefix	811	69583
sample	repeated	stardict	raw	prefix	812	1459
sample	repeated	stardict	raw	prefix	813	458
sample	repeated	stardict	raw	prefix	814	68416
sample	repeated	stardict	raw	prefix	815	148458
sample	repeated	stardict	raw	prefix	816	5834
sample	repeated	stardict	raw	prefix	817	3167
sample	repeated	stardict	raw	prefix	818	267042
sample	repeated	stardict	raw	prefix	819	82750
sample	repeated	stardict	raw	prefix	820	1708
sample	repeated	stardict	raw	prefix	821	541
sample	repeated	stardict	raw	prefix	822	70250
sample	repeated	stardict	raw	prefix	823	76375
sample	repeated	stardict	raw	prefix	824	2542
sample	repeated	stardict	raw	prefix	825	1792
sample	repeated	stardict	raw	prefix	826	72542
sample	repeated	stardict	raw	prefix	827	76000
sample	repeated	stardict	raw	prefix	828	1416
sample	repeated	stardict	raw	prefix	829	458
sample	repeated	stardict	raw	prefix	830	70500
sample	repeated	stardict	raw	prefix	831	76542
sample	repeated	stardict	raw	prefix	832	4333
sample	repeated	stardict	raw	prefix	833	2250
sample	repeated	stardict	raw	prefix	834	73333
sample	repeated	stardict	raw	prefix	835	71416
sample	repeated	stardict	raw	prefix	836	1667
sample	repeated	stardict	raw	prefix	837	417
sample	repeated	stardict	raw	prefix	838	69250
sample	repeated	stardict	raw	prefix	839	72833
sample	repeated	stardict	raw	prefix	840	1875
sample	repeated	stardict	raw	prefix	841	1666
sample	repeated	stardict	raw	prefix	842	69833
sample	repeated	stardict	raw	prefix	843	73375
sample	repeated	stardict	raw	prefix	844	1417
sample	repeated	stardict	raw	prefix	845	500
sample	repeated	stardict	raw	prefix	846	68833
sample	repeated	stardict	raw	prefix	847	71458
sample	repeated	stardict	raw	prefix	848	4416
sample	repeated	stardict	raw	prefix	849	2125
sample	repeated	stardict	raw	prefix	850	72250
sample	repeated	stardict	raw	prefix	851	72500
sample	repeated	stardict	raw	prefix	852	1375
sample	repeated	stardict	raw	prefix	853	458
sample	repeated	stardict	raw	prefix	854	69541
sample	repeated	stardict	raw	prefix	855	72459
sample	repeated	stardict	raw	prefix	856	3334
sample	repeated	stardict	raw	prefix	857	1708
sample	repeated	stardict	raw	prefix	858	70250
sample	repeated	stardict	raw	prefix	859	71542
sample	repeated	stardict	raw	prefix	860	5417
sample	repeated	stardict	raw	prefix	861	500
sample	repeated	stardict	raw	prefix	862	72833
sample	repeated	stardict	raw	prefix	863	75000
sample	repeated	stardict	raw	prefix	864	5042
sample	repeated	stardict	raw	prefix	865	2458
sample	repeated	stardict	raw	prefix	866	75583
sample	repeated	stardict	raw	prefix	867	72250
sample	repeated	stardict	raw	prefix	868	1459
sample	repeated	stardict	raw	prefix	869	542
sample	repeated	stardict	raw	prefix	870	68542
sample	repeated	stardict	raw	prefix	871	86209
sample	repeated	stardict	raw	prefix	872	2041
sample	repeated	stardict	raw	prefix	873	2042
sample	repeated	stardict	raw	prefix	874	69500
sample	repeated	stardict	raw	prefix	875	72334
sample	repeated	stardict	raw	prefix	876	1916
sample	repeated	stardict	raw	prefix	877	500
sample	repeated	stardict	raw	prefix	878	100791
sample	repeated	stardict	raw	prefix	879	80041
sample	repeated	stardict	raw	prefix	880	2041
sample	repeated	stardict	raw	prefix	881	2000
sample	repeated	stardict	raw	prefix	882	70166
sample	repeated	stardict	raw	prefix	883	77417
sample	repeated	stardict	raw	prefix	884	1459
sample	repeated	stardict	raw	prefix	885	417
sample	repeated	stardict	raw	prefix	886	69250
sample	repeated	stardict	raw	prefix	887	92084
sample	repeated	stardict	raw	prefix	888	8042
sample	repeated	stardict	raw	prefix	889	1792
sample	repeated	stardict	raw	prefix	890	83500
sample	repeated	stardict	raw	prefix	891	71333
sample	repeated	stardict	raw	prefix	892	1375
sample	repeated	stardict	raw	prefix	893	459
sample	repeated	stardict	raw	prefix	894	68417
sample	repeated	stardict	raw	prefix	895	76167
sample	repeated	stardict	raw	prefix	896	1834
sample	repeated	stardict	raw	prefix	897	1709
sample	repeated	stardict	raw	prefix	898	68959
sample	repeated	stardict	raw	prefix	899	69584
sample	repeated	stardict	raw	prefix	900	1542
sample	repeated	stardict	raw	prefix	901	458
sample	repeated	stardict	raw	prefix	902	68041
sample	repeated	stardict	raw	prefix	903	150250
sample	repeated	stardict	raw	prefix	904	5292
sample	repeated	stardict	raw	prefix	905	2625
sample	repeated	stardict	raw	prefix	906	73208
sample	repeated	stardict	raw	prefix	907	72708
sample	repeated	stardict	raw	prefix	908	4375
sample	repeated	stardict	raw	prefix	909	458
sample	repeated	stardict	raw	prefix	910	72041
sample	repeated	stardict	raw	prefix	911	71792
sample	repeated	stardict	raw	prefix	912	1750
sample	repeated	stardict	raw	prefix	913	1958
sample	repeated	stardict	raw	prefix	914	68917
sample	repeated	stardict	raw	prefix	915	70084
sample	repeated	stardict	raw	prefix	916	1458
sample	repeated	stardict	raw	prefix	917	458
sample	repeated	stardict	raw	prefix	918	67084
sample	repeated	stardict	raw	prefix	919	70583
sample	repeated	stardict	raw	prefix	920	1792
sample	repeated	stardict	raw	prefix	921	1584
sample	repeated	stardict	raw	prefix	922	68917
sample	repeated	stardict	raw	prefix	923	70583
sample	repeated	stardict	raw	prefix	924	1959
sample	repeated	stardict	raw	prefix	925	458
sample	repeated	stardict	raw	prefix	926	68542
sample	repeated	stardict	raw	prefix	927	70625
sample	repeated	stardict	raw	prefix	928	3125
sample	repeated	stardict	raw	prefix	929	1667
sample	repeated	stardict	raw	prefix	930	68084
sample	repeated	stardict	raw	prefix	931	70959
sample	repeated	stardict	raw	prefix	932	1333
sample	repeated	stardict	raw	prefix	933	458
sample	repeated	stardict	raw	prefix	934	68500
sample	repeated	stardict	raw	prefix	935	70292
sample	repeated	stardict	raw	prefix	936	1542
sample	repeated	stardict	raw	prefix	937	5750
sample	repeated	stardict	raw	prefix	938	188333
sample	repeated	stardict	raw	prefix	939	79000
sample	repeated	stardict	raw	prefix	940	1458
sample	repeated	stardict	raw	prefix	941	583
sample	repeated	stardict	raw	prefix	942	70208
sample	repeated	stardict	raw	prefix	943	71625
sample	repeated	stardict	raw	prefix	944	1875
sample	repeated	stardict	raw	prefix	945	1791
sample	repeated	stardict	raw	prefix	946	68625
sample	repeated	stardict	raw	prefix	947	231792
sample	repeated	stardict	raw	prefix	948	7250
sample	repeated	stardict	raw	prefix	949	542
sample	repeated	stardict	raw	prefix	950	74500
sample	repeated	stardict	raw	prefix	951	72625
sample	repeated	stardict	raw	prefix	952	4125
sample	repeated	stardict	raw	prefix	953	1750
sample	repeated	stardict	raw	prefix	954	72209
sample	repeated	stardict	raw	prefix	955	71791
sample	repeated	stardict	raw	prefix	956	4375
sample	repeated	stardict	raw	prefix	957	500
sample	repeated	stardict	raw	prefix	958	109958
sample	repeated	stardict	raw	prefix	959	74208
sample	repeated	stardict	raw	prefix	960	2792
sample	repeated	stardict	raw	prefix	961	1709
sample	repeated	stardict	raw	prefix	962	72875
sample	repeated	stardict	raw	prefix	963	72500
sample	repeated	stardict	raw	prefix	964	1459
sample	repeated	stardict	raw	prefix	965	541
sample	repeated	stardict	raw	prefix	966	70792
sample	repeated	stardict	raw	prefix	967	71500
sample	repeated	stardict	raw	prefix	968	1833
sample	repeated	stardict	raw	prefix	969	1834
sample	repeated	stardict	raw	prefix	970	70083
sample	repeated	stardict	raw	prefix	971	71291
sample	repeated	stardict	raw	prefix	972	1375
sample	repeated	stardict	raw	prefix	973	458
sample	repeated	stardict	raw	prefix	974	70083
sample	repeated	stardict	raw	prefix	975	72000
sample	repeated	stardict	raw	prefix	976	1417
sample	repeated	stardict	raw	prefix	977	1375
sample	repeated	stardict	raw	prefix	978	69500
sample	repeated	stardict	raw	prefix	979	78500
sample	repeated	stardict	raw	prefix	980	1750
sample	repeated	stardict	raw	prefix	981	500
sample	repeated	stardict	raw	prefix	982	69333
sample	repeated	stardict	raw	prefix	983	72500
sample	repeated	stardict	raw	prefix	984	1583
sample	repeated	stardict	raw	prefix	985	2042
sample	repeated	stardict	raw	prefix	986	71958
sample	repeated	stardict	raw	prefix	987	70583
sample	repeated	stardict	raw	prefix	988	1416
sample	repeated	stardict	raw	prefix	989	458
sample	repeated	stardict	raw	prefix	990	69250
sample	repeated	stardict	raw	prefix	991	75708
sample	repeated	stardict	raw	prefix	992	1750
sample	repeated	stardict	raw	prefix	993	1667
sample	repeated	stardict	raw	prefix	994	70416
sample	repeated	stardict	raw	prefix	995	69791
sample	repeated	stardict	raw	prefix	996	4875
sample	repeated	stardict	raw	prefix	997	625
sample	repeated	stardict	raw	prefix	998	73250
sample	repeated	stardict	raw	prefix	999	70542
sample	repeated	stardict	raw	render	0	4000
sample	repeated	stardict	raw	render	1	1333
sample	repeated	stardict	raw	render	2	834
sample	repeated	stardict	raw	render	3	916
sample	repeated	stardict	raw	render	4	1083
sample	repeated	stardict	raw	render	5	750
sample	repeated	stardict	raw	render	6	750
sample	repeated	stardict	raw	render	7	709
sample	repeated	stardict	raw	render	8	958
sample	repeated	stardict	raw	render	9	1500
sample	repeated	stardict	raw	render	10	958
sample	repeated	stardict	raw	render	11	1083
sample	repeated	stardict	raw	render	12	875
sample	repeated	stardict	raw	render	13	750
sample	repeated	stardict	raw	render	14	625
sample	repeated	stardict	raw	render	15	500
sample	repeated	stardict	raw	render	16	250
sample	repeated	stardict	raw	render	17	875
sample	repeated	stardict	raw	render	18	458
sample	repeated	stardict	raw	render	19	958
sample	repeated	stardict	raw	render	20	209
sample	repeated	stardict	raw	render	21	875
sample	repeated	stardict	raw	render	22	375
sample	repeated	stardict	raw	render	23	833
sample	repeated	stardict	raw	render	24	209
sample	repeated	stardict	raw	render	25	833
sample	repeated	stardict	raw	render	26	209
sample	repeated	stardict	raw	render	27	709
sample	repeated	stardict	raw	render	28	209
sample	repeated	stardict	raw	render	29	916
sample	repeated	stardict	raw	render	30	417
sample	repeated	stardict	raw	render	31	917
sample	repeated	stardict	raw	render	32	167
sample	repeated	stardict	raw	render	33	875
sample	repeated	stardict	raw	render	34	208
sample	repeated	stardict	raw	render	35	791
sample	repeated	stardict	raw	render	36	167
sample	repeated	stardict	raw	render	37	958
sample	repeated	stardict	raw	render	38	292
sample	repeated	stardict	raw	render	39	1000
sample	repeated	stardict	raw	render	40	250
sample	repeated	stardict	raw	render	41	917
sample	repeated	stardict	raw	render	42	250
sample	repeated	stardict	raw	render	43	792
sample	repeated	stardict	raw	render	44	542
sample	repeated	stardict	raw	render	45	541
sample	repeated	stardict	raw	render	46	292
sample	repeated	stardict	raw	render	47	500
sample	repeated	stardict	raw	render	48	334
sample	repeated	stardict	raw	render	49	541
sample	repeated	stardict	raw	render	50	459
sample	repeated	stardict	raw	render	51	500
sample	repeated	stardict	raw	render	52	1375
sample	repeated	stardict	raw	render	53	667
sample	repeated	stardict	raw	render	54	333
sample	repeated	stardict	raw	render	55	584
sample	repeated	stardict	raw	render	56	250
sample	repeated	stardict	raw	render	57	667
sample	repeated	stardict	raw	render	58	250
sample	repeated	stardict	raw	render	59	417
sample	repeated	stardict	raw	render	60	292
sample	repeated	stardict	raw	render	61	542
sample	repeated	stardict	raw	render	62	417
sample	repeated	stardict	raw	render	63	333
sample	repeated	stardict	raw	render	64	500
sample	repeated	stardict	raw	render	65	625
sample	repeated	stardict	raw	render	66	500
sample	repeated	stardict	raw	render	67	500
sample	repeated	stardict	raw	render	68	208
sample	repeated	stardict	raw	render	69	583
sample	repeated	stardict	raw	render	70	250
sample	repeated	stardict	raw	render	71	500
sample	repeated	stardict	raw	render	72	208
sample	repeated	stardict	raw	render	73	500
sample	repeated	stardict	raw	render	74	209
sample	repeated	stardict	raw	render	75	667
sample	repeated	stardict	raw	render	76	209
sample	repeated	stardict	raw	render	77	667
sample	repeated	stardict	raw	render	78	250
sample	repeated	stardict	raw	render	79	458
sample	repeated	stardict	raw	render	80	250
sample	repeated	stardict	raw	render	81	583
sample	repeated	stardict	raw	render	82	250
sample	repeated	stardict	raw	render	83	708
sample	repeated	stardict	raw	render	84	375
sample	repeated	stardict	raw	render	85	500
sample	repeated	stardict	raw	render	86	375
sample	repeated	stardict	raw	render	87	792
sample	repeated	stardict	raw	render	88	459
sample	repeated	stardict	raw	render	89	625
sample	repeated	stardict	raw	render	90	209
sample	repeated	stardict	raw	render	91	417
sample	repeated	stardict	raw	render	92	250
sample	repeated	stardict	raw	render	93	500
sample	repeated	stardict	raw	render	94	541
sample	repeated	stardict	raw	render	95	750
sample	repeated	stardict	raw	render	96	542
sample	repeated	stardict	raw	render	97	500
sample	repeated	stardict	raw	render	98	417
sample	repeated	stardict	raw	render	99	583
sample	repeated	stardict	raw	render	100	375
sample	repeated	stardict	raw	render	101	583
sample	repeated	stardict	raw	render	102	458
sample	repeated	stardict	raw	render	103	500
sample	repeated	stardict	raw	render	104	250
sample	repeated	stardict	raw	render	105	458
sample	repeated	stardict	raw	render	106	458
sample	repeated	stardict	raw	render	107	500
sample	repeated	stardict	raw	render	108	416
sample	repeated	stardict	raw	render	109	583
sample	repeated	stardict	raw	render	110	375
sample	repeated	stardict	raw	render	111	500
sample	repeated	stardict	raw	render	112	291
sample	repeated	stardict	raw	render	113	541
sample	repeated	stardict	raw	render	114	208
sample	repeated	stardict	raw	render	115	500
sample	repeated	stardict	raw	render	116	458
sample	repeated	stardict	raw	render	117	459
sample	repeated	stardict	raw	render	118	292
sample	repeated	stardict	raw	render	119	625
sample	repeated	stardict	raw	render	120	542
sample	repeated	stardict	raw	render	121	500
sample	repeated	stardict	raw	render	122	375
sample	repeated	stardict	raw	render	123	459
sample	repeated	stardict	raw	render	124	500
sample	repeated	stardict	raw	render	125	625
sample	repeated	stardict	raw	render	126	333
sample	repeated	stardict	raw	render	127	667
sample	repeated	stardict	raw	render	128	375
sample	repeated	stardict	raw	render	129	750
sample	repeated	stardict	raw	render	130	333
sample	repeated	stardict	raw	render	131	584
sample	repeated	stardict	raw	render	132	375
sample	repeated	stardict	raw	render	133	666
sample	repeated	stardict	raw	render	134	375
sample	repeated	stardict	raw	render	135	625
sample	repeated	stardict	raw	render	136	250
sample	repeated	stardict	raw	render	137	625
sample	repeated	stardict	raw	render	138	292
sample	repeated	stardict	raw	render	139	333
sample	repeated	stardict	raw	render	140	250
sample	repeated	stardict	raw	render	141	666
sample	repeated	stardict	raw	render	142	375
sample	repeated	stardict	raw	render	143	500
sample	repeated	stardict	raw	render	144	333
sample	repeated	stardict	raw	render	145	541
sample	repeated	stardict	raw	render	146	208
sample	repeated	stardict	raw	render	147	500
sample	repeated	stardict	raw	render	148	333
sample	repeated	stardict	raw	render	149	500
sample	repeated	stardict	raw	render	150	459
sample	repeated	stardict	raw	render	151	833
sample	repeated	stardict	raw	render	152	209
sample	repeated	stardict	raw	render	153	542
sample	repeated	stardict	raw	render	154	208
sample	repeated	stardict	raw	render	155	542
sample	repeated	stardict	raw	render	156	333
sample	repeated	stardict	raw	render	157	625
sample	repeated	stardict	raw	render	158	209
sample	repeated	stardict	raw	render	159	542
sample	repeated	stardict	raw	render	160	291
sample	repeated	stardict	raw	render	161	666
sample	repeated	stardict	raw	render	162	208
sample	repeated	stardict	raw	render	163	500
sample	repeated	stardict	raw	render	164	291
sample	repeated	stardict	raw	render	165	833
sample	repeated	stardict	raw	render	166	250
sample	repeated	stardict	raw	render	167	542
sample	repeated	stardict	raw	render	168	250
sample	repeated	stardict	raw	render	169	375
sample	repeated	stardict	raw	render	170	375
sample	repeated	stardict	raw	render	171	500
sample	repeated	stardict	raw	render	172	292
sample	repeated	stardict	raw	render	173	541
sample	repeated	stardict	raw	render	174	292
sample	repeated	stardict	raw	render	175	625
sample	repeated	stardict	raw	render	176	375
sample	repeated	stardict	raw	render	177	667
sample	repeated	stardict	raw	render	178	292
sample	repeated	stardict	raw	render	179	417
sample	repeated	stardict	raw	render	180	209
sample	repeated	stardict	raw	render	181	584
sample	repeated	stardict	raw	render	182	250
sample	repeated	stardict	raw	render	183	625
sample	repeated	stardict	raw	render	184	208
sample	repeated	stardict	raw	render	185	500
sample	repeated	stardict	raw	render	186	333
sample	repeated	stardict	raw	render	187	333
sample	repeated	stardict	raw	render	188	208
sample	repeated	stardict	raw	render	189	584
sample	repeated	stardict	raw	render	190	208
sample	repeated	stardict	raw	render	191	667
sample	repeated	stardict	raw	render	192	291
sample	repeated	stardict	raw	render	193	625
sample	repeated	stardict	raw	render	194	208
sample	repeated	stardict	raw	render	195	583
sample	repeated	stardict	raw	render	196	167
sample	repeated	stardict	raw	render	197	708
sample	repeated	stardict	raw	render	198	333
sample	repeated	stardict	raw	render	199	458
sample	repeated	stardict	raw	render	200	208
sample	repeated	stardict	raw	render	201	500
sample	repeated	stardict	raw	render	202	291
sample	repeated	stardict	raw	render	203	500
sample	repeated	stardict	raw	render	204	208
sample	repeated	stardict	raw	render	205	375
sample	repeated	stardict	raw	render	206	166
sample	repeated	stardict	raw	render	207	500
sample	repeated	stardict	raw	render	208	292
sample	repeated	stardict	raw	render	209	459
sample	repeated	stardict	raw	render	210	292
sample	repeated	stardict	raw	render	211	416
sample	repeated	stardict	raw	render	212	417
sample	repeated	stardict	raw	render	213	542
sample	repeated	stardict	raw	render	214	500
sample	repeated	stardict	raw	render	215	542
sample	repeated	stardict	raw	render	216	292
sample	repeated	stardict	raw	render	217	500
sample	repeated	stardict	raw	render	218	167
sample	repeated	stardict	raw	render	219	583
sample	repeated	stardict	raw	render	220	250
sample	repeated	stardict	raw	render	221	416
sample	repeated	stardict	raw	render	222	209
sample	repeated	stardict	raw	render	223	542
sample	repeated	stardict	raw	render	224	209
sample	repeated	stardict	raw	render	225	542
sample	repeated	stardict	raw	render	226	375
sample	repeated	stardict	raw	render	227	500
sample	repeated	stardict	raw	render	228	250
sample	repeated	stardict	raw	render	229	458
sample	repeated	stardict	raw	render	230	208
sample	repeated	stardict	raw	render	231	334
sample	repeated	stardict	raw	render	232	292
sample	repeated	stardict	raw	render	233	500
sample	repeated	stardict	raw	render	234	208
sample	repeated	stardict	raw	render	235	500
sample	repeated	stardict	raw	render	236	417
sample	repeated	stardict	raw	render	237	500
sample	repeated	stardict	raw	render	238	250
sample	repeated	stardict	raw	render	239	666
sample	repeated	stardict	raw	render	240	208
sample	repeated	stardict	raw	render	241	708
sample	repeated	stardict	raw	render	242	208
sample	repeated	stardict	raw	render	243	500
sample	repeated	stardict	raw	render	244	250
sample	repeated	stardict	raw	render	245	542
sample	repeated	stardict	raw	render	246	250
sample	repeated	stardict	raw	render	247	542
sample	repeated	stardict	raw	render	248	167
sample	repeated	stardict	raw	render	249	792
sample	repeated	stardict	raw	render	250	209
sample	repeated	stardict	raw	render	251	792
sample	repeated	stardict	raw	render	252	167
sample	repeated	stardict	raw	render	253	625
sample	repeated	stardict	raw	render	254	542
sample	repeated	stardict	raw	render	255	834
sample	repeated	stardict	raw	render	256	500
sample	repeated	stardict	raw	render	257	583
sample	repeated	stardict	raw	render	258	375
sample	repeated	stardict	raw	render	259	667
sample	repeated	stardict	raw	render	260	292
sample	repeated	stardict	raw	render	261	583
sample	repeated	stardict	raw	render	262	292
sample	repeated	stardict	raw	render	263	583
sample	repeated	stardict	raw	render	264	292
sample	repeated	stardict	raw	render	265	667
sample	repeated	stardict	raw	render	266	292
sample	repeated	stardict	raw	render	267	625
sample	repeated	stardict	raw	render	268	209
sample	repeated	stardict	raw	render	269	708
sample	repeated	stardict	raw	render	270	250
sample	repeated	stardict	raw	render	271	542
sample	repeated	stardict	raw	render	272	416
sample	repeated	stardict	raw	render	273	375
sample	repeated	stardict	raw	render	274	167
sample	repeated	stardict	raw	render	275	583
sample	repeated	stardict	raw	render	276	458
sample	repeated	stardict	raw	render	277	667
sample	repeated	stardict	raw	render	278	208
sample	repeated	stardict	raw	render	279	750
sample	repeated	stardict	raw	render	280	292
sample	repeated	stardict	raw	render	281	625
sample	repeated	stardict	raw	render	282	292
sample	repeated	stardict	raw	render	283	375
sample	repeated	stardict	raw	render	284	208
sample	repeated	stardict	raw	render	285	542
sample	repeated	stardict	raw	render	286	3917
sample	repeated	stardict	raw	render	287	750
sample	repeated	stardict	raw	render	288	750
sample	repeated	stardict	raw	render	289	541
sample	repeated	stardict	raw	render	290	291
sample	repeated	stardict	raw	render	291	708
sample	repeated	stardict	raw	render	292	250
sample	repeated	stardict	raw	render	293	875
sample	repeated	stardict	raw	render	294	333
sample	repeated	stardict	raw	render	295	625
sample	repeated	stardict	raw	render	296	250
sample	repeated	stardict	raw	render	297	583
sample	repeated	stardict	raw	render	298	208
sample	repeated	stardict	raw	render	299	500
sample	repeated	stardict	raw	render	300	292
sample	repeated	stardict	raw	render	301	625
sample	repeated	stardict	raw	render	302	167
sample	repeated	stardict	raw	render	303	500
sample	repeated	stardict	raw	render	304	291
sample	repeated	stardict	raw	render	305	500
sample	repeated	stardict	raw	render	306	583
sample	repeated	stardict	raw	render	307	458
sample	repeated	stardict	raw	render	308	208
sample	repeated	stardict	raw	render	309	584
sample	repeated	stardict	raw	render	310	208
sample	repeated	stardict	raw	render	311	708
sample	repeated	stardict	raw	render	312	208
sample	repeated	stardict	raw	render	313	500
sample	repeated	stardict	raw	render	314	334
sample	repeated	stardict	raw	render	315	625
sample	repeated	stardict	raw	render	316	250
sample	repeated	stardict	raw	render	317	458
sample	repeated	stardict	raw	render	318	167
sample	repeated	stardict	raw	render	319	583
sample	repeated	stardict	raw	render	320	209
sample	repeated	stardict	raw	render	321	333
sample	repeated	stardict	raw	render	322	208
sample	repeated	stardict	raw	render	323	583
sample	repeated	stardict	raw	render	324	208
sample	repeated	stardict	raw	render	325	667
sample	repeated	stardict	raw	render	326	166
sample	repeated	stardict	raw	render	327	417
sample	repeated	stardict	raw	render	328	209
sample	repeated	stardict	raw	render	329	417
sample	repeated	stardict	raw	render	330	292
sample	repeated	stardict	raw	render	331	458
sample	repeated	stardict	raw	render	332	208
sample	repeated	stardict	raw	render	333	333
sample	repeated	stardict	raw	render	334	208
sample	repeated	stardict	raw	render	335	250
sample	repeated	stardict	raw	render	336	250
sample	repeated	stardict	raw	render	337	416
sample	repeated	stardict	raw	render	338	208
sample	repeated	stardict	raw	render	339	292
sample	repeated	stardict	raw	render	340	750
sample	repeated	stardict	raw	render	341	334
sample	repeated	stardict	raw	render	342	208
sample	repeated	stardict	raw	render	343	250
sample	repeated	stardict	raw	render	344	292
sample	repeated	stardict	raw	render	345	1875
sample	repeated	stardict	raw	render	346	542
sample	repeated	stardict	raw	render	347	459
sample	repeated	stardict	raw	render	348	583
sample	repeated	stardict	raw	render	349	625
sample	repeated	stardict	raw	render	350	375
sample	repeated	stardict	raw	render	351	458
sample	repeated	stardict	raw	render	352	584
sample	repeated	stardict	raw	render	353	625
sample	repeated	stardict	raw	render	354	375
sample	repeated	stardict	raw	render	355	667
sample	repeated	stardict	raw	render	356	459
sample	repeated	stardict	raw	render	357	542
sample	repeated	stardict	raw	render	358	459
sample	repeated	stardict	raw	render	359	4625
sample	repeated	stardict	raw	render	360	917
sample	repeated	stardict	raw	render	361	583
sample	repeated	stardict	raw	render	362	583
sample	repeated	stardict	raw	render	363	541
sample	repeated	stardict	raw	render	364	584
sample	repeated	stardict	raw	render	365	750
sample	repeated	stardict	raw	render	366	375
sample	repeated	stardict	raw	render	367	541
sample	repeated	stardict	raw	render	368	542
sample	repeated	stardict	raw	render	369	625
sample	repeated	stardict	raw	render	370	542
sample	repeated	stardict	raw	render	371	584
sample	repeated	stardict	raw	render	372	584
sample	repeated	stardict	raw	render	373	625
sample	repeated	stardict	raw	render	374	833
sample	repeated	stardict	raw	render	375	541
sample	repeated	stardict	raw	render	376	291
sample	repeated	stardict	raw	render	377	750
sample	repeated	stardict	raw	render	378	209
sample	repeated	stardict	raw	render	379	875
sample	repeated	stardict	raw	render	380	209
sample	repeated	stardict	raw	render	381	833
sample	repeated	stardict	raw	render	382	292
sample	repeated	stardict	raw	render	383	791
sample	repeated	stardict	raw	render	384	500
sample	repeated	stardict	raw	render	385	625
sample	repeated	stardict	raw	render	386	583
sample	repeated	stardict	raw	render	387	791
sample	repeated	stardict	raw	render	388	292
sample	repeated	stardict	raw	render	389	583
sample	repeated	stardict	raw	render	390	583
sample	repeated	stardict	raw	render	391	625
sample	repeated	stardict	raw	render	392	375
sample	repeated	stardict	raw	render	393	542
sample	repeated	stardict	raw	render	394	166
sample	repeated	stardict	raw	render	395	625
sample	repeated	stardict	raw	render	396	291
sample	repeated	stardict	raw	render	397	583
sample	repeated	stardict	raw	render	398	292
sample	repeated	stardict	raw	render	399	666
sample	repeated	stardict	raw	render	400	416
sample	repeated	stardict	raw	render	401	583
sample	repeated	stardict	raw	render	402	417
sample	repeated	stardict	raw	render	403	583
sample	repeated	stardict	raw	render	404	208
sample	repeated	stardict	raw	render	405	584
sample	repeated	stardict	raw	render	406	458
sample	repeated	stardict	raw	render	407	667
sample	repeated	stardict	raw	render	408	292
sample	repeated	stardict	raw	render	409	583
sample	repeated	stardict	raw	render	410	208
sample	repeated	stardict	raw	render	411	583
sample	repeated	stardict	raw	render	412	208
sample	repeated	stardict	raw	render	413	542
sample	repeated	stardict	raw	render	414	292
sample	repeated	stardict	raw	render	415	625
sample	repeated	stardict	raw	render	416	250
sample	repeated	stardict	raw	render	417	542
sample	repeated	stardict	raw	render	418	292
sample	repeated	stardict	raw	render	419	750
sample	repeated	stardict	raw	render	420	292
sample	repeated	stardict	raw	render	421	666
sample	repeated	stardict	raw	render	422	208
sample	repeated	stardict	raw	render	423	500
sample	repeated	stardict	raw	render	424	208
sample	repeated	stardict	raw	render	425	583
sample	repeated	stardict	raw	render	426	500
sample	repeated	stardict	raw	render	427	666
sample	repeated	stardict	raw	render	428	334
sample	repeated	stardict	raw	render	429	666
sample	repeated	stardict	raw	render	430	292
sample	repeated	stardict	raw	render	431	542
sample	repeated	stardict	raw	render	432	250
sample	repeated	stardict	raw	render	433	459
sample	repeated	stardict	raw	render	434	291
sample	repeated	stardict	raw	render	435	542
sample	repeated	stardict	raw	render	436	375
sample	repeated	stardict	raw	render	437	333
sample	repeated	stardict	raw	render	438	500
sample	repeated	stardict	raw	render	439	750
sample	repeated	stardict	raw	render	440	375
sample	repeated	stardict	raw	render	441	625
sample	repeated	stardict	raw	render	442	375
sample	repeated	stardict	raw	render	443	583
sample	repeated	stardict	raw	render	444	291
sample	repeated	stardict	raw	render	445	458
sample	repeated	stardict	raw	render	446	375
sample	repeated	stardict	raw	render	447	708
sample	repeated	stardict	raw	render	448	500
sample	repeated	stardict	raw	render	449	583
sample	repeated	stardict	raw	render	450	542
sample	repeated	stardict	raw	render	451	458
sample	repeated	stardict	raw	render	452	500
sample	repeated	stardict	raw	render	453	625
sample	repeated	stardict	raw	render	454	375
sample	repeated	stardict	raw	render	455	584
sample	repeated	stardict	raw	render	456	459
sample	repeated	stardict	raw	render	457	542
sample	repeated	stardict	raw	render	458	667
sample	repeated	stardict	raw	render	459	667
sample	repeated	stardict	raw	render	460	375
sample	repeated	stardict	raw	render	461	459
sample	repeated	stardict	raw	render	462	417
sample	repeated	stardict	raw	render	463	500
sample	repeated	stardict	raw	render	464	375
sample	repeated	stardict	raw	render	465	583
sample	repeated	stardict	raw	render	466	375
sample	repeated	stardict	raw	render	467	500
sample	repeated	stardict	raw	render	468	416
sample	repeated	stardict	raw	render	469	500
sample	repeated	stardict	raw	render	470	458
sample	repeated	stardict	raw	render	471	417
sample	repeated	stardict	raw	render	472	5208
sample	repeated	stardict	raw	render	473	1208
sample	repeated	stardict	raw	render	474	917
sample	repeated	stardict	raw	render	475	1000
sample	repeated	stardict	raw	render	476	1083
sample	repeated	stardict	raw	render	477	2125
sample	repeated	stardict	raw	render	478	3250
sample	repeated	stardict	raw	render	479	792
sample	repeated	stardict	raw	render	480	792
sample	repeated	stardict	raw	render	481	1167
sample	repeated	stardict	raw	render	482	625
sample	repeated	stardict	raw	render	483	916
sample	repeated	stardict	raw	render	484	666
sample	repeated	stardict	raw	render	485	1000
sample	repeated	stardict	raw	render	486	625
sample	repeated	stardict	raw	render	487	875
sample	repeated	stardict	raw	render	488	583
sample	repeated	stardict	raw	render	489	708
sample	repeated	stardict	raw	render	490	500
sample	repeated	stardict	raw	render	491	833
sample	repeated	stardict	raw	render	492	709
sample	repeated	stardict	raw	render	493	875
sample	repeated	stardict	raw	render	494	375
sample	repeated	stardict	raw	render	495	458
sample	repeated	stardict	raw	render	496	209
sample	repeated	stardict	raw	render	497	833
sample	repeated	stardict	raw	render	498	167
sample	repeated	stardict	raw	render	499	625
sample	repeated	stardict	raw	render	500	375
sample	repeated	stardict	raw	render	501	750
sample	repeated	stardict	raw	render	502	167
sample	repeated	stardict	raw	render	503	708
sample	repeated	stardict	raw	render	504	208
sample	repeated	stardict	raw	render	505	1000
sample	repeated	stardict	raw	render	506	292
sample	repeated	stardict	raw	render	507	625
sample	repeated	stardict	raw	render	508	292
sample	repeated	stardict	raw	render	509	542
sample	repeated	stardict	raw	render	510	334
sample	repeated	stardict	raw	render	511	625
sample	repeated	stardict	raw	render	512	250
sample	repeated	stardict	raw	render	513	625
sample	repeated	stardict	raw	render	514	208
sample	repeated	stardict	raw	render	515	666
sample	repeated	stardict	raw	render	516	292
sample	repeated	stardict	raw	render	517	625
sample	repeated	stardict	raw	render	518	333
sample	repeated	stardict	raw	render	519	625
sample	repeated	stardict	raw	render	520	292
sample	repeated	stardict	raw	render	521	792
sample	repeated	stardict	raw	render	522	209
sample	repeated	stardict	raw	render	523	584
sample	repeated	stardict	raw	render	524	292
sample	repeated	stardict	raw	render	525	625
sample	repeated	stardict	raw	render	526	167
sample	repeated	stardict	raw	render	527	542
sample	repeated	stardict	raw	render	528	208
sample	repeated	stardict	raw	render	529	542
sample	repeated	stardict	raw	render	530	208
sample	repeated	stardict	raw	render	531	416
sample	repeated	stardict	raw	render	532	208
sample	repeated	stardict	raw	render	533	584
sample	repeated	stardict	raw	render	534	334
sample	repeated	stardict	raw	render	535	667
sample	repeated	stardict	raw	render	536	209
sample	repeated	stardict	raw	render	537	792
sample	repeated	stardict	raw	render	538	292
sample	repeated	stardict	raw	render	539	417
sample	repeated	stardict	raw	render	540	209
sample	repeated	stardict	raw	render	541	666
sample	repeated	stardict	raw	render	542	458
sample	repeated	stardict	raw	render	543	625
sample	repeated	stardict	raw	render	544	250
sample	repeated	stardict	raw	render	545	625
sample	repeated	stardict	raw	render	546	208
sample	repeated	stardict	raw	render	547	750
sample	repeated	stardict	raw	render	548	250
sample	repeated	stardict	raw	render	549	917
sample	repeated	stardict	raw	render	550	500
sample	repeated	stardict	raw	render	551	625
sample	repeated	stardict	raw	render	552	292
sample	repeated	stardict	raw	render	553	500
sample	repeated	stardict	raw	render	554	625
sample	repeated	stardict	raw	render	555	459
sample	repeated	stardict	raw	render	556	292
sample	repeated	stardict	raw	render	557	584
sample	repeated	stardict	raw	render	558	292
sample	repeated	stardict	raw	render	559	542
sample	repeated	stardict	raw	render	560	542
sample	repeated	stardict	raw	render	561	417
sample	repeated	stardict	raw	render	562	500
sample	repeated	stardict	raw	render	563	459
sample	repeated	stardict	raw	render	564	500
sample	repeated	stardict	raw	render	565	583
sample	repeated	stardict	raw	render	566	166
sample	repeated	stardict	raw	render	567	666
sample	repeated	stardict	raw	render	568	416
sample	repeated	stardict	raw	render	569	667
sample	repeated	stardict	raw	render	570	500
sample	repeated	stardict	raw	render	571	459
sample	repeated	stardict	raw	render	572	208
sample	repeated	stardict	raw	render	573	500
sample	repeated	stardict	raw	render	574	375
sample	repeated	stardict	raw	render	575	500
sample	repeated	stardict	raw	render	576	333
sample	repeated	stardict	raw	render	577	708
sample	repeated	stardict	raw	render	578	667
sample	repeated	stardict	raw	render	579	500
sample	repeated	stardict	raw	render	580	458
sample	repeated	stardict	raw	render	581	667
sample	repeated	stardict	raw	render	582	208
sample	repeated	stardict	raw	render	583	500
sample	repeated	stardict	raw	render	584	333
sample	repeated	stardict	raw	render	585	500
sample	repeated	stardict	raw	render	586	333
sample	repeated	stardict	raw	render	587	458
sample	repeated	stardict	raw	render	588	375
sample	repeated	stardict	raw	render	589	625
sample	repeated	stardict	raw	render	590	500
sample	repeated	stardict	raw	render	591	583
sample	repeated	stardict	raw	render	592	4750
sample	repeated	stardict	raw	render	593	1083
sample	repeated	stardict	raw	render	594	833
sample	repeated	stardict	raw	render	595	750
sample	repeated	stardict	raw	render	596	833
sample	repeated	stardict	raw	render	597	958
sample	repeated	stardict	raw	render	598	959
sample	repeated	stardict	raw	render	599	1125
sample	repeated	stardict	raw	render	600	833
sample	repeated	stardict	raw	render	601	1125
sample	repeated	stardict	raw	render	602	875
sample	repeated	stardict	raw	render	603	1250
sample	repeated	stardict	raw	render	604	875
sample	repeated	stardict	raw	render	605	11083
sample	repeated	stardict	raw	render	606	1167
sample	repeated	stardict	raw	render	607	875
sample	repeated	stardict	raw	render	608	792
sample	repeated	stardict	raw	render	609	1167
sample	repeated	stardict	raw	render	610	541
sample	repeated	stardict	raw	render	611	1125
sample	repeated	stardict	raw	render	612	625
sample	repeated	stardict	raw	render	613	1209
sample	repeated	stardict	raw	render	614	750
sample	repeated	stardict	raw	render	615	1000
sample	repeated	stardict	raw	render	616	750
sample	repeated	stardict	raw	render	617	1167
sample	repeated	stardict	raw	render	618	792
sample	repeated	stardict	raw	render	619	2542
sample	repeated	stardict	raw	render	620	1708
sample	repeated	stardict	raw	render	621	791
sample	repeated	stardict	raw	render	622	625
sample	repeated	stardict	raw	render	623	1041
sample	repeated	stardict	raw	render	624	583
sample	repeated	stardict	raw	render	625	792
sample	repeated	stardict	raw	render	626	583
sample	repeated	stardict	raw	render	627	750
sample	repeated	stardict	raw	render	628	500
sample	repeated	stardict	raw	render	629	708
sample	repeated	stardict	raw	render	630	458
sample	repeated	stardict	raw	render	631	709
sample	repeated	stardict	raw	render	632	500
sample	repeated	stardict	raw	render	633	875
sample	repeated	stardict	raw	render	634	459
sample	repeated	stardict	raw	render	635	833
sample	repeated	stardict	raw	render	636	2083
sample	repeated	stardict	raw	render	637	1125
sample	repeated	stardict	raw	render	638	875
sample	repeated	stardict	raw	render	639	1334
sample	repeated	stardict	raw	render	640	2000
sample	repeated	stardict	raw	render	641	2208
sample	repeated	stardict	raw	render	642	708
sample	repeated	stardict	raw	render	643	875
sample	repeated	stardict	raw	render	644	708
sample	repeated	stardict	raw	render	645	792
sample	repeated	stardict	raw	render	646	500
sample	repeated	stardict	raw	render	647	667
sample	repeated	stardict	raw	render	648	583
sample	repeated	stardict	raw	render	649	750
sample	repeated	stardict	raw	render	650	459
sample	repeated	stardict	raw	render	651	666
sample	repeated	stardict	raw	render	652	584
sample	repeated	stardict	raw	render	653	708
sample	repeated	stardict	raw	render	654	666
sample	repeated	stardict	raw	render	655	708
sample	repeated	stardict	raw	render	656	334
sample	repeated	stardict	raw	render	657	750
sample	repeated	stardict	raw	render	658	166
sample	repeated	stardict	raw	render	659	667
sample	repeated	stardict	raw	render	660	209
sample	repeated	stardict	raw	render	661	625
sample	repeated	stardict	raw	render	662	166
sample	repeated	stardict	raw	render	663	583
sample	repeated	stardict	raw	render	664	166
sample	repeated	stardict	raw	render	665	667
sample	repeated	stardict	raw	render	666	208
sample	repeated	stardict	raw	render	667	417
sample	repeated	stardict	raw	render	668	209
sample	repeated	stardict	raw	render	669	625
sample	repeated	stardict	raw	render	670	209
sample	repeated	stardict	raw	render	671	583
sample	repeated	stardict	raw	render	672	208
sample	repeated	stardict	raw	render	673	500
sample	repeated	stardict	raw	render	674	250
sample	repeated	stardict	raw	render	675	583
sample	repeated	stardict	raw	render	676	292
sample	repeated	stardict	raw	render	677	583
sample	repeated	stardict	raw	render	678	167
sample	repeated	stardict	raw	render	679	625
sample	repeated	stardict	raw	render	680	250
sample	repeated	stardict	raw	render	681	709
sample	repeated	stardict	raw	render	682	375
sample	repeated	stardict	raw	render	683	459
sample	repeated	stardict	raw	render	684	292
sample	repeated	stardict	raw	render	685	584
sample	repeated	stardict	raw	render	686	375
sample	repeated	stardict	raw	render	687	459
sample	repeated	stardict	raw	render	688	250
sample	repeated	stardict	raw	render	689	375
sample	repeated	stardict	raw	render	690	333
sample	repeated	stardict	raw	render	691	333
sample	repeated	stardict	raw	render	692	375
sample	repeated	stardict	raw	render	693	583
sample	repeated	stardict	raw	render	694	209
sample	repeated	stardict	raw	render	695	542
sample	repeated	stardict	raw	render	696	458
sample	repeated	stardict	raw	render	697	541
sample	repeated	stardict	raw	render	698	166
sample	repeated	stardict	raw	render	699	458
sample	repeated	stardict	raw	render	700	208
sample	repeated	stardict	raw	render	701	417
sample	repeated	stardict	raw	render	702	292
sample	repeated	stardict	raw	render	703	583
sample	repeated	stardict	raw	render	704	208
sample	repeated	stardict	raw	render	705	708
sample	repeated	stardict	raw	render	706	291
sample	repeated	stardict	raw	render	707	625
sample	repeated	stardict	raw	render	708	208
sample	repeated	stardict	raw	render	709	541
sample	repeated	stardict	raw	render	710	375
sample	repeated	stardict	raw	render	711	583
sample	repeated	stardict	raw	render	712	459
sample	repeated	stardict	raw	render	713	375
sample	repeated	stardict	raw	render	714	292
sample	repeated	stardict	raw	render	715	291
sample	repeated	stardict	raw	render	716	208
sample	repeated	stardict	raw	render	717	500
sample	repeated	stardict	raw	render	718	333
sample	repeated	stardict	raw	render	719	500
sample	repeated	stardict	raw	render	720	208
sample	repeated	stardict	raw	render	721	542
sample	repeated	stardict	raw	render	722	208
sample	repeated	stardict	raw	render	723	375
sample	repeated	stardict	raw	render	724	209
sample	repeated	stardict	raw	render	725	500
sample	repeated	stardict	raw	render	726	250
sample	repeated	stardict	raw	render	727	708
sample	repeated	stardict	raw	render	728	292
sample	repeated	stardict	raw	render	729	709
sample	repeated	stardict	raw	render	730	208
sample	repeated	stardict	raw	render	731	584
sample	repeated	stardict	raw	render	732	375
sample	repeated	stardict	raw	render	733	5083
sample	repeated	stardict	raw	render	734	1542
sample	repeated	stardict	raw	render	735	1500
sample	repeated	stardict	raw	render	736	22750
sample	repeated	stardict	raw	render	737	1667
sample	repeated	stardict	raw	render	738	1167
sample	repeated	stardict	raw	render	739	2583
sample	repeated	stardict	raw	render	740	2042
sample	repeated	stardict	raw	render	741	1875
sample	repeated	stardict	raw	render	742	916
sample	repeated	stardict	raw	render	743	1125
sample	repeated	stardict	raw	render	744	958
sample	repeated	stardict	raw	render	745	1458
sample	repeated	stardict	raw	render	746	958
sample	repeated	stardict	raw	render	747	1125
sample	repeated	stardict	raw	render	748	14708
sample	repeated	stardict	raw	render	749	1834
sample	repeated	stardict	raw	render	750	708
sample	repeated	stardict	raw	render	751	1083
sample	repeated	stardict	raw	render	752	583
sample	repeated	stardict	raw	render	753	833
sample	repeated	stardict	raw	render	754	542
sample	repeated	stardict	raw	render	755	791
sample	repeated	stardict	raw	render	756	541
sample	repeated	stardict	raw	render	757	625
sample	repeated	stardict	raw	render	758	666
sample	repeated	stardict	raw	render	759	625
sample	repeated	stardict	raw	render	760	541
sample	repeated	stardict	raw	render	761	875
sample	repeated	stardict	raw	render	762	458
sample	repeated	stardict	raw	render	763	625
sample	repeated	stardict	raw	render	764	417
sample	repeated	stardict	raw	render	765	791
sample	repeated	stardict	raw	render	766	291
sample	repeated	stardict	raw	render	767	625
sample	repeated	stardict	raw	render	768	209
sample	repeated	stardict	raw	render	769	583
sample	repeated	stardict	raw	render	770	291
sample	repeated	stardict	raw	render	771	667
sample	repeated	stardict	raw	render	772	250
sample	repeated	stardict	raw	render	773	750
sample	repeated	stardict	raw	render	774	209
sample	repeated	stardict	raw	render	775	792
sample	repeated	stardict	raw	render	776	209
sample	repeated	stardict	raw	render	777	583
sample	repeated	stardict	raw	render	778	375
sample	repeated	stardict	raw	render	779	667
sample	repeated	stardict	raw	render	780	208
sample	repeated	stardict	raw	render	781	625
sample	repeated	stardict	raw	render	782	375
sample	repeated	stardict	raw	render	783	625
sample	repeated	stardict	raw	render	784	292
sample	repeated	stardict	raw	render	785	542
sample	repeated	stardict	raw	render	786	333
sample	repeated	stardict	raw	render	787	584
sample	repeated	stardict	raw	render	788	167
sample	repeated	stardict	raw	render	789	625
sample	repeated	stardict	raw	render	790	250
sample	repeated	stardict	raw	render	791	750
sample	repeated	stardict	raw	render	792	167
sample	repeated	stardict	raw	render	793	708
sample	repeated	stardict	raw	render	794	208
sample	repeated	stardict	raw	render	795	292
sample	repeated	stardict	raw	render	796	208
sample	repeated	stardict	raw	render	797	375
sample	repeated	stardict	raw	render	798	209
sample	repeated	stardict	raw	render	799	625
sample	repeated	stardict	raw	render	800	167
sample	repeated	stardict	raw	render	801	375
sample	repeated	stardict	raw	render	802	208
sample	repeated	stardict	raw	render	803	583
sample	repeated	stardict	raw	render	804	167
sample	repeated	stardict	raw	render	805	709
sample	repeated	stardict	raw	render	806	208
sample	repeated	stardict	raw	render	807	708
sample	repeated	stardict	raw	render	808	500
sample	repeated	stardict	raw	render	809	375
sample	repeated	stardict	raw	render	810	291
sample	repeated	stardict	raw	render	811	375
sample	repeated	stardict	raw	render	812	167
sample	repeated	stardict	raw	render	813	500
sample	repeated	stardict	raw	render	814	208
sample	repeated	stardict	raw	render	815	416
sample	repeated	stardict	raw	render	816	166
sample	repeated	stardict	raw	render	817	334
sample	repeated	stardict	raw	render	818	209
sample	repeated	stardict	raw	render	819	375
sample	repeated	stardict	raw	render	820	208
sample	repeated	stardict	raw	render	821	334
sample	repeated	stardict	raw	render	822	167
sample	repeated	stardict	raw	render	823	375
sample	repeated	stardict	raw	render	824	208
sample	repeated	stardict	raw	render	825	416
sample	repeated	stardict	raw	render	826	250
sample	repeated	stardict	raw	render	827	167
sample	repeated	stardict	raw	render	828	208
sample	repeated	stardict	raw	render	829	333
sample	repeated	stardict	raw	render	830	209
sample	repeated	stardict	raw	render	831	500
sample	repeated	stardict	raw	render	832	292
sample	repeated	stardict	raw	render	833	375
sample	repeated	stardict	raw	render	834	167
sample	repeated	stardict	raw	render	835	334
sample	repeated	stardict	raw	render	836	291
sample	repeated	stardict	raw	render	837	292
sample	repeated	stardict	raw	render	838	292
sample	repeated	stardict	raw	render	839	417
sample	repeated	stardict	raw	render	840	209
sample	repeated	stardict	raw	render	841	375
sample	repeated	stardict	raw	render	842	291
sample	repeated	stardict	raw	render	843	458
sample	repeated	stardict	raw	render	844	167
sample	repeated	stardict	raw	render	845	375
sample	repeated	stardict	raw	render	846	208
sample	repeated	stardict	raw	render	847	500
sample	repeated	stardict	raw	render	848	292
sample	repeated	stardict	raw	render	849	500
sample	repeated	stardict	raw	render	850	458
sample	repeated	stardict	raw	render	851	416
sample	repeated	stardict	raw	render	852	167
sample	repeated	stardict	raw	render	853	417
sample	repeated	stardict	raw	render	854	375
sample	repeated	stardict	raw	render	855	500
sample	repeated	stardict	raw	render	856	292
sample	repeated	stardict	raw	render	857	583
sample	repeated	stardict	raw	render	858	416
sample	repeated	stardict	raw	render	859	458
sample	repeated	stardict	raw	render	860	208
sample	repeated	stardict	raw	render	861	750
sample	repeated	stardict	raw	render	862	209
sample	repeated	stardict	raw	render	863	458
sample	repeated	stardict	raw	render	864	417
sample	repeated	stardict	raw	render	865	375
sample	repeated	stardict	raw	render	866	208
sample	repeated	stardict	raw	render	867	667
sample	repeated	stardict	raw	render	868	416
sample	repeated	stardict	raw	render	869	875
sample	repeated	stardict	raw	render	870	375
sample	repeated	stardict	raw	render	871	500
sample	repeated	stardict	raw	render	872	167
sample	repeated	stardict	raw	render	873	292
sample	repeated	stardict	raw	render	874	208
sample	repeated	stardict	raw	render	875	584
sample	repeated	stardict	raw	render	876	209
sample	repeated	stardict	raw	render	877	333
sample	repeated	stardict	raw	render	878	208
sample	repeated	stardict	raw	render	879	500
sample	repeated	stardict	raw	render	880	208
sample	repeated	stardict	raw	render	881	708
sample	repeated	stardict	raw	render	882	208
sample	repeated	stardict	raw	render	883	334
sample	repeated	stardict	raw	render	884	292
sample	repeated	stardict	raw	render	885	625
sample	repeated	stardict	raw	render	886	250
sample	repeated	stardict	raw	render	887	500
sample	repeated	stardict	raw	render	888	208
sample	repeated	stardict	raw	render	889	6417
sample	repeated	stardict	raw	render	890	1084
sample	repeated	stardict	raw	render	891	1791
sample	repeated	stardict	raw	render	892	1125
sample	repeated	stardict	raw	render	893	1083
sample	repeated	stardict	raw	render	894	2291
sample	repeated	stardict	raw	render	895	1167
sample	repeated	stardict	raw	render	896	1125
sample	repeated	stardict	raw	render	897	750
sample	repeated	stardict	raw	render	898	500
sample	repeated	stardict	raw	render	899	958
sample	repeated	stardict	raw	render	900	458
sample	repeated	stardict	raw	render	901	917
sample	repeated	stardict	raw	render	902	500
sample	repeated	stardict	raw	render	903	708
sample	repeated	stardict	raw	render	904	584
sample	repeated	stardict	raw	render	905	708
sample	repeated	stardict	raw	render	906	584
sample	repeated	stardict	raw	render	907	500
sample	repeated	stardict	raw	render	908	417
sample	repeated	stardict	raw	render	909	542
sample	repeated	stardict	raw	render	910	500
sample	repeated	stardict	raw	render	911	792
sample	repeated	stardict	raw	render	912	333
sample	repeated	stardict	raw	render	913	583
sample	repeated	stardict	raw	render	914	292
sample	repeated	stardict	raw	render	915	666
sample	repeated	stardict	raw	render	916	375
sample	repeated	stardict	raw	render	917	542
sample	repeated	stardict	raw	render	918	167
sample	repeated	stardict	raw	render	919	792
sample	repeated	stardict	raw	render	920	250
sample	repeated	stardict	raw	render	921	708
sample	repeated	stardict	raw	render	922	375
sample	repeated	stardict	raw	render	923	625
sample	repeated	stardict	raw	render	924	500
sample	repeated	stardict	raw	render	925	750
sample	repeated	stardict	raw	render	926	167
sample	repeated	stardict	raw	render	927	750
sample	repeated	stardict	raw	render	928	416
sample	repeated	stardict	raw	render	929	625
sample	repeated	stardict	raw	render	930	209
sample	repeated	stardict	raw	render	931	917
sample	repeated	stardict	raw	render	932	292
sample	repeated	stardict	raw	render	933	584
sample	repeated	stardict	raw	render	934	459
sample	repeated	stardict	raw	render	935	666
sample	repeated	stardict	raw	render	936	375
sample	repeated	stardict	raw	render	937	583
sample	repeated	stardict	raw	render	938	417
sample	repeated	stardict	raw	render	939	417
sample	repeated	stardict	raw	render	940	375
sample	repeated	stardict	raw	render	941	500
sample	repeated	stardict	raw	render	942	625
sample	repeated	stardict	raw	render	943	833
sample	repeated	stardict	raw	render	944	417
sample	repeated	stardict	raw	render	945	542
sample	repeated	stardict	raw	render	946	291
sample	repeated	stardict	raw	render	947	375
sample	repeated	stardict	raw	render	948	417
sample	repeated	stardict	raw	render	949	584
sample	repeated	stardict	raw	render	950	292
sample	repeated	stardict	raw	render	951	666
sample	repeated	stardict	raw	render	952	416
sample	repeated	stardict	raw	render	953	541
sample	repeated	stardict	raw	render	954	459
sample	repeated	stardict	raw	render	955	458
sample	repeated	stardict	raw	render	956	291
sample	repeated	stardict	raw	render	957	583
sample	repeated	stardict	raw	render	958	625
sample	repeated	stardict	raw	render	959	666
sample	repeated	stardict	raw	render	960	708
sample	repeated	stardict	raw	render	961	833
sample	repeated	stardict	raw	render	962	292
sample	repeated	stardict	raw	render	963	666
sample	repeated	stardict	raw	render	964	625
sample	repeated	stardict	raw	render	965	584
sample	repeated	stardict	raw	render	966	375
sample	repeated	stardict	raw	render	967	625
sample	repeated	stardict	raw	render	968	417
sample	repeated	stardict	raw	render	969	708
sample	repeated	stardict	raw	render	970	542
sample	repeated	stardict	raw	render	971	708
sample	repeated	stardict	raw	render	972	417
sample	repeated	stardict	raw	render	973	625
sample	repeated	stardict	raw	render	974	375
sample	repeated	stardict	raw	render	975	625
sample	repeated	stardict	raw	render	976	541
sample	repeated	stardict	raw	render	977	708
sample	repeated	stardict	raw	render	978	291
sample	repeated	stardict	raw	render	979	500
sample	repeated	stardict	raw	render	980	375
sample	repeated	stardict	raw	render	981	583
sample	repeated	stardict	raw	render	982	292
sample	repeated	stardict	raw	render	983	709
sample	repeated	stardict	raw	render	984	375
sample	repeated	stardict	raw	render	985	792
sample	repeated	stardict	raw	render	986	208
sample	repeated	stardict	raw	render	987	542
sample	repeated	stardict	raw	render	988	166
sample	repeated	stardict	raw	render	989	583
sample	repeated	stardict	raw	render	990	417
sample	repeated	stardict	raw	render	991	583
sample	repeated	stardict	raw	render	992	166
sample	repeated	stardict	raw	render	993	708
sample	repeated	stardict	raw	render	994	208
sample	repeated	stardict	raw	render	995	708
sample	repeated	stardict	raw	render	996	375
sample	repeated	stardict	raw	render	997	708
sample	repeated	stardict	raw	render	998	291
sample	repeated	stardict	raw	render	999	500
result	repeated	stardict	raw	exact.p50_ns	917
result	repeated	stardict	raw	exact.p95_ns	3750
result	repeated	stardict	raw	exact.p99_ns	6667
result	repeated	stardict	raw	prefix.p50_ns	67041
result	repeated	stardict	raw	prefix.p95_ns	88291
result	repeated	stardict	raw	prefix.p99_ns	203083
result	repeated	stardict	raw	render.p50_ns	500
result	repeated	stardict	raw	render.p95_ns	1084
result	repeated	stardict	raw	render.p99_ns	3917
result	repeated	stardict	raw	exact.hit.p50_ns	1083
result	repeated	stardict	raw	exact.hit.p95_ns	3875
result	repeated	stardict	raw	exact.hit.p99_ns	6625
result	repeated	stardict	raw	exact.miss.p50_ns	417
result	repeated	stardict	raw	exact.miss.p95_ns	2583
result	repeated	stardict	raw	exact.miss.p99_ns	6667
result	repeated	stardict	raw	prefix.zero.p50_ns	1666
result	repeated	stardict	raw	prefix.zero.p95_ns	5375
result	repeated	stardict	raw	prefix.zero.p99_ns	11917
result	repeated	stardict	raw	prefix.one.p50_ns	-
result	repeated	stardict	raw	prefix.one.p95_ns	-
result	repeated	stardict	raw	prefix.one.p99_ns	-
result	repeated	stardict	raw	prefix.many.p50_ns	71458
result	repeated	stardict	raw	prefix.many.p95_ns	113541
result	repeated	stardict	raw	prefix.many.p99_ns	220000
result	repeated	stardict	raw	prefix.pathological.p50_ns	-
result	repeated	stardict	raw	prefix.pathological.p95_ns	-
result	repeated	stardict	raw	prefix.pathological.p99_ns	-
result	repeated	stardict	gzip	artifact_bytes	58976
unavailable	repeated	stardict	gzip	reason	gzip is not StarDict dictzip random access; raw reader is the measured query baseline
result	repeated	dict-index	raw	artifact_bytes	490328
result	repeated	dict-index	raw	build_ns	832833
sample	repeated	dict-index	raw	open	0	960625
sample	repeated	dict-index	raw	open	1	791041
sample	repeated	dict-index	raw	open	2	625750
sample	repeated	dict-index	raw	open	3	589250
sample	repeated	dict-index	raw	open	4	585709
sample	repeated	dict-index	raw	open	5	578000
sample	repeated	dict-index	raw	open	6	554500
sample	repeated	dict-index	raw	open	7	564000
sample	repeated	dict-index	raw	open	8	696041
sample	repeated	dict-index	raw	open	9	639041
sample	repeated	dict-index	raw	open	10	582209
sample	repeated	dict-index	raw	open	11	562792
sample	repeated	dict-index	raw	open	12	664375
sample	repeated	dict-index	raw	open	13	601708
sample	repeated	dict-index	raw	open	14	726458
sample	repeated	dict-index	raw	open	15	586083
sample	repeated	dict-index	raw	open	16	561084
sample	repeated	dict-index	raw	open	17	575875
sample	repeated	dict-index	raw	open	18	560416
sample	repeated	dict-index	raw	open	19	547000
sample	repeated	dict-index	raw	open	20	547583
sample	repeated	dict-index	raw	open	21	544542
sample	repeated	dict-index	raw	open	22	547250
sample	repeated	dict-index	raw	open	23	672500
sample	repeated	dict-index	raw	open	24	1230667
result	repeated	dict-index	raw	open_ns	585709
result	repeated	dict-index	raw	semantic_digest	3649450152805327167
result	repeated	dict-index	raw	query_checksum	593400448976652816
result	repeated	dict-index	raw	outputs	513250
result	repeated	dict-index	raw	logical_prose_bytes	428032
sample	repeated	dict-index	raw	exact	0	2167
sample	repeated	dict-index	raw	exact	1	625
sample	repeated	dict-index	raw	exact	2	792
sample	repeated	dict-index	raw	exact	3	541
sample	repeated	dict-index	raw	exact	4	1250
sample	repeated	dict-index	raw	exact	5	459
sample	repeated	dict-index	raw	exact	6	792
sample	repeated	dict-index	raw	exact	7	667
sample	repeated	dict-index	raw	exact	8	958
sample	repeated	dict-index	raw	exact	9	416
sample	repeated	dict-index	raw	exact	10	708
sample	repeated	dict-index	raw	exact	11	416
sample	repeated	dict-index	raw	exact	12	833
sample	repeated	dict-index	raw	exact	13	459
sample	repeated	dict-index	raw	exact	14	667
sample	repeated	dict-index	raw	exact	15	583
sample	repeated	dict-index	raw	exact	16	833
sample	repeated	dict-index	raw	exact	17	375
sample	repeated	dict-index	raw	exact	18	584
sample	repeated	dict-index	raw	exact	19	458
sample	repeated	dict-index	raw	exact	20	1084
sample	repeated	dict-index	raw	exact	21	417
sample	repeated	dict-index	raw	exact	22	625
sample	repeated	dict-index	raw	exact	23	583
sample	repeated	dict-index	raw	exact	24	1167
sample	repeated	dict-index	raw	exact	25	417
sample	repeated	dict-index	raw	exact	26	708
sample	repeated	dict-index	raw	exact	27	459
sample	repeated	dict-index	raw	exact	28	750
sample	repeated	dict-index	raw	exact	29	375
sample	repeated	dict-index	raw	exact	30	625
sample	repeated	dict-index	raw	exact	31	583
sample	repeated	dict-index	raw	exact	32	1625
sample	repeated	dict-index	raw	exact	33	417
sample	repeated	dict-index	raw	exact	34	750
sample	repeated	dict-index	raw	exact	35	375
sample	repeated	dict-index	raw	exact	36	1041
sample	repeated	dict-index	raw	exact	37	417
sample	repeated	dict-index	raw	exact	38	625
sample	repeated	dict-index	raw	exact	39	625
sample	repeated	dict-index	raw	exact	40	1042
sample	repeated	dict-index	raw	exact	41	375
sample	repeated	dict-index	raw	exact	42	708
sample	repeated	dict-index	raw	exact	43	416
sample	repeated	dict-index	raw	exact	44	1375
sample	repeated	dict-index	raw	exact	45	417
sample	repeated	dict-index	raw	exact	46	791
sample	repeated	dict-index	raw	exact	47	583
sample	repeated	dict-index	raw	exact	48	1000
sample	repeated	dict-index	raw	exact	49	375
sample	repeated	dict-index	raw	exact	50	709
sample	repeated	dict-index	raw	exact	51	458
sample	repeated	dict-index	raw	exact	52	1708
sample	repeated	dict-index	raw	exact	53	458
sample	repeated	dict-index	raw	exact	54	1208
sample	repeated	dict-index	raw	exact	55	542
sample	repeated	dict-index	raw	exact	56	1125
sample	repeated	dict-index	raw	exact	57	417
sample	repeated	dict-index	raw	exact	58	750
sample	repeated	dict-index	raw	exact	59	417
sample	repeated	dict-index	raw	exact	60	833
sample	repeated	dict-index	raw	exact	61	375
sample	repeated	dict-index	raw	exact	62	750
sample	repeated	dict-index	raw	exact	63	583
sample	repeated	dict-index	raw	exact	64	833
sample	repeated	dict-index	raw	exact	65	416
sample	repeated	dict-index	raw	exact	66	625
sample	repeated	dict-index	raw	exact	67	375
sample	repeated	dict-index	raw	exact	68	666
sample	repeated	dict-index	raw	exact	69	375
sample	repeated	dict-index	raw	exact	70	583
sample	repeated	dict-index	raw	exact	71	584
sample	repeated	dict-index	raw	exact	72	708
sample	repeated	dict-index	raw	exact	73	417
sample	repeated	dict-index	raw	exact	74	542
sample	repeated	dict-index	raw	exact	75	459
sample	repeated	dict-index	raw	exact	76	875
sample	repeated	dict-index	raw	exact	77	375
sample	repeated	dict-index	raw	exact	78	541
sample	repeated	dict-index	raw	exact	79	583
sample	repeated	dict-index	raw	exact	80	667
sample	repeated	dict-index	raw	exact	81	375
sample	repeated	dict-index	raw	exact	82	625
sample	repeated	dict-index	raw	exact	83	417
sample	repeated	dict-index	raw	exact	84	875
sample	repeated	dict-index	raw	exact	85	375
sample	repeated	dict-index	raw	exact	86	625
sample	repeated	dict-index	raw	exact	87	542
sample	repeated	dict-index	raw	exact	88	667
sample	repeated	dict-index	raw	exact	89	375
sample	repeated	dict-index	raw	exact	90	542
sample	repeated	dict-index	raw	exact	91	458
sample	repeated	dict-index	raw	exact	92	958
sample	repeated	dict-index	raw	exact	93	375
sample	repeated	dict-index	raw	exact	94	709
sample	repeated	dict-index	raw	exact	95	583
sample	repeated	dict-index	raw	exact	96	834
sample	repeated	dict-index	raw	exact	97	375
sample	repeated	dict-index	raw	exact	98	625
sample	repeated	dict-index	raw	exact	99	417
sample	repeated	dict-index	raw	exact	100	958
sample	repeated	dict-index	raw	exact	101	416
sample	repeated	dict-index	raw	exact	102	625
sample	repeated	dict-index	raw	exact	103	625
sample	repeated	dict-index	raw	exact	104	875
sample	repeated	dict-index	raw	exact	105	375
sample	repeated	dict-index	raw	exact	106	667
sample	repeated	dict-index	raw	exact	107	375
sample	repeated	dict-index	raw	exact	108	791
sample	repeated	dict-index	raw	exact	109	375
sample	repeated	dict-index	raw	exact	110	708
sample	repeated	dict-index	raw	exact	111	583
sample	repeated	dict-index	raw	exact	112	917
sample	repeated	dict-index	raw	exact	113	375
sample	repeated	dict-index	raw	exact	114	709
sample	repeated	dict-index	raw	exact	115	417
sample	repeated	dict-index	raw	exact	116	959
sample	repeated	dict-index	raw	exact	117	416
sample	repeated	dict-index	raw	exact	118	542
sample	repeated	dict-index	raw	exact	119	583
sample	repeated	dict-index	raw	exact	120	709
sample	repeated	dict-index	raw	exact	121	6250
sample	repeated	dict-index	raw	exact	122	3708
sample	repeated	dict-index	raw	exact	123	2750
sample	repeated	dict-index	raw	exact	124	3541
sample	repeated	dict-index	raw	exact	125	2417
sample	repeated	dict-index	raw	exact	126	2542
sample	repeated	dict-index	raw	exact	127	1209
sample	repeated	dict-index	raw	exact	128	1708
sample	repeated	dict-index	raw	exact	129	541
sample	repeated	dict-index	raw	exact	130	958
sample	repeated	dict-index	raw	exact	131	500
sample	repeated	dict-index	raw	exact	132	1208
sample	repeated	dict-index	raw	exact	133	416
sample	repeated	dict-index	raw	exact	134	708
sample	repeated	dict-index	raw	exact	135	625
sample	repeated	dict-index	raw	exact	136	791
sample	repeated	dict-index	raw	exact	137	4834
sample	repeated	dict-index	raw	exact	138	3041
sample	repeated	dict-index	raw	exact	139	625
sample	repeated	dict-index	raw	exact	140	1708
sample	repeated	dict-index	raw	exact	141	542
sample	repeated	dict-index	raw	exact	142	1208
sample	repeated	dict-index	raw	exact	143	1000
sample	repeated	dict-index	raw	exact	144	1250
sample	repeated	dict-index	raw	exact	145	542
sample	repeated	dict-index	raw	exact	146	1000
sample	repeated	dict-index	raw	exact	147	500
sample	repeated	dict-index	raw	exact	148	1000
sample	repeated	dict-index	raw	exact	149	459
sample	repeated	dict-index	raw	exact	150	833
sample	repeated	dict-index	raw	exact	151	625
sample	repeated	dict-index	raw	exact	152	1459
sample	repeated	dict-index	raw	exact	153	459
sample	repeated	dict-index	raw	exact	154	1000
sample	repeated	dict-index	raw	exact	155	458
sample	repeated	dict-index	raw	exact	156	1334
sample	repeated	dict-index	raw	exact	157	458
sample	repeated	dict-index	raw	exact	158	916
sample	repeated	dict-index	raw	exact	159	667
sample	repeated	dict-index	raw	exact	160	1084
sample	repeated	dict-index	raw	exact	161	416
sample	repeated	dict-index	raw	exact	162	792
sample	repeated	dict-index	raw	exact	163	375
sample	repeated	dict-index	raw	exact	164	1000
sample	repeated	dict-index	raw	exact	165	500
sample	repeated	dict-index	raw	exact	166	791
sample	repeated	dict-index	raw	exact	167	584
sample	repeated	dict-index	raw	exact	168	834
sample	repeated	dict-index	raw	exact	169	417
sample	repeated	dict-index	raw	exact	170	875
sample	repeated	dict-index	raw	exact	171	458
sample	repeated	dict-index	raw	exact	172	1125
sample	repeated	dict-index	raw	exact	173	375
sample	repeated	dict-index	raw	exact	174	875
sample	repeated	dict-index	raw	exact	175	583
sample	repeated	dict-index	raw	exact	176	916
sample	repeated	dict-index	raw	exact	177	458
sample	repeated	dict-index	raw	exact	178	833
sample	repeated	dict-index	raw	exact	179	458
sample	repeated	dict-index	raw	exact	180	833
sample	repeated	dict-index	raw	exact	181	458
sample	repeated	dict-index	raw	exact	182	750
sample	repeated	dict-index	raw	exact	183	584
sample	repeated	dict-index	raw	exact	184	1000
sample	repeated	dict-index	raw	exact	185	416
sample	repeated	dict-index	raw	exact	186	667
sample	repeated	dict-index	raw	exact	187	417
sample	repeated	dict-index	raw	exact	188	958
sample	repeated	dict-index	raw	exact	189	375
sample	repeated	dict-index	raw	exact	190	750
sample	repeated	dict-index	raw	exact	191	583
sample	repeated	dict-index	raw	exact	192	750
sample	repeated	dict-index	raw	exact	193	375
sample	repeated	dict-index	raw	exact	194	625
sample	repeated	dict-index	raw	exact	195	458
sample	repeated	dict-index	raw	exact	196	833
sample	repeated	dict-index	raw	exact	197	417
sample	repeated	dict-index	raw	exact	198	666
sample	repeated	dict-index	raw	exact	199	625
sample	repeated	dict-index	raw	exact	200	708
sample	repeated	dict-index	raw	exact	201	375
sample	repeated	dict-index	raw	exact	202	666
sample	repeated	dict-index	raw	exact	203	459
sample	repeated	dict-index	raw	exact	204	916
sample	repeated	dict-index	raw	exact	205	375
sample	repeated	dict-index	raw	exact	206	875
sample	repeated	dict-index	raw	exact	207	584
sample	repeated	dict-index	raw	exact	208	917
sample	repeated	dict-index	raw	exact	209	417
sample	repeated	dict-index	raw	exact	210	583
sample	repeated	dict-index	raw	exact	211	416
sample	repeated	dict-index	raw	exact	212	750
sample	repeated	dict-index	raw	exact	213	416
sample	repeated	dict-index	raw	exact	214	584
sample	repeated	dict-index	raw	exact	215	583
sample	repeated	dict-index	raw	exact	216	709
sample	repeated	dict-index	raw	exact	217	416
sample	repeated	dict-index	raw	exact	218	584
sample	repeated	dict-index	raw	exact	219	417
sample	repeated	dict-index	raw	exact	220	875
sample	repeated	dict-index	raw	exact	221	417
sample	repeated	dict-index	raw	exact	222	625
sample	repeated	dict-index	raw	exact	223	584
sample	repeated	dict-index	raw	exact	224	833
sample	repeated	dict-index	raw	exact	225	375
sample	repeated	dict-index	raw	exact	226	667
sample	repeated	dict-index	raw	exact	227	416
sample	repeated	dict-index	raw	exact	228	833
sample	repeated	dict-index	raw	exact	229	375
sample	repeated	dict-index	raw	exact	230	667
sample	repeated	dict-index	raw	exact	231	541
sample	repeated	dict-index	raw	exact	232	958
sample	repeated	dict-index	raw	exact	233	417
sample	repeated	dict-index	raw	exact	234	709
sample	repeated	dict-index	raw	exact	235	458
sample	repeated	dict-index	raw	exact	236	1000
sample	repeated	dict-index	raw	exact	237	375
sample	repeated	dict-index	raw	exact	238	1083
sample	repeated	dict-index	raw	exact	239	542
sample	repeated	dict-index	raw	exact	240	750
sample	repeated	dict-index	raw	exact	241	416
sample	repeated	dict-index	raw	exact	242	667
sample	repeated	dict-index	raw	exact	243	417
sample	repeated	dict-index	raw	exact	244	792
sample	repeated	dict-index	raw	exact	245	417
sample	repeated	dict-index	raw	exact	246	583
sample	repeated	dict-index	raw	exact	247	666
sample	repeated	dict-index	raw	exact	248	7917
sample	repeated	dict-index	raw	exact	249	2417
sample	repeated	dict-index	raw	exact	250	2000
sample	repeated	dict-index	raw	exact	251	1583
sample	repeated	dict-index	raw	exact	252	1250
sample	repeated	dict-index	raw	exact	253	416
sample	repeated	dict-index	raw	exact	254	875
sample	repeated	dict-index	raw	exact	255	833
sample	repeated	dict-index	raw	exact	256	875
sample	repeated	dict-index	raw	exact	257	416
sample	repeated	dict-index	raw	exact	258	750
sample	repeated	dict-index	raw	exact	259	458
sample	repeated	dict-index	raw	exact	260	958
sample	repeated	dict-index	raw	exact	261	417
sample	repeated	dict-index	raw	exact	262	917
sample	repeated	dict-index	raw	exact	263	625
sample	repeated	dict-index	raw	exact	264	1125
sample	repeated	dict-index	raw	exact	265	416
sample	repeated	dict-index	raw	exact	266	792
sample	repeated	dict-index	raw	exact	267	4833
sample	repeated	dict-index	raw	exact	268	1250
sample	repeated	dict-index	raw	exact	269	542
sample	repeated	dict-index	raw	exact	270	833
sample	repeated	dict-index	raw	exact	271	625
sample	repeated	dict-index	raw	exact	272	875
sample	repeated	dict-index	raw	exact	273	375
sample	repeated	dict-index	raw	exact	274	667
sample	repeated	dict-index	raw	exact	275	416
sample	repeated	dict-index	raw	exact	276	750
sample	repeated	dict-index	raw	exact	277	375
sample	repeated	dict-index	raw	exact	278	583
sample	repeated	dict-index	raw	exact	279	583
sample	repeated	dict-index	raw	exact	280	875
sample	repeated	dict-index	raw	exact	281	417
sample	repeated	dict-index	raw	exact	282	583
sample	repeated	dict-index	raw	exact	283	458
sample	repeated	dict-index	raw	exact	284	959
sample	repeated	dict-index	raw	exact	285	417
sample	repeated	dict-index	raw	exact	286	584
sample	repeated	dict-index	raw	exact	287	542
sample	repeated	dict-index	raw	exact	288	917
sample	repeated	dict-index	raw	exact	289	375
sample	repeated	dict-index	raw	exact	290	542
sample	repeated	dict-index	raw	exact	291	416
sample	repeated	dict-index	raw	exact	292	750
sample	repeated	dict-index	raw	exact	293	375
sample	repeated	dict-index	raw	exact	294	708
sample	repeated	dict-index	raw	exact	295	542
sample	repeated	dict-index	raw	exact	296	1083
sample	repeated	dict-index	raw	exact	297	458
sample	repeated	dict-index	raw	exact	298	625
sample	repeated	dict-index	raw	exact	299	417
sample	repeated	dict-index	raw	exact	300	1125
sample	repeated	dict-index	raw	exact	301	375
sample	repeated	dict-index	raw	exact	302	750
sample	repeated	dict-index	raw	exact	303	542
sample	repeated	dict-index	raw	exact	304	959
sample	repeated	dict-index	raw	exact	305	417
sample	repeated	dict-index	raw	exact	306	667
sample	repeated	dict-index	raw	exact	307	417
sample	repeated	dict-index	raw	exact	308	958
sample	repeated	dict-index	raw	exact	309	417
sample	repeated	dict-index	raw	exact	310	750
sample	repeated	dict-index	raw	exact	311	542
sample	repeated	dict-index	raw	exact	312	667
sample	repeated	dict-index	raw	exact	313	417
sample	repeated	dict-index	raw	exact	314	625
sample	repeated	dict-index	raw	exact	315	375
sample	repeated	dict-index	raw	exact	316	750
sample	repeated	dict-index	raw	exact	317	458
sample	repeated	dict-index	raw	exact	318	542
sample	repeated	dict-index	raw	exact	319	542
sample	repeated	dict-index	raw	exact	320	750
sample	repeated	dict-index	raw	exact	321	458
sample	repeated	dict-index	raw	exact	322	583
sample	repeated	dict-index	raw	exact	323	417
sample	repeated	dict-index	raw	exact	324	750
sample	repeated	dict-index	raw	exact	325	375
sample	repeated	dict-index	raw	exact	326	583
sample	repeated	dict-index	raw	exact	327	625
sample	repeated	dict-index	raw	exact	328	708
sample	repeated	dict-index	raw	exact	329	375
sample	repeated	dict-index	raw	exact	330	625
sample	repeated	dict-index	raw	exact	331	417
sample	repeated	dict-index	raw	exact	332	958
sample	repeated	dict-index	raw	exact	333	417
sample	repeated	dict-index	raw	exact	334	709
sample	repeated	dict-index	raw	exact	335	542
sample	repeated	dict-index	raw	exact	336	792
sample	repeated	dict-index	raw	exact	337	416
sample	repeated	dict-index	raw	exact	338	542
sample	repeated	dict-index	raw	exact	339	375
sample	repeated	dict-index	raw	exact	340	834
sample	repeated	dict-index	raw	exact	341	417
sample	repeated	dict-index	raw	exact	342	625
sample	repeated	dict-index	raw	exact	343	500
sample	repeated	dict-index	raw	exact	344	667
sample	repeated	dict-index	raw	exact	345	375
sample	repeated	dict-index	raw	exact	346	542
sample	repeated	dict-index	raw	exact	347	375
sample	repeated	dict-index	raw	exact	348	708
sample	repeated	dict-index	raw	exact	349	375
sample	repeated	dict-index	raw	exact	350	667
sample	repeated	dict-index	raw	exact	351	500
sample	repeated	dict-index	raw	exact	352	667
sample	repeated	dict-index	raw	exact	353	417
sample	repeated	dict-index	raw	exact	354	625
sample	repeated	dict-index	raw	exact	355	417
sample	repeated	dict-index	raw	exact	356	916
sample	repeated	dict-index	raw	exact	357	333
sample	repeated	dict-index	raw	exact	358	541
sample	repeated	dict-index	raw	exact	359	584
sample	repeated	dict-index	raw	exact	360	708
sample	repeated	dict-index	raw	exact	361	375
sample	repeated	dict-index	raw	exact	362	709
sample	repeated	dict-index	raw	exact	363	458
sample	repeated	dict-index	raw	exact	364	833
sample	repeated	dict-index	raw	exact	365	416
sample	repeated	dict-index	raw	exact	366	792
sample	repeated	dict-index	raw	exact	367	583
sample	repeated	dict-index	raw	exact	368	708
sample	repeated	dict-index	raw	exact	369	417
sample	repeated	dict-index	raw	exact	370	750
sample	repeated	dict-index	raw	exact	371	416
sample	repeated	dict-index	raw	exact	372	750
sample	repeated	dict-index	raw	exact	373	417
sample	repeated	dict-index	raw	exact	374	625
sample	repeated	dict-index	raw	exact	375	541
sample	repeated	dict-index	raw	exact	376	667
sample	repeated	dict-index	raw	exact	377	416
sample	repeated	dict-index	raw	exact	378	542
sample	repeated	dict-index	raw	exact	379	416
sample	repeated	dict-index	raw	exact	380	750
sample	repeated	dict-index	raw	exact	381	375
sample	repeated	dict-index	raw	exact	382	625
sample	repeated	dict-index	raw	exact	383	583
sample	repeated	dict-index	raw	exact	384	708
sample	repeated	dict-index	raw	exact	385	458
sample	repeated	dict-index	raw	exact	386	542
sample	repeated	dict-index	raw	exact	387	417
sample	repeated	dict-index	raw	exact	388	708
sample	repeated	dict-index	raw	exact	389	375
sample	repeated	dict-index	raw	exact	390	542
sample	repeated	dict-index	raw	exact	391	583
sample	repeated	dict-index	raw	exact	392	667
sample	repeated	dict-index	raw	exact	393	417
sample	repeated	dict-index	raw	exact	394	708
sample	repeated	dict-index	raw	exact	395	1250
sample	repeated	dict-index	raw	exact	396	1042
sample	repeated	dict-index	raw	exact	397	334
sample	repeated	dict-index	raw	exact	398	750
sample	repeated	dict-index	raw	exact	399	708
sample	repeated	dict-index	raw	exact	400	875
sample	repeated	dict-index	raw	exact	401	458
sample	repeated	dict-index	raw	exact	402	542
sample	repeated	dict-index	raw	exact	403	375
sample	repeated	dict-index	raw	exact	404	709
sample	repeated	dict-index	raw	exact	405	416
sample	repeated	dict-index	raw	exact	406	500
sample	repeated	dict-index	raw	exact	407	584
sample	repeated	dict-index	raw	exact	408	666
sample	repeated	dict-index	raw	exact	409	417
sample	repeated	dict-index	raw	exact	410	583
sample	repeated	dict-index	raw	exact	411	417
sample	repeated	dict-index	raw	exact	412	834
sample	repeated	dict-index	raw	exact	413	375
sample	repeated	dict-index	raw	exact	414	625
sample	repeated	dict-index	raw	exact	415	542
sample	repeated	dict-index	raw	exact	416	667
sample	repeated	dict-index	raw	exact	417	375
sample	repeated	dict-index	raw	exact	418	542
sample	repeated	dict-index	raw	exact	419	375
sample	repeated	dict-index	raw	exact	420	667
sample	repeated	dict-index	raw	exact	421	375
sample	repeated	dict-index	raw	exact	422	542
sample	repeated	dict-index	raw	exact	423	541
sample	repeated	dict-index	raw	exact	424	834
sample	repeated	dict-index	raw	exact	425	375
sample	repeated	dict-index	raw	exact	426	625
sample	repeated	dict-index	raw	exact	427	959
sample	repeated	dict-index	raw	exact	428	1000
sample	repeated	dict-index	raw	exact	429	417
sample	repeated	dict-index	raw	exact	430	917
sample	repeated	dict-index	raw	exact	431	625
sample	repeated	dict-index	raw	exact	432	834
sample	repeated	dict-index	raw	exact	433	417
sample	repeated	dict-index	raw	exact	434	750
sample	repeated	dict-index	raw	exact	435	417
sample	repeated	dict-index	raw	exact	436	708
sample	repeated	dict-index	raw	exact	437	417
sample	repeated	dict-index	raw	exact	438	7958
sample	repeated	dict-index	raw	exact	439	1042
sample	repeated	dict-index	raw	exact	440	875
sample	repeated	dict-index	raw	exact	441	416
sample	repeated	dict-index	raw	exact	442	708
sample	repeated	dict-index	raw	exact	443	458
sample	repeated	dict-index	raw	exact	444	834
sample	repeated	dict-index	raw	exact	445	416
sample	repeated	dict-index	raw	exact	446	792
sample	repeated	dict-index	raw	exact	447	666
sample	repeated	dict-index	raw	exact	448	708
sample	repeated	dict-index	raw	exact	449	416
sample	repeated	dict-index	raw	exact	450	584
sample	repeated	dict-index	raw	exact	451	417
sample	repeated	dict-index	raw	exact	452	833
sample	repeated	dict-index	raw	exact	453	417
sample	repeated	dict-index	raw	exact	454	625
sample	repeated	dict-index	raw	exact	455	667
sample	repeated	dict-index	raw	exact	456	833
sample	repeated	dict-index	raw	exact	457	417
sample	repeated	dict-index	raw	exact	458	666
sample	repeated	dict-index	raw	exact	459	541
sample	repeated	dict-index	raw	exact	460	1542
sample	repeated	dict-index	raw	exact	461	458
sample	repeated	dict-index	raw	exact	462	792
sample	repeated	dict-index	raw	exact	463	583
sample	repeated	dict-index	raw	exact	464	875
sample	repeated	dict-index	raw	exact	465	375
sample	repeated	dict-index	raw	exact	466	625
sample	repeated	dict-index	raw	exact	467	458
sample	repeated	dict-index	raw	exact	468	833
sample	repeated	dict-index	raw	exact	469	416
sample	repeated	dict-index	raw	exact	470	583
sample	repeated	dict-index	raw	exact	471	625
sample	repeated	dict-index	raw	exact	472	833
sample	repeated	dict-index	raw	exact	473	416
sample	repeated	dict-index	raw	exact	474	667
sample	repeated	dict-index	raw	exact	475	500
sample	repeated	dict-index	raw	exact	476	875
sample	repeated	dict-index	raw	exact	477	417
sample	repeated	dict-index	raw	exact	478	708
sample	repeated	dict-index	raw	exact	479	542
sample	repeated	dict-index	raw	exact	480	750
sample	repeated	dict-index	raw	exact	481	375
sample	repeated	dict-index	raw	exact	482	708
sample	repeated	dict-index	raw	exact	483	458
sample	repeated	dict-index	raw	exact	484	1042
sample	repeated	dict-index	raw	exact	485	375
sample	repeated	dict-index	raw	exact	486	708
sample	repeated	dict-index	raw	exact	487	625
sample	repeated	dict-index	raw	exact	488	708
sample	repeated	dict-index	raw	exact	489	375
sample	repeated	dict-index	raw	exact	490	708
sample	repeated	dict-index	raw	exact	491	416
sample	repeated	dict-index	raw	exact	492	916
sample	repeated	dict-index	raw	exact	493	458
sample	repeated	dict-index	raw	exact	494	750
sample	repeated	dict-index	raw	exact	495	583
sample	repeated	dict-index	raw	exact	496	750
sample	repeated	dict-index	raw	exact	497	417
sample	repeated	dict-index	raw	exact	498	667
sample	repeated	dict-index	raw	exact	499	417
sample	repeated	dict-index	raw	exact	500	875
sample	repeated	dict-index	raw	exact	501	458
sample	repeated	dict-index	raw	exact	502	791
sample	repeated	dict-index	raw	exact	503	542
sample	repeated	dict-index	raw	exact	504	750
sample	repeated	dict-index	raw	exact	505	375
sample	repeated	dict-index	raw	exact	506	583
sample	repeated	dict-index	raw	exact	507	458
sample	repeated	dict-index	raw	exact	508	791
sample	repeated	dict-index	raw	exact	509	416
sample	repeated	dict-index	raw	exact	510	583
sample	repeated	dict-index	raw	exact	511	541
sample	repeated	dict-index	raw	exact	512	708
sample	repeated	dict-index	raw	exact	513	375
sample	repeated	dict-index	raw	exact	514	583
sample	repeated	dict-index	raw	exact	515	375
sample	repeated	dict-index	raw	exact	516	791
sample	repeated	dict-index	raw	exact	517	375
sample	repeated	dict-index	raw	exact	518	666
sample	repeated	dict-index	raw	exact	519	542
sample	repeated	dict-index	raw	exact	520	875
sample	repeated	dict-index	raw	exact	521	416
sample	repeated	dict-index	raw	exact	522	583
sample	repeated	dict-index	raw	exact	523	416
sample	repeated	dict-index	raw	exact	524	1000
sample	repeated	dict-index	raw	exact	525	375
sample	repeated	dict-index	raw	exact	526	541
sample	repeated	dict-index	raw	exact	527	583
sample	repeated	dict-index	raw	exact	528	750
sample	repeated	dict-index	raw	exact	529	416
sample	repeated	dict-index	raw	exact	530	625
sample	repeated	dict-index	raw	exact	531	417
sample	repeated	dict-index	raw	exact	532	750
sample	repeated	dict-index	raw	exact	533	417
sample	repeated	dict-index	raw	exact	534	625
sample	repeated	dict-index	raw	exact	535	541
sample	repeated	dict-index	raw	exact	536	750
sample	repeated	dict-index	raw	exact	537	375
sample	repeated	dict-index	raw	exact	538	584
sample	repeated	dict-index	raw	exact	539	416
sample	repeated	dict-index	raw	exact	540	750
sample	repeated	dict-index	raw	exact	541	416
sample	repeated	dict-index	raw	exact	542	708
sample	repeated	dict-index	raw	exact	543	542
sample	repeated	dict-index	raw	exact	544	750
sample	repeated	dict-index	raw	exact	545	417
sample	repeated	dict-index	raw	exact	546	583
sample	repeated	dict-index	raw	exact	547	416
sample	repeated	dict-index	raw	exact	548	1250
sample	repeated	dict-index	raw	exact	549	500
sample	repeated	dict-index	raw	exact	550	583
sample	repeated	dict-index	raw	exact	551	666
sample	repeated	dict-index	raw	exact	552	834
sample	repeated	dict-index	raw	exact	553	500
sample	repeated	dict-index	raw	exact	554	708
sample	repeated	dict-index	raw	exact	555	375
sample	repeated	dict-index	raw	exact	556	958
sample	repeated	dict-index	raw	exact	557	416
sample	repeated	dict-index	raw	exact	558	916
sample	repeated	dict-index	raw	exact	559	583
sample	repeated	dict-index	raw	exact	560	792
sample	repeated	dict-index	raw	exact	561	416
sample	repeated	dict-index	raw	exact	562	625
sample	repeated	dict-index	raw	exact	563	416
sample	repeated	dict-index	raw	exact	564	708
sample	repeated	dict-index	raw	exact	565	417
sample	repeated	dict-index	raw	exact	566	667
sample	repeated	dict-index	raw	exact	567	542
sample	repeated	dict-index	raw	exact	568	875
sample	repeated	dict-index	raw	exact	569	375
sample	repeated	dict-index	raw	exact	570	708
sample	repeated	dict-index	raw	exact	571	417
sample	repeated	dict-index	raw	exact	572	792
sample	repeated	dict-index	raw	exact	573	375
sample	repeated	dict-index	raw	exact	574	583
sample	repeated	dict-index	raw	exact	575	583
sample	repeated	dict-index	raw	exact	576	709
sample	repeated	dict-index	raw	exact	577	375
sample	repeated	dict-index	raw	exact	578	584
sample	repeated	dict-index	raw	exact	579	416
sample	repeated	dict-index	raw	exact	580	750
sample	repeated	dict-index	raw	exact	581	375
sample	repeated	dict-index	raw	exact	582	625
sample	repeated	dict-index	raw	exact	583	583
sample	repeated	dict-index	raw	exact	584	834
sample	repeated	dict-index	raw	exact	585	375
sample	repeated	dict-index	raw	exact	586	625
sample	repeated	dict-index	raw	exact	587	417
sample	repeated	dict-index	raw	exact	588	1000
sample	repeated	dict-index	raw	exact	589	375
sample	repeated	dict-index	raw	exact	590	875
sample	repeated	dict-index	raw	exact	591	584
sample	repeated	dict-index	raw	exact	592	792
sample	repeated	dict-index	raw	exact	593	417
sample	repeated	dict-index	raw	exact	594	584
sample	repeated	dict-index	raw	exact	595	416
sample	repeated	dict-index	raw	exact	596	667
sample	repeated	dict-index	raw	exact	597	416
sample	repeated	dict-index	raw	exact	598	625
sample	repeated	dict-index	raw	exact	599	583
sample	repeated	dict-index	raw	exact	600	750
sample	repeated	dict-index	raw	exact	601	375
sample	repeated	dict-index	raw	exact	602	584
sample	repeated	dict-index	raw	exact	603	416
sample	repeated	dict-index	raw	exact	604	667
sample	repeated	dict-index	raw	exact	605	417
sample	repeated	dict-index	raw	exact	606	584
sample	repeated	dict-index	raw	exact	607	584
sample	repeated	dict-index	raw	exact	608	667
sample	repeated	dict-index	raw	exact	609	416
sample	repeated	dict-index	raw	exact	610	583
sample	repeated	dict-index	raw	exact	611	417
sample	repeated	dict-index	raw	exact	612	667
sample	repeated	dict-index	raw	exact	613	375
sample	repeated	dict-index	raw	exact	614	625
sample	repeated	dict-index	raw	exact	615	625
sample	repeated	dict-index	raw	exact	616	666
sample	repeated	dict-index	raw	exact	617	375
sample	repeated	dict-index	raw	exact	618	542
sample	repeated	dict-index	raw	exact	619	375
sample	repeated	dict-index	raw	exact	620	833
sample	repeated	dict-index	raw	exact	621	417
sample	repeated	dict-index	raw	exact	622	792
sample	repeated	dict-index	raw	exact	623	583
sample	repeated	dict-index	raw	exact	624	750
sample	repeated	dict-index	raw	exact	625	417
sample	repeated	dict-index	raw	exact	626	625
sample	repeated	dict-index	raw	exact	627	416
sample	repeated	dict-index	raw	exact	628	750
sample	repeated	dict-index	raw	exact	629	458
sample	repeated	dict-index	raw	exact	630	583
sample	repeated	dict-index	raw	exact	631	583
sample	repeated	dict-index	raw	exact	632	625
sample	repeated	dict-index	raw	exact	633	375
sample	repeated	dict-index	raw	exact	634	500
sample	repeated	dict-index	raw	exact	635	417
sample	repeated	dict-index	raw	exact	636	708
sample	repeated	dict-index	raw	exact	637	375
sample	repeated	dict-index	raw	exact	638	625
sample	repeated	dict-index	raw	exact	639	584
sample	repeated	dict-index	raw	exact	640	667
sample	repeated	dict-index	raw	exact	641	417
sample	repeated	dict-index	raw	exact	642	542
sample	repeated	dict-index	raw	exact	643	416
sample	repeated	dict-index	raw	exact	644	667
sample	repeated	dict-index	raw	exact	645	375
sample	repeated	dict-index	raw	exact	646	666
sample	repeated	dict-index	raw	exact	647	584
sample	repeated	dict-index	raw	exact	648	625
sample	repeated	dict-index	raw	exact	649	375
sample	repeated	dict-index	raw	exact	650	584
sample	repeated	dict-index	raw	exact	651	417
sample	repeated	dict-index	raw	exact	652	1000
sample	repeated	dict-index	raw	exact	653	417
sample	repeated	dict-index	raw	exact	654	708
sample	repeated	dict-index	raw	exact	655	542
sample	repeated	dict-index	raw	exact	656	750
sample	repeated	dict-index	raw	exact	657	375
sample	repeated	dict-index	raw	exact	658	542
sample	repeated	dict-index	raw	exact	659	416
sample	repeated	dict-index	raw	exact	660	750
sample	repeated	dict-index	raw	exact	661	416
sample	repeated	dict-index	raw	exact	662	583
sample	repeated	dict-index	raw	exact	663	583
sample	repeated	dict-index	raw	exact	664	667
sample	repeated	dict-index	raw	exact	665	417
sample	repeated	dict-index	raw	exact	666	542
sample	repeated	dict-index	raw	exact	667	416
sample	repeated	dict-index	raw	exact	668	750
sample	repeated	dict-index	raw	exact	669	417
sample	repeated	dict-index	raw	exact	670	583
sample	repeated	dict-index	raw	exact	671	541
sample	repeated	dict-index	raw	exact	672	667
sample	repeated	dict-index	raw	exact	673	417
sample	repeated	dict-index	raw	exact	674	584
sample	repeated	dict-index	raw	exact	675	375
sample	repeated	dict-index	raw	exact	676	750
sample	repeated	dict-index	raw	exact	677	416
sample	repeated	dict-index	raw	exact	678	625
sample	repeated	dict-index	raw	exact	679	584
sample	repeated	dict-index	raw	exact	680	667
sample	repeated	dict-index	raw	exact	681	416
sample	repeated	dict-index	raw	exact	682	667
sample	repeated	dict-index	raw	exact	683	458
sample	repeated	dict-index	raw	exact	684	1000
sample	repeated	dict-index	raw	exact	685	375
sample	repeated	dict-index	raw	exact	686	1166
sample	repeated	dict-index	raw	exact	687	541
sample	repeated	dict-index	raw	exact	688	833
sample	repeated	dict-index	raw	exact	689	416
sample	repeated	dict-index	raw	exact	690	542
sample	repeated	dict-index	raw	exact	691	416
sample	repeated	dict-index	raw	exact	692	708
sample	repeated	dict-index	raw	exact	693	416
sample	repeated	dict-index	raw	exact	694	542
sample	repeated	dict-index	raw	exact	695	542
sample	repeated	dict-index	raw	exact	696	708
sample	repeated	dict-index	raw	exact	697	375
sample	repeated	dict-index	raw	exact	698	542
sample	repeated	dict-index	raw	exact	699	417
sample	repeated	dict-index	raw	exact	700	708
sample	repeated	dict-index	raw	exact	701	417
sample	repeated	dict-index	raw	exact	702	625
sample	repeated	dict-index	raw	exact	703	541
sample	repeated	dict-index	raw	exact	704	708
sample	repeated	dict-index	raw	exact	705	375
sample	repeated	dict-index	raw	exact	706	542
sample	repeated	dict-index	raw	exact	707	417
sample	repeated	dict-index	raw	exact	708	708
sample	repeated	dict-index	raw	exact	709	6291
sample	repeated	dict-index	raw	exact	710	2458
sample	repeated	dict-index	raw	exact	711	1209
sample	repeated	dict-index	raw	exact	712	958
sample	repeated	dict-index	raw	exact	713	375
sample	repeated	dict-index	raw	exact	714	833
sample	repeated	dict-index	raw	exact	715	500
sample	repeated	dict-index	raw	exact	716	1083
sample	repeated	dict-index	raw	exact	717	417
sample	repeated	dict-index	raw	exact	718	875
sample	repeated	dict-index	raw	exact	719	583
sample	repeated	dict-index	raw	exact	720	750
sample	repeated	dict-index	raw	exact	721	417
sample	repeated	dict-index	raw	exact	722	542
sample	repeated	dict-index	raw	exact	723	416
sample	repeated	dict-index	raw	exact	724	833
sample	repeated	dict-index	raw	exact	725	416
sample	repeated	dict-index	raw	exact	726	625
sample	repeated	dict-index	raw	exact	727	583
sample	repeated	dict-index	raw	exact	728	625
sample	repeated	dict-index	raw	exact	729	375
sample	repeated	dict-index	raw	exact	730	583
sample	repeated	dict-index	raw	exact	731	375
sample	repeated	dict-index	raw	exact	732	792
sample	repeated	dict-index	raw	exact	733	417
sample	repeated	dict-index	raw	exact	734	750
sample	repeated	dict-index	raw	exact	735	583
sample	repeated	dict-index	raw	exact	736	750
sample	repeated	dict-index	raw	exact	737	375
sample	repeated	dict-index	raw	exact	738	583
sample	repeated	dict-index	raw	exact	739	416
sample	repeated	dict-index	raw	exact	740	1792
sample	repeated	dict-index	raw	exact	741	458
sample	repeated	dict-index	raw	exact	742	667
sample	repeated	dict-index	raw	exact	743	959
sample	repeated	dict-index	raw	exact	744	750
sample	repeated	dict-index	raw	exact	745	375
sample	repeated	dict-index	raw	exact	746	583
sample	repeated	dict-index	raw	exact	747	417
sample	repeated	dict-index	raw	exact	748	875
sample	repeated	dict-index	raw	exact	749	417
sample	repeated	dict-index	raw	exact	750	875
sample	repeated	dict-index	raw	exact	751	667
sample	repeated	dict-index	raw	exact	752	834
sample	repeated	dict-index	raw	exact	753	375
sample	repeated	dict-index	raw	exact	754	750
sample	repeated	dict-index	raw	exact	755	417
sample	repeated	dict-index	raw	exact	756	750
sample	repeated	dict-index	raw	exact	757	375
sample	repeated	dict-index	raw	exact	758	625
sample	repeated	dict-index	raw	exact	759	625
sample	repeated	dict-index	raw	exact	760	750
sample	repeated	dict-index	raw	exact	761	375
sample	repeated	dict-index	raw	exact	762	709
sample	repeated	dict-index	raw	exact	763	417
sample	repeated	dict-index	raw	exact	764	917
sample	repeated	dict-index	raw	exact	765	416
sample	repeated	dict-index	raw	exact	766	666
sample	repeated	dict-index	raw	exact	767	584
sample	repeated	dict-index	raw	exact	768	667
sample	repeated	dict-index	raw	exact	769	417
sample	repeated	dict-index	raw	exact	770	916
sample	repeated	dict-index	raw	exact	771	458
sample	repeated	dict-index	raw	exact	772	834
sample	repeated	dict-index	raw	exact	773	417
sample	repeated	dict-index	raw	exact	774	667
sample	repeated	dict-index	raw	exact	775	583
sample	repeated	dict-index	raw	exact	776	750
sample	repeated	dict-index	raw	exact	777	375
sample	repeated	dict-index	raw	exact	778	584
sample	repeated	dict-index	raw	exact	779	417
sample	repeated	dict-index	raw	exact	780	875
sample	repeated	dict-index	raw	exact	781	375
sample	repeated	dict-index	raw	exact	782	708
sample	repeated	dict-index	raw	exact	783	583
sample	repeated	dict-index	raw	exact	784	833
sample	repeated	dict-index	raw	exact	785	417
sample	repeated	dict-index	raw	exact	786	625
sample	repeated	dict-index	raw	exact	787	458
sample	repeated	dict-index	raw	exact	788	833
sample	repeated	dict-index	raw	exact	789	375
sample	repeated	dict-index	raw	exact	790	625
sample	repeated	dict-index	raw	exact	791	583
sample	repeated	dict-index	raw	exact	792	708
sample	repeated	dict-index	raw	exact	793	416
sample	repeated	dict-index	raw	exact	794	625
sample	repeated	dict-index	raw	exact	795	458
sample	repeated	dict-index	raw	exact	796	750
sample	repeated	dict-index	raw	exact	797	417
sample	repeated	dict-index	raw	exact	798	625
sample	repeated	dict-index	raw	exact	799	625
sample	repeated	dict-index	raw	exact	800	625
sample	repeated	dict-index	raw	exact	801	417
sample	repeated	dict-index	raw	exact	802	625
sample	repeated	dict-index	raw	exact	803	459
sample	repeated	dict-index	raw	exact	804	667
sample	repeated	dict-index	raw	exact	805	417
sample	repeated	dict-index	raw	exact	806	625
sample	repeated	dict-index	raw	exact	807	542
sample	repeated	dict-index	raw	exact	808	709
sample	repeated	dict-index	raw	exact	809	375
sample	repeated	dict-index	raw	exact	810	584
sample	repeated	dict-index	raw	exact	811	375
sample	repeated	dict-index	raw	exact	812	958
sample	repeated	dict-index	raw	exact	813	375
sample	repeated	dict-index	raw	exact	814	917
sample	repeated	dict-index	raw	exact	815	583
sample	repeated	dict-index	raw	exact	816	791
sample	repeated	dict-index	raw	exact	817	458
sample	repeated	dict-index	raw	exact	818	625
sample	repeated	dict-index	raw	exact	819	375
sample	repeated	dict-index	raw	exact	820	750
sample	repeated	dict-index	raw	exact	821	416
sample	repeated	dict-index	raw	exact	822	667
sample	repeated	dict-index	raw	exact	823	583
sample	repeated	dict-index	raw	exact	824	542
sample	repeated	dict-index	raw	exact	825	375
sample	repeated	dict-index	raw	exact	826	542
sample	repeated	dict-index	raw	exact	827	416
sample	repeated	dict-index	raw	exact	828	750
sample	repeated	dict-index	raw	exact	829	375
sample	repeated	dict-index	raw	exact	830	625
sample	repeated	dict-index	raw	exact	831	583
sample	repeated	dict-index	raw	exact	832	708
sample	repeated	dict-index	raw	exact	833	417
sample	repeated	dict-index	raw	exact	834	666
sample	repeated	dict-index	raw	exact	835	375
sample	repeated	dict-index	raw	exact	836	667
sample	repeated	dict-index	raw	exact	837	375
sample	repeated	dict-index	raw	exact	838	625
sample	repeated	dict-index	raw	exact	839	583
sample	repeated	dict-index	raw	exact	840	708
sample	repeated	dict-index	raw	exact	841	375
sample	repeated	dict-index	raw	exact	842	583
sample	repeated	dict-index	raw	exact	843	375
sample	repeated	dict-index	raw	exact	844	958
sample	repeated	dict-index	raw	exact	845	333
sample	repeated	dict-index	raw	exact	846	750
sample	repeated	dict-index	raw	exact	847	583
sample	repeated	dict-index	raw	exact	848	792
sample	repeated	dict-index	raw	exact	849	375
sample	repeated	dict-index	raw	exact	850	584
sample	repeated	dict-index	raw	exact	851	417
sample	repeated	dict-index	raw	exact	852	791
sample	repeated	dict-index	raw	exact	853	416
sample	repeated	dict-index	raw	exact	854	833
sample	repeated	dict-index	raw	exact	855	625
sample	repeated	dict-index	raw	exact	856	667
sample	repeated	dict-index	raw	exact	857	458
sample	repeated	dict-index	raw	exact	858	583
sample	repeated	dict-index	raw	exact	859	500
sample	repeated	dict-index	raw	exact	860	708
sample	repeated	dict-index	raw	exact	861	375
sample	repeated	dict-index	raw	exact	862	542
sample	repeated	dict-index	raw	exact	863	584
sample	repeated	dict-index	raw	exact	864	667
sample	repeated	dict-index	raw	exact	865	542
sample	repeated	dict-index	raw	exact	866	584
sample	repeated	dict-index	raw	exact	867	458
sample	repeated	dict-index	raw	exact	868	708
sample	repeated	dict-index	raw	exact	869	375
sample	repeated	dict-index	raw	exact	870	792
sample	repeated	dict-index	raw	exact	871	584
sample	repeated	dict-index	raw	exact	872	708
sample	repeated	dict-index	raw	exact	873	416
sample	repeated	dict-index	raw	exact	874	875
sample	repeated	dict-index	raw	exact	875	458
sample	repeated	dict-index	raw	exact	876	792
sample	repeated	dict-index	raw	exact	877	375
sample	repeated	dict-index	raw	exact	878	834
sample	repeated	dict-index	raw	exact	879	583
sample	repeated	dict-index	raw	exact	880	834
sample	repeated	dict-index	raw	exact	881	416
sample	repeated	dict-index	raw	exact	882	625
sample	repeated	dict-index	raw	exact	883	416
sample	repeated	dict-index	raw	exact	884	667
sample	repeated	dict-index	raw	exact	885	417
sample	repeated	dict-index	raw	exact	886	667
sample	repeated	dict-index	raw	exact	887	625
sample	repeated	dict-index	raw	exact	888	666
sample	repeated	dict-index	raw	exact	889	375
sample	repeated	dict-index	raw	exact	890	625
sample	repeated	dict-index	raw	exact	891	417
sample	repeated	dict-index	raw	exact	892	792
sample	repeated	dict-index	raw	exact	893	375
sample	repeated	dict-index	raw	exact	894	625
sample	repeated	dict-index	raw	exact	895	625
sample	repeated	dict-index	raw	exact	896	750
sample	repeated	dict-index	raw	exact	897	5916
sample	repeated	dict-index	raw	exact	898	3084
sample	repeated	dict-index	raw	exact	899	1583
sample	repeated	dict-index	raw	exact	900	1542
sample	repeated	dict-index	raw	exact	901	542
sample	repeated	dict-index	raw	exact	902	791
sample	repeated	dict-index	raw	exact	903	625
sample	repeated	dict-index	raw	exact	904	750
sample	repeated	dict-index	raw	exact	905	417
sample	repeated	dict-index	raw	exact	906	625
sample	repeated	dict-index	raw	exact	907	417
sample	repeated	dict-index	raw	exact	908	875
sample	repeated	dict-index	raw	exact	909	417
sample	repeated	dict-index	raw	exact	910	667
sample	repeated	dict-index	raw	exact	911	583
sample	repeated	dict-index	raw	exact	912	875
sample	repeated	dict-index	raw	exact	913	416
sample	repeated	dict-index	raw	exact	914	625
sample	repeated	dict-index	raw	exact	915	417
sample	repeated	dict-index	raw	exact	916	791
sample	repeated	dict-index	raw	exact	917	416
sample	repeated	dict-index	raw	exact	918	667
sample	repeated	dict-index	raw	exact	919	2333
sample	repeated	dict-index	raw	exact	920	750
sample	repeated	dict-index	raw	exact	921	375
sample	repeated	dict-index	raw	exact	922	542
sample	repeated	dict-index	raw	exact	923	417
sample	repeated	dict-index	raw	exact	924	833
sample	repeated	dict-index	raw	exact	925	375
sample	repeated	dict-index	raw	exact	926	833
sample	repeated	dict-index	raw	exact	927	583
sample	repeated	dict-index	raw	exact	928	667
sample	repeated	dict-index	raw	exact	929	334
sample	repeated	dict-index	raw	exact	930	583
sample	repeated	dict-index	raw	exact	931	375
sample	repeated	dict-index	raw	exact	932	750
sample	repeated	dict-index	raw	exact	933	375
sample	repeated	dict-index	raw	exact	934	541
sample	repeated	dict-index	raw	exact	935	583
sample	repeated	dict-index	raw	exact	936	709
sample	repeated	dict-index	raw	exact	937	458
sample	repeated	dict-index	raw	exact	938	583
sample	repeated	dict-index	raw	exact	939	375
sample	repeated	dict-index	raw	exact	940	792
sample	repeated	dict-index	raw	exact	941	417
sample	repeated	dict-index	raw	exact	942	792
sample	repeated	dict-index	raw	exact	943	583
sample	repeated	dict-index	raw	exact	944	958
sample	repeated	dict-index	raw	exact	945	416
sample	repeated	dict-index	raw	exact	946	542
sample	repeated	dict-index	raw	exact	947	417
sample	repeated	dict-index	raw	exact	948	750
sample	repeated	dict-index	raw	exact	949	375
sample	repeated	dict-index	raw	exact	950	584
sample	repeated	dict-index	raw	exact	951	583
sample	repeated	dict-index	raw	exact	952	667
sample	repeated	dict-index	raw	exact	953	375
sample	repeated	dict-index	raw	exact	954	584
sample	repeated	dict-index	raw	exact	955	416
sample	repeated	dict-index	raw	exact	956	1584
sample	repeated	dict-index	raw	exact	957	500
sample	repeated	dict-index	raw	exact	958	750
sample	repeated	dict-index	raw	exact	959	667
sample	repeated	dict-index	raw	exact	960	750
sample	repeated	dict-index	raw	exact	961	417
sample	repeated	dict-index	raw	exact	962	667
sample	repeated	dict-index	raw	exact	963	417
sample	repeated	dict-index	raw	exact	964	750
sample	repeated	dict-index	raw	exact	965	416
sample	repeated	dict-index	raw	exact	966	625
sample	repeated	dict-index	raw	exact	967	625
sample	repeated	dict-index	raw	exact	968	667
sample	repeated	dict-index	raw	exact	969	417
sample	repeated	dict-index	raw	exact	970	583
sample	repeated	dict-index	raw	exact	971	375
sample	repeated	dict-index	raw	exact	972	1167
sample	repeated	dict-index	raw	exact	973	416
sample	repeated	dict-index	raw	exact	974	584
sample	repeated	dict-index	raw	exact	975	625
sample	repeated	dict-index	raw	exact	976	709
sample	repeated	dict-index	raw	exact	977	416
sample	repeated	dict-index	raw	exact	978	625
sample	repeated	dict-index	raw	exact	979	417
sample	repeated	dict-index	raw	exact	980	625
sample	repeated	dict-index	raw	exact	981	375
sample	repeated	dict-index	raw	exact	982	667
sample	repeated	dict-index	raw	exact	983	625
sample	repeated	dict-index	raw	exact	984	667
sample	repeated	dict-index	raw	exact	985	416
sample	repeated	dict-index	raw	exact	986	625
sample	repeated	dict-index	raw	exact	987	459
sample	repeated	dict-index	raw	exact	988	667
sample	repeated	dict-index	raw	exact	989	375
sample	repeated	dict-index	raw	exact	990	584
sample	repeated	dict-index	raw	exact	991	584
sample	repeated	dict-index	raw	exact	992	791
sample	repeated	dict-index	raw	exact	993	375
sample	repeated	dict-index	raw	exact	994	583
sample	repeated	dict-index	raw	exact	995	417
sample	repeated	dict-index	raw	exact	996	708
sample	repeated	dict-index	raw	exact	997	416
sample	repeated	dict-index	raw	exact	998	542
sample	repeated	dict-index	raw	exact	999	625
sample	repeated	dict-index	raw	prefix	0	1542
sample	repeated	dict-index	raw	prefix	1	1208
sample	repeated	dict-index	raw	prefix	2	69250
sample	repeated	dict-index	raw	prefix	3	64708
sample	repeated	dict-index	raw	prefix	4	4375
sample	repeated	dict-index	raw	prefix	5	625
sample	repeated	dict-index	raw	prefix	6	67542
sample	repeated	dict-index	raw	prefix	7	65292
sample	repeated	dict-index	raw	prefix	8	1833
sample	repeated	dict-index	raw	prefix	9	2000
sample	repeated	dict-index	raw	prefix	10	65375
sample	repeated	dict-index	raw	prefix	11	65958
sample	repeated	dict-index	raw	prefix	12	1416
sample	repeated	dict-index	raw	prefix	13	500
sample	repeated	dict-index	raw	prefix	14	64458
sample	repeated	dict-index	raw	prefix	15	65292
sample	repeated	dict-index	raw	prefix	16	1541
sample	repeated	dict-index	raw	prefix	17	1792
sample	repeated	dict-index	raw	prefix	18	63875
sample	repeated	dict-index	raw	prefix	19	65834
sample	repeated	dict-index	raw	prefix	20	1375
sample	repeated	dict-index	raw	prefix	21	459
sample	repeated	dict-index	raw	prefix	22	64416
sample	repeated	dict-index	raw	prefix	23	73958
sample	repeated	dict-index	raw	prefix	24	11708
sample	repeated	dict-index	raw	prefix	25	3292
sample	repeated	dict-index	raw	prefix	26	67083
sample	repeated	dict-index	raw	prefix	27	63709
sample	repeated	dict-index	raw	prefix	28	1292
sample	repeated	dict-index	raw	prefix	29	417
sample	repeated	dict-index	raw	prefix	30	63250
sample	repeated	dict-index	raw	prefix	31	65417
sample	repeated	dict-index	raw	prefix	32	2000
sample	repeated	dict-index	raw	prefix	33	1250
sample	repeated	dict-index	raw	prefix	34	64583
sample	repeated	dict-index	raw	prefix	35	62708
sample	repeated	dict-index	raw	prefix	36	15500
sample	repeated	dict-index	raw	prefix	37	1459
sample	repeated	dict-index	raw	prefix	38	70250
sample	repeated	dict-index	raw	prefix	39	65125
sample	repeated	dict-index	raw	prefix	40	2417
sample	repeated	dict-index	raw	prefix	41	1333
sample	repeated	dict-index	raw	prefix	42	63333
sample	repeated	dict-index	raw	prefix	43	62459
sample	repeated	dict-index	raw	prefix	44	1500
sample	repeated	dict-index	raw	prefix	45	500
sample	repeated	dict-index	raw	prefix	46	62416
sample	repeated	dict-index	raw	prefix	47	64875
sample	repeated	dict-index	raw	prefix	48	4000
sample	repeated	dict-index	raw	prefix	49	1792
sample	repeated	dict-index	raw	prefix	50	67334
sample	repeated	dict-index	raw	prefix	51	65042
sample	repeated	dict-index	raw	prefix	52	6458
sample	repeated	dict-index	raw	prefix	53	583
sample	repeated	dict-index	raw	prefix	54	68083
sample	repeated	dict-index	raw	prefix	55	66834
sample	repeated	dict-index	raw	prefix	56	4375
sample	repeated	dict-index	raw	prefix	57	2042
sample	repeated	dict-index	raw	prefix	58	66083
sample	repeated	dict-index	raw	prefix	59	66292
sample	repeated	dict-index	raw	prefix	60	1250
sample	repeated	dict-index	raw	prefix	61	500
sample	repeated	dict-index	raw	prefix	62	64625
sample	repeated	dict-index	raw	prefix	63	72792
sample	repeated	dict-index	raw	prefix	64	1750
sample	repeated	dict-index	raw	prefix	65	1791
sample	repeated	dict-index	raw	prefix	66	63541
sample	repeated	dict-index	raw	prefix	67	204792
sample	repeated	dict-index	raw	prefix	68	9917
sample	repeated	dict-index	raw	prefix	69	1333
sample	repeated	dict-index	raw	prefix	70	67375
sample	repeated	dict-index	raw	prefix	71	65750
sample	repeated	dict-index	raw	prefix	72	2875
sample	repeated	dict-index	raw	prefix	73	1625
sample	repeated	dict-index	raw	prefix	74	73042
sample	repeated	dict-index	raw	prefix	75	63542
sample	repeated	dict-index	raw	prefix	76	4917
sample	repeated	dict-index	raw	prefix	77	542
sample	repeated	dict-index	raw	prefix	78	65375
sample	repeated	dict-index	raw	prefix	79	64417
sample	repeated	dict-index	raw	prefix	80	1750
sample	repeated	dict-index	raw	prefix	81	1625
sample	repeated	dict-index	raw	prefix	82	62750
sample	repeated	dict-index	raw	prefix	83	193042
sample	repeated	dict-index	raw	prefix	84	3667
sample	repeated	dict-index	raw	prefix	85	500
sample	repeated	dict-index	raw	prefix	86	66209
sample	repeated	dict-index	raw	prefix	87	65250
sample	repeated	dict-index	raw	prefix	88	1625
sample	repeated	dict-index	raw	prefix	89	1042
sample	repeated	dict-index	raw	prefix	90	61792
sample	repeated	dict-index	raw	prefix	91	62750
sample	repeated	dict-index	raw	prefix	92	1250
sample	repeated	dict-index	raw	prefix	93	500
sample	repeated	dict-index	raw	prefix	94	61708
sample	repeated	dict-index	raw	prefix	95	65042
sample	repeated	dict-index	raw	prefix	96	1541
sample	repeated	dict-index	raw	prefix	97	7042
sample	repeated	dict-index	raw	prefix	98	201917
sample	repeated	dict-index	raw	prefix	99	73209
sample	repeated	dict-index	raw	prefix	100	1667
sample	repeated	dict-index	raw	prefix	101	458
sample	repeated	dict-index	raw	prefix	102	63333
sample	repeated	dict-index	raw	prefix	103	132750
sample	repeated	dict-index	raw	prefix	104	4708
sample	repeated	dict-index	raw	prefix	105	1583
sample	repeated	dict-index	raw	prefix	106	66875
sample	repeated	dict-index	raw	prefix	107	65084
sample	repeated	dict-index	raw	prefix	108	1791
sample	repeated	dict-index	raw	prefix	109	500
sample	repeated	dict-index	raw	prefix	110	64084
sample	repeated	dict-index	raw	prefix	111	186083
sample	repeated	dict-index	raw	prefix	112	35583
sample	repeated	dict-index	raw	prefix	113	3208
sample	repeated	dict-index	raw	prefix	114	68125
sample	repeated	dict-index	raw	prefix	115	64875
sample	repeated	dict-index	raw	prefix	116	3000
sample	repeated	dict-index	raw	prefix	117	416
sample	repeated	dict-index	raw	prefix	118	63958
sample	repeated	dict-index	raw	prefix	119	65542
sample	repeated	dict-index	raw	prefix	120	1625
sample	repeated	dict-index	raw	prefix	121	1167
sample	repeated	dict-index	raw	prefix	122	63458
sample	repeated	dict-index	raw	prefix	123	66000
sample	repeated	dict-index	raw	prefix	124	5000
sample	repeated	dict-index	raw	prefix	125	500
sample	repeated	dict-index	raw	prefix	126	67750
sample	repeated	dict-index	raw	prefix	127	68541
sample	repeated	dict-index	raw	prefix	128	1917
sample	repeated	dict-index	raw	prefix	129	1708
sample	repeated	dict-index	raw	prefix	130	63333
sample	repeated	dict-index	raw	prefix	131	62958
sample	repeated	dict-index	raw	prefix	132	3500
sample	repeated	dict-index	raw	prefix	133	500
sample	repeated	dict-index	raw	prefix	134	65334
sample	repeated	dict-index	raw	prefix	135	211208
sample	repeated	dict-index	raw	prefix	136	2500
sample	repeated	dict-index	raw	prefix	137	1625
sample	repeated	dict-index	raw	prefix	138	65209
sample	repeated	dict-index	raw	prefix	139	193333
sample	repeated	dict-index	raw	prefix	140	5583
sample	repeated	dict-index	raw	prefix	141	542
sample	repeated	dict-index	raw	prefix	142	66750
sample	repeated	dict-index	raw	prefix	143	75083
sample	repeated	dict-index	raw	prefix	144	9209
sample	repeated	dict-index	raw	prefix	145	2250
sample	repeated	dict-index	raw	prefix	146	220584
sample	repeated	dict-index	raw	prefix	147	75166
sample	repeated	dict-index	raw	prefix	148	5083
sample	repeated	dict-index	raw	prefix	149	542
sample	repeated	dict-index	raw	prefix	150	70417
sample	repeated	dict-index	raw	prefix	151	201000
sample	repeated	dict-index	raw	prefix	152	23959
sample	repeated	dict-index	raw	prefix	153	5875
sample	repeated	dict-index	raw	prefix	154	74792
sample	repeated	dict-index	raw	prefix	155	69083
sample	repeated	dict-index	raw	prefix	156	5375
sample	repeated	dict-index	raw	prefix	157	458
sample	repeated	dict-index	raw	prefix	158	67709
sample	repeated	dict-index	raw	prefix	159	66750
sample	repeated	dict-index	raw	prefix	160	2833
sample	repeated	dict-index	raw	prefix	161	1541
sample	repeated	dict-index	raw	prefix	162	65125
sample	repeated	dict-index	raw	prefix	163	66000
sample	repeated	dict-index	raw	prefix	164	4958
sample	repeated	dict-index	raw	prefix	165	666
sample	repeated	dict-index	raw	prefix	166	66375
sample	repeated	dict-index	raw	prefix	167	65500
sample	repeated	dict-index	raw	prefix	168	2333
sample	repeated	dict-index	raw	prefix	169	2167
sample	repeated	dict-index	raw	prefix	170	62833
sample	repeated	dict-index	raw	prefix	171	62791
sample	repeated	dict-index	raw	prefix	172	1375
sample	repeated	dict-index	raw	prefix	173	500
sample	repeated	dict-index	raw	prefix	174	76459
sample	repeated	dict-index	raw	prefix	175	71792
sample	repeated	dict-index	raw	prefix	176	2584
sample	repeated	dict-index	raw	prefix	177	1625
sample	repeated	dict-index	raw	prefix	178	65667
sample	repeated	dict-index	raw	prefix	179	67292
sample	repeated	dict-index	raw	prefix	180	5000
sample	repeated	dict-index	raw	prefix	181	458
sample	repeated	dict-index	raw	prefix	182	165209
sample	repeated	dict-index	raw	prefix	183	63667
sample	repeated	dict-index	raw	prefix	184	11083
sample	repeated	dict-index	raw	prefix	185	7041
sample	repeated	dict-index	raw	prefix	186	180542
sample	repeated	dict-index	raw	prefix	187	97250
sample	repeated	dict-index	raw	prefix	188	2208
sample	repeated	dict-index	raw	prefix	189	500
sample	repeated	dict-index	raw	prefix	190	65042
sample	repeated	dict-index	raw	prefix	191	71875
sample	repeated	dict-index	raw	prefix	192	8292
sample	repeated	dict-index	raw	prefix	193	2625
sample	repeated	dict-index	raw	prefix	194	69792
sample	repeated	dict-index	raw	prefix	195	68875
sample	repeated	dict-index	raw	prefix	196	4459
sample	repeated	dict-index	raw	prefix	197	667
sample	repeated	dict-index	raw	prefix	198	152750
sample	repeated	dict-index	raw	prefix	199	70583
sample	repeated	dict-index	raw	prefix	200	1958
sample	repeated	dict-index	raw	prefix	201	1750
sample	repeated	dict-index	raw	prefix	202	62958
sample	repeated	dict-index	raw	prefix	203	64792
sample	repeated	dict-index	raw	prefix	204	1750
sample	repeated	dict-index	raw	prefix	205	500
sample	repeated	dict-index	raw	prefix	206	63042
sample	repeated	dict-index	raw	prefix	207	162166
sample	repeated	dict-index	raw	prefix	208	7042
sample	repeated	dict-index	raw	prefix	209	2042
sample	repeated	dict-index	raw	prefix	210	73208
sample	repeated	dict-index	raw	prefix	211	68041
sample	repeated	dict-index	raw	prefix	212	3583
sample	repeated	dict-index	raw	prefix	213	542
sample	repeated	dict-index	raw	prefix	214	65959
sample	repeated	dict-index	raw	prefix	215	102917
sample	repeated	dict-index	raw	prefix	216	1917
sample	repeated	dict-index	raw	prefix	217	1791
sample	repeated	dict-index	raw	prefix	218	63041
sample	repeated	dict-index	raw	prefix	219	63833
sample	repeated	dict-index	raw	prefix	220	1416
sample	repeated	dict-index	raw	prefix	221	459
sample	repeated	dict-index	raw	prefix	222	62625
sample	repeated	dict-index	raw	prefix	223	73791
sample	repeated	dict-index	raw	prefix	224	2166
sample	repeated	dict-index	raw	prefix	225	3291
sample	repeated	dict-index	raw	prefix	226	70042
sample	repeated	dict-index	raw	prefix	227	73750
sample	repeated	dict-index	raw	prefix	228	4584
sample	repeated	dict-index	raw	prefix	229	958
sample	repeated	dict-index	raw	prefix	230	65625
sample	repeated	dict-index	raw	prefix	231	69166
sample	repeated	dict-index	raw	prefix	232	2666
sample	repeated	dict-index	raw	prefix	233	1333
sample	repeated	dict-index	raw	prefix	234	64959
sample	repeated	dict-index	raw	prefix	235	67333
sample	repeated	dict-index	raw	prefix	236	3667
sample	repeated	dict-index	raw	prefix	237	583
sample	repeated	dict-index	raw	prefix	238	67792
sample	repeated	dict-index	raw	prefix	239	67000
sample	repeated	dict-index	raw	prefix	240	2750
sample	repeated	dict-index	raw	prefix	241	3500
sample	repeated	dict-index	raw	prefix	242	70292
sample	repeated	dict-index	raw	prefix	243	72167
sample	repeated	dict-index	raw	prefix	244	3750
sample	repeated	dict-index	raw	prefix	245	5208
sample	repeated	dict-index	raw	prefix	246	164042
sample	repeated	dict-index	raw	prefix	247	76708
sample	repeated	dict-index	raw	prefix	248	4000
sample	repeated	dict-index	raw	prefix	249	1708
sample	repeated	dict-index	raw	prefix	250	66083
sample	repeated	dict-index	raw	prefix	251	70000
sample	repeated	dict-index	raw	prefix	252	1708
sample	repeated	dict-index	raw	prefix	253	1500
sample	repeated	dict-index	raw	prefix	254	66875
sample	repeated	dict-index	raw	prefix	255	129459
sample	repeated	dict-index	raw	prefix	256	4500
sample	repeated	dict-index	raw	prefix	257	1625
sample	repeated	dict-index	raw	prefix	258	68792
sample	repeated	dict-index	raw	prefix	259	162167
sample	repeated	dict-index	raw	prefix	260	7292
sample	repeated	dict-index	raw	prefix	261	667
sample	repeated	dict-index	raw	prefix	262	101875
sample	repeated	dict-index	raw	prefix	263	179458
sample	repeated	dict-index	raw	prefix	264	10667
sample	repeated	dict-index	raw	prefix	265	3916
sample	repeated	dict-index	raw	prefix	266	66958
sample	repeated	dict-index	raw	prefix	267	74000
sample	repeated	dict-index	raw	prefix	268	5042
sample	repeated	dict-index	raw	prefix	269	583
sample	repeated	dict-index	raw	prefix	270	67417
sample	repeated	dict-index	raw	prefix	271	73458
sample	repeated	dict-index	raw	prefix	272	3917
sample	repeated	dict-index	raw	prefix	273	1667
sample	repeated	dict-index	raw	prefix	274	68042
sample	repeated	dict-index	raw	prefix	275	68833
sample	repeated	dict-index	raw	prefix	276	2625
sample	repeated	dict-index	raw	prefix	277	500
sample	repeated	dict-index	raw	prefix	278	65917
sample	repeated	dict-index	raw	prefix	279	185208
sample	repeated	dict-index	raw	prefix	280	10917
sample	repeated	dict-index	raw	prefix	281	2042
sample	repeated	dict-index	raw	prefix	282	69792
sample	repeated	dict-index	raw	prefix	283	70375
sample	repeated	dict-index	raw	prefix	284	2583
sample	repeated	dict-index	raw	prefix	285	542
sample	repeated	dict-index	raw	prefix	286	169333
sample	repeated	dict-index	raw	prefix	287	69500
sample	repeated	dict-index	raw	prefix	288	1875
sample	repeated	dict-index	raw	prefix	289	1500
sample	repeated	dict-index	raw	prefix	290	68083
sample	repeated	dict-index	raw	prefix	291	64958
sample	repeated	dict-index	raw	prefix	292	4167
sample	repeated	dict-index	raw	prefix	293	458
sample	repeated	dict-index	raw	prefix	294	64709
sample	repeated	dict-index	raw	prefix	295	66000
sample	repeated	dict-index	raw	prefix	296	1584
sample	repeated	dict-index	raw	prefix	297	2334
sample	repeated	dict-index	raw	prefix	298	64250
sample	repeated	dict-index	raw	prefix	299	76291
sample	repeated	dict-index	raw	prefix	300	2917
sample	repeated	dict-index	raw	prefix	301	584
sample	repeated	dict-index	raw	prefix	302	65584
sample	repeated	dict-index	raw	prefix	303	127666
sample	repeated	dict-index	raw	prefix	304	2417
sample	repeated	dict-index	raw	prefix	305	2083
sample	repeated	dict-index	raw	prefix	306	67625
sample	repeated	dict-index	raw	prefix	307	65750
sample	repeated	dict-index	raw	prefix	308	4250
sample	repeated	dict-index	raw	prefix	309	584
sample	repeated	dict-index	raw	prefix	310	67834
sample	repeated	dict-index	raw	prefix	311	69333
sample	repeated	dict-index	raw	prefix	312	5958
sample	repeated	dict-index	raw	prefix	313	7209
sample	repeated	dict-index	raw	prefix	314	75209
sample	repeated	dict-index	raw	prefix	315	64208
sample	repeated	dict-index	raw	prefix	316	16833
sample	repeated	dict-index	raw	prefix	317	1958
sample	repeated	dict-index	raw	prefix	318	68209
sample	repeated	dict-index	raw	prefix	319	70834
sample	repeated	dict-index	raw	prefix	320	2500
sample	repeated	dict-index	raw	prefix	321	1959
sample	repeated	dict-index	raw	prefix	322	64375
sample	repeated	dict-index	raw	prefix	323	73167
sample	repeated	dict-index	raw	prefix	324	1917
sample	repeated	dict-index	raw	prefix	325	541
sample	repeated	dict-index	raw	prefix	326	63958
sample	repeated	dict-index	raw	prefix	327	69875
sample	repeated	dict-index	raw	prefix	328	4833
sample	repeated	dict-index	raw	prefix	329	2542
sample	repeated	dict-index	raw	prefix	330	70083
sample	repeated	dict-index	raw	prefix	331	84541
sample	repeated	dict-index	raw	prefix	332	1750
sample	repeated	dict-index	raw	prefix	333	625
sample	repeated	dict-index	raw	prefix	334	63791
sample	repeated	dict-index	raw	prefix	335	66000
sample	repeated	dict-index	raw	prefix	336	1875
sample	repeated	dict-index	raw	prefix	337	1875
sample	repeated	dict-index	raw	prefix	338	63458
sample	repeated	dict-index	raw	prefix	339	193833
sample	repeated	dict-index	raw	prefix	340	6708
sample	repeated	dict-index	raw	prefix	341	625
sample	repeated	dict-index	raw	prefix	342	69708
sample	repeated	dict-index	raw	prefix	343	66459
sample	repeated	dict-index	raw	prefix	344	2000
sample	repeated	dict-index	raw	prefix	345	1541
sample	repeated	dict-index	raw	prefix	346	65542
sample	repeated	dict-index	raw	prefix	347	68875
sample	repeated	dict-index	raw	prefix	348	4292
sample	repeated	dict-index	raw	prefix	349	542
sample	repeated	dict-index	raw	prefix	350	66500
sample	repeated	dict-index	raw	prefix	351	71458
sample	repeated	dict-index	raw	prefix	352	1625
sample	repeated	dict-index	raw	prefix	353	1167
sample	repeated	dict-index	raw	prefix	354	63542
sample	repeated	dict-index	raw	prefix	355	67500
sample	repeated	dict-index	raw	prefix	356	2083
sample	repeated	dict-index	raw	prefix	357	542
sample	repeated	dict-index	raw	prefix	358	65500
sample	repeated	dict-index	raw	prefix	359	72459
sample	repeated	dict-index	raw	prefix	360	6250
sample	repeated	dict-index	raw	prefix	361	1625
sample	repeated	dict-index	raw	prefix	362	67959
sample	repeated	dict-index	raw	prefix	363	70083
sample	repeated	dict-index	raw	prefix	364	1584
sample	repeated	dict-index	raw	prefix	365	500
sample	repeated	dict-index	raw	prefix	366	65083
sample	repeated	dict-index	raw	prefix	367	66750
sample	repeated	dict-index	raw	prefix	368	2875
sample	repeated	dict-index	raw	prefix	369	1584
sample	repeated	dict-index	raw	prefix	370	65375
sample	repeated	dict-index	raw	prefix	371	66667
sample	repeated	dict-index	raw	prefix	372	17917
sample	repeated	dict-index	raw	prefix	373	2000
sample	repeated	dict-index	raw	prefix	374	68292
sample	repeated	dict-index	raw	prefix	375	65417
sample	repeated	dict-index	raw	prefix	376	3458
sample	repeated	dict-index	raw	prefix	377	1542
sample	repeated	dict-index	raw	prefix	378	64875
sample	repeated	dict-index	raw	prefix	379	77042
sample	repeated	dict-index	raw	prefix	380	4458
sample	repeated	dict-index	raw	prefix	381	542
sample	repeated	dict-index	raw	prefix	382	67583
sample	repeated	dict-index	raw	prefix	383	65583
sample	repeated	dict-index	raw	prefix	384	3209
sample	repeated	dict-index	raw	prefix	385	2375
sample	repeated	dict-index	raw	prefix	386	66542
sample	repeated	dict-index	raw	prefix	387	65667
sample	repeated	dict-index	raw	prefix	388	1625
sample	repeated	dict-index	raw	prefix	389	541
sample	repeated	dict-index	raw	prefix	390	65625
sample	repeated	dict-index	raw	prefix	391	67209
sample	repeated	dict-index	raw	prefix	392	5041
sample	repeated	dict-index	raw	prefix	393	1958
sample	repeated	dict-index	raw	prefix	394	66584
sample	repeated	dict-index	raw	prefix	395	70500
sample	repeated	dict-index	raw	prefix	396	1541
sample	repeated	dict-index	raw	prefix	397	542
sample	repeated	dict-index	raw	prefix	398	64792
sample	repeated	dict-index	raw	prefix	399	66125
sample	repeated	dict-index	raw	prefix	400	1625
sample	repeated	dict-index	raw	prefix	401	1458
sample	repeated	dict-index	raw	prefix	402	91375
sample	repeated	dict-index	raw	prefix	403	67542
sample	repeated	dict-index	raw	prefix	404	2875
sample	repeated	dict-index	raw	prefix	405	458
sample	repeated	dict-index	raw	prefix	406	68459
sample	repeated	dict-index	raw	prefix	407	66083
sample	repeated	dict-index	raw	prefix	408	1708
sample	repeated	dict-index	raw	prefix	409	1500
sample	repeated	dict-index	raw	prefix	410	64417
sample	repeated	dict-index	raw	prefix	411	65667
sample	repeated	dict-index	raw	prefix	412	4084
sample	repeated	dict-index	raw	prefix	413	417
sample	repeated	dict-index	raw	prefix	414	66625
sample	repeated	dict-index	raw	prefix	415	66375
sample	repeated	dict-index	raw	prefix	416	1542
sample	repeated	dict-index	raw	prefix	417	1709
sample	repeated	dict-index	raw	prefix	418	64125
sample	repeated	dict-index	raw	prefix	419	69334
sample	repeated	dict-index	raw	prefix	420	1875
sample	repeated	dict-index	raw	prefix	421	500
sample	repeated	dict-index	raw	prefix	422	65584
sample	repeated	dict-index	raw	prefix	423	67292
sample	repeated	dict-index	raw	prefix	424	1917
sample	repeated	dict-index	raw	prefix	425	1500
sample	repeated	dict-index	raw	prefix	426	64791
sample	repeated	dict-index	raw	prefix	427	64542
sample	repeated	dict-index	raw	prefix	428	13459
sample	repeated	dict-index	raw	prefix	429	3125
sample	repeated	dict-index	raw	prefix	430	68416
sample	repeated	dict-index	raw	prefix	431	66917
sample	repeated	dict-index	raw	prefix	432	2000
sample	repeated	dict-index	raw	prefix	433	1917
sample	repeated	dict-index	raw	prefix	434	64625
sample	repeated	dict-index	raw	prefix	435	190792
sample	repeated	dict-index	raw	prefix	436	4458
sample	repeated	dict-index	raw	prefix	437	583
sample	repeated	dict-index	raw	prefix	438	68833
sample	repeated	dict-index	raw	prefix	439	74375
sample	repeated	dict-index	raw	prefix	440	2209
sample	repeated	dict-index	raw	prefix	441	2459
sample	repeated	dict-index	raw	prefix	442	175875
sample	repeated	dict-index	raw	prefix	443	77041
sample	repeated	dict-index	raw	prefix	444	5666
sample	repeated	dict-index	raw	prefix	445	625
sample	repeated	dict-index	raw	prefix	446	70208
sample	repeated	dict-index	raw	prefix	447	66542
sample	repeated	dict-index	raw	prefix	448	3833
sample	repeated	dict-index	raw	prefix	449	1792
sample	repeated	dict-index	raw	prefix	450	65333
sample	repeated	dict-index	raw	prefix	451	71292
sample	repeated	dict-index	raw	prefix	452	1791
sample	repeated	dict-index	raw	prefix	453	541
sample	repeated	dict-index	raw	prefix	454	65417
sample	repeated	dict-index	raw	prefix	455	70083
sample	repeated	dict-index	raw	prefix	456	1750
sample	repeated	dict-index	raw	prefix	457	1708
sample	repeated	dict-index	raw	prefix	458	65375
sample	repeated	dict-index	raw	prefix	459	68584
sample	repeated	dict-index	raw	prefix	460	1375
sample	repeated	dict-index	raw	prefix	461	417
sample	repeated	dict-index	raw	prefix	462	63709
sample	repeated	dict-index	raw	prefix	463	67708
sample	repeated	dict-index	raw	prefix	464	2958
sample	repeated	dict-index	raw	prefix	465	3708
sample	repeated	dict-index	raw	prefix	466	66042
sample	repeated	dict-index	raw	prefix	467	63709
sample	repeated	dict-index	raw	prefix	468	1792
sample	repeated	dict-index	raw	prefix	469	541
sample	repeated	dict-index	raw	prefix	470	65750
sample	repeated	dict-index	raw	prefix	471	64667
sample	repeated	dict-index	raw	prefix	472	4791
sample	repeated	dict-index	raw	prefix	473	1750
sample	repeated	dict-index	raw	prefix	474	64042
sample	repeated	dict-index	raw	prefix	475	64500
sample	repeated	dict-index	raw	prefix	476	1375
sample	repeated	dict-index	raw	prefix	477	458
sample	repeated	dict-index	raw	prefix	478	62417
sample	repeated	dict-index	raw	prefix	479	64958
sample	repeated	dict-index	raw	prefix	480	1833
sample	repeated	dict-index	raw	prefix	481	1167
sample	repeated	dict-index	raw	prefix	482	63208
sample	repeated	dict-index	raw	prefix	483	65875
sample	repeated	dict-index	raw	prefix	484	5834
sample	repeated	dict-index	raw	prefix	485	542
sample	repeated	dict-index	raw	prefix	486	70083
sample	repeated	dict-index	raw	prefix	487	68625
sample	repeated	dict-index	raw	prefix	488	2209
sample	repeated	dict-index	raw	prefix	489	2000
sample	repeated	dict-index	raw	prefix	490	65333
sample	repeated	dict-index	raw	prefix	491	64666
sample	repeated	dict-index	raw	prefix	492	6667
sample	repeated	dict-index	raw	prefix	493	625
sample	repeated	dict-index	raw	prefix	494	68833
sample	repeated	dict-index	raw	prefix	495	66667
sample	repeated	dict-index	raw	prefix	496	1750
sample	repeated	dict-index	raw	prefix	497	1584
sample	repeated	dict-index	raw	prefix	498	65208
sample	repeated	dict-index	raw	prefix	499	64958
sample	repeated	dict-index	raw	prefix	500	1750
sample	repeated	dict-index	raw	prefix	501	417
sample	repeated	dict-index	raw	prefix	502	63792
sample	repeated	dict-index	raw	prefix	503	67917
sample	repeated	dict-index	raw	prefix	504	1625
sample	repeated	dict-index	raw	prefix	505	2334
sample	repeated	dict-index	raw	prefix	506	63542
sample	repeated	dict-index	raw	prefix	507	64084
sample	repeated	dict-index	raw	prefix	508	2041
sample	repeated	dict-index	raw	prefix	509	458
sample	repeated	dict-index	raw	prefix	510	63666
sample	repeated	dict-index	raw	prefix	511	75292
sample	repeated	dict-index	raw	prefix	512	1959
sample	repeated	dict-index	raw	prefix	513	1708
sample	repeated	dict-index	raw	prefix	514	65416
sample	repeated	dict-index	raw	prefix	515	208791
sample	repeated	dict-index	raw	prefix	516	4334
sample	repeated	dict-index	raw	prefix	517	625
sample	repeated	dict-index	raw	prefix	518	70083
sample	repeated	dict-index	raw	prefix	519	67583
sample	repeated	dict-index	raw	prefix	520	5250
sample	repeated	dict-index	raw	prefix	521	2000
sample	repeated	dict-index	raw	prefix	522	66209
sample	repeated	dict-index	raw	prefix	523	64708
sample	repeated	dict-index	raw	prefix	524	5166
sample	repeated	dict-index	raw	prefix	525	750
sample	repeated	dict-index	raw	prefix	526	68458
sample	repeated	dict-index	raw	prefix	527	65750
sample	repeated	dict-index	raw	prefix	528	1875
sample	repeated	dict-index	raw	prefix	529	1833
sample	repeated	dict-index	raw	prefix	530	64334
sample	repeated	dict-index	raw	prefix	531	64000
sample	repeated	dict-index	raw	prefix	532	1875
sample	repeated	dict-index	raw	prefix	533	500
sample	repeated	dict-index	raw	prefix	534	64666
sample	repeated	dict-index	raw	prefix	535	68916
sample	repeated	dict-index	raw	prefix	536	4542
sample	repeated	dict-index	raw	prefix	537	2292
sample	repeated	dict-index	raw	prefix	538	68458
sample	repeated	dict-index	raw	prefix	539	68209
sample	repeated	dict-index	raw	prefix	540	1542
sample	repeated	dict-index	raw	prefix	541	584
sample	repeated	dict-index	raw	prefix	542	64625
sample	repeated	dict-index	raw	prefix	543	67375
sample	repeated	dict-index	raw	prefix	544	2250
sample	repeated	dict-index	raw	prefix	545	1334
sample	repeated	dict-index	raw	prefix	546	64833
sample	repeated	dict-index	raw	prefix	547	65209
sample	repeated	dict-index	raw	prefix	548	5875
sample	repeated	dict-index	raw	prefix	549	583
sample	repeated	dict-index	raw	prefix	550	96000
sample	repeated	dict-index	raw	prefix	551	69334
sample	repeated	dict-index	raw	prefix	552	1917
sample	repeated	dict-index	raw	prefix	553	1792
sample	repeated	dict-index	raw	prefix	554	64041
sample	repeated	dict-index	raw	prefix	555	64833
sample	repeated	dict-index	raw	prefix	556	1500
sample	repeated	dict-index	raw	prefix	557	417
sample	repeated	dict-index	raw	prefix	558	63792
sample	repeated	dict-index	raw	prefix	559	72416
sample	repeated	dict-index	raw	prefix	560	2125
sample	repeated	dict-index	raw	prefix	561	1625
sample	repeated	dict-index	raw	prefix	562	63708
sample	repeated	dict-index	raw	prefix	563	63000
sample	repeated	dict-index	raw	prefix	564	3500
sample	repeated	dict-index	raw	prefix	565	958
sample	repeated	dict-index	raw	prefix	566	94458
sample	repeated	dict-index	raw	prefix	567	64625
sample	repeated	dict-index	raw	prefix	568	2792
sample	repeated	dict-index	raw	prefix	569	1875
sample	repeated	dict-index	raw	prefix	570	65834
sample	repeated	dict-index	raw	prefix	571	63208
sample	repeated	dict-index	raw	prefix	572	1458
sample	repeated	dict-index	raw	prefix	573	541
sample	repeated	dict-index	raw	prefix	574	62042
sample	repeated	dict-index	raw	prefix	575	62792
sample	repeated	dict-index	raw	prefix	576	5791
sample	repeated	dict-index	raw	prefix	577	2250
sample	repeated	dict-index	raw	prefix	578	79542
sample	repeated	dict-index	raw	prefix	579	69416
sample	repeated	dict-index	raw	prefix	580	1500
sample	repeated	dict-index	raw	prefix	581	500
sample	repeated	dict-index	raw	prefix	582	64792
sample	repeated	dict-index	raw	prefix	583	68292
sample	repeated	dict-index	raw	prefix	584	1792
sample	repeated	dict-index	raw	prefix	585	1833
sample	repeated	dict-index	raw	prefix	586	62791
sample	repeated	dict-index	raw	prefix	587	70292
sample	repeated	dict-index	raw	prefix	588	2375
sample	repeated	dict-index	raw	prefix	589	584
sample	repeated	dict-index	raw	prefix	590	65542
sample	repeated	dict-index	raw	prefix	591	69000
sample	repeated	dict-index	raw	prefix	592	3583
sample	repeated	dict-index	raw	prefix	593	1542
sample	repeated	dict-index	raw	prefix	594	64541
sample	repeated	dict-index	raw	prefix	595	65458
sample	repeated	dict-index	raw	prefix	596	1250
sample	repeated	dict-index	raw	prefix	597	417
sample	repeated	dict-index	raw	prefix	598	64042
sample	repeated	dict-index	raw	prefix	599	189417
sample	repeated	dict-index	raw	prefix	600	6083
sample	repeated	dict-index	raw	prefix	601	2333
sample	repeated	dict-index	raw	prefix	602	499833
sample	repeated	dict-index	raw	prefix	603	74542
sample	repeated	dict-index	raw	prefix	604	2292
sample	repeated	dict-index	raw	prefix	605	625
sample	repeated	dict-index	raw	prefix	606	64542
sample	repeated	dict-index	raw	prefix	607	68209
sample	repeated	dict-index	raw	prefix	608	2083
sample	repeated	dict-index	raw	prefix	609	1750
sample	repeated	dict-index	raw	prefix	610	63958
sample	repeated	dict-index	raw	prefix	611	64792
sample	repeated	dict-index	raw	prefix	612	1208
sample	repeated	dict-index	raw	prefix	613	458
sample	repeated	dict-index	raw	prefix	614	160209
sample	repeated	dict-index	raw	prefix	615	72416
sample	repeated	dict-index	raw	prefix	616	13417
sample	repeated	dict-index	raw	prefix	617	3958
sample	repeated	dict-index	raw	prefix	618	137125
sample	repeated	dict-index	raw	prefix	619	66208
sample	repeated	dict-index	raw	prefix	620	1792
sample	repeated	dict-index	raw	prefix	621	542
sample	repeated	dict-index	raw	prefix	622	64208
sample	repeated	dict-index	raw	prefix	623	70375
sample	repeated	dict-index	raw	prefix	624	2084
sample	repeated	dict-index	raw	prefix	625	2125
sample	repeated	dict-index	raw	prefix	626	64875
sample	repeated	dict-index	raw	prefix	627	64125
sample	repeated	dict-index	raw	prefix	628	4000
sample	repeated	dict-index	raw	prefix	629	583
sample	repeated	dict-index	raw	prefix	630	64000
sample	repeated	dict-index	raw	prefix	631	66709
sample	repeated	dict-index	raw	prefix	632	9792
sample	repeated	dict-index	raw	prefix	633	2042
sample	repeated	dict-index	raw	prefix	634	69625
sample	repeated	dict-index	raw	prefix	635	71083
sample	repeated	dict-index	raw	prefix	636	2166
sample	repeated	dict-index	raw	prefix	637	458
sample	repeated	dict-index	raw	prefix	638	64625
sample	repeated	dict-index	raw	prefix	639	210167
sample	repeated	dict-index	raw	prefix	640	3625
sample	repeated	dict-index	raw	prefix	641	2000
sample	repeated	dict-index	raw	prefix	642	65750
sample	repeated	dict-index	raw	prefix	643	63458
sample	repeated	dict-index	raw	prefix	644	1583
sample	repeated	dict-index	raw	prefix	645	541
sample	repeated	dict-index	raw	prefix	646	62958
sample	repeated	dict-index	raw	prefix	647	132833
sample	repeated	dict-index	raw	prefix	648	4708
sample	repeated	dict-index	raw	prefix	649	1750
sample	repeated	dict-index	raw	prefix	650	68083
sample	repeated	dict-index	raw	prefix	651	66083
sample	repeated	dict-index	raw	prefix	652	3917
sample	repeated	dict-index	raw	prefix	653	625
sample	repeated	dict-index	raw	prefix	654	66958
sample	repeated	dict-index	raw	prefix	655	66875
sample	repeated	dict-index	raw	prefix	656	2125
sample	repeated	dict-index	raw	prefix	657	1625
sample	repeated	dict-index	raw	prefix	658	64292
sample	repeated	dict-index	raw	prefix	659	64166
sample	repeated	dict-index	raw	prefix	660	1333
sample	repeated	dict-index	raw	prefix	661	458
sample	repeated	dict-index	raw	prefix	662	63708
sample	repeated	dict-index	raw	prefix	663	69875
sample	repeated	dict-index	raw	prefix	664	2208
sample	repeated	dict-index	raw	prefix	665	1792
sample	repeated	dict-index	raw	prefix	666	65334
sample	repeated	dict-index	raw	prefix	667	66083
sample	repeated	dict-index	raw	prefix	668	2708
sample	repeated	dict-index	raw	prefix	669	417
sample	repeated	dict-index	raw	prefix	670	65250
sample	repeated	dict-index	raw	prefix	671	70000
sample	repeated	dict-index	raw	prefix	672	2291
sample	repeated	dict-index	raw	prefix	673	1625
sample	repeated	dict-index	raw	prefix	674	63541
sample	repeated	dict-index	raw	prefix	675	65167
sample	repeated	dict-index	raw	prefix	676	1500
sample	repeated	dict-index	raw	prefix	677	583
sample	repeated	dict-index	raw	prefix	678	64333
sample	repeated	dict-index	raw	prefix	679	65167
sample	repeated	dict-index	raw	prefix	680	1500
sample	repeated	dict-index	raw	prefix	681	1250
sample	repeated	dict-index	raw	prefix	682	61791
sample	repeated	dict-index	raw	prefix	683	63417
sample	repeated	dict-index	raw	prefix	684	1583
sample	repeated	dict-index	raw	prefix	685	500
sample	repeated	dict-index	raw	prefix	686	62166
sample	repeated	dict-index	raw	prefix	687	78791
sample	repeated	dict-index	raw	prefix	688	4625
sample	repeated	dict-index	raw	prefix	689	2083
sample	repeated	dict-index	raw	prefix	690	75958
sample	repeated	dict-index	raw	prefix	691	64500
sample	repeated	dict-index	raw	prefix	692	1417
sample	repeated	dict-index	raw	prefix	693	542
sample	repeated	dict-index	raw	prefix	694	63125
sample	repeated	dict-index	raw	prefix	695	66625
sample	repeated	dict-index	raw	prefix	696	2958
sample	repeated	dict-index	raw	prefix	697	1792
sample	repeated	dict-index	raw	prefix	698	64041
sample	repeated	dict-index	raw	prefix	699	73584
sample	repeated	dict-index	raw	prefix	700	11417
sample	repeated	dict-index	raw	prefix	701	1459
sample	repeated	dict-index	raw	prefix	702	180833
sample	repeated	dict-index	raw	prefix	703	216750
sample	repeated	dict-index	raw	prefix	704	8209
sample	repeated	dict-index	raw	prefix	705	2084
sample	repeated	dict-index	raw	prefix	706	69750
sample	repeated	dict-index	raw	prefix	707	64792
sample	repeated	dict-index	raw	prefix	708	1459
sample	repeated	dict-index	raw	prefix	709	541
sample	repeated	dict-index	raw	prefix	710	62709
sample	repeated	dict-index	raw	prefix	711	67000
sample	repeated	dict-index	raw	prefix	712	2125
sample	repeated	dict-index	raw	prefix	713	1416
sample	repeated	dict-index	raw	prefix	714	64125
sample	repeated	dict-index	raw	prefix	715	108291
sample	repeated	dict-index	raw	prefix	716	2708
sample	repeated	dict-index	raw	prefix	717	583
sample	repeated	dict-index	raw	prefix	718	188334
sample	repeated	dict-index	raw	prefix	719	68833
sample	repeated	dict-index	raw	prefix	720	2208
sample	repeated	dict-index	raw	prefix	721	1583
sample	repeated	dict-index	raw	prefix	722	65875
sample	repeated	dict-index	raw	prefix	723	73833
sample	repeated	dict-index	raw	prefix	724	1792
sample	repeated	dict-index	raw	prefix	725	500
sample	repeated	dict-index	raw	prefix	726	72291
sample	repeated	dict-index	raw	prefix	727	67125
sample	repeated	dict-index	raw	prefix	728	2041
sample	repeated	dict-index	raw	prefix	729	1709
sample	repeated	dict-index	raw	prefix	730	65041
sample	repeated	dict-index	raw	prefix	731	66000
sample	repeated	dict-index	raw	prefix	732	1417
sample	repeated	dict-index	raw	prefix	733	417
sample	repeated	dict-index	raw	prefix	734	63625
sample	repeated	dict-index	raw	prefix	735	67541
sample	repeated	dict-index	raw	prefix	736	5500
sample	repeated	dict-index	raw	prefix	737	2250
sample	repeated	dict-index	raw	prefix	738	69417
sample	repeated	dict-index	raw	prefix	739	70916
sample	repeated	dict-index	raw	prefix	740	1584
sample	repeated	dict-index	raw	prefix	741	541
sample	repeated	dict-index	raw	prefix	742	64583
sample	repeated	dict-index	raw	prefix	743	71334
sample	repeated	dict-index	raw	prefix	744	8125
sample	repeated	dict-index	raw	prefix	745	1875
sample	repeated	dict-index	raw	prefix	746	70542
sample	repeated	dict-index	raw	prefix	747	72250
sample	repeated	dict-index	raw	prefix	748	2250
sample	repeated	dict-index	raw	prefix	749	500
sample	repeated	dict-index	raw	prefix	750	65417
sample	repeated	dict-index	raw	prefix	751	68083
sample	repeated	dict-index	raw	prefix	752	4875
sample	repeated	dict-index	raw	prefix	753	1917
sample	repeated	dict-index	raw	prefix	754	68542
sample	repeated	dict-index	raw	prefix	755	67916
sample	repeated	dict-index	raw	prefix	756	3459
sample	repeated	dict-index	raw	prefix	757	541
sample	repeated	dict-index	raw	prefix	758	67917
sample	repeated	dict-index	raw	prefix	759	72333
sample	repeated	dict-index	raw	prefix	760	2625
sample	repeated	dict-index	raw	prefix	761	6709
sample	repeated	dict-index	raw	prefix	762	194958
sample	repeated	dict-index	raw	prefix	763	143459
sample	repeated	dict-index	raw	prefix	764	4041
sample	repeated	dict-index	raw	prefix	765	542
sample	repeated	dict-index	raw	prefix	766	245625
sample	repeated	dict-index	raw	prefix	767	75541
sample	repeated	dict-index	raw	prefix	768	2167
sample	repeated	dict-index	raw	prefix	769	2250
sample	repeated	dict-index	raw	prefix	770	64375
sample	repeated	dict-index	raw	prefix	771	69083
sample	repeated	dict-index	raw	prefix	772	5375
sample	repeated	dict-index	raw	prefix	773	667
sample	repeated	dict-index	raw	prefix	774	68500
sample	repeated	dict-index	raw	prefix	775	68333
sample	repeated	dict-index	raw	prefix	776	4917
sample	repeated	dict-index	raw	prefix	777	2750
sample	repeated	dict-index	raw	prefix	778	67708
sample	repeated	dict-index	raw	prefix	779	69958
sample	repeated	dict-index	raw	prefix	780	2750
sample	repeated	dict-index	raw	prefix	781	500
sample	repeated	dict-index	raw	prefix	782	64709
sample	repeated	dict-index	raw	prefix	783	64875
sample	repeated	dict-index	raw	prefix	784	1791
sample	repeated	dict-index	raw	prefix	785	1666
sample	repeated	dict-index	raw	prefix	786	72833
sample	repeated	dict-index	raw	prefix	787	181875
sample	repeated	dict-index	raw	prefix	788	3416
sample	repeated	dict-index	raw	prefix	789	459
sample	repeated	dict-index	raw	prefix	790	68125
sample	repeated	dict-index	raw	prefix	791	64709
sample	repeated	dict-index	raw	prefix	792	2250
sample	repeated	dict-index	raw	prefix	793	2208
sample	repeated	dict-index	raw	prefix	794	63167
sample	repeated	dict-index	raw	prefix	795	66209
sample	repeated	dict-index	raw	prefix	796	2417
sample	repeated	dict-index	raw	prefix	797	500
sample	repeated	dict-index	raw	prefix	798	63959
sample	repeated	dict-index	raw	prefix	799	63959
sample	repeated	dict-index	raw	prefix	800	2000
sample	repeated	dict-index	raw	prefix	801	1625
sample	repeated	dict-index	raw	prefix	802	62750
sample	repeated	dict-index	raw	prefix	803	73875
sample	repeated	dict-index	raw	prefix	804	2333
sample	repeated	dict-index	raw	prefix	805	500
sample	repeated	dict-index	raw	prefix	806	64500
sample	repeated	dict-index	raw	prefix	807	65042
sample	repeated	dict-index	raw	prefix	808	1791
sample	repeated	dict-index	raw	prefix	809	1458
sample	repeated	dict-index	raw	prefix	810	62584
sample	repeated	dict-index	raw	prefix	811	64083
sample	repeated	dict-index	raw	prefix	812	1958
sample	repeated	dict-index	raw	prefix	813	458
sample	repeated	dict-index	raw	prefix	814	63166
sample	repeated	dict-index	raw	prefix	815	65000
sample	repeated	dict-index	raw	prefix	816	1666
sample	repeated	dict-index	raw	prefix	817	1709
sample	repeated	dict-index	raw	prefix	818	62792
sample	repeated	dict-index	raw	prefix	819	65375
sample	repeated	dict-index	raw	prefix	820	1542
sample	repeated	dict-index	raw	prefix	821	458
sample	repeated	dict-index	raw	prefix	822	63625
sample	repeated	dict-index	raw	prefix	823	64958
sample	repeated	dict-index	raw	prefix	824	1709
sample	repeated	dict-index	raw	prefix	825	1458
sample	repeated	dict-index	raw	prefix	826	62416
sample	repeated	dict-index	raw	prefix	827	63333
sample	repeated	dict-index	raw	prefix	828	2000
sample	repeated	dict-index	raw	prefix	829	416
sample	repeated	dict-index	raw	prefix	830	62208
sample	repeated	dict-index	raw	prefix	831	140541
sample	repeated	dict-index	raw	prefix	832	3041
sample	repeated	dict-index	raw	prefix	833	1417
sample	repeated	dict-index	raw	prefix	834	67667
sample	repeated	dict-index	raw	prefix	835	64625
sample	repeated	dict-index	raw	prefix	836	1625
sample	repeated	dict-index	raw	prefix	837	625
sample	repeated	dict-index	raw	prefix	838	66458
sample	repeated	dict-index	raw	prefix	839	69375
sample	repeated	dict-index	raw	prefix	840	6125
sample	repeated	dict-index	raw	prefix	841	1583
sample	repeated	dict-index	raw	prefix	842	67209
sample	repeated	dict-index	raw	prefix	843	69042
sample	repeated	dict-index	raw	prefix	844	3875
sample	repeated	dict-index	raw	prefix	845	625
sample	repeated	dict-index	raw	prefix	846	67167
sample	repeated	dict-index	raw	prefix	847	65958
sample	repeated	dict-index	raw	prefix	848	1583
sample	repeated	dict-index	raw	prefix	849	1708
sample	repeated	dict-index	raw	prefix	850	63333
sample	repeated	dict-index	raw	prefix	851	64334
sample	repeated	dict-index	raw	prefix	852	5917
sample	repeated	dict-index	raw	prefix	853	500
sample	repeated	dict-index	raw	prefix	854	64583
sample	repeated	dict-index	raw	prefix	855	188167
sample	repeated	dict-index	raw	prefix	856	5250
sample	repeated	dict-index	raw	prefix	857	1834
sample	repeated	dict-index	raw	prefix	858	159500
sample	repeated	dict-index	raw	prefix	859	68625
sample	repeated	dict-index	raw	prefix	860	1333
sample	repeated	dict-index	raw	prefix	861	416
sample	repeated	dict-index	raw	prefix	862	63125
sample	repeated	dict-index	raw	prefix	863	65792
sample	repeated	dict-index	raw	prefix	864	13250
sample	repeated	dict-index	raw	prefix	865	6000
sample	repeated	dict-index	raw	prefix	866	193500
sample	repeated	dict-index	raw	prefix	867	72084
sample	repeated	dict-index	raw	prefix	868	1458
sample	repeated	dict-index	raw	prefix	869	500
sample	repeated	dict-index	raw	prefix	870	63583
sample	repeated	dict-index	raw	prefix	871	70333
sample	repeated	dict-index	raw	prefix	872	10667
sample	repeated	dict-index	raw	prefix	873	3833
sample	repeated	dict-index	raw	prefix	874	69125
sample	repeated	dict-index	raw	prefix	875	63666
sample	repeated	dict-index	raw	prefix	876	1542
sample	repeated	dict-index	raw	prefix	877	458
sample	repeated	dict-index	raw	prefix	878	62791
sample	repeated	dict-index	raw	prefix	879	63833
sample	repeated	dict-index	raw	prefix	880	3541
sample	repeated	dict-index	raw	prefix	881	1542
sample	repeated	dict-index	raw	prefix	882	64791
sample	repeated	dict-index	raw	prefix	883	64917
sample	repeated	dict-index	raw	prefix	884	5459
sample	repeated	dict-index	raw	prefix	885	583
sample	repeated	dict-index	raw	prefix	886	66417
sample	repeated	dict-index	raw	prefix	887	68709
sample	repeated	dict-index	raw	prefix	888	2541
sample	repeated	dict-index	raw	prefix	889	1584
sample	repeated	dict-index	raw	prefix	890	63458
sample	repeated	dict-index	raw	prefix	891	176500
sample	repeated	dict-index	raw	prefix	892	19541
sample	repeated	dict-index	raw	prefix	893	1542
sample	repeated	dict-index	raw	prefix	894	67333
sample	repeated	dict-index	raw	prefix	895	66458
sample	repeated	dict-index	raw	prefix	896	2250
sample	repeated	dict-index	raw	prefix	897	2000
sample	repeated	dict-index	raw	prefix	898	64417
sample	repeated	dict-index	raw	prefix	899	70666
sample	repeated	dict-index	raw	prefix	900	11125
sample	repeated	dict-index	raw	prefix	901	1125
sample	repeated	dict-index	raw	prefix	902	194917
sample	repeated	dict-index	raw	prefix	903	79458
sample	repeated	dict-index	raw	prefix	904	2083
sample	repeated	dict-index	raw	prefix	905	1834
sample	repeated	dict-index	raw	prefix	906	67542
sample	repeated	dict-index	raw	prefix	907	65333
sample	repeated	dict-index	raw	prefix	908	1458
sample	repeated	dict-index	raw	prefix	909	500
sample	repeated	dict-index	raw	prefix	910	66208
sample	repeated	dict-index	raw	prefix	911	76209
sample	repeated	dict-index	raw	prefix	912	2000
sample	repeated	dict-index	raw	prefix	913	2083
sample	repeated	dict-index	raw	prefix	914	69959
sample	repeated	dict-index	raw	prefix	915	69667
sample	repeated	dict-index	raw	prefix	916	4583
sample	repeated	dict-index	raw	prefix	917	542
sample	repeated	dict-index	raw	prefix	918	67791
sample	repeated	dict-index	raw	prefix	919	66584
sample	repeated	dict-index	raw	prefix	920	4167
sample	repeated	dict-index	raw	prefix	921	1542
sample	repeated	dict-index	raw	prefix	922	65292
sample	repeated	dict-index	raw	prefix	923	65250
sample	repeated	dict-index	raw	prefix	924	1458
sample	repeated	dict-index	raw	prefix	925	6041
sample	repeated	dict-index	raw	prefix	926	63500
sample	repeated	dict-index	raw	prefix	927	196167
sample	repeated	dict-index	raw	prefix	928	7583
sample	repeated	dict-index	raw	prefix	929	2417
sample	repeated	dict-index	raw	prefix	930	73084
sample	repeated	dict-index	raw	prefix	931	110375
sample	repeated	dict-index	raw	prefix	932	5500
sample	repeated	dict-index	raw	prefix	933	666
sample	repeated	dict-index	raw	prefix	934	70125
sample	repeated	dict-index	raw	prefix	935	66875
sample	repeated	dict-index	raw	prefix	936	3542
sample	repeated	dict-index	raw	prefix	937	2292
sample	repeated	dict-index	raw	prefix	938	67708
sample	repeated	dict-index	raw	prefix	939	65084
sample	repeated	dict-index	raw	prefix	940	4792
sample	repeated	dict-index	raw	prefix	941	541
sample	repeated	dict-index	raw	prefix	942	66584
sample	repeated	dict-index	raw	prefix	943	71291
sample	repeated	dict-index	raw	prefix	944	2458
sample	repeated	dict-index	raw	prefix	945	1791
sample	repeated	dict-index	raw	prefix	946	64292
sample	repeated	dict-index	raw	prefix	947	70292
sample	repeated	dict-index	raw	prefix	948	3667
sample	repeated	dict-index	raw	prefix	949	542
sample	repeated	dict-index	raw	prefix	950	68333
sample	repeated	dict-index	raw	prefix	951	186000
sample	repeated	dict-index	raw	prefix	952	5458
sample	repeated	dict-index	raw	prefix	953	1541
sample	repeated	dict-index	raw	prefix	954	70708
sample	repeated	dict-index	raw	prefix	955	70792
sample	repeated	dict-index	raw	prefix	956	1833
sample	repeated	dict-index	raw	prefix	957	500
sample	repeated	dict-index	raw	prefix	958	63292
sample	repeated	dict-index	raw	prefix	959	76917
sample	repeated	dict-index	raw	prefix	960	5917
sample	repeated	dict-index	raw	prefix	961	2250
sample	repeated	dict-index	raw	prefix	962	69375
sample	repeated	dict-index	raw	prefix	963	69208
sample	repeated	dict-index	raw	prefix	964	1917
sample	repeated	dict-index	raw	prefix	965	542
sample	repeated	dict-index	raw	prefix	966	68458
sample	repeated	dict-index	raw	prefix	967	65834
sample	repeated	dict-index	raw	prefix	968	2208
sample	repeated	dict-index	raw	prefix	969	1917
sample	repeated	dict-index	raw	prefix	970	99375
sample	repeated	dict-index	raw	prefix	971	71625
sample	repeated	dict-index	raw	prefix	972	1542
sample	repeated	dict-index	raw	prefix	973	625
sample	repeated	dict-index	raw	prefix	974	63708
sample	repeated	dict-index	raw	prefix	975	65750
sample	repeated	dict-index	raw	prefix	976	2291
sample	repeated	dict-index	raw	prefix	977	1917
sample	repeated	dict-index	raw	prefix	978	65667
sample	repeated	dict-index	raw	prefix	979	72166
sample	repeated	dict-index	raw	prefix	980	1416
sample	repeated	dict-index	raw	prefix	981	500
sample	repeated	dict-index	raw	prefix	982	64875
sample	repeated	dict-index	raw	prefix	983	68750
sample	repeated	dict-index	raw	prefix	984	2667
sample	repeated	dict-index	raw	prefix	985	2166
sample	repeated	dict-index	raw	prefix	986	65292
sample	repeated	dict-index	raw	prefix	987	67083
sample	repeated	dict-index	raw	prefix	988	1375
sample	repeated	dict-index	raw	prefix	989	458
sample	repeated	dict-index	raw	prefix	990	65000
sample	repeated	dict-index	raw	prefix	991	65917
sample	repeated	dict-index	raw	prefix	992	1875
sample	repeated	dict-index	raw	prefix	993	1375
sample	repeated	dict-index	raw	prefix	994	65500
sample	repeated	dict-index	raw	prefix	995	72375
sample	repeated	dict-index	raw	prefix	996	1542
sample	repeated	dict-index	raw	prefix	997	584
sample	repeated	dict-index	raw	prefix	998	65375
sample	repeated	dict-index	raw	prefix	999	66625
sample	repeated	dict-index	raw	render	0	3917
sample	repeated	dict-index	raw	render	1	1334
sample	repeated	dict-index	raw	render	2	1375
sample	repeated	dict-index	raw	render	3	958
sample	repeated	dict-index	raw	render	4	1000
sample	repeated	dict-index	raw	render	5	792
sample	repeated	dict-index	raw	render	6	917
sample	repeated	dict-index	raw	render	7	708
sample	repeated	dict-index	raw	render	8	1083
sample	repeated	dict-index	raw	render	9	917
sample	repeated	dict-index	raw	render	10	1000
sample	repeated	dict-index	raw	render	11	1000
sample	repeated	dict-index	raw	render	12	875
sample	repeated	dict-index	raw	render	13	959
sample	repeated	dict-index	raw	render	14	916
sample	repeated	dict-index	raw	render	15	750
sample	repeated	dict-index	raw	render	16	417
sample	repeated	dict-index	raw	render	17	1042
sample	repeated	dict-index	raw	render	18	250
sample	repeated	dict-index	raw	render	19	875
sample	repeated	dict-index	raw	render	20	209
sample	repeated	dict-index	raw	render	21	959
sample	repeated	dict-index	raw	render	22	333
sample	repeated	dict-index	raw	render	23	958
sample	repeated	dict-index	raw	render	24	3417
sample	repeated	dict-index	raw	render	25	917
sample	repeated	dict-index	raw	render	26	291
sample	repeated	dict-index	raw	render	27	708
sample	repeated	dict-index	raw	render	28	500
sample	repeated	dict-index	raw	render	29	875
sample	repeated	dict-index	raw	render	30	917
sample	repeated	dict-index	raw	render	31	6459
sample	repeated	dict-index	raw	render	32	1250
sample	repeated	dict-index	raw	render	33	2416
sample	repeated	dict-index	raw	render	34	3250
sample	repeated	dict-index	raw	render	35	1625
sample	repeated	dict-index	raw	render	36	2000
sample	repeated	dict-index	raw	render	37	2916
sample	repeated	dict-index	raw	render	38	1125
sample	repeated	dict-index	raw	render	39	1334
sample	repeated	dict-index	raw	render	40	1750
sample	repeated	dict-index	raw	render	41	1167
sample	repeated	dict-index	raw	render	42	667
sample	repeated	dict-index	raw	render	43	792
sample	repeated	dict-index	raw	render	44	333
sample	repeated	dict-index	raw	render	45	500
sample	repeated	dict-index	raw	render	46	583
sample	repeated	dict-index	raw	render	47	458
sample	repeated	dict-index	raw	render	48	4000
sample	repeated	dict-index	raw	render	49	1208
sample	repeated	dict-index	raw	render	50	2542
sample	repeated	dict-index	raw	render	51	2709
sample	repeated	dict-index	raw	render	52	1833
sample	repeated	dict-index	raw	render	53	1333
sample	repeated	dict-index	raw	render	54	1208
sample	repeated	dict-index	raw	render	55	1125
sample	repeated	dict-index	raw	render	56	1375
sample	repeated	dict-index	raw	render	57	750
sample	repeated	dict-index	raw	render	58	750
sample	repeated	dict-index	raw	render	59	375
sample	repeated	dict-index	raw	render	60	625
sample	repeated	dict-index	raw	render	61	792
sample	repeated	dict-index	raw	render	62	583
sample	repeated	dict-index	raw	render	63	833
sample	repeated	dict-index	raw	render	64	541
sample	repeated	dict-index	raw	render	65	750
sample	repeated	dict-index	raw	render	66	542
sample	repeated	dict-index	raw	render	67	875
sample	repeated	dict-index	raw	render	68	708
sample	repeated	dict-index	raw	render	69	917
sample	repeated	dict-index	raw	render	70	666
sample	repeated	dict-index	raw	render	71	625
sample	repeated	dict-index	raw	render	72	542
sample	repeated	dict-index	raw	render	73	459
sample	repeated	dict-index	raw	render	74	208
sample	repeated	dict-index	raw	render	75	959
sample	repeated	dict-index	raw	render	76	417
sample	repeated	dict-index	raw	render	77	625
sample	repeated	dict-index	raw	render	78	292
sample	repeated	dict-index	raw	render	79	708
sample	repeated	dict-index	raw	render	80	250
sample	repeated	dict-index	raw	render	81	792
sample	repeated	dict-index	raw	render	82	500
sample	repeated	dict-index	raw	render	83	708
sample	repeated	dict-index	raw	render	84	375
sample	repeated	dict-index	raw	render	85	458
sample	repeated	dict-index	raw	render	86	417
sample	repeated	dict-index	raw	render	87	667
sample	repeated	dict-index	raw	render	88	208
sample	repeated	dict-index	raw	render	89	625
sample	repeated	dict-index	raw	render	90	209
sample	repeated	dict-index	raw	render	91	459
sample	repeated	dict-index	raw	render	92	416
sample	repeated	dict-index	raw	render	93	583
sample	repeated	dict-index	raw	render	94	584
sample	repeated	dict-index	raw	render	95	625
sample	repeated	dict-index	raw	render	96	208
sample	repeated	dict-index	raw	render	97	625
sample	repeated	dict-index	raw	render	98	167
sample	repeated	dict-index	raw	render	99	583
sample	repeated	dict-index	raw	render	100	208
sample	repeated	dict-index	raw	render	101	500
sample	repeated	dict-index	raw	render	102	208
sample	repeated	dict-index	raw	render	103	417
sample	repeated	dict-index	raw	render	104	375
sample	repeated	dict-index	raw	render	105	291
sample	repeated	dict-index	raw	render	106	417
sample	repeated	dict-index	raw	render	107	417
sample	repeated	dict-index	raw	render	108	209
sample	repeated	dict-index	raw	render	109	583
sample	repeated	dict-index	raw	render	110	250
sample	repeated	dict-index	raw	render	111	500
sample	repeated	dict-index	raw	render	112	250
sample	repeated	dict-index	raw	render	113	459
sample	repeated	dict-index	raw	render	114	208
sample	repeated	dict-index	raw	render	115	500
sample	repeated	dict-index	raw	render	116	292
sample	repeated	dict-index	raw	render	117	583
sample	repeated	dict-index	raw	render	118	292
sample	repeated	dict-index	raw	render	119	916
sample	repeated	dict-index	raw	render	120	292
sample	repeated	dict-index	raw	render	121	583
sample	repeated	dict-index	raw	render	122	250
sample	repeated	dict-index	raw	render	123	459
sample	repeated	dict-index	raw	render	124	209
sample	repeated	dict-index	raw	render	125	708
sample	repeated	dict-index	raw	render	126	375
sample	repeated	dict-index	raw	render	127	791
sample	repeated	dict-index	raw	render	128	167
sample	repeated	dict-index	raw	render	129	875
sample	repeated	dict-index	raw	render	130	334
sample	repeated	dict-index	raw	render	131	542
sample	repeated	dict-index	raw	render	132	291
sample	repeated	dict-index	raw	render	133	583
sample	repeated	dict-index	raw	render	134	750
sample	repeated	dict-index	raw	render	135	625
sample	repeated	dict-index	raw	render	136	375
sample	repeated	dict-index	raw	render	137	500
sample	repeated	dict-index	raw	render	138	708
sample	repeated	dict-index	raw	render	139	500
sample	repeated	dict-index	raw	render	140	542
sample	repeated	dict-index	raw	render	141	709
sample	repeated	dict-index	raw	render	142	375
sample	repeated	dict-index	raw	render	143	917
sample	repeated	dict-index	raw	render	144	375
sample	repeated	dict-index	raw	render	145	2042
sample	repeated	dict-index	raw	render	146	541
sample	repeated	dict-index	raw	render	147	541
sample	repeated	dict-index	raw	render	148	375
sample	repeated	dict-index	raw	render	149	541
sample	repeated	dict-index	raw	render	150	708
sample	repeated	dict-index	raw	render	151	625
sample	repeated	dict-index	raw	render	152	416
sample	repeated	dict-index	raw	render	153	667
sample	repeated	dict-index	raw	render	154	292
sample	repeated	dict-index	raw	render	155	458
sample	repeated	dict-index	raw	render	156	291
sample	repeated	dict-index	raw	render	157	500
sample	repeated	dict-index	raw	render	158	458
sample	repeated	dict-index	raw	render	159	792
sample	repeated	dict-index	raw	render	160	500
sample	repeated	dict-index	raw	render	161	709
sample	repeated	dict-index	raw	render	162	458
sample	repeated	dict-index	raw	render	163	583
sample	repeated	dict-index	raw	render	164	292
sample	repeated	dict-index	raw	render	165	750
sample	repeated	dict-index	raw	render	166	458
sample	repeated	dict-index	raw	render	167	625
sample	repeated	dict-index	raw	render	168	292
sample	repeated	dict-index	raw	render	169	667
sample	repeated	dict-index	raw	render	170	750
sample	repeated	dict-index	raw	render	171	542
sample	repeated	dict-index	raw	render	172	250
sample	repeated	dict-index	raw	render	173	792
sample	repeated	dict-index	raw	render	174	500
sample	repeated	dict-index	raw	render	175	541
sample	repeated	dict-index	raw	render	176	167
sample	repeated	dict-index	raw	render	177	667
sample	repeated	dict-index	raw	render	178	375
sample	repeated	dict-index	raw	render	179	417
sample	repeated	dict-index	raw	render	180	292
sample	repeated	dict-index	raw	render	181	500
sample	repeated	dict-index	raw	render	182	250
sample	repeated	dict-index	raw	render	183	500
sample	repeated	dict-index	raw	render	184	291
sample	repeated	dict-index	raw	render	185	500
sample	repeated	dict-index	raw	render	186	334
sample	repeated	dict-index	raw	render	187	625
sample	repeated	dict-index	raw	render	188	333
sample	repeated	dict-index	raw	render	189	750
sample	repeated	dict-index	raw	render	190	417
sample	repeated	dict-index	raw	render	191	458
sample	repeated	dict-index	raw	render	192	209
sample	repeated	dict-index	raw	render	193	500
sample	repeated	dict-index	raw	render	194	458
sample	repeated	dict-index	raw	render	195	583
sample	repeated	dict-index	raw	render	196	291
sample	repeated	dict-index	raw	render	197	542
sample	repeated	dict-index	raw	render	198	417
sample	repeated	dict-index	raw	render	199	375
sample	repeated	dict-index	raw	render	200	542
sample	repeated	dict-index	raw	render	201	375
sample	repeated	dict-index	raw	render	202	334
sample	repeated	dict-index	raw	render	203	375
sample	repeated	dict-index	raw	render	204	167
sample	repeated	dict-index	raw	render	205	541
sample	repeated	dict-index	raw	render	206	292
sample	repeated	dict-index	raw	render	207	292
sample	repeated	dict-index	raw	render	208	209
sample	repeated	dict-index	raw	render	209	458
sample	repeated	dict-index	raw	render	210	292
sample	repeated	dict-index	raw	render	211	333
sample	repeated	dict-index	raw	render	212	167
sample	repeated	dict-index	raw	render	213	417
sample	repeated	dict-index	raw	render	214	416
sample	repeated	dict-index	raw	render	215	625
sample	repeated	dict-index	raw	render	216	208
sample	repeated	dict-index	raw	render	217	541
sample	repeated	dict-index	raw	render	218	291
sample	repeated	dict-index	raw	render	219	541
sample	repeated	dict-index	raw	render	220	167
sample	repeated	dict-index	raw	render	221	542
sample	repeated	dict-index	raw	render	222	209
sample	repeated	dict-index	raw	render	223	500
sample	repeated	dict-index	raw	render	224	333
sample	repeated	dict-index	raw	render	225	334
sample	repeated	dict-index	raw	render	226	208
sample	repeated	dict-index	raw	render	227	500
sample	repeated	dict-index	raw	render	228	208
sample	repeated	dict-index	raw	render	229	458
sample	repeated	dict-index	raw	render	230	250
sample	repeated	dict-index	raw	render	231	416
sample	repeated	dict-index	raw	render	232	208
sample	repeated	dict-index	raw	render	233	416
sample	repeated	dict-index	raw	render	234	209
sample	repeated	dict-index	raw	render	235	250
sample	repeated	dict-index	raw	render	236	208
sample	repeated	dict-index	raw	render	237	584
sample	repeated	dict-index	raw	render	238	250
sample	repeated	dict-index	raw	render	239	250
sample	repeated	dict-index	raw	render	240	208
sample	repeated	dict-index	raw	render	241	208
sample	repeated	dict-index	raw	render	242	291
sample	repeated	dict-index	raw	render	243	292
sample	repeated	dict-index	raw	render	244	208
sample	repeated	dict-index	raw	render	245	209
sample	repeated	dict-index	raw	render	246	208
sample	repeated	dict-index	raw	render	247	709
sample	repeated	dict-index	raw	render	248	167
sample	repeated	dict-index	raw	render	249	291
sample	repeated	dict-index	raw	render	250	292
sample	repeated	dict-index	raw	render	251	375
sample	repeated	dict-index	raw	render	252	20791
sample	repeated	dict-index	raw	render	253	1708
sample	repeated	dict-index	raw	render	254	1292
sample	repeated	dict-index	raw	render	255	2416
sample	repeated	dict-index	raw	render	256	833
sample	repeated	dict-index	raw	render	257	875
sample	repeated	dict-index	raw	render	258	458
sample	repeated	dict-index	raw	render	259	708
sample	repeated	dict-index	raw	render	260	584
sample	repeated	dict-index	raw	render	261	708
sample	repeated	dict-index	raw	render	262	584
sample	repeated	dict-index	raw	render	263	542
sample	repeated	dict-index	raw	render	264	583
sample	repeated	dict-index	raw	render	265	625
sample	repeated	dict-index	raw	render	266	625
sample	repeated	dict-index	raw	render	267	542
sample	repeated	dict-index	raw	render	268	458
sample	repeated	dict-index	raw	render	269	709
sample	repeated	dict-index	raw	render	270	375
sample	repeated	dict-index	raw	render	271	625
sample	repeated	dict-index	raw	render	272	1250
sample	repeated	dict-index	raw	render	273	792
sample	repeated	dict-index	raw	render	274	459
sample	repeated	dict-index	raw	render	275	709
sample	repeated	dict-index	raw	render	276	666
sample	repeated	dict-index	raw	render	277	625
sample	repeated	dict-index	raw	render	278	500
sample	repeated	dict-index	raw	render	279	917
sample	repeated	dict-index	raw	render	280	542
sample	repeated	dict-index	raw	render	281	833
sample	repeated	dict-index	raw	render	282	542
sample	repeated	dict-index	raw	render	283	625
sample	repeated	dict-index	raw	render	284	417
sample	repeated	dict-index	raw	render	285	792
sample	repeated	dict-index	raw	render	286	500
sample	repeated	dict-index	raw	render	287	750
sample	repeated	dict-index	raw	render	288	667
sample	repeated	dict-index	raw	render	289	1000
sample	repeated	dict-index	raw	render	290	292
sample	repeated	dict-index	raw	render	291	959
sample	repeated	dict-index	raw	render	292	459
sample	repeated	dict-index	raw	render	293	792
sample	repeated	dict-index	raw	render	294	458
sample	repeated	dict-index	raw	render	295	5542
sample	repeated	dict-index	raw	render	296	2083
sample	repeated	dict-index	raw	render	297	2500
sample	repeated	dict-index	raw	render	298	1167
sample	repeated	dict-index	raw	render	299	1792
sample	repeated	dict-index	raw	render	300	959
sample	repeated	dict-index	raw	render	301	1083
sample	repeated	dict-index	raw	render	302	1000
sample	repeated	dict-index	raw	render	303	1000
sample	repeated	dict-index	raw	render	304	1000
sample	repeated	dict-index	raw	render	305	1250
sample	repeated	dict-index	raw	render	306	875
sample	repeated	dict-index	raw	render	307	1041
sample	repeated	dict-index	raw	render	308	1375
sample	repeated	dict-index	raw	render	309	1583
sample	repeated	dict-index	raw	render	310	917
sample	repeated	dict-index	raw	render	311	1167
sample	repeated	dict-index	raw	render	312	667
sample	repeated	dict-index	raw	render	313	917
sample	repeated	dict-index	raw	render	314	625
sample	repeated	dict-index	raw	render	315	542
sample	repeated	dict-index	raw	render	316	500
sample	repeated	dict-index	raw	render	317	583
sample	repeated	dict-index	raw	render	318	667
sample	repeated	dict-index	raw	render	319	541
sample	repeated	dict-index	raw	render	320	750
sample	repeated	dict-index	raw	render	321	666
sample	repeated	dict-index	raw	render	322	459
sample	repeated	dict-index	raw	render	323	750
sample	repeated	dict-index	raw	render	324	416
sample	repeated	dict-index	raw	render	325	583
sample	repeated	dict-index	raw	render	326	292
sample	repeated	dict-index	raw	render	327	417
sample	repeated	dict-index	raw	render	328	167
sample	repeated	dict-index	raw	render	329	583
sample	repeated	dict-index	raw	render	330	292
sample	repeated	dict-index	raw	render	331	458
sample	repeated	dict-index	raw	render	332	208
sample	repeated	dict-index	raw	render	333	708
sample	repeated	dict-index	raw	render	334	333
sample	repeated	dict-index	raw	render	335	625
sample	repeated	dict-index	raw	render	336	292
sample	repeated	dict-index	raw	render	337	459
sample	repeated	dict-index	raw	render	338	333
sample	repeated	dict-index	raw	render	339	416
sample	repeated	dict-index	raw	render	340	375
sample	repeated	dict-index	raw	render	341	625
sample	repeated	dict-index	raw	render	342	375
sample	repeated	dict-index	raw	render	343	500
sample	repeated	dict-index	raw	render	344	375
sample	repeated	dict-index	raw	render	345	666
sample	repeated	dict-index	raw	render	346	166
sample	repeated	dict-index	raw	render	347	583
sample	repeated	dict-index	raw	render	348	209
sample	repeated	dict-index	raw	render	349	625
sample	repeated	dict-index	raw	render	350	250
sample	repeated	dict-index	raw	render	351	542
sample	repeated	dict-index	raw	render	352	291
sample	repeated	dict-index	raw	render	353	542
sample	repeated	dict-index	raw	render	354	333
sample	repeated	dict-index	raw	render	355	1000
sample	repeated	dict-index	raw	render	356	291
sample	repeated	dict-index	raw	render	357	375
sample	repeated	dict-index	raw	render	358	417
sample	repeated	dict-index	raw	render	359	333
sample	repeated	dict-index	raw	render	360	208
sample	repeated	dict-index	raw	render	361	416
sample	repeated	dict-index	raw	render	362	208
sample	repeated	dict-index	raw	render	363	292
sample	repeated	dict-index	raw	render	364	250
sample	repeated	dict-index	raw	render	365	459
sample	repeated	dict-index	raw	render	366	333
sample	repeated	dict-index	raw	render	367	417
sample	repeated	dict-index	raw	render	368	167
sample	repeated	dict-index	raw	render	369	334
sample	repeated	dict-index	raw	render	370	209
sample	repeated	dict-index	raw	render	371	458
sample	repeated	dict-index	raw	render	372	209
sample	repeated	dict-index	raw	render	373	375
sample	repeated	dict-index	raw	render	374	208
sample	repeated	dict-index	raw	render	375	542
sample	repeated	dict-index	raw	render	376	167
sample	repeated	dict-index	raw	render	377	458
sample	repeated	dict-index	raw	render	378	250
sample	repeated	dict-index	raw	render	379	291
sample	repeated	dict-index	raw	render	380	208
sample	repeated	dict-index	raw	render	381	458
sample	repeated	dict-index	raw	render	382	459
sample	repeated	dict-index	raw	render	383	583
sample	repeated	dict-index	raw	render	384	333
sample	repeated	dict-index	raw	render	385	542
sample	repeated	dict-index	raw	render	386	208
sample	repeated	dict-index	raw	render	387	375
sample	repeated	dict-index	raw	render	388	208
sample	repeated	dict-index	raw	render	389	292
sample	repeated	dict-index	raw	render	390	375
sample	repeated	dict-index	raw	render	391	375
sample	repeated	dict-index	raw	render	392	209
sample	repeated	dict-index	raw	render	393	334
sample	repeated	dict-index	raw	render	394	416
sample	repeated	dict-index	raw	render	395	208
sample	repeated	dict-index	raw	render	396	208
sample	repeated	dict-index	raw	render	397	291
sample	repeated	dict-index	raw	render	398	250
sample	repeated	dict-index	raw	render	399	250
sample	repeated	dict-index	raw	render	400	291
sample	repeated	dict-index	raw	render	401	209
sample	repeated	dict-index	raw	render	402	292
sample	repeated	dict-index	raw	render	403	250
sample	repeated	dict-index	raw	render	404	250
sample	repeated	dict-index	raw	render	405	209
sample	repeated	dict-index	raw	render	406	209
sample	repeated	dict-index	raw	render	407	250
sample	repeated	dict-index	raw	render	408	209
sample	repeated	dict-index	raw	render	409	292
sample	repeated	dict-index	raw	render	410	250
sample	repeated	dict-index	raw	render	411	250
sample	repeated	dict-index	raw	render	412	250
sample	repeated	dict-index	raw	render	413	208
sample	repeated	dict-index	raw	render	414	208
sample	repeated	dict-index	raw	render	415	375
sample	repeated	dict-index	raw	render	416	333
sample	repeated	dict-index	raw	render	417	334
sample	repeated	dict-index	raw	render	418	250
sample	repeated	dict-index	raw	render	419	334
sample	repeated	dict-index	raw	render	420	208
sample	repeated	dict-index	raw	render	421	500
sample	repeated	dict-index	raw	render	422	375
sample	repeated	dict-index	raw	render	423	208
sample	repeated	dict-index	raw	render	424	208
sample	repeated	dict-index	raw	render	425	209
sample	repeated	dict-index	raw	render	426	542
sample	repeated	dict-index	raw	render	427	750
sample	repeated	dict-index	raw	render	428	416
sample	repeated	dict-index	raw	render	429	334
sample	repeated	dict-index	raw	render	430	333
sample	repeated	dict-index	raw	render	431	583
sample	repeated	dict-index	raw	render	432	250
sample	repeated	dict-index	raw	render	433	583
sample	repeated	dict-index	raw	render	434	334
sample	repeated	dict-index	raw	render	435	459
sample	repeated	dict-index	raw	render	436	209
sample	repeated	dict-index	raw	render	437	708
sample	repeated	dict-index	raw	render	438	417
sample	repeated	dict-index	raw	render	439	625
sample	repeated	dict-index	raw	render	440	500
sample	repeated	dict-index	raw	render	441	583
sample	repeated	dict-index	raw	render	442	541
sample	repeated	dict-index	raw	render	443	375
sample	repeated	dict-index	raw	render	444	375
sample	repeated	dict-index	raw	render	445	708
sample	repeated	dict-index	raw	render	446	459
sample	repeated	dict-index	raw	render	447	792
sample	repeated	dict-index	raw	render	448	375
sample	repeated	dict-index	raw	render	449	500
sample	repeated	dict-index	raw	render	450	334
sample	repeated	dict-index	raw	render	451	625
sample	repeated	dict-index	raw	render	452	208
sample	repeated	dict-index	raw	render	453	416
sample	repeated	dict-index	raw	render	454	250
sample	repeated	dict-index	raw	render	455	541
sample	repeated	dict-index	raw	render	456	208
sample	repeated	dict-index	raw	render	457	708
sample	repeated	dict-index	raw	render	458	500
sample	repeated	dict-index	raw	render	459	541
sample	repeated	dict-index	raw	render	460	541
sample	repeated	dict-index	raw	render	461	500
sample	repeated	dict-index	raw	render	462	250
sample	repeated	dict-index	raw	render	463	584
sample	repeated	dict-index	raw	render	464	250
sample	repeated	dict-index	raw	render	465	458
sample	repeated	dict-index	raw	render	466	292
sample	repeated	dict-index	raw	render	467	458
sample	repeated	dict-index	raw	render	468	375
sample	repeated	dict-index	raw	render	469	542
sample	repeated	dict-index	raw	render	470	333
sample	repeated	dict-index	raw	render	471	458
sample	repeated	dict-index	raw	render	472	291
sample	repeated	dict-index	raw	render	473	500
sample	repeated	dict-index	raw	render	474	292
sample	repeated	dict-index	raw	render	475	792
sample	repeated	dict-index	raw	render	476	333
sample	repeated	dict-index	raw	render	477	500
sample	repeated	dict-index	raw	render	478	459
sample	repeated	dict-index	raw	render	479	750
sample	repeated	dict-index	raw	render	480	417
sample	repeated	dict-index	raw	render	481	750
sample	repeated	dict-index	raw	render	482	208
sample	repeated	dict-index	raw	render	483	750
sample	repeated	dict-index	raw	render	484	458
sample	repeated	dict-index	raw	render	485	750
sample	repeated	dict-index	raw	render	486	500
sample	repeated	dict-index	raw	render	487	625
sample	repeated	dict-index	raw	render	488	375
sample	repeated	dict-index	raw	render	489	417
sample	repeated	dict-index	raw	render	490	292
sample	repeated	dict-index	raw	render	491	291
sample	repeated	dict-index	raw	render	492	291
sample	repeated	dict-index	raw	render	493	417
sample	repeated	dict-index	raw	render	494	416
sample	repeated	dict-index	raw	render	495	584
sample	repeated	dict-index	raw	render	496	292
sample	repeated	dict-index	raw	render	497	667
sample	repeated	dict-index	raw	render	498	458
sample	repeated	dict-index	raw	render	499	375
sample	repeated	dict-index	raw	render	500	292
sample	repeated	dict-index	raw	render	501	667
sample	repeated	dict-index	raw	render	502	500
sample	repeated	dict-index	raw	render	503	625
sample	repeated	dict-index	raw	render	504	209
sample	repeated	dict-index	raw	render	505	584
sample	repeated	dict-index	raw	render	506	458
sample	repeated	dict-index	raw	render	507	584
sample	repeated	dict-index	raw	render	508	292
sample	repeated	dict-index	raw	render	509	542
sample	repeated	dict-index	raw	render	510	292
sample	repeated	dict-index	raw	render	511	667
sample	repeated	dict-index	raw	render	512	416
sample	repeated	dict-index	raw	render	513	708
sample	repeated	dict-index	raw	render	514	291
sample	repeated	dict-index	raw	render	515	750
sample	repeated	dict-index	raw	render	516	459
sample	repeated	dict-index	raw	render	517	500
sample	repeated	dict-index	raw	render	518	375
sample	repeated	dict-index	raw	render	519	708
sample	repeated	dict-index	raw	render	520	375
sample	repeated	dict-index	raw	render	521	583
sample	repeated	dict-index	raw	render	522	209
sample	repeated	dict-index	raw	render	523	291
sample	repeated	dict-index	raw	render	524	209
sample	repeated	dict-index	raw	render	525	375
sample	repeated	dict-index	raw	render	526	208
sample	repeated	dict-index	raw	render	527	583
sample	repeated	dict-index	raw	render	528	208
sample	repeated	dict-index	raw	render	529	625
sample	repeated	dict-index	raw	render	530	209
sample	repeated	dict-index	raw	render	531	416
sample	repeated	dict-index	raw	render	532	166
sample	repeated	dict-index	raw	render	533	416
sample	repeated	dict-index	raw	render	534	208
sample	repeated	dict-index	raw	render	535	542
sample	repeated	dict-index	raw	render	536	208
sample	repeated	dict-index	raw	render	537	500
sample	repeated	dict-index	raw	render	538	417
sample	repeated	dict-index	raw	render	539	334
sample	repeated	dict-index	raw	render	540	250
sample	repeated	dict-index	raw	render	541	500
sample	repeated	dict-index	raw	render	542	417
sample	repeated	dict-index	raw	render	543	500
sample	repeated	dict-index	raw	render	544	167
sample	repeated	dict-index	raw	render	545	542
sample	repeated	dict-index	raw	render	546	250
sample	repeated	dict-index	raw	render	547	500
sample	repeated	dict-index	raw	render	548	167
sample	repeated	dict-index	raw	render	549	625
sample	repeated	dict-index	raw	render	550	291
sample	repeated	dict-index	raw	render	551	375
sample	repeated	dict-index	raw	render	552	20542
sample	repeated	dict-index	raw	render	553	1250
sample	repeated	dict-index	raw	render	554	458
sample	repeated	dict-index	raw	render	555	666
sample	repeated	dict-index	raw	render	556	500
sample	repeated	dict-index	raw	render	557	500
sample	repeated	dict-index	raw	render	558	583
sample	repeated	dict-index	raw	render	559	4750
sample	repeated	dict-index	raw	render	560	667
sample	repeated	dict-index	raw	render	561	666
sample	repeated	dict-index	raw	render	562	417
sample	repeated	dict-index	raw	render	563	708
sample	repeated	dict-index	raw	render	564	667
sample	repeated	dict-index	raw	render	565	2458
sample	repeated	dict-index	raw	render	566	2125
sample	repeated	dict-index	raw	render	567	1375
sample	repeated	dict-index	raw	render	568	1041
sample	repeated	dict-index	raw	render	569	1458
sample	repeated	dict-index	raw	render	570	1583
sample	repeated	dict-index	raw	render	571	708
sample	repeated	dict-index	raw	render	572	459
sample	repeated	dict-index	raw	render	573	666
sample	repeated	dict-index	raw	render	574	833
sample	repeated	dict-index	raw	render	575	791
sample	repeated	dict-index	raw	render	576	791
sample	repeated	dict-index	raw	render	577	667
sample	repeated	dict-index	raw	render	578	250
sample	repeated	dict-index	raw	render	579	750
sample	repeated	dict-index	raw	render	580	459
sample	repeated	dict-index	raw	render	581	709
sample	repeated	dict-index	raw	render	582	709
sample	repeated	dict-index	raw	render	583	583
sample	repeated	dict-index	raw	render	584	625
sample	repeated	dict-index	raw	render	585	750
sample	repeated	dict-index	raw	render	586	333
sample	repeated	dict-index	raw	render	587	625
sample	repeated	dict-index	raw	render	588	250
sample	repeated	dict-index	raw	render	589	667
sample	repeated	dict-index	raw	render	590	166
sample	repeated	dict-index	raw	render	591	750
sample	repeated	dict-index	raw	render	592	375
sample	repeated	dict-index	raw	render	593	709
sample	repeated	dict-index	raw	render	594	250
sample	repeated	dict-index	raw	render	595	584
sample	repeated	dict-index	raw	render	596	208
sample	repeated	dict-index	raw	render	597	584
sample	repeated	dict-index	raw	render	598	208
sample	repeated	dict-index	raw	render	599	667
sample	repeated	dict-index	raw	render	600	292
sample	repeated	dict-index	raw	render	601	541
sample	repeated	dict-index	raw	render	602	209
sample	repeated	dict-index	raw	render	603	541
sample	repeated	dict-index	raw	render	604	250
sample	repeated	dict-index	raw	render	605	541
sample	repeated	dict-index	raw	render	606	416
sample	repeated	dict-index	raw	render	607	875
sample	repeated	dict-index	raw	render	608	167
sample	repeated	dict-index	raw	render	609	500
sample	repeated	dict-index	raw	render	610	209
sample	repeated	dict-index	raw	render	611	708
sample	repeated	dict-index	raw	render	612	209
sample	repeated	dict-index	raw	render	613	625
sample	repeated	dict-index	raw	render	614	208
sample	repeated	dict-index	raw	render	615	333
sample	repeated	dict-index	raw	render	616	208
sample	repeated	dict-index	raw	render	617	375
sample	repeated	dict-index	raw	render	618	167
sample	repeated	dict-index	raw	render	619	417
sample	repeated	dict-index	raw	render	620	209
sample	repeated	dict-index	raw	render	621	542
sample	repeated	dict-index	raw	render	622	208
sample	repeated	dict-index	raw	render	623	583
sample	repeated	dict-index	raw	render	624	208
sample	repeated	dict-index	raw	render	625	500
sample	repeated	dict-index	raw	render	626	250
sample	repeated	dict-index	raw	render	627	542
sample	repeated	dict-index	raw	render	628	208
sample	repeated	dict-index	raw	render	629	292
sample	repeated	dict-index	raw	render	630	375
sample	repeated	dict-index	raw	render	631	542
sample	repeated	dict-index	raw	render	632	250
sample	repeated	dict-index	raw	render	633	459
sample	repeated	dict-index	raw	render	634	500
sample	repeated	dict-index	raw	render	635	375
sample	repeated	dict-index	raw	render	636	166
sample	repeated	dict-index	raw	render	637	541
sample	repeated	dict-index	raw	render	638	292
sample	repeated	dict-index	raw	render	639	583
sample	repeated	dict-index	raw	render	640	167
sample	repeated	dict-index	raw	render	641	500
sample	repeated	dict-index	raw	render	642	250
sample	repeated	dict-index	raw	render	643	708
sample	repeated	dict-index	raw	render	644	417
sample	repeated	dict-index	raw	render	645	417
sample	repeated	dict-index	raw	render	646	333
sample	repeated	dict-index	raw	render	647	625
sample	repeated	dict-index	raw	render	648	334
sample	repeated	dict-index	raw	render	649	666
sample	repeated	dict-index	raw	render	650	625
sample	repeated	dict-index	raw	render	651	666
sample	repeated	dict-index	raw	render	652	333
sample	repeated	dict-index	raw	render	653	500
sample	repeated	dict-index	raw	render	654	458
sample	repeated	dict-index	raw	render	655	417
sample	repeated	dict-index	raw	render	656	500
sample	repeated	dict-index	raw	render	657	500
sample	repeated	dict-index	raw	render	658	208
sample	repeated	dict-index	raw	render	659	417
sample	repeated	dict-index	raw	render	660	208
sample	repeated	dict-index	raw	render	661	500
sample	repeated	dict-index	raw	render	662	208
sample	repeated	dict-index	raw	render	663	500
sample	repeated	dict-index	raw	render	664	292
sample	repeated	dict-index	raw	render	665	625
sample	repeated	dict-index	raw	render	666	208
sample	repeated	dict-index	raw	render	667	500
sample	repeated	dict-index	raw	render	668	208
sample	repeated	dict-index	raw	render	669	417
sample	repeated	dict-index	raw	render	670	291
sample	repeated	dict-index	raw	render	671	667
sample	repeated	dict-index	raw	render	672	167
sample	repeated	dict-index	raw	render	673	625
sample	repeated	dict-index	raw	render	674	333
sample	repeated	dict-index	raw	render	675	459
sample	repeated	dict-index	raw	render	676	208
sample	repeated	dict-index	raw	render	677	666
sample	repeated	dict-index	raw	render	678	291
sample	repeated	dict-index	raw	render	679	542
sample	repeated	dict-index	raw	render	680	333
sample	repeated	dict-index	raw	render	681	542
sample	repeated	dict-index	raw	render	682	333
sample	repeated	dict-index	raw	render	683	541
sample	repeated	dict-index	raw	render	684	209
sample	repeated	dict-index	raw	render	685	417
sample	repeated	dict-index	raw	render	686	208
sample	repeated	dict-index	raw	render	687	417
sample	repeated	dict-index	raw	render	688	292
sample	repeated	dict-index	raw	render	689	375
sample	repeated	dict-index	raw	render	690	250
sample	repeated	dict-index	raw	render	691	500
sample	repeated	dict-index	raw	render	692	291
sample	repeated	dict-index	raw	render	693	584
sample	repeated	dict-index	raw	render	694	291
sample	repeated	dict-index	raw	render	695	583
sample	repeated	dict-index	raw	render	696	292
sample	repeated	dict-index	raw	render	697	667
sample	repeated	dict-index	raw	render	698	334
sample	repeated	dict-index	raw	render	699	333
sample	repeated	dict-index	raw	render	700	1375
sample	repeated	dict-index	raw	render	701	625
sample	repeated	dict-index	raw	render	702	542
sample	repeated	dict-index	raw	render	703	500
sample	repeated	dict-index	raw	render	704	542
sample	repeated	dict-index	raw	render	705	667
sample	repeated	dict-index	raw	render	706	333
sample	repeated	dict-index	raw	render	707	417
sample	repeated	dict-index	raw	render	708	209
sample	repeated	dict-index	raw	render	709	459
sample	repeated	dict-index	raw	render	710	375
sample	repeated	dict-index	raw	render	711	583
sample	repeated	dict-index	raw	render	712	333
sample	repeated	dict-index	raw	render	713	709
sample	repeated	dict-index	raw	render	714	500
sample	repeated	dict-index	raw	render	715	500
sample	repeated	dict-index	raw	render	716	292
sample	repeated	dict-index	raw	render	717	708
sample	repeated	dict-index	raw	render	718	291
sample	repeated	dict-index	raw	render	719	542
sample	repeated	dict-index	raw	render	720	375
sample	repeated	dict-index	raw	render	721	625
sample	repeated	dict-index	raw	render	722	208
sample	repeated	dict-index	raw	render	723	542
sample	repeated	dict-index	raw	render	724	292
sample	repeated	dict-index	raw	render	725	584
sample	repeated	dict-index	raw	render	726	250
sample	repeated	dict-index	raw	render	727	583
sample	repeated	dict-index	raw	render	728	208
sample	repeated	dict-index	raw	render	729	459
sample	repeated	dict-index	raw	render	730	250
sample	repeated	dict-index	raw	render	731	417
sample	repeated	dict-index	raw	render	732	208
sample	repeated	dict-index	raw	render	733	459
sample	repeated	dict-index	raw	render	734	209
sample	repeated	dict-index	raw	render	735	583
sample	repeated	dict-index	raw	render	736	250
sample	repeated	dict-index	raw	render	737	542
sample	repeated	dict-index	raw	render	738	208
sample	repeated	dict-index	raw	render	739	583
sample	repeated	dict-index	raw	render	740	208
sample	repeated	dict-index	raw	render	741	583
sample	repeated	dict-index	raw	render	742	209
sample	repeated	dict-index	raw	render	743	416
sample	repeated	dict-index	raw	render	744	208
sample	repeated	dict-index	raw	render	745	375
sample	repeated	dict-index	raw	render	746	250
sample	repeated	dict-index	raw	render	747	334
sample	repeated	dict-index	raw	render	748	250
sample	repeated	dict-index	raw	render	749	500
sample	repeated	dict-index	raw	render	750	375
sample	repeated	dict-index	raw	render	751	375
sample	repeated	dict-index	raw	render	752	167
sample	repeated	dict-index	raw	render	753	250
sample	repeated	dict-index	raw	render	754	375
sample	repeated	dict-index	raw	render	755	292
sample	repeated	dict-index	raw	render	756	250
sample	repeated	dict-index	raw	render	757	417
sample	repeated	dict-index	raw	render	758	292
sample	repeated	dict-index	raw	render	759	500
sample	repeated	dict-index	raw	render	760	291
sample	repeated	dict-index	raw	render	761	542
sample	repeated	dict-index	raw	render	762	208
sample	repeated	dict-index	raw	render	763	417
sample	repeated	dict-index	raw	render	764	208
sample	repeated	dict-index	raw	render	765	292
sample	repeated	dict-index	raw	render	766	333
sample	repeated	dict-index	raw	render	767	583
sample	repeated	dict-index	raw	render	768	291
sample	repeated	dict-index	raw	render	769	375
sample	repeated	dict-index	raw	render	770	292
sample	repeated	dict-index	raw	render	771	542
sample	repeated	dict-index	raw	render	772	416
sample	repeated	dict-index	raw	render	773	500
sample	repeated	dict-index	raw	render	774	333
sample	repeated	dict-index	raw	render	775	500
sample	repeated	dict-index	raw	render	776	291
sample	repeated	dict-index	raw	render	777	417
sample	repeated	dict-index	raw	render	778	292
sample	repeated	dict-index	raw	render	779	417
sample	repeated	dict-index	raw	render	780	291
sample	repeated	dict-index	raw	render	781	375
sample	repeated	dict-index	raw	render	782	334
sample	repeated	dict-index	raw	render	783	333
sample	repeated	dict-index	raw	render	784	292
sample	repeated	dict-index	raw	render	785	459
sample	repeated	dict-index	raw	render	786	250
sample	repeated	dict-index	raw	render	787	416
sample	repeated	dict-index	raw	render	788	208
sample	repeated	dict-index	raw	render	789	625
sample	repeated	dict-index	raw	render	790	375
sample	repeated	dict-index	raw	render	791	458
sample	repeated	dict-index	raw	render	792	375
sample	repeated	dict-index	raw	render	793	417
sample	repeated	dict-index	raw	render	794	500
sample	repeated	dict-index	raw	render	795	459
sample	repeated	dict-index	raw	render	796	333
sample	repeated	dict-index	raw	render	797	375
sample	repeated	dict-index	raw	render	798	417
sample	repeated	dict-index	raw	render	799	666
sample	repeated	dict-index	raw	render	800	416
sample	repeated	dict-index	raw	render	801	500
sample	repeated	dict-index	raw	render	802	209
sample	repeated	dict-index	raw	render	803	750
sample	repeated	dict-index	raw	render	804	292
sample	repeated	dict-index	raw	render	805	458
sample	repeated	dict-index	raw	render	806	208
sample	repeated	dict-index	raw	render	807	500
sample	repeated	dict-index	raw	render	808	333
sample	repeated	dict-index	raw	render	809	583
sample	repeated	dict-index	raw	render	810	208
sample	repeated	dict-index	raw	render	811	500
sample	repeated	dict-index	raw	render	812	208
sample	repeated	dict-index	raw	render	813	625
sample	repeated	dict-index	raw	render	814	458
sample	repeated	dict-index	raw	render	815	417
sample	repeated	dict-index	raw	render	816	416
sample	repeated	dict-index	raw	render	817	375
sample	repeated	dict-index	raw	render	818	208
sample	repeated	dict-index	raw	render	819	208
sample	repeated	dict-index	raw	render	820	209
sample	repeated	dict-index	raw	render	821	583
sample	repeated	dict-index	raw	render	822	167
sample	repeated	dict-index	raw	render	823	500
sample	repeated	dict-index	raw	render	824	167
sample	repeated	dict-index	raw	render	825	625
sample	repeated	dict-index	raw	render	826	291
sample	repeated	dict-index	raw	render	827	417
sample	repeated	dict-index	raw	render	828	209
sample	repeated	dict-index	raw	render	829	458
sample	repeated	dict-index	raw	render	830	208
sample	repeated	dict-index	raw	render	831	792
sample	repeated	dict-index	raw	render	832	333
sample	repeated	dict-index	raw	render	833	584
sample	repeated	dict-index	raw	render	834	167
sample	repeated	dict-index	raw	render	835	500
sample	repeated	dict-index	raw	render	836	208
sample	repeated	dict-index	raw	render	837	417
sample	repeated	dict-index	raw	render	838	250
sample	repeated	dict-index	raw	render	839	416
sample	repeated	dict-index	raw	render	840	209
sample	repeated	dict-index	raw	render	841	459
sample	repeated	dict-index	raw	render	842	417
sample	repeated	dict-index	raw	render	843	500
sample	repeated	dict-index	raw	render	844	209
sample	repeated	dict-index	raw	render	845	417
sample	repeated	dict-index	raw	render	846	333
sample	repeated	dict-index	raw	render	847	416
sample	repeated	dict-index	raw	render	848	250
sample	repeated	dict-index	raw	render	849	416
sample	repeated	dict-index	raw	render	850	291
sample	repeated	dict-index	raw	render	851	333
sample	repeated	dict-index	raw	render	852	250
sample	repeated	dict-index	raw	render	853	417
sample	repeated	dict-index	raw	render	854	375
sample	repeated	dict-index	raw	render	855	709
sample	repeated	dict-index	raw	render	856	167
sample	repeated	dict-index	raw	render	857	459
sample	repeated	dict-index	raw	render	858	250
sample	repeated	dict-index	raw	render	859	500
sample	repeated	dict-index	raw	render	860	500
sample	repeated	dict-index	raw	render	861	417
sample	repeated	dict-index	raw	render	862	417
sample	repeated	dict-index	raw	render	863	917
sample	repeated	dict-index	raw	render	864	334
sample	repeated	dict-index	raw	render	865	875
sample	repeated	dict-index	raw	render	866	334
sample	repeated	dict-index	raw	render	867	625
sample	repeated	dict-index	raw	render	868	166
sample	repeated	dict-index	raw	render	869	458
sample	repeated	dict-index	raw	render	870	375
sample	repeated	dict-index	raw	render	871	459
sample	repeated	dict-index	raw	render	872	334
sample	repeated	dict-index	raw	render	873	375
sample	repeated	dict-index	raw	render	874	500
sample	repeated	dict-index	raw	render	875	500
sample	repeated	dict-index	raw	render	876	167
sample	repeated	dict-index	raw	render	877	584
sample	repeated	dict-index	raw	render	878	209
sample	repeated	dict-index	raw	render	879	2834
sample	repeated	dict-index	raw	render	880	709
sample	repeated	dict-index	raw	render	881	792
sample	repeated	dict-index	raw	render	882	500
sample	repeated	dict-index	raw	render	883	666
sample	repeated	dict-index	raw	render	884	458
sample	repeated	dict-index	raw	render	885	541
sample	repeated	dict-index	raw	render	886	625
sample	repeated	dict-index	raw	render	887	6708
sample	repeated	dict-index	raw	render	888	1583
sample	repeated	dict-index	raw	render	889	834
sample	repeated	dict-index	raw	render	890	583
sample	repeated	dict-index	raw	render	891	458
sample	repeated	dict-index	raw	render	892	583
sample	repeated	dict-index	raw	render	893	542
sample	repeated	dict-index	raw	render	894	584
sample	repeated	dict-index	raw	render	895	625
sample	repeated	dict-index	raw	render	896	625
sample	repeated	dict-index	raw	render	897	750
sample	repeated	dict-index	raw	render	898	416
sample	repeated	dict-index	raw	render	899	500
sample	repeated	dict-index	raw	render	900	458
sample	repeated	dict-index	raw	render	901	667
sample	repeated	dict-index	raw	render	902	666
sample	repeated	dict-index	raw	render	903	500
sample	repeated	dict-index	raw	render	904	250
sample	repeated	dict-index	raw	render	905	500
sample	repeated	dict-index	raw	render	906	334
sample	repeated	dict-index	raw	render	907	584
sample	repeated	dict-index	raw	render	908	417
sample	repeated	dict-index	raw	render	909	459
sample	repeated	dict-index	raw	render	910	208
sample	repeated	dict-index	raw	render	911	417
sample	repeated	dict-index	raw	render	912	208
sample	repeated	dict-index	raw	render	913	542
sample	repeated	dict-index	raw	render	914	209
sample	repeated	dict-index	raw	render	915	459
sample	repeated	dict-index	raw	render	916	333
sample	repeated	dict-index	raw	render	917	500
sample	repeated	dict-index	raw	render	918	417
sample	repeated	dict-index	raw	render	919	458
sample	repeated	dict-index	raw	render	920	292
sample	repeated	dict-index	raw	render	921	667
sample	repeated	dict-index	raw	render	922	334
sample	repeated	dict-index	raw	render	923	542
sample	repeated	dict-index	raw	render	924	250
sample	repeated	dict-index	raw	render	925	542
sample	repeated	dict-index	raw	render	926	750
sample	repeated	dict-index	raw	render	927	583
sample	repeated	dict-index	raw	render	928	625
sample	repeated	dict-index	raw	render	929	625
sample	repeated	dict-index	raw	render	930	417
sample	repeated	dict-index	raw	render	931	583
sample	repeated	dict-index	raw	render	932	500
sample	repeated	dict-index	raw	render	933	709
sample	repeated	dict-index	raw	render	934	625
sample	repeated	dict-index	raw	render	935	583
sample	repeated	dict-index	raw	render	936	334
sample	repeated	dict-index	raw	render	937	500
sample	repeated	dict-index	raw	render	938	333
sample	repeated	dict-index	raw	render	939	334
sample	repeated	dict-index	raw	render	940	459
sample	repeated	dict-index	raw	render	941	458
sample	repeated	dict-index	raw	render	942	334
sample	repeated	dict-index	raw	render	943	417
sample	repeated	dict-index	raw	render	944	500
sample	repeated	dict-index	raw	render	945	875
sample	repeated	dict-index	raw	render	946	334
sample	repeated	dict-index	raw	render	947	500
sample	repeated	dict-index	raw	render	948	250
sample	repeated	dict-index	raw	render	949	541
sample	repeated	dict-index	raw	render	950	250
sample	repeated	dict-index	raw	render	951	708
sample	repeated	dict-index	raw	render	952	416
sample	repeated	dict-index	raw	render	953	584
sample	repeated	dict-index	raw	render	954	208
sample	repeated	dict-index	raw	render	955	583
sample	repeated	dict-index	raw	render	956	250
sample	repeated	dict-index	raw	render	957	500
sample	repeated	dict-index	raw	render	958	333
sample	repeated	dict-index	raw	render	959	666
sample	repeated	dict-index	raw	render	960	459
sample	repeated	dict-index	raw	render	961	625
sample	repeated	dict-index	raw	render	962	292
sample	repeated	dict-index	raw	render	963	542
sample	repeated	dict-index	raw	render	964	458
sample	repeated	dict-index	raw	render	965	625
sample	repeated	dict-index	raw	render	966	417
sample	repeated	dict-index	raw	render	967	500
sample	repeated	dict-index	raw	render	968	334
sample	repeated	dict-index	raw	render	969	584
sample	repeated	dict-index	raw	render	970	292
sample	repeated	dict-index	raw	render	971	291
sample	repeated	dict-index	raw	render	972	208
sample	repeated	dict-index	raw	render	973	542
sample	repeated	dict-index	raw	render	974	333
sample	repeated	dict-index	raw	render	975	1000
sample	repeated	dict-index	raw	render	976	459
sample	repeated	dict-index	raw	render	977	583
sample	repeated	dict-index	raw	render	978	208
sample	repeated	dict-index	raw	render	979	417
sample	repeated	dict-index	raw	render	980	333
sample	repeated	dict-index	raw	render	981	625
sample	repeated	dict-index	raw	render	982	292
sample	repeated	dict-index	raw	render	983	500
sample	repeated	dict-index	raw	render	984	542
sample	repeated	dict-index	raw	render	985	583
sample	repeated	dict-index	raw	render	986	541
sample	repeated	dict-index	raw	render	987	375
sample	repeated	dict-index	raw	render	988	292
sample	repeated	dict-index	raw	render	989	625
sample	repeated	dict-index	raw	render	990	167
sample	repeated	dict-index	raw	render	991	500
sample	repeated	dict-index	raw	render	992	250
sample	repeated	dict-index	raw	render	993	708
sample	repeated	dict-index	raw	render	994	167
sample	repeated	dict-index	raw	render	995	583
sample	repeated	dict-index	raw	render	996	459
sample	repeated	dict-index	raw	render	997	458
sample	repeated	dict-index	raw	render	998	291
sample	repeated	dict-index	raw	render	999	500
result	repeated	dict-index	raw	exact.p50_ns	584
result	repeated	dict-index	raw	exact.p95_ns	1125
result	repeated	dict-index	raw	exact.p99_ns	3084
result	repeated	dict-index	raw	prefix.p50_ns	61708
result	repeated	dict-index	raw	prefix.p95_ns	99375
result	repeated	dict-index	raw	prefix.p99_ns	201000
result	repeated	dict-index	raw	render.p50_ns	458
result	repeated	dict-index	raw	render.p95_ns	1125
result	repeated	dict-index	raw	render.p99_ns	3250
result	repeated	dict-index	raw	exact.hit.p50_ns	667
result	repeated	dict-index	raw	exact.hit.p95_ns	1208
result	repeated	dict-index	raw	exact.hit.p99_ns	2542
result	repeated	dict-index	raw	exact.miss.p50_ns	416
result	repeated	dict-index	raw	exact.miss.p95_ns	542
result	repeated	dict-index	raw	exact.miss.p99_ns	4834
result	repeated	dict-index	raw	prefix.zero.p50_ns	1792
result	repeated	dict-index	raw	prefix.zero.p95_ns	9209
result	repeated	dict-index	raw	prefix.zero.p99_ns	17917
result	repeated	dict-index	raw	prefix.one.p50_ns	-
result	repeated	dict-index	raw	prefix.one.p95_ns	-
result	repeated	dict-index	raw	prefix.one.p99_ns	-
result	repeated	dict-index	raw	prefix.many.p50_ns	65417
result	repeated	dict-index	raw	prefix.many.p95_ns	165209
result	repeated	dict-index	raw	prefix.many.p99_ns	208791
result	repeated	dict-index	raw	prefix.pathological.p50_ns	-
result	repeated	dict-index	raw	prefix.pathological.p95_ns	-
result	repeated	dict-index	raw	prefix.pathological.p99_ns	-
result	repeated	dict-index	dictzip	artifact_bytes	66050
result	repeated	dict-index	dictzip	build_ns	7243166
sample	repeated	dict-index	dictzip	open	0	1093541
sample	repeated	dict-index	dictzip	open	1	1003417
sample	repeated	dict-index	dictzip	open	2	948500
sample	repeated	dict-index	dictzip	open	3	624333
sample	repeated	dict-index	dictzip	open	4	637167
sample	repeated	dict-index	dictzip	open	5	666667
sample	repeated	dict-index	dictzip	open	6	982375
sample	repeated	dict-index	dictzip	open	7	1200791
sample	repeated	dict-index	dictzip	open	8	1009458
sample	repeated	dict-index	dictzip	open	9	645875
sample	repeated	dict-index	dictzip	open	10	574042
sample	repeated	dict-index	dictzip	open	11	577666
sample	repeated	dict-index	dictzip	open	12	834334
sample	repeated	dict-index	dictzip	open	13	617000
sample	repeated	dict-index	dictzip	open	14	575875
sample	repeated	dict-index	dictzip	open	15	550750
sample	repeated	dict-index	dictzip	open	16	1030875
sample	repeated	dict-index	dictzip	open	17	656167
sample	repeated	dict-index	dictzip	open	18	609959
sample	repeated	dict-index	dictzip	open	19	892500
sample	repeated	dict-index	dictzip	open	20	553917
sample	repeated	dict-index	dictzip	open	21	529834
sample	repeated	dict-index	dictzip	open	22	530625
sample	repeated	dict-index	dictzip	open	23	528500
sample	repeated	dict-index	dictzip	open	24	694667
result	repeated	dict-index	dictzip	open_ns	645875
result	repeated	dict-index	dictzip	semantic_digest	3649450152805327167
result	repeated	dict-index	dictzip	query_checksum	593400448976652816
result	repeated	dict-index	dictzip	outputs	513250
result	repeated	dict-index	dictzip	logical_prose_bytes	428032
sample	repeated	dict-index	dictzip	exact	0	29041
sample	repeated	dict-index	dictzip	exact	1	4667
sample	repeated	dict-index	dictzip	exact	2	2250
sample	repeated	dict-index	dictzip	exact	3	2542
sample	repeated	dict-index	dictzip	exact	4	2625
sample	repeated	dict-index	dictzip	exact	5	500
sample	repeated	dict-index	dictzip	exact	6	1125
sample	repeated	dict-index	dictzip	exact	7	750
sample	repeated	dict-index	dictzip	exact	8	4375
sample	repeated	dict-index	dictzip	exact	9	500
sample	repeated	dict-index	dictzip	exact	10	1458
sample	repeated	dict-index	dictzip	exact	11	459
sample	repeated	dict-index	dictzip	exact	12	1250
sample	repeated	dict-index	dictzip	exact	13	500
sample	repeated	dict-index	dictzip	exact	14	1041
sample	repeated	dict-index	dictzip	exact	15	625
sample	repeated	dict-index	dictzip	exact	16	1333
sample	repeated	dict-index	dictzip	exact	17	375
sample	repeated	dict-index	dictzip	exact	18	1083
sample	repeated	dict-index	dictzip	exact	19	458
sample	repeated	dict-index	dictzip	exact	20	1750
sample	repeated	dict-index	dictzip	exact	21	417
sample	repeated	dict-index	dictzip	exact	22	916
sample	repeated	dict-index	dictzip	exact	23	625
sample	repeated	dict-index	dictzip	exact	24	1042
sample	repeated	dict-index	dictzip	exact	25	458
sample	repeated	dict-index	dictzip	exact	26	1083
sample	repeated	dict-index	dictzip	exact	27	500
sample	repeated	dict-index	dictzip	exact	28	1208
sample	repeated	dict-index	dictzip	exact	29	417
sample	repeated	dict-index	dictzip	exact	30	792
sample	repeated	dict-index	dictzip	exact	31	584
sample	repeated	dict-index	dictzip	exact	32	1291
sample	repeated	dict-index	dictzip	exact	33	416
sample	repeated	dict-index	dictzip	exact	34	1125
sample	repeated	dict-index	dictzip	exact	35	458
sample	repeated	dict-index	dictzip	exact	36	1333
sample	repeated	dict-index	dictzip	exact	37	417
sample	repeated	dict-index	dictzip	exact	38	833
sample	repeated	dict-index	dictzip	exact	39	583
sample	repeated	dict-index	dictzip	exact	40	1125
sample	repeated	dict-index	dictzip	exact	41	458
sample	repeated	dict-index	dictzip	exact	42	792
sample	repeated	dict-index	dictzip	exact	43	459
sample	repeated	dict-index	dictzip	exact	44	1084
sample	repeated	dict-index	dictzip	exact	45	1875
sample	repeated	dict-index	dictzip	exact	46	1333
sample	repeated	dict-index	dictzip	exact	47	875
sample	repeated	dict-index	dictzip	exact	48	1542
sample	repeated	dict-index	dictzip	exact	49	500
sample	repeated	dict-index	dictzip	exact	50	1000
sample	repeated	dict-index	dictzip	exact	51	541
sample	repeated	dict-index	dictzip	exact	52	2000
sample	repeated	dict-index	dictzip	exact	53	500
sample	repeated	dict-index	dictzip	exact	54	1084
sample	repeated	dict-index	dictzip	exact	55	666
sample	repeated	dict-index	dictzip	exact	56	1083
sample	repeated	dict-index	dictzip	exact	57	459
sample	repeated	dict-index	dictzip	exact	58	1208
sample	repeated	dict-index	dictzip	exact	59	459
sample	repeated	dict-index	dictzip	exact	60	1000
sample	repeated	dict-index	dictzip	exact	61	416
sample	repeated	dict-index	dictzip	exact	62	833
sample	repeated	dict-index	dictzip	exact	63	542
sample	repeated	dict-index	dictzip	exact	64	1333
sample	repeated	dict-index	dictzip	exact	65	500
sample	repeated	dict-index	dictzip	exact	66	833
sample	repeated	dict-index	dictzip	exact	67	417
sample	repeated	dict-index	dictzip	exact	68	958
sample	repeated	dict-index	dictzip	exact	69	375
sample	repeated	dict-index	dictzip	exact	70	875
sample	repeated	dict-index	dictzip	exact	71	584
sample	repeated	dict-index	dictzip	exact	72	1000
sample	repeated	dict-index	dictzip	exact	73	375
sample	repeated	dict-index	dictzip	exact	74	834
sample	repeated	dict-index	dictzip	exact	75	417
sample	repeated	dict-index	dictzip	exact	76	1000
sample	repeated	dict-index	dictzip	exact	77	459
sample	repeated	dict-index	dictzip	exact	78	1042
sample	repeated	dict-index	dictzip	exact	79	583
sample	repeated	dict-index	dictzip	exact	80	1125
sample	repeated	dict-index	dictzip	exact	81	458
sample	repeated	dict-index	dictzip	exact	82	875
sample	repeated	dict-index	dictzip	exact	83	459
sample	repeated	dict-index	dictzip	exact	84	875
sample	repeated	dict-index	dictzip	exact	85	417
sample	repeated	dict-index	dictzip	exact	86	709
sample	repeated	dict-index	dictzip	exact	87	583
sample	repeated	dict-index	dictzip	exact	88	791
sample	repeated	dict-index	dictzip	exact	89	417
sample	repeated	dict-index	dictzip	exact	90	666
sample	repeated	dict-index	dictzip	exact	91	417
sample	repeated	dict-index	dictzip	exact	92	917
sample	repeated	dict-index	dictzip	exact	93	458
sample	repeated	dict-index	dictzip	exact	94	875
sample	repeated	dict-index	dictzip	exact	95	583
sample	repeated	dict-index	dictzip	exact	96	875
sample	repeated	dict-index	dictzip	exact	97	417
sample	repeated	dict-index	dictzip	exact	98	917
sample	repeated	dict-index	dictzip	exact	99	417
sample	repeated	dict-index	dictzip	exact	100	1209
sample	repeated	dict-index	dictzip	exact	101	458
sample	repeated	dict-index	dictzip	exact	102	666
sample	repeated	dict-index	dictzip	exact	103	625
sample	repeated	dict-index	dictzip	exact	104	1375
sample	repeated	dict-index	dictzip	exact	105	459
sample	repeated	dict-index	dictzip	exact	106	792
sample	repeated	dict-index	dictzip	exact	107	417
sample	repeated	dict-index	dictzip	exact	108	1000
sample	repeated	dict-index	dictzip	exact	109	458
sample	repeated	dict-index	dictzip	exact	110	1083
sample	repeated	dict-index	dictzip	exact	111	625
sample	repeated	dict-index	dictzip	exact	112	1000
sample	repeated	dict-index	dictzip	exact	113	417
sample	repeated	dict-index	dictzip	exact	114	1083
sample	repeated	dict-index	dictzip	exact	115	458
sample	repeated	dict-index	dictzip	exact	116	875
sample	repeated	dict-index	dictzip	exact	117	416
sample	repeated	dict-index	dictzip	exact	118	709
sample	repeated	dict-index	dictzip	exact	119	625
sample	repeated	dict-index	dictzip	exact	120	875
sample	repeated	dict-index	dictzip	exact	121	417
sample	repeated	dict-index	dictzip	exact	122	875
sample	repeated	dict-index	dictzip	exact	123	417
sample	repeated	dict-index	dictzip	exact	124	1084
sample	repeated	dict-index	dictzip	exact	125	416
sample	repeated	dict-index	dictzip	exact	126	667
sample	repeated	dict-index	dictzip	exact	127	584
sample	repeated	dict-index	dictzip	exact	128	1334
sample	repeated	dict-index	dictzip	exact	129	792
sample	repeated	dict-index	dictzip	exact	130	791
sample	repeated	dict-index	dictzip	exact	131	375
sample	repeated	dict-index	dictzip	exact	132	750
sample	repeated	dict-index	dictzip	exact	133	375
sample	repeated	dict-index	dictzip	exact	134	791
sample	repeated	dict-index	dictzip	exact	135	625
sample	repeated	dict-index	dictzip	exact	136	916
sample	repeated	dict-index	dictzip	exact	137	500
sample	repeated	dict-index	dictzip	exact	138	667
sample	repeated	dict-index	dictzip	exact	139	458
sample	repeated	dict-index	dictzip	exact	140	1167
sample	repeated	dict-index	dictzip	exact	141	458
sample	repeated	dict-index	dictzip	exact	142	750
sample	repeated	dict-index	dictzip	exact	143	583
sample	repeated	dict-index	dictzip	exact	144	917
sample	repeated	dict-index	dictzip	exact	145	417
sample	repeated	dict-index	dictzip	exact	146	708
sample	repeated	dict-index	dictzip	exact	147	375
sample	repeated	dict-index	dictzip	exact	148	3500
sample	repeated	dict-index	dictzip	exact	149	500
sample	repeated	dict-index	dictzip	exact	150	666
sample	repeated	dict-index	dictzip	exact	151	625
sample	repeated	dict-index	dictzip	exact	152	917
sample	repeated	dict-index	dictzip	exact	153	542
sample	repeated	dict-index	dictzip	exact	154	667
sample	repeated	dict-index	dictzip	exact	155	416
sample	repeated	dict-index	dictzip	exact	156	958
sample	repeated	dict-index	dictzip	exact	157	417
sample	repeated	dict-index	dictzip	exact	158	875
sample	repeated	dict-index	dictzip	exact	159	583
sample	repeated	dict-index	dictzip	exact	160	958
sample	repeated	dict-index	dictzip	exact	161	375
sample	repeated	dict-index	dictzip	exact	162	750
sample	repeated	dict-index	dictzip	exact	163	417
sample	repeated	dict-index	dictzip	exact	164	1083
sample	repeated	dict-index	dictzip	exact	165	417
sample	repeated	dict-index	dictzip	exact	166	792
sample	repeated	dict-index	dictzip	exact	167	583
sample	repeated	dict-index	dictzip	exact	168	833
sample	repeated	dict-index	dictzip	exact	169	417
sample	repeated	dict-index	dictzip	exact	170	708
sample	repeated	dict-index	dictzip	exact	171	417
sample	repeated	dict-index	dictzip	exact	172	1250
sample	repeated	dict-index	dictzip	exact	173	417
sample	repeated	dict-index	dictzip	exact	174	959
sample	repeated	dict-index	dictzip	exact	175	584
sample	repeated	dict-index	dictzip	exact	176	1084
sample	repeated	dict-index	dictzip	exact	177	375
sample	repeated	dict-index	dictzip	exact	178	958
sample	repeated	dict-index	dictzip	exact	179	375
sample	repeated	dict-index	dictzip	exact	180	792
sample	repeated	dict-index	dictzip	exact	181	417
sample	repeated	dict-index	dictzip	exact	182	1000
sample	repeated	dict-index	dictzip	exact	183	583
sample	repeated	dict-index	dictzip	exact	184	1042
sample	repeated	dict-index	dictzip	exact	185	417
sample	repeated	dict-index	dictzip	exact	186	792
sample	repeated	dict-index	dictzip	exact	187	375
sample	repeated	dict-index	dictzip	exact	188	1084
sample	repeated	dict-index	dictzip	exact	189	375
sample	repeated	dict-index	dictzip	exact	190	875
sample	repeated	dict-index	dictzip	exact	191	583
sample	repeated	dict-index	dictzip	exact	192	709
sample	repeated	dict-index	dictzip	exact	193	375
sample	repeated	dict-index	dictzip	exact	194	834
sample	repeated	dict-index	dictzip	exact	195	583
sample	repeated	dict-index	dictzip	exact	196	958
sample	repeated	dict-index	dictzip	exact	197	416
sample	repeated	dict-index	dictzip	exact	198	1042
sample	repeated	dict-index	dictzip	exact	199	625
sample	repeated	dict-index	dictzip	exact	200	875
sample	repeated	dict-index	dictzip	exact	201	458
sample	repeated	dict-index	dictzip	exact	202	834
sample	repeated	dict-index	dictzip	exact	203	459
sample	repeated	dict-index	dictzip	exact	204	1083
sample	repeated	dict-index	dictzip	exact	205	458
sample	repeated	dict-index	dictzip	exact	206	875
sample	repeated	dict-index	dictzip	exact	207	625
sample	repeated	dict-index	dictzip	exact	208	917
sample	repeated	dict-index	dictzip	exact	209	417
sample	repeated	dict-index	dictzip	exact	210	667
sample	repeated	dict-index	dictzip	exact	211	417
sample	repeated	dict-index	dictzip	exact	212	875
sample	repeated	dict-index	dictzip	exact	213	375
sample	repeated	dict-index	dictzip	exact	214	833
sample	repeated	dict-index	dictzip	exact	215	625
sample	repeated	dict-index	dictzip	exact	216	1084
sample	repeated	dict-index	dictzip	exact	217	459
sample	repeated	dict-index	dictzip	exact	218	584
sample	repeated	dict-index	dictzip	exact	219	375
sample	repeated	dict-index	dictzip	exact	220	834
sample	repeated	dict-index	dictzip	exact	221	375
sample	repeated	dict-index	dictzip	exact	222	625
sample	repeated	dict-index	dictzip	exact	223	542
sample	repeated	dict-index	dictzip	exact	224	917
sample	repeated	dict-index	dictzip	exact	225	583
sample	repeated	dict-index	dictzip	exact	226	625
sample	repeated	dict-index	dictzip	exact	227	375
sample	repeated	dict-index	dictzip	exact	228	1083
sample	repeated	dict-index	dictzip	exact	229	375
sample	repeated	dict-index	dictzip	exact	230	708
sample	repeated	dict-index	dictzip	exact	231	583
sample	repeated	dict-index	dictzip	exact	232	3625
sample	repeated	dict-index	dictzip	exact	233	791
sample	repeated	dict-index	dictzip	exact	234	1209
sample	repeated	dict-index	dictzip	exact	235	584
sample	repeated	dict-index	dictzip	exact	236	1208
sample	repeated	dict-index	dictzip	exact	237	459
sample	repeated	dict-index	dictzip	exact	238	917
sample	repeated	dict-index	dictzip	exact	239	750
sample	repeated	dict-index	dictzip	exact	240	958
sample	repeated	dict-index	dictzip	exact	241	458
sample	repeated	dict-index	dictzip	exact	242	916
sample	repeated	dict-index	dictzip	exact	243	500
sample	repeated	dict-index	dictzip	exact	244	1083
sample	repeated	dict-index	dictzip	exact	245	500
sample	repeated	dict-index	dictzip	exact	246	959
sample	repeated	dict-index	dictzip	exact	247	708
sample	repeated	dict-index	dictzip	exact	248	834
sample	repeated	dict-index	dictzip	exact	249	417
sample	repeated	dict-index	dictzip	exact	250	708
sample	repeated	dict-index	dictzip	exact	251	500
sample	repeated	dict-index	dictzip	exact	252	1042
sample	repeated	dict-index	dictzip	exact	253	458
sample	repeated	dict-index	dictzip	exact	254	708
sample	repeated	dict-index	dictzip	exact	255	625
sample	repeated	dict-index	dictzip	exact	256	917
sample	repeated	dict-index	dictzip	exact	257	458
sample	repeated	dict-index	dictzip	exact	258	750
sample	repeated	dict-index	dictzip	exact	259	500
sample	repeated	dict-index	dictzip	exact	260	917
sample	repeated	dict-index	dictzip	exact	261	417
sample	repeated	dict-index	dictzip	exact	262	917
sample	repeated	dict-index	dictzip	exact	263	667
sample	repeated	dict-index	dictzip	exact	264	792
sample	repeated	dict-index	dictzip	exact	265	417
sample	repeated	dict-index	dictzip	exact	266	709
sample	repeated	dict-index	dictzip	exact	267	417
sample	repeated	dict-index	dictzip	exact	268	1042
sample	repeated	dict-index	dictzip	exact	269	416
sample	repeated	dict-index	dictzip	exact	270	917
sample	repeated	dict-index	dictzip	exact	271	625
sample	repeated	dict-index	dictzip	exact	272	875
sample	repeated	dict-index	dictzip	exact	273	417
sample	repeated	dict-index	dictzip	exact	274	708
sample	repeated	dict-index	dictzip	exact	275	417
sample	repeated	dict-index	dictzip	exact	276	875
sample	repeated	dict-index	dictzip	exact	277	416
sample	repeated	dict-index	dictzip	exact	278	667
sample	repeated	dict-index	dictzip	exact	279	625
sample	repeated	dict-index	dictzip	exact	280	916
sample	repeated	dict-index	dictzip	exact	281	458
sample	repeated	dict-index	dictzip	exact	282	709
sample	repeated	dict-index	dictzip	exact	283	417
sample	repeated	dict-index	dictzip	exact	284	1167
sample	repeated	dict-index	dictzip	exact	285	416
sample	repeated	dict-index	dictzip	exact	286	708
sample	repeated	dict-index	dictzip	exact	287	584
sample	repeated	dict-index	dictzip	exact	288	833
sample	repeated	dict-index	dictzip	exact	289	417
sample	repeated	dict-index	dictzip	exact	290	625
sample	repeated	dict-index	dictzip	exact	291	458
sample	repeated	dict-index	dictzip	exact	292	791
sample	repeated	dict-index	dictzip	exact	293	417
sample	repeated	dict-index	dictzip	exact	294	583
sample	repeated	dict-index	dictzip	exact	295	583
sample	repeated	dict-index	dictzip	exact	296	791
sample	repeated	dict-index	dictzip	exact	297	417
sample	repeated	dict-index	dictzip	exact	298	666
sample	repeated	dict-index	dictzip	exact	299	417
sample	repeated	dict-index	dictzip	exact	300	917
sample	repeated	dict-index	dictzip	exact	301	417
sample	repeated	dict-index	dictzip	exact	302	875
sample	repeated	dict-index	dictzip	exact	303	584
sample	repeated	dict-index	dictzip	exact	304	833
sample	repeated	dict-index	dictzip	exact	305	417
sample	repeated	dict-index	dictzip	exact	306	625
sample	repeated	dict-index	dictzip	exact	307	417
sample	repeated	dict-index	dictzip	exact	308	833
sample	repeated	dict-index	dictzip	exact	309	417
sample	repeated	dict-index	dictzip	exact	310	708
sample	repeated	dict-index	dictzip	exact	311	625
sample	repeated	dict-index	dictzip	exact	312	750
sample	repeated	dict-index	dictzip	exact	313	459
sample	repeated	dict-index	dictzip	exact	314	667
sample	repeated	dict-index	dictzip	exact	315	417
sample	repeated	dict-index	dictzip	exact	316	834
sample	repeated	dict-index	dictzip	exact	317	417
sample	repeated	dict-index	dictzip	exact	318	667
sample	repeated	dict-index	dictzip	exact	319	583
sample	repeated	dict-index	dictzip	exact	320	833
sample	repeated	dict-index	dictzip	exact	321	417
sample	repeated	dict-index	dictzip	exact	322	667
sample	repeated	dict-index	dictzip	exact	323	458
sample	repeated	dict-index	dictzip	exact	324	750
sample	repeated	dict-index	dictzip	exact	325	417
sample	repeated	dict-index	dictzip	exact	326	583
sample	repeated	dict-index	dictzip	exact	327	583
sample	repeated	dict-index	dictzip	exact	328	667
sample	repeated	dict-index	dictzip	exact	329	416
sample	repeated	dict-index	dictzip	exact	330	625
sample	repeated	dict-index	dictzip	exact	331	458
sample	repeated	dict-index	dictzip	exact	332	1209
sample	repeated	dict-index	dictzip	exact	333	417
sample	repeated	dict-index	dictzip	exact	334	875
sample	repeated	dict-index	dictzip	exact	335	625
sample	repeated	dict-index	dictzip	exact	336	834
sample	repeated	dict-index	dictzip	exact	337	458
sample	repeated	dict-index	dictzip	exact	338	625
sample	repeated	dict-index	dictzip	exact	339	416
sample	repeated	dict-index	dictzip	exact	340	791
sample	repeated	dict-index	dictzip	exact	341	416
sample	repeated	dict-index	dictzip	exact	342	708
sample	repeated	dict-index	dictzip	exact	343	583
sample	repeated	dict-index	dictzip	exact	344	833
sample	repeated	dict-index	dictzip	exact	345	500
sample	repeated	dict-index	dictzip	exact	346	583
sample	repeated	dict-index	dictzip	exact	347	417
sample	repeated	dict-index	dictzip	exact	348	750
sample	repeated	dict-index	dictzip	exact	349	416
sample	repeated	dict-index	dictzip	exact	350	834
sample	repeated	dict-index	dictzip	exact	351	625
sample	repeated	dict-index	dictzip	exact	352	792
sample	repeated	dict-index	dictzip	exact	353	417
sample	repeated	dict-index	dictzip	exact	354	666
sample	repeated	dict-index	dictzip	exact	355	417
sample	repeated	dict-index	dictzip	exact	356	750
sample	repeated	dict-index	dictzip	exact	357	375
sample	repeated	dict-index	dictzip	exact	358	584
sample	repeated	dict-index	dictzip	exact	359	625
sample	repeated	dict-index	dictzip	exact	360	833
sample	repeated	dict-index	dictzip	exact	361	4167
sample	repeated	dict-index	dictzip	exact	362	1500
sample	repeated	dict-index	dictzip	exact	363	417
sample	repeated	dict-index	dictzip	exact	364	917
sample	repeated	dict-index	dictzip	exact	365	2250
sample	repeated	dict-index	dictzip	exact	366	2000
sample	repeated	dict-index	dictzip	exact	367	1333
sample	repeated	dict-index	dictzip	exact	368	833
sample	repeated	dict-index	dictzip	exact	369	375
sample	repeated	dict-index	dictzip	exact	370	875
sample	repeated	dict-index	dictzip	exact	371	542
sample	repeated	dict-index	dictzip	exact	372	750
sample	repeated	dict-index	dictzip	exact	373	458
sample	repeated	dict-index	dictzip	exact	374	750
sample	repeated	dict-index	dictzip	exact	375	625
sample	repeated	dict-index	dictzip	exact	376	709
sample	repeated	dict-index	dictzip	exact	377	416
sample	repeated	dict-index	dictzip	exact	378	708
sample	repeated	dict-index	dictzip	exact	379	417
sample	repeated	dict-index	dictzip	exact	380	917
sample	repeated	dict-index	dictzip	exact	381	417
sample	repeated	dict-index	dictzip	exact	382	625
sample	repeated	dict-index	dictzip	exact	383	583
sample	repeated	dict-index	dictzip	exact	384	792
sample	repeated	dict-index	dictzip	exact	385	416
sample	repeated	dict-index	dictzip	exact	386	625
sample	repeated	dict-index	dictzip	exact	387	3000
sample	repeated	dict-index	dictzip	exact	388	3208
sample	repeated	dict-index	dictzip	exact	389	1000
sample	repeated	dict-index	dictzip	exact	390	1541
sample	repeated	dict-index	dictzip	exact	391	2292
sample	repeated	dict-index	dictzip	exact	392	4417
sample	repeated	dict-index	dictzip	exact	393	1209
sample	repeated	dict-index	dictzip	exact	394	1000
sample	repeated	dict-index	dictzip	exact	395	916
sample	repeated	dict-index	dictzip	exact	396	1083
sample	repeated	dict-index	dictzip	exact	397	500
sample	repeated	dict-index	dictzip	exact	398	917
sample	repeated	dict-index	dictzip	exact	399	875
sample	repeated	dict-index	dictzip	exact	400	1041
sample	repeated	dict-index	dictzip	exact	401	4458
sample	repeated	dict-index	dictzip	exact	402	709
sample	repeated	dict-index	dictzip	exact	403	542
sample	repeated	dict-index	dictzip	exact	404	958
sample	repeated	dict-index	dictzip	exact	405	500
sample	repeated	dict-index	dictzip	exact	406	1042
sample	repeated	dict-index	dictzip	exact	407	666
sample	repeated	dict-index	dictzip	exact	408	958
sample	repeated	dict-index	dictzip	exact	409	417
sample	repeated	dict-index	dictzip	exact	410	708
sample	repeated	dict-index	dictzip	exact	411	625
sample	repeated	dict-index	dictzip	exact	412	1083
sample	repeated	dict-index	dictzip	exact	413	416
sample	repeated	dict-index	dictzip	exact	414	750
sample	repeated	dict-index	dictzip	exact	415	625
sample	repeated	dict-index	dictzip	exact	416	875
sample	repeated	dict-index	dictzip	exact	417	417
sample	repeated	dict-index	dictzip	exact	418	667
sample	repeated	dict-index	dictzip	exact	419	417
sample	repeated	dict-index	dictzip	exact	420	1166
sample	repeated	dict-index	dictzip	exact	421	416
sample	repeated	dict-index	dictzip	exact	422	875
sample	repeated	dict-index	dictzip	exact	423	541
sample	repeated	dict-index	dictzip	exact	424	1083
sample	repeated	dict-index	dictzip	exact	425	459
sample	repeated	dict-index	dictzip	exact	426	1416
sample	repeated	dict-index	dictzip	exact	427	416
sample	repeated	dict-index	dictzip	exact	428	958
sample	repeated	dict-index	dictzip	exact	429	375
sample	repeated	dict-index	dictzip	exact	430	917
sample	repeated	dict-index	dictzip	exact	431	542
sample	repeated	dict-index	dictzip	exact	432	1000
sample	repeated	dict-index	dictzip	exact	433	375
sample	repeated	dict-index	dictzip	exact	434	875
sample	repeated	dict-index	dictzip	exact	435	375
sample	repeated	dict-index	dictzip	exact	436	875
sample	repeated	dict-index	dictzip	exact	437	375
sample	repeated	dict-index	dictzip	exact	438	833
sample	repeated	dict-index	dictzip	exact	439	584
sample	repeated	dict-index	dictzip	exact	440	834
sample	repeated	dict-index	dictzip	exact	441	416
sample	repeated	dict-index	dictzip	exact	442	875
sample	repeated	dict-index	dictzip	exact	443	417
sample	repeated	dict-index	dictzip	exact	444	958
sample	repeated	dict-index	dictzip	exact	445	416
sample	repeated	dict-index	dictzip	exact	446	791
sample	repeated	dict-index	dictzip	exact	447	542
sample	repeated	dict-index	dictzip	exact	448	1042
sample	repeated	dict-index	dictzip	exact	449	375
sample	repeated	dict-index	dictzip	exact	450	708
sample	repeated	dict-index	dictzip	exact	451	416
sample	repeated	dict-index	dictzip	exact	452	875
sample	repeated	dict-index	dictzip	exact	453	375
sample	repeated	dict-index	dictzip	exact	454	625
sample	repeated	dict-index	dictzip	exact	455	542
sample	repeated	dict-index	dictzip	exact	456	833
sample	repeated	dict-index	dictzip	exact	457	375
sample	repeated	dict-index	dictzip	exact	458	709
sample	repeated	dict-index	dictzip	exact	459	416
sample	repeated	dict-index	dictzip	exact	460	1250
sample	repeated	dict-index	dictzip	exact	461	459
sample	repeated	dict-index	dictzip	exact	462	917
sample	repeated	dict-index	dictzip	exact	463	541
sample	repeated	dict-index	dictzip	exact	464	1000
sample	repeated	dict-index	dictzip	exact	465	375
sample	repeated	dict-index	dictzip	exact	466	625
sample	repeated	dict-index	dictzip	exact	467	375
sample	repeated	dict-index	dictzip	exact	468	750
sample	repeated	dict-index	dictzip	exact	469	375
sample	repeated	dict-index	dictzip	exact	470	625
sample	repeated	dict-index	dictzip	exact	471	542
sample	repeated	dict-index	dictzip	exact	472	750
sample	repeated	dict-index	dictzip	exact	473	375
sample	repeated	dict-index	dictzip	exact	474	625
sample	repeated	dict-index	dictzip	exact	475	416
sample	repeated	dict-index	dictzip	exact	476	750
sample	repeated	dict-index	dictzip	exact	477	417
sample	repeated	dict-index	dictzip	exact	478	666
sample	repeated	dict-index	dictzip	exact	479	542
sample	repeated	dict-index	dictzip	exact	480	1041
sample	repeated	dict-index	dictzip	exact	481	417
sample	repeated	dict-index	dictzip	exact	482	625
sample	repeated	dict-index	dictzip	exact	483	417
sample	repeated	dict-index	dictzip	exact	484	916
sample	repeated	dict-index	dictzip	exact	485	375
sample	repeated	dict-index	dictzip	exact	486	667
sample	repeated	dict-index	dictzip	exact	487	583
sample	repeated	dict-index	dictzip	exact	488	709
sample	repeated	dict-index	dictzip	exact	489	500
sample	repeated	dict-index	dictzip	exact	490	792
sample	repeated	dict-index	dictzip	exact	491	417
sample	repeated	dict-index	dictzip	exact	492	916
sample	repeated	dict-index	dictzip	exact	493	375
sample	repeated	dict-index	dictzip	exact	494	750
sample	repeated	dict-index	dictzip	exact	495	583
sample	repeated	dict-index	dictzip	exact	496	875
sample	repeated	dict-index	dictzip	exact	497	375
sample	repeated	dict-index	dictzip	exact	498	667
sample	repeated	dict-index	dictzip	exact	499	416
sample	repeated	dict-index	dictzip	exact	500	750
sample	repeated	dict-index	dictzip	exact	501	416
sample	repeated	dict-index	dictzip	exact	502	708
sample	repeated	dict-index	dictzip	exact	503	542
sample	repeated	dict-index	dictzip	exact	504	750
sample	repeated	dict-index	dictzip	exact	505	416
sample	repeated	dict-index	dictzip	exact	506	708
sample	repeated	dict-index	dictzip	exact	507	416
sample	repeated	dict-index	dictzip	exact	508	791
sample	repeated	dict-index	dictzip	exact	509	375
sample	repeated	dict-index	dictzip	exact	510	708
sample	repeated	dict-index	dictzip	exact	511	583
sample	repeated	dict-index	dictzip	exact	512	709
sample	repeated	dict-index	dictzip	exact	513	458
sample	repeated	dict-index	dictzip	exact	514	625
sample	repeated	dict-index	dictzip	exact	515	375
sample	repeated	dict-index	dictzip	exact	516	833
sample	repeated	dict-index	dictzip	exact	517	417
sample	repeated	dict-index	dictzip	exact	518	625
sample	repeated	dict-index	dictzip	exact	519	583
sample	repeated	dict-index	dictzip	exact	520	791
sample	repeated	dict-index	dictzip	exact	521	375
sample	repeated	dict-index	dictzip	exact	522	625
sample	repeated	dict-index	dictzip	exact	523	417
sample	repeated	dict-index	dictzip	exact	524	1250
sample	repeated	dict-index	dictzip	exact	525	417
sample	repeated	dict-index	dictzip	exact	526	875
sample	repeated	dict-index	dictzip	exact	527	583
sample	repeated	dict-index	dictzip	exact	528	792
sample	repeated	dict-index	dictzip	exact	529	375
sample	repeated	dict-index	dictzip	exact	530	583
sample	repeated	dict-index	dictzip	exact	531	375
sample	repeated	dict-index	dictzip	exact	532	833
sample	repeated	dict-index	dictzip	exact	533	417
sample	repeated	dict-index	dictzip	exact	534	750
sample	repeated	dict-index	dictzip	exact	535	2250
sample	repeated	dict-index	dictzip	exact	536	1042
sample	repeated	dict-index	dictzip	exact	537	417
sample	repeated	dict-index	dictzip	exact	538	750
sample	repeated	dict-index	dictzip	exact	539	500
sample	repeated	dict-index	dictzip	exact	540	708
sample	repeated	dict-index	dictzip	exact	541	417
sample	repeated	dict-index	dictzip	exact	542	875
sample	repeated	dict-index	dictzip	exact	543	625
sample	repeated	dict-index	dictzip	exact	544	875
sample	repeated	dict-index	dictzip	exact	545	417
sample	repeated	dict-index	dictzip	exact	546	1042
sample	repeated	dict-index	dictzip	exact	547	375
sample	repeated	dict-index	dictzip	exact	548	750
sample	repeated	dict-index	dictzip	exact	549	417
sample	repeated	dict-index	dictzip	exact	550	22458
sample	repeated	dict-index	dictzip	exact	551	750
sample	repeated	dict-index	dictzip	exact	552	875
sample	repeated	dict-index	dictzip	exact	553	417
sample	repeated	dict-index	dictzip	exact	554	709
sample	repeated	dict-index	dictzip	exact	555	375
sample	repeated	dict-index	dictzip	exact	556	875
sample	repeated	dict-index	dictzip	exact	557	416
sample	repeated	dict-index	dictzip	exact	558	917
sample	repeated	dict-index	dictzip	exact	559	583
sample	repeated	dict-index	dictzip	exact	560	833
sample	repeated	dict-index	dictzip	exact	561	417
sample	repeated	dict-index	dictzip	exact	562	667
sample	repeated	dict-index	dictzip	exact	563	417
sample	repeated	dict-index	dictzip	exact	564	917
sample	repeated	dict-index	dictzip	exact	565	417
sample	repeated	dict-index	dictzip	exact	566	709
sample	repeated	dict-index	dictzip	exact	567	584
sample	repeated	dict-index	dictzip	exact	568	917
sample	repeated	dict-index	dictzip	exact	569	375
sample	repeated	dict-index	dictzip	exact	570	584
sample	repeated	dict-index	dictzip	exact	571	417
sample	repeated	dict-index	dictzip	exact	572	958
sample	repeated	dict-index	dictzip	exact	573	375
sample	repeated	dict-index	dictzip	exact	574	708
sample	repeated	dict-index	dictzip	exact	575	750
sample	repeated	dict-index	dictzip	exact	576	833
sample	repeated	dict-index	dictzip	exact	577	458
sample	repeated	dict-index	dictzip	exact	578	708
sample	repeated	dict-index	dictzip	exact	579	500
sample	repeated	dict-index	dictzip	exact	580	959
sample	repeated	dict-index	dictzip	exact	581	416
sample	repeated	dict-index	dictzip	exact	582	667
sample	repeated	dict-index	dictzip	exact	583	625
sample	repeated	dict-index	dictzip	exact	584	833
sample	repeated	dict-index	dictzip	exact	585	375
sample	repeated	dict-index	dictzip	exact	586	750
sample	repeated	dict-index	dictzip	exact	587	416
sample	repeated	dict-index	dictzip	exact	588	1041
sample	repeated	dict-index	dictzip	exact	589	458
sample	repeated	dict-index	dictzip	exact	590	875
sample	repeated	dict-index	dictzip	exact	591	584
sample	repeated	dict-index	dictzip	exact	592	833
sample	repeated	dict-index	dictzip	exact	593	417
sample	repeated	dict-index	dictzip	exact	594	750
sample	repeated	dict-index	dictzip	exact	595	417
sample	repeated	dict-index	dictzip	exact	596	792
sample	repeated	dict-index	dictzip	exact	597	417
sample	repeated	dict-index	dictzip	exact	598	667
sample	repeated	dict-index	dictzip	exact	599	542
sample	repeated	dict-index	dictzip	exact	600	750
sample	repeated	dict-index	dictzip	exact	601	416
sample	repeated	dict-index	dictzip	exact	602	667
sample	repeated	dict-index	dictzip	exact	603	417
sample	repeated	dict-index	dictzip	exact	604	833
sample	repeated	dict-index	dictzip	exact	605	375
sample	repeated	dict-index	dictzip	exact	606	750
sample	repeated	dict-index	dictzip	exact	607	584
sample	repeated	dict-index	dictzip	exact	608	750
sample	repeated	dict-index	dictzip	exact	609	458
sample	repeated	dict-index	dictzip	exact	610	875
sample	repeated	dict-index	dictzip	exact	611	417
sample	repeated	dict-index	dictzip	exact	612	708
sample	repeated	dict-index	dictzip	exact	613	417
sample	repeated	dict-index	dictzip	exact	614	834
sample	repeated	dict-index	dictzip	exact	615	625
sample	repeated	dict-index	dictzip	exact	616	750
sample	repeated	dict-index	dictzip	exact	617	375
sample	repeated	dict-index	dictzip	exact	618	583
sample	repeated	dict-index	dictzip	exact	619	375
sample	repeated	dict-index	dictzip	exact	620	834
sample	repeated	dict-index	dictzip	exact	621	375
sample	repeated	dict-index	dictzip	exact	622	792
sample	repeated	dict-index	dictzip	exact	623	584
sample	repeated	dict-index	dictzip	exact	624	834
sample	repeated	dict-index	dictzip	exact	625	458
sample	repeated	dict-index	dictzip	exact	626	625
sample	repeated	dict-index	dictzip	exact	627	417
sample	repeated	dict-index	dictzip	exact	628	750
sample	repeated	dict-index	dictzip	exact	629	417
sample	repeated	dict-index	dictzip	exact	630	583
sample	repeated	dict-index	dictzip	exact	631	584
sample	repeated	dict-index	dictzip	exact	632	750
sample	repeated	dict-index	dictzip	exact	633	417
sample	repeated	dict-index	dictzip	exact	634	542
sample	repeated	dict-index	dictzip	exact	635	416
sample	repeated	dict-index	dictzip	exact	636	834
sample	repeated	dict-index	dictzip	exact	637	375
sample	repeated	dict-index	dictzip	exact	638	625
sample	repeated	dict-index	dictzip	exact	639	625
sample	repeated	dict-index	dictzip	exact	640	708
sample	repeated	dict-index	dictzip	exact	641	458
sample	repeated	dict-index	dictzip	exact	642	708
sample	repeated	dict-index	dictzip	exact	643	417
sample	repeated	dict-index	dictzip	exact	644	750
sample	repeated	dict-index	dictzip	exact	645	416
sample	repeated	dict-index	dictzip	exact	646	542
sample	repeated	dict-index	dictzip	exact	647	583
sample	repeated	dict-index	dictzip	exact	648	791
sample	repeated	dict-index	dictzip	exact	649	375
sample	repeated	dict-index	dictzip	exact	650	625
sample	repeated	dict-index	dictzip	exact	651	417
sample	repeated	dict-index	dictzip	exact	652	1000
sample	repeated	dict-index	dictzip	exact	653	375
sample	repeated	dict-index	dictzip	exact	654	792
sample	repeated	dict-index	dictzip	exact	655	542
sample	repeated	dict-index	dictzip	exact	656	750
sample	repeated	dict-index	dictzip	exact	657	417
sample	repeated	dict-index	dictzip	exact	658	667
sample	repeated	dict-index	dictzip	exact	659	458
sample	repeated	dict-index	dictzip	exact	660	750
sample	repeated	dict-index	dictzip	exact	661	375
sample	repeated	dict-index	dictzip	exact	662	625
sample	repeated	dict-index	dictzip	exact	663	25542
sample	repeated	dict-index	dictzip	exact	664	2125
sample	repeated	dict-index	dictzip	exact	665	666
sample	repeated	dict-index	dictzip	exact	666	792
sample	repeated	dict-index	dictzip	exact	667	500
sample	repeated	dict-index	dictzip	exact	668	916
sample	repeated	dict-index	dictzip	exact	669	458
sample	repeated	dict-index	dictzip	exact	670	667
sample	repeated	dict-index	dictzip	exact	671	750
sample	repeated	dict-index	dictzip	exact	672	792
sample	repeated	dict-index	dictzip	exact	673	1917
sample	repeated	dict-index	dictzip	exact	674	1125
sample	repeated	dict-index	dictzip	exact	675	541
sample	repeated	dict-index	dictzip	exact	676	1292
sample	repeated	dict-index	dictzip	exact	677	500
sample	repeated	dict-index	dictzip	exact	678	833
sample	repeated	dict-index	dictzip	exact	679	834
sample	repeated	dict-index	dictzip	exact	680	1084
sample	repeated	dict-index	dictzip	exact	681	500
sample	repeated	dict-index	dictzip	exact	682	833
sample	repeated	dict-index	dictzip	exact	683	500
sample	repeated	dict-index	dictzip	exact	684	959
sample	repeated	dict-index	dictzip	exact	685	417
sample	repeated	dict-index	dictzip	exact	686	1000
sample	repeated	dict-index	dictzip	exact	687	666
sample	repeated	dict-index	dictzip	exact	688	1000
sample	repeated	dict-index	dictzip	exact	689	416
sample	repeated	dict-index	dictzip	exact	690	709
sample	repeated	dict-index	dictzip	exact	691	459
sample	repeated	dict-index	dictzip	exact	692	1000
sample	repeated	dict-index	dictzip	exact	693	459
sample	repeated	dict-index	dictzip	exact	694	750
sample	repeated	dict-index	dictzip	exact	695	583
sample	repeated	dict-index	dictzip	exact	696	1000
sample	repeated	dict-index	dictzip	exact	697	375
sample	repeated	dict-index	dictzip	exact	698	709
sample	repeated	dict-index	dictzip	exact	699	417
sample	repeated	dict-index	dictzip	exact	700	1000
sample	repeated	dict-index	dictzip	exact	701	375
sample	repeated	dict-index	dictzip	exact	702	791
sample	repeated	dict-index	dictzip	exact	703	709
sample	repeated	dict-index	dictzip	exact	704	1000
sample	repeated	dict-index	dictzip	exact	705	417
sample	repeated	dict-index	dictzip	exact	706	833
sample	repeated	dict-index	dictzip	exact	707	458
sample	repeated	dict-index	dictzip	exact	708	1167
sample	repeated	dict-index	dictzip	exact	709	375
sample	repeated	dict-index	dictzip	exact	710	750
sample	repeated	dict-index	dictzip	exact	711	542
sample	repeated	dict-index	dictzip	exact	712	959
sample	repeated	dict-index	dictzip	exact	713	417
sample	repeated	dict-index	dictzip	exact	714	917
sample	repeated	dict-index	dictzip	exact	715	458
sample	repeated	dict-index	dictzip	exact	716	1042
sample	repeated	dict-index	dictzip	exact	717	416
sample	repeated	dict-index	dictzip	exact	718	791
sample	repeated	dict-index	dictzip	exact	719	542
sample	repeated	dict-index	dictzip	exact	720	1250
sample	repeated	dict-index	dictzip	exact	721	417
sample	repeated	dict-index	dictzip	exact	722	625
sample	repeated	dict-index	dictzip	exact	723	417
sample	repeated	dict-index	dictzip	exact	724	875
sample	repeated	dict-index	dictzip	exact	725	416
sample	repeated	dict-index	dictzip	exact	726	750
sample	repeated	dict-index	dictzip	exact	727	584
sample	repeated	dict-index	dictzip	exact	728	875
sample	repeated	dict-index	dictzip	exact	729	375
sample	repeated	dict-index	dictzip	exact	730	875
sample	repeated	dict-index	dictzip	exact	731	750
sample	repeated	dict-index	dictzip	exact	732	834
sample	repeated	dict-index	dictzip	exact	733	458
sample	repeated	dict-index	dictzip	exact	734	750
sample	repeated	dict-index	dictzip	exact	735	542
sample	repeated	dict-index	dictzip	exact	736	791
sample	repeated	dict-index	dictzip	exact	737	375
sample	repeated	dict-index	dictzip	exact	738	584
sample	repeated	dict-index	dictzip	exact	739	417
sample	repeated	dict-index	dictzip	exact	740	875
sample	repeated	dict-index	dictzip	exact	741	417
sample	repeated	dict-index	dictzip	exact	742	792
sample	repeated	dict-index	dictzip	exact	743	542
sample	repeated	dict-index	dictzip	exact	744	792
sample	repeated	dict-index	dictzip	exact	745	375
sample	repeated	dict-index	dictzip	exact	746	625
sample	repeated	dict-index	dictzip	exact	747	375
sample	repeated	dict-index	dictzip	exact	748	959
sample	repeated	dict-index	dictzip	exact	749	375
sample	repeated	dict-index	dictzip	exact	750	792
sample	repeated	dict-index	dictzip	exact	751	542
sample	repeated	dict-index	dictzip	exact	752	959
sample	repeated	dict-index	dictzip	exact	753	375
sample	repeated	dict-index	dictzip	exact	754	625
sample	repeated	dict-index	dictzip	exact	755	417
sample	repeated	dict-index	dictzip	exact	756	7458
sample	repeated	dict-index	dictzip	exact	757	1459
sample	repeated	dict-index	dictzip	exact	758	917
sample	repeated	dict-index	dictzip	exact	759	667
sample	repeated	dict-index	dictzip	exact	760	875
sample	repeated	dict-index	dictzip	exact	761	417
sample	repeated	dict-index	dictzip	exact	762	666
sample	repeated	dict-index	dictzip	exact	763	417
sample	repeated	dict-index	dictzip	exact	764	1083
sample	repeated	dict-index	dictzip	exact	765	375
sample	repeated	dict-index	dictzip	exact	766	666
sample	repeated	dict-index	dictzip	exact	767	625
sample	repeated	dict-index	dictzip	exact	768	750
sample	repeated	dict-index	dictzip	exact	769	416
sample	repeated	dict-index	dictzip	exact	770	625
sample	repeated	dict-index	dictzip	exact	771	416
sample	repeated	dict-index	dictzip	exact	772	958
sample	repeated	dict-index	dictzip	exact	773	375
sample	repeated	dict-index	dictzip	exact	774	750
sample	repeated	dict-index	dictzip	exact	775	666
sample	repeated	dict-index	dictzip	exact	776	834
sample	repeated	dict-index	dictzip	exact	777	416
sample	repeated	dict-index	dictzip	exact	778	583
sample	repeated	dict-index	dictzip	exact	779	416
sample	repeated	dict-index	dictzip	exact	780	833
sample	repeated	dict-index	dictzip	exact	781	417
sample	repeated	dict-index	dictzip	exact	782	791
sample	repeated	dict-index	dictzip	exact	783	625
sample	repeated	dict-index	dictzip	exact	784	1000
sample	repeated	dict-index	dictzip	exact	785	458
sample	repeated	dict-index	dictzip	exact	786	625
sample	repeated	dict-index	dictzip	exact	787	416
sample	repeated	dict-index	dictzip	exact	788	833
sample	repeated	dict-index	dictzip	exact	789	375
sample	repeated	dict-index	dictzip	exact	790	667
sample	repeated	dict-index	dictzip	exact	791	584
sample	repeated	dict-index	dictzip	exact	792	792
sample	repeated	dict-index	dictzip	exact	793	334
sample	repeated	dict-index	dictzip	exact	794	750
sample	repeated	dict-index	dictzip	exact	795	375
sample	repeated	dict-index	dictzip	exact	796	834
sample	repeated	dict-index	dictzip	exact	797	417
sample	repeated	dict-index	dictzip	exact	798	792
sample	repeated	dict-index	dictzip	exact	799	583
sample	repeated	dict-index	dictzip	exact	800	709
sample	repeated	dict-index	dictzip	exact	801	375
sample	repeated	dict-index	dictzip	exact	802	750
sample	repeated	dict-index	dictzip	exact	803	417
sample	repeated	dict-index	dictzip	exact	804	708
sample	repeated	dict-index	dictzip	exact	805	375
sample	repeated	dict-index	dictzip	exact	806	625
sample	repeated	dict-index	dictzip	exact	807	6417
sample	repeated	dict-index	dictzip	exact	808	2708
sample	repeated	dict-index	dictzip	exact	809	958
sample	repeated	dict-index	dictzip	exact	810	2125
sample	repeated	dict-index	dictzip	exact	811	1083
sample	repeated	dict-index	dictzip	exact	812	2500
sample	repeated	dict-index	dictzip	exact	813	792
sample	repeated	dict-index	dictzip	exact	814	1959
sample	repeated	dict-index	dictzip	exact	815	1458
sample	repeated	dict-index	dictzip	exact	816	2500
sample	repeated	dict-index	dictzip	exact	817	1000
sample	repeated	dict-index	dictzip	exact	818	1542
sample	repeated	dict-index	dictzip	exact	819	3042
sample	repeated	dict-index	dictzip	exact	820	4584
sample	repeated	dict-index	dictzip	exact	821	2041
sample	repeated	dict-index	dictzip	exact	822	4000
sample	repeated	dict-index	dictzip	exact	823	2708
sample	repeated	dict-index	dictzip	exact	824	2500
sample	repeated	dict-index	dictzip	exact	825	1166
sample	repeated	dict-index	dictzip	exact	826	1708
sample	repeated	dict-index	dictzip	exact	827	8250
sample	repeated	dict-index	dictzip	exact	828	2250
sample	repeated	dict-index	dictzip	exact	829	875
sample	repeated	dict-index	dictzip	exact	830	1542
sample	repeated	dict-index	dictzip	exact	831	1542
sample	repeated	dict-index	dictzip	exact	832	2000
sample	repeated	dict-index	dictzip	exact	833	875
sample	repeated	dict-index	dictzip	exact	834	1584
sample	repeated	dict-index	dictzip	exact	835	1000
sample	repeated	dict-index	dictzip	exact	836	2417
sample	repeated	dict-index	dictzip	exact	837	917
sample	repeated	dict-index	dictzip	exact	838	3958
sample	repeated	dict-index	dictzip	exact	839	1792
sample	repeated	dict-index	dictzip	exact	840	1167
sample	repeated	dict-index	dictzip	exact	841	458
sample	repeated	dict-index	dictzip	exact	842	708
sample	repeated	dict-index	dictzip	exact	843	625
sample	repeated	dict-index	dictzip	exact	844	1041
sample	repeated	dict-index	dictzip	exact	845	417
sample	repeated	dict-index	dictzip	exact	846	1167
sample	repeated	dict-index	dictzip	exact	847	625
sample	repeated	dict-index	dictzip	exact	848	1083
sample	repeated	dict-index	dictzip	exact	849	459
sample	repeated	dict-index	dictzip	exact	850	1000
sample	repeated	dict-index	dictzip	exact	851	375
sample	repeated	dict-index	dictzip	exact	852	1042
sample	repeated	dict-index	dictzip	exact	853	416
sample	repeated	dict-index	dictzip	exact	854	833
sample	repeated	dict-index	dictzip	exact	855	583
sample	repeated	dict-index	dictzip	exact	856	958
sample	repeated	dict-index	dictzip	exact	857	417
sample	repeated	dict-index	dictzip	exact	858	667
sample	repeated	dict-index	dictzip	exact	859	417
sample	repeated	dict-index	dictzip	exact	860	1000
sample	repeated	dict-index	dictzip	exact	861	459
sample	repeated	dict-index	dictzip	exact	862	1000
sample	repeated	dict-index	dictzip	exact	863	625
sample	repeated	dict-index	dictzip	exact	864	1083
sample	repeated	dict-index	dictzip	exact	865	375
sample	repeated	dict-index	dictzip	exact	866	833
sample	repeated	dict-index	dictzip	exact	867	416
sample	repeated	dict-index	dictzip	exact	868	1042
sample	repeated	dict-index	dictzip	exact	869	375
sample	repeated	dict-index	dictzip	exact	870	1042
sample	repeated	dict-index	dictzip	exact	871	583
sample	repeated	dict-index	dictzip	exact	872	959
sample	repeated	dict-index	dictzip	exact	873	375
sample	repeated	dict-index	dictzip	exact	874	750
sample	repeated	dict-index	dictzip	exact	875	375
sample	repeated	dict-index	dictzip	exact	876	1125
sample	repeated	dict-index	dictzip	exact	877	375
sample	repeated	dict-index	dictzip	exact	878	792
sample	repeated	dict-index	dictzip	exact	879	542
sample	repeated	dict-index	dictzip	exact	880	1375
sample	repeated	dict-index	dictzip	exact	881	375
sample	repeated	dict-index	dictzip	exact	882	916
sample	repeated	dict-index	dictzip	exact	883	458
sample	repeated	dict-index	dictzip	exact	884	1209
sample	repeated	dict-index	dictzip	exact	885	416
sample	repeated	dict-index	dictzip	exact	886	834
sample	repeated	dict-index	dictzip	exact	887	542
sample	repeated	dict-index	dictzip	exact	888	1083
sample	repeated	dict-index	dictzip	exact	889	375
sample	repeated	dict-index	dictzip	exact	890	1084
sample	repeated	dict-index	dictzip	exact	891	417
sample	repeated	dict-index	dictzip	exact	892	1084
sample	repeated	dict-index	dictzip	exact	893	375
sample	repeated	dict-index	dictzip	exact	894	667
sample	repeated	dict-index	dictzip	exact	895	583
sample	repeated	dict-index	dictzip	exact	896	834
sample	repeated	dict-index	dictzip	exact	897	416
sample	repeated	dict-index	dictzip	exact	898	875
sample	repeated	dict-index	dictzip	exact	899	375
sample	repeated	dict-index	dictzip	exact	900	917
sample	repeated	dict-index	dictzip	exact	901	417
sample	repeated	dict-index	dictzip	exact	902	625
sample	repeated	dict-index	dictzip	exact	903	625
sample	repeated	dict-index	dictzip	exact	904	916
sample	repeated	dict-index	dictzip	exact	905	375
sample	repeated	dict-index	dictzip	exact	906	542
sample	repeated	dict-index	dictzip	exact	907	375
sample	repeated	dict-index	dictzip	exact	908	959
sample	repeated	dict-index	dictzip	exact	909	375
sample	repeated	dict-index	dictzip	exact	910	833
sample	repeated	dict-index	dictzip	exact	911	625
sample	repeated	dict-index	dictzip	exact	912	834
sample	repeated	dict-index	dictzip	exact	913	416
sample	repeated	dict-index	dictzip	exact	914	584
sample	repeated	dict-index	dictzip	exact	915	375
sample	repeated	dict-index	dictzip	exact	916	792
sample	repeated	dict-index	dictzip	exact	917	416
sample	repeated	dict-index	dictzip	exact	918	625
sample	repeated	dict-index	dictzip	exact	919	584
sample	repeated	dict-index	dictzip	exact	920	792
sample	repeated	dict-index	dictzip	exact	921	375
sample	repeated	dict-index	dictzip	exact	922	625
sample	repeated	dict-index	dictzip	exact	923	416
sample	repeated	dict-index	dictzip	exact	924	708
sample	repeated	dict-index	dictzip	exact	925	417
sample	repeated	dict-index	dictzip	exact	926	2833
sample	repeated	dict-index	dictzip	exact	927	750
sample	repeated	dict-index	dictzip	exact	928	916
sample	repeated	dict-index	dictzip	exact	929	416
sample	repeated	dict-index	dictzip	exact	930	833
sample	repeated	dict-index	dictzip	exact	931	500
sample	repeated	dict-index	dictzip	exact	932	1125
sample	repeated	dict-index	dictzip	exact	933	417
sample	repeated	dict-index	dictzip	exact	934	833
sample	repeated	dict-index	dictzip	exact	935	625
sample	repeated	dict-index	dictzip	exact	936	959
sample	repeated	dict-index	dictzip	exact	937	416
sample	repeated	dict-index	dictzip	exact	938	583
sample	repeated	dict-index	dictzip	exact	939	458
sample	repeated	dict-index	dictzip	exact	940	833
sample	repeated	dict-index	dictzip	exact	941	709
sample	repeated	dict-index	dictzip	exact	942	1042
sample	repeated	dict-index	dictzip	exact	943	625
sample	repeated	dict-index	dictzip	exact	944	875
sample	repeated	dict-index	dictzip	exact	945	458
sample	repeated	dict-index	dictzip	exact	946	833
sample	repeated	dict-index	dictzip	exact	947	459
sample	repeated	dict-index	dictzip	exact	948	833
sample	repeated	dict-index	dictzip	exact	949	416
sample	repeated	dict-index	dictzip	exact	950	583
sample	repeated	dict-index	dictzip	exact	951	708
sample	repeated	dict-index	dictzip	exact	952	875
sample	repeated	dict-index	dictzip	exact	953	416
sample	repeated	dict-index	dictzip	exact	954	791
sample	repeated	dict-index	dictzip	exact	955	375
sample	repeated	dict-index	dictzip	exact	956	875
sample	repeated	dict-index	dictzip	exact	957	416
sample	repeated	dict-index	dictzip	exact	958	667
sample	repeated	dict-index	dictzip	exact	959	583
sample	repeated	dict-index	dictzip	exact	960	875
sample	repeated	dict-index	dictzip	exact	961	417
sample	repeated	dict-index	dictzip	exact	962	708
sample	repeated	dict-index	dictzip	exact	963	500
sample	repeated	dict-index	dictzip	exact	964	875
sample	repeated	dict-index	dictzip	exact	965	417
sample	repeated	dict-index	dictzip	exact	966	709
sample	repeated	dict-index	dictzip	exact	967	583
sample	repeated	dict-index	dictzip	exact	968	792
sample	repeated	dict-index	dictzip	exact	969	334
sample	repeated	dict-index	dictzip	exact	970	750
sample	repeated	dict-index	dictzip	exact	971	417
sample	repeated	dict-index	dictzip	exact	972	1167
sample	repeated	dict-index	dictzip	exact	973	417
sample	repeated	dict-index	dictzip	exact	974	708
sample	repeated	dict-index	dictzip	exact	975	583
sample	repeated	dict-index	dictzip	exact	976	834
sample	repeated	dict-index	dictzip	exact	977	417
sample	repeated	dict-index	dictzip	exact	978	750
sample	repeated	dict-index	dictzip	exact	979	375
sample	repeated	dict-index	dictzip	exact	980	791
sample	repeated	dict-index	dictzip	exact	981	542
sample	repeated	dict-index	dictzip	exact	982	625
sample	repeated	dict-index	dictzip	exact	983	5916
sample	repeated	dict-index	dictzip	exact	984	1458
sample	repeated	dict-index	dictzip	exact	985	375
sample	repeated	dict-index	dictzip	exact	986	708
sample	repeated	dict-index	dictzip	exact	987	416
sample	repeated	dict-index	dictzip	exact	988	959
sample	repeated	dict-index	dictzip	exact	989	416
sample	repeated	dict-index	dictzip	exact	990	709
sample	repeated	dict-index	dictzip	exact	991	750
sample	repeated	dict-index	dictzip	exact	992	750
sample	repeated	dict-index	dictzip	exact	993	417
sample	repeated	dict-index	dictzip	exact	994	667
sample	repeated	dict-index	dictzip	exact	995	458
sample	repeated	dict-index	dictzip	exact	996	875
sample	repeated	dict-index	dictzip	exact	997	417
sample	repeated	dict-index	dictzip	exact	998	667
sample	repeated	dict-index	dictzip	exact	999	625
sample	repeated	dict-index	dictzip	prefix	0	4375
sample	repeated	dict-index	dictzip	prefix	1	1375
sample	repeated	dict-index	dictzip	prefix	2	103292
sample	repeated	dict-index	dictzip	prefix	3	68375
sample	repeated	dict-index	dictzip	prefix	4	9833
sample	repeated	dict-index	dictzip	prefix	5	958
sample	repeated	dict-index	dictzip	prefix	6	221667
sample	repeated	dict-index	dictzip	prefix	7	90625
sample	repeated	dict-index	dictzip	prefix	8	2416
sample	repeated	dict-index	dictzip	prefix	9	1583
sample	repeated	dict-index	dictzip	prefix	10	64916
sample	repeated	dict-index	dictzip	prefix	11	71625
sample	repeated	dict-index	dictzip	prefix	12	1834
sample	repeated	dict-index	dictzip	prefix	13	583
sample	repeated	dict-index	dictzip	prefix	14	65000
sample	repeated	dict-index	dictzip	prefix	15	71750
sample	repeated	dict-index	dictzip	prefix	16	3375
sample	repeated	dict-index	dictzip	prefix	17	2125
sample	repeated	dict-index	dictzip	prefix	18	73958
sample	repeated	dict-index	dictzip	prefix	19	64708
sample	repeated	dict-index	dictzip	prefix	20	1417
sample	repeated	dict-index	dictzip	prefix	21	500
sample	repeated	dict-index	dictzip	prefix	22	63333
sample	repeated	dict-index	dictzip	prefix	23	65084
sample	repeated	dict-index	dictzip	prefix	24	1750
sample	repeated	dict-index	dictzip	prefix	25	1667
sample	repeated	dict-index	dictzip	prefix	26	63541
sample	repeated	dict-index	dictzip	prefix	27	63459
sample	repeated	dict-index	dictzip	prefix	28	6542
sample	repeated	dict-index	dictzip	prefix	29	584
sample	repeated	dict-index	dictzip	prefix	30	70916
sample	repeated	dict-index	dictzip	prefix	31	69792
sample	repeated	dict-index	dictzip	prefix	32	11625
sample	repeated	dict-index	dictzip	prefix	33	4166
sample	repeated	dict-index	dictzip	prefix	34	184500
sample	repeated	dict-index	dictzip	prefix	35	68792
sample	repeated	dict-index	dictzip	prefix	36	1583
sample	repeated	dict-index	dictzip	prefix	37	500
sample	repeated	dict-index	dictzip	prefix	38	61959
sample	repeated	dict-index	dictzip	prefix	39	65375
sample	repeated	dict-index	dictzip	prefix	40	1708
sample	repeated	dict-index	dictzip	prefix	41	1584
sample	repeated	dict-index	dictzip	prefix	42	62958
sample	repeated	dict-index	dictzip	prefix	43	63208
sample	repeated	dict-index	dictzip	prefix	44	6292
sample	repeated	dict-index	dictzip	prefix	45	583
sample	repeated	dict-index	dictzip	prefix	46	81458
sample	repeated	dict-index	dictzip	prefix	47	67709
sample	repeated	dict-index	dictzip	prefix	48	4792
sample	repeated	dict-index	dictzip	prefix	49	2083
sample	repeated	dict-index	dictzip	prefix	50	68167
sample	repeated	dict-index	dictzip	prefix	51	64416
sample	repeated	dict-index	dictzip	prefix	52	3875
sample	repeated	dict-index	dictzip	prefix	53	542
sample	repeated	dict-index	dictzip	prefix	54	68250
sample	repeated	dict-index	dictzip	prefix	55	70292
sample	repeated	dict-index	dictzip	prefix	56	1750
sample	repeated	dict-index	dictzip	prefix	57	1875
sample	repeated	dict-index	dictzip	prefix	58	65083
sample	repeated	dict-index	dictzip	prefix	59	64542
sample	repeated	dict-index	dictzip	prefix	60	3250
sample	repeated	dict-index	dictzip	prefix	61	500
sample	repeated	dict-index	dictzip	prefix	62	66500
sample	repeated	dict-index	dictzip	prefix	63	65417
sample	repeated	dict-index	dictzip	prefix	64	3208
sample	repeated	dict-index	dictzip	prefix	65	1500
sample	repeated	dict-index	dictzip	prefix	66	64042
sample	repeated	dict-index	dictzip	prefix	67	63917
sample	repeated	dict-index	dictzip	prefix	68	1333
sample	repeated	dict-index	dictzip	prefix	69	417
sample	repeated	dict-index	dictzip	prefix	70	62458
sample	repeated	dict-index	dictzip	prefix	71	234959
sample	repeated	dict-index	dictzip	prefix	72	5875
sample	repeated	dict-index	dictzip	prefix	73	2625
sample	repeated	dict-index	dictzip	prefix	74	67333
sample	repeated	dict-index	dictzip	prefix	75	69625
sample	repeated	dict-index	dictzip	prefix	76	4584
sample	repeated	dict-index	dictzip	prefix	77	584
sample	repeated	dict-index	dictzip	prefix	78	69792
sample	repeated	dict-index	dictzip	prefix	79	68542
sample	repeated	dict-index	dictzip	prefix	80	4959
sample	repeated	dict-index	dictzip	prefix	81	6542
sample	repeated	dict-index	dictzip	prefix	82	194959
sample	repeated	dict-index	dictzip	prefix	83	70292
sample	repeated	dict-index	dictzip	prefix	84	1958
sample	repeated	dict-index	dictzip	prefix	85	500
sample	repeated	dict-index	dictzip	prefix	86	63584
sample	repeated	dict-index	dictzip	prefix	87	67166
sample	repeated	dict-index	dictzip	prefix	88	2125
sample	repeated	dict-index	dictzip	prefix	89	1750
sample	repeated	dict-index	dictzip	prefix	90	63459
sample	repeated	dict-index	dictzip	prefix	91	73625
sample	repeated	dict-index	dictzip	prefix	92	2834
sample	repeated	dict-index	dictzip	prefix	93	500
sample	repeated	dict-index	dictzip	prefix	94	63375
sample	repeated	dict-index	dictzip	prefix	95	66917
sample	repeated	dict-index	dictzip	prefix	96	1917
sample	repeated	dict-index	dictzip	prefix	97	1792
sample	repeated	dict-index	dictzip	prefix	98	63125
sample	repeated	dict-index	dictzip	prefix	99	63083
sample	repeated	dict-index	dictzip	prefix	100	1375
sample	repeated	dict-index	dictzip	prefix	101	416
sample	repeated	dict-index	dictzip	prefix	102	63583
sample	repeated	dict-index	dictzip	prefix	103	72250
sample	repeated	dict-index	dictzip	prefix	104	2208
sample	repeated	dict-index	dictzip	prefix	105	1708
sample	repeated	dict-index	dictzip	prefix	106	64875
sample	repeated	dict-index	dictzip	prefix	107	69833
sample	repeated	dict-index	dictzip	prefix	108	2417
sample	repeated	dict-index	dictzip	prefix	109	542
sample	repeated	dict-index	dictzip	prefix	110	69459
sample	repeated	dict-index	dictzip	prefix	111	67625
sample	repeated	dict-index	dictzip	prefix	112	1625
sample	repeated	dict-index	dictzip	prefix	113	1417
sample	repeated	dict-index	dictzip	prefix	114	64125
sample	repeated	dict-index	dictzip	prefix	115	63459
sample	repeated	dict-index	dictzip	prefix	116	4833
sample	repeated	dict-index	dictzip	prefix	117	625
sample	repeated	dict-index	dictzip	prefix	118	68541
sample	repeated	dict-index	dictzip	prefix	119	67333
sample	repeated	dict-index	dictzip	prefix	120	1959
sample	repeated	dict-index	dictzip	prefix	121	1375
sample	repeated	dict-index	dictzip	prefix	122	63375
sample	repeated	dict-index	dictzip	prefix	123	64167
sample	repeated	dict-index	dictzip	prefix	124	1458
sample	repeated	dict-index	dictzip	prefix	125	459
sample	repeated	dict-index	dictzip	prefix	126	62875
sample	repeated	dict-index	dictzip	prefix	127	70042
sample	repeated	dict-index	dictzip	prefix	128	1792
sample	repeated	dict-index	dictzip	prefix	129	1500
sample	repeated	dict-index	dictzip	prefix	130	62750
sample	repeated	dict-index	dictzip	prefix	131	63459
sample	repeated	dict-index	dictzip	prefix	132	3542
sample	repeated	dict-index	dictzip	prefix	133	542
sample	repeated	dict-index	dictzip	prefix	134	93041
sample	repeated	dict-index	dictzip	prefix	135	66834
sample	repeated	dict-index	dictzip	prefix	136	1625
sample	repeated	dict-index	dictzip	prefix	137	1625
sample	repeated	dict-index	dictzip	prefix	138	70250
sample	repeated	dict-index	dictzip	prefix	139	62875
sample	repeated	dict-index	dictzip	prefix	140	2000
sample	repeated	dict-index	dictzip	prefix	141	500
sample	repeated	dict-index	dictzip	prefix	142	61917
sample	repeated	dict-index	dictzip	prefix	143	113625
sample	repeated	dict-index	dictzip	prefix	144	3625
sample	repeated	dict-index	dictzip	prefix	145	2000
sample	repeated	dict-index	dictzip	prefix	146	64125
sample	repeated	dict-index	dictzip	prefix	147	66125
sample	repeated	dict-index	dictzip	prefix	148	3166
sample	repeated	dict-index	dictzip	prefix	149	666
sample	repeated	dict-index	dictzip	prefix	150	67959
sample	repeated	dict-index	dictzip	prefix	151	66625
sample	repeated	dict-index	dictzip	prefix	152	2084
sample	repeated	dict-index	dictzip	prefix	153	1875
sample	repeated	dict-index	dictzip	prefix	154	65250
sample	repeated	dict-index	dictzip	prefix	155	66000
sample	repeated	dict-index	dictzip	prefix	156	2000
sample	repeated	dict-index	dictzip	prefix	157	458
sample	repeated	dict-index	dictzip	prefix	158	64208
sample	repeated	dict-index	dictzip	prefix	159	74500
sample	repeated	dict-index	dictzip	prefix	160	1917
sample	repeated	dict-index	dictzip	prefix	161	1834
sample	repeated	dict-index	dictzip	prefix	162	64208
sample	repeated	dict-index	dictzip	prefix	163	64959
sample	repeated	dict-index	dictzip	prefix	164	11708
sample	repeated	dict-index	dictzip	prefix	165	1334
sample	repeated	dict-index	dictzip	prefix	166	63625
sample	repeated	dict-index	dictzip	prefix	167	63125
sample	repeated	dict-index	dictzip	prefix	168	1583
sample	repeated	dict-index	dictzip	prefix	169	2084
sample	repeated	dict-index	dictzip	prefix	170	62000
sample	repeated	dict-index	dictzip	prefix	171	70875
sample	repeated	dict-index	dictzip	prefix	172	2834
sample	repeated	dict-index	dictzip	prefix	173	666
sample	repeated	dict-index	dictzip	prefix	174	70333
sample	repeated	dict-index	dictzip	prefix	175	68292
sample	repeated	dict-index	dictzip	prefix	176	1667
sample	repeated	dict-index	dictzip	prefix	177	1750
sample	repeated	dict-index	dictzip	prefix	178	64333
sample	repeated	dict-index	dictzip	prefix	179	64375
sample	repeated	dict-index	dictzip	prefix	180	4000
sample	repeated	dict-index	dictzip	prefix	181	667
sample	repeated	dict-index	dictzip	prefix	182	64917
sample	repeated	dict-index	dictzip	prefix	183	68708
sample	repeated	dict-index	dictzip	prefix	184	1542
sample	repeated	dict-index	dictzip	prefix	185	1375
sample	repeated	dict-index	dictzip	prefix	186	63917
sample	repeated	dict-index	dictzip	prefix	187	64417
sample	repeated	dict-index	dictzip	prefix	188	1333
sample	repeated	dict-index	dictzip	prefix	189	417
sample	repeated	dict-index	dictzip	prefix	190	64250
sample	repeated	dict-index	dictzip	prefix	191	64667
sample	repeated	dict-index	dictzip	prefix	192	2458
sample	repeated	dict-index	dictzip	prefix	193	1708
sample	repeated	dict-index	dictzip	prefix	194	147041
sample	repeated	dict-index	dictzip	prefix	195	65792
sample	repeated	dict-index	dictzip	prefix	196	1250
sample	repeated	dict-index	dictzip	prefix	197	1209
sample	repeated	dict-index	dictzip	prefix	198	222209
sample	repeated	dict-index	dictzip	prefix	199	72250
sample	repeated	dict-index	dictzip	prefix	200	1917
sample	repeated	dict-index	dictzip	prefix	201	1625
sample	repeated	dict-index	dictzip	prefix	202	64667
sample	repeated	dict-index	dictzip	prefix	203	64541
sample	repeated	dict-index	dictzip	prefix	204	1375
sample	repeated	dict-index	dictzip	prefix	205	459
sample	repeated	dict-index	dictzip	prefix	206	67250
sample	repeated	dict-index	dictzip	prefix	207	67083
sample	repeated	dict-index	dictzip	prefix	208	2000
sample	repeated	dict-index	dictzip	prefix	209	1708
sample	repeated	dict-index	dictzip	prefix	210	62208
sample	repeated	dict-index	dictzip	prefix	211	63000
sample	repeated	dict-index	dictzip	prefix	212	2166
sample	repeated	dict-index	dictzip	prefix	213	542
sample	repeated	dict-index	dictzip	prefix	214	62458
sample	repeated	dict-index	dictzip	prefix	215	66833
sample	repeated	dict-index	dictzip	prefix	216	1916
sample	repeated	dict-index	dictzip	prefix	217	1666
sample	repeated	dict-index	dictzip	prefix	218	62166
sample	repeated	dict-index	dictzip	prefix	219	62166
sample	repeated	dict-index	dictzip	prefix	220	2417
sample	repeated	dict-index	dictzip	prefix	221	542
sample	repeated	dict-index	dictzip	prefix	222	62583
sample	repeated	dict-index	dictzip	prefix	223	68750
sample	repeated	dict-index	dictzip	prefix	224	1417
sample	repeated	dict-index	dictzip	prefix	225	1125
sample	repeated	dict-index	dictzip	prefix	226	61958
sample	repeated	dict-index	dictzip	prefix	227	63458
sample	repeated	dict-index	dictzip	prefix	228	1959
sample	repeated	dict-index	dictzip	prefix	229	541
sample	repeated	dict-index	dictzip	prefix	230	63083
sample	repeated	dict-index	dictzip	prefix	231	66083
sample	repeated	dict-index	dictzip	prefix	232	1834
sample	repeated	dict-index	dictzip	prefix	233	1458
sample	repeated	dict-index	dictzip	prefix	234	61833
sample	repeated	dict-index	dictzip	prefix	235	62333
sample	repeated	dict-index	dictzip	prefix	236	1459
sample	repeated	dict-index	dictzip	prefix	237	542
sample	repeated	dict-index	dictzip	prefix	238	61459
sample	repeated	dict-index	dictzip	prefix	239	63791
sample	repeated	dict-index	dictzip	prefix	240	4083
sample	repeated	dict-index	dictzip	prefix	241	1708
sample	repeated	dict-index	dictzip	prefix	242	69125
sample	repeated	dict-index	dictzip	prefix	243	65583
sample	repeated	dict-index	dictzip	prefix	244	1375
sample	repeated	dict-index	dictzip	prefix	245	500
sample	repeated	dict-index	dictzip	prefix	246	66459
sample	repeated	dict-index	dictzip	prefix	247	67250
sample	repeated	dict-index	dictzip	prefix	248	1666
sample	repeated	dict-index	dictzip	prefix	249	1708
sample	repeated	dict-index	dictzip	prefix	250	62667
sample	repeated	dict-index	dictzip	prefix	251	72875
sample	repeated	dict-index	dictzip	prefix	252	1542
sample	repeated	dict-index	dictzip	prefix	253	500
sample	repeated	dict-index	dictzip	prefix	254	65041
sample	repeated	dict-index	dictzip	prefix	255	66875
sample	repeated	dict-index	dictzip	prefix	256	1875
sample	repeated	dict-index	dictzip	prefix	257	1458
sample	repeated	dict-index	dictzip	prefix	258	65000
sample	repeated	dict-index	dictzip	prefix	259	64583
sample	repeated	dict-index	dictzip	prefix	260	1375
sample	repeated	dict-index	dictzip	prefix	261	500
sample	repeated	dict-index	dictzip	prefix	262	63375
sample	repeated	dict-index	dictzip	prefix	263	74125
sample	repeated	dict-index	dictzip	prefix	264	3750
sample	repeated	dict-index	dictzip	prefix	265	2084
sample	repeated	dict-index	dictzip	prefix	266	66917
sample	repeated	dict-index	dictzip	prefix	267	64042
sample	repeated	dict-index	dictzip	prefix	268	1459
sample	repeated	dict-index	dictzip	prefix	269	459
sample	repeated	dict-index	dictzip	prefix	270	63041
sample	repeated	dict-index	dictzip	prefix	271	67000
sample	repeated	dict-index	dictzip	prefix	272	2709
sample	repeated	dict-index	dictzip	prefix	273	1875
sample	repeated	dict-index	dictzip	prefix	274	67250
sample	repeated	dict-index	dictzip	prefix	275	65459
sample	repeated	dict-index	dictzip	prefix	276	1208
sample	repeated	dict-index	dictzip	prefix	277	459
sample	repeated	dict-index	dictzip	prefix	278	63708
sample	repeated	dict-index	dictzip	prefix	279	65958
sample	repeated	dict-index	dictzip	prefix	280	2292
sample	repeated	dict-index	dictzip	prefix	281	1750
sample	repeated	dict-index	dictzip	prefix	282	64000
sample	repeated	dict-index	dictzip	prefix	283	62250
sample	repeated	dict-index	dictzip	prefix	284	1292
sample	repeated	dict-index	dictzip	prefix	285	500
sample	repeated	dict-index	dictzip	prefix	286	61666
sample	repeated	dict-index	dictzip	prefix	287	64125
sample	repeated	dict-index	dictzip	prefix	288	3875
sample	repeated	dict-index	dictzip	prefix	289	1917
sample	repeated	dict-index	dictzip	prefix	290	65625
sample	repeated	dict-index	dictzip	prefix	291	63916
sample	repeated	dict-index	dictzip	prefix	292	1334
sample	repeated	dict-index	dictzip	prefix	293	458
sample	repeated	dict-index	dictzip	prefix	294	62250
sample	repeated	dict-index	dictzip	prefix	295	64459
sample	repeated	dict-index	dictzip	prefix	296	2542
sample	repeated	dict-index	dictzip	prefix	297	1375
sample	repeated	dict-index	dictzip	prefix	298	64042
sample	repeated	dict-index	dictzip	prefix	299	70042
sample	repeated	dict-index	dictzip	prefix	300	1583
sample	repeated	dict-index	dictzip	prefix	301	500
sample	repeated	dict-index	dictzip	prefix	302	64250
sample	repeated	dict-index	dictzip	prefix	303	64625
sample	repeated	dict-index	dictzip	prefix	304	3250
sample	repeated	dict-index	dictzip	prefix	305	1750
sample	repeated	dict-index	dictzip	prefix	306	65375
sample	repeated	dict-index	dictzip	prefix	307	64500
sample	repeated	dict-index	dictzip	prefix	308	1292
sample	repeated	dict-index	dictzip	prefix	309	458
sample	repeated	dict-index	dictzip	prefix	310	72459
sample	repeated	dict-index	dictzip	prefix	311	65584
sample	repeated	dict-index	dictzip	prefix	312	1750
sample	repeated	dict-index	dictzip	prefix	313	1167
sample	repeated	dict-index	dictzip	prefix	314	63333
sample	repeated	dict-index	dictzip	prefix	315	67500
sample	repeated	dict-index	dictzip	prefix	316	1292
sample	repeated	dict-index	dictzip	prefix	317	417
sample	repeated	dict-index	dictzip	prefix	318	64209
sample	repeated	dict-index	dictzip	prefix	319	66084
sample	repeated	dict-index	dictzip	prefix	320	1667
sample	repeated	dict-index	dictzip	prefix	321	2083
sample	repeated	dict-index	dictzip	prefix	322	65709
sample	repeated	dict-index	dictzip	prefix	323	65625
sample	repeated	dict-index	dictzip	prefix	324	1417
sample	repeated	dict-index	dictzip	prefix	325	459
sample	repeated	dict-index	dictzip	prefix	326	63375
sample	repeated	dict-index	dictzip	prefix	327	65333
sample	repeated	dict-index	dictzip	prefix	328	2333
sample	repeated	dict-index	dictzip	prefix	329	1458
sample	repeated	dict-index	dictzip	prefix	330	64334
sample	repeated	dict-index	dictzip	prefix	331	67084
sample	repeated	dict-index	dictzip	prefix	332	3208
sample	repeated	dict-index	dictzip	prefix	333	417
sample	repeated	dict-index	dictzip	prefix	334	64542
sample	repeated	dict-index	dictzip	prefix	335	65542
sample	repeated	dict-index	dictzip	prefix	336	1709
sample	repeated	dict-index	dictzip	prefix	337	1750
sample	repeated	dict-index	dictzip	prefix	338	62291
sample	repeated	dict-index	dictzip	prefix	339	64417
sample	repeated	dict-index	dictzip	prefix	340	1292
sample	repeated	dict-index	dictzip	prefix	341	417
sample	repeated	dict-index	dictzip	prefix	342	62458
sample	repeated	dict-index	dictzip	prefix	343	72167
sample	repeated	dict-index	dictzip	prefix	344	2417
sample	repeated	dict-index	dictzip	prefix	345	1708
sample	repeated	dict-index	dictzip	prefix	346	64542
sample	repeated	dict-index	dictzip	prefix	347	67083
sample	repeated	dict-index	dictzip	prefix	348	1417
sample	repeated	dict-index	dictzip	prefix	349	500
sample	repeated	dict-index	dictzip	prefix	350	64208
sample	repeated	dict-index	dictzip	prefix	351	65042
sample	repeated	dict-index	dictzip	prefix	352	1459
sample	repeated	dict-index	dictzip	prefix	353	1167
sample	repeated	dict-index	dictzip	prefix	354	64084
sample	repeated	dict-index	dictzip	prefix	355	65959
sample	repeated	dict-index	dictzip	prefix	356	2000
sample	repeated	dict-index	dictzip	prefix	357	625
sample	repeated	dict-index	dictzip	prefix	358	65875
sample	repeated	dict-index	dictzip	prefix	359	67250
sample	repeated	dict-index	dictzip	prefix	360	1459
sample	repeated	dict-index	dictzip	prefix	361	1291
sample	repeated	dict-index	dictzip	prefix	362	62167
sample	repeated	dict-index	dictzip	prefix	363	64083
sample	repeated	dict-index	dictzip	prefix	364	2167
sample	repeated	dict-index	dictzip	prefix	365	500
sample	repeated	dict-index	dictzip	prefix	366	65125
sample	repeated	dict-index	dictzip	prefix	367	65083
sample	repeated	dict-index	dictzip	prefix	368	1417
sample	repeated	dict-index	dictzip	prefix	369	1417
sample	repeated	dict-index	dictzip	prefix	370	63375
sample	repeated	dict-index	dictzip	prefix	371	66000
sample	repeated	dict-index	dictzip	prefix	372	2125
sample	repeated	dict-index	dictzip	prefix	373	417
sample	repeated	dict-index	dictzip	prefix	374	64084
sample	repeated	dict-index	dictzip	prefix	375	64125
sample	repeated	dict-index	dictzip	prefix	376	1667
sample	repeated	dict-index	dictzip	prefix	377	1666
sample	repeated	dict-index	dictzip	prefix	378	63709
sample	repeated	dict-index	dictzip	prefix	379	64334
sample	repeated	dict-index	dictzip	prefix	380	18833
sample	repeated	dict-index	dictzip	prefix	381	1375
sample	repeated	dict-index	dictzip	prefix	382	66417
sample	repeated	dict-index	dictzip	prefix	383	65750
sample	repeated	dict-index	dictzip	prefix	384	1542
sample	repeated	dict-index	dictzip	prefix	385	1666
sample	repeated	dict-index	dictzip	prefix	386	63333
sample	repeated	dict-index	dictzip	prefix	387	64209
sample	repeated	dict-index	dictzip	prefix	388	2542
sample	repeated	dict-index	dictzip	prefix	389	416
sample	repeated	dict-index	dictzip	prefix	390	64625
sample	repeated	dict-index	dictzip	prefix	391	66333
sample	repeated	dict-index	dictzip	prefix	392	1458
sample	repeated	dict-index	dictzip	prefix	393	1583
sample	repeated	dict-index	dictzip	prefix	394	63333
sample	repeated	dict-index	dictzip	prefix	395	64333
sample	repeated	dict-index	dictzip	prefix	396	1250
sample	repeated	dict-index	dictzip	prefix	397	500
sample	repeated	dict-index	dictzip	prefix	398	121917
sample	repeated	dict-index	dictzip	prefix	399	197000
sample	repeated	dict-index	dictzip	prefix	400	1959
sample	repeated	dict-index	dictzip	prefix	401	1292
sample	repeated	dict-index	dictzip	prefix	402	63292
sample	repeated	dict-index	dictzip	prefix	403	63875
sample	repeated	dict-index	dictzip	prefix	404	1250
sample	repeated	dict-index	dictzip	prefix	405	458
sample	repeated	dict-index	dictzip	prefix	406	63750
sample	repeated	dict-index	dictzip	prefix	407	65875
sample	repeated	dict-index	dictzip	prefix	408	1583
sample	repeated	dict-index	dictzip	prefix	409	1708
sample	repeated	dict-index	dictzip	prefix	410	62708
sample	repeated	dict-index	dictzip	prefix	411	63500
sample	repeated	dict-index	dictzip	prefix	412	1250
sample	repeated	dict-index	dictzip	prefix	413	458
sample	repeated	dict-index	dictzip	prefix	414	63291
sample	repeated	dict-index	dictzip	prefix	415	73375
sample	repeated	dict-index	dictzip	prefix	416	2000
sample	repeated	dict-index	dictzip	prefix	417	1625
sample	repeated	dict-index	dictzip	prefix	418	66250
sample	repeated	dict-index	dictzip	prefix	419	65625
sample	repeated	dict-index	dictzip	prefix	420	4959
sample	repeated	dict-index	dictzip	prefix	421	750
sample	repeated	dict-index	dictzip	prefix	422	67583
sample	repeated	dict-index	dictzip	prefix	423	70708
sample	repeated	dict-index	dictzip	prefix	424	1917
sample	repeated	dict-index	dictzip	prefix	425	1958
sample	repeated	dict-index	dictzip	prefix	426	174833
sample	repeated	dict-index	dictzip	prefix	427	66875
sample	repeated	dict-index	dictzip	prefix	428	2209
sample	repeated	dict-index	dictzip	prefix	429	500
sample	repeated	dict-index	dictzip	prefix	430	64542
sample	repeated	dict-index	dictzip	prefix	431	129500
sample	repeated	dict-index	dictzip	prefix	432	1750
sample	repeated	dict-index	dictzip	prefix	433	1833
sample	repeated	dict-index	dictzip	prefix	434	64375
sample	repeated	dict-index	dictzip	prefix	435	65542
sample	repeated	dict-index	dictzip	prefix	436	2542
sample	repeated	dict-index	dictzip	prefix	437	458
sample	repeated	dict-index	dictzip	prefix	438	64625
sample	repeated	dict-index	dictzip	prefix	439	66042
sample	repeated	dict-index	dictzip	prefix	440	1375
sample	repeated	dict-index	dictzip	prefix	441	1500
sample	repeated	dict-index	dictzip	prefix	442	63375
sample	repeated	dict-index	dictzip	prefix	443	63500
sample	repeated	dict-index	dictzip	prefix	444	1375
sample	repeated	dict-index	dictzip	prefix	445	459
sample	repeated	dict-index	dictzip	prefix	446	62750
sample	repeated	dict-index	dictzip	prefix	447	67792
sample	repeated	dict-index	dictzip	prefix	448	9667
sample	repeated	dict-index	dictzip	prefix	449	3750
sample	repeated	dict-index	dictzip	prefix	450	167584
sample	repeated	dict-index	dictzip	prefix	451	70375
sample	repeated	dict-index	dictzip	prefix	452	2166
sample	repeated	dict-index	dictzip	prefix	453	500
sample	repeated	dict-index	dictzip	prefix	454	65334
sample	repeated	dict-index	dictzip	prefix	455	67584
sample	repeated	dict-index	dictzip	prefix	456	1792
sample	repeated	dict-index	dictzip	prefix	457	8542
sample	repeated	dict-index	dictzip	prefix	458	135291
sample	repeated	dict-index	dictzip	prefix	459	65708
sample	repeated	dict-index	dictzip	prefix	460	12292
sample	repeated	dict-index	dictzip	prefix	461	4458
sample	repeated	dict-index	dictzip	prefix	462	68416
sample	repeated	dict-index	dictzip	prefix	463	70041
sample	repeated	dict-index	dictzip	prefix	464	2208
sample	repeated	dict-index	dictzip	prefix	465	1542
sample	repeated	dict-index	dictzip	prefix	466	64958
sample	repeated	dict-index	dictzip	prefix	467	205292
sample	repeated	dict-index	dictzip	prefix	468	3958
sample	repeated	dict-index	dictzip	prefix	469	625
sample	repeated	dict-index	dictzip	prefix	470	69750
sample	repeated	dict-index	dictzip	prefix	471	66334
sample	repeated	dict-index	dictzip	prefix	472	1792
sample	repeated	dict-index	dictzip	prefix	473	1417
sample	repeated	dict-index	dictzip	prefix	474	62250
sample	repeated	dict-index	dictzip	prefix	475	63958
sample	repeated	dict-index	dictzip	prefix	476	4834
sample	repeated	dict-index	dictzip	prefix	477	584
sample	repeated	dict-index	dictzip	prefix	478	67375
sample	repeated	dict-index	dictzip	prefix	479	65167
sample	repeated	dict-index	dictzip	prefix	480	1792
sample	repeated	dict-index	dictzip	prefix	481	1667
sample	repeated	dict-index	dictzip	prefix	482	64292
sample	repeated	dict-index	dictzip	prefix	483	196417
sample	repeated	dict-index	dictzip	prefix	484	3708
sample	repeated	dict-index	dictzip	prefix	485	458
sample	repeated	dict-index	dictzip	prefix	486	69542
sample	repeated	dict-index	dictzip	prefix	487	65500
sample	repeated	dict-index	dictzip	prefix	488	1625
sample	repeated	dict-index	dictzip	prefix	489	1625
sample	repeated	dict-index	dictzip	prefix	490	65000
sample	repeated	dict-index	dictzip	prefix	491	71959
sample	repeated	dict-index	dictzip	prefix	492	4583
sample	repeated	dict-index	dictzip	prefix	493	541
sample	repeated	dict-index	dictzip	prefix	494	66542
sample	repeated	dict-index	dictzip	prefix	495	67375
sample	repeated	dict-index	dictzip	prefix	496	1542
sample	repeated	dict-index	dictzip	prefix	497	1416
sample	repeated	dict-index	dictzip	prefix	498	63041
sample	repeated	dict-index	dictzip	prefix	499	63709
sample	repeated	dict-index	dictzip	prefix	500	1375
sample	repeated	dict-index	dictzip	prefix	501	416
sample	repeated	dict-index	dictzip	prefix	502	63166
sample	repeated	dict-index	dictzip	prefix	503	64041
sample	repeated	dict-index	dictzip	prefix	504	1708
sample	repeated	dict-index	dictzip	prefix	505	1750
sample	repeated	dict-index	dictzip	prefix	506	62916
sample	repeated	dict-index	dictzip	prefix	507	117875
sample	repeated	dict-index	dictzip	prefix	508	2541
sample	repeated	dict-index	dictzip	prefix	509	500
sample	repeated	dict-index	dictzip	prefix	510	64625
sample	repeated	dict-index	dictzip	prefix	511	65625
sample	repeated	dict-index	dictzip	prefix	512	3667
sample	repeated	dict-index	dictzip	prefix	513	1833
sample	repeated	dict-index	dictzip	prefix	514	66667
sample	repeated	dict-index	dictzip	prefix	515	65333
sample	repeated	dict-index	dictzip	prefix	516	1417
sample	repeated	dict-index	dictzip	prefix	517	541
sample	repeated	dict-index	dictzip	prefix	518	64625
sample	repeated	dict-index	dictzip	prefix	519	67417
sample	repeated	dict-index	dictzip	prefix	520	1459
sample	repeated	dict-index	dictzip	prefix	521	1333
sample	repeated	dict-index	dictzip	prefix	522	63250
sample	repeated	dict-index	dictzip	prefix	523	64000
sample	repeated	dict-index	dictzip	prefix	524	3917
sample	repeated	dict-index	dictzip	prefix	525	6083
sample	repeated	dict-index	dictzip	prefix	526	177042
sample	repeated	dict-index	dictzip	prefix	527	68875
sample	repeated	dict-index	dictzip	prefix	528	2708
sample	repeated	dict-index	dictzip	prefix	529	2000
sample	repeated	dict-index	dictzip	prefix	530	62791
sample	repeated	dict-index	dictzip	prefix	531	64667
sample	repeated	dict-index	dictzip	prefix	532	2375
sample	repeated	dict-index	dictzip	prefix	533	500
sample	repeated	dict-index	dictzip	prefix	534	67417
sample	repeated	dict-index	dictzip	prefix	535	111583
sample	repeated	dict-index	dictzip	prefix	536	1750
sample	repeated	dict-index	dictzip	prefix	537	1416
sample	repeated	dict-index	dictzip	prefix	538	63833
sample	repeated	dict-index	dictzip	prefix	539	208750
sample	repeated	dict-index	dictzip	prefix	540	1958
sample	repeated	dict-index	dictzip	prefix	541	458
sample	repeated	dict-index	dictzip	prefix	542	64584
sample	repeated	dict-index	dictzip	prefix	543	195041
sample	repeated	dict-index	dictzip	prefix	544	11583
sample	repeated	dict-index	dictzip	prefix	545	6708
sample	repeated	dict-index	dictzip	prefix	546	71375
sample	repeated	dict-index	dictzip	prefix	547	185084
sample	repeated	dict-index	dictzip	prefix	548	4916
sample	repeated	dict-index	dictzip	prefix	549	542
sample	repeated	dict-index	dictzip	prefix	550	65959
sample	repeated	dict-index	dictzip	prefix	551	70584
sample	repeated	dict-index	dictzip	prefix	552	2833
sample	repeated	dict-index	dictzip	prefix	553	1750
sample	repeated	dict-index	dictzip	prefix	554	63459
sample	repeated	dict-index	dictzip	prefix	555	63166
sample	repeated	dict-index	dictzip	prefix	556	1417
sample	repeated	dict-index	dictzip	prefix	557	500
sample	repeated	dict-index	dictzip	prefix	558	61958
sample	repeated	dict-index	dictzip	prefix	559	67333
sample	repeated	dict-index	dictzip	prefix	560	3375
sample	repeated	dict-index	dictzip	prefix	561	1417
sample	repeated	dict-index	dictzip	prefix	562	63041
sample	repeated	dict-index	dictzip	prefix	563	63042
sample	repeated	dict-index	dictzip	prefix	564	1333
sample	repeated	dict-index	dictzip	prefix	565	459
sample	repeated	dict-index	dictzip	prefix	566	62000
sample	repeated	dict-index	dictzip	prefix	567	64500
sample	repeated	dict-index	dictzip	prefix	568	4875
sample	repeated	dict-index	dictzip	prefix	569	2042
sample	repeated	dict-index	dictzip	prefix	570	68917
sample	repeated	dict-index	dictzip	prefix	571	63875
sample	repeated	dict-index	dictzip	prefix	572	1583
sample	repeated	dict-index	dictzip	prefix	573	500
sample	repeated	dict-index	dictzip	prefix	574	64041
sample	repeated	dict-index	dictzip	prefix	575	204000
sample	repeated	dict-index	dictzip	prefix	576	3500
sample	repeated	dict-index	dictzip	prefix	577	2291
sample	repeated	dict-index	dictzip	prefix	578	65334
sample	repeated	dict-index	dictzip	prefix	579	200458
sample	repeated	dict-index	dictzip	prefix	580	7083
sample	repeated	dict-index	dictzip	prefix	581	541
sample	repeated	dict-index	dictzip	prefix	582	66875
sample	repeated	dict-index	dictzip	prefix	583	212042
sample	repeated	dict-index	dictzip	prefix	584	2833
sample	repeated	dict-index	dictzip	prefix	585	1708
sample	repeated	dict-index	dictzip	prefix	586	65291
sample	repeated	dict-index	dictzip	prefix	587	132041
sample	repeated	dict-index	dictzip	prefix	588	18833
sample	repeated	dict-index	dictzip	prefix	589	1750
sample	repeated	dict-index	dictzip	prefix	590	68375
sample	repeated	dict-index	dictzip	prefix	591	71542
sample	repeated	dict-index	dictzip	prefix	592	5917
sample	repeated	dict-index	dictzip	prefix	593	1542
sample	repeated	dict-index	dictzip	prefix	594	65791
sample	repeated	dict-index	dictzip	prefix	595	64250
sample	repeated	dict-index	dictzip	prefix	596	1500
sample	repeated	dict-index	dictzip	prefix	597	500
sample	repeated	dict-index	dictzip	prefix	598	62708
sample	repeated	dict-index	dictzip	prefix	599	67667
sample	repeated	dict-index	dictzip	prefix	600	2208
sample	repeated	dict-index	dictzip	prefix	601	1333
sample	repeated	dict-index	dictzip	prefix	602	72833
sample	repeated	dict-index	dictzip	prefix	603	71667
sample	repeated	dict-index	dictzip	prefix	604	7459
sample	repeated	dict-index	dictzip	prefix	605	750
sample	repeated	dict-index	dictzip	prefix	606	64500
sample	repeated	dict-index	dictzip	prefix	607	106208
sample	repeated	dict-index	dictzip	prefix	608	12667
sample	repeated	dict-index	dictzip	prefix	609	4208
sample	repeated	dict-index	dictzip	prefix	610	66958
sample	repeated	dict-index	dictzip	prefix	611	63042
sample	repeated	dict-index	dictzip	prefix	612	2333
sample	repeated	dict-index	dictzip	prefix	613	500
sample	repeated	dict-index	dictzip	prefix	614	62625
sample	repeated	dict-index	dictzip	prefix	615	65792
sample	repeated	dict-index	dictzip	prefix	616	4166
sample	repeated	dict-index	dictzip	prefix	617	1834
sample	repeated	dict-index	dictzip	prefix	618	101333
sample	repeated	dict-index	dictzip	prefix	619	64166
sample	repeated	dict-index	dictzip	prefix	620	15542
sample	repeated	dict-index	dictzip	prefix	621	1000
sample	repeated	dict-index	dictzip	prefix	622	174667
sample	repeated	dict-index	dictzip	prefix	623	188417
sample	repeated	dict-index	dictzip	prefix	624	6291
sample	repeated	dict-index	dictzip	prefix	625	2709
sample	repeated	dict-index	dictzip	prefix	626	69459
sample	repeated	dict-index	dictzip	prefix	627	65917
sample	repeated	dict-index	dictzip	prefix	628	10709
sample	repeated	dict-index	dictzip	prefix	629	1417
sample	repeated	dict-index	dictzip	prefix	630	62458
sample	repeated	dict-index	dictzip	prefix	631	127250
sample	repeated	dict-index	dictzip	prefix	632	4000
sample	repeated	dict-index	dictzip	prefix	633	3209
sample	repeated	dict-index	dictzip	prefix	634	71458
sample	repeated	dict-index	dictzip	prefix	635	208792
sample	repeated	dict-index	dictzip	prefix	636	8042
sample	repeated	dict-index	dictzip	prefix	637	625
sample	repeated	dict-index	dictzip	prefix	638	177667
sample	repeated	dict-index	dictzip	prefix	639	158000
sample	repeated	dict-index	dictzip	prefix	640	7208
sample	repeated	dict-index	dictzip	prefix	641	1625
sample	repeated	dict-index	dictzip	prefix	642	70834
sample	repeated	dict-index	dictzip	prefix	643	262042
sample	repeated	dict-index	dictzip	prefix	644	7583
sample	repeated	dict-index	dictzip	prefix	645	542
sample	repeated	dict-index	dictzip	prefix	646	73125
sample	repeated	dict-index	dictzip	prefix	647	71250
sample	repeated	dict-index	dictzip	prefix	648	2625
sample	repeated	dict-index	dictzip	prefix	649	1959
sample	repeated	dict-index	dictzip	prefix	650	65375
sample	repeated	dict-index	dictzip	prefix	651	69292
sample	repeated	dict-index	dictzip	prefix	652	18584
sample	repeated	dict-index	dictzip	prefix	653	2792
sample	repeated	dict-index	dictzip	prefix	654	73792
sample	repeated	dict-index	dictzip	prefix	655	215917
sample	repeated	dict-index	dictzip	prefix	656	16167
sample	repeated	dict-index	dictzip	prefix	657	6750
sample	repeated	dict-index	dictzip	prefix	658	472000
sample	repeated	dict-index	dictzip	prefix	659	493333
sample	repeated	dict-index	dictzip	prefix	660	11458
sample	repeated	dict-index	dictzip	prefix	661	4000
sample	repeated	dict-index	dictzip	prefix	662	72542
sample	repeated	dict-index	dictzip	prefix	663	219500
sample	repeated	dict-index	dictzip	prefix	664	8417
sample	repeated	dict-index	dictzip	prefix	665	2083
sample	repeated	dict-index	dictzip	prefix	666	116583
sample	repeated	dict-index	dictzip	prefix	667	174625
sample	repeated	dict-index	dictzip	prefix	668	9292
sample	repeated	dict-index	dictzip	prefix	669	500
sample	repeated	dict-index	dictzip	prefix	670	68625
sample	repeated	dict-index	dictzip	prefix	671	190042
sample	repeated	dict-index	dictzip	prefix	672	13917
sample	repeated	dict-index	dictzip	prefix	673	4458
sample	repeated	dict-index	dictzip	prefix	674	189041
sample	repeated	dict-index	dictzip	prefix	675	220209
sample	repeated	dict-index	dictzip	prefix	676	16750
sample	repeated	dict-index	dictzip	prefix	677	1958
sample	repeated	dict-index	dictzip	prefix	678	344167
sample	repeated	dict-index	dictzip	prefix	679	197000
sample	repeated	dict-index	dictzip	prefix	680	11708
sample	repeated	dict-index	dictzip	prefix	681	4125
sample	repeated	dict-index	dictzip	prefix	682	183625
sample	repeated	dict-index	dictzip	prefix	683	314541
sample	repeated	dict-index	dictzip	prefix	684	15916
sample	repeated	dict-index	dictzip	prefix	685	1083
sample	repeated	dict-index	dictzip	prefix	686	202583
sample	repeated	dict-index	dictzip	prefix	687	166042
sample	repeated	dict-index	dictzip	prefix	688	10417
sample	repeated	dict-index	dictzip	prefix	689	2708
sample	repeated	dict-index	dictzip	prefix	690	71625
sample	repeated	dict-index	dictzip	prefix	691	74291
sample	repeated	dict-index	dictzip	prefix	692	10500
sample	repeated	dict-index	dictzip	prefix	693	1125
sample	repeated	dict-index	dictzip	prefix	694	341291
sample	repeated	dict-index	dictzip	prefix	695	200500
sample	repeated	dict-index	dictzip	prefix	696	7500
sample	repeated	dict-index	dictzip	prefix	697	2875
sample	repeated	dict-index	dictzip	prefix	698	189417
sample	repeated	dict-index	dictzip	prefix	699	206416
sample	repeated	dict-index	dictzip	prefix	700	9917
sample	repeated	dict-index	dictzip	prefix	701	667
sample	repeated	dict-index	dictzip	prefix	702	167959
sample	repeated	dict-index	dictzip	prefix	703	201375
sample	repeated	dict-index	dictzip	prefix	704	9292
sample	repeated	dict-index	dictzip	prefix	705	2708
sample	repeated	dict-index	dictzip	prefix	706	74000
sample	repeated	dict-index	dictzip	prefix	707	195833
sample	repeated	dict-index	dictzip	prefix	708	24958
sample	repeated	dict-index	dictzip	prefix	709	1375
sample	repeated	dict-index	dictzip	prefix	710	76041
sample	repeated	dict-index	dictzip	prefix	711	72208
sample	repeated	dict-index	dictzip	prefix	712	2500
sample	repeated	dict-index	dictzip	prefix	713	1458
sample	repeated	dict-index	dictzip	prefix	714	66458
sample	repeated	dict-index	dictzip	prefix	715	187833
sample	repeated	dict-index	dictzip	prefix	716	6166
sample	repeated	dict-index	dictzip	prefix	717	792
sample	repeated	dict-index	dictzip	prefix	718	351083
sample	repeated	dict-index	dictzip	prefix	719	278666
sample	repeated	dict-index	dictzip	prefix	720	14250
sample	repeated	dict-index	dictzip	prefix	721	5375
sample	repeated	dict-index	dictzip	prefix	722	220541
sample	repeated	dict-index	dictzip	prefix	723	146792
sample	repeated	dict-index	dictzip	prefix	724	3958
sample	repeated	dict-index	dictzip	prefix	725	500
sample	repeated	dict-index	dictzip	prefix	726	63792
sample	repeated	dict-index	dictzip	prefix	727	265708
sample	repeated	dict-index	dictzip	prefix	728	37291
sample	repeated	dict-index	dictzip	prefix	729	6500
sample	repeated	dict-index	dictzip	prefix	730	210708
sample	repeated	dict-index	dictzip	prefix	731	208667
sample	repeated	dict-index	dictzip	prefix	732	14541
sample	repeated	dict-index	dictzip	prefix	733	1625
sample	repeated	dict-index	dictzip	prefix	734	184292
sample	repeated	dict-index	dictzip	prefix	735	94333
sample	repeated	dict-index	dictzip	prefix	736	11667
sample	repeated	dict-index	dictzip	prefix	737	8459
sample	repeated	dict-index	dictzip	prefix	738	244625
sample	repeated	dict-index	dictzip	prefix	739	229000
sample	repeated	dict-index	dictzip	prefix	740	5958
sample	repeated	dict-index	dictzip	prefix	741	583
sample	repeated	dict-index	dictzip	prefix	742	66375
sample	repeated	dict-index	dictzip	prefix	743	150167
sample	repeated	dict-index	dictzip	prefix	744	3083
sample	repeated	dict-index	dictzip	prefix	745	7708
sample	repeated	dict-index	dictzip	prefix	746	72375
sample	repeated	dict-index	dictzip	prefix	747	107416
sample	repeated	dict-index	dictzip	prefix	748	12833
sample	repeated	dict-index	dictzip	prefix	749	1042
sample	repeated	dict-index	dictzip	prefix	750	188792
sample	repeated	dict-index	dictzip	prefix	751	196083
sample	repeated	dict-index	dictzip	prefix	752	15166
sample	repeated	dict-index	dictzip	prefix	753	5709
sample	repeated	dict-index	dictzip	prefix	754	141875
sample	repeated	dict-index	dictzip	prefix	755	195209
sample	repeated	dict-index	dictzip	prefix	756	4291
sample	repeated	dict-index	dictzip	prefix	757	625
sample	repeated	dict-index	dictzip	prefix	758	69750
sample	repeated	dict-index	dictzip	prefix	759	67167
sample	repeated	dict-index	dictzip	prefix	760	2583
sample	repeated	dict-index	dictzip	prefix	761	1625
sample	repeated	dict-index	dictzip	prefix	762	66125
sample	repeated	dict-index	dictzip	prefix	763	76666
sample	repeated	dict-index	dictzip	prefix	764	19292
sample	repeated	dict-index	dictzip	prefix	765	2042
sample	repeated	dict-index	dictzip	prefix	766	213250
sample	repeated	dict-index	dictzip	prefix	767	213167
sample	repeated	dict-index	dictzip	prefix	768	5042
sample	repeated	dict-index	dictzip	prefix	769	2375
sample	repeated	dict-index	dictzip	prefix	770	69917
sample	repeated	dict-index	dictzip	prefix	771	152208
sample	repeated	dict-index	dictzip	prefix	772	14375
sample	repeated	dict-index	dictzip	prefix	773	1917
sample	repeated	dict-index	dictzip	prefix	774	188541
sample	repeated	dict-index	dictzip	prefix	775	236542
sample	repeated	dict-index	dictzip	prefix	776	10750
sample	repeated	dict-index	dictzip	prefix	777	7084
sample	repeated	dict-index	dictzip	prefix	778	215959
sample	repeated	dict-index	dictzip	prefix	779	316750
sample	repeated	dict-index	dictzip	prefix	780	14791
sample	repeated	dict-index	dictzip	prefix	781	1334
sample	repeated	dict-index	dictzip	prefix	782	78792
sample	repeated	dict-index	dictzip	prefix	783	70875
sample	repeated	dict-index	dictzip	prefix	784	15333
sample	repeated	dict-index	dictzip	prefix	785	4584
sample	repeated	dict-index	dictzip	prefix	786	183000
sample	repeated	dict-index	dictzip	prefix	787	70875
sample	repeated	dict-index	dictzip	prefix	788	6417
sample	repeated	dict-index	dictzip	prefix	789	750
sample	repeated	dict-index	dictzip	prefix	790	68416
sample	repeated	dict-index	dictzip	prefix	791	68792
sample	repeated	dict-index	dictzip	prefix	792	27250
sample	repeated	dict-index	dictzip	prefix	793	5042
sample	repeated	dict-index	dictzip	prefix	794	73667
sample	repeated	dict-index	dictzip	prefix	795	73625
sample	repeated	dict-index	dictzip	prefix	796	3959
sample	repeated	dict-index	dictzip	prefix	797	750
sample	repeated	dict-index	dictzip	prefix	798	67583
sample	repeated	dict-index	dictzip	prefix	799	70208
sample	repeated	dict-index	dictzip	prefix	800	3292
sample	repeated	dict-index	dictzip	prefix	801	1541
sample	repeated	dict-index	dictzip	prefix	802	74375
sample	repeated	dict-index	dictzip	prefix	803	69833
sample	repeated	dict-index	dictzip	prefix	804	5417
sample	repeated	dict-index	dictzip	prefix	805	666
sample	repeated	dict-index	dictzip	prefix	806	68458
sample	repeated	dict-index	dictzip	prefix	807	74583
sample	repeated	dict-index	dictzip	prefix	808	9959
sample	repeated	dict-index	dictzip	prefix	809	2959
sample	repeated	dict-index	dictzip	prefix	810	118625
sample	repeated	dict-index	dictzip	prefix	811	200125
sample	repeated	dict-index	dictzip	prefix	812	3708
sample	repeated	dict-index	dictzip	prefix	813	541
sample	repeated	dict-index	dictzip	prefix	814	66542
sample	repeated	dict-index	dictzip	prefix	815	73084
sample	repeated	dict-index	dictzip	prefix	816	11458
sample	repeated	dict-index	dictzip	prefix	817	3917
sample	repeated	dict-index	dictzip	prefix	818	246750
sample	repeated	dict-index	dictzip	prefix	819	73834
sample	repeated	dict-index	dictzip	prefix	820	13416
sample	repeated	dict-index	dictzip	prefix	821	1917
sample	repeated	dict-index	dictzip	prefix	822	241542
sample	repeated	dict-index	dictzip	prefix	823	76125
sample	repeated	dict-index	dictzip	prefix	824	24959
sample	repeated	dict-index	dictzip	prefix	825	2750
sample	repeated	dict-index	dictzip	prefix	826	68292
sample	repeated	dict-index	dictzip	prefix	827	147625
sample	repeated	dict-index	dictzip	prefix	828	4958
sample	repeated	dict-index	dictzip	prefix	829	625
sample	repeated	dict-index	dictzip	prefix	830	68708
sample	repeated	dict-index	dictzip	prefix	831	68500
sample	repeated	dict-index	dictzip	prefix	832	3958
sample	repeated	dict-index	dictzip	prefix	833	1542
sample	repeated	dict-index	dictzip	prefix	834	68750
sample	repeated	dict-index	dictzip	prefix	835	66416
sample	repeated	dict-index	dictzip	prefix	836	10959
sample	repeated	dict-index	dictzip	prefix	837	1750
sample	repeated	dict-index	dictzip	prefix	838	181250
sample	repeated	dict-index	dictzip	prefix	839	80000
sample	repeated	dict-index	dictzip	prefix	840	5375
sample	repeated	dict-index	dictzip	prefix	841	2000
sample	repeated	dict-index	dictzip	prefix	842	67000
sample	repeated	dict-index	dictzip	prefix	843	73583
sample	repeated	dict-index	dictzip	prefix	844	13375
sample	repeated	dict-index	dictzip	prefix	845	916
sample	repeated	dict-index	dictzip	prefix	846	202208
sample	repeated	dict-index	dictzip	prefix	847	196542
sample	repeated	dict-index	dictzip	prefix	848	4292
sample	repeated	dict-index	dictzip	prefix	849	1625
sample	repeated	dict-index	dictzip	prefix	850	67833
sample	repeated	dict-index	dictzip	prefix	851	94208
sample	repeated	dict-index	dictzip	prefix	852	2542
sample	repeated	dict-index	dictzip	prefix	853	500
sample	repeated	dict-index	dictzip	prefix	854	64667
sample	repeated	dict-index	dictzip	prefix	855	79917
sample	repeated	dict-index	dictzip	prefix	856	4250
sample	repeated	dict-index	dictzip	prefix	857	2042
sample	repeated	dict-index	dictzip	prefix	858	74625
sample	repeated	dict-index	dictzip	prefix	859	67958
sample	repeated	dict-index	dictzip	prefix	860	2291
sample	repeated	dict-index	dictzip	prefix	861	583
sample	repeated	dict-index	dictzip	prefix	862	73125
sample	repeated	dict-index	dictzip	prefix	863	66542
sample	repeated	dict-index	dictzip	prefix	864	1792
sample	repeated	dict-index	dictzip	prefix	865	2250
sample	repeated	dict-index	dictzip	prefix	866	63292
sample	repeated	dict-index	dictzip	prefix	867	181416
sample	repeated	dict-index	dictzip	prefix	868	21375
sample	repeated	dict-index	dictzip	prefix	869	834
sample	repeated	dict-index	dictzip	prefix	870	66500
sample	repeated	dict-index	dictzip	prefix	871	64292
sample	repeated	dict-index	dictzip	prefix	872	4375
sample	repeated	dict-index	dictzip	prefix	873	13667
sample	repeated	dict-index	dictzip	prefix	874	66417
sample	repeated	dict-index	dictzip	prefix	875	119416
sample	repeated	dict-index	dictzip	prefix	876	73792
sample	repeated	dict-index	dictzip	prefix	877	2041
sample	repeated	dict-index	dictzip	prefix	878	66834
sample	repeated	dict-index	dictzip	prefix	879	69208
sample	repeated	dict-index	dictzip	prefix	880	1708
sample	repeated	dict-index	dictzip	prefix	881	1958
sample	repeated	dict-index	dictzip	prefix	882	62583
sample	repeated	dict-index	dictzip	prefix	883	63667
sample	repeated	dict-index	dictzip	prefix	884	1417
sample	repeated	dict-index	dictzip	prefix	885	458
sample	repeated	dict-index	dictzip	prefix	886	62291
sample	repeated	dict-index	dictzip	prefix	887	186500
sample	repeated	dict-index	dictzip	prefix	888	3792
sample	repeated	dict-index	dictzip	prefix	889	7833
sample	repeated	dict-index	dictzip	prefix	890	68209
sample	repeated	dict-index	dictzip	prefix	891	65875
sample	repeated	dict-index	dictzip	prefix	892	2291
sample	repeated	dict-index	dictzip	prefix	893	541
sample	repeated	dict-index	dictzip	prefix	894	65209
sample	repeated	dict-index	dictzip	prefix	895	65541
sample	repeated	dict-index	dictzip	prefix	896	1625
sample	repeated	dict-index	dictzip	prefix	897	1500
sample	repeated	dict-index	dictzip	prefix	898	62417
sample	repeated	dict-index	dictzip	prefix	899	66625
sample	repeated	dict-index	dictzip	prefix	900	1750
sample	repeated	dict-index	dictzip	prefix	901	500
sample	repeated	dict-index	dictzip	prefix	902	63708
sample	repeated	dict-index	dictzip	prefix	903	174542
sample	repeated	dict-index	dictzip	prefix	904	5042
sample	repeated	dict-index	dictzip	prefix	905	2125
sample	repeated	dict-index	dictzip	prefix	906	71542
sample	repeated	dict-index	dictzip	prefix	907	68125
sample	repeated	dict-index	dictzip	prefix	908	5583
sample	repeated	dict-index	dictzip	prefix	909	583
sample	repeated	dict-index	dictzip	prefix	910	65625
sample	repeated	dict-index	dictzip	prefix	911	65167
sample	repeated	dict-index	dictzip	prefix	912	2791
sample	repeated	dict-index	dictzip	prefix	913	23625
sample	repeated	dict-index	dictzip	prefix	914	73042
sample	repeated	dict-index	dictzip	prefix	915	72917
sample	repeated	dict-index	dictzip	prefix	916	2958
sample	repeated	dict-index	dictzip	prefix	917	542
sample	repeated	dict-index	dictzip	prefix	918	66042
sample	repeated	dict-index	dictzip	prefix	919	72458
sample	repeated	dict-index	dictzip	prefix	920	2625
sample	repeated	dict-index	dictzip	prefix	921	1584
sample	repeated	dict-index	dictzip	prefix	922	80292
sample	repeated	dict-index	dictzip	prefix	923	71167
sample	repeated	dict-index	dictzip	prefix	924	1500
sample	repeated	dict-index	dictzip	prefix	925	458
sample	repeated	dict-index	dictzip	prefix	926	66250
sample	repeated	dict-index	dictzip	prefix	927	66916
sample	repeated	dict-index	dictzip	prefix	928	3917
sample	repeated	dict-index	dictzip	prefix	929	1584
sample	repeated	dict-index	dictzip	prefix	930	64125
sample	repeated	dict-index	dictzip	prefix	931	128917
sample	repeated	dict-index	dictzip	prefix	932	12208
sample	repeated	dict-index	dictzip	prefix	933	3042
sample	repeated	dict-index	dictzip	prefix	934	71250
sample	repeated	dict-index	dictzip	prefix	935	70375
sample	repeated	dict-index	dictzip	prefix	936	22208
sample	repeated	dict-index	dictzip	prefix	937	3083
sample	repeated	dict-index	dictzip	prefix	938	68000
sample	repeated	dict-index	dictzip	prefix	939	183625
sample	repeated	dict-index	dictzip	prefix	940	2833
sample	repeated	dict-index	dictzip	prefix	941	542
sample	repeated	dict-index	dictzip	prefix	942	64292
sample	repeated	dict-index	dictzip	prefix	943	68208
sample	repeated	dict-index	dictzip	prefix	944	1958
sample	repeated	dict-index	dictzip	prefix	945	2083
sample	repeated	dict-index	dictzip	prefix	946	63125
sample	repeated	dict-index	dictzip	prefix	947	63792
sample	repeated	dict-index	dictzip	prefix	948	21458
sample	repeated	dict-index	dictzip	prefix	949	3125
sample	repeated	dict-index	dictzip	prefix	950	88541
sample	repeated	dict-index	dictzip	prefix	951	74250
sample	repeated	dict-index	dictzip	prefix	952	1958
sample	repeated	dict-index	dictzip	prefix	953	1292
sample	repeated	dict-index	dictzip	prefix	954	67042
sample	repeated	dict-index	dictzip	prefix	955	68542
sample	repeated	dict-index	dictzip	prefix	956	3625
sample	repeated	dict-index	dictzip	prefix	957	667
sample	repeated	dict-index	dictzip	prefix	958	66625
sample	repeated	dict-index	dictzip	prefix	959	78875
sample	repeated	dict-index	dictzip	prefix	960	10125
sample	repeated	dict-index	dictzip	prefix	961	3625
sample	repeated	dict-index	dictzip	prefix	962	73208
sample	repeated	dict-index	dictzip	prefix	963	69083
sample	repeated	dict-index	dictzip	prefix	964	1458
sample	repeated	dict-index	dictzip	prefix	965	500
sample	repeated	dict-index	dictzip	prefix	966	64375
sample	repeated	dict-index	dictzip	prefix	967	68375
sample	repeated	dict-index	dictzip	prefix	968	1917
sample	repeated	dict-index	dictzip	prefix	969	1459
sample	repeated	dict-index	dictzip	prefix	970	64292
sample	repeated	dict-index	dictzip	prefix	971	66000
sample	repeated	dict-index	dictzip	prefix	972	3375
sample	repeated	dict-index	dictzip	prefix	973	625
sample	repeated	dict-index	dictzip	prefix	974	69542
sample	repeated	dict-index	dictzip	prefix	975	70458
sample	repeated	dict-index	dictzip	prefix	976	2083
sample	repeated	dict-index	dictzip	prefix	977	1750
sample	repeated	dict-index	dictzip	prefix	978	66291
sample	repeated	dict-index	dictzip	prefix	979	69500
sample	repeated	dict-index	dictzip	prefix	980	1625
sample	repeated	dict-index	dictzip	prefix	981	542
sample	repeated	dict-index	dictzip	prefix	982	64584
sample	repeated	dict-index	dictzip	prefix	983	70917
sample	repeated	dict-index	dictzip	prefix	984	3916
sample	repeated	dict-index	dictzip	prefix	985	2291
sample	repeated	dict-index	dictzip	prefix	986	66208
sample	repeated	dict-index	dictzip	prefix	987	63875
sample	repeated	dict-index	dictzip	prefix	988	2833
sample	repeated	dict-index	dictzip	prefix	989	458
sample	repeated	dict-index	dictzip	prefix	990	63333
sample	repeated	dict-index	dictzip	prefix	991	68000
sample	repeated	dict-index	dictzip	prefix	992	4000
sample	repeated	dict-index	dictzip	prefix	993	2125
sample	repeated	dict-index	dictzip	prefix	994	100250
sample	repeated	dict-index	dictzip	prefix	995	69459
sample	repeated	dict-index	dictzip	prefix	996	1625
sample	repeated	dict-index	dictzip	prefix	997	459
sample	repeated	dict-index	dictzip	prefix	998	64292
sample	repeated	dict-index	dictzip	prefix	999	90625
sample	repeated	dict-index	dictzip	render	0	4264458
sample	repeated	dict-index	dictzip	render	1	4276542
sample	repeated	dict-index	dictzip	render	2	5083334
sample	repeated	dict-index	dictzip	render	3	3898958
sample	repeated	dict-index	dictzip	render	4	3896042
sample	repeated	dict-index	dictzip	render	5	4369000
sample	repeated	dict-index	dictzip	render	6	5287542
sample	repeated	dict-index	dictzip	render	7	4989583
sample	repeated	dict-index	dictzip	render	8	3632250
sample	repeated	dict-index	dictzip	render	9	3855125
sample	repeated	dict-index	dictzip	render	10	3465209
sample	repeated	dict-index	dictzip	render	11	3709792
sample	repeated	dict-index	dictzip	render	12	3785375
sample	repeated	dict-index	dictzip	render	13	4758583
sample	repeated	dict-index	dictzip	render	14	4092875
sample	repeated	dict-index	dictzip	render	15	4593209
sample	repeated	dict-index	dictzip	render	16	4276875
sample	repeated	dict-index	dictzip	render	17	3988833
sample	repeated	dict-index	dictzip	render	18	4638500
sample	repeated	dict-index	dictzip	render	19	4118584
sample	repeated	dict-index	dictzip	render	20	4267250
sample	repeated	dict-index	dictzip	render	21	3643958
sample	repeated	dict-index	dictzip	render	22	3794542
sample	repeated	dict-index	dictzip	render	23	3663958
sample	repeated	dict-index	dictzip	render	24	3905416
sample	repeated	dict-index	dictzip	render	25	4559291
sample	repeated	dict-index	dictzip	render	26	4468334
sample	repeated	dict-index	dictzip	render	27	5134291
sample	repeated	dict-index	dictzip	render	28	4560083
sample	repeated	dict-index	dictzip	render	29	3445667
sample	repeated	dict-index	dictzip	render	30	3534166
sample	repeated	dict-index	dictzip	render	31	3861000
sample	repeated	dict-index	dictzip	render	32	3541333
sample	repeated	dict-index	dictzip	render	33	3500750
sample	repeated	dict-index	dictzip	render	34	4389541
sample	repeated	dict-index	dictzip	render	35	3238083
sample	repeated	dict-index	dictzip	render	36	3240542
sample	repeated	dict-index	dictzip	render	37	4291792
sample	repeated	dict-index	dictzip	render	38	3222791
sample	repeated	dict-index	dictzip	render	39	4282625
sample	repeated	dict-index	dictzip	render	40	3682125
sample	repeated	dict-index	dictzip	render	41	3921708
sample	repeated	dict-index	dictzip	render	42	3334875
sample	repeated	dict-index	dictzip	render	43	3128584
sample	repeated	dict-index	dictzip	render	44	3167125
sample	repeated	dict-index	dictzip	render	45	3607375
sample	repeated	dict-index	dictzip	render	46	4257166
sample	repeated	dict-index	dictzip	render	47	3303416
sample	repeated	dict-index	dictzip	render	48	3102000
sample	repeated	dict-index	dictzip	render	49	3581959
sample	repeated	dict-index	dictzip	render	50	3776500
sample	repeated	dict-index	dictzip	render	51	4200542
sample	repeated	dict-index	dictzip	render	52	3489334
sample	repeated	dict-index	dictzip	render	53	2951667
sample	repeated	dict-index	dictzip	render	54	3431708
sample	repeated	dict-index	dictzip	render	55	4071875
sample	repeated	dict-index	dictzip	render	56	3590625
sample	repeated	dict-index	dictzip	render	57	3532667
sample	repeated	dict-index	dictzip	render	58	4439834
sample	repeated	dict-index	dictzip	render	59	4310041
sample	repeated	dict-index	dictzip	render	60	3287167
sample	repeated	dict-index	dictzip	render	61	3610834
sample	repeated	dict-index	dictzip	render	62	3780833
sample	repeated	dict-index	dictzip	render	63	4367833
sample	repeated	dict-index	dictzip	render	64	4086625
sample	repeated	dict-index	dictzip	render	65	3684625
sample	repeated	dict-index	dictzip	render	66	3197583
sample	repeated	dict-index	dictzip	render	67	3367375
sample	repeated	dict-index	dictzip	render	68	4037459
sample	repeated	dict-index	dictzip	render	69	3141792
sample	repeated	dict-index	dictzip	render	70	3937459
sample	repeated	dict-index	dictzip	render	71	3804542
sample	repeated	dict-index	dictzip	render	72	3232709
sample	repeated	dict-index	dictzip	render	73	3660292
sample	repeated	dict-index	dictzip	render	74	4675875
sample	repeated	dict-index	dictzip	render	75	4931458
sample	repeated	dict-index	dictzip	render	76	4714250
sample	repeated	dict-index	dictzip	render	77	3215000
sample	repeated	dict-index	dictzip	render	78	3471791
sample	repeated	dict-index	dictzip	render	79	3649583
sample	repeated	dict-index	dictzip	render	80	3798458
sample	repeated	dict-index	dictzip	render	81	4607625
sample	repeated	dict-index	dictzip	render	82	5485042
sample	repeated	dict-index	dictzip	render	83	4228708
sample	repeated	dict-index	dictzip	render	84	3355792
sample	repeated	dict-index	dictzip	render	85	4184167
sample	repeated	dict-index	dictzip	render	86	3645333
sample	repeated	dict-index	dictzip	render	87	5057041
sample	repeated	dict-index	dictzip	render	88	3620167
sample	repeated	dict-index	dictzip	render	89	3774792
sample	repeated	dict-index	dictzip	render	90	4208834
sample	repeated	dict-index	dictzip	render	91	3797500
sample	repeated	dict-index	dictzip	render	92	4711042
sample	repeated	dict-index	dictzip	render	93	3611291
sample	repeated	dict-index	dictzip	render	94	4190042
sample	repeated	dict-index	dictzip	render	95	3918125
sample	repeated	dict-index	dictzip	render	96	3629625
sample	repeated	dict-index	dictzip	render	97	4397833
sample	repeated	dict-index	dictzip	render	98	4383166
sample	repeated	dict-index	dictzip	render	99	4969708
sample	repeated	dict-index	dictzip	render	100	3776334
sample	repeated	dict-index	dictzip	render	101	4876291
sample	repeated	dict-index	dictzip	render	102	3606416
sample	repeated	dict-index	dictzip	render	103	4109333
sample	repeated	dict-index	dictzip	render	104	3676875
sample	repeated	dict-index	dictzip	render	105	3290750
sample	repeated	dict-index	dictzip	render	106	3478041
sample	repeated	dict-index	dictzip	render	107	3549125
sample	repeated	dict-index	dictzip	render	108	4236584
sample	repeated	dict-index	dictzip	render	109	3503917
sample	repeated	dict-index	dictzip	render	110	3370875
sample	repeated	dict-index	dictzip	render	111	3212750
sample	repeated	dict-index	dictzip	render	112	3393792
sample	repeated	dict-index	dictzip	render	113	4208000
sample	repeated	dict-index	dictzip	render	114	4564042
sample	repeated	dict-index	dictzip	render	115	4161959
sample	repeated	dict-index	dictzip	render	116	5203292
sample	repeated	dict-index	dictzip	render	117	4895125
sample	repeated	dict-index	dictzip	render	118	4482250
sample	repeated	dict-index	dictzip	render	119	3086750
sample	repeated	dict-index	dictzip	render	120	3359708
sample	repeated	dict-index	dictzip	render	121	3451917
sample	repeated	dict-index	dictzip	render	122	2741250
sample	repeated	dict-index	dictzip	render	123	4254583
sample	repeated	dict-index	dictzip	render	124	4637333
sample	repeated	dict-index	dictzip	render	125	4611084
sample	repeated	dict-index	dictzip	render	126	4470542
sample	repeated	dict-index	dictzip	render	127	7257375
sample	repeated	dict-index	dictzip	render	128	6433917
sample	repeated	dict-index	dictzip	render	129	4141875
sample	repeated	dict-index	dictzip	render	130	4408292
sample	repeated	dict-index	dictzip	render	131	5503792
sample	repeated	dict-index	dictzip	render	132	5920958
sample	repeated	dict-index	dictzip	render	133	4470125
sample	repeated	dict-index	dictzip	render	134	4890708
sample	repeated	dict-index	dictzip	render	135	3635959
sample	repeated	dict-index	dictzip	render	136	4891084
sample	repeated	dict-index	dictzip	render	137	5080125
sample	repeated	dict-index	dictzip	render	138	4234708
sample	repeated	dict-index	dictzip	render	139	4986417
sample	repeated	dict-index	dictzip	render	140	4456416
sample	repeated	dict-index	dictzip	render	141	4908000
sample	repeated	dict-index	dictzip	render	142	3538792
sample	repeated	dict-index	dictzip	render	143	4170042
sample	repeated	dict-index	dictzip	render	144	5663917
sample	repeated	dict-index	dictzip	render	145	5095125
sample	repeated	dict-index	dictzip	render	146	4478250
sample	repeated	dict-index	dictzip	render	147	4372041
sample	repeated	dict-index	dictzip	render	148	4232208
sample	repeated	dict-index	dictzip	render	149	3696166
sample	repeated	dict-index	dictzip	render	150	4314542
sample	repeated	dict-index	dictzip	render	151	3112833
sample	repeated	dict-index	dictzip	render	152	5527833
sample	repeated	dict-index	dictzip	render	153	3668000
sample	repeated	dict-index	dictzip	render	154	3541708
sample	repeated	dict-index	dictzip	render	155	4163333
sample	repeated	dict-index	dictzip	render	156	4255667
sample	repeated	dict-index	dictzip	render	157	5310958
sample	repeated	dict-index	dictzip	render	158	4110459
sample	repeated	dict-index	dictzip	render	159	3510750
sample	repeated	dict-index	dictzip	render	160	4227125
sample	repeated	dict-index	dictzip	render	161	3913167
sample	repeated	dict-index	dictzip	render	162	3625167
sample	repeated	dict-index	dictzip	render	163	4047708
sample	repeated	dict-index	dictzip	render	164	4680083
sample	repeated	dict-index	dictzip	render	165	4407125
sample	repeated	dict-index	dictzip	render	166	4350458
sample	repeated	dict-index	dictzip	render	167	4211417
sample	repeated	dict-index	dictzip	render	168	4778583
sample	repeated	dict-index	dictzip	render	169	4436459
sample	repeated	dict-index	dictzip	render	170	4070042
sample	repeated	dict-index	dictzip	render	171	3735583
sample	repeated	dict-index	dictzip	render	172	3826750
sample	repeated	dict-index	dictzip	render	173	3928083
sample	repeated	dict-index	dictzip	render	174	4581209
sample	repeated	dict-index	dictzip	render	175	7009500
sample	repeated	dict-index	dictzip	render	176	6000959
sample	repeated	dict-index	dictzip	render	177	5544292
sample	repeated	dict-index	dictzip	render	178	5049958
sample	repeated	dict-index	dictzip	render	179	3831459
sample	repeated	dict-index	dictzip	render	180	5380708
sample	repeated	dict-index	dictzip	render	181	4399750
sample	repeated	dict-index	dictzip	render	182	4867791
sample	repeated	dict-index	dictzip	render	183	4273750
sample	repeated	dict-index	dictzip	render	184	4057500
sample	repeated	dict-index	dictzip	render	185	5963042
sample	repeated	dict-index	dictzip	render	186	5626458
sample	repeated	dict-index	dictzip	render	187	4577834
sample	repeated	dict-index	dictzip	render	188	5012458
sample	repeated	dict-index	dictzip	render	189	4949291
sample	repeated	dict-index	dictzip	render	190	5454166
sample	repeated	dict-index	dictzip	render	191	5304208
sample	repeated	dict-index	dictzip	render	192	4946917
sample	repeated	dict-index	dictzip	render	193	3899792
sample	repeated	dict-index	dictzip	render	194	4687416
sample	repeated	dict-index	dictzip	render	195	5089084
sample	repeated	dict-index	dictzip	render	196	4683458
sample	repeated	dict-index	dictzip	render	197	4022666
sample	repeated	dict-index	dictzip	render	198	3971000
sample	repeated	dict-index	dictzip	render	199	4222042
sample	repeated	dict-index	dictzip	render	200	3929584
sample	repeated	dict-index	dictzip	render	201	4618417
sample	repeated	dict-index	dictzip	render	202	4384834
sample	repeated	dict-index	dictzip	render	203	4617459
sample	repeated	dict-index	dictzip	render	204	5053583
sample	repeated	dict-index	dictzip	render	205	5015125
sample	repeated	dict-index	dictzip	render	206	5365333
sample	repeated	dict-index	dictzip	render	207	4621334
sample	repeated	dict-index	dictzip	render	208	4825500
sample	repeated	dict-index	dictzip	render	209	5176375
sample	repeated	dict-index	dictzip	render	210	4238209
sample	repeated	dict-index	dictzip	render	211	5738250
sample	repeated	dict-index	dictzip	render	212	5642750
sample	repeated	dict-index	dictzip	render	213	5836125
sample	repeated	dict-index	dictzip	render	214	5320209
sample	repeated	dict-index	dictzip	render	215	7738000
sample	repeated	dict-index	dictzip	render	216	7745250
sample	repeated	dict-index	dictzip	render	217	8133833
sample	repeated	dict-index	dictzip	render	218	5415916
sample	repeated	dict-index	dictzip	render	219	4821250
sample	repeated	dict-index	dictzip	render	220	5006333
sample	repeated	dict-index	dictzip	render	221	7635250
sample	repeated	dict-index	dictzip	render	222	8565875
sample	repeated	dict-index	dictzip	render	223	5036958
sample	repeated	dict-index	dictzip	render	224	6219708
sample	repeated	dict-index	dictzip	render	225	5360625
sample	repeated	dict-index	dictzip	render	226	5166333
sample	repeated	dict-index	dictzip	render	227	4594042
sample	repeated	dict-index	dictzip	render	228	4110042
sample	repeated	dict-index	dictzip	render	229	4151875
sample	repeated	dict-index	dictzip	render	230	3216167
sample	repeated	dict-index	dictzip	render	231	4550666
sample	repeated	dict-index	dictzip	render	232	4129000
sample	repeated	dict-index	dictzip	render	233	4502125
sample	repeated	dict-index	dictzip	render	234	4029792
sample	repeated	dict-index	dictzip	render	235	3930916
sample	repeated	dict-index	dictzip	render	236	4497042
sample	repeated	dict-index	dictzip	render	237	3270125
sample	repeated	dict-index	dictzip	render	238	3137583
sample	repeated	dict-index	dictzip	render	239	3636584
sample	repeated	dict-index	dictzip	render	240	3696208
sample	repeated	dict-index	dictzip	render	241	4543208
sample	repeated	dict-index	dictzip	render	242	4681125
sample	repeated	dict-index	dictzip	render	243	5683000
sample	repeated	dict-index	dictzip	render	244	4540417
sample	repeated	dict-index	dictzip	render	245	4513750
sample	repeated	dict-index	dictzip	render	246	4809209
sample	repeated	dict-index	dictzip	render	247	4039833
sample	repeated	dict-index	dictzip	render	248	4079250
sample	repeated	dict-index	dictzip	render	249	4323584
sample	repeated	dict-index	dictzip	render	250	4675583
sample	repeated	dict-index	dictzip	render	251	3611500
sample	repeated	dict-index	dictzip	render	252	4715584
sample	repeated	dict-index	dictzip	render	253	4701709
sample	repeated	dict-index	dictzip	render	254	3973750
sample	repeated	dict-index	dictzip	render	255	5413750
sample	repeated	dict-index	dictzip	render	256	3509916
sample	repeated	dict-index	dictzip	render	257	5766167
sample	repeated	dict-index	dictzip	render	258	3539250
sample	repeated	dict-index	dictzip	render	259	3932042
sample	repeated	dict-index	dictzip	render	260	3289875
sample	repeated	dict-index	dictzip	render	261	3992541
sample	repeated	dict-index	dictzip	render	262	4122625
sample	repeated	dict-index	dictzip	render	263	5020542
sample	repeated	dict-index	dictzip	render	264	4560583
sample	repeated	dict-index	dictzip	render	265	4834166
sample	repeated	dict-index	dictzip	render	266	4656917
sample	repeated	dict-index	dictzip	render	267	3534708
sample	repeated	dict-index	dictzip	render	268	3598792
sample	repeated	dict-index	dictzip	render	269	5622667
sample	repeated	dict-index	dictzip	render	270	4276875
sample	repeated	dict-index	dictzip	render	271	3822333
sample	repeated	dict-index	dictzip	render	272	5000083
sample	repeated	dict-index	dictzip	render	273	5408583
sample	repeated	dict-index	dictzip	render	274	5178584
sample	repeated	dict-index	dictzip	render	275	4075958
sample	repeated	dict-index	dictzip	render	276	4249875
sample	repeated	dict-index	dictzip	render	277	3324750
sample	repeated	dict-index	dictzip	render	278	3191250
sample	repeated	dict-index	dictzip	render	279	3634458
sample	repeated	dict-index	dictzip	render	280	4428459
sample	repeated	dict-index	dictzip	render	281	5085208
sample	repeated	dict-index	dictzip	render	282	4475791
sample	repeated	dict-index	dictzip	render	283	4350958
sample	repeated	dict-index	dictzip	render	284	4448083
sample	repeated	dict-index	dictzip	render	285	4306667
sample	repeated	dict-index	dictzip	render	286	7225250
sample	repeated	dict-index	dictzip	render	287	6345000
sample	repeated	dict-index	dictzip	render	288	5595958
sample	repeated	dict-index	dictzip	render	289	4704708
sample	repeated	dict-index	dictzip	render	290	5504708
sample	repeated	dict-index	dictzip	render	291	4068166
sample	repeated	dict-index	dictzip	render	292	5500000
sample	repeated	dict-index	dictzip	render	293	4369000
sample	repeated	dict-index	dictzip	render	294	4086083
sample	repeated	dict-index	dictzip	render	295	3277791
sample	repeated	dict-index	dictzip	render	296	4347417
sample	repeated	dict-index	dictzip	render	297	3991334
sample	repeated	dict-index	dictzip	render	298	3781875
sample	repeated	dict-index	dictzip	render	299	3251583
sample	repeated	dict-index	dictzip	render	300	3562459
sample	repeated	dict-index	dictzip	render	301	3293500
sample	repeated	dict-index	dictzip	render	302	3675417
sample	repeated	dict-index	dictzip	render	303	4044916
sample	repeated	dict-index	dictzip	render	304	4678208
sample	repeated	dict-index	dictzip	render	305	4001875
sample	repeated	dict-index	dictzip	render	306	3388500
sample	repeated	dict-index	dictzip	render	307	4175292
sample	repeated	dict-index	dictzip	render	308	3695584
sample	repeated	dict-index	dictzip	render	309	3797208
sample	repeated	dict-index	dictzip	render	310	4484417
sample	repeated	dict-index	dictzip	render	311	3978875
sample	repeated	dict-index	dictzip	render	312	3327250
sample	repeated	dict-index	dictzip	render	313	3535084
sample	repeated	dict-index	dictzip	render	314	4597708
sample	repeated	dict-index	dictzip	render	315	5385208
sample	repeated	dict-index	dictzip	render	316	4661791
sample	repeated	dict-index	dictzip	render	317	4562292
sample	repeated	dict-index	dictzip	render	318	3826834
sample	repeated	dict-index	dictzip	render	319	3821542
sample	repeated	dict-index	dictzip	render	320	3022083
sample	repeated	dict-index	dictzip	render	321	3624917
sample	repeated	dict-index	dictzip	render	322	2948208
sample	repeated	dict-index	dictzip	render	323	4098417
sample	repeated	dict-index	dictzip	render	324	4748667
sample	repeated	dict-index	dictzip	render	325	5062208
sample	repeated	dict-index	dictzip	render	326	4059833
sample	repeated	dict-index	dictzip	render	327	3634000
sample	repeated	dict-index	dictzip	render	328	4046625
sample	repeated	dict-index	dictzip	render	329	4903000
sample	repeated	dict-index	dictzip	render	330	4340000
sample	repeated	dict-index	dictzip	render	331	3534959
sample	repeated	dict-index	dictzip	render	332	3254166
sample	repeated	dict-index	dictzip	render	333	3550959
sample	repeated	dict-index	dictzip	render	334	3303209
sample	repeated	dict-index	dictzip	render	335	4287875
sample	repeated	dict-index	dictzip	render	336	3828500
sample	repeated	dict-index	dictzip	render	337	4117875
sample	repeated	dict-index	dictzip	render	338	3705541
sample	repeated	dict-index	dictzip	render	339	4097500
sample	repeated	dict-index	dictzip	render	340	5383000
sample	repeated	dict-index	dictzip	render	341	3372209
sample	repeated	dict-index	dictzip	render	342	4384709
sample	repeated	dict-index	dictzip	render	343	3689292
sample	repeated	dict-index	dictzip	render	344	3734917
sample	repeated	dict-index	dictzip	render	345	3059875
sample	repeated	dict-index	dictzip	render	346	3287958
sample	repeated	dict-index	dictzip	render	347	3321667
sample	repeated	dict-index	dictzip	render	348	3380833
sample	repeated	dict-index	dictzip	render	349	3959750
sample	repeated	dict-index	dictzip	render	350	3992458
sample	repeated	dict-index	dictzip	render	351	3750416
sample	repeated	dict-index	dictzip	render	352	3997584
sample	repeated	dict-index	dictzip	render	353	4283792
sample	repeated	dict-index	dictzip	render	354	3375833
sample	repeated	dict-index	dictzip	render	355	3209875
sample	repeated	dict-index	dictzip	render	356	2982542
sample	repeated	dict-index	dictzip	render	357	3543375
sample	repeated	dict-index	dictzip	render	358	2968334
sample	repeated	dict-index	dictzip	render	359	2952083
sample	repeated	dict-index	dictzip	render	360	4104250
sample	repeated	dict-index	dictzip	render	361	4054708
sample	repeated	dict-index	dictzip	render	362	4285084
sample	repeated	dict-index	dictzip	render	363	4480500
sample	repeated	dict-index	dictzip	render	364	3429333
sample	repeated	dict-index	dictzip	render	365	3078875
sample	repeated	dict-index	dictzip	render	366	3018667
sample	repeated	dict-index	dictzip	render	367	2816083
sample	repeated	dict-index	dictzip	render	368	3427459
sample	repeated	dict-index	dictzip	render	369	3837500
sample	repeated	dict-index	dictzip	render	370	4252292
sample	repeated	dict-index	dictzip	render	371	4132042
sample	repeated	dict-index	dictzip	render	372	5034792
sample	repeated	dict-index	dictzip	render	373	4828083
sample	repeated	dict-index	dictzip	render	374	3795416
sample	repeated	dict-index	dictzip	render	375	2777792
sample	repeated	dict-index	dictzip	render	376	3935083
sample	repeated	dict-index	dictzip	render	377	3290917
sample	repeated	dict-index	dictzip	render	378	4345334
sample	repeated	dict-index	dictzip	render	379	3366125
sample	repeated	dict-index	dictzip	render	380	3811625
sample	repeated	dict-index	dictzip	render	381	3772291
sample	repeated	dict-index	dictzip	render	382	2875750
sample	repeated	dict-index	dictzip	render	383	4011250
sample	repeated	dict-index	dictzip	render	384	3322041
sample	repeated	dict-index	dictzip	render	385	4765500
sample	repeated	dict-index	dictzip	render	386	3700542
sample	repeated	dict-index	dictzip	render	387	3758041
sample	repeated	dict-index	dictzip	render	388	3134750
sample	repeated	dict-index	dictzip	render	389	4189583
sample	repeated	dict-index	dictzip	render	390	3112250
sample	repeated	dict-index	dictzip	render	391	3647083
sample	repeated	dict-index	dictzip	render	392	3801458
sample	repeated	dict-index	dictzip	render	393	3131458
sample	repeated	dict-index	dictzip	render	394	3474334
sample	repeated	dict-index	dictzip	render	395	5257583
sample	repeated	dict-index	dictzip	render	396	5461125
sample	repeated	dict-index	dictzip	render	397	4918584
sample	repeated	dict-index	dictzip	render	398	4313666
sample	repeated	dict-index	dictzip	render	399	4037792
sample	repeated	dict-index	dictzip	render	400	3710458
sample	repeated	dict-index	dictzip	render	401	3583000
sample	repeated	dict-index	dictzip	render	402	4280958
sample	repeated	dict-index	dictzip	render	403	3819916
sample	repeated	dict-index	dictzip	render	404	3802000
sample	repeated	dict-index	dictzip	render	405	5919292
sample	repeated	dict-index	dictzip	render	406	6707042
sample	repeated	dict-index	dictzip	render	407	4491500
sample	repeated	dict-index	dictzip	render	408	4055083
sample	repeated	dict-index	dictzip	render	409	3990709
sample	repeated	dict-index	dictzip	render	410	4433667
sample	repeated	dict-index	dictzip	render	411	3804083
sample	repeated	dict-index	dictzip	render	412	3275500
sample	repeated	dict-index	dictzip	render	413	4091208
sample	repeated	dict-index	dictzip	render	414	3055833
sample	repeated	dict-index	dictzip	render	415	3425250
sample	repeated	dict-index	dictzip	render	416	2873167
sample	repeated	dict-index	dictzip	render	417	5363250
sample	repeated	dict-index	dictzip	render	418	4684458
sample	repeated	dict-index	dictzip	render	419	4161333
sample	repeated	dict-index	dictzip	render	420	4270583
sample	repeated	dict-index	dictzip	render	421	3410000
sample	repeated	dict-index	dictzip	render	422	3178834
sample	repeated	dict-index	dictzip	render	423	4272250
sample	repeated	dict-index	dictzip	render	424	4145666
sample	repeated	dict-index	dictzip	render	425	3139375
sample	repeated	dict-index	dictzip	render	426	3262625
sample	repeated	dict-index	dictzip	render	427	4661083
sample	repeated	dict-index	dictzip	render	428	4817584
sample	repeated	dict-index	dictzip	render	429	4123541
sample	repeated	dict-index	dictzip	render	430	4196625
sample	repeated	dict-index	dictzip	render	431	3532125
sample	repeated	dict-index	dictzip	render	432	4418416
sample	repeated	dict-index	dictzip	render	433	3762292
sample	repeated	dict-index	dictzip	render	434	3044667
sample	repeated	dict-index	dictzip	render	435	3873458
sample	repeated	dict-index	dictzip	render	436	4074750
sample	repeated	dict-index	dictzip	render	437	4036167
sample	repeated	dict-index	dictzip	render	438	4327750
sample	repeated	dict-index	dictzip	render	439	4034167
sample	repeated	dict-index	dictzip	render	440	4792292
sample	repeated	dict-index	dictzip	render	441	3473667
sample	repeated	dict-index	dictzip	render	442	4353875
sample	repeated	dict-index	dictzip	render	443	3565292
sample	repeated	dict-index	dictzip	render	444	3633792
sample	repeated	dict-index	dictzip	render	445	3845000
sample	repeated	dict-index	dictzip	render	446	3914708
sample	repeated	dict-index	dictzip	render	447	3600375
sample	repeated	dict-index	dictzip	render	448	3454041
sample	repeated	dict-index	dictzip	render	449	3523458
sample	repeated	dict-index	dictzip	render	450	3325459
sample	repeated	dict-index	dictzip	render	451	3934958
sample	repeated	dict-index	dictzip	render	452	3810917
sample	repeated	dict-index	dictzip	render	453	4237584
sample	repeated	dict-index	dictzip	render	454	3653459
sample	repeated	dict-index	dictzip	render	455	3221416
sample	repeated	dict-index	dictzip	render	456	3184959
sample	repeated	dict-index	dictzip	render	457	3538709
sample	repeated	dict-index	dictzip	render	458	3197708
sample	repeated	dict-index	dictzip	render	459	3643542
sample	repeated	dict-index	dictzip	render	460	3457500
sample	repeated	dict-index	dictzip	render	461	3873625
sample	repeated	dict-index	dictzip	render	462	3981792
sample	repeated	dict-index	dictzip	render	463	4121584
sample	repeated	dict-index	dictzip	render	464	3478125
sample	repeated	dict-index	dictzip	render	465	3754750
sample	repeated	dict-index	dictzip	render	466	3469583
sample	repeated	dict-index	dictzip	render	467	3396458
sample	repeated	dict-index	dictzip	render	468	3526666
sample	repeated	dict-index	dictzip	render	469	3310917
sample	repeated	dict-index	dictzip	render	470	3473542
sample	repeated	dict-index	dictzip	render	471	4236750
sample	repeated	dict-index	dictzip	render	472	3575208
sample	repeated	dict-index	dictzip	render	473	4101292
sample	repeated	dict-index	dictzip	render	474	3607000
sample	repeated	dict-index	dictzip	render	475	3896416
sample	repeated	dict-index	dictzip	render	476	3061625
sample	repeated	dict-index	dictzip	render	477	3690208
sample	repeated	dict-index	dictzip	render	478	4856500
sample	repeated	dict-index	dictzip	render	479	3863209
sample	repeated	dict-index	dictzip	render	480	4123000
sample	repeated	dict-index	dictzip	render	481	3908750
sample	repeated	dict-index	dictzip	render	482	3541459
sample	repeated	dict-index	dictzip	render	483	3980542
sample	repeated	dict-index	dictzip	render	484	3267584
sample	repeated	dict-index	dictzip	render	485	4178000
sample	repeated	dict-index	dictzip	render	486	4231417
sample	repeated	dict-index	dictzip	render	487	3531458
sample	repeated	dict-index	dictzip	render	488	4032292
sample	repeated	dict-index	dictzip	render	489	3915833
sample	repeated	dict-index	dictzip	render	490	4633167
sample	repeated	dict-index	dictzip	render	491	3276708
sample	repeated	dict-index	dictzip	render	492	3981291
sample	repeated	dict-index	dictzip	render	493	3235500
sample	repeated	dict-index	dictzip	render	494	3272625
sample	repeated	dict-index	dictzip	render	495	4600334
sample	repeated	dict-index	dictzip	render	496	3525125
sample	repeated	dict-index	dictzip	render	497	4387375
sample	repeated	dict-index	dictzip	render	498	4311125
sample	repeated	dict-index	dictzip	render	499	3762917
sample	repeated	dict-index	dictzip	render	500	4813333
sample	repeated	dict-index	dictzip	render	501	3112833
sample	repeated	dict-index	dictzip	render	502	3101334
sample	repeated	dict-index	dictzip	render	503	4145917
sample	repeated	dict-index	dictzip	render	504	3158333
sample	repeated	dict-index	dictzip	render	505	3810625
sample	repeated	dict-index	dictzip	render	506	4086125
sample	repeated	dict-index	dictzip	render	507	5323709
sample	repeated	dict-index	dictzip	render	508	4464708
sample	repeated	dict-index	dictzip	render	509	3962292
sample	repeated	dict-index	dictzip	render	510	3148167
sample	repeated	dict-index	dictzip	render	511	4453583
sample	repeated	dict-index	dictzip	render	512	4143833
sample	repeated	dict-index	dictzip	render	513	4029458
sample	repeated	dict-index	dictzip	render	514	4171750
sample	repeated	dict-index	dictzip	render	515	4267000
sample	repeated	dict-index	dictzip	render	516	3430083
sample	repeated	dict-index	dictzip	render	517	3653917
sample	repeated	dict-index	dictzip	render	518	3789417
sample	repeated	dict-index	dictzip	render	519	3856041
sample	repeated	dict-index	dictzip	render	520	4802375
sample	repeated	dict-index	dictzip	render	521	4080000
sample	repeated	dict-index	dictzip	render	522	4049459
sample	repeated	dict-index	dictzip	render	523	4093625
sample	repeated	dict-index	dictzip	render	524	3519667
sample	repeated	dict-index	dictzip	render	525	4093708
sample	repeated	dict-index	dictzip	render	526	3193416
sample	repeated	dict-index	dictzip	render	527	4297333
sample	repeated	dict-index	dictzip	render	528	3133500
sample	repeated	dict-index	dictzip	render	529	3749625
sample	repeated	dict-index	dictzip	render	530	3475958
sample	repeated	dict-index	dictzip	render	531	4448917
sample	repeated	dict-index	dictzip	render	532	4989208
sample	repeated	dict-index	dictzip	render	533	4053333
sample	repeated	dict-index	dictzip	render	534	3598333
sample	repeated	dict-index	dictzip	render	535	3510792
sample	repeated	dict-index	dictzip	render	536	3397959
sample	repeated	dict-index	dictzip	render	537	3365500
sample	repeated	dict-index	dictzip	render	538	3105417
sample	repeated	dict-index	dictzip	render	539	3886542
sample	repeated	dict-index	dictzip	render	540	3047542
sample	repeated	dict-index	dictzip	render	541	3918083
sample	repeated	dict-index	dictzip	render	542	3046958
sample	repeated	dict-index	dictzip	render	543	3499375
sample	repeated	dict-index	dictzip	render	544	2923041
sample	repeated	dict-index	dictzip	render	545	3824542
sample	repeated	dict-index	dictzip	render	546	3903166
sample	repeated	dict-index	dictzip	render	547	4576292
sample	repeated	dict-index	dictzip	render	548	3421333
sample	repeated	dict-index	dictzip	render	549	4017750
sample	repeated	dict-index	dictzip	render	550	3641917
sample	repeated	dict-index	dictzip	render	551	3324792
sample	repeated	dict-index	dictzip	render	552	3618667
sample	repeated	dict-index	dictzip	render	553	3282375
sample	repeated	dict-index	dictzip	render	554	3315375
sample	repeated	dict-index	dictzip	render	555	2872709
sample	repeated	dict-index	dictzip	render	556	4000792
sample	repeated	dict-index	dictzip	render	557	3491916
sample	repeated	dict-index	dictzip	render	558	3937541
sample	repeated	dict-index	dictzip	render	559	3828917
sample	repeated	dict-index	dictzip	render	560	4671792
sample	repeated	dict-index	dictzip	render	561	4033834
sample	repeated	dict-index	dictzip	render	562	3119959
sample	repeated	dict-index	dictzip	render	563	3070000
sample	repeated	dict-index	dictzip	render	564	3022375
sample	repeated	dict-index	dictzip	render	565	3117375
sample	repeated	dict-index	dictzip	render	566	3371000
sample	repeated	dict-index	dictzip	render	567	4288250
sample	repeated	dict-index	dictzip	render	568	3837167
sample	repeated	dict-index	dictzip	render	569	3859125
sample	repeated	dict-index	dictzip	render	570	4423500
sample	repeated	dict-index	dictzip	render	571	3270625
sample	repeated	dict-index	dictzip	render	572	3272292
sample	repeated	dict-index	dictzip	render	573	3442667
sample	repeated	dict-index	dictzip	render	574	3930041
sample	repeated	dict-index	dictzip	render	575	3340416
sample	repeated	dict-index	dictzip	render	576	3610750
sample	repeated	dict-index	dictzip	render	577	3665083
sample	repeated	dict-index	dictzip	render	578	3443500
sample	repeated	dict-index	dictzip	render	579	4034500
sample	repeated	dict-index	dictzip	render	580	2796625
sample	repeated	dict-index	dictzip	render	581	5138792
sample	repeated	dict-index	dictzip	render	582	4209083
sample	repeated	dict-index	dictzip	render	583	3505375
sample	repeated	dict-index	dictzip	render	584	4203458
sample	repeated	dict-index	dictzip	render	585	4519291
sample	repeated	dict-index	dictzip	render	586	5080917
sample	repeated	dict-index	dictzip	render	587	3392250
sample	repeated	dict-index	dictzip	render	588	3471750
sample	repeated	dict-index	dictzip	render	589	3670209
sample	repeated	dict-index	dictzip	render	590	3631791
sample	repeated	dict-index	dictzip	render	591	3869125
sample	repeated	dict-index	dictzip	render	592	3995125
sample	repeated	dict-index	dictzip	render	593	4318000
sample	repeated	dict-index	dictzip	render	594	3374042
sample	repeated	dict-index	dictzip	render	595	3481583
sample	repeated	dict-index	dictzip	render	596	3417083
sample	repeated	dict-index	dictzip	render	597	3208000
sample	repeated	dict-index	dictzip	render	598	3740417
sample	repeated	dict-index	dictzip	render	599	3727333
sample	repeated	dict-index	dictzip	render	600	4769291
sample	repeated	dict-index	dictzip	render	601	4203208
sample	repeated	dict-index	dictzip	render	602	3469167
sample	repeated	dict-index	dictzip	render	603	4053000
sample	repeated	dict-index	dictzip	render	604	5252625
sample	repeated	dict-index	dictzip	render	605	3619375
sample	repeated	dict-index	dictzip	render	606	3864667
sample	repeated	dict-index	dictzip	render	607	4009792
sample	repeated	dict-index	dictzip	render	608	3664000
sample	repeated	dict-index	dictzip	render	609	3469542
sample	repeated	dict-index	dictzip	render	610	3584625
sample	repeated	dict-index	dictzip	render	611	5187000
sample	repeated	dict-index	dictzip	render	612	5098459
sample	repeated	dict-index	dictzip	render	613	3547584
sample	repeated	dict-index	dictzip	render	614	3732791
sample	repeated	dict-index	dictzip	render	615	3692209
sample	repeated	dict-index	dictzip	render	616	4082500
sample	repeated	dict-index	dictzip	render	617	3519792
sample	repeated	dict-index	dictzip	render	618	3703875
sample	repeated	dict-index	dictzip	render	619	3175917
sample	repeated	dict-index	dictzip	render	620	3822625
sample	repeated	dict-index	dictzip	render	621	3989542
sample	repeated	dict-index	dictzip	render	622	3550958
sample	repeated	dict-index	dictzip	render	623	4766917
sample	repeated	dict-index	dictzip	render	624	3890000
sample	repeated	dict-index	dictzip	render	625	3557375
sample	repeated	dict-index	dictzip	render	626	4063250
sample	repeated	dict-index	dictzip	render	627	4950417
sample	repeated	dict-index	dictzip	render	628	3987500
sample	repeated	dict-index	dictzip	render	629	3117167
sample	repeated	dict-index	dictzip	render	630	3785292
sample	repeated	dict-index	dictzip	render	631	3125250
sample	repeated	dict-index	dictzip	render	632	3998292
sample	repeated	dict-index	dictzip	render	633	3385625
sample	repeated	dict-index	dictzip	render	634	3392333
sample	repeated	dict-index	dictzip	render	635	4119416
sample	repeated	dict-index	dictzip	render	636	5797584
sample	repeated	dict-index	dictzip	render	637	3917917
sample	repeated	dict-index	dictzip	render	638	3325833
sample	repeated	dict-index	dictzip	render	639	3144167
sample	repeated	dict-index	dictzip	render	640	3086959
sample	repeated	dict-index	dictzip	render	641	3268750
sample	repeated	dict-index	dictzip	render	642	3140833
sample	repeated	dict-index	dictzip	render	643	3672208
sample	repeated	dict-index	dictzip	render	644	3639666
sample	repeated	dict-index	dictzip	render	645	3070000
sample	repeated	dict-index	dictzip	render	646	4222541
sample	repeated	dict-index	dictzip	render	647	4477250
sample	repeated	dict-index	dictzip	render	648	4662208
sample	repeated	dict-index	dictzip	render	649	3684708
sample	repeated	dict-index	dictzip	render	650	3084667
sample	repeated	dict-index	dictzip	render	651	3031083
sample	repeated	dict-index	dictzip	render	652	5550292
sample	repeated	dict-index	dictzip	render	653	4003917
sample	repeated	dict-index	dictzip	render	654	4145500
sample	repeated	dict-index	dictzip	render	655	3893792
sample	repeated	dict-index	dictzip	render	656	3951250
sample	repeated	dict-index	dictzip	render	657	3585625
sample	repeated	dict-index	dictzip	render	658	3309959
sample	repeated	dict-index	dictzip	render	659	3835042
sample	repeated	dict-index	dictzip	render	660	4116125
sample	repeated	dict-index	dictzip	render	661	4291000
sample	repeated	dict-index	dictzip	render	662	4654750
sample	repeated	dict-index	dictzip	render	663	3589500
sample	repeated	dict-index	dictzip	render	664	3426458
sample	repeated	dict-index	dictzip	render	665	3675709
sample	repeated	dict-index	dictzip	render	666	4272583
sample	repeated	dict-index	dictzip	render	667	3161334
sample	repeated	dict-index	dictzip	render	668	3219500
sample	repeated	dict-index	dictzip	render	669	4101792
sample	repeated	dict-index	dictzip	render	670	3833167
sample	repeated	dict-index	dictzip	render	671	3648875
sample	repeated	dict-index	dictzip	render	672	3364833
sample	repeated	dict-index	dictzip	render	673	3810250
sample	repeated	dict-index	dictzip	render	674	3868000
sample	repeated	dict-index	dictzip	render	675	4054666
sample	repeated	dict-index	dictzip	render	676	3333416
sample	repeated	dict-index	dictzip	render	677	3223417
sample	repeated	dict-index	dictzip	render	678	3472292
sample	repeated	dict-index	dictzip	render	679	3509834
sample	repeated	dict-index	dictzip	render	680	4483792
sample	repeated	dict-index	dictzip	render	681	3182042
sample	repeated	dict-index	dictzip	render	682	3687875
sample	repeated	dict-index	dictzip	render	683	4317208
sample	repeated	dict-index	dictzip	render	684	3915292
sample	repeated	dict-index	dictzip	render	685	4348000
sample	repeated	dict-index	dictzip	render	686	3032792
sample	repeated	dict-index	dictzip	render	687	4024667
sample	repeated	dict-index	dictzip	render	688	3228584
sample	repeated	dict-index	dictzip	render	689	3932917
sample	repeated	dict-index	dictzip	render	690	3543750
sample	repeated	dict-index	dictzip	render	691	3801417
sample	repeated	dict-index	dictzip	render	692	3097042
sample	repeated	dict-index	dictzip	render	693	3093917
sample	repeated	dict-index	dictzip	render	694	3567125
sample	repeated	dict-index	dictzip	render	695	5955916
sample	repeated	dict-index	dictzip	render	696	4290959
sample	repeated	dict-index	dictzip	render	697	4794167
sample	repeated	dict-index	dictzip	render	698	3802583
sample	repeated	dict-index	dictzip	render	699	3488583
sample	repeated	dict-index	dictzip	render	700	3513500
sample	repeated	dict-index	dictzip	render	701	4222000
sample	repeated	dict-index	dictzip	render	702	3772250
sample	repeated	dict-index	dictzip	render	703	4521417
sample	repeated	dict-index	dictzip	render	704	4542166
sample	repeated	dict-index	dictzip	render	705	4837916
sample	repeated	dict-index	dictzip	render	706	6241500
sample	repeated	dict-index	dictzip	render	707	3378458
sample	repeated	dict-index	dictzip	render	708	2994584
sample	repeated	dict-index	dictzip	render	709	3048833
sample	repeated	dict-index	dictzip	render	710	3811208
sample	repeated	dict-index	dictzip	render	711	4880709
sample	repeated	dict-index	dictzip	render	712	3847250
sample	repeated	dict-index	dictzip	render	713	4409125
sample	repeated	dict-index	dictzip	render	714	3408083
sample	repeated	dict-index	dictzip	render	715	4435250
sample	repeated	dict-index	dictzip	render	716	4183542
sample	repeated	dict-index	dictzip	render	717	4098584
sample	repeated	dict-index	dictzip	render	718	4173000
sample	repeated	dict-index	dictzip	render	719	3699125
sample	repeated	dict-index	dictzip	render	720	4738583
sample	repeated	dict-index	dictzip	render	721	3850959
sample	repeated	dict-index	dictzip	render	722	4408459
sample	repeated	dict-index	dictzip	render	723	3573417
sample	repeated	dict-index	dictzip	render	724	3914625
sample	repeated	dict-index	dictzip	render	725	4267000
sample	repeated	dict-index	dictzip	render	726	4531375
sample	repeated	dict-index	dictzip	render	727	5452166
sample	repeated	dict-index	dictzip	render	728	5434916
sample	repeated	dict-index	dictzip	render	729	4831000
sample	repeated	dict-index	dictzip	render	730	3963167
sample	repeated	dict-index	dictzip	render	731	3968958
sample	repeated	dict-index	dictzip	render	732	3968208
sample	repeated	dict-index	dictzip	render	733	3564084
sample	repeated	dict-index	dictzip	render	734	3356625
sample	repeated	dict-index	dictzip	render	735	3333084
sample	repeated	dict-index	dictzip	render	736	4045792
sample	repeated	dict-index	dictzip	render	737	4141708
sample	repeated	dict-index	dictzip	render	738	5693375
sample	repeated	dict-index	dictzip	render	739	4710875
sample	repeated	dict-index	dictzip	render	740	3607417
sample	repeated	dict-index	dictzip	render	741	4239250
sample	repeated	dict-index	dictzip	render	742	4837209
sample	repeated	dict-index	dictzip	render	743	3900042
sample	repeated	dict-index	dictzip	render	744	3828125
sample	repeated	dict-index	dictzip	render	745	4000333
sample	repeated	dict-index	dictzip	render	746	5112375
sample	repeated	dict-index	dictzip	render	747	4356709
sample	repeated	dict-index	dictzip	render	748	4166166
sample	repeated	dict-index	dictzip	render	749	4483583
sample	repeated	dict-index	dictzip	render	750	4562041
sample	repeated	dict-index	dictzip	render	751	3981291
sample	repeated	dict-index	dictzip	render	752	3826375
sample	repeated	dict-index	dictzip	render	753	3580625
sample	repeated	dict-index	dictzip	render	754	3942125
sample	repeated	dict-index	dictzip	render	755	4201292
sample	repeated	dict-index	dictzip	render	756	3777417
sample	repeated	dict-index	dictzip	render	757	3912959
sample	repeated	dict-index	dictzip	render	758	5075708
sample	repeated	dict-index	dictzip	render	759	5699208
sample	repeated	dict-index	dictzip	render	760	4298125
sample	repeated	dict-index	dictzip	render	761	4954292
sample	repeated	dict-index	dictzip	render	762	3989208
sample	repeated	dict-index	dictzip	render	763	3927583
sample	repeated	dict-index	dictzip	render	764	3375791
sample	repeated	dict-index	dictzip	render	765	3768500
sample	repeated	dict-index	dictzip	render	766	3404709
sample	repeated	dict-index	dictzip	render	767	3937083
sample	repeated	dict-index	dictzip	render	768	4221000
sample	repeated	dict-index	dictzip	render	769	3376083
sample	repeated	dict-index	dictzip	render	770	4272875
sample	repeated	dict-index	dictzip	render	771	4662625
sample	repeated	dict-index	dictzip	render	772	4774209
sample	repeated	dict-index	dictzip	render	773	4358542
sample	repeated	dict-index	dictzip	render	774	3894834
sample	repeated	dict-index	dictzip	render	775	4913458
sample	repeated	dict-index	dictzip	render	776	5329458
sample	repeated	dict-index	dictzip	render	777	4191916
sample	repeated	dict-index	dictzip	render	778	3817000
sample	repeated	dict-index	dictzip	render	779	3656417
sample	repeated	dict-index	dictzip	render	780	4364334
sample	repeated	dict-index	dictzip	render	781	4184625
sample	repeated	dict-index	dictzip	render	782	4255083
sample	repeated	dict-index	dictzip	render	783	3889083
sample	repeated	dict-index	dictzip	render	784	4399416
sample	repeated	dict-index	dictzip	render	785	3005833
sample	repeated	dict-index	dictzip	render	786	4068042
sample	repeated	dict-index	dictzip	render	787	2997375
sample	repeated	dict-index	dictzip	render	788	3777041
sample	repeated	dict-index	dictzip	render	789	3661334
sample	repeated	dict-index	dictzip	render	790	3117083
sample	repeated	dict-index	dictzip	render	791	3795625
sample	repeated	dict-index	dictzip	render	792	4799708
sample	repeated	dict-index	dictzip	render	793	4241833
sample	repeated	dict-index	dictzip	render	794	4322875
sample	repeated	dict-index	dictzip	render	795	3351583
sample	repeated	dict-index	dictzip	render	796	3135541
sample	repeated	dict-index	dictzip	render	797	3717417
sample	repeated	dict-index	dictzip	render	798	3181208
sample	repeated	dict-index	dictzip	render	799	4082542
sample	repeated	dict-index	dictzip	render	800	3550083
sample	repeated	dict-index	dictzip	render	801	3392750
sample	repeated	dict-index	dictzip	render	802	4031917
sample	repeated	dict-index	dictzip	render	803	3671083
sample	repeated	dict-index	dictzip	render	804	4654083
sample	repeated	dict-index	dictzip	render	805	4344583
sample	repeated	dict-index	dictzip	render	806	4809750
sample	repeated	dict-index	dictzip	render	807	4820417
sample	repeated	dict-index	dictzip	render	808	4267000
sample	repeated	dict-index	dictzip	render	809	4121500
sample	repeated	dict-index	dictzip	render	810	3323208
sample	repeated	dict-index	dictzip	render	811	3329791
sample	repeated	dict-index	dictzip	render	812	3908542
sample	repeated	dict-index	dictzip	render	813	4169875
sample	repeated	dict-index	dictzip	render	814	5400875
sample	repeated	dict-index	dictzip	render	815	4123375
sample	repeated	dict-index	dictzip	render	816	4938875
sample	repeated	dict-index	dictzip	render	817	4341833
sample	repeated	dict-index	dictzip	render	818	3696833
sample	repeated	dict-index	dictzip	render	819	3284875
sample	repeated	dict-index	dictzip	render	820	3152917
sample	repeated	dict-index	dictzip	render	821	3456125
sample	repeated	dict-index	dictzip	render	822	4067542
sample	repeated	dict-index	dictzip	render	823	2993334
sample	repeated	dict-index	dictzip	render	824	3589583
sample	repeated	dict-index	dictzip	render	825	3779709
sample	repeated	dict-index	dictzip	render	826	3996958
sample	repeated	dict-index	dictzip	render	827	3879417
sample	repeated	dict-index	dictzip	render	828	4086833
sample	repeated	dict-index	dictzip	render	829	4092750
sample	repeated	dict-index	dictzip	render	830	3835583
sample	repeated	dict-index	dictzip	render	831	3372625
sample	repeated	dict-index	dictzip	render	832	3594542
sample	repeated	dict-index	dictzip	render	833	4088333
sample	repeated	dict-index	dictzip	render	834	3853917
sample	repeated	dict-index	dictzip	render	835	3702084
sample	repeated	dict-index	dictzip	render	836	4303125
sample	repeated	dict-index	dictzip	render	837	3983833
sample	repeated	dict-index	dictzip	render	838	3986292
sample	repeated	dict-index	dictzip	render	839	3321000
sample	repeated	dict-index	dictzip	render	840	3704041
sample	repeated	dict-index	dictzip	render	841	3550833
sample	repeated	dict-index	dictzip	render	842	3734708
sample	repeated	dict-index	dictzip	render	843	3090917
sample	repeated	dict-index	dictzip	render	844	3872458
sample	repeated	dict-index	dictzip	render	845	3418708
sample	repeated	dict-index	dictzip	render	846	3583500
sample	repeated	dict-index	dictzip	render	847	4240667
sample	repeated	dict-index	dictzip	render	848	3739375
sample	repeated	dict-index	dictzip	render	849	3353834
sample	repeated	dict-index	dictzip	render	850	3680375
sample	repeated	dict-index	dictzip	render	851	3799042
sample	repeated	dict-index	dictzip	render	852	4925625
sample	repeated	dict-index	dictzip	render	853	3327708
sample	repeated	dict-index	dictzip	render	854	3143209
sample	repeated	dict-index	dictzip	render	855	3778625
sample	repeated	dict-index	dictzip	render	856	3969917
sample	repeated	dict-index	dictzip	render	857	4729584
sample	repeated	dict-index	dictzip	render	858	4755625
sample	repeated	dict-index	dictzip	render	859	4294625
sample	repeated	dict-index	dictzip	render	860	5771875
sample	repeated	dict-index	dictzip	render	861	4099833
sample	repeated	dict-index	dictzip	render	862	4140208
sample	repeated	dict-index	dictzip	render	863	3183083
sample	repeated	dict-index	dictzip	render	864	3456250
sample	repeated	dict-index	dictzip	render	865	3228500
sample	repeated	dict-index	dictzip	render	866	4225708
sample	repeated	dict-index	dictzip	render	867	4020208
sample	repeated	dict-index	dictzip	render	868	3567750
sample	repeated	dict-index	dictzip	render	869	3934791
sample	repeated	dict-index	dictzip	render	870	3156833
sample	repeated	dict-index	dictzip	render	871	3359625
sample	repeated	dict-index	dictzip	render	872	3406584
sample	repeated	dict-index	dictzip	render	873	4421667
sample	repeated	dict-index	dictzip	render	874	3281416
sample	repeated	dict-index	dictzip	render	875	3498375
sample	repeated	dict-index	dictzip	render	876	3350250
sample	repeated	dict-index	dictzip	render	877	3175459
sample	repeated	dict-index	dictzip	render	878	3921375
sample	repeated	dict-index	dictzip	render	879	3990292
sample	repeated	dict-index	dictzip	render	880	4609667
sample	repeated	dict-index	dictzip	render	881	4096875
sample	repeated	dict-index	dictzip	render	882	4271666
sample	repeated	dict-index	dictzip	render	883	4179500
sample	repeated	dict-index	dictzip	render	884	4374167
sample	repeated	dict-index	dictzip	render	885	4674542
sample	repeated	dict-index	dictzip	render	886	4559917
sample	repeated	dict-index	dictzip	render	887	4402375
sample	repeated	dict-index	dictzip	render	888	4146250
sample	repeated	dict-index	dictzip	render	889	4537375
sample	repeated	dict-index	dictzip	render	890	3401917
sample	repeated	dict-index	dictzip	render	891	3757625
sample	repeated	dict-index	dictzip	render	892	5093167
sample	repeated	dict-index	dictzip	render	893	4739750
sample	repeated	dict-index	dictzip	render	894	6589875
sample	repeated	dict-index	dictzip	render	895	4443500
sample	repeated	dict-index	dictzip	render	896	3519291
sample	repeated	dict-index	dictzip	render	897	3506416
sample	repeated	dict-index	dictzip	render	898	3768709
sample	repeated	dict-index	dictzip	render	899	3610000
sample	repeated	dict-index	dictzip	render	900	4151542
sample	repeated	dict-index	dictzip	render	901	4246209
sample	repeated	dict-index	dictzip	render	902	4585375
sample	repeated	dict-index	dictzip	render	903	4522625
sample	repeated	dict-index	dictzip	render	904	4685083
sample	repeated	dict-index	dictzip	render	905	3431250
sample	repeated	dict-index	dictzip	render	906	4619666
sample	repeated	dict-index	dictzip	render	907	3173208
sample	repeated	dict-index	dictzip	render	908	3623541
sample	repeated	dict-index	dictzip	render	909	4034000
sample	repeated	dict-index	dictzip	render	910	3870292
sample	repeated	dict-index	dictzip	render	911	4323083
sample	repeated	dict-index	dictzip	render	912	5437333
sample	repeated	dict-index	dictzip	render	913	4874542
sample	repeated	dict-index	dictzip	render	914	4889708
sample	repeated	dict-index	dictzip	render	915	4583250
sample	repeated	dict-index	dictzip	render	916	4009750
sample	repeated	dict-index	dictzip	render	917	3777708
sample	repeated	dict-index	dictzip	render	918	4842167
sample	repeated	dict-index	dictzip	render	919	3808792
sample	repeated	dict-index	dictzip	render	920	4226084
sample	repeated	dict-index	dictzip	render	921	3773292
sample	repeated	dict-index	dictzip	render	922	3312708
sample	repeated	dict-index	dictzip	render	923	3421875
sample	repeated	dict-index	dictzip	render	924	4498375
sample	repeated	dict-index	dictzip	render	925	4026666
sample	repeated	dict-index	dictzip	render	926	4237833
sample	repeated	dict-index	dictzip	render	927	3081834
sample	repeated	dict-index	dictzip	render	928	3777250
sample	repeated	dict-index	dictzip	render	929	3603083
sample	repeated	dict-index	dictzip	render	930	3012167
sample	repeated	dict-index	dictzip	render	931	3229083
sample	repeated	dict-index	dictzip	render	932	2968917
sample	repeated	dict-index	dictzip	render	933	3646917
sample	repeated	dict-index	dictzip	render	934	4994375
sample	repeated	dict-index	dictzip	render	935	3763000
sample	repeated	dict-index	dictzip	render	936	5719958
sample	repeated	dict-index	dictzip	render	937	4095541
sample	repeated	dict-index	dictzip	render	938	4333750
sample	repeated	dict-index	dictzip	render	939	4168791
sample	repeated	dict-index	dictzip	render	940	4402417
sample	repeated	dict-index	dictzip	render	941	3492583
sample	repeated	dict-index	dictzip	render	942	4947708
sample	repeated	dict-index	dictzip	render	943	5439625
sample	repeated	dict-index	dictzip	render	944	3585541
sample	repeated	dict-index	dictzip	render	945	4264250
sample	repeated	dict-index	dictzip	render	946	6075167
sample	repeated	dict-index	dictzip	render	947	6190791
sample	repeated	dict-index	dictzip	render	948	4667708
sample	repeated	dict-index	dictzip	render	949	4750625
sample	repeated	dict-index	dictzip	render	950	4209208
sample	repeated	dict-index	dictzip	render	951	3419458
sample	repeated	dict-index	dictzip	render	952	4218708
sample	repeated	dict-index	dictzip	render	953	3141667
sample	repeated	dict-index	dictzip	render	954	3033041
sample	repeated	dict-index	dictzip	render	955	4449583
sample	repeated	dict-index	dictzip	render	956	4768541
sample	repeated	dict-index	dictzip	render	957	4139458
sample	repeated	dict-index	dictzip	render	958	3906250
sample	repeated	dict-index	dictzip	render	959	3475834
sample	repeated	dict-index	dictzip	render	960	3770917
sample	repeated	dict-index	dictzip	render	961	4387292
sample	repeated	dict-index	dictzip	render	962	3794375
sample	repeated	dict-index	dictzip	render	963	3630166
sample	repeated	dict-index	dictzip	render	964	5626083
sample	repeated	dict-index	dictzip	render	965	4276208
sample	repeated	dict-index	dictzip	render	966	5368291
sample	repeated	dict-index	dictzip	render	967	4630708
sample	repeated	dict-index	dictzip	render	968	4571750
sample	repeated	dict-index	dictzip	render	969	5428042
sample	repeated	dict-index	dictzip	render	970	4405250
sample	repeated	dict-index	dictzip	render	971	3819750
sample	repeated	dict-index	dictzip	render	972	4595417
sample	repeated	dict-index	dictzip	render	973	4519250
sample	repeated	dict-index	dictzip	render	974	4443833
sample	repeated	dict-index	dictzip	render	975	6567708
sample	repeated	dict-index	dictzip	render	976	4262583
sample	repeated	dict-index	dictzip	render	977	5690209
sample	repeated	dict-index	dictzip	render	978	5344917
sample	repeated	dict-index	dictzip	render	979	4316958
sample	repeated	dict-index	dictzip	render	980	4438875
sample	repeated	dict-index	dictzip	render	981	4271917
sample	repeated	dict-index	dictzip	render	982	3751708
sample	repeated	dict-index	dictzip	render	983	4404459
sample	repeated	dict-index	dictzip	render	984	4753459
sample	repeated	dict-index	dictzip	render	985	4054667
sample	repeated	dict-index	dictzip	render	986	4725416
sample	repeated	dict-index	dictzip	render	987	5075375
sample	repeated	dict-index	dictzip	render	988	4927042
sample	repeated	dict-index	dictzip	render	989	4937292
sample	repeated	dict-index	dictzip	render	990	4507000
sample	repeated	dict-index	dictzip	render	991	4497333
sample	repeated	dict-index	dictzip	render	992	3893334
sample	repeated	dict-index	dictzip	render	993	4527459
sample	repeated	dict-index	dictzip	render	994	3053875
sample	repeated	dict-index	dictzip	render	995	3936958
sample	repeated	dict-index	dictzip	render	996	3475917
sample	repeated	dict-index	dictzip	render	997	5744500
sample	repeated	dict-index	dictzip	render	998	4964583
sample	repeated	dict-index	dictzip	render	999	4669042
result	repeated	dict-index	dictzip	exact.p50_ns	666
result	repeated	dict-index	dictzip	exact.p95_ns	1542
result	repeated	dict-index	dictzip	exact.p99_ns	4458
result	repeated	dict-index	dictzip	prefix.p50_ns	61666
result	repeated	dict-index	dictzip	prefix.p95_ns	189417
result	repeated	dict-index	dictzip	prefix.p99_ns	262042
result	repeated	dict-index	dictzip	render.p50_ns	3990292
result	repeated	dict-index	dictzip	render.p95_ns	5439625
result	repeated	dict-index	dictzip	render.p99_ns	6589875
result	repeated	dict-index	dictzip	exact.hit.p50_ns	792
result	repeated	dict-index	dictzip	exact.hit.p95_ns	1959
result	repeated	dict-index	dictzip	exact.hit.p99_ns	4584
result	repeated	dict-index	dictzip	exact.miss.p50_ns	417
result	repeated	dict-index	dictzip	exact.miss.p95_ns	958
result	repeated	dict-index	dictzip	exact.miss.p99_ns	4167
result	repeated	dict-index	dictzip	prefix.zero.p50_ns	1834
result	repeated	dict-index	dictzip	prefix.zero.p95_ns	14791
result	repeated	dict-index	dictzip	prefix.zero.p99_ns	24959
result	repeated	dict-index	dictzip	prefix.one.p50_ns	-
result	repeated	dict-index	dictzip	prefix.one.p95_ns	-
result	repeated	dict-index	dictzip	prefix.one.p99_ns	-
result	repeated	dict-index	dictzip	prefix.many.p50_ns	65542
result	repeated	dict-index	dictzip	prefix.many.p95_ns	205292
result	repeated	dict-index	dictzip	prefix.many.p99_ns	314541
result	repeated	dict-index	dictzip	prefix.pathological.p50_ns	-
result	repeated	dict-index	dictzip	prefix.pathological.p95_ns	-
result	repeated	dict-index	dictzip	prefix.pathological.p99_ns	-
result	repeated	slob	raw	artifact_bytes	520793
result	repeated	slob	raw	build_ns	47097833
sample	repeated	slob	raw	open	0	189917
sample	repeated	slob	raw	open	1	89917
sample	repeated	slob	raw	open	2	93833
sample	repeated	slob	raw	open	3	77334
sample	repeated	slob	raw	open	4	71042
sample	repeated	slob	raw	open	5	66208
sample	repeated	slob	raw	open	6	128334
sample	repeated	slob	raw	open	7	67791
sample	repeated	slob	raw	open	8	64750
sample	repeated	slob	raw	open	9	64208
sample	repeated	slob	raw	open	10	64500
sample	repeated	slob	raw	open	11	63542
sample	repeated	slob	raw	open	12	63459
sample	repeated	slob	raw	open	13	63250
sample	repeated	slob	raw	open	14	63292
sample	repeated	slob	raw	open	15	63000
sample	repeated	slob	raw	open	16	62750
sample	repeated	slob	raw	open	17	62875
sample	repeated	slob	raw	open	18	63250
sample	repeated	slob	raw	open	19	63125
sample	repeated	slob	raw	open	20	62625
sample	repeated	slob	raw	open	21	63458
sample	repeated	slob	raw	open	22	63708
sample	repeated	slob	raw	open	23	64459
sample	repeated	slob	raw	open	24	65792
result	repeated	slob	raw	open_ns	64208
result	repeated	slob	raw	semantic_digest	3649450152805327167
result	repeated	slob	raw	query_checksum	593400448976652816
result	repeated	slob	raw	outputs	513250
result	repeated	slob	raw	logical_prose_bytes	428032
sample	repeated	slob	raw	exact	0	504333
sample	repeated	slob	raw	exact	1	1333833
sample	repeated	slob	raw	exact	2	1183583
sample	repeated	slob	raw	exact	3	935250
sample	repeated	slob	raw	exact	4	1066583
sample	repeated	slob	raw	exact	5	1095333
sample	repeated	slob	raw	exact	6	636250
sample	repeated	slob	raw	exact	7	918250
sample	repeated	slob	raw	exact	8	861125
sample	repeated	slob	raw	exact	9	722125
sample	repeated	slob	raw	exact	10	986417
sample	repeated	slob	raw	exact	11	406833
sample	repeated	slob	raw	exact	12	609834
sample	repeated	slob	raw	exact	13	642333
sample	repeated	slob	raw	exact	14	989791
sample	repeated	slob	raw	exact	15	540250
sample	repeated	slob	raw	exact	16	594125
sample	repeated	slob	raw	exact	17	379083
sample	repeated	slob	raw	exact	18	435291
sample	repeated	slob	raw	exact	19	400666
sample	repeated	slob	raw	exact	20	496625
sample	repeated	slob	raw	exact	21	556167
sample	repeated	slob	raw	exact	22	679000
sample	repeated	slob	raw	exact	23	915666
sample	repeated	slob	raw	exact	24	809458
sample	repeated	slob	raw	exact	25	933917
sample	repeated	slob	raw	exact	26	1145083
sample	repeated	slob	raw	exact	27	667250
sample	repeated	slob	raw	exact	28	503584
sample	repeated	slob	raw	exact	29	919917
sample	repeated	slob	raw	exact	30	829167
sample	repeated	slob	raw	exact	31	1122583
sample	repeated	slob	raw	exact	32	499250
sample	repeated	slob	raw	exact	33	370083
sample	repeated	slob	raw	exact	34	429959
sample	repeated	slob	raw	exact	35	544167
sample	repeated	slob	raw	exact	36	515708
sample	repeated	slob	raw	exact	37	1015875
sample	repeated	slob	raw	exact	38	650666
sample	repeated	slob	raw	exact	39	503833
sample	repeated	slob	raw	exact	40	1061042
sample	repeated	slob	raw	exact	41	371833
sample	repeated	slob	raw	exact	42	546666
sample	repeated	slob	raw	exact	43	813750
sample	repeated	slob	raw	exact	44	517875
sample	repeated	slob	raw	exact	45	793542
sample	repeated	slob	raw	exact	46	436166
sample	repeated	slob	raw	exact	47	531875
sample	repeated	slob	raw	exact	48	500084
sample	repeated	slob	raw	exact	49	395792
sample	repeated	slob	raw	exact	50	436958
sample	repeated	slob	raw	exact	51	406500
sample	repeated	slob	raw	exact	52	1868584
sample	repeated	slob	raw	exact	53	848125
sample	repeated	slob	raw	exact	54	698958
sample	repeated	slob	raw	exact	55	531834
sample	repeated	slob	raw	exact	56	493833
sample	repeated	slob	raw	exact	57	365541
sample	repeated	slob	raw	exact	58	440333
sample	repeated	slob	raw	exact	59	393833
sample	repeated	slob	raw	exact	60	853875
sample	repeated	slob	raw	exact	61	408917
sample	repeated	slob	raw	exact	62	437958
sample	repeated	slob	raw	exact	63	509667
sample	repeated	slob	raw	exact	64	533792
sample	repeated	slob	raw	exact	65	426750
sample	repeated	slob	raw	exact	66	516458
sample	repeated	slob	raw	exact	67	399250
sample	repeated	slob	raw	exact	68	497291
sample	repeated	slob	raw	exact	69	397833
sample	repeated	slob	raw	exact	70	1531167
sample	repeated	slob	raw	exact	71	516667
sample	repeated	slob	raw	exact	72	509833
sample	repeated	slob	raw	exact	73	366042
sample	repeated	slob	raw	exact	74	427750
sample	repeated	slob	raw	exact	75	394000
sample	repeated	slob	raw	exact	76	973958
sample	repeated	slob	raw	exact	77	550042
sample	repeated	slob	raw	exact	78	520209
sample	repeated	slob	raw	exact	79	503917
sample	repeated	slob	raw	exact	80	502167
sample	repeated	slob	raw	exact	81	448625
sample	repeated	slob	raw	exact	82	941416
sample	repeated	slob	raw	exact	83	402750
sample	repeated	slob	raw	exact	84	511542
sample	repeated	slob	raw	exact	85	401166
sample	repeated	slob	raw	exact	86	442916
sample	repeated	slob	raw	exact	87	504791
sample	repeated	slob	raw	exact	88	501292
sample	repeated	slob	raw	exact	89	374958
sample	repeated	slob	raw	exact	90	434334
sample	repeated	slob	raw	exact	91	406583
sample	repeated	slob	raw	exact	92	503792
sample	repeated	slob	raw	exact	93	804209
sample	repeated	slob	raw	exact	94	506083
sample	repeated	slob	raw	exact	95	499791
sample	repeated	slob	raw	exact	96	532375
sample	repeated	slob	raw	exact	97	375042
sample	repeated	slob	raw	exact	98	860375
sample	repeated	slob	raw	exact	99	405583
sample	repeated	slob	raw	exact	100	501708
sample	repeated	slob	raw	exact	101	402125
sample	repeated	slob	raw	exact	102	432625
sample	repeated	slob	raw	exact	103	787834
sample	repeated	slob	raw	exact	104	1281417
sample	repeated	slob	raw	exact	105	379875
sample	repeated	slob	raw	exact	106	551500
sample	repeated	slob	raw	exact	107	683708
sample	repeated	slob	raw	exact	108	500125
sample	repeated	slob	raw	exact	109	556833
sample	repeated	slob	raw	exact	110	435875
sample	repeated	slob	raw	exact	111	603166
sample	repeated	slob	raw	exact	112	505500
sample	repeated	slob	raw	exact	113	652833
sample	repeated	slob	raw	exact	114	649458
sample	repeated	slob	raw	exact	115	401167
sample	repeated	slob	raw	exact	116	523709
sample	repeated	slob	raw	exact	117	402375
sample	repeated	slob	raw	exact	118	435833
sample	repeated	slob	raw	exact	119	496000
sample	repeated	slob	raw	exact	120	897541
sample	repeated	slob	raw	exact	121	373584
sample	repeated	slob	raw	exact	122	822583
sample	repeated	slob	raw	exact	123	453959
sample	repeated	slob	raw	exact	124	623083
sample	repeated	slob	raw	exact	125	486792
sample	repeated	slob	raw	exact	126	464791
sample	repeated	slob	raw	exact	127	505792
sample	repeated	slob	raw	exact	128	500500
sample	repeated	slob	raw	exact	129	371083
sample	repeated	slob	raw	exact	130	432750
sample	repeated	slob	raw	exact	131	399583
sample	repeated	slob	raw	exact	132	807083
sample	repeated	slob	raw	exact	133	402416
sample	repeated	slob	raw	exact	134	613542
sample	repeated	slob	raw	exact	135	598000
sample	repeated	slob	raw	exact	136	695416
sample	repeated	slob	raw	exact	137	374709
sample	repeated	slob	raw	exact	138	657750
sample	repeated	slob	raw	exact	139	420792
sample	repeated	slob	raw	exact	140	988625
sample	repeated	slob	raw	exact	141	407959
sample	repeated	slob	raw	exact	142	816875
sample	repeated	slob	raw	exact	143	502833
sample	repeated	slob	raw	exact	144	502625
sample	repeated	slob	raw	exact	145	886625
sample	repeated	slob	raw	exact	146	1129417
sample	repeated	slob	raw	exact	147	423542
sample	repeated	slob	raw	exact	148	510000
sample	repeated	slob	raw	exact	149	725250
sample	repeated	slob	raw	exact	150	525958
sample	repeated	slob	raw	exact	151	502750
sample	repeated	slob	raw	exact	152	683167
sample	repeated	slob	raw	exact	153	378375
sample	repeated	slob	raw	exact	154	437583
sample	repeated	slob	raw	exact	155	400792
sample	repeated	slob	raw	exact	156	500833
sample	repeated	slob	raw	exact	157	400875
sample	repeated	slob	raw	exact	158	433709
sample	repeated	slob	raw	exact	159	541125
sample	repeated	slob	raw	exact	160	771584
sample	repeated	slob	raw	exact	161	377125
sample	repeated	slob	raw	exact	162	436375
sample	repeated	slob	raw	exact	163	399875
sample	repeated	slob	raw	exact	164	499416
sample	repeated	slob	raw	exact	165	534333
sample	repeated	slob	raw	exact	166	483458
sample	repeated	slob	raw	exact	167	496542
sample	repeated	slob	raw	exact	168	565875
sample	repeated	slob	raw	exact	169	376875
sample	repeated	slob	raw	exact	170	434375
sample	repeated	slob	raw	exact	171	402458
sample	repeated	slob	raw	exact	172	512458
sample	repeated	slob	raw	exact	173	404625
sample	repeated	slob	raw	exact	174	474917
sample	repeated	slob	raw	exact	175	605625
sample	repeated	slob	raw	exact	176	520875
sample	repeated	slob	raw	exact	177	370166
sample	repeated	slob	raw	exact	178	434875
sample	repeated	slob	raw	exact	179	894541
sample	repeated	slob	raw	exact	180	747792
sample	repeated	slob	raw	exact	181	402750
sample	repeated	slob	raw	exact	182	878167
sample	repeated	slob	raw	exact	183	496209
sample	repeated	slob	raw	exact	184	499833
sample	repeated	slob	raw	exact	185	368375
sample	repeated	slob	raw	exact	186	430041
sample	repeated	slob	raw	exact	187	397209
sample	repeated	slob	raw	exact	188	498084
sample	repeated	slob	raw	exact	189	486625
sample	repeated	slob	raw	exact	190	438750
sample	repeated	slob	raw	exact	191	500916
sample	repeated	slob	raw	exact	192	505292
sample	repeated	slob	raw	exact	193	645666
sample	repeated	slob	raw	exact	194	501875
sample	repeated	slob	raw	exact	195	411167
sample	repeated	slob	raw	exact	196	502500
sample	repeated	slob	raw	exact	197	469375
sample	repeated	slob	raw	exact	198	434500
sample	repeated	slob	raw	exact	199	1024958
sample	repeated	slob	raw	exact	200	522958
sample	repeated	slob	raw	exact	201	389500
sample	repeated	slob	raw	exact	202	431542
sample	repeated	slob	raw	exact	203	393917
sample	repeated	slob	raw	exact	204	506875
sample	repeated	slob	raw	exact	205	418333
sample	repeated	slob	raw	exact	206	440042
sample	repeated	slob	raw	exact	207	501792
sample	repeated	slob	raw	exact	208	511334
sample	repeated	slob	raw	exact	209	393083
sample	repeated	slob	raw	exact	210	479000
sample	repeated	slob	raw	exact	211	421708
sample	repeated	slob	raw	exact	212	511500
sample	repeated	slob	raw	exact	213	510625
sample	repeated	slob	raw	exact	214	440209
sample	repeated	slob	raw	exact	215	745792
sample	repeated	slob	raw	exact	216	507125
sample	repeated	slob	raw	exact	217	377875
sample	repeated	slob	raw	exact	218	438708
sample	repeated	slob	raw	exact	219	403166
sample	repeated	slob	raw	exact	220	508375
sample	repeated	slob	raw	exact	221	405875
sample	repeated	slob	raw	exact	222	437167
sample	repeated	slob	raw	exact	223	500500
sample	repeated	slob	raw	exact	224	510791
sample	repeated	slob	raw	exact	225	377708
sample	repeated	slob	raw	exact	226	580709
sample	repeated	slob	raw	exact	227	924500
sample	repeated	slob	raw	exact	228	908833
sample	repeated	slob	raw	exact	229	424750
sample	repeated	slob	raw	exact	230	440333
sample	repeated	slob	raw	exact	231	498000
sample	repeated	slob	raw	exact	232	497750
sample	repeated	slob	raw	exact	233	442250
sample	repeated	slob	raw	exact	234	436042
sample	repeated	slob	raw	exact	235	399625
sample	repeated	slob	raw	exact	236	693584
sample	repeated	slob	raw	exact	237	609875
sample	repeated	slob	raw	exact	238	432750
sample	repeated	slob	raw	exact	239	490750
sample	repeated	slob	raw	exact	240	556667
sample	repeated	slob	raw	exact	241	367542
sample	repeated	slob	raw	exact	242	429833
sample	repeated	slob	raw	exact	243	392417
sample	repeated	slob	raw	exact	244	518208
sample	repeated	slob	raw	exact	245	393792
sample	repeated	slob	raw	exact	246	459792
sample	repeated	slob	raw	exact	247	579333
sample	repeated	slob	raw	exact	248	504833
sample	repeated	slob	raw	exact	249	368000
sample	repeated	slob	raw	exact	250	428584
sample	repeated	slob	raw	exact	251	397459
sample	repeated	slob	raw	exact	252	493917
sample	repeated	slob	raw	exact	253	397209
sample	repeated	slob	raw	exact	254	455958
sample	repeated	slob	raw	exact	255	731209
sample	repeated	slob	raw	exact	256	500708
sample	repeated	slob	raw	exact	257	371917
sample	repeated	slob	raw	exact	258	576250
sample	repeated	slob	raw	exact	259	627459
sample	repeated	slob	raw	exact	260	528416
sample	repeated	slob	raw	exact	261	402750
sample	repeated	slob	raw	exact	262	590375
sample	repeated	slob	raw	exact	263	493333
sample	repeated	slob	raw	exact	264	801708
sample	repeated	slob	raw	exact	265	369917
sample	repeated	slob	raw	exact	266	426583
sample	repeated	slob	raw	exact	267	394959
sample	repeated	slob	raw	exact	268	497208
sample	repeated	slob	raw	exact	269	698417
sample	repeated	slob	raw	exact	270	616583
sample	repeated	slob	raw	exact	271	488791
sample	repeated	slob	raw	exact	272	1197625
sample	repeated	slob	raw	exact	273	564375
sample	repeated	slob	raw	exact	274	587042
sample	repeated	slob	raw	exact	275	394750
sample	repeated	slob	raw	exact	276	764500
sample	repeated	slob	raw	exact	277	393416
sample	repeated	slob	raw	exact	278	422583
sample	repeated	slob	raw	exact	279	494750
sample	repeated	slob	raw	exact	280	486667
sample	repeated	slob	raw	exact	281	376250
sample	repeated	slob	raw	exact	282	684084
sample	repeated	slob	raw	exact	283	416958
sample	repeated	slob	raw	exact	284	524167
sample	repeated	slob	raw	exact	285	390416
sample	repeated	slob	raw	exact	286	425042
sample	repeated	slob	raw	exact	287	584958
sample	repeated	slob	raw	exact	288	490209
sample	repeated	slob	raw	exact	289	393208
sample	repeated	slob	raw	exact	290	505125
sample	repeated	slob	raw	exact	291	401583
sample	repeated	slob	raw	exact	292	537667
sample	repeated	slob	raw	exact	293	399250
sample	repeated	slob	raw	exact	294	434375
sample	repeated	slob	raw	exact	295	492667
sample	repeated	slob	raw	exact	296	495584
sample	repeated	slob	raw	exact	297	368958
sample	repeated	slob	raw	exact	298	432459
sample	repeated	slob	raw	exact	299	748000
sample	repeated	slob	raw	exact	300	644500
sample	repeated	slob	raw	exact	301	403750
sample	repeated	slob	raw	exact	302	768958
sample	repeated	slob	raw	exact	303	602041
sample	repeated	slob	raw	exact	304	494542
sample	repeated	slob	raw	exact	305	365916
sample	repeated	slob	raw	exact	306	425208
sample	repeated	slob	raw	exact	307	744833
sample	repeated	slob	raw	exact	308	1469583
sample	repeated	slob	raw	exact	309	403209
sample	repeated	slob	raw	exact	310	442875
sample	repeated	slob	raw	exact	311	536291
sample	repeated	slob	raw	exact	312	499792
sample	repeated	slob	raw	exact	313	438208
sample	repeated	slob	raw	exact	314	436292
sample	repeated	slob	raw	exact	315	398250
sample	repeated	slob	raw	exact	316	570042
sample	repeated	slob	raw	exact	317	403625
sample	repeated	slob	raw	exact	318	431750
sample	repeated	slob	raw	exact	319	516167
sample	repeated	slob	raw	exact	320	508833
sample	repeated	slob	raw	exact	321	665708
sample	repeated	slob	raw	exact	322	750708
sample	repeated	slob	raw	exact	323	395667
sample	repeated	slob	raw	exact	324	514875
sample	repeated	slob	raw	exact	325	397292
sample	repeated	slob	raw	exact	326	426208
sample	repeated	slob	raw	exact	327	492000
sample	repeated	slob	raw	exact	328	493750
sample	repeated	slob	raw	exact	329	366958
sample	repeated	slob	raw	exact	330	426750
sample	repeated	slob	raw	exact	331	395417
sample	repeated	slob	raw	exact	332	534542
sample	repeated	slob	raw	exact	333	452542
sample	repeated	slob	raw	exact	334	453167
sample	repeated	slob	raw	exact	335	491542
sample	repeated	slob	raw	exact	336	577625
sample	repeated	slob	raw	exact	337	369500
sample	repeated	slob	raw	exact	338	467458
sample	repeated	slob	raw	exact	339	398250
sample	repeated	slob	raw	exact	340	494666
sample	repeated	slob	raw	exact	341	398292
sample	repeated	slob	raw	exact	342	430375
sample	repeated	slob	raw	exact	343	492625
sample	repeated	slob	raw	exact	344	581084
sample	repeated	slob	raw	exact	345	608666
sample	repeated	slob	raw	exact	346	558042
sample	repeated	slob	raw	exact	347	401625
sample	repeated	slob	raw	exact	348	524667
sample	repeated	slob	raw	exact	349	596750
sample	repeated	slob	raw	exact	350	564792
sample	repeated	slob	raw	exact	351	724625
sample	repeated	slob	raw	exact	352	489791
sample	repeated	slob	raw	exact	353	543500
sample	repeated	slob	raw	exact	354	437541
sample	repeated	slob	raw	exact	355	394500
sample	repeated	slob	raw	exact	356	494916
sample	repeated	slob	raw	exact	357	396125
sample	repeated	slob	raw	exact	358	429000
sample	repeated	slob	raw	exact	359	512750
sample	repeated	slob	raw	exact	360	496417
sample	repeated	slob	raw	exact	361	371000
sample	repeated	slob	raw	exact	362	433875
sample	repeated	slob	raw	exact	363	398625
sample	repeated	slob	raw	exact	364	497583
sample	repeated	slob	raw	exact	365	399625
sample	repeated	slob	raw	exact	366	469625
sample	repeated	slob	raw	exact	367	495625
sample	repeated	slob	raw	exact	368	498042
sample	repeated	slob	raw	exact	369	372666
sample	repeated	slob	raw	exact	370	472208
sample	repeated	slob	raw	exact	371	407750
sample	repeated	slob	raw	exact	372	496416
sample	repeated	slob	raw	exact	373	400458
sample	repeated	slob	raw	exact	374	434541
sample	repeated	slob	raw	exact	375	493917
sample	repeated	slob	raw	exact	376	498959
sample	repeated	slob	raw	exact	377	380708
sample	repeated	slob	raw	exact	378	725333
sample	repeated	slob	raw	exact	379	398959
sample	repeated	slob	raw	exact	380	566041
sample	repeated	slob	raw	exact	381	836917
sample	repeated	slob	raw	exact	382	441125
sample	repeated	slob	raw	exact	383	496917
sample	repeated	slob	raw	exact	384	540583
sample	repeated	slob	raw	exact	385	997417
sample	repeated	slob	raw	exact	386	1002166
sample	repeated	slob	raw	exact	387	1034917
sample	repeated	slob	raw	exact	388	1457500
sample	repeated	slob	raw	exact	389	580875
sample	repeated	slob	raw	exact	390	628666
sample	repeated	slob	raw	exact	391	849292
sample	repeated	slob	raw	exact	392	875708
sample	repeated	slob	raw	exact	393	366833
sample	repeated	slob	raw	exact	394	448125
sample	repeated	slob	raw	exact	395	1138375
sample	repeated	slob	raw	exact	396	857167
sample	repeated	slob	raw	exact	397	399875
sample	repeated	slob	raw	exact	398	448833
sample	repeated	slob	raw	exact	399	540000
sample	repeated	slob	raw	exact	400	501625
sample	repeated	slob	raw	exact	401	371292
sample	repeated	slob	raw	exact	402	438292
sample	repeated	slob	raw	exact	403	1028584
sample	repeated	slob	raw	exact	404	924917
sample	repeated	slob	raw	exact	405	402208
sample	repeated	slob	raw	exact	406	700458
sample	repeated	slob	raw	exact	407	702708
sample	repeated	slob	raw	exact	408	500291
sample	repeated	slob	raw	exact	409	370417
sample	repeated	slob	raw	exact	410	437083
sample	repeated	slob	raw	exact	411	399042
sample	repeated	slob	raw	exact	412	498083
sample	repeated	slob	raw	exact	413	399792
sample	repeated	slob	raw	exact	414	434875
sample	repeated	slob	raw	exact	415	495667
sample	repeated	slob	raw	exact	416	499917
sample	repeated	slob	raw	exact	417	667292
sample	repeated	slob	raw	exact	418	810833
sample	repeated	slob	raw	exact	419	402958
sample	repeated	slob	raw	exact	420	876208
sample	repeated	slob	raw	exact	421	1092958
sample	repeated	slob	raw	exact	422	1149917
sample	repeated	slob	raw	exact	423	728500
sample	repeated	slob	raw	exact	424	501292
sample	repeated	slob	raw	exact	425	372500
sample	repeated	slob	raw	exact	426	432208
sample	repeated	slob	raw	exact	427	398583
sample	repeated	slob	raw	exact	428	496625
sample	repeated	slob	raw	exact	429	396500
sample	repeated	slob	raw	exact	430	429084
sample	repeated	slob	raw	exact	431	493333
sample	repeated	slob	raw	exact	432	494292
sample	repeated	slob	raw	exact	433	369125
sample	repeated	slob	raw	exact	434	656375
sample	repeated	slob	raw	exact	435	1094792
sample	repeated	slob	raw	exact	436	870708
sample	repeated	slob	raw	exact	437	407083
sample	repeated	slob	raw	exact	438	846666
sample	repeated	slob	raw	exact	439	499458
sample	repeated	slob	raw	exact	440	499458
sample	repeated	slob	raw	exact	441	371375
sample	repeated	slob	raw	exact	442	459750
sample	repeated	slob	raw	exact	443	400792
sample	repeated	slob	raw	exact	444	1619417
sample	repeated	slob	raw	exact	445	646458
sample	repeated	slob	raw	exact	446	631375
sample	repeated	slob	raw	exact	447	1117125
sample	repeated	slob	raw	exact	448	504667
sample	repeated	slob	raw	exact	449	369625
sample	repeated	slob	raw	exact	450	661083
sample	repeated	slob	raw	exact	451	403375
sample	repeated	slob	raw	exact	452	499041
sample	repeated	slob	raw	exact	453	412791
sample	repeated	slob	raw	exact	454	433792
sample	repeated	slob	raw	exact	455	497208
sample	repeated	slob	raw	exact	456	508125
sample	repeated	slob	raw	exact	457	371084
sample	repeated	slob	raw	exact	458	433875
sample	repeated	slob	raw	exact	459	400042
sample	repeated	slob	raw	exact	460	499125
sample	repeated	slob	raw	exact	461	402583
sample	repeated	slob	raw	exact	462	432667
sample	repeated	slob	raw	exact	463	496083
sample	repeated	slob	raw	exact	464	496334
sample	repeated	slob	raw	exact	465	370833
sample	repeated	slob	raw	exact	466	434083
sample	repeated	slob	raw	exact	467	430584
sample	repeated	slob	raw	exact	468	506291
sample	repeated	slob	raw	exact	469	475958
sample	repeated	slob	raw	exact	470	427084
sample	repeated	slob	raw	exact	471	487417
sample	repeated	slob	raw	exact	472	525625
sample	repeated	slob	raw	exact	473	373917
sample	repeated	slob	raw	exact	474	612084
sample	repeated	slob	raw	exact	475	595750
sample	repeated	slob	raw	exact	476	506000
sample	repeated	slob	raw	exact	477	1277875
sample	repeated	slob	raw	exact	478	444584
sample	repeated	slob	raw	exact	479	499125
sample	repeated	slob	raw	exact	480	497250
sample	repeated	slob	raw	exact	481	534584
sample	repeated	slob	raw	exact	482	457875
sample	repeated	slob	raw	exact	483	697625
sample	repeated	slob	raw	exact	484	1599459
sample	repeated	slob	raw	exact	485	757875
sample	repeated	slob	raw	exact	486	571875
sample	repeated	slob	raw	exact	487	548542
sample	repeated	slob	raw	exact	488	1715583
sample	repeated	slob	raw	exact	489	915333
sample	repeated	slob	raw	exact	490	1081917
sample	repeated	slob	raw	exact	491	422291
sample	repeated	slob	raw	exact	492	671583
sample	repeated	slob	raw	exact	493	948417
sample	repeated	slob	raw	exact	494	1003125
sample	repeated	slob	raw	exact	495	499709
sample	repeated	slob	raw	exact	496	598583
sample	repeated	slob	raw	exact	497	372834
sample	repeated	slob	raw	exact	498	430250
sample	repeated	slob	raw	exact	499	397916
sample	repeated	slob	raw	exact	500	848833
sample	repeated	slob	raw	exact	501	397458
sample	repeated	slob	raw	exact	502	529833
sample	repeated	slob	raw	exact	503	908000
sample	repeated	slob	raw	exact	504	567292
sample	repeated	slob	raw	exact	505	369791
sample	repeated	slob	raw	exact	506	424375
sample	repeated	slob	raw	exact	507	391542
sample	repeated	slob	raw	exact	508	489542
sample	repeated	slob	raw	exact	509	574542
sample	repeated	slob	raw	exact	510	443750
sample	repeated	slob	raw	exact	511	506334
sample	repeated	slob	raw	exact	512	491584
sample	repeated	slob	raw	exact	513	364417
sample	repeated	slob	raw	exact	514	425959
sample	repeated	slob	raw	exact	515	393667
sample	repeated	slob	raw	exact	516	490125
sample	repeated	slob	raw	exact	517	393250
sample	repeated	slob	raw	exact	518	426959
sample	repeated	slob	raw	exact	519	488958
sample	repeated	slob	raw	exact	520	489250
sample	repeated	slob	raw	exact	521	366375
sample	repeated	slob	raw	exact	522	567833
sample	repeated	slob	raw	exact	523	392666
sample	repeated	slob	raw	exact	524	486209
sample	repeated	slob	raw	exact	525	391458
sample	repeated	slob	raw	exact	526	835750
sample	repeated	slob	raw	exact	527	1237041
sample	repeated	slob	raw	exact	528	522750
sample	repeated	slob	raw	exact	529	362958
sample	repeated	slob	raw	exact	530	434625
sample	repeated	slob	raw	exact	531	649917
sample	repeated	slob	raw	exact	532	613792
sample	repeated	slob	raw	exact	533	401208
sample	repeated	slob	raw	exact	534	432792
sample	repeated	slob	raw	exact	535	613792
sample	repeated	slob	raw	exact	536	527416
sample	repeated	slob	raw	exact	537	365167
sample	repeated	slob	raw	exact	538	429584
sample	repeated	slob	raw	exact	539	448209
sample	repeated	slob	raw	exact	540	552667
sample	repeated	slob	raw	exact	541	394625
sample	repeated	slob	raw	exact	542	476667
sample	repeated	slob	raw	exact	543	502750
sample	repeated	slob	raw	exact	544	497583
sample	repeated	slob	raw	exact	545	537416
sample	repeated	slob	raw	exact	546	569875
sample	repeated	slob	raw	exact	547	902292
sample	repeated	slob	raw	exact	548	496958
sample	repeated	slob	raw	exact	549	398125
sample	repeated	slob	raw	exact	550	1128750
sample	repeated	slob	raw	exact	551	886167
sample	repeated	slob	raw	exact	552	499250
sample	repeated	slob	raw	exact	553	809833
sample	repeated	slob	raw	exact	554	625250
sample	repeated	slob	raw	exact	555	399709
sample	repeated	slob	raw	exact	556	496625
sample	repeated	slob	raw	exact	557	397708
sample	repeated	slob	raw	exact	558	570125
sample	repeated	slob	raw	exact	559	1229958
sample	repeated	slob	raw	exact	560	1995541
sample	repeated	slob	raw	exact	561	3260125
sample	repeated	slob	raw	exact	562	1122500
sample	repeated	slob	raw	exact	563	2332708
sample	repeated	slob	raw	exact	564	1417500
sample	repeated	slob	raw	exact	565	1148000
sample	repeated	slob	raw	exact	566	466875
sample	repeated	slob	raw	exact	567	610125
sample	repeated	slob	raw	exact	568	496583
sample	repeated	slob	raw	exact	569	364792
sample	repeated	slob	raw	exact	570	424916
sample	repeated	slob	raw	exact	571	391875
sample	repeated	slob	raw	exact	572	488291
sample	repeated	slob	raw	exact	573	392000
sample	repeated	slob	raw	exact	574	1274208
sample	repeated	slob	raw	exact	575	1549792
sample	repeated	slob	raw	exact	576	1413125
sample	repeated	slob	raw	exact	577	375209
sample	repeated	slob	raw	exact	578	1117292
sample	repeated	slob	raw	exact	579	723208
sample	repeated	slob	raw	exact	580	1456458
sample	repeated	slob	raw	exact	581	837125
sample	repeated	slob	raw	exact	582	444208
sample	repeated	slob	raw	exact	583	498458
sample	repeated	slob	raw	exact	584	1529417
sample	repeated	slob	raw	exact	585	1165542
sample	repeated	slob	raw	exact	586	982542
sample	repeated	slob	raw	exact	587	1117625
sample	repeated	slob	raw	exact	588	1387709
sample	repeated	slob	raw	exact	589	1196375
sample	repeated	slob	raw	exact	590	947083
sample	repeated	slob	raw	exact	591	1238542
sample	repeated	slob	raw	exact	592	510167
sample	repeated	slob	raw	exact	593	446542
sample	repeated	slob	raw	exact	594	1322625
sample	repeated	slob	raw	exact	595	1086834
sample	repeated	slob	raw	exact	596	776916
sample	repeated	slob	raw	exact	597	868791
sample	repeated	slob	raw	exact	598	1097917
sample	repeated	slob	raw	exact	599	888125
sample	repeated	slob	raw	exact	600	512334
sample	repeated	slob	raw	exact	601	436333
sample	repeated	slob	raw	exact	602	921000
sample	repeated	slob	raw	exact	603	397333
sample	repeated	slob	raw	exact	604	493709
sample	repeated	slob	raw	exact	605	396416
sample	repeated	slob	raw	exact	606	425875
sample	repeated	slob	raw	exact	607	489084
sample	repeated	slob	raw	exact	608	493292
sample	repeated	slob	raw	exact	609	831542
sample	repeated	slob	raw	exact	610	588917
sample	repeated	slob	raw	exact	611	395000
sample	repeated	slob	raw	exact	612	881833
sample	repeated	slob	raw	exact	613	635958
sample	repeated	slob	raw	exact	614	430375
sample	repeated	slob	raw	exact	615	489625
sample	repeated	slob	raw	exact	616	732417
sample	repeated	slob	raw	exact	617	1049084
sample	repeated	slob	raw	exact	618	433417
sample	repeated	slob	raw	exact	619	394334
sample	repeated	slob	raw	exact	620	493541
sample	repeated	slob	raw	exact	621	1135709
sample	repeated	slob	raw	exact	622	1218167
sample	repeated	slob	raw	exact	623	1653875
sample	repeated	slob	raw	exact	624	1614875
sample	repeated	slob	raw	exact	625	1042333
sample	repeated	slob	raw	exact	626	1103959
sample	repeated	slob	raw	exact	627	628667
sample	repeated	slob	raw	exact	628	505708
sample	repeated	slob	raw	exact	629	397917
sample	repeated	slob	raw	exact	630	426291
sample	repeated	slob	raw	exact	631	489375
sample	repeated	slob	raw	exact	632	488625
sample	repeated	slob	raw	exact	633	374625
sample	repeated	slob	raw	exact	634	423958
sample	repeated	slob	raw	exact	635	391458
sample	repeated	slob	raw	exact	636	487792
sample	repeated	slob	raw	exact	637	442875
sample	repeated	slob	raw	exact	638	1010708
sample	repeated	slob	raw	exact	639	490292
sample	repeated	slob	raw	exact	640	492458
sample	repeated	slob	raw	exact	641	366125
sample	repeated	slob	raw	exact	642	428750
sample	repeated	slob	raw	exact	643	1086333
sample	repeated	slob	raw	exact	644	1402500
sample	repeated	slob	raw	exact	645	1015500
sample	repeated	slob	raw	exact	646	1028750
sample	repeated	slob	raw	exact	647	530458
sample	repeated	slob	raw	exact	648	493125
sample	repeated	slob	raw	exact	649	618042
sample	repeated	slob	raw	exact	650	1281500
sample	repeated	slob	raw	exact	651	1185250
sample	repeated	slob	raw	exact	652	994334
sample	repeated	slob	raw	exact	653	396541
sample	repeated	slob	raw	exact	654	434917
sample	repeated	slob	raw	exact	655	488458
sample	repeated	slob	raw	exact	656	1062750
sample	repeated	slob	raw	exact	657	1122000
sample	repeated	slob	raw	exact	658	944916
sample	repeated	slob	raw	exact	659	399333
sample	repeated	slob	raw	exact	660	491875
sample	repeated	slob	raw	exact	661	393041
sample	repeated	slob	raw	exact	662	975542
sample	repeated	slob	raw	exact	663	849166
sample	repeated	slob	raw	exact	664	817709
sample	repeated	slob	raw	exact	665	395041
sample	repeated	slob	raw	exact	666	434334
sample	repeated	slob	raw	exact	667	563000
sample	repeated	slob	raw	exact	668	883792
sample	repeated	slob	raw	exact	669	404583
sample	repeated	slob	raw	exact	670	430625
sample	repeated	slob	raw	exact	671	491792
sample	repeated	slob	raw	exact	672	498625
sample	repeated	slob	raw	exact	673	369833
sample	repeated	slob	raw	exact	674	427458
sample	repeated	slob	raw	exact	675	740458
sample	repeated	slob	raw	exact	676	554125
sample	repeated	slob	raw	exact	677	394583
sample	repeated	slob	raw	exact	678	423083
sample	repeated	slob	raw	exact	679	484959
sample	repeated	slob	raw	exact	680	487667
sample	repeated	slob	raw	exact	681	362750
sample	repeated	slob	raw	exact	682	422875
sample	repeated	slob	raw	exact	683	392208
sample	repeated	slob	raw	exact	684	686959
sample	repeated	slob	raw	exact	685	839334
sample	repeated	slob	raw	exact	686	428542
sample	repeated	slob	raw	exact	687	486042
sample	repeated	slob	raw	exact	688	490584
sample	repeated	slob	raw	exact	689	362375
sample	repeated	slob	raw	exact	690	420959
sample	repeated	slob	raw	exact	691	451208
sample	repeated	slob	raw	exact	692	505125
sample	repeated	slob	raw	exact	693	398875
sample	repeated	slob	raw	exact	694	428125
sample	repeated	slob	raw	exact	695	1223209
sample	repeated	slob	raw	exact	696	1324042
sample	repeated	slob	raw	exact	697	771709
sample	repeated	slob	raw	exact	698	434458
sample	repeated	slob	raw	exact	699	692250
sample	repeated	slob	raw	exact	700	496792
sample	repeated	slob	raw	exact	701	1232417
sample	repeated	slob	raw	exact	702	1007167
sample	repeated	slob	raw	exact	703	500958
sample	repeated	slob	raw	exact	704	494791
sample	repeated	slob	raw	exact	705	369125
sample	repeated	slob	raw	exact	706	833542
sample	repeated	slob	raw	exact	707	1226833
sample	repeated	slob	raw	exact	708	1858875
sample	repeated	slob	raw	exact	709	401333
sample	repeated	slob	raw	exact	710	425458
sample	repeated	slob	raw	exact	711	518208
sample	repeated	slob	raw	exact	712	522166
sample	repeated	slob	raw	exact	713	369125
sample	repeated	slob	raw	exact	714	432750
sample	repeated	slob	raw	exact	715	397125
sample	repeated	slob	raw	exact	716	496459
sample	repeated	slob	raw	exact	717	590708
sample	repeated	slob	raw	exact	718	1173458
sample	repeated	slob	raw	exact	719	498958
sample	repeated	slob	raw	exact	720	1478667
sample	repeated	slob	raw	exact	721	612333
sample	repeated	slob	raw	exact	722	431916
sample	repeated	slob	raw	exact	723	473375
sample	repeated	slob	raw	exact	724	966375
sample	repeated	slob	raw	exact	725	399750
sample	repeated	slob	raw	exact	726	430375
sample	repeated	slob	raw	exact	727	492917
sample	repeated	slob	raw	exact	728	495917
sample	repeated	slob	raw	exact	729	368917
sample	repeated	slob	raw	exact	730	429750
sample	repeated	slob	raw	exact	731	397625
sample	repeated	slob	raw	exact	732	501042
sample	repeated	slob	raw	exact	733	400292
sample	repeated	slob	raw	exact	734	515084
sample	repeated	slob	raw	exact	735	495166
sample	repeated	slob	raw	exact	736	513833
sample	repeated	slob	raw	exact	737	368875
sample	repeated	slob	raw	exact	738	428459
sample	repeated	slob	raw	exact	739	395542
sample	repeated	slob	raw	exact	740	922292
sample	repeated	slob	raw	exact	741	1060916
sample	repeated	slob	raw	exact	742	1140584
sample	repeated	slob	raw	exact	743	1344167
sample	repeated	slob	raw	exact	744	944334
sample	repeated	slob	raw	exact	745	975167
sample	repeated	slob	raw	exact	746	1047583
sample	repeated	slob	raw	exact	747	596250
sample	repeated	slob	raw	exact	748	2140166
sample	repeated	slob	raw	exact	749	640458
sample	repeated	slob	raw	exact	750	422000
sample	repeated	slob	raw	exact	751	511583
sample	repeated	slob	raw	exact	752	565167
sample	repeated	slob	raw	exact	753	1496375
sample	repeated	slob	raw	exact	754	1490667
sample	repeated	slob	raw	exact	755	988666
sample	repeated	slob	raw	exact	756	1472083
sample	repeated	slob	raw	exact	757	1102292
sample	repeated	slob	raw	exact	758	4737583
sample	repeated	slob	raw	exact	759	1576584
sample	repeated	slob	raw	exact	760	1468333
sample	repeated	slob	raw	exact	761	5144084
sample	repeated	slob	raw	exact	762	1244250
sample	repeated	slob	raw	exact	763	1062375
sample	repeated	slob	raw	exact	764	1246791
sample	repeated	slob	raw	exact	765	1290291
sample	repeated	slob	raw	exact	766	437292
sample	repeated	slob	raw	exact	767	487250
sample	repeated	slob	raw	exact	768	495833
sample	repeated	slob	raw	exact	769	362500
sample	repeated	slob	raw	exact	770	784542
sample	repeated	slob	raw	exact	771	792375
sample	repeated	slob	raw	exact	772	693667
sample	repeated	slob	raw	exact	773	394083
sample	repeated	slob	raw	exact	774	994417
sample	repeated	slob	raw	exact	775	494375
sample	repeated	slob	raw	exact	776	498416
sample	repeated	slob	raw	exact	777	581250
sample	repeated	slob	raw	exact	778	1095584
sample	repeated	slob	raw	exact	779	483083
sample	repeated	slob	raw	exact	780	505833
sample	repeated	slob	raw	exact	781	505000
sample	repeated	slob	raw	exact	782	1161208
sample	repeated	slob	raw	exact	783	604791
sample	repeated	slob	raw	exact	784	541375
sample	repeated	slob	raw	exact	785	361959
sample	repeated	slob	raw	exact	786	426584
sample	repeated	slob	raw	exact	787	388833
sample	repeated	slob	raw	exact	788	978750
sample	repeated	slob	raw	exact	789	583125
sample	repeated	slob	raw	exact	790	502875
sample	repeated	slob	raw	exact	791	760334
sample	repeated	slob	raw	exact	792	507959
sample	repeated	slob	raw	exact	793	366542
sample	repeated	slob	raw	exact	794	808583
sample	repeated	slob	raw	exact	795	393083
sample	repeated	slob	raw	exact	796	639833
sample	repeated	slob	raw	exact	797	401750
sample	repeated	slob	raw	exact	798	427375
sample	repeated	slob	raw	exact	799	486583
sample	repeated	slob	raw	exact	800	488458
sample	repeated	slob	raw	exact	801	365000
sample	repeated	slob	raw	exact	802	422916
sample	repeated	slob	raw	exact	803	812875
sample	repeated	slob	raw	exact	804	555958
sample	repeated	slob	raw	exact	805	402584
sample	repeated	slob	raw	exact	806	572041
sample	repeated	slob	raw	exact	807	487250
sample	repeated	slob	raw	exact	808	489417
sample	repeated	slob	raw	exact	809	362291
sample	repeated	slob	raw	exact	810	467125
sample	repeated	slob	raw	exact	811	391208
sample	repeated	slob	raw	exact	812	489042
sample	repeated	slob	raw	exact	813	1237042
sample	repeated	slob	raw	exact	814	445334
sample	repeated	slob	raw	exact	815	494625
sample	repeated	slob	raw	exact	816	494709
sample	repeated	slob	raw	exact	817	367125
sample	repeated	slob	raw	exact	818	427333
sample	repeated	slob	raw	exact	819	396708
sample	repeated	slob	raw	exact	820	583875
sample	repeated	slob	raw	exact	821	393500
sample	repeated	slob	raw	exact	822	660583
sample	repeated	slob	raw	exact	823	495083
sample	repeated	slob	raw	exact	824	506416
sample	repeated	slob	raw	exact	825	367958
sample	repeated	slob	raw	exact	826	429500
sample	repeated	slob	raw	exact	827	395208
sample	repeated	slob	raw	exact	828	492834
sample	repeated	slob	raw	exact	829	394875
sample	repeated	slob	raw	exact	830	427166
sample	repeated	slob	raw	exact	831	490083
sample	repeated	slob	raw	exact	832	491041
sample	repeated	slob	raw	exact	833	370750
sample	repeated	slob	raw	exact	834	430458
sample	repeated	slob	raw	exact	835	394709
sample	repeated	slob	raw	exact	836	533667
sample	repeated	slob	raw	exact	837	405375
sample	repeated	slob	raw	exact	838	854833
sample	repeated	slob	raw	exact	839	1501291
sample	repeated	slob	raw	exact	840	495584
sample	repeated	slob	raw	exact	841	368000
sample	repeated	slob	raw	exact	842	451750
sample	repeated	slob	raw	exact	843	393667
sample	repeated	slob	raw	exact	844	570583
sample	repeated	slob	raw	exact	845	527042
sample	repeated	slob	raw	exact	846	423250
sample	repeated	slob	raw	exact	847	483833
sample	repeated	slob	raw	exact	848	489625
sample	repeated	slob	raw	exact	849	360417
sample	repeated	slob	raw	exact	850	532250
sample	repeated	slob	raw	exact	851	418166
sample	repeated	slob	raw	exact	852	568875
sample	repeated	slob	raw	exact	853	398000
sample	repeated	slob	raw	exact	854	429542
sample	repeated	slob	raw	exact	855	490083
sample	repeated	slob	raw	exact	856	518458
sample	repeated	slob	raw	exact	857	376875
sample	repeated	slob	raw	exact	858	425375
sample	repeated	slob	raw	exact	859	394208
sample	repeated	slob	raw	exact	860	492125
sample	repeated	slob	raw	exact	861	395625
sample	repeated	slob	raw	exact	862	427709
sample	repeated	slob	raw	exact	863	487208
sample	repeated	slob	raw	exact	864	490667
sample	repeated	slob	raw	exact	865	366416
sample	repeated	slob	raw	exact	866	428417
sample	repeated	slob	raw	exact	867	393667
sample	repeated	slob	raw	exact	868	491375
sample	repeated	slob	raw	exact	869	403666
sample	repeated	slob	raw	exact	870	748125
sample	repeated	slob	raw	exact	871	492209
sample	repeated	slob	raw	exact	872	495125
sample	repeated	slob	raw	exact	873	368958
sample	repeated	slob	raw	exact	874	426958
sample	repeated	slob	raw	exact	875	397000
sample	repeated	slob	raw	exact	876	692167
sample	repeated	slob	raw	exact	877	535334
sample	repeated	slob	raw	exact	878	814666
sample	repeated	slob	raw	exact	879	500375
sample	repeated	slob	raw	exact	880	493500
sample	repeated	slob	raw	exact	881	367958
sample	repeated	slob	raw	exact	882	429250
sample	repeated	slob	raw	exact	883	394584
sample	repeated	slob	raw	exact	884	493542
sample	repeated	slob	raw	exact	885	757708
sample	repeated	slob	raw	exact	886	435667
sample	repeated	slob	raw	exact	887	645042
sample	repeated	slob	raw	exact	888	495209
sample	repeated	slob	raw	exact	889	368167
sample	repeated	slob	raw	exact	890	427750
sample	repeated	slob	raw	exact	891	404542
sample	repeated	slob	raw	exact	892	490875
sample	repeated	slob	raw	exact	893	395167
sample	repeated	slob	raw	exact	894	430958
sample	repeated	slob	raw	exact	895	496167
sample	repeated	slob	raw	exact	896	493875
sample	repeated	slob	raw	exact	897	378750
sample	repeated	slob	raw	exact	898	427125
sample	repeated	slob	raw	exact	899	394667
sample	repeated	slob	raw	exact	900	490083
sample	repeated	slob	raw	exact	901	396416
sample	repeated	slob	raw	exact	902	863083
sample	repeated	slob	raw	exact	903	535167
sample	repeated	slob	raw	exact	904	494000
sample	repeated	slob	raw	exact	905	367875
sample	repeated	slob	raw	exact	906	430291
sample	repeated	slob	raw	exact	907	397042
sample	repeated	slob	raw	exact	908	495208
sample	repeated	slob	raw	exact	909	395209
sample	repeated	slob	raw	exact	910	428333
sample	repeated	slob	raw	exact	911	489792
sample	repeated	slob	raw	exact	912	497541
sample	repeated	slob	raw	exact	913	369500
sample	repeated	slob	raw	exact	914	839291
sample	repeated	slob	raw	exact	915	396583
sample	repeated	slob	raw	exact	916	521250
sample	repeated	slob	raw	exact	917	615917
sample	repeated	slob	raw	exact	918	432042
sample	repeated	slob	raw	exact	919	491917
sample	repeated	slob	raw	exact	920	494084
sample	repeated	slob	raw	exact	921	367208
sample	repeated	slob	raw	exact	922	518250
sample	repeated	slob	raw	exact	923	395292
sample	repeated	slob	raw	exact	924	495708
sample	repeated	slob	raw	exact	925	642333
sample	repeated	slob	raw	exact	926	427667
sample	repeated	slob	raw	exact	927	489291
sample	repeated	slob	raw	exact	928	493667
sample	repeated	slob	raw	exact	929	366791
sample	repeated	slob	raw	exact	930	425125
sample	repeated	slob	raw	exact	931	395834
sample	repeated	slob	raw	exact	932	491375
sample	repeated	slob	raw	exact	933	394459
sample	repeated	slob	raw	exact	934	617375
sample	repeated	slob	raw	exact	935	663000
sample	repeated	slob	raw	exact	936	509833
sample	repeated	slob	raw	exact	937	369875
sample	repeated	slob	raw	exact	938	427791
sample	repeated	slob	raw	exact	939	397292
sample	repeated	slob	raw	exact	940	696792
sample	repeated	slob	raw	exact	941	885417
sample	repeated	slob	raw	exact	942	432125
sample	repeated	slob	raw	exact	943	490000
sample	repeated	slob	raw	exact	944	490542
sample	repeated	slob	raw	exact	945	368959
sample	repeated	slob	raw	exact	946	425459
sample	repeated	slob	raw	exact	947	638750
sample	repeated	slob	raw	exact	948	747125
sample	repeated	slob	raw	exact	949	444667
sample	repeated	slob	raw	exact	950	430958
sample	repeated	slob	raw	exact	951	491500
sample	repeated	slob	raw	exact	952	493833
sample	repeated	slob	raw	exact	953	409208
sample	repeated	slob	raw	exact	954	430625
sample	repeated	slob	raw	exact	955	395500
sample	repeated	slob	raw	exact	956	495458
sample	repeated	slob	raw	exact	957	399125
sample	repeated	slob	raw	exact	958	434666
sample	repeated	slob	raw	exact	959	494292
sample	repeated	slob	raw	exact	960	491542
sample	repeated	slob	raw	exact	961	367750
sample	repeated	slob	raw	exact	962	428084
sample	repeated	slob	raw	exact	963	394500
sample	repeated	slob	raw	exact	964	504333
sample	repeated	slob	raw	exact	965	395500
sample	repeated	slob	raw	exact	966	868666
sample	repeated	slob	raw	exact	967	784791
sample	repeated	slob	raw	exact	968	744500
sample	repeated	slob	raw	exact	969	368875
sample	repeated	slob	raw	exact	970	426541
sample	repeated	slob	raw	exact	971	463833
sample	repeated	slob	raw	exact	972	495625
sample	repeated	slob	raw	exact	973	398292
sample	repeated	slob	raw	exact	974	426625
sample	repeated	slob	raw	exact	975	778916
sample	repeated	slob	raw	exact	976	761792
sample	repeated	slob	raw	exact	977	370375
sample	repeated	slob	raw	exact	978	428333
sample	repeated	slob	raw	exact	979	397959
sample	repeated	slob	raw	exact	980	862750
sample	repeated	slob	raw	exact	981	530000
sample	repeated	slob	raw	exact	982	433625
sample	repeated	slob	raw	exact	983	595000
sample	repeated	slob	raw	exact	984	497500
sample	repeated	slob	raw	exact	985	370041
sample	repeated	slob	raw	exact	986	431125
sample	repeated	slob	raw	exact	987	397792
sample	repeated	slob	raw	exact	988	496958
sample	repeated	slob	raw	exact	989	397750
sample	repeated	slob	raw	exact	990	436625
sample	repeated	slob	raw	exact	991	492125
sample	repeated	slob	raw	exact	992	498292
sample	repeated	slob	raw	exact	993	370500
sample	repeated	slob	raw	exact	994	430791
sample	repeated	slob	raw	exact	995	397792
sample	repeated	slob	raw	exact	996	495250
sample	repeated	slob	raw	exact	997	625000
sample	repeated	slob	raw	exact	998	427916
sample	repeated	slob	raw	exact	999	485208
sample	repeated	slob	raw	prefix	0	695250
sample	repeated	slob	raw	prefix	1	1281125
sample	repeated	slob	raw	prefix	2	19112375
sample	repeated	slob	raw	prefix	3	17616833
sample	repeated	slob	raw	prefix	4	1144500
sample	repeated	slob	raw	prefix	5	807625
sample	repeated	slob	raw	prefix	6	22173041
sample	repeated	slob	raw	prefix	7	20584791
sample	repeated	slob	raw	prefix	8	1188084
sample	repeated	slob	raw	prefix	9	1067750
sample	repeated	slob	raw	prefix	10	22444833
sample	repeated	slob	raw	prefix	11	22650458
sample	repeated	slob	raw	prefix	12	910083
sample	repeated	slob	raw	prefix	13	954334
sample	repeated	slob	raw	prefix	14	19324167
sample	repeated	slob	raw	prefix	15	17520125
sample	repeated	slob	raw	prefix	16	732125
sample	repeated	slob	raw	prefix	17	1013792
sample	repeated	slob	raw	prefix	18	21557208
sample	repeated	slob	raw	prefix	19	18571459
sample	repeated	slob	raw	prefix	20	1100834
sample	repeated	slob	raw	prefix	21	854791
sample	repeated	slob	raw	prefix	22	18885709
sample	repeated	slob	raw	prefix	23	18688667
sample	repeated	slob	raw	prefix	24	1036125
sample	repeated	slob	raw	prefix	25	1019084
sample	repeated	slob	raw	prefix	26	18285167
sample	repeated	slob	raw	prefix	27	20300458
sample	repeated	slob	raw	prefix	28	834584
sample	repeated	slob	raw	prefix	29	802042
sample	repeated	slob	raw	prefix	30	18798250
sample	repeated	slob	raw	prefix	31	18456292
sample	repeated	slob	raw	prefix	32	1201000
sample	repeated	slob	raw	prefix	33	1455250
sample	repeated	slob	raw	prefix	34	17561625
sample	repeated	slob	raw	prefix	35	17570208
sample	repeated	slob	raw	prefix	36	836083
sample	repeated	slob	raw	prefix	37	801334
sample	repeated	slob	raw	prefix	38	18113792
sample	repeated	slob	raw	prefix	39	17462166
sample	repeated	slob	raw	prefix	40	800875
sample	repeated	slob	raw	prefix	41	1127750
sample	repeated	slob	raw	prefix	42	17731375
sample	repeated	slob	raw	prefix	43	19469875
sample	repeated	slob	raw	prefix	44	873458
sample	repeated	slob	raw	prefix	45	813708
sample	repeated	slob	raw	prefix	46	18779750
sample	repeated	slob	raw	prefix	47	17501417
sample	repeated	slob	raw	prefix	48	729417
sample	repeated	slob	raw	prefix	49	1098375
sample	repeated	slob	raw	prefix	50	19914000
sample	repeated	slob	raw	prefix	51	17652542
sample	repeated	slob	raw	prefix	52	1276667
sample	repeated	slob	raw	prefix	53	806708
sample	repeated	slob	raw	prefix	54	17212125
sample	repeated	slob	raw	prefix	55	18724833
sample	repeated	slob	raw	prefix	56	947500
sample	repeated	slob	raw	prefix	57	1150334
sample	repeated	slob	raw	prefix	58	17911208
sample	repeated	slob	raw	prefix	59	18174041
sample	repeated	slob	raw	prefix	60	843250
sample	repeated	slob	raw	prefix	61	818167
sample	repeated	slob	raw	prefix	62	17205041
sample	repeated	slob	raw	prefix	63	17295208
sample	repeated	slob	raw	prefix	64	709500
sample	repeated	slob	raw	prefix	65	1122459
sample	repeated	slob	raw	prefix	66	20049666
sample	repeated	slob	raw	prefix	67	17072417
sample	repeated	slob	raw	prefix	68	816084
sample	repeated	slob	raw	prefix	69	800833
sample	repeated	slob	raw	prefix	70	18576041
sample	repeated	slob	raw	prefix	71	17195791
sample	repeated	slob	raw	prefix	72	720500
sample	repeated	slob	raw	prefix	73	1002708
sample	repeated	slob	raw	prefix	74	17731500
sample	repeated	slob	raw	prefix	75	17379917
sample	repeated	slob	raw	prefix	76	1401833
sample	repeated	slob	raw	prefix	77	842417
sample	repeated	slob	raw	prefix	78	17404792
sample	repeated	slob	raw	prefix	79	17261500
sample	repeated	slob	raw	prefix	80	716917
sample	repeated	slob	raw	prefix	81	998250
sample	repeated	slob	raw	prefix	82	16832167
sample	repeated	slob	raw	prefix	83	18651833
sample	repeated	slob	raw	prefix	84	827875
sample	repeated	slob	raw	prefix	85	837500
sample	repeated	slob	raw	prefix	86	18933000
sample	repeated	slob	raw	prefix	87	18236166
sample	repeated	slob	raw	prefix	88	793875
sample	repeated	slob	raw	prefix	89	1181541
sample	repeated	slob	raw	prefix	90	18347042
sample	repeated	slob	raw	prefix	91	17613000
sample	repeated	slob	raw	prefix	92	839208
sample	repeated	slob	raw	prefix	93	814834
sample	repeated	slob	raw	prefix	94	18887417
sample	repeated	slob	raw	prefix	95	18241333
sample	repeated	slob	raw	prefix	96	751834
sample	repeated	slob	raw	prefix	97	1313875
sample	repeated	slob	raw	prefix	98	17714708
sample	repeated	slob	raw	prefix	99	19328875
sample	repeated	slob	raw	prefix	100	837917
sample	repeated	slob	raw	prefix	101	968750
sample	repeated	slob	raw	prefix	102	19812250
sample	repeated	slob	raw	prefix	103	16895542
sample	repeated	slob	raw	prefix	104	708250
sample	repeated	slob	raw	prefix	105	997083
sample	repeated	slob	raw	prefix	106	19330833
sample	repeated	slob	raw	prefix	107	17797208
sample	repeated	slob	raw	prefix	108	832958
sample	repeated	slob	raw	prefix	109	802667
sample	repeated	slob	raw	prefix	110	18731167
sample	repeated	slob	raw	prefix	111	17587541
sample	repeated	slob	raw	prefix	112	1760709
sample	repeated	slob	raw	prefix	113	1287167
sample	repeated	slob	raw	prefix	114	21425791
sample	repeated	slob	raw	prefix	115	21646833
sample	repeated	slob	raw	prefix	116	2237083
sample	repeated	slob	raw	prefix	117	1060250
sample	repeated	slob	raw	prefix	118	21404750
sample	repeated	slob	raw	prefix	119	25500625
sample	repeated	slob	raw	prefix	120	1524375
sample	repeated	slob	raw	prefix	121	2393083
sample	repeated	slob	raw	prefix	122	28186167
sample	repeated	slob	raw	prefix	123	24471584
sample	repeated	slob	raw	prefix	124	1091542
sample	repeated	slob	raw	prefix	125	863167
sample	repeated	slob	raw	prefix	126	21321500
sample	repeated	slob	raw	prefix	127	21009541
sample	repeated	slob	raw	prefix	128	766708
sample	repeated	slob	raw	prefix	129	2540750
sample	repeated	slob	raw	prefix	130	20466000
sample	repeated	slob	raw	prefix	131	23462459
sample	repeated	slob	raw	prefix	132	1768958
sample	repeated	slob	raw	prefix	133	824625
sample	repeated	slob	raw	prefix	134	21125292
sample	repeated	slob	raw	prefix	135	19698084
sample	repeated	slob	raw	prefix	136	750541
sample	repeated	slob	raw	prefix	137	1022625
sample	repeated	slob	raw	prefix	138	20735750
sample	repeated	slob	raw	prefix	139	19405750
sample	repeated	slob	raw	prefix	140	1362209
sample	repeated	slob	raw	prefix	141	1291792
sample	repeated	slob	raw	prefix	142	18843750
sample	repeated	slob	raw	prefix	143	17742875
sample	repeated	slob	raw	prefix	144	732959
sample	repeated	slob	raw	prefix	145	1010625
sample	repeated	slob	raw	prefix	146	18531791
sample	repeated	slob	raw	prefix	147	17759500
sample	repeated	slob	raw	prefix	148	1141166
sample	repeated	slob	raw	prefix	149	828792
sample	repeated	slob	raw	prefix	150	19360375
sample	repeated	slob	raw	prefix	151	21481500
sample	repeated	slob	raw	prefix	152	722833
sample	repeated	slob	raw	prefix	153	1032500
sample	repeated	slob	raw	prefix	154	16637958
sample	repeated	slob	raw	prefix	155	18699416
sample	repeated	slob	raw	prefix	156	1133750
sample	repeated	slob	raw	prefix	157	797750
sample	repeated	slob	raw	prefix	158	17680125
sample	repeated	slob	raw	prefix	159	19281292
sample	repeated	slob	raw	prefix	160	745333
sample	repeated	slob	raw	prefix	161	1011375
sample	repeated	slob	raw	prefix	162	19344500
sample	repeated	slob	raw	prefix	163	16931125
sample	repeated	slob	raw	prefix	164	908709
sample	repeated	slob	raw	prefix	165	1518917
sample	repeated	slob	raw	prefix	166	17964500
sample	repeated	slob	raw	prefix	167	19283666
sample	repeated	slob	raw	prefix	168	719583
sample	repeated	slob	raw	prefix	169	1003625
sample	repeated	slob	raw	prefix	170	18342917
sample	repeated	slob	raw	prefix	171	16797333
sample	repeated	slob	raw	prefix	172	1038542
sample	repeated	slob	raw	prefix	173	811250
sample	repeated	slob	raw	prefix	174	17523750
sample	repeated	slob	raw	prefix	175	18363833
sample	repeated	slob	raw	prefix	176	713584
sample	repeated	slob	raw	prefix	177	1195958
sample	repeated	slob	raw	prefix	178	17980417
sample	repeated	slob	raw	prefix	179	17100250
sample	repeated	slob	raw	prefix	180	962083
sample	repeated	slob	raw	prefix	181	807167
sample	repeated	slob	raw	prefix	182	19581250
sample	repeated	slob	raw	prefix	183	18548750
sample	repeated	slob	raw	prefix	184	732208
sample	repeated	slob	raw	prefix	185	1002667
sample	repeated	slob	raw	prefix	186	19466833
sample	repeated	slob	raw	prefix	187	17989417
sample	repeated	slob	raw	prefix	188	842375
sample	repeated	slob	raw	prefix	189	803958
sample	repeated	slob	raw	prefix	190	18903791
sample	repeated	slob	raw	prefix	191	17940500
sample	repeated	slob	raw	prefix	192	718417
sample	repeated	slob	raw	prefix	193	999167
sample	repeated	slob	raw	prefix	194	20804292
sample	repeated	slob	raw	prefix	195	20850958
sample	repeated	slob	raw	prefix	196	827875
sample	repeated	slob	raw	prefix	197	797709
sample	repeated	slob	raw	prefix	198	18281959
sample	repeated	slob	raw	prefix	199	19203083
sample	repeated	slob	raw	prefix	200	719958
sample	repeated	slob	raw	prefix	201	991084
sample	repeated	slob	raw	prefix	202	18690417
sample	repeated	slob	raw	prefix	203	20581000
sample	repeated	slob	raw	prefix	204	1552875
sample	repeated	slob	raw	prefix	205	1089583
sample	repeated	slob	raw	prefix	206	29463250
sample	repeated	slob	raw	prefix	207	37702833
sample	repeated	slob	raw	prefix	208	1977125
sample	repeated	slob	raw	prefix	209	3227209
sample	repeated	slob	raw	prefix	210	42681000
sample	repeated	slob	raw	prefix	211	44051375
sample	repeated	slob	raw	prefix	212	893834
sample	repeated	slob	raw	prefix	213	1537666
sample	repeated	slob	raw	prefix	214	23794667
sample	repeated	slob	raw	prefix	215	23445167
sample	repeated	slob	raw	prefix	216	749625
sample	repeated	slob	raw	prefix	217	1310583
sample	repeated	slob	raw	prefix	218	28085792
sample	repeated	slob	raw	prefix	219	23626791
sample	repeated	slob	raw	prefix	220	1120041
sample	repeated	slob	raw	prefix	221	1753042
sample	repeated	slob	raw	prefix	222	25034333
sample	repeated	slob	raw	prefix	223	19493708
sample	repeated	slob	raw	prefix	224	737416
sample	repeated	slob	raw	prefix	225	1754750
sample	repeated	slob	raw	prefix	226	24077666
sample	repeated	slob	raw	prefix	227	18550041
sample	repeated	slob	raw	prefix	228	1376000
sample	repeated	slob	raw	prefix	229	1217083
sample	repeated	slob	raw	prefix	230	33750792
sample	repeated	slob	raw	prefix	231	19343208
sample	repeated	slob	raw	prefix	232	750708
sample	repeated	slob	raw	prefix	233	1001875
sample	repeated	slob	raw	prefix	234	22465750
sample	repeated	slob	raw	prefix	235	18229583
sample	repeated	slob	raw	prefix	236	861917
sample	repeated	slob	raw	prefix	237	1362083
sample	repeated	slob	raw	prefix	238	18155875
sample	repeated	slob	raw	prefix	239	17677875
sample	repeated	slob	raw	prefix	240	765041
sample	repeated	slob	raw	prefix	241	1438958
sample	repeated	slob	raw	prefix	242	20469208
sample	repeated	slob	raw	prefix	243	19692250
sample	repeated	slob	raw	prefix	244	1576541
sample	repeated	slob	raw	prefix	245	816417
sample	repeated	slob	raw	prefix	246	18681792
sample	repeated	slob	raw	prefix	247	18207042
sample	repeated	slob	raw	prefix	248	736375
sample	repeated	slob	raw	prefix	249	1021542
sample	repeated	slob	raw	prefix	250	18970208
sample	repeated	slob	raw	prefix	251	20291291
sample	repeated	slob	raw	prefix	252	861042
sample	repeated	slob	raw	prefix	253	807375
sample	repeated	slob	raw	prefix	254	25484125
sample	repeated	slob	raw	prefix	255	29796083
sample	repeated	slob	raw	prefix	256	713583
sample	repeated	slob	raw	prefix	257	1068625
sample	repeated	slob	raw	prefix	258	29847167
sample	repeated	slob	raw	prefix	259	21083417
sample	repeated	slob	raw	prefix	260	3014625
sample	repeated	slob	raw	prefix	261	2385125
sample	repeated	slob	raw	prefix	262	23226750
sample	repeated	slob	raw	prefix	263	19488541
sample	repeated	slob	raw	prefix	264	822000
sample	repeated	slob	raw	prefix	265	1020583
sample	repeated	slob	raw	prefix	266	18414750
sample	repeated	slob	raw	prefix	267	17606042
sample	repeated	slob	raw	prefix	268	985792
sample	repeated	slob	raw	prefix	269	1070625
sample	repeated	slob	raw	prefix	270	19901375
sample	repeated	slob	raw	prefix	271	17538292
sample	repeated	slob	raw	prefix	272	745417
sample	repeated	slob	raw	prefix	273	1074458
sample	repeated	slob	raw	prefix	274	20344417
sample	repeated	slob	raw	prefix	275	17858750
sample	repeated	slob	raw	prefix	276	829708
sample	repeated	slob	raw	prefix	277	806500
sample	repeated	slob	raw	prefix	278	18183792
sample	repeated	slob	raw	prefix	279	17071125
sample	repeated	slob	raw	prefix	280	1094208
sample	repeated	slob	raw	prefix	281	1012084
sample	repeated	slob	raw	prefix	282	21105042
sample	repeated	slob	raw	prefix	283	18177750
sample	repeated	slob	raw	prefix	284	835958
sample	repeated	slob	raw	prefix	285	803959
sample	repeated	slob	raw	prefix	286	19646917
sample	repeated	slob	raw	prefix	287	17868000
sample	repeated	slob	raw	prefix	288	738875
sample	repeated	slob	raw	prefix	289	999583
sample	repeated	slob	raw	prefix	290	17723750
sample	repeated	slob	raw	prefix	291	17827042
sample	repeated	slob	raw	prefix	292	844541
sample	repeated	slob	raw	prefix	293	817625
sample	repeated	slob	raw	prefix	294	17037083
sample	repeated	slob	raw	prefix	295	18966750
sample	repeated	slob	raw	prefix	296	719541
sample	repeated	slob	raw	prefix	297	1000375
sample	repeated	slob	raw	prefix	298	16966292
sample	repeated	slob	raw	prefix	299	18459667
sample	repeated	slob	raw	prefix	300	842083
sample	repeated	slob	raw	prefix	301	1436541
sample	repeated	slob	raw	prefix	302	18233166
sample	repeated	slob	raw	prefix	303	20328583
sample	repeated	slob	raw	prefix	304	735125
sample	repeated	slob	raw	prefix	305	2198042
sample	repeated	slob	raw	prefix	306	18993625
sample	repeated	slob	raw	prefix	307	20108250
sample	repeated	slob	raw	prefix	308	821542
sample	repeated	slob	raw	prefix	309	798875
sample	repeated	slob	raw	prefix	310	19109541
sample	repeated	slob	raw	prefix	311	18883583
sample	repeated	slob	raw	prefix	312	720833
sample	repeated	slob	raw	prefix	313	2051958
sample	repeated	slob	raw	prefix	314	22032459
sample	repeated	slob	raw	prefix	315	20381708
sample	repeated	slob	raw	prefix	316	870459
sample	repeated	slob	raw	prefix	317	993500
sample	repeated	slob	raw	prefix	318	18291042
sample	repeated	slob	raw	prefix	319	19929875
sample	repeated	slob	raw	prefix	320	1672125
sample	repeated	slob	raw	prefix	321	1042708
sample	repeated	slob	raw	prefix	322	18664166
sample	repeated	slob	raw	prefix	323	21278667
sample	repeated	slob	raw	prefix	324	1017500
sample	repeated	slob	raw	prefix	325	988709
sample	repeated	slob	raw	prefix	326	21434083
sample	repeated	slob	raw	prefix	327	20862958
sample	repeated	slob	raw	prefix	328	731167
sample	repeated	slob	raw	prefix	329	990834
sample	repeated	slob	raw	prefix	330	25426792
sample	repeated	slob	raw	prefix	331	26028375
sample	repeated	slob	raw	prefix	332	1468375
sample	repeated	slob	raw	prefix	333	2760167
sample	repeated	slob	raw	prefix	334	33535958
sample	repeated	slob	raw	prefix	335	25664958
sample	repeated	slob	raw	prefix	336	1726834
sample	repeated	slob	raw	prefix	337	2522291
sample	repeated	slob	raw	prefix	338	49154458
sample	repeated	slob	raw	prefix	339	22701959
sample	repeated	slob	raw	prefix	340	833334
sample	repeated	slob	raw	prefix	341	804584
sample	repeated	slob	raw	prefix	342	25841000
sample	repeated	slob	raw	prefix	343	21231542
sample	repeated	slob	raw	prefix	344	769041
sample	repeated	slob	raw	prefix	345	1300292
sample	repeated	slob	raw	prefix	346	21480917
sample	repeated	slob	raw	prefix	347	18618292
sample	repeated	slob	raw	prefix	348	851125
sample	repeated	slob	raw	prefix	349	820708
sample	repeated	slob	raw	prefix	350	18692916
sample	repeated	slob	raw	prefix	351	18137833
sample	repeated	slob	raw	prefix	352	896291
sample	repeated	slob	raw	prefix	353	1095667
sample	repeated	slob	raw	prefix	354	20973916
sample	repeated	slob	raw	prefix	355	24318583
sample	repeated	slob	raw	prefix	356	819708
sample	repeated	slob	raw	prefix	357	1133916
sample	repeated	slob	raw	prefix	358	18080834
sample	repeated	slob	raw	prefix	359	18589334
sample	repeated	slob	raw	prefix	360	722917
sample	repeated	slob	raw	prefix	361	1012250
sample	repeated	slob	raw	prefix	362	19025250
sample	repeated	slob	raw	prefix	363	17715208
sample	repeated	slob	raw	prefix	364	883709
sample	repeated	slob	raw	prefix	365	793084
sample	repeated	slob	raw	prefix	366	19807542
sample	repeated	slob	raw	prefix	367	18328750
sample	repeated	slob	raw	prefix	368	726292
sample	repeated	slob	raw	prefix	369	991708
sample	repeated	slob	raw	prefix	370	18359625
sample	repeated	slob	raw	prefix	371	21384875
sample	repeated	slob	raw	prefix	372	826083
sample	repeated	slob	raw	prefix	373	794125
sample	repeated	slob	raw	prefix	374	19793792
sample	repeated	slob	raw	prefix	375	26422750
sample	repeated	slob	raw	prefix	376	706875
sample	repeated	slob	raw	prefix	377	1244041
sample	repeated	slob	raw	prefix	378	24382541
sample	repeated	slob	raw	prefix	379	22135958
sample	repeated	slob	raw	prefix	380	1015166
sample	repeated	slob	raw	prefix	381	974583
sample	repeated	slob	raw	prefix	382	21537959
sample	repeated	slob	raw	prefix	383	21206458
sample	repeated	slob	raw	prefix	384	773500
sample	repeated	slob	raw	prefix	385	1007834
sample	repeated	slob	raw	prefix	386	19678416
sample	repeated	slob	raw	prefix	387	21005167
sample	repeated	slob	raw	prefix	388	936375
sample	repeated	slob	raw	prefix	389	1369084
sample	repeated	slob	raw	prefix	390	19827417
sample	repeated	slob	raw	prefix	391	18719042
sample	repeated	slob	raw	prefix	392	757750
sample	repeated	slob	raw	prefix	393	997084
sample	repeated	slob	raw	prefix	394	21842375
sample	repeated	slob	raw	prefix	395	20403500
sample	repeated	slob	raw	prefix	396	875917
sample	repeated	slob	raw	prefix	397	812333
sample	repeated	slob	raw	prefix	398	17762459
sample	repeated	slob	raw	prefix	399	18444750
sample	repeated	slob	raw	prefix	400	1385917
sample	repeated	slob	raw	prefix	401	1015334
sample	repeated	slob	raw	prefix	402	20346708
sample	repeated	slob	raw	prefix	403	20333625
sample	repeated	slob	raw	prefix	404	860125
sample	repeated	slob	raw	prefix	405	836500
sample	repeated	slob	raw	prefix	406	16981083
sample	repeated	slob	raw	prefix	407	18198375
sample	repeated	slob	raw	prefix	408	734583
sample	repeated	slob	raw	prefix	409	1096084
sample	repeated	slob	raw	prefix	410	20072041
sample	repeated	slob	raw	prefix	411	17148916
sample	repeated	slob	raw	prefix	412	816917
sample	repeated	slob	raw	prefix	413	1432208
sample	repeated	slob	raw	prefix	414	22122667
sample	repeated	slob	raw	prefix	415	17294959
sample	repeated	slob	raw	prefix	416	735167
sample	repeated	slob	raw	prefix	417	1003375
sample	repeated	slob	raw	prefix	418	17798167
sample	repeated	slob	raw	prefix	419	16746708
sample	repeated	slob	raw	prefix	420	1080417
sample	repeated	slob	raw	prefix	421	812750
sample	repeated	slob	raw	prefix	422	17203542
sample	repeated	slob	raw	prefix	423	20941583
sample	repeated	slob	raw	prefix	424	751167
sample	repeated	slob	raw	prefix	425	1030250
sample	repeated	slob	raw	prefix	426	21318166
sample	repeated	slob	raw	prefix	427	19056125
sample	repeated	slob	raw	prefix	428	1492000
sample	repeated	slob	raw	prefix	429	837417
sample	repeated	slob	raw	prefix	430	20630166
sample	repeated	slob	raw	prefix	431	21509750
sample	repeated	slob	raw	prefix	432	1210500
sample	repeated	slob	raw	prefix	433	1047334
sample	repeated	slob	raw	prefix	434	22602416
sample	repeated	slob	raw	prefix	435	19025583
sample	repeated	slob	raw	prefix	436	948584
sample	repeated	slob	raw	prefix	437	822458
sample	repeated	slob	raw	prefix	438	22556833
sample	repeated	slob	raw	prefix	439	19118125
sample	repeated	slob	raw	prefix	440	770458
sample	repeated	slob	raw	prefix	441	1204542
sample	repeated	slob	raw	prefix	442	18854833
sample	repeated	slob	raw	prefix	443	20849500
sample	repeated	slob	raw	prefix	444	875292
sample	repeated	slob	raw	prefix	445	855041
sample	repeated	slob	raw	prefix	446	19082625
sample	repeated	slob	raw	prefix	447	21408166
sample	repeated	slob	raw	prefix	448	734625
sample	repeated	slob	raw	prefix	449	1205709
sample	repeated	slob	raw	prefix	450	19258417
sample	repeated	slob	raw	prefix	451	20320334
sample	repeated	slob	raw	prefix	452	1887125
sample	repeated	slob	raw	prefix	453	970917
sample	repeated	slob	raw	prefix	454	20542667
sample	repeated	slob	raw	prefix	455	19032708
sample	repeated	slob	raw	prefix	456	724292
sample	repeated	slob	raw	prefix	457	998000
sample	repeated	slob	raw	prefix	458	18324416
sample	repeated	slob	raw	prefix	459	21553958
sample	repeated	slob	raw	prefix	460	850875
sample	repeated	slob	raw	prefix	461	1033959
sample	repeated	slob	raw	prefix	462	18338792
sample	repeated	slob	raw	prefix	463	18400875
sample	repeated	slob	raw	prefix	464	1578500
sample	repeated	slob	raw	prefix	465	1295125
sample	repeated	slob	raw	prefix	466	18543334
sample	repeated	slob	raw	prefix	467	18105375
sample	repeated	slob	raw	prefix	468	896750
sample	repeated	slob	raw	prefix	469	901334
sample	repeated	slob	raw	prefix	470	19612292
sample	repeated	slob	raw	prefix	471	22682334
sample	repeated	slob	raw	prefix	472	729875
sample	repeated	slob	raw	prefix	473	1211625
sample	repeated	slob	raw	prefix	474	25304125
sample	repeated	slob	raw	prefix	475	20977917
sample	repeated	slob	raw	prefix	476	1428500
sample	repeated	slob	raw	prefix	477	949875
sample	repeated	slob	raw	prefix	478	18105042
sample	repeated	slob	raw	prefix	479	19421750
sample	repeated	slob	raw	prefix	480	776583
sample	repeated	slob	raw	prefix	481	1020750
sample	repeated	slob	raw	prefix	482	17690416
sample	repeated	slob	raw	prefix	483	18502875
sample	repeated	slob	raw	prefix	484	930042
sample	repeated	slob	raw	prefix	485	979083
sample	repeated	slob	raw	prefix	486	18502541
sample	repeated	slob	raw	prefix	487	21526209
sample	repeated	slob	raw	prefix	488	817000
sample	repeated	slob	raw	prefix	489	1021375
sample	repeated	slob	raw	prefix	490	20052500
sample	repeated	slob	raw	prefix	491	17986750
sample	repeated	slob	raw	prefix	492	1420041
sample	repeated	slob	raw	prefix	493	821000
sample	repeated	slob	raw	prefix	494	19307167
sample	repeated	slob	raw	prefix	495	18626166
sample	repeated	slob	raw	prefix	496	717041
sample	repeated	slob	raw	prefix	497	1001042
sample	repeated	slob	raw	prefix	498	17795333
sample	repeated	slob	raw	prefix	499	19247708
sample	repeated	slob	raw	prefix	500	865584
sample	repeated	slob	raw	prefix	501	812625
sample	repeated	slob	raw	prefix	502	17828000
sample	repeated	slob	raw	prefix	503	17903583
sample	repeated	slob	raw	prefix	504	728542
sample	repeated	slob	raw	prefix	505	1100584
sample	repeated	slob	raw	prefix	506	18915708
sample	repeated	slob	raw	prefix	507	17257500
sample	repeated	slob	raw	prefix	508	837208
sample	repeated	slob	raw	prefix	509	805959
sample	repeated	slob	raw	prefix	510	19997958
sample	repeated	slob	raw	prefix	511	19998666
sample	repeated	slob	raw	prefix	512	1017125
sample	repeated	slob	raw	prefix	513	1039125
sample	repeated	slob	raw	prefix	514	18974084
sample	repeated	slob	raw	prefix	515	22279625
sample	repeated	slob	raw	prefix	516	1028083
sample	repeated	slob	raw	prefix	517	1352500
sample	repeated	slob	raw	prefix	518	18442708
sample	repeated	slob	raw	prefix	519	18190250
sample	repeated	slob	raw	prefix	520	732958
sample	repeated	slob	raw	prefix	521	1002125
sample	repeated	slob	raw	prefix	522	17418750
sample	repeated	slob	raw	prefix	523	17698458
sample	repeated	slob	raw	prefix	524	986417
sample	repeated	slob	raw	prefix	525	970792
sample	repeated	slob	raw	prefix	526	17224375
sample	repeated	slob	raw	prefix	527	17940041
sample	repeated	slob	raw	prefix	528	745041
sample	repeated	slob	raw	prefix	529	1123416
sample	repeated	slob	raw	prefix	530	19861833
sample	repeated	slob	raw	prefix	531	17818042
sample	repeated	slob	raw	prefix	532	1008959
sample	repeated	slob	raw	prefix	533	842416
sample	repeated	slob	raw	prefix	534	19266625
sample	repeated	slob	raw	prefix	535	18291958
sample	repeated	slob	raw	prefix	536	776792
sample	repeated	slob	raw	prefix	537	1186375
sample	repeated	slob	raw	prefix	538	18857375
sample	repeated	slob	raw	prefix	539	17720458
sample	repeated	slob	raw	prefix	540	1467500
sample	repeated	slob	raw	prefix	541	829250
sample	repeated	slob	raw	prefix	542	18120166
sample	repeated	slob	raw	prefix	543	20153459
sample	repeated	slob	raw	prefix	544	724667
sample	repeated	slob	raw	prefix	545	1405875
sample	repeated	slob	raw	prefix	546	19312584
sample	repeated	slob	raw	prefix	547	19621542
sample	repeated	slob	raw	prefix	548	853333
sample	repeated	slob	raw	prefix	549	804875
sample	repeated	slob	raw	prefix	550	18035292
sample	repeated	slob	raw	prefix	551	17905541
sample	repeated	slob	raw	prefix	552	754458
sample	repeated	slob	raw	prefix	553	999375
sample	repeated	slob	raw	prefix	554	18948167
sample	repeated	slob	raw	prefix	555	16869750
sample	repeated	slob	raw	prefix	556	828958
sample	repeated	slob	raw	prefix	557	835875
sample	repeated	slob	raw	prefix	558	17990042
sample	repeated	slob	raw	prefix	559	17303666
sample	repeated	slob	raw	prefix	560	747875
sample	repeated	slob	raw	prefix	561	1443625
sample	repeated	slob	raw	prefix	562	17342084
sample	repeated	slob	raw	prefix	563	19222417
sample	repeated	slob	raw	prefix	564	843667
sample	repeated	slob	raw	prefix	565	1422166
sample	repeated	slob	raw	prefix	566	17324125
sample	repeated	slob	raw	prefix	567	17492334
sample	repeated	slob	raw	prefix	568	723792
sample	repeated	slob	raw	prefix	569	1002500
sample	repeated	slob	raw	prefix	570	18034791
sample	repeated	slob	raw	prefix	571	17828167
sample	repeated	slob	raw	prefix	572	828333
sample	repeated	slob	raw	prefix	573	823750
sample	repeated	slob	raw	prefix	574	19566042
sample	repeated	slob	raw	prefix	575	17017625
sample	repeated	slob	raw	prefix	576	746958
sample	repeated	slob	raw	prefix	577	987167
sample	repeated	slob	raw	prefix	578	20193583
sample	repeated	slob	raw	prefix	579	17561958
sample	repeated	slob	raw	prefix	580	843708
sample	repeated	slob	raw	prefix	581	1093959
sample	repeated	slob	raw	prefix	582	17595250
sample	repeated	slob	raw	prefix	583	18392417
sample	repeated	slob	raw	prefix	584	740542
sample	repeated	slob	raw	prefix	585	1106125
sample	repeated	slob	raw	prefix	586	17197291
sample	repeated	slob	raw	prefix	587	18327542
sample	repeated	slob	raw	prefix	588	908458
sample	repeated	slob	raw	prefix	589	838834
sample	repeated	slob	raw	prefix	590	20649958
sample	repeated	slob	raw	prefix	591	17412750
sample	repeated	slob	raw	prefix	592	781042
sample	repeated	slob	raw	prefix	593	1012208
sample	repeated	slob	raw	prefix	594	19424875
sample	repeated	slob	raw	prefix	595	17225917
sample	repeated	slob	raw	prefix	596	1297375
sample	repeated	slob	raw	prefix	597	801542
sample	repeated	slob	raw	prefix	598	18536834
sample	repeated	slob	raw	prefix	599	18696333
sample	repeated	slob	raw	prefix	600	806167
sample	repeated	slob	raw	prefix	601	1022125
sample	repeated	slob	raw	prefix	602	17472083
sample	repeated	slob	raw	prefix	603	17068625
sample	repeated	slob	raw	prefix	604	988208
sample	repeated	slob	raw	prefix	605	816917
sample	repeated	slob	raw	prefix	606	16991083
sample	repeated	slob	raw	prefix	607	18407125
sample	repeated	slob	raw	prefix	608	912625
sample	repeated	slob	raw	prefix	609	1001667
sample	repeated	slob	raw	prefix	610	16805042
sample	repeated	slob	raw	prefix	611	17387708
sample	repeated	slob	raw	prefix	612	835750
sample	repeated	slob	raw	prefix	613	803750
sample	repeated	slob	raw	prefix	614	17396125
sample	repeated	slob	raw	prefix	615	18226542
sample	repeated	slob	raw	prefix	616	740709
sample	repeated	slob	raw	prefix	617	1292708
sample	repeated	slob	raw	prefix	618	16765666
sample	repeated	slob	raw	prefix	619	18369791
sample	repeated	slob	raw	prefix	620	821958
sample	repeated	slob	raw	prefix	621	792084
sample	repeated	slob	raw	prefix	622	20575250
sample	repeated	slob	raw	prefix	623	17866208
sample	repeated	slob	raw	prefix	624	750458
sample	repeated	slob	raw	prefix	625	1004917
sample	repeated	slob	raw	prefix	626	17265708
sample	repeated	slob	raw	prefix	627	18095916
sample	repeated	slob	raw	prefix	628	828833
sample	repeated	slob	raw	prefix	629	790750
sample	repeated	slob	raw	prefix	630	16966666
sample	repeated	slob	raw	prefix	631	16942333
sample	repeated	slob	raw	prefix	632	725792
sample	repeated	slob	raw	prefix	633	1093375
sample	repeated	slob	raw	prefix	634	17155083
sample	repeated	slob	raw	prefix	635	17051042
sample	repeated	slob	raw	prefix	636	843375
sample	repeated	slob	raw	prefix	637	801416
sample	repeated	slob	raw	prefix	638	17993167
sample	repeated	slob	raw	prefix	639	17417625
sample	repeated	slob	raw	prefix	640	725125
sample	repeated	slob	raw	prefix	641	998000
sample	repeated	slob	raw	prefix	642	20100792
sample	repeated	slob	raw	prefix	643	19511375
sample	repeated	slob	raw	prefix	644	822250
sample	repeated	slob	raw	prefix	645	896917
sample	repeated	slob	raw	prefix	646	18933417
sample	repeated	slob	raw	prefix	647	17557583
sample	repeated	slob	raw	prefix	648	719334
sample	repeated	slob	raw	prefix	649	981500
sample	repeated	slob	raw	prefix	650	16575750
sample	repeated	slob	raw	prefix	651	18117042
sample	repeated	slob	raw	prefix	652	835542
sample	repeated	slob	raw	prefix	653	983250
sample	repeated	slob	raw	prefix	654	16905917
sample	repeated	slob	raw	prefix	655	17344000
sample	repeated	slob	raw	prefix	656	715084
sample	repeated	slob	raw	prefix	657	1376542
sample	repeated	slob	raw	prefix	658	17232375
sample	repeated	slob	raw	prefix	659	17130041
sample	repeated	slob	raw	prefix	660	1091833
sample	repeated	slob	raw	prefix	661	819167
sample	repeated	slob	raw	prefix	662	17003875
sample	repeated	slob	raw	prefix	663	18098459
sample	repeated	slob	raw	prefix	664	744125
sample	repeated	slob	raw	prefix	665	1130959
sample	repeated	slob	raw	prefix	666	18696458
sample	repeated	slob	raw	prefix	667	17398000
sample	repeated	slob	raw	prefix	668	1028209
sample	repeated	slob	raw	prefix	669	1052250
sample	repeated	slob	raw	prefix	670	16659458
sample	repeated	slob	raw	prefix	671	18006500
sample	repeated	slob	raw	prefix	672	804084
sample	repeated	slob	raw	prefix	673	1023500
sample	repeated	slob	raw	prefix	674	18238875
sample	repeated	slob	raw	prefix	675	17338250
sample	repeated	slob	raw	prefix	676	828084
sample	repeated	slob	raw	prefix	677	802958
sample	repeated	slob	raw	prefix	678	16908042
sample	repeated	slob	raw	prefix	679	17527500
sample	repeated	slob	raw	prefix	680	725791
sample	repeated	slob	raw	prefix	681	1004417
sample	repeated	slob	raw	prefix	682	17569250
sample	repeated	slob	raw	prefix	683	16591500
sample	repeated	slob	raw	prefix	684	885459
sample	repeated	slob	raw	prefix	685	904375
sample	repeated	slob	raw	prefix	686	18723916
sample	repeated	slob	raw	prefix	687	16672333
sample	repeated	slob	raw	prefix	688	713167
sample	repeated	slob	raw	prefix	689	1044000
sample	repeated	slob	raw	prefix	690	16962541
sample	repeated	slob	raw	prefix	691	16713500
sample	repeated	slob	raw	prefix	692	1719375
sample	repeated	slob	raw	prefix	693	833708
sample	repeated	slob	raw	prefix	694	17329250
sample	repeated	slob	raw	prefix	695	18326667
sample	repeated	slob	raw	prefix	696	734458
sample	repeated	slob	raw	prefix	697	997625
sample	repeated	slob	raw	prefix	698	18445125
sample	repeated	slob	raw	prefix	699	18662583
sample	repeated	slob	raw	prefix	700	835667
sample	repeated	slob	raw	prefix	701	802500
sample	repeated	slob	raw	prefix	702	17121959
sample	repeated	slob	raw	prefix	703	19591125
sample	repeated	slob	raw	prefix	704	719208
sample	repeated	slob	raw	prefix	705	987625
sample	repeated	slob	raw	prefix	706	20003041
sample	repeated	slob	raw	prefix	707	20721625
sample	repeated	slob	raw	prefix	708	962041
sample	repeated	slob	raw	prefix	709	1876875
sample	repeated	slob	raw	prefix	710	19829208
sample	repeated	slob	raw	prefix	711	18349417
sample	repeated	slob	raw	prefix	712	725209
sample	repeated	slob	raw	prefix	713	1147333
sample	repeated	slob	raw	prefix	714	17858583
sample	repeated	slob	raw	prefix	715	17518833
sample	repeated	slob	raw	prefix	716	860416
sample	repeated	slob	raw	prefix	717	889542
sample	repeated	slob	raw	prefix	718	17707500
sample	repeated	slob	raw	prefix	719	17767708
sample	repeated	slob	raw	prefix	720	717833
sample	repeated	slob	raw	prefix	721	1038833
sample	repeated	slob	raw	prefix	722	18443334
sample	repeated	slob	raw	prefix	723	18099750
sample	repeated	slob	raw	prefix	724	822875
sample	repeated	slob	raw	prefix	725	800833
sample	repeated	slob	raw	prefix	726	19676041
sample	repeated	slob	raw	prefix	727	23337625
sample	repeated	slob	raw	prefix	728	1623708
sample	repeated	slob	raw	prefix	729	1020583
sample	repeated	slob	raw	prefix	730	30296083
sample	repeated	slob	raw	prefix	731	25723375
sample	repeated	slob	raw	prefix	732	1301208
sample	repeated	slob	raw	prefix	733	817833
sample	repeated	slob	raw	prefix	734	19055791
sample	repeated	slob	raw	prefix	735	22588500
sample	repeated	slob	raw	prefix	736	743416
sample	repeated	slob	raw	prefix	737	1090791
sample	repeated	slob	raw	prefix	738	17417292
sample	repeated	slob	raw	prefix	739	17862875
sample	repeated	slob	raw	prefix	740	1509500
sample	repeated	slob	raw	prefix	741	1289959
sample	repeated	slob	raw	prefix	742	20641042
sample	repeated	slob	raw	prefix	743	17679208
sample	repeated	slob	raw	prefix	744	723292
sample	repeated	slob	raw	prefix	745	1008375
sample	repeated	slob	raw	prefix	746	20636167
sample	repeated	slob	raw	prefix	747	19835125
sample	repeated	slob	raw	prefix	748	1030750
sample	repeated	slob	raw	prefix	749	820167
sample	repeated	slob	raw	prefix	750	17643208
sample	repeated	slob	raw	prefix	751	18231209
sample	repeated	slob	raw	prefix	752	763916
sample	repeated	slob	raw	prefix	753	1267792
sample	repeated	slob	raw	prefix	754	23296917
sample	repeated	slob	raw	prefix	755	19191875
sample	repeated	slob	raw	prefix	756	1518916
sample	repeated	slob	raw	prefix	757	813833
sample	repeated	slob	raw	prefix	758	25666875
sample	repeated	slob	raw	prefix	759	17771084
sample	repeated	slob	raw	prefix	760	735125
sample	repeated	slob	raw	prefix	761	997541
sample	repeated	slob	raw	prefix	762	21397292
sample	repeated	slob	raw	prefix	763	22939250
sample	repeated	slob	raw	prefix	764	858750
sample	repeated	slob	raw	prefix	765	797958
sample	repeated	slob	raw	prefix	766	19639000
sample	repeated	slob	raw	prefix	767	17424833
sample	repeated	slob	raw	prefix	768	721750
sample	repeated	slob	raw	prefix	769	1629458
sample	repeated	slob	raw	prefix	770	22179500
sample	repeated	slob	raw	prefix	771	23099708
sample	repeated	slob	raw	prefix	772	880125
sample	repeated	slob	raw	prefix	773	930458
sample	repeated	slob	raw	prefix	774	19229250
sample	repeated	slob	raw	prefix	775	18465666
sample	repeated	slob	raw	prefix	776	785708
sample	repeated	slob	raw	prefix	777	1104792
sample	repeated	slob	raw	prefix	778	20177667
sample	repeated	slob	raw	prefix	779	17904375
sample	repeated	slob	raw	prefix	780	1088916
sample	repeated	slob	raw	prefix	781	1139625
sample	repeated	slob	raw	prefix	782	17272958
sample	repeated	slob	raw	prefix	783	19841042
sample	repeated	slob	raw	prefix	784	728333
sample	repeated	slob	raw	prefix	785	1001708
sample	repeated	slob	raw	prefix	786	22333958
sample	repeated	slob	raw	prefix	787	22802375
sample	repeated	slob	raw	prefix	788	1043542
sample	repeated	slob	raw	prefix	789	847834
sample	repeated	slob	raw	prefix	790	28401500
sample	repeated	slob	raw	prefix	791	19195333
sample	repeated	slob	raw	prefix	792	1009583
sample	repeated	slob	raw	prefix	793	992292
sample	repeated	slob	raw	prefix	794	20624083
sample	repeated	slob	raw	prefix	795	19695500
sample	repeated	slob	raw	prefix	796	905208
sample	repeated	slob	raw	prefix	797	791000
sample	repeated	slob	raw	prefix	798	19340375
sample	repeated	slob	raw	prefix	799	17408334
sample	repeated	slob	raw	prefix	800	1316667
sample	repeated	slob	raw	prefix	801	1628792
sample	repeated	slob	raw	prefix	802	20745375
sample	repeated	slob	raw	prefix	803	24435500
sample	repeated	slob	raw	prefix	804	2033583
sample	repeated	slob	raw	prefix	805	2020000
sample	repeated	slob	raw	prefix	806	21982958
sample	repeated	slob	raw	prefix	807	17847375
sample	repeated	slob	raw	prefix	808	736334
sample	repeated	slob	raw	prefix	809	1418167
sample	repeated	slob	raw	prefix	810	18011708
sample	repeated	slob	raw	prefix	811	20044500
sample	repeated	slob	raw	prefix	812	1207958
sample	repeated	slob	raw	prefix	813	2041417
sample	repeated	slob	raw	prefix	814	19615875
sample	repeated	slob	raw	prefix	815	17767875
sample	repeated	slob	raw	prefix	816	991583
sample	repeated	slob	raw	prefix	817	1002917
sample	repeated	slob	raw	prefix	818	17691542
sample	repeated	slob	raw	prefix	819	20562833
sample	repeated	slob	raw	prefix	820	851292
sample	repeated	slob	raw	prefix	821	805125
sample	repeated	slob	raw	prefix	822	17904042
sample	repeated	slob	raw	prefix	823	24053125
sample	repeated	slob	raw	prefix	824	755333
sample	repeated	slob	raw	prefix	825	1026334
sample	repeated	slob	raw	prefix	826	19126459
sample	repeated	slob	raw	prefix	827	19243917
sample	repeated	slob	raw	prefix	828	1014792
sample	repeated	slob	raw	prefix	829	1715042
sample	repeated	slob	raw	prefix	830	18724125
sample	repeated	slob	raw	prefix	831	18314000
sample	repeated	slob	raw	prefix	832	818333
sample	repeated	slob	raw	prefix	833	1037500
sample	repeated	slob	raw	prefix	834	18640042
sample	repeated	slob	raw	prefix	835	21268792
sample	repeated	slob	raw	prefix	836	924958
sample	repeated	slob	raw	prefix	837	999834
sample	repeated	slob	raw	prefix	838	18505708
sample	repeated	slob	raw	prefix	839	24122625
sample	repeated	slob	raw	prefix	840	724167
sample	repeated	slob	raw	prefix	841	1718000
sample	repeated	slob	raw	prefix	842	21234000
sample	repeated	slob	raw	prefix	843	23424666
sample	repeated	slob	raw	prefix	844	933833
sample	repeated	slob	raw	prefix	845	812375
sample	repeated	slob	raw	prefix	846	19379834
sample	repeated	slob	raw	prefix	847	21329625
sample	repeated	slob	raw	prefix	848	829667
sample	repeated	slob	raw	prefix	849	1143334
sample	repeated	slob	raw	prefix	850	19716708
sample	repeated	slob	raw	prefix	851	21381500
sample	repeated	slob	raw	prefix	852	836708
sample	repeated	slob	raw	prefix	853	929375
sample	repeated	slob	raw	prefix	854	18807125
sample	repeated	slob	raw	prefix	855	22823708
sample	repeated	slob	raw	prefix	856	770041
sample	repeated	slob	raw	prefix	857	1002209
sample	repeated	slob	raw	prefix	858	19197917
sample	repeated	slob	raw	prefix	859	20322916
sample	repeated	slob	raw	prefix	860	1202250
sample	repeated	slob	raw	prefix	861	1385625
sample	repeated	slob	raw	prefix	862	19029375
sample	repeated	slob	raw	prefix	863	21809250
sample	repeated	slob	raw	prefix	864	732916
sample	repeated	slob	raw	prefix	865	1016209
sample	repeated	slob	raw	prefix	866	18347792
sample	repeated	slob	raw	prefix	867	21246041
sample	repeated	slob	raw	prefix	868	834417
sample	repeated	slob	raw	prefix	869	801041
sample	repeated	slob	raw	prefix	870	21728084
sample	repeated	slob	raw	prefix	871	20403000
sample	repeated	slob	raw	prefix	872	1799417
sample	repeated	slob	raw	prefix	873	1099792
sample	repeated	slob	raw	prefix	874	17970958
sample	repeated	slob	raw	prefix	875	21350917
sample	repeated	slob	raw	prefix	876	906542
sample	repeated	slob	raw	prefix	877	1032584
sample	repeated	slob	raw	prefix	878	20859625
sample	repeated	slob	raw	prefix	879	35947667
sample	repeated	slob	raw	prefix	880	2259625
sample	repeated	slob	raw	prefix	881	1061667
sample	repeated	slob	raw	prefix	882	22256458
sample	repeated	slob	raw	prefix	883	20436458
sample	repeated	slob	raw	prefix	884	1146750
sample	repeated	slob	raw	prefix	885	1961709
sample	repeated	slob	raw	prefix	886	21028417
sample	repeated	slob	raw	prefix	887	19218375
sample	repeated	slob	raw	prefix	888	786959
sample	repeated	slob	raw	prefix	889	1022459
sample	repeated	slob	raw	prefix	890	19783166
sample	repeated	slob	raw	prefix	891	19690209
sample	repeated	slob	raw	prefix	892	829792
sample	repeated	slob	raw	prefix	893	801375
sample	repeated	slob	raw	prefix	894	18592375
sample	repeated	slob	raw	prefix	895	20116292
sample	repeated	slob	raw	prefix	896	1170292
sample	repeated	slob	raw	prefix	897	1642417
sample	repeated	slob	raw	prefix	898	19953417
sample	repeated	slob	raw	prefix	899	21052292
sample	repeated	slob	raw	prefix	900	2074084
sample	repeated	slob	raw	prefix	901	2135583
sample	repeated	slob	raw	prefix	902	20558042
sample	repeated	slob	raw	prefix	903	19813291
sample	repeated	slob	raw	prefix	904	717500
sample	repeated	slob	raw	prefix	905	997208
sample	repeated	slob	raw	prefix	906	20364792
sample	repeated	slob	raw	prefix	907	20859667
sample	repeated	slob	raw	prefix	908	1110709
sample	repeated	slob	raw	prefix	909	812917
sample	repeated	slob	raw	prefix	910	19639333
sample	repeated	slob	raw	prefix	911	21739041
sample	repeated	slob	raw	prefix	912	759334
sample	repeated	slob	raw	prefix	913	1015917
sample	repeated	slob	raw	prefix	914	20502000
sample	repeated	slob	raw	prefix	915	19176958
sample	repeated	slob	raw	prefix	916	838000
sample	repeated	slob	raw	prefix	917	809333
sample	repeated	slob	raw	prefix	918	23505125
sample	repeated	slob	raw	prefix	919	21479584
sample	repeated	slob	raw	prefix	920	1067375
sample	repeated	slob	raw	prefix	921	1012209
sample	repeated	slob	raw	prefix	922	21002042
sample	repeated	slob	raw	prefix	923	19078000
sample	repeated	slob	raw	prefix	924	1062292
sample	repeated	slob	raw	prefix	925	821042
sample	repeated	slob	raw	prefix	926	18950583
sample	repeated	slob	raw	prefix	927	19180292
sample	repeated	slob	raw	prefix	928	1195167
sample	repeated	slob	raw	prefix	929	1024000
sample	repeated	slob	raw	prefix	930	19673666
sample	repeated	slob	raw	prefix	931	21729083
sample	repeated	slob	raw	prefix	932	1232583
sample	repeated	slob	raw	prefix	933	1551500
sample	repeated	slob	raw	prefix	934	20098000
sample	repeated	slob	raw	prefix	935	20180875
sample	repeated	slob	raw	prefix	936	729834
sample	repeated	slob	raw	prefix	937	1119292
sample	repeated	slob	raw	prefix	938	21849542
sample	repeated	slob	raw	prefix	939	23585416
sample	repeated	slob	raw	prefix	940	944125
sample	repeated	slob	raw	prefix	941	855083
sample	repeated	slob	raw	prefix	942	18862416
sample	repeated	slob	raw	prefix	943	24914375
sample	repeated	slob	raw	prefix	944	941083
sample	repeated	slob	raw	prefix	945	990209
sample	repeated	slob	raw	prefix	946	20236667
sample	repeated	slob	raw	prefix	947	19066208
sample	repeated	slob	raw	prefix	948	827875
sample	repeated	slob	raw	prefix	949	1205792
sample	repeated	slob	raw	prefix	950	20996375
sample	repeated	slob	raw	prefix	951	21001917
sample	repeated	slob	raw	prefix	952	755584
sample	repeated	slob	raw	prefix	953	1004167
sample	repeated	slob	raw	prefix	954	19525708
sample	repeated	slob	raw	prefix	955	21435542
sample	repeated	slob	raw	prefix	956	840250
sample	repeated	slob	raw	prefix	957	807917
sample	repeated	slob	raw	prefix	958	19019958
sample	repeated	slob	raw	prefix	959	19213917
sample	repeated	slob	raw	prefix	960	1020083
sample	repeated	slob	raw	prefix	961	1168333
sample	repeated	slob	raw	prefix	962	18918084
sample	repeated	slob	raw	prefix	963	18537792
sample	repeated	slob	raw	prefix	964	936292
sample	repeated	slob	raw	prefix	965	824666
sample	repeated	slob	raw	prefix	966	18433458
sample	repeated	slob	raw	prefix	967	18972708
sample	repeated	slob	raw	prefix	968	763250
sample	repeated	slob	raw	prefix	969	1018541
sample	repeated	slob	raw	prefix	970	18963958
sample	repeated	slob	raw	prefix	971	19400292
sample	repeated	slob	raw	prefix	972	846500
sample	repeated	slob	raw	prefix	973	814125
sample	repeated	slob	raw	prefix	974	17829667
sample	repeated	slob	raw	prefix	975	21106458
sample	repeated	slob	raw	prefix	976	721333
sample	repeated	slob	raw	prefix	977	994500
sample	repeated	slob	raw	prefix	978	19515250
sample	repeated	slob	raw	prefix	979	17810250
sample	repeated	slob	raw	prefix	980	834375
sample	repeated	slob	raw	prefix	981	807667
sample	repeated	slob	raw	prefix	982	20923541
sample	repeated	slob	raw	prefix	983	17441458
sample	repeated	slob	raw	prefix	984	1058167
sample	repeated	slob	raw	prefix	985	1636000
sample	repeated	slob	raw	prefix	986	18993625
sample	repeated	slob	raw	prefix	987	20141625
sample	repeated	slob	raw	prefix	988	872417
sample	repeated	slob	raw	prefix	989	839167
sample	repeated	slob	raw	prefix	990	18499125
sample	repeated	slob	raw	prefix	991	18226166
sample	repeated	slob	raw	prefix	992	959875
sample	repeated	slob	raw	prefix	993	1018417
sample	repeated	slob	raw	prefix	994	17808208
sample	repeated	slob	raw	prefix	995	19074250
sample	repeated	slob	raw	prefix	996	847042
sample	repeated	slob	raw	prefix	997	808375
sample	repeated	slob	raw	prefix	998	17449875
sample	repeated	slob	raw	prefix	999	17892833
sample	repeated	slob	raw	render	0	112917
sample	repeated	slob	raw	render	1	60167
sample	repeated	slob	raw	render	2	61000
sample	repeated	slob	raw	render	3	58333
sample	repeated	slob	raw	render	4	57750
sample	repeated	slob	raw	render	5	57834
sample	repeated	slob	raw	render	6	55083
sample	repeated	slob	raw	render	7	49833
sample	repeated	slob	raw	render	8	41083
sample	repeated	slob	raw	render	9	54667
sample	repeated	slob	raw	render	10	93833
sample	repeated	slob	raw	render	11	59625
sample	repeated	slob	raw	render	12	56666
sample	repeated	slob	raw	render	13	54917
sample	repeated	slob	raw	render	14	201167
sample	repeated	slob	raw	render	15	106583
sample	repeated	slob	raw	render	16	125750
sample	repeated	slob	raw	render	17	167417
sample	repeated	slob	raw	render	18	72416
sample	repeated	slob	raw	render	19	118250
sample	repeated	slob	raw	render	20	59667
sample	repeated	slob	raw	render	21	55375
sample	repeated	slob	raw	render	22	50000
sample	repeated	slob	raw	render	23	86792
sample	repeated	slob	raw	render	24	98792
sample	repeated	slob	raw	render	25	58916
sample	repeated	slob	raw	render	26	62625
sample	repeated	slob	raw	render	27	62083
sample	repeated	slob	raw	render	28	57708
sample	repeated	slob	raw	render	29	50334
sample	repeated	slob	raw	render	30	43541
sample	repeated	slob	raw	render	31	67958
sample	repeated	slob	raw	render	32	60042
sample	repeated	slob	raw	render	33	56417
sample	repeated	slob	raw	render	34	54250
sample	repeated	slob	raw	render	35	54083
sample	repeated	slob	raw	render	36	53125
sample	repeated	slob	raw	render	37	48250
sample	repeated	slob	raw	render	38	38291
sample	repeated	slob	raw	render	39	54042
sample	repeated	slob	raw	render	40	53166
sample	repeated	slob	raw	render	41	54625
sample	repeated	slob	raw	render	42	53084
sample	repeated	slob	raw	render	43	52292
sample	repeated	slob	raw	render	44	51959
sample	repeated	slob	raw	render	45	44709
sample	repeated	slob	raw	render	46	47458
sample	repeated	slob	raw	render	47	94209
sample	repeated	slob	raw	render	48	58666
sample	repeated	slob	raw	render	49	55584
sample	repeated	slob	raw	render	50	54959
sample	repeated	slob	raw	render	51	54459
sample	repeated	slob	raw	render	52	49834
sample	repeated	slob	raw	render	53	38250
sample	repeated	slob	raw	render	54	53958
sample	repeated	slob	raw	render	55	57208
sample	repeated	slob	raw	render	56	53375
sample	repeated	slob	raw	render	57	53917
sample	repeated	slob	raw	render	58	53292
sample	repeated	slob	raw	render	59	48291
sample	repeated	slob	raw	render	60	42375
sample	repeated	slob	raw	render	61	48500
sample	repeated	slob	raw	render	62	120250
sample	repeated	slob	raw	render	63	70583
sample	repeated	slob	raw	render	64	57417
sample	repeated	slob	raw	render	65	56416
sample	repeated	slob	raw	render	66	54542
sample	repeated	slob	raw	render	67	90416
sample	repeated	slob	raw	render	68	40333
sample	repeated	slob	raw	render	69	56125
sample	repeated	slob	raw	render	70	76333
sample	repeated	slob	raw	render	71	140292
sample	repeated	slob	raw	render	72	228917
sample	repeated	slob	raw	render	73	276708
sample	repeated	slob	raw	render	74	119250
sample	repeated	slob	raw	render	75	46000
sample	repeated	slob	raw	render	76	51458
sample	repeated	slob	raw	render	77	55167
sample	repeated	slob	raw	render	78	53750
sample	repeated	slob	raw	render	79	54250
sample	repeated	slob	raw	render	80	53500
sample	repeated	slob	raw	render	81	53667
sample	repeated	slob	raw	render	82	48625
sample	repeated	slob	raw	render	83	36917
sample	repeated	slob	raw	render	84	53500
sample	repeated	slob	raw	render	85	54292
sample	repeated	slob	raw	render	86	54041
sample	repeated	slob	raw	render	87	53583
sample	repeated	slob	raw	render	88	53500
sample	repeated	slob	raw	render	89	48625
sample	repeated	slob	raw	render	90	42667
sample	repeated	slob	raw	render	91	48375
sample	repeated	slob	raw	render	92	54083
sample	repeated	slob	raw	render	93	54666
sample	repeated	slob	raw	render	94	54584
sample	repeated	slob	raw	render	95	54333
sample	repeated	slob	raw	render	96	53750
sample	repeated	slob	raw	render	97	48625
sample	repeated	slob	raw	render	98	36208
sample	repeated	slob	raw	render	99	53708
sample	repeated	slob	raw	render	100	53250
sample	repeated	slob	raw	render	101	53750
sample	repeated	slob	raw	render	102	53333
sample	repeated	slob	raw	render	103	53250
sample	repeated	slob	raw	render	104	48959
sample	repeated	slob	raw	render	105	43000
sample	repeated	slob	raw	render	106	48209
sample	repeated	slob	raw	render	107	53959
sample	repeated	slob	raw	render	108	53291
sample	repeated	slob	raw	render	109	54250
sample	repeated	slob	raw	render	110	53333
sample	repeated	slob	raw	render	111	53125
sample	repeated	slob	raw	render	112	48584
sample	repeated	slob	raw	render	113	36833
sample	repeated	slob	raw	render	114	53834
sample	repeated	slob	raw	render	115	53709
sample	repeated	slob	raw	render	116	54458
sample	repeated	slob	raw	render	117	55125
sample	repeated	slob	raw	render	118	54125
sample	repeated	slob	raw	render	119	48666
sample	repeated	slob	raw	render	120	43334
sample	repeated	slob	raw	render	121	50500
sample	repeated	slob	raw	render	122	55083
sample	repeated	slob	raw	render	123	53709
sample	repeated	slob	raw	render	124	53875
sample	repeated	slob	raw	render	125	53792
sample	repeated	slob	raw	render	126	53250
sample	repeated	slob	raw	render	127	48542
sample	repeated	slob	raw	render	128	37584
sample	repeated	slob	raw	render	129	55792
sample	repeated	slob	raw	render	130	53750
sample	repeated	slob	raw	render	131	60083
sample	repeated	slob	raw	render	132	54250
sample	repeated	slob	raw	render	133	54708
sample	repeated	slob	raw	render	134	50083
sample	repeated	slob	raw	render	135	42625
sample	repeated	slob	raw	render	136	49042
sample	repeated	slob	raw	render	137	54292
sample	repeated	slob	raw	render	138	54333
sample	repeated	slob	raw	render	139	53875
sample	repeated	slob	raw	render	140	54417
sample	repeated	slob	raw	render	141	84375
sample	repeated	slob	raw	render	142	113000
sample	repeated	slob	raw	render	143	113458
sample	repeated	slob	raw	render	144	251125
sample	repeated	slob	raw	render	145	75792
sample	repeated	slob	raw	render	146	56750
sample	repeated	slob	raw	render	147	57708
sample	repeated	slob	raw	render	148	54750
sample	repeated	slob	raw	render	149	49042
sample	repeated	slob	raw	render	150	42792
sample	repeated	slob	raw	render	151	48167
sample	repeated	slob	raw	render	152	53208
sample	repeated	slob	raw	render	153	53375
sample	repeated	slob	raw	render	154	52917
sample	repeated	slob	raw	render	155	52958
sample	repeated	slob	raw	render	156	52916
sample	repeated	slob	raw	render	157	48458
sample	repeated	slob	raw	render	158	36959
sample	repeated	slob	raw	render	159	52750
sample	repeated	slob	raw	render	160	60250
sample	repeated	slob	raw	render	161	54292
sample	repeated	slob	raw	render	162	52917
sample	repeated	slob	raw	render	163	52416
sample	repeated	slob	raw	render	164	47833
sample	repeated	slob	raw	render	165	42500
sample	repeated	slob	raw	render	166	48791
sample	repeated	slob	raw	render	167	53375
sample	repeated	slob	raw	render	168	53542
sample	repeated	slob	raw	render	169	54250
sample	repeated	slob	raw	render	170	53291
sample	repeated	slob	raw	render	171	111125
sample	repeated	slob	raw	render	172	50334
sample	repeated	slob	raw	render	173	39167
sample	repeated	slob	raw	render	174	119542
sample	repeated	slob	raw	render	175	87708
sample	repeated	slob	raw	render	176	58542
sample	repeated	slob	raw	render	177	57042
sample	repeated	slob	raw	render	178	54958
sample	repeated	slob	raw	render	179	49084
sample	repeated	slob	raw	render	180	43750
sample	repeated	slob	raw	render	181	49042
sample	repeated	slob	raw	render	182	54250
sample	repeated	slob	raw	render	183	54041
sample	repeated	slob	raw	render	184	54292
sample	repeated	slob	raw	render	185	54667
sample	repeated	slob	raw	render	186	53791
sample	repeated	slob	raw	render	187	49250
sample	repeated	slob	raw	render	188	40125
sample	repeated	slob	raw	render	189	87125
sample	repeated	slob	raw	render	190	55333
sample	repeated	slob	raw	render	191	54000
sample	repeated	slob	raw	render	192	54167
sample	repeated	slob	raw	render	193	53667
sample	repeated	slob	raw	render	194	48333
sample	repeated	slob	raw	render	195	43000
sample	repeated	slob	raw	render	196	48542
sample	repeated	slob	raw	render	197	54833
sample	repeated	slob	raw	render	198	53542
sample	repeated	slob	raw	render	199	54375
sample	repeated	slob	raw	render	200	54250
sample	repeated	slob	raw	render	201	55958
sample	repeated	slob	raw	render	202	48583
sample	repeated	slob	raw	render	203	38542
sample	repeated	slob	raw	render	204	54166
sample	repeated	slob	raw	render	205	54417
sample	repeated	slob	raw	render	206	53667
sample	repeated	slob	raw	render	207	62333
sample	repeated	slob	raw	render	208	53416
sample	repeated	slob	raw	render	209	48875
sample	repeated	slob	raw	render	210	42625
sample	repeated	slob	raw	render	211	47500
sample	repeated	slob	raw	render	212	53500
sample	repeated	slob	raw	render	213	53708
sample	repeated	slob	raw	render	214	53542
sample	repeated	slob	raw	render	215	79333
sample	repeated	slob	raw	render	216	68791
sample	repeated	slob	raw	render	217	53000
sample	repeated	slob	raw	render	218	39958
sample	repeated	slob	raw	render	219	55500
sample	repeated	slob	raw	render	220	54292
sample	repeated	slob	raw	render	221	53916
sample	repeated	slob	raw	render	222	53917
sample	repeated	slob	raw	render	223	54083
sample	repeated	slob	raw	render	224	48458
sample	repeated	slob	raw	render	225	43292
sample	repeated	slob	raw	render	226	50833
sample	repeated	slob	raw	render	227	55000
sample	repeated	slob	raw	render	228	53250
sample	repeated	slob	raw	render	229	54042
sample	repeated	slob	raw	render	230	53708
sample	repeated	slob	raw	render	231	52584
sample	repeated	slob	raw	render	232	48500
sample	repeated	slob	raw	render	233	37416
sample	repeated	slob	raw	render	234	53791
sample	repeated	slob	raw	render	235	53709
sample	repeated	slob	raw	render	236	53709
sample	repeated	slob	raw	render	237	53125
sample	repeated	slob	raw	render	238	53750
sample	repeated	slob	raw	render	239	48167
sample	repeated	slob	raw	render	240	42708
sample	repeated	slob	raw	render	241	48291
sample	repeated	slob	raw	render	242	53625
sample	repeated	slob	raw	render	243	52833
sample	repeated	slob	raw	render	244	53583
sample	repeated	slob	raw	render	245	53833
sample	repeated	slob	raw	render	246	52375
sample	repeated	slob	raw	render	247	48041
sample	repeated	slob	raw	render	248	36875
sample	repeated	slob	raw	render	249	54083
sample	repeated	slob	raw	render	250	53166
sample	repeated	slob	raw	render	251	52917
sample	repeated	slob	raw	render	252	54083
sample	repeated	slob	raw	render	253	53041
sample	repeated	slob	raw	render	254	47875
sample	repeated	slob	raw	render	255	43042
sample	repeated	slob	raw	render	256	47792
sample	repeated	slob	raw	render	257	53709
sample	repeated	slob	raw	render	258	52917
sample	repeated	slob	raw	render	259	53417
sample	repeated	slob	raw	render	260	53500
sample	repeated	slob	raw	render	261	53208
sample	repeated	slob	raw	render	262	47958
sample	repeated	slob	raw	render	263	36125
sample	repeated	slob	raw	render	264	53334
sample	repeated	slob	raw	render	265	53667
sample	repeated	slob	raw	render	266	53542
sample	repeated	slob	raw	render	267	53333
sample	repeated	slob	raw	render	268	58042
sample	repeated	slob	raw	render	269	53416
sample	repeated	slob	raw	render	270	47834
sample	repeated	slob	raw	render	271	47583
sample	repeated	slob	raw	render	272	53875
sample	repeated	slob	raw	render	273	54042
sample	repeated	slob	raw	render	274	53042
sample	repeated	slob	raw	render	275	53792
sample	repeated	slob	raw	render	276	52500
sample	repeated	slob	raw	render	277	49042
sample	repeated	slob	raw	render	278	37458
sample	repeated	slob	raw	render	279	54834
sample	repeated	slob	raw	render	280	53375
sample	repeated	slob	raw	render	281	53791
sample	repeated	slob	raw	render	282	53125
sample	repeated	slob	raw	render	283	52958
sample	repeated	slob	raw	render	284	53041
sample	repeated	slob	raw	render	285	101208
sample	repeated	slob	raw	render	286	144542
sample	repeated	slob	raw	render	287	72125
sample	repeated	slob	raw	render	288	55375
sample	repeated	slob	raw	render	289	54625
sample	repeated	slob	raw	render	290	54917
sample	repeated	slob	raw	render	291	53167
sample	repeated	slob	raw	render	292	48208
sample	repeated	slob	raw	render	293	37167
sample	repeated	slob	raw	render	294	52875
sample	repeated	slob	raw	render	295	52958
sample	repeated	slob	raw	render	296	53208
sample	repeated	slob	raw	render	297	53083
sample	repeated	slob	raw	render	298	52625
sample	repeated	slob	raw	render	299	53250
sample	repeated	slob	raw	render	300	47459
sample	repeated	slob	raw	render	301	47667
sample	repeated	slob	raw	render	302	52625
sample	repeated	slob	raw	render	303	52875
sample	repeated	slob	raw	render	304	52167
sample	repeated	slob	raw	render	305	54375
sample	repeated	slob	raw	render	306	51959
sample	repeated	slob	raw	render	307	47167
sample	repeated	slob	raw	render	308	36333
sample	repeated	slob	raw	render	309	52458
sample	repeated	slob	raw	render	310	52458
sample	repeated	slob	raw	render	311	52584
sample	repeated	slob	raw	render	312	52917
sample	repeated	slob	raw	render	313	52708
sample	repeated	slob	raw	render	314	51958
sample	repeated	slob	raw	render	315	47708
sample	repeated	slob	raw	render	316	47333
sample	repeated	slob	raw	render	317	56334
sample	repeated	slob	raw	render	318	52792
sample	repeated	slob	raw	render	319	52709
sample	repeated	slob	raw	render	320	52667
sample	repeated	slob	raw	render	321	52417
sample	repeated	slob	raw	render	322	47417
sample	repeated	slob	raw	render	323	35583
sample	repeated	slob	raw	render	324	52209
sample	repeated	slob	raw	render	325	52917
sample	repeated	slob	raw	render	326	52458
sample	repeated	slob	raw	render	327	52709
sample	repeated	slob	raw	render	328	52083
sample	repeated	slob	raw	render	329	51500
sample	repeated	slob	raw	render	330	47541
sample	repeated	slob	raw	render	331	47750
sample	repeated	slob	raw	render	332	51292
sample	repeated	slob	raw	render	333	52750
sample	repeated	slob	raw	render	334	52791
sample	repeated	slob	raw	render	335	52125
sample	repeated	slob	raw	render	336	51709
sample	repeated	slob	raw	render	337	47583
sample	repeated	slob	raw	render	338	35834
sample	repeated	slob	raw	render	339	51708
sample	repeated	slob	raw	render	340	52417
sample	repeated	slob	raw	render	341	52583
sample	repeated	slob	raw	render	342	52417
sample	repeated	slob	raw	render	343	52125
sample	repeated	slob	raw	render	344	53625
sample	repeated	slob	raw	render	345	47833
sample	repeated	slob	raw	render	346	47459
sample	repeated	slob	raw	render	347	51625
sample	repeated	slob	raw	render	348	53125
sample	repeated	slob	raw	render	349	52750
sample	repeated	slob	raw	render	350	52459
sample	repeated	slob	raw	render	351	52333
sample	repeated	slob	raw	render	352	47583
sample	repeated	slob	raw	render	353	37250
sample	repeated	slob	raw	render	354	54417
sample	repeated	slob	raw	render	355	53000
sample	repeated	slob	raw	render	356	53084
sample	repeated	slob	raw	render	357	56042
sample	repeated	slob	raw	render	358	52958
sample	repeated	slob	raw	render	359	52167
sample	repeated	slob	raw	render	360	47250
sample	repeated	slob	raw	render	361	47542
sample	repeated	slob	raw	render	362	51500
sample	repeated	slob	raw	render	363	52916
sample	repeated	slob	raw	render	364	52375
sample	repeated	slob	raw	render	365	53041
sample	repeated	slob	raw	render	366	52375
sample	repeated	slob	raw	render	367	47292
sample	repeated	slob	raw	render	368	35333
sample	repeated	slob	raw	render	369	52292
sample	repeated	slob	raw	render	370	52333
sample	repeated	slob	raw	render	371	52875
sample	repeated	slob	raw	render	372	61500
sample	repeated	slob	raw	render	373	51917
sample	repeated	slob	raw	render	374	51709
sample	repeated	slob	raw	render	375	49583
sample	repeated	slob	raw	render	376	47375
sample	repeated	slob	raw	render	377	51708
sample	repeated	slob	raw	render	378	52583
sample	repeated	slob	raw	render	379	52959
sample	repeated	slob	raw	render	380	52375
sample	repeated	slob	raw	render	381	53000
sample	repeated	slob	raw	render	382	47458
sample	repeated	slob	raw	render	383	36000
sample	repeated	slob	raw	render	384	53625
sample	repeated	slob	raw	render	385	53250
sample	repeated	slob	raw	render	386	52792
sample	repeated	slob	raw	render	387	52917
sample	repeated	slob	raw	render	388	52416
sample	repeated	slob	raw	render	389	52875
sample	repeated	slob	raw	render	390	47542
sample	repeated	slob	raw	render	391	47666
sample	repeated	slob	raw	render	392	51959
sample	repeated	slob	raw	render	393	52792
sample	repeated	slob	raw	render	394	52625
sample	repeated	slob	raw	render	395	52625
sample	repeated	slob	raw	render	396	52209
sample	repeated	slob	raw	render	397	47375
sample	repeated	slob	raw	render	398	35500
sample	repeated	slob	raw	render	399	52250
sample	repeated	slob	raw	render	400	52625
sample	repeated	slob	raw	render	401	52959
sample	repeated	slob	raw	render	402	52542
sample	repeated	slob	raw	render	403	52416
sample	repeated	slob	raw	render	404	52042
sample	repeated	slob	raw	render	405	76625
sample	repeated	slob	raw	render	406	58208
sample	repeated	slob	raw	render	407	56625
sample	repeated	slob	raw	render	408	55458
sample	repeated	slob	raw	render	409	104583
sample	repeated	slob	raw	render	410	57417
sample	repeated	slob	raw	render	411	53417
sample	repeated	slob	raw	render	412	48625
sample	repeated	slob	raw	render	413	38042
sample	repeated	slob	raw	render	414	53250
sample	repeated	slob	raw	render	415	53583
sample	repeated	slob	raw	render	416	53916
sample	repeated	slob	raw	render	417	54833
sample	repeated	slob	raw	render	418	52917
sample	repeated	slob	raw	render	419	52708
sample	repeated	slob	raw	render	420	47958
sample	repeated	slob	raw	render	421	47750
sample	repeated	slob	raw	render	422	52875
sample	repeated	slob	raw	render	423	53291
sample	repeated	slob	raw	render	424	53583
sample	repeated	slob	raw	render	425	53583
sample	repeated	slob	raw	render	426	52625
sample	repeated	slob	raw	render	427	47958
sample	repeated	slob	raw	render	428	39250
sample	repeated	slob	raw	render	429	53416
sample	repeated	slob	raw	render	430	52875
sample	repeated	slob	raw	render	431	52750
sample	repeated	slob	raw	render	432	52667
sample	repeated	slob	raw	render	433	52708
sample	repeated	slob	raw	render	434	52250
sample	repeated	slob	raw	render	435	47417
sample	repeated	slob	raw	render	436	48041
sample	repeated	slob	raw	render	437	52583
sample	repeated	slob	raw	render	438	52750
sample	repeated	slob	raw	render	439	52917
sample	repeated	slob	raw	render	440	52333
sample	repeated	slob	raw	render	441	51750
sample	repeated	slob	raw	render	442	47625
sample	repeated	slob	raw	render	443	35500
sample	repeated	slob	raw	render	444	52000
sample	repeated	slob	raw	render	445	52625
sample	repeated	slob	raw	render	446	52625
sample	repeated	slob	raw	render	447	53083
sample	repeated	slob	raw	render	448	53208
sample	repeated	slob	raw	render	449	51958
sample	repeated	slob	raw	render	450	47708
sample	repeated	slob	raw	render	451	47916
sample	repeated	slob	raw	render	452	52500
sample	repeated	slob	raw	render	453	208375
sample	repeated	slob	raw	render	454	68666
sample	repeated	slob	raw	render	455	55750
sample	repeated	slob	raw	render	456	53833
sample	repeated	slob	raw	render	457	49791
sample	repeated	slob	raw	render	458	37334
sample	repeated	slob	raw	render	459	54042
sample	repeated	slob	raw	render	460	53833
sample	repeated	slob	raw	render	461	53125
sample	repeated	slob	raw	render	462	53291
sample	repeated	slob	raw	render	463	54667
sample	repeated	slob	raw	render	464	53709
sample	repeated	slob	raw	render	465	48375
sample	repeated	slob	raw	render	466	48000
sample	repeated	slob	raw	render	467	53291
sample	repeated	slob	raw	render	468	53291
sample	repeated	slob	raw	render	469	53459
sample	repeated	slob	raw	render	470	52625
sample	repeated	slob	raw	render	471	52333
sample	repeated	slob	raw	render	472	47792
sample	repeated	slob	raw	render	473	36417
sample	repeated	slob	raw	render	474	54083
sample	repeated	slob	raw	render	475	53417
sample	repeated	slob	raw	render	476	53042
sample	repeated	slob	raw	render	477	52875
sample	repeated	slob	raw	render	478	52917
sample	repeated	slob	raw	render	479	52375
sample	repeated	slob	raw	render	480	51333
sample	repeated	slob	raw	render	481	50750
sample	repeated	slob	raw	render	482	60583
sample	repeated	slob	raw	render	483	52875
sample	repeated	slob	raw	render	484	56708
sample	repeated	slob	raw	render	485	53500
sample	repeated	slob	raw	render	486	55708
sample	repeated	slob	raw	render	487	51625
sample	repeated	slob	raw	render	488	36208
sample	repeated	slob	raw	render	489	53125
sample	repeated	slob	raw	render	490	52916
sample	repeated	slob	raw	render	491	53083
sample	repeated	slob	raw	render	492	53167
sample	repeated	slob	raw	render	493	52542
sample	repeated	slob	raw	render	494	55542
sample	repeated	slob	raw	render	495	47625
sample	repeated	slob	raw	render	496	47333
sample	repeated	slob	raw	render	497	53375
sample	repeated	slob	raw	render	498	53000
sample	repeated	slob	raw	render	499	52666
sample	repeated	slob	raw	render	500	53166
sample	repeated	slob	raw	render	501	52792
sample	repeated	slob	raw	render	502	47791
sample	repeated	slob	raw	render	503	36167
sample	repeated	slob	raw	render	504	53167
sample	repeated	slob	raw	render	505	56166
sample	repeated	slob	raw	render	506	52959
sample	repeated	slob	raw	render	507	53541
sample	repeated	slob	raw	render	508	52666
sample	repeated	slob	raw	render	509	52459
sample	repeated	slob	raw	render	510	48500
sample	repeated	slob	raw	render	511	47583
sample	repeated	slob	raw	render	512	52916
sample	repeated	slob	raw	render	513	53250
sample	repeated	slob	raw	render	514	52875
sample	repeated	slob	raw	render	515	53500
sample	repeated	slob	raw	render	516	52666
sample	repeated	slob	raw	render	517	48125
sample	repeated	slob	raw	render	518	36083
sample	repeated	slob	raw	render	519	52375
sample	repeated	slob	raw	render	520	105458
sample	repeated	slob	raw	render	521	62500
sample	repeated	slob	raw	render	522	53666
sample	repeated	slob	raw	render	523	52833
sample	repeated	slob	raw	render	524	53542
sample	repeated	slob	raw	render	525	48292
sample	repeated	slob	raw	render	526	175500
sample	repeated	slob	raw	render	527	260750
sample	repeated	slob	raw	render	528	98750
sample	repeated	slob	raw	render	529	59333
sample	repeated	slob	raw	render	530	56333
sample	repeated	slob	raw	render	531	53292
sample	repeated	slob	raw	render	532	48958
sample	repeated	slob	raw	render	533	37750
sample	repeated	slob	raw	render	534	57041
sample	repeated	slob	raw	render	535	53583
sample	repeated	slob	raw	render	536	53042
sample	repeated	slob	raw	render	537	53209
sample	repeated	slob	raw	render	538	53000
sample	repeated	slob	raw	render	539	54708
sample	repeated	slob	raw	render	540	47542
sample	repeated	slob	raw	render	541	47833
sample	repeated	slob	raw	render	542	57000
sample	repeated	slob	raw	render	543	53584
sample	repeated	slob	raw	render	544	52167
sample	repeated	slob	raw	render	545	52750
sample	repeated	slob	raw	render	546	52166
sample	repeated	slob	raw	render	547	47541
sample	repeated	slob	raw	render	548	35500
sample	repeated	slob	raw	render	549	52084
sample	repeated	slob	raw	render	550	53459
sample	repeated	slob	raw	render	551	52958
sample	repeated	slob	raw	render	552	52708
sample	repeated	slob	raw	render	553	51792
sample	repeated	slob	raw	render	554	51625
sample	repeated	slob	raw	render	555	47292
sample	repeated	slob	raw	render	556	47000
sample	repeated	slob	raw	render	557	52166
sample	repeated	slob	raw	render	558	52458
sample	repeated	slob	raw	render	559	52416
sample	repeated	slob	raw	render	560	52416
sample	repeated	slob	raw	render	561	51875
sample	repeated	slob	raw	render	562	47291
sample	repeated	slob	raw	render	563	36083
sample	repeated	slob	raw	render	564	52708
sample	repeated	slob	raw	render	565	54333
sample	repeated	slob	raw	render	566	52583
sample	repeated	slob	raw	render	567	53167
sample	repeated	slob	raw	render	568	52792
sample	repeated	slob	raw	render	569	52083
sample	repeated	slob	raw	render	570	47250
sample	repeated	slob	raw	render	571	47583
sample	repeated	slob	raw	render	572	52084
sample	repeated	slob	raw	render	573	52833
sample	repeated	slob	raw	render	574	150833
sample	repeated	slob	raw	render	575	191458
sample	repeated	slob	raw	render	576	79875
sample	repeated	slob	raw	render	577	52292
sample	repeated	slob	raw	render	578	39708
sample	repeated	slob	raw	render	579	56125
sample	repeated	slob	raw	render	580	53750
sample	repeated	slob	raw	render	581	53333
sample	repeated	slob	raw	render	582	53291
sample	repeated	slob	raw	render	583	52666
sample	repeated	slob	raw	render	584	53833
sample	repeated	slob	raw	render	585	48667
sample	repeated	slob	raw	render	586	47417
sample	repeated	slob	raw	render	587	52375
sample	repeated	slob	raw	render	588	53000
sample	repeated	slob	raw	render	589	53000
sample	repeated	slob	raw	render	590	53250
sample	repeated	slob	raw	render	591	53083
sample	repeated	slob	raw	render	592	48042
sample	repeated	slob	raw	render	593	36500
sample	repeated	slob	raw	render	594	53667
sample	repeated	slob	raw	render	595	53875
sample	repeated	slob	raw	render	596	53083
sample	repeated	slob	raw	render	597	55458
sample	repeated	slob	raw	render	598	53541
sample	repeated	slob	raw	render	599	52750
sample	repeated	slob	raw	render	600	48209
sample	repeated	slob	raw	render	601	48375
sample	repeated	slob	raw	render	602	52458
sample	repeated	slob	raw	render	603	53958
sample	repeated	slob	raw	render	604	53750
sample	repeated	slob	raw	render	605	243208
sample	repeated	slob	raw	render	606	81875
sample	repeated	slob	raw	render	607	61209
sample	repeated	slob	raw	render	608	37666
sample	repeated	slob	raw	render	609	54000
sample	repeated	slob	raw	render	610	54042
sample	repeated	slob	raw	render	611	58833
sample	repeated	slob	raw	render	612	53166
sample	repeated	slob	raw	render	613	53125
sample	repeated	slob	raw	render	614	53042
sample	repeated	slob	raw	render	615	47917
sample	repeated	slob	raw	render	616	47541
sample	repeated	slob	raw	render	617	52625
sample	repeated	slob	raw	render	618	53209
sample	repeated	slob	raw	render	619	53167
sample	repeated	slob	raw	render	620	56459
sample	repeated	slob	raw	render	621	54041
sample	repeated	slob	raw	render	622	48125
sample	repeated	slob	raw	render	623	36250
sample	repeated	slob	raw	render	624	52417
sample	repeated	slob	raw	render	625	92833
sample	repeated	slob	raw	render	626	74667
sample	repeated	slob	raw	render	627	56042
sample	repeated	slob	raw	render	628	53917
sample	repeated	slob	raw	render	629	121791
sample	repeated	slob	raw	render	630	62583
sample	repeated	slob	raw	render	631	48667
sample	repeated	slob	raw	render	632	52417
sample	repeated	slob	raw	render	633	53458
sample	repeated	slob	raw	render	634	53416
sample	repeated	slob	raw	render	635	56917
sample	repeated	slob	raw	render	636	55666
sample	repeated	slob	raw	render	637	48291
sample	repeated	slob	raw	render	638	40042
sample	repeated	slob	raw	render	639	52958
sample	repeated	slob	raw	render	640	52708
sample	repeated	slob	raw	render	641	52958
sample	repeated	slob	raw	render	642	53792
sample	repeated	slob	raw	render	643	52667
sample	repeated	slob	raw	render	644	53625
sample	repeated	slob	raw	render	645	48083
sample	repeated	slob	raw	render	646	47875
sample	repeated	slob	raw	render	647	52375
sample	repeated	slob	raw	render	648	52958
sample	repeated	slob	raw	render	649	53167
sample	repeated	slob	raw	render	650	52917
sample	repeated	slob	raw	render	651	52500
sample	repeated	slob	raw	render	652	47625
sample	repeated	slob	raw	render	653	36041
sample	repeated	slob	raw	render	654	52958
sample	repeated	slob	raw	render	655	52791
sample	repeated	slob	raw	render	656	53042
sample	repeated	slob	raw	render	657	53500
sample	repeated	slob	raw	render	658	55916
sample	repeated	slob	raw	render	659	52750
sample	repeated	slob	raw	render	660	47708
sample	repeated	slob	raw	render	661	47541
sample	repeated	slob	raw	render	662	51916
sample	repeated	slob	raw	render	663	52125
sample	repeated	slob	raw	render	664	55167
sample	repeated	slob	raw	render	665	53250
sample	repeated	slob	raw	render	666	61709
sample	repeated	slob	raw	render	667	47417
sample	repeated	slob	raw	render	668	35625
sample	repeated	slob	raw	render	669	53584
sample	repeated	slob	raw	render	670	53291
sample	repeated	slob	raw	render	671	53292
sample	repeated	slob	raw	render	672	53250
sample	repeated	slob	raw	render	673	53334
sample	repeated	slob	raw	render	674	52500
sample	repeated	slob	raw	render	675	47875
sample	repeated	slob	raw	render	676	116542
sample	repeated	slob	raw	render	677	229208
sample	repeated	slob	raw	render	678	161792
sample	repeated	slob	raw	render	679	144250
sample	repeated	slob	raw	render	680	130792
sample	repeated	slob	raw	render	681	128292
sample	repeated	slob	raw	render	682	55208
sample	repeated	slob	raw	render	683	37708
sample	repeated	slob	raw	render	684	54625
sample	repeated	slob	raw	render	685	54459
sample	repeated	slob	raw	render	686	52958
sample	repeated	slob	raw	render	687	53917
sample	repeated	slob	raw	render	688	52708
sample	repeated	slob	raw	render	689	52375
sample	repeated	slob	raw	render	690	47583
sample	repeated	slob	raw	render	691	47375
sample	repeated	slob	raw	render	692	51791
sample	repeated	slob	raw	render	693	52625
sample	repeated	slob	raw	render	694	52500
sample	repeated	slob	raw	render	695	52959
sample	repeated	slob	raw	render	696	52709
sample	repeated	slob	raw	render	697	47875
sample	repeated	slob	raw	render	698	35583
sample	repeated	slob	raw	render	699	52916
sample	repeated	slob	raw	render	700	53791
sample	repeated	slob	raw	render	701	53083
sample	repeated	slob	raw	render	702	52833
sample	repeated	slob	raw	render	703	53125
sample	repeated	slob	raw	render	704	52292
sample	repeated	slob	raw	render	705	48042
sample	repeated	slob	raw	render	706	47542
sample	repeated	slob	raw	render	707	52375
sample	repeated	slob	raw	render	708	53166
sample	repeated	slob	raw	render	709	52792
sample	repeated	slob	raw	render	710	52459
sample	repeated	slob	raw	render	711	52583
sample	repeated	slob	raw	render	712	47917
sample	repeated	slob	raw	render	713	35959
sample	repeated	slob	raw	render	714	52542
sample	repeated	slob	raw	render	715	52750
sample	repeated	slob	raw	render	716	52584
sample	repeated	slob	raw	render	717	53209
sample	repeated	slob	raw	render	718	52208
sample	repeated	slob	raw	render	719	52125
sample	repeated	slob	raw	render	720	47708
sample	repeated	slob	raw	render	721	47625
sample	repeated	slob	raw	render	722	52542
sample	repeated	slob	raw	render	723	52458
sample	repeated	slob	raw	render	724	52625
sample	repeated	slob	raw	render	725	53083
sample	repeated	slob	raw	render	726	52875
sample	repeated	slob	raw	render	727	48250
sample	repeated	slob	raw	render	728	36209
sample	repeated	slob	raw	render	729	53250
sample	repeated	slob	raw	render	730	53292
sample	repeated	slob	raw	render	731	52750
sample	repeated	slob	raw	render	732	53042
sample	repeated	slob	raw	render	733	86000
sample	repeated	slob	raw	render	734	59792
sample	repeated	slob	raw	render	735	190708
sample	repeated	slob	raw	render	736	55791
sample	repeated	slob	raw	render	737	55750
sample	repeated	slob	raw	render	738	55458
sample	repeated	slob	raw	render	739	53917
sample	repeated	slob	raw	render	740	53625
sample	repeated	slob	raw	render	741	53000
sample	repeated	slob	raw	render	742	48125
sample	repeated	slob	raw	render	743	36708
sample	repeated	slob	raw	render	744	52834
sample	repeated	slob	raw	render	745	53916
sample	repeated	slob	raw	render	746	53167
sample	repeated	slob	raw	render	747	53417
sample	repeated	slob	raw	render	748	52458
sample	repeated	slob	raw	render	749	53292
sample	repeated	slob	raw	render	750	48208
sample	repeated	slob	raw	render	751	48166
sample	repeated	slob	raw	render	752	53750
sample	repeated	slob	raw	render	753	53833
sample	repeated	slob	raw	render	754	53417
sample	repeated	slob	raw	render	755	59625
sample	repeated	slob	raw	render	756	52666
sample	repeated	slob	raw	render	757	215166
sample	repeated	slob	raw	render	758	102834
sample	repeated	slob	raw	render	759	113833
sample	repeated	slob	raw	render	760	62292
sample	repeated	slob	raw	render	761	54167
sample	repeated	slob	raw	render	762	53416
sample	repeated	slob	raw	render	763	53250
sample	repeated	slob	raw	render	764	53083
sample	repeated	slob	raw	render	765	48667
sample	repeated	slob	raw	render	766	47625
sample	repeated	slob	raw	render	767	53041
sample	repeated	slob	raw	render	768	52667
sample	repeated	slob	raw	render	769	53167
sample	repeated	slob	raw	render	770	53334
sample	repeated	slob	raw	render	771	52375
sample	repeated	slob	raw	render	772	48041
sample	repeated	slob	raw	render	773	88750
sample	repeated	slob	raw	render	774	55750
sample	repeated	slob	raw	render	775	77791
sample	repeated	slob	raw	render	776	58792
sample	repeated	slob	raw	render	777	55667
sample	repeated	slob	raw	render	778	54500
sample	repeated	slob	raw	render	779	55584
sample	repeated	slob	raw	render	780	49791
sample	repeated	slob	raw	render	781	49500
sample	repeated	slob	raw	render	782	53917
sample	repeated	slob	raw	render	783	54542
sample	repeated	slob	raw	render	784	54000
sample	repeated	slob	raw	render	785	54750
sample	repeated	slob	raw	render	786	53375
sample	repeated	slob	raw	render	787	49125
sample	repeated	slob	raw	render	788	37667
sample	repeated	slob	raw	render	789	54125
sample	repeated	slob	raw	render	790	53834
sample	repeated	slob	raw	render	791	53792
sample	repeated	slob	raw	render	792	54167
sample	repeated	slob	raw	render	793	54250
sample	repeated	slob	raw	render	794	53625
sample	repeated	slob	raw	render	795	48625
sample	repeated	slob	raw	render	796	48834
sample	repeated	slob	raw	render	797	53750
sample	repeated	slob	raw	render	798	54333
sample	repeated	slob	raw	render	799	53750
sample	repeated	slob	raw	render	800	53583
sample	repeated	slob	raw	render	801	54083
sample	repeated	slob	raw	render	802	49125
sample	repeated	slob	raw	render	803	37583
sample	repeated	slob	raw	render	804	53834
sample	repeated	slob	raw	render	805	55459
sample	repeated	slob	raw	render	806	54292
sample	repeated	slob	raw	render	807	54542
sample	repeated	slob	raw	render	808	54083
sample	repeated	slob	raw	render	809	53250
sample	repeated	slob	raw	render	810	48625
sample	repeated	slob	raw	render	811	48459
sample	repeated	slob	raw	render	812	52916
sample	repeated	slob	raw	render	813	53833
sample	repeated	slob	raw	render	814	53375
sample	repeated	slob	raw	render	815	54208
sample	repeated	slob	raw	render	816	53208
sample	repeated	slob	raw	render	817	48959
sample	repeated	slob	raw	render	818	36333
sample	repeated	slob	raw	render	819	53209
sample	repeated	slob	raw	render	820	53208
sample	repeated	slob	raw	render	821	53500
sample	repeated	slob	raw	render	822	54167
sample	repeated	slob	raw	render	823	53708
sample	repeated	slob	raw	render	824	53292
sample	repeated	slob	raw	render	825	48542
sample	repeated	slob	raw	render	826	183084
sample	repeated	slob	raw	render	827	93875
sample	repeated	slob	raw	render	828	65041
sample	repeated	slob	raw	render	829	55625
sample	repeated	slob	raw	render	830	54500
sample	repeated	slob	raw	render	831	54834
sample	repeated	slob	raw	render	832	49208
sample	repeated	slob	raw	render	833	37250
sample	repeated	slob	raw	render	834	80500
sample	repeated	slob	raw	render	835	53250
sample	repeated	slob	raw	render	836	52333
sample	repeated	slob	raw	render	837	52625
sample	repeated	slob	raw	render	838	52209
sample	repeated	slob	raw	render	839	51750
sample	repeated	slob	raw	render	840	47125
sample	repeated	slob	raw	render	841	39041
sample	repeated	slob	raw	render	842	51750
sample	repeated	slob	raw	render	843	52333
sample	repeated	slob	raw	render	844	55208
sample	repeated	slob	raw	render	845	52958
sample	repeated	slob	raw	render	846	51333
sample	repeated	slob	raw	render	847	47250
sample	repeated	slob	raw	render	848	35583
sample	repeated	slob	raw	render	849	58375
sample	repeated	slob	raw	render	850	52750
sample	repeated	slob	raw	render	851	52791
sample	repeated	slob	raw	render	852	53083
sample	repeated	slob	raw	render	853	53417
sample	repeated	slob	raw	render	854	51791
sample	repeated	slob	raw	render	855	47000
sample	repeated	slob	raw	render	856	38208
sample	repeated	slob	raw	render	857	51917
sample	repeated	slob	raw	render	858	53791
sample	repeated	slob	raw	render	859	52625
sample	repeated	slob	raw	render	860	52125
sample	repeated	slob	raw	render	861	52417
sample	repeated	slob	raw	render	862	46958
sample	repeated	slob	raw	render	863	35792
sample	repeated	slob	raw	render	864	57500
sample	repeated	slob	raw	render	865	53125
sample	repeated	slob	raw	render	866	52333
sample	repeated	slob	raw	render	867	52375
sample	repeated	slob	raw	render	868	52667
sample	repeated	slob	raw	render	869	51750
sample	repeated	slob	raw	render	870	46750
sample	repeated	slob	raw	render	871	36666
sample	repeated	slob	raw	render	872	51750
sample	repeated	slob	raw	render	873	52000
sample	repeated	slob	raw	render	874	51500
sample	repeated	slob	raw	render	875	52000
sample	repeated	slob	raw	render	876	51833
sample	repeated	slob	raw	render	877	47000
sample	repeated	slob	raw	render	878	35416
sample	repeated	slob	raw	render	879	57250
sample	repeated	slob	raw	render	880	53834
sample	repeated	slob	raw	render	881	52875
sample	repeated	slob	raw	render	882	52417
sample	repeated	slob	raw	render	883	51792
sample	repeated	slob	raw	render	884	52542
sample	repeated	slob	raw	render	885	47334
sample	repeated	slob	raw	render	886	37250
sample	repeated	slob	raw	render	887	52083
sample	repeated	slob	raw	render	888	51542
sample	repeated	slob	raw	render	889	52167
sample	repeated	slob	raw	render	890	51709
sample	repeated	slob	raw	render	891	51583
sample	repeated	slob	raw	render	892	46709
sample	repeated	slob	raw	render	893	35625
sample	repeated	slob	raw	render	894	58542
sample	repeated	slob	raw	render	895	52708
sample	repeated	slob	raw	render	896	52125
sample	repeated	slob	raw	render	897	52583
sample	repeated	slob	raw	render	898	52208
sample	repeated	slob	raw	render	899	51583
sample	repeated	slob	raw	render	900	46917
sample	repeated	slob	raw	render	901	36917
sample	repeated	slob	raw	render	902	52458
sample	repeated	slob	raw	render	903	51792
sample	repeated	slob	raw	render	904	52000
sample	repeated	slob	raw	render	905	51875
sample	repeated	slob	raw	render	906	51875
sample	repeated	slob	raw	render	907	48167
sample	repeated	slob	raw	render	908	36500
sample	repeated	slob	raw	render	909	58250
sample	repeated	slob	raw	render	910	53209
sample	repeated	slob	raw	render	911	52792
sample	repeated	slob	raw	render	912	52625
sample	repeated	slob	raw	render	913	58625
sample	repeated	slob	raw	render	914	51875
sample	repeated	slob	raw	render	915	47250
sample	repeated	slob	raw	render	916	41500
sample	repeated	slob	raw	render	917	52042
sample	repeated	slob	raw	render	918	51792
sample	repeated	slob	raw	render	919	52417
sample	repeated	slob	raw	render	920	52084
sample	repeated	slob	raw	render	921	51959
sample	repeated	slob	raw	render	922	47250
sample	repeated	slob	raw	render	923	35292
sample	repeated	slob	raw	render	924	57791
sample	repeated	slob	raw	render	925	53208
sample	repeated	slob	raw	render	926	51958
sample	repeated	slob	raw	render	927	52166
sample	repeated	slob	raw	render	928	52042
sample	repeated	slob	raw	render	929	51375
sample	repeated	slob	raw	render	930	46500
sample	repeated	slob	raw	render	931	42292
sample	repeated	slob	raw	render	932	51500
sample	repeated	slob	raw	render	933	51750
sample	repeated	slob	raw	render	934	51542
sample	repeated	slob	raw	render	935	51708
sample	repeated	slob	raw	render	936	51833
sample	repeated	slob	raw	render	937	48084
sample	repeated	slob	raw	render	938	35625
sample	repeated	slob	raw	render	939	57083
sample	repeated	slob	raw	render	940	52208
sample	repeated	slob	raw	render	941	52292
sample	repeated	slob	raw	render	942	53167
sample	repeated	slob	raw	render	943	52291
sample	repeated	slob	raw	render	944	51833
sample	repeated	slob	raw	render	945	47166
sample	repeated	slob	raw	render	946	36833
sample	repeated	slob	raw	render	947	52500
sample	repeated	slob	raw	render	948	73792
sample	repeated	slob	raw	render	949	54333
sample	repeated	slob	raw	render	950	52208
sample	repeated	slob	raw	render	951	51625
sample	repeated	slob	raw	render	952	46958
sample	repeated	slob	raw	render	953	36084
sample	repeated	slob	raw	render	954	58875
sample	repeated	slob	raw	render	955	53125
sample	repeated	slob	raw	render	956	52167
sample	repeated	slob	raw	render	957	52125
sample	repeated	slob	raw	render	958	51917
sample	repeated	slob	raw	render	959	51958
sample	repeated	slob	raw	render	960	46875
sample	repeated	slob	raw	render	961	36917
sample	repeated	slob	raw	render	962	51917
sample	repeated	slob	raw	render	963	52708
sample	repeated	slob	raw	render	964	52708
sample	repeated	slob	raw	render	965	105250
sample	repeated	slob	raw	render	966	66416
sample	repeated	slob	raw	render	967	51250
sample	repeated	slob	raw	render	968	265333
sample	repeated	slob	raw	render	969	79208
sample	repeated	slob	raw	render	970	57916
sample	repeated	slob	raw	render	971	54916
sample	repeated	slob	raw	render	972	54042
sample	repeated	slob	raw	render	973	53292
sample	repeated	slob	raw	render	974	52417
sample	repeated	slob	raw	render	975	48209
sample	repeated	slob	raw	render	976	37125
sample	repeated	slob	raw	render	977	53917
sample	repeated	slob	raw	render	978	52916
sample	repeated	slob	raw	render	979	53125
sample	repeated	slob	raw	render	980	53041
sample	repeated	slob	raw	render	981	52334
sample	repeated	slob	raw	render	982	47375
sample	repeated	slob	raw	render	983	36084
sample	repeated	slob	raw	render	984	51916
sample	repeated	slob	raw	render	985	52541
sample	repeated	slob	raw	render	986	53250
sample	repeated	slob	raw	render	987	52833
sample	repeated	slob	raw	render	988	52708
sample	repeated	slob	raw	render	989	53583
sample	repeated	slob	raw	render	990	52625
sample	repeated	slob	raw	render	991	35792
sample	repeated	slob	raw	render	992	61000
sample	repeated	slob	raw	render	993	53416
sample	repeated	slob	raw	render	994	52500
sample	repeated	slob	raw	render	995	52625
sample	repeated	slob	raw	render	996	52917
sample	repeated	slob	raw	render	997	47250
sample	repeated	slob	raw	render	998	35583
sample	repeated	slob	raw	render	999	52166
result	repeated	slob	raw	exact.p50_ns	495083
result	repeated	slob	raw	exact.p95_ns	1197625
result	repeated	slob	raw	exact.p99_ns	1653875
result	repeated	slob	raw	prefix.p50_ns	16575750
result	repeated	slob	raw	prefix.p95_ns	22650458
result	repeated	slob	raw	prefix.p99_ns	29796083
result	repeated	slob	raw	render.p50_ns	52916
result	repeated	slob	raw	render.p95_ns	87125
result	repeated	slob	raw	render.p99_ns	201167
result	repeated	slob	raw	exact.hit.p50_ns	501042
result	repeated	slob	raw	exact.hit.p95_ns	1274208
result	repeated	slob	raw	exact.hit.p99_ns	1653875
result	repeated	slob	raw	exact.miss.p50_ns	400042
result	repeated	slob	raw	exact.miss.p95_ns	1102292
result	repeated	slob	raw	exact.miss.p99_ns	1496375
result	repeated	slob	raw	prefix.zero.p50_ns	836500
result	repeated	slob	raw	prefix.zero.p95_ns	1726834
result	repeated	slob	raw	prefix.zero.p99_ns	2259625
result	repeated	slob	raw	prefix.one.p50_ns	-
result	repeated	slob	raw	prefix.one.p95_ns	-
result	repeated	slob	raw	prefix.one.p99_ns	-
result	repeated	slob	raw	prefix.many.p50_ns	18414750
result	repeated	slob	raw	prefix.many.p95_ns	24077666
result	repeated	slob	raw	prefix.many.p99_ns	33535958
result	repeated	slob	raw	prefix.pathological.p50_ns	-
result	repeated	slob	raw	prefix.pathological.p95_ns	-
result	repeated	slob	raw	prefix.pathological.p99_ns	-
result	repeated	slob	lzma2	artifact_bytes	82898
result	repeated	slob	lzma2	build_ns	53688958
sample	repeated	slob	lzma2	open	0	408458
sample	repeated	slob	lzma2	open	1	262334
sample	repeated	slob	lzma2	open	2	139000
sample	repeated	slob	lzma2	open	3	76708
sample	repeated	slob	lzma2	open	4	65542
sample	repeated	slob	lzma2	open	5	63209
sample	repeated	slob	lzma2	open	6	62500
sample	repeated	slob	lzma2	open	7	61916
sample	repeated	slob	lzma2	open	8	61625
sample	repeated	slob	lzma2	open	9	61000
sample	repeated	slob	lzma2	open	10	62000
sample	repeated	slob	lzma2	open	11	60334
sample	repeated	slob	lzma2	open	12	60042
sample	repeated	slob	lzma2	open	13	58625
sample	repeated	slob	lzma2	open	14	61500
sample	repeated	slob	lzma2	open	15	58333
sample	repeated	slob	lzma2	open	16	59000
sample	repeated	slob	lzma2	open	17	62500
sample	repeated	slob	lzma2	open	18	59333
sample	repeated	slob	lzma2	open	19	62542
sample	repeated	slob	lzma2	open	20	58458
sample	repeated	slob	lzma2	open	21	60542
sample	repeated	slob	lzma2	open	22	61250
sample	repeated	slob	lzma2	open	23	58625
sample	repeated	slob	lzma2	open	24	59708
result	repeated	slob	lzma2	open_ns	61500
result	repeated	slob	lzma2	semantic_digest	3649450152805327167
result	repeated	slob	lzma2	query_checksum	593400448976652816
result	repeated	slob	lzma2	outputs	513250
result	repeated	slob	lzma2	logical_prose_bytes	428032
sample	repeated	slob	lzma2	exact	0	509542
sample	repeated	slob	lzma2	exact	1	370750
sample	repeated	slob	lzma2	exact	2	470291
sample	repeated	slob	lzma2	exact	3	406167
sample	repeated	slob	lzma2	exact	4	561708
sample	repeated	slob	lzma2	exact	5	395083
sample	repeated	slob	lzma2	exact	6	448625
sample	repeated	slob	lzma2	exact	7	502375
sample	repeated	slob	lzma2	exact	8	494417
sample	repeated	slob	lzma2	exact	9	366333
sample	repeated	slob	lzma2	exact	10	426917
sample	repeated	slob	lzma2	exact	11	393750
sample	repeated	slob	lzma2	exact	12	491584
sample	repeated	slob	lzma2	exact	13	407666
sample	repeated	slob	lzma2	exact	14	502166
sample	repeated	slob	lzma2	exact	15	1127250
sample	repeated	slob	lzma2	exact	16	506500
sample	repeated	slob	lzma2	exact	17	369041
sample	repeated	slob	lzma2	exact	18	431542
sample	repeated	slob	lzma2	exact	19	396833
sample	repeated	slob	lzma2	exact	20	495125
sample	repeated	slob	lzma2	exact	21	395500
sample	repeated	slob	lzma2	exact	22	427166
sample	repeated	slob	lzma2	exact	23	490834
sample	repeated	slob	lzma2	exact	24	496834
sample	repeated	slob	lzma2	exact	25	368833
sample	repeated	slob	lzma2	exact	26	431417
sample	repeated	slob	lzma2	exact	27	697958
sample	repeated	slob	lzma2	exact	28	533334
sample	repeated	slob	lzma2	exact	29	395750
sample	repeated	slob	lzma2	exact	30	426584
sample	repeated	slob	lzma2	exact	31	488125
sample	repeated	slob	lzma2	exact	32	492375
sample	repeated	slob	lzma2	exact	33	367208
sample	repeated	slob	lzma2	exact	34	429209
sample	repeated	slob	lzma2	exact	35	395750
sample	repeated	slob	lzma2	exact	36	500583
sample	repeated	slob	lzma2	exact	37	396666
sample	repeated	slob	lzma2	exact	38	1185000
sample	repeated	slob	lzma2	exact	39	954459
sample	repeated	slob	lzma2	exact	40	583625
sample	repeated	slob	lzma2	exact	41	367833
sample	repeated	slob	lzma2	exact	42	428708
sample	repeated	slob	lzma2	exact	43	884500
sample	repeated	slob	lzma2	exact	44	880750
sample	repeated	slob	lzma2	exact	45	502667
sample	repeated	slob	lzma2	exact	46	482625
sample	repeated	slob	lzma2	exact	47	503834
sample	repeated	slob	lzma2	exact	48	502541
sample	repeated	slob	lzma2	exact	49	399875
sample	repeated	slob	lzma2	exact	50	433209
sample	repeated	slob	lzma2	exact	51	402125
sample	repeated	slob	lzma2	exact	52	503292
sample	repeated	slob	lzma2	exact	53	403791
sample	repeated	slob	lzma2	exact	54	436042
sample	repeated	slob	lzma2	exact	55	499292
sample	repeated	slob	lzma2	exact	56	503000
sample	repeated	slob	lzma2	exact	57	372209
sample	repeated	slob	lzma2	exact	58	449041
sample	repeated	slob	lzma2	exact	59	400708
sample	repeated	slob	lzma2	exact	60	499709
sample	repeated	slob	lzma2	exact	61	423250
sample	repeated	slob	lzma2	exact	62	443792
sample	repeated	slob	lzma2	exact	63	565834
sample	repeated	slob	lzma2	exact	64	496833
sample	repeated	slob	lzma2	exact	65	501042
sample	repeated	slob	lzma2	exact	66	517000
sample	repeated	slob	lzma2	exact	67	397750
sample	repeated	slob	lzma2	exact	68	674750
sample	repeated	slob	lzma2	exact	69	399667
sample	repeated	slob	lzma2	exact	70	439209
sample	repeated	slob	lzma2	exact	71	497666
sample	repeated	slob	lzma2	exact	72	497167
sample	repeated	slob	lzma2	exact	73	367875
sample	repeated	slob	lzma2	exact	74	434250
sample	repeated	slob	lzma2	exact	75	483500
sample	repeated	slob	lzma2	exact	76	832667
sample	repeated	slob	lzma2	exact	77	399625
sample	repeated	slob	lzma2	exact	78	431083
sample	repeated	slob	lzma2	exact	79	490834
sample	repeated	slob	lzma2	exact	80	493750
sample	repeated	slob	lzma2	exact	81	374875
sample	repeated	slob	lzma2	exact	82	422792
sample	repeated	slob	lzma2	exact	83	391958
sample	repeated	slob	lzma2	exact	84	638833
sample	repeated	slob	lzma2	exact	85	666625
sample	repeated	slob	lzma2	exact	86	1045125
sample	repeated	slob	lzma2	exact	87	650791
sample	repeated	slob	lzma2	exact	88	504208
sample	repeated	slob	lzma2	exact	89	406917
sample	repeated	slob	lzma2	exact	90	433750
sample	repeated	slob	lzma2	exact	91	408959
sample	repeated	slob	lzma2	exact	92	977583
sample	repeated	slob	lzma2	exact	93	402750
sample	repeated	slob	lzma2	exact	94	431500
sample	repeated	slob	lzma2	exact	95	495084
sample	repeated	slob	lzma2	exact	96	518166
sample	repeated	slob	lzma2	exact	97	440542
sample	repeated	slob	lzma2	exact	98	871000
sample	repeated	slob	lzma2	exact	99	518958
sample	repeated	slob	lzma2	exact	100	577833
sample	repeated	slob	lzma2	exact	101	401250
sample	repeated	slob	lzma2	exact	102	430792
sample	repeated	slob	lzma2	exact	103	498000
sample	repeated	slob	lzma2	exact	104	499667
sample	repeated	slob	lzma2	exact	105	369833
sample	repeated	slob	lzma2	exact	106	818958
sample	repeated	slob	lzma2	exact	107	1012750
sample	repeated	slob	lzma2	exact	108	999459
sample	repeated	slob	lzma2	exact	109	832166
sample	repeated	slob	lzma2	exact	110	649834
sample	repeated	slob	lzma2	exact	111	714292
sample	repeated	slob	lzma2	exact	112	496209
sample	repeated	slob	lzma2	exact	113	370542
sample	repeated	slob	lzma2	exact	114	433208
sample	repeated	slob	lzma2	exact	115	399375
sample	repeated	slob	lzma2	exact	116	566083
sample	repeated	slob	lzma2	exact	117	400084
sample	repeated	slob	lzma2	exact	118	431500
sample	repeated	slob	lzma2	exact	119	925583
sample	repeated	slob	lzma2	exact	120	499042
sample	repeated	slob	lzma2	exact	121	370834
sample	repeated	slob	lzma2	exact	122	443500
sample	repeated	slob	lzma2	exact	123	398417
sample	repeated	slob	lzma2	exact	124	496334
sample	repeated	slob	lzma2	exact	125	779792
sample	repeated	slob	lzma2	exact	126	441791
sample	repeated	slob	lzma2	exact	127	502709
sample	repeated	slob	lzma2	exact	128	502291
sample	repeated	slob	lzma2	exact	129	371042
sample	repeated	slob	lzma2	exact	130	445917
sample	repeated	slob	lzma2	exact	131	428792
sample	repeated	slob	lzma2	exact	132	499125
sample	repeated	slob	lzma2	exact	133	399667
sample	repeated	slob	lzma2	exact	134	434708
sample	repeated	slob	lzma2	exact	135	501084
sample	repeated	slob	lzma2	exact	136	571208
sample	repeated	slob	lzma2	exact	137	371292
sample	repeated	slob	lzma2	exact	138	446834
sample	repeated	slob	lzma2	exact	139	397750
sample	repeated	slob	lzma2	exact	140	495167
sample	repeated	slob	lzma2	exact	141	513791
sample	repeated	slob	lzma2	exact	142	447417
sample	repeated	slob	lzma2	exact	143	496958
sample	repeated	slob	lzma2	exact	144	500542
sample	repeated	slob	lzma2	exact	145	372709
sample	repeated	slob	lzma2	exact	146	436333
sample	repeated	slob	lzma2	exact	147	400500
sample	repeated	slob	lzma2	exact	148	533291
sample	repeated	slob	lzma2	exact	149	401083
sample	repeated	slob	lzma2	exact	150	429625
sample	repeated	slob	lzma2	exact	151	493917
sample	repeated	slob	lzma2	exact	152	571375
sample	repeated	slob	lzma2	exact	153	778125
sample	repeated	slob	lzma2	exact	154	880208
sample	repeated	slob	lzma2	exact	155	538375
sample	repeated	slob	lzma2	exact	156	648792
sample	repeated	slob	lzma2	exact	157	1276209
sample	repeated	slob	lzma2	exact	158	577583
sample	repeated	slob	lzma2	exact	159	496583
sample	repeated	slob	lzma2	exact	160	752791
sample	repeated	slob	lzma2	exact	161	370417
sample	repeated	slob	lzma2	exact	162	428709
sample	repeated	slob	lzma2	exact	163	397167
sample	repeated	slob	lzma2	exact	164	497625
sample	repeated	slob	lzma2	exact	165	474000
sample	repeated	slob	lzma2	exact	166	439292
sample	repeated	slob	lzma2	exact	167	1230209
sample	repeated	slob	lzma2	exact	168	508042
sample	repeated	slob	lzma2	exact	169	465709
sample	repeated	slob	lzma2	exact	170	440583
sample	repeated	slob	lzma2	exact	171	398042
sample	repeated	slob	lzma2	exact	172	496417
sample	repeated	slob	lzma2	exact	173	401875
sample	repeated	slob	lzma2	exact	174	431917
sample	repeated	slob	lzma2	exact	175	494542
sample	repeated	slob	lzma2	exact	176	615416
sample	repeated	slob	lzma2	exact	177	371583
sample	repeated	slob	lzma2	exact	178	433584
sample	repeated	slob	lzma2	exact	179	605750
sample	repeated	slob	lzma2	exact	180	525958
sample	repeated	slob	lzma2	exact	181	402125
sample	repeated	slob	lzma2	exact	182	444334
sample	repeated	slob	lzma2	exact	183	494041
sample	repeated	slob	lzma2	exact	184	495625
sample	repeated	slob	lzma2	exact	185	369875
sample	repeated	slob	lzma2	exact	186	1026917
sample	repeated	slob	lzma2	exact	187	408542
sample	repeated	slob	lzma2	exact	188	507458
sample	repeated	slob	lzma2	exact	189	403625
sample	repeated	slob	lzma2	exact	190	431750
sample	repeated	slob	lzma2	exact	191	515000
sample	repeated	slob	lzma2	exact	192	672375
sample	repeated	slob	lzma2	exact	193	398000
sample	repeated	slob	lzma2	exact	194	439209
sample	repeated	slob	lzma2	exact	195	690583
sample	repeated	slob	lzma2	exact	196	561708
sample	repeated	slob	lzma2	exact	197	404083
sample	repeated	slob	lzma2	exact	198	475584
sample	repeated	slob	lzma2	exact	199	496542
sample	repeated	slob	lzma2	exact	200	623209
sample	repeated	slob	lzma2	exact	201	369667
sample	repeated	slob	lzma2	exact	202	429500
sample	repeated	slob	lzma2	exact	203	405458
sample	repeated	slob	lzma2	exact	204	496250
sample	repeated	slob	lzma2	exact	205	395167
sample	repeated	slob	lzma2	exact	206	429333
sample	repeated	slob	lzma2	exact	207	764542
sample	repeated	slob	lzma2	exact	208	734250
sample	repeated	slob	lzma2	exact	209	415916
sample	repeated	slob	lzma2	exact	210	427917
sample	repeated	slob	lzma2	exact	211	394625
sample	repeated	slob	lzma2	exact	212	498083
sample	repeated	slob	lzma2	exact	213	396333
sample	repeated	slob	lzma2	exact	214	442917
sample	repeated	slob	lzma2	exact	215	491250
sample	repeated	slob	lzma2	exact	216	490750
sample	repeated	slob	lzma2	exact	217	596250
sample	repeated	slob	lzma2	exact	218	571875
sample	repeated	slob	lzma2	exact	219	401125
sample	repeated	slob	lzma2	exact	220	500459
sample	repeated	slob	lzma2	exact	221	407000
sample	repeated	slob	lzma2	exact	222	430667
sample	repeated	slob	lzma2	exact	223	516625
sample	repeated	slob	lzma2	exact	224	497917
sample	repeated	slob	lzma2	exact	225	391042
sample	repeated	slob	lzma2	exact	226	440459
sample	repeated	slob	lzma2	exact	227	396500
sample	repeated	slob	lzma2	exact	228	572291
sample	repeated	slob	lzma2	exact	229	430958
sample	repeated	slob	lzma2	exact	230	436959
sample	repeated	slob	lzma2	exact	231	609583
sample	repeated	slob	lzma2	exact	232	582959
sample	repeated	slob	lzma2	exact	233	373583
sample	repeated	slob	lzma2	exact	234	435625
sample	repeated	slob	lzma2	exact	235	397875
sample	repeated	slob	lzma2	exact	236	497583
sample	repeated	slob	lzma2	exact	237	863541
sample	repeated	slob	lzma2	exact	238	542209
sample	repeated	slob	lzma2	exact	239	574417
sample	repeated	slob	lzma2	exact	240	555334
sample	repeated	slob	lzma2	exact	241	375875
sample	repeated	slob	lzma2	exact	242	494792
sample	repeated	slob	lzma2	exact	243	432000
sample	repeated	slob	lzma2	exact	244	503875
sample	repeated	slob	lzma2	exact	245	429584
sample	repeated	slob	lzma2	exact	246	434500
sample	repeated	slob	lzma2	exact	247	1034917
sample	repeated	slob	lzma2	exact	248	501750
sample	repeated	slob	lzma2	exact	249	369834
sample	repeated	slob	lzma2	exact	250	430334
sample	repeated	slob	lzma2	exact	251	398083
sample	repeated	slob	lzma2	exact	252	494625
sample	repeated	slob	lzma2	exact	253	395750
sample	repeated	slob	lzma2	exact	254	429583
sample	repeated	slob	lzma2	exact	255	490541
sample	repeated	slob	lzma2	exact	256	503167
sample	repeated	slob	lzma2	exact	257	367042
sample	repeated	slob	lzma2	exact	258	486375
sample	repeated	slob	lzma2	exact	259	407084
sample	repeated	slob	lzma2	exact	260	494958
sample	repeated	slob	lzma2	exact	261	397125
sample	repeated	slob	lzma2	exact	262	424834
sample	repeated	slob	lzma2	exact	263	489125
sample	repeated	slob	lzma2	exact	264	491583
sample	repeated	slob	lzma2	exact	265	402417
sample	repeated	slob	lzma2	exact	266	432917
sample	repeated	slob	lzma2	exact	267	398917
sample	repeated	slob	lzma2	exact	268	500125
sample	repeated	slob	lzma2	exact	269	397542
sample	repeated	slob	lzma2	exact	270	430375
sample	repeated	slob	lzma2	exact	271	493334
sample	repeated	slob	lzma2	exact	272	498125
sample	repeated	slob	lzma2	exact	273	367750
sample	repeated	slob	lzma2	exact	274	427500
sample	repeated	slob	lzma2	exact	275	394916
sample	repeated	slob	lzma2	exact	276	999834
sample	repeated	slob	lzma2	exact	277	399417
sample	repeated	slob	lzma2	exact	278	433625
sample	repeated	slob	lzma2	exact	279	551167
sample	repeated	slob	lzma2	exact	280	1275834
sample	repeated	slob	lzma2	exact	281	761792
sample	repeated	slob	lzma2	exact	282	820458
sample	repeated	slob	lzma2	exact	283	400416
sample	repeated	slob	lzma2	exact	284	499167
sample	repeated	slob	lzma2	exact	285	397167
sample	repeated	slob	lzma2	exact	286	449709
sample	repeated	slob	lzma2	exact	287	492833
sample	repeated	slob	lzma2	exact	288	498416
sample	repeated	slob	lzma2	exact	289	370000
sample	repeated	slob	lzma2	exact	290	752708
sample	repeated	slob	lzma2	exact	291	441708
sample	repeated	slob	lzma2	exact	292	501083
sample	repeated	slob	lzma2	exact	293	749875
sample	repeated	slob	lzma2	exact	294	434958
sample	repeated	slob	lzma2	exact	295	491417
sample	repeated	slob	lzma2	exact	296	500958
sample	repeated	slob	lzma2	exact	297	367875
sample	repeated	slob	lzma2	exact	298	431917
sample	repeated	slob	lzma2	exact	299	398125
sample	repeated	slob	lzma2	exact	300	494291
sample	repeated	slob	lzma2	exact	301	397666
sample	repeated	slob	lzma2	exact	302	439667
sample	repeated	slob	lzma2	exact	303	494416
sample	repeated	slob	lzma2	exact	304	565708
sample	repeated	slob	lzma2	exact	305	413209
sample	repeated	slob	lzma2	exact	306	432334
sample	repeated	slob	lzma2	exact	307	395791
sample	repeated	slob	lzma2	exact	308	508792
sample	repeated	slob	lzma2	exact	309	400792
sample	repeated	slob	lzma2	exact	310	467375
sample	repeated	slob	lzma2	exact	311	489500
sample	repeated	slob	lzma2	exact	312	541541
sample	repeated	slob	lzma2	exact	313	371584
sample	repeated	slob	lzma2	exact	314	441333
sample	repeated	slob	lzma2	exact	315	401250
sample	repeated	slob	lzma2	exact	316	500000
sample	repeated	slob	lzma2	exact	317	399667
sample	repeated	slob	lzma2	exact	318	432625
sample	repeated	slob	lzma2	exact	319	493250
sample	repeated	slob	lzma2	exact	320	496083
sample	repeated	slob	lzma2	exact	321	370417
sample	repeated	slob	lzma2	exact	322	430917
sample	repeated	slob	lzma2	exact	323	402375
sample	repeated	slob	lzma2	exact	324	495375
sample	repeated	slob	lzma2	exact	325	406792
sample	repeated	slob	lzma2	exact	326	439959
sample	repeated	slob	lzma2	exact	327	497666
sample	repeated	slob	lzma2	exact	328	498000
sample	repeated	slob	lzma2	exact	329	445875
sample	repeated	slob	lzma2	exact	330	1087250
sample	repeated	slob	lzma2	exact	331	920333
sample	repeated	slob	lzma2	exact	332	507167
sample	repeated	slob	lzma2	exact	333	494250
sample	repeated	slob	lzma2	exact	334	464167
sample	repeated	slob	lzma2	exact	335	860917
sample	repeated	slob	lzma2	exact	336	495708
sample	repeated	slob	lzma2	exact	337	368041
sample	repeated	slob	lzma2	exact	338	428500
sample	repeated	slob	lzma2	exact	339	396584
sample	repeated	slob	lzma2	exact	340	594417
sample	repeated	slob	lzma2	exact	341	404541
sample	repeated	slob	lzma2	exact	342	615625
sample	repeated	slob	lzma2	exact	343	514958
sample	repeated	slob	lzma2	exact	344	531917
sample	repeated	slob	lzma2	exact	345	778250
sample	repeated	slob	lzma2	exact	346	696541
sample	repeated	slob	lzma2	exact	347	515458
sample	repeated	slob	lzma2	exact	348	501042
sample	repeated	slob	lzma2	exact	349	398167
sample	repeated	slob	lzma2	exact	350	430417
sample	repeated	slob	lzma2	exact	351	491708
sample	repeated	slob	lzma2	exact	352	493458
sample	repeated	slob	lzma2	exact	353	369167
sample	repeated	slob	lzma2	exact	354	429333
sample	repeated	slob	lzma2	exact	355	395750
sample	repeated	slob	lzma2	exact	356	775041
sample	repeated	slob	lzma2	exact	357	400708
sample	repeated	slob	lzma2	exact	358	618708
sample	repeated	slob	lzma2	exact	359	497875
sample	repeated	slob	lzma2	exact	360	496000
sample	repeated	slob	lzma2	exact	361	368791
sample	repeated	slob	lzma2	exact	362	433750
sample	repeated	slob	lzma2	exact	363	399083
sample	repeated	slob	lzma2	exact	364	679542
sample	repeated	slob	lzma2	exact	365	397000
sample	repeated	slob	lzma2	exact	366	429625
sample	repeated	slob	lzma2	exact	367	498417
sample	repeated	slob	lzma2	exact	368	673834
sample	repeated	slob	lzma2	exact	369	395709
sample	repeated	slob	lzma2	exact	370	438292
sample	repeated	slob	lzma2	exact	371	519958
sample	repeated	slob	lzma2	exact	372	498292
sample	repeated	slob	lzma2	exact	373	397500
sample	repeated	slob	lzma2	exact	374	551291
sample	repeated	slob	lzma2	exact	375	499125
sample	repeated	slob	lzma2	exact	376	500375
sample	repeated	slob	lzma2	exact	377	368208
sample	repeated	slob	lzma2	exact	378	435833
sample	repeated	slob	lzma2	exact	379	406583
sample	repeated	slob	lzma2	exact	380	496792
sample	repeated	slob	lzma2	exact	381	715250
sample	repeated	slob	lzma2	exact	382	441708
sample	repeated	slob	lzma2	exact	383	496708
sample	repeated	slob	lzma2	exact	384	503792
sample	repeated	slob	lzma2	exact	385	371625
sample	repeated	slob	lzma2	exact	386	432000
sample	repeated	slob	lzma2	exact	387	398583
sample	repeated	slob	lzma2	exact	388	498458
sample	repeated	slob	lzma2	exact	389	399708
sample	repeated	slob	lzma2	exact	390	659292
sample	repeated	slob	lzma2	exact	391	494083
sample	repeated	slob	lzma2	exact	392	494959
sample	repeated	slob	lzma2	exact	393	368583
sample	repeated	slob	lzma2	exact	394	427667
sample	repeated	slob	lzma2	exact	395	396209
sample	repeated	slob	lzma2	exact	396	492292
sample	repeated	slob	lzma2	exact	397	872583
sample	repeated	slob	lzma2	exact	398	646042
sample	repeated	slob	lzma2	exact	399	495292
sample	repeated	slob	lzma2	exact	400	497375
sample	repeated	slob	lzma2	exact	401	378750
sample	repeated	slob	lzma2	exact	402	428000
sample	repeated	slob	lzma2	exact	403	397791
sample	repeated	slob	lzma2	exact	404	497334
sample	repeated	slob	lzma2	exact	405	398500
sample	repeated	slob	lzma2	exact	406	960042
sample	repeated	slob	lzma2	exact	407	502958
sample	repeated	slob	lzma2	exact	408	498750
sample	repeated	slob	lzma2	exact	409	364917
sample	repeated	slob	lzma2	exact	410	428334
sample	repeated	slob	lzma2	exact	411	396958
sample	repeated	slob	lzma2	exact	412	504000
sample	repeated	slob	lzma2	exact	413	451292
sample	repeated	slob	lzma2	exact	414	434167
sample	repeated	slob	lzma2	exact	415	491542
sample	repeated	slob	lzma2	exact	416	494958
sample	repeated	slob	lzma2	exact	417	364750
sample	repeated	slob	lzma2	exact	418	490667
sample	repeated	slob	lzma2	exact	419	399750
sample	repeated	slob	lzma2	exact	420	560708
sample	repeated	slob	lzma2	exact	421	406000
sample	repeated	slob	lzma2	exact	422	447250
sample	repeated	slob	lzma2	exact	423	493000
sample	repeated	slob	lzma2	exact	424	504750
sample	repeated	slob	lzma2	exact	425	372291
sample	repeated	slob	lzma2	exact	426	430708
sample	repeated	slob	lzma2	exact	427	395250
sample	repeated	slob	lzma2	exact	428	499125
sample	repeated	slob	lzma2	exact	429	412291
sample	repeated	slob	lzma2	exact	430	428333
sample	repeated	slob	lzma2	exact	431	491125
sample	repeated	slob	lzma2	exact	432	494250
sample	repeated	slob	lzma2	exact	433	366625
sample	repeated	slob	lzma2	exact	434	431042
sample	repeated	slob	lzma2	exact	435	396375
sample	repeated	slob	lzma2	exact	436	734917
sample	repeated	slob	lzma2	exact	437	396042
sample	repeated	slob	lzma2	exact	438	426125
sample	repeated	slob	lzma2	exact	439	489417
sample	repeated	slob	lzma2	exact	440	492334
sample	repeated	slob	lzma2	exact	441	365834
sample	repeated	slob	lzma2	exact	442	426542
sample	repeated	slob	lzma2	exact	443	392417
sample	repeated	slob	lzma2	exact	444	490750
sample	repeated	slob	lzma2	exact	445	397625
sample	repeated	slob	lzma2	exact	446	568500
sample	repeated	slob	lzma2	exact	447	1078916
sample	repeated	slob	lzma2	exact	448	963125
sample	repeated	slob	lzma2	exact	449	368042
sample	repeated	slob	lzma2	exact	450	848292
sample	repeated	slob	lzma2	exact	451	409542
sample	repeated	slob	lzma2	exact	452	496959
sample	repeated	slob	lzma2	exact	453	515834
sample	repeated	slob	lzma2	exact	454	428500
sample	repeated	slob	lzma2	exact	455	737167
sample	repeated	slob	lzma2	exact	456	518250
sample	repeated	slob	lzma2	exact	457	368541
sample	repeated	slob	lzma2	exact	458	431292
sample	repeated	slob	lzma2	exact	459	517750
sample	repeated	slob	lzma2	exact	460	505041
sample	repeated	slob	lzma2	exact	461	398416
sample	repeated	slob	lzma2	exact	462	429167
sample	repeated	slob	lzma2	exact	463	493208
sample	repeated	slob	lzma2	exact	464	494833
sample	repeated	slob	lzma2	exact	465	382458
sample	repeated	slob	lzma2	exact	466	431958
sample	repeated	slob	lzma2	exact	467	396917
sample	repeated	slob	lzma2	exact	468	539792
sample	repeated	slob	lzma2	exact	469	397209
sample	repeated	slob	lzma2	exact	470	434125
sample	repeated	slob	lzma2	exact	471	577500
sample	repeated	slob	lzma2	exact	472	557708
sample	repeated	slob	lzma2	exact	473	371583
sample	repeated	slob	lzma2	exact	474	435958
sample	repeated	slob	lzma2	exact	475	400375
sample	repeated	slob	lzma2	exact	476	498000
sample	repeated	slob	lzma2	exact	477	398417
sample	repeated	slob	lzma2	exact	478	801042
sample	repeated	slob	lzma2	exact	479	507334
sample	repeated	slob	lzma2	exact	480	703833
sample	repeated	slob	lzma2	exact	481	373959
sample	repeated	slob	lzma2	exact	482	432916
sample	repeated	slob	lzma2	exact	483	397125
sample	repeated	slob	lzma2	exact	484	497416
sample	repeated	slob	lzma2	exact	485	396459
sample	repeated	slob	lzma2	exact	486	431750
sample	repeated	slob	lzma2	exact	487	490791
sample	repeated	slob	lzma2	exact	488	495458
sample	repeated	slob	lzma2	exact	489	368334
sample	repeated	slob	lzma2	exact	490	426209
sample	repeated	slob	lzma2	exact	491	480959
sample	repeated	slob	lzma2	exact	492	496292
sample	repeated	slob	lzma2	exact	493	395208
sample	repeated	slob	lzma2	exact	494	424291
sample	repeated	slob	lzma2	exact	495	487000
sample	repeated	slob	lzma2	exact	496	493958
sample	repeated	slob	lzma2	exact	497	366417
sample	repeated	slob	lzma2	exact	498	429000
sample	repeated	slob	lzma2	exact	499	390125
sample	repeated	slob	lzma2	exact	500	488625
sample	repeated	slob	lzma2	exact	501	390541
sample	repeated	slob	lzma2	exact	502	427500
sample	repeated	slob	lzma2	exact	503	481584
sample	repeated	slob	lzma2	exact	504	588083
sample	repeated	slob	lzma2	exact	505	368709
sample	repeated	slob	lzma2	exact	506	428041
sample	repeated	slob	lzma2	exact	507	396000
sample	repeated	slob	lzma2	exact	508	495708
sample	repeated	slob	lzma2	exact	509	401125
sample	repeated	slob	lzma2	exact	510	428750
sample	repeated	slob	lzma2	exact	511	641792
sample	repeated	slob	lzma2	exact	512	897000
sample	repeated	slob	lzma2	exact	513	373916
sample	repeated	slob	lzma2	exact	514	437500
sample	repeated	slob	lzma2	exact	515	542958
sample	repeated	slob	lzma2	exact	516	589875
sample	repeated	slob	lzma2	exact	517	398333
sample	repeated	slob	lzma2	exact	518	428708
sample	repeated	slob	lzma2	exact	519	489875
sample	repeated	slob	lzma2	exact	520	1162041
sample	repeated	slob	lzma2	exact	521	374459
sample	repeated	slob	lzma2	exact	522	435542
sample	repeated	slob	lzma2	exact	523	615958
sample	repeated	slob	lzma2	exact	524	867208
sample	repeated	slob	lzma2	exact	525	483334
sample	repeated	slob	lzma2	exact	526	1045291
sample	repeated	slob	lzma2	exact	527	750333
sample	repeated	slob	lzma2	exact	528	502875
sample	repeated	slob	lzma2	exact	529	370333
sample	repeated	slob	lzma2	exact	530	429292
sample	repeated	slob	lzma2	exact	531	396833
sample	repeated	slob	lzma2	exact	532	492958
sample	repeated	slob	lzma2	exact	533	1071500
sample	repeated	slob	lzma2	exact	534	498666
sample	repeated	slob	lzma2	exact	535	494417
sample	repeated	slob	lzma2	exact	536	493250
sample	repeated	slob	lzma2	exact	537	375958
sample	repeated	slob	lzma2	exact	538	431959
sample	repeated	slob	lzma2	exact	539	1099125
sample	repeated	slob	lzma2	exact	540	495791
sample	repeated	slob	lzma2	exact	541	549375
sample	repeated	slob	lzma2	exact	542	489375
sample	repeated	slob	lzma2	exact	543	505625
sample	repeated	slob	lzma2	exact	544	521167
sample	repeated	slob	lzma2	exact	545	375291
sample	repeated	slob	lzma2	exact	546	431541
sample	repeated	slob	lzma2	exact	547	490125
sample	repeated	slob	lzma2	exact	548	500458
sample	repeated	slob	lzma2	exact	549	397625
sample	repeated	slob	lzma2	exact	550	428875
sample	repeated	slob	lzma2	exact	551	492041
sample	repeated	slob	lzma2	exact	552	497375
sample	repeated	slob	lzma2	exact	553	368208
sample	repeated	slob	lzma2	exact	554	862458
sample	repeated	slob	lzma2	exact	555	647500
sample	repeated	slob	lzma2	exact	556	502084
sample	repeated	slob	lzma2	exact	557	401542
sample	repeated	slob	lzma2	exact	558	430083
sample	repeated	slob	lzma2	exact	559	491708
sample	repeated	slob	lzma2	exact	560	493083
sample	repeated	slob	lzma2	exact	561	368000
sample	repeated	slob	lzma2	exact	562	427041
sample	repeated	slob	lzma2	exact	563	745041
sample	repeated	slob	lzma2	exact	564	496125
sample	repeated	slob	lzma2	exact	565	407042
sample	repeated	slob	lzma2	exact	566	429500
sample	repeated	slob	lzma2	exact	567	489125
sample	repeated	slob	lzma2	exact	568	504458
sample	repeated	slob	lzma2	exact	569	671125
sample	repeated	slob	lzma2	exact	570	536000
sample	repeated	slob	lzma2	exact	571	394458
sample	repeated	slob	lzma2	exact	572	493125
sample	repeated	slob	lzma2	exact	573	395750
sample	repeated	slob	lzma2	exact	574	426709
sample	repeated	slob	lzma2	exact	575	534291
sample	repeated	slob	lzma2	exact	576	813375
sample	repeated	slob	lzma2	exact	577	370083
sample	repeated	slob	lzma2	exact	578	492334
sample	repeated	slob	lzma2	exact	579	400750
sample	repeated	slob	lzma2	exact	580	497458
sample	repeated	slob	lzma2	exact	581	398084
sample	repeated	slob	lzma2	exact	582	438875
sample	repeated	slob	lzma2	exact	583	494458
sample	repeated	slob	lzma2	exact	584	743125
sample	repeated	slob	lzma2	exact	585	438500
sample	repeated	slob	lzma2	exact	586	868791
sample	repeated	slob	lzma2	exact	587	395250
sample	repeated	slob	lzma2	exact	588	492500
sample	repeated	slob	lzma2	exact	589	393500
sample	repeated	slob	lzma2	exact	590	421292
sample	repeated	slob	lzma2	exact	591	484667
sample	repeated	slob	lzma2	exact	592	486208
sample	repeated	slob	lzma2	exact	593	363666
sample	repeated	slob	lzma2	exact	594	1006209
sample	repeated	slob	lzma2	exact	595	404458
sample	repeated	slob	lzma2	exact	596	506875
sample	repeated	slob	lzma2	exact	597	417209
sample	repeated	slob	lzma2	exact	598	430709
sample	repeated	slob	lzma2	exact	599	498458
sample	repeated	slob	lzma2	exact	600	493417
sample	repeated	slob	lzma2	exact	601	367042
sample	repeated	slob	lzma2	exact	602	428125
sample	repeated	slob	lzma2	exact	603	401333
sample	repeated	slob	lzma2	exact	604	944292
sample	repeated	slob	lzma2	exact	605	476667
sample	repeated	slob	lzma2	exact	606	429041
sample	repeated	slob	lzma2	exact	607	536958
sample	repeated	slob	lzma2	exact	608	505083
sample	repeated	slob	lzma2	exact	609	363292
sample	repeated	slob	lzma2	exact	610	1044208
sample	repeated	slob	lzma2	exact	611	916833
sample	repeated	slob	lzma2	exact	612	604709
sample	repeated	slob	lzma2	exact	613	395125
sample	repeated	slob	lzma2	exact	614	428250
sample	repeated	slob	lzma2	exact	615	488083
sample	repeated	slob	lzma2	exact	616	490000
sample	repeated	slob	lzma2	exact	617	550625
sample	repeated	slob	lzma2	exact	618	435500
sample	repeated	slob	lzma2	exact	619	392667
sample	repeated	slob	lzma2	exact	620	490250
sample	repeated	slob	lzma2	exact	621	396333
sample	repeated	slob	lzma2	exact	622	427583
sample	repeated	slob	lzma2	exact	623	550167
sample	repeated	slob	lzma2	exact	624	492250
sample	repeated	slob	lzma2	exact	625	366708
sample	repeated	slob	lzma2	exact	626	423875
sample	repeated	slob	lzma2	exact	627	393500
sample	repeated	slob	lzma2	exact	628	494000
sample	repeated	slob	lzma2	exact	629	394125
sample	repeated	slob	lzma2	exact	630	432959
sample	repeated	slob	lzma2	exact	631	526667
sample	repeated	slob	lzma2	exact	632	491958
sample	repeated	slob	lzma2	exact	633	365333
sample	repeated	slob	lzma2	exact	634	423916
sample	repeated	slob	lzma2	exact	635	393000
sample	repeated	slob	lzma2	exact	636	491584
sample	repeated	slob	lzma2	exact	637	393042
sample	repeated	slob	lzma2	exact	638	424416
sample	repeated	slob	lzma2	exact	639	486042
sample	repeated	slob	lzma2	exact	640	489667
sample	repeated	slob	lzma2	exact	641	442750
sample	repeated	slob	lzma2	exact	642	444334
sample	repeated	slob	lzma2	exact	643	397875
sample	repeated	slob	lzma2	exact	644	498541
sample	repeated	slob	lzma2	exact	645	431875
sample	repeated	slob	lzma2	exact	646	431083
sample	repeated	slob	lzma2	exact	647	489375
sample	repeated	slob	lzma2	exact	648	695958
sample	repeated	slob	lzma2	exact	649	365667
sample	repeated	slob	lzma2	exact	650	748792
sample	repeated	slob	lzma2	exact	651	393417
sample	repeated	slob	lzma2	exact	652	488417
sample	repeated	slob	lzma2	exact	653	401458
sample	repeated	slob	lzma2	exact	654	425459
sample	repeated	slob	lzma2	exact	655	482500
sample	repeated	slob	lzma2	exact	656	488750
sample	repeated	slob	lzma2	exact	657	458459
sample	repeated	slob	lzma2	exact	658	525625
sample	repeated	slob	lzma2	exact	659	474583
sample	repeated	slob	lzma2	exact	660	621042
sample	repeated	slob	lzma2	exact	661	398833
sample	repeated	slob	lzma2	exact	662	432041
sample	repeated	slob	lzma2	exact	663	492292
sample	repeated	slob	lzma2	exact	664	776542
sample	repeated	slob	lzma2	exact	665	483958
sample	repeated	slob	lzma2	exact	666	1021917
sample	repeated	slob	lzma2	exact	667	510041
sample	repeated	slob	lzma2	exact	668	519458
sample	repeated	slob	lzma2	exact	669	397625
sample	repeated	slob	lzma2	exact	670	429125
sample	repeated	slob	lzma2	exact	671	492500
sample	repeated	slob	lzma2	exact	672	518083
sample	repeated	slob	lzma2	exact	673	370958
sample	repeated	slob	lzma2	exact	674	439875
sample	repeated	slob	lzma2	exact	675	394959
sample	repeated	slob	lzma2	exact	676	494875
sample	repeated	slob	lzma2	exact	677	395333
sample	repeated	slob	lzma2	exact	678	426958
sample	repeated	slob	lzma2	exact	679	489917
sample	repeated	slob	lzma2	exact	680	492125
sample	repeated	slob	lzma2	exact	681	368292
sample	repeated	slob	lzma2	exact	682	426083
sample	repeated	slob	lzma2	exact	683	400292
sample	repeated	slob	lzma2	exact	684	491291
sample	repeated	slob	lzma2	exact	685	395166
sample	repeated	slob	lzma2	exact	686	455000
sample	repeated	slob	lzma2	exact	687	498250
sample	repeated	slob	lzma2	exact	688	522625
sample	repeated	slob	lzma2	exact	689	365208
sample	repeated	slob	lzma2	exact	690	550458
sample	repeated	slob	lzma2	exact	691	395458
sample	repeated	slob	lzma2	exact	692	496167
sample	repeated	slob	lzma2	exact	693	394625
sample	repeated	slob	lzma2	exact	694	424541
sample	repeated	slob	lzma2	exact	695	486041
sample	repeated	slob	lzma2	exact	696	535583
sample	repeated	slob	lzma2	exact	697	929167
sample	repeated	slob	lzma2	exact	698	438584
sample	repeated	slob	lzma2	exact	699	399417
sample	repeated	slob	lzma2	exact	700	495875
sample	repeated	slob	lzma2	exact	701	395041
sample	repeated	slob	lzma2	exact	702	431416
sample	repeated	slob	lzma2	exact	703	490292
sample	repeated	slob	lzma2	exact	704	494333
sample	repeated	slob	lzma2	exact	705	366500
sample	repeated	slob	lzma2	exact	706	506209
sample	repeated	slob	lzma2	exact	707	396292
sample	repeated	slob	lzma2	exact	708	495375
sample	repeated	slob	lzma2	exact	709	402375
sample	repeated	slob	lzma2	exact	710	435875
sample	repeated	slob	lzma2	exact	711	487709
sample	repeated	slob	lzma2	exact	712	490250
sample	repeated	slob	lzma2	exact	713	371875
sample	repeated	slob	lzma2	exact	714	428917
sample	repeated	slob	lzma2	exact	715	392500
sample	repeated	slob	lzma2	exact	716	491500
sample	repeated	slob	lzma2	exact	717	393625
sample	repeated	slob	lzma2	exact	718	428625
sample	repeated	slob	lzma2	exact	719	486833
sample	repeated	slob	lzma2	exact	720	488125
sample	repeated	slob	lzma2	exact	721	365417
sample	repeated	slob	lzma2	exact	722	434542
sample	repeated	slob	lzma2	exact	723	393000
sample	repeated	slob	lzma2	exact	724	1336250
sample	repeated	slob	lzma2	exact	725	444625
sample	repeated	slob	lzma2	exact	726	446541
sample	repeated	slob	lzma2	exact	727	502417
sample	repeated	slob	lzma2	exact	728	530291
sample	repeated	slob	lzma2	exact	729	366250
sample	repeated	slob	lzma2	exact	730	613500
sample	repeated	slob	lzma2	exact	731	639625
sample	repeated	slob	lzma2	exact	732	1192125
sample	repeated	slob	lzma2	exact	733	419291
sample	repeated	slob	lzma2	exact	734	434750
sample	repeated	slob	lzma2	exact	735	507791
sample	repeated	slob	lzma2	exact	736	501417
sample	repeated	slob	lzma2	exact	737	512750
sample	repeated	slob	lzma2	exact	738	427125
sample	repeated	slob	lzma2	exact	739	393208
sample	repeated	slob	lzma2	exact	740	491459
sample	repeated	slob	lzma2	exact	741	393334
sample	repeated	slob	lzma2	exact	742	432666
sample	repeated	slob	lzma2	exact	743	487042
sample	repeated	slob	lzma2	exact	744	678791
sample	repeated	slob	lzma2	exact	745	704292
sample	repeated	slob	lzma2	exact	746	435667
sample	repeated	slob	lzma2	exact	747	397000
sample	repeated	slob	lzma2	exact	748	496875
sample	repeated	slob	lzma2	exact	749	396167
sample	repeated	slob	lzma2	exact	750	424625
sample	repeated	slob	lzma2	exact	751	523542
sample	repeated	slob	lzma2	exact	752	491583
sample	repeated	slob	lzma2	exact	753	433416
sample	repeated	slob	lzma2	exact	754	431834
sample	repeated	slob	lzma2	exact	755	393458
sample	repeated	slob	lzma2	exact	756	495083
sample	repeated	slob	lzma2	exact	757	393583
sample	repeated	slob	lzma2	exact	758	425541
sample	repeated	slob	lzma2	exact	759	488375
sample	repeated	slob	lzma2	exact	760	532833
sample	repeated	slob	lzma2	exact	761	367792
sample	repeated	slob	lzma2	exact	762	651125
sample	repeated	slob	lzma2	exact	763	409459
sample	repeated	slob	lzma2	exact	764	541792
sample	repeated	slob	lzma2	exact	765	406416
sample	repeated	slob	lzma2	exact	766	430542
sample	repeated	slob	lzma2	exact	767	490417
sample	repeated	slob	lzma2	exact	768	493000
sample	repeated	slob	lzma2	exact	769	366500
sample	repeated	slob	lzma2	exact	770	426542
sample	repeated	slob	lzma2	exact	771	741334
sample	repeated	slob	lzma2	exact	772	502542
sample	repeated	slob	lzma2	exact	773	396500
sample	repeated	slob	lzma2	exact	774	433959
sample	repeated	slob	lzma2	exact	775	489417
sample	repeated	slob	lzma2	exact	776	676500
sample	repeated	slob	lzma2	exact	777	474750
sample	repeated	slob	lzma2	exact	778	574042
sample	repeated	slob	lzma2	exact	779	407792
sample	repeated	slob	lzma2	exact	780	491958
sample	repeated	slob	lzma2	exact	781	396083
sample	repeated	slob	lzma2	exact	782	429583
sample	repeated	slob	lzma2	exact	783	489750
sample	repeated	slob	lzma2	exact	784	493625
sample	repeated	slob	lzma2	exact	785	366417
sample	repeated	slob	lzma2	exact	786	492542
sample	repeated	slob	lzma2	exact	787	964167
sample	repeated	slob	lzma2	exact	788	502584
sample	repeated	slob	lzma2	exact	789	395792
sample	repeated	slob	lzma2	exact	790	431208
sample	repeated	slob	lzma2	exact	791	493375
sample	repeated	slob	lzma2	exact	792	520250
sample	repeated	slob	lzma2	exact	793	369125
sample	repeated	slob	lzma2	exact	794	427708
sample	repeated	slob	lzma2	exact	795	392625
sample	repeated	slob	lzma2	exact	796	494583
sample	repeated	slob	lzma2	exact	797	470333
sample	repeated	slob	lzma2	exact	798	528417
sample	repeated	slob	lzma2	exact	799	500083
sample	repeated	slob	lzma2	exact	800	514292
sample	repeated	slob	lzma2	exact	801	369333
sample	repeated	slob	lzma2	exact	802	474792
sample	repeated	slob	lzma2	exact	803	396584
sample	repeated	slob	lzma2	exact	804	497750
sample	repeated	slob	lzma2	exact	805	397250
sample	repeated	slob	lzma2	exact	806	428958
sample	repeated	slob	lzma2	exact	807	491084
sample	repeated	slob	lzma2	exact	808	505333
sample	repeated	slob	lzma2	exact	809	365958
sample	repeated	slob	lzma2	exact	810	425250
sample	repeated	slob	lzma2	exact	811	884500
sample	repeated	slob	lzma2	exact	812	498125
sample	repeated	slob	lzma2	exact	813	392958
sample	repeated	slob	lzma2	exact	814	423625
sample	repeated	slob	lzma2	exact	815	485833
sample	repeated	slob	lzma2	exact	816	489916
sample	repeated	slob	lzma2	exact	817	364334
sample	repeated	slob	lzma2	exact	818	464417
sample	repeated	slob	lzma2	exact	819	405750
sample	repeated	slob	lzma2	exact	820	501958
sample	repeated	slob	lzma2	exact	821	397625
sample	repeated	slob	lzma2	exact	822	683208
sample	repeated	slob	lzma2	exact	823	496667
sample	repeated	slob	lzma2	exact	824	494333
sample	repeated	slob	lzma2	exact	825	369583
sample	repeated	slob	lzma2	exact	826	429583
sample	repeated	slob	lzma2	exact	827	396291
sample	repeated	slob	lzma2	exact	828	496334
sample	repeated	slob	lzma2	exact	829	399000
sample	repeated	slob	lzma2	exact	830	427208
sample	repeated	slob	lzma2	exact	831	491167
sample	repeated	slob	lzma2	exact	832	492500
sample	repeated	slob	lzma2	exact	833	514958
sample	repeated	slob	lzma2	exact	834	536708
sample	repeated	slob	lzma2	exact	835	393542
sample	repeated	slob	lzma2	exact	836	494417
sample	repeated	slob	lzma2	exact	837	394750
sample	repeated	slob	lzma2	exact	838	427375
sample	repeated	slob	lzma2	exact	839	494667
sample	repeated	slob	lzma2	exact	840	489417
sample	repeated	slob	lzma2	exact	841	366917
sample	repeated	slob	lzma2	exact	842	426917
sample	repeated	slob	lzma2	exact	843	392791
sample	repeated	slob	lzma2	exact	844	494125
sample	repeated	slob	lzma2	exact	845	545458
sample	repeated	slob	lzma2	exact	846	483417
sample	repeated	slob	lzma2	exact	847	490416
sample	repeated	slob	lzma2	exact	848	494834
sample	repeated	slob	lzma2	exact	849	366917
sample	repeated	slob	lzma2	exact	850	426625
sample	repeated	slob	lzma2	exact	851	479542
sample	repeated	slob	lzma2	exact	852	500084
sample	repeated	slob	lzma2	exact	853	437958
sample	repeated	slob	lzma2	exact	854	621875
sample	repeated	slob	lzma2	exact	855	497500
sample	repeated	slob	lzma2	exact	856	494042
sample	repeated	slob	lzma2	exact	857	370333
sample	repeated	slob	lzma2	exact	858	423333
sample	repeated	slob	lzma2	exact	859	422167
sample	repeated	slob	lzma2	exact	860	490458
sample	repeated	slob	lzma2	exact	861	393167
sample	repeated	slob	lzma2	exact	862	422708
sample	repeated	slob	lzma2	exact	863	486542
sample	repeated	slob	lzma2	exact	864	488375
sample	repeated	slob	lzma2	exact	865	820500
sample	repeated	slob	lzma2	exact	866	436542
sample	repeated	slob	lzma2	exact	867	398083
sample	repeated	slob	lzma2	exact	868	920000
sample	repeated	slob	lzma2	exact	869	548000
sample	repeated	slob	lzma2	exact	870	434084
sample	repeated	slob	lzma2	exact	871	487542
sample	repeated	slob	lzma2	exact	872	488833
sample	repeated	slob	lzma2	exact	873	361750
sample	repeated	slob	lzma2	exact	874	420958
sample	repeated	slob	lzma2	exact	875	392708
sample	repeated	slob	lzma2	exact	876	688250
sample	repeated	slob	lzma2	exact	877	393083
sample	repeated	slob	lzma2	exact	878	431708
sample	repeated	slob	lzma2	exact	879	491958
sample	repeated	slob	lzma2	exact	880	497292
sample	repeated	slob	lzma2	exact	881	366417
sample	repeated	slob	lzma2	exact	882	424542
sample	repeated	slob	lzma2	exact	883	390833
sample	repeated	slob	lzma2	exact	884	488875
sample	repeated	slob	lzma2	exact	885	399875
sample	repeated	slob	lzma2	exact	886	427292
sample	repeated	slob	lzma2	exact	887	485209
sample	repeated	slob	lzma2	exact	888	488334
sample	repeated	slob	lzma2	exact	889	361584
sample	repeated	slob	lzma2	exact	890	417875
sample	repeated	slob	lzma2	exact	891	393041
sample	repeated	slob	lzma2	exact	892	504791
sample	repeated	slob	lzma2	exact	893	425084
sample	repeated	slob	lzma2	exact	894	427458
sample	repeated	slob	lzma2	exact	895	485333
sample	repeated	slob	lzma2	exact	896	491958
sample	repeated	slob	lzma2	exact	897	364542
sample	repeated	slob	lzma2	exact	898	423000
sample	repeated	slob	lzma2	exact	899	393000
sample	repeated	slob	lzma2	exact	900	492041
sample	repeated	slob	lzma2	exact	901	391333
sample	repeated	slob	lzma2	exact	902	425916
sample	repeated	slob	lzma2	exact	903	483500
sample	repeated	slob	lzma2	exact	904	490792
sample	repeated	slob	lzma2	exact	905	372750
sample	repeated	slob	lzma2	exact	906	424292
sample	repeated	slob	lzma2	exact	907	389750
sample	repeated	slob	lzma2	exact	908	490417
sample	repeated	slob	lzma2	exact	909	391750
sample	repeated	slob	lzma2	exact	910	424042
sample	repeated	slob	lzma2	exact	911	514583
sample	repeated	slob	lzma2	exact	912	491709
sample	repeated	slob	lzma2	exact	913	363708
sample	repeated	slob	lzma2	exact	914	427000
sample	repeated	slob	lzma2	exact	915	393125
sample	repeated	slob	lzma2	exact	916	489625
sample	repeated	slob	lzma2	exact	917	391875
sample	repeated	slob	lzma2	exact	918	432875
sample	repeated	slob	lzma2	exact	919	485875
sample	repeated	slob	lzma2	exact	920	487041
sample	repeated	slob	lzma2	exact	921	362125
sample	repeated	slob	lzma2	exact	922	820000
sample	repeated	slob	lzma2	exact	923	417583
sample	repeated	slob	lzma2	exact	924	502458
sample	repeated	slob	lzma2	exact	925	399458
sample	repeated	slob	lzma2	exact	926	429500
sample	repeated	slob	lzma2	exact	927	492666
sample	repeated	slob	lzma2	exact	928	494792
sample	repeated	slob	lzma2	exact	929	375791
sample	repeated	slob	lzma2	exact	930	679500
sample	repeated	slob	lzma2	exact	931	402000
sample	repeated	slob	lzma2	exact	932	536167
sample	repeated	slob	lzma2	exact	933	399417
sample	repeated	slob	lzma2	exact	934	427417
sample	repeated	slob	lzma2	exact	935	491000
sample	repeated	slob	lzma2	exact	936	494084
sample	repeated	slob	lzma2	exact	937	363166
sample	repeated	slob	lzma2	exact	938	495125
sample	repeated	slob	lzma2	exact	939	401583
sample	repeated	slob	lzma2	exact	940	873625
sample	repeated	slob	lzma2	exact	941	433625
sample	repeated	slob	lzma2	exact	942	432458
sample	repeated	slob	lzma2	exact	943	490166
sample	repeated	slob	lzma2	exact	944	515375
sample	repeated	slob	lzma2	exact	945	453333
sample	repeated	slob	lzma2	exact	946	431417
sample	repeated	slob	lzma2	exact	947	396459
sample	repeated	slob	lzma2	exact	948	493750
sample	repeated	slob	lzma2	exact	949	396625
sample	repeated	slob	lzma2	exact	950	425375
sample	repeated	slob	lzma2	exact	951	489125
sample	repeated	slob	lzma2	exact	952	539542
sample	repeated	slob	lzma2	exact	953	366333
sample	repeated	slob	lzma2	exact	954	491667
sample	repeated	slob	lzma2	exact	955	402250
sample	repeated	slob	lzma2	exact	956	498958
sample	repeated	slob	lzma2	exact	957	397292
sample	repeated	slob	lzma2	exact	958	434916
sample	repeated	slob	lzma2	exact	959	494875
sample	repeated	slob	lzma2	exact	960	492125
sample	repeated	slob	lzma2	exact	961	1015709
sample	repeated	slob	lzma2	exact	962	637375
sample	repeated	slob	lzma2	exact	963	407417
sample	repeated	slob	lzma2	exact	964	503958
sample	repeated	slob	lzma2	exact	965	398042
sample	repeated	slob	lzma2	exact	966	431041
sample	repeated	slob	lzma2	exact	967	493500
sample	repeated	slob	lzma2	exact	968	498042
sample	repeated	slob	lzma2	exact	969	745666
sample	repeated	slob	lzma2	exact	970	614042
sample	repeated	slob	lzma2	exact	971	399708
sample	repeated	slob	lzma2	exact	972	496959
sample	repeated	slob	lzma2	exact	973	405250
sample	repeated	slob	lzma2	exact	974	428042
sample	repeated	slob	lzma2	exact	975	492042
sample	repeated	slob	lzma2	exact	976	1045792
sample	repeated	slob	lzma2	exact	977	368625
sample	repeated	slob	lzma2	exact	978	427875
sample	repeated	slob	lzma2	exact	979	395750
sample	repeated	slob	lzma2	exact	980	493708
sample	repeated	slob	lzma2	exact	981	394542
sample	repeated	slob	lzma2	exact	982	426291
sample	repeated	slob	lzma2	exact	983	652958
sample	repeated	slob	lzma2	exact	984	509750
sample	repeated	slob	lzma2	exact	985	374792
sample	repeated	slob	lzma2	exact	986	876959
sample	repeated	slob	lzma2	exact	987	404166
sample	repeated	slob	lzma2	exact	988	496417
sample	repeated	slob	lzma2	exact	989	396292
sample	repeated	slob	lzma2	exact	990	576709
sample	repeated	slob	lzma2	exact	991	501583
sample	repeated	slob	lzma2	exact	992	495375
sample	repeated	slob	lzma2	exact	993	366125
sample	repeated	slob	lzma2	exact	994	428167
sample	repeated	slob	lzma2	exact	995	403583
sample	repeated	slob	lzma2	exact	996	492459
sample	repeated	slob	lzma2	exact	997	395875
sample	repeated	slob	lzma2	exact	998	426125
sample	repeated	slob	lzma2	exact	999	490667
sample	repeated	slob	lzma2	prefix	0	715125
sample	repeated	slob	lzma2	prefix	1	1726792
sample	repeated	slob	lzma2	prefix	2	18196750
sample	repeated	slob	lzma2	prefix	3	18874541
sample	repeated	slob	lzma2	prefix	4	821292
sample	repeated	slob	lzma2	prefix	5	1149792
sample	repeated	slob	lzma2	prefix	6	17582791
sample	repeated	slob	lzma2	prefix	7	17035166
sample	repeated	slob	lzma2	prefix	8	709791
sample	repeated	slob	lzma2	prefix	9	988709
sample	repeated	slob	lzma2	prefix	10	18297166
sample	repeated	slob	lzma2	prefix	11	18072167
sample	repeated	slob	lzma2	prefix	12	842750
sample	repeated	slob	lzma2	prefix	13	800417
sample	repeated	slob	lzma2	prefix	14	17105708
sample	repeated	slob	lzma2	prefix	15	17728292
sample	repeated	slob	lzma2	prefix	16	713042
sample	repeated	slob	lzma2	prefix	17	2015459
sample	repeated	slob	lzma2	prefix	18	19056625
sample	repeated	slob	lzma2	prefix	19	20832125
sample	repeated	slob	lzma2	prefix	20	820500
sample	repeated	slob	lzma2	prefix	21	1168791
sample	repeated	slob	lzma2	prefix	22	18033917
sample	repeated	slob	lzma2	prefix	23	17246750
sample	repeated	slob	lzma2	prefix	24	833834
sample	repeated	slob	lzma2	prefix	25	1581667
sample	repeated	slob	lzma2	prefix	26	17554750
sample	repeated	slob	lzma2	prefix	27	17891334
sample	repeated	slob	lzma2	prefix	28	843959
sample	repeated	slob	lzma2	prefix	29	816250
sample	repeated	slob	lzma2	prefix	30	17457041
sample	repeated	slob	lzma2	prefix	31	16580375
sample	repeated	slob	lzma2	prefix	32	734708
sample	repeated	slob	lzma2	prefix	33	1002708
sample	repeated	slob	lzma2	prefix	34	17381333
sample	repeated	slob	lzma2	prefix	35	18171041
sample	repeated	slob	lzma2	prefix	36	1501959
sample	repeated	slob	lzma2	prefix	37	812041
sample	repeated	slob	lzma2	prefix	38	19330041
sample	repeated	slob	lzma2	prefix	39	20273750
sample	repeated	slob	lzma2	prefix	40	703959
sample	repeated	slob	lzma2	prefix	41	1138958
sample	repeated	slob	lzma2	prefix	42	17894834
sample	repeated	slob	lzma2	prefix	43	18628000
sample	repeated	slob	lzma2	prefix	44	852125
sample	repeated	slob	lzma2	prefix	45	807792
sample	repeated	slob	lzma2	prefix	46	17851125
sample	repeated	slob	lzma2	prefix	47	18423375
sample	repeated	slob	lzma2	prefix	48	775875
sample	repeated	slob	lzma2	prefix	49	1083708
sample	repeated	slob	lzma2	prefix	50	18023500
sample	repeated	slob	lzma2	prefix	51	19156500
sample	repeated	slob	lzma2	prefix	52	825292
sample	repeated	slob	lzma2	prefix	53	800583
sample	repeated	slob	lzma2	prefix	54	18042875
sample	repeated	slob	lzma2	prefix	55	17689125
sample	repeated	slob	lzma2	prefix	56	1333792
sample	repeated	slob	lzma2	prefix	57	1090208
sample	repeated	slob	lzma2	prefix	58	17726375
sample	repeated	slob	lzma2	prefix	59	18901459
sample	repeated	slob	lzma2	prefix	60	834333
sample	repeated	slob	lzma2	prefix	61	822792
sample	repeated	slob	lzma2	prefix	62	17928292
sample	repeated	slob	lzma2	prefix	63	21007042
sample	repeated	slob	lzma2	prefix	64	1181042
sample	repeated	slob	lzma2	prefix	65	2119791
sample	repeated	slob	lzma2	prefix	66	21353250
sample	repeated	slob	lzma2	prefix	67	24227250
sample	repeated	slob	lzma2	prefix	68	855250
sample	repeated	slob	lzma2	prefix	69	981500
sample	repeated	slob	lzma2	prefix	70	18645833
sample	repeated	slob	lzma2	prefix	71	28950333
sample	repeated	slob	lzma2	prefix	72	994459
sample	repeated	slob	lzma2	prefix	73	2888541
sample	repeated	slob	lzma2	prefix	74	41023791
sample	repeated	slob	lzma2	prefix	75	37804584
sample	repeated	slob	lzma2	prefix	76	2303083
sample	repeated	slob	lzma2	prefix	77	2072459
sample	repeated	slob	lzma2	prefix	78	28046959
sample	repeated	slob	lzma2	prefix	79	28672375
sample	repeated	slob	lzma2	prefix	80	2218958
sample	repeated	slob	lzma2	prefix	81	1688042
sample	repeated	slob	lzma2	prefix	82	24833917
sample	repeated	slob	lzma2	prefix	83	23515375
sample	repeated	slob	lzma2	prefix	84	1449333
sample	repeated	slob	lzma2	prefix	85	1440708
sample	repeated	slob	lzma2	prefix	86	21034125
sample	repeated	slob	lzma2	prefix	87	23350541
sample	repeated	slob	lzma2	prefix	88	1359375
sample	repeated	slob	lzma2	prefix	89	1429333
sample	repeated	slob	lzma2	prefix	90	22498584
sample	repeated	slob	lzma2	prefix	91	22903000
sample	repeated	slob	lzma2	prefix	92	1818250
sample	repeated	slob	lzma2	prefix	93	858458
sample	repeated	slob	lzma2	prefix	94	26443958
sample	repeated	slob	lzma2	prefix	95	18929834
sample	repeated	slob	lzma2	prefix	96	866750
sample	repeated	slob	lzma2	prefix	97	1006125
sample	repeated	slob	lzma2	prefix	98	20761333
sample	repeated	slob	lzma2	prefix	99	19972209
sample	repeated	slob	lzma2	prefix	100	1043500
sample	repeated	slob	lzma2	prefix	101	1024625
sample	repeated	slob	lzma2	prefix	102	19382291
sample	repeated	slob	lzma2	prefix	103	17530500
sample	repeated	slob	lzma2	prefix	104	2135792
sample	repeated	slob	lzma2	prefix	105	1215917
sample	repeated	slob	lzma2	prefix	106	18349750
sample	repeated	slob	lzma2	prefix	107	18180291
sample	repeated	slob	lzma2	prefix	108	857833
sample	repeated	slob	lzma2	prefix	109	807666
sample	repeated	slob	lzma2	prefix	110	18631917
sample	repeated	slob	lzma2	prefix	111	19307250
sample	repeated	slob	lzma2	prefix	112	768375
sample	repeated	slob	lzma2	prefix	113	1015083
sample	repeated	slob	lzma2	prefix	114	20931958
sample	repeated	slob	lzma2	prefix	115	18359208
sample	repeated	slob	lzma2	prefix	116	1035667
sample	repeated	slob	lzma2	prefix	117	910625
sample	repeated	slob	lzma2	prefix	118	19456209
sample	repeated	slob	lzma2	prefix	119	21631458
sample	repeated	slob	lzma2	prefix	120	1256958
sample	repeated	slob	lzma2	prefix	121	1999875
sample	repeated	slob	lzma2	prefix	122	26125500
sample	repeated	slob	lzma2	prefix	123	38860000
sample	repeated	slob	lzma2	prefix	124	1309125
sample	repeated	slob	lzma2	prefix	125	2126292
sample	repeated	slob	lzma2	prefix	126	35073375
sample	repeated	slob	lzma2	prefix	127	24129542
sample	repeated	slob	lzma2	prefix	128	834916
sample	repeated	slob	lzma2	prefix	129	1854958
sample	repeated	slob	lzma2	prefix	130	19994459
sample	repeated	slob	lzma2	prefix	131	21396166
sample	repeated	slob	lzma2	prefix	132	854584
sample	repeated	slob	lzma2	prefix	133	808875
sample	repeated	slob	lzma2	prefix	134	20809083
sample	repeated	slob	lzma2	prefix	135	24235917
sample	repeated	slob	lzma2	prefix	136	1087042
sample	repeated	slob	lzma2	prefix	137	1178834
sample	repeated	slob	lzma2	prefix	138	19456917
sample	repeated	slob	lzma2	prefix	139	21903709
sample	repeated	slob	lzma2	prefix	140	841167
sample	repeated	slob	lzma2	prefix	141	801958
sample	repeated	slob	lzma2	prefix	142	21560375
sample	repeated	slob	lzma2	prefix	143	19252792
sample	repeated	slob	lzma2	prefix	144	1001417
sample	repeated	slob	lzma2	prefix	145	1273375
sample	repeated	slob	lzma2	prefix	146	20681750
sample	repeated	slob	lzma2	prefix	147	23000584
sample	repeated	slob	lzma2	prefix	148	841250
sample	repeated	slob	lzma2	prefix	149	1337458
sample	repeated	slob	lzma2	prefix	150	18250292
sample	repeated	slob	lzma2	prefix	151	18402875
sample	repeated	slob	lzma2	prefix	152	728667
sample	repeated	slob	lzma2	prefix	153	1116375
sample	repeated	slob	lzma2	prefix	154	21516958
sample	repeated	slob	lzma2	prefix	155	17795625
sample	repeated	slob	lzma2	prefix	156	845167
sample	repeated	slob	lzma2	prefix	157	803958
sample	repeated	slob	lzma2	prefix	158	18637000
sample	repeated	slob	lzma2	prefix	159	17179292
sample	repeated	slob	lzma2	prefix	160	1221625
sample	repeated	slob	lzma2	prefix	161	1959875
sample	repeated	slob	lzma2	prefix	162	18441750
sample	repeated	slob	lzma2	prefix	163	17696166
sample	repeated	slob	lzma2	prefix	164	864708
sample	repeated	slob	lzma2	prefix	165	804666
sample	repeated	slob	lzma2	prefix	166	27987625
sample	repeated	slob	lzma2	prefix	167	19872000
sample	repeated	slob	lzma2	prefix	168	813500
sample	repeated	slob	lzma2	prefix	169	1035666
sample	repeated	slob	lzma2	prefix	170	19127833
sample	repeated	slob	lzma2	prefix	171	20304333
sample	repeated	slob	lzma2	prefix	172	838584
sample	repeated	slob	lzma2	prefix	173	808583
sample	repeated	slob	lzma2	prefix	174	20056209
sample	repeated	slob	lzma2	prefix	175	18546500
sample	repeated	slob	lzma2	prefix	176	726959
sample	repeated	slob	lzma2	prefix	177	1011625
sample	repeated	slob	lzma2	prefix	178	19900500
sample	repeated	slob	lzma2	prefix	179	18396792
sample	repeated	slob	lzma2	prefix	180	857375
sample	repeated	slob	lzma2	prefix	181	867792
sample	repeated	slob	lzma2	prefix	182	19385625
sample	repeated	slob	lzma2	prefix	183	17581833
sample	repeated	slob	lzma2	prefix	184	743959
sample	repeated	slob	lzma2	prefix	185	1137292
sample	repeated	slob	lzma2	prefix	186	20643500
sample	repeated	slob	lzma2	prefix	187	23312583
sample	repeated	slob	lzma2	prefix	188	1076166
sample	repeated	slob	lzma2	prefix	189	810083
sample	repeated	slob	lzma2	prefix	190	24757792
sample	repeated	slob	lzma2	prefix	191	21066250
sample	repeated	slob	lzma2	prefix	192	796584
sample	repeated	slob	lzma2	prefix	193	1808625
sample	repeated	slob	lzma2	prefix	194	21641208
sample	repeated	slob	lzma2	prefix	195	21716917
sample	repeated	slob	lzma2	prefix	196	831958
sample	repeated	slob	lzma2	prefix	197	807167
sample	repeated	slob	lzma2	prefix	198	19802334
sample	repeated	slob	lzma2	prefix	199	19834416
sample	repeated	slob	lzma2	prefix	200	805583
sample	repeated	slob	lzma2	prefix	201	1127875
sample	repeated	slob	lzma2	prefix	202	20120792
sample	repeated	slob	lzma2	prefix	203	21731000
sample	repeated	slob	lzma2	prefix	204	942084
sample	repeated	slob	lzma2	prefix	205	1535875
sample	repeated	slob	lzma2	prefix	206	20914375
sample	repeated	slob	lzma2	prefix	207	21797750
sample	repeated	slob	lzma2	prefix	208	738125
sample	repeated	slob	lzma2	prefix	209	1138875
sample	repeated	slob	lzma2	prefix	210	18232750
sample	repeated	slob	lzma2	prefix	211	22102959
sample	repeated	slob	lzma2	prefix	212	840500
sample	repeated	slob	lzma2	prefix	213	807417
sample	repeated	slob	lzma2	prefix	214	19302584
sample	repeated	slob	lzma2	prefix	215	18175042
sample	repeated	slob	lzma2	prefix	216	806292
sample	repeated	slob	lzma2	prefix	217	1333041
sample	repeated	slob	lzma2	prefix	218	18676666
sample	repeated	slob	lzma2	prefix	219	19949958
sample	repeated	slob	lzma2	prefix	220	874125
sample	repeated	slob	lzma2	prefix	221	816209
sample	repeated	slob	lzma2	prefix	222	17147167
sample	repeated	slob	lzma2	prefix	223	18285959
sample	repeated	slob	lzma2	prefix	224	724292
sample	repeated	slob	lzma2	prefix	225	1663958
sample	repeated	slob	lzma2	prefix	226	18948875
sample	repeated	slob	lzma2	prefix	227	21138375
sample	repeated	slob	lzma2	prefix	228	849458
sample	repeated	slob	lzma2	prefix	229	806250
sample	repeated	slob	lzma2	prefix	230	19434042
sample	repeated	slob	lzma2	prefix	231	18896292
sample	repeated	slob	lzma2	prefix	232	745833
sample	repeated	slob	lzma2	prefix	233	1012166
sample	repeated	slob	lzma2	prefix	234	17644292
sample	repeated	slob	lzma2	prefix	235	18434709
sample	repeated	slob	lzma2	prefix	236	987667
sample	repeated	slob	lzma2	prefix	237	833291
sample	repeated	slob	lzma2	prefix	238	20378667
sample	repeated	slob	lzma2	prefix	239	18087166
sample	repeated	slob	lzma2	prefix	240	722167
sample	repeated	slob	lzma2	prefix	241	1112417
sample	repeated	slob	lzma2	prefix	242	18082417
sample	repeated	slob	lzma2	prefix	243	17332291
sample	repeated	slob	lzma2	prefix	244	824792
sample	repeated	slob	lzma2	prefix	245	875750
sample	repeated	slob	lzma2	prefix	246	21479708
sample	repeated	slob	lzma2	prefix	247	18547375
sample	repeated	slob	lzma2	prefix	248	1204708
sample	repeated	slob	lzma2	prefix	249	1720417
sample	repeated	slob	lzma2	prefix	250	18464959
sample	repeated	slob	lzma2	prefix	251	18664250
sample	repeated	slob	lzma2	prefix	252	833917
sample	repeated	slob	lzma2	prefix	253	807542
sample	repeated	slob	lzma2	prefix	254	17285375
sample	repeated	slob	lzma2	prefix	255	18391709
sample	repeated	slob	lzma2	prefix	256	742000
sample	repeated	slob	lzma2	prefix	257	1090666
sample	repeated	slob	lzma2	prefix	258	18702959
sample	repeated	slob	lzma2	prefix	259	17555917
sample	repeated	slob	lzma2	prefix	260	1191125
sample	repeated	slob	lzma2	prefix	261	810083
sample	repeated	slob	lzma2	prefix	262	19898291
sample	repeated	slob	lzma2	prefix	263	18514375
sample	repeated	slob	lzma2	prefix	264	774041
sample	repeated	slob	lzma2	prefix	265	1062125
sample	repeated	slob	lzma2	prefix	266	19534209
sample	repeated	slob	lzma2	prefix	267	18775500
sample	repeated	slob	lzma2	prefix	268	917875
sample	repeated	slob	lzma2	prefix	269	812834
sample	repeated	slob	lzma2	prefix	270	18873125
sample	repeated	slob	lzma2	prefix	271	17455292
sample	repeated	slob	lzma2	prefix	272	762750
sample	repeated	slob	lzma2	prefix	273	1107417
sample	repeated	slob	lzma2	prefix	274	16858667
sample	repeated	slob	lzma2	prefix	275	17329208
sample	repeated	slob	lzma2	prefix	276	879084
sample	repeated	slob	lzma2	prefix	277	818875
sample	repeated	slob	lzma2	prefix	278	17530000
sample	repeated	slob	lzma2	prefix	279	17422625
sample	repeated	slob	lzma2	prefix	280	729250
sample	repeated	slob	lzma2	prefix	281	1007916
sample	repeated	slob	lzma2	prefix	282	17699375
sample	repeated	slob	lzma2	prefix	283	17113333
sample	repeated	slob	lzma2	prefix	284	844292
sample	repeated	slob	lzma2	prefix	285	913000
sample	repeated	slob	lzma2	prefix	286	17650292
sample	repeated	slob	lzma2	prefix	287	19681666
sample	repeated	slob	lzma2	prefix	288	725958
sample	repeated	slob	lzma2	prefix	289	1002708
sample	repeated	slob	lzma2	prefix	290	18805916
sample	repeated	slob	lzma2	prefix	291	18034917
sample	repeated	slob	lzma2	prefix	292	874708
sample	repeated	slob	lzma2	prefix	293	810500
sample	repeated	slob	lzma2	prefix	294	18408292
sample	repeated	slob	lzma2	prefix	295	27677541
sample	repeated	slob	lzma2	prefix	296	782041
sample	repeated	slob	lzma2	prefix	297	1128208
sample	repeated	slob	lzma2	prefix	298	20773166
sample	repeated	slob	lzma2	prefix	299	21850708
sample	repeated	slob	lzma2	prefix	300	1015292
sample	repeated	slob	lzma2	prefix	301	1375291
sample	repeated	slob	lzma2	prefix	302	20540542
sample	repeated	slob	lzma2	prefix	303	21022000
sample	repeated	slob	lzma2	prefix	304	1724041
sample	repeated	slob	lzma2	prefix	305	1135667
sample	repeated	slob	lzma2	prefix	306	19220292
sample	repeated	slob	lzma2	prefix	307	23463875
sample	repeated	slob	lzma2	prefix	308	885250
sample	repeated	slob	lzma2	prefix	309	1900667
sample	repeated	slob	lzma2	prefix	310	19083750
sample	repeated	slob	lzma2	prefix	311	19253875
sample	repeated	slob	lzma2	prefix	312	744166
sample	repeated	slob	lzma2	prefix	313	1278792
sample	repeated	slob	lzma2	prefix	314	19843125
sample	repeated	slob	lzma2	prefix	315	23563000
sample	repeated	slob	lzma2	prefix	316	2071333
sample	repeated	slob	lzma2	prefix	317	1738458
sample	repeated	slob	lzma2	prefix	318	23963375
sample	repeated	slob	lzma2	prefix	319	24411750
sample	repeated	slob	lzma2	prefix	320	813625
sample	repeated	slob	lzma2	prefix	321	1527583
sample	repeated	slob	lzma2	prefix	322	17585542
sample	repeated	slob	lzma2	prefix	323	18956416
sample	repeated	slob	lzma2	prefix	324	1021083
sample	repeated	slob	lzma2	prefix	325	1484042
sample	repeated	slob	lzma2	prefix	326	19963541
sample	repeated	slob	lzma2	prefix	327	17923041
sample	repeated	slob	lzma2	prefix	328	1289250
sample	repeated	slob	lzma2	prefix	329	1106459
sample	repeated	slob	lzma2	prefix	330	18462667
sample	repeated	slob	lzma2	prefix	331	20165917
sample	repeated	slob	lzma2	prefix	332	867709
sample	repeated	slob	lzma2	prefix	333	887875
sample	repeated	slob	lzma2	prefix	334	17554500
sample	repeated	slob	lzma2	prefix	335	19083042
sample	repeated	slob	lzma2	prefix	336	728125
sample	repeated	slob	lzma2	prefix	337	1028250
sample	repeated	slob	lzma2	prefix	338	18148875
sample	repeated	slob	lzma2	prefix	339	18250000
sample	repeated	slob	lzma2	prefix	340	932375
sample	repeated	slob	lzma2	prefix	341	821834
sample	repeated	slob	lzma2	prefix	342	18245750
sample	repeated	slob	lzma2	prefix	343	17573541
sample	repeated	slob	lzma2	prefix	344	738125
sample	repeated	slob	lzma2	prefix	345	1330750
sample	repeated	slob	lzma2	prefix	346	18725667
sample	repeated	slob	lzma2	prefix	347	18311333
sample	repeated	slob	lzma2	prefix	348	856291
sample	repeated	slob	lzma2	prefix	349	791791
sample	repeated	slob	lzma2	prefix	350	17446334
sample	repeated	slob	lzma2	prefix	351	17796750
sample	repeated	slob	lzma2	prefix	352	745583
sample	repeated	slob	lzma2	prefix	353	1087708
sample	repeated	slob	lzma2	prefix	354	17824125
sample	repeated	slob	lzma2	prefix	355	19388584
sample	repeated	slob	lzma2	prefix	356	860125
sample	repeated	slob	lzma2	prefix	357	813084
sample	repeated	slob	lzma2	prefix	358	18319667
sample	repeated	slob	lzma2	prefix	359	19279917
sample	repeated	slob	lzma2	prefix	360	724500
sample	repeated	slob	lzma2	prefix	361	1034417
sample	repeated	slob	lzma2	prefix	362	18039292
sample	repeated	slob	lzma2	prefix	363	16904667
sample	repeated	slob	lzma2	prefix	364	837250
sample	repeated	slob	lzma2	prefix	365	1143708
sample	repeated	slob	lzma2	prefix	366	19721875
sample	repeated	slob	lzma2	prefix	367	19037458
sample	repeated	slob	lzma2	prefix	368	738041
sample	repeated	slob	lzma2	prefix	369	1425209
sample	repeated	slob	lzma2	prefix	370	18951000
sample	repeated	slob	lzma2	prefix	371	20158375
sample	repeated	slob	lzma2	prefix	372	886000
sample	repeated	slob	lzma2	prefix	373	833709
sample	repeated	slob	lzma2	prefix	374	18870375
sample	repeated	slob	lzma2	prefix	375	18299167
sample	repeated	slob	lzma2	prefix	376	730750
sample	repeated	slob	lzma2	prefix	377	1138292
sample	repeated	slob	lzma2	prefix	378	18728958
sample	repeated	slob	lzma2	prefix	379	18560667
sample	repeated	slob	lzma2	prefix	380	882000
sample	repeated	slob	lzma2	prefix	381	1682750
sample	repeated	slob	lzma2	prefix	382	17881250
sample	repeated	slob	lzma2	prefix	383	17912833
sample	repeated	slob	lzma2	prefix	384	812708
sample	repeated	slob	lzma2	prefix	385	1662084
sample	repeated	slob	lzma2	prefix	386	18374209
sample	repeated	slob	lzma2	prefix	387	19919333
sample	repeated	slob	lzma2	prefix	388	906042
sample	repeated	slob	lzma2	prefix	389	861625
sample	repeated	slob	lzma2	prefix	390	21851583
sample	repeated	slob	lzma2	prefix	391	17557750
sample	repeated	slob	lzma2	prefix	392	727375
sample	repeated	slob	lzma2	prefix	393	1007666
sample	repeated	slob	lzma2	prefix	394	18337500
sample	repeated	slob	lzma2	prefix	395	18721667
sample	repeated	slob	lzma2	prefix	396	858125
sample	repeated	slob	lzma2	prefix	397	798666
sample	repeated	slob	lzma2	prefix	398	19719459
sample	repeated	slob	lzma2	prefix	399	18508708
sample	repeated	slob	lzma2	prefix	400	814791
sample	repeated	slob	lzma2	prefix	401	1030208
sample	repeated	slob	lzma2	prefix	402	18808250
sample	repeated	slob	lzma2	prefix	403	19611750
sample	repeated	slob	lzma2	prefix	404	883333
sample	repeated	slob	lzma2	prefix	405	863375
sample	repeated	slob	lzma2	prefix	406	18117667
sample	repeated	slob	lzma2	prefix	407	17583958
sample	repeated	slob	lzma2	prefix	408	786833
sample	repeated	slob	lzma2	prefix	409	1336458
sample	repeated	slob	lzma2	prefix	410	18547750
sample	repeated	slob	lzma2	prefix	411	17741292
sample	repeated	slob	lzma2	prefix	412	965625
sample	repeated	slob	lzma2	prefix	413	811750
sample	repeated	slob	lzma2	prefix	414	19657625
sample	repeated	slob	lzma2	prefix	415	18991875
sample	repeated	slob	lzma2	prefix	416	796125
sample	repeated	slob	lzma2	prefix	417	1029208
sample	repeated	slob	lzma2	prefix	418	18558500
sample	repeated	slob	lzma2	prefix	419	18848042
sample	repeated	slob	lzma2	prefix	420	834042
sample	repeated	slob	lzma2	prefix	421	797417
sample	repeated	slob	lzma2	prefix	422	17228500
sample	repeated	slob	lzma2	prefix	423	17761042
sample	repeated	slob	lzma2	prefix	424	773500
sample	repeated	slob	lzma2	prefix	425	1024625
sample	repeated	slob	lzma2	prefix	426	18453708
sample	repeated	slob	lzma2	prefix	427	18061750
sample	repeated	slob	lzma2	prefix	428	847458
sample	repeated	slob	lzma2	prefix	429	1448666
sample	repeated	slob	lzma2	prefix	430	19674292
sample	repeated	slob	lzma2	prefix	431	17993417
sample	repeated	slob	lzma2	prefix	432	775750
sample	repeated	slob	lzma2	prefix	433	1192875
sample	repeated	slob	lzma2	prefix	434	17126250
sample	repeated	slob	lzma2	prefix	435	17895917
sample	repeated	slob	lzma2	prefix	436	868250
sample	repeated	slob	lzma2	prefix	437	808500
sample	repeated	slob	lzma2	prefix	438	18628375
sample	repeated	slob	lzma2	prefix	439	18785500
sample	repeated	slob	lzma2	prefix	440	761417
sample	repeated	slob	lzma2	prefix	441	1029667
sample	repeated	slob	lzma2	prefix	442	18623541
sample	repeated	slob	lzma2	prefix	443	18357167
sample	repeated	slob	lzma2	prefix	444	837167
sample	repeated	slob	lzma2	prefix	445	847583
sample	repeated	slob	lzma2	prefix	446	18383416
sample	repeated	slob	lzma2	prefix	447	17706958
sample	repeated	slob	lzma2	prefix	448	725958
sample	repeated	slob	lzma2	prefix	449	1193958
sample	repeated	slob	lzma2	prefix	450	20435125
sample	repeated	slob	lzma2	prefix	451	19227250
sample	repeated	slob	lzma2	prefix	452	955334
sample	repeated	slob	lzma2	prefix	453	1240833
sample	repeated	slob	lzma2	prefix	454	18814375
sample	repeated	slob	lzma2	prefix	455	17797209
sample	repeated	slob	lzma2	prefix	456	750208
sample	repeated	slob	lzma2	prefix	457	1005292
sample	repeated	slob	lzma2	prefix	458	19688417
sample	repeated	slob	lzma2	prefix	459	17780041
sample	repeated	slob	lzma2	prefix	460	833917
sample	repeated	slob	lzma2	prefix	461	812833
sample	repeated	slob	lzma2	prefix	462	20805875
sample	repeated	slob	lzma2	prefix	463	17703750
sample	repeated	slob	lzma2	prefix	464	729500
sample	repeated	slob	lzma2	prefix	465	1004333
sample	repeated	slob	lzma2	prefix	466	19346250
sample	repeated	slob	lzma2	prefix	467	19938917
sample	repeated	slob	lzma2	prefix	468	1301625
sample	repeated	slob	lzma2	prefix	469	810959
sample	repeated	slob	lzma2	prefix	470	17445917
sample	repeated	slob	lzma2	prefix	471	20825875
sample	repeated	slob	lzma2	prefix	472	729333
sample	repeated	slob	lzma2	prefix	473	1008083
sample	repeated	slob	lzma2	prefix	474	22095417
sample	repeated	slob	lzma2	prefix	475	20566875
sample	repeated	slob	lzma2	prefix	476	1239958
sample	repeated	slob	lzma2	prefix	477	1241917
sample	repeated	slob	lzma2	prefix	478	33204667
sample	repeated	slob	lzma2	prefix	479	30675417
sample	repeated	slob	lzma2	prefix	480	737709
sample	repeated	slob	lzma2	prefix	481	1010834
sample	repeated	slob	lzma2	prefix	482	26099000
sample	repeated	slob	lzma2	prefix	483	29754250
sample	repeated	slob	lzma2	prefix	484	1038625
sample	repeated	slob	lzma2	prefix	485	1030000
sample	repeated	slob	lzma2	prefix	486	23467500
sample	repeated	slob	lzma2	prefix	487	29338500
sample	repeated	slob	lzma2	prefix	488	1130875
sample	repeated	slob	lzma2	prefix	489	1364500
sample	repeated	slob	lzma2	prefix	490	20312500
sample	repeated	slob	lzma2	prefix	491	18525291
sample	repeated	slob	lzma2	prefix	492	861334
sample	repeated	slob	lzma2	prefix	493	810209
sample	repeated	slob	lzma2	prefix	494	18279833
sample	repeated	slob	lzma2	prefix	495	18739042
sample	repeated	slob	lzma2	prefix	496	749417
sample	repeated	slob	lzma2	prefix	497	1647667
sample	repeated	slob	lzma2	prefix	498	17606375
sample	repeated	slob	lzma2	prefix	499	21453542
sample	repeated	slob	lzma2	prefix	500	872500
sample	repeated	slob	lzma2	prefix	501	809291
sample	repeated	slob	lzma2	prefix	502	18739583
sample	repeated	slob	lzma2	prefix	503	19250334
sample	repeated	slob	lzma2	prefix	504	744958
sample	repeated	slob	lzma2	prefix	505	1017166
sample	repeated	slob	lzma2	prefix	506	23665917
sample	repeated	slob	lzma2	prefix	507	30855125
sample	repeated	slob	lzma2	prefix	508	853292
sample	repeated	slob	lzma2	prefix	509	804417
sample	repeated	slob	lzma2	prefix	510	23493833
sample	repeated	slob	lzma2	prefix	511	20528375
sample	repeated	slob	lzma2	prefix	512	1025667
sample	repeated	slob	lzma2	prefix	513	1097459
sample	repeated	slob	lzma2	prefix	514	23012875
sample	repeated	slob	lzma2	prefix	515	20491250
sample	repeated	slob	lzma2	prefix	516	841166
sample	repeated	slob	lzma2	prefix	517	893042
sample	repeated	slob	lzma2	prefix	518	21227375
sample	repeated	slob	lzma2	prefix	519	19880500
sample	repeated	slob	lzma2	prefix	520	747625
sample	repeated	slob	lzma2	prefix	521	1066916
sample	repeated	slob	lzma2	prefix	522	22349208
sample	repeated	slob	lzma2	prefix	523	26707500
sample	repeated	slob	lzma2	prefix	524	1046125
sample	repeated	slob	lzma2	prefix	525	1071666
sample	repeated	slob	lzma2	prefix	526	18198667
sample	repeated	slob	lzma2	prefix	527	20078083
sample	repeated	slob	lzma2	prefix	528	739250
sample	repeated	slob	lzma2	prefix	529	1053166
sample	repeated	slob	lzma2	prefix	530	16815125
sample	repeated	slob	lzma2	prefix	531	17774042
sample	repeated	slob	lzma2	prefix	532	839750
sample	repeated	slob	lzma2	prefix	533	811334
sample	repeated	slob	lzma2	prefix	534	18867125
sample	repeated	slob	lzma2	prefix	535	16983750
sample	repeated	slob	lzma2	prefix	536	726792
sample	repeated	slob	lzma2	prefix	537	1079792
sample	repeated	slob	lzma2	prefix	538	19635834
sample	repeated	slob	lzma2	prefix	539	17037833
sample	repeated	slob	lzma2	prefix	540	942875
sample	repeated	slob	lzma2	prefix	541	813000
sample	repeated	slob	lzma2	prefix	542	18243625
sample	repeated	slob	lzma2	prefix	543	19472000
sample	repeated	slob	lzma2	prefix	544	736042
sample	repeated	slob	lzma2	prefix	545	1166208
sample	repeated	slob	lzma2	prefix	546	19114334
sample	repeated	slob	lzma2	prefix	547	17880959
sample	repeated	slob	lzma2	prefix	548	831458
sample	repeated	slob	lzma2	prefix	549	795000
sample	repeated	slob	lzma2	prefix	550	17111709
sample	repeated	slob	lzma2	prefix	551	16985667
sample	repeated	slob	lzma2	prefix	552	767458
sample	repeated	slob	lzma2	prefix	553	997958
sample	repeated	slob	lzma2	prefix	554	19569417
sample	repeated	slob	lzma2	prefix	555	20190750
sample	repeated	slob	lzma2	prefix	556	820250
sample	repeated	slob	lzma2	prefix	557	791083
sample	repeated	slob	lzma2	prefix	558	17637083
sample	repeated	slob	lzma2	prefix	559	17538500
sample	repeated	slob	lzma2	prefix	560	1119625
sample	repeated	slob	lzma2	prefix	561	1063416
sample	repeated	slob	lzma2	prefix	562	17604500
sample	repeated	slob	lzma2	prefix	563	22827375
sample	repeated	slob	lzma2	prefix	564	1205708
sample	repeated	slob	lzma2	prefix	565	818959
sample	repeated	slob	lzma2	prefix	566	20847583
sample	repeated	slob	lzma2	prefix	567	20883209
sample	repeated	slob	lzma2	prefix	568	1452458
sample	repeated	slob	lzma2	prefix	569	2322250
sample	repeated	slob	lzma2	prefix	570	25288792
sample	repeated	slob	lzma2	prefix	571	31102125
sample	repeated	slob	lzma2	prefix	572	2841000
sample	repeated	slob	lzma2	prefix	573	1275292
sample	repeated	slob	lzma2	prefix	574	27189375
sample	repeated	slob	lzma2	prefix	575	26820583
sample	repeated	slob	lzma2	prefix	576	736125
sample	repeated	slob	lzma2	prefix	577	1000416
sample	repeated	slob	lzma2	prefix	578	17103583
sample	repeated	slob	lzma2	prefix	579	18298542
sample	repeated	slob	lzma2	prefix	580	1072667
sample	repeated	slob	lzma2	prefix	581	1229583
sample	repeated	slob	lzma2	prefix	582	19145084
sample	repeated	slob	lzma2	prefix	583	17641959
sample	repeated	slob	lzma2	prefix	584	721917
sample	repeated	slob	lzma2	prefix	585	1231834
sample	repeated	slob	lzma2	prefix	586	19354167
sample	repeated	slob	lzma2	prefix	587	17301291
sample	repeated	slob	lzma2	prefix	588	873000
sample	repeated	slob	lzma2	prefix	589	822167
sample	repeated	slob	lzma2	prefix	590	20064333
sample	repeated	slob	lzma2	prefix	591	22746333
sample	repeated	slob	lzma2	prefix	592	724834
sample	repeated	slob	lzma2	prefix	593	1304333
sample	repeated	slob	lzma2	prefix	594	21489667
sample	repeated	slob	lzma2	prefix	595	16919875
sample	repeated	slob	lzma2	prefix	596	842084
sample	repeated	slob	lzma2	prefix	597	1045583
sample	repeated	slob	lzma2	prefix	598	18846375
sample	repeated	slob	lzma2	prefix	599	19587292
sample	repeated	slob	lzma2	prefix	600	951708
sample	repeated	slob	lzma2	prefix	601	1405084
sample	repeated	slob	lzma2	prefix	602	20622042
sample	repeated	slob	lzma2	prefix	603	20561916
sample	repeated	slob	lzma2	prefix	604	1150334
sample	repeated	slob	lzma2	prefix	605	819750
sample	repeated	slob	lzma2	prefix	606	18363375
sample	repeated	slob	lzma2	prefix	607	18647625
sample	repeated	slob	lzma2	prefix	608	728625
sample	repeated	slob	lzma2	prefix	609	1283750
sample	repeated	slob	lzma2	prefix	610	18702000
sample	repeated	slob	lzma2	prefix	611	16927292
sample	repeated	slob	lzma2	prefix	612	1770917
sample	repeated	slob	lzma2	prefix	613	817875
sample	repeated	slob	lzma2	prefix	614	18624209
sample	repeated	slob	lzma2	prefix	615	18070542
sample	repeated	slob	lzma2	prefix	616	1676000
sample	repeated	slob	lzma2	prefix	617	1018292
sample	repeated	slob	lzma2	prefix	618	17585458
sample	repeated	slob	lzma2	prefix	619	19280375
sample	repeated	slob	lzma2	prefix	620	906333
sample	repeated	slob	lzma2	prefix	621	794666
sample	repeated	slob	lzma2	prefix	622	17855333
sample	repeated	slob	lzma2	prefix	623	18793500
sample	repeated	slob	lzma2	prefix	624	734041
sample	repeated	slob	lzma2	prefix	625	1145459
sample	repeated	slob	lzma2	prefix	626	18310959
sample	repeated	slob	lzma2	prefix	627	18822667
sample	repeated	slob	lzma2	prefix	628	827084
sample	repeated	slob	lzma2	prefix	629	803750
sample	repeated	slob	lzma2	prefix	630	17143500
sample	repeated	slob	lzma2	prefix	631	17566333
sample	repeated	slob	lzma2	prefix	632	732208
sample	repeated	slob	lzma2	prefix	633	1656209
sample	repeated	slob	lzma2	prefix	634	19255541
sample	repeated	slob	lzma2	prefix	635	17719208
sample	repeated	slob	lzma2	prefix	636	880125
sample	repeated	slob	lzma2	prefix	637	808292
sample	repeated	slob	lzma2	prefix	638	18025291
sample	repeated	slob	lzma2	prefix	639	19010042
sample	repeated	slob	lzma2	prefix	640	726958
sample	repeated	slob	lzma2	prefix	641	1046542
sample	repeated	slob	lzma2	prefix	642	17472834
sample	repeated	slob	lzma2	prefix	643	19212292
sample	repeated	slob	lzma2	prefix	644	827042
sample	repeated	slob	lzma2	prefix	645	798250
sample	repeated	slob	lzma2	prefix	646	17748458
sample	repeated	slob	lzma2	prefix	647	16930666
sample	repeated	slob	lzma2	prefix	648	722583
sample	repeated	slob	lzma2	prefix	649	1095083
sample	repeated	slob	lzma2	prefix	650	18494292
sample	repeated	slob	lzma2	prefix	651	16571792
sample	repeated	slob	lzma2	prefix	652	1065375
sample	repeated	slob	lzma2	prefix	653	941000
sample	repeated	slob	lzma2	prefix	654	18161792
sample	repeated	slob	lzma2	prefix	655	18203333
sample	repeated	slob	lzma2	prefix	656	717916
sample	repeated	slob	lzma2	prefix	657	1000750
sample	repeated	slob	lzma2	prefix	658	17655834
sample	repeated	slob	lzma2	prefix	659	18526459
sample	repeated	slob	lzma2	prefix	660	819209
sample	repeated	slob	lzma2	prefix	661	789167
sample	repeated	slob	lzma2	prefix	662	15994791
sample	repeated	slob	lzma2	prefix	663	19161333
sample	repeated	slob	lzma2	prefix	664	750500
sample	repeated	slob	lzma2	prefix	665	996667
sample	repeated	slob	lzma2	prefix	666	19211208
sample	repeated	slob	lzma2	prefix	667	20497459
sample	repeated	slob	lzma2	prefix	668	837542
sample	repeated	slob	lzma2	prefix	669	808833
sample	repeated	slob	lzma2	prefix	670	17508750
sample	repeated	slob	lzma2	prefix	671	17514792
sample	repeated	slob	lzma2	prefix	672	748958
sample	repeated	slob	lzma2	prefix	673	1413500
sample	repeated	slob	lzma2	prefix	674	18434000
sample	repeated	slob	lzma2	prefix	675	17201417
sample	repeated	slob	lzma2	prefix	676	839500
sample	repeated	slob	lzma2	prefix	677	800750
sample	repeated	slob	lzma2	prefix	678	16823125
sample	repeated	slob	lzma2	prefix	679	19906000
sample	repeated	slob	lzma2	prefix	680	777542
sample	repeated	slob	lzma2	prefix	681	1009208
sample	repeated	slob	lzma2	prefix	682	16925417
sample	repeated	slob	lzma2	prefix	683	16786459
sample	repeated	slob	lzma2	prefix	684	838291
sample	repeated	slob	lzma2	prefix	685	804625
sample	repeated	slob	lzma2	prefix	686	24517917
sample	repeated	slob	lzma2	prefix	687	17448292
sample	repeated	slob	lzma2	prefix	688	737209
sample	repeated	slob	lzma2	prefix	689	991583
sample	repeated	slob	lzma2	prefix	690	19387708
sample	repeated	slob	lzma2	prefix	691	20445917
sample	repeated	slob	lzma2	prefix	692	1368291
sample	repeated	slob	lzma2	prefix	693	819000
sample	repeated	slob	lzma2	prefix	694	19885917
sample	repeated	slob	lzma2	prefix	695	18654500
sample	repeated	slob	lzma2	prefix	696	991209
sample	repeated	slob	lzma2	prefix	697	1003750
sample	repeated	slob	lzma2	prefix	698	17640959
sample	repeated	slob	lzma2	prefix	699	17505042
sample	repeated	slob	lzma2	prefix	700	1616375
sample	repeated	slob	lzma2	prefix	701	855625
sample	repeated	slob	lzma2	prefix	702	19192209
sample	repeated	slob	lzma2	prefix	703	17904042
sample	repeated	slob	lzma2	prefix	704	718292
sample	repeated	slob	lzma2	prefix	705	1565917
sample	repeated	slob	lzma2	prefix	706	17211708
sample	repeated	slob	lzma2	prefix	707	19029959
sample	repeated	slob	lzma2	prefix	708	828667
sample	repeated	slob	lzma2	prefix	709	800208
sample	repeated	slob	lzma2	prefix	710	16854167
sample	repeated	slob	lzma2	prefix	711	20630375
sample	repeated	slob	lzma2	prefix	712	755791
sample	repeated	slob	lzma2	prefix	713	1523125
sample	repeated	slob	lzma2	prefix	714	21009875
sample	repeated	slob	lzma2	prefix	715	21151792
sample	repeated	slob	lzma2	prefix	716	946459
sample	repeated	slob	lzma2	prefix	717	802709
sample	repeated	slob	lzma2	prefix	718	20462375
sample	repeated	slob	lzma2	prefix	719	21463625
sample	repeated	slob	lzma2	prefix	720	1133084
sample	repeated	slob	lzma2	prefix	721	1080375
sample	repeated	slob	lzma2	prefix	722	19550500
sample	repeated	slob	lzma2	prefix	723	23268625
sample	repeated	slob	lzma2	prefix	724	845917
sample	repeated	slob	lzma2	prefix	725	945833
sample	repeated	slob	lzma2	prefix	726	24922375
sample	repeated	slob	lzma2	prefix	727	22943834
sample	repeated	slob	lzma2	prefix	728	848792
sample	repeated	slob	lzma2	prefix	729	1173875
sample	repeated	slob	lzma2	prefix	730	20728459
sample	repeated	slob	lzma2	prefix	731	22233167
sample	repeated	slob	lzma2	prefix	732	919375
sample	repeated	slob	lzma2	prefix	733	1057584
sample	repeated	slob	lzma2	prefix	734	19647625
sample	repeated	slob	lzma2	prefix	735	23737334
sample	repeated	slob	lzma2	prefix	736	1370791
sample	repeated	slob	lzma2	prefix	737	1056875
sample	repeated	slob	lzma2	prefix	738	21277375
sample	repeated	slob	lzma2	prefix	739	20454958
sample	repeated	slob	lzma2	prefix	740	1211417
sample	repeated	slob	lzma2	prefix	741	802250
sample	repeated	slob	lzma2	prefix	742	20884291
sample	repeated	slob	lzma2	prefix	743	24989084
sample	repeated	slob	lzma2	prefix	744	1474417
sample	repeated	slob	lzma2	prefix	745	1604958
sample	repeated	slob	lzma2	prefix	746	22174208
sample	repeated	slob	lzma2	prefix	747	20961542
sample	repeated	slob	lzma2	prefix	748	1499500
sample	repeated	slob	lzma2	prefix	749	1240208
sample	repeated	slob	lzma2	prefix	750	18943458
sample	repeated	slob	lzma2	prefix	751	22185917
sample	repeated	slob	lzma2	prefix	752	753792
sample	repeated	slob	lzma2	prefix	753	1022125
sample	repeated	slob	lzma2	prefix	754	22618417
sample	repeated	slob	lzma2	prefix	755	18773125
sample	repeated	slob	lzma2	prefix	756	1534833
sample	repeated	slob	lzma2	prefix	757	899000
sample	repeated	slob	lzma2	prefix	758	18566959
sample	repeated	slob	lzma2	prefix	759	18552333
sample	repeated	slob	lzma2	prefix	760	737959
sample	repeated	slob	lzma2	prefix	761	1025000
sample	repeated	slob	lzma2	prefix	762	18328875
sample	repeated	slob	lzma2	prefix	763	25190917
sample	repeated	slob	lzma2	prefix	764	853042
sample	repeated	slob	lzma2	prefix	765	1099625
sample	repeated	slob	lzma2	prefix	766	19819500
sample	repeated	slob	lzma2	prefix	767	22361333
sample	repeated	slob	lzma2	prefix	768	798666
sample	repeated	slob	lzma2	prefix	769	1091250
sample	repeated	slob	lzma2	prefix	770	21382625
sample	repeated	slob	lzma2	prefix	771	24774167
sample	repeated	slob	lzma2	prefix	772	864209
sample	repeated	slob	lzma2	prefix	773	854750
sample	repeated	slob	lzma2	prefix	774	24955500
sample	repeated	slob	lzma2	prefix	775	20959584
sample	repeated	slob	lzma2	prefix	776	777791
sample	repeated	slob	lzma2	prefix	777	1292666
sample	repeated	slob	lzma2	prefix	778	22570250
sample	repeated	slob	lzma2	prefix	779	25297459
sample	repeated	slob	lzma2	prefix	780	877625
sample	repeated	slob	lzma2	prefix	781	838125
sample	repeated	slob	lzma2	prefix	782	22770583
sample	repeated	slob	lzma2	prefix	783	21665459
sample	repeated	slob	lzma2	prefix	784	732125
sample	repeated	slob	lzma2	prefix	785	1015667
sample	repeated	slob	lzma2	prefix	786	23623375
sample	repeated	slob	lzma2	prefix	787	19379208
sample	repeated	slob	lzma2	prefix	788	1174125
sample	repeated	slob	lzma2	prefix	789	861792
sample	repeated	slob	lzma2	prefix	790	21235042
sample	repeated	slob	lzma2	prefix	791	22272292
sample	repeated	slob	lzma2	prefix	792	1048250
sample	repeated	slob	lzma2	prefix	793	1068334
sample	repeated	slob	lzma2	prefix	794	23671416
sample	repeated	slob	lzma2	prefix	795	22673708
sample	repeated	slob	lzma2	prefix	796	1201917
sample	repeated	slob	lzma2	prefix	797	981041
sample	repeated	slob	lzma2	prefix	798	21514250
sample	repeated	slob	lzma2	prefix	799	17167208
sample	repeated	slob	lzma2	prefix	800	878583
sample	repeated	slob	lzma2	prefix	801	1020375
sample	repeated	slob	lzma2	prefix	802	20705625
sample	repeated	slob	lzma2	prefix	803	17964250
sample	repeated	slob	lzma2	prefix	804	814208
sample	repeated	slob	lzma2	prefix	805	785167
sample	repeated	slob	lzma2	prefix	806	18134958
sample	repeated	slob	lzma2	prefix	807	19482208
sample	repeated	slob	lzma2	prefix	808	749750
sample	repeated	slob	lzma2	prefix	809	1028000
sample	repeated	slob	lzma2	prefix	810	17959833
sample	repeated	slob	lzma2	prefix	811	18712750
sample	repeated	slob	lzma2	prefix	812	842041
sample	repeated	slob	lzma2	prefix	813	1341416
sample	repeated	slob	lzma2	prefix	814	18572792
sample	repeated	slob	lzma2	prefix	815	19301125
sample	repeated	slob	lzma2	prefix	816	740959
sample	repeated	slob	lzma2	prefix	817	1007792
sample	repeated	slob	lzma2	prefix	818	18696084
sample	repeated	slob	lzma2	prefix	819	22825459
sample	repeated	slob	lzma2	prefix	820	849875
sample	repeated	slob	lzma2	prefix	821	806875
sample	repeated	slob	lzma2	prefix	822	17440083
sample	repeated	slob	lzma2	prefix	823	19867333
sample	repeated	slob	lzma2	prefix	824	811542
sample	repeated	slob	lzma2	prefix	825	1599792
sample	repeated	slob	lzma2	prefix	826	26030500
sample	repeated	slob	lzma2	prefix	827	30983333
sample	repeated	slob	lzma2	prefix	828	1319834
sample	repeated	slob	lzma2	prefix	829	1266541
sample	repeated	slob	lzma2	prefix	830	24625750
sample	repeated	slob	lzma2	prefix	831	20062000
sample	repeated	slob	lzma2	prefix	832	751166
sample	repeated	slob	lzma2	prefix	833	1183166
sample	repeated	slob	lzma2	prefix	834	24835208
sample	repeated	slob	lzma2	prefix	835	29667250
sample	repeated	slob	lzma2	prefix	836	926041
sample	repeated	slob	lzma2	prefix	837	1259791
sample	repeated	slob	lzma2	prefix	838	28231750
sample	repeated	slob	lzma2	prefix	839	21684125
sample	repeated	slob	lzma2	prefix	840	737833
sample	repeated	slob	lzma2	prefix	841	1326333
sample	repeated	slob	lzma2	prefix	842	30288209
sample	repeated	slob	lzma2	prefix	843	36670166
sample	repeated	slob	lzma2	prefix	844	2901666
sample	repeated	slob	lzma2	prefix	845	1634208
sample	repeated	slob	lzma2	prefix	846	25214875
sample	repeated	slob	lzma2	prefix	847	20781458
sample	repeated	slob	lzma2	prefix	848	756875
sample	repeated	slob	lzma2	prefix	849	1557333
sample	repeated	slob	lzma2	prefix	850	26103791
sample	repeated	slob	lzma2	prefix	851	18540500
sample	repeated	slob	lzma2	prefix	852	958083
sample	repeated	slob	lzma2	prefix	853	818042
sample	repeated	slob	lzma2	prefix	854	20176917
sample	repeated	slob	lzma2	prefix	855	23900125
sample	repeated	slob	lzma2	prefix	856	791792
sample	repeated	slob	lzma2	prefix	857	1042791
sample	repeated	slob	lzma2	prefix	858	20693875
sample	repeated	slob	lzma2	prefix	859	21777792
sample	repeated	slob	lzma2	prefix	860	842833
sample	repeated	slob	lzma2	prefix	861	916291
sample	repeated	slob	lzma2	prefix	862	21740166
sample	repeated	slob	lzma2	prefix	863	19572458
sample	repeated	slob	lzma2	prefix	864	733708
sample	repeated	slob	lzma2	prefix	865	2151500
sample	repeated	slob	lzma2	prefix	866	22740583
sample	repeated	slob	lzma2	prefix	867	25561125
sample	repeated	slob	lzma2	prefix	868	892916
sample	repeated	slob	lzma2	prefix	869	811583
sample	repeated	slob	lzma2	prefix	870	18936875
sample	repeated	slob	lzma2	prefix	871	21092458
sample	repeated	slob	lzma2	prefix	872	1124125
sample	repeated	slob	lzma2	prefix	873	1046083
sample	repeated	slob	lzma2	prefix	874	19466541
sample	repeated	slob	lzma2	prefix	875	18539000
sample	repeated	slob	lzma2	prefix	876	849458
sample	repeated	slob	lzma2	prefix	877	1540125
sample	repeated	slob	lzma2	prefix	878	19800625
sample	repeated	slob	lzma2	prefix	879	20914625
sample	repeated	slob	lzma2	prefix	880	740000
sample	repeated	slob	lzma2	prefix	881	1636250
sample	repeated	slob	lzma2	prefix	882	17691666
sample	repeated	slob	lzma2	prefix	883	18479708
sample	repeated	slob	lzma2	prefix	884	986500
sample	repeated	slob	lzma2	prefix	885	816500
sample	repeated	slob	lzma2	prefix	886	18735000
sample	repeated	slob	lzma2	prefix	887	20989958
sample	repeated	slob	lzma2	prefix	888	1594291
sample	repeated	slob	lzma2	prefix	889	2171709
sample	repeated	slob	lzma2	prefix	890	18506333
sample	repeated	slob	lzma2	prefix	891	17651750
sample	repeated	slob	lzma2	prefix	892	1552208
sample	repeated	slob	lzma2	prefix	893	796416
sample	repeated	slob	lzma2	prefix	894	18655875
sample	repeated	slob	lzma2	prefix	895	18696292
sample	repeated	slob	lzma2	prefix	896	730292
sample	repeated	slob	lzma2	prefix	897	1011708
sample	repeated	slob	lzma2	prefix	898	18577792
sample	repeated	slob	lzma2	prefix	899	17737917
sample	repeated	slob	lzma2	prefix	900	828041
sample	repeated	slob	lzma2	prefix	901	871834
sample	repeated	slob	lzma2	prefix	902	18820792
sample	repeated	slob	lzma2	prefix	903	19431458
sample	repeated	slob	lzma2	prefix	904	707334
sample	repeated	slob	lzma2	prefix	905	1015500
sample	repeated	slob	lzma2	prefix	906	18936709
sample	repeated	slob	lzma2	prefix	907	17727792
sample	repeated	slob	lzma2	prefix	908	832833
sample	repeated	slob	lzma2	prefix	909	1483291
sample	repeated	slob	lzma2	prefix	910	21014958
sample	repeated	slob	lzma2	prefix	911	19780167
sample	repeated	slob	lzma2	prefix	912	722458
sample	repeated	slob	lzma2	prefix	913	1003083
sample	repeated	slob	lzma2	prefix	914	17022834
sample	repeated	slob	lzma2	prefix	915	18977291
sample	repeated	slob	lzma2	prefix	916	1390750
sample	repeated	slob	lzma2	prefix	917	1410125
sample	repeated	slob	lzma2	prefix	918	23705667
sample	repeated	slob	lzma2	prefix	919	18095375
sample	repeated	slob	lzma2	prefix	920	738375
sample	repeated	slob	lzma2	prefix	921	1008375
sample	repeated	slob	lzma2	prefix	922	21856791
sample	repeated	slob	lzma2	prefix	923	25008792
sample	repeated	slob	lzma2	prefix	924	1166084
sample	repeated	slob	lzma2	prefix	925	977417
sample	repeated	slob	lzma2	prefix	926	27418333
sample	repeated	slob	lzma2	prefix	927	26437417
sample	repeated	slob	lzma2	prefix	928	1181958
sample	repeated	slob	lzma2	prefix	929	1562666
sample	repeated	slob	lzma2	prefix	930	21163334
sample	repeated	slob	lzma2	prefix	931	21922041
sample	repeated	slob	lzma2	prefix	932	870292
sample	repeated	slob	lzma2	prefix	933	1082333
sample	repeated	slob	lzma2	prefix	934	20906708
sample	repeated	slob	lzma2	prefix	935	20113959
sample	repeated	slob	lzma2	prefix	936	1196542
sample	repeated	slob	lzma2	prefix	937	1009583
sample	repeated	slob	lzma2	prefix	938	23958083
sample	repeated	slob	lzma2	prefix	939	20084833
sample	repeated	slob	lzma2	prefix	940	1076209
sample	repeated	slob	lzma2	prefix	941	823167
sample	repeated	slob	lzma2	prefix	942	19564041
sample	repeated	slob	lzma2	prefix	943	20430250
sample	repeated	slob	lzma2	prefix	944	945125
sample	repeated	slob	lzma2	prefix	945	1073667
sample	repeated	slob	lzma2	prefix	946	23168542
sample	repeated	slob	lzma2	prefix	947	18570583
sample	repeated	slob	lzma2	prefix	948	838709
sample	repeated	slob	lzma2	prefix	949	804875
sample	repeated	slob	lzma2	prefix	950	18918667
sample	repeated	slob	lzma2	prefix	951	19597709
sample	repeated	slob	lzma2	prefix	952	733708
sample	repeated	slob	lzma2	prefix	953	1014041
sample	repeated	slob	lzma2	prefix	954	18789375
sample	repeated	slob	lzma2	prefix	955	17520167
sample	repeated	slob	lzma2	prefix	956	835708
sample	repeated	slob	lzma2	prefix	957	806250
sample	repeated	slob	lzma2	prefix	958	18144541
sample	repeated	slob	lzma2	prefix	959	18497500
sample	repeated	slob	lzma2	prefix	960	721708
sample	repeated	slob	lzma2	prefix	961	1016375
sample	repeated	slob	lzma2	prefix	962	21838583
sample	repeated	slob	lzma2	prefix	963	22534167
sample	repeated	slob	lzma2	prefix	964	926375
sample	repeated	slob	lzma2	prefix	965	805542
sample	repeated	slob	lzma2	prefix	966	19768084
sample	repeated	slob	lzma2	prefix	967	17957167
sample	repeated	slob	lzma2	prefix	968	794625
sample	repeated	slob	lzma2	prefix	969	1002875
sample	repeated	slob	lzma2	prefix	970	19807208
sample	repeated	slob	lzma2	prefix	971	17265000
sample	repeated	slob	lzma2	prefix	972	824375
sample	repeated	slob	lzma2	prefix	973	1047500
sample	repeated	slob	lzma2	prefix	974	17707916
sample	repeated	slob	lzma2	prefix	975	25582708
sample	repeated	slob	lzma2	prefix	976	1020792
sample	repeated	slob	lzma2	prefix	977	2274084
sample	repeated	slob	lzma2	prefix	978	19206375
sample	repeated	slob	lzma2	prefix	979	24791917
sample	repeated	slob	lzma2	prefix	980	1479042
sample	repeated	slob	lzma2	prefix	981	969958
sample	repeated	slob	lzma2	prefix	982	22171792
sample	repeated	slob	lzma2	prefix	983	23536417
sample	repeated	slob	lzma2	prefix	984	747167
sample	repeated	slob	lzma2	prefix	985	1062708
sample	repeated	slob	lzma2	prefix	986	21904292
sample	repeated	slob	lzma2	prefix	987	17968875
sample	repeated	slob	lzma2	prefix	988	930250
sample	repeated	slob	lzma2	prefix	989	836042
sample	repeated	slob	lzma2	prefix	990	17356292
sample	repeated	slob	lzma2	prefix	991	20160791
sample	repeated	slob	lzma2	prefix	992	722333
sample	repeated	slob	lzma2	prefix	993	1001000
sample	repeated	slob	lzma2	prefix	994	18731834
sample	repeated	slob	lzma2	prefix	995	17314667
sample	repeated	slob	lzma2	prefix	996	830750
sample	repeated	slob	lzma2	prefix	997	859125
sample	repeated	slob	lzma2	prefix	998	17253125
sample	repeated	slob	lzma2	prefix	999	17692083
sample	repeated	slob	lzma2	render	0	102709
sample	repeated	slob	lzma2	render	1	50000
sample	repeated	slob	lzma2	render	2	45208
sample	repeated	slob	lzma2	render	3	43000
sample	repeated	slob	lzma2	render	4	42625
sample	repeated	slob	lzma2	render	5	41916
sample	repeated	slob	lzma2	render	6	43167
sample	repeated	slob	lzma2	render	7	42667
sample	repeated	slob	lzma2	render	8	33834
sample	repeated	slob	lzma2	render	9	55792
sample	repeated	slob	lzma2	render	10	45709
sample	repeated	slob	lzma2	render	11	107083
sample	repeated	slob	lzma2	render	12	158041
sample	repeated	slob	lzma2	render	13	51083
sample	repeated	slob	lzma2	render	14	45750
sample	repeated	slob	lzma2	render	15	43458
sample	repeated	slob	lzma2	render	16	42292
sample	repeated	slob	lzma2	render	17	42333
sample	repeated	slob	lzma2	render	18	41000
sample	repeated	slob	lzma2	render	19	82666
sample	repeated	slob	lzma2	render	20	45333
sample	repeated	slob	lzma2	render	21	43292
sample	repeated	slob	lzma2	render	22	42167
sample	repeated	slob	lzma2	render	23	32958
sample	repeated	slob	lzma2	render	24	45583
sample	repeated	slob	lzma2	render	25	44709
sample	repeated	slob	lzma2	render	26	43709
sample	repeated	slob	lzma2	render	27	43625
sample	repeated	slob	lzma2	render	28	43750
sample	repeated	slob	lzma2	render	29	43959
sample	repeated	slob	lzma2	render	30	41209
sample	repeated	slob	lzma2	render	31	41416
sample	repeated	slob	lzma2	render	32	41375
sample	repeated	slob	lzma2	render	33	42125
sample	repeated	slob	lzma2	render	34	41291
sample	repeated	slob	lzma2	render	35	41417
sample	repeated	slob	lzma2	render	36	48667
sample	repeated	slob	lzma2	render	37	42042
sample	repeated	slob	lzma2	render	38	32209
sample	repeated	slob	lzma2	render	39	44709
sample	repeated	slob	lzma2	render	40	43334
sample	repeated	slob	lzma2	render	41	45542
sample	repeated	slob	lzma2	render	42	43458
sample	repeated	slob	lzma2	render	43	43416
sample	repeated	slob	lzma2	render	44	220208
sample	repeated	slob	lzma2	render	45	103167
sample	repeated	slob	lzma2	render	46	44417
sample	repeated	slob	lzma2	render	47	42042
sample	repeated	slob	lzma2	render	48	41458
sample	repeated	slob	lzma2	render	49	41834
sample	repeated	slob	lzma2	render	50	41666
sample	repeated	slob	lzma2	render	51	41500
sample	repeated	slob	lzma2	render	52	41667
sample	repeated	slob	lzma2	render	53	32667
sample	repeated	slob	lzma2	render	54	44625
sample	repeated	slob	lzma2	render	55	43167
sample	repeated	slob	lzma2	render	56	43500
sample	repeated	slob	lzma2	render	57	43750
sample	repeated	slob	lzma2	render	58	43333
sample	repeated	slob	lzma2	render	59	43375
sample	repeated	slob	lzma2	render	60	41250
sample	repeated	slob	lzma2	render	61	41417
sample	repeated	slob	lzma2	render	62	41166
sample	repeated	slob	lzma2	render	63	41292
sample	repeated	slob	lzma2	render	64	41333
sample	repeated	slob	lzma2	render	65	41209
sample	repeated	slob	lzma2	render	66	41042
sample	repeated	slob	lzma2	render	67	41334
sample	repeated	slob	lzma2	render	68	32458
sample	repeated	slob	lzma2	render	69	221709
sample	repeated	slob	lzma2	render	70	103917
sample	repeated	slob	lzma2	render	71	49083
sample	repeated	slob	lzma2	render	72	44000
sample	repeated	slob	lzma2	render	73	44000
sample	repeated	slob	lzma2	render	74	43541
sample	repeated	slob	lzma2	render	75	41833
sample	repeated	slob	lzma2	render	76	42000
sample	repeated	slob	lzma2	render	77	42166
sample	repeated	slob	lzma2	render	78	41417
sample	repeated	slob	lzma2	render	79	41375
sample	repeated	slob	lzma2	render	80	40875
sample	repeated	slob	lzma2	render	81	41458
sample	repeated	slob	lzma2	render	82	41042
sample	repeated	slob	lzma2	render	83	31667
sample	repeated	slob	lzma2	render	84	43209
sample	repeated	slob	lzma2	render	85	81125
sample	repeated	slob	lzma2	render	86	44042
sample	repeated	slob	lzma2	render	87	42917
sample	repeated	slob	lzma2	render	88	43000
sample	repeated	slob	lzma2	render	89	42875
sample	repeated	slob	lzma2	render	90	40875
sample	repeated	slob	lzma2	render	91	41208
sample	repeated	slob	lzma2	render	92	41333
sample	repeated	slob	lzma2	render	93	41292
sample	repeated	slob	lzma2	render	94	41667
sample	repeated	slob	lzma2	render	95	41375
sample	repeated	slob	lzma2	render	96	40875
sample	repeated	slob	lzma2	render	97	92667
sample	repeated	slob	lzma2	render	98	32958
sample	repeated	slob	lzma2	render	99	138167
sample	repeated	slob	lzma2	render	100	49667
sample	repeated	slob	lzma2	render	101	43500
sample	repeated	slob	lzma2	render	102	43792
sample	repeated	slob	lzma2	render	103	44125
sample	repeated	slob	lzma2	render	104	43834
sample	repeated	slob	lzma2	render	105	41875
sample	repeated	slob	lzma2	render	106	41791
sample	repeated	slob	lzma2	render	107	41375
sample	repeated	slob	lzma2	render	108	194791
sample	repeated	slob	lzma2	render	109	118834
sample	repeated	slob	lzma2	render	110	162583
sample	repeated	slob	lzma2	render	111	157000
sample	repeated	slob	lzma2	render	112	104417
sample	repeated	slob	lzma2	render	113	76166
sample	repeated	slob	lzma2	render	114	167416
sample	repeated	slob	lzma2	render	115	125875
sample	repeated	slob	lzma2	render	116	107750
sample	repeated	slob	lzma2	render	117	132750
sample	repeated	slob	lzma2	render	118	57125
sample	repeated	slob	lzma2	render	119	48042
sample	repeated	slob	lzma2	render	120	45042
sample	repeated	slob	lzma2	render	121	43917
sample	repeated	slob	lzma2	render	122	42375
sample	repeated	slob	lzma2	render	123	42334
sample	repeated	slob	lzma2	render	124	42334
sample	repeated	slob	lzma2	render	125	41917
sample	repeated	slob	lzma2	render	126	41250
sample	repeated	slob	lzma2	render	127	41333
sample	repeated	slob	lzma2	render	128	32958
sample	repeated	slob	lzma2	render	129	44792
sample	repeated	slob	lzma2	render	130	43792
sample	repeated	slob	lzma2	render	131	43708
sample	repeated	slob	lzma2	render	132	43666
sample	repeated	slob	lzma2	render	133	43667
sample	repeated	slob	lzma2	render	134	43667
sample	repeated	slob	lzma2	render	135	41708
sample	repeated	slob	lzma2	render	136	41500
sample	repeated	slob	lzma2	render	137	41750
sample	repeated	slob	lzma2	render	138	41542
sample	repeated	slob	lzma2	render	139	41458
sample	repeated	slob	lzma2	render	140	41250
sample	repeated	slob	lzma2	render	141	46417
sample	repeated	slob	lzma2	render	142	41042
sample	repeated	slob	lzma2	render	143	32083
sample	repeated	slob	lzma2	render	144	44209
sample	repeated	slob	lzma2	render	145	43958
sample	repeated	slob	lzma2	render	146	43167
sample	repeated	slob	lzma2	render	147	45375
sample	repeated	slob	lzma2	render	148	43833
sample	repeated	slob	lzma2	render	149	44750
sample	repeated	slob	lzma2	render	150	41667
sample	repeated	slob	lzma2	render	151	41375
sample	repeated	slob	lzma2	render	152	41083
sample	repeated	slob	lzma2	render	153	41334
sample	repeated	slob	lzma2	render	154	41333
sample	repeated	slob	lzma2	render	155	66792
sample	repeated	slob	lzma2	render	156	56500
sample	repeated	slob	lzma2	render	157	45625
sample	repeated	slob	lzma2	render	158	34375
sample	repeated	slob	lzma2	render	159	48083
sample	repeated	slob	lzma2	render	160	44708
sample	repeated	slob	lzma2	render	161	44542
sample	repeated	slob	lzma2	render	162	43250
sample	repeated	slob	lzma2	render	163	44584
sample	repeated	slob	lzma2	render	164	43958
sample	repeated	slob	lzma2	render	165	42166
sample	repeated	slob	lzma2	render	166	41500
sample	repeated	slob	lzma2	render	167	40958
sample	repeated	slob	lzma2	render	168	41125
sample	repeated	slob	lzma2	render	169	40875
sample	repeated	slob	lzma2	render	170	40667
sample	repeated	slob	lzma2	render	171	41292
sample	repeated	slob	lzma2	render	172	41042
sample	repeated	slob	lzma2	render	173	33958
sample	repeated	slob	lzma2	render	174	43292
sample	repeated	slob	lzma2	render	175	43291
sample	repeated	slob	lzma2	render	176	43250
sample	repeated	slob	lzma2	render	177	43166
sample	repeated	slob	lzma2	render	178	42875
sample	repeated	slob	lzma2	render	179	43709
sample	repeated	slob	lzma2	render	180	41250
sample	repeated	slob	lzma2	render	181	41334
sample	repeated	slob	lzma2	render	182	41166
sample	repeated	slob	lzma2	render	183	41042
sample	repeated	slob	lzma2	render	184	41084
sample	repeated	slob	lzma2	render	185	40875
sample	repeated	slob	lzma2	render	186	40958
sample	repeated	slob	lzma2	render	187	40709
sample	repeated	slob	lzma2	render	188	32000
sample	repeated	slob	lzma2	render	189	43167
sample	repeated	slob	lzma2	render	190	43000
sample	repeated	slob	lzma2	render	191	43291
sample	repeated	slob	lzma2	render	192	42875
sample	repeated	slob	lzma2	render	193	42750
sample	repeated	slob	lzma2	render	194	42667
sample	repeated	slob	lzma2	render	195	40750
sample	repeated	slob	lzma2	render	196	41125
sample	repeated	slob	lzma2	render	197	41250
sample	repeated	slob	lzma2	render	198	40792
sample	repeated	slob	lzma2	render	199	41583
sample	repeated	slob	lzma2	render	200	41292
sample	repeated	slob	lzma2	render	201	41041
sample	repeated	slob	lzma2	render	202	40750
sample	repeated	slob	lzma2	render	203	31667
sample	repeated	slob	lzma2	render	204	42959
sample	repeated	slob	lzma2	render	205	42959
sample	repeated	slob	lzma2	render	206	42500
sample	repeated	slob	lzma2	render	207	42416
sample	repeated	slob	lzma2	render	208	42833
sample	repeated	slob	lzma2	render	209	42917
sample	repeated	slob	lzma2	render	210	40958
sample	repeated	slob	lzma2	render	211	40625
sample	repeated	slob	lzma2	render	212	155667
sample	repeated	slob	lzma2	render	213	88292
sample	repeated	slob	lzma2	render	214	195125
sample	repeated	slob	lzma2	render	215	112208
sample	repeated	slob	lzma2	render	216	99458
sample	repeated	slob	lzma2	render	217	115708
sample	repeated	slob	lzma2	render	218	41958
sample	repeated	slob	lzma2	render	219	48375
sample	repeated	slob	lzma2	render	220	64125
sample	repeated	slob	lzma2	render	221	44709
sample	repeated	slob	lzma2	render	222	76667
sample	repeated	slob	lzma2	render	223	58875
sample	repeated	slob	lzma2	render	224	160250
sample	repeated	slob	lzma2	render	225	67250
sample	repeated	slob	lzma2	render	226	43792
sample	repeated	slob	lzma2	render	227	41916
sample	repeated	slob	lzma2	render	228	41750
sample	repeated	slob	lzma2	render	229	43792
sample	repeated	slob	lzma2	render	230	41166
sample	repeated	slob	lzma2	render	231	41125
sample	repeated	slob	lzma2	render	232	43083
sample	repeated	slob	lzma2	render	233	32584
sample	repeated	slob	lzma2	render	234	45125
sample	repeated	slob	lzma2	render	235	43625
sample	repeated	slob	lzma2	render	236	43625
sample	repeated	slob	lzma2	render	237	70417
sample	repeated	slob	lzma2	render	238	47250
sample	repeated	slob	lzma2	render	239	45417
sample	repeated	slob	lzma2	render	240	42667
sample	repeated	slob	lzma2	render	241	42583
sample	repeated	slob	lzma2	render	242	41541
sample	repeated	slob	lzma2	render	243	41667
sample	repeated	slob	lzma2	render	244	58458
sample	repeated	slob	lzma2	render	245	47000
sample	repeated	slob	lzma2	render	246	42834
sample	repeated	slob	lzma2	render	247	41958
sample	repeated	slob	lzma2	render	248	32500
sample	repeated	slob	lzma2	render	249	45084
sample	repeated	slob	lzma2	render	250	43250
sample	repeated	slob	lzma2	render	251	42750
sample	repeated	slob	lzma2	render	252	43500
sample	repeated	slob	lzma2	render	253	43917
sample	repeated	slob	lzma2	render	254	42709
sample	repeated	slob	lzma2	render	255	41125
sample	repeated	slob	lzma2	render	256	41250
sample	repeated	slob	lzma2	render	257	41292
sample	repeated	slob	lzma2	render	258	41166
sample	repeated	slob	lzma2	render	259	40958
sample	repeated	slob	lzma2	render	260	40875
sample	repeated	slob	lzma2	render	261	41084
sample	repeated	slob	lzma2	render	262	40709
sample	repeated	slob	lzma2	render	263	31875
sample	repeated	slob	lzma2	render	264	154791
sample	repeated	slob	lzma2	render	265	103333
sample	repeated	slob	lzma2	render	266	96166
sample	repeated	slob	lzma2	render	267	52333
sample	repeated	slob	lzma2	render	268	45333
sample	repeated	slob	lzma2	render	269	43083
sample	repeated	slob	lzma2	render	270	44542
sample	repeated	slob	lzma2	render	271	42750
sample	repeated	slob	lzma2	render	272	42166
sample	repeated	slob	lzma2	render	273	89583
sample	repeated	slob	lzma2	render	274	58334
sample	repeated	slob	lzma2	render	275	45625
sample	repeated	slob	lzma2	render	276	42958
sample	repeated	slob	lzma2	render	277	41917
sample	repeated	slob	lzma2	render	278	34000
sample	repeated	slob	lzma2	render	279	46750
sample	repeated	slob	lzma2	render	280	44417
sample	repeated	slob	lzma2	render	281	43542
sample	repeated	slob	lzma2	render	282	42708
sample	repeated	slob	lzma2	render	283	43041
sample	repeated	slob	lzma2	render	284	41416
sample	repeated	slob	lzma2	render	285	43417
sample	repeated	slob	lzma2	render	286	40959
sample	repeated	slob	lzma2	render	287	40625
sample	repeated	slob	lzma2	render	288	40959
sample	repeated	slob	lzma2	render	289	40917
sample	repeated	slob	lzma2	render	290	40459
sample	repeated	slob	lzma2	render	291	40500
sample	repeated	slob	lzma2	render	292	41000
sample	repeated	slob	lzma2	render	293	32084
sample	repeated	slob	lzma2	render	294	42708
sample	repeated	slob	lzma2	render	295	42666
sample	repeated	slob	lzma2	render	296	42834
sample	repeated	slob	lzma2	render	297	43167
sample	repeated	slob	lzma2	render	298	42583
sample	repeated	slob	lzma2	render	299	41042
sample	repeated	slob	lzma2	render	300	43042
sample	repeated	slob	lzma2	render	301	41500
sample	repeated	slob	lzma2	render	302	40875
sample	repeated	slob	lzma2	render	303	40625
sample	repeated	slob	lzma2	render	304	40625
sample	repeated	slob	lzma2	render	305	41959
sample	repeated	slob	lzma2	render	306	40666
sample	repeated	slob	lzma2	render	307	40666
sample	repeated	slob	lzma2	render	308	31834
sample	repeated	slob	lzma2	render	309	43417
sample	repeated	slob	lzma2	render	310	43209
sample	repeated	slob	lzma2	render	311	43125
sample	repeated	slob	lzma2	render	312	42375
sample	repeated	slob	lzma2	render	313	42833
sample	repeated	slob	lzma2	render	314	41541
sample	repeated	slob	lzma2	render	315	45042
sample	repeated	slob	lzma2	render	316	41167
sample	repeated	slob	lzma2	render	317	40500
sample	repeated	slob	lzma2	render	318	40542
sample	repeated	slob	lzma2	render	319	40667
sample	repeated	slob	lzma2	render	320	41167
sample	repeated	slob	lzma2	render	321	40916
sample	repeated	slob	lzma2	render	322	40541
sample	repeated	slob	lzma2	render	323	32292
sample	repeated	slob	lzma2	render	324	42958
sample	repeated	slob	lzma2	render	325	42917
sample	repeated	slob	lzma2	render	326	42416
sample	repeated	slob	lzma2	render	327	42875
sample	repeated	slob	lzma2	render	328	42542
sample	repeated	slob	lzma2	render	329	40958
sample	repeated	slob	lzma2	render	330	42417
sample	repeated	slob	lzma2	render	331	41625
sample	repeated	slob	lzma2	render	332	40459
sample	repeated	slob	lzma2	render	333	40708
sample	repeated	slob	lzma2	render	334	39959
sample	repeated	slob	lzma2	render	335	40542
sample	repeated	slob	lzma2	render	336	40750
sample	repeated	slob	lzma2	render	337	40834
sample	repeated	slob	lzma2	render	338	31291
sample	repeated	slob	lzma2	render	339	42541
sample	repeated	slob	lzma2	render	340	43334
sample	repeated	slob	lzma2	render	341	43042
sample	repeated	slob	lzma2	render	342	42625
sample	repeated	slob	lzma2	render	343	42708
sample	repeated	slob	lzma2	render	344	40959
sample	repeated	slob	lzma2	render	345	42708
sample	repeated	slob	lzma2	render	346	40958
sample	repeated	slob	lzma2	render	347	40375
sample	repeated	slob	lzma2	render	348	40625
sample	repeated	slob	lzma2	render	349	40917
sample	repeated	slob	lzma2	render	350	40833
sample	repeated	slob	lzma2	render	351	40792
sample	repeated	slob	lzma2	render	352	40667
sample	repeated	slob	lzma2	render	353	32208
sample	repeated	slob	lzma2	render	354	46750
sample	repeated	slob	lzma2	render	355	42459
sample	repeated	slob	lzma2	render	356	43334
sample	repeated	slob	lzma2	render	357	43250
sample	repeated	slob	lzma2	render	358	43000
sample	repeated	slob	lzma2	render	359	41166
sample	repeated	slob	lzma2	render	360	42375
sample	repeated	slob	lzma2	render	361	50750
sample	repeated	slob	lzma2	render	362	41666
sample	repeated	slob	lzma2	render	363	40667
sample	repeated	slob	lzma2	render	364	40417
sample	repeated	slob	lzma2	render	365	40667
sample	repeated	slob	lzma2	render	366	40625
sample	repeated	slob	lzma2	render	367	40666
sample	repeated	slob	lzma2	render	368	31917
sample	repeated	slob	lzma2	render	369	44083
sample	repeated	slob	lzma2	render	370	42583
sample	repeated	slob	lzma2	render	371	42417
sample	repeated	slob	lzma2	render	372	42416
sample	repeated	slob	lzma2	render	373	43333
sample	repeated	slob	lzma2	render	374	40458
sample	repeated	slob	lzma2	render	375	42666
sample	repeated	slob	lzma2	render	376	41166
sample	repeated	slob	lzma2	render	377	40709
sample	repeated	slob	lzma2	render	378	40458
sample	repeated	slob	lzma2	render	379	40958
sample	repeated	slob	lzma2	render	380	41041
sample	repeated	slob	lzma2	render	381	40750
sample	repeated	slob	lzma2	render	382	40375
sample	repeated	slob	lzma2	render	383	31667
sample	repeated	slob	lzma2	render	384	44125
sample	repeated	slob	lzma2	render	385	43208
sample	repeated	slob	lzma2	render	386	42416
sample	repeated	slob	lzma2	render	387	42500
sample	repeated	slob	lzma2	render	388	43209
sample	repeated	slob	lzma2	render	389	41208
sample	repeated	slob	lzma2	render	390	42375
sample	repeated	slob	lzma2	render	391	41167
sample	repeated	slob	lzma2	render	392	40833
sample	repeated	slob	lzma2	render	393	40792
sample	repeated	slob	lzma2	render	394	40500
sample	repeated	slob	lzma2	render	395	40500
sample	repeated	slob	lzma2	render	396	40666
sample	repeated	slob	lzma2	render	397	40583
sample	repeated	slob	lzma2	render	398	31416
sample	repeated	slob	lzma2	render	399	42833
sample	repeated	slob	lzma2	render	400	42875
sample	repeated	slob	lzma2	render	401	42875
sample	repeated	slob	lzma2	render	402	42541
sample	repeated	slob	lzma2	render	403	42459
sample	repeated	slob	lzma2	render	404	40958
sample	repeated	slob	lzma2	render	405	42541
sample	repeated	slob	lzma2	render	406	41375
sample	repeated	slob	lzma2	render	407	40541
sample	repeated	slob	lzma2	render	408	250625
sample	repeated	slob	lzma2	render	409	163292
sample	repeated	slob	lzma2	render	410	51500
sample	repeated	slob	lzma2	render	411	43708
sample	repeated	slob	lzma2	render	412	189000
sample	repeated	slob	lzma2	render	413	45708
sample	repeated	slob	lzma2	render	414	50458
sample	repeated	slob	lzma2	render	415	44583
sample	repeated	slob	lzma2	render	416	43833
sample	repeated	slob	lzma2	render	417	43417
sample	repeated	slob	lzma2	render	418	43333
sample	repeated	slob	lzma2	render	419	175166
sample	repeated	slob	lzma2	render	420	165291
sample	repeated	slob	lzma2	render	421	96125
sample	repeated	slob	lzma2	render	422	47625
sample	repeated	slob	lzma2	render	423	42833
sample	repeated	slob	lzma2	render	424	42125
sample	repeated	slob	lzma2	render	425	41750
sample	repeated	slob	lzma2	render	426	41125
sample	repeated	slob	lzma2	render	427	41417
sample	repeated	slob	lzma2	render	428	32875
sample	repeated	slob	lzma2	render	429	45500
sample	repeated	slob	lzma2	render	430	45583
sample	repeated	slob	lzma2	render	431	43375
sample	repeated	slob	lzma2	render	432	43500
sample	repeated	slob	lzma2	render	433	45792
sample	repeated	slob	lzma2	render	434	41334
sample	repeated	slob	lzma2	render	435	43000
sample	repeated	slob	lzma2	render	436	42125
sample	repeated	slob	lzma2	render	437	41417
sample	repeated	slob	lzma2	render	438	40791
sample	repeated	slob	lzma2	render	439	41125
sample	repeated	slob	lzma2	render	440	41125
sample	repeated	slob	lzma2	render	441	43333
sample	repeated	slob	lzma2	render	442	40583
sample	repeated	slob	lzma2	render	443	31917
sample	repeated	slob	lzma2	render	444	43084
sample	repeated	slob	lzma2	render	445	43375
sample	repeated	slob	lzma2	render	446	42834
sample	repeated	slob	lzma2	render	447	42958
sample	repeated	slob	lzma2	render	448	43250
sample	repeated	slob	lzma2	render	449	41208
sample	repeated	slob	lzma2	render	450	42416
sample	repeated	slob	lzma2	render	451	41292
sample	repeated	slob	lzma2	render	452	40959
sample	repeated	slob	lzma2	render	453	41083
sample	repeated	slob	lzma2	render	454	40792
sample	repeated	slob	lzma2	render	455	40500
sample	repeated	slob	lzma2	render	456	40875
sample	repeated	slob	lzma2	render	457	41416
sample	repeated	slob	lzma2	render	458	31875
sample	repeated	slob	lzma2	render	459	43125
sample	repeated	slob	lzma2	render	460	43334
sample	repeated	slob	lzma2	render	461	43208
sample	repeated	slob	lzma2	render	462	42666
sample	repeated	slob	lzma2	render	463	44000
sample	repeated	slob	lzma2	render	464	40834
sample	repeated	slob	lzma2	render	465	42791
sample	repeated	slob	lzma2	render	466	40958
sample	repeated	slob	lzma2	render	467	40333
sample	repeated	slob	lzma2	render	468	40916
sample	repeated	slob	lzma2	render	469	41000
sample	repeated	slob	lzma2	render	470	40916
sample	repeated	slob	lzma2	render	471	40833
sample	repeated	slob	lzma2	render	472	41625
sample	repeated	slob	lzma2	render	473	32458
sample	repeated	slob	lzma2	render	474	43416
sample	repeated	slob	lzma2	render	475	42875
sample	repeated	slob	lzma2	render	476	43167
sample	repeated	slob	lzma2	render	477	43334
sample	repeated	slob	lzma2	render	478	43250
sample	repeated	slob	lzma2	render	479	41042
sample	repeated	slob	lzma2	render	480	43334
sample	repeated	slob	lzma2	render	481	41500
sample	repeated	slob	lzma2	render	482	41416
sample	repeated	slob	lzma2	render	483	41042
sample	repeated	slob	lzma2	render	484	40375
sample	repeated	slob	lzma2	render	485	41208
sample	repeated	slob	lzma2	render	486	40375
sample	repeated	slob	lzma2	render	487	41167
sample	repeated	slob	lzma2	render	488	32000
sample	repeated	slob	lzma2	render	489	167750
sample	repeated	slob	lzma2	render	490	60583
sample	repeated	slob	lzma2	render	491	44333
sample	repeated	slob	lzma2	render	492	44541
sample	repeated	slob	lzma2	render	493	52209
sample	repeated	slob	lzma2	render	494	41125
sample	repeated	slob	lzma2	render	495	43250
sample	repeated	slob	lzma2	render	496	41625
sample	repeated	slob	lzma2	render	497	41500
sample	repeated	slob	lzma2	render	498	73917
sample	repeated	slob	lzma2	render	499	56042
sample	repeated	slob	lzma2	render	500	43042
sample	repeated	slob	lzma2	render	501	42500
sample	repeated	slob	lzma2	render	502	43000
sample	repeated	slob	lzma2	render	503	33958
sample	repeated	slob	lzma2	render	504	46083
sample	repeated	slob	lzma2	render	505	45333
sample	repeated	slob	lzma2	render	506	43958
sample	repeated	slob	lzma2	render	507	44917
sample	repeated	slob	lzma2	render	508	44209
sample	repeated	slob	lzma2	render	509	86292
sample	repeated	slob	lzma2	render	510	51208
sample	repeated	slob	lzma2	render	511	44250
sample	repeated	slob	lzma2	render	512	42625
sample	repeated	slob	lzma2	render	513	42042
sample	repeated	slob	lzma2	render	514	41875
sample	repeated	slob	lzma2	render	515	42166
sample	repeated	slob	lzma2	render	516	41750
sample	repeated	slob	lzma2	render	517	41541
sample	repeated	slob	lzma2	render	518	32666
sample	repeated	slob	lzma2	render	519	44584
sample	repeated	slob	lzma2	render	520	43666
sample	repeated	slob	lzma2	render	521	43458
sample	repeated	slob	lzma2	render	522	43083
sample	repeated	slob	lzma2	render	523	43000
sample	repeated	slob	lzma2	render	524	41584
sample	repeated	slob	lzma2	render	525	42917
sample	repeated	slob	lzma2	render	526	41208
sample	repeated	slob	lzma2	render	527	41542
sample	repeated	slob	lzma2	render	528	41417
sample	repeated	slob	lzma2	render	529	41041
sample	repeated	slob	lzma2	render	530	40583
sample	repeated	slob	lzma2	render	531	40875
sample	repeated	slob	lzma2	render	532	41041
sample	repeated	slob	lzma2	render	533	31958
sample	repeated	slob	lzma2	render	534	55208
sample	repeated	slob	lzma2	render	535	45417
sample	repeated	slob	lzma2	render	536	44333
sample	repeated	slob	lzma2	render	537	44125
sample	repeated	slob	lzma2	render	538	44083
sample	repeated	slob	lzma2	render	539	41250
sample	repeated	slob	lzma2	render	540	43125
sample	repeated	slob	lzma2	render	541	41375
sample	repeated	slob	lzma2	render	542	42500
sample	repeated	slob	lzma2	render	543	41125
sample	repeated	slob	lzma2	render	544	41500
sample	repeated	slob	lzma2	render	545	41500
sample	repeated	slob	lzma2	render	546	41083
sample	repeated	slob	lzma2	render	547	41125
sample	repeated	slob	lzma2	render	548	32167
sample	repeated	slob	lzma2	render	549	43625
sample	repeated	slob	lzma2	render	550	42667
sample	repeated	slob	lzma2	render	551	42834
sample	repeated	slob	lzma2	render	552	42709
sample	repeated	slob	lzma2	render	553	42834
sample	repeated	slob	lzma2	render	554	40709
sample	repeated	slob	lzma2	render	555	42500
sample	repeated	slob	lzma2	render	556	41209
sample	repeated	slob	lzma2	render	557	43250
sample	repeated	slob	lzma2	render	558	41459
sample	repeated	slob	lzma2	render	559	40667
sample	repeated	slob	lzma2	render	560	40792
sample	repeated	slob	lzma2	render	561	41125
sample	repeated	slob	lzma2	render	562	40875
sample	repeated	slob	lzma2	render	563	31541
sample	repeated	slob	lzma2	render	564	42792
sample	repeated	slob	lzma2	render	565	42833
sample	repeated	slob	lzma2	render	566	42791
sample	repeated	slob	lzma2	render	567	43292
sample	repeated	slob	lzma2	render	568	43833
sample	repeated	slob	lzma2	render	569	41541
sample	repeated	slob	lzma2	render	570	43167
sample	repeated	slob	lzma2	render	571	41291
sample	repeated	slob	lzma2	render	572	40667
sample	repeated	slob	lzma2	render	573	40833
sample	repeated	slob	lzma2	render	574	40792
sample	repeated	slob	lzma2	render	575	40750
sample	repeated	slob	lzma2	render	576	41250
sample	repeated	slob	lzma2	render	577	41000
sample	repeated	slob	lzma2	render	578	31708
sample	repeated	slob	lzma2	render	579	42917
sample	repeated	slob	lzma2	render	580	42917
sample	repeated	slob	lzma2	render	581	42833
sample	repeated	slob	lzma2	render	582	42750
sample	repeated	slob	lzma2	render	583	42667
sample	repeated	slob	lzma2	render	584	41333
sample	repeated	slob	lzma2	render	585	42916
sample	repeated	slob	lzma2	render	586	44500
sample	repeated	slob	lzma2	render	587	44000
sample	repeated	slob	lzma2	render	588	40667
sample	repeated	slob	lzma2	render	589	40958
sample	repeated	slob	lzma2	render	590	41083
sample	repeated	slob	lzma2	render	591	40875
sample	repeated	slob	lzma2	render	592	40500
sample	repeated	slob	lzma2	render	593	32167
sample	repeated	slob	lzma2	render	594	43291
sample	repeated	slob	lzma2	render	595	43291
sample	repeated	slob	lzma2	render	596	43250
sample	repeated	slob	lzma2	render	597	43459
sample	repeated	slob	lzma2	render	598	42667
sample	repeated	slob	lzma2	render	599	41000
sample	repeated	slob	lzma2	render	600	43125
sample	repeated	slob	lzma2	render	601	41334
sample	repeated	slob	lzma2	render	602	40708
sample	repeated	slob	lzma2	render	603	40917
sample	repeated	slob	lzma2	render	604	40666
sample	repeated	slob	lzma2	render	605	40917
sample	repeated	slob	lzma2	render	606	40833
sample	repeated	slob	lzma2	render	607	40791
sample	repeated	slob	lzma2	render	608	32083
sample	repeated	slob	lzma2	render	609	43625
sample	repeated	slob	lzma2	render	610	42667
sample	repeated	slob	lzma2	render	611	43000
sample	repeated	slob	lzma2	render	612	42625
sample	repeated	slob	lzma2	render	613	43166
sample	repeated	slob	lzma2	render	614	40834
sample	repeated	slob	lzma2	render	615	42833
sample	repeated	slob	lzma2	render	616	41333
sample	repeated	slob	lzma2	render	617	40958
sample	repeated	slob	lzma2	render	618	40500
sample	repeated	slob	lzma2	render	619	40750
sample	repeated	slob	lzma2	render	620	41084
sample	repeated	slob	lzma2	render	621	42166
sample	repeated	slob	lzma2	render	622	41416
sample	repeated	slob	lzma2	render	623	31958
sample	repeated	slob	lzma2	render	624	42959
sample	repeated	slob	lzma2	render	625	43084
sample	repeated	slob	lzma2	render	626	42875
sample	repeated	slob	lzma2	render	627	42791
sample	repeated	slob	lzma2	render	628	42583
sample	repeated	slob	lzma2	render	629	40958
sample	repeated	slob	lzma2	render	630	42417
sample	repeated	slob	lzma2	render	631	41250
sample	repeated	slob	lzma2	render	632	40708
sample	repeated	slob	lzma2	render	633	40666
sample	repeated	slob	lzma2	render	634	40625
sample	repeated	slob	lzma2	render	635	40667
sample	repeated	slob	lzma2	render	636	40958
sample	repeated	slob	lzma2	render	637	40750
sample	repeated	slob	lzma2	render	638	31959
sample	repeated	slob	lzma2	render	639	43167
sample	repeated	slob	lzma2	render	640	42792
sample	repeated	slob	lzma2	render	641	42542
sample	repeated	slob	lzma2	render	642	42416
sample	repeated	slob	lzma2	render	643	42792
sample	repeated	slob	lzma2	render	644	40917
sample	repeated	slob	lzma2	render	645	42750
sample	repeated	slob	lzma2	render	646	40833
sample	repeated	slob	lzma2	render	647	41000
sample	repeated	slob	lzma2	render	648	41042
sample	repeated	slob	lzma2	render	649	40959
sample	repeated	slob	lzma2	render	650	40625
sample	repeated	slob	lzma2	render	651	40500
sample	repeated	slob	lzma2	render	652	41292
sample	repeated	slob	lzma2	render	653	31625
sample	repeated	slob	lzma2	render	654	42750
sample	repeated	slob	lzma2	render	655	42792
sample	repeated	slob	lzma2	render	656	43084
sample	repeated	slob	lzma2	render	657	42833
sample	repeated	slob	lzma2	render	658	43125
sample	repeated	slob	lzma2	render	659	77709
sample	repeated	slob	lzma2	render	660	45250
sample	repeated	slob	lzma2	render	661	41708
sample	repeated	slob	lzma2	render	662	41042
sample	repeated	slob	lzma2	render	663	41125
sample	repeated	slob	lzma2	render	664	41500
sample	repeated	slob	lzma2	render	665	41292
sample	repeated	slob	lzma2	render	666	41000
sample	repeated	slob	lzma2	render	667	40750
sample	repeated	slob	lzma2	render	668	31666
sample	repeated	slob	lzma2	render	669	43042
sample	repeated	slob	lzma2	render	670	43166
sample	repeated	slob	lzma2	render	671	42750
sample	repeated	slob	lzma2	render	672	42875
sample	repeated	slob	lzma2	render	673	43875
sample	repeated	slob	lzma2	render	674	40792
sample	repeated	slob	lzma2	render	675	42917
sample	repeated	slob	lzma2	render	676	40792
sample	repeated	slob	lzma2	render	677	40875
sample	repeated	slob	lzma2	render	678	40667
sample	repeated	slob	lzma2	render	679	40583
sample	repeated	slob	lzma2	render	680	40333
sample	repeated	slob	lzma2	render	681	40750
sample	repeated	slob	lzma2	render	682	40750
sample	repeated	slob	lzma2	render	683	32333
sample	repeated	slob	lzma2	render	684	43083
sample	repeated	slob	lzma2	render	685	55958
sample	repeated	slob	lzma2	render	686	42916
sample	repeated	slob	lzma2	render	687	42750
sample	repeated	slob	lzma2	render	688	43125
sample	repeated	slob	lzma2	render	689	40916
sample	repeated	slob	lzma2	render	690	42541
sample	repeated	slob	lzma2	render	691	41084
sample	repeated	slob	lzma2	render	692	40959
sample	repeated	slob	lzma2	render	693	40958
sample	repeated	slob	lzma2	render	694	40792
sample	repeated	slob	lzma2	render	695	40250
sample	repeated	slob	lzma2	render	696	40542
sample	repeated	slob	lzma2	render	697	40667
sample	repeated	slob	lzma2	render	698	191417
sample	repeated	slob	lzma2	render	699	52333
sample	repeated	slob	lzma2	render	700	44375
sample	repeated	slob	lzma2	render	701	44000
sample	repeated	slob	lzma2	render	702	43667
sample	repeated	slob	lzma2	render	703	43291
sample	repeated	slob	lzma2	render	704	41500
sample	repeated	slob	lzma2	render	705	42833
sample	repeated	slob	lzma2	render	706	40958
sample	repeated	slob	lzma2	render	707	41000
sample	repeated	slob	lzma2	render	708	40875
sample	repeated	slob	lzma2	render	709	40958
sample	repeated	slob	lzma2	render	710	40917
sample	repeated	slob	lzma2	render	711	40541
sample	repeated	slob	lzma2	render	712	41000
sample	repeated	slob	lzma2	render	713	31959
sample	repeated	slob	lzma2	render	714	42625
sample	repeated	slob	lzma2	render	715	42542
sample	repeated	slob	lzma2	render	716	42917
sample	repeated	slob	lzma2	render	717	43042
sample	repeated	slob	lzma2	render	718	42875
sample	repeated	slob	lzma2	render	719	41000
sample	repeated	slob	lzma2	render	720	43083
sample	repeated	slob	lzma2	render	721	41292
sample	repeated	slob	lzma2	render	722	41333
sample	repeated	slob	lzma2	render	723	40959
sample	repeated	slob	lzma2	render	724	41000
sample	repeated	slob	lzma2	render	725	41042
sample	repeated	slob	lzma2	render	726	41208
sample	repeated	slob	lzma2	render	727	125667
sample	repeated	slob	lzma2	render	728	104750
sample	repeated	slob	lzma2	render	729	129416
sample	repeated	slob	lzma2	render	730	107709
sample	repeated	slob	lzma2	render	731	103959
sample	repeated	slob	lzma2	render	732	187792
sample	repeated	slob	lzma2	render	733	159166
sample	repeated	slob	lzma2	render	734	265875
sample	repeated	slob	lzma2	render	735	147042
sample	repeated	slob	lzma2	render	736	145208
sample	repeated	slob	lzma2	render	737	112125
sample	repeated	slob	lzma2	render	738	101291
sample	repeated	slob	lzma2	render	739	159292
sample	repeated	slob	lzma2	render	740	177084
sample	repeated	slob	lzma2	render	741	123459
sample	repeated	slob	lzma2	render	742	124250
sample	repeated	slob	lzma2	render	743	158875
sample	repeated	slob	lzma2	render	744	149125
sample	repeated	slob	lzma2	render	745	141167
sample	repeated	slob	lzma2	render	746	135958
sample	repeated	slob	lzma2	render	747	148708
sample	repeated	slob	lzma2	render	748	146792
sample	repeated	slob	lzma2	render	749	143208
sample	repeated	slob	lzma2	render	750	136250
sample	repeated	slob	lzma2	render	751	173834
sample	repeated	slob	lzma2	render	752	112125
sample	repeated	slob	lzma2	render	753	113000
sample	repeated	slob	lzma2	render	754	121875
sample	repeated	slob	lzma2	render	755	139666
sample	repeated	slob	lzma2	render	756	116416
sample	repeated	slob	lzma2	render	757	105750
sample	repeated	slob	lzma2	render	758	81667
sample	repeated	slob	lzma2	render	759	124125
sample	repeated	slob	lzma2	render	760	166250
sample	repeated	slob	lzma2	render	761	128583
sample	repeated	slob	lzma2	render	762	59584
sample	repeated	slob	lzma2	render	763	46667
sample	repeated	slob	lzma2	render	764	43875
sample	repeated	slob	lzma2	render	765	44667
sample	repeated	slob	lzma2	render	766	41709
sample	repeated	slob	lzma2	render	767	41042
sample	repeated	slob	lzma2	render	768	41042
sample	repeated	slob	lzma2	render	769	41125
sample	repeated	slob	lzma2	render	770	40875
sample	repeated	slob	lzma2	render	771	40833
sample	repeated	slob	lzma2	render	772	40916
sample	repeated	slob	lzma2	render	773	32750
sample	repeated	slob	lzma2	render	774	43458
sample	repeated	slob	lzma2	render	775	43125
sample	repeated	slob	lzma2	render	776	42958
sample	repeated	slob	lzma2	render	777	42750
sample	repeated	slob	lzma2	render	778	42500
sample	repeated	slob	lzma2	render	779	42375
sample	repeated	slob	lzma2	render	780	42709
sample	repeated	slob	lzma2	render	781	41417
sample	repeated	slob	lzma2	render	782	40709
sample	repeated	slob	lzma2	render	783	40750
sample	repeated	slob	lzma2	render	784	40375
sample	repeated	slob	lzma2	render	785	40542
sample	repeated	slob	lzma2	render	786	40125
sample	repeated	slob	lzma2	render	787	40458
sample	repeated	slob	lzma2	render	788	31625
sample	repeated	slob	lzma2	render	789	42917
sample	repeated	slob	lzma2	render	790	42333
sample	repeated	slob	lzma2	render	791	42500
sample	repeated	slob	lzma2	render	792	42708
sample	repeated	slob	lzma2	render	793	40750
sample	repeated	slob	lzma2	render	794	42166
sample	repeated	slob	lzma2	render	795	42625
sample	repeated	slob	lzma2	render	796	41167
sample	repeated	slob	lzma2	render	797	40916
sample	repeated	slob	lzma2	render	798	40500
sample	repeated	slob	lzma2	render	799	40541
sample	repeated	slob	lzma2	render	800	40708
sample	repeated	slob	lzma2	render	801	40917
sample	repeated	slob	lzma2	render	802	175291
sample	repeated	slob	lzma2	render	803	89542
sample	repeated	slob	lzma2	render	804	56500
sample	repeated	slob	lzma2	render	805	47458
sample	repeated	slob	lzma2	render	806	44125
sample	repeated	slob	lzma2	render	807	43583
sample	repeated	slob	lzma2	render	808	41417
sample	repeated	slob	lzma2	render	809	42792
sample	repeated	slob	lzma2	render	810	42791
sample	repeated	slob	lzma2	render	811	41292
sample	repeated	slob	lzma2	render	812	40709
sample	repeated	slob	lzma2	render	813	40708
sample	repeated	slob	lzma2	render	814	40834
sample	repeated	slob	lzma2	render	815	40583
sample	repeated	slob	lzma2	render	816	40792
sample	repeated	slob	lzma2	render	817	40792
sample	repeated	slob	lzma2	render	818	31625
sample	repeated	slob	lzma2	render	819	42917
sample	repeated	slob	lzma2	render	820	42750
sample	repeated	slob	lzma2	render	821	42625
sample	repeated	slob	lzma2	render	822	43667
sample	repeated	slob	lzma2	render	823	41416
sample	repeated	slob	lzma2	render	824	42666
sample	repeated	slob	lzma2	render	825	42333
sample	repeated	slob	lzma2	render	826	40667
sample	repeated	slob	lzma2	render	827	40791
sample	repeated	slob	lzma2	render	828	40250
sample	repeated	slob	lzma2	render	829	40459
sample	repeated	slob	lzma2	render	830	40208
sample	repeated	slob	lzma2	render	831	41125
sample	repeated	slob	lzma2	render	832	40958
sample	repeated	slob	lzma2	render	833	31542
sample	repeated	slob	lzma2	render	834	43583
sample	repeated	slob	lzma2	render	835	42667
sample	repeated	slob	lzma2	render	836	42250
sample	repeated	slob	lzma2	render	837	42917
sample	repeated	slob	lzma2	render	838	40375
sample	repeated	slob	lzma2	render	839	42291
sample	repeated	slob	lzma2	render	840	42542
sample	repeated	slob	lzma2	render	841	31750
sample	repeated	slob	lzma2	render	842	42042
sample	repeated	slob	lzma2	render	843	42292
sample	repeated	slob	lzma2	render	844	42083
sample	repeated	slob	lzma2	render	845	42125
sample	repeated	slob	lzma2	render	846	41750
sample	repeated	slob	lzma2	render	847	42209
sample	repeated	slob	lzma2	render	848	31416
sample	repeated	slob	lzma2	render	849	42292
sample	repeated	slob	lzma2	render	850	78667
sample	repeated	slob	lzma2	render	851	44292
sample	repeated	slob	lzma2	render	852	42542
sample	repeated	slob	lzma2	render	853	40584
sample	repeated	slob	lzma2	render	854	41833
sample	repeated	slob	lzma2	render	855	42333
sample	repeated	slob	lzma2	render	856	31667
sample	repeated	slob	lzma2	render	857	42333
sample	repeated	slob	lzma2	render	858	42875
sample	repeated	slob	lzma2	render	859	42208
sample	repeated	slob	lzma2	render	860	42250
sample	repeated	slob	lzma2	render	861	42042
sample	repeated	slob	lzma2	render	862	41917
sample	repeated	slob	lzma2	render	863	31625
sample	repeated	slob	lzma2	render	864	42500
sample	repeated	slob	lzma2	render	865	43792
sample	repeated	slob	lzma2	render	866	42333
sample	repeated	slob	lzma2	render	867	43375
sample	repeated	slob	lzma2	render	868	40417
sample	repeated	slob	lzma2	render	869	41875
sample	repeated	slob	lzma2	render	870	42208
sample	repeated	slob	lzma2	render	871	31209
sample	repeated	slob	lzma2	render	872	41875
sample	repeated	slob	lzma2	render	873	42083
sample	repeated	slob	lzma2	render	874	41916
sample	repeated	slob	lzma2	render	875	44084
sample	repeated	slob	lzma2	render	876	42667
sample	repeated	slob	lzma2	render	877	42417
sample	repeated	slob	lzma2	render	878	31458
sample	repeated	slob	lzma2	render	879	80333
sample	repeated	slob	lzma2	render	880	55708
sample	repeated	slob	lzma2	render	881	270208
sample	repeated	slob	lzma2	render	882	56292
sample	repeated	slob	lzma2	render	883	85291
sample	repeated	slob	lzma2	render	884	58917
sample	repeated	slob	lzma2	render	885	47500
sample	repeated	slob	lzma2	render	886	34084
sample	repeated	slob	lzma2	render	887	44042
sample	repeated	slob	lzma2	render	888	47958
sample	repeated	slob	lzma2	render	889	44041
sample	repeated	slob	lzma2	render	890	43250
sample	repeated	slob	lzma2	render	891	43834
sample	repeated	slob	lzma2	render	892	51000
sample	repeated	slob	lzma2	render	893	32750
sample	repeated	slob	lzma2	render	894	43000
sample	repeated	slob	lzma2	render	895	43084
sample	repeated	slob	lzma2	render	896	43000
sample	repeated	slob	lzma2	render	897	43041
sample	repeated	slob	lzma2	render	898	41000
sample	repeated	slob	lzma2	render	899	43000
sample	repeated	slob	lzma2	render	900	42875
sample	repeated	slob	lzma2	render	901	32209
sample	repeated	slob	lzma2	render	902	43375
sample	repeated	slob	lzma2	render	903	42917
sample	repeated	slob	lzma2	render	904	43000
sample	repeated	slob	lzma2	render	905	42625
sample	repeated	slob	lzma2	render	906	42334
sample	repeated	slob	lzma2	render	907	42875
sample	repeated	slob	lzma2	render	908	31792
sample	repeated	slob	lzma2	render	909	42750
sample	repeated	slob	lzma2	render	910	43209
sample	repeated	slob	lzma2	render	911	42958
sample	repeated	slob	lzma2	render	912	42709
sample	repeated	slob	lzma2	render	913	41250
sample	repeated	slob	lzma2	render	914	42334
sample	repeated	slob	lzma2	render	915	42667
sample	repeated	slob	lzma2	render	916	32166
sample	repeated	slob	lzma2	render	917	42584
sample	repeated	slob	lzma2	render	918	42417
sample	repeated	slob	lzma2	render	919	42458
sample	repeated	slob	lzma2	render	920	42500
sample	repeated	slob	lzma2	render	921	42667
sample	repeated	slob	lzma2	render	922	42417
sample	repeated	slob	lzma2	render	923	31708
sample	repeated	slob	lzma2	render	924	42625
sample	repeated	slob	lzma2	render	925	43166
sample	repeated	slob	lzma2	render	926	64666
sample	repeated	slob	lzma2	render	927	50583
sample	repeated	slob	lzma2	render	928	42709
sample	repeated	slob	lzma2	render	929	44250
sample	repeated	slob	lzma2	render	930	43625
sample	repeated	slob	lzma2	render	931	32792
sample	repeated	slob	lzma2	render	932	43334
sample	repeated	slob	lzma2	render	933	43666
sample	repeated	slob	lzma2	render	934	42917
sample	repeated	slob	lzma2	render	935	43000
sample	repeated	slob	lzma2	render	936	43083
sample	repeated	slob	lzma2	render	937	44625
sample	repeated	slob	lzma2	render	938	32541
sample	repeated	slob	lzma2	render	939	43333
sample	repeated	slob	lzma2	render	940	43250
sample	repeated	slob	lzma2	render	941	43292
sample	repeated	slob	lzma2	render	942	43125
sample	repeated	slob	lzma2	render	943	41250
sample	repeated	slob	lzma2	render	944	151458
sample	repeated	slob	lzma2	render	945	142833
sample	repeated	slob	lzma2	render	946	81000
sample	repeated	slob	lzma2	render	947	109042
sample	repeated	slob	lzma2	render	948	49417
sample	repeated	slob	lzma2	render	949	43625
sample	repeated	slob	lzma2	render	950	43417
sample	repeated	slob	lzma2	render	951	43667
sample	repeated	slob	lzma2	render	952	42875
sample	repeated	slob	lzma2	render	953	32333
sample	repeated	slob	lzma2	render	954	82500
sample	repeated	slob	lzma2	render	955	52208
sample	repeated	slob	lzma2	render	956	46459
sample	repeated	slob	lzma2	render	957	45667
sample	repeated	slob	lzma2	render	958	42041
sample	repeated	slob	lzma2	render	959	43167
sample	repeated	slob	lzma2	render	960	43791
sample	repeated	slob	lzma2	render	961	33542
sample	repeated	slob	lzma2	render	962	43208
sample	repeated	slob	lzma2	render	963	44083
sample	repeated	slob	lzma2	render	964	43750
sample	repeated	slob	lzma2	render	965	57500
sample	repeated	slob	lzma2	render	966	45958
sample	repeated	slob	lzma2	render	967	44291
sample	repeated	slob	lzma2	render	968	32625
sample	repeated	slob	lzma2	render	969	43458
sample	repeated	slob	lzma2	render	970	42583
sample	repeated	slob	lzma2	render	971	42708
sample	repeated	slob	lzma2	render	972	42625
sample	repeated	slob	lzma2	render	973	41291
sample	repeated	slob	lzma2	render	974	42917
sample	repeated	slob	lzma2	render	975	42875
sample	repeated	slob	lzma2	render	976	32042
sample	repeated	slob	lzma2	render	977	43125
sample	repeated	slob	lzma2	render	978	42500
sample	repeated	slob	lzma2	render	979	42625
sample	repeated	slob	lzma2	render	980	45792
sample	repeated	slob	lzma2	render	981	43333
sample	repeated	slob	lzma2	render	982	42458
sample	repeated	slob	lzma2	render	983	31958
sample	repeated	slob	lzma2	render	984	42542
sample	repeated	slob	lzma2	render	985	42792
sample	repeated	slob	lzma2	render	986	42292
sample	repeated	slob	lzma2	render	987	42750
sample	repeated	slob	lzma2	render	988	40709
sample	repeated	slob	lzma2	render	989	43042
sample	repeated	slob	lzma2	render	990	42792
sample	repeated	slob	lzma2	render	991	32042
sample	repeated	slob	lzma2	render	992	42625
sample	repeated	slob	lzma2	render	993	42958
sample	repeated	slob	lzma2	render	994	42375
sample	repeated	slob	lzma2	render	995	43250
sample	repeated	slob	lzma2	render	996	42375
sample	repeated	slob	lzma2	render	997	42792
sample	repeated	slob	lzma2	render	998	31750
sample	repeated	slob	lzma2	render	999	204959
result	repeated	slob	lzma2	exact.p50_ns	470333
result	repeated	slob	lzma2	exact.p95_ns	848292
result	repeated	slob	lzma2	exact.p99_ns	1087250
result	repeated	slob	lzma2	prefix.p50_ns	15994791
result	repeated	slob	lzma2	prefix.p95_ns	24227250
result	repeated	slob	lzma2	prefix.p99_ns	30675417
result	repeated	slob	lzma2	render.p50_ns	42542
result	repeated	slob	lzma2	render.p95_ns	123459
result	repeated	slob	lzma2	render.p99_ns	189000
result	repeated	slob	lzma2	exact.hit.p50_ns	493917
result	repeated	slob	lzma2	exact.hit.p95_ns	871000
result	repeated	slob	lzma2	exact.hit.p99_ns	1127250
result	repeated	slob	lzma2	exact.miss.p50_ns	397292
result	repeated	slob	lzma2	exact.miss.p95_ns	761792
result	repeated	slob	lzma2	exact.miss.p99_ns	1015709
result	repeated	slob	lzma2	prefix.zero.p50_ns	839500
result	repeated	slob	lzma2	prefix.zero.p95_ns	1552208
result	repeated	slob	lzma2	prefix.zero.p99_ns	2218958
result	repeated	slob	lzma2	prefix.one.p50_ns	-
result	repeated	slob	lzma2	prefix.one.p95_ns	-
result	repeated	slob	lzma2	prefix.one.p99_ns	-
result	repeated	slob	lzma2	prefix.many.p50_ns	18577792
result	repeated	slob	lzma2	prefix.many.p95_ns	25561125
result	repeated	slob	lzma2	prefix.many.p99_ns	31102125
result	repeated	slob	lzma2	prefix.pathological.p50_ns	-
result	repeated	slob	lzma2	prefix.pathological.p95_ns	-
result	repeated	slob	lzma2	prefix.pathological.p99_ns	-
