meta	prose_heavy	records	2048
meta	prose_heavy	semantic_digest	11367502346538253063
result	prose_heavy	sqlite	raw	artifact_bytes	11259904
result	prose_heavy	sqlite	raw	build_ns	45047000
sample	prose_heavy	sqlite	raw	open	0	190584
sample	prose_heavy	sqlite	raw	open	1	68833
sample	prose_heavy	sqlite	raw	open	2	55250
sample	prose_heavy	sqlite	raw	open	3	49833
sample	prose_heavy	sqlite	raw	open	4	47875
sample	prose_heavy	sqlite	raw	open	5	47791
sample	prose_heavy	sqlite	raw	open	6	117334
sample	prose_heavy	sqlite	raw	open	7	48708
sample	prose_heavy	sqlite	raw	open	8	49708
sample	prose_heavy	sqlite	raw	open	9	46458
sample	prose_heavy	sqlite	raw	open	10	45750
sample	prose_heavy	sqlite	raw	open	11	50125
sample	prose_heavy	sqlite	raw	open	12	44917
sample	prose_heavy	sqlite	raw	open	13	45167
sample	prose_heavy	sqlite	raw	open	14	61541
sample	prose_heavy	sqlite	raw	open	15	106416
sample	prose_heavy	sqlite	raw	open	16	287792
sample	prose_heavy	sqlite	raw	open	17	222791
sample	prose_heavy	sqlite	raw	open	18	141792
sample	prose_heavy	sqlite	raw	open	19	235667
sample	prose_heavy	sqlite	raw	open	20	156667
sample	prose_heavy	sqlite	raw	open	21	113833
sample	prose_heavy	sqlite	raw	open	22	180458
sample	prose_heavy	sqlite	raw	open	23	121542
sample	prose_heavy	sqlite	raw	open	24	181875
result	prose_heavy	sqlite	raw	open_ns	68833
result	prose_heavy	sqlite	raw	semantic_digest	11367502346538253063
result	prose_heavy	sqlite	raw	query_checksum	4133005253181784452
result	prose_heavy	sqlite	raw	outputs	1024875
result	prose_heavy	sqlite	raw	logical_prose_bytes	10498986
sample	prose_heavy	sqlite	raw	exact	0	8250
sample	prose_heavy	sqlite	raw	exact	1	6667
sample	prose_heavy	sqlite	raw	exact	2	6750
sample	prose_heavy	sqlite	raw	exact	3	5875
sample	prose_heavy	sqlite	raw	exact	4	6375
sample	prose_heavy	sqlite	raw	exact	5	5750
sample	prose_heavy	sqlite	raw	exact	6	5875
sample	prose_heavy	sqlite	raw	exact	7	5917
sample	prose_heavy	sqlite	raw	exact	8	5834
sample	prose_heavy	sqlite	raw	exact	9	5625
sample	prose_heavy	sqlite	raw	exact	10	5792
sample	prose_heavy	sqlite	raw	exact	11	5666
sample	prose_heavy	sqlite	raw	exact	12	5833
sample	prose_heavy	sqlite	raw	exact	13	7041
sample	prose_heavy	sqlite	raw	exact	14	6000
sample	prose_heavy	sqlite	raw	exact	15	6417
sample	prose_heavy	sqlite	raw	exact	16	5875
sample	prose_heavy	sqlite	raw	exact	17	5625
sample	prose_heavy	sqlite	raw	exact	18	6250
sample	prose_heavy	sqlite	raw	exact	19	5666
sample	prose_heavy	sqlite	raw	exact	20	6416
sample	prose_heavy	sqlite	raw	exact	21	5459
sample	prose_heavy	sqlite	raw	exact	22	6042
sample	prose_heavy	sqlite	raw	exact	23	5792
sample	prose_heavy	sqlite	raw	exact	24	6000
sample	prose_heavy	sqlite	raw	exact	25	5333
sample	prose_heavy	sqlite	raw	exact	26	5750
sample	prose_heavy	sqlite	raw	exact	27	5292
sample	prose_heavy	sqlite	raw	exact	28	5792
sample	prose_heavy	sqlite	raw	exact	29	5334
sample	prose_heavy	sqlite	raw	exact	30	5792
sample	prose_heavy	sqlite	raw	exact	31	5583
sample	prose_heavy	sqlite	raw	exact	32	5833
sample	prose_heavy	sqlite	raw	exact	33	5542
sample	prose_heavy	sqlite	raw	exact	34	5583
sample	prose_heavy	sqlite	raw	exact	35	5375
sample	prose_heavy	sqlite	raw	exact	36	5667
sample	prose_heavy	sqlite	raw	exact	37	5417
sample	prose_heavy	sqlite	raw	exact	38	5625
sample	prose_heavy	sqlite	raw	exact	39	5750
sample	prose_heavy	sqlite	raw	exact	40	6209
sample	prose_heavy	sqlite	raw	exact	41	5292
sample	prose_heavy	sqlite	raw	exact	42	5542
sample	prose_heavy	sqlite	raw	exact	43	5333
sample	prose_heavy	sqlite	raw	exact	44	5792
sample	prose_heavy	sqlite	raw	exact	45	5334
sample	prose_heavy	sqlite	raw	exact	46	5583
sample	prose_heavy	sqlite	raw	exact	47	6000
sample	prose_heavy	sqlite	raw	exact	48	13000
sample	prose_heavy	sqlite	raw	exact	49	5417
sample	prose_heavy	sqlite	raw	exact	50	5750
sample	prose_heavy	sqlite	raw	exact	51	7334
sample	prose_heavy	sqlite	raw	exact	52	5750
sample	prose_heavy	sqlite	raw	exact	53	5375
sample	prose_heavy	sqlite	raw	exact	54	5583
sample	prose_heavy	sqlite	raw	exact	55	5583
sample	prose_heavy	sqlite	raw	exact	56	5500
sample	prose_heavy	sqlite	raw	exact	57	5583
sample	prose_heavy	sqlite	raw	exact	58	5625
sample	prose_heavy	sqlite	raw	exact	59	5458
sample	prose_heavy	sqlite	raw	exact	60	5791
sample	prose_heavy	sqlite	raw	exact	61	5417
sample	prose_heavy	sqlite	raw	exact	62	5584
sample	prose_heavy	sqlite	raw	exact	63	9791
sample	prose_heavy	sqlite	raw	exact	64	5666
sample	prose_heavy	sqlite	raw	exact	65	5459
sample	prose_heavy	sqlite	raw	exact	66	5667
sample	prose_heavy	sqlite	raw	exact	67	5417
sample	prose_heavy	sqlite	raw	exact	68	5625
sample	prose_heavy	sqlite	raw	exact	69	5791
sample	prose_heavy	sqlite	raw	exact	70	5709
sample	prose_heavy	sqlite	raw	exact	71	5583
sample	prose_heavy	sqlite	raw	exact	72	6084
sample	prose_heavy	sqlite	raw	exact	73	77834
sample	prose_heavy	sqlite	raw	exact	74	59333
sample	prose_heavy	sqlite	raw	exact	75	23708
sample	prose_heavy	sqlite	raw	exact	76	48166
sample	prose_heavy	sqlite	raw	exact	77	41875
sample	prose_heavy	sqlite	raw	exact	78	81792
sample	prose_heavy	sqlite	raw	exact	79	50000
sample	prose_heavy	sqlite	raw	exact	80	124500
sample	prose_heavy	sqlite	raw	exact	81	25458
sample	prose_heavy	sqlite	raw	exact	82	18125
sample	prose_heavy	sqlite	raw	exact	83	6750
sample	prose_heavy	sqlite	raw	exact	84	9250
sample	prose_heavy	sqlite	raw	exact	85	78083
sample	prose_heavy	sqlite	raw	exact	86	15167
sample	prose_heavy	sqlite	raw	exact	87	7792
sample	prose_heavy	sqlite	raw	exact	88	49167
sample	prose_heavy	sqlite	raw	exact	89	17167
sample	prose_heavy	sqlite	raw	exact	90	15125
sample	prose_heavy	sqlite	raw	exact	91	19375
sample	prose_heavy	sqlite	raw	exact	92	18417
sample	prose_heavy	sqlite	raw	exact	93	29875
sample	prose_heavy	sqlite	raw	exact	94	94042
sample	prose_heavy	sqlite	raw	exact	95	56625
sample	prose_heavy	sqlite	raw	exact	96	109667
sample	prose_heavy	sqlite	raw	exact	97	31625
sample	prose_heavy	sqlite	raw	exact	98	24125
sample	prose_heavy	sqlite	raw	exact	99	18791
sample	prose_heavy	sqlite	raw	exact	100	8375
sample	prose_heavy	sqlite	raw	exact	101	8292
sample	prose_heavy	sqlite	raw	exact	102	6917
sample	prose_heavy	sqlite	raw	exact	103	5917
sample	prose_heavy	sqlite	raw	exact	104	34083
sample	prose_heavy	sqlite	raw	exact	105	16375
sample	prose_heavy	sqlite	raw	exact	106	8209
sample	prose_heavy	sqlite	raw	exact	107	6250
sample	prose_heavy	sqlite	raw	exact	108	6959
sample	prose_heavy	sqlite	raw	exact	109	6000
sample	prose_heavy	sqlite	raw	exact	110	6458
sample	prose_heavy	sqlite	raw	exact	111	6250
sample	prose_heavy	sqlite	raw	exact	112	6041
sample	prose_heavy	sqlite	raw	exact	113	9833
sample	prose_heavy	sqlite	raw	exact	114	6541
sample	prose_heavy	sqlite	raw	exact	115	5583
sample	prose_heavy	sqlite	raw	exact	116	5875
sample	prose_heavy	sqlite	raw	exact	117	5792
sample	prose_heavy	sqlite	raw	exact	118	38000
sample	prose_heavy	sqlite	raw	exact	119	10334
sample	prose_heavy	sqlite	raw	exact	120	7708
sample	prose_heavy	sqlite	raw	exact	121	7250
sample	prose_heavy	sqlite	raw	exact	122	6750
sample	prose_heavy	sqlite	raw	exact	123	6208
sample	prose_heavy	sqlite	raw	exact	124	6333
sample	prose_heavy	sqlite	raw	exact	125	5917
sample	prose_heavy	sqlite	raw	exact	126	6417
sample	prose_heavy	sqlite	raw	exact	127	6209
sample	prose_heavy	sqlite	raw	exact	128	5709
sample	prose_heavy	sqlite	raw	exact	129	6416
sample	prose_heavy	sqlite	raw	exact	130	5875
sample	prose_heavy	sqlite	raw	exact	131	5583
sample	prose_heavy	sqlite	raw	exact	132	5708
sample	prose_heavy	sqlite	raw	exact	133	5750
sample	prose_heavy	sqlite	raw	exact	134	5750
sample	prose_heavy	sqlite	raw	exact	135	5958
sample	prose_heavy	sqlite	raw	exact	136	6250
sample	prose_heavy	sqlite	raw	exact	137	6417
sample	prose_heavy	sqlite	raw	exact	138	6792
sample	prose_heavy	sqlite	raw	exact	139	6250
sample	prose_heavy	sqlite	raw	exact	140	5875
sample	prose_heavy	sqlite	raw	exact	141	5792
sample	prose_heavy	sqlite	raw	exact	142	5709
sample	prose_heavy	sqlite	raw	exact	143	5625
sample	prose_heavy	sqlite	raw	exact	144	5834
sample	prose_heavy	sqlite	raw	exact	145	5959
sample	prose_heavy	sqlite	raw	exact	146	6583
sample	prose_heavy	sqlite	raw	exact	147	5583
sample	prose_heavy	sqlite	raw	exact	148	5666
sample	prose_heavy	sqlite	raw	exact	149	5458
sample	prose_heavy	sqlite	raw	exact	150	5708
sample	prose_heavy	sqlite	raw	exact	151	5667
sample	prose_heavy	sqlite	raw	exact	152	5750
sample	prose_heavy	sqlite	raw	exact	153	5792
sample	prose_heavy	sqlite	raw	exact	154	5917
sample	prose_heavy	sqlite	raw	exact	155	5500
sample	prose_heavy	sqlite	raw	exact	156	5750
sample	prose_heavy	sqlite	raw	exact	157	5375
sample	prose_heavy	sqlite	raw	exact	158	5500
sample	prose_heavy	sqlite	raw	exact	159	5709
sample	prose_heavy	sqlite	raw	exact	160	5875
sample	prose_heavy	sqlite	raw	exact	161	5542
sample	prose_heavy	sqlite	raw	exact	162	5750
sample	prose_heavy	sqlite	raw	exact	163	5458
sample	prose_heavy	sqlite	raw	exact	164	5709
sample	prose_heavy	sqlite	raw	exact	165	5666
sample	prose_heavy	sqlite	raw	exact	166	5584
sample	prose_heavy	sqlite	raw	exact	167	5625
sample	prose_heavy	sqlite	raw	exact	168	5792
sample	prose_heavy	sqlite	raw	exact	169	5500
sample	prose_heavy	sqlite	raw	exact	170	5750
sample	prose_heavy	sqlite	raw	exact	171	138417
sample	prose_heavy	sqlite	raw	exact	172	95375
sample	prose_heavy	sqlite	raw	exact	173	38791
sample	prose_heavy	sqlite	raw	exact	174	17791
sample	prose_heavy	sqlite	raw	exact	175	8000
sample	prose_heavy	sqlite	raw	exact	176	94583
sample	prose_heavy	sqlite	raw	exact	177	17041
sample	prose_heavy	sqlite	raw	exact	178	117541
sample	prose_heavy	sqlite	raw	exact	179	12000
sample	prose_heavy	sqlite	raw	exact	180	8209
sample	prose_heavy	sqlite	raw	exact	181	13042
sample	prose_heavy	sqlite	raw	exact	182	10625
sample	prose_heavy	sqlite	raw	exact	183	9625
sample	prose_heavy	sqlite	raw	exact	184	10208
sample	prose_heavy	sqlite	raw	exact	185	5917
sample	prose_heavy	sqlite	raw	exact	186	5917
sample	prose_heavy	sqlite	raw	exact	187	5583
sample	prose_heavy	sqlite	raw	exact	188	5833
sample	prose_heavy	sqlite	raw	exact	189	6416
sample	prose_heavy	sqlite	raw	exact	190	6333
sample	prose_heavy	sqlite	raw	exact	191	16875
sample	prose_heavy	sqlite	raw	exact	192	6000
sample	prose_heavy	sqlite	raw	exact	193	5791
sample	prose_heavy	sqlite	raw	exact	194	6292
sample	prose_heavy	sqlite	raw	exact	195	5584
sample	prose_heavy	sqlite	raw	exact	196	6417
sample	prose_heavy	sqlite	raw	exact	197	5792
sample	prose_heavy	sqlite	raw	exact	198	6292
sample	prose_heavy	sqlite	raw	exact	199	12166
sample	prose_heavy	sqlite	raw	exact	200	6125
sample	prose_heavy	sqlite	raw	exact	201	5375
sample	prose_heavy	sqlite	raw	exact	202	6042
sample	prose_heavy	sqlite	raw	exact	203	5709
sample	prose_heavy	sqlite	raw	exact	204	13083
sample	prose_heavy	sqlite	raw	exact	205	6167
sample	prose_heavy	sqlite	raw	exact	206	5500
sample	prose_heavy	sqlite	raw	exact	207	5958
sample	prose_heavy	sqlite	raw	exact	208	6125
sample	prose_heavy	sqlite	raw	exact	209	5292
sample	prose_heavy	sqlite	raw	exact	210	5791
sample	prose_heavy	sqlite	raw	exact	211	5416
sample	prose_heavy	sqlite	raw	exact	212	5667
sample	prose_heavy	sqlite	raw	exact	213	5459
sample	prose_heavy	sqlite	raw	exact	214	5750
sample	prose_heavy	sqlite	raw	exact	215	5583
sample	prose_heavy	sqlite	raw	exact	216	5875
sample	prose_heavy	sqlite	raw	exact	217	5542
sample	prose_heavy	sqlite	raw	exact	218	5584
sample	prose_heavy	sqlite	raw	exact	219	5166
sample	prose_heavy	sqlite	raw	exact	220	6083
sample	prose_heavy	sqlite	raw	exact	221	5833
sample	prose_heavy	sqlite	raw	exact	222	5500
sample	prose_heavy	sqlite	raw	exact	223	5667
sample	prose_heavy	sqlite	raw	exact	224	5542
sample	prose_heavy	sqlite	raw	exact	225	5667
sample	prose_heavy	sqlite	raw	exact	226	5542
sample	prose_heavy	sqlite	raw	exact	227	5458
sample	prose_heavy	sqlite	raw	exact	228	6042
sample	prose_heavy	sqlite	raw	exact	229	5458
sample	prose_heavy	sqlite	raw	exact	230	5500
sample	prose_heavy	sqlite	raw	exact	231	6416
sample	prose_heavy	sqlite	raw	exact	232	5750
sample	prose_heavy	sqlite	raw	exact	233	5416
sample	prose_heavy	sqlite	raw	exact	234	5542
sample	prose_heavy	sqlite	raw	exact	235	5792
sample	prose_heavy	sqlite	raw	exact	236	5958
sample	prose_heavy	sqlite	raw	exact	237	5541
sample	prose_heavy	sqlite	raw	exact	238	5917
sample	prose_heavy	sqlite	raw	exact	239	6375
sample	prose_heavy	sqlite	raw	exact	240	5792
sample	prose_heavy	sqlite	raw	exact	241	6334
sample	prose_heavy	sqlite	raw	exact	242	5541
sample	prose_heavy	sqlite	raw	exact	243	5834
sample	prose_heavy	sqlite	raw	exact	244	12125
sample	prose_heavy	sqlite	raw	exact	245	5792
sample	prose_heavy	sqlite	raw	exact	246	5542
sample	prose_heavy	sqlite	raw	exact	247	5541
sample	prose_heavy	sqlite	raw	exact	248	5542
sample	prose_heavy	sqlite	raw	exact	249	5292
sample	prose_heavy	sqlite	raw	exact	250	5583
sample	prose_heavy	sqlite	raw	exact	251	5250
sample	prose_heavy	sqlite	raw	exact	252	5583
sample	prose_heavy	sqlite	raw	exact	253	5333
sample	prose_heavy	sqlite	raw	exact	254	301958
sample	prose_heavy	sqlite	raw	exact	255	111916
sample	prose_heavy	sqlite	raw	exact	256	22000
sample	prose_heavy	sqlite	raw	exact	257	7583
sample	prose_heavy	sqlite	raw	exact	258	6959
sample	prose_heavy	sqlite	raw	exact	259	6041
sample	prose_heavy	sqlite	raw	exact	260	18083
sample	prose_heavy	sqlite	raw	exact	261	15417
sample	prose_heavy	sqlite	raw	exact	262	6625
sample	prose_heavy	sqlite	raw	exact	263	5833
sample	prose_heavy	sqlite	raw	exact	264	6209
sample	prose_heavy	sqlite	raw	exact	265	5625
sample	prose_heavy	sqlite	raw	exact	266	6500
sample	prose_heavy	sqlite	raw	exact	267	5542
sample	prose_heavy	sqlite	raw	exact	268	6084
sample	prose_heavy	sqlite	raw	exact	269	5583
sample	prose_heavy	sqlite	raw	exact	270	5500
sample	prose_heavy	sqlite	raw	exact	271	5750
sample	prose_heavy	sqlite	raw	exact	272	6042
sample	prose_heavy	sqlite	raw	exact	273	5708
sample	prose_heavy	sqlite	raw	exact	274	6000
sample	prose_heavy	sqlite	raw	exact	275	5458
sample	prose_heavy	sqlite	raw	exact	276	5750
sample	prose_heavy	sqlite	raw	exact	277	5333
sample	prose_heavy	sqlite	raw	exact	278	5875
sample	prose_heavy	sqlite	raw	exact	279	5750
sample	prose_heavy	sqlite	raw	exact	280	5792
sample	prose_heavy	sqlite	raw	exact	281	5292
sample	prose_heavy	sqlite	raw	exact	282	5834
sample	prose_heavy	sqlite	raw	exact	283	5459
sample	prose_heavy	sqlite	raw	exact	284	5833
sample	prose_heavy	sqlite	raw	exact	285	6291
sample	prose_heavy	sqlite	raw	exact	286	5667
sample	prose_heavy	sqlite	raw	exact	287	5583
sample	prose_heavy	sqlite	raw	exact	288	5834
sample	prose_heavy	sqlite	raw	exact	289	5417
sample	prose_heavy	sqlite	raw	exact	290	5667
sample	prose_heavy	sqlite	raw	exact	291	5459
sample	prose_heavy	sqlite	raw	exact	292	5875
sample	prose_heavy	sqlite	raw	exact	293	52625
sample	prose_heavy	sqlite	raw	exact	294	8750
sample	prose_heavy	sqlite	raw	exact	295	6167
sample	prose_heavy	sqlite	raw	exact	296	94959
sample	prose_heavy	sqlite	raw	exact	297	17583
sample	prose_heavy	sqlite	raw	exact	298	6791
sample	prose_heavy	sqlite	raw	exact	299	6209
sample	prose_heavy	sqlite	raw	exact	300	6000
sample	prose_heavy	sqlite	raw	exact	301	7500
sample	prose_heavy	sqlite	raw	exact	302	5791
sample	prose_heavy	sqlite	raw	exact	303	5625
sample	prose_heavy	sqlite	raw	exact	304	6292
sample	prose_heavy	sqlite	raw	exact	305	5542
sample	prose_heavy	sqlite	raw	exact	306	6000
sample	prose_heavy	sqlite	raw	exact	307	5375
sample	prose_heavy	sqlite	raw	exact	308	5625
sample	prose_heavy	sqlite	raw	exact	309	6416
sample	prose_heavy	sqlite	raw	exact	310	5958
sample	prose_heavy	sqlite	raw	exact	311	5583
sample	prose_heavy	sqlite	raw	exact	312	5791
sample	prose_heavy	sqlite	raw	exact	313	5666
sample	prose_heavy	sqlite	raw	exact	314	9875
sample	prose_heavy	sqlite	raw	exact	315	5375
sample	prose_heavy	sqlite	raw	exact	316	5667
sample	prose_heavy	sqlite	raw	exact	317	5292
sample	prose_heavy	sqlite	raw	exact	318	6583
sample	prose_heavy	sqlite	raw	exact	319	5583
sample	prose_heavy	sqlite	raw	exact	320	5750
sample	prose_heavy	sqlite	raw	exact	321	5458
sample	prose_heavy	sqlite	raw	exact	322	5834
sample	prose_heavy	sqlite	raw	exact	323	5291
sample	prose_heavy	sqlite	raw	exact	324	5625
sample	prose_heavy	sqlite	raw	exact	325	6000
sample	prose_heavy	sqlite	raw	exact	326	5875
sample	prose_heavy	sqlite	raw	exact	327	5625
sample	prose_heavy	sqlite	raw	exact	328	5542
sample	prose_heavy	sqlite	raw	exact	329	5291
sample	prose_heavy	sqlite	raw	exact	330	6209
sample	prose_heavy	sqlite	raw	exact	331	5500
sample	prose_heavy	sqlite	raw	exact	332	5583
sample	prose_heavy	sqlite	raw	exact	333	6666
sample	prose_heavy	sqlite	raw	exact	334	5709
sample	prose_heavy	sqlite	raw	exact	335	5542
sample	prose_heavy	sqlite	raw	exact	336	6000
sample	prose_heavy	sqlite	raw	exact	337	5333
sample	prose_heavy	sqlite	raw	exact	338	5792
sample	prose_heavy	sqlite	raw	exact	339	5583
sample	prose_heavy	sqlite	raw	exact	340	5542
sample	prose_heavy	sqlite	raw	exact	341	5333
sample	prose_heavy	sqlite	raw	exact	342	5750
sample	prose_heavy	sqlite	raw	exact	343	5584
sample	prose_heavy	sqlite	raw	exact	344	121458
sample	prose_heavy	sqlite	raw	exact	345	14667
sample	prose_heavy	sqlite	raw	exact	346	74250
sample	prose_heavy	sqlite	raw	exact	347	23500
sample	prose_heavy	sqlite	raw	exact	348	9250
sample	prose_heavy	sqlite	raw	exact	349	7000
sample	prose_heavy	sqlite	raw	exact	350	6166
sample	prose_heavy	sqlite	raw	exact	351	6167
sample	prose_heavy	sqlite	raw	exact	352	6500
sample	prose_heavy	sqlite	raw	exact	353	6042
sample	prose_heavy	sqlite	raw	exact	354	13833
sample	prose_heavy	sqlite	raw	exact	355	8666
sample	prose_heavy	sqlite	raw	exact	356	6042
sample	prose_heavy	sqlite	raw	exact	357	5542
sample	prose_heavy	sqlite	raw	exact	358	10916
sample	prose_heavy	sqlite	raw	exact	359	5792
sample	prose_heavy	sqlite	raw	exact	360	5792
sample	prose_heavy	sqlite	raw	exact	361	10416
sample	prose_heavy	sqlite	raw	exact	362	6333
sample	prose_heavy	sqlite	raw	exact	363	5416
sample	prose_heavy	sqlite	raw	exact	364	5959
sample	prose_heavy	sqlite	raw	exact	365	5459
sample	prose_heavy	sqlite	raw	exact	366	6792
sample	prose_heavy	sqlite	raw	exact	367	5708
sample	prose_heavy	sqlite	raw	exact	368	5792
sample	prose_heavy	sqlite	raw	exact	369	5417
sample	prose_heavy	sqlite	raw	exact	370	16959
sample	prose_heavy	sqlite	raw	exact	371	10041
sample	prose_heavy	sqlite	raw	exact	372	5916
sample	prose_heavy	sqlite	raw	exact	373	8333
sample	prose_heavy	sqlite	raw	exact	374	6083
sample	prose_heavy	sqlite	raw	exact	375	5625
sample	prose_heavy	sqlite	raw	exact	376	10125
sample	prose_heavy	sqlite	raw	exact	377	5541
sample	prose_heavy	sqlite	raw	exact	378	6584
sample	prose_heavy	sqlite	raw	exact	379	5333
sample	prose_heavy	sqlite	raw	exact	380	12125
sample	prose_heavy	sqlite	raw	exact	381	6083
sample	prose_heavy	sqlite	raw	exact	382	6125
sample	prose_heavy	sqlite	raw	exact	383	6250
sample	prose_heavy	sqlite	raw	exact	384	5667
sample	prose_heavy	sqlite	raw	exact	385	5584
sample	prose_heavy	sqlite	raw	exact	386	5709
sample	prose_heavy	sqlite	raw	exact	387	11500
sample	prose_heavy	sqlite	raw	exact	388	6000
sample	prose_heavy	sqlite	raw	exact	389	5542
sample	prose_heavy	sqlite	raw	exact	390	6958
sample	prose_heavy	sqlite	raw	exact	391	5750
sample	prose_heavy	sqlite	raw	exact	392	5708
sample	prose_heavy	sqlite	raw	exact	393	5458
sample	prose_heavy	sqlite	raw	exact	394	6083
sample	prose_heavy	sqlite	raw	exact	395	5458
sample	prose_heavy	sqlite	raw	exact	396	5792
sample	prose_heavy	sqlite	raw	exact	397	5416
sample	prose_heavy	sqlite	raw	exact	398	5667
sample	prose_heavy	sqlite	raw	exact	399	5708
sample	prose_heavy	sqlite	raw	exact	400	5834
sample	prose_heavy	sqlite	raw	exact	401	5500
sample	prose_heavy	sqlite	raw	exact	402	5709
sample	prose_heavy	sqlite	raw	exact	403	5459
sample	prose_heavy	sqlite	raw	exact	404	5750
sample	prose_heavy	sqlite	raw	exact	405	5500
sample	prose_heavy	sqlite	raw	exact	406	6458
sample	prose_heavy	sqlite	raw	exact	407	5792
sample	prose_heavy	sqlite	raw	exact	408	5750
sample	prose_heavy	sqlite	raw	exact	409	5583
sample	prose_heavy	sqlite	raw	exact	410	5834
sample	prose_heavy	sqlite	raw	exact	411	5542
sample	prose_heavy	sqlite	raw	exact	412	5792
sample	prose_heavy	sqlite	raw	exact	413	5458
sample	prose_heavy	sqlite	raw	exact	414	10125
sample	prose_heavy	sqlite	raw	exact	415	5959
sample	prose_heavy	sqlite	raw	exact	416	6083
sample	prose_heavy	sqlite	raw	exact	417	5500
sample	prose_heavy	sqlite	raw	exact	418	5667
sample	prose_heavy	sqlite	raw	exact	419	5417
sample	prose_heavy	sqlite	raw	exact	420	10417
sample	prose_heavy	sqlite	raw	exact	421	5500
sample	prose_heavy	sqlite	raw	exact	422	6416
sample	prose_heavy	sqlite	raw	exact	423	5625
sample	prose_heavy	sqlite	raw	exact	424	5708
sample	prose_heavy	sqlite	raw	exact	425	5500
sample	prose_heavy	sqlite	raw	exact	426	5833
sample	prose_heavy	sqlite	raw	exact	427	8125
sample	prose_heavy	sqlite	raw	exact	428	8250
sample	prose_heavy	sqlite	raw	exact	429	6042
sample	prose_heavy	sqlite	raw	exact	430	5583
sample	prose_heavy	sqlite	raw	exact	431	5667
sample	prose_heavy	sqlite	raw	exact	432	8250
sample	prose_heavy	sqlite	raw	exact	433	7625
sample	prose_heavy	sqlite	raw	exact	434	7958
sample	prose_heavy	sqlite	raw	exact	435	5375
sample	prose_heavy	sqlite	raw	exact	436	5708
sample	prose_heavy	sqlite	raw	exact	437	5375
sample	prose_heavy	sqlite	raw	exact	438	5708
sample	prose_heavy	sqlite	raw	exact	439	10833
sample	prose_heavy	sqlite	raw	exact	440	10334
sample	prose_heavy	sqlite	raw	exact	441	5417
sample	prose_heavy	sqlite	raw	exact	442	6083
sample	prose_heavy	sqlite	raw	exact	443	5458
sample	prose_heavy	sqlite	raw	exact	444	9709
sample	prose_heavy	sqlite	raw	exact	445	5417
sample	prose_heavy	sqlite	raw	exact	446	14583
sample	prose_heavy	sqlite	raw	exact	447	6708
sample	prose_heavy	sqlite	raw	exact	448	9417
sample	prose_heavy	sqlite	raw	exact	449	9583
sample	prose_heavy	sqlite	raw	exact	450	6125
sample	prose_heavy	sqlite	raw	exact	451	5458
sample	prose_heavy	sqlite	raw	exact	452	5875
sample	prose_heavy	sqlite	raw	exact	453	5584
sample	prose_heavy	sqlite	raw	exact	454	8459
sample	prose_heavy	sqlite	raw	exact	455	5666
sample	prose_heavy	sqlite	raw	exact	456	5708
sample	prose_heavy	sqlite	raw	exact	457	5667
sample	prose_heavy	sqlite	raw	exact	458	5875
sample	prose_heavy	sqlite	raw	exact	459	5375
sample	prose_heavy	sqlite	raw	exact	460	5750
sample	prose_heavy	sqlite	raw	exact	461	5375
sample	prose_heavy	sqlite	raw	exact	462	5833
sample	prose_heavy	sqlite	raw	exact	463	5584
sample	prose_heavy	sqlite	raw	exact	464	5750
sample	prose_heavy	sqlite	raw	exact	465	5375
sample	prose_heavy	sqlite	raw	exact	466	5958
sample	prose_heavy	sqlite	raw	exact	467	5417
sample	prose_heavy	sqlite	raw	exact	468	5708
sample	prose_heavy	sqlite	raw	exact	469	5416
sample	prose_heavy	sqlite	raw	exact	470	5500
sample	prose_heavy	sqlite	raw	exact	471	5667
sample	prose_heavy	sqlite	raw	exact	472	5833
sample	prose_heavy	sqlite	raw	exact	473	5333
sample	prose_heavy	sqlite	raw	exact	474	5833
sample	prose_heavy	sqlite	raw	exact	475	5375
sample	prose_heavy	sqlite	raw	exact	476	5625
sample	prose_heavy	sqlite	raw	exact	477	5333
sample	prose_heavy	sqlite	raw	exact	478	5500
sample	prose_heavy	sqlite	raw	exact	479	5500
sample	prose_heavy	sqlite	raw	exact	480	5542
sample	prose_heavy	sqlite	raw	exact	481	5333
sample	prose_heavy	sqlite	raw	exact	482	5459
sample	prose_heavy	sqlite	raw	exact	483	5375
sample	prose_heavy	sqlite	raw	exact	484	5583
sample	prose_heavy	sqlite	raw	exact	485	5625
sample	prose_heavy	sqlite	raw	exact	486	6125
sample	prose_heavy	sqlite	raw	exact	487	5625
sample	prose_heavy	sqlite	raw	exact	488	5750
sample	prose_heavy	sqlite	raw	exact	489	5375
sample	prose_heavy	sqlite	raw	exact	490	5750
sample	prose_heavy	sqlite	raw	exact	491	5334
sample	prose_heavy	sqlite	raw	exact	492	5500
sample	prose_heavy	sqlite	raw	exact	493	5459
sample	prose_heavy	sqlite	raw	exact	494	5417
sample	prose_heavy	sqlite	raw	exact	495	5708
sample	prose_heavy	sqlite	raw	exact	496	5541
sample	prose_heavy	sqlite	raw	exact	497	5333
sample	prose_heavy	sqlite	raw	exact	498	5750
sample	prose_heavy	sqlite	raw	exact	499	5375
sample	prose_heavy	sqlite	raw	exact	500	5791
sample	prose_heavy	sqlite	raw	exact	501	5667
sample	prose_heavy	sqlite	raw	exact	502	5792
sample	prose_heavy	sqlite	raw	exact	503	5834
sample	prose_heavy	sqlite	raw	exact	504	5708
sample	prose_heavy	sqlite	raw	exact	505	5458
sample	prose_heavy	sqlite	raw	exact	506	6083
sample	prose_heavy	sqlite	raw	exact	507	5583
sample	prose_heavy	sqlite	raw	exact	508	5667
sample	prose_heavy	sqlite	raw	exact	509	5500
sample	prose_heavy	sqlite	raw	exact	510	5625
sample	prose_heavy	sqlite	raw	exact	511	5667
sample	prose_heavy	sqlite	raw	exact	512	5750
sample	prose_heavy	sqlite	raw	exact	513	5375
sample	prose_heavy	sqlite	raw	exact	514	6334
sample	prose_heavy	sqlite	raw	exact	515	10542
sample	prose_heavy	sqlite	raw	exact	516	5750
sample	prose_heavy	sqlite	raw	exact	517	5375
sample	prose_heavy	sqlite	raw	exact	518	5708
sample	prose_heavy	sqlite	raw	exact	519	5584
sample	prose_heavy	sqlite	raw	exact	520	5708
sample	prose_heavy	sqlite	raw	exact	521	5458
sample	prose_heavy	sqlite	raw	exact	522	25917
sample	prose_heavy	sqlite	raw	exact	523	7208
sample	prose_heavy	sqlite	raw	exact	524	6750
sample	prose_heavy	sqlite	raw	exact	525	6334
sample	prose_heavy	sqlite	raw	exact	526	6375
sample	prose_heavy	sqlite	raw	exact	527	5791
sample	prose_heavy	sqlite	raw	exact	528	6042
sample	prose_heavy	sqlite	raw	exact	529	5500
sample	prose_heavy	sqlite	raw	exact	530	5916
sample	prose_heavy	sqlite	raw	exact	531	13917
sample	prose_heavy	sqlite	raw	exact	532	7500
sample	prose_heavy	sqlite	raw	exact	533	6583
sample	prose_heavy	sqlite	raw	exact	534	6166
sample	prose_heavy	sqlite	raw	exact	535	5917
sample	prose_heavy	sqlite	raw	exact	536	6334
sample	prose_heavy	sqlite	raw	exact	537	5875
sample	prose_heavy	sqlite	raw	exact	538	5833
sample	prose_heavy	sqlite	raw	exact	539	5666
sample	prose_heavy	sqlite	raw	exact	540	16250
sample	prose_heavy	sqlite	raw	exact	541	12167
sample	prose_heavy	sqlite	raw	exact	542	5875
sample	prose_heavy	sqlite	raw	exact	543	5542
sample	prose_heavy	sqlite	raw	exact	544	5750
sample	prose_heavy	sqlite	raw	exact	545	5292
sample	prose_heavy	sqlite	raw	exact	546	5708
sample	prose_heavy	sqlite	raw	exact	547	5625
sample	prose_heavy	sqlite	raw	exact	548	6000
sample	prose_heavy	sqlite	raw	exact	549	5500
sample	prose_heavy	sqlite	raw	exact	550	6042
sample	prose_heavy	sqlite	raw	exact	551	5709
sample	prose_heavy	sqlite	raw	exact	552	5541
sample	prose_heavy	sqlite	raw	exact	553	5375
sample	prose_heavy	sqlite	raw	exact	554	5875
sample	prose_heavy	sqlite	raw	exact	555	5708
sample	prose_heavy	sqlite	raw	exact	556	5750
sample	prose_heavy	sqlite	raw	exact	557	5333
sample	prose_heavy	sqlite	raw	exact	558	5792
sample	prose_heavy	sqlite	raw	exact	559	5542
sample	prose_heavy	sqlite	raw	exact	560	5708
sample	prose_heavy	sqlite	raw	exact	561	12041
sample	prose_heavy	sqlite	raw	exact	562	5834
sample	prose_heavy	sqlite	raw	exact	563	66584
sample	prose_heavy	sqlite	raw	exact	564	12750
sample	prose_heavy	sqlite	raw	exact	565	109334
sample	prose_heavy	sqlite	raw	exact	566	79500
sample	prose_heavy	sqlite	raw	exact	567	73583
sample	prose_heavy	sqlite	raw	exact	568	86750
sample	prose_heavy	sqlite	raw	exact	569	52875
sample	prose_heavy	sqlite	raw	exact	570	18916
sample	prose_heavy	sqlite	raw	exact	571	18125
sample	prose_heavy	sqlite	raw	exact	572	33875
sample	prose_heavy	sqlite	raw	exact	573	22750
sample	prose_heavy	sqlite	raw	exact	574	38041
sample	prose_heavy	sqlite	raw	exact	575	29375
sample	prose_heavy	sqlite	raw	exact	576	19583
sample	prose_heavy	sqlite	raw	exact	577	7500
sample	prose_heavy	sqlite	raw	exact	578	7666
sample	prose_heavy	sqlite	raw	exact	579	8000
sample	prose_heavy	sqlite	raw	exact	580	6792
sample	prose_heavy	sqlite	raw	exact	581	5500
sample	prose_heavy	sqlite	raw	exact	582	6000
sample	prose_heavy	sqlite	raw	exact	583	6083
sample	prose_heavy	sqlite	raw	exact	584	6208
sample	prose_heavy	sqlite	raw	exact	585	5791
sample	prose_heavy	sqlite	raw	exact	586	6209
sample	prose_heavy	sqlite	raw	exact	587	6042
sample	prose_heavy	sqlite	raw	exact	588	6584
sample	prose_heavy	sqlite	raw	exact	589	6417
sample	prose_heavy	sqlite	raw	exact	590	7000
sample	prose_heavy	sqlite	raw	exact	591	17417
sample	prose_heavy	sqlite	raw	exact	592	6583
sample	prose_heavy	sqlite	raw	exact	593	6000
sample	prose_heavy	sqlite	raw	exact	594	5875
sample	prose_heavy	sqlite	raw	exact	595	5667
sample	prose_heavy	sqlite	raw	exact	596	5875
sample	prose_heavy	sqlite	raw	exact	597	5416
sample	prose_heavy	sqlite	raw	exact	598	6167
sample	prose_heavy	sqlite	raw	exact	599	5667
sample	prose_heavy	sqlite	raw	exact	600	5542
sample	prose_heavy	sqlite	raw	exact	601	5458
sample	prose_heavy	sqlite	raw	exact	602	6084
sample	prose_heavy	sqlite	raw	exact	603	5458
sample	prose_heavy	sqlite	raw	exact	604	5917
sample	prose_heavy	sqlite	raw	exact	605	5459
sample	prose_heavy	sqlite	raw	exact	606	5958
sample	prose_heavy	sqlite	raw	exact	607	5875
sample	prose_heavy	sqlite	raw	exact	608	5875
sample	prose_heavy	sqlite	raw	exact	609	5334
sample	prose_heavy	sqlite	raw	exact	610	6083
sample	prose_heavy	sqlite	raw	exact	611	11625
sample	prose_heavy	sqlite	raw	exact	612	160667
sample	prose_heavy	sqlite	raw	exact	613	50583
sample	prose_heavy	sqlite	raw	exact	614	18500
sample	prose_heavy	sqlite	raw	exact	615	12959
sample	prose_heavy	sqlite	raw	exact	616	6959
sample	prose_heavy	sqlite	raw	exact	617	6166
sample	prose_heavy	sqlite	raw	exact	618	6458
sample	prose_heavy	sqlite	raw	exact	619	6292
sample	prose_heavy	sqlite	raw	exact	620	5917
sample	prose_heavy	sqlite	raw	exact	621	5958
sample	prose_heavy	sqlite	raw	exact	622	6125
sample	prose_heavy	sqlite	raw	exact	623	6750
sample	prose_heavy	sqlite	raw	exact	624	6459
sample	prose_heavy	sqlite	raw	exact	625	5666
sample	prose_heavy	sqlite	raw	exact	626	48625
sample	prose_heavy	sqlite	raw	exact	627	25000
sample	prose_heavy	sqlite	raw	exact	628	13834
sample	prose_heavy	sqlite	raw	exact	629	6792
sample	prose_heavy	sqlite	raw	exact	630	6292
sample	prose_heavy	sqlite	raw	exact	631	6500
sample	prose_heavy	sqlite	raw	exact	632	6708
sample	prose_heavy	sqlite	raw	exact	633	5666
sample	prose_heavy	sqlite	raw	exact	634	6250
sample	prose_heavy	sqlite	raw	exact	635	15125
sample	prose_heavy	sqlite	raw	exact	636	5875
sample	prose_heavy	sqlite	raw	exact	637	5417
sample	prose_heavy	sqlite	raw	exact	638	5459
sample	prose_heavy	sqlite	raw	exact	639	5584
sample	prose_heavy	sqlite	raw	exact	640	5833
sample	prose_heavy	sqlite	raw	exact	641	5583
sample	prose_heavy	sqlite	raw	exact	642	6041
sample	prose_heavy	sqlite	raw	exact	643	5958
sample	prose_heavy	sqlite	raw	exact	644	5833
sample	prose_heavy	sqlite	raw	exact	645	5416
sample	prose_heavy	sqlite	raw	exact	646	80042
sample	prose_heavy	sqlite	raw	exact	647	73875
sample	prose_heavy	sqlite	raw	exact	648	17667
sample	prose_heavy	sqlite	raw	exact	649	5958
sample	prose_heavy	sqlite	raw	exact	650	5875
sample	prose_heavy	sqlite	raw	exact	651	5666
sample	prose_heavy	sqlite	raw	exact	652	5833
sample	prose_heavy	sqlite	raw	exact	653	5625
sample	prose_heavy	sqlite	raw	exact	654	8875
sample	prose_heavy	sqlite	raw	exact	655	8042
sample	prose_heavy	sqlite	raw	exact	656	6041
sample	prose_heavy	sqlite	raw	exact	657	5375
sample	prose_heavy	sqlite	raw	exact	658	5708
sample	prose_heavy	sqlite	raw	exact	659	8375
sample	prose_heavy	sqlite	raw	exact	660	5708
sample	prose_heavy	sqlite	raw	exact	661	8709
sample	prose_heavy	sqlite	raw	exact	662	5583
sample	prose_heavy	sqlite	raw	exact	663	6209
sample	prose_heavy	sqlite	raw	exact	664	476208
sample	prose_heavy	sqlite	raw	exact	665	7958
sample	prose_heavy	sqlite	raw	exact	666	5959
sample	prose_heavy	sqlite	raw	exact	667	5458
sample	prose_heavy	sqlite	raw	exact	668	5792
sample	prose_heavy	sqlite	raw	exact	669	5417
sample	prose_heavy	sqlite	raw	exact	670	5834
sample	prose_heavy	sqlite	raw	exact	671	5750
sample	prose_heavy	sqlite	raw	exact	672	6208
sample	prose_heavy	sqlite	raw	exact	673	7083
sample	prose_heavy	sqlite	raw	exact	674	6500
sample	prose_heavy	sqlite	raw	exact	675	5750
sample	prose_heavy	sqlite	raw	exact	676	5959
sample	prose_heavy	sqlite	raw	exact	677	14250
sample	prose_heavy	sqlite	raw	exact	678	13292
sample	prose_heavy	sqlite	raw	exact	679	154125
sample	prose_heavy	sqlite	raw	exact	680	70500
sample	prose_heavy	sqlite	raw	exact	681	19750
sample	prose_heavy	sqlite	raw	exact	682	49042
sample	prose_heavy	sqlite	raw	exact	683	71625
sample	prose_heavy	sqlite	raw	exact	684	27500
sample	prose_heavy	sqlite	raw	exact	685	75667
sample	prose_heavy	sqlite	raw	exact	686	98167
sample	prose_heavy	sqlite	raw	exact	687	46417
sample	prose_heavy	sqlite	raw	exact	688	28959
sample	prose_heavy	sqlite	raw	exact	689	26125
sample	prose_heavy	sqlite	raw	exact	690	16334
sample	prose_heavy	sqlite	raw	exact	691	13583
sample	prose_heavy	sqlite	raw	exact	692	13791
sample	prose_heavy	sqlite	raw	exact	693	13583
sample	prose_heavy	sqlite	raw	exact	694	13708
sample	prose_heavy	sqlite	raw	exact	695	12833
sample	prose_heavy	sqlite	raw	exact	696	31166
sample	prose_heavy	sqlite	raw	exact	697	13500
sample	prose_heavy	sqlite	raw	exact	698	13125
sample	prose_heavy	sqlite	raw	exact	699	12875
sample	prose_heavy	sqlite	raw	exact	700	13792
sample	prose_heavy	sqlite	raw	exact	701	1276167
sample	prose_heavy	sqlite	raw	exact	702	116250
sample	prose_heavy	sqlite	raw	exact	703	85833
sample	prose_heavy	sqlite	raw	exact	704	49292
sample	prose_heavy	sqlite	raw	exact	705	83167
sample	prose_heavy	sqlite	raw	exact	706	20916
sample	prose_heavy	sqlite	raw	exact	707	7792
sample	prose_heavy	sqlite	raw	exact	708	6917
sample	prose_heavy	sqlite	raw	exact	709	5875
sample	prose_heavy	sqlite	raw	exact	710	6500
sample	prose_heavy	sqlite	raw	exact	711	6041
sample	prose_heavy	sqlite	raw	exact	712	6792
sample	prose_heavy	sqlite	raw	exact	713	5667
sample	prose_heavy	sqlite	raw	exact	714	5958
sample	prose_heavy	sqlite	raw	exact	715	8250
sample	prose_heavy	sqlite	raw	exact	716	9834
sample	prose_heavy	sqlite	raw	exact	717	5416
sample	prose_heavy	sqlite	raw	exact	718	5958
sample	prose_heavy	sqlite	raw	exact	719	5750
sample	prose_heavy	sqlite	raw	exact	720	5791
sample	prose_heavy	sqlite	raw	exact	721	5458
sample	prose_heavy	sqlite	raw	exact	722	5958
sample	prose_heavy	sqlite	raw	exact	723	5417
sample	prose_heavy	sqlite	raw	exact	724	6500
sample	prose_heavy	sqlite	raw	exact	725	5417
sample	prose_heavy	sqlite	raw	exact	726	6625
sample	prose_heavy	sqlite	raw	exact	727	16042
sample	prose_heavy	sqlite	raw	exact	728	14833
sample	prose_heavy	sqlite	raw	exact	729	5667
sample	prose_heavy	sqlite	raw	exact	730	5708
sample	prose_heavy	sqlite	raw	exact	731	5500
sample	prose_heavy	sqlite	raw	exact	732	6542
sample	prose_heavy	sqlite	raw	exact	733	5500
sample	prose_heavy	sqlite	raw	exact	734	5791
sample	prose_heavy	sqlite	raw	exact	735	5500
sample	prose_heavy	sqlite	raw	exact	736	5667
sample	prose_heavy	sqlite	raw	exact	737	28000
sample	prose_heavy	sqlite	raw	exact	738	7750
sample	prose_heavy	sqlite	raw	exact	739	5542
sample	prose_heavy	sqlite	raw	exact	740	5875
sample	prose_heavy	sqlite	raw	exact	741	5375
sample	prose_heavy	sqlite	raw	exact	742	5625
sample	prose_heavy	sqlite	raw	exact	743	5583
sample	prose_heavy	sqlite	raw	exact	744	5834
sample	prose_heavy	sqlite	raw	exact	745	5375
sample	prose_heavy	sqlite	raw	exact	746	5541
sample	prose_heavy	sqlite	raw	exact	747	5417
sample	prose_heavy	sqlite	raw	exact	748	7958
sample	prose_heavy	sqlite	raw	exact	749	5500
sample	prose_heavy	sqlite	raw	exact	750	5458
sample	prose_heavy	sqlite	raw	exact	751	5708
sample	prose_heavy	sqlite	raw	exact	752	6208
sample	prose_heavy	sqlite	raw	exact	753	5375
sample	prose_heavy	sqlite	raw	exact	754	5542
sample	prose_heavy	sqlite	raw	exact	755	14042
sample	prose_heavy	sqlite	raw	exact	756	34291
sample	prose_heavy	sqlite	raw	exact	757	12292
sample	prose_heavy	sqlite	raw	exact	758	7500
sample	prose_heavy	sqlite	raw	exact	759	6750
sample	prose_heavy	sqlite	raw	exact	760	6084
sample	prose_heavy	sqlite	raw	exact	761	5625
sample	prose_heavy	sqlite	raw	exact	762	6125
sample	prose_heavy	sqlite	raw	exact	763	5959
sample	prose_heavy	sqlite	raw	exact	764	7625
sample	prose_heavy	sqlite	raw	exact	765	12625
sample	prose_heavy	sqlite	raw	exact	766	10250
sample	prose_heavy	sqlite	raw	exact	767	5875
sample	prose_heavy	sqlite	raw	exact	768	6708
sample	prose_heavy	sqlite	raw	exact	769	5375
sample	prose_heavy	sqlite	raw	exact	770	5750
sample	prose_heavy	sqlite	raw	exact	771	5458
sample	prose_heavy	sqlite	raw	exact	772	5792
sample	prose_heavy	sqlite	raw	exact	773	5542
sample	prose_heavy	sqlite	raw	exact	774	5791
sample	prose_heavy	sqlite	raw	exact	775	5666
sample	prose_heavy	sqlite	raw	exact	776	6167
sample	prose_heavy	sqlite	raw	exact	777	117375
sample	prose_heavy	sqlite	raw	exact	778	9083
sample	prose_heavy	sqlite	raw	exact	779	318666
sample	prose_heavy	sqlite	raw	exact	780	113875
sample	prose_heavy	sqlite	raw	exact	781	6834
sample	prose_heavy	sqlite	raw	exact	782	7292
sample	prose_heavy	sqlite	raw	exact	783	12917
sample	prose_heavy	sqlite	raw	exact	784	6250
sample	prose_heavy	sqlite	raw	exact	785	5750
sample	prose_heavy	sqlite	raw	exact	786	6375
sample	prose_heavy	sqlite	raw	exact	787	5459
sample	prose_heavy	sqlite	raw	exact	788	6041
sample	prose_heavy	sqlite	raw	exact	789	5375
sample	prose_heavy	sqlite	raw	exact	790	6000
sample	prose_heavy	sqlite	raw	exact	791	5708
sample	prose_heavy	sqlite	raw	exact	792	7750
sample	prose_heavy	sqlite	raw	exact	793	5458
sample	prose_heavy	sqlite	raw	exact	794	5958
sample	prose_heavy	sqlite	raw	exact	795	5625
sample	prose_heavy	sqlite	raw	exact	796	6125
sample	prose_heavy	sqlite	raw	exact	797	5583
sample	prose_heavy	sqlite	raw	exact	798	5750
sample	prose_heavy	sqlite	raw	exact	799	5625
sample	prose_heavy	sqlite	raw	exact	800	5833
sample	prose_heavy	sqlite	raw	exact	801	5333
sample	prose_heavy	sqlite	raw	exact	802	5625
sample	prose_heavy	sqlite	raw	exact	803	5500
sample	prose_heavy	sqlite	raw	exact	804	6083
sample	prose_heavy	sqlite	raw	exact	805	5500
sample	prose_heavy	sqlite	raw	exact	806	6125
sample	prose_heavy	sqlite	raw	exact	807	5500
sample	prose_heavy	sqlite	raw	exact	808	6292
sample	prose_heavy	sqlite	raw	exact	809	5292
sample	prose_heavy	sqlite	raw	exact	810	5625
sample	prose_heavy	sqlite	raw	exact	811	5541
sample	prose_heavy	sqlite	raw	exact	812	5667
sample	prose_heavy	sqlite	raw	exact	813	5458
sample	prose_heavy	sqlite	raw	exact	814	5542
sample	prose_heavy	sqlite	raw	exact	815	5542
sample	prose_heavy	sqlite	raw	exact	816	5667
sample	prose_heavy	sqlite	raw	exact	817	5292
sample	prose_heavy	sqlite	raw	exact	818	5750
sample	prose_heavy	sqlite	raw	exact	819	5542
sample	prose_heavy	sqlite	raw	exact	820	5875
sample	prose_heavy	sqlite	raw	exact	821	5667
sample	prose_heavy	sqlite	raw	exact	822	5583
sample	prose_heavy	sqlite	raw	exact	823	5458
sample	prose_heavy	sqlite	raw	exact	824	6250
sample	prose_heavy	sqlite	raw	exact	825	5375
sample	prose_heavy	sqlite	raw	exact	826	5917
sample	prose_heavy	sqlite	raw	exact	827	5333
sample	prose_heavy	sqlite	raw	exact	828	5625
sample	prose_heavy	sqlite	raw	exact	829	5416
sample	prose_heavy	sqlite	raw	exact	830	10792
sample	prose_heavy	sqlite	raw	exact	831	6208
sample	prose_heavy	sqlite	raw	exact	832	11875
sample	prose_heavy	sqlite	raw	exact	833	12000
sample	prose_heavy	sqlite	raw	exact	834	14708
sample	prose_heavy	sqlite	raw	exact	835	5792
sample	prose_heavy	sqlite	raw	exact	836	5833
sample	prose_heavy	sqlite	raw	exact	837	5459
sample	prose_heavy	sqlite	raw	exact	838	5625
sample	prose_heavy	sqlite	raw	exact	839	5708
sample	prose_heavy	sqlite	raw	exact	840	5708
sample	prose_heavy	sqlite	raw	exact	841	5375
sample	prose_heavy	sqlite	raw	exact	842	6000
sample	prose_heavy	sqlite	raw	exact	843	5375
sample	prose_heavy	sqlite	raw	exact	844	6625
sample	prose_heavy	sqlite	raw	exact	845	5417
sample	prose_heavy	sqlite	raw	exact	846	5625
sample	prose_heavy	sqlite	raw	exact	847	6166
sample	prose_heavy	sqlite	raw	exact	848	6333
sample	prose_heavy	sqlite	raw	exact	849	5916
sample	prose_heavy	sqlite	raw	exact	850	9959
sample	prose_heavy	sqlite	raw	exact	851	5875
sample	prose_heavy	sqlite	raw	exact	852	9083
sample	prose_heavy	sqlite	raw	exact	853	5583
sample	prose_heavy	sqlite	raw	exact	854	5750
sample	prose_heavy	sqlite	raw	exact	855	5542
sample	prose_heavy	sqlite	raw	exact	856	6000
sample	prose_heavy	sqlite	raw	exact	857	5334
sample	prose_heavy	sqlite	raw	exact	858	5667
sample	prose_heavy	sqlite	raw	exact	859	10500
sample	prose_heavy	sqlite	raw	exact	860	10625
sample	prose_heavy	sqlite	raw	exact	861	11625
sample	prose_heavy	sqlite	raw	exact	862	10167
sample	prose_heavy	sqlite	raw	exact	863	6042
sample	prose_heavy	sqlite	raw	exact	864	12458
sample	prose_heavy	sqlite	raw	exact	865	85375
sample	prose_heavy	sqlite	raw	exact	866	51084
sample	prose_heavy	sqlite	raw	exact	867	39958
sample	prose_heavy	sqlite	raw	exact	868	58375
sample	prose_heavy	sqlite	raw	exact	869	31708
sample	prose_heavy	sqlite	raw	exact	870	17666
sample	prose_heavy	sqlite	raw	exact	871	15084
sample	prose_heavy	sqlite	raw	exact	872	8958
sample	prose_heavy	sqlite	raw	exact	873	6125
sample	prose_heavy	sqlite	raw	exact	874	6084
sample	prose_heavy	sqlite	raw	exact	875	5583
sample	prose_heavy	sqlite	raw	exact	876	6000
sample	prose_heavy	sqlite	raw	exact	877	5375
sample	prose_heavy	sqlite	raw	exact	878	6125
sample	prose_heavy	sqlite	raw	exact	879	5667
sample	prose_heavy	sqlite	raw	exact	880	5959
sample	prose_heavy	sqlite	raw	exact	881	5375
sample	prose_heavy	sqlite	raw	exact	882	5791
sample	prose_heavy	sqlite	raw	exact	883	5334
sample	prose_heavy	sqlite	raw	exact	884	5833
sample	prose_heavy	sqlite	raw	exact	885	5583
sample	prose_heavy	sqlite	raw	exact	886	5708
sample	prose_heavy	sqlite	raw	exact	887	6083
sample	prose_heavy	sqlite	raw	exact	888	8375
sample	prose_heavy	sqlite	raw	exact	889	5708
sample	prose_heavy	sqlite	raw	exact	890	5917
sample	prose_heavy	sqlite	raw	exact	891	5791
sample	prose_heavy	sqlite	raw	exact	892	14583
sample	prose_heavy	sqlite	raw	exact	893	5500
sample	prose_heavy	sqlite	raw	exact	894	5833
sample	prose_heavy	sqlite	raw	exact	895	5542
sample	prose_heavy	sqlite	raw	exact	896	6125
sample	prose_heavy	sqlite	raw	exact	897	5250
sample	prose_heavy	sqlite	raw	exact	898	5708
sample	prose_heavy	sqlite	raw	exact	899	5291
sample	prose_heavy	sqlite	raw	exact	900	5542
sample	prose_heavy	sqlite	raw	exact	901	5375
sample	prose_heavy	sqlite	raw	exact	902	5625
sample	prose_heavy	sqlite	raw	exact	903	5542
sample	prose_heavy	sqlite	raw	exact	904	5750
sample	prose_heavy	sqlite	raw	exact	905	5417
sample	prose_heavy	sqlite	raw	exact	906	6542
sample	prose_heavy	sqlite	raw	exact	907	18334
sample	prose_heavy	sqlite	raw	exact	908	6750
sample	prose_heavy	sqlite	raw	exact	909	6208
sample	prose_heavy	sqlite	raw	exact	910	7125
sample	prose_heavy	sqlite	raw	exact	911	5708
sample	prose_heavy	sqlite	raw	exact	912	132375
sample	prose_heavy	sqlite	raw	exact	913	13625
sample	prose_heavy	sqlite	raw	exact	914	6708
sample	prose_heavy	sqlite	raw	exact	915	6583
sample	prose_heavy	sqlite	raw	exact	916	7208
sample	prose_heavy	sqlite	raw	exact	917	9959
sample	prose_heavy	sqlite	raw	exact	918	5959
sample	prose_heavy	sqlite	raw	exact	919	24000
sample	prose_heavy	sqlite	raw	exact	920	67875
sample	prose_heavy	sqlite	raw	exact	921	21667
sample	prose_heavy	sqlite	raw	exact	922	18417
sample	prose_heavy	sqlite	raw	exact	923	13959
sample	prose_heavy	sqlite	raw	exact	924	30166
sample	prose_heavy	sqlite	raw	exact	925	8292
sample	prose_heavy	sqlite	raw	exact	926	7375
sample	prose_heavy	sqlite	raw	exact	927	6167
sample	prose_heavy	sqlite	raw	exact	928	6541
sample	prose_heavy	sqlite	raw	exact	929	5917
sample	prose_heavy	sqlite	raw	exact	930	6125
sample	prose_heavy	sqlite	raw	exact	931	6000
sample	prose_heavy	sqlite	raw	exact	932	6417
sample	prose_heavy	sqlite	raw	exact	933	6166
sample	prose_heavy	sqlite	raw	exact	934	6417
sample	prose_heavy	sqlite	raw	exact	935	5917
sample	prose_heavy	sqlite	raw	exact	936	5750
sample	prose_heavy	sqlite	raw	exact	937	5458
sample	prose_heavy	sqlite	raw	exact	938	6167
sample	prose_heavy	sqlite	raw	exact	939	5875
sample	prose_heavy	sqlite	raw	exact	940	6625
sample	prose_heavy	sqlite	raw	exact	941	5667
sample	prose_heavy	sqlite	raw	exact	942	6166
sample	prose_heavy	sqlite	raw	exact	943	5834
sample	prose_heavy	sqlite	raw	exact	944	5917
sample	prose_heavy	sqlite	raw	exact	945	5625
sample	prose_heavy	sqlite	raw	exact	946	5916
sample	prose_heavy	sqlite	raw	exact	947	5333
sample	prose_heavy	sqlite	raw	exact	948	5791
sample	prose_heavy	sqlite	raw	exact	949	5708
sample	prose_heavy	sqlite	raw	exact	950	6041
sample	prose_heavy	sqlite	raw	exact	951	5625
sample	prose_heavy	sqlite	raw	exact	952	6209
sample	prose_heavy	sqlite	raw	exact	953	5459
sample	prose_heavy	sqlite	raw	exact	954	6250
sample	prose_heavy	sqlite	raw	exact	955	5583
sample	prose_heavy	sqlite	raw	exact	956	6250
sample	prose_heavy	sqlite	raw	exact	957	19459
sample	prose_heavy	sqlite	raw	exact	958	6708
sample	prose_heavy	sqlite	raw	exact	959	15417
sample	prose_heavy	sqlite	raw	exact	960	12250
sample	prose_heavy	sqlite	raw	exact	961	5417
sample	prose_heavy	sqlite	raw	exact	962	6125
sample	prose_heavy	sqlite	raw	exact	963	5416
sample	prose_heavy	sqlite	raw	exact	964	5583
sample	prose_heavy	sqlite	raw	exact	965	5167
sample	prose_heavy	sqlite	raw	exact	966	5542
sample	prose_heavy	sqlite	raw	exact	967	5541
sample	prose_heavy	sqlite	raw	exact	968	5792
sample	prose_heavy	sqlite	raw	exact	969	5916
sample	prose_heavy	sqlite	raw	exact	970	5833
sample	prose_heavy	sqlite	raw	exact	971	5417
sample	prose_heavy	sqlite	raw	exact	972	5709
sample	prose_heavy	sqlite	raw	exact	973	5500
sample	prose_heavy	sqlite	raw	exact	974	5500
sample	prose_heavy	sqlite	raw	exact	975	5584
sample	prose_heavy	sqlite	raw	exact	976	5708
sample	prose_heavy	sqlite	raw	exact	977	5333
sample	prose_heavy	sqlite	raw	exact	978	5584
sample	prose_heavy	sqlite	raw	exact	979	5500
sample	prose_heavy	sqlite	raw	exact	980	5667
sample	prose_heavy	sqlite	raw	exact	981	7125
sample	prose_heavy	sqlite	raw	exact	982	5958
sample	prose_heavy	sqlite	raw	exact	983	6125
sample	prose_heavy	sqlite	raw	exact	984	5834
sample	prose_heavy	sqlite	raw	exact	985	5375
sample	prose_heavy	sqlite	raw	exact	986	11333
sample	prose_heavy	sqlite	raw	exact	987	10041
sample	prose_heavy	sqlite	raw	exact	988	5792
sample	prose_heavy	sqlite	raw	exact	989	5416
sample	prose_heavy	sqlite	raw	exact	990	5583
sample	prose_heavy	sqlite	raw	exact	991	5625
sample	prose_heavy	sqlite	raw	exact	992	5667
sample	prose_heavy	sqlite	raw	exact	993	6584
sample	prose_heavy	sqlite	raw	exact	994	5625
sample	prose_heavy	sqlite	raw	exact	995	5458
sample	prose_heavy	sqlite	raw	exact	996	5542
sample	prose_heavy	sqlite	raw	exact	997	5208
sample	prose_heavy	sqlite	raw	exact	998	5458
sample	prose_heavy	sqlite	raw	exact	999	5708
sample	prose_heavy	sqlite	raw	prefix	0	29250
sample	prose_heavy	sqlite	raw	prefix	1	16292
sample	prose_heavy	sqlite	raw	prefix	2	553167
sample	prose_heavy	sqlite	raw	prefix	3	811458
sample	prose_heavy	sqlite	raw	prefix	4	69833
sample	prose_heavy	sqlite	raw	prefix	5	23917
sample	prose_heavy	sqlite	raw	prefix	6	485083
sample	prose_heavy	sqlite	raw	prefix	7	1077333
sample	prose_heavy	sqlite	raw	prefix	8	286125
sample	prose_heavy	sqlite	raw	prefix	9	30125
sample	prose_heavy	sqlite	raw	prefix	10	490625
sample	prose_heavy	sqlite	raw	prefix	11	524625
sample	prose_heavy	sqlite	raw	prefix	12	55750
sample	prose_heavy	sqlite	raw	prefix	13	16375
sample	prose_heavy	sqlite	raw	prefix	14	587000
sample	prose_heavy	sqlite	raw	prefix	15	1102916
sample	prose_heavy	sqlite	raw	prefix	16	86708
sample	prose_heavy	sqlite	raw	prefix	17	20000
sample	prose_heavy	sqlite	raw	prefix	18	480541
sample	prose_heavy	sqlite	raw	prefix	19	595041
sample	prose_heavy	sqlite	raw	prefix	20	62625
sample	prose_heavy	sqlite	raw	prefix	21	13166
sample	prose_heavy	sqlite	raw	prefix	22	531500
sample	prose_heavy	sqlite	raw	prefix	23	697209
sample	prose_heavy	sqlite	raw	prefix	24	144584
sample	prose_heavy	sqlite	raw	prefix	25	144458
sample	prose_heavy	sqlite	raw	prefix	26	532916
sample	prose_heavy	sqlite	raw	prefix	27	584042
sample	prose_heavy	sqlite	raw	prefix	28	80917
sample	prose_heavy	sqlite	raw	prefix	29	16708
sample	prose_heavy	sqlite	raw	prefix	30	561167
sample	prose_heavy	sqlite	raw	prefix	31	555209
sample	prose_heavy	sqlite	raw	prefix	32	150041
sample	prose_heavy	sqlite	raw	prefix	33	31417
sample	prose_heavy	sqlite	raw	prefix	34	1054666
sample	prose_heavy	sqlite	raw	prefix	35	543083
sample	prose_heavy	sqlite	raw	prefix	36	70791
sample	prose_heavy	sqlite	raw	prefix	37	19292
sample	prose_heavy	sqlite	raw	prefix	38	516208
sample	prose_heavy	sqlite	raw	prefix	39	933583
sample	prose_heavy	sqlite	raw	prefix	40	52084
sample	prose_heavy	sqlite	raw	prefix	41	143542
sample	prose_heavy	sqlite	raw	prefix	42	618167
sample	prose_heavy	sqlite	raw	prefix	43	2145583
sample	prose_heavy	sqlite	raw	prefix	44	73042
sample	prose_heavy	sqlite	raw	prefix	45	15000
sample	prose_heavy	sqlite	raw	prefix	46	491750
sample	prose_heavy	sqlite	raw	prefix	47	1093458
sample	prose_heavy	sqlite	raw	prefix	48	66084
sample	prose_heavy	sqlite	raw	prefix	49	29000
sample	prose_heavy	sqlite	raw	prefix	50	473250
sample	prose_heavy	sqlite	raw	prefix	51	571917
sample	prose_heavy	sqlite	raw	prefix	52	93166
sample	prose_heavy	sqlite	raw	prefix	53	26083
sample	prose_heavy	sqlite	raw	prefix	54	494167
sample	prose_heavy	sqlite	raw	prefix	55	646166
sample	prose_heavy	sqlite	raw	prefix	56	74666
sample	prose_heavy	sqlite	raw	prefix	57	16917
sample	prose_heavy	sqlite	raw	prefix	58	1422375
sample	prose_heavy	sqlite	raw	prefix	59	554500
sample	prose_heavy	sqlite	raw	prefix	60	71125
sample	prose_heavy	sqlite	raw	prefix	61	17792
sample	prose_heavy	sqlite	raw	prefix	62	658125
sample	prose_heavy	sqlite	raw	prefix	63	555542
sample	prose_heavy	sqlite	raw	prefix	64	52166
sample	prose_heavy	sqlite	raw	prefix	65	15125
sample	prose_heavy	sqlite	raw	prefix	66	534542
sample	prose_heavy	sqlite	raw	prefix	67	522833
sample	prose_heavy	sqlite	raw	prefix	68	64625
sample	prose_heavy	sqlite	raw	prefix	69	27667
sample	prose_heavy	sqlite	raw	prefix	70	489625
sample	prose_heavy	sqlite	raw	prefix	71	512291
sample	prose_heavy	sqlite	raw	prefix	72	66959
sample	prose_heavy	sqlite	raw	prefix	73	15708
sample	prose_heavy	sqlite	raw	prefix	74	705500
sample	prose_heavy	sqlite	raw	prefix	75	640292
sample	prose_heavy	sqlite	raw	prefix	76	94167
sample	prose_heavy	sqlite	raw	prefix	77	24583
sample	prose_heavy	sqlite	raw	prefix	78	481542
sample	prose_heavy	sqlite	raw	prefix	79	604792
sample	prose_heavy	sqlite	raw	prefix	80	58208
sample	prose_heavy	sqlite	raw	prefix	81	14667
sample	prose_heavy	sqlite	raw	prefix	82	477000
sample	prose_heavy	sqlite	raw	prefix	83	521250
sample	prose_heavy	sqlite	raw	prefix	84	51791
sample	prose_heavy	sqlite	raw	prefix	85	18917
sample	prose_heavy	sqlite	raw	prefix	86	480666
sample	prose_heavy	sqlite	raw	prefix	87	1325875
sample	prose_heavy	sqlite	raw	prefix	88	62333
sample	prose_heavy	sqlite	raw	prefix	89	17125
sample	prose_heavy	sqlite	raw	prefix	90	1611792
sample	prose_heavy	sqlite	raw	prefix	91	525250
sample	prose_heavy	sqlite	raw	prefix	92	83458
sample	prose_heavy	sqlite	raw	prefix	93	29875
sample	prose_heavy	sqlite	raw	prefix	94	487875
sample	prose_heavy	sqlite	raw	prefix	95	536375
sample	prose_heavy	sqlite	raw	prefix	96	73292
sample	prose_heavy	sqlite	raw	prefix	97	24625
sample	prose_heavy	sqlite	raw	prefix	98	538375
sample	prose_heavy	sqlite	raw	prefix	99	894542
sample	prose_heavy	sqlite	raw	prefix	100	56500
sample	prose_heavy	sqlite	raw	prefix	101	18417
sample	prose_heavy	sqlite	raw	prefix	102	536625
sample	prose_heavy	sqlite	raw	prefix	103	1981917
sample	prose_heavy	sqlite	raw	prefix	104	60875
sample	prose_heavy	sqlite	raw	prefix	105	16500
sample	prose_heavy	sqlite	raw	prefix	106	1062250
sample	prose_heavy	sqlite	raw	prefix	107	546166
sample	prose_heavy	sqlite	raw	prefix	108	71000
sample	prose_heavy	sqlite	raw	prefix	109	12250
sample	prose_heavy	sqlite	raw	prefix	110	481000
sample	prose_heavy	sqlite	raw	prefix	111	657083
sample	prose_heavy	sqlite	raw	prefix	112	60708
sample	prose_heavy	sqlite	raw	prefix	113	13250
sample	prose_heavy	sqlite	raw	prefix	114	471667
sample	prose_heavy	sqlite	raw	prefix	115	615084
sample	prose_heavy	sqlite	raw	prefix	116	87959
sample	prose_heavy	sqlite	raw	prefix	117	16292
sample	prose_heavy	sqlite	raw	prefix	118	475292
sample	prose_heavy	sqlite	raw	prefix	119	543667
sample	prose_heavy	sqlite	raw	prefix	120	212542
sample	prose_heavy	sqlite	raw	prefix	121	36458
sample	prose_heavy	sqlite	raw	prefix	122	533417
sample	prose_heavy	sqlite	raw	prefix	123	1058458
sample	prose_heavy	sqlite	raw	prefix	124	72541
sample	prose_heavy	sqlite	raw	prefix	125	27833
sample	prose_heavy	sqlite	raw	prefix	126	477375
sample	prose_heavy	sqlite	raw	prefix	127	1143916
sample	prose_heavy	sqlite	raw	prefix	128	75042
sample	prose_heavy	sqlite	raw	prefix	129	101083
sample	prose_heavy	sqlite	raw	prefix	130	1128583
sample	prose_heavy	sqlite	raw	prefix	131	567250
sample	prose_heavy	sqlite	raw	prefix	132	147042
sample	prose_heavy	sqlite	raw	prefix	133	53542
sample	prose_heavy	sqlite	raw	prefix	134	668791
sample	prose_heavy	sqlite	raw	prefix	135	740875
sample	prose_heavy	sqlite	raw	prefix	136	81125
sample	prose_heavy	sqlite	raw	prefix	137	19500
sample	prose_heavy	sqlite	raw	prefix	138	486750
sample	prose_heavy	sqlite	raw	prefix	139	1848250
sample	prose_heavy	sqlite	raw	prefix	140	65375
sample	prose_heavy	sqlite	raw	prefix	141	15833
sample	prose_heavy	sqlite	raw	prefix	142	482375
sample	prose_heavy	sqlite	raw	prefix	143	617459
sample	prose_heavy	sqlite	raw	prefix	144	148000
sample	prose_heavy	sqlite	raw	prefix	145	53000
sample	prose_heavy	sqlite	raw	prefix	146	605625
sample	prose_heavy	sqlite	raw	prefix	147	519166
sample	prose_heavy	sqlite	raw	prefix	148	59166
sample	prose_heavy	sqlite	raw	prefix	149	15333
sample	prose_heavy	sqlite	raw	prefix	150	1435208
sample	prose_heavy	sqlite	raw	prefix	151	1170459
sample	prose_heavy	sqlite	raw	prefix	152	54750
sample	prose_heavy	sqlite	raw	prefix	153	15459
sample	prose_heavy	sqlite	raw	prefix	154	493250
sample	prose_heavy	sqlite	raw	prefix	155	1331958
sample	prose_heavy	sqlite	raw	prefix	156	890000
sample	prose_heavy	sqlite	raw	prefix	157	122625
sample	prose_heavy	sqlite	raw	prefix	158	761958
sample	prose_heavy	sqlite	raw	prefix	159	1203917
sample	prose_heavy	sqlite	raw	prefix	160	75875
sample	prose_heavy	sqlite	raw	prefix	161	17250
sample	prose_heavy	sqlite	raw	prefix	162	478333
sample	prose_heavy	sqlite	raw	prefix	163	992625
sample	prose_heavy	sqlite	raw	prefix	164	79709
sample	prose_heavy	sqlite	raw	prefix	165	23833
sample	prose_heavy	sqlite	raw	prefix	166	745709
sample	prose_heavy	sqlite	raw	prefix	167	668000
sample	prose_heavy	sqlite	raw	prefix	168	70958
sample	prose_heavy	sqlite	raw	prefix	169	17583
sample	prose_heavy	sqlite	raw	prefix	170	475875
sample	prose_heavy	sqlite	raw	prefix	171	2195667
sample	prose_heavy	sqlite	raw	prefix	172	67458
sample	prose_heavy	sqlite	raw	prefix	173	15542
sample	prose_heavy	sqlite	raw	prefix	174	727083
sample	prose_heavy	sqlite	raw	prefix	175	526250
sample	prose_heavy	sqlite	raw	prefix	176	141500
sample	prose_heavy	sqlite	raw	prefix	177	36125
sample	prose_heavy	sqlite	raw	prefix	178	478417
sample	prose_heavy	sqlite	raw	prefix	179	833792
sample	prose_heavy	sqlite	raw	prefix	180	164084
sample	prose_heavy	sqlite	raw	prefix	181	64875
sample	prose_heavy	sqlite	raw	prefix	182	1955334
sample	prose_heavy	sqlite	raw	prefix	183	557250
sample	prose_heavy	sqlite	raw	prefix	184	69500
sample	prose_heavy	sqlite	raw	prefix	185	17958
sample	prose_heavy	sqlite	raw	prefix	186	470500
sample	prose_heavy	sqlite	raw	prefix	187	862208
sample	prose_heavy	sqlite	raw	prefix	188	70291
sample	prose_heavy	sqlite	raw	prefix	189	14584
sample	prose_heavy	sqlite	raw	prefix	190	867875
sample	prose_heavy	sqlite	raw	prefix	191	537791
sample	prose_heavy	sqlite	raw	prefix	192	54583
sample	prose_heavy	sqlite	raw	prefix	193	15625
sample	prose_heavy	sqlite	raw	prefix	194	488625
sample	prose_heavy	sqlite	raw	prefix	195	542167
sample	prose_heavy	sqlite	raw	prefix	196	186916
sample	prose_heavy	sqlite	raw	prefix	197	41625
sample	prose_heavy	sqlite	raw	prefix	198	508542
sample	prose_heavy	sqlite	raw	prefix	199	570708
sample	prose_heavy	sqlite	raw	prefix	200	59500
sample	prose_heavy	sqlite	raw	prefix	201	15000
sample	prose_heavy	sqlite	raw	prefix	202	553584
sample	prose_heavy	sqlite	raw	prefix	203	594375
sample	prose_heavy	sqlite	raw	prefix	204	80166
sample	prose_heavy	sqlite	raw	prefix	205	13708
sample	prose_heavy	sqlite	raw	prefix	206	477500
sample	prose_heavy	sqlite	raw	prefix	207	756375
sample	prose_heavy	sqlite	raw	prefix	208	87375
sample	prose_heavy	sqlite	raw	prefix	209	82834
sample	prose_heavy	sqlite	raw	prefix	210	747792
sample	prose_heavy	sqlite	raw	prefix	211	784375
sample	prose_heavy	sqlite	raw	prefix	212	98416
sample	prose_heavy	sqlite	raw	prefix	213	653375
sample	prose_heavy	sqlite	raw	prefix	214	500708
sample	prose_heavy	sqlite	raw	prefix	215	1959666
sample	prose_heavy	sqlite	raw	prefix	216	161542
sample	prose_heavy	sqlite	raw	prefix	217	93666
sample	prose_heavy	sqlite	raw	prefix	218	811083
sample	prose_heavy	sqlite	raw	prefix	219	901167
sample	prose_heavy	sqlite	raw	prefix	220	87500
sample	prose_heavy	sqlite	raw	prefix	221	25417
sample	prose_heavy	sqlite	raw	prefix	222	488875
sample	prose_heavy	sqlite	raw	prefix	223	553375
sample	prose_heavy	sqlite	raw	prefix	224	77208
sample	prose_heavy	sqlite	raw	prefix	225	18792
sample	prose_heavy	sqlite	raw	prefix	226	473875
sample	prose_heavy	sqlite	raw	prefix	227	1848541
sample	prose_heavy	sqlite	raw	prefix	228	50250
sample	prose_heavy	sqlite	raw	prefix	229	12584
sample	prose_heavy	sqlite	raw	prefix	230	564500
sample	prose_heavy	sqlite	raw	prefix	231	1084875
sample	prose_heavy	sqlite	raw	prefix	232	81417
sample	prose_heavy	sqlite	raw	prefix	233	115792
sample	prose_heavy	sqlite	raw	prefix	234	492167
sample	prose_heavy	sqlite	raw	prefix	235	562125
sample	prose_heavy	sqlite	raw	prefix	236	72042
sample	prose_heavy	sqlite	raw	prefix	237	14250
sample	prose_heavy	sqlite	raw	prefix	238	562334
sample	prose_heavy	sqlite	raw	prefix	239	526500
sample	prose_heavy	sqlite	raw	prefix	240	65292
sample	prose_heavy	sqlite	raw	prefix	241	23958
sample	prose_heavy	sqlite	raw	prefix	242	486750
sample	prose_heavy	sqlite	raw	prefix	243	554416
sample	prose_heavy	sqlite	raw	prefix	244	79958
sample	prose_heavy	sqlite	raw	prefix	245	27625
sample	prose_heavy	sqlite	raw	prefix	246	507459
sample	prose_heavy	sqlite	raw	prefix	247	768958
sample	prose_heavy	sqlite	raw	prefix	248	65875
sample	prose_heavy	sqlite	raw	prefix	249	17416
sample	prose_heavy	sqlite	raw	prefix	250	1029250
sample	prose_heavy	sqlite	raw	prefix	251	533333
sample	prose_heavy	sqlite	raw	prefix	252	58625
sample	prose_heavy	sqlite	raw	prefix	253	122500
sample	prose_heavy	sqlite	raw	prefix	254	488000
sample	prose_heavy	sqlite	raw	prefix	255	1219042
sample	prose_heavy	sqlite	raw	prefix	256	504250
sample	prose_heavy	sqlite	raw	prefix	257	86625
sample	prose_heavy	sqlite	raw	prefix	258	1742583
sample	prose_heavy	sqlite	raw	prefix	259	570875
sample	prose_heavy	sqlite	raw	prefix	260	90917
sample	prose_heavy	sqlite	raw	prefix	261	14834
sample	prose_heavy	sqlite	raw	prefix	262	485542
sample	prose_heavy	sqlite	raw	prefix	263	549167
sample	prose_heavy	sqlite	raw	prefix	264	64625
sample	prose_heavy	sqlite	raw	prefix	265	17333
sample	prose_heavy	sqlite	raw	prefix	266	516209
sample	prose_heavy	sqlite	raw	prefix	267	550708
sample	prose_heavy	sqlite	raw	prefix	268	53875
sample	prose_heavy	sqlite	raw	prefix	269	74000
sample	prose_heavy	sqlite	raw	prefix	270	834500
sample	prose_heavy	sqlite	raw	prefix	271	668167
sample	prose_heavy	sqlite	raw	prefix	272	59417
sample	prose_heavy	sqlite	raw	prefix	273	193542
sample	prose_heavy	sqlite	raw	prefix	274	588750
sample	prose_heavy	sqlite	raw	prefix	275	561625
sample	prose_heavy	sqlite	raw	prefix	276	70792
sample	prose_heavy	sqlite	raw	prefix	277	25083
sample	prose_heavy	sqlite	raw	prefix	278	476000
sample	prose_heavy	sqlite	raw	prefix	279	568375
sample	prose_heavy	sqlite	raw	prefix	280	63375
sample	prose_heavy	sqlite	raw	prefix	281	19500
sample	prose_heavy	sqlite	raw	prefix	282	479291
sample	prose_heavy	sqlite	raw	prefix	283	581917
sample	prose_heavy	sqlite	raw	prefix	284	70583
sample	prose_heavy	sqlite	raw	prefix	285	15000
sample	prose_heavy	sqlite	raw	prefix	286	501584
sample	prose_heavy	sqlite	raw	prefix	287	547833
sample	prose_heavy	sqlite	raw	prefix	288	556791
sample	prose_heavy	sqlite	raw	prefix	289	110542
sample	prose_heavy	sqlite	raw	prefix	290	507708
sample	prose_heavy	sqlite	raw	prefix	291	1205042
sample	prose_heavy	sqlite	raw	prefix	292	191250
sample	prose_heavy	sqlite	raw	prefix	293	32500
sample	prose_heavy	sqlite	raw	prefix	294	1745500
sample	prose_heavy	sqlite	raw	prefix	295	543709
sample	prose_heavy	sqlite	raw	prefix	296	51584
sample	prose_heavy	sqlite	raw	prefix	297	13417
sample	prose_heavy	sqlite	raw	prefix	298	573125
sample	prose_heavy	sqlite	raw	prefix	299	538667
sample	prose_heavy	sqlite	raw	prefix	300	123542
sample	prose_heavy	sqlite	raw	prefix	301	15250
sample	prose_heavy	sqlite	raw	prefix	302	487125
sample	prose_heavy	sqlite	raw	prefix	303	2172500
sample	prose_heavy	sqlite	raw	prefix	304	76833
sample	prose_heavy	sqlite	raw	prefix	305	26042
sample	prose_heavy	sqlite	raw	prefix	306	482667
sample	prose_heavy	sqlite	raw	prefix	307	1033500
sample	prose_heavy	sqlite	raw	prefix	308	63375
sample	prose_heavy	sqlite	raw	prefix	309	12791
sample	prose_heavy	sqlite	raw	prefix	310	984250
sample	prose_heavy	sqlite	raw	prefix	311	548792
sample	prose_heavy	sqlite	raw	prefix	312	45625
sample	prose_heavy	sqlite	raw	prefix	313	20500
sample	prose_heavy	sqlite	raw	prefix	314	493000
sample	prose_heavy	sqlite	raw	prefix	315	560833
sample	prose_heavy	sqlite	raw	prefix	316	91042
sample	prose_heavy	sqlite	raw	prefix	317	18375
sample	prose_heavy	sqlite	raw	prefix	318	486333
sample	prose_heavy	sqlite	raw	prefix	319	906416
sample	prose_heavy	sqlite	raw	prefix	320	62542
sample	prose_heavy	sqlite	raw	prefix	321	28250
sample	prose_heavy	sqlite	raw	prefix	322	961000
sample	prose_heavy	sqlite	raw	prefix	323	935791
sample	prose_heavy	sqlite	raw	prefix	324	149583
sample	prose_heavy	sqlite	raw	prefix	325	60083
sample	prose_heavy	sqlite	raw	prefix	326	783041
sample	prose_heavy	sqlite	raw	prefix	327	561500
sample	prose_heavy	sqlite	raw	prefix	328	59083
sample	prose_heavy	sqlite	raw	prefix	329	15625
sample	prose_heavy	sqlite	raw	prefix	330	489250
sample	prose_heavy	sqlite	raw	prefix	331	672083
sample	prose_heavy	sqlite	raw	prefix	332	64209
sample	prose_heavy	sqlite	raw	prefix	333	13792
sample	prose_heavy	sqlite	raw	prefix	334	483666
sample	prose_heavy	sqlite	raw	prefix	335	755375
sample	prose_heavy	sqlite	raw	prefix	336	168167
sample	prose_heavy	sqlite	raw	prefix	337	103625
sample	prose_heavy	sqlite	raw	prefix	338	947291
sample	prose_heavy	sqlite	raw	prefix	339	697834
sample	prose_heavy	sqlite	raw	prefix	340	67209
sample	prose_heavy	sqlite	raw	prefix	341	15000
sample	prose_heavy	sqlite	raw	prefix	342	488917
sample	prose_heavy	sqlite	raw	prefix	343	912125
sample	prose_heavy	sqlite	raw	prefix	344	202666
sample	prose_heavy	sqlite	raw	prefix	345	85542
sample	prose_heavy	sqlite	raw	prefix	346	1097667
sample	prose_heavy	sqlite	raw	prefix	347	892750
sample	prose_heavy	sqlite	raw	prefix	348	65875
sample	prose_heavy	sqlite	raw	prefix	349	19625
sample	prose_heavy	sqlite	raw	prefix	350	480083
sample	prose_heavy	sqlite	raw	prefix	351	891792
sample	prose_heavy	sqlite	raw	prefix	352	64458
sample	prose_heavy	sqlite	raw	prefix	353	24125
sample	prose_heavy	sqlite	raw	prefix	354	481667
sample	prose_heavy	sqlite	raw	prefix	355	546833
sample	prose_heavy	sqlite	raw	prefix	356	138792
sample	prose_heavy	sqlite	raw	prefix	357	19083
sample	prose_heavy	sqlite	raw	prefix	358	1261708
sample	prose_heavy	sqlite	raw	prefix	359	1634791
sample	prose_heavy	sqlite	raw	prefix	360	131208
sample	prose_heavy	sqlite	raw	prefix	361	20709
sample	prose_heavy	sqlite	raw	prefix	362	1743959
sample	prose_heavy	sqlite	raw	prefix	363	743250
sample	prose_heavy	sqlite	raw	prefix	364	206833
sample	prose_heavy	sqlite	raw	prefix	365	21208
sample	prose_heavy	sqlite	raw	prefix	366	500875
sample	prose_heavy	sqlite	raw	prefix	367	556917
sample	prose_heavy	sqlite	raw	prefix	368	208541
sample	prose_heavy	sqlite	raw	prefix	369	82083
sample	prose_heavy	sqlite	raw	prefix	370	1018958
sample	prose_heavy	sqlite	raw	prefix	371	1284375
sample	prose_heavy	sqlite	raw	prefix	372	202334
sample	prose_heavy	sqlite	raw	prefix	373	83208
sample	prose_heavy	sqlite	raw	prefix	374	1159208
sample	prose_heavy	sqlite	raw	prefix	375	570792
sample	prose_heavy	sqlite	raw	prefix	376	182458
sample	prose_heavy	sqlite	raw	prefix	377	691375
sample	prose_heavy	sqlite	raw	prefix	378	1129042
sample	prose_heavy	sqlite	raw	prefix	379	827084
sample	prose_heavy	sqlite	raw	prefix	380	58625
sample	prose_heavy	sqlite	raw	prefix	381	15208
sample	prose_heavy	sqlite	raw	prefix	382	483917
sample	prose_heavy	sqlite	raw	prefix	383	1004750
sample	prose_heavy	sqlite	raw	prefix	384	169084
sample	prose_heavy	sqlite	raw	prefix	385	35083
sample	prose_heavy	sqlite	raw	prefix	386	532084
sample	prose_heavy	sqlite	raw	prefix	387	874500
sample	prose_heavy	sqlite	raw	prefix	388	64833
sample	prose_heavy	sqlite	raw	prefix	389	37833
sample	prose_heavy	sqlite	raw	prefix	390	508000
sample	prose_heavy	sqlite	raw	prefix	391	551375
sample	prose_heavy	sqlite	raw	prefix	392	75083
sample	prose_heavy	sqlite	raw	prefix	393	20750
sample	prose_heavy	sqlite	raw	prefix	394	798458
sample	prose_heavy	sqlite	raw	prefix	395	567916
sample	prose_heavy	sqlite	raw	prefix	396	59917
sample	prose_heavy	sqlite	raw	prefix	397	14083
sample	prose_heavy	sqlite	raw	prefix	398	480750
sample	prose_heavy	sqlite	raw	prefix	399	1523792
sample	prose_heavy	sqlite	raw	prefix	400	257208
sample	prose_heavy	sqlite	raw	prefix	401	70542
sample	prose_heavy	sqlite	raw	prefix	402	1096709
sample	prose_heavy	sqlite	raw	prefix	403	1319875
sample	prose_heavy	sqlite	raw	prefix	404	204000
sample	prose_heavy	sqlite	raw	prefix	405	40833
sample	prose_heavy	sqlite	raw	prefix	406	470750
sample	prose_heavy	sqlite	raw	prefix	407	1029084
sample	prose_heavy	sqlite	raw	prefix	408	450584
sample	prose_heavy	sqlite	raw	prefix	409	22875
sample	prose_heavy	sqlite	raw	prefix	410	484875
sample	prose_heavy	sqlite	raw	prefix	411	1150709
sample	prose_heavy	sqlite	raw	prefix	412	163333
sample	prose_heavy	sqlite	raw	prefix	413	43792
sample	prose_heavy	sqlite	raw	prefix	414	1032041
sample	prose_heavy	sqlite	raw	prefix	415	1141792
sample	prose_heavy	sqlite	raw	prefix	416	805250
sample	prose_heavy	sqlite	raw	prefix	417	119042
sample	prose_heavy	sqlite	raw	prefix	418	1192875
sample	prose_heavy	sqlite	raw	prefix	419	1195792
sample	prose_heavy	sqlite	raw	prefix	420	187584
sample	prose_heavy	sqlite	raw	prefix	421	33625
sample	prose_heavy	sqlite	raw	prefix	422	1672375
sample	prose_heavy	sqlite	raw	prefix	423	1476500
sample	prose_heavy	sqlite	raw	prefix	424	80583
sample	prose_heavy	sqlite	raw	prefix	425	18750
sample	prose_heavy	sqlite	raw	prefix	426	769125
sample	prose_heavy	sqlite	raw	prefix	427	725000
sample	prose_heavy	sqlite	raw	prefix	428	150875
sample	prose_heavy	sqlite	raw	prefix	429	54959
sample	prose_heavy	sqlite	raw	prefix	430	992333
sample	prose_heavy	sqlite	raw	prefix	431	577542
sample	prose_heavy	sqlite	raw	prefix	432	59916
sample	prose_heavy	sqlite	raw	prefix	433	16250
sample	prose_heavy	sqlite	raw	prefix	434	1628208
sample	prose_heavy	sqlite	raw	prefix	435	2184750
sample	prose_heavy	sqlite	raw	prefix	436	107458
sample	prose_heavy	sqlite	raw	prefix	437	19666
sample	prose_heavy	sqlite	raw	prefix	438	2103667
sample	prose_heavy	sqlite	raw	prefix	439	1227042
sample	prose_heavy	sqlite	raw	prefix	440	152584
sample	prose_heavy	sqlite	raw	prefix	441	76583
sample	prose_heavy	sqlite	raw	prefix	442	1020833
sample	prose_heavy	sqlite	raw	prefix	443	547958
sample	prose_heavy	sqlite	raw	prefix	444	73667
sample	prose_heavy	sqlite	raw	prefix	445	19000
sample	prose_heavy	sqlite	raw	prefix	446	484833
sample	prose_heavy	sqlite	raw	prefix	447	548959
sample	prose_heavy	sqlite	raw	prefix	448	73708
sample	prose_heavy	sqlite	raw	prefix	449	19459
sample	prose_heavy	sqlite	raw	prefix	450	1554458
sample	prose_heavy	sqlite	raw	prefix	451	1309292
sample	prose_heavy	sqlite	raw	prefix	452	73500
sample	prose_heavy	sqlite	raw	prefix	453	14375
sample	prose_heavy	sqlite	raw	prefix	454	539625
sample	prose_heavy	sqlite	raw	prefix	455	745416
sample	prose_heavy	sqlite	raw	prefix	456	57833
sample	prose_heavy	sqlite	raw	prefix	457	14125
sample	prose_heavy	sqlite	raw	prefix	458	545583
sample	prose_heavy	sqlite	raw	prefix	459	540333
sample	prose_heavy	sqlite	raw	prefix	460	81250
sample	prose_heavy	sqlite	raw	prefix	461	28417
sample	prose_heavy	sqlite	raw	prefix	462	661958
sample	prose_heavy	sqlite	raw	prefix	463	538083
sample	prose_heavy	sqlite	raw	prefix	464	84875
sample	prose_heavy	sqlite	raw	prefix	465	21958
sample	prose_heavy	sqlite	raw	prefix	466	496250
sample	prose_heavy	sqlite	raw	prefix	467	581250
sample	prose_heavy	sqlite	raw	prefix	468	227292
sample	prose_heavy	sqlite	raw	prefix	469	210709
sample	prose_heavy	sqlite	raw	prefix	470	514458
sample	prose_heavy	sqlite	raw	prefix	471	976375
sample	prose_heavy	sqlite	raw	prefix	472	56042
sample	prose_heavy	sqlite	raw	prefix	473	17458
sample	prose_heavy	sqlite	raw	prefix	474	494167
sample	prose_heavy	sqlite	raw	prefix	475	545167
sample	prose_heavy	sqlite	raw	prefix	476	61042
sample	prose_heavy	sqlite	raw	prefix	477	11708
sample	prose_heavy	sqlite	raw	prefix	478	538500
sample	prose_heavy	sqlite	raw	prefix	479	829042
sample	prose_heavy	sqlite	raw	prefix	480	72458
sample	prose_heavy	sqlite	raw	prefix	481	18167
sample	prose_heavy	sqlite	raw	prefix	482	749500
sample	prose_heavy	sqlite	raw	prefix	483	1131875
sample	prose_heavy	sqlite	raw	prefix	484	80458
sample	prose_heavy	sqlite	raw	prefix	485	19167
sample	prose_heavy	sqlite	raw	prefix	486	759542
sample	prose_heavy	sqlite	raw	prefix	487	615000
sample	prose_heavy	sqlite	raw	prefix	488	202958
sample	prose_heavy	sqlite	raw	prefix	489	82375
sample	prose_heavy	sqlite	raw	prefix	490	584416
sample	prose_heavy	sqlite	raw	prefix	491	927250
sample	prose_heavy	sqlite	raw	prefix	492	62500
sample	prose_heavy	sqlite	raw	prefix	493	17166
sample	prose_heavy	sqlite	raw	prefix	494	490375
sample	prose_heavy	sqlite	raw	prefix	495	547167
sample	prose_heavy	sqlite	raw	prefix	496	87875
sample	prose_heavy	sqlite	raw	prefix	497	19958
sample	prose_heavy	sqlite	raw	prefix	498	481000
sample	prose_heavy	sqlite	raw	prefix	499	819417
sample	prose_heavy	sqlite	raw	prefix	500	96750
sample	prose_heavy	sqlite	raw	prefix	501	17834
sample	prose_heavy	sqlite	raw	prefix	502	478916
sample	prose_heavy	sqlite	raw	prefix	503	561875
sample	prose_heavy	sqlite	raw	prefix	504	89083
sample	prose_heavy	sqlite	raw	prefix	505	21708
sample	prose_heavy	sqlite	raw	prefix	506	484125
sample	prose_heavy	sqlite	raw	prefix	507	538625
sample	prose_heavy	sqlite	raw	prefix	508	55792
sample	prose_heavy	sqlite	raw	prefix	509	13667
sample	prose_heavy	sqlite	raw	prefix	510	478083
sample	prose_heavy	sqlite	raw	prefix	511	868291
sample	prose_heavy	sqlite	raw	prefix	512	63250
sample	prose_heavy	sqlite	raw	prefix	513	14167
sample	prose_heavy	sqlite	raw	prefix	514	990000
sample	prose_heavy	sqlite	raw	prefix	515	674958
sample	prose_heavy	sqlite	raw	prefix	516	71750
sample	prose_heavy	sqlite	raw	prefix	517	22916
sample	prose_heavy	sqlite	raw	prefix	518	559333
sample	prose_heavy	sqlite	raw	prefix	519	551375
sample	prose_heavy	sqlite	raw	prefix	520	53875
sample	prose_heavy	sqlite	raw	prefix	521	87542
sample	prose_heavy	sqlite	raw	prefix	522	1121083
sample	prose_heavy	sqlite	raw	prefix	523	1340667
sample	prose_heavy	sqlite	raw	prefix	524	67291
sample	prose_heavy	sqlite	raw	prefix	525	20250
sample	prose_heavy	sqlite	raw	prefix	526	489000
sample	prose_heavy	sqlite	raw	prefix	527	970625
sample	prose_heavy	sqlite	raw	prefix	528	71625
sample	prose_heavy	sqlite	raw	prefix	529	17125
sample	prose_heavy	sqlite	raw	prefix	530	484833
sample	prose_heavy	sqlite	raw	prefix	531	1814500
sample	prose_heavy	sqlite	raw	prefix	532	63583
sample	prose_heavy	sqlite	raw	prefix	533	23000
sample	prose_heavy	sqlite	raw	prefix	534	488792
sample	prose_heavy	sqlite	raw	prefix	535	1027459
sample	prose_heavy	sqlite	raw	prefix	536	67167
sample	prose_heavy	sqlite	raw	prefix	537	17250
sample	prose_heavy	sqlite	raw	prefix	538	485583
sample	prose_heavy	sqlite	raw	prefix	539	806125
sample	prose_heavy	sqlite	raw	prefix	540	180417
sample	prose_heavy	sqlite	raw	prefix	541	54000
sample	prose_heavy	sqlite	raw	prefix	542	533250
sample	prose_heavy	sqlite	raw	prefix	543	1488250
sample	prose_heavy	sqlite	raw	prefix	544	56417
sample	prose_heavy	sqlite	raw	prefix	545	14834
sample	prose_heavy	sqlite	raw	prefix	546	1053750
sample	prose_heavy	sqlite	raw	prefix	547	953375
sample	prose_heavy	sqlite	raw	prefix	548	197917
sample	prose_heavy	sqlite	raw	prefix	549	29959
sample	prose_heavy	sqlite	raw	prefix	550	488292
sample	prose_heavy	sqlite	raw	prefix	551	1094875
sample	prose_heavy	sqlite	raw	prefix	552	77084
sample	prose_heavy	sqlite	raw	prefix	553	79583
sample	prose_heavy	sqlite	raw	prefix	554	1117000
sample	prose_heavy	sqlite	raw	prefix	555	955292
sample	prose_heavy	sqlite	raw	prefix	556	92625
sample	prose_heavy	sqlite	raw	prefix	557	37166
sample	prose_heavy	sqlite	raw	prefix	558	663625
sample	prose_heavy	sqlite	raw	prefix	559	1356334
sample	prose_heavy	sqlite	raw	prefix	560	72208
sample	prose_heavy	sqlite	raw	prefix	561	17958
sample	prose_heavy	sqlite	raw	prefix	562	716917
sample	prose_heavy	sqlite	raw	prefix	563	617291
sample	prose_heavy	sqlite	raw	prefix	564	87625
sample	prose_heavy	sqlite	raw	prefix	565	108875
sample	prose_heavy	sqlite	raw	prefix	566	544416
sample	prose_heavy	sqlite	raw	prefix	567	745459
sample	prose_heavy	sqlite	raw	prefix	568	155083
sample	prose_heavy	sqlite	raw	prefix	569	27792
sample	prose_heavy	sqlite	raw	prefix	570	563833
sample	prose_heavy	sqlite	raw	prefix	571	545625
sample	prose_heavy	sqlite	raw	prefix	572	78250
sample	prose_heavy	sqlite	raw	prefix	573	15750
sample	prose_heavy	sqlite	raw	prefix	574	480583
sample	prose_heavy	sqlite	raw	prefix	575	1003667
sample	prose_heavy	sqlite	raw	prefix	576	90417
sample	prose_heavy	sqlite	raw	prefix	577	64792
sample	prose_heavy	sqlite	raw	prefix	578	585125
sample	prose_heavy	sqlite	raw	prefix	579	1026916
sample	prose_heavy	sqlite	raw	prefix	580	70750
sample	prose_heavy	sqlite	raw	prefix	581	14209
sample	prose_heavy	sqlite	raw	prefix	582	486667
sample	prose_heavy	sqlite	raw	prefix	583	554125
sample	prose_heavy	sqlite	raw	prefix	584	69625
sample	prose_heavy	sqlite	raw	prefix	585	15625
sample	prose_heavy	sqlite	raw	prefix	586	480625
sample	prose_heavy	sqlite	raw	prefix	587	544625
sample	prose_heavy	sqlite	raw	prefix	588	71667
sample	prose_heavy	sqlite	raw	prefix	589	14500
sample	prose_heavy	sqlite	raw	prefix	590	480167
sample	prose_heavy	sqlite	raw	prefix	591	695083
sample	prose_heavy	sqlite	raw	prefix	592	43625
sample	prose_heavy	sqlite	raw	prefix	593	63334
sample	prose_heavy	sqlite	raw	prefix	594	2526166
sample	prose_heavy	sqlite	raw	prefix	595	1165792
sample	prose_heavy	sqlite	raw	prefix	596	176917
sample	prose_heavy	sqlite	raw	prefix	597	36958
sample	prose_heavy	sqlite	raw	prefix	598	874708
sample	prose_heavy	sqlite	raw	prefix	599	547000
sample	prose_heavy	sqlite	raw	prefix	600	52625
sample	prose_heavy	sqlite	raw	prefix	601	90833
sample	prose_heavy	sqlite	raw	prefix	602	1746167
sample	prose_heavy	sqlite	raw	prefix	603	1774500
sample	prose_heavy	sqlite	raw	prefix	604	66416
sample	prose_heavy	sqlite	raw	prefix	605	13833
sample	prose_heavy	sqlite	raw	prefix	606	1905959
sample	prose_heavy	sqlite	raw	prefix	607	661750
sample	prose_heavy	sqlite	raw	prefix	608	169583
sample	prose_heavy	sqlite	raw	prefix	609	34291
sample	prose_heavy	sqlite	raw	prefix	610	488125
sample	prose_heavy	sqlite	raw	prefix	611	614875
sample	prose_heavy	sqlite	raw	prefix	612	74458
sample	prose_heavy	sqlite	raw	prefix	613	14666
sample	prose_heavy	sqlite	raw	prefix	614	968083
sample	prose_heavy	sqlite	raw	prefix	615	1075250
sample	prose_heavy	sqlite	raw	prefix	616	137042
sample	prose_heavy	sqlite	raw	prefix	617	35750
sample	prose_heavy	sqlite	raw	prefix	618	1344708
sample	prose_heavy	sqlite	raw	prefix	619	821959
sample	prose_heavy	sqlite	raw	prefix	620	96625
sample	prose_heavy	sqlite	raw	prefix	621	18333
sample	prose_heavy	sqlite	raw	prefix	622	488375
sample	prose_heavy	sqlite	raw	prefix	623	1050709
sample	prose_heavy	sqlite	raw	prefix	624	64000
sample	prose_heavy	sqlite	raw	prefix	625	15000
sample	prose_heavy	sqlite	raw	prefix	626	1086500
sample	prose_heavy	sqlite	raw	prefix	627	1400916
sample	prose_heavy	sqlite	raw	prefix	628	183500
sample	prose_heavy	sqlite	raw	prefix	629	86208
sample	prose_heavy	sqlite	raw	prefix	630	1115208
sample	prose_heavy	sqlite	raw	prefix	631	529959
sample	prose_heavy	sqlite	raw	prefix	632	72917
sample	prose_heavy	sqlite	raw	prefix	633	19709
sample	prose_heavy	sqlite	raw	prefix	634	483209
sample	prose_heavy	sqlite	raw	prefix	635	728250
sample	prose_heavy	sqlite	raw	prefix	636	118709
sample	prose_heavy	sqlite	raw	prefix	637	28791
sample	prose_heavy	sqlite	raw	prefix	638	919042
sample	prose_heavy	sqlite	raw	prefix	639	759250
sample	prose_heavy	sqlite	raw	prefix	640	64292
sample	prose_heavy	sqlite	raw	prefix	641	23875
sample	prose_heavy	sqlite	raw	prefix	642	475250
sample	prose_heavy	sqlite	raw	prefix	643	734458
sample	prose_heavy	sqlite	raw	prefix	644	84417
sample	prose_heavy	sqlite	raw	prefix	645	41500
sample	prose_heavy	sqlite	raw	prefix	646	730375
sample	prose_heavy	sqlite	raw	prefix	647	523833
sample	prose_heavy	sqlite	raw	prefix	648	154500
sample	prose_heavy	sqlite	raw	prefix	649	44667
sample	prose_heavy	sqlite	raw	prefix	650	1272792
sample	prose_heavy	sqlite	raw	prefix	651	554459
sample	prose_heavy	sqlite	raw	prefix	652	68291
sample	prose_heavy	sqlite	raw	prefix	653	14875
sample	prose_heavy	sqlite	raw	prefix	654	567833
sample	prose_heavy	sqlite	raw	prefix	655	1206000
sample	prose_heavy	sqlite	raw	prefix	656	159542
sample	prose_heavy	sqlite	raw	prefix	657	83291
sample	prose_heavy	sqlite	raw	prefix	658	564750
sample	prose_heavy	sqlite	raw	prefix	659	557250
sample	prose_heavy	sqlite	raw	prefix	660	67000
sample	prose_heavy	sqlite	raw	prefix	661	12750
sample	prose_heavy	sqlite	raw	prefix	662	476792
sample	prose_heavy	sqlite	raw	prefix	663	540667
sample	prose_heavy	sqlite	raw	prefix	664	56666
sample	prose_heavy	sqlite	raw	prefix	665	23041
sample	prose_heavy	sqlite	raw	prefix	666	486792
sample	prose_heavy	sqlite	raw	prefix	667	544875
sample	prose_heavy	sqlite	raw	prefix	668	83042
sample	prose_heavy	sqlite	raw	prefix	669	15750
sample	prose_heavy	sqlite	raw	prefix	670	482709
sample	prose_heavy	sqlite	raw	prefix	671	1102500
sample	prose_heavy	sqlite	raw	prefix	672	58000
sample	prose_heavy	sqlite	raw	prefix	673	15458
sample	prose_heavy	sqlite	raw	prefix	674	1136625
sample	prose_heavy	sqlite	raw	prefix	675	534250
sample	prose_heavy	sqlite	raw	prefix	676	111917
sample	prose_heavy	sqlite	raw	prefix	677	27500
sample	prose_heavy	sqlite	raw	prefix	678	1100334
sample	prose_heavy	sqlite	raw	prefix	679	930708
sample	prose_heavy	sqlite	raw	prefix	680	60042
sample	prose_heavy	sqlite	raw	prefix	681	95125
sample	prose_heavy	sqlite	raw	prefix	682	490125
sample	prose_heavy	sqlite	raw	prefix	683	1406375
sample	prose_heavy	sqlite	raw	prefix	684	75250
sample	prose_heavy	sqlite	raw	prefix	685	26334
sample	prose_heavy	sqlite	raw	prefix	686	485583
sample	prose_heavy	sqlite	raw	prefix	687	549000
sample	prose_heavy	sqlite	raw	prefix	688	151541
sample	prose_heavy	sqlite	raw	prefix	689	53375
sample	prose_heavy	sqlite	raw	prefix	690	515250
sample	prose_heavy	sqlite	raw	prefix	691	638042
sample	prose_heavy	sqlite	raw	prefix	692	69750
sample	prose_heavy	sqlite	raw	prefix	693	17708
sample	prose_heavy	sqlite	raw	prefix	694	483000
sample	prose_heavy	sqlite	raw	prefix	695	511417
sample	prose_heavy	sqlite	raw	prefix	696	40250
sample	prose_heavy	sqlite	raw	prefix	697	13083
sample	prose_heavy	sqlite	raw	prefix	698	476542
sample	prose_heavy	sqlite	raw	prefix	699	1041583
sample	prose_heavy	sqlite	raw	prefix	700	69542
sample	prose_heavy	sqlite	raw	prefix	701	13708
sample	prose_heavy	sqlite	raw	prefix	702	476083
sample	prose_heavy	sqlite	raw	prefix	703	1367625
sample	prose_heavy	sqlite	raw	prefix	704	159167
sample	prose_heavy	sqlite	raw	prefix	705	92333
sample	prose_heavy	sqlite	raw	prefix	706	980292
sample	prose_heavy	sqlite	raw	prefix	707	1672334
sample	prose_heavy	sqlite	raw	prefix	708	96958
sample	prose_heavy	sqlite	raw	prefix	709	16583
sample	prose_heavy	sqlite	raw	prefix	710	476459
sample	prose_heavy	sqlite	raw	prefix	711	549959
sample	prose_heavy	sqlite	raw	prefix	712	61250
sample	prose_heavy	sqlite	raw	prefix	713	14792
sample	prose_heavy	sqlite	raw	prefix	714	474750
sample	prose_heavy	sqlite	raw	prefix	715	559458
sample	prose_heavy	sqlite	raw	prefix	716	80291
sample	prose_heavy	sqlite	raw	prefix	717	13666
sample	prose_heavy	sqlite	raw	prefix	718	473042
sample	prose_heavy	sqlite	raw	prefix	719	1692084
sample	prose_heavy	sqlite	raw	prefix	720	65084
sample	prose_heavy	sqlite	raw	prefix	721	17833
sample	prose_heavy	sqlite	raw	prefix	722	1636250
sample	prose_heavy	sqlite	raw	prefix	723	733708
sample	prose_heavy	sqlite	raw	prefix	724	78125
sample	prose_heavy	sqlite	raw	prefix	725	14834
sample	prose_heavy	sqlite	raw	prefix	726	530500
sample	prose_heavy	sqlite	raw	prefix	727	963042
sample	prose_heavy	sqlite	raw	prefix	728	70417
sample	prose_heavy	sqlite	raw	prefix	729	63000
sample	prose_heavy	sqlite	raw	prefix	730	960417
sample	prose_heavy	sqlite	raw	prefix	731	661750
sample	prose_heavy	sqlite	raw	prefix	732	75750
sample	prose_heavy	sqlite	raw	prefix	733	13333
sample	prose_heavy	sqlite	raw	prefix	734	556959
sample	prose_heavy	sqlite	raw	prefix	735	553125
sample	prose_heavy	sqlite	raw	prefix	736	101875
sample	prose_heavy	sqlite	raw	prefix	737	22458
sample	prose_heavy	sqlite	raw	prefix	738	479958
sample	prose_heavy	sqlite	raw	prefix	739	1174625
sample	prose_heavy	sqlite	raw	prefix	740	112250
sample	prose_heavy	sqlite	raw	prefix	741	15333
sample	prose_heavy	sqlite	raw	prefix	742	500791
sample	prose_heavy	sqlite	raw	prefix	743	545792
sample	prose_heavy	sqlite	raw	prefix	744	60542
sample	prose_heavy	sqlite	raw	prefix	745	18125
sample	prose_heavy	sqlite	raw	prefix	746	656375
sample	prose_heavy	sqlite	raw	prefix	747	604834
sample	prose_heavy	sqlite	raw	prefix	748	65125
sample	prose_heavy	sqlite	raw	prefix	749	14834
sample	prose_heavy	sqlite	raw	prefix	750	822750
sample	prose_heavy	sqlite	raw	prefix	751	571875
sample	prose_heavy	sqlite	raw	prefix	752	49875
sample	prose_heavy	sqlite	raw	prefix	753	62334
sample	prose_heavy	sqlite	raw	prefix	754	813333
sample	prose_heavy	sqlite	raw	prefix	755	842333
sample	prose_heavy	sqlite	raw	prefix	756	145333
sample	prose_heavy	sqlite	raw	prefix	757	109375
sample	prose_heavy	sqlite	raw	prefix	758	2410416
sample	prose_heavy	sqlite	raw	prefix	759	1174583
sample	prose_heavy	sqlite	raw	prefix	760	179333
sample	prose_heavy	sqlite	raw	prefix	761	73375
sample	prose_heavy	sqlite	raw	prefix	762	1060791
sample	prose_heavy	sqlite	raw	prefix	763	628958
sample	prose_heavy	sqlite	raw	prefix	764	76792
sample	prose_heavy	sqlite	raw	prefix	765	16292
sample	prose_heavy	sqlite	raw	prefix	766	988250
sample	prose_heavy	sqlite	raw	prefix	767	555042
sample	prose_heavy	sqlite	raw	prefix	768	130042
sample	prose_heavy	sqlite	raw	prefix	769	66416
sample	prose_heavy	sqlite	raw	prefix	770	2380000
sample	prose_heavy	sqlite	raw	prefix	771	1194375
sample	prose_heavy	sqlite	raw	prefix	772	98750
sample	prose_heavy	sqlite	raw	prefix	773	15000
sample	prose_heavy	sqlite	raw	prefix	774	1160667
sample	prose_heavy	sqlite	raw	prefix	775	1064125
sample	prose_heavy	sqlite	raw	prefix	776	135292
sample	prose_heavy	sqlite	raw	prefix	777	69292
sample	prose_heavy	sqlite	raw	prefix	778	1068333
sample	prose_heavy	sqlite	raw	prefix	779	858333
sample	prose_heavy	sqlite	raw	prefix	780	160750
sample	prose_heavy	sqlite	raw	prefix	781	141084
sample	prose_heavy	sqlite	raw	prefix	782	1191416
sample	prose_heavy	sqlite	raw	prefix	783	695583
sample	prose_heavy	sqlite	raw	prefix	784	71083
sample	prose_heavy	sqlite	raw	prefix	785	18250
sample	prose_heavy	sqlite	raw	prefix	786	2282958
sample	prose_heavy	sqlite	raw	prefix	787	647875
sample	prose_heavy	sqlite	raw	prefix	788	175375
sample	prose_heavy	sqlite	raw	prefix	789	39708
sample	prose_heavy	sqlite	raw	prefix	790	477667
sample	prose_heavy	sqlite	raw	prefix	791	1101667
sample	prose_heavy	sqlite	raw	prefix	792	181666
sample	prose_heavy	sqlite	raw	prefix	793	36000
sample	prose_heavy	sqlite	raw	prefix	794	539792
sample	prose_heavy	sqlite	raw	prefix	795	539958
sample	prose_heavy	sqlite	raw	prefix	796	48042
sample	prose_heavy	sqlite	raw	prefix	797	20250
sample	prose_heavy	sqlite	raw	prefix	798	1015083
sample	prose_heavy	sqlite	raw	prefix	799	553000
sample	prose_heavy	sqlite	raw	prefix	800	75292
sample	prose_heavy	sqlite	raw	prefix	801	22333
sample	prose_heavy	sqlite	raw	prefix	802	482791
sample	prose_heavy	sqlite	raw	prefix	803	668166
sample	prose_heavy	sqlite	raw	prefix	804	150792
sample	prose_heavy	sqlite	raw	prefix	805	39917
sample	prose_heavy	sqlite	raw	prefix	806	664208
sample	prose_heavy	sqlite	raw	prefix	807	1059500
sample	prose_heavy	sqlite	raw	prefix	808	179875
sample	prose_heavy	sqlite	raw	prefix	809	35708
sample	prose_heavy	sqlite	raw	prefix	810	485250
sample	prose_heavy	sqlite	raw	prefix	811	764709
sample	prose_heavy	sqlite	raw	prefix	812	96209
sample	prose_heavy	sqlite	raw	prefix	813	34250
sample	prose_heavy	sqlite	raw	prefix	814	2117959
sample	prose_heavy	sqlite	raw	prefix	815	595000
sample	prose_heavy	sqlite	raw	prefix	816	72333
sample	prose_heavy	sqlite	raw	prefix	817	15416
sample	prose_heavy	sqlite	raw	prefix	818	529083
sample	prose_heavy	sqlite	raw	prefix	819	533834
sample	prose_heavy	sqlite	raw	prefix	820	84166
sample	prose_heavy	sqlite	raw	prefix	821	15791
sample	prose_heavy	sqlite	raw	prefix	822	492875
sample	prose_heavy	sqlite	raw	prefix	823	537375
sample	prose_heavy	sqlite	raw	prefix	824	90125
sample	prose_heavy	sqlite	raw	prefix	825	18833
sample	prose_heavy	sqlite	raw	prefix	826	543542
sample	prose_heavy	sqlite	raw	prefix	827	903417
sample	prose_heavy	sqlite	raw	prefix	828	68917
sample	prose_heavy	sqlite	raw	prefix	829	16917
sample	prose_heavy	sqlite	raw	prefix	830	715584
sample	prose_heavy	sqlite	raw	prefix	831	1144792
sample	prose_heavy	sqlite	raw	prefix	832	77000
sample	prose_heavy	sqlite	raw	prefix	833	17208
sample	prose_heavy	sqlite	raw	prefix	834	486875
sample	prose_heavy	sqlite	raw	prefix	835	679000
sample	prose_heavy	sqlite	raw	prefix	836	72334
sample	prose_heavy	sqlite	raw	prefix	837	20666
sample	prose_heavy	sqlite	raw	prefix	838	488500
sample	prose_heavy	sqlite	raw	prefix	839	558167
sample	prose_heavy	sqlite	raw	prefix	840	70834
sample	prose_heavy	sqlite	raw	prefix	841	73375
sample	prose_heavy	sqlite	raw	prefix	842	1621833
sample	prose_heavy	sqlite	raw	prefix	843	545709
sample	prose_heavy	sqlite	raw	prefix	844	81667
sample	prose_heavy	sqlite	raw	prefix	845	26958
sample	prose_heavy	sqlite	raw	prefix	846	683917
sample	prose_heavy	sqlite	raw	prefix	847	570375
sample	prose_heavy	sqlite	raw	prefix	848	56208
sample	prose_heavy	sqlite	raw	prefix	849	17416
sample	prose_heavy	sqlite	raw	prefix	850	682958
sample	prose_heavy	sqlite	raw	prefix	851	668083
sample	prose_heavy	sqlite	raw	prefix	852	164167
sample	prose_heavy	sqlite	raw	prefix	853	57459
sample	prose_heavy	sqlite	raw	prefix	854	1082333
sample	prose_heavy	sqlite	raw	prefix	855	1399458
sample	prose_heavy	sqlite	raw	prefix	856	155167
sample	prose_heavy	sqlite	raw	prefix	857	168416
sample	prose_heavy	sqlite	raw	prefix	858	1142667
sample	prose_heavy	sqlite	raw	prefix	859	889625
sample	prose_heavy	sqlite	raw	prefix	860	74375
sample	prose_heavy	sqlite	raw	prefix	861	13459
sample	prose_heavy	sqlite	raw	prefix	862	631750
sample	prose_heavy	sqlite	raw	prefix	863	566583
sample	prose_heavy	sqlite	raw	prefix	864	62208
sample	prose_heavy	sqlite	raw	prefix	865	40583
sample	prose_heavy	sqlite	raw	prefix	866	495209
sample	prose_heavy	sqlite	raw	prefix	867	553125
sample	prose_heavy	sqlite	raw	prefix	868	57708
sample	prose_heavy	sqlite	raw	prefix	869	14417
sample	prose_heavy	sqlite	raw	prefix	870	1406833
sample	prose_heavy	sqlite	raw	prefix	871	562666
sample	prose_heavy	sqlite	raw	prefix	872	83625
sample	prose_heavy	sqlite	raw	prefix	873	19458
sample	prose_heavy	sqlite	raw	prefix	874	764250
sample	prose_heavy	sqlite	raw	prefix	875	543334
sample	prose_heavy	sqlite	raw	prefix	876	176167
sample	prose_heavy	sqlite	raw	prefix	877	27000
sample	prose_heavy	sqlite	raw	prefix	878	800167
sample	prose_heavy	sqlite	raw	prefix	879	1484625
sample	prose_heavy	sqlite	raw	prefix	880	482291
sample	prose_heavy	sqlite	raw	prefix	881	83500
sample	prose_heavy	sqlite	raw	prefix	882	988250
sample	prose_heavy	sqlite	raw	prefix	883	1364291
sample	prose_heavy	sqlite	raw	prefix	884	102916
sample	prose_heavy	sqlite	raw	prefix	885	20250
sample	prose_heavy	sqlite	raw	prefix	886	981042
sample	prose_heavy	sqlite	raw	prefix	887	625125
sample	prose_heavy	sqlite	raw	prefix	888	62417
sample	prose_heavy	sqlite	raw	prefix	889	122333
sample	prose_heavy	sqlite	raw	prefix	890	894083
sample	prose_heavy	sqlite	raw	prefix	891	530917
sample	prose_heavy	sqlite	raw	prefix	892	188875
sample	prose_heavy	sqlite	raw	prefix	893	44875
sample	prose_heavy	sqlite	raw	prefix	894	584917
sample	prose_heavy	sqlite	raw	prefix	895	938125
sample	prose_heavy	sqlite	raw	prefix	896	80125
sample	prose_heavy	sqlite	raw	prefix	897	27875
sample	prose_heavy	sqlite	raw	prefix	898	488000
sample	prose_heavy	sqlite	raw	prefix	899	1356375
sample	prose_heavy	sqlite	raw	prefix	900	93833
sample	prose_heavy	sqlite	raw	prefix	901	25833
sample	prose_heavy	sqlite	raw	prefix	902	783125
sample	prose_heavy	sqlite	raw	prefix	903	554459
sample	prose_heavy	sqlite	raw	prefix	904	71583
sample	prose_heavy	sqlite	raw	prefix	905	25583
sample	prose_heavy	sqlite	raw	prefix	906	656334
sample	prose_heavy	sqlite	raw	prefix	907	600250
sample	prose_heavy	sqlite	raw	prefix	908	157750
sample	prose_heavy	sqlite	raw	prefix	909	154292
sample	prose_heavy	sqlite	raw	prefix	910	1135792
sample	prose_heavy	sqlite	raw	prefix	911	842834
sample	prose_heavy	sqlite	raw	prefix	912	207875
sample	prose_heavy	sqlite	raw	prefix	913	37542
sample	prose_heavy	sqlite	raw	prefix	914	653625
sample	prose_heavy	sqlite	raw	prefix	915	535500
sample	prose_heavy	sqlite	raw	prefix	916	179292
sample	prose_heavy	sqlite	raw	prefix	917	32500
sample	prose_heavy	sqlite	raw	prefix	918	479458
sample	prose_heavy	sqlite	raw	prefix	919	734375
sample	prose_heavy	sqlite	raw	prefix	920	137708
sample	prose_heavy	sqlite	raw	prefix	921	31875
sample	prose_heavy	sqlite	raw	prefix	922	501916
sample	prose_heavy	sqlite	raw	prefix	923	783708
sample	prose_heavy	sqlite	raw	prefix	924	107459
sample	prose_heavy	sqlite	raw	prefix	925	17333
sample	prose_heavy	sqlite	raw	prefix	926	753125
sample	prose_heavy	sqlite	raw	prefix	927	1131000
sample	prose_heavy	sqlite	raw	prefix	928	69250
sample	prose_heavy	sqlite	raw	prefix	929	87875
sample	prose_heavy	sqlite	raw	prefix	930	906791
sample	prose_heavy	sqlite	raw	prefix	931	551375
sample	prose_heavy	sqlite	raw	prefix	932	93959
sample	prose_heavy	sqlite	raw	prefix	933	21083
sample	prose_heavy	sqlite	raw	prefix	934	628875
sample	prose_heavy	sqlite	raw	prefix	935	983667
sample	prose_heavy	sqlite	raw	prefix	936	96667
sample	prose_heavy	sqlite	raw	prefix	937	28542
sample	prose_heavy	sqlite	raw	prefix	938	1529500
sample	prose_heavy	sqlite	raw	prefix	939	855792
sample	prose_heavy	sqlite	raw	prefix	940	69625
sample	prose_heavy	sqlite	raw	prefix	941	42625
sample	prose_heavy	sqlite	raw	prefix	942	734875
sample	prose_heavy	sqlite	raw	prefix	943	576708
sample	prose_heavy	sqlite	raw	prefix	944	71000
sample	prose_heavy	sqlite	raw	prefix	945	18250
sample	prose_heavy	sqlite	raw	prefix	946	485000
sample	prose_heavy	sqlite	raw	prefix	947	544917
sample	prose_heavy	sqlite	raw	prefix	948	524792
sample	prose_heavy	sqlite	raw	prefix	949	22667
sample	prose_heavy	sqlite	raw	prefix	950	855084
sample	prose_heavy	sqlite	raw	prefix	951	1515583
sample	prose_heavy	sqlite	raw	prefix	952	140250
sample	prose_heavy	sqlite	raw	prefix	953	61666
sample	prose_heavy	sqlite	raw	prefix	954	1752166
sample	prose_heavy	sqlite	raw	prefix	955	1183708
sample	prose_heavy	sqlite	raw	prefix	956	178500
sample	prose_heavy	sqlite	raw	prefix	957	50209
sample	prose_heavy	sqlite	raw	prefix	958	824000
sample	prose_heavy	sqlite	raw	prefix	959	561417
sample	prose_heavy	sqlite	raw	prefix	960	67792
sample	prose_heavy	sqlite	raw	prefix	961	57458
sample	prose_heavy	sqlite	raw	prefix	962	1233958
sample	prose_heavy	sqlite	raw	prefix	963	705750
sample	prose_heavy	sqlite	raw	prefix	964	65959
sample	prose_heavy	sqlite	raw	prefix	965	13084
sample	prose_heavy	sqlite	raw	prefix	966	513000
sample	prose_heavy	sqlite	raw	prefix	967	797666
sample	prose_heavy	sqlite	raw	prefix	968	82166
sample	prose_heavy	sqlite	raw	prefix	969	16333
sample	prose_heavy	sqlite	raw	prefix	970	1198625
sample	prose_heavy	sqlite	raw	prefix	971	555209
sample	prose_heavy	sqlite	raw	prefix	972	121291
sample	prose_heavy	sqlite	raw	prefix	973	26209
sample	prose_heavy	sqlite	raw	prefix	974	616042
sample	prose_heavy	sqlite	raw	prefix	975	569625
sample	prose_heavy	sqlite	raw	prefix	976	43250
sample	prose_heavy	sqlite	raw	prefix	977	13333
sample	prose_heavy	sqlite	raw	prefix	978	2151250
sample	prose_heavy	sqlite	raw	prefix	979	1822625
sample	prose_heavy	sqlite	raw	prefix	980	67166
sample	prose_heavy	sqlite	raw	prefix	981	13834
sample	prose_heavy	sqlite	raw	prefix	982	1268750
sample	prose_heavy	sqlite	raw	prefix	983	540584
sample	prose_heavy	sqlite	raw	prefix	984	139375
sample	prose_heavy	sqlite	raw	prefix	985	31583
sample	prose_heavy	sqlite	raw	prefix	986	503041
sample	prose_heavy	sqlite	raw	prefix	987	856709
sample	prose_heavy	sqlite	raw	prefix	988	156208
sample	prose_heavy	sqlite	raw	prefix	989	64375
sample	prose_heavy	sqlite	raw	prefix	990	861000
sample	prose_heavy	sqlite	raw	prefix	991	932666
sample	prose_heavy	sqlite	raw	prefix	992	437125
sample	prose_heavy	sqlite	raw	prefix	993	29667
sample	prose_heavy	sqlite	raw	prefix	994	489042
sample	prose_heavy	sqlite	raw	prefix	995	529958
sample	prose_heavy	sqlite	raw	prefix	996	197792
sample	prose_heavy	sqlite	raw	prefix	997	46667
sample	prose_heavy	sqlite	raw	prefix	998	501583
sample	prose_heavy	sqlite	raw	prefix	999	849875
sample	prose_heavy	sqlite	raw	render	0	140500
sample	prose_heavy	sqlite	raw	render	1	38125
sample	prose_heavy	sqlite	raw	render	2	13666
sample	prose_heavy	sqlite	raw	render	3	13917
sample	prose_heavy	sqlite	raw	render	4	14792
sample	prose_heavy	sqlite	raw	render	5	10291
sample	prose_heavy	sqlite	raw	render	6	17833
sample	prose_heavy	sqlite	raw	render	7	25708
sample	prose_heavy	sqlite	raw	render	8	16750
sample	prose_heavy	sqlite	raw	render	9	15541
sample	prose_heavy	sqlite	raw	render	10	8916
sample	prose_heavy	sqlite	raw	render	11	9791
sample	prose_heavy	sqlite	raw	render	12	77375
sample	prose_heavy	sqlite	raw	render	13	18083
sample	prose_heavy	sqlite	raw	render	14	10333
sample	prose_heavy	sqlite	raw	render	15	15333
sample	prose_heavy	sqlite	raw	render	16	14917
sample	prose_heavy	sqlite	raw	render	17	15000
sample	prose_heavy	sqlite	raw	render	18	19208
sample	prose_heavy	sqlite	raw	render	19	11875
sample	prose_heavy	sqlite	raw	render	20	31666
sample	prose_heavy	sqlite	raw	render	21	17042
sample	prose_heavy	sqlite	raw	render	22	74458
sample	prose_heavy	sqlite	raw	render	23	65875
sample	prose_heavy	sqlite	raw	render	24	38458
sample	prose_heavy	sqlite	raw	render	25	91916
sample	prose_heavy	sqlite	raw	render	26	33583
sample	prose_heavy	sqlite	raw	render	27	14417
sample	prose_heavy	sqlite	raw	render	28	132750
sample	prose_heavy	sqlite	raw	render	29	25792
sample	prose_heavy	sqlite	raw	render	30	60167
sample	prose_heavy	sqlite	raw	render	31	18417
sample	prose_heavy	sqlite	raw	render	32	34792
sample	prose_heavy	sqlite	raw	render	33	78125
sample	prose_heavy	sqlite	raw	render	34	24834
sample	prose_heavy	sqlite	raw	render	35	17542
sample	prose_heavy	sqlite	raw	render	36	16625
sample	prose_heavy	sqlite	raw	render	37	9792
sample	prose_heavy	sqlite	raw	render	38	59583
sample	prose_heavy	sqlite	raw	render	39	137333
sample	prose_heavy	sqlite	raw	render	40	44583
sample	prose_heavy	sqlite	raw	render	41	19167
sample	prose_heavy	sqlite	raw	render	42	10209
sample	prose_heavy	sqlite	raw	render	43	21792
sample	prose_heavy	sqlite	raw	render	44	10917
sample	prose_heavy	sqlite	raw	render	45	15583
sample	prose_heavy	sqlite	raw	render	46	10875
sample	prose_heavy	sqlite	raw	render	47	9334
sample	prose_heavy	sqlite	raw	render	48	55666
sample	prose_heavy	sqlite	raw	render	49	12292
sample	prose_heavy	sqlite	raw	render	50	10166
sample	prose_heavy	sqlite	raw	render	51	9333
sample	prose_heavy	sqlite	raw	render	52	140625
sample	prose_heavy	sqlite	raw	render	53	29625
sample	prose_heavy	sqlite	raw	render	54	22250
sample	prose_heavy	sqlite	raw	render	55	8416
sample	prose_heavy	sqlite	raw	render	56	8250
sample	prose_heavy	sqlite	raw	render	57	8083
sample	prose_heavy	sqlite	raw	render	58	16125
sample	prose_heavy	sqlite	raw	render	59	19833
sample	prose_heavy	sqlite	raw	render	60	48208
sample	prose_heavy	sqlite	raw	render	61	23750
sample	prose_heavy	sqlite	raw	render	62	25833
sample	prose_heavy	sqlite	raw	render	63	17667
sample	prose_heavy	sqlite	raw	render	64	23417
sample	prose_heavy	sqlite	raw	render	65	16083
sample	prose_heavy	sqlite	raw	render	66	138583
sample	prose_heavy	sqlite	raw	render	67	27167
sample	prose_heavy	sqlite	raw	render	68	15458
sample	prose_heavy	sqlite	raw	render	69	11208
sample	prose_heavy	sqlite	raw	render	70	10500
sample	prose_heavy	sqlite	raw	render	71	8959
sample	prose_heavy	sqlite	raw	render	72	68708
sample	prose_heavy	sqlite	raw	render	73	28167
sample	prose_heavy	sqlite	raw	render	74	14291
sample	prose_heavy	sqlite	raw	render	75	9959
sample	prose_heavy	sqlite	raw	render	76	21583
sample	prose_heavy	sqlite	raw	render	77	15542
sample	prose_heavy	sqlite	raw	render	78	30166
sample	prose_heavy	sqlite	raw	render	79	49167
sample	prose_heavy	sqlite	raw	render	80	14958
sample	prose_heavy	sqlite	raw	render	81	16167
sample	prose_heavy	sqlite	raw	render	82	13916
sample	prose_heavy	sqlite	raw	render	83	11000
sample	prose_heavy	sqlite	raw	render	84	9292
sample	prose_heavy	sqlite	raw	render	85	18708
sample	prose_heavy	sqlite	raw	render	86	17167
sample	prose_heavy	sqlite	raw	render	87	9666
sample	prose_heavy	sqlite	raw	render	88	24000
sample	prose_heavy	sqlite	raw	render	89	17333
sample	prose_heavy	sqlite	raw	render	90	16250
sample	prose_heavy	sqlite	raw	render	91	90875
sample	prose_heavy	sqlite	raw	render	92	20292
sample	prose_heavy	sqlite	raw	render	93	9167
sample	prose_heavy	sqlite	raw	render	94	15500
sample	prose_heavy	sqlite	raw	render	95	10708
sample	prose_heavy	sqlite	raw	render	96	8709
sample	prose_heavy	sqlite	raw	render	97	71917
sample	prose_heavy	sqlite	raw	render	98	25417
sample	prose_heavy	sqlite	raw	render	99	27542
sample	prose_heavy	sqlite	raw	render	100	21875
sample	prose_heavy	sqlite	raw	render	101	10083
sample	prose_heavy	sqlite	raw	render	102	102875
sample	prose_heavy	sqlite	raw	render	103	27041
sample	prose_heavy	sqlite	raw	render	104	88125
sample	prose_heavy	sqlite	raw	render	105	92667
sample	prose_heavy	sqlite	raw	render	106	44250
sample	prose_heavy	sqlite	raw	render	107	17417
sample	prose_heavy	sqlite	raw	render	108	8792
sample	prose_heavy	sqlite	raw	render	109	17584
sample	prose_heavy	sqlite	raw	render	110	40458
sample	prose_heavy	sqlite	raw	render	111	17208
sample	prose_heavy	sqlite	raw	render	112	15542
sample	prose_heavy	sqlite	raw	render	113	16125
sample	prose_heavy	sqlite	raw	render	114	25459
sample	prose_heavy	sqlite	raw	render	115	20125
sample	prose_heavy	sqlite	raw	render	116	511375
sample	prose_heavy	sqlite	raw	render	117	24958
sample	prose_heavy	sqlite	raw	render	118	74000
sample	prose_heavy	sqlite	raw	render	119	23167
sample	prose_heavy	sqlite	raw	render	120	10750
sample	prose_heavy	sqlite	raw	render	121	20584
sample	prose_heavy	sqlite	raw	render	122	11291
sample	prose_heavy	sqlite	raw	render	123	12542
sample	prose_heavy	sqlite	raw	render	124	15750
sample	prose_heavy	sqlite	raw	render	125	21167
sample	prose_heavy	sqlite	raw	render	126	40708
sample	prose_heavy	sqlite	raw	render	127	22125
sample	prose_heavy	sqlite	raw	render	128	9500
sample	prose_heavy	sqlite	raw	render	129	81417
sample	prose_heavy	sqlite	raw	render	130	37334
sample	prose_heavy	sqlite	raw	render	131	16291
sample	prose_heavy	sqlite	raw	render	132	11625
sample	prose_heavy	sqlite	raw	render	133	18250
sample	prose_heavy	sqlite	raw	render	134	9709
sample	prose_heavy	sqlite	raw	render	135	19291
sample	prose_heavy	sqlite	raw	render	136	10500
sample	prose_heavy	sqlite	raw	render	137	14916
sample	prose_heavy	sqlite	raw	render	138	73000
sample	prose_heavy	sqlite	raw	render	139	18375
sample	prose_heavy	sqlite	raw	render	140	16208
sample	prose_heavy	sqlite	raw	render	141	26791
sample	prose_heavy	sqlite	raw	render	142	15000
sample	prose_heavy	sqlite	raw	render	143	98083
sample	prose_heavy	sqlite	raw	render	144	45166
sample	prose_heavy	sqlite	raw	render	145	21958
sample	prose_heavy	sqlite	raw	render	146	28833
sample	prose_heavy	sqlite	raw	render	147	17208
sample	prose_heavy	sqlite	raw	render	148	57166
sample	prose_heavy	sqlite	raw	render	149	99958
sample	prose_heavy	sqlite	raw	render	150	33584
sample	prose_heavy	sqlite	raw	render	151	23792
sample	prose_heavy	sqlite	raw	render	152	15208
sample	prose_heavy	sqlite	raw	render	153	10750
sample	prose_heavy	sqlite	raw	render	154	38250
sample	prose_heavy	sqlite	raw	render	155	26792
sample	prose_heavy	sqlite	raw	render	156	24041
sample	prose_heavy	sqlite	raw	render	157	18083
sample	prose_heavy	sqlite	raw	render	158	10750
sample	prose_heavy	sqlite	raw	render	159	9583
sample	prose_heavy	sqlite	raw	render	160	16917
sample	prose_heavy	sqlite	raw	render	161	17833
sample	prose_heavy	sqlite	raw	render	162	35667
sample	prose_heavy	sqlite	raw	render	163	30542
sample	prose_heavy	sqlite	raw	render	164	23000
sample	prose_heavy	sqlite	raw	render	165	14625
sample	prose_heavy	sqlite	raw	render	166	12792
sample	prose_heavy	sqlite	raw	render	167	17250
sample	prose_heavy	sqlite	raw	render	168	10542
sample	prose_heavy	sqlite	raw	render	169	9791
sample	prose_heavy	sqlite	raw	render	170	71416
sample	prose_heavy	sqlite	raw	render	171	24666
sample	prose_heavy	sqlite	raw	render	172	69542
sample	prose_heavy	sqlite	raw	render	173	26417
sample	prose_heavy	sqlite	raw	render	174	16583
sample	prose_heavy	sqlite	raw	render	175	21000
sample	prose_heavy	sqlite	raw	render	176	16542
sample	prose_heavy	sqlite	raw	render	177	15375
sample	prose_heavy	sqlite	raw	render	178	90375
sample	prose_heavy	sqlite	raw	render	179	16167
sample	prose_heavy	sqlite	raw	render	180	19375
sample	prose_heavy	sqlite	raw	render	181	21250
sample	prose_heavy	sqlite	raw	render	182	13333
sample	prose_heavy	sqlite	raw	render	183	16667
sample	prose_heavy	sqlite	raw	render	184	1254750
sample	prose_heavy	sqlite	raw	render	185	36792
sample	prose_heavy	sqlite	raw	render	186	12625
sample	prose_heavy	sqlite	raw	render	187	21750
sample	prose_heavy	sqlite	raw	render	188	54334
sample	prose_heavy	sqlite	raw	render	189	44833
sample	prose_heavy	sqlite	raw	render	190	23583
sample	prose_heavy	sqlite	raw	render	191	13167
sample	prose_heavy	sqlite	raw	render	192	9583
sample	prose_heavy	sqlite	raw	render	193	123833
sample	prose_heavy	sqlite	raw	render	194	100666
sample	prose_heavy	sqlite	raw	render	195	147917
sample	prose_heavy	sqlite	raw	render	196	152875
sample	prose_heavy	sqlite	raw	render	197	95250
sample	prose_heavy	sqlite	raw	render	198	27084
sample	prose_heavy	sqlite	raw	render	199	15625
sample	prose_heavy	sqlite	raw	render	200	35500
sample	prose_heavy	sqlite	raw	render	201	12375
sample	prose_heavy	sqlite	raw	render	202	21125
sample	prose_heavy	sqlite	raw	render	203	91958
sample	prose_heavy	sqlite	raw	render	204	29875
sample	prose_heavy	sqlite	raw	render	205	11708
sample	prose_heavy	sqlite	raw	render	206	16500
sample	prose_heavy	sqlite	raw	render	207	72834
sample	prose_heavy	sqlite	raw	render	208	28458
sample	prose_heavy	sqlite	raw	render	209	18250
sample	prose_heavy	sqlite	raw	render	210	10459
sample	prose_heavy	sqlite	raw	render	211	9584
sample	prose_heavy	sqlite	raw	render	212	9417
sample	prose_heavy	sqlite	raw	render	213	27167
sample	prose_heavy	sqlite	raw	render	214	21125
sample	prose_heavy	sqlite	raw	render	215	20334
sample	prose_heavy	sqlite	raw	render	216	21708
sample	prose_heavy	sqlite	raw	render	217	9666
sample	prose_heavy	sqlite	raw	render	218	32000
sample	prose_heavy	sqlite	raw	render	219	18250
sample	prose_heavy	sqlite	raw	render	220	20583
sample	prose_heavy	sqlite	raw	render	221	9416
sample	prose_heavy	sqlite	raw	render	222	106625
sample	prose_heavy	sqlite	raw	render	223	24542
sample	prose_heavy	sqlite	raw	render	224	29084
sample	prose_heavy	sqlite	raw	render	225	19916
sample	prose_heavy	sqlite	raw	render	226	20708
sample	prose_heavy	sqlite	raw	render	227	24000
sample	prose_heavy	sqlite	raw	render	228	10833
sample	prose_heavy	sqlite	raw	render	229	13459
sample	prose_heavy	sqlite	raw	render	230	8542
sample	prose_heavy	sqlite	raw	render	231	111916
sample	prose_heavy	sqlite	raw	render	232	31125
sample	prose_heavy	sqlite	raw	render	233	20625
sample	prose_heavy	sqlite	raw	render	234	14250
sample	prose_heavy	sqlite	raw	render	235	9292
sample	prose_heavy	sqlite	raw	render	236	8916
sample	prose_heavy	sqlite	raw	render	237	21417
sample	prose_heavy	sqlite	raw	render	238	538334
sample	prose_heavy	sqlite	raw	render	239	108750
sample	prose_heavy	sqlite	raw	render	240	19042
sample	prose_heavy	sqlite	raw	render	241	19708
sample	prose_heavy	sqlite	raw	render	242	9167
sample	prose_heavy	sqlite	raw	render	243	17959
sample	prose_heavy	sqlite	raw	render	244	28000
sample	prose_heavy	sqlite	raw	render	245	100750
sample	prose_heavy	sqlite	raw	render	246	31917
sample	prose_heavy	sqlite	raw	render	247	15041
sample	prose_heavy	sqlite	raw	render	248	94708
sample	prose_heavy	sqlite	raw	render	249	82792
sample	prose_heavy	sqlite	raw	render	250	18166
sample	prose_heavy	sqlite	raw	render	251	34417
sample	prose_heavy	sqlite	raw	render	252	18416
sample	prose_heavy	sqlite	raw	render	253	10541
sample	prose_heavy	sqlite	raw	render	254	9625
sample	prose_heavy	sqlite	raw	render	255	133792
sample	prose_heavy	sqlite	raw	render	256	27084
sample	prose_heavy	sqlite	raw	render	257	13125
sample	prose_heavy	sqlite	raw	render	258	150166
sample	prose_heavy	sqlite	raw	render	259	18791
sample	prose_heavy	sqlite	raw	render	260	23125
sample	prose_heavy	sqlite	raw	render	261	19375
sample	prose_heavy	sqlite	raw	render	262	22458
sample	prose_heavy	sqlite	raw	render	263	63708
sample	prose_heavy	sqlite	raw	render	264	98542
sample	prose_heavy	sqlite	raw	render	265	46666
sample	prose_heavy	sqlite	raw	render	266	29208
sample	prose_heavy	sqlite	raw	render	267	16542
sample	prose_heavy	sqlite	raw	render	268	103042
sample	prose_heavy	sqlite	raw	render	269	94333
sample	prose_heavy	sqlite	raw	render	270	94417
sample	prose_heavy	sqlite	raw	render	271	81042
sample	prose_heavy	sqlite	raw	render	272	27292
sample	prose_heavy	sqlite	raw	render	273	38875
sample	prose_heavy	sqlite	raw	render	274	13041
sample	prose_heavy	sqlite	raw	render	275	10792
sample	prose_heavy	sqlite	raw	render	276	9333
sample	prose_heavy	sqlite	raw	render	277	71833
sample	prose_heavy	sqlite	raw	render	278	22917
sample	prose_heavy	sqlite	raw	render	279	17792
sample	prose_heavy	sqlite	raw	render	280	16292
sample	prose_heavy	sqlite	raw	render	281	22459
sample	prose_heavy	sqlite	raw	render	282	11459
sample	prose_heavy	sqlite	raw	render	283	11584
sample	prose_heavy	sqlite	raw	render	284	19458
sample	prose_heavy	sqlite	raw	render	285	10375
sample	prose_heavy	sqlite	raw	render	286	18542
sample	prose_heavy	sqlite	raw	render	287	21541
sample	prose_heavy	sqlite	raw	render	288	52292
sample	prose_heavy	sqlite	raw	render	289	17500
sample	prose_heavy	sqlite	raw	render	290	282917
sample	prose_heavy	sqlite	raw	render	291	27208
sample	prose_heavy	sqlite	raw	render	292	17500
sample	prose_heavy	sqlite	raw	render	293	19625
sample	prose_heavy	sqlite	raw	render	294	15375
sample	prose_heavy	sqlite	raw	render	295	13084
sample	prose_heavy	sqlite	raw	render	296	14416
sample	prose_heavy	sqlite	raw	render	297	90292
sample	prose_heavy	sqlite	raw	render	298	81583
sample	prose_heavy	sqlite	raw	render	299	68292
sample	prose_heavy	sqlite	raw	render	300	54416
sample	prose_heavy	sqlite	raw	render	301	83250
sample	prose_heavy	sqlite	raw	render	302	65125
sample	prose_heavy	sqlite	raw	render	303	93416
sample	prose_heavy	sqlite	raw	render	304	263709
sample	prose_heavy	sqlite	raw	render	305	116167
sample	prose_heavy	sqlite	raw	render	306	30125
sample	prose_heavy	sqlite	raw	render	307	82500
sample	prose_heavy	sqlite	raw	render	308	106541
sample	prose_heavy	sqlite	raw	render	309	83917
sample	prose_heavy	sqlite	raw	render	310	106292
sample	prose_heavy	sqlite	raw	render	311	104916
sample	prose_heavy	sqlite	raw	render	312	119333
sample	prose_heavy	sqlite	raw	render	313	28667
sample	prose_heavy	sqlite	raw	render	314	10916
sample	prose_heavy	sqlite	raw	render	315	17958
sample	prose_heavy	sqlite	raw	render	316	88042
sample	prose_heavy	sqlite	raw	render	317	29084
sample	prose_heavy	sqlite	raw	render	318	11542
sample	prose_heavy	sqlite	raw	render	319	9542
sample	prose_heavy	sqlite	raw	render	320	22375
sample	prose_heavy	sqlite	raw	render	321	107541
sample	prose_heavy	sqlite	raw	render	322	165667
sample	prose_heavy	sqlite	raw	render	323	21250
sample	prose_heavy	sqlite	raw	render	324	16417
sample	prose_heavy	sqlite	raw	render	325	107625
sample	prose_heavy	sqlite	raw	render	326	96167
sample	prose_heavy	sqlite	raw	render	327	20334
sample	prose_heavy	sqlite	raw	render	328	52583
sample	prose_heavy	sqlite	raw	render	329	16000
sample	prose_heavy	sqlite	raw	render	330	11125
sample	prose_heavy	sqlite	raw	render	331	17167
sample	prose_heavy	sqlite	raw	render	332	18791
sample	prose_heavy	sqlite	raw	render	333	16042
sample	prose_heavy	sqlite	raw	render	334	13042
sample	prose_heavy	sqlite	raw	render	335	477333
sample	prose_heavy	sqlite	raw	render	336	91917
sample	prose_heavy	sqlite	raw	render	337	31833
sample	prose_heavy	sqlite	raw	render	338	14166
sample	prose_heavy	sqlite	raw	render	339	51083
sample	prose_heavy	sqlite	raw	render	340	55958
sample	prose_heavy	sqlite	raw	render	341	26084
sample	prose_heavy	sqlite	raw	render	342	26125
sample	prose_heavy	sqlite	raw	render	343	24083
sample	prose_heavy	sqlite	raw	render	344	20000
sample	prose_heavy	sqlite	raw	render	345	16750
sample	prose_heavy	sqlite	raw	render	346	18292
sample	prose_heavy	sqlite	raw	render	347	17667
sample	prose_heavy	sqlite	raw	render	348	26500
sample	prose_heavy	sqlite	raw	render	349	140791
sample	prose_heavy	sqlite	raw	render	350	39792
sample	prose_heavy	sqlite	raw	render	351	13333
sample	prose_heavy	sqlite	raw	render	352	11625
sample	prose_heavy	sqlite	raw	render	353	15959
sample	prose_heavy	sqlite	raw	render	354	23875
sample	prose_heavy	sqlite	raw	render	355	66916
sample	prose_heavy	sqlite	raw	render	356	45500
sample	prose_heavy	sqlite	raw	render	357	29750
sample	prose_heavy	sqlite	raw	render	358	13833
sample	prose_heavy	sqlite	raw	render	359	10125
sample	prose_heavy	sqlite	raw	render	360	12625
sample	prose_heavy	sqlite	raw	render	361	94875
sample	prose_heavy	sqlite	raw	render	362	44625
sample	prose_heavy	sqlite	raw	render	363	13875
sample	prose_heavy	sqlite	raw	render	364	26166
sample	prose_heavy	sqlite	raw	render	365	18583
sample	prose_heavy	sqlite	raw	render	366	39584
sample	prose_heavy	sqlite	raw	render	367	20542
sample	prose_heavy	sqlite	raw	render	368	11917
sample	prose_heavy	sqlite	raw	render	369	9167
sample	prose_heavy	sqlite	raw	render	370	8750
sample	prose_heavy	sqlite	raw	render	371	23916
sample	prose_heavy	sqlite	raw	render	372	44709
sample	prose_heavy	sqlite	raw	render	373	21250
sample	prose_heavy	sqlite	raw	render	374	98166
sample	prose_heavy	sqlite	raw	render	375	36917
sample	prose_heavy	sqlite	raw	render	376	11750
sample	prose_heavy	sqlite	raw	render	377	94125
sample	prose_heavy	sqlite	raw	render	378	29500
sample	prose_heavy	sqlite	raw	render	379	32667
sample	prose_heavy	sqlite	raw	render	380	13583
sample	prose_heavy	sqlite	raw	render	381	64625
sample	prose_heavy	sqlite	raw	render	382	19166
sample	prose_heavy	sqlite	raw	render	383	246500
sample	prose_heavy	sqlite	raw	render	384	25208
sample	prose_heavy	sqlite	raw	render	385	62916
sample	prose_heavy	sqlite	raw	render	386	91666
sample	prose_heavy	sqlite	raw	render	387	15250
sample	prose_heavy	sqlite	raw	render	388	19417
sample	prose_heavy	sqlite	raw	render	389	89916
sample	prose_heavy	sqlite	raw	render	390	22333
sample	prose_heavy	sqlite	raw	render	391	95917
sample	prose_heavy	sqlite	raw	render	392	30916
sample	prose_heavy	sqlite	raw	render	393	18209
sample	prose_heavy	sqlite	raw	render	394	14083
sample	prose_heavy	sqlite	raw	render	395	130291
sample	prose_heavy	sqlite	raw	render	396	26875
sample	prose_heavy	sqlite	raw	render	397	24125
sample	prose_heavy	sqlite	raw	render	398	12459
sample	prose_heavy	sqlite	raw	render	399	11250
sample	prose_heavy	sqlite	raw	render	400	11125
sample	prose_heavy	sqlite	raw	render	401	7958
sample	prose_heavy	sqlite	raw	render	402	26542
sample	prose_heavy	sqlite	raw	render	403	28167
sample	prose_heavy	sqlite	raw	render	404	23417
sample	prose_heavy	sqlite	raw	render	405	14042
sample	prose_heavy	sqlite	raw	render	406	21625
sample	prose_heavy	sqlite	raw	render	407	107167
sample	prose_heavy	sqlite	raw	render	408	89541
sample	prose_heavy	sqlite	raw	render	409	24542
sample	prose_heavy	sqlite	raw	render	410	17583
sample	prose_heavy	sqlite	raw	render	411	9125
sample	prose_heavy	sqlite	raw	render	412	8875
sample	prose_heavy	sqlite	raw	render	413	56250
sample	prose_heavy	sqlite	raw	render	414	41625
sample	prose_heavy	sqlite	raw	render	415	25250
sample	prose_heavy	sqlite	raw	render	416	12083
sample	prose_heavy	sqlite	raw	render	417	9708
sample	prose_heavy	sqlite	raw	render	418	18792
sample	prose_heavy	sqlite	raw	render	419	14458
sample	prose_heavy	sqlite	raw	render	420	11708
sample	prose_heavy	sqlite	raw	render	421	64375
sample	prose_heavy	sqlite	raw	render	422	90250
sample	prose_heavy	sqlite	raw	render	423	28250
sample	prose_heavy	sqlite	raw	render	424	9792
sample	prose_heavy	sqlite	raw	render	425	20417
sample	prose_heavy	sqlite	raw	render	426	17125
sample	prose_heavy	sqlite	raw	render	427	17958
sample	prose_heavy	sqlite	raw	render	428	14708
sample	prose_heavy	sqlite	raw	render	429	8375
sample	prose_heavy	sqlite	raw	render	430	57792
sample	prose_heavy	sqlite	raw	render	431	20625
sample	prose_heavy	sqlite	raw	render	432	11708
sample	prose_heavy	sqlite	raw	render	433	19750
sample	prose_heavy	sqlite	raw	render	434	156083
sample	prose_heavy	sqlite	raw	render	435	42250
sample	prose_heavy	sqlite	raw	render	436	21875
sample	prose_heavy	sqlite	raw	render	437	10333
sample	prose_heavy	sqlite	raw	render	438	18042
sample	prose_heavy	sqlite	raw	render	439	13875
sample	prose_heavy	sqlite	raw	render	440	17333
sample	prose_heavy	sqlite	raw	render	441	9125
sample	prose_heavy	sqlite	raw	render	442	9375
sample	prose_heavy	sqlite	raw	render	443	9084
sample	prose_heavy	sqlite	raw	render	444	8209
sample	prose_heavy	sqlite	raw	render	445	100458
sample	prose_heavy	sqlite	raw	render	446	25291
sample	prose_heavy	sqlite	raw	render	447	21416
sample	prose_heavy	sqlite	raw	render	448	15166
sample	prose_heavy	sqlite	raw	render	449	50708
sample	prose_heavy	sqlite	raw	render	450	19417
sample	prose_heavy	sqlite	raw	render	451	11917
sample	prose_heavy	sqlite	raw	render	452	10458
sample	prose_heavy	sqlite	raw	render	453	13333
sample	prose_heavy	sqlite	raw	render	454	8583
sample	prose_heavy	sqlite	raw	render	455	35375
sample	prose_heavy	sqlite	raw	render	456	21125
sample	prose_heavy	sqlite	raw	render	457	10042
sample	prose_heavy	sqlite	raw	render	458	18833
sample	prose_heavy	sqlite	raw	render	459	89458
sample	prose_heavy	sqlite	raw	render	460	28250
sample	prose_heavy	sqlite	raw	render	461	307750
sample	prose_heavy	sqlite	raw	render	462	53959
sample	prose_heavy	sqlite	raw	render	463	56084
sample	prose_heavy	sqlite	raw	render	464	17750
sample	prose_heavy	sqlite	raw	render	465	97959
sample	prose_heavy	sqlite	raw	render	466	210625
sample	prose_heavy	sqlite	raw	render	467	32167
sample	prose_heavy	sqlite	raw	render	468	21875
sample	prose_heavy	sqlite	raw	render	469	38750
sample	prose_heavy	sqlite	raw	render	470	86500
sample	prose_heavy	sqlite	raw	render	471	74875
sample	prose_heavy	sqlite	raw	render	472	13292
sample	prose_heavy	sqlite	raw	render	473	9458
sample	prose_heavy	sqlite	raw	render	474	21417
sample	prose_heavy	sqlite	raw	render	475	9667
sample	prose_heavy	sqlite	raw	render	476	20916
sample	prose_heavy	sqlite	raw	render	477	73334
sample	prose_heavy	sqlite	raw	render	478	21500
sample	prose_heavy	sqlite	raw	render	479	19375
sample	prose_heavy	sqlite	raw	render	480	23542
sample	prose_heavy	sqlite	raw	render	481	26041
sample	prose_heavy	sqlite	raw	render	482	18667
sample	prose_heavy	sqlite	raw	render	483	8792
sample	prose_heavy	sqlite	raw	render	484	15625
sample	prose_heavy	sqlite	raw	render	485	100459
sample	prose_heavy	sqlite	raw	render	486	34542
sample	prose_heavy	sqlite	raw	render	487	22250
sample	prose_heavy	sqlite	raw	render	488	10792
sample	prose_heavy	sqlite	raw	render	489	8875
sample	prose_heavy	sqlite	raw	render	490	17750
sample	prose_heavy	sqlite	raw	render	491	44042
sample	prose_heavy	sqlite	raw	render	492	21583
sample	prose_heavy	sqlite	raw	render	493	15958
sample	prose_heavy	sqlite	raw	render	494	61375
sample	prose_heavy	sqlite	raw	render	495	24000
sample	prose_heavy	sqlite	raw	render	496	15167
sample	prose_heavy	sqlite	raw	render	497	133416
sample	prose_heavy	sqlite	raw	render	498	16750
sample	prose_heavy	sqlite	raw	render	499	15625
sample	prose_heavy	sqlite	raw	render	500	9750
sample	prose_heavy	sqlite	raw	render	501	8375
sample	prose_heavy	sqlite	raw	render	502	8709
sample	prose_heavy	sqlite	raw	render	503	49125
sample	prose_heavy	sqlite	raw	render	504	136667
sample	prose_heavy	sqlite	raw	render	505	15000
sample	prose_heavy	sqlite	raw	render	506	28875
sample	prose_heavy	sqlite	raw	render	507	84333
sample	prose_heavy	sqlite	raw	render	508	32000
sample	prose_heavy	sqlite	raw	render	509	19250
sample	prose_heavy	sqlite	raw	render	510	87875
sample	prose_heavy	sqlite	raw	render	511	29708
sample	prose_heavy	sqlite	raw	render	512	22917
sample	prose_heavy	sqlite	raw	render	513	66375
sample	prose_heavy	sqlite	raw	render	514	84500
sample	prose_heavy	sqlite	raw	render	515	46834
sample	prose_heavy	sqlite	raw	render	516	12250
sample	prose_heavy	sqlite	raw	render	517	18500
sample	prose_heavy	sqlite	raw	render	518	87291
sample	prose_heavy	sqlite	raw	render	519	36833
sample	prose_heavy	sqlite	raw	render	520	10542
sample	prose_heavy	sqlite	raw	render	521	9875
sample	prose_heavy	sqlite	raw	render	522	18292
sample	prose_heavy	sqlite	raw	render	523	9542
sample	prose_heavy	sqlite	raw	render	524	18167
sample	prose_heavy	sqlite	raw	render	525	20375
sample	prose_heavy	sqlite	raw	render	526	77958
sample	prose_heavy	sqlite	raw	render	527	25667
sample	prose_heavy	sqlite	raw	render	528	40875
sample	prose_heavy	sqlite	raw	render	529	22208
sample	prose_heavy	sqlite	raw	render	530	72459
sample	prose_heavy	sqlite	raw	render	531	125083
sample	prose_heavy	sqlite	raw	render	532	136458
sample	prose_heavy	sqlite	raw	render	533	63500
sample	prose_heavy	sqlite	raw	render	534	83959
sample	prose_heavy	sqlite	raw	render	535	20833
sample	prose_heavy	sqlite	raw	render	536	622167
sample	prose_heavy	sqlite	raw	render	537	48542
sample	prose_heavy	sqlite	raw	render	538	14167
sample	prose_heavy	sqlite	raw	render	539	17459
sample	prose_heavy	sqlite	raw	render	540	83334
sample	prose_heavy	sqlite	raw	render	541	37291
sample	prose_heavy	sqlite	raw	render	542	18583
sample	prose_heavy	sqlite	raw	render	543	25833
sample	prose_heavy	sqlite	raw	render	544	68959
sample	prose_heavy	sqlite	raw	render	545	17792
sample	prose_heavy	sqlite	raw	render	546	11667
sample	prose_heavy	sqlite	raw	render	547	19167
sample	prose_heavy	sqlite	raw	render	548	131875
sample	prose_heavy	sqlite	raw	render	549	22875
sample	prose_heavy	sqlite	raw	render	550	69834
sample	prose_heavy	sqlite	raw	render	551	62208
sample	prose_heavy	sqlite	raw	render	552	102334
sample	prose_heavy	sqlite	raw	render	553	20000
sample	prose_heavy	sqlite	raw	render	554	10917
sample	prose_heavy	sqlite	raw	render	555	9000
sample	prose_heavy	sqlite	raw	render	556	16666
sample	prose_heavy	sqlite	raw	render	557	13125
sample	prose_heavy	sqlite	raw	render	558	14208
sample	prose_heavy	sqlite	raw	render	559	25958
sample	prose_heavy	sqlite	raw	render	560	11542
sample	prose_heavy	sqlite	raw	render	561	9792
sample	prose_heavy	sqlite	raw	render	562	15750
sample	prose_heavy	sqlite	raw	render	563	9541
sample	prose_heavy	sqlite	raw	render	564	16541
sample	prose_heavy	sqlite	raw	render	565	68875
sample	prose_heavy	sqlite	raw	render	566	28083
sample	prose_heavy	sqlite	raw	render	567	15583
sample	prose_heavy	sqlite	raw	render	568	30083
sample	prose_heavy	sqlite	raw	render	569	55666
sample	prose_heavy	sqlite	raw	render	570	12834
sample	prose_heavy	sqlite	raw	render	571	9917
sample	prose_heavy	sqlite	raw	render	572	8916
sample	prose_heavy	sqlite	raw	render	573	22875
sample	prose_heavy	sqlite	raw	render	574	38375
sample	prose_heavy	sqlite	raw	render	575	69500
sample	prose_heavy	sqlite	raw	render	576	27291
sample	prose_heavy	sqlite	raw	render	577	34083
sample	prose_heavy	sqlite	raw	render	578	16667
sample	prose_heavy	sqlite	raw	render	579	14084
sample	prose_heavy	sqlite	raw	render	580	40458
sample	prose_heavy	sqlite	raw	render	581	88750
sample	prose_heavy	sqlite	raw	render	582	38291
sample	prose_heavy	sqlite	raw	render	583	17709
sample	prose_heavy	sqlite	raw	render	584	78209
sample	prose_heavy	sqlite	raw	render	585	26208
sample	prose_heavy	sqlite	raw	render	586	21875
sample	prose_heavy	sqlite	raw	render	587	10292
sample	prose_heavy	sqlite	raw	render	588	22250
sample	prose_heavy	sqlite	raw	render	589	43250
sample	prose_heavy	sqlite	raw	render	590	28000
sample	prose_heavy	sqlite	raw	render	591	26708
sample	prose_heavy	sqlite	raw	render	592	18584
sample	prose_heavy	sqlite	raw	render	593	10167
sample	prose_heavy	sqlite	raw	render	594	14875
sample	prose_heavy	sqlite	raw	render	595	9917
sample	prose_heavy	sqlite	raw	render	596	9042
sample	prose_heavy	sqlite	raw	render	597	11166
sample	prose_heavy	sqlite	raw	render	598	11542
sample	prose_heavy	sqlite	raw	render	599	17084
sample	prose_heavy	sqlite	raw	render	600	70084
sample	prose_heavy	sqlite	raw	render	601	96250
sample	prose_heavy	sqlite	raw	render	602	111750
sample	prose_heavy	sqlite	raw	render	603	131667
sample	prose_heavy	sqlite	raw	render	604	40458
sample	prose_heavy	sqlite	raw	render	605	71667
sample	prose_heavy	sqlite	raw	render	606	22959
sample	prose_heavy	sqlite	raw	render	607	11792
sample	prose_heavy	sqlite	raw	render	608	10125
sample	prose_heavy	sqlite	raw	render	609	10708
sample	prose_heavy	sqlite	raw	render	610	95791
sample	prose_heavy	sqlite	raw	render	611	78625
sample	prose_heavy	sqlite	raw	render	612	104875
sample	prose_heavy	sqlite	raw	render	613	30000
sample	prose_heavy	sqlite	raw	render	614	26417
sample	prose_heavy	sqlite	raw	render	615	44167
sample	prose_heavy	sqlite	raw	render	616	17250
sample	prose_heavy	sqlite	raw	render	617	58459
sample	prose_heavy	sqlite	raw	render	618	107125
sample	prose_heavy	sqlite	raw	render	619	24541
sample	prose_heavy	sqlite	raw	render	620	18750
sample	prose_heavy	sqlite	raw	render	621	109417
sample	prose_heavy	sqlite	raw	render	622	140208
sample	prose_heavy	sqlite	raw	render	623	62084
sample	prose_heavy	sqlite	raw	render	624	30834
sample	prose_heavy	sqlite	raw	render	625	69750
sample	prose_heavy	sqlite	raw	render	626	30209
sample	prose_heavy	sqlite	raw	render	627	17041
sample	prose_heavy	sqlite	raw	render	628	29375
sample	prose_heavy	sqlite	raw	render	629	21084
sample	prose_heavy	sqlite	raw	render	630	68542
sample	prose_heavy	sqlite	raw	render	631	17625
sample	prose_heavy	sqlite	raw	render	632	12625
sample	prose_heavy	sqlite	raw	render	633	24166
sample	prose_heavy	sqlite	raw	render	634	17083
sample	prose_heavy	sqlite	raw	render	635	9750
sample	prose_heavy	sqlite	raw	render	636	8958
sample	prose_heavy	sqlite	raw	render	637	14334
sample	prose_heavy	sqlite	raw	render	638	18917
sample	prose_heavy	sqlite	raw	render	639	23042
sample	prose_heavy	sqlite	raw	render	640	22458
sample	prose_heavy	sqlite	raw	render	641	70375
sample	prose_heavy	sqlite	raw	render	642	17333
sample	prose_heavy	sqlite	raw	render	643	12209
sample	prose_heavy	sqlite	raw	render	644	11542
sample	prose_heavy	sqlite	raw	render	645	41542
sample	prose_heavy	sqlite	raw	render	646	14208
sample	prose_heavy	sqlite	raw	render	647	53500
sample	prose_heavy	sqlite	raw	render	648	24667
sample	prose_heavy	sqlite	raw	render	649	15625
sample	prose_heavy	sqlite	raw	render	650	14833
sample	prose_heavy	sqlite	raw	render	651	31750
sample	prose_heavy	sqlite	raw	render	652	69708
sample	prose_heavy	sqlite	raw	render	653	20625
sample	prose_heavy	sqlite	raw	render	654	11250
sample	prose_heavy	sqlite	raw	render	655	8542
sample	prose_heavy	sqlite	raw	render	656	10166
sample	prose_heavy	sqlite	raw	render	657	19667
sample	prose_heavy	sqlite	raw	render	658	262208
sample	prose_heavy	sqlite	raw	render	659	117458
sample	prose_heavy	sqlite	raw	render	660	38542
sample	prose_heavy	sqlite	raw	render	661	23583
sample	prose_heavy	sqlite	raw	render	662	28667
sample	prose_heavy	sqlite	raw	render	663	29583
sample	prose_heavy	sqlite	raw	render	664	12833
sample	prose_heavy	sqlite	raw	render	665	10291
sample	prose_heavy	sqlite	raw	render	666	39250
sample	prose_heavy	sqlite	raw	render	667	18208
sample	prose_heavy	sqlite	raw	render	668	9833
sample	prose_heavy	sqlite	raw	render	669	18375
sample	prose_heavy	sqlite	raw	render	670	22833
sample	prose_heavy	sqlite	raw	render	671	17375
sample	prose_heavy	sqlite	raw	render	672	16208
sample	prose_heavy	sqlite	raw	render	673	21292
sample	prose_heavy	sqlite	raw	render	674	21000
sample	prose_heavy	sqlite	raw	render	675	29292
sample	prose_heavy	sqlite	raw	render	676	11917
sample	prose_heavy	sqlite	raw	render	677	9167
sample	prose_heavy	sqlite	raw	render	678	10667
sample	prose_heavy	sqlite	raw	render	679	18333
sample	prose_heavy	sqlite	raw	render	680	79958
sample	prose_heavy	sqlite	raw	render	681	94625
sample	prose_heavy	sqlite	raw	render	682	97459
sample	prose_heavy	sqlite	raw	render	683	55541
sample	prose_heavy	sqlite	raw	render	684	15750
sample	prose_heavy	sqlite	raw	render	685	27000
sample	prose_heavy	sqlite	raw	render	686	23041
sample	prose_heavy	sqlite	raw	render	687	18709
sample	prose_heavy	sqlite	raw	render	688	16792
sample	prose_heavy	sqlite	raw	render	689	28417
sample	prose_heavy	sqlite	raw	render	690	27292
sample	prose_heavy	sqlite	raw	render	691	12125
sample	prose_heavy	sqlite	raw	render	692	12792
sample	prose_heavy	sqlite	raw	render	693	8917
sample	prose_heavy	sqlite	raw	render	694	8500
sample	prose_heavy	sqlite	raw	render	695	8542
sample	prose_heavy	sqlite	raw	render	696	49667
sample	prose_heavy	sqlite	raw	render	697	28292
sample	prose_heavy	sqlite	raw	render	698	36542
sample	prose_heavy	sqlite	raw	render	699	20291
sample	prose_heavy	sqlite	raw	render	700	20084
sample	prose_heavy	sqlite	raw	render	701	14417
sample	prose_heavy	sqlite	raw	render	702	34334
sample	prose_heavy	sqlite	raw	render	703	202625
sample	prose_heavy	sqlite	raw	render	704	87750
sample	prose_heavy	sqlite	raw	render	705	20583
sample	prose_heavy	sqlite	raw	render	706	32041
sample	prose_heavy	sqlite	raw	render	707	11084
sample	prose_heavy	sqlite	raw	render	708	8500
sample	prose_heavy	sqlite	raw	render	709	14042
sample	prose_heavy	sqlite	raw	render	710	17750
sample	prose_heavy	sqlite	raw	render	711	32000
sample	prose_heavy	sqlite	raw	render	712	21750
sample	prose_heavy	sqlite	raw	render	713	21292
sample	prose_heavy	sqlite	raw	render	714	21125
sample	prose_heavy	sqlite	raw	render	715	10083
sample	prose_heavy	sqlite	raw	render	716	13166
sample	prose_heavy	sqlite	raw	render	717	10208
sample	prose_heavy	sqlite	raw	render	718	10125
sample	prose_heavy	sqlite	raw	render	719	9333
sample	prose_heavy	sqlite	raw	render	720	108875
sample	prose_heavy	sqlite	raw	render	721	30625
sample	prose_heavy	sqlite	raw	render	722	17959
sample	prose_heavy	sqlite	raw	render	723	17417
sample	prose_heavy	sqlite	raw	render	724	14584
sample	prose_heavy	sqlite	raw	render	725	17750
sample	prose_heavy	sqlite	raw	render	726	108000
sample	prose_heavy	sqlite	raw	render	727	46750
sample	prose_heavy	sqlite	raw	render	728	14250
sample	prose_heavy	sqlite	raw	render	729	19958
sample	prose_heavy	sqlite	raw	render	730	22291
sample	prose_heavy	sqlite	raw	render	731	19166
sample	prose_heavy	sqlite	raw	render	732	12042
sample	prose_heavy	sqlite	raw	render	733	680959
sample	prose_heavy	sqlite	raw	render	734	44625
sample	prose_heavy	sqlite	raw	render	735	34083
sample	prose_heavy	sqlite	raw	render	736	15208
sample	prose_heavy	sqlite	raw	render	737	12708
sample	prose_heavy	sqlite	raw	render	738	25000
sample	prose_heavy	sqlite	raw	render	739	77125
sample	prose_heavy	sqlite	raw	render	740	281917
sample	prose_heavy	sqlite	raw	render	741	40125
sample	prose_heavy	sqlite	raw	render	742	84625
sample	prose_heavy	sqlite	raw	render	743	27250
sample	prose_heavy	sqlite	raw	render	744	15708
sample	prose_heavy	sqlite	raw	render	745	9625
sample	prose_heavy	sqlite	raw	render	746	8958
sample	prose_heavy	sqlite	raw	render	747	9000
sample	prose_heavy	sqlite	raw	render	748	100125
sample	prose_heavy	sqlite	raw	render	749	31292
sample	prose_heavy	sqlite	raw	render	750	51000
sample	prose_heavy	sqlite	raw	render	751	21042
sample	prose_heavy	sqlite	raw	render	752	18209
sample	prose_heavy	sqlite	raw	render	753	20041
sample	prose_heavy	sqlite	raw	render	754	22750
sample	prose_heavy	sqlite	raw	render	755	45333
sample	prose_heavy	sqlite	raw	render	756	29792
sample	prose_heavy	sqlite	raw	render	757	15625
sample	prose_heavy	sqlite	raw	render	758	17709
sample	prose_heavy	sqlite	raw	render	759	9958
sample	prose_heavy	sqlite	raw	render	760	8416
sample	prose_heavy	sqlite	raw	render	761	8542
sample	prose_heavy	sqlite	raw	render	762	21333
sample	prose_heavy	sqlite	raw	render	763	24291
sample	prose_heavy	sqlite	raw	render	764	12291
sample	prose_heavy	sqlite	raw	render	765	13792
sample	prose_heavy	sqlite	raw	render	766	69292
sample	prose_heavy	sqlite	raw	render	767	17875
sample	prose_heavy	sqlite	raw	render	768	114458
sample	prose_heavy	sqlite	raw	render	769	134125
sample	prose_heavy	sqlite	raw	render	770	41334
sample	prose_heavy	sqlite	raw	render	771	13791
sample	prose_heavy	sqlite	raw	render	772	18459
sample	prose_heavy	sqlite	raw	render	773	31250
sample	prose_heavy	sqlite	raw	render	774	22875
sample	prose_heavy	sqlite	raw	render	775	14042
sample	prose_heavy	sqlite	raw	render	776	14417
sample	prose_heavy	sqlite	raw	render	777	11584
sample	prose_heavy	sqlite	raw	render	778	10291
sample	prose_heavy	sqlite	raw	render	779	40666
sample	prose_heavy	sqlite	raw	render	780	85375
sample	prose_heavy	sqlite	raw	render	781	31375
sample	prose_heavy	sqlite	raw	render	782	10042
sample	prose_heavy	sqlite	raw	render	783	23375
sample	prose_heavy	sqlite	raw	render	784	15000
sample	prose_heavy	sqlite	raw	render	785	14417
sample	prose_heavy	sqlite	raw	render	786	43292
sample	prose_heavy	sqlite	raw	render	787	26667
sample	prose_heavy	sqlite	raw	render	788	18708
sample	prose_heavy	sqlite	raw	render	789	22042
sample	prose_heavy	sqlite	raw	render	790	20959
sample	prose_heavy	sqlite	raw	render	791	11583
sample	prose_heavy	sqlite	raw	render	792	100125
sample	prose_heavy	sqlite	raw	render	793	19125
sample	prose_heavy	sqlite	raw	render	794	18416
sample	prose_heavy	sqlite	raw	render	795	11500
sample	prose_heavy	sqlite	raw	render	796	16125
sample	prose_heavy	sqlite	raw	render	797	20166
sample	prose_heavy	sqlite	raw	render	798	16125
sample	prose_heavy	sqlite	raw	render	799	17875
sample	prose_heavy	sqlite	raw	render	800	20500
sample	prose_heavy	sqlite	raw	render	801	14417
sample	prose_heavy	sqlite	raw	render	802	10167
sample	prose_heavy	sqlite	raw	render	803	67833
sample	prose_heavy	sqlite	raw	render	804	58542
sample	prose_heavy	sqlite	raw	render	805	28167
sample	prose_heavy	sqlite	raw	render	806	10542
sample	prose_heavy	sqlite	raw	render	807	10875
sample	prose_heavy	sqlite	raw	render	808	11333
sample	prose_heavy	sqlite	raw	render	809	8333
sample	prose_heavy	sqlite	raw	render	810	31083
sample	prose_heavy	sqlite	raw	render	811	23917
sample	prose_heavy	sqlite	raw	render	812	15375
sample	prose_heavy	sqlite	raw	render	813	12542
sample	prose_heavy	sqlite	raw	render	814	12458
sample	prose_heavy	sqlite	raw	render	815	97375
sample	prose_heavy	sqlite	raw	render	816	23625
sample	prose_heavy	sqlite	raw	render	817	61084
sample	prose_heavy	sqlite	raw	render	818	44000
sample	prose_heavy	sqlite	raw	render	819	55667
sample	prose_heavy	sqlite	raw	render	820	96167
sample	prose_heavy	sqlite	raw	render	821	62584
sample	prose_heavy	sqlite	raw	render	822	15416
sample	prose_heavy	sqlite	raw	render	823	15541
sample	prose_heavy	sqlite	raw	render	824	15584
sample	prose_heavy	sqlite	raw	render	825	131750
sample	prose_heavy	sqlite	raw	render	826	143834
sample	prose_heavy	sqlite	raw	render	827	105334
sample	prose_heavy	sqlite	raw	render	828	34625
sample	prose_heavy	sqlite	raw	render	829	14833
sample	prose_heavy	sqlite	raw	render	830	14958
sample	prose_heavy	sqlite	raw	render	831	9625
sample	prose_heavy	sqlite	raw	render	832	122417
sample	prose_heavy	sqlite	raw	render	833	27792
sample	prose_heavy	sqlite	raw	render	834	12417
sample	prose_heavy	sqlite	raw	render	835	17292
sample	prose_heavy	sqlite	raw	render	836	94375
sample	prose_heavy	sqlite	raw	render	837	93584
sample	prose_heavy	sqlite	raw	render	838	27333
sample	prose_heavy	sqlite	raw	render	839	30750
sample	prose_heavy	sqlite	raw	render	840	125917
sample	prose_heavy	sqlite	raw	render	841	27584
sample	prose_heavy	sqlite	raw	render	842	20917
sample	prose_heavy	sqlite	raw	render	843	11541
sample	prose_heavy	sqlite	raw	render	844	10792
sample	prose_heavy	sqlite	raw	render	845	19875
sample	prose_heavy	sqlite	raw	render	846	16250
sample	prose_heavy	sqlite	raw	render	847	103792
sample	prose_heavy	sqlite	raw	render	848	20042
sample	prose_heavy	sqlite	raw	render	849	24000
sample	prose_heavy	sqlite	raw	render	850	425042
sample	prose_heavy	sqlite	raw	render	851	30000
sample	prose_heavy	sqlite	raw	render	852	16625
sample	prose_heavy	sqlite	raw	render	853	14292
sample	prose_heavy	sqlite	raw	render	854	14833
sample	prose_heavy	sqlite	raw	render	855	65000
sample	prose_heavy	sqlite	raw	render	856	32959
sample	prose_heavy	sqlite	raw	render	857	10250
sample	prose_heavy	sqlite	raw	render	858	12583
sample	prose_heavy	sqlite	raw	render	859	8583
sample	prose_heavy	sqlite	raw	render	860	74542
sample	prose_heavy	sqlite	raw	render	861	21083
sample	prose_heavy	sqlite	raw	render	862	140250
sample	prose_heavy	sqlite	raw	render	863	47583
sample	prose_heavy	sqlite	raw	render	864	12916
sample	prose_heavy	sqlite	raw	render	865	8958
sample	prose_heavy	sqlite	raw	render	866	84625
sample	prose_heavy	sqlite	raw	render	867	38000
sample	prose_heavy	sqlite	raw	render	868	46000
sample	prose_heavy	sqlite	raw	render	869	20959
sample	prose_heavy	sqlite	raw	render	870	16875
sample	prose_heavy	sqlite	raw	render	871	13875
sample	prose_heavy	sqlite	raw	render	872	21292
sample	prose_heavy	sqlite	raw	render	873	19584
sample	prose_heavy	sqlite	raw	render	874	27125
sample	prose_heavy	sqlite	raw	render	875	18000
sample	prose_heavy	sqlite	raw	render	876	146042
sample	prose_heavy	sqlite	raw	render	877	115375
sample	prose_heavy	sqlite	raw	render	878	26041
sample	prose_heavy	sqlite	raw	render	879	18417
sample	prose_heavy	sqlite	raw	render	880	8917
sample	prose_heavy	sqlite	raw	render	881	8458
sample	prose_heavy	sqlite	raw	render	882	13959
sample	prose_heavy	sqlite	raw	render	883	11875
sample	prose_heavy	sqlite	raw	render	884	26458
sample	prose_heavy	sqlite	raw	render	885	27458
sample	prose_heavy	sqlite	raw	render	886	20250
sample	prose_heavy	sqlite	raw	render	887	58458
sample	prose_heavy	sqlite	raw	render	888	18833
sample	prose_heavy	sqlite	raw	render	889	21000
sample	prose_heavy	sqlite	raw	render	890	15667
sample	prose_heavy	sqlite	raw	render	891	9417
sample	prose_heavy	sqlite	raw	render	892	8875
sample	prose_heavy	sqlite	raw	render	893	71166
sample	prose_heavy	sqlite	raw	render	894	25250
sample	prose_heavy	sqlite	raw	render	895	11833
sample	prose_heavy	sqlite	raw	render	896	21458
sample	prose_heavy	sqlite	raw	render	897	18416
sample	prose_heavy	sqlite	raw	render	898	19334
sample	prose_heavy	sqlite	raw	render	899	134792
sample	prose_heavy	sqlite	raw	render	900	105125
sample	prose_heavy	sqlite	raw	render	901	27959
sample	prose_heavy	sqlite	raw	render	902	428000
sample	prose_heavy	sqlite	raw	render	903	1271166
sample	prose_heavy	sqlite	raw	render	904	42666
sample	prose_heavy	sqlite	raw	render	905	94792
sample	prose_heavy	sqlite	raw	render	906	23542
sample	prose_heavy	sqlite	raw	render	907	16209
sample	prose_heavy	sqlite	raw	render	908	67375
sample	prose_heavy	sqlite	raw	render	909	30833
sample	prose_heavy	sqlite	raw	render	910	10000
sample	prose_heavy	sqlite	raw	render	911	11458
sample	prose_heavy	sqlite	raw	render	912	83959
sample	prose_heavy	sqlite	raw	render	913	32500
sample	prose_heavy	sqlite	raw	render	914	24583
sample	prose_heavy	sqlite	raw	render	915	25750
sample	prose_heavy	sqlite	raw	render	916	16083
sample	prose_heavy	sqlite	raw	render	917	9917
sample	prose_heavy	sqlite	raw	render	918	94792
sample	prose_heavy	sqlite	raw	render	919	31959
sample	prose_heavy	sqlite	raw	render	920	19833
sample	prose_heavy	sqlite	raw	render	921	15458
sample	prose_heavy	sqlite	raw	render	922	12125
sample	prose_heavy	sqlite	raw	render	923	9000
sample	prose_heavy	sqlite	raw	render	924	16209
sample	prose_heavy	sqlite	raw	render	925	9208
sample	prose_heavy	sqlite	raw	render	926	64000
sample	prose_heavy	sqlite	raw	render	927	123458
sample	prose_heavy	sqlite	raw	render	928	21083
sample	prose_heavy	sqlite	raw	render	929	22000
sample	prose_heavy	sqlite	raw	render	930	15083
sample	prose_heavy	sqlite	raw	render	931	211041
sample	prose_heavy	sqlite	raw	render	932	35250
sample	prose_heavy	sqlite	raw	render	933	11750
sample	prose_heavy	sqlite	raw	render	934	51000
sample	prose_heavy	sqlite	raw	render	935	57833
sample	prose_heavy	sqlite	raw	render	936	42000
sample	prose_heavy	sqlite	raw	render	937	53042
sample	prose_heavy	sqlite	raw	render	938	29334
sample	prose_heavy	sqlite	raw	render	939	11416
sample	prose_heavy	sqlite	raw	render	940	9500
sample	prose_heavy	sqlite	raw	render	941	21459
sample	prose_heavy	sqlite	raw	render	942	41042
sample	prose_heavy	sqlite	raw	render	943	13500
sample	prose_heavy	sqlite	raw	render	944	40917
sample	prose_heavy	sqlite	raw	render	945	17500
sample	prose_heavy	sqlite	raw	render	946	28167
sample	prose_heavy	sqlite	raw	render	947	13500
sample	prose_heavy	sqlite	raw	render	948	10000
sample	prose_heavy	sqlite	raw	render	949	10958
sample	prose_heavy	sqlite	raw	render	950	149917
sample	prose_heavy	sqlite	raw	render	951	23167
sample	prose_heavy	sqlite	raw	render	952	32792
sample	prose_heavy	sqlite	raw	render	953	12459
sample	prose_heavy	sqlite	raw	render	954	92292
sample	prose_heavy	sqlite	raw	render	955	34375
sample	prose_heavy	sqlite	raw	render	956	17125
sample	prose_heavy	sqlite	raw	render	957	18666
sample	prose_heavy	sqlite	raw	render	958	16584
sample	prose_heavy	sqlite	raw	render	959	16250
sample	prose_heavy	sqlite	raw	render	960	38292
sample	prose_heavy	sqlite	raw	render	961	10583
sample	prose_heavy	sqlite	raw	render	962	8666
sample	prose_heavy	sqlite	raw	render	963	15541
sample	prose_heavy	sqlite	raw	render	964	114792
sample	prose_heavy	sqlite	raw	render	965	98875
sample	prose_heavy	sqlite	raw	render	966	34916
sample	prose_heavy	sqlite	raw	render	967	26334
sample	prose_heavy	sqlite	raw	render	968	19416
sample	prose_heavy	sqlite	raw	render	969	7875
sample	prose_heavy	sqlite	raw	render	970	28041
sample	prose_heavy	sqlite	raw	render	971	33834
sample	prose_heavy	sqlite	raw	render	972	69916
sample	prose_heavy	sqlite	raw	render	973	443500
sample	prose_heavy	sqlite	raw	render	974	29333
sample	prose_heavy	sqlite	raw	render	975	18459
sample	prose_heavy	sqlite	raw	render	976	239375
sample	prose_heavy	sqlite	raw	render	977	38667
sample	prose_heavy	sqlite	raw	render	978	89625
sample	prose_heavy	sqlite	raw	render	979	30583
sample	prose_heavy	sqlite	raw	render	980	118250
sample	prose_heavy	sqlite	raw	render	981	54000
sample	prose_heavy	sqlite	raw	render	982	47541
sample	prose_heavy	sqlite	raw	render	983	18917
sample	prose_heavy	sqlite	raw	render	984	340417
sample	prose_heavy	sqlite	raw	render	985	160375
sample	prose_heavy	sqlite	raw	render	986	69166
sample	prose_heavy	sqlite	raw	render	987	106750
sample	prose_heavy	sqlite	raw	render	988	23791
sample	prose_heavy	sqlite	raw	render	989	24209
sample	prose_heavy	sqlite	raw	render	990	57625
sample	prose_heavy	sqlite	raw	render	991	37500
sample	prose_heavy	sqlite	raw	render	992	25167
sample	prose_heavy	sqlite	raw	render	993	26500
sample	prose_heavy	sqlite	raw	render	994	23792
sample	prose_heavy	sqlite	raw	render	995	13917
sample	prose_heavy	sqlite	raw	render	996	69792
sample	prose_heavy	sqlite	raw	render	997	26208
sample	prose_heavy	sqlite	raw	render	998	16959
sample	prose_heavy	sqlite	raw	render	999	10792
result	prose_heavy	sqlite	raw	exact.p50_ns	5875
result	prose_heavy	sqlite	raw	exact.p95_ns	49042
result	prose_heavy	sqlite	raw	exact.p99_ns	121458
result	prose_heavy	sqlite	raw	prefix.p50_ns	475292
result	prose_heavy	sqlite	raw	prefix.p95_ns	1356334
result	prose_heavy	sqlite	raw	prefix.p99_ns	2117959
result	prose_heavy	sqlite	raw	render.p50_ns	21417
result	prose_heavy	sqlite	raw	render.p95_ns	125083
result	prose_heavy	sqlite	raw	render.p99_ns	425042
result	prose_heavy	sqlite	raw	exact.hit.p50_ns	5958
result	prose_heavy	sqlite	raw	exact.hit.p95_ns	50000
result	prose_heavy	sqlite	raw	exact.hit.p99_ns	121458
result	prose_heavy	sqlite	raw	exact.miss.p50_ns	5625
result	prose_heavy	sqlite	raw	exact.miss.p95_ns	31708
result	prose_heavy	sqlite	raw	exact.miss.p99_ns	117375
result	prose_heavy	sqlite	raw	prefix.zero.p50_ns	56417
result	prose_heavy	sqlite	raw	prefix.zero.p95_ns	207875
result	prose_heavy	sqlite	raw	prefix.zero.p99_ns	556791
result	prose_heavy	sqlite	raw	prefix.one.p50_ns	68291
result	prose_heavy	sqlite	raw	prefix.one.p95_ns	187584
result	prose_heavy	sqlite	raw	prefix.one.p99_ns	524792
result	prose_heavy	sqlite	raw	prefix.many.p50_ns	638042
result	prose_heavy	sqlite	raw	prefix.many.p95_ns	1742583
result	prose_heavy	sqlite	raw	prefix.many.p99_ns	2195667
result	prose_heavy	sqlite	raw	prefix.pathological.p50_ns	-
result	prose_heavy	sqlite	raw	prefix.pathological.p95_ns	-
result	prose_heavy	sqlite	raw	prefix.pathological.p99_ns	-
result	prose_heavy	sqlite	zlib	artifact_bytes	98801
unavailable	prose_heavy	sqlite	zlib	reason	SQLite cannot seek compressed pages without a decompression staging policy
result	prose_heavy	sqlite	zstd	artifact_bytes	46173
unavailable	prose_heavy	sqlite	zstd	reason	SQLite cannot seek compressed pages without a decompression staging policy
result	prose_heavy	stardict	raw	artifact_bytes	10547609
result	prose_heavy	stardict	raw	build_ns	15294125
sample	prose_heavy	stardict	raw	open	0	3319541
sample	prose_heavy	stardict	raw	open	1	3145792
sample	prose_heavy	stardict	raw	open	2	2782792
sample	prose_heavy	stardict	raw	open	3	3675333
sample	prose_heavy	stardict	raw	open	4	3705541
sample	prose_heavy	stardict	raw	open	5	2378375
sample	prose_heavy	stardict	raw	open	6	2392208
sample	prose_heavy	stardict	raw	open	7	2415750
sample	prose_heavy	stardict	raw	open	8	2499667
sample	prose_heavy	stardict	raw	open	9	3581625
sample	prose_heavy	stardict	raw	open	10	3452750
sample	prose_heavy	stardict	raw	open	11	2837500
sample	prose_heavy	stardict	raw	open	12	2448083
sample	prose_heavy	stardict	raw	open	13	4210583
sample	prose_heavy	stardict	raw	open	14	4385375
sample	prose_heavy	stardict	raw	open	15	2430708
sample	prose_heavy	stardict	raw	open	16	2450084
sample	prose_heavy	stardict	raw	open	17	3210041
sample	prose_heavy	stardict	raw	open	18	2440500
sample	prose_heavy	stardict	raw	open	19	2687375
sample	prose_heavy	stardict	raw	open	20	3149292
sample	prose_heavy	stardict	raw	open	21	2848250
sample	prose_heavy	stardict	raw	open	22	2641000
sample	prose_heavy	stardict	raw	open	23	3839625
sample	prose_heavy	stardict	raw	open	24	2406417
result	prose_heavy	stardict	raw	open_ns	2837500
result	prose_heavy	stardict	raw	semantic_digest	11367502346538253063
result	prose_heavy	stardict	raw	query_checksum	4133005253181784452
result	prose_heavy	stardict	raw	outputs	1024875
result	prose_heavy	stardict	raw	logical_prose_bytes	10498986
sample	prose_heavy	stardict	raw	exact	0	1166
sample	prose_heavy	stardict	raw	exact	1	875
sample	prose_heavy	stardict	raw	exact	2	1209
sample	prose_heavy	stardict	raw	exact	3	583
sample	prose_heavy	stardict	raw	exact	4	1167
sample	prose_heavy	stardict	raw	exact	5	500
sample	prose_heavy	stardict	raw	exact	6	1000
sample	prose_heavy	stardict	raw	exact	7	709
sample	prose_heavy	stardict	raw	exact	8	1167
sample	prose_heavy	stardict	raw	exact	9	458
sample	prose_heavy	stardict	raw	exact	10	1042
sample	prose_heavy	stardict	raw	exact	11	458
sample	prose_heavy	stardict	raw	exact	12	958
sample	prose_heavy	stardict	raw	exact	13	500
sample	prose_heavy	stardict	raw	exact	14	1459
sample	prose_heavy	stardict	raw	exact	15	625
sample	prose_heavy	stardict	raw	exact	16	1042
sample	prose_heavy	stardict	raw	exact	17	375
sample	prose_heavy	stardict	raw	exact	18	1292
sample	prose_heavy	stardict	raw	exact	19	416
sample	prose_heavy	stardict	raw	exact	20	1500
sample	prose_heavy	stardict	raw	exact	21	417
sample	prose_heavy	stardict	raw	exact	22	1167
sample	prose_heavy	stardict	raw	exact	23	667
sample	prose_heavy	stardict	raw	exact	24	1458
sample	prose_heavy	stardict	raw	exact	25	375
sample	prose_heavy	stardict	raw	exact	26	1542
sample	prose_heavy	stardict	raw	exact	27	458
sample	prose_heavy	stardict	raw	exact	28	1250
sample	prose_heavy	stardict	raw	exact	29	417
sample	prose_heavy	stardict	raw	exact	30	792
sample	prose_heavy	stardict	raw	exact	31	625
sample	prose_heavy	stardict	raw	exact	32	1041
sample	prose_heavy	stardict	raw	exact	33	458
sample	prose_heavy	stardict	raw	exact	34	875
sample	prose_heavy	stardict	raw	exact	35	500
sample	prose_heavy	stardict	raw	exact	36	833
sample	prose_heavy	stardict	raw	exact	37	417
sample	prose_heavy	stardict	raw	exact	38	750
sample	prose_heavy	stardict	raw	exact	39	583
sample	prose_heavy	stardict	raw	exact	40	791
sample	prose_heavy	stardict	raw	exact	41	375
sample	prose_heavy	stardict	raw	exact	42	875
sample	prose_heavy	stardict	raw	exact	43	417
sample	prose_heavy	stardict	raw	exact	44	667
sample	prose_heavy	stardict	raw	exact	45	459
sample	prose_heavy	stardict	raw	exact	46	875
sample	prose_heavy	stardict	raw	exact	47	542
sample	prose_heavy	stardict	raw	exact	48	1041
sample	prose_heavy	stardict	raw	exact	49	375
sample	prose_heavy	stardict	raw	exact	50	1000
sample	prose_heavy	stardict	raw	exact	51	458
sample	prose_heavy	stardict	raw	exact	52	1375
sample	prose_heavy	stardict	raw	exact	53	417
sample	prose_heavy	stardict	raw	exact	54	750
sample	prose_heavy	stardict	raw	exact	55	583
sample	prose_heavy	stardict	raw	exact	56	959
sample	prose_heavy	stardict	raw	exact	57	375
sample	prose_heavy	stardict	raw	exact	58	750
sample	prose_heavy	stardict	raw	exact	59	459
sample	prose_heavy	stardict	raw	exact	60	584
sample	prose_heavy	stardict	raw	exact	61	458
sample	prose_heavy	stardict	raw	exact	62	792
sample	prose_heavy	stardict	raw	exact	63	584
sample	prose_heavy	stardict	raw	exact	64	875
sample	prose_heavy	stardict	raw	exact	65	375
sample	prose_heavy	stardict	raw	exact	66	750
sample	prose_heavy	stardict	raw	exact	67	458
sample	prose_heavy	stardict	raw	exact	68	875
sample	prose_heavy	stardict	raw	exact	69	417
sample	prose_heavy	stardict	raw	exact	70	833
sample	prose_heavy	stardict	raw	exact	71	583
sample	prose_heavy	stardict	raw	exact	72	9791
sample	prose_heavy	stardict	raw	exact	73	2667
sample	prose_heavy	stardict	raw	exact	74	1708
sample	prose_heavy	stardict	raw	exact	75	916
sample	prose_heavy	stardict	raw	exact	76	1500
sample	prose_heavy	stardict	raw	exact	77	500
sample	prose_heavy	stardict	raw	exact	78	1584
sample	prose_heavy	stardict	raw	exact	79	959
sample	prose_heavy	stardict	raw	exact	80	1875
sample	prose_heavy	stardict	raw	exact	81	541
sample	prose_heavy	stardict	raw	exact	82	1334
sample	prose_heavy	stardict	raw	exact	83	3917
sample	prose_heavy	stardict	raw	exact	84	2875
sample	prose_heavy	stardict	raw	exact	85	917
sample	prose_heavy	stardict	raw	exact	86	2209
sample	prose_heavy	stardict	raw	exact	87	1583
sample	prose_heavy	stardict	raw	exact	88	2417
sample	prose_heavy	stardict	raw	exact	89	1334
sample	prose_heavy	stardict	raw	exact	90	2000
sample	prose_heavy	stardict	raw	exact	91	875
sample	prose_heavy	stardict	raw	exact	92	2709
sample	prose_heavy	stardict	raw	exact	93	916
sample	prose_heavy	stardict	raw	exact	94	6917
sample	prose_heavy	stardict	raw	exact	95	2834
sample	prose_heavy	stardict	raw	exact	96	2917
sample	prose_heavy	stardict	raw	exact	97	1833
sample	prose_heavy	stardict	raw	exact	98	2459
sample	prose_heavy	stardict	raw	exact	99	792
sample	prose_heavy	stardict	raw	exact	100	1500
sample	prose_heavy	stardict	raw	exact	101	500
sample	prose_heavy	stardict	raw	exact	102	1625
sample	prose_heavy	stardict	raw	exact	103	875
sample	prose_heavy	stardict	raw	exact	104	1625
sample	prose_heavy	stardict	raw	exact	105	625
sample	prose_heavy	stardict	raw	exact	106	1125
sample	prose_heavy	stardict	raw	exact	107	500
sample	prose_heavy	stardict	raw	exact	108	1250
sample	prose_heavy	stardict	raw	exact	109	417
sample	prose_heavy	stardict	raw	exact	110	1209
sample	prose_heavy	stardict	raw	exact	111	667
sample	prose_heavy	stardict	raw	exact	112	1583
sample	prose_heavy	stardict	raw	exact	113	458
sample	prose_heavy	stardict	raw	exact	114	1208
sample	prose_heavy	stardict	raw	exact	115	416
sample	prose_heavy	stardict	raw	exact	116	2750
sample	prose_heavy	stardict	raw	exact	117	625
sample	prose_heavy	stardict	raw	exact	118	1458
sample	prose_heavy	stardict	raw	exact	119	750
sample	prose_heavy	stardict	raw	exact	120	875
sample	prose_heavy	stardict	raw	exact	121	458
sample	prose_heavy	stardict	raw	exact	122	1125
sample	prose_heavy	stardict	raw	exact	123	541
sample	prose_heavy	stardict	raw	exact	124	1083
sample	prose_heavy	stardict	raw	exact	125	458
sample	prose_heavy	stardict	raw	exact	126	1792
sample	prose_heavy	stardict	raw	exact	127	667
sample	prose_heavy	stardict	raw	exact	128	1375
sample	prose_heavy	stardict	raw	exact	129	500
sample	prose_heavy	stardict	raw	exact	130	1250
sample	prose_heavy	stardict	raw	exact	131	542
sample	prose_heavy	stardict	raw	exact	132	875
sample	prose_heavy	stardict	raw	exact	133	458
sample	prose_heavy	stardict	raw	exact	134	1041
sample	prose_heavy	stardict	raw	exact	135	583
sample	prose_heavy	stardict	raw	exact	136	958
sample	prose_heavy	stardict	raw	exact	137	375
sample	prose_heavy	stardict	raw	exact	138	834
sample	prose_heavy	stardict	raw	exact	139	1083
sample	prose_heavy	stardict	raw	exact	140	1250
sample	prose_heavy	stardict	raw	exact	141	417
sample	prose_heavy	stardict	raw	exact	142	708
sample	prose_heavy	stardict	raw	exact	143	1291
sample	prose_heavy	stardict	raw	exact	144	1708
sample	prose_heavy	stardict	raw	exact	145	667
sample	prose_heavy	stardict	raw	exact	146	1750
sample	prose_heavy	stardict	raw	exact	147	458
sample	prose_heavy	stardict	raw	exact	148	1459
sample	prose_heavy	stardict	raw	exact	149	458
sample	prose_heavy	stardict	raw	exact	150	791
sample	prose_heavy	stardict	raw	exact	151	583
sample	prose_heavy	stardict	raw	exact	152	1167
sample	prose_heavy	stardict	raw	exact	153	375
sample	prose_heavy	stardict	raw	exact	154	1125
sample	prose_heavy	stardict	raw	exact	155	458
sample	prose_heavy	stardict	raw	exact	156	1375
sample	prose_heavy	stardict	raw	exact	157	417
sample	prose_heavy	stardict	raw	exact	158	1083
sample	prose_heavy	stardict	raw	exact	159	583
sample	prose_heavy	stardict	raw	exact	160	1292
sample	prose_heavy	stardict	raw	exact	161	375
sample	prose_heavy	stardict	raw	exact	162	1166
sample	prose_heavy	stardict	raw	exact	163	375
sample	prose_heavy	stardict	raw	exact	164	2375
sample	prose_heavy	stardict	raw	exact	165	458
sample	prose_heavy	stardict	raw	exact	166	1500
sample	prose_heavy	stardict	raw	exact	167	542
sample	prose_heavy	stardict	raw	exact	168	1042
sample	prose_heavy	stardict	raw	exact	169	417
sample	prose_heavy	stardict	raw	exact	170	1417
sample	prose_heavy	stardict	raw	exact	171	417
sample	prose_heavy	stardict	raw	exact	172	1667
sample	prose_heavy	stardict	raw	exact	173	458
sample	prose_heavy	stardict	raw	exact	174	1000
sample	prose_heavy	stardict	raw	exact	175	583
sample	prose_heavy	stardict	raw	exact	176	2709
sample	prose_heavy	stardict	raw	exact	177	334
sample	prose_heavy	stardict	raw	exact	178	791
sample	prose_heavy	stardict	raw	exact	179	458
sample	prose_heavy	stardict	raw	exact	180	709
sample	prose_heavy	stardict	raw	exact	181	459
sample	prose_heavy	stardict	raw	exact	182	1000
sample	prose_heavy	stardict	raw	exact	183	625
sample	prose_heavy	stardict	raw	exact	184	958
sample	prose_heavy	stardict	raw	exact	185	5375
sample	prose_heavy	stardict	raw	exact	186	2708
sample	prose_heavy	stardict	raw	exact	187	1375
sample	prose_heavy	stardict	raw	exact	188	1792
sample	prose_heavy	stardict	raw	exact	189	833
sample	prose_heavy	stardict	raw	exact	190	2042
sample	prose_heavy	stardict	raw	exact	191	2500
sample	prose_heavy	stardict	raw	exact	192	2959
sample	prose_heavy	stardict	raw	exact	193	1042
sample	prose_heavy	stardict	raw	exact	194	2083
sample	prose_heavy	stardict	raw	exact	195	1125
sample	prose_heavy	stardict	raw	exact	196	2167
sample	prose_heavy	stardict	raw	exact	197	875
sample	prose_heavy	stardict	raw	exact	198	2250
sample	prose_heavy	stardict	raw	exact	199	1292
sample	prose_heavy	stardict	raw	exact	200	2208
sample	prose_heavy	stardict	raw	exact	201	875
sample	prose_heavy	stardict	raw	exact	202	1833
sample	prose_heavy	stardict	raw	exact	203	875
sample	prose_heavy	stardict	raw	exact	204	1917
sample	prose_heavy	stardict	raw	exact	205	875
sample	prose_heavy	stardict	raw	exact	206	1959
sample	prose_heavy	stardict	raw	exact	207	1292
sample	prose_heavy	stardict	raw	exact	208	2667
sample	prose_heavy	stardict	raw	exact	209	875
sample	prose_heavy	stardict	raw	exact	210	1708
sample	prose_heavy	stardict	raw	exact	211	916
sample	prose_heavy	stardict	raw	exact	212	4583
sample	prose_heavy	stardict	raw	exact	213	958
sample	prose_heavy	stardict	raw	exact	214	2375
sample	prose_heavy	stardict	raw	exact	215	1291
sample	prose_heavy	stardict	raw	exact	216	6625
sample	prose_heavy	stardict	raw	exact	217	1334
sample	prose_heavy	stardict	raw	exact	218	1750
sample	prose_heavy	stardict	raw	exact	219	1459
sample	prose_heavy	stardict	raw	exact	220	2333
sample	prose_heavy	stardict	raw	exact	221	500
sample	prose_heavy	stardict	raw	exact	222	2250
sample	prose_heavy	stardict	raw	exact	223	958
sample	prose_heavy	stardict	raw	exact	224	1708
sample	prose_heavy	stardict	raw	exact	225	375
sample	prose_heavy	stardict	raw	exact	226	1708
sample	prose_heavy	stardict	raw	exact	227	459
sample	prose_heavy	stardict	raw	exact	228	1500
sample	prose_heavy	stardict	raw	exact	229	541
sample	prose_heavy	stardict	raw	exact	230	1541
sample	prose_heavy	stardict	raw	exact	231	1666
sample	prose_heavy	stardict	raw	exact	232	6625
sample	prose_heavy	stardict	raw	exact	233	2291
sample	prose_heavy	stardict	raw	exact	234	3708
sample	prose_heavy	stardict	raw	exact	235	1208
sample	prose_heavy	stardict	raw	exact	236	1500
sample	prose_heavy	stardict	raw	exact	237	417
sample	prose_heavy	stardict	raw	exact	238	1417
sample	prose_heavy	stardict	raw	exact	239	666
sample	prose_heavy	stardict	raw	exact	240	917
sample	prose_heavy	stardict	raw	exact	241	709
sample	prose_heavy	stardict	raw	exact	242	1250
sample	prose_heavy	stardict	raw	exact	243	458
sample	prose_heavy	stardict	raw	exact	244	1333
sample	prose_heavy	stardict	raw	exact	245	417
sample	prose_heavy	stardict	raw	exact	246	1375
sample	prose_heavy	stardict	raw	exact	247	583
sample	prose_heavy	stardict	raw	exact	248	1541
sample	prose_heavy	stardict	raw	exact	249	417
sample	prose_heavy	stardict	raw	exact	250	1417
sample	prose_heavy	stardict	raw	exact	251	458
sample	prose_heavy	stardict	raw	exact	252	1125
sample	prose_heavy	stardict	raw	exact	253	458
sample	prose_heavy	stardict	raw	exact	254	1375
sample	prose_heavy	stardict	raw	exact	255	625
sample	prose_heavy	stardict	raw	exact	256	1417
sample	prose_heavy	stardict	raw	exact	257	416
sample	prose_heavy	stardict	raw	exact	258	1084
sample	prose_heavy	stardict	raw	exact	259	458
sample	prose_heavy	stardict	raw	exact	260	1125
sample	prose_heavy	stardict	raw	exact	261	458
sample	prose_heavy	stardict	raw	exact	262	1333
sample	prose_heavy	stardict	raw	exact	263	625
sample	prose_heavy	stardict	raw	exact	264	1292
sample	prose_heavy	stardict	raw	exact	265	375
sample	prose_heavy	stardict	raw	exact	266	833
sample	prose_heavy	stardict	raw	exact	267	458
sample	prose_heavy	stardict	raw	exact	268	875
sample	prose_heavy	stardict	raw	exact	269	417
sample	prose_heavy	stardict	raw	exact	270	916
sample	prose_heavy	stardict	raw	exact	271	583
sample	prose_heavy	stardict	raw	exact	272	1333
sample	prose_heavy	stardict	raw	exact	273	375
sample	prose_heavy	stardict	raw	exact	274	750
sample	prose_heavy	stardict	raw	exact	275	458
sample	prose_heavy	stardict	raw	exact	276	1125
sample	prose_heavy	stardict	raw	exact	277	458
sample	prose_heavy	stardict	raw	exact	278	834
sample	prose_heavy	stardict	raw	exact	279	584
sample	prose_heavy	stardict	raw	exact	280	875
sample	prose_heavy	stardict	raw	exact	281	375
sample	prose_heavy	stardict	raw	exact	282	833
sample	prose_heavy	stardict	raw	exact	283	459
sample	prose_heavy	stardict	raw	exact	284	833
sample	prose_heavy	stardict	raw	exact	285	458
sample	prose_heavy	stardict	raw	exact	286	875
sample	prose_heavy	stardict	raw	exact	287	583
sample	prose_heavy	stardict	raw	exact	288	1000
sample	prose_heavy	stardict	raw	exact	289	375
sample	prose_heavy	stardict	raw	exact	290	1042
sample	prose_heavy	stardict	raw	exact	291	458
sample	prose_heavy	stardict	raw	exact	292	834
sample	prose_heavy	stardict	raw	exact	293	459
sample	prose_heavy	stardict	raw	exact	294	792
sample	prose_heavy	stardict	raw	exact	295	541
sample	prose_heavy	stardict	raw	exact	296	917
sample	prose_heavy	stardict	raw	exact	297	417
sample	prose_heavy	stardict	raw	exact	298	750
sample	prose_heavy	stardict	raw	exact	299	458
sample	prose_heavy	stardict	raw	exact	300	667
sample	prose_heavy	stardict	raw	exact	301	459
sample	prose_heavy	stardict	raw	exact	302	958
sample	prose_heavy	stardict	raw	exact	303	541
sample	prose_heavy	stardict	raw	exact	304	1250
sample	prose_heavy	stardict	raw	exact	305	375
sample	prose_heavy	stardict	raw	exact	306	750
sample	prose_heavy	stardict	raw	exact	307	500
sample	prose_heavy	stardict	raw	exact	308	750
sample	prose_heavy	stardict	raw	exact	309	417
sample	prose_heavy	stardict	raw	exact	310	875
sample	prose_heavy	stardict	raw	exact	311	583
sample	prose_heavy	stardict	raw	exact	312	709
sample	prose_heavy	stardict	raw	exact	313	375
sample	prose_heavy	stardict	raw	exact	314	833
sample	prose_heavy	stardict	raw	exact	315	458
sample	prose_heavy	stardict	raw	exact	316	833
sample	prose_heavy	stardict	raw	exact	317	417
sample	prose_heavy	stardict	raw	exact	318	666
sample	prose_heavy	stardict	raw	exact	319	2667
sample	prose_heavy	stardict	raw	exact	320	1791
sample	prose_heavy	stardict	raw	exact	321	500
sample	prose_heavy	stardict	raw	exact	322	7583
sample	prose_heavy	stardict	raw	exact	323	2042
sample	prose_heavy	stardict	raw	exact	324	6167
sample	prose_heavy	stardict	raw	exact	325	2250
sample	prose_heavy	stardict	raw	exact	326	7541
sample	prose_heavy	stardict	raw	exact	327	2375
sample	prose_heavy	stardict	raw	exact	328	2833
sample	prose_heavy	stardict	raw	exact	329	1584
sample	prose_heavy	stardict	raw	exact	330	2417
sample	prose_heavy	stardict	raw	exact	331	917
sample	prose_heavy	stardict	raw	exact	332	2833
sample	prose_heavy	stardict	raw	exact	333	917
sample	prose_heavy	stardict	raw	exact	334	2291
sample	prose_heavy	stardict	raw	exact	335	875
sample	prose_heavy	stardict	raw	exact	336	1209
sample	prose_heavy	stardict	raw	exact	337	666
sample	prose_heavy	stardict	raw	exact	338	959
sample	prose_heavy	stardict	raw	exact	339	458
sample	prose_heavy	stardict	raw	exact	340	1333
sample	prose_heavy	stardict	raw	exact	341	458
sample	prose_heavy	stardict	raw	exact	342	1250
sample	prose_heavy	stardict	raw	exact	343	542
sample	prose_heavy	stardict	raw	exact	344	1125
sample	prose_heavy	stardict	raw	exact	345	375
sample	prose_heavy	stardict	raw	exact	346	1542
sample	prose_heavy	stardict	raw	exact	347	458
sample	prose_heavy	stardict	raw	exact	348	1083
sample	prose_heavy	stardict	raw	exact	349	417
sample	prose_heavy	stardict	raw	exact	350	1166
sample	prose_heavy	stardict	raw	exact	351	583
sample	prose_heavy	stardict	raw	exact	352	1375
sample	prose_heavy	stardict	raw	exact	353	459
sample	prose_heavy	stardict	raw	exact	354	1458
sample	prose_heavy	stardict	raw	exact	355	458
sample	prose_heavy	stardict	raw	exact	356	875
sample	prose_heavy	stardict	raw	exact	357	417
sample	prose_heavy	stardict	raw	exact	358	1042
sample	prose_heavy	stardict	raw	exact	359	583
sample	prose_heavy	stardict	raw	exact	360	1417
sample	prose_heavy	stardict	raw	exact	361	542
sample	prose_heavy	stardict	raw	exact	362	1209
sample	prose_heavy	stardict	raw	exact	363	500
sample	prose_heavy	stardict	raw	exact	364	917
sample	prose_heavy	stardict	raw	exact	365	500
sample	prose_heavy	stardict	raw	exact	366	833
sample	prose_heavy	stardict	raw	exact	367	708
sample	prose_heavy	stardict	raw	exact	368	1166
sample	prose_heavy	stardict	raw	exact	369	416
sample	prose_heavy	stardict	raw	exact	370	1167
sample	prose_heavy	stardict	raw	exact	371	5125
sample	prose_heavy	stardict	raw	exact	372	3000
sample	prose_heavy	stardict	raw	exact	373	1333
sample	prose_heavy	stardict	raw	exact	374	2083
sample	prose_heavy	stardict	raw	exact	375	2416
sample	prose_heavy	stardict	raw	exact	376	2125
sample	prose_heavy	stardict	raw	exact	377	417
sample	prose_heavy	stardict	raw	exact	378	917
sample	prose_heavy	stardict	raw	exact	379	875
sample	prose_heavy	stardict	raw	exact	380	1542
sample	prose_heavy	stardict	raw	exact	381	459
sample	prose_heavy	stardict	raw	exact	382	958
sample	prose_heavy	stardict	raw	exact	383	792
sample	prose_heavy	stardict	raw	exact	384	1083
sample	prose_heavy	stardict	raw	exact	385	417
sample	prose_heavy	stardict	raw	exact	386	916
sample	prose_heavy	stardict	raw	exact	387	416
sample	prose_heavy	stardict	raw	exact	388	917
sample	prose_heavy	stardict	raw	exact	389	417
sample	prose_heavy	stardict	raw	exact	390	916
sample	prose_heavy	stardict	raw	exact	391	584
sample	prose_heavy	stardict	raw	exact	392	1125
sample	prose_heavy	stardict	raw	exact	393	416
sample	prose_heavy	stardict	raw	exact	394	1041
sample	prose_heavy	stardict	raw	exact	395	417
sample	prose_heavy	stardict	raw	exact	396	1083
sample	prose_heavy	stardict	raw	exact	397	458
sample	prose_heavy	stardict	raw	exact	398	958
sample	prose_heavy	stardict	raw	exact	399	584
sample	prose_heavy	stardict	raw	exact	400	1458
sample	prose_heavy	stardict	raw	exact	401	375
sample	prose_heavy	stardict	raw	exact	402	1000
sample	prose_heavy	stardict	raw	exact	403	416
sample	prose_heavy	stardict	raw	exact	404	1125
sample	prose_heavy	stardict	raw	exact	405	417
sample	prose_heavy	stardict	raw	exact	406	1084
sample	prose_heavy	stardict	raw	exact	407	583
sample	prose_heavy	stardict	raw	exact	408	917
sample	prose_heavy	stardict	raw	exact	409	375
sample	prose_heavy	stardict	raw	exact	410	792
sample	prose_heavy	stardict	raw	exact	411	459
sample	prose_heavy	stardict	raw	exact	412	917
sample	prose_heavy	stardict	raw	exact	413	416
sample	prose_heavy	stardict	raw	exact	414	916
sample	prose_heavy	stardict	raw	exact	415	584
sample	prose_heavy	stardict	raw	exact	416	1042
sample	prose_heavy	stardict	raw	exact	417	334
sample	prose_heavy	stardict	raw	exact	418	709
sample	prose_heavy	stardict	raw	exact	419	458
sample	prose_heavy	stardict	raw	exact	420	666
sample	prose_heavy	stardict	raw	exact	421	458
sample	prose_heavy	stardict	raw	exact	422	750
sample	prose_heavy	stardict	raw	exact	423	583
sample	prose_heavy	stardict	raw	exact	424	667
sample	prose_heavy	stardict	raw	exact	425	375
sample	prose_heavy	stardict	raw	exact	426	875
sample	prose_heavy	stardict	raw	exact	427	500
sample	prose_heavy	stardict	raw	exact	428	791
sample	prose_heavy	stardict	raw	exact	429	458
sample	prose_heavy	stardict	raw	exact	430	958
sample	prose_heavy	stardict	raw	exact	431	708
sample	prose_heavy	stardict	raw	exact	432	1417
sample	prose_heavy	stardict	raw	exact	433	458
sample	prose_heavy	stardict	raw	exact	434	1167
sample	prose_heavy	stardict	raw	exact	435	542
sample	prose_heavy	stardict	raw	exact	436	917
sample	prose_heavy	stardict	raw	exact	437	375
sample	prose_heavy	stardict	raw	exact	438	833
sample	prose_heavy	stardict	raw	exact	439	1708
sample	prose_heavy	stardict	raw	exact	440	917
sample	prose_heavy	stardict	raw	exact	441	416
sample	prose_heavy	stardict	raw	exact	442	1042
sample	prose_heavy	stardict	raw	exact	443	458
sample	prose_heavy	stardict	raw	exact	444	958
sample	prose_heavy	stardict	raw	exact	445	459
sample	prose_heavy	stardict	raw	exact	446	875
sample	prose_heavy	stardict	raw	exact	447	667
sample	prose_heavy	stardict	raw	exact	448	1167
sample	prose_heavy	stardict	raw	exact	449	416
sample	prose_heavy	stardict	raw	exact	450	792
sample	prose_heavy	stardict	raw	exact	451	459
sample	prose_heavy	stardict	raw	exact	452	875
sample	prose_heavy	stardict	raw	exact	453	459
sample	prose_heavy	stardict	raw	exact	454	916
sample	prose_heavy	stardict	raw	exact	455	750
sample	prose_heavy	stardict	raw	exact	456	1042
sample	prose_heavy	stardict	raw	exact	457	542
sample	prose_heavy	stardict	raw	exact	458	875
sample	prose_heavy	stardict	raw	exact	459	500
sample	prose_heavy	stardict	raw	exact	460	1125
sample	prose_heavy	stardict	raw	exact	461	459
sample	prose_heavy	stardict	raw	exact	462	792
sample	prose_heavy	stardict	raw	exact	463	18625
sample	prose_heavy	stardict	raw	exact	464	1834
sample	prose_heavy	stardict	raw	exact	465	500
sample	prose_heavy	stardict	raw	exact	466	958
sample	prose_heavy	stardict	raw	exact	467	541
sample	prose_heavy	stardict	raw	exact	468	4500
sample	prose_heavy	stardict	raw	exact	469	1167
sample	prose_heavy	stardict	raw	exact	470	1083
sample	prose_heavy	stardict	raw	exact	471	625
sample	prose_heavy	stardict	raw	exact	472	916
sample	prose_heavy	stardict	raw	exact	473	458
sample	prose_heavy	stardict	raw	exact	474	917
sample	prose_heavy	stardict	raw	exact	475	500
sample	prose_heavy	stardict	raw	exact	476	833
sample	prose_heavy	stardict	raw	exact	477	4084
sample	prose_heavy	stardict	raw	exact	478	2792
sample	prose_heavy	stardict	raw	exact	479	1666
sample	prose_heavy	stardict	raw	exact	480	1875
sample	prose_heavy	stardict	raw	exact	481	792
sample	prose_heavy	stardict	raw	exact	482	1000
sample	prose_heavy	stardict	raw	exact	483	583
sample	prose_heavy	stardict	raw	exact	484	917
sample	prose_heavy	stardict	raw	exact	485	417
sample	prose_heavy	stardict	raw	exact	486	1083
sample	prose_heavy	stardict	raw	exact	487	584
sample	prose_heavy	stardict	raw	exact	488	875
sample	prose_heavy	stardict	raw	exact	489	416
sample	prose_heavy	stardict	raw	exact	490	1042
sample	prose_heavy	stardict	raw	exact	491	417
sample	prose_heavy	stardict	raw	exact	492	875
sample	prose_heavy	stardict	raw	exact	493	458
sample	prose_heavy	stardict	raw	exact	494	1041
sample	prose_heavy	stardict	raw	exact	495	583
sample	prose_heavy	stardict	raw	exact	496	1167
sample	prose_heavy	stardict	raw	exact	497	500
sample	prose_heavy	stardict	raw	exact	498	1083
sample	prose_heavy	stardict	raw	exact	499	3708
sample	prose_heavy	stardict	raw	exact	500	5959
sample	prose_heavy	stardict	raw	exact	501	958
sample	prose_heavy	stardict	raw	exact	502	1125
sample	prose_heavy	stardict	raw	exact	503	666
sample	prose_heavy	stardict	raw	exact	504	1042
sample	prose_heavy	stardict	raw	exact	505	500
sample	prose_heavy	stardict	raw	exact	506	875
sample	prose_heavy	stardict	raw	exact	507	500
sample	prose_heavy	stardict	raw	exact	508	1250
sample	prose_heavy	stardict	raw	exact	509	875
sample	prose_heavy	stardict	raw	exact	510	1541
sample	prose_heavy	stardict	raw	exact	511	750
sample	prose_heavy	stardict	raw	exact	512	1167
sample	prose_heavy	stardict	raw	exact	513	417
sample	prose_heavy	stardict	raw	exact	514	750
sample	prose_heavy	stardict	raw	exact	515	458
sample	prose_heavy	stardict	raw	exact	516	1000
sample	prose_heavy	stardict	raw	exact	517	375
sample	prose_heavy	stardict	raw	exact	518	917
sample	prose_heavy	stardict	raw	exact	519	791
sample	prose_heavy	stardict	raw	exact	520	1084
sample	prose_heavy	stardict	raw	exact	521	458
sample	prose_heavy	stardict	raw	exact	522	958
sample	prose_heavy	stardict	raw	exact	523	458
sample	prose_heavy	stardict	raw	exact	524	1042
sample	prose_heavy	stardict	raw	exact	525	417
sample	prose_heavy	stardict	raw	exact	526	1292
sample	prose_heavy	stardict	raw	exact	527	584
sample	prose_heavy	stardict	raw	exact	528	1334
sample	prose_heavy	stardict	raw	exact	529	375
sample	prose_heavy	stardict	raw	exact	530	1250
sample	prose_heavy	stardict	raw	exact	531	458
sample	prose_heavy	stardict	raw	exact	532	1000
sample	prose_heavy	stardict	raw	exact	533	458
sample	prose_heavy	stardict	raw	exact	534	708
sample	prose_heavy	stardict	raw	exact	535	583
sample	prose_heavy	stardict	raw	exact	536	834
sample	prose_heavy	stardict	raw	exact	537	416
sample	prose_heavy	stardict	raw	exact	538	916
sample	prose_heavy	stardict	raw	exact	539	459
sample	prose_heavy	stardict	raw	exact	540	1083
sample	prose_heavy	stardict	raw	exact	541	417
sample	prose_heavy	stardict	raw	exact	542	1083
sample	prose_heavy	stardict	raw	exact	543	625
sample	prose_heavy	stardict	raw	exact	544	917
sample	prose_heavy	stardict	raw	exact	545	417
sample	prose_heavy	stardict	raw	exact	546	1042
sample	prose_heavy	stardict	raw	exact	547	458
sample	prose_heavy	stardict	raw	exact	548	666
sample	prose_heavy	stardict	raw	exact	549	417
sample	prose_heavy	stardict	raw	exact	550	958
sample	prose_heavy	stardict	raw	exact	551	625
sample	prose_heavy	stardict	raw	exact	552	833
sample	prose_heavy	stardict	raw	exact	553	375
sample	prose_heavy	stardict	raw	exact	554	875
sample	prose_heavy	stardict	raw	exact	555	458
sample	prose_heavy	stardict	raw	exact	556	875
sample	prose_heavy	stardict	raw	exact	557	417
sample	prose_heavy	stardict	raw	exact	558	1042
sample	prose_heavy	stardict	raw	exact	559	542
sample	prose_heavy	stardict	raw	exact	560	1333
sample	prose_heavy	stardict	raw	exact	561	416
sample	prose_heavy	stardict	raw	exact	562	875
sample	prose_heavy	stardict	raw	exact	563	458
sample	prose_heavy	stardict	raw	exact	564	792
sample	prose_heavy	stardict	raw	exact	565	417
sample	prose_heavy	stardict	raw	exact	566	792
sample	prose_heavy	stardict	raw	exact	567	583
sample	prose_heavy	stardict	raw	exact	568	834
sample	prose_heavy	stardict	raw	exact	569	375
sample	prose_heavy	stardict	raw	exact	570	667
sample	prose_heavy	stardict	raw	exact	571	458
sample	prose_heavy	stardict	raw	exact	572	1125
sample	prose_heavy	stardict	raw	exact	573	416
sample	prose_heavy	stardict	raw	exact	574	583
sample	prose_heavy	stardict	raw	exact	575	583
sample	prose_heavy	stardict	raw	exact	576	1209
sample	prose_heavy	stardict	raw	exact	577	458
sample	prose_heavy	stardict	raw	exact	578	1000
sample	prose_heavy	stardict	raw	exact	579	500
sample	prose_heavy	stardict	raw	exact	580	1250
sample	prose_heavy	stardict	raw	exact	581	500
sample	prose_heavy	stardict	raw	exact	582	875
sample	prose_heavy	stardict	raw	exact	583	542
sample	prose_heavy	stardict	raw	exact	584	667
sample	prose_heavy	stardict	raw	exact	585	375
sample	prose_heavy	stardict	raw	exact	586	791
sample	prose_heavy	stardict	raw	exact	587	459
sample	prose_heavy	stardict	raw	exact	588	750
sample	prose_heavy	stardict	raw	exact	589	417
sample	prose_heavy	stardict	raw	exact	590	875
sample	prose_heavy	stardict	raw	exact	591	584
sample	prose_heavy	stardict	raw	exact	592	1209
sample	prose_heavy	stardict	raw	exact	593	417
sample	prose_heavy	stardict	raw	exact	594	625
sample	prose_heavy	stardict	raw	exact	595	958
sample	prose_heavy	stardict	raw	exact	596	708
sample	prose_heavy	stardict	raw	exact	597	416
sample	prose_heavy	stardict	raw	exact	598	1041
sample	prose_heavy	stardict	raw	exact	599	916
sample	prose_heavy	stardict	raw	exact	600	1000
sample	prose_heavy	stardict	raw	exact	601	417
sample	prose_heavy	stardict	raw	exact	602	792
sample	prose_heavy	stardict	raw	exact	603	417
sample	prose_heavy	stardict	raw	exact	604	625
sample	prose_heavy	stardict	raw	exact	605	416
sample	prose_heavy	stardict	raw	exact	606	875
sample	prose_heavy	stardict	raw	exact	607	542
sample	prose_heavy	stardict	raw	exact	608	1500
sample	prose_heavy	stardict	raw	exact	609	417
sample	prose_heavy	stardict	raw	exact	610	1000
sample	prose_heavy	stardict	raw	exact	611	459
sample	prose_heavy	stardict	raw	exact	612	958
sample	prose_heavy	stardict	raw	exact	613	459
sample	prose_heavy	stardict	raw	exact	614	1000
sample	prose_heavy	stardict	raw	exact	615	625
sample	prose_heavy	stardict	raw	exact	616	959
sample	prose_heavy	stardict	raw	exact	617	416
sample	prose_heavy	stardict	raw	exact	618	1042
sample	prose_heavy	stardict	raw	exact	619	458
sample	prose_heavy	stardict	raw	exact	620	1041
sample	prose_heavy	stardict	raw	exact	621	541
sample	prose_heavy	stardict	raw	exact	622	833
sample	prose_heavy	stardict	raw	exact	623	583
sample	prose_heavy	stardict	raw	exact	624	6625
sample	prose_heavy	stardict	raw	exact	625	1584
sample	prose_heavy	stardict	raw	exact	626	1459
sample	prose_heavy	stardict	raw	exact	627	625
sample	prose_heavy	stardict	raw	exact	628	875
sample	prose_heavy	stardict	raw	exact	629	459
sample	prose_heavy	stardict	raw	exact	630	1166
sample	prose_heavy	stardict	raw	exact	631	875
sample	prose_heavy	stardict	raw	exact	632	917
sample	prose_heavy	stardict	raw	exact	633	500
sample	prose_heavy	stardict	raw	exact	634	1000
sample	prose_heavy	stardict	raw	exact	635	542
sample	prose_heavy	stardict	raw	exact	636	1375
sample	prose_heavy	stardict	raw	exact	637	583
sample	prose_heavy	stardict	raw	exact	638	1166
sample	prose_heavy	stardict	raw	exact	639	750
sample	prose_heavy	stardict	raw	exact	640	1041
sample	prose_heavy	stardict	raw	exact	641	417
sample	prose_heavy	stardict	raw	exact	642	958
sample	prose_heavy	stardict	raw	exact	643	459
sample	prose_heavy	stardict	raw	exact	644	833
sample	prose_heavy	stardict	raw	exact	645	458
sample	prose_heavy	stardict	raw	exact	646	1042
sample	prose_heavy	stardict	raw	exact	647	666
sample	prose_heavy	stardict	raw	exact	648	1084
sample	prose_heavy	stardict	raw	exact	649	417
sample	prose_heavy	stardict	raw	exact	650	1208
sample	prose_heavy	stardict	raw	exact	651	459
sample	prose_heavy	stardict	raw	exact	652	1166
sample	prose_heavy	stardict	raw	exact	653	458
sample	prose_heavy	stardict	raw	exact	654	958
sample	prose_heavy	stardict	raw	exact	655	625
sample	prose_heavy	stardict	raw	exact	656	1500
sample	prose_heavy	stardict	raw	exact	657	417
sample	prose_heavy	stardict	raw	exact	658	791
sample	prose_heavy	stardict	raw	exact	659	458
sample	prose_heavy	stardict	raw	exact	660	792
sample	prose_heavy	stardict	raw	exact	661	459
sample	prose_heavy	stardict	raw	exact	662	875
sample	prose_heavy	stardict	raw	exact	663	583
sample	prose_heavy	stardict	raw	exact	664	750
sample	prose_heavy	stardict	raw	exact	665	500
sample	prose_heavy	stardict	raw	exact	666	750
sample	prose_heavy	stardict	raw	exact	667	458
sample	prose_heavy	stardict	raw	exact	668	792
sample	prose_heavy	stardict	raw	exact	669	417
sample	prose_heavy	stardict	raw	exact	670	917
sample	prose_heavy	stardict	raw	exact	671	8625
sample	prose_heavy	stardict	raw	exact	672	1084
sample	prose_heavy	stardict	raw	exact	673	416
sample	prose_heavy	stardict	raw	exact	674	875
sample	prose_heavy	stardict	raw	exact	675	458
sample	prose_heavy	stardict	raw	exact	676	792
sample	prose_heavy	stardict	raw	exact	677	417
sample	prose_heavy	stardict	raw	exact	678	667
sample	prose_heavy	stardict	raw	exact	679	542
sample	prose_heavy	stardict	raw	exact	680	875
sample	prose_heavy	stardict	raw	exact	681	417
sample	prose_heavy	stardict	raw	exact	682	958
sample	prose_heavy	stardict	raw	exact	683	458
sample	prose_heavy	stardict	raw	exact	684	1125
sample	prose_heavy	stardict	raw	exact	685	500
sample	prose_heavy	stardict	raw	exact	686	1125
sample	prose_heavy	stardict	raw	exact	687	583
sample	prose_heavy	stardict	raw	exact	688	1584
sample	prose_heavy	stardict	raw	exact	689	417
sample	prose_heavy	stardict	raw	exact	690	6500
sample	prose_heavy	stardict	raw	exact	691	1292
sample	prose_heavy	stardict	raw	exact	692	1208
sample	prose_heavy	stardict	raw	exact	693	459
sample	prose_heavy	stardict	raw	exact	694	834
sample	prose_heavy	stardict	raw	exact	695	1583
sample	prose_heavy	stardict	raw	exact	696	1625
sample	prose_heavy	stardict	raw	exact	697	916
sample	prose_heavy	stardict	raw	exact	698	1375
sample	prose_heavy	stardict	raw	exact	699	625
sample	prose_heavy	stardict	raw	exact	700	1958
sample	prose_heavy	stardict	raw	exact	701	458
sample	prose_heavy	stardict	raw	exact	702	1500
sample	prose_heavy	stardict	raw	exact	703	500
sample	prose_heavy	stardict	raw	exact	704	1458
sample	prose_heavy	stardict	raw	exact	705	375
sample	prose_heavy	stardict	raw	exact	706	1292
sample	prose_heavy	stardict	raw	exact	707	541
sample	prose_heavy	stardict	raw	exact	708	1541
sample	prose_heavy	stardict	raw	exact	709	417
sample	prose_heavy	stardict	raw	exact	710	1208
sample	prose_heavy	stardict	raw	exact	711	542
sample	prose_heavy	stardict	raw	exact	712	1542
sample	prose_heavy	stardict	raw	exact	713	417
sample	prose_heavy	stardict	raw	exact	714	1333
sample	prose_heavy	stardict	raw	exact	715	416
sample	prose_heavy	stardict	raw	exact	716	1041
sample	prose_heavy	stardict	raw	exact	717	458
sample	prose_heavy	stardict	raw	exact	718	1208
sample	prose_heavy	stardict	raw	exact	719	583
sample	prose_heavy	stardict	raw	exact	720	1375
sample	prose_heavy	stardict	raw	exact	721	417
sample	prose_heavy	stardict	raw	exact	722	1250
sample	prose_heavy	stardict	raw	exact	723	458
sample	prose_heavy	stardict	raw	exact	724	1125
sample	prose_heavy	stardict	raw	exact	725	417
sample	prose_heavy	stardict	raw	exact	726	833
sample	prose_heavy	stardict	raw	exact	727	541
sample	prose_heavy	stardict	raw	exact	728	792
sample	prose_heavy	stardict	raw	exact	729	458
sample	prose_heavy	stardict	raw	exact	730	1000
sample	prose_heavy	stardict	raw	exact	731	458
sample	prose_heavy	stardict	raw	exact	732	833
sample	prose_heavy	stardict	raw	exact	733	458
sample	prose_heavy	stardict	raw	exact	734	8500
sample	prose_heavy	stardict	raw	exact	735	1292
sample	prose_heavy	stardict	raw	exact	736	4875
sample	prose_heavy	stardict	raw	exact	737	1500
sample	prose_heavy	stardict	raw	exact	738	1250
sample	prose_heavy	stardict	raw	exact	739	584
sample	prose_heavy	stardict	raw	exact	740	1625
sample	prose_heavy	stardict	raw	exact	741	458
sample	prose_heavy	stardict	raw	exact	742	1375
sample	prose_heavy	stardict	raw	exact	743	625
sample	prose_heavy	stardict	raw	exact	744	1167
sample	prose_heavy	stardict	raw	exact	745	417
sample	prose_heavy	stardict	raw	exact	746	1250
sample	prose_heavy	stardict	raw	exact	747	459
sample	prose_heavy	stardict	raw	exact	748	917
sample	prose_heavy	stardict	raw	exact	749	416
sample	prose_heavy	stardict	raw	exact	750	1041
sample	prose_heavy	stardict	raw	exact	751	583
sample	prose_heavy	stardict	raw	exact	752	1583
sample	prose_heavy	stardict	raw	exact	753	416
sample	prose_heavy	stardict	raw	exact	754	1292
sample	prose_heavy	stardict	raw	exact	755	500
sample	prose_heavy	stardict	raw	exact	756	7000
sample	prose_heavy	stardict	raw	exact	757	1958
sample	prose_heavy	stardict	raw	exact	758	2541
sample	prose_heavy	stardict	raw	exact	759	1791
sample	prose_heavy	stardict	raw	exact	760	2083
sample	prose_heavy	stardict	raw	exact	761	1125
sample	prose_heavy	stardict	raw	exact	762	2209
sample	prose_heavy	stardict	raw	exact	763	958
sample	prose_heavy	stardict	raw	exact	764	2125
sample	prose_heavy	stardict	raw	exact	765	833
sample	prose_heavy	stardict	raw	exact	766	2125
sample	prose_heavy	stardict	raw	exact	767	8542
sample	prose_heavy	stardict	raw	exact	768	3375
sample	prose_heavy	stardict	raw	exact	769	2333
sample	prose_heavy	stardict	raw	exact	770	4208
sample	prose_heavy	stardict	raw	exact	771	1459
sample	prose_heavy	stardict	raw	exact	772	2708
sample	prose_heavy	stardict	raw	exact	773	958
sample	prose_heavy	stardict	raw	exact	774	2667
sample	prose_heavy	stardict	raw	exact	775	2667
sample	prose_heavy	stardict	raw	exact	776	3084
sample	prose_heavy	stardict	raw	exact	777	1625
sample	prose_heavy	stardict	raw	exact	778	2833
sample	prose_heavy	stardict	raw	exact	779	1167
sample	prose_heavy	stardict	raw	exact	780	2667
sample	prose_heavy	stardict	raw	exact	781	2292
sample	prose_heavy	stardict	raw	exact	782	2875
sample	prose_heavy	stardict	raw	exact	783	1792
sample	prose_heavy	stardict	raw	exact	784	2917
sample	prose_heavy	stardict	raw	exact	785	1625
sample	prose_heavy	stardict	raw	exact	786	3500
sample	prose_heavy	stardict	raw	exact	787	2500
sample	prose_heavy	stardict	raw	exact	788	2959
sample	prose_heavy	stardict	raw	exact	789	1750
sample	prose_heavy	stardict	raw	exact	790	4292
sample	prose_heavy	stardict	raw	exact	791	1042
sample	prose_heavy	stardict	raw	exact	792	1625
sample	prose_heavy	stardict	raw	exact	793	667
sample	prose_heavy	stardict	raw	exact	794	1916
sample	prose_heavy	stardict	raw	exact	795	542
sample	prose_heavy	stardict	raw	exact	796	1750
sample	prose_heavy	stardict	raw	exact	797	1084
sample	prose_heavy	stardict	raw	exact	798	1500
sample	prose_heavy	stardict	raw	exact	799	667
sample	prose_heavy	stardict	raw	exact	800	1500
sample	prose_heavy	stardict	raw	exact	801	458
sample	prose_heavy	stardict	raw	exact	802	1417
sample	prose_heavy	stardict	raw	exact	803	458
sample	prose_heavy	stardict	raw	exact	804	1583
sample	prose_heavy	stardict	raw	exact	805	458
sample	prose_heavy	stardict	raw	exact	806	1958
sample	prose_heavy	stardict	raw	exact	807	542
sample	prose_heavy	stardict	raw	exact	808	1125
sample	prose_heavy	stardict	raw	exact	809	417
sample	prose_heavy	stardict	raw	exact	810	1459
sample	prose_heavy	stardict	raw	exact	811	458
sample	prose_heavy	stardict	raw	exact	812	1334
sample	prose_heavy	stardict	raw	exact	813	417
sample	prose_heavy	stardict	raw	exact	814	1167
sample	prose_heavy	stardict	raw	exact	815	7667
sample	prose_heavy	stardict	raw	exact	816	6042
sample	prose_heavy	stardict	raw	exact	817	1667
sample	prose_heavy	stardict	raw	exact	818	2500
sample	prose_heavy	stardict	raw	exact	819	1125
sample	prose_heavy	stardict	raw	exact	820	1584
sample	prose_heavy	stardict	raw	exact	821	500
sample	prose_heavy	stardict	raw	exact	822	1583
sample	prose_heavy	stardict	raw	exact	823	750
sample	prose_heavy	stardict	raw	exact	824	2208
sample	prose_heavy	stardict	raw	exact	825	541
sample	prose_heavy	stardict	raw	exact	826	1542
sample	prose_heavy	stardict	raw	exact	827	459
sample	prose_heavy	stardict	raw	exact	828	1250
sample	prose_heavy	stardict	raw	exact	829	500
sample	prose_heavy	stardict	raw	exact	830	1417
sample	prose_heavy	stardict	raw	exact	831	583
sample	prose_heavy	stardict	raw	exact	832	1708
sample	prose_heavy	stardict	raw	exact	833	416
sample	prose_heavy	stardict	raw	exact	834	9125
sample	prose_heavy	stardict	raw	exact	835	4625
sample	prose_heavy	stardict	raw	exact	836	4042
sample	prose_heavy	stardict	raw	exact	837	2500
sample	prose_heavy	stardict	raw	exact	838	3084
sample	prose_heavy	stardict	raw	exact	839	3458
sample	prose_heavy	stardict	raw	exact	840	3167
sample	prose_heavy	stardict	raw	exact	841	2209
sample	prose_heavy	stardict	raw	exact	842	4041
sample	prose_heavy	stardict	raw	exact	843	1541
sample	prose_heavy	stardict	raw	exact	844	3042
sample	prose_heavy	stardict	raw	exact	845	1125
sample	prose_heavy	stardict	raw	exact	846	6000
sample	prose_heavy	stardict	raw	exact	847	2375
sample	prose_heavy	stardict	raw	exact	848	2625
sample	prose_heavy	stardict	raw	exact	849	1084
sample	prose_heavy	stardict	raw	exact	850	2750
sample	prose_heavy	stardict	raw	exact	851	1458
sample	prose_heavy	stardict	raw	exact	852	3208
sample	prose_heavy	stardict	raw	exact	853	917
sample	prose_heavy	stardict	raw	exact	854	2333
sample	prose_heavy	stardict	raw	exact	855	1542
sample	prose_heavy	stardict	raw	exact	856	2917
sample	prose_heavy	stardict	raw	exact	857	1291
sample	prose_heavy	stardict	raw	exact	858	3541
sample	prose_heavy	stardict	raw	exact	859	1375
sample	prose_heavy	stardict	raw	exact	860	1584
sample	prose_heavy	stardict	raw	exact	861	542
sample	prose_heavy	stardict	raw	exact	862	1792
sample	prose_heavy	stardict	raw	exact	863	583
sample	prose_heavy	stardict	raw	exact	864	1500
sample	prose_heavy	stardict	raw	exact	865	542
sample	prose_heavy	stardict	raw	exact	866	1458
sample	prose_heavy	stardict	raw	exact	867	459
sample	prose_heavy	stardict	raw	exact	868	958
sample	prose_heavy	stardict	raw	exact	869	4375
sample	prose_heavy	stardict	raw	exact	870	3292
sample	prose_heavy	stardict	raw	exact	871	1583
sample	prose_heavy	stardict	raw	exact	872	2833
sample	prose_heavy	stardict	raw	exact	873	1333
sample	prose_heavy	stardict	raw	exact	874	4792
sample	prose_heavy	stardict	raw	exact	875	1500
sample	prose_heavy	stardict	raw	exact	876	2917
sample	prose_heavy	stardict	raw	exact	877	1166
sample	prose_heavy	stardict	raw	exact	878	2333
sample	prose_heavy	stardict	raw	exact	879	1292
sample	prose_heavy	stardict	raw	exact	880	9083
sample	prose_heavy	stardict	raw	exact	881	2125
sample	prose_heavy	stardict	raw	exact	882	3250
sample	prose_heavy	stardict	raw	exact	883	2250
sample	prose_heavy	stardict	raw	exact	884	2959
sample	prose_heavy	stardict	raw	exact	885	875
sample	prose_heavy	stardict	raw	exact	886	2792
sample	prose_heavy	stardict	raw	exact	887	1500
sample	prose_heavy	stardict	raw	exact	888	3084
sample	prose_heavy	stardict	raw	exact	889	1208
sample	prose_heavy	stardict	raw	exact	890	2708
sample	prose_heavy	stardict	raw	exact	891	792
sample	prose_heavy	stardict	raw	exact	892	2500
sample	prose_heavy	stardict	raw	exact	893	2583
sample	prose_heavy	stardict	raw	exact	894	2166
sample	prose_heavy	stardict	raw	exact	895	792
sample	prose_heavy	stardict	raw	exact	896	1459
sample	prose_heavy	stardict	raw	exact	897	500
sample	prose_heavy	stardict	raw	exact	898	1417
sample	prose_heavy	stardict	raw	exact	899	459
sample	prose_heavy	stardict	raw	exact	900	1167
sample	prose_heavy	stardict	raw	exact	901	417
sample	prose_heavy	stardict	raw	exact	902	12958
sample	prose_heavy	stardict	raw	exact	903	2541
sample	prose_heavy	stardict	raw	exact	904	2625
sample	prose_heavy	stardict	raw	exact	905	2209
sample	prose_heavy	stardict	raw	exact	906	2792
sample	prose_heavy	stardict	raw	exact	907	3916
sample	prose_heavy	stardict	raw	exact	908	4333
sample	prose_heavy	stardict	raw	exact	909	1542
sample	prose_heavy	stardict	raw	exact	910	4709
sample	prose_heavy	stardict	raw	exact	911	21708
sample	prose_heavy	stardict	raw	exact	912	4000
sample	prose_heavy	stardict	raw	exact	913	1583
sample	prose_heavy	stardict	raw	exact	914	2791
sample	prose_heavy	stardict	raw	exact	915	1458
sample	prose_heavy	stardict	raw	exact	916	2875
sample	prose_heavy	stardict	raw	exact	917	2208
sample	prose_heavy	stardict	raw	exact	918	1917
sample	prose_heavy	stardict	raw	exact	919	708
sample	prose_heavy	stardict	raw	exact	920	1750
sample	prose_heavy	stardict	raw	exact	921	709
sample	prose_heavy	stardict	raw	exact	922	1584
sample	prose_heavy	stardict	raw	exact	923	500
sample	prose_heavy	stardict	raw	exact	924	1541
sample	prose_heavy	stardict	raw	exact	925	375
sample	prose_heavy	stardict	raw	exact	926	1208
sample	prose_heavy	stardict	raw	exact	927	583
sample	prose_heavy	stardict	raw	exact	928	1583
sample	prose_heavy	stardict	raw	exact	929	375
sample	prose_heavy	stardict	raw	exact	930	1375
sample	prose_heavy	stardict	raw	exact	931	417
sample	prose_heavy	stardict	raw	exact	932	1541
sample	prose_heavy	stardict	raw	exact	933	458
sample	prose_heavy	stardict	raw	exact	934	1167
sample	prose_heavy	stardict	raw	exact	935	583
sample	prose_heavy	stardict	raw	exact	936	1625
sample	prose_heavy	stardict	raw	exact	937	417
sample	prose_heavy	stardict	raw	exact	938	1167
sample	prose_heavy	stardict	raw	exact	939	458
sample	prose_heavy	stardict	raw	exact	940	1167
sample	prose_heavy	stardict	raw	exact	941	458
sample	prose_heavy	stardict	raw	exact	942	1833
sample	prose_heavy	stardict	raw	exact	943	542
sample	prose_heavy	stardict	raw	exact	944	1208
sample	prose_heavy	stardict	raw	exact	945	375
sample	prose_heavy	stardict	raw	exact	946	917
sample	prose_heavy	stardict	raw	exact	947	458
sample	prose_heavy	stardict	raw	exact	948	666
sample	prose_heavy	stardict	raw	exact	949	417
sample	prose_heavy	stardict	raw	exact	950	750
sample	prose_heavy	stardict	raw	exact	951	583
sample	prose_heavy	stardict	raw	exact	952	791
sample	prose_heavy	stardict	raw	exact	953	458
sample	prose_heavy	stardict	raw	exact	954	792
sample	prose_heavy	stardict	raw	exact	955	458
sample	prose_heavy	stardict	raw	exact	956	834
sample	prose_heavy	stardict	raw	exact	957	542
sample	prose_heavy	stardict	raw	exact	958	834
sample	prose_heavy	stardict	raw	exact	959	583
sample	prose_heavy	stardict	raw	exact	960	792
sample	prose_heavy	stardict	raw	exact	961	416
sample	prose_heavy	stardict	raw	exact	962	959
sample	prose_heavy	stardict	raw	exact	963	458
sample	prose_heavy	stardict	raw	exact	964	1083
sample	prose_heavy	stardict	raw	exact	965	458
sample	prose_heavy	stardict	raw	exact	966	708
sample	prose_heavy	stardict	raw	exact	967	583
sample	prose_heavy	stardict	raw	exact	968	875
sample	prose_heavy	stardict	raw	exact	969	417
sample	prose_heavy	stardict	raw	exact	970	875
sample	prose_heavy	stardict	raw	exact	971	458
sample	prose_heavy	stardict	raw	exact	972	708
sample	prose_heavy	stardict	raw	exact	973	458
sample	prose_heavy	stardict	raw	exact	974	625
sample	prose_heavy	stardict	raw	exact	975	583
sample	prose_heavy	stardict	raw	exact	976	1333
sample	prose_heavy	stardict	raw	exact	977	375
sample	prose_heavy	stardict	raw	exact	978	708
sample	prose_heavy	stardict	raw	exact	979	458
sample	prose_heavy	stardict	raw	exact	980	667
sample	prose_heavy	stardict	raw	exact	981	416
sample	prose_heavy	stardict	raw	exact	982	625
sample	prose_heavy	stardict	raw	exact	983	583
sample	prose_heavy	stardict	raw	exact	984	708
sample	prose_heavy	stardict	raw	exact	985	417
sample	prose_heavy	stardict	raw	exact	986	625
sample	prose_heavy	stardict	raw	exact	987	458
sample	prose_heavy	stardict	raw	exact	988	750
sample	prose_heavy	stardict	raw	exact	989	459
sample	prose_heavy	stardict	raw	exact	990	750
sample	prose_heavy	stardict	raw	exact	991	666
sample	prose_heavy	stardict	raw	exact	992	750
sample	prose_heavy	stardict	raw	exact	993	417
sample	prose_heavy	stardict	raw	exact	994	584
sample	prose_heavy	stardict	raw	exact	995	416
sample	prose_heavy	stardict	raw	exact	996	875
sample	prose_heavy	stardict	raw	exact	997	458
sample	prose_heavy	stardict	raw	exact	998	7041
sample	prose_heavy	stardict	raw	exact	999	2458
sample	prose_heavy	stardict	raw	prefix	0	2667
sample	prose_heavy	stardict	raw	prefix	1	1750
sample	prose_heavy	stardict	raw	prefix	2	151709
sample	prose_heavy	stardict	raw	prefix	3	156125
sample	prose_heavy	stardict	raw	prefix	4	7250
sample	prose_heavy	stardict	raw	prefix	5	1458
sample	prose_heavy	stardict	raw	prefix	6	142000
sample	prose_heavy	stardict	raw	prefix	7	153208
sample	prose_heavy	stardict	raw	prefix	8	15250
sample	prose_heavy	stardict	raw	prefix	9	4000
sample	prose_heavy	stardict	raw	prefix	10	147041
sample	prose_heavy	stardict	raw	prefix	11	165291
sample	prose_heavy	stardict	raw	prefix	12	8625
sample	prose_heavy	stardict	raw	prefix	13	750
sample	prose_heavy	stardict	raw	prefix	14	146375
sample	prose_heavy	stardict	raw	prefix	15	166375
sample	prose_heavy	stardict	raw	prefix	16	8292
sample	prose_heavy	stardict	raw	prefix	17	2291
sample	prose_heavy	stardict	raw	prefix	18	142667
sample	prose_heavy	stardict	raw	prefix	19	166416
sample	prose_heavy	stardict	raw	prefix	20	5875
sample	prose_heavy	stardict	raw	prefix	21	666
sample	prose_heavy	stardict	raw	prefix	22	240042
sample	prose_heavy	stardict	raw	prefix	23	467333
sample	prose_heavy	stardict	raw	prefix	24	9708
sample	prose_heavy	stardict	raw	prefix	25	2000
sample	prose_heavy	stardict	raw	prefix	26	148167
sample	prose_heavy	stardict	raw	prefix	27	156125
sample	prose_heavy	stardict	raw	prefix	28	23250
sample	prose_heavy	stardict	raw	prefix	29	5042
sample	prose_heavy	stardict	raw	prefix	30	243542
sample	prose_heavy	stardict	raw	prefix	31	1560625
sample	prose_heavy	stardict	raw	prefix	32	19291
sample	prose_heavy	stardict	raw	prefix	33	6833
sample	prose_heavy	stardict	raw	prefix	34	145250
sample	prose_heavy	stardict	raw	prefix	35	365625
sample	prose_heavy	stardict	raw	prefix	36	8500
sample	prose_heavy	stardict	raw	prefix	37	750
sample	prose_heavy	stardict	raw	prefix	38	143917
sample	prose_heavy	stardict	raw	prefix	39	449417
sample	prose_heavy	stardict	raw	prefix	40	6500
sample	prose_heavy	stardict	raw	prefix	41	2083
sample	prose_heavy	stardict	raw	prefix	42	230750
sample	prose_heavy	stardict	raw	prefix	43	170583
sample	prose_heavy	stardict	raw	prefix	44	9375
sample	prose_heavy	stardict	raw	prefix	45	667
sample	prose_heavy	stardict	raw	prefix	46	686166
sample	prose_heavy	stardict	raw	prefix	47	152625
sample	prose_heavy	stardict	raw	prefix	48	9250
sample	prose_heavy	stardict	raw	prefix	49	2333
sample	prose_heavy	stardict	raw	prefix	50	148375
sample	prose_heavy	stardict	raw	prefix	51	666667
sample	prose_heavy	stardict	raw	prefix	52	11708
sample	prose_heavy	stardict	raw	prefix	53	709
sample	prose_heavy	stardict	raw	prefix	54	142208
sample	prose_heavy	stardict	raw	prefix	55	154167
sample	prose_heavy	stardict	raw	prefix	56	6750
sample	prose_heavy	stardict	raw	prefix	57	2834
sample	prose_heavy	stardict	raw	prefix	58	144959
sample	prose_heavy	stardict	raw	prefix	59	146250
sample	prose_heavy	stardict	raw	prefix	60	3667
sample	prose_heavy	stardict	raw	prefix	61	583
sample	prose_heavy	stardict	raw	prefix	62	142875
sample	prose_heavy	stardict	raw	prefix	63	154333
sample	prose_heavy	stardict	raw	prefix	64	17583
sample	prose_heavy	stardict	raw	prefix	65	9292
sample	prose_heavy	stardict	raw	prefix	66	428042
sample	prose_heavy	stardict	raw	prefix	67	856458
sample	prose_heavy	stardict	raw	prefix	68	10958
sample	prose_heavy	stardict	raw	prefix	69	792
sample	prose_heavy	stardict	raw	prefix	70	148916
sample	prose_heavy	stardict	raw	prefix	71	1659792
sample	prose_heavy	stardict	raw	prefix	72	9625
sample	prose_heavy	stardict	raw	prefix	73	2583
sample	prose_heavy	stardict	raw	prefix	74	153000
sample	prose_heavy	stardict	raw	prefix	75	160708
sample	prose_heavy	stardict	raw	prefix	76	20792
sample	prose_heavy	stardict	raw	prefix	77	10292
sample	prose_heavy	stardict	raw	prefix	78	149333
sample	prose_heavy	stardict	raw	prefix	79	149791
sample	prose_heavy	stardict	raw	prefix	80	11666
sample	prose_heavy	stardict	raw	prefix	81	2708
sample	prose_heavy	stardict	raw	prefix	82	146584
sample	prose_heavy	stardict	raw	prefix	83	236291
sample	prose_heavy	stardict	raw	prefix	84	7916
sample	prose_heavy	stardict	raw	prefix	85	625
sample	prose_heavy	stardict	raw	prefix	86	221666
sample	prose_heavy	stardict	raw	prefix	87	159375
sample	prose_heavy	stardict	raw	prefix	88	6333
sample	prose_heavy	stardict	raw	prefix	89	2583
sample	prose_heavy	stardict	raw	prefix	90	1415333
sample	prose_heavy	stardict	raw	prefix	91	155542
sample	prose_heavy	stardict	raw	prefix	92	13917
sample	prose_heavy	stardict	raw	prefix	93	1958
sample	prose_heavy	stardict	raw	prefix	94	149542
sample	prose_heavy	stardict	raw	prefix	95	223209
sample	prose_heavy	stardict	raw	prefix	96	7958
sample	prose_heavy	stardict	raw	prefix	97	2167
sample	prose_heavy	stardict	raw	prefix	98	143584
sample	prose_heavy	stardict	raw	prefix	99	161459
sample	prose_heavy	stardict	raw	prefix	100	19708
sample	prose_heavy	stardict	raw	prefix	101	4417
sample	prose_heavy	stardict	raw	prefix	102	432416
sample	prose_heavy	stardict	raw	prefix	103	384584
sample	prose_heavy	stardict	raw	prefix	104	11209
sample	prose_heavy	stardict	raw	prefix	105	2583
sample	prose_heavy	stardict	raw	prefix	106	146458
sample	prose_heavy	stardict	raw	prefix	107	1566625
sample	prose_heavy	stardict	raw	prefix	108	14417
sample	prose_heavy	stardict	raw	prefix	109	667
sample	prose_heavy	stardict	raw	prefix	110	187625
sample	prose_heavy	stardict	raw	prefix	111	381125
sample	prose_heavy	stardict	raw	prefix	112	9375
sample	prose_heavy	stardict	raw	prefix	113	2000
sample	prose_heavy	stardict	raw	prefix	114	145917
sample	prose_heavy	stardict	raw	prefix	115	152584
sample	prose_heavy	stardict	raw	prefix	116	10750
sample	prose_heavy	stardict	raw	prefix	117	791
sample	prose_heavy	stardict	raw	prefix	118	153125
sample	prose_heavy	stardict	raw	prefix	119	535291
sample	prose_heavy	stardict	raw	prefix	120	7750
sample	prose_heavy	stardict	raw	prefix	121	2333
sample	prose_heavy	stardict	raw	prefix	122	147666
sample	prose_heavy	stardict	raw	prefix	123	418291
sample	prose_heavy	stardict	raw	prefix	124	4084
sample	prose_heavy	stardict	raw	prefix	125	583
sample	prose_heavy	stardict	raw	prefix	126	1115584
sample	prose_heavy	stardict	raw	prefix	127	158000
sample	prose_heavy	stardict	raw	prefix	128	7875
sample	prose_heavy	stardict	raw	prefix	129	5125
sample	prose_heavy	stardict	raw	prefix	130	160208
sample	prose_heavy	stardict	raw	prefix	131	163041
sample	prose_heavy	stardict	raw	prefix	132	5334
sample	prose_heavy	stardict	raw	prefix	133	708
sample	prose_heavy	stardict	raw	prefix	134	144209
sample	prose_heavy	stardict	raw	prefix	135	157750
sample	prose_heavy	stardict	raw	prefix	136	9958
sample	prose_heavy	stardict	raw	prefix	137	2334
sample	prose_heavy	stardict	raw	prefix	138	154584
sample	prose_heavy	stardict	raw	prefix	139	151791
sample	prose_heavy	stardict	raw	prefix	140	10875
sample	prose_heavy	stardict	raw	prefix	141	791
sample	prose_heavy	stardict	raw	prefix	142	146750
sample	prose_heavy	stardict	raw	prefix	143	172375
sample	prose_heavy	stardict	raw	prefix	144	6667
sample	prose_heavy	stardict	raw	prefix	145	2042
sample	prose_heavy	stardict	raw	prefix	146	146834
sample	prose_heavy	stardict	raw	prefix	147	1610333
sample	prose_heavy	stardict	raw	prefix	148	17125
sample	prose_heavy	stardict	raw	prefix	149	3500
sample	prose_heavy	stardict	raw	prefix	150	147000
sample	prose_heavy	stardict	raw	prefix	151	253333
sample	prose_heavy	stardict	raw	prefix	152	6042
sample	prose_heavy	stardict	raw	prefix	153	2875
sample	prose_heavy	stardict	raw	prefix	154	180833
sample	prose_heavy	stardict	raw	prefix	155	157625
sample	prose_heavy	stardict	raw	prefix	156	11791
sample	prose_heavy	stardict	raw	prefix	157	5125
sample	prose_heavy	stardict	raw	prefix	158	405750
sample	prose_heavy	stardict	raw	prefix	159	161166
sample	prose_heavy	stardict	raw	prefix	160	1089250
sample	prose_heavy	stardict	raw	prefix	161	8667
sample	prose_heavy	stardict	raw	prefix	162	383042
sample	prose_heavy	stardict	raw	prefix	163	165583
sample	prose_heavy	stardict	raw	prefix	164	23250
sample	prose_heavy	stardict	raw	prefix	165	2375
sample	prose_heavy	stardict	raw	prefix	166	145458
sample	prose_heavy	stardict	raw	prefix	167	160625
sample	prose_heavy	stardict	raw	prefix	168	7708
sample	prose_heavy	stardict	raw	prefix	169	2458
sample	prose_heavy	stardict	raw	prefix	170	147666
sample	prose_heavy	stardict	raw	prefix	171	157542
sample	prose_heavy	stardict	raw	prefix	172	6625
sample	prose_heavy	stardict	raw	prefix	173	667
sample	prose_heavy	stardict	raw	prefix	174	143041
sample	prose_heavy	stardict	raw	prefix	175	336167
sample	prose_heavy	stardict	raw	prefix	176	12208
sample	prose_heavy	stardict	raw	prefix	177	3000
sample	prose_heavy	stardict	raw	prefix	178	146167
sample	prose_heavy	stardict	raw	prefix	179	156042
sample	prose_heavy	stardict	raw	prefix	180	10542
sample	prose_heavy	stardict	raw	prefix	181	667
sample	prose_heavy	stardict	raw	prefix	182	145709
sample	prose_heavy	stardict	raw	prefix	183	294833
sample	prose_heavy	stardict	raw	prefix	184	9667
sample	prose_heavy	stardict	raw	prefix	185	2625
sample	prose_heavy	stardict	raw	prefix	186	148917
sample	prose_heavy	stardict	raw	prefix	187	184166
sample	prose_heavy	stardict	raw	prefix	188	3875
sample	prose_heavy	stardict	raw	prefix	189	667
sample	prose_heavy	stardict	raw	prefix	190	142500
sample	prose_heavy	stardict	raw	prefix	191	318000
sample	prose_heavy	stardict	raw	prefix	192	7791
sample	prose_heavy	stardict	raw	prefix	193	3084
sample	prose_heavy	stardict	raw	prefix	194	1088875
sample	prose_heavy	stardict	raw	prefix	195	152416
sample	prose_heavy	stardict	raw	prefix	196	9708
sample	prose_heavy	stardict	raw	prefix	197	791
sample	prose_heavy	stardict	raw	prefix	198	146459
sample	prose_heavy	stardict	raw	prefix	199	462709
sample	prose_heavy	stardict	raw	prefix	200	8500
sample	prose_heavy	stardict	raw	prefix	201	7416
sample	prose_heavy	stardict	raw	prefix	202	535959
sample	prose_heavy	stardict	raw	prefix	203	169625
sample	prose_heavy	stardict	raw	prefix	204	9333
sample	prose_heavy	stardict	raw	prefix	205	667
sample	prose_heavy	stardict	raw	prefix	206	144542
sample	prose_heavy	stardict	raw	prefix	207	394667
sample	prose_heavy	stardict	raw	prefix	208	10000
sample	prose_heavy	stardict	raw	prefix	209	2708
sample	prose_heavy	stardict	raw	prefix	210	148750
sample	prose_heavy	stardict	raw	prefix	211	154042
sample	prose_heavy	stardict	raw	prefix	212	4667
sample	prose_heavy	stardict	raw	prefix	213	958
sample	prose_heavy	stardict	raw	prefix	214	614166
sample	prose_heavy	stardict	raw	prefix	215	159417
sample	prose_heavy	stardict	raw	prefix	216	7833
sample	prose_heavy	stardict	raw	prefix	217	2792
sample	prose_heavy	stardict	raw	prefix	218	143333
sample	prose_heavy	stardict	raw	prefix	219	319375
sample	prose_heavy	stardict	raw	prefix	220	9166
sample	prose_heavy	stardict	raw	prefix	221	750
sample	prose_heavy	stardict	raw	prefix	222	151084
sample	prose_heavy	stardict	raw	prefix	223	165583
sample	prose_heavy	stardict	raw	prefix	224	7208
sample	prose_heavy	stardict	raw	prefix	225	2208
sample	prose_heavy	stardict	raw	prefix	226	265416
sample	prose_heavy	stardict	raw	prefix	227	158875
sample	prose_heavy	stardict	raw	prefix	228	7792
sample	prose_heavy	stardict	raw	prefix	229	750
sample	prose_heavy	stardict	raw	prefix	230	145167
sample	prose_heavy	stardict	raw	prefix	231	159334
sample	prose_heavy	stardict	raw	prefix	232	9583
sample	prose_heavy	stardict	raw	prefix	233	1959
sample	prose_heavy	stardict	raw	prefix	234	149000
sample	prose_heavy	stardict	raw	prefix	235	155500
sample	prose_heavy	stardict	raw	prefix	236	12959
sample	prose_heavy	stardict	raw	prefix	237	625
sample	prose_heavy	stardict	raw	prefix	238	145417
sample	prose_heavy	stardict	raw	prefix	239	168791
sample	prose_heavy	stardict	raw	prefix	240	8125
sample	prose_heavy	stardict	raw	prefix	241	1917
sample	prose_heavy	stardict	raw	prefix	242	328167
sample	prose_heavy	stardict	raw	prefix	243	162042
sample	prose_heavy	stardict	raw	prefix	244	8958
sample	prose_heavy	stardict	raw	prefix	245	750
sample	prose_heavy	stardict	raw	prefix	246	144042
sample	prose_heavy	stardict	raw	prefix	247	149916
sample	prose_heavy	stardict	raw	prefix	248	4125
sample	prose_heavy	stardict	raw	prefix	249	1625
sample	prose_heavy	stardict	raw	prefix	250	146291
sample	prose_heavy	stardict	raw	prefix	251	404250
sample	prose_heavy	stardict	raw	prefix	252	8458
sample	prose_heavy	stardict	raw	prefix	253	708
sample	prose_heavy	stardict	raw	prefix	254	143625
sample	prose_heavy	stardict	raw	prefix	255	156375
sample	prose_heavy	stardict	raw	prefix	256	16666
sample	prose_heavy	stardict	raw	prefix	257	3000
sample	prose_heavy	stardict	raw	prefix	258	1248750
sample	prose_heavy	stardict	raw	prefix	259	148667
sample	prose_heavy	stardict	raw	prefix	260	25000
sample	prose_heavy	stardict	raw	prefix	261	3458
sample	prose_heavy	stardict	raw	prefix	262	806042
sample	prose_heavy	stardict	raw	prefix	263	404667
sample	prose_heavy	stardict	raw	prefix	264	10500
sample	prose_heavy	stardict	raw	prefix	265	2125
sample	prose_heavy	stardict	raw	prefix	266	144000
sample	prose_heavy	stardict	raw	prefix	267	170208
sample	prose_heavy	stardict	raw	prefix	268	7625
sample	prose_heavy	stardict	raw	prefix	269	4792
sample	prose_heavy	stardict	raw	prefix	270	139791
sample	prose_heavy	stardict	raw	prefix	271	163583
sample	prose_heavy	stardict	raw	prefix	272	12417
sample	prose_heavy	stardict	raw	prefix	273	8042
sample	prose_heavy	stardict	raw	prefix	274	247667
sample	prose_heavy	stardict	raw	prefix	275	152125
sample	prose_heavy	stardict	raw	prefix	276	27916
sample	prose_heavy	stardict	raw	prefix	277	1667
sample	prose_heavy	stardict	raw	prefix	278	150750
sample	prose_heavy	stardict	raw	prefix	279	153292
sample	prose_heavy	stardict	raw	prefix	280	14000
sample	prose_heavy	stardict	raw	prefix	281	4834
sample	prose_heavy	stardict	raw	prefix	282	291208
sample	prose_heavy	stardict	raw	prefix	283	166291
sample	prose_heavy	stardict	raw	prefix	284	3584
sample	prose_heavy	stardict	raw	prefix	285	833
sample	prose_heavy	stardict	raw	prefix	286	140667
sample	prose_heavy	stardict	raw	prefix	287	752875
sample	prose_heavy	stardict	raw	prefix	288	7625
sample	prose_heavy	stardict	raw	prefix	289	3292
sample	prose_heavy	stardict	raw	prefix	290	144541
sample	prose_heavy	stardict	raw	prefix	291	156500
sample	prose_heavy	stardict	raw	prefix	292	26208
sample	prose_heavy	stardict	raw	prefix	293	2833
sample	prose_heavy	stardict	raw	prefix	294	154917
sample	prose_heavy	stardict	raw	prefix	295	155541
sample	prose_heavy	stardict	raw	prefix	296	16791
sample	prose_heavy	stardict	raw	prefix	297	4791
sample	prose_heavy	stardict	raw	prefix	298	256333
sample	prose_heavy	stardict	raw	prefix	299	155416
sample	prose_heavy	stardict	raw	prefix	300	11500
sample	prose_heavy	stardict	raw	prefix	301	750
sample	prose_heavy	stardict	raw	prefix	302	154625
sample	prose_heavy	stardict	raw	prefix	303	151083
sample	prose_heavy	stardict	raw	prefix	304	3292
sample	prose_heavy	stardict	raw	prefix	305	2542
sample	prose_heavy	stardict	raw	prefix	306	141458
sample	prose_heavy	stardict	raw	prefix	307	153917
sample	prose_heavy	stardict	raw	prefix	308	35416
sample	prose_heavy	stardict	raw	prefix	309	2500
sample	prose_heavy	stardict	raw	prefix	310	146292
sample	prose_heavy	stardict	raw	prefix	311	1321125
sample	prose_heavy	stardict	raw	prefix	312	8666
sample	prose_heavy	stardict	raw	prefix	313	2958
sample	prose_heavy	stardict	raw	prefix	314	147500
sample	prose_heavy	stardict	raw	prefix	315	160833
sample	prose_heavy	stardict	raw	prefix	316	10167
sample	prose_heavy	stardict	raw	prefix	317	750
sample	prose_heavy	stardict	raw	prefix	318	149125
sample	prose_heavy	stardict	raw	prefix	319	592875
sample	prose_heavy	stardict	raw	prefix	320	10125
sample	prose_heavy	stardict	raw	prefix	321	2542
sample	prose_heavy	stardict	raw	prefix	322	370542
sample	prose_heavy	stardict	raw	prefix	323	273125
sample	prose_heavy	stardict	raw	prefix	324	4792
sample	prose_heavy	stardict	raw	prefix	325	958
sample	prose_heavy	stardict	raw	prefix	326	141042
sample	prose_heavy	stardict	raw	prefix	327	166208
sample	prose_heavy	stardict	raw	prefix	328	12375
sample	prose_heavy	stardict	raw	prefix	329	2250
sample	prose_heavy	stardict	raw	prefix	330	146667
sample	prose_heavy	stardict	raw	prefix	331	443083
sample	prose_heavy	stardict	raw	prefix	332	9750
sample	prose_heavy	stardict	raw	prefix	333	750
sample	prose_heavy	stardict	raw	prefix	334	146959
sample	prose_heavy	stardict	raw	prefix	335	153459
sample	prose_heavy	stardict	raw	prefix	336	15750
sample	prose_heavy	stardict	raw	prefix	337	4334
sample	prose_heavy	stardict	raw	prefix	338	148417
sample	prose_heavy	stardict	raw	prefix	339	444166
sample	prose_heavy	stardict	raw	prefix	340	11125
sample	prose_heavy	stardict	raw	prefix	341	750
sample	prose_heavy	stardict	raw	prefix	342	911042
sample	prose_heavy	stardict	raw	prefix	343	156041
sample	prose_heavy	stardict	raw	prefix	344	7917
sample	prose_heavy	stardict	raw	prefix	345	1875
sample	prose_heavy	stardict	raw	prefix	346	145167
sample	prose_heavy	stardict	raw	prefix	347	399667
sample	prose_heavy	stardict	raw	prefix	348	13500
sample	prose_heavy	stardict	raw	prefix	349	1167
sample	prose_heavy	stardict	raw	prefix	350	145750
sample	prose_heavy	stardict	raw	prefix	351	156000
sample	prose_heavy	stardict	raw	prefix	352	5125
sample	prose_heavy	stardict	raw	prefix	353	1625
sample	prose_heavy	stardict	raw	prefix	354	141667
sample	prose_heavy	stardict	raw	prefix	355	149209
sample	prose_heavy	stardict	raw	prefix	356	9417
sample	prose_heavy	stardict	raw	prefix	357	750
sample	prose_heavy	stardict	raw	prefix	358	146042
sample	prose_heavy	stardict	raw	prefix	359	158208
sample	prose_heavy	stardict	raw	prefix	360	7250
sample	prose_heavy	stardict	raw	prefix	361	2083
sample	prose_heavy	stardict	raw	prefix	362	148250
sample	prose_heavy	stardict	raw	prefix	363	153417
sample	prose_heavy	stardict	raw	prefix	364	19917
sample	prose_heavy	stardict	raw	prefix	365	2042
sample	prose_heavy	stardict	raw	prefix	366	147000
sample	prose_heavy	stardict	raw	prefix	367	407875
sample	prose_heavy	stardict	raw	prefix	368	10542
sample	prose_heavy	stardict	raw	prefix	369	2500
sample	prose_heavy	stardict	raw	prefix	370	150958
sample	prose_heavy	stardict	raw	prefix	371	147958
sample	prose_heavy	stardict	raw	prefix	372	18208
sample	prose_heavy	stardict	raw	prefix	373	5625
sample	prose_heavy	stardict	raw	prefix	374	151250
sample	prose_heavy	stardict	raw	prefix	375	150292
sample	prose_heavy	stardict	raw	prefix	376	17125
sample	prose_heavy	stardict	raw	prefix	377	4750
sample	prose_heavy	stardict	raw	prefix	378	151458
sample	prose_heavy	stardict	raw	prefix	379	165500
sample	prose_heavy	stardict	raw	prefix	380	9250
sample	prose_heavy	stardict	raw	prefix	381	667
sample	prose_heavy	stardict	raw	prefix	382	144542
sample	prose_heavy	stardict	raw	prefix	383	163709
sample	prose_heavy	stardict	raw	prefix	384	5500
sample	prose_heavy	stardict	raw	prefix	385	1958
sample	prose_heavy	stardict	raw	prefix	386	143041
sample	prose_heavy	stardict	raw	prefix	387	152917
sample	prose_heavy	stardict	raw	prefix	388	7750
sample	prose_heavy	stardict	raw	prefix	389	625
sample	prose_heavy	stardict	raw	prefix	390	144791
sample	prose_heavy	stardict	raw	prefix	391	155458
sample	prose_heavy	stardict	raw	prefix	392	17458
sample	prose_heavy	stardict	raw	prefix	393	4292
sample	prose_heavy	stardict	raw	prefix	394	150875
sample	prose_heavy	stardict	raw	prefix	395	455208
sample	prose_heavy	stardict	raw	prefix	396	22334
sample	prose_heavy	stardict	raw	prefix	397	3625
sample	prose_heavy	stardict	raw	prefix	398	148875
sample	prose_heavy	stardict	raw	prefix	399	155750
sample	prose_heavy	stardict	raw	prefix	400	12292
sample	prose_heavy	stardict	raw	prefix	401	8375
sample	prose_heavy	stardict	raw	prefix	402	400958
sample	prose_heavy	stardict	raw	prefix	403	160709
sample	prose_heavy	stardict	raw	prefix	404	15125
sample	prose_heavy	stardict	raw	prefix	405	1625
sample	prose_heavy	stardict	raw	prefix	406	393042
sample	prose_heavy	stardict	raw	prefix	407	217375
sample	prose_heavy	stardict	raw	prefix	408	7875
sample	prose_heavy	stardict	raw	prefix	409	2208
sample	prose_heavy	stardict	raw	prefix	410	511250
sample	prose_heavy	stardict	raw	prefix	411	147667
sample	prose_heavy	stardict	raw	prefix	412	11125
sample	prose_heavy	stardict	raw	prefix	413	2958
sample	prose_heavy	stardict	raw	prefix	414	149000
sample	prose_heavy	stardict	raw	prefix	415	206166
sample	prose_heavy	stardict	raw	prefix	416	8875
sample	prose_heavy	stardict	raw	prefix	417	2208
sample	prose_heavy	stardict	raw	prefix	418	149875
sample	prose_heavy	stardict	raw	prefix	419	150750
sample	prose_heavy	stardict	raw	prefix	420	11958
sample	prose_heavy	stardict	raw	prefix	421	833
sample	prose_heavy	stardict	raw	prefix	422	145500
sample	prose_heavy	stardict	raw	prefix	423	147208
sample	prose_heavy	stardict	raw	prefix	424	3833
sample	prose_heavy	stardict	raw	prefix	425	4500
sample	prose_heavy	stardict	raw	prefix	426	168167
sample	prose_heavy	stardict	raw	prefix	427	151416
sample	prose_heavy	stardict	raw	prefix	428	12458
sample	prose_heavy	stardict	raw	prefix	429	709
sample	prose_heavy	stardict	raw	prefix	430	147667
sample	prose_heavy	stardict	raw	prefix	431	149167
sample	prose_heavy	stardict	raw	prefix	432	11875
sample	prose_heavy	stardict	raw	prefix	433	2458
sample	prose_heavy	stardict	raw	prefix	434	147666
sample	prose_heavy	stardict	raw	prefix	435	158708
sample	prose_heavy	stardict	raw	prefix	436	6292
sample	prose_heavy	stardict	raw	prefix	437	667
sample	prose_heavy	stardict	raw	prefix	438	1789625
sample	prose_heavy	stardict	raw	prefix	439	211541
sample	prose_heavy	stardict	raw	prefix	440	16542
sample	prose_heavy	stardict	raw	prefix	441	4125
sample	prose_heavy	stardict	raw	prefix	442	155083
sample	prose_heavy	stardict	raw	prefix	443	149583
sample	prose_heavy	stardict	raw	prefix	444	8542
sample	prose_heavy	stardict	raw	prefix	445	666
sample	prose_heavy	stardict	raw	prefix	446	147541
sample	prose_heavy	stardict	raw	prefix	447	204750
sample	prose_heavy	stardict	raw	prefix	448	18875
sample	prose_heavy	stardict	raw	prefix	449	20917
sample	prose_heavy	stardict	raw	prefix	450	408958
sample	prose_heavy	stardict	raw	prefix	451	157958
sample	prose_heavy	stardict	raw	prefix	452	22375
sample	prose_heavy	stardict	raw	prefix	453	2625
sample	prose_heavy	stardict	raw	prefix	454	242209
sample	prose_heavy	stardict	raw	prefix	455	160000
sample	prose_heavy	stardict	raw	prefix	456	10000
sample	prose_heavy	stardict	raw	prefix	457	4416
sample	prose_heavy	stardict	raw	prefix	458	156417
sample	prose_heavy	stardict	raw	prefix	459	144375
sample	prose_heavy	stardict	raw	prefix	460	12334
sample	prose_heavy	stardict	raw	prefix	461	750
sample	prose_heavy	stardict	raw	prefix	462	150250
sample	prose_heavy	stardict	raw	prefix	463	349250
sample	prose_heavy	stardict	raw	prefix	464	10417
sample	prose_heavy	stardict	raw	prefix	465	2625
sample	prose_heavy	stardict	raw	prefix	466	171375
sample	prose_heavy	stardict	raw	prefix	467	184375
sample	prose_heavy	stardict	raw	prefix	468	27250
sample	prose_heavy	stardict	raw	prefix	469	4625
sample	prose_heavy	stardict	raw	prefix	470	147500
sample	prose_heavy	stardict	raw	prefix	471	168375
sample	prose_heavy	stardict	raw	prefix	472	19375
sample	prose_heavy	stardict	raw	prefix	473	4875
sample	prose_heavy	stardict	raw	prefix	474	149334
sample	prose_heavy	stardict	raw	prefix	475	381250
sample	prose_heavy	stardict	raw	prefix	476	8417
sample	prose_heavy	stardict	raw	prefix	477	792
sample	prose_heavy	stardict	raw	prefix	478	152000
sample	prose_heavy	stardict	raw	prefix	479	157208
sample	prose_heavy	stardict	raw	prefix	480	8334
sample	prose_heavy	stardict	raw	prefix	481	2208
sample	prose_heavy	stardict	raw	prefix	482	147958
sample	prose_heavy	stardict	raw	prefix	483	155125
sample	prose_heavy	stardict	raw	prefix	484	12416
sample	prose_heavy	stardict	raw	prefix	485	666
sample	prose_heavy	stardict	raw	prefix	486	341041
sample	prose_heavy	stardict	raw	prefix	487	158417
sample	prose_heavy	stardict	raw	prefix	488	9666
sample	prose_heavy	stardict	raw	prefix	489	2041
sample	prose_heavy	stardict	raw	prefix	490	148583
sample	prose_heavy	stardict	raw	prefix	491	1367500
sample	prose_heavy	stardict	raw	prefix	492	19583
sample	prose_heavy	stardict	raw	prefix	493	2458
sample	prose_heavy	stardict	raw	prefix	494	224167
sample	prose_heavy	stardict	raw	prefix	495	157125
sample	prose_heavy	stardict	raw	prefix	496	7458
sample	prose_heavy	stardict	raw	prefix	497	6667
sample	prose_heavy	stardict	raw	prefix	498	454500
sample	prose_heavy	stardict	raw	prefix	499	476958
sample	prose_heavy	stardict	raw	prefix	500	515708
sample	prose_heavy	stardict	raw	prefix	501	2333
sample	prose_heavy	stardict	raw	prefix	502	233917
sample	prose_heavy	stardict	raw	prefix	503	272583
sample	prose_heavy	stardict	raw	prefix	504	31375
sample	prose_heavy	stardict	raw	prefix	505	3542
sample	prose_heavy	stardict	raw	prefix	506	148083
sample	prose_heavy	stardict	raw	prefix	507	1325167
sample	prose_heavy	stardict	raw	prefix	508	22542
sample	prose_heavy	stardict	raw	prefix	509	5750
sample	prose_heavy	stardict	raw	prefix	510	442416
sample	prose_heavy	stardict	raw	prefix	511	163417
sample	prose_heavy	stardict	raw	prefix	512	6500
sample	prose_heavy	stardict	raw	prefix	513	2292
sample	prose_heavy	stardict	raw	prefix	514	342500
sample	prose_heavy	stardict	raw	prefix	515	318875
sample	prose_heavy	stardict	raw	prefix	516	20792
sample	prose_heavy	stardict	raw	prefix	517	2000
sample	prose_heavy	stardict	raw	prefix	518	387375
sample	prose_heavy	stardict	raw	prefix	519	170333
sample	prose_heavy	stardict	raw	prefix	520	15250
sample	prose_heavy	stardict	raw	prefix	521	2625
sample	prose_heavy	stardict	raw	prefix	522	259167
sample	prose_heavy	stardict	raw	prefix	523	480666
sample	prose_heavy	stardict	raw	prefix	524	18209
sample	prose_heavy	stardict	raw	prefix	525	1458
sample	prose_heavy	stardict	raw	prefix	526	504792
sample	prose_heavy	stardict	raw	prefix	527	350917
sample	prose_heavy	stardict	raw	prefix	528	9125
sample	prose_heavy	stardict	raw	prefix	529	7542
sample	prose_heavy	stardict	raw	prefix	530	148750
sample	prose_heavy	stardict	raw	prefix	531	170791
sample	prose_heavy	stardict	raw	prefix	532	3792
sample	prose_heavy	stardict	raw	prefix	533	750
sample	prose_heavy	stardict	raw	prefix	534	141667
sample	prose_heavy	stardict	raw	prefix	535	157708
sample	prose_heavy	stardict	raw	prefix	536	7583
sample	prose_heavy	stardict	raw	prefix	537	2375
sample	prose_heavy	stardict	raw	prefix	538	364916
sample	prose_heavy	stardict	raw	prefix	539	783083
sample	prose_heavy	stardict	raw	prefix	540	21791
sample	prose_heavy	stardict	raw	prefix	541	2792
sample	prose_heavy	stardict	raw	prefix	542	433167
sample	prose_heavy	stardict	raw	prefix	543	1541667
sample	prose_heavy	stardict	raw	prefix	544	8958
sample	prose_heavy	stardict	raw	prefix	545	2917
sample	prose_heavy	stardict	raw	prefix	546	144666
sample	prose_heavy	stardict	raw	prefix	547	153542
sample	prose_heavy	stardict	raw	prefix	548	24917
sample	prose_heavy	stardict	raw	prefix	549	15834
sample	prose_heavy	stardict	raw	prefix	550	411958
sample	prose_heavy	stardict	raw	prefix	551	409958
sample	prose_heavy	stardict	raw	prefix	552	12500
sample	prose_heavy	stardict	raw	prefix	553	3166
sample	prose_heavy	stardict	raw	prefix	554	149125
sample	prose_heavy	stardict	raw	prefix	555	145500
sample	prose_heavy	stardict	raw	prefix	556	11791
sample	prose_heavy	stardict	raw	prefix	557	708
sample	prose_heavy	stardict	raw	prefix	558	143958
sample	prose_heavy	stardict	raw	prefix	559	285625
sample	prose_heavy	stardict	raw	prefix	560	7750
sample	prose_heavy	stardict	raw	prefix	561	2417
sample	prose_heavy	stardict	raw	prefix	562	147333
sample	prose_heavy	stardict	raw	prefix	563	161458
sample	prose_heavy	stardict	raw	prefix	564	16125
sample	prose_heavy	stardict	raw	prefix	565	1334
sample	prose_heavy	stardict	raw	prefix	566	182209
sample	prose_heavy	stardict	raw	prefix	567	172583
sample	prose_heavy	stardict	raw	prefix	568	8167
sample	prose_heavy	stardict	raw	prefix	569	2625
sample	prose_heavy	stardict	raw	prefix	570	307083
sample	prose_heavy	stardict	raw	prefix	571	516750
sample	prose_heavy	stardict	raw	prefix	572	8166
sample	prose_heavy	stardict	raw	prefix	573	666
sample	prose_heavy	stardict	raw	prefix	574	145125
sample	prose_heavy	stardict	raw	prefix	575	158833
sample	prose_heavy	stardict	raw	prefix	576	6250
sample	prose_heavy	stardict	raw	prefix	577	36292
sample	prose_heavy	stardict	raw	prefix	578	156667
sample	prose_heavy	stardict	raw	prefix	579	154209
sample	prose_heavy	stardict	raw	prefix	580	5000
sample	prose_heavy	stardict	raw	prefix	581	625
sample	prose_heavy	stardict	raw	prefix	582	1363834
sample	prose_heavy	stardict	raw	prefix	583	496875
sample	prose_heavy	stardict	raw	prefix	584	6333
sample	prose_heavy	stardict	raw	prefix	585	2000
sample	prose_heavy	stardict	raw	prefix	586	144750
sample	prose_heavy	stardict	raw	prefix	587	365583
sample	prose_heavy	stardict	raw	prefix	588	35667
sample	prose_heavy	stardict	raw	prefix	589	5375
sample	prose_heavy	stardict	raw	prefix	590	224083
sample	prose_heavy	stardict	raw	prefix	591	265375
sample	prose_heavy	stardict	raw	prefix	592	9125
sample	prose_heavy	stardict	raw	prefix	593	1834
sample	prose_heavy	stardict	raw	prefix	594	146041
sample	prose_heavy	stardict	raw	prefix	595	156750
sample	prose_heavy	stardict	raw	prefix	596	13250
sample	prose_heavy	stardict	raw	prefix	597	750
sample	prose_heavy	stardict	raw	prefix	598	150667
sample	prose_heavy	stardict	raw	prefix	599	159667
sample	prose_heavy	stardict	raw	prefix	600	3750
sample	prose_heavy	stardict	raw	prefix	601	2000
sample	prose_heavy	stardict	raw	prefix	602	144750
sample	prose_heavy	stardict	raw	prefix	603	445459
sample	prose_heavy	stardict	raw	prefix	604	7958
sample	prose_heavy	stardict	raw	prefix	605	708
sample	prose_heavy	stardict	raw	prefix	606	145792
sample	prose_heavy	stardict	raw	prefix	607	160916
sample	prose_heavy	stardict	raw	prefix	608	18250
sample	prose_heavy	stardict	raw	prefix	609	7458
sample	prose_heavy	stardict	raw	prefix	610	160750
sample	prose_heavy	stardict	raw	prefix	611	153333
sample	prose_heavy	stardict	raw	prefix	612	9584
sample	prose_heavy	stardict	raw	prefix	613	708
sample	prose_heavy	stardict	raw	prefix	614	145458
sample	prose_heavy	stardict	raw	prefix	615	740625
sample	prose_heavy	stardict	raw	prefix	616	5125
sample	prose_heavy	stardict	raw	prefix	617	1834
sample	prose_heavy	stardict	raw	prefix	618	143792
sample	prose_heavy	stardict	raw	prefix	619	165334
sample	prose_heavy	stardict	raw	prefix	620	13917
sample	prose_heavy	stardict	raw	prefix	621	750
sample	prose_heavy	stardict	raw	prefix	622	147625
sample	prose_heavy	stardict	raw	prefix	623	247167
sample	prose_heavy	stardict	raw	prefix	624	5458
sample	prose_heavy	stardict	raw	prefix	625	2250
sample	prose_heavy	stardict	raw	prefix	626	140291
sample	prose_heavy	stardict	raw	prefix	627	393500
sample	prose_heavy	stardict	raw	prefix	628	8708
sample	prose_heavy	stardict	raw	prefix	629	5208
sample	prose_heavy	stardict	raw	prefix	630	454042
sample	prose_heavy	stardict	raw	prefix	631	167709
sample	prose_heavy	stardict	raw	prefix	632	8625
sample	prose_heavy	stardict	raw	prefix	633	1666
sample	prose_heavy	stardict	raw	prefix	634	142250
sample	prose_heavy	stardict	raw	prefix	635	158542
sample	prose_heavy	stardict	raw	prefix	636	10375
sample	prose_heavy	stardict	raw	prefix	637	792
sample	prose_heavy	stardict	raw	prefix	638	148584
sample	prose_heavy	stardict	raw	prefix	639	166333
sample	prose_heavy	stardict	raw	prefix	640	5583
sample	prose_heavy	stardict	raw	prefix	641	2667
sample	prose_heavy	stardict	raw	prefix	642	147125
sample	prose_heavy	stardict	raw	prefix	643	150917
sample	prose_heavy	stardict	raw	prefix	644	5709
sample	prose_heavy	stardict	raw	prefix	645	625
sample	prose_heavy	stardict	raw	prefix	646	159416
sample	prose_heavy	stardict	raw	prefix	647	159250
sample	prose_heavy	stardict	raw	prefix	648	19083
sample	prose_heavy	stardict	raw	prefix	649	3542
sample	prose_heavy	stardict	raw	prefix	650	158250
sample	prose_heavy	stardict	raw	prefix	651	144250
sample	prose_heavy	stardict	raw	prefix	652	21333
sample	prose_heavy	stardict	raw	prefix	653	1666
sample	prose_heavy	stardict	raw	prefix	654	147625
sample	prose_heavy	stardict	raw	prefix	655	233541
sample	prose_heavy	stardict	raw	prefix	656	16041
sample	prose_heavy	stardict	raw	prefix	657	3750
sample	prose_heavy	stardict	raw	prefix	658	152042
sample	prose_heavy	stardict	raw	prefix	659	428083
sample	prose_heavy	stardict	raw	prefix	660	10833
sample	prose_heavy	stardict	raw	prefix	661	750
sample	prose_heavy	stardict	raw	prefix	662	147042
sample	prose_heavy	stardict	raw	prefix	663	440917
sample	prose_heavy	stardict	raw	prefix	664	7792
sample	prose_heavy	stardict	raw	prefix	665	4417
sample	prose_heavy	stardict	raw	prefix	666	153792
sample	prose_heavy	stardict	raw	prefix	667	152667
sample	prose_heavy	stardict	raw	prefix	668	9500
sample	prose_heavy	stardict	raw	prefix	669	4958
sample	prose_heavy	stardict	raw	prefix	670	471375
sample	prose_heavy	stardict	raw	prefix	671	168750
sample	prose_heavy	stardict	raw	prefix	672	8333
sample	prose_heavy	stardict	raw	prefix	673	2333
sample	prose_heavy	stardict	raw	prefix	674	1313584
sample	prose_heavy	stardict	raw	prefix	675	156458
sample	prose_heavy	stardict	raw	prefix	676	6208
sample	prose_heavy	stardict	raw	prefix	677	750
sample	prose_heavy	stardict	raw	prefix	678	143458
sample	prose_heavy	stardict	raw	prefix	679	146625
sample	prose_heavy	stardict	raw	prefix	680	9875
sample	prose_heavy	stardict	raw	prefix	681	3250
sample	prose_heavy	stardict	raw	prefix	682	150750
sample	prose_heavy	stardict	raw	prefix	683	141792
sample	prose_heavy	stardict	raw	prefix	684	11959
sample	prose_heavy	stardict	raw	prefix	685	1583
sample	prose_heavy	stardict	raw	prefix	686	292167
sample	prose_heavy	stardict	raw	prefix	687	504292
sample	prose_heavy	stardict	raw	prefix	688	20250
sample	prose_heavy	stardict	raw	prefix	689	15541
sample	prose_heavy	stardict	raw	prefix	690	1288542
sample	prose_heavy	stardict	raw	prefix	691	159208
sample	prose_heavy	stardict	raw	prefix	692	10875
sample	prose_heavy	stardict	raw	prefix	693	13500
sample	prose_heavy	stardict	raw	prefix	694	219083
sample	prose_heavy	stardict	raw	prefix	695	442667
sample	prose_heavy	stardict	raw	prefix	696	8250
sample	prose_heavy	stardict	raw	prefix	697	2875
sample	prose_heavy	stardict	raw	prefix	698	146583
sample	prose_heavy	stardict	raw	prefix	699	157791
sample	prose_heavy	stardict	raw	prefix	700	10416
sample	prose_heavy	stardict	raw	prefix	701	750
sample	prose_heavy	stardict	raw	prefix	702	149583
sample	prose_heavy	stardict	raw	prefix	703	143083
sample	prose_heavy	stardict	raw	prefix	704	15125
sample	prose_heavy	stardict	raw	prefix	705	4625
sample	prose_heavy	stardict	raw	prefix	706	145792
sample	prose_heavy	stardict	raw	prefix	707	156083
sample	prose_heavy	stardict	raw	prefix	708	21417
sample	prose_heavy	stardict	raw	prefix	709	1542
sample	prose_heavy	stardict	raw	prefix	710	387709
sample	prose_heavy	stardict	raw	prefix	711	394917
sample	prose_heavy	stardict	raw	prefix	712	8166
sample	prose_heavy	stardict	raw	prefix	713	1958
sample	prose_heavy	stardict	raw	prefix	714	147792
sample	prose_heavy	stardict	raw	prefix	715	153459
sample	prose_heavy	stardict	raw	prefix	716	21833
sample	prose_heavy	stardict	raw	prefix	717	2125
sample	prose_heavy	stardict	raw	prefix	718	295416
sample	prose_heavy	stardict	raw	prefix	719	159792
sample	prose_heavy	stardict	raw	prefix	720	8291
sample	prose_heavy	stardict	raw	prefix	721	2250
sample	prose_heavy	stardict	raw	prefix	722	158750
sample	prose_heavy	stardict	raw	prefix	723	332917
sample	prose_heavy	stardict	raw	prefix	724	14917
sample	prose_heavy	stardict	raw	prefix	725	2833
sample	prose_heavy	stardict	raw	prefix	726	155458
sample	prose_heavy	stardict	raw	prefix	727	419167
sample	prose_heavy	stardict	raw	prefix	728	10750
sample	prose_heavy	stardict	raw	prefix	729	2125
sample	prose_heavy	stardict	raw	prefix	730	149042
sample	prose_heavy	stardict	raw	prefix	731	149041
sample	prose_heavy	stardict	raw	prefix	732	11083
sample	prose_heavy	stardict	raw	prefix	733	875
sample	prose_heavy	stardict	raw	prefix	734	146458
sample	prose_heavy	stardict	raw	prefix	735	155667
sample	prose_heavy	stardict	raw	prefix	736	9041
sample	prose_heavy	stardict	raw	prefix	737	1875
sample	prose_heavy	stardict	raw	prefix	738	147542
sample	prose_heavy	stardict	raw	prefix	739	413000
sample	prose_heavy	stardict	raw	prefix	740	17291
sample	prose_heavy	stardict	raw	prefix	741	1792
sample	prose_heavy	stardict	raw	prefix	742	204417
sample	prose_heavy	stardict	raw	prefix	743	158709
sample	prose_heavy	stardict	raw	prefix	744	14000
sample	prose_heavy	stardict	raw	prefix	745	8333
sample	prose_heavy	stardict	raw	prefix	746	329167
sample	prose_heavy	stardict	raw	prefix	747	210000
sample	prose_heavy	stardict	raw	prefix	748	10625
sample	prose_heavy	stardict	raw	prefix	749	666
sample	prose_heavy	stardict	raw	prefix	750	148000
sample	prose_heavy	stardict	raw	prefix	751	157834
sample	prose_heavy	stardict	raw	prefix	752	10125
sample	prose_heavy	stardict	raw	prefix	753	2708
sample	prose_heavy	stardict	raw	prefix	754	147625
sample	prose_heavy	stardict	raw	prefix	755	155792
sample	prose_heavy	stardict	raw	prefix	756	9042
sample	prose_heavy	stardict	raw	prefix	757	708
sample	prose_heavy	stardict	raw	prefix	758	148791
sample	prose_heavy	stardict	raw	prefix	759	480208
sample	prose_heavy	stardict	raw	prefix	760	15958
sample	prose_heavy	stardict	raw	prefix	761	5542
sample	prose_heavy	stardict	raw	prefix	762	195334
sample	prose_heavy	stardict	raw	prefix	763	161542
sample	prose_heavy	stardict	raw	prefix	764	12083
sample	prose_heavy	stardict	raw	prefix	765	917
sample	prose_heavy	stardict	raw	prefix	766	274542
sample	prose_heavy	stardict	raw	prefix	767	222125
sample	prose_heavy	stardict	raw	prefix	768	8959
sample	prose_heavy	stardict	raw	prefix	769	2500
sample	prose_heavy	stardict	raw	prefix	770	147625
sample	prose_heavy	stardict	raw	prefix	771	151000
sample	prose_heavy	stardict	raw	prefix	772	7042
sample	prose_heavy	stardict	raw	prefix	773	2041
sample	prose_heavy	stardict	raw	prefix	774	143958
sample	prose_heavy	stardict	raw	prefix	775	296000
sample	prose_heavy	stardict	raw	prefix	776	12292
sample	prose_heavy	stardict	raw	prefix	777	4042
sample	prose_heavy	stardict	raw	prefix	778	148958
sample	prose_heavy	stardict	raw	prefix	779	397708
sample	prose_heavy	stardict	raw	prefix	780	29333
sample	prose_heavy	stardict	raw	prefix	781	2167
sample	prose_heavy	stardict	raw	prefix	782	277334
sample	prose_heavy	stardict	raw	prefix	783	168042
sample	prose_heavy	stardict	raw	prefix	784	17042
sample	prose_heavy	stardict	raw	prefix	785	10042
sample	prose_heavy	stardict	raw	prefix	786	281292
sample	prose_heavy	stardict	raw	prefix	787	150250
sample	prose_heavy	stardict	raw	prefix	788	10208
sample	prose_heavy	stardict	raw	prefix	789	792
sample	prose_heavy	stardict	raw	prefix	790	144833
sample	prose_heavy	stardict	raw	prefix	791	399583
sample	prose_heavy	stardict	raw	prefix	792	9125
sample	prose_heavy	stardict	raw	prefix	793	3041
sample	prose_heavy	stardict	raw	prefix	794	148792
sample	prose_heavy	stardict	raw	prefix	795	164792
sample	prose_heavy	stardict	raw	prefix	796	8833
sample	prose_heavy	stardict	raw	prefix	797	833
sample	prose_heavy	stardict	raw	prefix	798	147375
sample	prose_heavy	stardict	raw	prefix	799	165708
sample	prose_heavy	stardict	raw	prefix	800	5709
sample	prose_heavy	stardict	raw	prefix	801	2000
sample	prose_heavy	stardict	raw	prefix	802	147042
sample	prose_heavy	stardict	raw	prefix	803	378333
sample	prose_heavy	stardict	raw	prefix	804	9333
sample	prose_heavy	stardict	raw	prefix	805	1250
sample	prose_heavy	stardict	raw	prefix	806	145166
sample	prose_heavy	stardict	raw	prefix	807	159917
sample	prose_heavy	stardict	raw	prefix	808	7166
sample	prose_heavy	stardict	raw	prefix	809	2250
sample	prose_heavy	stardict	raw	prefix	810	145459
sample	prose_heavy	stardict	raw	prefix	811	394083
sample	prose_heavy	stardict	raw	prefix	812	11041
sample	prose_heavy	stardict	raw	prefix	813	4500
sample	prose_heavy	stardict	raw	prefix	814	437666
sample	prose_heavy	stardict	raw	prefix	815	160083
sample	prose_heavy	stardict	raw	prefix	816	12667
sample	prose_heavy	stardict	raw	prefix	817	8000
sample	prose_heavy	stardict	raw	prefix	818	420666
sample	prose_heavy	stardict	raw	prefix	819	276250
sample	prose_heavy	stardict	raw	prefix	820	11875
sample	prose_heavy	stardict	raw	prefix	821	792
sample	prose_heavy	stardict	raw	prefix	822	149292
sample	prose_heavy	stardict	raw	prefix	823	162375
sample	prose_heavy	stardict	raw	prefix	824	2916
sample	prose_heavy	stardict	raw	prefix	825	1709
sample	prose_heavy	stardict	raw	prefix	826	144959
sample	prose_heavy	stardict	raw	prefix	827	160250
sample	prose_heavy	stardict	raw	prefix	828	8958
sample	prose_heavy	stardict	raw	prefix	829	1083
sample	prose_heavy	stardict	raw	prefix	830	146625
sample	prose_heavy	stardict	raw	prefix	831	162083
sample	prose_heavy	stardict	raw	prefix	832	10667
sample	prose_heavy	stardict	raw	prefix	833	2042
sample	prose_heavy	stardict	raw	prefix	834	154541
sample	prose_heavy	stardict	raw	prefix	835	408000
sample	prose_heavy	stardict	raw	prefix	836	11417
sample	prose_heavy	stardict	raw	prefix	837	792
sample	prose_heavy	stardict	raw	prefix	838	149458
sample	prose_heavy	stardict	raw	prefix	839	146084
sample	prose_heavy	stardict	raw	prefix	840	10791
sample	prose_heavy	stardict	raw	prefix	841	2625
sample	prose_heavy	stardict	raw	prefix	842	151667
sample	prose_heavy	stardict	raw	prefix	843	155667
sample	prose_heavy	stardict	raw	prefix	844	8292
sample	prose_heavy	stardict	raw	prefix	845	833
sample	prose_heavy	stardict	raw	prefix	846	141792
sample	prose_heavy	stardict	raw	prefix	847	152500
sample	prose_heavy	stardict	raw	prefix	848	8500
sample	prose_heavy	stardict	raw	prefix	849	2000
sample	prose_heavy	stardict	raw	prefix	850	150167
sample	prose_heavy	stardict	raw	prefix	851	292375
sample	prose_heavy	stardict	raw	prefix	852	9583
sample	prose_heavy	stardict	raw	prefix	853	709
sample	prose_heavy	stardict	raw	prefix	854	146417
sample	prose_heavy	stardict	raw	prefix	855	464166
sample	prose_heavy	stardict	raw	prefix	856	17166
sample	prose_heavy	stardict	raw	prefix	857	7708
sample	prose_heavy	stardict	raw	prefix	858	333959
sample	prose_heavy	stardict	raw	prefix	859	146958
sample	prose_heavy	stardict	raw	prefix	860	9708
sample	prose_heavy	stardict	raw	prefix	861	667
sample	prose_heavy	stardict	raw	prefix	862	146875
sample	prose_heavy	stardict	raw	prefix	863	158667
sample	prose_heavy	stardict	raw	prefix	864	8500
sample	prose_heavy	stardict	raw	prefix	865	3625
sample	prose_heavy	stardict	raw	prefix	866	157292
sample	prose_heavy	stardict	raw	prefix	867	155250
sample	prose_heavy	stardict	raw	prefix	868	8042
sample	prose_heavy	stardict	raw	prefix	869	2250
sample	prose_heavy	stardict	raw	prefix	870	147042
sample	prose_heavy	stardict	raw	prefix	871	163417
sample	prose_heavy	stardict	raw	prefix	872	7208
sample	prose_heavy	stardict	raw	prefix	873	2750
sample	prose_heavy	stardict	raw	prefix	874	149667
sample	prose_heavy	stardict	raw	prefix	875	1524833
sample	prose_heavy	stardict	raw	prefix	876	21250
sample	prose_heavy	stardict	raw	prefix	877	2500
sample	prose_heavy	stardict	raw	prefix	878	228000
sample	prose_heavy	stardict	raw	prefix	879	158625
sample	prose_heavy	stardict	raw	prefix	880	11417
sample	prose_heavy	stardict	raw	prefix	881	2917
sample	prose_heavy	stardict	raw	prefix	882	151667
sample	prose_heavy	stardict	raw	prefix	883	167500
sample	prose_heavy	stardict	raw	prefix	884	4042
sample	prose_heavy	stardict	raw	prefix	885	625
sample	prose_heavy	stardict	raw	prefix	886	142667
sample	prose_heavy	stardict	raw	prefix	887	228708
sample	prose_heavy	stardict	raw	prefix	888	10500
sample	prose_heavy	stardict	raw	prefix	889	10833
sample	prose_heavy	stardict	raw	prefix	890	500875
sample	prose_heavy	stardict	raw	prefix	891	165750
sample	prose_heavy	stardict	raw	prefix	892	10000
sample	prose_heavy	stardict	raw	prefix	893	750
sample	prose_heavy	stardict	raw	prefix	894	147583
sample	prose_heavy	stardict	raw	prefix	895	285000
sample	prose_heavy	stardict	raw	prefix	896	8083
sample	prose_heavy	stardict	raw	prefix	897	2292
sample	prose_heavy	stardict	raw	prefix	898	146667
sample	prose_heavy	stardict	raw	prefix	899	277708
sample	prose_heavy	stardict	raw	prefix	900	6375
sample	prose_heavy	stardict	raw	prefix	901	708
sample	prose_heavy	stardict	raw	prefix	902	145333
sample	prose_heavy	stardict	raw	prefix	903	168916
sample	prose_heavy	stardict	raw	prefix	904	6167
sample	prose_heavy	stardict	raw	prefix	905	2625
sample	prose_heavy	stardict	raw	prefix	906	403083
sample	prose_heavy	stardict	raw	prefix	907	158709
sample	prose_heavy	stardict	raw	prefix	908	4166
sample	prose_heavy	stardict	raw	prefix	909	667
sample	prose_heavy	stardict	raw	prefix	910	141708
sample	prose_heavy	stardict	raw	prefix	911	329000
sample	prose_heavy	stardict	raw	prefix	912	10000
sample	prose_heavy	stardict	raw	prefix	913	8834
sample	prose_heavy	stardict	raw	prefix	914	363583
sample	prose_heavy	stardict	raw	prefix	915	156292
sample	prose_heavy	stardict	raw	prefix	916	35958
sample	prose_heavy	stardict	raw	prefix	917	4792
sample	prose_heavy	stardict	raw	prefix	918	447375
sample	prose_heavy	stardict	raw	prefix	919	449084
sample	prose_heavy	stardict	raw	prefix	920	9833
sample	prose_heavy	stardict	raw	prefix	921	2541
sample	prose_heavy	stardict	raw	prefix	922	147334
sample	prose_heavy	stardict	raw	prefix	923	161458
sample	prose_heavy	stardict	raw	prefix	924	12917
sample	prose_heavy	stardict	raw	prefix	925	6709
sample	prose_heavy	stardict	raw	prefix	926	156625
sample	prose_heavy	stardict	raw	prefix	927	692750
sample	prose_heavy	stardict	raw	prefix	928	7709
sample	prose_heavy	stardict	raw	prefix	929	2542
sample	prose_heavy	stardict	raw	prefix	930	149833
sample	prose_heavy	stardict	raw	prefix	931	169208
sample	prose_heavy	stardict	raw	prefix	932	10166
sample	prose_heavy	stardict	raw	prefix	933	1042
sample	prose_heavy	stardict	raw	prefix	934	154000
sample	prose_heavy	stardict	raw	prefix	935	167667
sample	prose_heavy	stardict	raw	prefix	936	6625
sample	prose_heavy	stardict	raw	prefix	937	2042
sample	prose_heavy	stardict	raw	prefix	938	149833
sample	prose_heavy	stardict	raw	prefix	939	149875
sample	prose_heavy	stardict	raw	prefix	940	8292
sample	prose_heavy	stardict	raw	prefix	941	875
sample	prose_heavy	stardict	raw	prefix	942	142917
sample	prose_heavy	stardict	raw	prefix	943	160458
sample	prose_heavy	stardict	raw	prefix	944	8459
sample	prose_heavy	stardict	raw	prefix	945	2250
sample	prose_heavy	stardict	raw	prefix	946	145375
sample	prose_heavy	stardict	raw	prefix	947	157084
sample	prose_heavy	stardict	raw	prefix	948	12916
sample	prose_heavy	stardict	raw	prefix	949	5750
sample	prose_heavy	stardict	raw	prefix	950	1708125
sample	prose_heavy	stardict	raw	prefix	951	415792
sample	prose_heavy	stardict	raw	prefix	952	10041
sample	prose_heavy	stardict	raw	prefix	953	6666
sample	prose_heavy	stardict	raw	prefix	954	482542
sample	prose_heavy	stardict	raw	prefix	955	157333
sample	prose_heavy	stardict	raw	prefix	956	11042
sample	prose_heavy	stardict	raw	prefix	957	666
sample	prose_heavy	stardict	raw	prefix	958	150208
sample	prose_heavy	stardict	raw	prefix	959	357666
sample	prose_heavy	stardict	raw	prefix	960	8125
sample	prose_heavy	stardict	raw	prefix	961	2334
sample	prose_heavy	stardict	raw	prefix	962	147541
sample	prose_heavy	stardict	raw	prefix	963	161500
sample	prose_heavy	stardict	raw	prefix	964	9500
sample	prose_heavy	stardict	raw	prefix	965	750
sample	prose_heavy	stardict	raw	prefix	966	188583
sample	prose_heavy	stardict	raw	prefix	967	167708
sample	prose_heavy	stardict	raw	prefix	968	9792
sample	prose_heavy	stardict	raw	prefix	969	3500
sample	prose_heavy	stardict	raw	prefix	970	154958
sample	prose_heavy	stardict	raw	prefix	971	164000
sample	prose_heavy	stardict	raw	prefix	972	3375
sample	prose_heavy	stardict	raw	prefix	973	667
sample	prose_heavy	stardict	raw	prefix	974	140083
sample	prose_heavy	stardict	raw	prefix	975	159416
sample	prose_heavy	stardict	raw	prefix	976	9125
sample	prose_heavy	stardict	raw	prefix	977	2042
sample	prose_heavy	stardict	raw	prefix	978	160583
sample	prose_heavy	stardict	raw	prefix	979	262583
sample	prose_heavy	stardict	raw	prefix	980	12792
sample	prose_heavy	stardict	raw	prefix	981	708
sample	prose_heavy	stardict	raw	prefix	982	150208
sample	prose_heavy	stardict	raw	prefix	983	155166
sample	prose_heavy	stardict	raw	prefix	984	10000
sample	prose_heavy	stardict	raw	prefix	985	2125
sample	prose_heavy	stardict	raw	prefix	986	146708
sample	prose_heavy	stardict	raw	prefix	987	1642000
sample	prose_heavy	stardict	raw	prefix	988	18959
sample	prose_heavy	stardict	raw	prefix	989	79334
sample	prose_heavy	stardict	raw	prefix	990	422333
sample	prose_heavy	stardict	raw	prefix	991	160917
sample	prose_heavy	stardict	raw	prefix	992	18792
sample	prose_heavy	stardict	raw	prefix	993	7958
sample	prose_heavy	stardict	raw	prefix	994	398667
sample	prose_heavy	stardict	raw	prefix	995	161042
sample	prose_heavy	stardict	raw	prefix	996	11709
sample	prose_heavy	stardict	raw	prefix	997	2042
sample	prose_heavy	stardict	raw	prefix	998	149625
sample	prose_heavy	stardict	raw	prefix	999	155625
sample	prose_heavy	stardict	raw	render	0	6459
sample	prose_heavy	stardict	raw	render	1	11083
sample	prose_heavy	stardict	raw	render	2	5083
sample	prose_heavy	stardict	raw	render	3	7583
sample	prose_heavy	stardict	raw	render	4	7167
sample	prose_heavy	stardict	raw	render	5	4458
sample	prose_heavy	stardict	raw	render	6	1709
sample	prose_heavy	stardict	raw	render	7	1375
sample	prose_heavy	stardict	raw	render	8	1541
sample	prose_heavy	stardict	raw	render	9	1375
sample	prose_heavy	stardict	raw	render	10	5042
sample	prose_heavy	stardict	raw	render	11	2083
sample	prose_heavy	stardict	raw	render	12	1625
sample	prose_heavy	stardict	raw	render	13	3458
sample	prose_heavy	stardict	raw	render	14	7875
sample	prose_heavy	stardict	raw	render	15	5291
sample	prose_heavy	stardict	raw	render	16	2500
sample	prose_heavy	stardict	raw	render	17	2667
sample	prose_heavy	stardict	raw	render	18	3584
sample	prose_heavy	stardict	raw	render	19	3000
sample	prose_heavy	stardict	raw	render	20	2291
sample	prose_heavy	stardict	raw	render	21	1875
sample	prose_heavy	stardict	raw	render	22	1416
sample	prose_heavy	stardict	raw	render	23	1750
sample	prose_heavy	stardict	raw	render	24	1458
sample	prose_heavy	stardict	raw	render	25	1417
sample	prose_heavy	stardict	raw	render	26	3833
sample	prose_heavy	stardict	raw	render	27	2333
sample	prose_heavy	stardict	raw	render	28	1833
sample	prose_heavy	stardict	raw	render	29	1917
sample	prose_heavy	stardict	raw	render	30	1541
sample	prose_heavy	stardict	raw	render	31	4875
sample	prose_heavy	stardict	raw	render	32	3334
sample	prose_heavy	stardict	raw	render	33	2708
sample	prose_heavy	stardict	raw	render	34	1416
sample	prose_heavy	stardict	raw	render	35	1750
sample	prose_heavy	stardict	raw	render	36	3458
sample	prose_heavy	stardict	raw	render	37	33791
sample	prose_heavy	stardict	raw	render	38	4250
sample	prose_heavy	stardict	raw	render	39	1875
sample	prose_heavy	stardict	raw	render	40	1541
sample	prose_heavy	stardict	raw	render	41	9542
sample	prose_heavy	stardict	raw	render	42	3042
sample	prose_heavy	stardict	raw	render	43	15458
sample	prose_heavy	stardict	raw	render	44	9125
sample	prose_heavy	stardict	raw	render	45	4208
sample	prose_heavy	stardict	raw	render	46	2084
sample	prose_heavy	stardict	raw	render	47	31666
sample	prose_heavy	stardict	raw	render	48	11666
sample	prose_heavy	stardict	raw	render	49	13750
sample	prose_heavy	stardict	raw	render	50	11042
sample	prose_heavy	stardict	raw	render	51	9375
sample	prose_heavy	stardict	raw	render	52	3958
sample	prose_heavy	stardict	raw	render	53	2250
sample	prose_heavy	stardict	raw	render	54	1708
sample	prose_heavy	stardict	raw	render	55	1625
sample	prose_heavy	stardict	raw	render	56	11958
sample	prose_heavy	stardict	raw	render	57	6291
sample	prose_heavy	stardict	raw	render	58	2542
sample	prose_heavy	stardict	raw	render	59	1625
sample	prose_heavy	stardict	raw	render	60	1375
sample	prose_heavy	stardict	raw	render	61	2083
sample	prose_heavy	stardict	raw	render	62	2958
sample	prose_heavy	stardict	raw	render	63	1459
sample	prose_heavy	stardict	raw	render	64	1458
sample	prose_heavy	stardict	raw	render	65	2834
sample	prose_heavy	stardict	raw	render	66	1417
sample	prose_heavy	stardict	raw	render	67	4750
sample	prose_heavy	stardict	raw	render	68	1916
sample	prose_heavy	stardict	raw	render	69	2167
sample	prose_heavy	stardict	raw	render	70	7209
sample	prose_heavy	stardict	raw	render	71	8875
sample	prose_heavy	stardict	raw	render	72	9916
sample	prose_heavy	stardict	raw	render	73	6417
sample	prose_heavy	stardict	raw	render	74	6083
sample	prose_heavy	stardict	raw	render	75	5917
sample	prose_heavy	stardict	raw	render	76	3125
sample	prose_heavy	stardict	raw	render	77	7334
sample	prose_heavy	stardict	raw	render	78	7583
sample	prose_heavy	stardict	raw	render	79	3500
sample	prose_heavy	stardict	raw	render	80	3833
sample	prose_heavy	stardict	raw	render	81	3541
sample	prose_heavy	stardict	raw	render	82	6042
sample	prose_heavy	stardict	raw	render	83	2792
sample	prose_heavy	stardict	raw	render	84	1875
sample	prose_heavy	stardict	raw	render	85	1500
sample	prose_heavy	stardict	raw	render	86	1750
sample	prose_heavy	stardict	raw	render	87	10667
sample	prose_heavy	stardict	raw	render	88	7334
sample	prose_heavy	stardict	raw	render	89	3042
sample	prose_heavy	stardict	raw	render	90	1750
sample	prose_heavy	stardict	raw	render	91	1666
sample	prose_heavy	stardict	raw	render	92	1500
sample	prose_heavy	stardict	raw	render	93	1583
sample	prose_heavy	stardict	raw	render	94	42708
sample	prose_heavy	stardict	raw	render	95	3625
sample	prose_heavy	stardict	raw	render	96	1833
sample	prose_heavy	stardict	raw	render	97	1541
sample	prose_heavy	stardict	raw	render	98	2000
sample	prose_heavy	stardict	raw	render	99	8125
sample	prose_heavy	stardict	raw	render	100	4500
sample	prose_heavy	stardict	raw	render	101	2125
sample	prose_heavy	stardict	raw	render	102	1458
sample	prose_heavy	stardict	raw	render	103	3458
sample	prose_heavy	stardict	raw	render	104	8375
sample	prose_heavy	stardict	raw	render	105	4583
sample	prose_heavy	stardict	raw	render	106	2083
sample	prose_heavy	stardict	raw	render	107	10625
sample	prose_heavy	stardict	raw	render	108	3667
sample	prose_heavy	stardict	raw	render	109	1667
sample	prose_heavy	stardict	raw	render	110	1541
sample	prose_heavy	stardict	raw	render	111	1667
sample	prose_heavy	stardict	raw	render	112	1708
sample	prose_heavy	stardict	raw	render	113	9125
sample	prose_heavy	stardict	raw	render	114	9416
sample	prose_heavy	stardict	raw	render	115	3334
sample	prose_heavy	stardict	raw	render	116	2666
sample	prose_heavy	stardict	raw	render	117	3375
sample	prose_heavy	stardict	raw	render	118	2292
sample	prose_heavy	stardict	raw	render	119	2041
sample	prose_heavy	stardict	raw	render	120	12375
sample	prose_heavy	stardict	raw	render	121	6750
sample	prose_heavy	stardict	raw	render	122	8583
sample	prose_heavy	stardict	raw	render	123	3209
sample	prose_heavy	stardict	raw	render	124	9167
sample	prose_heavy	stardict	raw	render	125	5250
sample	prose_heavy	stardict	raw	render	126	8375
sample	prose_heavy	stardict	raw	render	127	3417
sample	prose_heavy	stardict	raw	render	128	1875
sample	prose_heavy	stardict	raw	render	129	7708
sample	prose_heavy	stardict	raw	render	130	12166
sample	prose_heavy	stardict	raw	render	131	7792
sample	prose_heavy	stardict	raw	render	132	5791
sample	prose_heavy	stardict	raw	render	133	1875
sample	prose_heavy	stardict	raw	render	134	1542
sample	prose_heavy	stardict	raw	render	135	3583
sample	prose_heavy	stardict	raw	render	136	8167
sample	prose_heavy	stardict	raw	render	137	9542
sample	prose_heavy	stardict	raw	render	138	3291
sample	prose_heavy	stardict	raw	render	139	2708
sample	prose_heavy	stardict	raw	render	140	1917
sample	prose_heavy	stardict	raw	render	141	1875
sample	prose_heavy	stardict	raw	render	142	7792
sample	prose_heavy	stardict	raw	render	143	2958
sample	prose_heavy	stardict	raw	render	144	1958
sample	prose_heavy	stardict	raw	render	145	10042
sample	prose_heavy	stardict	raw	render	146	5333
sample	prose_heavy	stardict	raw	render	147	3167
sample	prose_heavy	stardict	raw	render	148	1833
sample	prose_heavy	stardict	raw	render	149	1709
sample	prose_heavy	stardict	raw	render	150	1417
sample	prose_heavy	stardict	raw	render	151	10333
sample	prose_heavy	stardict	raw	render	152	4458
sample	prose_heavy	stardict	raw	render	153	2458
sample	prose_heavy	stardict	raw	render	154	1708
sample	prose_heavy	stardict	raw	render	155	1625
sample	prose_heavy	stardict	raw	render	156	1708
sample	prose_heavy	stardict	raw	render	157	2750
sample	prose_heavy	stardict	raw	render	158	5875
sample	prose_heavy	stardict	raw	render	159	2500
sample	prose_heavy	stardict	raw	render	160	8375
sample	prose_heavy	stardict	raw	render	161	4583
sample	prose_heavy	stardict	raw	render	162	2417
sample	prose_heavy	stardict	raw	render	163	1542
sample	prose_heavy	stardict	raw	render	164	10125
sample	prose_heavy	stardict	raw	render	165	9167
sample	prose_heavy	stardict	raw	render	166	2666
sample	prose_heavy	stardict	raw	render	167	1958
sample	prose_heavy	stardict	raw	render	168	1584
sample	prose_heavy	stardict	raw	render	169	11625
sample	prose_heavy	stardict	raw	render	170	10084
sample	prose_heavy	stardict	raw	render	171	6125
sample	prose_heavy	stardict	raw	render	172	8125
sample	prose_heavy	stardict	raw	render	173	9459
sample	prose_heavy	stardict	raw	render	174	6875
sample	prose_heavy	stardict	raw	render	175	2708
sample	prose_heavy	stardict	raw	render	176	3916
sample	prose_heavy	stardict	raw	render	177	3625
sample	prose_heavy	stardict	raw	render	178	2167
sample	prose_heavy	stardict	raw	render	179	7000
sample	prose_heavy	stardict	raw	render	180	11084
sample	prose_heavy	stardict	raw	render	181	45250
sample	prose_heavy	stardict	raw	render	182	4333
sample	prose_heavy	stardict	raw	render	183	2500
sample	prose_heavy	stardict	raw	render	184	6584
sample	prose_heavy	stardict	raw	render	185	8625
sample	prose_heavy	stardict	raw	render	186	10958
sample	prose_heavy	stardict	raw	render	187	7750
sample	prose_heavy	stardict	raw	render	188	4375
sample	prose_heavy	stardict	raw	render	189	1875
sample	prose_heavy	stardict	raw	render	190	4292
sample	prose_heavy	stardict	raw	render	191	7041
sample	prose_heavy	stardict	raw	render	192	3667
sample	prose_heavy	stardict	raw	render	193	5333
sample	prose_heavy	stardict	raw	render	194	2750
sample	prose_heavy	stardict	raw	render	195	1833
sample	prose_heavy	stardict	raw	render	196	3459
sample	prose_heavy	stardict	raw	render	197	8916
sample	prose_heavy	stardict	raw	render	198	3875
sample	prose_heavy	stardict	raw	render	199	3292
sample	prose_heavy	stardict	raw	render	200	5375
sample	prose_heavy	stardict	raw	render	201	2166
sample	prose_heavy	stardict	raw	render	202	1583
sample	prose_heavy	stardict	raw	render	203	1792
sample	prose_heavy	stardict	raw	render	204	2959
sample	prose_heavy	stardict	raw	render	205	5000
sample	prose_heavy	stardict	raw	render	206	3417
sample	prose_heavy	stardict	raw	render	207	2042
sample	prose_heavy	stardict	raw	render	208	3542
sample	prose_heavy	stardict	raw	render	209	1750
sample	prose_heavy	stardict	raw	render	210	1375
sample	prose_heavy	stardict	raw	render	211	1833
sample	prose_heavy	stardict	raw	render	212	2541
sample	prose_heavy	stardict	raw	render	213	4750
sample	prose_heavy	stardict	raw	render	214	2958
sample	prose_heavy	stardict	raw	render	215	2542
sample	prose_heavy	stardict	raw	render	216	2334
sample	prose_heavy	stardict	raw	render	217	1500
sample	prose_heavy	stardict	raw	render	218	1625
sample	prose_heavy	stardict	raw	render	219	6958
sample	prose_heavy	stardict	raw	render	220	2584
sample	prose_heavy	stardict	raw	render	221	4458
sample	prose_heavy	stardict	raw	render	222	8042
sample	prose_heavy	stardict	raw	render	223	2667
sample	prose_heavy	stardict	raw	render	224	3542
sample	prose_heavy	stardict	raw	render	225	1750
sample	prose_heavy	stardict	raw	render	226	1750
sample	prose_heavy	stardict	raw	render	227	1834
sample	prose_heavy	stardict	raw	render	228	12042
sample	prose_heavy	stardict	raw	render	229	8250
sample	prose_heavy	stardict	raw	render	230	4250
sample	prose_heavy	stardict	raw	render	231	2167
sample	prose_heavy	stardict	raw	render	232	11167
sample	prose_heavy	stardict	raw	render	233	3625
sample	prose_heavy	stardict	raw	render	234	2416
sample	prose_heavy	stardict	raw	render	235	8083
sample	prose_heavy	stardict	raw	render	236	3084
sample	prose_heavy	stardict	raw	render	237	3083
sample	prose_heavy	stardict	raw	render	238	9333
sample	prose_heavy	stardict	raw	render	239	13125
sample	prose_heavy	stardict	raw	render	240	5125
sample	prose_heavy	stardict	raw	render	241	2291
sample	prose_heavy	stardict	raw	render	242	3209
sample	prose_heavy	stardict	raw	render	243	6083
sample	prose_heavy	stardict	raw	render	244	9833
sample	prose_heavy	stardict	raw	render	245	13958
sample	prose_heavy	stardict	raw	render	246	7292
sample	prose_heavy	stardict	raw	render	247	5667
sample	prose_heavy	stardict	raw	render	248	10166
sample	prose_heavy	stardict	raw	render	249	8000
sample	prose_heavy	stardict	raw	render	250	10500
sample	prose_heavy	stardict	raw	render	251	10333
sample	prose_heavy	stardict	raw	render	252	8834
sample	prose_heavy	stardict	raw	render	253	4875
sample	prose_heavy	stardict	raw	render	254	52708
sample	prose_heavy	stardict	raw	render	255	10875
sample	prose_heavy	stardict	raw	render	256	5250
sample	prose_heavy	stardict	raw	render	257	7417
sample	prose_heavy	stardict	raw	render	258	9583
sample	prose_heavy	stardict	raw	render	259	10291
sample	prose_heavy	stardict	raw	render	260	19500
sample	prose_heavy	stardict	raw	render	261	8792
sample	prose_heavy	stardict	raw	render	262	6917
sample	prose_heavy	stardict	raw	render	263	7125
sample	prose_heavy	stardict	raw	render	264	6584
sample	prose_heavy	stardict	raw	render	265	3250
sample	prose_heavy	stardict	raw	render	266	10375
sample	prose_heavy	stardict	raw	render	267	8916
sample	prose_heavy	stardict	raw	render	268	7042
sample	prose_heavy	stardict	raw	render	269	8084
sample	prose_heavy	stardict	raw	render	270	7208
sample	prose_heavy	stardict	raw	render	271	5459
sample	prose_heavy	stardict	raw	render	272	3791
sample	prose_heavy	stardict	raw	render	273	3500
sample	prose_heavy	stardict	raw	render	274	2125
sample	prose_heavy	stardict	raw	render	275	1458
sample	prose_heavy	stardict	raw	render	276	1792
sample	prose_heavy	stardict	raw	render	277	2875
sample	prose_heavy	stardict	raw	render	278	10958
sample	prose_heavy	stardict	raw	render	279	4792
sample	prose_heavy	stardict	raw	render	280	2250
sample	prose_heavy	stardict	raw	render	281	1875
sample	prose_heavy	stardict	raw	render	282	2459
sample	prose_heavy	stardict	raw	render	283	9250
sample	prose_heavy	stardict	raw	render	284	5458
sample	prose_heavy	stardict	raw	render	285	6750
sample	prose_heavy	stardict	raw	render	286	12333
sample	prose_heavy	stardict	raw	render	287	3417
sample	prose_heavy	stardict	raw	render	288	2208
sample	prose_heavy	stardict	raw	render	289	4917
sample	prose_heavy	stardict	raw	render	290	10583
sample	prose_heavy	stardict	raw	render	291	10292
sample	prose_heavy	stardict	raw	render	292	2500
sample	prose_heavy	stardict	raw	render	293	1834
sample	prose_heavy	stardict	raw	render	294	1625
sample	prose_heavy	stardict	raw	render	295	6542
sample	prose_heavy	stardict	raw	render	296	3083
sample	prose_heavy	stardict	raw	render	297	3166
sample	prose_heavy	stardict	raw	render	298	1916
sample	prose_heavy	stardict	raw	render	299	1917
sample	prose_heavy	stardict	raw	render	300	1625
sample	prose_heavy	stardict	raw	render	301	1833
sample	prose_heavy	stardict	raw	render	302	11416
sample	prose_heavy	stardict	raw	render	303	7417
sample	prose_heavy	stardict	raw	render	304	1917
sample	prose_heavy	stardict	raw	render	305	2125
sample	prose_heavy	stardict	raw	render	306	8917
sample	prose_heavy	stardict	raw	render	307	3458
sample	prose_heavy	stardict	raw	render	308	2041
sample	prose_heavy	stardict	raw	render	309	1792
sample	prose_heavy	stardict	raw	render	310	6250
sample	prose_heavy	stardict	raw	render	311	2167
sample	prose_heavy	stardict	raw	render	312	7875
sample	prose_heavy	stardict	raw	render	313	10958
sample	prose_heavy	stardict	raw	render	314	4416
sample	prose_heavy	stardict	raw	render	315	2333
sample	prose_heavy	stardict	raw	render	316	7750
sample	prose_heavy	stardict	raw	render	317	7833
sample	prose_heavy	stardict	raw	render	318	8584
sample	prose_heavy	stardict	raw	render	319	7084
sample	prose_heavy	stardict	raw	render	320	2375
sample	prose_heavy	stardict	raw	render	321	3000
sample	prose_heavy	stardict	raw	render	322	2042
sample	prose_heavy	stardict	raw	render	323	1917
sample	prose_heavy	stardict	raw	render	324	2708
sample	prose_heavy	stardict	raw	render	325	3000
sample	prose_heavy	stardict	raw	render	326	1750
sample	prose_heavy	stardict	raw	render	327	1625
sample	prose_heavy	stardict	raw	render	328	1667
sample	prose_heavy	stardict	raw	render	329	13375
sample	prose_heavy	stardict	raw	render	330	3584
sample	prose_heavy	stardict	raw	render	331	2625
sample	prose_heavy	stardict	raw	render	332	8667
sample	prose_heavy	stardict	raw	render	333	8583
sample	prose_heavy	stardict	raw	render	334	10667
sample	prose_heavy	stardict	raw	render	335	5875
sample	prose_heavy	stardict	raw	render	336	2958
sample	prose_heavy	stardict	raw	render	337	6667
sample	prose_heavy	stardict	raw	render	338	3666
sample	prose_heavy	stardict	raw	render	339	17250
sample	prose_heavy	stardict	raw	render	340	6500
sample	prose_heavy	stardict	raw	render	341	2042
sample	prose_heavy	stardict	raw	render	342	7792
sample	prose_heavy	stardict	raw	render	343	17375
sample	prose_heavy	stardict	raw	render	344	2750
sample	prose_heavy	stardict	raw	render	345	11334
sample	prose_heavy	stardict	raw	render	346	3625
sample	prose_heavy	stardict	raw	render	347	4042
sample	prose_heavy	stardict	raw	render	348	2083
sample	prose_heavy	stardict	raw	render	349	1750
sample	prose_heavy	stardict	raw	render	350	1583
sample	prose_heavy	stardict	raw	render	351	2708
sample	prose_heavy	stardict	raw	render	352	1625
sample	prose_heavy	stardict	raw	render	353	2792
sample	prose_heavy	stardict	raw	render	354	2458
sample	prose_heavy	stardict	raw	render	355	2417
sample	prose_heavy	stardict	raw	render	356	1542
sample	prose_heavy	stardict	raw	render	357	1708
sample	prose_heavy	stardict	raw	render	358	16541
sample	prose_heavy	stardict	raw	render	359	3292
sample	prose_heavy	stardict	raw	render	360	3208
sample	prose_heavy	stardict	raw	render	361	3208
sample	prose_heavy	stardict	raw	render	362	2125
sample	prose_heavy	stardict	raw	render	363	2458
sample	prose_heavy	stardict	raw	render	364	3292
sample	prose_heavy	stardict	raw	render	365	1417
sample	prose_heavy	stardict	raw	render	366	1875
sample	prose_heavy	stardict	raw	render	367	1458
sample	prose_heavy	stardict	raw	render	368	1708
sample	prose_heavy	stardict	raw	render	369	1458
sample	prose_heavy	stardict	raw	render	370	1500
sample	prose_heavy	stardict	raw	render	371	4750
sample	prose_heavy	stardict	raw	render	372	3583
sample	prose_heavy	stardict	raw	render	373	2042
sample	prose_heavy	stardict	raw	render	374	1667
sample	prose_heavy	stardict	raw	render	375	2792
sample	prose_heavy	stardict	raw	render	376	7458
sample	prose_heavy	stardict	raw	render	377	6166
sample	prose_heavy	stardict	raw	render	378	2375
sample	prose_heavy	stardict	raw	render	379	6750
sample	prose_heavy	stardict	raw	render	380	5666
sample	prose_heavy	stardict	raw	render	381	2584
sample	prose_heavy	stardict	raw	render	382	1958
sample	prose_heavy	stardict	raw	render	383	1750
sample	prose_heavy	stardict	raw	render	384	3916
sample	prose_heavy	stardict	raw	render	385	10958
sample	prose_heavy	stardict	raw	render	386	4459
sample	prose_heavy	stardict	raw	render	387	3583
sample	prose_heavy	stardict	raw	render	388	2792
sample	prose_heavy	stardict	raw	render	389	3584
sample	prose_heavy	stardict	raw	render	390	1625
sample	prose_heavy	stardict	raw	render	391	10500
sample	prose_heavy	stardict	raw	render	392	8542
sample	prose_heavy	stardict	raw	render	393	23875
sample	prose_heavy	stardict	raw	render	394	2208
sample	prose_heavy	stardict	raw	render	395	2750
sample	prose_heavy	stardict	raw	render	396	6833
sample	prose_heavy	stardict	raw	render	397	3208
sample	prose_heavy	stardict	raw	render	398	1791
sample	prose_heavy	stardict	raw	render	399	3000
sample	prose_heavy	stardict	raw	render	400	2041
sample	prose_heavy	stardict	raw	render	401	2000
sample	prose_heavy	stardict	raw	render	402	1750
sample	prose_heavy	stardict	raw	render	403	5041
sample	prose_heavy	stardict	raw	render	404	2625
sample	prose_heavy	stardict	raw	render	405	8708
sample	prose_heavy	stardict	raw	render	406	4750
sample	prose_heavy	stardict	raw	render	407	4667
sample	prose_heavy	stardict	raw	render	408	2625
sample	prose_heavy	stardict	raw	render	409	7875
sample	prose_heavy	stardict	raw	render	410	2959
sample	prose_heavy	stardict	raw	render	411	31750
sample	prose_heavy	stardict	raw	render	412	3000
sample	prose_heavy	stardict	raw	render	413	1667
sample	prose_heavy	stardict	raw	render	414	1583
sample	prose_heavy	stardict	raw	render	415	3917
sample	prose_heavy	stardict	raw	render	416	2333
sample	prose_heavy	stardict	raw	render	417	1875
sample	prose_heavy	stardict	raw	render	418	1750
sample	prose_heavy	stardict	raw	render	419	3209
sample	prose_heavy	stardict	raw	render	420	1709
sample	prose_heavy	stardict	raw	render	421	6750
sample	prose_heavy	stardict	raw	render	422	3500
sample	prose_heavy	stardict	raw	render	423	2792
sample	prose_heavy	stardict	raw	render	424	5583
sample	prose_heavy	stardict	raw	render	425	4792
sample	prose_heavy	stardict	raw	render	426	7625
sample	prose_heavy	stardict	raw	render	427	2833
sample	prose_heavy	stardict	raw	render	428	1917
sample	prose_heavy	stardict	raw	render	429	2417
sample	prose_heavy	stardict	raw	render	430	4125
sample	prose_heavy	stardict	raw	render	431	2292
sample	prose_heavy	stardict	raw	render	432	3292
sample	prose_heavy	stardict	raw	render	433	2250
sample	prose_heavy	stardict	raw	render	434	1709
sample	prose_heavy	stardict	raw	render	435	3334
sample	prose_heavy	stardict	raw	render	436	7833
sample	prose_heavy	stardict	raw	render	437	6792
sample	prose_heavy	stardict	raw	render	438	16792
sample	prose_heavy	stardict	raw	render	439	8250
sample	prose_heavy	stardict	raw	render	440	8167
sample	prose_heavy	stardict	raw	render	441	3000
sample	prose_heavy	stardict	raw	render	442	2541
sample	prose_heavy	stardict	raw	render	443	9125
sample	prose_heavy	stardict	raw	render	444	3459
sample	prose_heavy	stardict	raw	render	445	1916
sample	prose_heavy	stardict	raw	render	446	3500
sample	prose_heavy	stardict	raw	render	447	3500
sample	prose_heavy	stardict	raw	render	448	1917
sample	prose_heavy	stardict	raw	render	449	1542
sample	prose_heavy	stardict	raw	render	450	1209
sample	prose_heavy	stardict	raw	render	451	1375
sample	prose_heavy	stardict	raw	render	452	1541
sample	prose_heavy	stardict	raw	render	453	10875
sample	prose_heavy	stardict	raw	render	454	9917
sample	prose_heavy	stardict	raw	render	455	3750
sample	prose_heavy	stardict	raw	render	456	2583
sample	prose_heavy	stardict	raw	render	457	1459
sample	prose_heavy	stardict	raw	render	458	9458
sample	prose_heavy	stardict	raw	render	459	4875
sample	prose_heavy	stardict	raw	render	460	1917
sample	prose_heavy	stardict	raw	render	461	1584
sample	prose_heavy	stardict	raw	render	462	1750
sample	prose_heavy	stardict	raw	render	463	4833
sample	prose_heavy	stardict	raw	render	464	9583
sample	prose_heavy	stardict	raw	render	465	25167
sample	prose_heavy	stardict	raw	render	466	53958
sample	prose_heavy	stardict	raw	render	467	3000
sample	prose_heavy	stardict	raw	render	468	2125
sample	prose_heavy	stardict	raw	render	469	1708
sample	prose_heavy	stardict	raw	render	470	8542
sample	prose_heavy	stardict	raw	render	471	10958
sample	prose_heavy	stardict	raw	render	472	3250
sample	prose_heavy	stardict	raw	render	473	2833
sample	prose_heavy	stardict	raw	render	474	6167
sample	prose_heavy	stardict	raw	render	475	10417
sample	prose_heavy	stardict	raw	render	476	4583
sample	prose_heavy	stardict	raw	render	477	3375
sample	prose_heavy	stardict	raw	render	478	2042
sample	prose_heavy	stardict	raw	render	479	1375
sample	prose_heavy	stardict	raw	render	480	1375
sample	prose_heavy	stardict	raw	render	481	1375
sample	prose_heavy	stardict	raw	render	482	1708
sample	prose_heavy	stardict	raw	render	483	11459
sample	prose_heavy	stardict	raw	render	484	3292
sample	prose_heavy	stardict	raw	render	485	3334
sample	prose_heavy	stardict	raw	render	486	1791
sample	prose_heavy	stardict	raw	render	487	1250
sample	prose_heavy	stardict	raw	render	488	1500
sample	prose_heavy	stardict	raw	render	489	1458
sample	prose_heavy	stardict	raw	render	490	1625
sample	prose_heavy	stardict	raw	render	491	3916
sample	prose_heavy	stardict	raw	render	492	2833
sample	prose_heavy	stardict	raw	render	493	6542
sample	prose_heavy	stardict	raw	render	494	5875
sample	prose_heavy	stardict	raw	render	495	7500
sample	prose_heavy	stardict	raw	render	496	8542
sample	prose_heavy	stardict	raw	render	497	2583
sample	prose_heavy	stardict	raw	render	498	1542
sample	prose_heavy	stardict	raw	render	499	6583
sample	prose_heavy	stardict	raw	render	500	2667
sample	prose_heavy	stardict	raw	render	501	9167
sample	prose_heavy	stardict	raw	render	502	2209
sample	prose_heavy	stardict	raw	render	503	1834
sample	prose_heavy	stardict	raw	render	504	1959
sample	prose_heavy	stardict	raw	render	505	7250
sample	prose_heavy	stardict	raw	render	506	3917
sample	prose_heavy	stardict	raw	render	507	4250
sample	prose_heavy	stardict	raw	render	508	2167
sample	prose_heavy	stardict	raw	render	509	1500
sample	prose_heavy	stardict	raw	render	510	9500
sample	prose_heavy	stardict	raw	render	511	3417
sample	prose_heavy	stardict	raw	render	512	2084
sample	prose_heavy	stardict	raw	render	513	2875
sample	prose_heavy	stardict	raw	render	514	1625
sample	prose_heavy	stardict	raw	render	515	2458
sample	prose_heavy	stardict	raw	render	516	2458
sample	prose_heavy	stardict	raw	render	517	1541
sample	prose_heavy	stardict	raw	render	518	16333
sample	prose_heavy	stardict	raw	render	519	2292
sample	prose_heavy	stardict	raw	render	520	1666
sample	prose_heavy	stardict	raw	render	521	1833
sample	prose_heavy	stardict	raw	render	522	1792
sample	prose_heavy	stardict	raw	render	523	1584
sample	prose_heavy	stardict	raw	render	524	1542
sample	prose_heavy	stardict	raw	render	525	1667
sample	prose_heavy	stardict	raw	render	526	1666
sample	prose_heavy	stardict	raw	render	527	3000
sample	prose_heavy	stardict	raw	render	528	7625
sample	prose_heavy	stardict	raw	render	529	3125
sample	prose_heavy	stardict	raw	render	530	2166
sample	prose_heavy	stardict	raw	render	531	1834
sample	prose_heavy	stardict	raw	render	532	1208
sample	prose_heavy	stardict	raw	render	533	3291
sample	prose_heavy	stardict	raw	render	534	8916
sample	prose_heavy	stardict	raw	render	535	4667
sample	prose_heavy	stardict	raw	render	536	1750
sample	prose_heavy	stardict	raw	render	537	1292
sample	prose_heavy	stardict	raw	render	538	5458
sample	prose_heavy	stardict	raw	render	539	1833
sample	prose_heavy	stardict	raw	render	540	1333
sample	prose_heavy	stardict	raw	render	541	1708
sample	prose_heavy	stardict	raw	render	542	1625
sample	prose_heavy	stardict	raw	render	543	1500
sample	prose_heavy	stardict	raw	render	544	2791
sample	prose_heavy	stardict	raw	render	545	4833
sample	prose_heavy	stardict	raw	render	546	4291
sample	prose_heavy	stardict	raw	render	547	5250
sample	prose_heavy	stardict	raw	render	548	2083
sample	prose_heavy	stardict	raw	render	549	1458
sample	prose_heavy	stardict	raw	render	550	1542
sample	prose_heavy	stardict	raw	render	551	1417
sample	prose_heavy	stardict	raw	render	552	3333
sample	prose_heavy	stardict	raw	render	553	2167
sample	prose_heavy	stardict	raw	render	554	1833
sample	prose_heavy	stardict	raw	render	555	12167
sample	prose_heavy	stardict	raw	render	556	2875
sample	prose_heavy	stardict	raw	render	557	12542
sample	prose_heavy	stardict	raw	render	558	3708
sample	prose_heavy	stardict	raw	render	559	3250
sample	prose_heavy	stardict	raw	render	560	1958
sample	prose_heavy	stardict	raw	render	561	1708
sample	prose_heavy	stardict	raw	render	562	1375
sample	prose_heavy	stardict	raw	render	563	1333
sample	prose_heavy	stardict	raw	render	564	7666
sample	prose_heavy	stardict	raw	render	565	3500
sample	prose_heavy	stardict	raw	render	566	2167
sample	prose_heavy	stardict	raw	render	567	1833
sample	prose_heavy	stardict	raw	render	568	1583
sample	prose_heavy	stardict	raw	render	569	3166
sample	prose_heavy	stardict	raw	render	570	1417
sample	prose_heavy	stardict	raw	render	571	1625
sample	prose_heavy	stardict	raw	render	572	1750
sample	prose_heavy	stardict	raw	render	573	5167
sample	prose_heavy	stardict	raw	render	574	1833
sample	prose_heavy	stardict	raw	render	575	5792
sample	prose_heavy	stardict	raw	render	576	2042
sample	prose_heavy	stardict	raw	render	577	1333
sample	prose_heavy	stardict	raw	render	578	1417
sample	prose_heavy	stardict	raw	render	579	3125
sample	prose_heavy	stardict	raw	render	580	3834
sample	prose_heavy	stardict	raw	render	581	1792
sample	prose_heavy	stardict	raw	render	582	1542
sample	prose_heavy	stardict	raw	render	583	4500
sample	prose_heavy	stardict	raw	render	584	1792
sample	prose_heavy	stardict	raw	render	585	1459
sample	prose_heavy	stardict	raw	render	586	12791
sample	prose_heavy	stardict	raw	render	587	13000
sample	prose_heavy	stardict	raw	render	588	3333
sample	prose_heavy	stardict	raw	render	589	1792
sample	prose_heavy	stardict	raw	render	590	14750
sample	prose_heavy	stardict	raw	render	591	3041
sample	prose_heavy	stardict	raw	render	592	10208
sample	prose_heavy	stardict	raw	render	593	4250
sample	prose_heavy	stardict	raw	render	594	6792
sample	prose_heavy	stardict	raw	render	595	4667
sample	prose_heavy	stardict	raw	render	596	9708
sample	prose_heavy	stardict	raw	render	597	4375
sample	prose_heavy	stardict	raw	render	598	4917
sample	prose_heavy	stardict	raw	render	599	2250
sample	prose_heavy	stardict	raw	render	600	1542
sample	prose_heavy	stardict	raw	render	601	1541
sample	prose_heavy	stardict	raw	render	602	2708
sample	prose_heavy	stardict	raw	render	603	1833
sample	prose_heavy	stardict	raw	render	604	3333
sample	prose_heavy	stardict	raw	render	605	1750
sample	prose_heavy	stardict	raw	render	606	1583
sample	prose_heavy	stardict	raw	render	607	2125
sample	prose_heavy	stardict	raw	render	608	2750
sample	prose_heavy	stardict	raw	render	609	1500
sample	prose_heavy	stardict	raw	render	610	1542
sample	prose_heavy	stardict	raw	render	611	11375
sample	prose_heavy	stardict	raw	render	612	25083
sample	prose_heavy	stardict	raw	render	613	3333
sample	prose_heavy	stardict	raw	render	614	1541
sample	prose_heavy	stardict	raw	render	615	1333
sample	prose_heavy	stardict	raw	render	616	1750
sample	prose_heavy	stardict	raw	render	617	1459
sample	prose_heavy	stardict	raw	render	618	1416
sample	prose_heavy	stardict	raw	render	619	14000
sample	prose_heavy	stardict	raw	render	620	3125
sample	prose_heavy	stardict	raw	render	621	1792
sample	prose_heavy	stardict	raw	render	622	4250
sample	prose_heavy	stardict	raw	render	623	2500
sample	prose_heavy	stardict	raw	render	624	1500
sample	prose_heavy	stardict	raw	render	625	1750
sample	prose_heavy	stardict	raw	render	626	4417
sample	prose_heavy	stardict	raw	render	627	1791
sample	prose_heavy	stardict	raw	render	628	1542
sample	prose_heavy	stardict	raw	render	629	1500
sample	prose_heavy	stardict	raw	render	630	2125
sample	prose_heavy	stardict	raw	render	631	8959
sample	prose_heavy	stardict	raw	render	632	9959
sample	prose_heavy	stardict	raw	render	633	9792
sample	prose_heavy	stardict	raw	render	634	3167
sample	prose_heavy	stardict	raw	render	635	1709
sample	prose_heavy	stardict	raw	render	636	1791
sample	prose_heavy	stardict	raw	render	637	9167
sample	prose_heavy	stardict	raw	render	638	2625
sample	prose_heavy	stardict	raw	render	639	1625
sample	prose_heavy	stardict	raw	render	640	2500
sample	prose_heavy	stardict	raw	render	641	8375
sample	prose_heavy	stardict	raw	render	642	2375
sample	prose_heavy	stardict	raw	render	643	2250
sample	prose_heavy	stardict	raw	render	644	7750
sample	prose_heavy	stardict	raw	render	645	4667
sample	prose_heavy	stardict	raw	render	646	2250
sample	prose_heavy	stardict	raw	render	647	8000
sample	prose_heavy	stardict	raw	render	648	9709
sample	prose_heavy	stardict	raw	render	649	8667
sample	prose_heavy	stardict	raw	render	650	4583
sample	prose_heavy	stardict	raw	render	651	2292
sample	prose_heavy	stardict	raw	render	652	1333
sample	prose_heavy	stardict	raw	render	653	1667
sample	prose_heavy	stardict	raw	render	654	2416
sample	prose_heavy	stardict	raw	render	655	1542
sample	prose_heavy	stardict	raw	render	656	1500
sample	prose_heavy	stardict	raw	render	657	1541
sample	prose_heavy	stardict	raw	render	658	1416
sample	prose_heavy	stardict	raw	render	659	3541
sample	prose_heavy	stardict	raw	render	660	1167
sample	prose_heavy	stardict	raw	render	661	1625
sample	prose_heavy	stardict	raw	render	662	2750
sample	prose_heavy	stardict	raw	render	663	1625
sample	prose_heavy	stardict	raw	render	664	2959
sample	prose_heavy	stardict	raw	render	665	4458
sample	prose_heavy	stardict	raw	render	666	1750
sample	prose_heavy	stardict	raw	render	667	1542
sample	prose_heavy	stardict	raw	render	668	1416
sample	prose_heavy	stardict	raw	render	669	1750
sample	prose_heavy	stardict	raw	render	670	3958
sample	prose_heavy	stardict	raw	render	671	6625
sample	prose_heavy	stardict	raw	render	672	2458
sample	prose_heavy	stardict	raw	render	673	3708
sample	prose_heavy	stardict	raw	render	674	2000
sample	prose_heavy	stardict	raw	render	675	1333
sample	prose_heavy	stardict	raw	render	676	1750
sample	prose_heavy	stardict	raw	render	677	8291
sample	prose_heavy	stardict	raw	render	678	3000
sample	prose_heavy	stardict	raw	render	679	1709
sample	prose_heavy	stardict	raw	render	680	4458
sample	prose_heavy	stardict	raw	render	681	2958
sample	prose_heavy	stardict	raw	render	682	1834
sample	prose_heavy	stardict	raw	render	683	8000
sample	prose_heavy	stardict	raw	render	684	7125
sample	prose_heavy	stardict	raw	render	685	3167
sample	prose_heavy	stardict	raw	render	686	1958
sample	prose_heavy	stardict	raw	render	687	1583
sample	prose_heavy	stardict	raw	render	688	1500
sample	prose_heavy	stardict	raw	render	689	4041
sample	prose_heavy	stardict	raw	render	690	3375
sample	prose_heavy	stardict	raw	render	691	1708
sample	prose_heavy	stardict	raw	render	692	1542
sample	prose_heavy	stardict	raw	render	693	1792
sample	prose_heavy	stardict	raw	render	694	3167
sample	prose_heavy	stardict	raw	render	695	1708
sample	prose_heavy	stardict	raw	render	696	1792
sample	prose_heavy	stardict	raw	render	697	1416
sample	prose_heavy	stardict	raw	render	698	23125
sample	prose_heavy	stardict	raw	render	699	3166
sample	prose_heavy	stardict	raw	render	700	1917
sample	prose_heavy	stardict	raw	render	701	1500
sample	prose_heavy	stardict	raw	render	702	1708
sample	prose_heavy	stardict	raw	render	703	8833
sample	prose_heavy	stardict	raw	render	704	2250
sample	prose_heavy	stardict	raw	render	705	2250
sample	prose_heavy	stardict	raw	render	706	6500
sample	prose_heavy	stardict	raw	render	707	15084
sample	prose_heavy	stardict	raw	render	708	8959
sample	prose_heavy	stardict	raw	render	709	3917
sample	prose_heavy	stardict	raw	render	710	1750
sample	prose_heavy	stardict	raw	render	711	14375
sample	prose_heavy	stardict	raw	render	712	8292
sample	prose_heavy	stardict	raw	render	713	3250
sample	prose_heavy	stardict	raw	render	714	2042
sample	prose_heavy	stardict	raw	render	715	2584
sample	prose_heavy	stardict	raw	render	716	13500
sample	prose_heavy	stardict	raw	render	717	4333
sample	prose_heavy	stardict	raw	render	718	9167
sample	prose_heavy	stardict	raw	render	719	2625
sample	prose_heavy	stardict	raw	render	720	3083
sample	prose_heavy	stardict	raw	render	721	1958
sample	prose_heavy	stardict	raw	render	722	1417
sample	prose_heavy	stardict	raw	render	723	1666
sample	prose_heavy	stardict	raw	render	724	5875
sample	prose_heavy	stardict	raw	render	725	2000
sample	prose_heavy	stardict	raw	render	726	8209
sample	prose_heavy	stardict	raw	render	727	3916
sample	prose_heavy	stardict	raw	render	728	3000
sample	prose_heavy	stardict	raw	render	729	1584
sample	prose_heavy	stardict	raw	render	730	3000
sample	prose_heavy	stardict	raw	render	731	1625
sample	prose_heavy	stardict	raw	render	732	1541
sample	prose_heavy	stardict	raw	render	733	8041
sample	prose_heavy	stardict	raw	render	734	3209
sample	prose_heavy	stardict	raw	render	735	2125
sample	prose_heavy	stardict	raw	render	736	2042
sample	prose_heavy	stardict	raw	render	737	10292
sample	prose_heavy	stardict	raw	render	738	2709
sample	prose_heavy	stardict	raw	render	739	4208
sample	prose_heavy	stardict	raw	render	740	1917
sample	prose_heavy	stardict	raw	render	741	1875
sample	prose_heavy	stardict	raw	render	742	4709
sample	prose_heavy	stardict	raw	render	743	3208
sample	prose_heavy	stardict	raw	render	744	2208
sample	prose_heavy	stardict	raw	render	745	1583
sample	prose_heavy	stardict	raw	render	746	1834
sample	prose_heavy	stardict	raw	render	747	2625
sample	prose_heavy	stardict	raw	render	748	1583
sample	prose_heavy	stardict	raw	render	749	1667
sample	prose_heavy	stardict	raw	render	750	2666
sample	prose_heavy	stardict	raw	render	751	3000
sample	prose_heavy	stardict	raw	render	752	2958
sample	prose_heavy	stardict	raw	render	753	4416
sample	prose_heavy	stardict	raw	render	754	1875
sample	prose_heavy	stardict	raw	render	755	1833
sample	prose_heavy	stardict	raw	render	756	1833
sample	prose_heavy	stardict	raw	render	757	1542
sample	prose_heavy	stardict	raw	render	758	5667
sample	prose_heavy	stardict	raw	render	759	8333
sample	prose_heavy	stardict	raw	render	760	2791
sample	prose_heavy	stardict	raw	render	761	1958
sample	prose_heavy	stardict	raw	render	762	1500
sample	prose_heavy	stardict	raw	render	763	1458
sample	prose_heavy	stardict	raw	render	764	1500
sample	prose_heavy	stardict	raw	render	765	1459
sample	prose_heavy	stardict	raw	render	766	5709
sample	prose_heavy	stardict	raw	render	767	1750
sample	prose_heavy	stardict	raw	render	768	2083
sample	prose_heavy	stardict	raw	render	769	10750
sample	prose_heavy	stardict	raw	render	770	4417
sample	prose_heavy	stardict	raw	render	771	2458
sample	prose_heavy	stardict	raw	render	772	1375
sample	prose_heavy	stardict	raw	render	773	2666
sample	prose_heavy	stardict	raw	render	774	1792
sample	prose_heavy	stardict	raw	render	775	1542
sample	prose_heavy	stardict	raw	render	776	2125
sample	prose_heavy	stardict	raw	render	777	1459
sample	prose_heavy	stardict	raw	render	778	1625
sample	prose_heavy	stardict	raw	render	779	5791
sample	prose_heavy	stardict	raw	render	780	12833
sample	prose_heavy	stardict	raw	render	781	2625
sample	prose_heavy	stardict	raw	render	782	2041
sample	prose_heavy	stardict	raw	render	783	2209
sample	prose_heavy	stardict	raw	render	784	2375
sample	prose_heavy	stardict	raw	render	785	13250
sample	prose_heavy	stardict	raw	render	786	5000
sample	prose_heavy	stardict	raw	render	787	2583
sample	prose_heavy	stardict	raw	render	788	1833
sample	prose_heavy	stardict	raw	render	789	1917
sample	prose_heavy	stardict	raw	render	790	1500
sample	prose_heavy	stardict	raw	render	791	3125
sample	prose_heavy	stardict	raw	render	792	1916
sample	prose_heavy	stardict	raw	render	793	1542
sample	prose_heavy	stardict	raw	render	794	1417
sample	prose_heavy	stardict	raw	render	795	12708
sample	prose_heavy	stardict	raw	render	796	3500
sample	prose_heavy	stardict	raw	render	797	14084
sample	prose_heavy	stardict	raw	render	798	16333
sample	prose_heavy	stardict	raw	render	799	5542
sample	prose_heavy	stardict	raw	render	800	1833
sample	prose_heavy	stardict	raw	render	801	1541
sample	prose_heavy	stardict	raw	render	802	2417
sample	prose_heavy	stardict	raw	render	803	1583
sample	prose_heavy	stardict	raw	render	804	6375
sample	prose_heavy	stardict	raw	render	805	6541
sample	prose_heavy	stardict	raw	render	806	5416
sample	prose_heavy	stardict	raw	render	807	8417
sample	prose_heavy	stardict	raw	render	808	2792
sample	prose_heavy	stardict	raw	render	809	1875
sample	prose_heavy	stardict	raw	render	810	1667
sample	prose_heavy	stardict	raw	render	811	2166
sample	prose_heavy	stardict	raw	render	812	12083
sample	prose_heavy	stardict	raw	render	813	6417
sample	prose_heavy	stardict	raw	render	814	6250
sample	prose_heavy	stardict	raw	render	815	5459
sample	prose_heavy	stardict	raw	render	816	2625
sample	prose_heavy	stardict	raw	render	817	6667
sample	prose_heavy	stardict	raw	render	818	3208
sample	prose_heavy	stardict	raw	render	819	2375
sample	prose_heavy	stardict	raw	render	820	1542
sample	prose_heavy	stardict	raw	render	821	1916
sample	prose_heavy	stardict	raw	render	822	1542
sample	prose_heavy	stardict	raw	render	823	1875
sample	prose_heavy	stardict	raw	render	824	1667
sample	prose_heavy	stardict	raw	render	825	1750
sample	prose_heavy	stardict	raw	render	826	2167
sample	prose_heavy	stardict	raw	render	827	1792
sample	prose_heavy	stardict	raw	render	828	1458
sample	prose_heavy	stardict	raw	render	829	1500
sample	prose_heavy	stardict	raw	render	830	7583
sample	prose_heavy	stardict	raw	render	831	8625
sample	prose_heavy	stardict	raw	render	832	2416
sample	prose_heavy	stardict	raw	render	833	1958
sample	prose_heavy	stardict	raw	render	834	1875
sample	prose_heavy	stardict	raw	render	835	3583
sample	prose_heavy	stardict	raw	render	836	2625
sample	prose_heavy	stardict	raw	render	837	1791
sample	prose_heavy	stardict	raw	render	838	3250
sample	prose_heavy	stardict	raw	render	839	3000
sample	prose_heavy	stardict	raw	render	840	1584
sample	prose_heavy	stardict	raw	render	841	2083
sample	prose_heavy	stardict	raw	render	842	1750
sample	prose_heavy	stardict	raw	render	843	1458
sample	prose_heavy	stardict	raw	render	844	3708
sample	prose_heavy	stardict	raw	render	845	5041
sample	prose_heavy	stardict	raw	render	846	2875
sample	prose_heavy	stardict	raw	render	847	8042
sample	prose_heavy	stardict	raw	render	848	11792
sample	prose_heavy	stardict	raw	render	849	3583
sample	prose_heavy	stardict	raw	render	850	2000
sample	prose_heavy	stardict	raw	render	851	1500
sample	prose_heavy	stardict	raw	render	852	1625
sample	prose_heavy	stardict	raw	render	853	1584
sample	prose_heavy	stardict	raw	render	854	4958
sample	prose_heavy	stardict	raw	render	855	2083
sample	prose_heavy	stardict	raw	render	856	2208
sample	prose_heavy	stardict	raw	render	857	7041
sample	prose_heavy	stardict	raw	render	858	4375
sample	prose_heavy	stardict	raw	render	859	1750
sample	prose_heavy	stardict	raw	render	860	1375
sample	prose_heavy	stardict	raw	render	861	1458
sample	prose_heavy	stardict	raw	render	862	9958
sample	prose_heavy	stardict	raw	render	863	4666
sample	prose_heavy	stardict	raw	render	864	2084
sample	prose_heavy	stardict	raw	render	865	1375
sample	prose_heavy	stardict	raw	render	866	1542
sample	prose_heavy	stardict	raw	render	867	1459
sample	prose_heavy	stardict	raw	render	868	1500
sample	prose_heavy	stardict	raw	render	869	7834
sample	prose_heavy	stardict	raw	render	870	18292
sample	prose_heavy	stardict	raw	render	871	2916
sample	prose_heavy	stardict	raw	render	872	2583
sample	prose_heavy	stardict	raw	render	873	2041
sample	prose_heavy	stardict	raw	render	874	2291
sample	prose_heavy	stardict	raw	render	875	2083
sample	prose_heavy	stardict	raw	render	876	1625
sample	prose_heavy	stardict	raw	render	877	1292
sample	prose_heavy	stardict	raw	render	878	4583
sample	prose_heavy	stardict	raw	render	879	2333
sample	prose_heavy	stardict	raw	render	880	5709
sample	prose_heavy	stardict	raw	render	881	1750
sample	prose_heavy	stardict	raw	render	882	1417
sample	prose_heavy	stardict	raw	render	883	1666
sample	prose_heavy	stardict	raw	render	884	1417
sample	prose_heavy	stardict	raw	render	885	3125
sample	prose_heavy	stardict	raw	render	886	2833
sample	prose_heavy	stardict	raw	render	887	3500
sample	prose_heavy	stardict	raw	render	888	2042
sample	prose_heavy	stardict	raw	render	889	3333
sample	prose_heavy	stardict	raw	render	890	1666
sample	prose_heavy	stardict	raw	render	891	1625
sample	prose_heavy	stardict	raw	render	892	1375
sample	prose_heavy	stardict	raw	render	893	4125
sample	prose_heavy	stardict	raw	render	894	1792
sample	prose_heavy	stardict	raw	render	895	7958
sample	prose_heavy	stardict	raw	render	896	2959
sample	prose_heavy	stardict	raw	render	897	8667
sample	prose_heavy	stardict	raw	render	898	1750
sample	prose_heavy	stardict	raw	render	899	1542
sample	prose_heavy	stardict	raw	render	900	1833
sample	prose_heavy	stardict	raw	render	901	1458
sample	prose_heavy	stardict	raw	render	902	1292
sample	prose_heavy	stardict	raw	render	903	11000
sample	prose_heavy	stardict	raw	render	904	2709
sample	prose_heavy	stardict	raw	render	905	2000
sample	prose_heavy	stardict	raw	render	906	2042
sample	prose_heavy	stardict	raw	render	907	1417
sample	prose_heavy	stardict	raw	render	908	2125
sample	prose_heavy	stardict	raw	render	909	7917
sample	prose_heavy	stardict	raw	render	910	3500
sample	prose_heavy	stardict	raw	render	911	1541
sample	prose_heavy	stardict	raw	render	912	1500
sample	prose_heavy	stardict	raw	render	913	14416
sample	prose_heavy	stardict	raw	render	914	2792
sample	prose_heavy	stardict	raw	render	915	2208
sample	prose_heavy	stardict	raw	render	916	1667
sample	prose_heavy	stardict	raw	render	917	2292
sample	prose_heavy	stardict	raw	render	918	1792
sample	prose_heavy	stardict	raw	render	919	10834
sample	prose_heavy	stardict	raw	render	920	5042
sample	prose_heavy	stardict	raw	render	921	2000
sample	prose_heavy	stardict	raw	render	922	4291
sample	prose_heavy	stardict	raw	render	923	2167
sample	prose_heavy	stardict	raw	render	924	1625
sample	prose_heavy	stardict	raw	render	925	1583
sample	prose_heavy	stardict	raw	render	926	8959
sample	prose_heavy	stardict	raw	render	927	3291
sample	prose_heavy	stardict	raw	render	928	4875
sample	prose_heavy	stardict	raw	render	929	1625
sample	prose_heavy	stardict	raw	render	930	1708
sample	prose_heavy	stardict	raw	render	931	1792
sample	prose_heavy	stardict	raw	render	932	3417
sample	prose_heavy	stardict	raw	render	933	2375
sample	prose_heavy	stardict	raw	render	934	18667
sample	prose_heavy	stardict	raw	render	935	12583
sample	prose_heavy	stardict	raw	render	936	4375
sample	prose_heavy	stardict	raw	render	937	1875
sample	prose_heavy	stardict	raw	render	938	2833
sample	prose_heavy	stardict	raw	render	939	2792
sample	prose_heavy	stardict	raw	render	940	8334
sample	prose_heavy	stardict	raw	render	941	5542
sample	prose_heavy	stardict	raw	render	942	2041
sample	prose_heavy	stardict	raw	render	943	2250
sample	prose_heavy	stardict	raw	render	944	1500
sample	prose_heavy	stardict	raw	render	945	1583
sample	prose_heavy	stardict	raw	render	946	1875
sample	prose_heavy	stardict	raw	render	947	1917
sample	prose_heavy	stardict	raw	render	948	4250
sample	prose_heavy	stardict	raw	render	949	2125
sample	prose_heavy	stardict	raw	render	950	1875
sample	prose_heavy	stardict	raw	render	951	8166
sample	prose_heavy	stardict	raw	render	952	3625
sample	prose_heavy	stardict	raw	render	953	1667
sample	prose_heavy	stardict	raw	render	954	7125
sample	prose_heavy	stardict	raw	render	955	9709
sample	prose_heavy	stardict	raw	render	956	7416
sample	prose_heavy	stardict	raw	render	957	1917
sample	prose_heavy	stardict	raw	render	958	1833
sample	prose_heavy	stardict	raw	render	959	1500
sample	prose_heavy	stardict	raw	render	960	1375
sample	prose_heavy	stardict	raw	render	961	9250
sample	prose_heavy	stardict	raw	render	962	3125
sample	prose_heavy	stardict	raw	render	963	1959
sample	prose_heavy	stardict	raw	render	964	1375
sample	prose_heavy	stardict	raw	render	965	7667
sample	prose_heavy	stardict	raw	render	966	2833
sample	prose_heavy	stardict	raw	render	967	1542
sample	prose_heavy	stardict	raw	render	968	1541
sample	prose_heavy	stardict	raw	render	969	1542
sample	prose_heavy	stardict	raw	render	970	9000
sample	prose_heavy	stardict	raw	render	971	16625
sample	prose_heavy	stardict	raw	render	972	3334
sample	prose_heavy	stardict	raw	render	973	2084
sample	prose_heavy	stardict	raw	render	974	2542
sample	prose_heavy	stardict	raw	render	975	7000
sample	prose_heavy	stardict	raw	render	976	2542
sample	prose_heavy	stardict	raw	render	977	4708
sample	prose_heavy	stardict	raw	render	978	7917
sample	prose_heavy	stardict	raw	render	979	25750
sample	prose_heavy	stardict	raw	render	980	3333
sample	prose_heavy	stardict	raw	render	981	1917
sample	prose_heavy	stardict	raw	render	982	1250
sample	prose_heavy	stardict	raw	render	983	1500
sample	prose_heavy	stardict	raw	render	984	1458
sample	prose_heavy	stardict	raw	render	985	1750
sample	prose_heavy	stardict	raw	render	986	28917
sample	prose_heavy	stardict	raw	render	987	2875
sample	prose_heavy	stardict	raw	render	988	7583
sample	prose_heavy	stardict	raw	render	989	2167
sample	prose_heavy	stardict	raw	render	990	1875
sample	prose_heavy	stardict	raw	render	991	9250
sample	prose_heavy	stardict	raw	render	992	8500
sample	prose_heavy	stardict	raw	render	993	2709
sample	prose_heavy	stardict	raw	render	994	1708
sample	prose_heavy	stardict	raw	render	995	1708
sample	prose_heavy	stardict	raw	render	996	1583
sample	prose_heavy	stardict	raw	render	997	6375
sample	prose_heavy	stardict	raw	render	998	3083
sample	prose_heavy	stardict	raw	render	999	1666
result	prose_heavy	stardict	raw	exact.p50_ns	875
result	prose_heavy	stardict	raw	exact.p95_ns	3208
result	prose_heavy	stardict	raw	exact.p99_ns	7667
result	prose_heavy	stardict	raw	prefix.p50_ns	140291
result	prose_heavy	stardict	raw	prefix.p95_ns	454500
result	prose_heavy	stardict	raw	prefix.p99_ns	1415333
result	prose_heavy	stardict	raw	render.p50_ns	2792
result	prose_heavy	stardict	raw	render.p95_ns	11792
result	prose_heavy	stardict	raw	render.p99_ns	25167
result	prose_heavy	stardict	raw	exact.hit.p50_ns	1084
result	prose_heavy	stardict	raw	exact.hit.p95_ns	4042
result	prose_heavy	stardict	raw	exact.hit.p99_ns	8625
result	prose_heavy	stardict	raw	exact.miss.p50_ns	458
result	prose_heavy	stardict	raw	exact.miss.p95_ns	2209
result	prose_heavy	stardict	raw	exact.miss.p99_ns	4375
result	prose_heavy	stardict	raw	prefix.zero.p50_ns	5458
result	prose_heavy	stardict	raw	prefix.zero.p95_ns	17166
result	prose_heavy	stardict	raw	prefix.zero.p99_ns	31375
result	prose_heavy	stardict	raw	prefix.one.p50_ns	6833
result	prose_heavy	stardict	raw	prefix.one.p95_ns	23250
result	prose_heavy	stardict	raw	prefix.one.p99_ns	35958
result	prose_heavy	stardict	raw	prefix.many.p50_ns	158000
result	prose_heavy	stardict	raw	prefix.many.p95_ns	740625
result	prose_heavy	stardict	raw	prefix.many.p99_ns	1610333
result	prose_heavy	stardict	raw	prefix.pathological.p50_ns	-
result	prose_heavy	stardict	raw	prefix.pathological.p95_ns	-
result	prose_heavy	stardict	raw	prefix.pathological.p99_ns	-
result	prose_heavy	stardict	gzip	artifact_bytes	95779
unavailable	prose_heavy	stardict	gzip	reason	gzip is not StarDict dictzip random access; raw reader is the measured query baseline
result	prose_heavy	dict-index	raw	artifact_bytes	10557618
result	prose_heavy	dict-index	raw	build_ns	10885000
sample	prose_heavy	dict-index	raw	open	0	3736917
sample	prose_heavy	dict-index	raw	open	1	5784375
sample	prose_heavy	dict-index	raw	open	2	3649792
sample	prose_heavy	dict-index	raw	open	3	4767292
sample	prose_heavy	dict-index	raw	open	4	2426958
sample	prose_heavy	dict-index	raw	open	5	2358333
sample	prose_heavy	dict-index	raw	open	6	2669583
sample	prose_heavy	dict-index	raw	open	7	3294375
sample	prose_heavy	dict-index	raw	open	8	3661875
sample	prose_heavy	dict-index	raw	open	9	2981459
sample	prose_heavy	dict-index	raw	open	10	2833959
sample	prose_heavy	dict-index	raw	open	11	2518083
sample	prose_heavy	dict-index	raw	open	12	3865750
sample	prose_heavy	dict-index	raw	open	13	2805208
sample	prose_heavy	dict-index	raw	open	14	3072041
sample	prose_heavy	dict-index	raw	open	15	3134625
sample	prose_heavy	dict-index	raw	open	16	2800416
sample	prose_heavy	dict-index	raw	open	17	3387750
sample	prose_heavy	dict-index	raw	open	18	3299875
sample	prose_heavy	dict-index	raw	open	19	2753000
sample	prose_heavy	dict-index	raw	open	20	3842042
sample	prose_heavy	dict-index	raw	open	21	2711041
sample	prose_heavy	dict-index	raw	open	22	2763833
sample	prose_heavy	dict-index	raw	open	23	2382875
sample	prose_heavy	dict-index	raw	open	24	2715250
result	prose_heavy	dict-index	raw	open_ns	2981459
result	prose_heavy	dict-index	raw	semantic_digest	11367502346538253063
result	prose_heavy	dict-index	raw	query_checksum	4133005253181784452
result	prose_heavy	dict-index	raw	outputs	1024875
result	prose_heavy	dict-index	raw	logical_prose_bytes	10498986
sample	prose_heavy	dict-index	raw	exact	0	2209
sample	prose_heavy	dict-index	raw	exact	1	750
sample	prose_heavy	dict-index	raw	exact	2	958
sample	prose_heavy	dict-index	raw	exact	3	500
sample	prose_heavy	dict-index	raw	exact	4	791
sample	prose_heavy	dict-index	raw	exact	5	459
sample	prose_heavy	dict-index	raw	exact	6	833
sample	prose_heavy	dict-index	raw	exact	7	708
sample	prose_heavy	dict-index	raw	exact	8	875
sample	prose_heavy	dict-index	raw	exact	9	375
sample	prose_heavy	dict-index	raw	exact	10	1000
sample	prose_heavy	dict-index	raw	exact	11	542
sample	prose_heavy	dict-index	raw	exact	12	1083
sample	prose_heavy	dict-index	raw	exact	13	417
sample	prose_heavy	dict-index	raw	exact	14	833
sample	prose_heavy	dict-index	raw	exact	15	584
sample	prose_heavy	dict-index	raw	exact	16	875
sample	prose_heavy	dict-index	raw	exact	17	458
sample	prose_heavy	dict-index	raw	exact	18	1083
sample	prose_heavy	dict-index	raw	exact	19	458
sample	prose_heavy	dict-index	raw	exact	20	1084
sample	prose_heavy	dict-index	raw	exact	21	417
sample	prose_heavy	dict-index	raw	exact	22	1167
sample	prose_heavy	dict-index	raw	exact	23	6750
sample	prose_heavy	dict-index	raw	exact	24	2583
sample	prose_heavy	dict-index	raw	exact	25	500
sample	prose_heavy	dict-index	raw	exact	26	1125
sample	prose_heavy	dict-index	raw	exact	27	709
sample	prose_heavy	dict-index	raw	exact	28	917
sample	prose_heavy	dict-index	raw	exact	29	500
sample	prose_heavy	dict-index	raw	exact	30	667
sample	prose_heavy	dict-index	raw	exact	31	666
sample	prose_heavy	dict-index	raw	exact	32	1042
sample	prose_heavy	dict-index	raw	exact	33	459
sample	prose_heavy	dict-index	raw	exact	34	791
sample	prose_heavy	dict-index	raw	exact	35	500
sample	prose_heavy	dict-index	raw	exact	36	791
sample	prose_heavy	dict-index	raw	exact	37	416
sample	prose_heavy	dict-index	raw	exact	38	667
sample	prose_heavy	dict-index	raw	exact	39	625
sample	prose_heavy	dict-index	raw	exact	40	833
sample	prose_heavy	dict-index	raw	exact	41	375
sample	prose_heavy	dict-index	raw	exact	42	750
sample	prose_heavy	dict-index	raw	exact	43	8959
sample	prose_heavy	dict-index	raw	exact	44	4458
sample	prose_heavy	dict-index	raw	exact	45	2250
sample	prose_heavy	dict-index	raw	exact	46	1333
sample	prose_heavy	dict-index	raw	exact	47	667
sample	prose_heavy	dict-index	raw	exact	48	1333
sample	prose_heavy	dict-index	raw	exact	49	583
sample	prose_heavy	dict-index	raw	exact	50	1333
sample	prose_heavy	dict-index	raw	exact	51	500
sample	prose_heavy	dict-index	raw	exact	52	1167
sample	prose_heavy	dict-index	raw	exact	53	500
sample	prose_heavy	dict-index	raw	exact	54	875
sample	prose_heavy	dict-index	raw	exact	55	584
sample	prose_heavy	dict-index	raw	exact	56	1417
sample	prose_heavy	dict-index	raw	exact	57	333
sample	prose_heavy	dict-index	raw	exact	58	1041
sample	prose_heavy	dict-index	raw	exact	59	416
sample	prose_heavy	dict-index	raw	exact	60	708
sample	prose_heavy	dict-index	raw	exact	61	417
sample	prose_heavy	dict-index	raw	exact	62	834
sample	prose_heavy	dict-index	raw	exact	63	541
sample	prose_heavy	dict-index	raw	exact	64	1625
sample	prose_heavy	dict-index	raw	exact	65	375
sample	prose_heavy	dict-index	raw	exact	66	1334
sample	prose_heavy	dict-index	raw	exact	67	417
sample	prose_heavy	dict-index	raw	exact	68	1167
sample	prose_heavy	dict-index	raw	exact	69	5041
sample	prose_heavy	dict-index	raw	exact	70	2417
sample	prose_heavy	dict-index	raw	exact	71	8083
sample	prose_heavy	dict-index	raw	exact	72	2750
sample	prose_heavy	dict-index	raw	exact	73	1708
sample	prose_heavy	dict-index	raw	exact	74	1916
sample	prose_heavy	dict-index	raw	exact	75	875
sample	prose_heavy	dict-index	raw	exact	76	1416
sample	prose_heavy	dict-index	raw	exact	77	541
sample	prose_heavy	dict-index	raw	exact	78	7541
sample	prose_heavy	dict-index	raw	exact	79	2667
sample	prose_heavy	dict-index	raw	exact	80	2791
sample	prose_heavy	dict-index	raw	exact	81	1708
sample	prose_heavy	dict-index	raw	exact	82	2541
sample	prose_heavy	dict-index	raw	exact	83	1583
sample	prose_heavy	dict-index	raw	exact	84	2250
sample	prose_heavy	dict-index	raw	exact	85	958
sample	prose_heavy	dict-index	raw	exact	86	2542
sample	prose_heavy	dict-index	raw	exact	87	1458
sample	prose_heavy	dict-index	raw	exact	88	5458
sample	prose_heavy	dict-index	raw	exact	89	1667
sample	prose_heavy	dict-index	raw	exact	90	1833
sample	prose_heavy	dict-index	raw	exact	91	1291
sample	prose_heavy	dict-index	raw	exact	92	2250
sample	prose_heavy	dict-index	raw	exact	93	958
sample	prose_heavy	dict-index	raw	exact	94	2167
sample	prose_heavy	dict-index	raw	exact	95	1291
sample	prose_heavy	dict-index	raw	exact	96	2083
sample	prose_heavy	dict-index	raw	exact	97	958
sample	prose_heavy	dict-index	raw	exact	98	2167
sample	prose_heavy	dict-index	raw	exact	99	875
sample	prose_heavy	dict-index	raw	exact	100	3625
sample	prose_heavy	dict-index	raw	exact	101	833
sample	prose_heavy	dict-index	raw	exact	102	4292
sample	prose_heavy	dict-index	raw	exact	103	2792
sample	prose_heavy	dict-index	raw	exact	104	2084
sample	prose_heavy	dict-index	raw	exact	105	3250
sample	prose_heavy	dict-index	raw	exact	106	2750
sample	prose_heavy	dict-index	raw	exact	107	1959
sample	prose_heavy	dict-index	raw	exact	108	2459
sample	prose_heavy	dict-index	raw	exact	109	1125
sample	prose_heavy	dict-index	raw	exact	110	3375
sample	prose_heavy	dict-index	raw	exact	111	3084
sample	prose_heavy	dict-index	raw	exact	112	1208
sample	prose_heavy	dict-index	raw	exact	113	1250
sample	prose_heavy	dict-index	raw	exact	114	1875
sample	prose_heavy	dict-index	raw	exact	115	500
sample	prose_heavy	dict-index	raw	exact	116	1125
sample	prose_heavy	dict-index	raw	exact	117	458
sample	prose_heavy	dict-index	raw	exact	118	1125
sample	prose_heavy	dict-index	raw	exact	119	583
sample	prose_heavy	dict-index	raw	exact	120	667
sample	prose_heavy	dict-index	raw	exact	121	500
sample	prose_heavy	dict-index	raw	exact	122	1083
sample	prose_heavy	dict-index	raw	exact	123	459
sample	prose_heavy	dict-index	raw	exact	124	917
sample	prose_heavy	dict-index	raw	exact	125	416
sample	prose_heavy	dict-index	raw	exact	126	1500
sample	prose_heavy	dict-index	raw	exact	127	583
sample	prose_heavy	dict-index	raw	exact	128	959
sample	prose_heavy	dict-index	raw	exact	129	417
sample	prose_heavy	dict-index	raw	exact	130	1666
sample	prose_heavy	dict-index	raw	exact	131	416
sample	prose_heavy	dict-index	raw	exact	132	1500
sample	prose_heavy	dict-index	raw	exact	133	500
sample	prose_heavy	dict-index	raw	exact	134	1125
sample	prose_heavy	dict-index	raw	exact	135	584
sample	prose_heavy	dict-index	raw	exact	136	1416
sample	prose_heavy	dict-index	raw	exact	137	375
sample	prose_heavy	dict-index	raw	exact	138	1084
sample	prose_heavy	dict-index	raw	exact	139	458
sample	prose_heavy	dict-index	raw	exact	140	875
sample	prose_heavy	dict-index	raw	exact	141	417
sample	prose_heavy	dict-index	raw	exact	142	625
sample	prose_heavy	dict-index	raw	exact	143	583
sample	prose_heavy	dict-index	raw	exact	144	1125
sample	prose_heavy	dict-index	raw	exact	145	417
sample	prose_heavy	dict-index	raw	exact	146	667
sample	prose_heavy	dict-index	raw	exact	147	459
sample	prose_heavy	dict-index	raw	exact	148	15958
sample	prose_heavy	dict-index	raw	exact	149	2375
sample	prose_heavy	dict-index	raw	exact	150	1583
sample	prose_heavy	dict-index	raw	exact	151	2500
sample	prose_heavy	dict-index	raw	exact	152	1291
sample	prose_heavy	dict-index	raw	exact	153	542
sample	prose_heavy	dict-index	raw	exact	154	3708
sample	prose_heavy	dict-index	raw	exact	155	2042
sample	prose_heavy	dict-index	raw	exact	156	1875
sample	prose_heavy	dict-index	raw	exact	157	917
sample	prose_heavy	dict-index	raw	exact	158	2500
sample	prose_heavy	dict-index	raw	exact	159	1583
sample	prose_heavy	dict-index	raw	exact	160	3209
sample	prose_heavy	dict-index	raw	exact	161	1333
sample	prose_heavy	dict-index	raw	exact	162	2125
sample	prose_heavy	dict-index	raw	exact	163	1833
sample	prose_heavy	dict-index	raw	exact	164	2292
sample	prose_heavy	dict-index	raw	exact	165	584
sample	prose_heavy	dict-index	raw	exact	166	1125
sample	prose_heavy	dict-index	raw	exact	167	583
sample	prose_heavy	dict-index	raw	exact	168	1041
sample	prose_heavy	dict-index	raw	exact	169	417
sample	prose_heavy	dict-index	raw	exact	170	1250
sample	prose_heavy	dict-index	raw	exact	171	458
sample	prose_heavy	dict-index	raw	exact	172	833
sample	prose_heavy	dict-index	raw	exact	173	1250
sample	prose_heavy	dict-index	raw	exact	174	1666
sample	prose_heavy	dict-index	raw	exact	175	792
sample	prose_heavy	dict-index	raw	exact	176	1333
sample	prose_heavy	dict-index	raw	exact	177	500
sample	prose_heavy	dict-index	raw	exact	178	1334
sample	prose_heavy	dict-index	raw	exact	179	542
sample	prose_heavy	dict-index	raw	exact	180	750
sample	prose_heavy	dict-index	raw	exact	181	459
sample	prose_heavy	dict-index	raw	exact	182	1416
sample	prose_heavy	dict-index	raw	exact	183	625
sample	prose_heavy	dict-index	raw	exact	184	1208
sample	prose_heavy	dict-index	raw	exact	185	417
sample	prose_heavy	dict-index	raw	exact	186	1791
sample	prose_heavy	dict-index	raw	exact	187	458
sample	prose_heavy	dict-index	raw	exact	188	917
sample	prose_heavy	dict-index	raw	exact	189	542
sample	prose_heavy	dict-index	raw	exact	190	1000
sample	prose_heavy	dict-index	raw	exact	191	583
sample	prose_heavy	dict-index	raw	exact	192	1084
sample	prose_heavy	dict-index	raw	exact	193	375
sample	prose_heavy	dict-index	raw	exact	194	709
sample	prose_heavy	dict-index	raw	exact	195	458
sample	prose_heavy	dict-index	raw	exact	196	792
sample	prose_heavy	dict-index	raw	exact	197	417
sample	prose_heavy	dict-index	raw	exact	198	1042
sample	prose_heavy	dict-index	raw	exact	199	584
sample	prose_heavy	dict-index	raw	exact	200	791
sample	prose_heavy	dict-index	raw	exact	201	375
sample	prose_heavy	dict-index	raw	exact	202	750
sample	prose_heavy	dict-index	raw	exact	203	458
sample	prose_heavy	dict-index	raw	exact	204	791
sample	prose_heavy	dict-index	raw	exact	205	417
sample	prose_heavy	dict-index	raw	exact	206	833
sample	prose_heavy	dict-index	raw	exact	207	583
sample	prose_heavy	dict-index	raw	exact	208	1084
sample	prose_heavy	dict-index	raw	exact	209	375
sample	prose_heavy	dict-index	raw	exact	210	750
sample	prose_heavy	dict-index	raw	exact	211	500
sample	prose_heavy	dict-index	raw	exact	212	875
sample	prose_heavy	dict-index	raw	exact	213	458
sample	prose_heavy	dict-index	raw	exact	214	833
sample	prose_heavy	dict-index	raw	exact	215	583
sample	prose_heavy	dict-index	raw	exact	216	6209
sample	prose_heavy	dict-index	raw	exact	217	2500
sample	prose_heavy	dict-index	raw	exact	218	2125
sample	prose_heavy	dict-index	raw	exact	219	1417
sample	prose_heavy	dict-index	raw	exact	220	1125
sample	prose_heavy	dict-index	raw	exact	221	1041
sample	prose_heavy	dict-index	raw	exact	222	1125
sample	prose_heavy	dict-index	raw	exact	223	834
sample	prose_heavy	dict-index	raw	exact	224	1000
sample	prose_heavy	dict-index	raw	exact	225	583
sample	prose_heavy	dict-index	raw	exact	226	709
sample	prose_heavy	dict-index	raw	exact	227	500
sample	prose_heavy	dict-index	raw	exact	228	833
sample	prose_heavy	dict-index	raw	exact	229	458
sample	prose_heavy	dict-index	raw	exact	230	5625
sample	prose_heavy	dict-index	raw	exact	231	13541
sample	prose_heavy	dict-index	raw	exact	232	1166
sample	prose_heavy	dict-index	raw	exact	233	583
sample	prose_heavy	dict-index	raw	exact	234	1083
sample	prose_heavy	dict-index	raw	exact	235	625
sample	prose_heavy	dict-index	raw	exact	236	875
sample	prose_heavy	dict-index	raw	exact	237	458
sample	prose_heavy	dict-index	raw	exact	238	1208
sample	prose_heavy	dict-index	raw	exact	239	750
sample	prose_heavy	dict-index	raw	exact	240	1166
sample	prose_heavy	dict-index	raw	exact	241	458
sample	prose_heavy	dict-index	raw	exact	242	1041
sample	prose_heavy	dict-index	raw	exact	243	625
sample	prose_heavy	dict-index	raw	exact	244	1125
sample	prose_heavy	dict-index	raw	exact	245	417
sample	prose_heavy	dict-index	raw	exact	246	1125
sample	prose_heavy	dict-index	raw	exact	247	542
sample	prose_heavy	dict-index	raw	exact	248	833
sample	prose_heavy	dict-index	raw	exact	249	417
sample	prose_heavy	dict-index	raw	exact	250	1000
sample	prose_heavy	dict-index	raw	exact	251	666
sample	prose_heavy	dict-index	raw	exact	252	791
sample	prose_heavy	dict-index	raw	exact	253	416
sample	prose_heavy	dict-index	raw	exact	254	625
sample	prose_heavy	dict-index	raw	exact	255	584
sample	prose_heavy	dict-index	raw	exact	256	875
sample	prose_heavy	dict-index	raw	exact	257	375
sample	prose_heavy	dict-index	raw	exact	258	791
sample	prose_heavy	dict-index	raw	exact	259	417
sample	prose_heavy	dict-index	raw	exact	260	1125
sample	prose_heavy	dict-index	raw	exact	261	417
sample	prose_heavy	dict-index	raw	exact	262	833
sample	prose_heavy	dict-index	raw	exact	263	625
sample	prose_heavy	dict-index	raw	exact	264	834
sample	prose_heavy	dict-index	raw	exact	265	375
sample	prose_heavy	dict-index	raw	exact	266	917
sample	prose_heavy	dict-index	raw	exact	267	459
sample	prose_heavy	dict-index	raw	exact	268	709
sample	prose_heavy	dict-index	raw	exact	269	500
sample	prose_heavy	dict-index	raw	exact	270	583
sample	prose_heavy	dict-index	raw	exact	271	625
sample	prose_heavy	dict-index	raw	exact	272	1125
sample	prose_heavy	dict-index	raw	exact	273	375
sample	prose_heavy	dict-index	raw	exact	274	875
sample	prose_heavy	dict-index	raw	exact	275	458
sample	prose_heavy	dict-index	raw	exact	276	916
sample	prose_heavy	dict-index	raw	exact	277	417
sample	prose_heavy	dict-index	raw	exact	278	584
sample	prose_heavy	dict-index	raw	exact	279	625
sample	prose_heavy	dict-index	raw	exact	280	625
sample	prose_heavy	dict-index	raw	exact	281	375
sample	prose_heavy	dict-index	raw	exact	282	583
sample	prose_heavy	dict-index	raw	exact	283	459
sample	prose_heavy	dict-index	raw	exact	284	667
sample	prose_heavy	dict-index	raw	exact	285	417
sample	prose_heavy	dict-index	raw	exact	286	583
sample	prose_heavy	dict-index	raw	exact	287	583
sample	prose_heavy	dict-index	raw	exact	288	750
sample	prose_heavy	dict-index	raw	exact	289	375
sample	prose_heavy	dict-index	raw	exact	290	792
sample	prose_heavy	dict-index	raw	exact	291	458
sample	prose_heavy	dict-index	raw	exact	292	667
sample	prose_heavy	dict-index	raw	exact	293	458
sample	prose_heavy	dict-index	raw	exact	294	666
sample	prose_heavy	dict-index	raw	exact	295	583
sample	prose_heavy	dict-index	raw	exact	296	709
sample	prose_heavy	dict-index	raw	exact	297	375
sample	prose_heavy	dict-index	raw	exact	298	584
sample	prose_heavy	dict-index	raw	exact	299	458
sample	prose_heavy	dict-index	raw	exact	300	584
sample	prose_heavy	dict-index	raw	exact	301	417
sample	prose_heavy	dict-index	raw	exact	302	708
sample	prose_heavy	dict-index	raw	exact	303	583
sample	prose_heavy	dict-index	raw	exact	304	833
sample	prose_heavy	dict-index	raw	exact	305	375
sample	prose_heavy	dict-index	raw	exact	306	584
sample	prose_heavy	dict-index	raw	exact	307	458
sample	prose_heavy	dict-index	raw	exact	308	667
sample	prose_heavy	dict-index	raw	exact	309	459
sample	prose_heavy	dict-index	raw	exact	310	583
sample	prose_heavy	dict-index	raw	exact	311	583
sample	prose_heavy	dict-index	raw	exact	312	750
sample	prose_heavy	dict-index	raw	exact	313	416
sample	prose_heavy	dict-index	raw	exact	314	584
sample	prose_heavy	dict-index	raw	exact	315	458
sample	prose_heavy	dict-index	raw	exact	316	583
sample	prose_heavy	dict-index	raw	exact	317	417
sample	prose_heavy	dict-index	raw	exact	318	666
sample	prose_heavy	dict-index	raw	exact	319	1000
sample	prose_heavy	dict-index	raw	exact	320	750
sample	prose_heavy	dict-index	raw	exact	321	416
sample	prose_heavy	dict-index	raw	exact	322	625
sample	prose_heavy	dict-index	raw	exact	323	459
sample	prose_heavy	dict-index	raw	exact	324	625
sample	prose_heavy	dict-index	raw	exact	325	417
sample	prose_heavy	dict-index	raw	exact	326	916
sample	prose_heavy	dict-index	raw	exact	327	541
sample	prose_heavy	dict-index	raw	exact	328	750
sample	prose_heavy	dict-index	raw	exact	329	417
sample	prose_heavy	dict-index	raw	exact	330	584
sample	prose_heavy	dict-index	raw	exact	331	459
sample	prose_heavy	dict-index	raw	exact	332	750
sample	prose_heavy	dict-index	raw	exact	333	417
sample	prose_heavy	dict-index	raw	exact	334	750
sample	prose_heavy	dict-index	raw	exact	335	584
sample	prose_heavy	dict-index	raw	exact	336	875
sample	prose_heavy	dict-index	raw	exact	337	417
sample	prose_heavy	dict-index	raw	exact	338	583
sample	prose_heavy	dict-index	raw	exact	339	1167
sample	prose_heavy	dict-index	raw	exact	340	1084
sample	prose_heavy	dict-index	raw	exact	341	500
sample	prose_heavy	dict-index	raw	exact	342	833
sample	prose_heavy	dict-index	raw	exact	343	625
sample	prose_heavy	dict-index	raw	exact	344	750
sample	prose_heavy	dict-index	raw	exact	345	500
sample	prose_heavy	dict-index	raw	exact	346	709
sample	prose_heavy	dict-index	raw	exact	347	417
sample	prose_heavy	dict-index	raw	exact	348	875
sample	prose_heavy	dict-index	raw	exact	349	458
sample	prose_heavy	dict-index	raw	exact	350	875
sample	prose_heavy	dict-index	raw	exact	351	584
sample	prose_heavy	dict-index	raw	exact	352	916
sample	prose_heavy	dict-index	raw	exact	353	458
sample	prose_heavy	dict-index	raw	exact	354	667
sample	prose_heavy	dict-index	raw	exact	355	459
sample	prose_heavy	dict-index	raw	exact	356	750
sample	prose_heavy	dict-index	raw	exact	357	459
sample	prose_heavy	dict-index	raw	exact	358	750
sample	prose_heavy	dict-index	raw	exact	359	584
sample	prose_heavy	dict-index	raw	exact	360	750
sample	prose_heavy	dict-index	raw	exact	361	417
sample	prose_heavy	dict-index	raw	exact	362	708
sample	prose_heavy	dict-index	raw	exact	363	458
sample	prose_heavy	dict-index	raw	exact	364	792
sample	prose_heavy	dict-index	raw	exact	365	459
sample	prose_heavy	dict-index	raw	exact	366	1209
sample	prose_heavy	dict-index	raw	exact	367	583
sample	prose_heavy	dict-index	raw	exact	368	792
sample	prose_heavy	dict-index	raw	exact	369	416
sample	prose_heavy	dict-index	raw	exact	370	833
sample	prose_heavy	dict-index	raw	exact	371	458
sample	prose_heavy	dict-index	raw	exact	372	583
sample	prose_heavy	dict-index	raw	exact	373	417
sample	prose_heavy	dict-index	raw	exact	374	584
sample	prose_heavy	dict-index	raw	exact	375	542
sample	prose_heavy	dict-index	raw	exact	376	750
sample	prose_heavy	dict-index	raw	exact	377	417
sample	prose_heavy	dict-index	raw	exact	378	667
sample	prose_heavy	dict-index	raw	exact	379	917
sample	prose_heavy	dict-index	raw	exact	380	1209
sample	prose_heavy	dict-index	raw	exact	381	459
sample	prose_heavy	dict-index	raw	exact	382	625
sample	prose_heavy	dict-index	raw	exact	383	666
sample	prose_heavy	dict-index	raw	exact	384	958
sample	prose_heavy	dict-index	raw	exact	385	375
sample	prose_heavy	dict-index	raw	exact	386	667
sample	prose_heavy	dict-index	raw	exact	387	458
sample	prose_heavy	dict-index	raw	exact	388	666
sample	prose_heavy	dict-index	raw	exact	389	459
sample	prose_heavy	dict-index	raw	exact	390	667
sample	prose_heavy	dict-index	raw	exact	391	791
sample	prose_heavy	dict-index	raw	exact	392	833
sample	prose_heavy	dict-index	raw	exact	393	458
sample	prose_heavy	dict-index	raw	exact	394	833
sample	prose_heavy	dict-index	raw	exact	395	500
sample	prose_heavy	dict-index	raw	exact	396	750
sample	prose_heavy	dict-index	raw	exact	397	458
sample	prose_heavy	dict-index	raw	exact	398	667
sample	prose_heavy	dict-index	raw	exact	399	666
sample	prose_heavy	dict-index	raw	exact	400	1125
sample	prose_heavy	dict-index	raw	exact	401	417
sample	prose_heavy	dict-index	raw	exact	402	667
sample	prose_heavy	dict-index	raw	exact	403	500
sample	prose_heavy	dict-index	raw	exact	404	583
sample	prose_heavy	dict-index	raw	exact	405	625
sample	prose_heavy	dict-index	raw	exact	406	584
sample	prose_heavy	dict-index	raw	exact	407	625
sample	prose_heavy	dict-index	raw	exact	408	833
sample	prose_heavy	dict-index	raw	exact	409	375
sample	prose_heavy	dict-index	raw	exact	410	625
sample	prose_heavy	dict-index	raw	exact	411	417
sample	prose_heavy	dict-index	raw	exact	412	8292
sample	prose_heavy	dict-index	raw	exact	413	3333
sample	prose_heavy	dict-index	raw	exact	414	2708
sample	prose_heavy	dict-index	raw	exact	415	2084
sample	prose_heavy	dict-index	raw	exact	416	1000
sample	prose_heavy	dict-index	raw	exact	417	458
sample	prose_heavy	dict-index	raw	exact	418	875
sample	prose_heavy	dict-index	raw	exact	419	1334
sample	prose_heavy	dict-index	raw	exact	420	916
sample	prose_heavy	dict-index	raw	exact	421	500
sample	prose_heavy	dict-index	raw	exact	422	1208
sample	prose_heavy	dict-index	raw	exact	423	666
sample	prose_heavy	dict-index	raw	exact	424	1083
sample	prose_heavy	dict-index	raw	exact	425	459
sample	prose_heavy	dict-index	raw	exact	426	6250
sample	prose_heavy	dict-index	raw	exact	427	875
sample	prose_heavy	dict-index	raw	exact	428	875
sample	prose_heavy	dict-index	raw	exact	429	459
sample	prose_heavy	dict-index	raw	exact	430	1166
sample	prose_heavy	dict-index	raw	exact	431	583
sample	prose_heavy	dict-index	raw	exact	432	1292
sample	prose_heavy	dict-index	raw	exact	433	375
sample	prose_heavy	dict-index	raw	exact	434	1000
sample	prose_heavy	dict-index	raw	exact	435	458
sample	prose_heavy	dict-index	raw	exact	436	917
sample	prose_heavy	dict-index	raw	exact	437	417
sample	prose_heavy	dict-index	raw	exact	438	791
sample	prose_heavy	dict-index	raw	exact	439	500
sample	prose_heavy	dict-index	raw	exact	440	1041
sample	prose_heavy	dict-index	raw	exact	441	375
sample	prose_heavy	dict-index	raw	exact	442	875
sample	prose_heavy	dict-index	raw	exact	443	416
sample	prose_heavy	dict-index	raw	exact	444	750
sample	prose_heavy	dict-index	raw	exact	445	416
sample	prose_heavy	dict-index	raw	exact	446	708
sample	prose_heavy	dict-index	raw	exact	447	542
sample	prose_heavy	dict-index	raw	exact	448	1125
sample	prose_heavy	dict-index	raw	exact	449	333
sample	prose_heavy	dict-index	raw	exact	450	583
sample	prose_heavy	dict-index	raw	exact	451	459
sample	prose_heavy	dict-index	raw	exact	452	709
sample	prose_heavy	dict-index	raw	exact	453	417
sample	prose_heavy	dict-index	raw	exact	454	750
sample	prose_heavy	dict-index	raw	exact	455	542
sample	prose_heavy	dict-index	raw	exact	456	1042
sample	prose_heavy	dict-index	raw	exact	457	375
sample	prose_heavy	dict-index	raw	exact	458	625
sample	prose_heavy	dict-index	raw	exact	459	417
sample	prose_heavy	dict-index	raw	exact	460	708
sample	prose_heavy	dict-index	raw	exact	461	417
sample	prose_heavy	dict-index	raw	exact	462	666
sample	prose_heavy	dict-index	raw	exact	463	584
sample	prose_heavy	dict-index	raw	exact	464	1000
sample	prose_heavy	dict-index	raw	exact	465	375
sample	prose_heavy	dict-index	raw	exact	466	625
sample	prose_heavy	dict-index	raw	exact	467	458
sample	prose_heavy	dict-index	raw	exact	468	625
sample	prose_heavy	dict-index	raw	exact	469	417
sample	prose_heavy	dict-index	raw	exact	470	542
sample	prose_heavy	dict-index	raw	exact	471	583
sample	prose_heavy	dict-index	raw	exact	472	667
sample	prose_heavy	dict-index	raw	exact	473	417
sample	prose_heavy	dict-index	raw	exact	474	583
sample	prose_heavy	dict-index	raw	exact	475	417
sample	prose_heavy	dict-index	raw	exact	476	625
sample	prose_heavy	dict-index	raw	exact	477	417
sample	prose_heavy	dict-index	raw	exact	478	666
sample	prose_heavy	dict-index	raw	exact	479	583
sample	prose_heavy	dict-index	raw	exact	480	708
sample	prose_heavy	dict-index	raw	exact	481	416
sample	prose_heavy	dict-index	raw	exact	482	542
sample	prose_heavy	dict-index	raw	exact	483	416
sample	prose_heavy	dict-index	raw	exact	484	625
sample	prose_heavy	dict-index	raw	exact	485	417
sample	prose_heavy	dict-index	raw	exact	486	708
sample	prose_heavy	dict-index	raw	exact	487	541
sample	prose_heavy	dict-index	raw	exact	488	625
sample	prose_heavy	dict-index	raw	exact	489	416
sample	prose_heavy	dict-index	raw	exact	490	583
sample	prose_heavy	dict-index	raw	exact	491	375
sample	prose_heavy	dict-index	raw	exact	492	709
sample	prose_heavy	dict-index	raw	exact	493	416
sample	prose_heavy	dict-index	raw	exact	494	584
sample	prose_heavy	dict-index	raw	exact	495	583
sample	prose_heavy	dict-index	raw	exact	496	750
sample	prose_heavy	dict-index	raw	exact	497	458
sample	prose_heavy	dict-index	raw	exact	498	667
sample	prose_heavy	dict-index	raw	exact	499	417
sample	prose_heavy	dict-index	raw	exact	500	584
sample	prose_heavy	dict-index	raw	exact	501	459
sample	prose_heavy	dict-index	raw	exact	502	584
sample	prose_heavy	dict-index	raw	exact	503	2417
sample	prose_heavy	dict-index	raw	exact	504	1708
sample	prose_heavy	dict-index	raw	exact	505	750
sample	prose_heavy	dict-index	raw	exact	506	958
sample	prose_heavy	dict-index	raw	exact	507	458
sample	prose_heavy	dict-index	raw	exact	508	1041
sample	prose_heavy	dict-index	raw	exact	509	458
sample	prose_heavy	dict-index	raw	exact	510	667
sample	prose_heavy	dict-index	raw	exact	511	584
sample	prose_heavy	dict-index	raw	exact	512	958
sample	prose_heavy	dict-index	raw	exact	513	459
sample	prose_heavy	dict-index	raw	exact	514	6583
sample	prose_heavy	dict-index	raw	exact	515	2125
sample	prose_heavy	dict-index	raw	exact	516	2416
sample	prose_heavy	dict-index	raw	exact	517	834
sample	prose_heavy	dict-index	raw	exact	518	2000
sample	prose_heavy	dict-index	raw	exact	519	2167
sample	prose_heavy	dict-index	raw	exact	520	1250
sample	prose_heavy	dict-index	raw	exact	521	500
sample	prose_heavy	dict-index	raw	exact	522	958
sample	prose_heavy	dict-index	raw	exact	523	459
sample	prose_heavy	dict-index	raw	exact	524	1166
sample	prose_heavy	dict-index	raw	exact	525	500
sample	prose_heavy	dict-index	raw	exact	526	1250
sample	prose_heavy	dict-index	raw	exact	527	709
sample	prose_heavy	dict-index	raw	exact	528	1292
sample	prose_heavy	dict-index	raw	exact	529	417
sample	prose_heavy	dict-index	raw	exact	530	875
sample	prose_heavy	dict-index	raw	exact	531	459
sample	prose_heavy	dict-index	raw	exact	532	1125
sample	prose_heavy	dict-index	raw	exact	533	500
sample	prose_heavy	dict-index	raw	exact	534	708
sample	prose_heavy	dict-index	raw	exact	535	666
sample	prose_heavy	dict-index	raw	exact	536	875
sample	prose_heavy	dict-index	raw	exact	537	375
sample	prose_heavy	dict-index	raw	exact	538	1000
sample	prose_heavy	dict-index	raw	exact	539	458
sample	prose_heavy	dict-index	raw	exact	540	750
sample	prose_heavy	dict-index	raw	exact	541	500
sample	prose_heavy	dict-index	raw	exact	542	959
sample	prose_heavy	dict-index	raw	exact	543	542
sample	prose_heavy	dict-index	raw	exact	544	1000
sample	prose_heavy	dict-index	raw	exact	545	417
sample	prose_heavy	dict-index	raw	exact	546	917
sample	prose_heavy	dict-index	raw	exact	547	459
sample	prose_heavy	dict-index	raw	exact	548	833
sample	prose_heavy	dict-index	raw	exact	549	458
sample	prose_heavy	dict-index	raw	exact	550	666
sample	prose_heavy	dict-index	raw	exact	551	583
sample	prose_heavy	dict-index	raw	exact	552	667
sample	prose_heavy	dict-index	raw	exact	553	417
sample	prose_heavy	dict-index	raw	exact	554	750
sample	prose_heavy	dict-index	raw	exact	555	459
sample	prose_heavy	dict-index	raw	exact	556	2250
sample	prose_heavy	dict-index	raw	exact	557	708
sample	prose_heavy	dict-index	raw	exact	558	958
sample	prose_heavy	dict-index	raw	exact	559	625
sample	prose_heavy	dict-index	raw	exact	560	917
sample	prose_heavy	dict-index	raw	exact	561	375
sample	prose_heavy	dict-index	raw	exact	562	6958
sample	prose_heavy	dict-index	raw	exact	563	1042
sample	prose_heavy	dict-index	raw	exact	564	667
sample	prose_heavy	dict-index	raw	exact	565	417
sample	prose_heavy	dict-index	raw	exact	566	667
sample	prose_heavy	dict-index	raw	exact	567	667
sample	prose_heavy	dict-index	raw	exact	568	833
sample	prose_heavy	dict-index	raw	exact	569	375
sample	prose_heavy	dict-index	raw	exact	570	583
sample	prose_heavy	dict-index	raw	exact	571	417
sample	prose_heavy	dict-index	raw	exact	572	750
sample	prose_heavy	dict-index	raw	exact	573	417
sample	prose_heavy	dict-index	raw	exact	574	917
sample	prose_heavy	dict-index	raw	exact	575	583
sample	prose_heavy	dict-index	raw	exact	576	1041
sample	prose_heavy	dict-index	raw	exact	577	375
sample	prose_heavy	dict-index	raw	exact	578	833
sample	prose_heavy	dict-index	raw	exact	579	458
sample	prose_heavy	dict-index	raw	exact	580	958
sample	prose_heavy	dict-index	raw	exact	581	417
sample	prose_heavy	dict-index	raw	exact	582	709
sample	prose_heavy	dict-index	raw	exact	583	625
sample	prose_heavy	dict-index	raw	exact	584	750
sample	prose_heavy	dict-index	raw	exact	585	375
sample	prose_heavy	dict-index	raw	exact	586	834
sample	prose_heavy	dict-index	raw	exact	587	459
sample	prose_heavy	dict-index	raw	exact	588	750
sample	prose_heavy	dict-index	raw	exact	589	500
sample	prose_heavy	dict-index	raw	exact	590	750
sample	prose_heavy	dict-index	raw	exact	591	667
sample	prose_heavy	dict-index	raw	exact	592	1042
sample	prose_heavy	dict-index	raw	exact	593	500
sample	prose_heavy	dict-index	raw	exact	594	625
sample	prose_heavy	dict-index	raw	exact	595	417
sample	prose_heavy	dict-index	raw	exact	596	708
sample	prose_heavy	dict-index	raw	exact	597	458
sample	prose_heavy	dict-index	raw	exact	598	792
sample	prose_heavy	dict-index	raw	exact	599	583
sample	prose_heavy	dict-index	raw	exact	600	750
sample	prose_heavy	dict-index	raw	exact	601	417
sample	prose_heavy	dict-index	raw	exact	602	625
sample	prose_heavy	dict-index	raw	exact	603	7209
sample	prose_heavy	dict-index	raw	exact	604	5542
sample	prose_heavy	dict-index	raw	exact	605	1833
sample	prose_heavy	dict-index	raw	exact	606	5125
sample	prose_heavy	dict-index	raw	exact	607	2542
sample	prose_heavy	dict-index	raw	exact	608	5500
sample	prose_heavy	dict-index	raw	exact	609	1458
sample	prose_heavy	dict-index	raw	exact	610	17500
sample	prose_heavy	dict-index	raw	exact	611	791
sample	prose_heavy	dict-index	raw	exact	612	1542
sample	prose_heavy	dict-index	raw	exact	613	417
sample	prose_heavy	dict-index	raw	exact	614	1208
sample	prose_heavy	dict-index	raw	exact	615	583
sample	prose_heavy	dict-index	raw	exact	616	1208
sample	prose_heavy	dict-index	raw	exact	617	375
sample	prose_heavy	dict-index	raw	exact	618	1125
sample	prose_heavy	dict-index	raw	exact	619	417
sample	prose_heavy	dict-index	raw	exact	620	1334
sample	prose_heavy	dict-index	raw	exact	621	416
sample	prose_heavy	dict-index	raw	exact	622	1709
sample	prose_heavy	dict-index	raw	exact	623	750
sample	prose_heavy	dict-index	raw	exact	624	1333
sample	prose_heavy	dict-index	raw	exact	625	458
sample	prose_heavy	dict-index	raw	exact	626	917
sample	prose_heavy	dict-index	raw	exact	627	542
sample	prose_heavy	dict-index	raw	exact	628	958
sample	prose_heavy	dict-index	raw	exact	629	458
sample	prose_heavy	dict-index	raw	exact	630	1041
sample	prose_heavy	dict-index	raw	exact	631	666
sample	prose_heavy	dict-index	raw	exact	632	916
sample	prose_heavy	dict-index	raw	exact	633	417
sample	prose_heavy	dict-index	raw	exact	634	1333
sample	prose_heavy	dict-index	raw	exact	635	458
sample	prose_heavy	dict-index	raw	exact	636	1250
sample	prose_heavy	dict-index	raw	exact	637	458
sample	prose_heavy	dict-index	raw	exact	638	1083
sample	prose_heavy	dict-index	raw	exact	639	666
sample	prose_heavy	dict-index	raw	exact	640	1084
sample	prose_heavy	dict-index	raw	exact	641	417
sample	prose_heavy	dict-index	raw	exact	642	666
sample	prose_heavy	dict-index	raw	exact	643	459
sample	prose_heavy	dict-index	raw	exact	644	750
sample	prose_heavy	dict-index	raw	exact	645	375
sample	prose_heavy	dict-index	raw	exact	646	542
sample	prose_heavy	dict-index	raw	exact	647	542
sample	prose_heavy	dict-index	raw	exact	648	708
sample	prose_heavy	dict-index	raw	exact	649	375
sample	prose_heavy	dict-index	raw	exact	650	667
sample	prose_heavy	dict-index	raw	exact	651	417
sample	prose_heavy	dict-index	raw	exact	652	667
sample	prose_heavy	dict-index	raw	exact	653	417
sample	prose_heavy	dict-index	raw	exact	654	708
sample	prose_heavy	dict-index	raw	exact	655	583
sample	prose_heavy	dict-index	raw	exact	656	1042
sample	prose_heavy	dict-index	raw	exact	657	375
sample	prose_heavy	dict-index	raw	exact	658	792
sample	prose_heavy	dict-index	raw	exact	659	417
sample	prose_heavy	dict-index	raw	exact	660	667
sample	prose_heavy	dict-index	raw	exact	661	458
sample	prose_heavy	dict-index	raw	exact	662	583
sample	prose_heavy	dict-index	raw	exact	663	542
sample	prose_heavy	dict-index	raw	exact	664	666
sample	prose_heavy	dict-index	raw	exact	665	458
sample	prose_heavy	dict-index	raw	exact	666	625
sample	prose_heavy	dict-index	raw	exact	667	417
sample	prose_heavy	dict-index	raw	exact	668	666
sample	prose_heavy	dict-index	raw	exact	669	458
sample	prose_heavy	dict-index	raw	exact	670	625
sample	prose_heavy	dict-index	raw	exact	671	542
sample	prose_heavy	dict-index	raw	exact	672	708
sample	prose_heavy	dict-index	raw	exact	673	417
sample	prose_heavy	dict-index	raw	exact	674	583
sample	prose_heavy	dict-index	raw	exact	675	417
sample	prose_heavy	dict-index	raw	exact	676	583
sample	prose_heavy	dict-index	raw	exact	677	500
sample	prose_heavy	dict-index	raw	exact	678	583
sample	prose_heavy	dict-index	raw	exact	679	583
sample	prose_heavy	dict-index	raw	exact	680	750
sample	prose_heavy	dict-index	raw	exact	681	416
sample	prose_heavy	dict-index	raw	exact	682	625
sample	prose_heavy	dict-index	raw	exact	683	541
sample	prose_heavy	dict-index	raw	exact	684	625
sample	prose_heavy	dict-index	raw	exact	685	417
sample	prose_heavy	dict-index	raw	exact	686	667
sample	prose_heavy	dict-index	raw	exact	687	625
sample	prose_heavy	dict-index	raw	exact	688	959
sample	prose_heavy	dict-index	raw	exact	689	333
sample	prose_heavy	dict-index	raw	exact	690	625
sample	prose_heavy	dict-index	raw	exact	691	416
sample	prose_heavy	dict-index	raw	exact	692	833
sample	prose_heavy	dict-index	raw	exact	693	417
sample	prose_heavy	dict-index	raw	exact	694	667
sample	prose_heavy	dict-index	raw	exact	695	583
sample	prose_heavy	dict-index	raw	exact	696	625
sample	prose_heavy	dict-index	raw	exact	697	7917
sample	prose_heavy	dict-index	raw	exact	698	5083
sample	prose_heavy	dict-index	raw	exact	699	2833
sample	prose_heavy	dict-index	raw	exact	700	3208
sample	prose_heavy	dict-index	raw	exact	701	833
sample	prose_heavy	dict-index	raw	exact	702	2541
sample	prose_heavy	dict-index	raw	exact	703	1834
sample	prose_heavy	dict-index	raw	exact	704	6417
sample	prose_heavy	dict-index	raw	exact	705	4417
sample	prose_heavy	dict-index	raw	exact	706	2875
sample	prose_heavy	dict-index	raw	exact	707	2000
sample	prose_heavy	dict-index	raw	exact	708	2792
sample	prose_heavy	dict-index	raw	exact	709	1167
sample	prose_heavy	dict-index	raw	exact	710	3541
sample	prose_heavy	dict-index	raw	exact	711	1375
sample	prose_heavy	dict-index	raw	exact	712	1459
sample	prose_heavy	dict-index	raw	exact	713	750
sample	prose_heavy	dict-index	raw	exact	714	1625
sample	prose_heavy	dict-index	raw	exact	715	541
sample	prose_heavy	dict-index	raw	exact	716	1583
sample	prose_heavy	dict-index	raw	exact	717	459
sample	prose_heavy	dict-index	raw	exact	718	1000
sample	prose_heavy	dict-index	raw	exact	719	625
sample	prose_heavy	dict-index	raw	exact	720	1042
sample	prose_heavy	dict-index	raw	exact	721	458
sample	prose_heavy	dict-index	raw	exact	722	1375
sample	prose_heavy	dict-index	raw	exact	723	500
sample	prose_heavy	dict-index	raw	exact	724	958
sample	prose_heavy	dict-index	raw	exact	725	500
sample	prose_heavy	dict-index	raw	exact	726	1084
sample	prose_heavy	dict-index	raw	exact	727	583
sample	prose_heavy	dict-index	raw	exact	728	1209
sample	prose_heavy	dict-index	raw	exact	729	500
sample	prose_heavy	dict-index	raw	exact	730	1083
sample	prose_heavy	dict-index	raw	exact	731	459
sample	prose_heavy	dict-index	raw	exact	732	1000
sample	prose_heavy	dict-index	raw	exact	733	417
sample	prose_heavy	dict-index	raw	exact	734	1375
sample	prose_heavy	dict-index	raw	exact	735	625
sample	prose_heavy	dict-index	raw	exact	736	1041
sample	prose_heavy	dict-index	raw	exact	737	458
sample	prose_heavy	dict-index	raw	exact	738	1084
sample	prose_heavy	dict-index	raw	exact	739	500
sample	prose_heavy	dict-index	raw	exact	740	709
sample	prose_heavy	dict-index	raw	exact	741	459
sample	prose_heavy	dict-index	raw	exact	742	833
sample	prose_heavy	dict-index	raw	exact	743	666
sample	prose_heavy	dict-index	raw	exact	744	667
sample	prose_heavy	dict-index	raw	exact	745	458
sample	prose_heavy	dict-index	raw	exact	746	959
sample	prose_heavy	dict-index	raw	exact	747	417
sample	prose_heavy	dict-index	raw	exact	748	709
sample	prose_heavy	dict-index	raw	exact	749	458
sample	prose_heavy	dict-index	raw	exact	750	6667
sample	prose_heavy	dict-index	raw	exact	751	2208
sample	prose_heavy	dict-index	raw	exact	752	2125
sample	prose_heavy	dict-index	raw	exact	753	1041
sample	prose_heavy	dict-index	raw	exact	754	791
sample	prose_heavy	dict-index	raw	exact	755	625
sample	prose_heavy	dict-index	raw	exact	756	750
sample	prose_heavy	dict-index	raw	exact	757	1250
sample	prose_heavy	dict-index	raw	exact	758	1041
sample	prose_heavy	dict-index	raw	exact	759	750
sample	prose_heavy	dict-index	raw	exact	760	1083
sample	prose_heavy	dict-index	raw	exact	761	500
sample	prose_heavy	dict-index	raw	exact	762	625
sample	prose_heavy	dict-index	raw	exact	763	458
sample	prose_heavy	dict-index	raw	exact	764	916
sample	prose_heavy	dict-index	raw	exact	765	458
sample	prose_heavy	dict-index	raw	exact	766	875
sample	prose_heavy	dict-index	raw	exact	767	667
sample	prose_heavy	dict-index	raw	exact	768	917
sample	prose_heavy	dict-index	raw	exact	769	417
sample	prose_heavy	dict-index	raw	exact	770	792
sample	prose_heavy	dict-index	raw	exact	771	500
sample	prose_heavy	dict-index	raw	exact	772	791
sample	prose_heavy	dict-index	raw	exact	773	417
sample	prose_heavy	dict-index	raw	exact	774	791
sample	prose_heavy	dict-index	raw	exact	775	584
sample	prose_heavy	dict-index	raw	exact	776	917
sample	prose_heavy	dict-index	raw	exact	777	375
sample	prose_heavy	dict-index	raw	exact	778	875
sample	prose_heavy	dict-index	raw	exact	779	583
sample	prose_heavy	dict-index	raw	exact	780	1042
sample	prose_heavy	dict-index	raw	exact	781	417
sample	prose_heavy	dict-index	raw	exact	782	916
sample	prose_heavy	dict-index	raw	exact	783	542
sample	prose_heavy	dict-index	raw	exact	784	1250
sample	prose_heavy	dict-index	raw	exact	785	417
sample	prose_heavy	dict-index	raw	exact	786	708
sample	prose_heavy	dict-index	raw	exact	787	500
sample	prose_heavy	dict-index	raw	exact	788	625
sample	prose_heavy	dict-index	raw	exact	789	375
sample	prose_heavy	dict-index	raw	exact	790	750
sample	prose_heavy	dict-index	raw	exact	791	625
sample	prose_heavy	dict-index	raw	exact	792	1042
sample	prose_heavy	dict-index	raw	exact	793	4000
sample	prose_heavy	dict-index	raw	exact	794	2417
sample	prose_heavy	dict-index	raw	exact	795	2583
sample	prose_heavy	dict-index	raw	exact	796	1500
sample	prose_heavy	dict-index	raw	exact	797	666
sample	prose_heavy	dict-index	raw	exact	798	792
sample	prose_heavy	dict-index	raw	exact	799	709
sample	prose_heavy	dict-index	raw	exact	800	5916
sample	prose_heavy	dict-index	raw	exact	801	2125
sample	prose_heavy	dict-index	raw	exact	802	2250
sample	prose_heavy	dict-index	raw	exact	803	1250
sample	prose_heavy	dict-index	raw	exact	804	1083
sample	prose_heavy	dict-index	raw	exact	805	417
sample	prose_heavy	dict-index	raw	exact	806	875
sample	prose_heavy	dict-index	raw	exact	807	583
sample	prose_heavy	dict-index	raw	exact	808	1000
sample	prose_heavy	dict-index	raw	exact	809	625
sample	prose_heavy	dict-index	raw	exact	810	709
sample	prose_heavy	dict-index	raw	exact	811	500
sample	prose_heavy	dict-index	raw	exact	812	792
sample	prose_heavy	dict-index	raw	exact	813	417
sample	prose_heavy	dict-index	raw	exact	814	958
sample	prose_heavy	dict-index	raw	exact	815	583
sample	prose_heavy	dict-index	raw	exact	816	1292
sample	prose_heavy	dict-index	raw	exact	817	417
sample	prose_heavy	dict-index	raw	exact	818	708
sample	prose_heavy	dict-index	raw	exact	819	458
sample	prose_heavy	dict-index	raw	exact	820	1000
sample	prose_heavy	dict-index	raw	exact	821	458
sample	prose_heavy	dict-index	raw	exact	822	666
sample	prose_heavy	dict-index	raw	exact	823	542
sample	prose_heavy	dict-index	raw	exact	824	1250
sample	prose_heavy	dict-index	raw	exact	825	375
sample	prose_heavy	dict-index	raw	exact	826	750
sample	prose_heavy	dict-index	raw	exact	827	458
sample	prose_heavy	dict-index	raw	exact	828	750
sample	prose_heavy	dict-index	raw	exact	829	416
sample	prose_heavy	dict-index	raw	exact	830	5833
sample	prose_heavy	dict-index	raw	exact	831	2667
sample	prose_heavy	dict-index	raw	exact	832	1792
sample	prose_heavy	dict-index	raw	exact	833	834
sample	prose_heavy	dict-index	raw	exact	834	1000
sample	prose_heavy	dict-index	raw	exact	835	584
sample	prose_heavy	dict-index	raw	exact	836	750
sample	prose_heavy	dict-index	raw	exact	837	542
sample	prose_heavy	dict-index	raw	exact	838	792
sample	prose_heavy	dict-index	raw	exact	839	583
sample	prose_heavy	dict-index	raw	exact	840	625
sample	prose_heavy	dict-index	raw	exact	841	416
sample	prose_heavy	dict-index	raw	exact	842	709
sample	prose_heavy	dict-index	raw	exact	843	458
sample	prose_heavy	dict-index	raw	exact	844	709
sample	prose_heavy	dict-index	raw	exact	845	458
sample	prose_heavy	dict-index	raw	exact	846	750
sample	prose_heavy	dict-index	raw	exact	847	542
sample	prose_heavy	dict-index	raw	exact	848	917
sample	prose_heavy	dict-index	raw	exact	849	416
sample	prose_heavy	dict-index	raw	exact	850	750
sample	prose_heavy	dict-index	raw	exact	851	417
sample	prose_heavy	dict-index	raw	exact	852	583
sample	prose_heavy	dict-index	raw	exact	853	417
sample	prose_heavy	dict-index	raw	exact	854	917
sample	prose_heavy	dict-index	raw	exact	855	583
sample	prose_heavy	dict-index	raw	exact	856	833
sample	prose_heavy	dict-index	raw	exact	857	416
sample	prose_heavy	dict-index	raw	exact	858	667
sample	prose_heavy	dict-index	raw	exact	859	500
sample	prose_heavy	dict-index	raw	exact	860	959
sample	prose_heavy	dict-index	raw	exact	861	417
sample	prose_heavy	dict-index	raw	exact	862	708
sample	prose_heavy	dict-index	raw	exact	863	583
sample	prose_heavy	dict-index	raw	exact	864	916
sample	prose_heavy	dict-index	raw	exact	865	416
sample	prose_heavy	dict-index	raw	exact	866	625
sample	prose_heavy	dict-index	raw	exact	867	417
sample	prose_heavy	dict-index	raw	exact	868	625
sample	prose_heavy	dict-index	raw	exact	869	458
sample	prose_heavy	dict-index	raw	exact	870	750
sample	prose_heavy	dict-index	raw	exact	871	625
sample	prose_heavy	dict-index	raw	exact	872	750
sample	prose_heavy	dict-index	raw	exact	873	875
sample	prose_heavy	dict-index	raw	exact	874	625
sample	prose_heavy	dict-index	raw	exact	875	500
sample	prose_heavy	dict-index	raw	exact	876	666
sample	prose_heavy	dict-index	raw	exact	877	500
sample	prose_heavy	dict-index	raw	exact	878	708
sample	prose_heavy	dict-index	raw	exact	879	583
sample	prose_heavy	dict-index	raw	exact	880	917
sample	prose_heavy	dict-index	raw	exact	881	416
sample	prose_heavy	dict-index	raw	exact	882	542
sample	prose_heavy	dict-index	raw	exact	883	458
sample	prose_heavy	dict-index	raw	exact	884	625
sample	prose_heavy	dict-index	raw	exact	885	417
sample	prose_heavy	dict-index	raw	exact	886	750
sample	prose_heavy	dict-index	raw	exact	887	500
sample	prose_heavy	dict-index	raw	exact	888	917
sample	prose_heavy	dict-index	raw	exact	889	416
sample	prose_heavy	dict-index	raw	exact	890	583
sample	prose_heavy	dict-index	raw	exact	891	417
sample	prose_heavy	dict-index	raw	exact	892	791
sample	prose_heavy	dict-index	raw	exact	893	417
sample	prose_heavy	dict-index	raw	exact	894	625
sample	prose_heavy	dict-index	raw	exact	895	584
sample	prose_heavy	dict-index	raw	exact	896	875
sample	prose_heavy	dict-index	raw	exact	897	416
sample	prose_heavy	dict-index	raw	exact	898	8708
sample	prose_heavy	dict-index	raw	exact	899	1250
sample	prose_heavy	dict-index	raw	exact	900	875
sample	prose_heavy	dict-index	raw	exact	901	1125
sample	prose_heavy	dict-index	raw	exact	902	1042
sample	prose_heavy	dict-index	raw	exact	903	958
sample	prose_heavy	dict-index	raw	exact	904	1000
sample	prose_heavy	dict-index	raw	exact	905	500
sample	prose_heavy	dict-index	raw	exact	906	750
sample	prose_heavy	dict-index	raw	exact	907	542
sample	prose_heavy	dict-index	raw	exact	908	750
sample	prose_heavy	dict-index	raw	exact	909	417
sample	prose_heavy	dict-index	raw	exact	910	708
sample	prose_heavy	dict-index	raw	exact	911	625
sample	prose_heavy	dict-index	raw	exact	912	1083
sample	prose_heavy	dict-index	raw	exact	913	417
sample	prose_heavy	dict-index	raw	exact	914	667
sample	prose_heavy	dict-index	raw	exact	915	500
sample	prose_heavy	dict-index	raw	exact	916	750
sample	prose_heavy	dict-index	raw	exact	917	458
sample	prose_heavy	dict-index	raw	exact	918	875
sample	prose_heavy	dict-index	raw	exact	919	625
sample	prose_heavy	dict-index	raw	exact	920	792
sample	prose_heavy	dict-index	raw	exact	921	375
sample	prose_heavy	dict-index	raw	exact	922	667
sample	prose_heavy	dict-index	raw	exact	923	458
sample	prose_heavy	dict-index	raw	exact	924	708
sample	prose_heavy	dict-index	raw	exact	925	458
sample	prose_heavy	dict-index	raw	exact	926	750
sample	prose_heavy	dict-index	raw	exact	927	667
sample	prose_heavy	dict-index	raw	exact	928	1083
sample	prose_heavy	dict-index	raw	exact	929	375
sample	prose_heavy	dict-index	raw	exact	930	708
sample	prose_heavy	dict-index	raw	exact	931	458
sample	prose_heavy	dict-index	raw	exact	932	791
sample	prose_heavy	dict-index	raw	exact	933	375
sample	prose_heavy	dict-index	raw	exact	934	583
sample	prose_heavy	dict-index	raw	exact	935	625
sample	prose_heavy	dict-index	raw	exact	936	5375
sample	prose_heavy	dict-index	raw	exact	937	1000
sample	prose_heavy	dict-index	raw	exact	938	750
sample	prose_heavy	dict-index	raw	exact	939	542
sample	prose_heavy	dict-index	raw	exact	940	583
sample	prose_heavy	dict-index	raw	exact	941	417
sample	prose_heavy	dict-index	raw	exact	942	750
sample	prose_heavy	dict-index	raw	exact	943	583
sample	prose_heavy	dict-index	raw	exact	944	834
sample	prose_heavy	dict-index	raw	exact	945	458
sample	prose_heavy	dict-index	raw	exact	946	584
sample	prose_heavy	dict-index	raw	exact	947	875
sample	prose_heavy	dict-index	raw	exact	948	7667
sample	prose_heavy	dict-index	raw	exact	949	916
sample	prose_heavy	dict-index	raw	exact	950	7250
sample	prose_heavy	dict-index	raw	exact	951	4000
sample	prose_heavy	dict-index	raw	exact	952	2625
sample	prose_heavy	dict-index	raw	exact	953	2459
sample	prose_heavy	dict-index	raw	exact	954	1583
sample	prose_heavy	dict-index	raw	exact	955	625
sample	prose_heavy	dict-index	raw	exact	956	1417
sample	prose_heavy	dict-index	raw	exact	957	458
sample	prose_heavy	dict-index	raw	exact	958	1042
sample	prose_heavy	dict-index	raw	exact	959	542
sample	prose_heavy	dict-index	raw	exact	960	875
sample	prose_heavy	dict-index	raw	exact	961	542
sample	prose_heavy	dict-index	raw	exact	962	834
sample	prose_heavy	dict-index	raw	exact	963	417
sample	prose_heavy	dict-index	raw	exact	964	1250
sample	prose_heavy	dict-index	raw	exact	965	416
sample	prose_heavy	dict-index	raw	exact	966	1417
sample	prose_heavy	dict-index	raw	exact	967	584
sample	prose_heavy	dict-index	raw	exact	968	1042
sample	prose_heavy	dict-index	raw	exact	969	333
sample	prose_heavy	dict-index	raw	exact	970	958
sample	prose_heavy	dict-index	raw	exact	971	459
sample	prose_heavy	dict-index	raw	exact	972	1750
sample	prose_heavy	dict-index	raw	exact	973	375
sample	prose_heavy	dict-index	raw	exact	974	1458
sample	prose_heavy	dict-index	raw	exact	975	625
sample	prose_heavy	dict-index	raw	exact	976	1042
sample	prose_heavy	dict-index	raw	exact	977	375
sample	prose_heavy	dict-index	raw	exact	978	958
sample	prose_heavy	dict-index	raw	exact	979	417
sample	prose_heavy	dict-index	raw	exact	980	792
sample	prose_heavy	dict-index	raw	exact	981	417
sample	prose_heavy	dict-index	raw	exact	982	750
sample	prose_heavy	dict-index	raw	exact	983	542
sample	prose_heavy	dict-index	raw	exact	984	708
sample	prose_heavy	dict-index	raw	exact	985	333
sample	prose_heavy	dict-index	raw	exact	986	583
sample	prose_heavy	dict-index	raw	exact	987	459
sample	prose_heavy	dict-index	raw	exact	988	667
sample	prose_heavy	dict-index	raw	exact	989	417
sample	prose_heavy	dict-index	raw	exact	990	542
sample	prose_heavy	dict-index	raw	exact	991	583
sample	prose_heavy	dict-index	raw	exact	992	834
sample	prose_heavy	dict-index	raw	exact	993	417
sample	prose_heavy	dict-index	raw	exact	994	542
sample	prose_heavy	dict-index	raw	exact	995	417
sample	prose_heavy	dict-index	raw	exact	996	667
sample	prose_heavy	dict-index	raw	exact	997	416
sample	prose_heavy	dict-index	raw	exact	998	625
sample	prose_heavy	dict-index	raw	exact	999	541
sample	prose_heavy	dict-index	raw	prefix	0	2292
sample	prose_heavy	dict-index	raw	prefix	1	1125
sample	prose_heavy	dict-index	raw	prefix	2	154750
sample	prose_heavy	dict-index	raw	prefix	3	144833
sample	prose_heavy	dict-index	raw	prefix	4	13750
sample	prose_heavy	dict-index	raw	prefix	5	625
sample	prose_heavy	dict-index	raw	prefix	6	263500
sample	prose_heavy	dict-index	raw	prefix	7	142833
sample	prose_heavy	dict-index	raw	prefix	8	10458
sample	prose_heavy	dict-index	raw	prefix	9	1416
sample	prose_heavy	dict-index	raw	prefix	10	135333
sample	prose_heavy	dict-index	raw	prefix	11	401708
sample	prose_heavy	dict-index	raw	prefix	12	13833
sample	prose_heavy	dict-index	raw	prefix	13	625
sample	prose_heavy	dict-index	raw	prefix	14	193958
sample	prose_heavy	dict-index	raw	prefix	15	140542
sample	prose_heavy	dict-index	raw	prefix	16	7208
sample	prose_heavy	dict-index	raw	prefix	17	1458
sample	prose_heavy	dict-index	raw	prefix	18	131583
sample	prose_heavy	dict-index	raw	prefix	19	376292
sample	prose_heavy	dict-index	raw	prefix	20	8000
sample	prose_heavy	dict-index	raw	prefix	21	542
sample	prose_heavy	dict-index	raw	prefix	22	131625
sample	prose_heavy	dict-index	raw	prefix	23	1011542
sample	prose_heavy	dict-index	raw	prefix	24	10750
sample	prose_heavy	dict-index	raw	prefix	25	1958
sample	prose_heavy	dict-index	raw	prefix	26	132167
sample	prose_heavy	dict-index	raw	prefix	27	285125
sample	prose_heavy	dict-index	raw	prefix	28	33083
sample	prose_heavy	dict-index	raw	prefix	29	5417
sample	prose_heavy	dict-index	raw	prefix	30	306041
sample	prose_heavy	dict-index	raw	prefix	31	142875
sample	prose_heavy	dict-index	raw	prefix	32	8375
sample	prose_heavy	dict-index	raw	prefix	33	2333
sample	prose_heavy	dict-index	raw	prefix	34	132833
sample	prose_heavy	dict-index	raw	prefix	35	137833
sample	prose_heavy	dict-index	raw	prefix	36	9083
sample	prose_heavy	dict-index	raw	prefix	37	708
sample	prose_heavy	dict-index	raw	prefix	38	324083
sample	prose_heavy	dict-index	raw	prefix	39	140958
sample	prose_heavy	dict-index	raw	prefix	40	8000
sample	prose_heavy	dict-index	raw	prefix	41	1875
sample	prose_heavy	dict-index	raw	prefix	42	136833
sample	prose_heavy	dict-index	raw	prefix	43	428041
sample	prose_heavy	dict-index	raw	prefix	44	15750
sample	prose_heavy	dict-index	raw	prefix	45	1000
sample	prose_heavy	dict-index	raw	prefix	46	1387000
sample	prose_heavy	dict-index	raw	prefix	47	146125
sample	prose_heavy	dict-index	raw	prefix	48	8250
sample	prose_heavy	dict-index	raw	prefix	49	1917
sample	prose_heavy	dict-index	raw	prefix	50	135375
sample	prose_heavy	dict-index	raw	prefix	51	344666
sample	prose_heavy	dict-index	raw	prefix	52	9500
sample	prose_heavy	dict-index	raw	prefix	53	708
sample	prose_heavy	dict-index	raw	prefix	54	135208
sample	prose_heavy	dict-index	raw	prefix	55	404167
sample	prose_heavy	dict-index	raw	prefix	56	14459
sample	prose_heavy	dict-index	raw	prefix	57	4083
sample	prose_heavy	dict-index	raw	prefix	58	417042
sample	prose_heavy	dict-index	raw	prefix	59	647167
sample	prose_heavy	dict-index	raw	prefix	60	10834
sample	prose_heavy	dict-index	raw	prefix	61	709
sample	prose_heavy	dict-index	raw	prefix	62	338541
sample	prose_heavy	dict-index	raw	prefix	63	428875
sample	prose_heavy	dict-index	raw	prefix	64	11375
sample	prose_heavy	dict-index	raw	prefix	65	2334
sample	prose_heavy	dict-index	raw	prefix	66	188833
sample	prose_heavy	dict-index	raw	prefix	67	177167
sample	prose_heavy	dict-index	raw	prefix	68	9500
sample	prose_heavy	dict-index	raw	prefix	69	791
sample	prose_heavy	dict-index	raw	prefix	70	132417
sample	prose_heavy	dict-index	raw	prefix	71	185875
sample	prose_heavy	dict-index	raw	prefix	72	8250
sample	prose_heavy	dict-index	raw	prefix	73	2167
sample	prose_heavy	dict-index	raw	prefix	74	132209
sample	prose_heavy	dict-index	raw	prefix	75	144792
sample	prose_heavy	dict-index	raw	prefix	76	3708
sample	prose_heavy	dict-index	raw	prefix	77	625
sample	prose_heavy	dict-index	raw	prefix	78	986291
sample	prose_heavy	dict-index	raw	prefix	79	159708
sample	prose_heavy	dict-index	raw	prefix	80	9459
sample	prose_heavy	dict-index	raw	prefix	81	2042
sample	prose_heavy	dict-index	raw	prefix	82	133208
sample	prose_heavy	dict-index	raw	prefix	83	137917
sample	prose_heavy	dict-index	raw	prefix	84	8541
sample	prose_heavy	dict-index	raw	prefix	85	709
sample	prose_heavy	dict-index	raw	prefix	86	135459
sample	prose_heavy	dict-index	raw	prefix	87	290625
sample	prose_heavy	dict-index	raw	prefix	88	7750
sample	prose_heavy	dict-index	raw	prefix	89	2208
sample	prose_heavy	dict-index	raw	prefix	90	133042
sample	prose_heavy	dict-index	raw	prefix	91	179667
sample	prose_heavy	dict-index	raw	prefix	92	9791
sample	prose_heavy	dict-index	raw	prefix	93	792
sample	prose_heavy	dict-index	raw	prefix	94	134708
sample	prose_heavy	dict-index	raw	prefix	95	145583
sample	prose_heavy	dict-index	raw	prefix	96	8417
sample	prose_heavy	dict-index	raw	prefix	97	2417
sample	prose_heavy	dict-index	raw	prefix	98	614208
sample	prose_heavy	dict-index	raw	prefix	99	146750
sample	prose_heavy	dict-index	raw	prefix	100	21167
sample	prose_heavy	dict-index	raw	prefix	101	2542
sample	prose_heavy	dict-index	raw	prefix	102	133625
sample	prose_heavy	dict-index	raw	prefix	103	344125
sample	prose_heavy	dict-index	raw	prefix	104	9209
sample	prose_heavy	dict-index	raw	prefix	105	3375
sample	prose_heavy	dict-index	raw	prefix	106	357458
sample	prose_heavy	dict-index	raw	prefix	107	142167
sample	prose_heavy	dict-index	raw	prefix	108	12084
sample	prose_heavy	dict-index	raw	prefix	109	708
sample	prose_heavy	dict-index	raw	prefix	110	135209
sample	prose_heavy	dict-index	raw	prefix	111	138000
sample	prose_heavy	dict-index	raw	prefix	112	9208
sample	prose_heavy	dict-index	raw	prefix	113	1791
sample	prose_heavy	dict-index	raw	prefix	114	134500
sample	prose_heavy	dict-index	raw	prefix	115	138292
sample	prose_heavy	dict-index	raw	prefix	116	29667
sample	prose_heavy	dict-index	raw	prefix	117	7958
sample	prose_heavy	dict-index	raw	prefix	118	213834
sample	prose_heavy	dict-index	raw	prefix	119	147834
sample	prose_heavy	dict-index	raw	prefix	120	14125
sample	prose_heavy	dict-index	raw	prefix	121	4000
sample	prose_heavy	dict-index	raw	prefix	122	375334
sample	prose_heavy	dict-index	raw	prefix	123	146416
sample	prose_heavy	dict-index	raw	prefix	124	8584
sample	prose_heavy	dict-index	raw	prefix	125	750
sample	prose_heavy	dict-index	raw	prefix	126	131167
sample	prose_heavy	dict-index	raw	prefix	127	146625
sample	prose_heavy	dict-index	raw	prefix	128	7833
sample	prose_heavy	dict-index	raw	prefix	129	1333
sample	prose_heavy	dict-index	raw	prefix	130	133333
sample	prose_heavy	dict-index	raw	prefix	131	136833
sample	prose_heavy	dict-index	raw	prefix	132	19250
sample	prose_heavy	dict-index	raw	prefix	133	2916
sample	prose_heavy	dict-index	raw	prefix	134	250125
sample	prose_heavy	dict-index	raw	prefix	135	409292
sample	prose_heavy	dict-index	raw	prefix	136	7625
sample	prose_heavy	dict-index	raw	prefix	137	1875
sample	prose_heavy	dict-index	raw	prefix	138	187166
sample	prose_heavy	dict-index	raw	prefix	139	149833
sample	prose_heavy	dict-index	raw	prefix	140	7375
sample	prose_heavy	dict-index	raw	prefix	141	709
sample	prose_heavy	dict-index	raw	prefix	142	319000
sample	prose_heavy	dict-index	raw	prefix	143	212667
sample	prose_heavy	dict-index	raw	prefix	144	53375
sample	prose_heavy	dict-index	raw	prefix	145	5667
sample	prose_heavy	dict-index	raw	prefix	146	232042
sample	prose_heavy	dict-index	raw	prefix	147	174750
sample	prose_heavy	dict-index	raw	prefix	148	19417
sample	prose_heavy	dict-index	raw	prefix	149	2959
sample	prose_heavy	dict-index	raw	prefix	150	133417
sample	prose_heavy	dict-index	raw	prefix	151	719875
sample	prose_heavy	dict-index	raw	prefix	152	15958
sample	prose_heavy	dict-index	raw	prefix	153	5958
sample	prose_heavy	dict-index	raw	prefix	154	180250
sample	prose_heavy	dict-index	raw	prefix	155	146583
sample	prose_heavy	dict-index	raw	prefix	156	6375
sample	prose_heavy	dict-index	raw	prefix	157	667
sample	prose_heavy	dict-index	raw	prefix	158	223333
sample	prose_heavy	dict-index	raw	prefix	159	140458
sample	prose_heavy	dict-index	raw	prefix	160	8708
sample	prose_heavy	dict-index	raw	prefix	161	2084
sample	prose_heavy	dict-index	raw	prefix	162	136291
sample	prose_heavy	dict-index	raw	prefix	163	141500
sample	prose_heavy	dict-index	raw	prefix	164	20917
sample	prose_heavy	dict-index	raw	prefix	165	3792
sample	prose_heavy	dict-index	raw	prefix	166	513750
sample	prose_heavy	dict-index	raw	prefix	167	139708
sample	prose_heavy	dict-index	raw	prefix	168	10209
sample	prose_heavy	dict-index	raw	prefix	169	2167
sample	prose_heavy	dict-index	raw	prefix	170	131209
sample	prose_heavy	dict-index	raw	prefix	171	164500
sample	prose_heavy	dict-index	raw	prefix	172	10750
sample	prose_heavy	dict-index	raw	prefix	173	708
sample	prose_heavy	dict-index	raw	prefix	174	134416
sample	prose_heavy	dict-index	raw	prefix	175	257041
sample	prose_heavy	dict-index	raw	prefix	176	8666
sample	prose_heavy	dict-index	raw	prefix	177	15292
sample	prose_heavy	dict-index	raw	prefix	178	183500
sample	prose_heavy	dict-index	raw	prefix	179	140333
sample	prose_heavy	dict-index	raw	prefix	180	15250
sample	prose_heavy	dict-index	raw	prefix	181	1125
sample	prose_heavy	dict-index	raw	prefix	182	334792
sample	prose_heavy	dict-index	raw	prefix	183	149792
sample	prose_heavy	dict-index	raw	prefix	184	8333
sample	prose_heavy	dict-index	raw	prefix	185	2458
sample	prose_heavy	dict-index	raw	prefix	186	132625
sample	prose_heavy	dict-index	raw	prefix	187	160084
sample	prose_heavy	dict-index	raw	prefix	188	10292
sample	prose_heavy	dict-index	raw	prefix	189	791
sample	prose_heavy	dict-index	raw	prefix	190	135500
sample	prose_heavy	dict-index	raw	prefix	191	232292
sample	prose_heavy	dict-index	raw	prefix	192	9791
sample	prose_heavy	dict-index	raw	prefix	193	2250
sample	prose_heavy	dict-index	raw	prefix	194	133625
sample	prose_heavy	dict-index	raw	prefix	195	132500
sample	prose_heavy	dict-index	raw	prefix	196	4958
sample	prose_heavy	dict-index	raw	prefix	197	500
sample	prose_heavy	dict-index	raw	prefix	198	130750
sample	prose_heavy	dict-index	raw	prefix	199	149833
sample	prose_heavy	dict-index	raw	prefix	200	9208
sample	prose_heavy	dict-index	raw	prefix	201	2334
sample	prose_heavy	dict-index	raw	prefix	202	132625
sample	prose_heavy	dict-index	raw	prefix	203	165750
sample	prose_heavy	dict-index	raw	prefix	204	7042
sample	prose_heavy	dict-index	raw	prefix	205	583
sample	prose_heavy	dict-index	raw	prefix	206	129917
sample	prose_heavy	dict-index	raw	prefix	207	155125
sample	prose_heavy	dict-index	raw	prefix	208	11583
sample	prose_heavy	dict-index	raw	prefix	209	2167
sample	prose_heavy	dict-index	raw	prefix	210	134709
sample	prose_heavy	dict-index	raw	prefix	211	157167
sample	prose_heavy	dict-index	raw	prefix	212	9333
sample	prose_heavy	dict-index	raw	prefix	213	833
sample	prose_heavy	dict-index	raw	prefix	214	238000
sample	prose_heavy	dict-index	raw	prefix	215	141375
sample	prose_heavy	dict-index	raw	prefix	216	6667
sample	prose_heavy	dict-index	raw	prefix	217	2167
sample	prose_heavy	dict-index	raw	prefix	218	134666
sample	prose_heavy	dict-index	raw	prefix	219	142500
sample	prose_heavy	dict-index	raw	prefix	220	7375
sample	prose_heavy	dict-index	raw	prefix	221	4625
sample	prose_heavy	dict-index	raw	prefix	222	348166
sample	prose_heavy	dict-index	raw	prefix	223	288875
sample	prose_heavy	dict-index	raw	prefix	224	8792
sample	prose_heavy	dict-index	raw	prefix	225	2458
sample	prose_heavy	dict-index	raw	prefix	226	137666
sample	prose_heavy	dict-index	raw	prefix	227	1331625
sample	prose_heavy	dict-index	raw	prefix	228	11708
sample	prose_heavy	dict-index	raw	prefix	229	834
sample	prose_heavy	dict-index	raw	prefix	230	1280375
sample	prose_heavy	dict-index	raw	prefix	231	147708
sample	prose_heavy	dict-index	raw	prefix	232	7959
sample	prose_heavy	dict-index	raw	prefix	233	1542
sample	prose_heavy	dict-index	raw	prefix	234	131000
sample	prose_heavy	dict-index	raw	prefix	235	138709
sample	prose_heavy	dict-index	raw	prefix	236	16000
sample	prose_heavy	dict-index	raw	prefix	237	1708
sample	prose_heavy	dict-index	raw	prefix	238	356250
sample	prose_heavy	dict-index	raw	prefix	239	142417
sample	prose_heavy	dict-index	raw	prefix	240	15791
sample	prose_heavy	dict-index	raw	prefix	241	6583
sample	prose_heavy	dict-index	raw	prefix	242	135167
sample	prose_heavy	dict-index	raw	prefix	243	339459
sample	prose_heavy	dict-index	raw	prefix	244	19250
sample	prose_heavy	dict-index	raw	prefix	245	792
sample	prose_heavy	dict-index	raw	prefix	246	1336209
sample	prose_heavy	dict-index	raw	prefix	247	137291
sample	prose_heavy	dict-index	raw	prefix	248	53875
sample	prose_heavy	dict-index	raw	prefix	249	3125
sample	prose_heavy	dict-index	raw	prefix	250	136209
sample	prose_heavy	dict-index	raw	prefix	251	440625
sample	prose_heavy	dict-index	raw	prefix	252	16500
sample	prose_heavy	dict-index	raw	prefix	253	833
sample	prose_heavy	dict-index	raw	prefix	254	141875
sample	prose_heavy	dict-index	raw	prefix	255	207125
sample	prose_heavy	dict-index	raw	prefix	256	10500
sample	prose_heavy	dict-index	raw	prefix	257	1916
sample	prose_heavy	dict-index	raw	prefix	258	135625
sample	prose_heavy	dict-index	raw	prefix	259	139459
sample	prose_heavy	dict-index	raw	prefix	260	27667
sample	prose_heavy	dict-index	raw	prefix	261	5708
sample	prose_heavy	dict-index	raw	prefix	262	359500
sample	prose_heavy	dict-index	raw	prefix	263	148209
sample	prose_heavy	dict-index	raw	prefix	264	9375
sample	prose_heavy	dict-index	raw	prefix	265	2666
sample	prose_heavy	dict-index	raw	prefix	266	162583
sample	prose_heavy	dict-index	raw	prefix	267	179667
sample	prose_heavy	dict-index	raw	prefix	268	9500
sample	prose_heavy	dict-index	raw	prefix	269	834
sample	prose_heavy	dict-index	raw	prefix	270	275916
sample	prose_heavy	dict-index	raw	prefix	271	146416
sample	prose_heavy	dict-index	raw	prefix	272	13583
sample	prose_heavy	dict-index	raw	prefix	273	3417
sample	prose_heavy	dict-index	raw	prefix	274	189792
sample	prose_heavy	dict-index	raw	prefix	275	148750
sample	prose_heavy	dict-index	raw	prefix	276	10000
sample	prose_heavy	dict-index	raw	prefix	277	708
sample	prose_heavy	dict-index	raw	prefix	278	132917
sample	prose_heavy	dict-index	raw	prefix	279	140584
sample	prose_heavy	dict-index	raw	prefix	280	11584
sample	prose_heavy	dict-index	raw	prefix	281	2083
sample	prose_heavy	dict-index	raw	prefix	282	144500
sample	prose_heavy	dict-index	raw	prefix	283	143625
sample	prose_heavy	dict-index	raw	prefix	284	15041
sample	prose_heavy	dict-index	raw	prefix	285	834
sample	prose_heavy	dict-index	raw	prefix	286	138708
sample	prose_heavy	dict-index	raw	prefix	287	451708
sample	prose_heavy	dict-index	raw	prefix	288	8542
sample	prose_heavy	dict-index	raw	prefix	289	1917
sample	prose_heavy	dict-index	raw	prefix	290	393042
sample	prose_heavy	dict-index	raw	prefix	291	144125
sample	prose_heavy	dict-index	raw	prefix	292	10708
sample	prose_heavy	dict-index	raw	prefix	293	709
sample	prose_heavy	dict-index	raw	prefix	294	142667
sample	prose_heavy	dict-index	raw	prefix	295	133042
sample	prose_heavy	dict-index	raw	prefix	296	14416
sample	prose_heavy	dict-index	raw	prefix	297	6417
sample	prose_heavy	dict-index	raw	prefix	298	136416
sample	prose_heavy	dict-index	raw	prefix	299	1160500
sample	prose_heavy	dict-index	raw	prefix	300	7792
sample	prose_heavy	dict-index	raw	prefix	301	666
sample	prose_heavy	dict-index	raw	prefix	302	132083
sample	prose_heavy	dict-index	raw	prefix	303	141500
sample	prose_heavy	dict-index	raw	prefix	304	11083
sample	prose_heavy	dict-index	raw	prefix	305	2208
sample	prose_heavy	dict-index	raw	prefix	306	133583
sample	prose_heavy	dict-index	raw	prefix	307	145125
sample	prose_heavy	dict-index	raw	prefix	308	35875
sample	prose_heavy	dict-index	raw	prefix	309	1166
sample	prose_heavy	dict-index	raw	prefix	310	135958
sample	prose_heavy	dict-index	raw	prefix	311	141916
sample	prose_heavy	dict-index	raw	prefix	312	12000
sample	prose_heavy	dict-index	raw	prefix	313	2875
sample	prose_heavy	dict-index	raw	prefix	314	135959
sample	prose_heavy	dict-index	raw	prefix	315	152417
sample	prose_heavy	dict-index	raw	prefix	316	8542
sample	prose_heavy	dict-index	raw	prefix	317	666
sample	prose_heavy	dict-index	raw	prefix	318	133583
sample	prose_heavy	dict-index	raw	prefix	319	155125
sample	prose_heavy	dict-index	raw	prefix	320	7875
sample	prose_heavy	dict-index	raw	prefix	321	2083
sample	prose_heavy	dict-index	raw	prefix	322	133625
sample	prose_heavy	dict-index	raw	prefix	323	380541
sample	prose_heavy	dict-index	raw	prefix	324	11417
sample	prose_heavy	dict-index	raw	prefix	325	1125
sample	prose_heavy	dict-index	raw	prefix	326	173791
sample	prose_heavy	dict-index	raw	prefix	327	131334
sample	prose_heavy	dict-index	raw	prefix	328	5542
sample	prose_heavy	dict-index	raw	prefix	329	1834
sample	prose_heavy	dict-index	raw	prefix	330	133208
sample	prose_heavy	dict-index	raw	prefix	331	137583
sample	prose_heavy	dict-index	raw	prefix	332	10792
sample	prose_heavy	dict-index	raw	prefix	333	791
sample	prose_heavy	dict-index	raw	prefix	334	133333
sample	prose_heavy	dict-index	raw	prefix	335	570916
sample	prose_heavy	dict-index	raw	prefix	336	28250
sample	prose_heavy	dict-index	raw	prefix	337	4375
sample	prose_heavy	dict-index	raw	prefix	338	134042
sample	prose_heavy	dict-index	raw	prefix	339	423125
sample	prose_heavy	dict-index	raw	prefix	340	11583
sample	prose_heavy	dict-index	raw	prefix	341	709
sample	prose_heavy	dict-index	raw	prefix	342	236583
sample	prose_heavy	dict-index	raw	prefix	343	371375
sample	prose_heavy	dict-index	raw	prefix	344	9666
sample	prose_heavy	dict-index	raw	prefix	345	2375
sample	prose_heavy	dict-index	raw	prefix	346	139375
sample	prose_heavy	dict-index	raw	prefix	347	140958
sample	prose_heavy	dict-index	raw	prefix	348	8375
sample	prose_heavy	dict-index	raw	prefix	349	625
sample	prose_heavy	dict-index	raw	prefix	350	133542
sample	prose_heavy	dict-index	raw	prefix	351	137208
sample	prose_heavy	dict-index	raw	prefix	352	18250
sample	prose_heavy	dict-index	raw	prefix	353	4167
sample	prose_heavy	dict-index	raw	prefix	354	363333
sample	prose_heavy	dict-index	raw	prefix	355	466709
sample	prose_heavy	dict-index	raw	prefix	356	16875
sample	prose_heavy	dict-index	raw	prefix	357	4917
sample	prose_heavy	dict-index	raw	prefix	358	361125
sample	prose_heavy	dict-index	raw	prefix	359	148042
sample	prose_heavy	dict-index	raw	prefix	360	10667
sample	prose_heavy	dict-index	raw	prefix	361	1583
sample	prose_heavy	dict-index	raw	prefix	362	134792
sample	prose_heavy	dict-index	raw	prefix	363	387583
sample	prose_heavy	dict-index	raw	prefix	364	10291
sample	prose_heavy	dict-index	raw	prefix	365	750
sample	prose_heavy	dict-index	raw	prefix	366	132791
sample	prose_heavy	dict-index	raw	prefix	367	273166
sample	prose_heavy	dict-index	raw	prefix	368	13125
sample	prose_heavy	dict-index	raw	prefix	369	7750
sample	prose_heavy	dict-index	raw	prefix	370	343292
sample	prose_heavy	dict-index	raw	prefix	371	392542
sample	prose_heavy	dict-index	raw	prefix	372	13125
sample	prose_heavy	dict-index	raw	prefix	373	1458
sample	prose_heavy	dict-index	raw	prefix	374	135041
sample	prose_heavy	dict-index	raw	prefix	375	155292
sample	prose_heavy	dict-index	raw	prefix	376	11375
sample	prose_heavy	dict-index	raw	prefix	377	7333
sample	prose_heavy	dict-index	raw	prefix	378	134750
sample	prose_heavy	dict-index	raw	prefix	379	149459
sample	prose_heavy	dict-index	raw	prefix	380	11417
sample	prose_heavy	dict-index	raw	prefix	381	792
sample	prose_heavy	dict-index	raw	prefix	382	242500
sample	prose_heavy	dict-index	raw	prefix	383	161292
sample	prose_heavy	dict-index	raw	prefix	384	11250
sample	prose_heavy	dict-index	raw	prefix	385	10834
sample	prose_heavy	dict-index	raw	prefix	386	431791
sample	prose_heavy	dict-index	raw	prefix	387	148458
sample	prose_heavy	dict-index	raw	prefix	388	11208
sample	prose_heavy	dict-index	raw	prefix	389	750
sample	prose_heavy	dict-index	raw	prefix	390	139041
sample	prose_heavy	dict-index	raw	prefix	391	139958
sample	prose_heavy	dict-index	raw	prefix	392	9958
sample	prose_heavy	dict-index	raw	prefix	393	1917
sample	prose_heavy	dict-index	raw	prefix	394	139333
sample	prose_heavy	dict-index	raw	prefix	395	398208
sample	prose_heavy	dict-index	raw	prefix	396	10875
sample	prose_heavy	dict-index	raw	prefix	397	750
sample	prose_heavy	dict-index	raw	prefix	398	133875
sample	prose_heavy	dict-index	raw	prefix	399	142041
sample	prose_heavy	dict-index	raw	prefix	400	10750
sample	prose_heavy	dict-index	raw	prefix	401	2334
sample	prose_heavy	dict-index	raw	prefix	402	137000
sample	prose_heavy	dict-index	raw	prefix	403	141541
sample	prose_heavy	dict-index	raw	prefix	404	19417
sample	prose_heavy	dict-index	raw	prefix	405	2917
sample	prose_heavy	dict-index	raw	prefix	406	134500
sample	prose_heavy	dict-index	raw	prefix	407	146167
sample	prose_heavy	dict-index	raw	prefix	408	3667
sample	prose_heavy	dict-index	raw	prefix	409	1500
sample	prose_heavy	dict-index	raw	prefix	410	130834
sample	prose_heavy	dict-index	raw	prefix	411	315375
sample	prose_heavy	dict-index	raw	prefix	412	12625
sample	prose_heavy	dict-index	raw	prefix	413	708
sample	prose_heavy	dict-index	raw	prefix	414	139292
sample	prose_heavy	dict-index	raw	prefix	415	148416
sample	prose_heavy	dict-index	raw	prefix	416	7500
sample	prose_heavy	dict-index	raw	prefix	417	5792
sample	prose_heavy	dict-index	raw	prefix	418	135583
sample	prose_heavy	dict-index	raw	prefix	419	218875
sample	prose_heavy	dict-index	raw	prefix	420	12292
sample	prose_heavy	dict-index	raw	prefix	421	708
sample	prose_heavy	dict-index	raw	prefix	422	135750
sample	prose_heavy	dict-index	raw	prefix	423	603625
sample	prose_heavy	dict-index	raw	prefix	424	16000
sample	prose_heavy	dict-index	raw	prefix	425	4625
sample	prose_heavy	dict-index	raw	prefix	426	430916
sample	prose_heavy	dict-index	raw	prefix	427	149625
sample	prose_heavy	dict-index	raw	prefix	428	9291
sample	prose_heavy	dict-index	raw	prefix	429	708
sample	prose_heavy	dict-index	raw	prefix	430	153667
sample	prose_heavy	dict-index	raw	prefix	431	144792
sample	prose_heavy	dict-index	raw	prefix	432	10708
sample	prose_heavy	dict-index	raw	prefix	433	2417
sample	prose_heavy	dict-index	raw	prefix	434	200083
sample	prose_heavy	dict-index	raw	prefix	435	156250
sample	prose_heavy	dict-index	raw	prefix	436	10750
sample	prose_heavy	dict-index	raw	prefix	437	1208
sample	prose_heavy	dict-index	raw	prefix	438	136875
sample	prose_heavy	dict-index	raw	prefix	439	143167
sample	prose_heavy	dict-index	raw	prefix	440	8375
sample	prose_heavy	dict-index	raw	prefix	441	2291
sample	prose_heavy	dict-index	raw	prefix	442	136917
sample	prose_heavy	dict-index	raw	prefix	443	332917
sample	prose_heavy	dict-index	raw	prefix	444	10208
sample	prose_heavy	dict-index	raw	prefix	445	792
sample	prose_heavy	dict-index	raw	prefix	446	130917
sample	prose_heavy	dict-index	raw	prefix	447	141750
sample	prose_heavy	dict-index	raw	prefix	448	7458
sample	prose_heavy	dict-index	raw	prefix	449	2083
sample	prose_heavy	dict-index	raw	prefix	450	131334
sample	prose_heavy	dict-index	raw	prefix	451	403333
sample	prose_heavy	dict-index	raw	prefix	452	23542
sample	prose_heavy	dict-index	raw	prefix	453	709
sample	prose_heavy	dict-index	raw	prefix	454	136875
sample	prose_heavy	dict-index	raw	prefix	455	141375
sample	prose_heavy	dict-index	raw	prefix	456	11041
sample	prose_heavy	dict-index	raw	prefix	457	7375
sample	prose_heavy	dict-index	raw	prefix	458	499333
sample	prose_heavy	dict-index	raw	prefix	459	140875
sample	prose_heavy	dict-index	raw	prefix	460	12625
sample	prose_heavy	dict-index	raw	prefix	461	5291
sample	prose_heavy	dict-index	raw	prefix	462	132000
sample	prose_heavy	dict-index	raw	prefix	463	303834
sample	prose_heavy	dict-index	raw	prefix	464	7541
sample	prose_heavy	dict-index	raw	prefix	465	2042
sample	prose_heavy	dict-index	raw	prefix	466	135208
sample	prose_heavy	dict-index	raw	prefix	467	142958
sample	prose_heavy	dict-index	raw	prefix	468	12333
sample	prose_heavy	dict-index	raw	prefix	469	708
sample	prose_heavy	dict-index	raw	prefix	470	136667
sample	prose_heavy	dict-index	raw	prefix	471	190000
sample	prose_heavy	dict-index	raw	prefix	472	12625
sample	prose_heavy	dict-index	raw	prefix	473	1958
sample	prose_heavy	dict-index	raw	prefix	474	240833
sample	prose_heavy	dict-index	raw	prefix	475	324708
sample	prose_heavy	dict-index	raw	prefix	476	10541
sample	prose_heavy	dict-index	raw	prefix	477	708
sample	prose_heavy	dict-index	raw	prefix	478	137459
sample	prose_heavy	dict-index	raw	prefix	479	142791
sample	prose_heavy	dict-index	raw	prefix	480	11667
sample	prose_heavy	dict-index	raw	prefix	481	1875
sample	prose_heavy	dict-index	raw	prefix	482	142708
sample	prose_heavy	dict-index	raw	prefix	483	415708
sample	prose_heavy	dict-index	raw	prefix	484	13209
sample	prose_heavy	dict-index	raw	prefix	485	750
sample	prose_heavy	dict-index	raw	prefix	486	134792
sample	prose_heavy	dict-index	raw	prefix	487	352125
sample	prose_heavy	dict-index	raw	prefix	488	9833
sample	prose_heavy	dict-index	raw	prefix	489	3333
sample	prose_heavy	dict-index	raw	prefix	490	135333
sample	prose_heavy	dict-index	raw	prefix	491	138875
sample	prose_heavy	dict-index	raw	prefix	492	15458
sample	prose_heavy	dict-index	raw	prefix	493	1667
sample	prose_heavy	dict-index	raw	prefix	494	142000
sample	prose_heavy	dict-index	raw	prefix	495	145500
sample	prose_heavy	dict-index	raw	prefix	496	10917
sample	prose_heavy	dict-index	raw	prefix	497	2583
sample	prose_heavy	dict-index	raw	prefix	498	331250
sample	prose_heavy	dict-index	raw	prefix	499	537917
sample	prose_heavy	dict-index	raw	prefix	500	28834
sample	prose_heavy	dict-index	raw	prefix	501	17292
sample	prose_heavy	dict-index	raw	prefix	502	387625
sample	prose_heavy	dict-index	raw	prefix	503	201084
sample	prose_heavy	dict-index	raw	prefix	504	11500
sample	prose_heavy	dict-index	raw	prefix	505	2125
sample	prose_heavy	dict-index	raw	prefix	506	204042
sample	prose_heavy	dict-index	raw	prefix	507	178083
sample	prose_heavy	dict-index	raw	prefix	508	9625
sample	prose_heavy	dict-index	raw	prefix	509	750
sample	prose_heavy	dict-index	raw	prefix	510	165500
sample	prose_heavy	dict-index	raw	prefix	511	141208
sample	prose_heavy	dict-index	raw	prefix	512	8750
sample	prose_heavy	dict-index	raw	prefix	513	1959
sample	prose_heavy	dict-index	raw	prefix	514	288541
sample	prose_heavy	dict-index	raw	prefix	515	141583
sample	prose_heavy	dict-index	raw	prefix	516	17375
sample	prose_heavy	dict-index	raw	prefix	517	5291
sample	prose_heavy	dict-index	raw	prefix	518	439416
sample	prose_heavy	dict-index	raw	prefix	519	1506041
sample	prose_heavy	dict-index	raw	prefix	520	6417
sample	prose_heavy	dict-index	raw	prefix	521	2500
sample	prose_heavy	dict-index	raw	prefix	522	132875
sample	prose_heavy	dict-index	raw	prefix	523	595250
sample	prose_heavy	dict-index	raw	prefix	524	11375
sample	prose_heavy	dict-index	raw	prefix	525	792
sample	prose_heavy	dict-index	raw	prefix	526	135958
sample	prose_heavy	dict-index	raw	prefix	527	490125
sample	prose_heavy	dict-index	raw	prefix	528	9083
sample	prose_heavy	dict-index	raw	prefix	529	1833
sample	prose_heavy	dict-index	raw	prefix	530	135958
sample	prose_heavy	dict-index	raw	prefix	531	361875
sample	prose_heavy	dict-index	raw	prefix	532	11250
sample	prose_heavy	dict-index	raw	prefix	533	875
sample	prose_heavy	dict-index	raw	prefix	534	139292
sample	prose_heavy	dict-index	raw	prefix	535	228416
sample	prose_heavy	dict-index	raw	prefix	536	16458
sample	prose_heavy	dict-index	raw	prefix	537	245541
sample	prose_heavy	dict-index	raw	prefix	538	141167
sample	prose_heavy	dict-index	raw	prefix	539	311541
sample	prose_heavy	dict-index	raw	prefix	540	8167
sample	prose_heavy	dict-index	raw	prefix	541	917
sample	prose_heavy	dict-index	raw	prefix	542	130291
sample	prose_heavy	dict-index	raw	prefix	543	143375
sample	prose_heavy	dict-index	raw	prefix	544	8250
sample	prose_heavy	dict-index	raw	prefix	545	2417
sample	prose_heavy	dict-index	raw	prefix	546	131292
sample	prose_heavy	dict-index	raw	prefix	547	281375
sample	prose_heavy	dict-index	raw	prefix	548	11875
sample	prose_heavy	dict-index	raw	prefix	549	666
sample	prose_heavy	dict-index	raw	prefix	550	135833
sample	prose_heavy	dict-index	raw	prefix	551	372416
sample	prose_heavy	dict-index	raw	prefix	552	17209
sample	prose_heavy	dict-index	raw	prefix	553	4708
sample	prose_heavy	dict-index	raw	prefix	554	379041
sample	prose_heavy	dict-index	raw	prefix	555	582541
sample	prose_heavy	dict-index	raw	prefix	556	19417
sample	prose_heavy	dict-index	raw	prefix	557	3500
sample	prose_heavy	dict-index	raw	prefix	558	310625
sample	prose_heavy	dict-index	raw	prefix	559	437916
sample	prose_heavy	dict-index	raw	prefix	560	10666
sample	prose_heavy	dict-index	raw	prefix	561	7250
sample	prose_heavy	dict-index	raw	prefix	562	139417
sample	prose_heavy	dict-index	raw	prefix	563	493209
sample	prose_heavy	dict-index	raw	prefix	564	12833
sample	prose_heavy	dict-index	raw	prefix	565	3166
sample	prose_heavy	dict-index	raw	prefix	566	133500
sample	prose_heavy	dict-index	raw	prefix	567	191750
sample	prose_heavy	dict-index	raw	prefix	568	14375
sample	prose_heavy	dict-index	raw	prefix	569	7583
sample	prose_heavy	dict-index	raw	prefix	570	139125
sample	prose_heavy	dict-index	raw	prefix	571	235958
sample	prose_heavy	dict-index	raw	prefix	572	20958
sample	prose_heavy	dict-index	raw	prefix	573	1583
sample	prose_heavy	dict-index	raw	prefix	574	236959
sample	prose_heavy	dict-index	raw	prefix	575	154209
sample	prose_heavy	dict-index	raw	prefix	576	13584
sample	prose_heavy	dict-index	raw	prefix	577	23083
sample	prose_heavy	dict-index	raw	prefix	578	163917
sample	prose_heavy	dict-index	raw	prefix	579	1136084
sample	prose_heavy	dict-index	raw	prefix	580	12334
sample	prose_heavy	dict-index	raw	prefix	581	5000
sample	prose_heavy	dict-index	raw	prefix	582	351042
sample	prose_heavy	dict-index	raw	prefix	583	223208
sample	prose_heavy	dict-index	raw	prefix	584	6458
sample	prose_heavy	dict-index	raw	prefix	585	1791
sample	prose_heavy	dict-index	raw	prefix	586	130500
sample	prose_heavy	dict-index	raw	prefix	587	153875
sample	prose_heavy	dict-index	raw	prefix	588	12708
sample	prose_heavy	dict-index	raw	prefix	589	791
sample	prose_heavy	dict-index	raw	prefix	590	329791
sample	prose_heavy	dict-index	raw	prefix	591	321375
sample	prose_heavy	dict-index	raw	prefix	592	10834
sample	prose_heavy	dict-index	raw	prefix	593	1625
sample	prose_heavy	dict-index	raw	prefix	594	136333
sample	prose_heavy	dict-index	raw	prefix	595	139000
sample	prose_heavy	dict-index	raw	prefix	596	32208
sample	prose_heavy	dict-index	raw	prefix	597	5375
sample	prose_heavy	dict-index	raw	prefix	598	136916
sample	prose_heavy	dict-index	raw	prefix	599	234084
sample	prose_heavy	dict-index	raw	prefix	600	7250
sample	prose_heavy	dict-index	raw	prefix	601	2667
sample	prose_heavy	dict-index	raw	prefix	602	346709
sample	prose_heavy	dict-index	raw	prefix	603	147334
sample	prose_heavy	dict-index	raw	prefix	604	3334
sample	prose_heavy	dict-index	raw	prefix	605	2042
sample	prose_heavy	dict-index	raw	prefix	606	165583
sample	prose_heavy	dict-index	raw	prefix	607	324875
sample	prose_heavy	dict-index	raw	prefix	608	17959
sample	prose_heavy	dict-index	raw	prefix	609	4000
sample	prose_heavy	dict-index	raw	prefix	610	141084
sample	prose_heavy	dict-index	raw	prefix	611	138500
sample	prose_heavy	dict-index	raw	prefix	612	11917
sample	prose_heavy	dict-index	raw	prefix	613	1541
sample	prose_heavy	dict-index	raw	prefix	614	138917
sample	prose_heavy	dict-index	raw	prefix	615	396250
sample	prose_heavy	dict-index	raw	prefix	616	11917
sample	prose_heavy	dict-index	raw	prefix	617	2250
sample	prose_heavy	dict-index	raw	prefix	618	142792
sample	prose_heavy	dict-index	raw	prefix	619	140916
sample	prose_heavy	dict-index	raw	prefix	620	22417
sample	prose_heavy	dict-index	raw	prefix	621	2458
sample	prose_heavy	dict-index	raw	prefix	622	142209
sample	prose_heavy	dict-index	raw	prefix	623	148167
sample	prose_heavy	dict-index	raw	prefix	624	16750
sample	prose_heavy	dict-index	raw	prefix	625	7084
sample	prose_heavy	dict-index	raw	prefix	626	277375
sample	prose_heavy	dict-index	raw	prefix	627	328958
sample	prose_heavy	dict-index	raw	prefix	628	16875
sample	prose_heavy	dict-index	raw	prefix	629	3209
sample	prose_heavy	dict-index	raw	prefix	630	140083
sample	prose_heavy	dict-index	raw	prefix	631	361250
sample	prose_heavy	dict-index	raw	prefix	632	16084
sample	prose_heavy	dict-index	raw	prefix	633	4375
sample	prose_heavy	dict-index	raw	prefix	634	249417
sample	prose_heavy	dict-index	raw	prefix	635	147583
sample	prose_heavy	dict-index	raw	prefix	636	17208
sample	prose_heavy	dict-index	raw	prefix	637	2542
sample	prose_heavy	dict-index	raw	prefix	638	138791
sample	prose_heavy	dict-index	raw	prefix	639	146750
sample	prose_heavy	dict-index	raw	prefix	640	13542
sample	prose_heavy	dict-index	raw	prefix	641	4167
sample	prose_heavy	dict-index	raw	prefix	642	352667
sample	prose_heavy	dict-index	raw	prefix	643	295334
sample	prose_heavy	dict-index	raw	prefix	644	9708
sample	prose_heavy	dict-index	raw	prefix	645	667
sample	prose_heavy	dict-index	raw	prefix	646	136375
sample	prose_heavy	dict-index	raw	prefix	647	180042
sample	prose_heavy	dict-index	raw	prefix	648	19375
sample	prose_heavy	dict-index	raw	prefix	649	4500
sample	prose_heavy	dict-index	raw	prefix	650	328958
sample	prose_heavy	dict-index	raw	prefix	651	328334
sample	prose_heavy	dict-index	raw	prefix	652	17875
sample	prose_heavy	dict-index	raw	prefix	653	8292
sample	prose_heavy	dict-index	raw	prefix	654	421042
sample	prose_heavy	dict-index	raw	prefix	655	509834
sample	prose_heavy	dict-index	raw	prefix	656	10792
sample	prose_heavy	dict-index	raw	prefix	657	2875
sample	prose_heavy	dict-index	raw	prefix	658	137833
sample	prose_heavy	dict-index	raw	prefix	659	141084
sample	prose_heavy	dict-index	raw	prefix	660	32625
sample	prose_heavy	dict-index	raw	prefix	661	1625
sample	prose_heavy	dict-index	raw	prefix	662	134958
sample	prose_heavy	dict-index	raw	prefix	663	142792
sample	prose_heavy	dict-index	raw	prefix	664	7500
sample	prose_heavy	dict-index	raw	prefix	665	2500
sample	prose_heavy	dict-index	raw	prefix	666	132083
sample	prose_heavy	dict-index	raw	prefix	667	144584
sample	prose_heavy	dict-index	raw	prefix	668	11500
sample	prose_heavy	dict-index	raw	prefix	669	667
sample	prose_heavy	dict-index	raw	prefix	670	137584
sample	prose_heavy	dict-index	raw	prefix	671	338375
sample	prose_heavy	dict-index	raw	prefix	672	15333
sample	prose_heavy	dict-index	raw	prefix	673	4250
sample	prose_heavy	dict-index	raw	prefix	674	135167
sample	prose_heavy	dict-index	raw	prefix	675	144416
sample	prose_heavy	dict-index	raw	prefix	676	6000
sample	prose_heavy	dict-index	raw	prefix	677	750
sample	prose_heavy	dict-index	raw	prefix	678	134542
sample	prose_heavy	dict-index	raw	prefix	679	148250
sample	prose_heavy	dict-index	raw	prefix	680	8875
sample	prose_heavy	dict-index	raw	prefix	681	2333
sample	prose_heavy	dict-index	raw	prefix	682	135792
sample	prose_heavy	dict-index	raw	prefix	683	139042
sample	prose_heavy	dict-index	raw	prefix	684	13542
sample	prose_heavy	dict-index	raw	prefix	685	833
sample	prose_heavy	dict-index	raw	prefix	686	136458
sample	prose_heavy	dict-index	raw	prefix	687	139417
sample	prose_heavy	dict-index	raw	prefix	688	9667
sample	prose_heavy	dict-index	raw	prefix	689	3042
sample	prose_heavy	dict-index	raw	prefix	690	136875
sample	prose_heavy	dict-index	raw	prefix	691	142417
sample	prose_heavy	dict-index	raw	prefix	692	8792
sample	prose_heavy	dict-index	raw	prefix	693	667
sample	prose_heavy	dict-index	raw	prefix	694	137833
sample	prose_heavy	dict-index	raw	prefix	695	139375
sample	prose_heavy	dict-index	raw	prefix	696	7833
sample	prose_heavy	dict-index	raw	prefix	697	7417
sample	prose_heavy	dict-index	raw	prefix	698	134208
sample	prose_heavy	dict-index	raw	prefix	699	144334
sample	prose_heavy	dict-index	raw	prefix	700	11833
sample	prose_heavy	dict-index	raw	prefix	701	708
sample	prose_heavy	dict-index	raw	prefix	702	175459
sample	prose_heavy	dict-index	raw	prefix	703	166417
sample	prose_heavy	dict-index	raw	prefix	704	11750
sample	prose_heavy	dict-index	raw	prefix	705	1875
sample	prose_heavy	dict-index	raw	prefix	706	137625
sample	prose_heavy	dict-index	raw	prefix	707	468666
sample	prose_heavy	dict-index	raw	prefix	708	9875
sample	prose_heavy	dict-index	raw	prefix	709	708
sample	prose_heavy	dict-index	raw	prefix	710	134084
sample	prose_heavy	dict-index	raw	prefix	711	150084
sample	prose_heavy	dict-index	raw	prefix	712	10958
sample	prose_heavy	dict-index	raw	prefix	713	2167
sample	prose_heavy	dict-index	raw	prefix	714	140083
sample	prose_heavy	dict-index	raw	prefix	715	310708
sample	prose_heavy	dict-index	raw	prefix	716	212167
sample	prose_heavy	dict-index	raw	prefix	717	4584
sample	prose_heavy	dict-index	raw	prefix	718	140583
sample	prose_heavy	dict-index	raw	prefix	719	582292
sample	prose_heavy	dict-index	raw	prefix	720	21875
sample	prose_heavy	dict-index	raw	prefix	721	6459
sample	prose_heavy	dict-index	raw	prefix	722	409042
sample	prose_heavy	dict-index	raw	prefix	723	592000
sample	prose_heavy	dict-index	raw	prefix	724	11459
sample	prose_heavy	dict-index	raw	prefix	725	4917
sample	prose_heavy	dict-index	raw	prefix	726	144833
sample	prose_heavy	dict-index	raw	prefix	727	194500
sample	prose_heavy	dict-index	raw	prefix	728	9875
sample	prose_heavy	dict-index	raw	prefix	729	1791
sample	prose_heavy	dict-index	raw	prefix	730	137667
sample	prose_heavy	dict-index	raw	prefix	731	160750
sample	prose_heavy	dict-index	raw	prefix	732	8958
sample	prose_heavy	dict-index	raw	prefix	733	667
sample	prose_heavy	dict-index	raw	prefix	734	141916
sample	prose_heavy	dict-index	raw	prefix	735	217875
sample	prose_heavy	dict-index	raw	prefix	736	11625
sample	prose_heavy	dict-index	raw	prefix	737	3833
sample	prose_heavy	dict-index	raw	prefix	738	173959
sample	prose_heavy	dict-index	raw	prefix	739	152208
sample	prose_heavy	dict-index	raw	prefix	740	10584
sample	prose_heavy	dict-index	raw	prefix	741	2209
sample	prose_heavy	dict-index	raw	prefix	742	136416
sample	prose_heavy	dict-index	raw	prefix	743	149541
sample	prose_heavy	dict-index	raw	prefix	744	8292
sample	prose_heavy	dict-index	raw	prefix	745	3416
sample	prose_heavy	dict-index	raw	prefix	746	236750
sample	prose_heavy	dict-index	raw	prefix	747	175625
sample	prose_heavy	dict-index	raw	prefix	748	11625
sample	prose_heavy	dict-index	raw	prefix	749	1917
sample	prose_heavy	dict-index	raw	prefix	750	134042
sample	prose_heavy	dict-index	raw	prefix	751	163959
sample	prose_heavy	dict-index	raw	prefix	752	8209
sample	prose_heavy	dict-index	raw	prefix	753	1792
sample	prose_heavy	dict-index	raw	prefix	754	135167
sample	prose_heavy	dict-index	raw	prefix	755	142084
sample	prose_heavy	dict-index	raw	prefix	756	18209
sample	prose_heavy	dict-index	raw	prefix	757	833
sample	prose_heavy	dict-index	raw	prefix	758	142709
sample	prose_heavy	dict-index	raw	prefix	759	372417
sample	prose_heavy	dict-index	raw	prefix	760	7625
sample	prose_heavy	dict-index	raw	prefix	761	3334
sample	prose_heavy	dict-index	raw	prefix	762	136000
sample	prose_heavy	dict-index	raw	prefix	763	142375
sample	prose_heavy	dict-index	raw	prefix	764	8083
sample	prose_heavy	dict-index	raw	prefix	765	625
sample	prose_heavy	dict-index	raw	prefix	766	950125
sample	prose_heavy	dict-index	raw	prefix	767	1085625
sample	prose_heavy	dict-index	raw	prefix	768	12791
sample	prose_heavy	dict-index	raw	prefix	769	2083
sample	prose_heavy	dict-index	raw	prefix	770	141334
sample	prose_heavy	dict-index	raw	prefix	771	564500
sample	prose_heavy	dict-index	raw	prefix	772	12375
sample	prose_heavy	dict-index	raw	prefix	773	750
sample	prose_heavy	dict-index	raw	prefix	774	141291
sample	prose_heavy	dict-index	raw	prefix	775	148958
sample	prose_heavy	dict-index	raw	prefix	776	8375
sample	prose_heavy	dict-index	raw	prefix	777	2000
sample	prose_heavy	dict-index	raw	prefix	778	135833
sample	prose_heavy	dict-index	raw	prefix	779	460583
sample	prose_heavy	dict-index	raw	prefix	780	11917
sample	prose_heavy	dict-index	raw	prefix	781	667
sample	prose_heavy	dict-index	raw	prefix	782	136125
sample	prose_heavy	dict-index	raw	prefix	783	168042
sample	prose_heavy	dict-index	raw	prefix	784	26958
sample	prose_heavy	dict-index	raw	prefix	785	7959
sample	prose_heavy	dict-index	raw	prefix	786	250208
sample	prose_heavy	dict-index	raw	prefix	787	676875
sample	prose_heavy	dict-index	raw	prefix	788	22000
sample	prose_heavy	dict-index	raw	prefix	789	5500
sample	prose_heavy	dict-index	raw	prefix	790	363416
sample	prose_heavy	dict-index	raw	prefix	791	142000
sample	prose_heavy	dict-index	raw	prefix	792	10166
sample	prose_heavy	dict-index	raw	prefix	793	2458
sample	prose_heavy	dict-index	raw	prefix	794	261375
sample	prose_heavy	dict-index	raw	prefix	795	378791
sample	prose_heavy	dict-index	raw	prefix	796	9042
sample	prose_heavy	dict-index	raw	prefix	797	792
sample	prose_heavy	dict-index	raw	prefix	798	137833
sample	prose_heavy	dict-index	raw	prefix	799	152417
sample	prose_heavy	dict-index	raw	prefix	800	17291
sample	prose_heavy	dict-index	raw	prefix	801	3834
sample	prose_heavy	dict-index	raw	prefix	802	139458
sample	prose_heavy	dict-index	raw	prefix	803	522041
sample	prose_heavy	dict-index	raw	prefix	804	12541
sample	prose_heavy	dict-index	raw	prefix	805	833
sample	prose_heavy	dict-index	raw	prefix	806	367125
sample	prose_heavy	dict-index	raw	prefix	807	150875
sample	prose_heavy	dict-index	raw	prefix	808	7584
sample	prose_heavy	dict-index	raw	prefix	809	1958
sample	prose_heavy	dict-index	raw	prefix	810	135875
sample	prose_heavy	dict-index	raw	prefix	811	321666
sample	prose_heavy	dict-index	raw	prefix	812	10250
sample	prose_heavy	dict-index	raw	prefix	813	1875
sample	prose_heavy	dict-index	raw	prefix	814	137000
sample	prose_heavy	dict-index	raw	prefix	815	424375
sample	prose_heavy	dict-index	raw	prefix	816	8666
sample	prose_heavy	dict-index	raw	prefix	817	2666
sample	prose_heavy	dict-index	raw	prefix	818	135333
sample	prose_heavy	dict-index	raw	prefix	819	441709
sample	prose_heavy	dict-index	raw	prefix	820	12292
sample	prose_heavy	dict-index	raw	prefix	821	792
sample	prose_heavy	dict-index	raw	prefix	822	334333
sample	prose_heavy	dict-index	raw	prefix	823	626125
sample	prose_heavy	dict-index	raw	prefix	824	8041
sample	prose_heavy	dict-index	raw	prefix	825	2417
sample	prose_heavy	dict-index	raw	prefix	826	133584
sample	prose_heavy	dict-index	raw	prefix	827	134834
sample	prose_heavy	dict-index	raw	prefix	828	10083
sample	prose_heavy	dict-index	raw	prefix	829	1917
sample	prose_heavy	dict-index	raw	prefix	830	135042
sample	prose_heavy	dict-index	raw	prefix	831	147458
sample	prose_heavy	dict-index	raw	prefix	832	15000
sample	prose_heavy	dict-index	raw	prefix	833	3375
sample	prose_heavy	dict-index	raw	prefix	834	146708
sample	prose_heavy	dict-index	raw	prefix	835	1135292
sample	prose_heavy	dict-index	raw	prefix	836	8000
sample	prose_heavy	dict-index	raw	prefix	837	1250
sample	prose_heavy	dict-index	raw	prefix	838	129625
sample	prose_heavy	dict-index	raw	prefix	839	146750
sample	prose_heavy	dict-index	raw	prefix	840	10708
sample	prose_heavy	dict-index	raw	prefix	841	2250
sample	prose_heavy	dict-index	raw	prefix	842	143125
sample	prose_heavy	dict-index	raw	prefix	843	133583
sample	prose_heavy	dict-index	raw	prefix	844	11250
sample	prose_heavy	dict-index	raw	prefix	845	583
sample	prose_heavy	dict-index	raw	prefix	846	135208
sample	prose_heavy	dict-index	raw	prefix	847	145209
sample	prose_heavy	dict-index	raw	prefix	848	7708
sample	prose_heavy	dict-index	raw	prefix	849	1875
sample	prose_heavy	dict-index	raw	prefix	850	138083
sample	prose_heavy	dict-index	raw	prefix	851	136084
sample	prose_heavy	dict-index	raw	prefix	852	5583
sample	prose_heavy	dict-index	raw	prefix	853	583
sample	prose_heavy	dict-index	raw	prefix	854	134000
sample	prose_heavy	dict-index	raw	prefix	855	200583
sample	prose_heavy	dict-index	raw	prefix	856	10750
sample	prose_heavy	dict-index	raw	prefix	857	2208
sample	prose_heavy	dict-index	raw	prefix	858	138041
sample	prose_heavy	dict-index	raw	prefix	859	129917
sample	prose_heavy	dict-index	raw	prefix	860	9000
sample	prose_heavy	dict-index	raw	prefix	861	666
sample	prose_heavy	dict-index	raw	prefix	862	131375
sample	prose_heavy	dict-index	raw	prefix	863	446166
sample	prose_heavy	dict-index	raw	prefix	864	10250
sample	prose_heavy	dict-index	raw	prefix	865	2250
sample	prose_heavy	dict-index	raw	prefix	866	139167
sample	prose_heavy	dict-index	raw	prefix	867	433958
sample	prose_heavy	dict-index	raw	prefix	868	10708
sample	prose_heavy	dict-index	raw	prefix	869	4750
sample	prose_heavy	dict-index	raw	prefix	870	296959
sample	prose_heavy	dict-index	raw	prefix	871	679750
sample	prose_heavy	dict-index	raw	prefix	872	22542
sample	prose_heavy	dict-index	raw	prefix	873	9541
sample	prose_heavy	dict-index	raw	prefix	874	138709
sample	prose_heavy	dict-index	raw	prefix	875	142333
sample	prose_heavy	dict-index	raw	prefix	876	22625
sample	prose_heavy	dict-index	raw	prefix	877	1125
sample	prose_heavy	dict-index	raw	prefix	878	138375
sample	prose_heavy	dict-index	raw	prefix	879	150833
sample	prose_heavy	dict-index	raw	prefix	880	5000
sample	prose_heavy	dict-index	raw	prefix	881	2209
sample	prose_heavy	dict-index	raw	prefix	882	131209
sample	prose_heavy	dict-index	raw	prefix	883	285208
sample	prose_heavy	dict-index	raw	prefix	884	10167
sample	prose_heavy	dict-index	raw	prefix	885	709
sample	prose_heavy	dict-index	raw	prefix	886	133041
sample	prose_heavy	dict-index	raw	prefix	887	162417
sample	prose_heavy	dict-index	raw	prefix	888	10209
sample	prose_heavy	dict-index	raw	prefix	889	1459
sample	prose_heavy	dict-index	raw	prefix	890	141625
sample	prose_heavy	dict-index	raw	prefix	891	255375
sample	prose_heavy	dict-index	raw	prefix	892	10875
sample	prose_heavy	dict-index	raw	prefix	893	750
sample	prose_heavy	dict-index	raw	prefix	894	140625
sample	prose_heavy	dict-index	raw	prefix	895	263666
sample	prose_heavy	dict-index	raw	prefix	896	7667
sample	prose_heavy	dict-index	raw	prefix	897	2167
sample	prose_heavy	dict-index	raw	prefix	898	136000
sample	prose_heavy	dict-index	raw	prefix	899	387916
sample	prose_heavy	dict-index	raw	prefix	900	11375
sample	prose_heavy	dict-index	raw	prefix	901	792
sample	prose_heavy	dict-index	raw	prefix	902	136333
sample	prose_heavy	dict-index	raw	prefix	903	155250
sample	prose_heavy	dict-index	raw	prefix	904	10333
sample	prose_heavy	dict-index	raw	prefix	905	2458
sample	prose_heavy	dict-index	raw	prefix	906	143375
sample	prose_heavy	dict-index	raw	prefix	907	146167
sample	prose_heavy	dict-index	raw	prefix	908	9709
sample	prose_heavy	dict-index	raw	prefix	909	791
sample	prose_heavy	dict-index	raw	prefix	910	137708
sample	prose_heavy	dict-index	raw	prefix	911	143542
sample	prose_heavy	dict-index	raw	prefix	912	15000
sample	prose_heavy	dict-index	raw	prefix	913	2833
sample	prose_heavy	dict-index	raw	prefix	914	133000
sample	prose_heavy	dict-index	raw	prefix	915	141666
sample	prose_heavy	dict-index	raw	prefix	916	13791
sample	prose_heavy	dict-index	raw	prefix	917	750
sample	prose_heavy	dict-index	raw	prefix	918	143083
sample	prose_heavy	dict-index	raw	prefix	919	272542
sample	prose_heavy	dict-index	raw	prefix	920	9500
sample	prose_heavy	dict-index	raw	prefix	921	3083
sample	prose_heavy	dict-index	raw	prefix	922	330709
sample	prose_heavy	dict-index	raw	prefix	923	402584
sample	prose_heavy	dict-index	raw	prefix	924	386416
sample	prose_heavy	dict-index	raw	prefix	925	6792
sample	prose_heavy	dict-index	raw	prefix	926	572000
sample	prose_heavy	dict-index	raw	prefix	927	662792
sample	prose_heavy	dict-index	raw	prefix	928	12542
sample	prose_heavy	dict-index	raw	prefix	929	8375
sample	prose_heavy	dict-index	raw	prefix	930	137167
sample	prose_heavy	dict-index	raw	prefix	931	362958
sample	prose_heavy	dict-index	raw	prefix	932	18750
sample	prose_heavy	dict-index	raw	prefix	933	1583
sample	prose_heavy	dict-index	raw	prefix	934	326584
sample	prose_heavy	dict-index	raw	prefix	935	149292
sample	prose_heavy	dict-index	raw	prefix	936	15833
sample	prose_heavy	dict-index	raw	prefix	937	6166
sample	prose_heavy	dict-index	raw	prefix	938	340250
sample	prose_heavy	dict-index	raw	prefix	939	166208
sample	prose_heavy	dict-index	raw	prefix	940	10375
sample	prose_heavy	dict-index	raw	prefix	941	791
sample	prose_heavy	dict-index	raw	prefix	942	135458
sample	prose_heavy	dict-index	raw	prefix	943	145958
sample	prose_heavy	dict-index	raw	prefix	944	9292
sample	prose_heavy	dict-index	raw	prefix	945	3084
sample	prose_heavy	dict-index	raw	prefix	946	218041
sample	prose_heavy	dict-index	raw	prefix	947	164917
sample	prose_heavy	dict-index	raw	prefix	948	7875
sample	prose_heavy	dict-index	raw	prefix	949	5417
sample	prose_heavy	dict-index	raw	prefix	950	367958
sample	prose_heavy	dict-index	raw	prefix	951	143625
sample	prose_heavy	dict-index	raw	prefix	952	22167
sample	prose_heavy	dict-index	raw	prefix	953	5166
sample	prose_heavy	dict-index	raw	prefix	954	376458
sample	prose_heavy	dict-index	raw	prefix	955	142125
sample	prose_heavy	dict-index	raw	prefix	956	15666
sample	prose_heavy	dict-index	raw	prefix	957	2584
sample	prose_heavy	dict-index	raw	prefix	958	774792
sample	prose_heavy	dict-index	raw	prefix	959	147958
sample	prose_heavy	dict-index	raw	prefix	960	17708
sample	prose_heavy	dict-index	raw	prefix	961	15750
sample	prose_heavy	dict-index	raw	prefix	962	440000
sample	prose_heavy	dict-index	raw	prefix	963	163417
sample	prose_heavy	dict-index	raw	prefix	964	11500
sample	prose_heavy	dict-index	raw	prefix	965	4417
sample	prose_heavy	dict-index	raw	prefix	966	151750
sample	prose_heavy	dict-index	raw	prefix	967	147000
sample	prose_heavy	dict-index	raw	prefix	968	7292
sample	prose_heavy	dict-index	raw	prefix	969	1750
sample	prose_heavy	dict-index	raw	prefix	970	158916
sample	prose_heavy	dict-index	raw	prefix	971	149291
sample	prose_heavy	dict-index	raw	prefix	972	8875
sample	prose_heavy	dict-index	raw	prefix	973	958
sample	prose_heavy	dict-index	raw	prefix	974	790125
sample	prose_heavy	dict-index	raw	prefix	975	440833
sample	prose_heavy	dict-index	raw	prefix	976	12750
sample	prose_heavy	dict-index	raw	prefix	977	2250
sample	prose_heavy	dict-index	raw	prefix	978	324833
sample	prose_heavy	dict-index	raw	prefix	979	392791
sample	prose_heavy	dict-index	raw	prefix	980	26125
sample	prose_heavy	dict-index	raw	prefix	981	3083
sample	prose_heavy	dict-index	raw	prefix	982	298000
sample	prose_heavy	dict-index	raw	prefix	983	148959
sample	prose_heavy	dict-index	raw	prefix	984	10333
sample	prose_heavy	dict-index	raw	prefix	985	2458
sample	prose_heavy	dict-index	raw	prefix	986	147833
sample	prose_heavy	dict-index	raw	prefix	987	360125
sample	prose_heavy	dict-index	raw	prefix	988	6041
sample	prose_heavy	dict-index	raw	prefix	989	667
sample	prose_heavy	dict-index	raw	prefix	990	1264375
sample	prose_heavy	dict-index	raw	prefix	991	407875
sample	prose_heavy	dict-index	raw	prefix	992	22000
sample	prose_heavy	dict-index	raw	prefix	993	5250
sample	prose_heavy	dict-index	raw	prefix	994	309000
sample	prose_heavy	dict-index	raw	prefix	995	154542
sample	prose_heavy	dict-index	raw	prefix	996	10834
sample	prose_heavy	dict-index	raw	prefix	997	1042
sample	prose_heavy	dict-index	raw	prefix	998	138500
sample	prose_heavy	dict-index	raw	prefix	999	156875
sample	prose_heavy	dict-index	raw	render	0	8500
sample	prose_heavy	dict-index	raw	render	1	35292
sample	prose_heavy	dict-index	raw	render	2	3750
sample	prose_heavy	dict-index	raw	render	3	2042
sample	prose_heavy	dict-index	raw	render	4	1625
sample	prose_heavy	dict-index	raw	render	5	6333
sample	prose_heavy	dict-index	raw	render	6	756833
sample	prose_heavy	dict-index	raw	render	7	9500
sample	prose_heavy	dict-index	raw	render	8	4583
sample	prose_heavy	dict-index	raw	render	9	2416
sample	prose_heavy	dict-index	raw	render	10	8416
sample	prose_heavy	dict-index	raw	render	11	3833
sample	prose_heavy	dict-index	raw	render	12	1500
sample	prose_heavy	dict-index	raw	render	13	7375
sample	prose_heavy	dict-index	raw	render	14	2042
sample	prose_heavy	dict-index	raw	render	15	1958
sample	prose_heavy	dict-index	raw	render	16	3584
sample	prose_heavy	dict-index	raw	render	17	3875
sample	prose_heavy	dict-index	raw	render	18	2667
sample	prose_heavy	dict-index	raw	render	19	2084
sample	prose_heavy	dict-index	raw	render	20	1333
sample	prose_heavy	dict-index	raw	render	21	3542
sample	prose_heavy	dict-index	raw	render	22	2292
sample	prose_heavy	dict-index	raw	render	23	2375
sample	prose_heavy	dict-index	raw	render	24	9084
sample	prose_heavy	dict-index	raw	render	25	4209
sample	prose_heavy	dict-index	raw	render	26	2583
sample	prose_heavy	dict-index	raw	render	27	2375
sample	prose_heavy	dict-index	raw	render	28	1666
sample	prose_heavy	dict-index	raw	render	29	2458
sample	prose_heavy	dict-index	raw	render	30	1833
sample	prose_heavy	dict-index	raw	render	31	3750
sample	prose_heavy	dict-index	raw	render	32	2375
sample	prose_heavy	dict-index	raw	render	33	1875
sample	prose_heavy	dict-index	raw	render	34	1375
sample	prose_heavy	dict-index	raw	render	35	1541
sample	prose_heavy	dict-index	raw	render	36	1666
sample	prose_heavy	dict-index	raw	render	37	10209
sample	prose_heavy	dict-index	raw	render	38	3250
sample	prose_heavy	dict-index	raw	render	39	4875
sample	prose_heavy	dict-index	raw	render	40	4959
sample	prose_heavy	dict-index	raw	render	41	2167
sample	prose_heavy	dict-index	raw	render	42	2250
sample	prose_heavy	dict-index	raw	render	43	2042
sample	prose_heavy	dict-index	raw	render	44	2750
sample	prose_heavy	dict-index	raw	render	45	2042
sample	prose_heavy	dict-index	raw	render	46	4375
sample	prose_heavy	dict-index	raw	render	47	7625
sample	prose_heavy	dict-index	raw	render	48	8916
sample	prose_heavy	dict-index	raw	render	49	6125
sample	prose_heavy	dict-index	raw	render	50	2709
sample	prose_heavy	dict-index	raw	render	51	5583
sample	prose_heavy	dict-index	raw	render	52	3916
sample	prose_heavy	dict-index	raw	render	53	6042
sample	prose_heavy	dict-index	raw	render	54	2833
sample	prose_heavy	dict-index	raw	render	55	7125
sample	prose_heavy	dict-index	raw	render	56	3166
sample	prose_heavy	dict-index	raw	render	57	2334
sample	prose_heavy	dict-index	raw	render	58	9083
sample	prose_heavy	dict-index	raw	render	59	6875
sample	prose_heavy	dict-index	raw	render	60	2334
sample	prose_heavy	dict-index	raw	render	61	1583
sample	prose_heavy	dict-index	raw	render	62	3125
sample	prose_heavy	dict-index	raw	render	63	3750
sample	prose_heavy	dict-index	raw	render	64	3083
sample	prose_heavy	dict-index	raw	render	65	2500
sample	prose_heavy	dict-index	raw	render	66	6541
sample	prose_heavy	dict-index	raw	render	67	3459
sample	prose_heavy	dict-index	raw	render	68	5125
sample	prose_heavy	dict-index	raw	render	69	2167
sample	prose_heavy	dict-index	raw	render	70	3250
sample	prose_heavy	dict-index	raw	render	71	7208
sample	prose_heavy	dict-index	raw	render	72	3500
sample	prose_heavy	dict-index	raw	render	73	2166
sample	prose_heavy	dict-index	raw	render	74	1875
sample	prose_heavy	dict-index	raw	render	75	8167
sample	prose_heavy	dict-index	raw	render	76	6042
sample	prose_heavy	dict-index	raw	render	77	2083
sample	prose_heavy	dict-index	raw	render	78	3500
sample	prose_heavy	dict-index	raw	render	79	2250
sample	prose_heavy	dict-index	raw	render	80	2125
sample	prose_heavy	dict-index	raw	render	81	6625
sample	prose_heavy	dict-index	raw	render	82	4750
sample	prose_heavy	dict-index	raw	render	83	2875
sample	prose_heavy	dict-index	raw	render	84	3333
sample	prose_heavy	dict-index	raw	render	85	2042
sample	prose_heavy	dict-index	raw	render	86	7042
sample	prose_heavy	dict-index	raw	render	87	6250
sample	prose_heavy	dict-index	raw	render	88	2666
sample	prose_heavy	dict-index	raw	render	89	3666
sample	prose_heavy	dict-index	raw	render	90	1583
sample	prose_heavy	dict-index	raw	render	91	2917
sample	prose_heavy	dict-index	raw	render	92	17834
sample	prose_heavy	dict-index	raw	render	93	2959
sample	prose_heavy	dict-index	raw	render	94	2083
sample	prose_heavy	dict-index	raw	render	95	46583
sample	prose_heavy	dict-index	raw	render	96	17750
sample	prose_heavy	dict-index	raw	render	97	3458
sample	prose_heavy	dict-index	raw	render	98	3334
sample	prose_heavy	dict-index	raw	render	99	1959
sample	prose_heavy	dict-index	raw	render	100	1583
sample	prose_heavy	dict-index	raw	render	101	1459
sample	prose_heavy	dict-index	raw	render	102	1500
sample	prose_heavy	dict-index	raw	render	103	3208
sample	prose_heavy	dict-index	raw	render	104	3000
sample	prose_heavy	dict-index	raw	render	105	6875
sample	prose_heavy	dict-index	raw	render	106	6000
sample	prose_heavy	dict-index	raw	render	107	4959
sample	prose_heavy	dict-index	raw	render	108	4291
sample	prose_heavy	dict-index	raw	render	109	2750
sample	prose_heavy	dict-index	raw	render	110	2500
sample	prose_heavy	dict-index	raw	render	111	8916
sample	prose_heavy	dict-index	raw	render	112	8459
sample	prose_heavy	dict-index	raw	render	113	4625
sample	prose_heavy	dict-index	raw	render	114	6834
sample	prose_heavy	dict-index	raw	render	115	2584
sample	prose_heavy	dict-index	raw	render	116	8083
sample	prose_heavy	dict-index	raw	render	117	5125
sample	prose_heavy	dict-index	raw	render	118	7375
sample	prose_heavy	dict-index	raw	render	119	10417
sample	prose_heavy	dict-index	raw	render	120	3000
sample	prose_heavy	dict-index	raw	render	121	2250
sample	prose_heavy	dict-index	raw	render	122	4750
sample	prose_heavy	dict-index	raw	render	123	2833
sample	prose_heavy	dict-index	raw	render	124	2000
sample	prose_heavy	dict-index	raw	render	125	2416
sample	prose_heavy	dict-index	raw	render	126	1708
sample	prose_heavy	dict-index	raw	render	127	6125
sample	prose_heavy	dict-index	raw	render	128	3000
sample	prose_heavy	dict-index	raw	render	129	5250
sample	prose_heavy	dict-index	raw	render	130	2417
sample	prose_heavy	dict-index	raw	render	131	2125
sample	prose_heavy	dict-index	raw	render	132	1625
sample	prose_heavy	dict-index	raw	render	133	12625
sample	prose_heavy	dict-index	raw	render	134	10791
sample	prose_heavy	dict-index	raw	render	135	6083
sample	prose_heavy	dict-index	raw	render	136	2250
sample	prose_heavy	dict-index	raw	render	137	1541
sample	prose_heavy	dict-index	raw	render	138	1583
sample	prose_heavy	dict-index	raw	render	139	1625
sample	prose_heavy	dict-index	raw	render	140	5916
sample	prose_heavy	dict-index	raw	render	141	2541
sample	prose_heavy	dict-index	raw	render	142	1916
sample	prose_heavy	dict-index	raw	render	143	1542
sample	prose_heavy	dict-index	raw	render	144	9166
sample	prose_heavy	dict-index	raw	render	145	6291
sample	prose_heavy	dict-index	raw	render	146	55666
sample	prose_heavy	dict-index	raw	render	147	4042
sample	prose_heavy	dict-index	raw	render	148	6583
sample	prose_heavy	dict-index	raw	render	149	9250
sample	prose_heavy	dict-index	raw	render	150	3417
sample	prose_heavy	dict-index	raw	render	151	2666
sample	prose_heavy	dict-index	raw	render	152	8167
sample	prose_heavy	dict-index	raw	render	153	3417
sample	prose_heavy	dict-index	raw	render	154	3042
sample	prose_heavy	dict-index	raw	render	155	2833
sample	prose_heavy	dict-index	raw	render	156	2209
sample	prose_heavy	dict-index	raw	render	157	4541
sample	prose_heavy	dict-index	raw	render	158	8333
sample	prose_heavy	dict-index	raw	render	159	3416
sample	prose_heavy	dict-index	raw	render	160	2083
sample	prose_heavy	dict-index	raw	render	161	2166
sample	prose_heavy	dict-index	raw	render	162	3208
sample	prose_heavy	dict-index	raw	render	163	2959
sample	prose_heavy	dict-index	raw	render	164	6917
sample	prose_heavy	dict-index	raw	render	165	3459
sample	prose_heavy	dict-index	raw	render	166	6875
sample	prose_heavy	dict-index	raw	render	167	5709
sample	prose_heavy	dict-index	raw	render	168	2709
sample	prose_heavy	dict-index	raw	render	169	8584
sample	prose_heavy	dict-index	raw	render	170	4583
sample	prose_heavy	dict-index	raw	render	171	3209
sample	prose_heavy	dict-index	raw	render	172	1625
sample	prose_heavy	dict-index	raw	render	173	2583
sample	prose_heavy	dict-index	raw	render	174	2458
sample	prose_heavy	dict-index	raw	render	175	6083
sample	prose_heavy	dict-index	raw	render	176	17583
sample	prose_heavy	dict-index	raw	render	177	9584
sample	prose_heavy	dict-index	raw	render	178	3500
sample	prose_heavy	dict-index	raw	render	179	2791
sample	prose_heavy	dict-index	raw	render	180	39166
sample	prose_heavy	dict-index	raw	render	181	3125
sample	prose_heavy	dict-index	raw	render	182	2000
sample	prose_heavy	dict-index	raw	render	183	2958
sample	prose_heavy	dict-index	raw	render	184	2291
sample	prose_heavy	dict-index	raw	render	185	2291
sample	prose_heavy	dict-index	raw	render	186	2292
sample	prose_heavy	dict-index	raw	render	187	2375
sample	prose_heavy	dict-index	raw	render	188	2292
sample	prose_heavy	dict-index	raw	render	189	2125
sample	prose_heavy	dict-index	raw	render	190	3000
sample	prose_heavy	dict-index	raw	render	191	2375
sample	prose_heavy	dict-index	raw	render	192	1708
sample	prose_heavy	dict-index	raw	render	193	1584
sample	prose_heavy	dict-index	raw	render	194	9334
sample	prose_heavy	dict-index	raw	render	195	9791
sample	prose_heavy	dict-index	raw	render	196	8458
sample	prose_heavy	dict-index	raw	render	197	6083
sample	prose_heavy	dict-index	raw	render	198	34541
sample	prose_heavy	dict-index	raw	render	199	8458
sample	prose_heavy	dict-index	raw	render	200	7959
sample	prose_heavy	dict-index	raw	render	201	14000
sample	prose_heavy	dict-index	raw	render	202	6000
sample	prose_heavy	dict-index	raw	render	203	6917
sample	prose_heavy	dict-index	raw	render	204	9334
sample	prose_heavy	dict-index	raw	render	205	3917
sample	prose_heavy	dict-index	raw	render	206	2292
sample	prose_heavy	dict-index	raw	render	207	1917
sample	prose_heavy	dict-index	raw	render	208	10417
sample	prose_heavy	dict-index	raw	render	209	10750
sample	prose_heavy	dict-index	raw	render	210	6375
sample	prose_heavy	dict-index	raw	render	211	2333
sample	prose_heavy	dict-index	raw	render	212	1541
sample	prose_heavy	dict-index	raw	render	213	1375
sample	prose_heavy	dict-index	raw	render	214	6583
sample	prose_heavy	dict-index	raw	render	215	12833
sample	prose_heavy	dict-index	raw	render	216	4125
sample	prose_heavy	dict-index	raw	render	217	20750
sample	prose_heavy	dict-index	raw	render	218	7625
sample	prose_heavy	dict-index	raw	render	219	10334
sample	prose_heavy	dict-index	raw	render	220	6542
sample	prose_heavy	dict-index	raw	render	221	3583
sample	prose_heavy	dict-index	raw	render	222	1791
sample	prose_heavy	dict-index	raw	render	223	2250
sample	prose_heavy	dict-index	raw	render	224	1625
sample	prose_heavy	dict-index	raw	render	225	3917
sample	prose_heavy	dict-index	raw	render	226	2542
sample	prose_heavy	dict-index	raw	render	227	1875
sample	prose_heavy	dict-index	raw	render	228	1583
sample	prose_heavy	dict-index	raw	render	229	3416
sample	prose_heavy	dict-index	raw	render	230	4625
sample	prose_heavy	dict-index	raw	render	231	6875
sample	prose_heavy	dict-index	raw	render	232	8375
sample	prose_heavy	dict-index	raw	render	233	3042
sample	prose_heavy	dict-index	raw	render	234	9625
sample	prose_heavy	dict-index	raw	render	235	7833
sample	prose_heavy	dict-index	raw	render	236	3625
sample	prose_heavy	dict-index	raw	render	237	5666
sample	prose_heavy	dict-index	raw	render	238	6709
sample	prose_heavy	dict-index	raw	render	239	2500
sample	prose_heavy	dict-index	raw	render	240	21958
sample	prose_heavy	dict-index	raw	render	241	6916
sample	prose_heavy	dict-index	raw	render	242	3208
sample	prose_heavy	dict-index	raw	render	243	267542
sample	prose_heavy	dict-index	raw	render	244	8792
sample	prose_heavy	dict-index	raw	render	245	6167
sample	prose_heavy	dict-index	raw	render	246	5833
sample	prose_heavy	dict-index	raw	render	247	2625
sample	prose_heavy	dict-index	raw	render	248	2625
sample	prose_heavy	dict-index	raw	render	249	2166
sample	prose_heavy	dict-index	raw	render	250	2708
sample	prose_heavy	dict-index	raw	render	251	2833
sample	prose_heavy	dict-index	raw	render	252	7125
sample	prose_heavy	dict-index	raw	render	253	3959
sample	prose_heavy	dict-index	raw	render	254	2833
sample	prose_heavy	dict-index	raw	render	255	1333
sample	prose_heavy	dict-index	raw	render	256	1833
sample	prose_heavy	dict-index	raw	render	257	10083
sample	prose_heavy	dict-index	raw	render	258	5083
sample	prose_heavy	dict-index	raw	render	259	2209
sample	prose_heavy	dict-index	raw	render	260	7333
sample	prose_heavy	dict-index	raw	render	261	2959
sample	prose_heavy	dict-index	raw	render	262	2958
sample	prose_heavy	dict-index	raw	render	263	2250
sample	prose_heavy	dict-index	raw	render	264	4959
sample	prose_heavy	dict-index	raw	render	265	3625
sample	prose_heavy	dict-index	raw	render	266	2833
sample	prose_heavy	dict-index	raw	render	267	1583
sample	prose_heavy	dict-index	raw	render	268	1958
sample	prose_heavy	dict-index	raw	render	269	6416
sample	prose_heavy	dict-index	raw	render	270	3792
sample	prose_heavy	dict-index	raw	render	271	3917
sample	prose_heavy	dict-index	raw	render	272	2667
sample	prose_heavy	dict-index	raw	render	273	7083
sample	prose_heavy	dict-index	raw	render	274	2292
sample	prose_heavy	dict-index	raw	render	275	2084
sample	prose_heavy	dict-index	raw	render	276	7750
sample	prose_heavy	dict-index	raw	render	277	1917
sample	prose_heavy	dict-index	raw	render	278	3833
sample	prose_heavy	dict-index	raw	render	279	2708
sample	prose_heavy	dict-index	raw	render	280	3125
sample	prose_heavy	dict-index	raw	render	281	2541
sample	prose_heavy	dict-index	raw	render	282	2292
sample	prose_heavy	dict-index	raw	render	283	2041
sample	prose_heavy	dict-index	raw	render	284	6500
sample	prose_heavy	dict-index	raw	render	285	2708
sample	prose_heavy	dict-index	raw	render	286	5583
sample	prose_heavy	dict-index	raw	render	287	2458
sample	prose_heavy	dict-index	raw	render	288	2250
sample	prose_heavy	dict-index	raw	render	289	2209
sample	prose_heavy	dict-index	raw	render	290	1875
sample	prose_heavy	dict-index	raw	render	291	2875
sample	prose_heavy	dict-index	raw	render	292	2541
sample	prose_heavy	dict-index	raw	render	293	2166
sample	prose_heavy	dict-index	raw	render	294	1875
sample	prose_heavy	dict-index	raw	render	295	8708
sample	prose_heavy	dict-index	raw	render	296	4625
sample	prose_heavy	dict-index	raw	render	297	3750
sample	prose_heavy	dict-index	raw	render	298	2750
sample	prose_heavy	dict-index	raw	render	299	2625
sample	prose_heavy	dict-index	raw	render	300	2375
sample	prose_heavy	dict-index	raw	render	301	2708
sample	prose_heavy	dict-index	raw	render	302	1666
sample	prose_heavy	dict-index	raw	render	303	3375
sample	prose_heavy	dict-index	raw	render	304	2375
sample	prose_heavy	dict-index	raw	render	305	7583
sample	prose_heavy	dict-index	raw	render	306	3084
sample	prose_heavy	dict-index	raw	render	307	7167
sample	prose_heavy	dict-index	raw	render	308	4625
sample	prose_heavy	dict-index	raw	render	309	3750
sample	prose_heavy	dict-index	raw	render	310	2334
sample	prose_heavy	dict-index	raw	render	311	2625
sample	prose_heavy	dict-index	raw	render	312	8250
sample	prose_heavy	dict-index	raw	render	313	3000
sample	prose_heavy	dict-index	raw	render	314	3083
sample	prose_heavy	dict-index	raw	render	315	2875
sample	prose_heavy	dict-index	raw	render	316	3625
sample	prose_heavy	dict-index	raw	render	317	2292
sample	prose_heavy	dict-index	raw	render	318	2584
sample	prose_heavy	dict-index	raw	render	319	7792
sample	prose_heavy	dict-index	raw	render	320	2292
sample	prose_heavy	dict-index	raw	render	321	3750
sample	prose_heavy	dict-index	raw	render	322	2875
sample	prose_heavy	dict-index	raw	render	323	4791
sample	prose_heavy	dict-index	raw	render	324	2583
sample	prose_heavy	dict-index	raw	render	325	2292
sample	prose_heavy	dict-index	raw	render	326	2041
sample	prose_heavy	dict-index	raw	render	327	1625
sample	prose_heavy	dict-index	raw	render	328	1584
sample	prose_heavy	dict-index	raw	render	329	7667
sample	prose_heavy	dict-index	raw	render	330	2792
sample	prose_heavy	dict-index	raw	render	331	8875
sample	prose_heavy	dict-index	raw	render	332	3542
sample	prose_heavy	dict-index	raw	render	333	2917
sample	prose_heavy	dict-index	raw	render	334	1708
sample	prose_heavy	dict-index	raw	render	335	2042
sample	prose_heavy	dict-index	raw	render	336	2000
sample	prose_heavy	dict-index	raw	render	337	3542
sample	prose_heavy	dict-index	raw	render	338	3917
sample	prose_heavy	dict-index	raw	render	339	8375
sample	prose_heavy	dict-index	raw	render	340	2625
sample	prose_heavy	dict-index	raw	render	341	1750
sample	prose_heavy	dict-index	raw	render	342	2834
sample	prose_heavy	dict-index	raw	render	343	7500
sample	prose_heavy	dict-index	raw	render	344	5083
sample	prose_heavy	dict-index	raw	render	345	3083
sample	prose_heavy	dict-index	raw	render	346	2083
sample	prose_heavy	dict-index	raw	render	347	2291
sample	prose_heavy	dict-index	raw	render	348	2125
sample	prose_heavy	dict-index	raw	render	349	2458
sample	prose_heavy	dict-index	raw	render	350	2709
sample	prose_heavy	dict-index	raw	render	351	4167
sample	prose_heavy	dict-index	raw	render	352	7708
sample	prose_heavy	dict-index	raw	render	353	2750
sample	prose_heavy	dict-index	raw	render	354	6750
sample	prose_heavy	dict-index	raw	render	355	12875
sample	prose_heavy	dict-index	raw	render	356	3500
sample	prose_heavy	dict-index	raw	render	357	1750
sample	prose_heavy	dict-index	raw	render	358	3083
sample	prose_heavy	dict-index	raw	render	359	3875
sample	prose_heavy	dict-index	raw	render	360	2708
sample	prose_heavy	dict-index	raw	render	361	7042
sample	prose_heavy	dict-index	raw	render	362	3041
sample	prose_heavy	dict-index	raw	render	363	10042
sample	prose_heavy	dict-index	raw	render	364	5333
sample	prose_heavy	dict-index	raw	render	365	3250
sample	prose_heavy	dict-index	raw	render	366	2500
sample	prose_heavy	dict-index	raw	render	367	3333
sample	prose_heavy	dict-index	raw	render	368	2667
sample	prose_heavy	dict-index	raw	render	369	11625
sample	prose_heavy	dict-index	raw	render	370	10833
sample	prose_heavy	dict-index	raw	render	371	3375
sample	prose_heavy	dict-index	raw	render	372	2000
sample	prose_heavy	dict-index	raw	render	373	2541
sample	prose_heavy	dict-index	raw	render	374	2792
sample	prose_heavy	dict-index	raw	render	375	2000
sample	prose_heavy	dict-index	raw	render	376	7791
sample	prose_heavy	dict-index	raw	render	377	2500
sample	prose_heavy	dict-index	raw	render	378	3500
sample	prose_heavy	dict-index	raw	render	379	2375
sample	prose_heavy	dict-index	raw	render	380	8084
sample	prose_heavy	dict-index	raw	render	381	5042
sample	prose_heavy	dict-index	raw	render	382	3125
sample	prose_heavy	dict-index	raw	render	383	3875
sample	prose_heavy	dict-index	raw	render	384	2041
sample	prose_heavy	dict-index	raw	render	385	1958
sample	prose_heavy	dict-index	raw	render	386	7209
sample	prose_heavy	dict-index	raw	render	387	3875
sample	prose_heavy	dict-index	raw	render	388	2625
sample	prose_heavy	dict-index	raw	render	389	3209
sample	prose_heavy	dict-index	raw	render	390	1916
sample	prose_heavy	dict-index	raw	render	391	3083
sample	prose_heavy	dict-index	raw	render	392	11750
sample	prose_heavy	dict-index	raw	render	393	5042
sample	prose_heavy	dict-index	raw	render	394	16916
sample	prose_heavy	dict-index	raw	render	395	5500
sample	prose_heavy	dict-index	raw	render	396	2541
sample	prose_heavy	dict-index	raw	render	397	1875
sample	prose_heavy	dict-index	raw	render	398	3333
sample	prose_heavy	dict-index	raw	render	399	52750
sample	prose_heavy	dict-index	raw	render	400	2708
sample	prose_heavy	dict-index	raw	render	401	9583
sample	prose_heavy	dict-index	raw	render	402	3875
sample	prose_heavy	dict-index	raw	render	403	8708
sample	prose_heavy	dict-index	raw	render	404	2875
sample	prose_heavy	dict-index	raw	render	405	20125
sample	prose_heavy	dict-index	raw	render	406	3125
sample	prose_heavy	dict-index	raw	render	407	2000
sample	prose_heavy	dict-index	raw	render	408	3250
sample	prose_heavy	dict-index	raw	render	409	2625
sample	prose_heavy	dict-index	raw	render	410	8041
sample	prose_heavy	dict-index	raw	render	411	5375
sample	prose_heavy	dict-index	raw	render	412	4500
sample	prose_heavy	dict-index	raw	render	413	3583
sample	prose_heavy	dict-index	raw	render	414	8250
sample	prose_heavy	dict-index	raw	render	415	4750
sample	prose_heavy	dict-index	raw	render	416	2500
sample	prose_heavy	dict-index	raw	render	417	2875
sample	prose_heavy	dict-index	raw	render	418	6417
sample	prose_heavy	dict-index	raw	render	419	4458
sample	prose_heavy	dict-index	raw	render	420	10125
sample	prose_heavy	dict-index	raw	render	421	4166
sample	prose_heavy	dict-index	raw	render	422	3208
sample	prose_heavy	dict-index	raw	render	423	2750
sample	prose_heavy	dict-index	raw	render	424	5333
sample	prose_heavy	dict-index	raw	render	425	3500
sample	prose_heavy	dict-index	raw	render	426	2791
sample	prose_heavy	dict-index	raw	render	427	2209
sample	prose_heavy	dict-index	raw	render	428	2041
sample	prose_heavy	dict-index	raw	render	429	1500
sample	prose_heavy	dict-index	raw	render	430	5334
sample	prose_heavy	dict-index	raw	render	431	3916
sample	prose_heavy	dict-index	raw	render	432	10584
sample	prose_heavy	dict-index	raw	render	433	8625
sample	prose_heavy	dict-index	raw	render	434	17250
sample	prose_heavy	dict-index	raw	render	435	10750
sample	prose_heavy	dict-index	raw	render	436	7625
sample	prose_heavy	dict-index	raw	render	437	1792
sample	prose_heavy	dict-index	raw	render	438	8833
sample	prose_heavy	dict-index	raw	render	439	4625
sample	prose_heavy	dict-index	raw	render	440	11458
sample	prose_heavy	dict-index	raw	render	441	8000
sample	prose_heavy	dict-index	raw	render	442	10542
sample	prose_heavy	dict-index	raw	render	443	9833
sample	prose_heavy	dict-index	raw	render	444	32250
sample	prose_heavy	dict-index	raw	render	445	7042
sample	prose_heavy	dict-index	raw	render	446	46000
sample	prose_heavy	dict-index	raw	render	447	4167
sample	prose_heavy	dict-index	raw	render	448	2709
sample	prose_heavy	dict-index	raw	render	449	2167
sample	prose_heavy	dict-index	raw	render	450	8000
sample	prose_heavy	dict-index	raw	render	451	3167
sample	prose_heavy	dict-index	raw	render	452	1541
sample	prose_heavy	dict-index	raw	render	453	5917
sample	prose_heavy	dict-index	raw	render	454	3084
sample	prose_heavy	dict-index	raw	render	455	6625
sample	prose_heavy	dict-index	raw	render	456	3292
sample	prose_heavy	dict-index	raw	render	457	3416
sample	prose_heavy	dict-index	raw	render	458	26500
sample	prose_heavy	dict-index	raw	render	459	6666
sample	prose_heavy	dict-index	raw	render	460	3875
sample	prose_heavy	dict-index	raw	render	461	6083
sample	prose_heavy	dict-index	raw	render	462	9083
sample	prose_heavy	dict-index	raw	render	463	19500
sample	prose_heavy	dict-index	raw	render	464	8875
sample	prose_heavy	dict-index	raw	render	465	4833
sample	prose_heavy	dict-index	raw	render	466	2958
sample	prose_heavy	dict-index	raw	render	467	10458
sample	prose_heavy	dict-index	raw	render	468	8250
sample	prose_heavy	dict-index	raw	render	469	6375
sample	prose_heavy	dict-index	raw	render	470	8125
sample	prose_heavy	dict-index	raw	render	471	5833
sample	prose_heavy	dict-index	raw	render	472	5125
sample	prose_heavy	dict-index	raw	render	473	5584
sample	prose_heavy	dict-index	raw	render	474	3959
sample	prose_heavy	dict-index	raw	render	475	1917
sample	prose_heavy	dict-index	raw	render	476	24458
sample	prose_heavy	dict-index	raw	render	477	30250
sample	prose_heavy	dict-index	raw	render	478	3708
sample	prose_heavy	dict-index	raw	render	479	2041
sample	prose_heavy	dict-index	raw	render	480	7125
sample	prose_heavy	dict-index	raw	render	481	7625
sample	prose_heavy	dict-index	raw	render	482	12042
sample	prose_heavy	dict-index	raw	render	483	4958
sample	prose_heavy	dict-index	raw	render	484	2084
sample	prose_heavy	dict-index	raw	render	485	2125
sample	prose_heavy	dict-index	raw	render	486	10166
sample	prose_heavy	dict-index	raw	render	487	4542
sample	prose_heavy	dict-index	raw	render	488	2791
sample	prose_heavy	dict-index	raw	render	489	1875
sample	prose_heavy	dict-index	raw	render	490	1708
sample	prose_heavy	dict-index	raw	render	491	3000
sample	prose_heavy	dict-index	raw	render	492	1916
sample	prose_heavy	dict-index	raw	render	493	2292
sample	prose_heavy	dict-index	raw	render	494	1708
sample	prose_heavy	dict-index	raw	render	495	4584
sample	prose_heavy	dict-index	raw	render	496	7708
sample	prose_heavy	dict-index	raw	render	497	2625
sample	prose_heavy	dict-index	raw	render	498	2834
sample	prose_heavy	dict-index	raw	render	499	2209
sample	prose_heavy	dict-index	raw	render	500	2875
sample	prose_heavy	dict-index	raw	render	501	7375
sample	prose_heavy	dict-index	raw	render	502	15042
sample	prose_heavy	dict-index	raw	render	503	8750
sample	prose_heavy	dict-index	raw	render	504	6292
sample	prose_heavy	dict-index	raw	render	505	11417
sample	prose_heavy	dict-index	raw	render	506	3750
sample	prose_heavy	dict-index	raw	render	507	8666
sample	prose_heavy	dict-index	raw	render	508	4625
sample	prose_heavy	dict-index	raw	render	509	2000
sample	prose_heavy	dict-index	raw	render	510	1500
sample	prose_heavy	dict-index	raw	render	511	2167
sample	prose_heavy	dict-index	raw	render	512	1541
sample	prose_heavy	dict-index	raw	render	513	8708
sample	prose_heavy	dict-index	raw	render	514	3375
sample	prose_heavy	dict-index	raw	render	515	6500
sample	prose_heavy	dict-index	raw	render	516	3042
sample	prose_heavy	dict-index	raw	render	517	6666
sample	prose_heavy	dict-index	raw	render	518	5417
sample	prose_heavy	dict-index	raw	render	519	7417
sample	prose_heavy	dict-index	raw	render	520	2667
sample	prose_heavy	dict-index	raw	render	521	4209
sample	prose_heavy	dict-index	raw	render	522	5833
sample	prose_heavy	dict-index	raw	render	523	2375
sample	prose_heavy	dict-index	raw	render	524	9791
sample	prose_heavy	dict-index	raw	render	525	7875
sample	prose_heavy	dict-index	raw	render	526	3792
sample	prose_heavy	dict-index	raw	render	527	2500
sample	prose_heavy	dict-index	raw	render	528	6959
sample	prose_heavy	dict-index	raw	render	529	6416
sample	prose_heavy	dict-index	raw	render	530	2750
sample	prose_heavy	dict-index	raw	render	531	3334
sample	prose_heavy	dict-index	raw	render	532	8708
sample	prose_heavy	dict-index	raw	render	533	8208
sample	prose_heavy	dict-index	raw	render	534	3792
sample	prose_heavy	dict-index	raw	render	535	2041
sample	prose_heavy	dict-index	raw	render	536	3125
sample	prose_heavy	dict-index	raw	render	537	8084
sample	prose_heavy	dict-index	raw	render	538	3458
sample	prose_heavy	dict-index	raw	render	539	4250
sample	prose_heavy	dict-index	raw	render	540	3875
sample	prose_heavy	dict-index	raw	render	541	4458
sample	prose_heavy	dict-index	raw	render	542	2791
sample	prose_heavy	dict-index	raw	render	543	2583
sample	prose_heavy	dict-index	raw	render	544	2584
sample	prose_heavy	dict-index	raw	render	545	2958
sample	prose_heavy	dict-index	raw	render	546	2500
sample	prose_heavy	dict-index	raw	render	547	2208
sample	prose_heavy	dict-index	raw	render	548	1958
sample	prose_heavy	dict-index	raw	render	549	5167
sample	prose_heavy	dict-index	raw	render	550	8125
sample	prose_heavy	dict-index	raw	render	551	7959
sample	prose_heavy	dict-index	raw	render	552	10375
sample	prose_heavy	dict-index	raw	render	553	4459
sample	prose_heavy	dict-index	raw	render	554	3875
sample	prose_heavy	dict-index	raw	render	555	2208
sample	prose_heavy	dict-index	raw	render	556	2750
sample	prose_heavy	dict-index	raw	render	557	6500
sample	prose_heavy	dict-index	raw	render	558	3250
sample	prose_heavy	dict-index	raw	render	559	11209
sample	prose_heavy	dict-index	raw	render	560	14167
sample	prose_heavy	dict-index	raw	render	561	4708
sample	prose_heavy	dict-index	raw	render	562	2000
sample	prose_heavy	dict-index	raw	render	563	3041
sample	prose_heavy	dict-index	raw	render	564	7959
sample	prose_heavy	dict-index	raw	render	565	16208
sample	prose_heavy	dict-index	raw	render	566	7334
sample	prose_heavy	dict-index	raw	render	567	3125
sample	prose_heavy	dict-index	raw	render	568	11541
sample	prose_heavy	dict-index	raw	render	569	3958
sample	prose_heavy	dict-index	raw	render	570	9625
sample	prose_heavy	dict-index	raw	render	571	4292
sample	prose_heavy	dict-index	raw	render	572	8875
sample	prose_heavy	dict-index	raw	render	573	3417
sample	prose_heavy	dict-index	raw	render	574	3084
sample	prose_heavy	dict-index	raw	render	575	10417
sample	prose_heavy	dict-index	raw	render	576	8500
sample	prose_heavy	dict-index	raw	render	577	4083
sample	prose_heavy	dict-index	raw	render	578	3542
sample	prose_heavy	dict-index	raw	render	579	19042
sample	prose_heavy	dict-index	raw	render	580	3167
sample	prose_heavy	dict-index	raw	render	581	3250
sample	prose_heavy	dict-index	raw	render	582	2000
sample	prose_heavy	dict-index	raw	render	583	2917
sample	prose_heavy	dict-index	raw	render	584	9041
sample	prose_heavy	dict-index	raw	render	585	4167
sample	prose_heavy	dict-index	raw	render	586	2208
sample	prose_heavy	dict-index	raw	render	587	3625
sample	prose_heavy	dict-index	raw	render	588	5625
sample	prose_heavy	dict-index	raw	render	589	2833
sample	prose_heavy	dict-index	raw	render	590	1833
sample	prose_heavy	dict-index	raw	render	591	1625
sample	prose_heavy	dict-index	raw	render	592	7166
sample	prose_heavy	dict-index	raw	render	593	5958
sample	prose_heavy	dict-index	raw	render	594	3375
sample	prose_heavy	dict-index	raw	render	595	8583
sample	prose_heavy	dict-index	raw	render	596	3917
sample	prose_heavy	dict-index	raw	render	597	2750
sample	prose_heavy	dict-index	raw	render	598	2000
sample	prose_heavy	dict-index	raw	render	599	8250
sample	prose_heavy	dict-index	raw	render	600	3917
sample	prose_heavy	dict-index	raw	render	601	3250
sample	prose_heavy	dict-index	raw	render	602	2625
sample	prose_heavy	dict-index	raw	render	603	2500
sample	prose_heavy	dict-index	raw	render	604	3666
sample	prose_heavy	dict-index	raw	render	605	2708
sample	prose_heavy	dict-index	raw	render	606	2250
sample	prose_heavy	dict-index	raw	render	607	14791
sample	prose_heavy	dict-index	raw	render	608	19208
sample	prose_heavy	dict-index	raw	render	609	17542
sample	prose_heavy	dict-index	raw	render	610	8208
sample	prose_heavy	dict-index	raw	render	611	2833
sample	prose_heavy	dict-index	raw	render	612	2291
sample	prose_heavy	dict-index	raw	render	613	2167
sample	prose_heavy	dict-index	raw	render	614	2542
sample	prose_heavy	dict-index	raw	render	615	1583
sample	prose_heavy	dict-index	raw	render	616	3292
sample	prose_heavy	dict-index	raw	render	617	8250
sample	prose_heavy	dict-index	raw	render	618	3208
sample	prose_heavy	dict-index	raw	render	619	2709
sample	prose_heavy	dict-index	raw	render	620	3125
sample	prose_heavy	dict-index	raw	render	621	2583
sample	prose_heavy	dict-index	raw	render	622	4042
sample	prose_heavy	dict-index	raw	render	623	5000
sample	prose_heavy	dict-index	raw	render	624	7291
sample	prose_heavy	dict-index	raw	render	625	2875
sample	prose_heavy	dict-index	raw	render	626	2000
sample	prose_heavy	dict-index	raw	render	627	2417
sample	prose_heavy	dict-index	raw	render	628	2000
sample	prose_heavy	dict-index	raw	render	629	2375
sample	prose_heavy	dict-index	raw	render	630	4208
sample	prose_heavy	dict-index	raw	render	631	2875
sample	prose_heavy	dict-index	raw	render	632	2458
sample	prose_heavy	dict-index	raw	render	633	2875
sample	prose_heavy	dict-index	raw	render	634	1958
sample	prose_heavy	dict-index	raw	render	635	8125
sample	prose_heavy	dict-index	raw	render	636	9708
sample	prose_heavy	dict-index	raw	render	637	4750
sample	prose_heavy	dict-index	raw	render	638	4125
sample	prose_heavy	dict-index	raw	render	639	3500
sample	prose_heavy	dict-index	raw	render	640	6875
sample	prose_heavy	dict-index	raw	render	641	2500
sample	prose_heavy	dict-index	raw	render	642	1875
sample	prose_heavy	dict-index	raw	render	643	10583
sample	prose_heavy	dict-index	raw	render	644	3833
sample	prose_heavy	dict-index	raw	render	645	3250
sample	prose_heavy	dict-index	raw	render	646	3500
sample	prose_heavy	dict-index	raw	render	647	2917
sample	prose_heavy	dict-index	raw	render	648	2875
sample	prose_heavy	dict-index	raw	render	649	2708
sample	prose_heavy	dict-index	raw	render	650	2250
sample	prose_heavy	dict-index	raw	render	651	2666
sample	prose_heavy	dict-index	raw	render	652	1542
sample	prose_heavy	dict-index	raw	render	653	2708
sample	prose_heavy	dict-index	raw	render	654	2084
sample	prose_heavy	dict-index	raw	render	655	1750
sample	prose_heavy	dict-index	raw	render	656	6458
sample	prose_heavy	dict-index	raw	render	657	5583
sample	prose_heavy	dict-index	raw	render	658	3584
sample	prose_heavy	dict-index	raw	render	659	3375
sample	prose_heavy	dict-index	raw	render	660	2792
sample	prose_heavy	dict-index	raw	render	661	3750
sample	prose_heavy	dict-index	raw	render	662	2542
sample	prose_heavy	dict-index	raw	render	663	3583
sample	prose_heavy	dict-index	raw	render	664	2584
sample	prose_heavy	dict-index	raw	render	665	2084
sample	prose_heavy	dict-index	raw	render	666	1917
sample	prose_heavy	dict-index	raw	render	667	3167
sample	prose_heavy	dict-index	raw	render	668	2125
sample	prose_heavy	dict-index	raw	render	669	1834
sample	prose_heavy	dict-index	raw	render	670	2583
sample	prose_heavy	dict-index	raw	render	671	2333
sample	prose_heavy	dict-index	raw	render	672	7958
sample	prose_heavy	dict-index	raw	render	673	9625
sample	prose_heavy	dict-index	raw	render	674	6041
sample	prose_heavy	dict-index	raw	render	675	2416
sample	prose_heavy	dict-index	raw	render	676	1833
sample	prose_heavy	dict-index	raw	render	677	7333
sample	prose_heavy	dict-index	raw	render	678	3375
sample	prose_heavy	dict-index	raw	render	679	4459
sample	prose_heavy	dict-index	raw	render	680	8209
sample	prose_heavy	dict-index	raw	render	681	2666
sample	prose_heavy	dict-index	raw	render	682	9584
sample	prose_heavy	dict-index	raw	render	683	3750
sample	prose_heavy	dict-index	raw	render	684	2625
sample	prose_heavy	dict-index	raw	render	685	2625
sample	prose_heavy	dict-index	raw	render	686	8041
sample	prose_heavy	dict-index	raw	render	687	13500
sample	prose_heavy	dict-index	raw	render	688	4792
sample	prose_heavy	dict-index	raw	render	689	1791
sample	prose_heavy	dict-index	raw	render	690	1375
sample	prose_heavy	dict-index	raw	render	691	3541
sample	prose_heavy	dict-index	raw	render	692	2500
sample	prose_heavy	dict-index	raw	render	693	4041
sample	prose_heavy	dict-index	raw	render	694	2208
sample	prose_heavy	dict-index	raw	render	695	9416
sample	prose_heavy	dict-index	raw	render	696	15375
sample	prose_heavy	dict-index	raw	render	697	2166
sample	prose_heavy	dict-index	raw	render	698	2958
sample	prose_heavy	dict-index	raw	render	699	8458
sample	prose_heavy	dict-index	raw	render	700	3042
sample	prose_heavy	dict-index	raw	render	701	4083
sample	prose_heavy	dict-index	raw	render	702	3333
sample	prose_heavy	dict-index	raw	render	703	8875
sample	prose_heavy	dict-index	raw	render	704	6083
sample	prose_heavy	dict-index	raw	render	705	2625
sample	prose_heavy	dict-index	raw	render	706	4959
sample	prose_heavy	dict-index	raw	render	707	2292
sample	prose_heavy	dict-index	raw	render	708	2625
sample	prose_heavy	dict-index	raw	render	709	20750
sample	prose_heavy	dict-index	raw	render	710	7458
sample	prose_heavy	dict-index	raw	render	711	5375
sample	prose_heavy	dict-index	raw	render	712	2667
sample	prose_heavy	dict-index	raw	render	713	3792
sample	prose_heavy	dict-index	raw	render	714	4334
sample	prose_heavy	dict-index	raw	render	715	3709
sample	prose_heavy	dict-index	raw	render	716	7083
sample	prose_heavy	dict-index	raw	render	717	3333
sample	prose_heavy	dict-index	raw	render	718	2625
sample	prose_heavy	dict-index	raw	render	719	4333
sample	prose_heavy	dict-index	raw	render	720	2209
sample	prose_heavy	dict-index	raw	render	721	2542
sample	prose_heavy	dict-index	raw	render	722	3583
sample	prose_heavy	dict-index	raw	render	723	4334
sample	prose_heavy	dict-index	raw	render	724	2791
sample	prose_heavy	dict-index	raw	render	725	2375
sample	prose_heavy	dict-index	raw	render	726	2834
sample	prose_heavy	dict-index	raw	render	727	1750
sample	prose_heavy	dict-index	raw	render	728	2250
sample	prose_heavy	dict-index	raw	render	729	3125
sample	prose_heavy	dict-index	raw	render	730	2375
sample	prose_heavy	dict-index	raw	render	731	7958
sample	prose_heavy	dict-index	raw	render	732	11417
sample	prose_heavy	dict-index	raw	render	733	8250
sample	prose_heavy	dict-index	raw	render	734	3500
sample	prose_heavy	dict-index	raw	render	735	2625
sample	prose_heavy	dict-index	raw	render	736	17208
sample	prose_heavy	dict-index	raw	render	737	4292
sample	prose_heavy	dict-index	raw	render	738	4083
sample	prose_heavy	dict-index	raw	render	739	2375
sample	prose_heavy	dict-index	raw	render	740	9625
sample	prose_heavy	dict-index	raw	render	741	3083
sample	prose_heavy	dict-index	raw	render	742	1875
sample	prose_heavy	dict-index	raw	render	743	9500
sample	prose_heavy	dict-index	raw	render	744	5667
sample	prose_heavy	dict-index	raw	render	745	3250
sample	prose_heavy	dict-index	raw	render	746	1917
sample	prose_heavy	dict-index	raw	render	747	6708
sample	prose_heavy	dict-index	raw	render	748	3958
sample	prose_heavy	dict-index	raw	render	749	3291
sample	prose_heavy	dict-index	raw	render	750	2792
sample	prose_heavy	dict-index	raw	render	751	2583
sample	prose_heavy	dict-index	raw	render	752	2458
sample	prose_heavy	dict-index	raw	render	753	8166
sample	prose_heavy	dict-index	raw	render	754	10250
sample	prose_heavy	dict-index	raw	render	755	5291
sample	prose_heavy	dict-index	raw	render	756	2750
sample	prose_heavy	dict-index	raw	render	757	3208
sample	prose_heavy	dict-index	raw	render	758	8333
sample	prose_heavy	dict-index	raw	render	759	4584
sample	prose_heavy	dict-index	raw	render	760	2834
sample	prose_heavy	dict-index	raw	render	761	2792
sample	prose_heavy	dict-index	raw	render	762	1583
sample	prose_heavy	dict-index	raw	render	763	2417
sample	prose_heavy	dict-index	raw	render	764	2042
sample	prose_heavy	dict-index	raw	render	765	9500
sample	prose_heavy	dict-index	raw	render	766	3000
sample	prose_heavy	dict-index	raw	render	767	1959
sample	prose_heavy	dict-index	raw	render	768	2042
sample	prose_heavy	dict-index	raw	render	769	1625
sample	prose_heavy	dict-index	raw	render	770	1916
sample	prose_heavy	dict-index	raw	render	771	3333
sample	prose_heavy	dict-index	raw	render	772	3000
sample	prose_heavy	dict-index	raw	render	773	8167
sample	prose_heavy	dict-index	raw	render	774	2750
sample	prose_heavy	dict-index	raw	render	775	2625
sample	prose_heavy	dict-index	raw	render	776	9292
sample	prose_heavy	dict-index	raw	render	777	3125
sample	prose_heavy	dict-index	raw	render	778	3875
sample	prose_heavy	dict-index	raw	render	779	5542
sample	prose_heavy	dict-index	raw	render	780	1625
sample	prose_heavy	dict-index	raw	render	781	2000
sample	prose_heavy	dict-index	raw	render	782	1708
sample	prose_heavy	dict-index	raw	render	783	1792
sample	prose_heavy	dict-index	raw	render	784	7250
sample	prose_heavy	dict-index	raw	render	785	3458
sample	prose_heavy	dict-index	raw	render	786	9000
sample	prose_heavy	dict-index	raw	render	787	2625
sample	prose_heavy	dict-index	raw	render	788	3667
sample	prose_heavy	dict-index	raw	render	789	8584
sample	prose_heavy	dict-index	raw	render	790	4041
sample	prose_heavy	dict-index	raw	render	791	15250
sample	prose_heavy	dict-index	raw	render	792	6125
sample	prose_heavy	dict-index	raw	render	793	9291
sample	prose_heavy	dict-index	raw	render	794	2916
sample	prose_heavy	dict-index	raw	render	795	2125
sample	prose_heavy	dict-index	raw	render	796	7834
sample	prose_heavy	dict-index	raw	render	797	2334
sample	prose_heavy	dict-index	raw	render	798	11334
sample	prose_heavy	dict-index	raw	render	799	22166
sample	prose_heavy	dict-index	raw	render	800	5875
sample	prose_heavy	dict-index	raw	render	801	5958
sample	prose_heavy	dict-index	raw	render	802	19000
sample	prose_heavy	dict-index	raw	render	803	3334
sample	prose_heavy	dict-index	raw	render	804	3291
sample	prose_heavy	dict-index	raw	render	805	3125
sample	prose_heavy	dict-index	raw	render	806	2875
sample	prose_heavy	dict-index	raw	render	807	2083
sample	prose_heavy	dict-index	raw	render	808	2459
sample	prose_heavy	dict-index	raw	render	809	9333
sample	prose_heavy	dict-index	raw	render	810	4042
sample	prose_heavy	dict-index	raw	render	811	2250
sample	prose_heavy	dict-index	raw	render	812	5167
sample	prose_heavy	dict-index	raw	render	813	3375
sample	prose_heavy	dict-index	raw	render	814	7583
sample	prose_heavy	dict-index	raw	render	815	2958
sample	prose_heavy	dict-index	raw	render	816	2375
sample	prose_heavy	dict-index	raw	render	817	5000
sample	prose_heavy	dict-index	raw	render	818	9000
sample	prose_heavy	dict-index	raw	render	819	4042
sample	prose_heavy	dict-index	raw	render	820	2125
sample	prose_heavy	dict-index	raw	render	821	2708
sample	prose_heavy	dict-index	raw	render	822	3083
sample	prose_heavy	dict-index	raw	render	823	4541
sample	prose_heavy	dict-index	raw	render	824	2458
sample	prose_heavy	dict-index	raw	render	825	1541
sample	prose_heavy	dict-index	raw	render	826	3667
sample	prose_heavy	dict-index	raw	render	827	2667
sample	prose_heavy	dict-index	raw	render	828	7959
sample	prose_heavy	dict-index	raw	render	829	4166
sample	prose_heavy	dict-index	raw	render	830	12208
sample	prose_heavy	dict-index	raw	render	831	4917
sample	prose_heavy	dict-index	raw	render	832	3500
sample	prose_heavy	dict-index	raw	render	833	3500
sample	prose_heavy	dict-index	raw	render	834	2416
sample	prose_heavy	dict-index	raw	render	835	7625
sample	prose_heavy	dict-index	raw	render	836	2625
sample	prose_heavy	dict-index	raw	render	837	2250
sample	prose_heavy	dict-index	raw	render	838	9417
sample	prose_heavy	dict-index	raw	render	839	6459
sample	prose_heavy	dict-index	raw	render	840	7125
sample	prose_heavy	dict-index	raw	render	841	4125
sample	prose_heavy	dict-index	raw	render	842	9500
sample	prose_heavy	dict-index	raw	render	843	33625
sample	prose_heavy	dict-index	raw	render	844	3666
sample	prose_heavy	dict-index	raw	render	845	3000
sample	prose_heavy	dict-index	raw	render	846	2709
sample	prose_heavy	dict-index	raw	render	847	2042
sample	prose_heavy	dict-index	raw	render	848	8459
sample	prose_heavy	dict-index	raw	render	849	6917
sample	prose_heavy	dict-index	raw	render	850	7625
sample	prose_heavy	dict-index	raw	render	851	5416
sample	prose_heavy	dict-index	raw	render	852	7542
sample	prose_heavy	dict-index	raw	render	853	4250
sample	prose_heavy	dict-index	raw	render	854	2209
sample	prose_heavy	dict-index	raw	render	855	2166
sample	prose_heavy	dict-index	raw	render	856	2875
sample	prose_heavy	dict-index	raw	render	857	3375
sample	prose_heavy	dict-index	raw	render	858	8500
sample	prose_heavy	dict-index	raw	render	859	4208
sample	prose_heavy	dict-index	raw	render	860	3667
sample	prose_heavy	dict-index	raw	render	861	2125
sample	prose_heavy	dict-index	raw	render	862	1750
sample	prose_heavy	dict-index	raw	render	863	14208
sample	prose_heavy	dict-index	raw	render	864	8458
sample	prose_heavy	dict-index	raw	render	865	10333
sample	prose_heavy	dict-index	raw	render	866	5750
sample	prose_heavy	dict-index	raw	render	867	7792
sample	prose_heavy	dict-index	raw	render	868	6292
sample	prose_heavy	dict-index	raw	render	869	12208
sample	prose_heavy	dict-index	raw	render	870	4084
sample	prose_heavy	dict-index	raw	render	871	3000
sample	prose_heavy	dict-index	raw	render	872	4208
sample	prose_heavy	dict-index	raw	render	873	2625
sample	prose_heavy	dict-index	raw	render	874	3209
sample	prose_heavy	dict-index	raw	render	875	2125
sample	prose_heavy	dict-index	raw	render	876	2542
sample	prose_heavy	dict-index	raw	render	877	2291
sample	prose_heavy	dict-index	raw	render	878	2167
sample	prose_heavy	dict-index	raw	render	879	7250
sample	prose_heavy	dict-index	raw	render	880	3083
sample	prose_heavy	dict-index	raw	render	881	2500
sample	prose_heavy	dict-index	raw	render	882	2625
sample	prose_heavy	dict-index	raw	render	883	9542
sample	prose_heavy	dict-index	raw	render	884	8500
sample	prose_heavy	dict-index	raw	render	885	5542
sample	prose_heavy	dict-index	raw	render	886	8833
sample	prose_heavy	dict-index	raw	render	887	3709
sample	prose_heavy	dict-index	raw	render	888	7375
sample	prose_heavy	dict-index	raw	render	889	3291
sample	prose_heavy	dict-index	raw	render	890	5000
sample	prose_heavy	dict-index	raw	render	891	2083
sample	prose_heavy	dict-index	raw	render	892	3542
sample	prose_heavy	dict-index	raw	render	893	3250
sample	prose_heavy	dict-index	raw	render	894	1875
sample	prose_heavy	dict-index	raw	render	895	2416
sample	prose_heavy	dict-index	raw	render	896	7750
sample	prose_heavy	dict-index	raw	render	897	3500
sample	prose_heavy	dict-index	raw	render	898	3084
sample	prose_heavy	dict-index	raw	render	899	2375
sample	prose_heavy	dict-index	raw	render	900	2750
sample	prose_heavy	dict-index	raw	render	901	2042
sample	prose_heavy	dict-index	raw	render	902	6750
sample	prose_heavy	dict-index	raw	render	903	5375
sample	prose_heavy	dict-index	raw	render	904	3542
sample	prose_heavy	dict-index	raw	render	905	8042
sample	prose_heavy	dict-index	raw	render	906	6333
sample	prose_heavy	dict-index	raw	render	907	3292
sample	prose_heavy	dict-index	raw	render	908	2250
sample	prose_heavy	dict-index	raw	render	909	2791
sample	prose_heavy	dict-index	raw	render	910	2709
sample	prose_heavy	dict-index	raw	render	911	7083
sample	prose_heavy	dict-index	raw	render	912	4042
sample	prose_heavy	dict-index	raw	render	913	3125
sample	prose_heavy	dict-index	raw	render	914	2125
sample	prose_heavy	dict-index	raw	render	915	1792
sample	prose_heavy	dict-index	raw	render	916	2958
sample	prose_heavy	dict-index	raw	render	917	8084
sample	prose_heavy	dict-index	raw	render	918	5250
sample	prose_heavy	dict-index	raw	render	919	4917
sample	prose_heavy	dict-index	raw	render	920	2708
sample	prose_heavy	dict-index	raw	render	921	2833
sample	prose_heavy	dict-index	raw	render	922	7500
sample	prose_heavy	dict-index	raw	render	923	5583
sample	prose_heavy	dict-index	raw	render	924	5250
sample	prose_heavy	dict-index	raw	render	925	7625
sample	prose_heavy	dict-index	raw	render	926	3667
sample	prose_heavy	dict-index	raw	render	927	7583
sample	prose_heavy	dict-index	raw	render	928	16125
sample	prose_heavy	dict-index	raw	render	929	10875
sample	prose_heavy	dict-index	raw	render	930	3375
sample	prose_heavy	dict-index	raw	render	931	6416
sample	prose_heavy	dict-index	raw	render	932	7500
sample	prose_heavy	dict-index	raw	render	933	7042
sample	prose_heavy	dict-index	raw	render	934	2417
sample	prose_heavy	dict-index	raw	render	935	6500
sample	prose_heavy	dict-index	raw	render	936	8292
sample	prose_heavy	dict-index	raw	render	937	3125
sample	prose_heavy	dict-index	raw	render	938	3042
sample	prose_heavy	dict-index	raw	render	939	6792
sample	prose_heavy	dict-index	raw	render	940	2292
sample	prose_heavy	dict-index	raw	render	941	2167
sample	prose_heavy	dict-index	raw	render	942	2542
sample	prose_heavy	dict-index	raw	render	943	10125
sample	prose_heavy	dict-index	raw	render	944	2500
sample	prose_heavy	dict-index	raw	render	945	2750
sample	prose_heavy	dict-index	raw	render	946	2292
sample	prose_heavy	dict-index	raw	render	947	2375
sample	prose_heavy	dict-index	raw	render	948	1917
sample	prose_heavy	dict-index	raw	render	949	5417
sample	prose_heavy	dict-index	raw	render	950	23250
sample	prose_heavy	dict-index	raw	render	951	3459
sample	prose_heavy	dict-index	raw	render	952	2875
sample	prose_heavy	dict-index	raw	render	953	4083
sample	prose_heavy	dict-index	raw	render	954	2625
sample	prose_heavy	dict-index	raw	render	955	2083
sample	prose_heavy	dict-index	raw	render	956	9250
sample	prose_heavy	dict-index	raw	render	957	2917
sample	prose_heavy	dict-index	raw	render	958	2459
sample	prose_heavy	dict-index	raw	render	959	9000
sample	prose_heavy	dict-index	raw	render	960	5708
sample	prose_heavy	dict-index	raw	render	961	3041
sample	prose_heavy	dict-index	raw	render	962	4000
sample	prose_heavy	dict-index	raw	render	963	8542
sample	prose_heavy	dict-index	raw	render	964	3083
sample	prose_heavy	dict-index	raw	render	965	5125
sample	prose_heavy	dict-index	raw	render	966	3292
sample	prose_heavy	dict-index	raw	render	967	2417
sample	prose_heavy	dict-index	raw	render	968	7875
sample	prose_heavy	dict-index	raw	render	969	5291
sample	prose_heavy	dict-index	raw	render	970	2917
sample	prose_heavy	dict-index	raw	render	971	14084
sample	prose_heavy	dict-index	raw	render	972	4541
sample	prose_heavy	dict-index	raw	render	973	1791
sample	prose_heavy	dict-index	raw	render	974	2000
sample	prose_heavy	dict-index	raw	render	975	1375
sample	prose_heavy	dict-index	raw	render	976	553959
sample	prose_heavy	dict-index	raw	render	977	4250
sample	prose_heavy	dict-index	raw	render	978	9208
sample	prose_heavy	dict-index	raw	render	979	7833
sample	prose_heavy	dict-index	raw	render	980	6667
sample	prose_heavy	dict-index	raw	render	981	4917
sample	prose_heavy	dict-index	raw	render	982	3416
sample	prose_heavy	dict-index	raw	render	983	2541
sample	prose_heavy	dict-index	raw	render	984	1417
sample	prose_heavy	dict-index	raw	render	985	1667
sample	prose_heavy	dict-index	raw	render	986	1625
sample	prose_heavy	dict-index	raw	render	987	4417
sample	prose_heavy	dict-index	raw	render	988	2625
sample	prose_heavy	dict-index	raw	render	989	7458
sample	prose_heavy	dict-index	raw	render	990	7042
sample	prose_heavy	dict-index	raw	render	991	7792
sample	prose_heavy	dict-index	raw	render	992	17042
sample	prose_heavy	dict-index	raw	render	993	6375
sample	prose_heavy	dict-index	raw	render	994	1958
sample	prose_heavy	dict-index	raw	render	995	5458
sample	prose_heavy	dict-index	raw	render	996	7542
sample	prose_heavy	dict-index	raw	render	997	3709
sample	prose_heavy	dict-index	raw	render	998	2042
sample	prose_heavy	dict-index	raw	render	999	11084
result	prose_heavy	dict-index	raw	exact.p50_ns	667
result	prose_heavy	dict-index	raw	exact.p95_ns	2750
result	prose_heavy	dict-index	raw	exact.p99_ns	7541
result	prose_heavy	dict-index	raw	prefix.p50_ns	130291
result	prose_heavy	dict-index	raw	prefix.p95_ns	431791
result	prose_heavy	dict-index	raw	prefix.p99_ns	1085625
result	prose_heavy	dict-index	raw	render.p50_ns	3459
result	prose_heavy	dict-index	raw	render.p95_ns	12042
result	prose_heavy	dict-index	raw	render.p99_ns	34541
result	prose_heavy	dict-index	raw	exact.hit.p50_ns	792
result	prose_heavy	dict-index	raw	exact.hit.p95_ns	3375
result	prose_heavy	dict-index	raw	exact.hit.p99_ns	7667
result	prose_heavy	dict-index	raw	exact.miss.p50_ns	458
result	prose_heavy	dict-index	raw	exact.miss.p95_ns	1959
result	prose_heavy	dict-index	raw	exact.miss.p99_ns	5041
result	prose_heavy	dict-index	raw	prefix.zero.p50_ns	6417
result	prose_heavy	dict-index	raw	prefix.zero.p95_ns	17292
result	prose_heavy	dict-index	raw	prefix.zero.p99_ns	28250
result	prose_heavy	dict-index	raw	prefix.one.p50_ns	7583
result	prose_heavy	dict-index	raw	prefix.one.p95_ns	23083
result	prose_heavy	dict-index	raw	prefix.one.p99_ns	212167
result	prose_heavy	dict-index	raw	prefix.many.p50_ns	147834
result	prose_heavy	dict-index	raw	prefix.many.p95_ns	592000
result	prose_heavy	dict-index	raw	prefix.many.p99_ns	1280375
result	prose_heavy	dict-index	raw	prefix.pathological.p50_ns	-
result	prose_heavy	dict-index	raw	prefix.pathological.p95_ns	-
result	prose_heavy	dict-index	raw	prefix.pathological.p99_ns	-
result	prose_heavy	dict-index	dictzip	artifact_bytes	141192
result	prose_heavy	dict-index	dictzip	build_ns	47173583
sample	prose_heavy	dict-index	dictzip	open	0	1051875
sample	prose_heavy	dict-index	dictzip	open	1	684667
sample	prose_heavy	dict-index	dictzip	open	2	587209
sample	prose_heavy	dict-index	dictzip	open	3	547958
sample	prose_heavy	dict-index	dictzip	open	4	547500
sample	prose_heavy	dict-index	dictzip	open	5	567541
sample	prose_heavy	dict-index	dictzip	open	6	1284833
sample	prose_heavy	dict-index	dictzip	open	7	1654041
sample	prose_heavy	dict-index	dictzip	open	8	678708
sample	prose_heavy	dict-index	dictzip	open	9	578333
sample	prose_heavy	dict-index	dictzip	open	10	553792
sample	prose_heavy	dict-index	dictzip	open	11	619583
sample	prose_heavy	dict-index	dictzip	open	12	1262250
sample	prose_heavy	dict-index	dictzip	open	13	833792
sample	prose_heavy	dict-index	dictzip	open	14	631375
sample	prose_heavy	dict-index	dictzip	open	15	860209
sample	prose_heavy	dict-index	dictzip	open	16	569583
sample	prose_heavy	dict-index	dictzip	open	17	2643792
sample	prose_heavy	dict-index	dictzip	open	18	1486459
sample	prose_heavy	dict-index	dictzip	open	19	859875
sample	prose_heavy	dict-index	dictzip	open	20	582375
sample	prose_heavy	dict-index	dictzip	open	21	1965334
sample	prose_heavy	dict-index	dictzip	open	22	1290375
sample	prose_heavy	dict-index	dictzip	open	23	1783375
sample	prose_heavy	dict-index	dictzip	open	24	1260167
result	prose_heavy	dict-index	dictzip	open_ns	833792
result	prose_heavy	dict-index	dictzip	semantic_digest	11367502346538253063
result	prose_heavy	dict-index	dictzip	query_checksum	4133005253181784452
result	prose_heavy	dict-index	dictzip	outputs	1024875
result	prose_heavy	dict-index	dictzip	logical_prose_bytes	10498986
sample	prose_heavy	dict-index	dictzip	exact	0	16292
sample	prose_heavy	dict-index	dictzip	exact	1	5834
sample	prose_heavy	dict-index	dictzip	exact	2	4042
sample	prose_heavy	dict-index	dictzip	exact	3	1208
sample	prose_heavy	dict-index	dictzip	exact	4	2542
sample	prose_heavy	dict-index	dictzip	exact	5	583
sample	prose_heavy	dict-index	dictzip	exact	6	1208
sample	prose_heavy	dict-index	dictzip	exact	7	1208
sample	prose_heavy	dict-index	dictzip	exact	8	1291
sample	prose_heavy	dict-index	dictzip	exact	9	500
sample	prose_heavy	dict-index	dictzip	exact	10	1333
sample	prose_heavy	dict-index	dictzip	exact	11	500
sample	prose_heavy	dict-index	dictzip	exact	12	875
sample	prose_heavy	dict-index	dictzip	exact	13	500
sample	prose_heavy	dict-index	dictzip	exact	14	1500
sample	prose_heavy	dict-index	dictzip	exact	15	666
sample	prose_heavy	dict-index	dictzip	exact	16	1542
sample	prose_heavy	dict-index	dictzip	exact	17	500
sample	prose_heavy	dict-index	dictzip	exact	18	2000
sample	prose_heavy	dict-index	dictzip	exact	19	500
sample	prose_heavy	dict-index	dictzip	exact	20	1209
sample	prose_heavy	dict-index	dictzip	exact	21	417
sample	prose_heavy	dict-index	dictzip	exact	22	1125
sample	prose_heavy	dict-index	dictzip	exact	23	708
sample	prose_heavy	dict-index	dictzip	exact	24	1583
sample	prose_heavy	dict-index	dictzip	exact	25	375
sample	prose_heavy	dict-index	dictzip	exact	26	1208
sample	prose_heavy	dict-index	dictzip	exact	27	459
sample	prose_heavy	dict-index	dictzip	exact	28	8125
sample	prose_heavy	dict-index	dictzip	exact	29	2292
sample	prose_heavy	dict-index	dictzip	exact	30	1334
sample	prose_heavy	dict-index	dictzip	exact	31	833
sample	prose_heavy	dict-index	dictzip	exact	32	1542
sample	prose_heavy	dict-index	dictzip	exact	33	542
sample	prose_heavy	dict-index	dictzip	exact	34	959
sample	prose_heavy	dict-index	dictzip	exact	35	541
sample	prose_heavy	dict-index	dictzip	exact	36	750
sample	prose_heavy	dict-index	dictzip	exact	37	542
sample	prose_heavy	dict-index	dictzip	exact	38	667
sample	prose_heavy	dict-index	dictzip	exact	39	750
sample	prose_heavy	dict-index	dictzip	exact	40	958
sample	prose_heavy	dict-index	dictzip	exact	41	500
sample	prose_heavy	dict-index	dictzip	exact	42	834
sample	prose_heavy	dict-index	dictzip	exact	43	583
sample	prose_heavy	dict-index	dictzip	exact	44	875
sample	prose_heavy	dict-index	dictzip	exact	45	500
sample	prose_heavy	dict-index	dictzip	exact	46	750
sample	prose_heavy	dict-index	dictzip	exact	47	583
sample	prose_heavy	dict-index	dictzip	exact	48	1042
sample	prose_heavy	dict-index	dictzip	exact	49	416
sample	prose_heavy	dict-index	dictzip	exact	50	1166
sample	prose_heavy	dict-index	dictzip	exact	51	500
sample	prose_heavy	dict-index	dictzip	exact	52	1166
sample	prose_heavy	dict-index	dictzip	exact	53	500
sample	prose_heavy	dict-index	dictzip	exact	54	833
sample	prose_heavy	dict-index	dictzip	exact	55	583
sample	prose_heavy	dict-index	dictzip	exact	56	2292
sample	prose_heavy	dict-index	dictzip	exact	57	417
sample	prose_heavy	dict-index	dictzip	exact	58	1167
sample	prose_heavy	dict-index	dictzip	exact	59	458
sample	prose_heavy	dict-index	dictzip	exact	60	666
sample	prose_heavy	dict-index	dictzip	exact	61	458
sample	prose_heavy	dict-index	dictzip	exact	62	708
sample	prose_heavy	dict-index	dictzip	exact	63	583
sample	prose_heavy	dict-index	dictzip	exact	64	1000
sample	prose_heavy	dict-index	dictzip	exact	65	458
sample	prose_heavy	dict-index	dictzip	exact	66	709
sample	prose_heavy	dict-index	dictzip	exact	67	459
sample	prose_heavy	dict-index	dictzip	exact	68	666
sample	prose_heavy	dict-index	dictzip	exact	69	458
sample	prose_heavy	dict-index	dictzip	exact	70	709
sample	prose_heavy	dict-index	dictzip	exact	71	584
sample	prose_heavy	dict-index	dictzip	exact	72	1084
sample	prose_heavy	dict-index	dictzip	exact	73	417
sample	prose_heavy	dict-index	dictzip	exact	74	833
sample	prose_heavy	dict-index	dictzip	exact	75	459
sample	prose_heavy	dict-index	dictzip	exact	76	917
sample	prose_heavy	dict-index	dictzip	exact	77	541
sample	prose_heavy	dict-index	dictzip	exact	78	708
sample	prose_heavy	dict-index	dictzip	exact	79	584
sample	prose_heavy	dict-index	dictzip	exact	80	1166
sample	prose_heavy	dict-index	dictzip	exact	81	417
sample	prose_heavy	dict-index	dictzip	exact	82	625
sample	prose_heavy	dict-index	dictzip	exact	83	500
sample	prose_heavy	dict-index	dictzip	exact	84	792
sample	prose_heavy	dict-index	dictzip	exact	85	458
sample	prose_heavy	dict-index	dictzip	exact	86	667
sample	prose_heavy	dict-index	dictzip	exact	87	584
sample	prose_heavy	dict-index	dictzip	exact	88	750
sample	prose_heavy	dict-index	dictzip	exact	89	375
sample	prose_heavy	dict-index	dictzip	exact	90	583
sample	prose_heavy	dict-index	dictzip	exact	91	458
sample	prose_heavy	dict-index	dictzip	exact	92	625
sample	prose_heavy	dict-index	dictzip	exact	93	417
sample	prose_heavy	dict-index	dictzip	exact	94	708
sample	prose_heavy	dict-index	dictzip	exact	95	583
sample	prose_heavy	dict-index	dictzip	exact	96	875
sample	prose_heavy	dict-index	dictzip	exact	97	417
sample	prose_heavy	dict-index	dictzip	exact	98	833
sample	prose_heavy	dict-index	dictzip	exact	99	458
sample	prose_heavy	dict-index	dictzip	exact	100	708
sample	prose_heavy	dict-index	dictzip	exact	101	458
sample	prose_heavy	dict-index	dictzip	exact	102	667
sample	prose_heavy	dict-index	dictzip	exact	103	584
sample	prose_heavy	dict-index	dictzip	exact	104	875
sample	prose_heavy	dict-index	dictzip	exact	105	416
sample	prose_heavy	dict-index	dictzip	exact	106	667
sample	prose_heavy	dict-index	dictzip	exact	107	417
sample	prose_heavy	dict-index	dictzip	exact	108	709
sample	prose_heavy	dict-index	dictzip	exact	109	500
sample	prose_heavy	dict-index	dictzip	exact	110	8875
sample	prose_heavy	dict-index	dictzip	exact	111	3875
sample	prose_heavy	dict-index	dictzip	exact	112	1625
sample	prose_heavy	dict-index	dictzip	exact	113	583
sample	prose_heavy	dict-index	dictzip	exact	114	4125
sample	prose_heavy	dict-index	dictzip	exact	115	2542
sample	prose_heavy	dict-index	dictzip	exact	116	2542
sample	prose_heavy	dict-index	dictzip	exact	117	1417
sample	prose_heavy	dict-index	dictzip	exact	118	6250
sample	prose_heavy	dict-index	dictzip	exact	119	2417
sample	prose_heavy	dict-index	dictzip	exact	120	3292
sample	prose_heavy	dict-index	dictzip	exact	121	2333
sample	prose_heavy	dict-index	dictzip	exact	122	2500
sample	prose_heavy	dict-index	dictzip	exact	123	1875
sample	prose_heavy	dict-index	dictzip	exact	124	3917
sample	prose_heavy	dict-index	dictzip	exact	125	1042
sample	prose_heavy	dict-index	dictzip	exact	126	1334
sample	prose_heavy	dict-index	dictzip	exact	127	917
sample	prose_heavy	dict-index	dictzip	exact	128	1125
sample	prose_heavy	dict-index	dictzip	exact	129	750
sample	prose_heavy	dict-index	dictzip	exact	130	1250
sample	prose_heavy	dict-index	dictzip	exact	131	500
sample	prose_heavy	dict-index	dictzip	exact	132	959
sample	prose_heavy	dict-index	dictzip	exact	133	500
sample	prose_heavy	dict-index	dictzip	exact	134	958
sample	prose_heavy	dict-index	dictzip	exact	135	625
sample	prose_heavy	dict-index	dictzip	exact	136	1000
sample	prose_heavy	dict-index	dictzip	exact	137	416
sample	prose_heavy	dict-index	dictzip	exact	138	917
sample	prose_heavy	dict-index	dictzip	exact	139	500
sample	prose_heavy	dict-index	dictzip	exact	140	1083
sample	prose_heavy	dict-index	dictzip	exact	141	500
sample	prose_heavy	dict-index	dictzip	exact	142	1000
sample	prose_heavy	dict-index	dictzip	exact	143	2375
sample	prose_heavy	dict-index	dictzip	exact	144	3833
sample	prose_heavy	dict-index	dictzip	exact	145	625
sample	prose_heavy	dict-index	dictzip	exact	146	6125
sample	prose_heavy	dict-index	dictzip	exact	147	1167
sample	prose_heavy	dict-index	dictzip	exact	148	1458
sample	prose_heavy	dict-index	dictzip	exact	149	542
sample	prose_heavy	dict-index	dictzip	exact	150	875
sample	prose_heavy	dict-index	dictzip	exact	151	792
sample	prose_heavy	dict-index	dictzip	exact	152	1667
sample	prose_heavy	dict-index	dictzip	exact	153	583
sample	prose_heavy	dict-index	dictzip	exact	154	1375
sample	prose_heavy	dict-index	dictzip	exact	155	500
sample	prose_heavy	dict-index	dictzip	exact	156	1125
sample	prose_heavy	dict-index	dictzip	exact	157	458
sample	prose_heavy	dict-index	dictzip	exact	158	916
sample	prose_heavy	dict-index	dictzip	exact	159	583
sample	prose_heavy	dict-index	dictzip	exact	160	1417
sample	prose_heavy	dict-index	dictzip	exact	161	458
sample	prose_heavy	dict-index	dictzip	exact	162	1333
sample	prose_heavy	dict-index	dictzip	exact	163	542
sample	prose_heavy	dict-index	dictzip	exact	164	1167
sample	prose_heavy	dict-index	dictzip	exact	165	458
sample	prose_heavy	dict-index	dictzip	exact	166	2500
sample	prose_heavy	dict-index	dictzip	exact	167	1167
sample	prose_heavy	dict-index	dictzip	exact	168	1042
sample	prose_heavy	dict-index	dictzip	exact	169	667
sample	prose_heavy	dict-index	dictzip	exact	170	1042
sample	prose_heavy	dict-index	dictzip	exact	171	583
sample	prose_heavy	dict-index	dictzip	exact	172	917
sample	prose_heavy	dict-index	dictzip	exact	173	542
sample	prose_heavy	dict-index	dictzip	exact	174	1292
sample	prose_heavy	dict-index	dictzip	exact	175	708
sample	prose_heavy	dict-index	dictzip	exact	176	1375
sample	prose_heavy	dict-index	dictzip	exact	177	500
sample	prose_heavy	dict-index	dictzip	exact	178	667
sample	prose_heavy	dict-index	dictzip	exact	179	500
sample	prose_heavy	dict-index	dictzip	exact	180	708
sample	prose_heavy	dict-index	dictzip	exact	181	500
sample	prose_heavy	dict-index	dictzip	exact	182	833
sample	prose_heavy	dict-index	dictzip	exact	183	667
sample	prose_heavy	dict-index	dictzip	exact	184	1166
sample	prose_heavy	dict-index	dictzip	exact	185	416
sample	prose_heavy	dict-index	dictzip	exact	186	791
sample	prose_heavy	dict-index	dictzip	exact	187	500
sample	prose_heavy	dict-index	dictzip	exact	188	791
sample	prose_heavy	dict-index	dictzip	exact	189	458
sample	prose_heavy	dict-index	dictzip	exact	190	875
sample	prose_heavy	dict-index	dictzip	exact	191	583
sample	prose_heavy	dict-index	dictzip	exact	192	875
sample	prose_heavy	dict-index	dictzip	exact	193	416
sample	prose_heavy	dict-index	dictzip	exact	194	666
sample	prose_heavy	dict-index	dictzip	exact	195	500
sample	prose_heavy	dict-index	dictzip	exact	196	709
sample	prose_heavy	dict-index	dictzip	exact	197	459
sample	prose_heavy	dict-index	dictzip	exact	198	917
sample	prose_heavy	dict-index	dictzip	exact	199	541
sample	prose_heavy	dict-index	dictzip	exact	200	750
sample	prose_heavy	dict-index	dictzip	exact	201	458
sample	prose_heavy	dict-index	dictzip	exact	202	750
sample	prose_heavy	dict-index	dictzip	exact	203	458
sample	prose_heavy	dict-index	dictzip	exact	204	708
sample	prose_heavy	dict-index	dictzip	exact	205	458
sample	prose_heavy	dict-index	dictzip	exact	206	625
sample	prose_heavy	dict-index	dictzip	exact	207	542
sample	prose_heavy	dict-index	dictzip	exact	208	917
sample	prose_heavy	dict-index	dictzip	exact	209	459
sample	prose_heavy	dict-index	dictzip	exact	210	667
sample	prose_heavy	dict-index	dictzip	exact	211	417
sample	prose_heavy	dict-index	dictzip	exact	212	625
sample	prose_heavy	dict-index	dictzip	exact	213	416
sample	prose_heavy	dict-index	dictzip	exact	214	666
sample	prose_heavy	dict-index	dictzip	exact	215	584
sample	prose_heavy	dict-index	dictzip	exact	216	792
sample	prose_heavy	dict-index	dictzip	exact	217	416
sample	prose_heavy	dict-index	dictzip	exact	218	875
sample	prose_heavy	dict-index	dictzip	exact	219	459
sample	prose_heavy	dict-index	dictzip	exact	220	750
sample	prose_heavy	dict-index	dictzip	exact	221	375
sample	prose_heavy	dict-index	dictzip	exact	222	709
sample	prose_heavy	dict-index	dictzip	exact	223	2292
sample	prose_heavy	dict-index	dictzip	exact	224	1125
sample	prose_heavy	dict-index	dictzip	exact	225	417
sample	prose_heavy	dict-index	dictzip	exact	226	708
sample	prose_heavy	dict-index	dictzip	exact	227	583
sample	prose_heavy	dict-index	dictzip	exact	228	625
sample	prose_heavy	dict-index	dictzip	exact	229	458
sample	prose_heavy	dict-index	dictzip	exact	230	667
sample	prose_heavy	dict-index	dictzip	exact	231	625
sample	prose_heavy	dict-index	dictzip	exact	232	667
sample	prose_heavy	dict-index	dictzip	exact	233	500
sample	prose_heavy	dict-index	dictzip	exact	234	2667
sample	prose_heavy	dict-index	dictzip	exact	235	625
sample	prose_heavy	dict-index	dictzip	exact	236	708
sample	prose_heavy	dict-index	dictzip	exact	237	459
sample	prose_heavy	dict-index	dictzip	exact	238	6250
sample	prose_heavy	dict-index	dictzip	exact	239	4334
sample	prose_heavy	dict-index	dictzip	exact	240	1208
sample	prose_heavy	dict-index	dictzip	exact	241	750
sample	prose_heavy	dict-index	dictzip	exact	242	959
sample	prose_heavy	dict-index	dictzip	exact	243	458
sample	prose_heavy	dict-index	dictzip	exact	244	1042
sample	prose_heavy	dict-index	dictzip	exact	245	458
sample	prose_heavy	dict-index	dictzip	exact	246	1166
sample	prose_heavy	dict-index	dictzip	exact	247	584
sample	prose_heavy	dict-index	dictzip	exact	248	917
sample	prose_heavy	dict-index	dictzip	exact	249	417
sample	prose_heavy	dict-index	dictzip	exact	250	1375
sample	prose_heavy	dict-index	dictzip	exact	251	417
sample	prose_heavy	dict-index	dictzip	exact	252	1417
sample	prose_heavy	dict-index	dictzip	exact	253	458
sample	prose_heavy	dict-index	dictzip	exact	254	1083
sample	prose_heavy	dict-index	dictzip	exact	255	583
sample	prose_heavy	dict-index	dictzip	exact	256	1209
sample	prose_heavy	dict-index	dictzip	exact	257	416
sample	prose_heavy	dict-index	dictzip	exact	258	1250
sample	prose_heavy	dict-index	dictzip	exact	259	417
sample	prose_heavy	dict-index	dictzip	exact	260	1541
sample	prose_heavy	dict-index	dictzip	exact	261	583
sample	prose_heavy	dict-index	dictzip	exact	262	1041
sample	prose_heavy	dict-index	dictzip	exact	263	625
sample	prose_heavy	dict-index	dictzip	exact	264	1333
sample	prose_heavy	dict-index	dictzip	exact	265	416
sample	prose_heavy	dict-index	dictzip	exact	266	709
sample	prose_heavy	dict-index	dictzip	exact	267	500
sample	prose_heavy	dict-index	dictzip	exact	268	1250
sample	prose_heavy	dict-index	dictzip	exact	269	416
sample	prose_heavy	dict-index	dictzip	exact	270	625
sample	prose_heavy	dict-index	dictzip	exact	271	584
sample	prose_heavy	dict-index	dictzip	exact	272	1208
sample	prose_heavy	dict-index	dictzip	exact	273	375
sample	prose_heavy	dict-index	dictzip	exact	274	625
sample	prose_heavy	dict-index	dictzip	exact	275	458
sample	prose_heavy	dict-index	dictzip	exact	276	750
sample	prose_heavy	dict-index	dictzip	exact	277	417
sample	prose_heavy	dict-index	dictzip	exact	278	583
sample	prose_heavy	dict-index	dictzip	exact	279	583
sample	prose_heavy	dict-index	dictzip	exact	280	958
sample	prose_heavy	dict-index	dictzip	exact	281	417
sample	prose_heavy	dict-index	dictzip	exact	282	584
sample	prose_heavy	dict-index	dictzip	exact	283	458
sample	prose_heavy	dict-index	dictzip	exact	284	667
sample	prose_heavy	dict-index	dictzip	exact	285	417
sample	prose_heavy	dict-index	dictzip	exact	286	709
sample	prose_heavy	dict-index	dictzip	exact	287	625
sample	prose_heavy	dict-index	dictzip	exact	288	750
sample	prose_heavy	dict-index	dictzip	exact	289	417
sample	prose_heavy	dict-index	dictzip	exact	290	667
sample	prose_heavy	dict-index	dictzip	exact	291	584
sample	prose_heavy	dict-index	dictzip	exact	292	625
sample	prose_heavy	dict-index	dictzip	exact	293	459
sample	prose_heavy	dict-index	dictzip	exact	294	791
sample	prose_heavy	dict-index	dictzip	exact	295	583
sample	prose_heavy	dict-index	dictzip	exact	296	708
sample	prose_heavy	dict-index	dictzip	exact	297	375
sample	prose_heavy	dict-index	dictzip	exact	298	708
sample	prose_heavy	dict-index	dictzip	exact	299	459
sample	prose_heavy	dict-index	dictzip	exact	300	708
sample	prose_heavy	dict-index	dictzip	exact	301	458
sample	prose_heavy	dict-index	dictzip	exact	302	708
sample	prose_heavy	dict-index	dictzip	exact	303	750
sample	prose_heavy	dict-index	dictzip	exact	304	1167
sample	prose_heavy	dict-index	dictzip	exact	305	417
sample	prose_heavy	dict-index	dictzip	exact	306	625
sample	prose_heavy	dict-index	dictzip	exact	307	458
sample	prose_heavy	dict-index	dictzip	exact	308	792
sample	prose_heavy	dict-index	dictzip	exact	309	458
sample	prose_heavy	dict-index	dictzip	exact	310	708
sample	prose_heavy	dict-index	dictzip	exact	311	583
sample	prose_heavy	dict-index	dictzip	exact	312	708
sample	prose_heavy	dict-index	dictzip	exact	313	375
sample	prose_heavy	dict-index	dictzip	exact	314	584
sample	prose_heavy	dict-index	dictzip	exact	315	541
sample	prose_heavy	dict-index	dictzip	exact	316	792
sample	prose_heavy	dict-index	dictzip	exact	317	459
sample	prose_heavy	dict-index	dictzip	exact	318	583
sample	prose_heavy	dict-index	dictzip	exact	319	625
sample	prose_heavy	dict-index	dictzip	exact	320	875
sample	prose_heavy	dict-index	dictzip	exact	321	458
sample	prose_heavy	dict-index	dictzip	exact	322	625
sample	prose_heavy	dict-index	dictzip	exact	323	500
sample	prose_heavy	dict-index	dictzip	exact	324	667
sample	prose_heavy	dict-index	dictzip	exact	325	5167
sample	prose_heavy	dict-index	dictzip	exact	326	2792
sample	prose_heavy	dict-index	dictzip	exact	327	1709
sample	prose_heavy	dict-index	dictzip	exact	328	2083
sample	prose_heavy	dict-index	dictzip	exact	329	1167
sample	prose_heavy	dict-index	dictzip	exact	330	750
sample	prose_heavy	dict-index	dictzip	exact	331	500
sample	prose_heavy	dict-index	dictzip	exact	332	666
sample	prose_heavy	dict-index	dictzip	exact	333	416
sample	prose_heavy	dict-index	dictzip	exact	334	667
sample	prose_heavy	dict-index	dictzip	exact	335	542
sample	prose_heavy	dict-index	dictzip	exact	336	959
sample	prose_heavy	dict-index	dictzip	exact	337	375
sample	prose_heavy	dict-index	dictzip	exact	338	584
sample	prose_heavy	dict-index	dictzip	exact	339	459
sample	prose_heavy	dict-index	dictzip	exact	340	750
sample	prose_heavy	dict-index	dictzip	exact	341	459
sample	prose_heavy	dict-index	dictzip	exact	342	708
sample	prose_heavy	dict-index	dictzip	exact	343	583
sample	prose_heavy	dict-index	dictzip	exact	344	667
sample	prose_heavy	dict-index	dictzip	exact	345	417
sample	prose_heavy	dict-index	dictzip	exact	346	667
sample	prose_heavy	dict-index	dictzip	exact	347	459
sample	prose_heavy	dict-index	dictzip	exact	348	625
sample	prose_heavy	dict-index	dictzip	exact	349	458
sample	prose_heavy	dict-index	dictzip	exact	350	791
sample	prose_heavy	dict-index	dictzip	exact	351	583
sample	prose_heavy	dict-index	dictzip	exact	352	792
sample	prose_heavy	dict-index	dictzip	exact	353	459
sample	prose_heavy	dict-index	dictzip	exact	354	584
sample	prose_heavy	dict-index	dictzip	exact	355	459
sample	prose_heavy	dict-index	dictzip	exact	356	709
sample	prose_heavy	dict-index	dictzip	exact	357	458
sample	prose_heavy	dict-index	dictzip	exact	358	708
sample	prose_heavy	dict-index	dictzip	exact	359	583
sample	prose_heavy	dict-index	dictzip	exact	360	917
sample	prose_heavy	dict-index	dictzip	exact	361	417
sample	prose_heavy	dict-index	dictzip	exact	362	708
sample	prose_heavy	dict-index	dictzip	exact	363	459
sample	prose_heavy	dict-index	dictzip	exact	364	709
sample	prose_heavy	dict-index	dictzip	exact	365	8375
sample	prose_heavy	dict-index	dictzip	exact	366	3750
sample	prose_heavy	dict-index	dictzip	exact	367	1125
sample	prose_heavy	dict-index	dictzip	exact	368	6583
sample	prose_heavy	dict-index	dictzip	exact	369	33875
sample	prose_heavy	dict-index	dictzip	exact	370	4084
sample	prose_heavy	dict-index	dictzip	exact	371	1708
sample	prose_heavy	dict-index	dictzip	exact	372	2708
sample	prose_heavy	dict-index	dictzip	exact	373	3333
sample	prose_heavy	dict-index	dictzip	exact	374	1667
sample	prose_heavy	dict-index	dictzip	exact	375	792
sample	prose_heavy	dict-index	dictzip	exact	376	1417
sample	prose_heavy	dict-index	dictzip	exact	377	584
sample	prose_heavy	dict-index	dictzip	exact	378	1250
sample	prose_heavy	dict-index	dictzip	exact	379	541
sample	prose_heavy	dict-index	dictzip	exact	380	1584
sample	prose_heavy	dict-index	dictzip	exact	381	500
sample	prose_heavy	dict-index	dictzip	exact	382	1292
sample	prose_heavy	dict-index	dictzip	exact	383	625
sample	prose_heavy	dict-index	dictzip	exact	384	1667
sample	prose_heavy	dict-index	dictzip	exact	385	5583
sample	prose_heavy	dict-index	dictzip	exact	386	3875
sample	prose_heavy	dict-index	dictzip	exact	387	2750
sample	prose_heavy	dict-index	dictzip	exact	388	2750
sample	prose_heavy	dict-index	dictzip	exact	389	2125
sample	prose_heavy	dict-index	dictzip	exact	390	2125
sample	prose_heavy	dict-index	dictzip	exact	391	2584
sample	prose_heavy	dict-index	dictzip	exact	392	2875
sample	prose_heavy	dict-index	dictzip	exact	393	1291
sample	prose_heavy	dict-index	dictzip	exact	394	2792
sample	prose_heavy	dict-index	dictzip	exact	395	1458
sample	prose_heavy	dict-index	dictzip	exact	396	1167
sample	prose_heavy	dict-index	dictzip	exact	397	459
sample	prose_heavy	dict-index	dictzip	exact	398	1375
sample	prose_heavy	dict-index	dictzip	exact	399	542
sample	prose_heavy	dict-index	dictzip	exact	400	1167
sample	prose_heavy	dict-index	dictzip	exact	401	500
sample	prose_heavy	dict-index	dictzip	exact	402	916
sample	prose_heavy	dict-index	dictzip	exact	403	583
sample	prose_heavy	dict-index	dictzip	exact	404	833
sample	prose_heavy	dict-index	dictzip	exact	405	458
sample	prose_heavy	dict-index	dictzip	exact	406	5542
sample	prose_heavy	dict-index	dictzip	exact	407	2833
sample	prose_heavy	dict-index	dictzip	exact	408	2125
sample	prose_heavy	dict-index	dictzip	exact	409	1292
sample	prose_heavy	dict-index	dictzip	exact	410	1583
sample	prose_heavy	dict-index	dictzip	exact	411	1125
sample	prose_heavy	dict-index	dictzip	exact	412	1875
sample	prose_heavy	dict-index	dictzip	exact	413	1500
sample	prose_heavy	dict-index	dictzip	exact	414	2292
sample	prose_heavy	dict-index	dictzip	exact	415	1125
sample	prose_heavy	dict-index	dictzip	exact	416	1167
sample	prose_heavy	dict-index	dictzip	exact	417	666
sample	prose_heavy	dict-index	dictzip	exact	418	1208
sample	prose_heavy	dict-index	dictzip	exact	419	458
sample	prose_heavy	dict-index	dictzip	exact	420	791
sample	prose_heavy	dict-index	dictzip	exact	421	459
sample	prose_heavy	dict-index	dictzip	exact	422	1000
sample	prose_heavy	dict-index	dictzip	exact	423	625
sample	prose_heavy	dict-index	dictzip	exact	424	1291
sample	prose_heavy	dict-index	dictzip	exact	425	375
sample	prose_heavy	dict-index	dictzip	exact	426	834
sample	prose_heavy	dict-index	dictzip	exact	427	458
sample	prose_heavy	dict-index	dictzip	exact	428	750
sample	prose_heavy	dict-index	dictzip	exact	429	833
sample	prose_heavy	dict-index	dictzip	exact	430	1000
sample	prose_heavy	dict-index	dictzip	exact	431	709
sample	prose_heavy	dict-index	dictzip	exact	432	917
sample	prose_heavy	dict-index	dictzip	exact	433	500
sample	prose_heavy	dict-index	dictzip	exact	434	1042
sample	prose_heavy	dict-index	dictzip	exact	435	458
sample	prose_heavy	dict-index	dictzip	exact	436	958
sample	prose_heavy	dict-index	dictzip	exact	437	416
sample	prose_heavy	dict-index	dictzip	exact	438	916
sample	prose_heavy	dict-index	dictzip	exact	439	666
sample	prose_heavy	dict-index	dictzip	exact	440	1042
sample	prose_heavy	dict-index	dictzip	exact	441	375
sample	prose_heavy	dict-index	dictzip	exact	442	1000
sample	prose_heavy	dict-index	dictzip	exact	443	459
sample	prose_heavy	dict-index	dictzip	exact	444	7083
sample	prose_heavy	dict-index	dictzip	exact	445	834
sample	prose_heavy	dict-index	dictzip	exact	446	667
sample	prose_heavy	dict-index	dictzip	exact	447	541
sample	prose_heavy	dict-index	dictzip	exact	448	959
sample	prose_heavy	dict-index	dictzip	exact	449	417
sample	prose_heavy	dict-index	dictzip	exact	450	666
sample	prose_heavy	dict-index	dictzip	exact	451	2125
sample	prose_heavy	dict-index	dictzip	exact	452	1625
sample	prose_heavy	dict-index	dictzip	exact	453	500
sample	prose_heavy	dict-index	dictzip	exact	454	750
sample	prose_heavy	dict-index	dictzip	exact	455	584
sample	prose_heavy	dict-index	dictzip	exact	456	1750
sample	prose_heavy	dict-index	dictzip	exact	457	500
sample	prose_heavy	dict-index	dictzip	exact	458	1125
sample	prose_heavy	dict-index	dictzip	exact	459	459
sample	prose_heavy	dict-index	dictzip	exact	460	1542
sample	prose_heavy	dict-index	dictzip	exact	461	459
sample	prose_heavy	dict-index	dictzip	exact	462	1125
sample	prose_heavy	dict-index	dictzip	exact	463	791
sample	prose_heavy	dict-index	dictzip	exact	464	1250
sample	prose_heavy	dict-index	dictzip	exact	465	417
sample	prose_heavy	dict-index	dictzip	exact	466	1041
sample	prose_heavy	dict-index	dictzip	exact	467	708
sample	prose_heavy	dict-index	dictzip	exact	468	958
sample	prose_heavy	dict-index	dictzip	exact	469	417
sample	prose_heavy	dict-index	dictzip	exact	470	959
sample	prose_heavy	dict-index	dictzip	exact	471	667
sample	prose_heavy	dict-index	dictzip	exact	472	1000
sample	prose_heavy	dict-index	dictzip	exact	473	417
sample	prose_heavy	dict-index	dictzip	exact	474	1500
sample	prose_heavy	dict-index	dictzip	exact	475	458
sample	prose_heavy	dict-index	dictzip	exact	476	875
sample	prose_heavy	dict-index	dictzip	exact	477	458
sample	prose_heavy	dict-index	dictzip	exact	478	750
sample	prose_heavy	dict-index	dictzip	exact	479	7416
sample	prose_heavy	dict-index	dictzip	exact	480	2791
sample	prose_heavy	dict-index	dictzip	exact	481	1042
sample	prose_heavy	dict-index	dictzip	exact	482	792
sample	prose_heavy	dict-index	dictzip	exact	483	541
sample	prose_heavy	dict-index	dictzip	exact	484	708
sample	prose_heavy	dict-index	dictzip	exact	485	416
sample	prose_heavy	dict-index	dictzip	exact	486	833
sample	prose_heavy	dict-index	dictzip	exact	487	584
sample	prose_heavy	dict-index	dictzip	exact	488	750
sample	prose_heavy	dict-index	dictzip	exact	489	375
sample	prose_heavy	dict-index	dictzip	exact	490	792
sample	prose_heavy	dict-index	dictzip	exact	491	500
sample	prose_heavy	dict-index	dictzip	exact	492	833
sample	prose_heavy	dict-index	dictzip	exact	493	416
sample	prose_heavy	dict-index	dictzip	exact	494	750
sample	prose_heavy	dict-index	dictzip	exact	495	583
sample	prose_heavy	dict-index	dictzip	exact	496	834
sample	prose_heavy	dict-index	dictzip	exact	497	417
sample	prose_heavy	dict-index	dictzip	exact	498	708
sample	prose_heavy	dict-index	dictzip	exact	499	541
sample	prose_heavy	dict-index	dictzip	exact	500	667
sample	prose_heavy	dict-index	dictzip	exact	501	500
sample	prose_heavy	dict-index	dictzip	exact	502	625
sample	prose_heavy	dict-index	dictzip	exact	503	584
sample	prose_heavy	dict-index	dictzip	exact	504	750
sample	prose_heavy	dict-index	dictzip	exact	505	417
sample	prose_heavy	dict-index	dictzip	exact	506	708
sample	prose_heavy	dict-index	dictzip	exact	507	500
sample	prose_heavy	dict-index	dictzip	exact	508	750
sample	prose_heavy	dict-index	dictzip	exact	509	417
sample	prose_heavy	dict-index	dictzip	exact	510	667
sample	prose_heavy	dict-index	dictzip	exact	511	584
sample	prose_heavy	dict-index	dictzip	exact	512	916
sample	prose_heavy	dict-index	dictzip	exact	513	375
sample	prose_heavy	dict-index	dictzip	exact	514	792
sample	prose_heavy	dict-index	dictzip	exact	515	500
sample	prose_heavy	dict-index	dictzip	exact	516	791
sample	prose_heavy	dict-index	dictzip	exact	517	500
sample	prose_heavy	dict-index	dictzip	exact	518	833
sample	prose_heavy	dict-index	dictzip	exact	519	625
sample	prose_heavy	dict-index	dictzip	exact	520	958
sample	prose_heavy	dict-index	dictzip	exact	521	375
sample	prose_heavy	dict-index	dictzip	exact	522	750
sample	prose_heavy	dict-index	dictzip	exact	523	500
sample	prose_heavy	dict-index	dictzip	exact	524	709
sample	prose_heavy	dict-index	dictzip	exact	525	542
sample	prose_heavy	dict-index	dictzip	exact	526	1042
sample	prose_heavy	dict-index	dictzip	exact	527	750
sample	prose_heavy	dict-index	dictzip	exact	528	1583
sample	prose_heavy	dict-index	dictzip	exact	529	416
sample	prose_heavy	dict-index	dictzip	exact	530	584
sample	prose_heavy	dict-index	dictzip	exact	531	500
sample	prose_heavy	dict-index	dictzip	exact	532	625
sample	prose_heavy	dict-index	dictzip	exact	533	458
sample	prose_heavy	dict-index	dictzip	exact	534	750
sample	prose_heavy	dict-index	dictzip	exact	535	625
sample	prose_heavy	dict-index	dictzip	exact	536	625
sample	prose_heavy	dict-index	dictzip	exact	537	583
sample	prose_heavy	dict-index	dictzip	exact	538	625
sample	prose_heavy	dict-index	dictzip	exact	539	459
sample	prose_heavy	dict-index	dictzip	exact	540	583
sample	prose_heavy	dict-index	dictzip	exact	541	417
sample	prose_heavy	dict-index	dictzip	exact	542	750
sample	prose_heavy	dict-index	dictzip	exact	543	583
sample	prose_heavy	dict-index	dictzip	exact	544	875
sample	prose_heavy	dict-index	dictzip	exact	545	417
sample	prose_heavy	dict-index	dictzip	exact	546	625
sample	prose_heavy	dict-index	dictzip	exact	547	458
sample	prose_heavy	dict-index	dictzip	exact	548	666
sample	prose_heavy	dict-index	dictzip	exact	549	458
sample	prose_heavy	dict-index	dictzip	exact	550	625
sample	prose_heavy	dict-index	dictzip	exact	551	542
sample	prose_heavy	dict-index	dictzip	exact	552	625
sample	prose_heavy	dict-index	dictzip	exact	553	375
sample	prose_heavy	dict-index	dictzip	exact	554	583
sample	prose_heavy	dict-index	dictzip	exact	555	2042
sample	prose_heavy	dict-index	dictzip	exact	556	625
sample	prose_heavy	dict-index	dictzip	exact	557	458
sample	prose_heavy	dict-index	dictzip	exact	558	792
sample	prose_heavy	dict-index	dictzip	exact	559	667
sample	prose_heavy	dict-index	dictzip	exact	560	1250
sample	prose_heavy	dict-index	dictzip	exact	561	375
sample	prose_heavy	dict-index	dictzip	exact	562	667
sample	prose_heavy	dict-index	dictzip	exact	563	500
sample	prose_heavy	dict-index	dictzip	exact	564	2209
sample	prose_heavy	dict-index	dictzip	exact	565	417
sample	prose_heavy	dict-index	dictzip	exact	566	625
sample	prose_heavy	dict-index	dictzip	exact	567	7209
sample	prose_heavy	dict-index	dictzip	exact	568	1209
sample	prose_heavy	dict-index	dictzip	exact	569	375
sample	prose_heavy	dict-index	dictzip	exact	570	625
sample	prose_heavy	dict-index	dictzip	exact	571	542
sample	prose_heavy	dict-index	dictzip	exact	572	625
sample	prose_heavy	dict-index	dictzip	exact	573	458
sample	prose_heavy	dict-index	dictzip	exact	574	667
sample	prose_heavy	dict-index	dictzip	exact	575	625
sample	prose_heavy	dict-index	dictzip	exact	576	875
sample	prose_heavy	dict-index	dictzip	exact	577	375
sample	prose_heavy	dict-index	dictzip	exact	578	583
sample	prose_heavy	dict-index	dictzip	exact	579	458
sample	prose_heavy	dict-index	dictzip	exact	580	875
sample	prose_heavy	dict-index	dictzip	exact	581	541
sample	prose_heavy	dict-index	dictzip	exact	582	6208
sample	prose_heavy	dict-index	dictzip	exact	583	13084
sample	prose_heavy	dict-index	dictzip	exact	584	916
sample	prose_heavy	dict-index	dictzip	exact	585	417
sample	prose_heavy	dict-index	dictzip	exact	586	709
sample	prose_heavy	dict-index	dictzip	exact	587	500
sample	prose_heavy	dict-index	dictzip	exact	588	708
sample	prose_heavy	dict-index	dictzip	exact	589	458
sample	prose_heavy	dict-index	dictzip	exact	590	791
sample	prose_heavy	dict-index	dictzip	exact	591	583
sample	prose_heavy	dict-index	dictzip	exact	592	959
sample	prose_heavy	dict-index	dictzip	exact	593	417
sample	prose_heavy	dict-index	dictzip	exact	594	625
sample	prose_heavy	dict-index	dictzip	exact	595	500
sample	prose_heavy	dict-index	dictzip	exact	596	667
sample	prose_heavy	dict-index	dictzip	exact	597	458
sample	prose_heavy	dict-index	dictzip	exact	598	667
sample	prose_heavy	dict-index	dictzip	exact	599	666
sample	prose_heavy	dict-index	dictzip	exact	600	666
sample	prose_heavy	dict-index	dictzip	exact	601	416
sample	prose_heavy	dict-index	dictzip	exact	602	625
sample	prose_heavy	dict-index	dictzip	exact	603	458
sample	prose_heavy	dict-index	dictzip	exact	604	583
sample	prose_heavy	dict-index	dictzip	exact	605	459
sample	prose_heavy	dict-index	dictzip	exact	606	584
sample	prose_heavy	dict-index	dictzip	exact	607	541
sample	prose_heavy	dict-index	dictzip	exact	608	833
sample	prose_heavy	dict-index	dictzip	exact	609	375
sample	prose_heavy	dict-index	dictzip	exact	610	625
sample	prose_heavy	dict-index	dictzip	exact	611	458
sample	prose_heavy	dict-index	dictzip	exact	612	625
sample	prose_heavy	dict-index	dictzip	exact	613	417
sample	prose_heavy	dict-index	dictzip	exact	614	625
sample	prose_heavy	dict-index	dictzip	exact	615	584
sample	prose_heavy	dict-index	dictzip	exact	616	708
sample	prose_heavy	dict-index	dictzip	exact	617	458
sample	prose_heavy	dict-index	dictzip	exact	618	625
sample	prose_heavy	dict-index	dictzip	exact	619	459
sample	prose_heavy	dict-index	dictzip	exact	620	667
sample	prose_heavy	dict-index	dictzip	exact	621	458
sample	prose_heavy	dict-index	dictzip	exact	622	584
sample	prose_heavy	dict-index	dictzip	exact	623	625
sample	prose_heavy	dict-index	dictzip	exact	624	958
sample	prose_heavy	dict-index	dictzip	exact	625	417
sample	prose_heavy	dict-index	dictzip	exact	626	750
sample	prose_heavy	dict-index	dictzip	exact	627	459
sample	prose_heavy	dict-index	dictzip	exact	628	791
sample	prose_heavy	dict-index	dictzip	exact	629	458
sample	prose_heavy	dict-index	dictzip	exact	630	584
sample	prose_heavy	dict-index	dictzip	exact	631	583
sample	prose_heavy	dict-index	dictzip	exact	632	750
sample	prose_heavy	dict-index	dictzip	exact	633	417
sample	prose_heavy	dict-index	dictzip	exact	634	917
sample	prose_heavy	dict-index	dictzip	exact	635	458
sample	prose_heavy	dict-index	dictzip	exact	636	667
sample	prose_heavy	dict-index	dictzip	exact	637	542
sample	prose_heavy	dict-index	dictzip	exact	638	667
sample	prose_heavy	dict-index	dictzip	exact	639	583
sample	prose_heavy	dict-index	dictzip	exact	640	1000
sample	prose_heavy	dict-index	dictzip	exact	641	417
sample	prose_heavy	dict-index	dictzip	exact	642	542
sample	prose_heavy	dict-index	dictzip	exact	643	458
sample	prose_heavy	dict-index	dictzip	exact	644	791
sample	prose_heavy	dict-index	dictzip	exact	645	416
sample	prose_heavy	dict-index	dictzip	exact	646	583
sample	prose_heavy	dict-index	dictzip	exact	647	583
sample	prose_heavy	dict-index	dictzip	exact	648	875
sample	prose_heavy	dict-index	dictzip	exact	649	375
sample	prose_heavy	dict-index	dictzip	exact	650	625
sample	prose_heavy	dict-index	dictzip	exact	651	417
sample	prose_heavy	dict-index	dictzip	exact	652	583
sample	prose_heavy	dict-index	dictzip	exact	653	458
sample	prose_heavy	dict-index	dictzip	exact	654	2000
sample	prose_heavy	dict-index	dictzip	exact	655	542
sample	prose_heavy	dict-index	dictzip	exact	656	1292
sample	prose_heavy	dict-index	dictzip	exact	657	417
sample	prose_heavy	dict-index	dictzip	exact	658	542
sample	prose_heavy	dict-index	dictzip	exact	659	417
sample	prose_heavy	dict-index	dictzip	exact	660	625
sample	prose_heavy	dict-index	dictzip	exact	661	417
sample	prose_heavy	dict-index	dictzip	exact	662	708
sample	prose_heavy	dict-index	dictzip	exact	663	583
sample	prose_heavy	dict-index	dictzip	exact	664	917
sample	prose_heavy	dict-index	dictzip	exact	665	375
sample	prose_heavy	dict-index	dictzip	exact	666	750
sample	prose_heavy	dict-index	dictzip	exact	667	458
sample	prose_heavy	dict-index	dictzip	exact	668	625
sample	prose_heavy	dict-index	dictzip	exact	669	417
sample	prose_heavy	dict-index	dictzip	exact	670	666
sample	prose_heavy	dict-index	dictzip	exact	671	625
sample	prose_heavy	dict-index	dictzip	exact	672	792
sample	prose_heavy	dict-index	dictzip	exact	673	375
sample	prose_heavy	dict-index	dictzip	exact	674	666
sample	prose_heavy	dict-index	dictzip	exact	675	458
sample	prose_heavy	dict-index	dictzip	exact	676	583
sample	prose_heavy	dict-index	dictzip	exact	677	417
sample	prose_heavy	dict-index	dictzip	exact	678	708
sample	prose_heavy	dict-index	dictzip	exact	679	542
sample	prose_heavy	dict-index	dictzip	exact	680	750
sample	prose_heavy	dict-index	dictzip	exact	681	375
sample	prose_heavy	dict-index	dictzip	exact	682	583
sample	prose_heavy	dict-index	dictzip	exact	683	458
sample	prose_heavy	dict-index	dictzip	exact	684	666
sample	prose_heavy	dict-index	dictzip	exact	685	459
sample	prose_heavy	dict-index	dictzip	exact	686	750
sample	prose_heavy	dict-index	dictzip	exact	687	542
sample	prose_heavy	dict-index	dictzip	exact	688	1084
sample	prose_heavy	dict-index	dictzip	exact	689	375
sample	prose_heavy	dict-index	dictzip	exact	690	583
sample	prose_heavy	dict-index	dictzip	exact	691	459
sample	prose_heavy	dict-index	dictzip	exact	692	625
sample	prose_heavy	dict-index	dictzip	exact	693	417
sample	prose_heavy	dict-index	dictzip	exact	694	625
sample	prose_heavy	dict-index	dictzip	exact	695	542
sample	prose_heavy	dict-index	dictzip	exact	696	709
sample	prose_heavy	dict-index	dictzip	exact	697	417
sample	prose_heavy	dict-index	dictzip	exact	698	625
sample	prose_heavy	dict-index	dictzip	exact	699	458
sample	prose_heavy	dict-index	dictzip	exact	700	625
sample	prose_heavy	dict-index	dictzip	exact	701	416
sample	prose_heavy	dict-index	dictzip	exact	702	625
sample	prose_heavy	dict-index	dictzip	exact	703	583
sample	prose_heavy	dict-index	dictzip	exact	704	791
sample	prose_heavy	dict-index	dictzip	exact	705	375
sample	prose_heavy	dict-index	dictzip	exact	706	583
sample	prose_heavy	dict-index	dictzip	exact	707	417
sample	prose_heavy	dict-index	dictzip	exact	708	584
sample	prose_heavy	dict-index	dictzip	exact	709	416
sample	prose_heavy	dict-index	dictzip	exact	710	625
sample	prose_heavy	dict-index	dictzip	exact	711	583
sample	prose_heavy	dict-index	dictzip	exact	712	667
sample	prose_heavy	dict-index	dictzip	exact	713	375
sample	prose_heavy	dict-index	dictzip	exact	714	875
sample	prose_heavy	dict-index	dictzip	exact	715	375
sample	prose_heavy	dict-index	dictzip	exact	716	583
sample	prose_heavy	dict-index	dictzip	exact	717	458
sample	prose_heavy	dict-index	dictzip	exact	718	583
sample	prose_heavy	dict-index	dictzip	exact	719	3291
sample	prose_heavy	dict-index	dictzip	exact	720	1000
sample	prose_heavy	dict-index	dictzip	exact	721	416
sample	prose_heavy	dict-index	dictzip	exact	722	6875
sample	prose_heavy	dict-index	dictzip	exact	723	833
sample	prose_heavy	dict-index	dictzip	exact	724	667
sample	prose_heavy	dict-index	dictzip	exact	725	417
sample	prose_heavy	dict-index	dictzip	exact	726	4833
sample	prose_heavy	dict-index	dictzip	exact	727	1167
sample	prose_heavy	dict-index	dictzip	exact	728	875
sample	prose_heavy	dict-index	dictzip	exact	729	500
sample	prose_heavy	dict-index	dictzip	exact	730	875
sample	prose_heavy	dict-index	dictzip	exact	731	500
sample	prose_heavy	dict-index	dictzip	exact	732	1167
sample	prose_heavy	dict-index	dictzip	exact	733	625
sample	prose_heavy	dict-index	dictzip	exact	734	1000
sample	prose_heavy	dict-index	dictzip	exact	735	625
sample	prose_heavy	dict-index	dictzip	exact	736	1042
sample	prose_heavy	dict-index	dictzip	exact	737	416
sample	prose_heavy	dict-index	dictzip	exact	738	1209
sample	prose_heavy	dict-index	dictzip	exact	739	500
sample	prose_heavy	dict-index	dictzip	exact	740	959
sample	prose_heavy	dict-index	dictzip	exact	741	416
sample	prose_heavy	dict-index	dictzip	exact	742	1000
sample	prose_heavy	dict-index	dictzip	exact	743	625
sample	prose_heavy	dict-index	dictzip	exact	744	791
sample	prose_heavy	dict-index	dictzip	exact	745	417
sample	prose_heavy	dict-index	dictzip	exact	746	750
sample	prose_heavy	dict-index	dictzip	exact	747	500
sample	prose_heavy	dict-index	dictzip	exact	748	708
sample	prose_heavy	dict-index	dictzip	exact	749	459
sample	prose_heavy	dict-index	dictzip	exact	750	791
sample	prose_heavy	dict-index	dictzip	exact	751	625
sample	prose_heavy	dict-index	dictzip	exact	752	1000
sample	prose_heavy	dict-index	dictzip	exact	753	416
sample	prose_heavy	dict-index	dictzip	exact	754	583
sample	prose_heavy	dict-index	dictzip	exact	755	458
sample	prose_heavy	dict-index	dictzip	exact	756	625
sample	prose_heavy	dict-index	dictzip	exact	757	500
sample	prose_heavy	dict-index	dictzip	exact	758	625
sample	prose_heavy	dict-index	dictzip	exact	759	625
sample	prose_heavy	dict-index	dictzip	exact	760	708
sample	prose_heavy	dict-index	dictzip	exact	761	417
sample	prose_heavy	dict-index	dictzip	exact	762	708
sample	prose_heavy	dict-index	dictzip	exact	763	458
sample	prose_heavy	dict-index	dictzip	exact	764	667
sample	prose_heavy	dict-index	dictzip	exact	765	500
sample	prose_heavy	dict-index	dictzip	exact	766	667
sample	prose_heavy	dict-index	dictzip	exact	767	584
sample	prose_heavy	dict-index	dictzip	exact	768	917
sample	prose_heavy	dict-index	dictzip	exact	769	416
sample	prose_heavy	dict-index	dictzip	exact	770	667
sample	prose_heavy	dict-index	dictzip	exact	771	458
sample	prose_heavy	dict-index	dictzip	exact	772	625
sample	prose_heavy	dict-index	dictzip	exact	773	500
sample	prose_heavy	dict-index	dictzip	exact	774	709
sample	prose_heavy	dict-index	dictzip	exact	775	583
sample	prose_heavy	dict-index	dictzip	exact	776	708
sample	prose_heavy	dict-index	dictzip	exact	777	417
sample	prose_heavy	dict-index	dictzip	exact	778	916
sample	prose_heavy	dict-index	dictzip	exact	779	458
sample	prose_heavy	dict-index	dictzip	exact	780	583
sample	prose_heavy	dict-index	dictzip	exact	781	500
sample	prose_heavy	dict-index	dictzip	exact	782	667
sample	prose_heavy	dict-index	dictzip	exact	783	1833
sample	prose_heavy	dict-index	dictzip	exact	784	1375
sample	prose_heavy	dict-index	dictzip	exact	785	417
sample	prose_heavy	dict-index	dictzip	exact	786	917
sample	prose_heavy	dict-index	dictzip	exact	787	458
sample	prose_heavy	dict-index	dictzip	exact	788	750
sample	prose_heavy	dict-index	dictzip	exact	789	500
sample	prose_heavy	dict-index	dictzip	exact	790	792
sample	prose_heavy	dict-index	dictzip	exact	791	7542
sample	prose_heavy	dict-index	dictzip	exact	792	2167
sample	prose_heavy	dict-index	dictzip	exact	793	1542
sample	prose_heavy	dict-index	dictzip	exact	794	1875
sample	prose_heavy	dict-index	dictzip	exact	795	1334
sample	prose_heavy	dict-index	dictzip	exact	796	1083
sample	prose_heavy	dict-index	dictzip	exact	797	500
sample	prose_heavy	dict-index	dictzip	exact	798	833
sample	prose_heavy	dict-index	dictzip	exact	799	666
sample	prose_heavy	dict-index	dictzip	exact	800	1166
sample	prose_heavy	dict-index	dictzip	exact	801	458
sample	prose_heavy	dict-index	dictzip	exact	802	833
sample	prose_heavy	dict-index	dictzip	exact	803	459
sample	prose_heavy	dict-index	dictzip	exact	804	833
sample	prose_heavy	dict-index	dictzip	exact	805	458
sample	prose_heavy	dict-index	dictzip	exact	806	667
sample	prose_heavy	dict-index	dictzip	exact	807	583
sample	prose_heavy	dict-index	dictzip	exact	808	750
sample	prose_heavy	dict-index	dictzip	exact	809	416
sample	prose_heavy	dict-index	dictzip	exact	810	625
sample	prose_heavy	dict-index	dictzip	exact	811	1916
sample	prose_heavy	dict-index	dictzip	exact	812	666
sample	prose_heavy	dict-index	dictzip	exact	813	417
sample	prose_heavy	dict-index	dictzip	exact	814	625
sample	prose_heavy	dict-index	dictzip	exact	815	584
sample	prose_heavy	dict-index	dictzip	exact	816	1042
sample	prose_heavy	dict-index	dictzip	exact	817	417
sample	prose_heavy	dict-index	dictzip	exact	818	708
sample	prose_heavy	dict-index	dictzip	exact	819	458
sample	prose_heavy	dict-index	dictzip	exact	820	625
sample	prose_heavy	dict-index	dictzip	exact	821	417
sample	prose_heavy	dict-index	dictzip	exact	822	709
sample	prose_heavy	dict-index	dictzip	exact	823	583
sample	prose_heavy	dict-index	dictzip	exact	824	833
sample	prose_heavy	dict-index	dictzip	exact	825	375
sample	prose_heavy	dict-index	dictzip	exact	826	750
sample	prose_heavy	dict-index	dictzip	exact	827	459
sample	prose_heavy	dict-index	dictzip	exact	828	667
sample	prose_heavy	dict-index	dictzip	exact	829	416
sample	prose_heavy	dict-index	dictzip	exact	830	791
sample	prose_heavy	dict-index	dictzip	exact	831	625
sample	prose_heavy	dict-index	dictzip	exact	832	917
sample	prose_heavy	dict-index	dictzip	exact	833	417
sample	prose_heavy	dict-index	dictzip	exact	834	833
sample	prose_heavy	dict-index	dictzip	exact	835	459
sample	prose_heavy	dict-index	dictzip	exact	836	750
sample	prose_heavy	dict-index	dictzip	exact	837	459
sample	prose_heavy	dict-index	dictzip	exact	838	625
sample	prose_heavy	dict-index	dictzip	exact	839	583
sample	prose_heavy	dict-index	dictzip	exact	840	750
sample	prose_heavy	dict-index	dictzip	exact	841	417
sample	prose_heavy	dict-index	dictzip	exact	842	709
sample	prose_heavy	dict-index	dictzip	exact	843	459
sample	prose_heavy	dict-index	dictzip	exact	844	833
sample	prose_heavy	dict-index	dictzip	exact	845	417
sample	prose_heavy	dict-index	dictzip	exact	846	708
sample	prose_heavy	dict-index	dictzip	exact	847	625
sample	prose_heavy	dict-index	dictzip	exact	848	917
sample	prose_heavy	dict-index	dictzip	exact	849	416
sample	prose_heavy	dict-index	dictzip	exact	850	750
sample	prose_heavy	dict-index	dictzip	exact	851	458
sample	prose_heavy	dict-index	dictzip	exact	852	667
sample	prose_heavy	dict-index	dictzip	exact	853	458
sample	prose_heavy	dict-index	dictzip	exact	854	708
sample	prose_heavy	dict-index	dictzip	exact	855	583
sample	prose_heavy	dict-index	dictzip	exact	856	708
sample	prose_heavy	dict-index	dictzip	exact	857	458
sample	prose_heavy	dict-index	dictzip	exact	858	708
sample	prose_heavy	dict-index	dictzip	exact	859	459
sample	prose_heavy	dict-index	dictzip	exact	860	708
sample	prose_heavy	dict-index	dictzip	exact	861	459
sample	prose_heavy	dict-index	dictzip	exact	862	791
sample	prose_heavy	dict-index	dictzip	exact	863	584
sample	prose_heavy	dict-index	dictzip	exact	864	917
sample	prose_heavy	dict-index	dictzip	exact	865	375
sample	prose_heavy	dict-index	dictzip	exact	866	792
sample	prose_heavy	dict-index	dictzip	exact	867	500
sample	prose_heavy	dict-index	dictzip	exact	868	625
sample	prose_heavy	dict-index	dictzip	exact	869	459
sample	prose_heavy	dict-index	dictzip	exact	870	667
sample	prose_heavy	dict-index	dictzip	exact	871	583
sample	prose_heavy	dict-index	dictzip	exact	872	708
sample	prose_heavy	dict-index	dictzip	exact	873	416
sample	prose_heavy	dict-index	dictzip	exact	874	583
sample	prose_heavy	dict-index	dictzip	exact	875	458
sample	prose_heavy	dict-index	dictzip	exact	876	709
sample	prose_heavy	dict-index	dictzip	exact	877	3250
sample	prose_heavy	dict-index	dictzip	exact	878	1542
sample	prose_heavy	dict-index	dictzip	exact	879	709
sample	prose_heavy	dict-index	dictzip	exact	880	1125
sample	prose_heavy	dict-index	dictzip	exact	881	417
sample	prose_heavy	dict-index	dictzip	exact	882	2042
sample	prose_heavy	dict-index	dictzip	exact	883	459
sample	prose_heavy	dict-index	dictzip	exact	884	1042
sample	prose_heavy	dict-index	dictzip	exact	885	458
sample	prose_heavy	dict-index	dictzip	exact	886	1333
sample	prose_heavy	dict-index	dictzip	exact	887	5875
sample	prose_heavy	dict-index	dictzip	exact	888	3958
sample	prose_heavy	dict-index	dictzip	exact	889	1834
sample	prose_heavy	dict-index	dictzip	exact	890	1542
sample	prose_heavy	dict-index	dictzip	exact	891	709
sample	prose_heavy	dict-index	dictzip	exact	892	1084
sample	prose_heavy	dict-index	dictzip	exact	893	500
sample	prose_heavy	dict-index	dictzip	exact	894	1250
sample	prose_heavy	dict-index	dictzip	exact	895	834
sample	prose_heavy	dict-index	dictzip	exact	896	1042
sample	prose_heavy	dict-index	dictzip	exact	897	459
sample	prose_heavy	dict-index	dictzip	exact	898	875
sample	prose_heavy	dict-index	dictzip	exact	899	583
sample	prose_heavy	dict-index	dictzip	exact	900	1084
sample	prose_heavy	dict-index	dictzip	exact	901	500
sample	prose_heavy	dict-index	dictzip	exact	902	875
sample	prose_heavy	dict-index	dictzip	exact	903	750
sample	prose_heavy	dict-index	dictzip	exact	904	1000
sample	prose_heavy	dict-index	dictzip	exact	905	416
sample	prose_heavy	dict-index	dictzip	exact	906	1042
sample	prose_heavy	dict-index	dictzip	exact	907	500
sample	prose_heavy	dict-index	dictzip	exact	908	917
sample	prose_heavy	dict-index	dictzip	exact	909	792
sample	prose_heavy	dict-index	dictzip	exact	910	708
sample	prose_heavy	dict-index	dictzip	exact	911	625
sample	prose_heavy	dict-index	dictzip	exact	912	6250
sample	prose_heavy	dict-index	dictzip	exact	913	2542
sample	prose_heavy	dict-index	dictzip	exact	914	3083
sample	prose_heavy	dict-index	dictzip	exact	915	2917
sample	prose_heavy	dict-index	dictzip	exact	916	2000
sample	prose_heavy	dict-index	dictzip	exact	917	666
sample	prose_heavy	dict-index	dictzip	exact	918	875
sample	prose_heavy	dict-index	dictzip	exact	919	542
sample	prose_heavy	dict-index	dictzip	exact	920	833
sample	prose_heavy	dict-index	dictzip	exact	921	500
sample	prose_heavy	dict-index	dictzip	exact	922	666
sample	prose_heavy	dict-index	dictzip	exact	923	1125
sample	prose_heavy	dict-index	dictzip	exact	924	1208
sample	prose_heavy	dict-index	dictzip	exact	925	500
sample	prose_heavy	dict-index	dictzip	exact	926	959
sample	prose_heavy	dict-index	dictzip	exact	927	750
sample	prose_heavy	dict-index	dictzip	exact	928	1125
sample	prose_heavy	dict-index	dictzip	exact	929	375
sample	prose_heavy	dict-index	dictzip	exact	930	791
sample	prose_heavy	dict-index	dictzip	exact	931	458
sample	prose_heavy	dict-index	dictzip	exact	932	708
sample	prose_heavy	dict-index	dictzip	exact	933	458
sample	prose_heavy	dict-index	dictzip	exact	934	750
sample	prose_heavy	dict-index	dictzip	exact	935	584
sample	prose_heavy	dict-index	dictzip	exact	936	1083
sample	prose_heavy	dict-index	dictzip	exact	937	416
sample	prose_heavy	dict-index	dictzip	exact	938	666
sample	prose_heavy	dict-index	dictzip	exact	939	458
sample	prose_heavy	dict-index	dictzip	exact	940	875
sample	prose_heavy	dict-index	dictzip	exact	941	458
sample	prose_heavy	dict-index	dictzip	exact	942	1167
sample	prose_heavy	dict-index	dictzip	exact	943	542
sample	prose_heavy	dict-index	dictzip	exact	944	1000
sample	prose_heavy	dict-index	dictzip	exact	945	375
sample	prose_heavy	dict-index	dictzip	exact	946	666
sample	prose_heavy	dict-index	dictzip	exact	947	500
sample	prose_heavy	dict-index	dictzip	exact	948	834
sample	prose_heavy	dict-index	dictzip	exact	949	459
sample	prose_heavy	dict-index	dictzip	exact	950	750
sample	prose_heavy	dict-index	dictzip	exact	951	583
sample	prose_heavy	dict-index	dictzip	exact	952	625
sample	prose_heavy	dict-index	dictzip	exact	953	416
sample	prose_heavy	dict-index	dictzip	exact	954	750
sample	prose_heavy	dict-index	dictzip	exact	955	458
sample	prose_heavy	dict-index	dictzip	exact	956	625
sample	prose_heavy	dict-index	dictzip	exact	957	458
sample	prose_heavy	dict-index	dictzip	exact	958	709
sample	prose_heavy	dict-index	dictzip	exact	959	625
sample	prose_heavy	dict-index	dictzip	exact	960	2458
sample	prose_heavy	dict-index	dictzip	exact	961	791
sample	prose_heavy	dict-index	dictzip	exact	962	917
sample	prose_heavy	dict-index	dictzip	exact	963	708
sample	prose_heavy	dict-index	dictzip	exact	964	1000
sample	prose_heavy	dict-index	dictzip	exact	965	500
sample	prose_heavy	dict-index	dictzip	exact	966	1000
sample	prose_heavy	dict-index	dictzip	exact	967	667
sample	prose_heavy	dict-index	dictzip	exact	968	750
sample	prose_heavy	dict-index	dictzip	exact	969	416
sample	prose_heavy	dict-index	dictzip	exact	970	791
sample	prose_heavy	dict-index	dictzip	exact	971	459
sample	prose_heavy	dict-index	dictzip	exact	972	1084
sample	prose_heavy	dict-index	dictzip	exact	973	417
sample	prose_heavy	dict-index	dictzip	exact	974	583
sample	prose_heavy	dict-index	dictzip	exact	975	583
sample	prose_heavy	dict-index	dictzip	exact	976	1083
sample	prose_heavy	dict-index	dictzip	exact	977	375
sample	prose_heavy	dict-index	dictzip	exact	978	833
sample	prose_heavy	dict-index	dictzip	exact	979	458
sample	prose_heavy	dict-index	dictzip	exact	980	1167
sample	prose_heavy	dict-index	dictzip	exact	981	500
sample	prose_heavy	dict-index	dictzip	exact	982	7209
sample	prose_heavy	dict-index	dictzip	exact	983	2500
sample	prose_heavy	dict-index	dictzip	exact	984	2250
sample	prose_heavy	dict-index	dictzip	exact	985	1375
sample	prose_heavy	dict-index	dictzip	exact	986	1375
sample	prose_heavy	dict-index	dictzip	exact	987	959
sample	prose_heavy	dict-index	dictzip	exact	988	1583
sample	prose_heavy	dict-index	dictzip	exact	989	708
sample	prose_heavy	dict-index	dictzip	exact	990	792
sample	prose_heavy	dict-index	dictzip	exact	991	583
sample	prose_heavy	dict-index	dictzip	exact	992	1083
sample	prose_heavy	dict-index	dictzip	exact	993	500
sample	prose_heavy	dict-index	dictzip	exact	994	708
sample	prose_heavy	dict-index	dictzip	exact	995	500
sample	prose_heavy	dict-index	dictzip	exact	996	833
sample	prose_heavy	dict-index	dictzip	exact	997	417
sample	prose_heavy	dict-index	dictzip	exact	998	625
sample	prose_heavy	dict-index	dictzip	exact	999	625
sample	prose_heavy	dict-index	dictzip	prefix	0	4875
sample	prose_heavy	dict-index	dictzip	prefix	1	1333
sample	prose_heavy	dict-index	dictzip	prefix	2	147084
sample	prose_heavy	dict-index	dictzip	prefix	3	139375
sample	prose_heavy	dict-index	dictzip	prefix	4	15917
sample	prose_heavy	dict-index	dictzip	prefix	5	667
sample	prose_heavy	dict-index	dictzip	prefix	6	392083
sample	prose_heavy	dict-index	dictzip	prefix	7	191208
sample	prose_heavy	dict-index	dictzip	prefix	8	9583
sample	prose_heavy	dict-index	dictzip	prefix	9	6917
sample	prose_heavy	dict-index	dictzip	prefix	10	375417
sample	prose_heavy	dict-index	dictzip	prefix	11	142833
sample	prose_heavy	dict-index	dictzip	prefix	12	11833
sample	prose_heavy	dict-index	dictzip	prefix	13	791
sample	prose_heavy	dict-index	dictzip	prefix	14	142333
sample	prose_heavy	dict-index	dictzip	prefix	15	402625
sample	prose_heavy	dict-index	dictzip	prefix	16	9375
sample	prose_heavy	dict-index	dictzip	prefix	17	7167
sample	prose_heavy	dict-index	dictzip	prefix	18	266792
sample	prose_heavy	dict-index	dictzip	prefix	19	139417
sample	prose_heavy	dict-index	dictzip	prefix	20	8417
sample	prose_heavy	dict-index	dictzip	prefix	21	667
sample	prose_heavy	dict-index	dictzip	prefix	22	131125
sample	prose_heavy	dict-index	dictzip	prefix	23	144583
sample	prose_heavy	dict-index	dictzip	prefix	24	9584
sample	prose_heavy	dict-index	dictzip	prefix	25	1875
sample	prose_heavy	dict-index	dictzip	prefix	26	294625
sample	prose_heavy	dict-index	dictzip	prefix	27	150958
sample	prose_heavy	dict-index	dictzip	prefix	28	7750
sample	prose_heavy	dict-index	dictzip	prefix	29	750
sample	prose_heavy	dict-index	dictzip	prefix	30	134542
sample	prose_heavy	dict-index	dictzip	prefix	31	138583
sample	prose_heavy	dict-index	dictzip	prefix	32	472458
sample	prose_heavy	dict-index	dictzip	prefix	33	4875
sample	prose_heavy	dict-index	dictzip	prefix	34	133417
sample	prose_heavy	dict-index	dictzip	prefix	35	141500
sample	prose_heavy	dict-index	dictzip	prefix	36	12666
sample	prose_heavy	dict-index	dictzip	prefix	37	625
sample	prose_heavy	dict-index	dictzip	prefix	38	177208
sample	prose_heavy	dict-index	dictzip	prefix	39	1135708
sample	prose_heavy	dict-index	dictzip	prefix	40	9417
sample	prose_heavy	dict-index	dictzip	prefix	41	1917
sample	prose_heavy	dict-index	dictzip	prefix	42	134791
sample	prose_heavy	dict-index	dictzip	prefix	43	146042
sample	prose_heavy	dict-index	dictzip	prefix	44	6875
sample	prose_heavy	dict-index	dictzip	prefix	45	1542
sample	prose_heavy	dict-index	dictzip	prefix	46	132542
sample	prose_heavy	dict-index	dictzip	prefix	47	360125
sample	prose_heavy	dict-index	dictzip	prefix	48	19542
sample	prose_heavy	dict-index	dictzip	prefix	49	9167
sample	prose_heavy	dict-index	dictzip	prefix	50	147000
sample	prose_heavy	dict-index	dictzip	prefix	51	353333
sample	prose_heavy	dict-index	dictzip	prefix	52	13667
sample	prose_heavy	dict-index	dictzip	prefix	53	667
sample	prose_heavy	dict-index	dictzip	prefix	54	134041
sample	prose_heavy	dict-index	dictzip	prefix	55	721167
sample	prose_heavy	dict-index	dictzip	prefix	56	6208
sample	prose_heavy	dict-index	dictzip	prefix	57	4041
sample	prose_heavy	dict-index	dictzip	prefix	58	136000
sample	prose_heavy	dict-index	dictzip	prefix	59	1313250
sample	prose_heavy	dict-index	dictzip	prefix	60	7666
sample	prose_heavy	dict-index	dictzip	prefix	61	709
sample	prose_heavy	dict-index	dictzip	prefix	62	131083
sample	prose_heavy	dict-index	dictzip	prefix	63	150291
sample	prose_heavy	dict-index	dictzip	prefix	64	7417
sample	prose_heavy	dict-index	dictzip	prefix	65	2084
sample	prose_heavy	dict-index	dictzip	prefix	66	138042
sample	prose_heavy	dict-index	dictzip	prefix	67	142666
sample	prose_heavy	dict-index	dictzip	prefix	68	9959
sample	prose_heavy	dict-index	dictzip	prefix	69	667
sample	prose_heavy	dict-index	dictzip	prefix	70	132041
sample	prose_heavy	dict-index	dictzip	prefix	71	132083
sample	prose_heavy	dict-index	dictzip	prefix	72	14000
sample	prose_heavy	dict-index	dictzip	prefix	73	3750
sample	prose_heavy	dict-index	dictzip	prefix	74	162500
sample	prose_heavy	dict-index	dictzip	prefix	75	147125
sample	prose_heavy	dict-index	dictzip	prefix	76	10375
sample	prose_heavy	dict-index	dictzip	prefix	77	750
sample	prose_heavy	dict-index	dictzip	prefix	78	131916
sample	prose_heavy	dict-index	dictzip	prefix	79	151125
sample	prose_heavy	dict-index	dictzip	prefix	80	5542
sample	prose_heavy	dict-index	dictzip	prefix	81	1875
sample	prose_heavy	dict-index	dictzip	prefix	82	218000
sample	prose_heavy	dict-index	dictzip	prefix	83	147958
sample	prose_heavy	dict-index	dictzip	prefix	84	6500
sample	prose_heavy	dict-index	dictzip	prefix	85	625
sample	prose_heavy	dict-index	dictzip	prefix	86	130458
sample	prose_heavy	dict-index	dictzip	prefix	87	170917
sample	prose_heavy	dict-index	dictzip	prefix	88	6083
sample	prose_heavy	dict-index	dictzip	prefix	89	1584
sample	prose_heavy	dict-index	dictzip	prefix	90	128291
sample	prose_heavy	dict-index	dictzip	prefix	91	141417
sample	prose_heavy	dict-index	dictzip	prefix	92	3875
sample	prose_heavy	dict-index	dictzip	prefix	93	584
sample	prose_heavy	dict-index	dictzip	prefix	94	130916
sample	prose_heavy	dict-index	dictzip	prefix	95	149417
sample	prose_heavy	dict-index	dictzip	prefix	96	9375
sample	prose_heavy	dict-index	dictzip	prefix	97	2125
sample	prose_heavy	dict-index	dictzip	prefix	98	133875
sample	prose_heavy	dict-index	dictzip	prefix	99	142208
sample	prose_heavy	dict-index	dictzip	prefix	100	4417
sample	prose_heavy	dict-index	dictzip	prefix	101	625
sample	prose_heavy	dict-index	dictzip	prefix	102	130917
sample	prose_heavy	dict-index	dictzip	prefix	103	148500
sample	prose_heavy	dict-index	dictzip	prefix	104	5750
sample	prose_heavy	dict-index	dictzip	prefix	105	1500
sample	prose_heavy	dict-index	dictzip	prefix	106	130875
sample	prose_heavy	dict-index	dictzip	prefix	107	151125
sample	prose_heavy	dict-index	dictzip	prefix	108	19667
sample	prose_heavy	dict-index	dictzip	prefix	109	1334
sample	prose_heavy	dict-index	dictzip	prefix	110	180292
sample	prose_heavy	dict-index	dictzip	prefix	111	139250
sample	prose_heavy	dict-index	dictzip	prefix	112	7417
sample	prose_heavy	dict-index	dictzip	prefix	113	1875
sample	prose_heavy	dict-index	dictzip	prefix	114	144542
sample	prose_heavy	dict-index	dictzip	prefix	115	378875
sample	prose_heavy	dict-index	dictzip	prefix	116	7417
sample	prose_heavy	dict-index	dictzip	prefix	117	625
sample	prose_heavy	dict-index	dictzip	prefix	118	131292
sample	prose_heavy	dict-index	dictzip	prefix	119	297375
sample	prose_heavy	dict-index	dictzip	prefix	120	10666
sample	prose_heavy	dict-index	dictzip	prefix	121	9542
sample	prose_heavy	dict-index	dictzip	prefix	122	1592916
sample	prose_heavy	dict-index	dictzip	prefix	123	139709
sample	prose_heavy	dict-index	dictzip	prefix	124	10083
sample	prose_heavy	dict-index	dictzip	prefix	125	4417
sample	prose_heavy	dict-index	dictzip	prefix	126	412041
sample	prose_heavy	dict-index	dictzip	prefix	127	138083
sample	prose_heavy	dict-index	dictzip	prefix	128	8000
sample	prose_heavy	dict-index	dictzip	prefix	129	1834
sample	prose_heavy	dict-index	dictzip	prefix	130	136292
sample	prose_heavy	dict-index	dictzip	prefix	131	144458
sample	prose_heavy	dict-index	dictzip	prefix	132	44541
sample	prose_heavy	dict-index	dictzip	prefix	133	2333
sample	prose_heavy	dict-index	dictzip	prefix	134	146292
sample	prose_heavy	dict-index	dictzip	prefix	135	133583
sample	prose_heavy	dict-index	dictzip	prefix	136	7000
sample	prose_heavy	dict-index	dictzip	prefix	137	1958
sample	prose_heavy	dict-index	dictzip	prefix	138	131291
sample	prose_heavy	dict-index	dictzip	prefix	139	177833
sample	prose_heavy	dict-index	dictzip	prefix	140	4208
sample	prose_heavy	dict-index	dictzip	prefix	141	666
sample	prose_heavy	dict-index	dictzip	prefix	142	129667
sample	prose_heavy	dict-index	dictzip	prefix	143	150125
sample	prose_heavy	dict-index	dictzip	prefix	144	7542
sample	prose_heavy	dict-index	dictzip	prefix	145	2125
sample	prose_heavy	dict-index	dictzip	prefix	146	273291
sample	prose_heavy	dict-index	dictzip	prefix	147	141458
sample	prose_heavy	dict-index	dictzip	prefix	148	8042
sample	prose_heavy	dict-index	dictzip	prefix	149	583
sample	prose_heavy	dict-index	dictzip	prefix	150	135167
sample	prose_heavy	dict-index	dictzip	prefix	151	244916
sample	prose_heavy	dict-index	dictzip	prefix	152	6458
sample	prose_heavy	dict-index	dictzip	prefix	153	1875
sample	prose_heavy	dict-index	dictzip	prefix	154	133125
sample	prose_heavy	dict-index	dictzip	prefix	155	495542
sample	prose_heavy	dict-index	dictzip	prefix	156	8208
sample	prose_heavy	dict-index	dictzip	prefix	157	1000
sample	prose_heavy	dict-index	dictzip	prefix	158	127875
sample	prose_heavy	dict-index	dictzip	prefix	159	146416
sample	prose_heavy	dict-index	dictzip	prefix	160	14166
sample	prose_heavy	dict-index	dictzip	prefix	161	2083
sample	prose_heavy	dict-index	dictzip	prefix	162	144041
sample	prose_heavy	dict-index	dictzip	prefix	163	454000
sample	prose_heavy	dict-index	dictzip	prefix	164	10167
sample	prose_heavy	dict-index	dictzip	prefix	165	1709
sample	prose_heavy	dict-index	dictzip	prefix	166	144167
sample	prose_heavy	dict-index	dictzip	prefix	167	405500
sample	prose_heavy	dict-index	dictzip	prefix	168	9916
sample	prose_heavy	dict-index	dictzip	prefix	169	2125
sample	prose_heavy	dict-index	dictzip	prefix	170	133875
sample	prose_heavy	dict-index	dictzip	prefix	171	145458
sample	prose_heavy	dict-index	dictzip	prefix	172	12417
sample	prose_heavy	dict-index	dictzip	prefix	173	750
sample	prose_heavy	dict-index	dictzip	prefix	174	132500
sample	prose_heavy	dict-index	dictzip	prefix	175	149750
sample	prose_heavy	dict-index	dictzip	prefix	176	8417
sample	prose_heavy	dict-index	dictzip	prefix	177	2542
sample	prose_heavy	dict-index	dictzip	prefix	178	137916
sample	prose_heavy	dict-index	dictzip	prefix	179	148959
sample	prose_heavy	dict-index	dictzip	prefix	180	6292
sample	prose_heavy	dict-index	dictzip	prefix	181	667
sample	prose_heavy	dict-index	dictzip	prefix	182	128875
sample	prose_heavy	dict-index	dictzip	prefix	183	142000
sample	prose_heavy	dict-index	dictzip	prefix	184	4625
sample	prose_heavy	dict-index	dictzip	prefix	185	2208
sample	prose_heavy	dict-index	dictzip	prefix	186	131250
sample	prose_heavy	dict-index	dictzip	prefix	187	137750
sample	prose_heavy	dict-index	dictzip	prefix	188	14166
sample	prose_heavy	dict-index	dictzip	prefix	189	2250
sample	prose_heavy	dict-index	dictzip	prefix	190	416416
sample	prose_heavy	dict-index	dictzip	prefix	191	140250
sample	prose_heavy	dict-index	dictzip	prefix	192	9834
sample	prose_heavy	dict-index	dictzip	prefix	193	6417
sample	prose_heavy	dict-index	dictzip	prefix	194	187667
sample	prose_heavy	dict-index	dictzip	prefix	195	375291
sample	prose_heavy	dict-index	dictzip	prefix	196	12250
sample	prose_heavy	dict-index	dictzip	prefix	197	875
sample	prose_heavy	dict-index	dictzip	prefix	198	133083
sample	prose_heavy	dict-index	dictzip	prefix	199	1537125
sample	prose_heavy	dict-index	dictzip	prefix	200	7625
sample	prose_heavy	dict-index	dictzip	prefix	201	1833
sample	prose_heavy	dict-index	dictzip	prefix	202	131208
sample	prose_heavy	dict-index	dictzip	prefix	203	230416
sample	prose_heavy	dict-index	dictzip	prefix	204	7042
sample	prose_heavy	dict-index	dictzip	prefix	205	709
sample	prose_heavy	dict-index	dictzip	prefix	206	139458
sample	prose_heavy	dict-index	dictzip	prefix	207	158833
sample	prose_heavy	dict-index	dictzip	prefix	208	4666
sample	prose_heavy	dict-index	dictzip	prefix	209	1875
sample	prose_heavy	dict-index	dictzip	prefix	210	134250
sample	prose_heavy	dict-index	dictzip	prefix	211	350458
sample	prose_heavy	dict-index	dictzip	prefix	212	8083
sample	prose_heavy	dict-index	dictzip	prefix	213	10667
sample	prose_heavy	dict-index	dictzip	prefix	214	427541
sample	prose_heavy	dict-index	dictzip	prefix	215	139875
sample	prose_heavy	dict-index	dictzip	prefix	216	11542
sample	prose_heavy	dict-index	dictzip	prefix	217	2667
sample	prose_heavy	dict-index	dictzip	prefix	218	172500
sample	prose_heavy	dict-index	dictzip	prefix	219	136750
sample	prose_heavy	dict-index	dictzip	prefix	220	8541
sample	prose_heavy	dict-index	dictzip	prefix	221	625
sample	prose_heavy	dict-index	dictzip	prefix	222	187541
sample	prose_heavy	dict-index	dictzip	prefix	223	146250
sample	prose_heavy	dict-index	dictzip	prefix	224	5417
sample	prose_heavy	dict-index	dictzip	prefix	225	1250
sample	prose_heavy	dict-index	dictzip	prefix	226	130458
sample	prose_heavy	dict-index	dictzip	prefix	227	144875
sample	prose_heavy	dict-index	dictzip	prefix	228	9750
sample	prose_heavy	dict-index	dictzip	prefix	229	5000
sample	prose_heavy	dict-index	dictzip	prefix	230	431125
sample	prose_heavy	dict-index	dictzip	prefix	231	146417
sample	prose_heavy	dict-index	dictzip	prefix	232	10958
sample	prose_heavy	dict-index	dictzip	prefix	233	2042
sample	prose_heavy	dict-index	dictzip	prefix	234	131875
sample	prose_heavy	dict-index	dictzip	prefix	235	261125
sample	prose_heavy	dict-index	dictzip	prefix	236	10625
sample	prose_heavy	dict-index	dictzip	prefix	237	709
sample	prose_heavy	dict-index	dictzip	prefix	238	132084
sample	prose_heavy	dict-index	dictzip	prefix	239	139416
sample	prose_heavy	dict-index	dictzip	prefix	240	3750
sample	prose_heavy	dict-index	dictzip	prefix	241	1750
sample	prose_heavy	dict-index	dictzip	prefix	242	299458
sample	prose_heavy	dict-index	dictzip	prefix	243	135583
sample	prose_heavy	dict-index	dictzip	prefix	244	7000
sample	prose_heavy	dict-index	dictzip	prefix	245	3833
sample	prose_heavy	dict-index	dictzip	prefix	246	673959
sample	prose_heavy	dict-index	dictzip	prefix	247	260833
sample	prose_heavy	dict-index	dictzip	prefix	248	10750
sample	prose_heavy	dict-index	dictzip	prefix	249	2125
sample	prose_heavy	dict-index	dictzip	prefix	250	163333
sample	prose_heavy	dict-index	dictzip	prefix	251	1673208
sample	prose_heavy	dict-index	dictzip	prefix	252	7041
sample	prose_heavy	dict-index	dictzip	prefix	253	667
sample	prose_heavy	dict-index	dictzip	prefix	254	135250
sample	prose_heavy	dict-index	dictzip	prefix	255	320292
sample	prose_heavy	dict-index	dictzip	prefix	256	6708
sample	prose_heavy	dict-index	dictzip	prefix	257	5625
sample	prose_heavy	dict-index	dictzip	prefix	258	391375
sample	prose_heavy	dict-index	dictzip	prefix	259	147750
sample	prose_heavy	dict-index	dictzip	prefix	260	18750
sample	prose_heavy	dict-index	dictzip	prefix	261	3292
sample	prose_heavy	dict-index	dictzip	prefix	262	137834
sample	prose_heavy	dict-index	dictzip	prefix	263	148542
sample	prose_heavy	dict-index	dictzip	prefix	264	10083
sample	prose_heavy	dict-index	dictzip	prefix	265	2209
sample	prose_heavy	dict-index	dictzip	prefix	266	141000
sample	prose_heavy	dict-index	dictzip	prefix	267	239791
sample	prose_heavy	dict-index	dictzip	prefix	268	21333
sample	prose_heavy	dict-index	dictzip	prefix	269	2291
sample	prose_heavy	dict-index	dictzip	prefix	270	135166
sample	prose_heavy	dict-index	dictzip	prefix	271	401000
sample	prose_heavy	dict-index	dictzip	prefix	272	24250
sample	prose_heavy	dict-index	dictzip	prefix	273	3459
sample	prose_heavy	dict-index	dictzip	prefix	274	137792
sample	prose_heavy	dict-index	dictzip	prefix	275	141625
sample	prose_heavy	dict-index	dictzip	prefix	276	9250
sample	prose_heavy	dict-index	dictzip	prefix	277	709
sample	prose_heavy	dict-index	dictzip	prefix	278	132625
sample	prose_heavy	dict-index	dictzip	prefix	279	151625
sample	prose_heavy	dict-index	dictzip	prefix	280	4958
sample	prose_heavy	dict-index	dictzip	prefix	281	1583
sample	prose_heavy	dict-index	dictzip	prefix	282	133125
sample	prose_heavy	dict-index	dictzip	prefix	283	176584
sample	prose_heavy	dict-index	dictzip	prefix	284	12416
sample	prose_heavy	dict-index	dictzip	prefix	285	792
sample	prose_heavy	dict-index	dictzip	prefix	286	218416
sample	prose_heavy	dict-index	dictzip	prefix	287	390875
sample	prose_heavy	dict-index	dictzip	prefix	288	11042
sample	prose_heavy	dict-index	dictzip	prefix	289	2125
sample	prose_heavy	dict-index	dictzip	prefix	290	142916
sample	prose_heavy	dict-index	dictzip	prefix	291	135208
sample	prose_heavy	dict-index	dictzip	prefix	292	13750
sample	prose_heavy	dict-index	dictzip	prefix	293	792
sample	prose_heavy	dict-index	dictzip	prefix	294	133583
sample	prose_heavy	dict-index	dictzip	prefix	295	290959
sample	prose_heavy	dict-index	dictzip	prefix	296	4500
sample	prose_heavy	dict-index	dictzip	prefix	297	2000
sample	prose_heavy	dict-index	dictzip	prefix	298	131792
sample	prose_heavy	dict-index	dictzip	prefix	299	140458
sample	prose_heavy	dict-index	dictzip	prefix	300	11667
sample	prose_heavy	dict-index	dictzip	prefix	301	875
sample	prose_heavy	dict-index	dictzip	prefix	302	135083
sample	prose_heavy	dict-index	dictzip	prefix	303	167542
sample	prose_heavy	dict-index	dictzip	prefix	304	8875
sample	prose_heavy	dict-index	dictzip	prefix	305	2542
sample	prose_heavy	dict-index	dictzip	prefix	306	133750
sample	prose_heavy	dict-index	dictzip	prefix	307	144041
sample	prose_heavy	dict-index	dictzip	prefix	308	11250
sample	prose_heavy	dict-index	dictzip	prefix	309	5541
sample	prose_heavy	dict-index	dictzip	prefix	310	354458
sample	prose_heavy	dict-index	dictzip	prefix	311	205708
sample	prose_heavy	dict-index	dictzip	prefix	312	7917
sample	prose_heavy	dict-index	dictzip	prefix	313	2875
sample	prose_heavy	dict-index	dictzip	prefix	314	137042
sample	prose_heavy	dict-index	dictzip	prefix	315	149000
sample	prose_heavy	dict-index	dictzip	prefix	316	9625
sample	prose_heavy	dict-index	dictzip	prefix	317	792
sample	prose_heavy	dict-index	dictzip	prefix	318	136417
sample	prose_heavy	dict-index	dictzip	prefix	319	137542
sample	prose_heavy	dict-index	dictzip	prefix	320	8875
sample	prose_heavy	dict-index	dictzip	prefix	321	2208
sample	prose_heavy	dict-index	dictzip	prefix	322	137125
sample	prose_heavy	dict-index	dictzip	prefix	323	145541
sample	prose_heavy	dict-index	dictzip	prefix	324	13083
sample	prose_heavy	dict-index	dictzip	prefix	325	708
sample	prose_heavy	dict-index	dictzip	prefix	326	136500
sample	prose_heavy	dict-index	dictzip	prefix	327	447500
sample	prose_heavy	dict-index	dictzip	prefix	328	9708
sample	prose_heavy	dict-index	dictzip	prefix	329	2583
sample	prose_heavy	dict-index	dictzip	prefix	330	139083
sample	prose_heavy	dict-index	dictzip	prefix	331	151708
sample	prose_heavy	dict-index	dictzip	prefix	332	11167
sample	prose_heavy	dict-index	dictzip	prefix	333	667
sample	prose_heavy	dict-index	dictzip	prefix	334	133416
sample	prose_heavy	dict-index	dictzip	prefix	335	140583
sample	prose_heavy	dict-index	dictzip	prefix	336	19750
sample	prose_heavy	dict-index	dictzip	prefix	337	4917
sample	prose_heavy	dict-index	dictzip	prefix	338	140709
sample	prose_heavy	dict-index	dictzip	prefix	339	475584
sample	prose_heavy	dict-index	dictzip	prefix	340	10667
sample	prose_heavy	dict-index	dictzip	prefix	341	708
sample	prose_heavy	dict-index	dictzip	prefix	342	1353083
sample	prose_heavy	dict-index	dictzip	prefix	343	149542
sample	prose_heavy	dict-index	dictzip	prefix	344	16292
sample	prose_heavy	dict-index	dictzip	prefix	345	15167
sample	prose_heavy	dict-index	dictzip	prefix	346	606250
sample	prose_heavy	dict-index	dictzip	prefix	347	214417
sample	prose_heavy	dict-index	dictzip	prefix	348	19375
sample	prose_heavy	dict-index	dictzip	prefix	349	2917
sample	prose_heavy	dict-index	dictzip	prefix	350	377167
sample	prose_heavy	dict-index	dictzip	prefix	351	149250
sample	prose_heavy	dict-index	dictzip	prefix	352	15041
sample	prose_heavy	dict-index	dictzip	prefix	353	8250
sample	prose_heavy	dict-index	dictzip	prefix	354	566250
sample	prose_heavy	dict-index	dictzip	prefix	355	148875
sample	prose_heavy	dict-index	dictzip	prefix	356	4417
sample	prose_heavy	dict-index	dictzip	prefix	357	709
sample	prose_heavy	dict-index	dictzip	prefix	358	129416
sample	prose_heavy	dict-index	dictzip	prefix	359	221042
sample	prose_heavy	dict-index	dictzip	prefix	360	11417
sample	prose_heavy	dict-index	dictzip	prefix	361	2583
sample	prose_heavy	dict-index	dictzip	prefix	362	615416
sample	prose_heavy	dict-index	dictzip	prefix	363	144208
sample	prose_heavy	dict-index	dictzip	prefix	364	14542
sample	prose_heavy	dict-index	dictzip	prefix	365	5208
sample	prose_heavy	dict-index	dictzip	prefix	366	665042
sample	prose_heavy	dict-index	dictzip	prefix	367	520750
sample	prose_heavy	dict-index	dictzip	prefix	368	12667
sample	prose_heavy	dict-index	dictzip	prefix	369	2459
sample	prose_heavy	dict-index	dictzip	prefix	370	139042
sample	prose_heavy	dict-index	dictzip	prefix	371	1640875
sample	prose_heavy	dict-index	dictzip	prefix	372	13875
sample	prose_heavy	dict-index	dictzip	prefix	373	750
sample	prose_heavy	dict-index	dictzip	prefix	374	143833
sample	prose_heavy	dict-index	dictzip	prefix	375	147500
sample	prose_heavy	dict-index	dictzip	prefix	376	7250
sample	prose_heavy	dict-index	dictzip	prefix	377	2125
sample	prose_heavy	dict-index	dictzip	prefix	378	138042
sample	prose_heavy	dict-index	dictzip	prefix	379	142166
sample	prose_heavy	dict-index	dictzip	prefix	380	21584
sample	prose_heavy	dict-index	dictzip	prefix	381	2417
sample	prose_heavy	dict-index	dictzip	prefix	382	357125
sample	prose_heavy	dict-index	dictzip	prefix	383	465125
sample	prose_heavy	dict-index	dictzip	prefix	384	11125
sample	prose_heavy	dict-index	dictzip	prefix	385	8125
sample	prose_heavy	dict-index	dictzip	prefix	386	356750
sample	prose_heavy	dict-index	dictzip	prefix	387	226250
sample	prose_heavy	dict-index	dictzip	prefix	388	17542
sample	prose_heavy	dict-index	dictzip	prefix	389	792
sample	prose_heavy	dict-index	dictzip	prefix	390	210041
sample	prose_heavy	dict-index	dictzip	prefix	391	144708
sample	prose_heavy	dict-index	dictzip	prefix	392	4333
sample	prose_heavy	dict-index	dictzip	prefix	393	1584
sample	prose_heavy	dict-index	dictzip	prefix	394	130542
sample	prose_heavy	dict-index	dictzip	prefix	395	139166
sample	prose_heavy	dict-index	dictzip	prefix	396	13625
sample	prose_heavy	dict-index	dictzip	prefix	397	2000
sample	prose_heavy	dict-index	dictzip	prefix	398	201375
sample	prose_heavy	dict-index	dictzip	prefix	399	384209
sample	prose_heavy	dict-index	dictzip	prefix	400	14166
sample	prose_heavy	dict-index	dictzip	prefix	401	4083
sample	prose_heavy	dict-index	dictzip	prefix	402	171083
sample	prose_heavy	dict-index	dictzip	prefix	403	132042
sample	prose_heavy	dict-index	dictzip	prefix	404	12292
sample	prose_heavy	dict-index	dictzip	prefix	405	875
sample	prose_heavy	dict-index	dictzip	prefix	406	136375
sample	prose_heavy	dict-index	dictzip	prefix	407	141917
sample	prose_heavy	dict-index	dictzip	prefix	408	2750
sample	prose_heavy	dict-index	dictzip	prefix	409	1375
sample	prose_heavy	dict-index	dictzip	prefix	410	127458
sample	prose_heavy	dict-index	dictzip	prefix	411	506750
sample	prose_heavy	dict-index	dictzip	prefix	412	345000
sample	prose_heavy	dict-index	dictzip	prefix	413	2125
sample	prose_heavy	dict-index	dictzip	prefix	414	133833
sample	prose_heavy	dict-index	dictzip	prefix	415	574417
sample	prose_heavy	dict-index	dictzip	prefix	416	10250
sample	prose_heavy	dict-index	dictzip	prefix	417	2417
sample	prose_heavy	dict-index	dictzip	prefix	418	135083
sample	prose_heavy	dict-index	dictzip	prefix	419	415916
sample	prose_heavy	dict-index	dictzip	prefix	420	18458
sample	prose_heavy	dict-index	dictzip	prefix	421	2834
sample	prose_heavy	dict-index	dictzip	prefix	422	209708
sample	prose_heavy	dict-index	dictzip	prefix	423	408125
sample	prose_heavy	dict-index	dictzip	prefix	424	11625
sample	prose_heavy	dict-index	dictzip	prefix	425	2916
sample	prose_heavy	dict-index	dictzip	prefix	426	138583
sample	prose_heavy	dict-index	dictzip	prefix	427	449458
sample	prose_heavy	dict-index	dictzip	prefix	428	14375
sample	prose_heavy	dict-index	dictzip	prefix	429	708
sample	prose_heavy	dict-index	dictzip	prefix	430	138250
sample	prose_heavy	dict-index	dictzip	prefix	431	141750
sample	prose_heavy	dict-index	dictzip	prefix	432	12958
sample	prose_heavy	dict-index	dictzip	prefix	433	2167
sample	prose_heavy	dict-index	dictzip	prefix	434	138041
sample	prose_heavy	dict-index	dictzip	prefix	435	150917
sample	prose_heavy	dict-index	dictzip	prefix	436	12167
sample	prose_heavy	dict-index	dictzip	prefix	437	5042
sample	prose_heavy	dict-index	dictzip	prefix	438	390291
sample	prose_heavy	dict-index	dictzip	prefix	439	146083
sample	prose_heavy	dict-index	dictzip	prefix	440	5667
sample	prose_heavy	dict-index	dictzip	prefix	441	1959
sample	prose_heavy	dict-index	dictzip	prefix	442	138417
sample	prose_heavy	dict-index	dictzip	prefix	443	151500
sample	prose_heavy	dict-index	dictzip	prefix	444	20000
sample	prose_heavy	dict-index	dictzip	prefix	445	1792
sample	prose_heavy	dict-index	dictzip	prefix	446	352167
sample	prose_heavy	dict-index	dictzip	prefix	447	434917
sample	prose_heavy	dict-index	dictzip	prefix	448	16792
sample	prose_heavy	dict-index	dictzip	prefix	449	3667
sample	prose_heavy	dict-index	dictzip	prefix	450	138083
sample	prose_heavy	dict-index	dictzip	prefix	451	127125
sample	prose_heavy	dict-index	dictzip	prefix	452	11125
sample	prose_heavy	dict-index	dictzip	prefix	453	916
sample	prose_heavy	dict-index	dictzip	prefix	454	134208
sample	prose_heavy	dict-index	dictzip	prefix	455	133209
sample	prose_heavy	dict-index	dictzip	prefix	456	11500
sample	prose_heavy	dict-index	dictzip	prefix	457	3250
sample	prose_heavy	dict-index	dictzip	prefix	458	144500
sample	prose_heavy	dict-index	dictzip	prefix	459	149625
sample	prose_heavy	dict-index	dictzip	prefix	460	7375
sample	prose_heavy	dict-index	dictzip	prefix	461	708
sample	prose_heavy	dict-index	dictzip	prefix	462	132958
sample	prose_heavy	dict-index	dictzip	prefix	463	150333
sample	prose_heavy	dict-index	dictzip	prefix	464	3417
sample	prose_heavy	dict-index	dictzip	prefix	465	1375
sample	prose_heavy	dict-index	dictzip	prefix	466	128750
sample	prose_heavy	dict-index	dictzip	prefix	467	143875
sample	prose_heavy	dict-index	dictzip	prefix	468	9500
sample	prose_heavy	dict-index	dictzip	prefix	469	666
sample	prose_heavy	dict-index	dictzip	prefix	470	134500
sample	prose_heavy	dict-index	dictzip	prefix	471	250334
sample	prose_heavy	dict-index	dictzip	prefix	472	9167
sample	prose_heavy	dict-index	dictzip	prefix	473	1625
sample	prose_heavy	dict-index	dictzip	prefix	474	132709
sample	prose_heavy	dict-index	dictzip	prefix	475	143666
sample	prose_heavy	dict-index	dictzip	prefix	476	8500
sample	prose_heavy	dict-index	dictzip	prefix	477	4542
sample	prose_heavy	dict-index	dictzip	prefix	478	137208
sample	prose_heavy	dict-index	dictzip	prefix	479	156542
sample	prose_heavy	dict-index	dictzip	prefix	480	6541
sample	prose_heavy	dict-index	dictzip	prefix	481	1708
sample	prose_heavy	dict-index	dictzip	prefix	482	135167
sample	prose_heavy	dict-index	dictzip	prefix	483	149958
sample	prose_heavy	dict-index	dictzip	prefix	484	13125
sample	prose_heavy	dict-index	dictzip	prefix	485	6125
sample	prose_heavy	dict-index	dictzip	prefix	486	139000
sample	prose_heavy	dict-index	dictzip	prefix	487	142000
sample	prose_heavy	dict-index	dictzip	prefix	488	18875
sample	prose_heavy	dict-index	dictzip	prefix	489	4334
sample	prose_heavy	dict-index	dictzip	prefix	490	142000
sample	prose_heavy	dict-index	dictzip	prefix	491	136750
sample	prose_heavy	dict-index	dictzip	prefix	492	8125
sample	prose_heavy	dict-index	dictzip	prefix	493	833
sample	prose_heavy	dict-index	dictzip	prefix	494	142500
sample	prose_heavy	dict-index	dictzip	prefix	495	932583
sample	prose_heavy	dict-index	dictzip	prefix	496	7083
sample	prose_heavy	dict-index	dictzip	prefix	497	1875
sample	prose_heavy	dict-index	dictzip	prefix	498	135958
sample	prose_heavy	dict-index	dictzip	prefix	499	230250
sample	prose_heavy	dict-index	dictzip	prefix	500	11250
sample	prose_heavy	dict-index	dictzip	prefix	501	1750
sample	prose_heavy	dict-index	dictzip	prefix	502	229375
sample	prose_heavy	dict-index	dictzip	prefix	503	146458
sample	prose_heavy	dict-index	dictzip	prefix	504	8208
sample	prose_heavy	dict-index	dictzip	prefix	505	2458
sample	prose_heavy	dict-index	dictzip	prefix	506	264334
sample	prose_heavy	dict-index	dictzip	prefix	507	144292
sample	prose_heavy	dict-index	dictzip	prefix	508	11833
sample	prose_heavy	dict-index	dictzip	prefix	509	667
sample	prose_heavy	dict-index	dictzip	prefix	510	137417
sample	prose_heavy	dict-index	dictzip	prefix	511	152875
sample	prose_heavy	dict-index	dictzip	prefix	512	17833
sample	prose_heavy	dict-index	dictzip	prefix	513	4250
sample	prose_heavy	dict-index	dictzip	prefix	514	372250
sample	prose_heavy	dict-index	dictzip	prefix	515	483584
sample	prose_heavy	dict-index	dictzip	prefix	516	12667
sample	prose_heavy	dict-index	dictzip	prefix	517	1708
sample	prose_heavy	dict-index	dictzip	prefix	518	137917
sample	prose_heavy	dict-index	dictzip	prefix	519	909459
sample	prose_heavy	dict-index	dictzip	prefix	520	8333
sample	prose_heavy	dict-index	dictzip	prefix	521	1958
sample	prose_heavy	dict-index	dictzip	prefix	522	134166
sample	prose_heavy	dict-index	dictzip	prefix	523	141292
sample	prose_heavy	dict-index	dictzip	prefix	524	19333
sample	prose_heavy	dict-index	dictzip	prefix	525	5250
sample	prose_heavy	dict-index	dictzip	prefix	526	138000
sample	prose_heavy	dict-index	dictzip	prefix	527	132042
sample	prose_heavy	dict-index	dictzip	prefix	528	7208
sample	prose_heavy	dict-index	dictzip	prefix	529	2000
sample	prose_heavy	dict-index	dictzip	prefix	530	136458
sample	prose_heavy	dict-index	dictzip	prefix	531	139041
sample	prose_heavy	dict-index	dictzip	prefix	532	8667
sample	prose_heavy	dict-index	dictzip	prefix	533	667
sample	prose_heavy	dict-index	dictzip	prefix	534	669917
sample	prose_heavy	dict-index	dictzip	prefix	535	184375
sample	prose_heavy	dict-index	dictzip	prefix	536	93042
sample	prose_heavy	dict-index	dictzip	prefix	537	7583
sample	prose_heavy	dict-index	dictzip	prefix	538	392375
sample	prose_heavy	dict-index	dictzip	prefix	539	141666
sample	prose_heavy	dict-index	dictzip	prefix	540	13000
sample	prose_heavy	dict-index	dictzip	prefix	541	709
sample	prose_heavy	dict-index	dictzip	prefix	542	228917
sample	prose_heavy	dict-index	dictzip	prefix	543	272458
sample	prose_heavy	dict-index	dictzip	prefix	544	10417
sample	prose_heavy	dict-index	dictzip	prefix	545	2625
sample	prose_heavy	dict-index	dictzip	prefix	546	630833
sample	prose_heavy	dict-index	dictzip	prefix	547	391333
sample	prose_heavy	dict-index	dictzip	prefix	548	20375
sample	prose_heavy	dict-index	dictzip	prefix	549	5500
sample	prose_heavy	dict-index	dictzip	prefix	550	908291
sample	prose_heavy	dict-index	dictzip	prefix	551	145542
sample	prose_heavy	dict-index	dictzip	prefix	552	22083
sample	prose_heavy	dict-index	dictzip	prefix	553	4166
sample	prose_heavy	dict-index	dictzip	prefix	554	138500
sample	prose_heavy	dict-index	dictzip	prefix	555	146833
sample	prose_heavy	dict-index	dictzip	prefix	556	5417
sample	prose_heavy	dict-index	dictzip	prefix	557	833
sample	prose_heavy	dict-index	dictzip	prefix	558	132958
sample	prose_heavy	dict-index	dictzip	prefix	559	136875
sample	prose_heavy	dict-index	dictzip	prefix	560	15417
sample	prose_heavy	dict-index	dictzip	prefix	561	5166
sample	prose_heavy	dict-index	dictzip	prefix	562	1082625
sample	prose_heavy	dict-index	dictzip	prefix	563	141083
sample	prose_heavy	dict-index	dictzip	prefix	564	22750
sample	prose_heavy	dict-index	dictzip	prefix	565	2792
sample	prose_heavy	dict-index	dictzip	prefix	566	165084
sample	prose_heavy	dict-index	dictzip	prefix	567	374042
sample	prose_heavy	dict-index	dictzip	prefix	568	9708
sample	prose_heavy	dict-index	dictzip	prefix	569	3166
sample	prose_heavy	dict-index	dictzip	prefix	570	138250
sample	prose_heavy	dict-index	dictzip	prefix	571	267875
sample	prose_heavy	dict-index	dictzip	prefix	572	7291
sample	prose_heavy	dict-index	dictzip	prefix	573	750
sample	prose_heavy	dict-index	dictzip	prefix	574	135959
sample	prose_heavy	dict-index	dictzip	prefix	575	195625
sample	prose_heavy	dict-index	dictzip	prefix	576	83125
sample	prose_heavy	dict-index	dictzip	prefix	577	7750
sample	prose_heavy	dict-index	dictzip	prefix	578	189375
sample	prose_heavy	dict-index	dictzip	prefix	579	140292
sample	prose_heavy	dict-index	dictzip	prefix	580	12416
sample	prose_heavy	dict-index	dictzip	prefix	581	750
sample	prose_heavy	dict-index	dictzip	prefix	582	133833
sample	prose_heavy	dict-index	dictzip	prefix	583	1414334
sample	prose_heavy	dict-index	dictzip	prefix	584	6000
sample	prose_heavy	dict-index	dictzip	prefix	585	2083
sample	prose_heavy	dict-index	dictzip	prefix	586	137292
sample	prose_heavy	dict-index	dictzip	prefix	587	146584
sample	prose_heavy	dict-index	dictzip	prefix	588	4834
sample	prose_heavy	dict-index	dictzip	prefix	589	709
sample	prose_heavy	dict-index	dictzip	prefix	590	135792
sample	prose_heavy	dict-index	dictzip	prefix	591	143208
sample	prose_heavy	dict-index	dictzip	prefix	592	17167
sample	prose_heavy	dict-index	dictzip	prefix	593	4834
sample	prose_heavy	dict-index	dictzip	prefix	594	386875
sample	prose_heavy	dict-index	dictzip	prefix	595	144000
sample	prose_heavy	dict-index	dictzip	prefix	596	20917
sample	prose_heavy	dict-index	dictzip	prefix	597	3917
sample	prose_heavy	dict-index	dictzip	prefix	598	412917
sample	prose_heavy	dict-index	dictzip	prefix	599	1629291
sample	prose_heavy	dict-index	dictzip	prefix	600	8250
sample	prose_heavy	dict-index	dictzip	prefix	601	2083
sample	prose_heavy	dict-index	dictzip	prefix	602	141542
sample	prose_heavy	dict-index	dictzip	prefix	603	223167
sample	prose_heavy	dict-index	dictzip	prefix	604	19416
sample	prose_heavy	dict-index	dictzip	prefix	605	3209
sample	prose_heavy	dict-index	dictzip	prefix	606	135625
sample	prose_heavy	dict-index	dictzip	prefix	607	141833
sample	prose_heavy	dict-index	dictzip	prefix	608	13708
sample	prose_heavy	dict-index	dictzip	prefix	609	3250
sample	prose_heavy	dict-index	dictzip	prefix	610	244708
sample	prose_heavy	dict-index	dictzip	prefix	611	142708
sample	prose_heavy	dict-index	dictzip	prefix	612	20958
sample	prose_heavy	dict-index	dictzip	prefix	613	4167
sample	prose_heavy	dict-index	dictzip	prefix	614	203500
sample	prose_heavy	dict-index	dictzip	prefix	615	836292
sample	prose_heavy	dict-index	dictzip	prefix	616	9375
sample	prose_heavy	dict-index	dictzip	prefix	617	2500
sample	prose_heavy	dict-index	dictzip	prefix	618	139792
sample	prose_heavy	dict-index	dictzip	prefix	619	152459
sample	prose_heavy	dict-index	dictzip	prefix	620	15083
sample	prose_heavy	dict-index	dictzip	prefix	621	750
sample	prose_heavy	dict-index	dictzip	prefix	622	133708
sample	prose_heavy	dict-index	dictzip	prefix	623	134542
sample	prose_heavy	dict-index	dictzip	prefix	624	4167
sample	prose_heavy	dict-index	dictzip	prefix	625	1709
sample	prose_heavy	dict-index	dictzip	prefix	626	130875
sample	prose_heavy	dict-index	dictzip	prefix	627	137792
sample	prose_heavy	dict-index	dictzip	prefix	628	11709
sample	prose_heavy	dict-index	dictzip	prefix	629	708
sample	prose_heavy	dict-index	dictzip	prefix	630	135084
sample	prose_heavy	dict-index	dictzip	prefix	631	144291
sample	prose_heavy	dict-index	dictzip	prefix	632	7042
sample	prose_heavy	dict-index	dictzip	prefix	633	2042
sample	prose_heavy	dict-index	dictzip	prefix	634	132708
sample	prose_heavy	dict-index	dictzip	prefix	635	145583
sample	prose_heavy	dict-index	dictzip	prefix	636	14833
sample	prose_heavy	dict-index	dictzip	prefix	637	6083
sample	prose_heavy	dict-index	dictzip	prefix	638	403500
sample	prose_heavy	dict-index	dictzip	prefix	639	143709
sample	prose_heavy	dict-index	dictzip	prefix	640	9250
sample	prose_heavy	dict-index	dictzip	prefix	641	1667
sample	prose_heavy	dict-index	dictzip	prefix	642	130875
sample	prose_heavy	dict-index	dictzip	prefix	643	142542
sample	prose_heavy	dict-index	dictzip	prefix	644	10917
sample	prose_heavy	dict-index	dictzip	prefix	645	708
sample	prose_heavy	dict-index	dictzip	prefix	646	135625
sample	prose_heavy	dict-index	dictzip	prefix	647	400209
sample	prose_heavy	dict-index	dictzip	prefix	648	9167
sample	prose_heavy	dict-index	dictzip	prefix	649	3500
sample	prose_heavy	dict-index	dictzip	prefix	650	141459
sample	prose_heavy	dict-index	dictzip	prefix	651	140916
sample	prose_heavy	dict-index	dictzip	prefix	652	11625
sample	prose_heavy	dict-index	dictzip	prefix	653	625
sample	prose_heavy	dict-index	dictzip	prefix	654	137042
sample	prose_heavy	dict-index	dictzip	prefix	655	141750
sample	prose_heavy	dict-index	dictzip	prefix	656	9416
sample	prose_heavy	dict-index	dictzip	prefix	657	2667
sample	prose_heavy	dict-index	dictzip	prefix	658	139792
sample	prose_heavy	dict-index	dictzip	prefix	659	725458
sample	prose_heavy	dict-index	dictzip	prefix	660	13125
sample	prose_heavy	dict-index	dictzip	prefix	661	792
sample	prose_heavy	dict-index	dictzip	prefix	662	361375
sample	prose_heavy	dict-index	dictzip	prefix	663	409958
sample	prose_heavy	dict-index	dictzip	prefix	664	15708
sample	prose_heavy	dict-index	dictzip	prefix	665	8625
sample	prose_heavy	dict-index	dictzip	prefix	666	366958
sample	prose_heavy	dict-index	dictzip	prefix	667	242042
sample	prose_heavy	dict-index	dictzip	prefix	668	10917
sample	prose_heavy	dict-index	dictzip	prefix	669	958
sample	prose_heavy	dict-index	dictzip	prefix	670	152209
sample	prose_heavy	dict-index	dictzip	prefix	671	140416
sample	prose_heavy	dict-index	dictzip	prefix	672	6417
sample	prose_heavy	dict-index	dictzip	prefix	673	1833
sample	prose_heavy	dict-index	dictzip	prefix	674	130958
sample	prose_heavy	dict-index	dictzip	prefix	675	222875
sample	prose_heavy	dict-index	dictzip	prefix	676	16500
sample	prose_heavy	dict-index	dictzip	prefix	677	4417
sample	prose_heavy	dict-index	dictzip	prefix	678	267167
sample	prose_heavy	dict-index	dictzip	prefix	679	290542
sample	prose_heavy	dict-index	dictzip	prefix	680	7167
sample	prose_heavy	dict-index	dictzip	prefix	681	2542
sample	prose_heavy	dict-index	dictzip	prefix	682	135000
sample	prose_heavy	dict-index	dictzip	prefix	683	144458
sample	prose_heavy	dict-index	dictzip	prefix	684	19292
sample	prose_heavy	dict-index	dictzip	prefix	685	6208
sample	prose_heavy	dict-index	dictzip	prefix	686	320042
sample	prose_heavy	dict-index	dictzip	prefix	687	545334
sample	prose_heavy	dict-index	dictzip	prefix	688	11208
sample	prose_heavy	dict-index	dictzip	prefix	689	2750
sample	prose_heavy	dict-index	dictzip	prefix	690	136000
sample	prose_heavy	dict-index	dictzip	prefix	691	136209
sample	prose_heavy	dict-index	dictzip	prefix	692	19625
sample	prose_heavy	dict-index	dictzip	prefix	693	3667
sample	prose_heavy	dict-index	dictzip	prefix	694	358167
sample	prose_heavy	dict-index	dictzip	prefix	695	161709
sample	prose_heavy	dict-index	dictzip	prefix	696	10042
sample	prose_heavy	dict-index	dictzip	prefix	697	2792
sample	prose_heavy	dict-index	dictzip	prefix	698	387666
sample	prose_heavy	dict-index	dictzip	prefix	699	143875
sample	prose_heavy	dict-index	dictzip	prefix	700	10792
sample	prose_heavy	dict-index	dictzip	prefix	701	1500
sample	prose_heavy	dict-index	dictzip	prefix	702	136458
sample	prose_heavy	dict-index	dictzip	prefix	703	143375
sample	prose_heavy	dict-index	dictzip	prefix	704	7000
sample	prose_heavy	dict-index	dictzip	prefix	705	1708
sample	prose_heavy	dict-index	dictzip	prefix	706	144791
sample	prose_heavy	dict-index	dictzip	prefix	707	140084
sample	prose_heavy	dict-index	dictzip	prefix	708	3875
sample	prose_heavy	dict-index	dictzip	prefix	709	15375
sample	prose_heavy	dict-index	dictzip	prefix	710	310875
sample	prose_heavy	dict-index	dictzip	prefix	711	140667
sample	prose_heavy	dict-index	dictzip	prefix	712	9834
sample	prose_heavy	dict-index	dictzip	prefix	713	2709
sample	prose_heavy	dict-index	dictzip	prefix	714	140167
sample	prose_heavy	dict-index	dictzip	prefix	715	729916
sample	prose_heavy	dict-index	dictzip	prefix	716	5875
sample	prose_heavy	dict-index	dictzip	prefix	717	791
sample	prose_heavy	dict-index	dictzip	prefix	718	136000
sample	prose_heavy	dict-index	dictzip	prefix	719	1474542
sample	prose_heavy	dict-index	dictzip	prefix	720	6208
sample	prose_heavy	dict-index	dictzip	prefix	721	1584
sample	prose_heavy	dict-index	dictzip	prefix	722	263792
sample	prose_heavy	dict-index	dictzip	prefix	723	154042
sample	prose_heavy	dict-index	dictzip	prefix	724	13583
sample	prose_heavy	dict-index	dictzip	prefix	725	875
sample	prose_heavy	dict-index	dictzip	prefix	726	142791
sample	prose_heavy	dict-index	dictzip	prefix	727	133375
sample	prose_heavy	dict-index	dictzip	prefix	728	16250
sample	prose_heavy	dict-index	dictzip	prefix	729	6166
sample	prose_heavy	dict-index	dictzip	prefix	730	383833
sample	prose_heavy	dict-index	dictzip	prefix	731	146416
sample	prose_heavy	dict-index	dictzip	prefix	732	10917
sample	prose_heavy	dict-index	dictzip	prefix	733	708
sample	prose_heavy	dict-index	dictzip	prefix	734	147458
sample	prose_heavy	dict-index	dictzip	prefix	735	141625
sample	prose_heavy	dict-index	dictzip	prefix	736	9042
sample	prose_heavy	dict-index	dictzip	prefix	737	1917
sample	prose_heavy	dict-index	dictzip	prefix	738	146250
sample	prose_heavy	dict-index	dictzip	prefix	739	135750
sample	prose_heavy	dict-index	dictzip	prefix	740	12625
sample	prose_heavy	dict-index	dictzip	prefix	741	833
sample	prose_heavy	dict-index	dictzip	prefix	742	141042
sample	prose_heavy	dict-index	dictzip	prefix	743	133917
sample	prose_heavy	dict-index	dictzip	prefix	744	7208
sample	prose_heavy	dict-index	dictzip	prefix	745	2084
sample	prose_heavy	dict-index	dictzip	prefix	746	135791
sample	prose_heavy	dict-index	dictzip	prefix	747	137750
sample	prose_heavy	dict-index	dictzip	prefix	748	8167
sample	prose_heavy	dict-index	dictzip	prefix	749	625
sample	prose_heavy	dict-index	dictzip	prefix	750	131500
sample	prose_heavy	dict-index	dictzip	prefix	751	453875
sample	prose_heavy	dict-index	dictzip	prefix	752	8792
sample	prose_heavy	dict-index	dictzip	prefix	753	2334
sample	prose_heavy	dict-index	dictzip	prefix	754	133000
sample	prose_heavy	dict-index	dictzip	prefix	755	141375
sample	prose_heavy	dict-index	dictzip	prefix	756	20625
sample	prose_heavy	dict-index	dictzip	prefix	757	1709
sample	prose_heavy	dict-index	dictzip	prefix	758	265541
sample	prose_heavy	dict-index	dictzip	prefix	759	337250
sample	prose_heavy	dict-index	dictzip	prefix	760	9208
sample	prose_heavy	dict-index	dictzip	prefix	761	1834
sample	prose_heavy	dict-index	dictzip	prefix	762	164708
sample	prose_heavy	dict-index	dictzip	prefix	763	133875
sample	prose_heavy	dict-index	dictzip	prefix	764	11500
sample	prose_heavy	dict-index	dictzip	prefix	765	708
sample	prose_heavy	dict-index	dictzip	prefix	766	135084
sample	prose_heavy	dict-index	dictzip	prefix	767	155833
sample	prose_heavy	dict-index	dictzip	prefix	768	7000
sample	prose_heavy	dict-index	dictzip	prefix	769	1875
sample	prose_heavy	dict-index	dictzip	prefix	770	142917
sample	prose_heavy	dict-index	dictzip	prefix	771	141166
sample	prose_heavy	dict-index	dictzip	prefix	772	17792
sample	prose_heavy	dict-index	dictzip	prefix	773	1083
sample	prose_heavy	dict-index	dictzip	prefix	774	143583
sample	prose_heavy	dict-index	dictzip	prefix	775	146333
sample	prose_heavy	dict-index	dictzip	prefix	776	8208
sample	prose_heavy	dict-index	dictzip	prefix	777	3042
sample	prose_heavy	dict-index	dictzip	prefix	778	137292
sample	prose_heavy	dict-index	dictzip	prefix	779	134625
sample	prose_heavy	dict-index	dictzip	prefix	780	11500
sample	prose_heavy	dict-index	dictzip	prefix	781	708
sample	prose_heavy	dict-index	dictzip	prefix	782	136000
sample	prose_heavy	dict-index	dictzip	prefix	783	136708
sample	prose_heavy	dict-index	dictzip	prefix	784	6709
sample	prose_heavy	dict-index	dictzip	prefix	785	6375
sample	prose_heavy	dict-index	dictzip	prefix	786	348625
sample	prose_heavy	dict-index	dictzip	prefix	787	143334
sample	prose_heavy	dict-index	dictzip	prefix	788	9709
sample	prose_heavy	dict-index	dictzip	prefix	789	792
sample	prose_heavy	dict-index	dictzip	prefix	790	137209
sample	prose_heavy	dict-index	dictzip	prefix	791	391875
sample	prose_heavy	dict-index	dictzip	prefix	792	13666
sample	prose_heavy	dict-index	dictzip	prefix	793	3250
sample	prose_heavy	dict-index	dictzip	prefix	794	556417
sample	prose_heavy	dict-index	dictzip	prefix	795	143500
sample	prose_heavy	dict-index	dictzip	prefix	796	21459
sample	prose_heavy	dict-index	dictzip	prefix	797	4708
sample	prose_heavy	dict-index	dictzip	prefix	798	353917
sample	prose_heavy	dict-index	dictzip	prefix	799	155167
sample	prose_heavy	dict-index	dictzip	prefix	800	9458
sample	prose_heavy	dict-index	dictzip	prefix	801	2084
sample	prose_heavy	dict-index	dictzip	prefix	802	151875
sample	prose_heavy	dict-index	dictzip	prefix	803	271583
sample	prose_heavy	dict-index	dictzip	prefix	804	13125
sample	prose_heavy	dict-index	dictzip	prefix	805	541
sample	prose_heavy	dict-index	dictzip	prefix	806	282625
sample	prose_heavy	dict-index	dictzip	prefix	807	180875
sample	prose_heavy	dict-index	dictzip	prefix	808	14208
sample	prose_heavy	dict-index	dictzip	prefix	809	5875
sample	prose_heavy	dict-index	dictzip	prefix	810	385000
sample	prose_heavy	dict-index	dictzip	prefix	811	149042
sample	prose_heavy	dict-index	dictzip	prefix	812	28875
sample	prose_heavy	dict-index	dictzip	prefix	813	5209
sample	prose_heavy	dict-index	dictzip	prefix	814	132916
sample	prose_heavy	dict-index	dictzip	prefix	815	145166
sample	prose_heavy	dict-index	dictzip	prefix	816	5417
sample	prose_heavy	dict-index	dictzip	prefix	817	1708
sample	prose_heavy	dict-index	dictzip	prefix	818	133416
sample	prose_heavy	dict-index	dictzip	prefix	819	144833
sample	prose_heavy	dict-index	dictzip	prefix	820	5041
sample	prose_heavy	dict-index	dictzip	prefix	821	709
sample	prose_heavy	dict-index	dictzip	prefix	822	142292
sample	prose_heavy	dict-index	dictzip	prefix	823	267709
sample	prose_heavy	dict-index	dictzip	prefix	824	8208
sample	prose_heavy	dict-index	dictzip	prefix	825	1875
sample	prose_heavy	dict-index	dictzip	prefix	826	138375
sample	prose_heavy	dict-index	dictzip	prefix	827	522416
sample	prose_heavy	dict-index	dictzip	prefix	828	20458
sample	prose_heavy	dict-index	dictzip	prefix	829	2875
sample	prose_heavy	dict-index	dictzip	prefix	830	356291
sample	prose_heavy	dict-index	dictzip	prefix	831	410458
sample	prose_heavy	dict-index	dictzip	prefix	832	10042
sample	prose_heavy	dict-index	dictzip	prefix	833	2084
sample	prose_heavy	dict-index	dictzip	prefix	834	345417
sample	prose_heavy	dict-index	dictzip	prefix	835	284209
sample	prose_heavy	dict-index	dictzip	prefix	836	7167
sample	prose_heavy	dict-index	dictzip	prefix	837	917
sample	prose_heavy	dict-index	dictzip	prefix	838	138375
sample	prose_heavy	dict-index	dictzip	prefix	839	445000
sample	prose_heavy	dict-index	dictzip	prefix	840	13291
sample	prose_heavy	dict-index	dictzip	prefix	841	3416
sample	prose_heavy	dict-index	dictzip	prefix	842	375250
sample	prose_heavy	dict-index	dictzip	prefix	843	359625
sample	prose_heavy	dict-index	dictzip	prefix	844	7542
sample	prose_heavy	dict-index	dictzip	prefix	845	625
sample	prose_heavy	dict-index	dictzip	prefix	846	136000
sample	prose_heavy	dict-index	dictzip	prefix	847	153125
sample	prose_heavy	dict-index	dictzip	prefix	848	8875
sample	prose_heavy	dict-index	dictzip	prefix	849	2917
sample	prose_heavy	dict-index	dictzip	prefix	850	170334
sample	prose_heavy	dict-index	dictzip	prefix	851	134792
sample	prose_heavy	dict-index	dictzip	prefix	852	3875
sample	prose_heavy	dict-index	dictzip	prefix	853	584
sample	prose_heavy	dict-index	dictzip	prefix	854	129667
sample	prose_heavy	dict-index	dictzip	prefix	855	160458
sample	prose_heavy	dict-index	dictzip	prefix	856	19459
sample	prose_heavy	dict-index	dictzip	prefix	857	3791
sample	prose_heavy	dict-index	dictzip	prefix	858	143958
sample	prose_heavy	dict-index	dictzip	prefix	859	485541
sample	prose_heavy	dict-index	dictzip	prefix	860	12583
sample	prose_heavy	dict-index	dictzip	prefix	861	667
sample	prose_heavy	dict-index	dictzip	prefix	862	136750
sample	prose_heavy	dict-index	dictzip	prefix	863	148334
sample	prose_heavy	dict-index	dictzip	prefix	864	7875
sample	prose_heavy	dict-index	dictzip	prefix	865	8417
sample	prose_heavy	dict-index	dictzip	prefix	866	358000
sample	prose_heavy	dict-index	dictzip	prefix	867	142500
sample	prose_heavy	dict-index	dictzip	prefix	868	9125
sample	prose_heavy	dict-index	dictzip	prefix	869	750
sample	prose_heavy	dict-index	dictzip	prefix	870	134417
sample	prose_heavy	dict-index	dictzip	prefix	871	364583
sample	prose_heavy	dict-index	dictzip	prefix	872	15500
sample	prose_heavy	dict-index	dictzip	prefix	873	4500
sample	prose_heavy	dict-index	dictzip	prefix	874	365375
sample	prose_heavy	dict-index	dictzip	prefix	875	207625
sample	prose_heavy	dict-index	dictzip	prefix	876	23375
sample	prose_heavy	dict-index	dictzip	prefix	877	3542
sample	prose_heavy	dict-index	dictzip	prefix	878	234084
sample	prose_heavy	dict-index	dictzip	prefix	879	1396542
sample	prose_heavy	dict-index	dictzip	prefix	880	7541
sample	prose_heavy	dict-index	dictzip	prefix	881	2625
sample	prose_heavy	dict-index	dictzip	prefix	882	138167
sample	prose_heavy	dict-index	dictzip	prefix	883	200792
sample	prose_heavy	dict-index	dictzip	prefix	884	19625
sample	prose_heavy	dict-index	dictzip	prefix	885	3375
sample	prose_heavy	dict-index	dictzip	prefix	886	243958
sample	prose_heavy	dict-index	dictzip	prefix	887	218792
sample	prose_heavy	dict-index	dictzip	prefix	888	10958
sample	prose_heavy	dict-index	dictzip	prefix	889	6375
sample	prose_heavy	dict-index	dictzip	prefix	890	395000
sample	prose_heavy	dict-index	dictzip	prefix	891	395541
sample	prose_heavy	dict-index	dictzip	prefix	892	18458
sample	prose_heavy	dict-index	dictzip	prefix	893	5333
sample	prose_heavy	dict-index	dictzip	prefix	894	965375
sample	prose_heavy	dict-index	dictzip	prefix	895	146292
sample	prose_heavy	dict-index	dictzip	prefix	896	9959
sample	prose_heavy	dict-index	dictzip	prefix	897	9208
sample	prose_heavy	dict-index	dictzip	prefix	898	466791
sample	prose_heavy	dict-index	dictzip	prefix	899	268334
sample	prose_heavy	dict-index	dictzip	prefix	900	10500
sample	prose_heavy	dict-index	dictzip	prefix	901	833
sample	prose_heavy	dict-index	dictzip	prefix	902	207917
sample	prose_heavy	dict-index	dictzip	prefix	903	149333
sample	prose_heavy	dict-index	dictzip	prefix	904	10125
sample	prose_heavy	dict-index	dictzip	prefix	905	2292
sample	prose_heavy	dict-index	dictzip	prefix	906	139084
sample	prose_heavy	dict-index	dictzip	prefix	907	570166
sample	prose_heavy	dict-index	dictzip	prefix	908	6583
sample	prose_heavy	dict-index	dictzip	prefix	909	708
sample	prose_heavy	dict-index	dictzip	prefix	910	134083
sample	prose_heavy	dict-index	dictzip	prefix	911	152792
sample	prose_heavy	dict-index	dictzip	prefix	912	6542
sample	prose_heavy	dict-index	dictzip	prefix	913	2000
sample	prose_heavy	dict-index	dictzip	prefix	914	131542
sample	prose_heavy	dict-index	dictzip	prefix	915	142375
sample	prose_heavy	dict-index	dictzip	prefix	916	10458
sample	prose_heavy	dict-index	dictzip	prefix	917	792
sample	prose_heavy	dict-index	dictzip	prefix	918	138167
sample	prose_heavy	dict-index	dictzip	prefix	919	141708
sample	prose_heavy	dict-index	dictzip	prefix	920	15500
sample	prose_heavy	dict-index	dictzip	prefix	921	3500
sample	prose_heavy	dict-index	dictzip	prefix	922	137250
sample	prose_heavy	dict-index	dictzip	prefix	923	275916
sample	prose_heavy	dict-index	dictzip	prefix	924	7708
sample	prose_heavy	dict-index	dictzip	prefix	925	750
sample	prose_heavy	dict-index	dictzip	prefix	926	873459
sample	prose_heavy	dict-index	dictzip	prefix	927	141375
sample	prose_heavy	dict-index	dictzip	prefix	928	8458
sample	prose_heavy	dict-index	dictzip	prefix	929	2000
sample	prose_heavy	dict-index	dictzip	prefix	930	516000
sample	prose_heavy	dict-index	dictzip	prefix	931	142709
sample	prose_heavy	dict-index	dictzip	prefix	932	12417
sample	prose_heavy	dict-index	dictzip	prefix	933	834
sample	prose_heavy	dict-index	dictzip	prefix	934	136583
sample	prose_heavy	dict-index	dictzip	prefix	935	185417
sample	prose_heavy	dict-index	dictzip	prefix	936	11416
sample	prose_heavy	dict-index	dictzip	prefix	937	2625
sample	prose_heavy	dict-index	dictzip	prefix	938	138958
sample	prose_heavy	dict-index	dictzip	prefix	939	140250
sample	prose_heavy	dict-index	dictzip	prefix	940	22667
sample	prose_heavy	dict-index	dictzip	prefix	941	1375
sample	prose_heavy	dict-index	dictzip	prefix	942	139083
sample	prose_heavy	dict-index	dictzip	prefix	943	131542
sample	prose_heavy	dict-index	dictzip	prefix	944	17041
sample	prose_heavy	dict-index	dictzip	prefix	945	3375
sample	prose_heavy	dict-index	dictzip	prefix	946	263291
sample	prose_heavy	dict-index	dictzip	prefix	947	137209
sample	prose_heavy	dict-index	dictzip	prefix	948	27291
sample	prose_heavy	dict-index	dictzip	prefix	949	2959
sample	prose_heavy	dict-index	dictzip	prefix	950	1329084
sample	prose_heavy	dict-index	dictzip	prefix	951	1511917
sample	prose_heavy	dict-index	dictzip	prefix	952	11000
sample	prose_heavy	dict-index	dictzip	prefix	953	1917
sample	prose_heavy	dict-index	dictzip	prefix	954	138083
sample	prose_heavy	dict-index	dictzip	prefix	955	510916
sample	prose_heavy	dict-index	dictzip	prefix	956	8209
sample	prose_heavy	dict-index	dictzip	prefix	957	708
sample	prose_heavy	dict-index	dictzip	prefix	958	133708
sample	prose_heavy	dict-index	dictzip	prefix	959	237459
sample	prose_heavy	dict-index	dictzip	prefix	960	8000
sample	prose_heavy	dict-index	dictzip	prefix	961	1625
sample	prose_heavy	dict-index	dictzip	prefix	962	135834
sample	prose_heavy	dict-index	dictzip	prefix	963	821458
sample	prose_heavy	dict-index	dictzip	prefix	964	7000
sample	prose_heavy	dict-index	dictzip	prefix	965	750
sample	prose_heavy	dict-index	dictzip	prefix	966	193709
sample	prose_heavy	dict-index	dictzip	prefix	967	143791
sample	prose_heavy	dict-index	dictzip	prefix	968	9583
sample	prose_heavy	dict-index	dictzip	prefix	969	2167
sample	prose_heavy	dict-index	dictzip	prefix	970	1001084
sample	prose_heavy	dict-index	dictzip	prefix	971	140583
sample	prose_heavy	dict-index	dictzip	prefix	972	22417
sample	prose_heavy	dict-index	dictzip	prefix	973	3709
sample	prose_heavy	dict-index	dictzip	prefix	974	136417
sample	prose_heavy	dict-index	dictzip	prefix	975	138000
sample	prose_heavy	dict-index	dictzip	prefix	976	5375
sample	prose_heavy	dict-index	dictzip	prefix	977	1500
sample	prose_heavy	dict-index	dictzip	prefix	978	135917
sample	prose_heavy	dict-index	dictzip	prefix	979	183750
sample	prose_heavy	dict-index	dictzip	prefix	980	9500
sample	prose_heavy	dict-index	dictzip	prefix	981	791
sample	prose_heavy	dict-index	dictzip	prefix	982	137125
sample	prose_heavy	dict-index	dictzip	prefix	983	148708
sample	prose_heavy	dict-index	dictzip	prefix	984	9500
sample	prose_heavy	dict-index	dictzip	prefix	985	3458
sample	prose_heavy	dict-index	dictzip	prefix	986	339083
sample	prose_heavy	dict-index	dictzip	prefix	987	155542
sample	prose_heavy	dict-index	dictzip	prefix	988	7709
sample	prose_heavy	dict-index	dictzip	prefix	989	750
sample	prose_heavy	dict-index	dictzip	prefix	990	137583
sample	prose_heavy	dict-index	dictzip	prefix	991	147625
sample	prose_heavy	dict-index	dictzip	prefix	992	8334
sample	prose_heavy	dict-index	dictzip	prefix	993	2167
sample	prose_heavy	dict-index	dictzip	prefix	994	135875
sample	prose_heavy	dict-index	dictzip	prefix	995	138666
sample	prose_heavy	dict-index	dictzip	prefix	996	16750
sample	prose_heavy	dict-index	dictzip	prefix	997	247250
sample	prose_heavy	dict-index	dictzip	prefix	998	361000
sample	prose_heavy	dict-index	dictzip	prefix	999	236542
sample	prose_heavy	dict-index	dictzip	render	0	6197375
sample	prose_heavy	dict-index	dictzip	render	1	7248333
sample	prose_heavy	dict-index	dictzip	render	2	5296333
sample	prose_heavy	dict-index	dictzip	render	3	6373708
sample	prose_heavy	dict-index	dictzip	render	4	8392625
sample	prose_heavy	dict-index	dictzip	render	5	6259542
sample	prose_heavy	dict-index	dictzip	render	6	5420208
sample	prose_heavy	dict-index	dictzip	render	7	5448166
sample	prose_heavy	dict-index	dictzip	render	8	9042250
sample	prose_heavy	dict-index	dictzip	render	9	7290875
sample	prose_heavy	dict-index	dictzip	render	10	5346500
sample	prose_heavy	dict-index	dictzip	render	11	6807166
sample	prose_heavy	dict-index	dictzip	render	12	10586125
sample	prose_heavy	dict-index	dictzip	render	13	5370750
sample	prose_heavy	dict-index	dictzip	render	14	5554709
sample	prose_heavy	dict-index	dictzip	render	15	6782208
sample	prose_heavy	dict-index	dictzip	render	16	9638667
sample	prose_heavy	dict-index	dictzip	render	17	6923708
sample	prose_heavy	dict-index	dictzip	render	18	7716167
sample	prose_heavy	dict-index	dictzip	render	19	7563875
sample	prose_heavy	dict-index	dictzip	render	20	5000625
sample	prose_heavy	dict-index	dictzip	render	21	6959625
sample	prose_heavy	dict-index	dictzip	render	22	8584584
sample	prose_heavy	dict-index	dictzip	render	23	7101792
sample	prose_heavy	dict-index	dictzip	render	24	4803083
sample	prose_heavy	dict-index	dictzip	render	25	7559292
sample	prose_heavy	dict-index	dictzip	render	26	9239792
sample	prose_heavy	dict-index	dictzip	render	27	4926875
sample	prose_heavy	dict-index	dictzip	render	28	5870125
sample	prose_heavy	dict-index	dictzip	render	29	7404584
sample	prose_heavy	dict-index	dictzip	render	30	7310708
sample	prose_heavy	dict-index	dictzip	render	31	6281750
sample	prose_heavy	dict-index	dictzip	render	32	5489500
sample	prose_heavy	dict-index	dictzip	render	33	5509917
sample	prose_heavy	dict-index	dictzip	render	34	8429208
sample	prose_heavy	dict-index	dictzip	render	35	5000916
sample	prose_heavy	dict-index	dictzip	render	36	6921500
sample	prose_heavy	dict-index	dictzip	render	37	7269208
sample	prose_heavy	dict-index	dictzip	render	38	6913667
sample	prose_heavy	dict-index	dictzip	render	39	5222875
sample	prose_heavy	dict-index	dictzip	render	40	7560041
sample	prose_heavy	dict-index	dictzip	render	41	8182833
sample	prose_heavy	dict-index	dictzip	render	42	5503917
sample	prose_heavy	dict-index	dictzip	render	43	5834791
sample	prose_heavy	dict-index	dictzip	render	44	6940792
sample	prose_heavy	dict-index	dictzip	render	45	7184334
sample	prose_heavy	dict-index	dictzip	render	46	6020625
sample	prose_heavy	dict-index	dictzip	render	47	6226625
sample	prose_heavy	dict-index	dictzip	render	48	6839750
sample	prose_heavy	dict-index	dictzip	render	49	6384875
sample	prose_heavy	dict-index	dictzip	render	50	4902292
sample	prose_heavy	dict-index	dictzip	render	51	7285833
sample	prose_heavy	dict-index	dictzip	render	52	5923792
sample	prose_heavy	dict-index	dictzip	render	53	9629958
sample	prose_heavy	dict-index	dictzip	render	54	4777167
sample	prose_heavy	dict-index	dictzip	render	55	7911500
sample	prose_heavy	dict-index	dictzip	render	56	9294500
sample	prose_heavy	dict-index	dictzip	render	57	5738625
sample	prose_heavy	dict-index	dictzip	render	58	6996541
sample	prose_heavy	dict-index	dictzip	render	59	6961792
sample	prose_heavy	dict-index	dictzip	render	60	6448458
sample	prose_heavy	dict-index	dictzip	render	61	5941542
sample	prose_heavy	dict-index	dictzip	render	62	6507750
sample	prose_heavy	dict-index	dictzip	render	63	7038958
sample	prose_heavy	dict-index	dictzip	render	64	6811000
sample	prose_heavy	dict-index	dictzip	render	65	6550292
sample	prose_heavy	dict-index	dictzip	render	66	5684291
sample	prose_heavy	dict-index	dictzip	render	67	8368333
sample	prose_heavy	dict-index	dictzip	render	68	6186000
sample	prose_heavy	dict-index	dictzip	render	69	5286084
sample	prose_heavy	dict-index	dictzip	render	70	7704750
sample	prose_heavy	dict-index	dictzip	render	71	8439667
sample	prose_heavy	dict-index	dictzip	render	72	4969333
sample	prose_heavy	dict-index	dictzip	render	73	5088834
sample	prose_heavy	dict-index	dictzip	render	74	6195708
sample	prose_heavy	dict-index	dictzip	render	75	6831917
sample	prose_heavy	dict-index	dictzip	render	76	6451459
sample	prose_heavy	dict-index	dictzip	render	77	6959292
sample	prose_heavy	dict-index	dictzip	render	78	7211709
sample	prose_heavy	dict-index	dictzip	render	79	8432041
sample	prose_heavy	dict-index	dictzip	render	80	5377750
sample	prose_heavy	dict-index	dictzip	render	81	6616625
sample	prose_heavy	dict-index	dictzip	render	82	6835916
sample	prose_heavy	dict-index	dictzip	render	83	8091584
sample	prose_heavy	dict-index	dictzip	render	84	4842292
sample	prose_heavy	dict-index	dictzip	render	85	5719792
sample	prose_heavy	dict-index	dictzip	render	86	6705750
sample	prose_heavy	dict-index	dictzip	render	87	7967291
sample	prose_heavy	dict-index	dictzip	render	88	5105709
sample	prose_heavy	dict-index	dictzip	render	89	5293542
sample	prose_heavy	dict-index	dictzip	render	90	6202125
sample	prose_heavy	dict-index	dictzip	render	91	6865834
sample	prose_heavy	dict-index	dictzip	render	92	4965125
sample	prose_heavy	dict-index	dictzip	render	93	5956000
sample	prose_heavy	dict-index	dictzip	render	94	8528542
sample	prose_heavy	dict-index	dictzip	render	95	6374916
sample	prose_heavy	dict-index	dictzip	render	96	5501250
sample	prose_heavy	dict-index	dictzip	render	97	5211209
sample	prose_heavy	dict-index	dictzip	render	98	8364959
sample	prose_heavy	dict-index	dictzip	render	99	8450208
sample	prose_heavy	dict-index	dictzip	render	100	5852542
sample	prose_heavy	dict-index	dictzip	render	101	5391916
sample	prose_heavy	dict-index	dictzip	render	102	6650291
sample	prose_heavy	dict-index	dictzip	render	103	5115709
sample	prose_heavy	dict-index	dictzip	render	104	6360417
sample	prose_heavy	dict-index	dictzip	render	105	10198834
sample	prose_heavy	dict-index	dictzip	render	106	8270833
sample	prose_heavy	dict-index	dictzip	render	107	5889250
sample	prose_heavy	dict-index	dictzip	render	108	5108417
sample	prose_heavy	dict-index	dictzip	render	109	7442208
sample	prose_heavy	dict-index	dictzip	render	110	6307083
sample	prose_heavy	dict-index	dictzip	render	111	5268750
sample	prose_heavy	dict-index	dictzip	render	112	5758667
sample	prose_heavy	dict-index	dictzip	render	113	9373708
sample	prose_heavy	dict-index	dictzip	render	114	7704375
sample	prose_heavy	dict-index	dictzip	render	115	6466458
sample	prose_heavy	dict-index	dictzip	render	116	5249833
sample	prose_heavy	dict-index	dictzip	render	117	6935208
sample	prose_heavy	dict-index	dictzip	render	118	4928459
sample	prose_heavy	dict-index	dictzip	render	119	5247333
sample	prose_heavy	dict-index	dictzip	render	120	7358000
sample	prose_heavy	dict-index	dictzip	render	121	7023791
sample	prose_heavy	dict-index	dictzip	render	122	6221459
sample	prose_heavy	dict-index	dictzip	render	123	4847916
sample	prose_heavy	dict-index	dictzip	render	124	6399667
sample	prose_heavy	dict-index	dictzip	render	125	7766792
sample	prose_heavy	dict-index	dictzip	render	126	4699958
sample	prose_heavy	dict-index	dictzip	render	127	4758042
sample	prose_heavy	dict-index	dictzip	render	128	5652833
sample	prose_heavy	dict-index	dictzip	render	129	8006208
sample	prose_heavy	dict-index	dictzip	render	130	6349375
sample	prose_heavy	dict-index	dictzip	render	131	6176375
sample	prose_heavy	dict-index	dictzip	render	132	6126167
sample	prose_heavy	dict-index	dictzip	render	133	10778792
sample	prose_heavy	dict-index	dictzip	render	134	6585750
sample	prose_heavy	dict-index	dictzip	render	135	6657750
sample	prose_heavy	dict-index	dictzip	render	136	8289000
sample	prose_heavy	dict-index	dictzip	render	137	9043333
sample	prose_heavy	dict-index	dictzip	render	138	9157500
sample	prose_heavy	dict-index	dictzip	render	139	7406416
sample	prose_heavy	dict-index	dictzip	render	140	7469750
sample	prose_heavy	dict-index	dictzip	render	141	7206959
sample	prose_heavy	dict-index	dictzip	render	142	6880958
sample	prose_heavy	dict-index	dictzip	render	143	7689917
sample	prose_heavy	dict-index	dictzip	render	144	6529750
sample	prose_heavy	dict-index	dictzip	render	145	4413084
sample	prose_heavy	dict-index	dictzip	render	146	8015792
sample	prose_heavy	dict-index	dictzip	render	147	9087042
sample	prose_heavy	dict-index	dictzip	render	148	5213083
sample	prose_heavy	dict-index	dictzip	render	149	9396208
sample	prose_heavy	dict-index	dictzip	render	150	7812667
sample	prose_heavy	dict-index	dictzip	render	151	7633125
sample	prose_heavy	dict-index	dictzip	render	152	8136958
sample	prose_heavy	dict-index	dictzip	render	153	8680791
sample	prose_heavy	dict-index	dictzip	render	154	7039000
sample	prose_heavy	dict-index	dictzip	render	155	6328791
sample	prose_heavy	dict-index	dictzip	render	156	5411333
sample	prose_heavy	dict-index	dictzip	render	157	7795125
sample	prose_heavy	dict-index	dictzip	render	158	7954208
sample	prose_heavy	dict-index	dictzip	render	159	5346292
sample	prose_heavy	dict-index	dictzip	render	160	5965916
sample	prose_heavy	dict-index	dictzip	render	161	5240875
sample	prose_heavy	dict-index	dictzip	render	162	5046000
sample	prose_heavy	dict-index	dictzip	render	163	6002583
sample	prose_heavy	dict-index	dictzip	render	164	7243583
sample	prose_heavy	dict-index	dictzip	render	165	10347542
sample	prose_heavy	dict-index	dictzip	render	166	5895084
sample	prose_heavy	dict-index	dictzip	render	167	5822291
sample	prose_heavy	dict-index	dictzip	render	168	5737458
sample	prose_heavy	dict-index	dictzip	render	169	6579375
sample	prose_heavy	dict-index	dictzip	render	170	4671917
sample	prose_heavy	dict-index	dictzip	render	171	4920125
sample	prose_heavy	dict-index	dictzip	render	172	7124458
sample	prose_heavy	dict-index	dictzip	render	173	7631625
sample	prose_heavy	dict-index	dictzip	render	174	6931541
sample	prose_heavy	dict-index	dictzip	render	175	6853333
sample	prose_heavy	dict-index	dictzip	render	176	7178917
sample	prose_heavy	dict-index	dictzip	render	177	5658625
sample	prose_heavy	dict-index	dictzip	render	178	5661917
sample	prose_heavy	dict-index	dictzip	render	179	6869041
sample	prose_heavy	dict-index	dictzip	render	180	7737292
sample	prose_heavy	dict-index	dictzip	render	181	7657792
sample	prose_heavy	dict-index	dictzip	render	182	7149375
sample	prose_heavy	dict-index	dictzip	render	183	4880500
sample	prose_heavy	dict-index	dictzip	render	184	5951416
sample	prose_heavy	dict-index	dictzip	render	185	5212250
sample	prose_heavy	dict-index	dictzip	render	186	5720250
sample	prose_heavy	dict-index	dictzip	render	187	8512834
sample	prose_heavy	dict-index	dictzip	render	188	8261542
sample	prose_heavy	dict-index	dictzip	render	189	7468000
sample	prose_heavy	dict-index	dictzip	render	190	5570625
sample	prose_heavy	dict-index	dictzip	render	191	7681583
sample	prose_heavy	dict-index	dictzip	render	192	6771000
sample	prose_heavy	dict-index	dictzip	render	193	5102583
sample	prose_heavy	dict-index	dictzip	render	194	8377459
sample	prose_heavy	dict-index	dictzip	render	195	9258958
sample	prose_heavy	dict-index	dictzip	render	196	6427042
sample	prose_heavy	dict-index	dictzip	render	197	7227417
sample	prose_heavy	dict-index	dictzip	render	198	7447500
sample	prose_heavy	dict-index	dictzip	render	199	6332125
sample	prose_heavy	dict-index	dictzip	render	200	5378667
sample	prose_heavy	dict-index	dictzip	render	201	9937291
sample	prose_heavy	dict-index	dictzip	render	202	8737584
sample	prose_heavy	dict-index	dictzip	render	203	6809792
sample	prose_heavy	dict-index	dictzip	render	204	6965500
sample	prose_heavy	dict-index	dictzip	render	205	5185792
sample	prose_heavy	dict-index	dictzip	render	206	8013916
sample	prose_heavy	dict-index	dictzip	render	207	6238125
sample	prose_heavy	dict-index	dictzip	render	208	6286667
sample	prose_heavy	dict-index	dictzip	render	209	6347208
sample	prose_heavy	dict-index	dictzip	render	210	8086958
sample	prose_heavy	dict-index	dictzip	render	211	5943292
sample	prose_heavy	dict-index	dictzip	render	212	6847542
sample	prose_heavy	dict-index	dictzip	render	213	7011083
sample	prose_heavy	dict-index	dictzip	render	214	5905208
sample	prose_heavy	dict-index	dictzip	render	215	5897500
sample	prose_heavy	dict-index	dictzip	render	216	5691541
sample	prose_heavy	dict-index	dictzip	render	217	6860208
sample	prose_heavy	dict-index	dictzip	render	218	7646375
sample	prose_heavy	dict-index	dictzip	render	219	7244334
sample	prose_heavy	dict-index	dictzip	render	220	7554750
sample	prose_heavy	dict-index	dictzip	render	221	8140292
sample	prose_heavy	dict-index	dictzip	render	222	5708500
sample	prose_heavy	dict-index	dictzip	render	223	5711792
sample	prose_heavy	dict-index	dictzip	render	224	7189458
sample	prose_heavy	dict-index	dictzip	render	225	10406416
sample	prose_heavy	dict-index	dictzip	render	226	6539125
sample	prose_heavy	dict-index	dictzip	render	227	5718917
sample	prose_heavy	dict-index	dictzip	render	228	8101167
sample	prose_heavy	dict-index	dictzip	render	229	7726833
sample	prose_heavy	dict-index	dictzip	render	230	7824458
sample	prose_heavy	dict-index	dictzip	render	231	11013666
sample	prose_heavy	dict-index	dictzip	render	232	10080917
sample	prose_heavy	dict-index	dictzip	render	233	10061250
sample	prose_heavy	dict-index	dictzip	render	234	7161875
sample	prose_heavy	dict-index	dictzip	render	235	7173125
sample	prose_heavy	dict-index	dictzip	render	236	7092584
sample	prose_heavy	dict-index	dictzip	render	237	9213375
sample	prose_heavy	dict-index	dictzip	render	238	7755333
sample	prose_heavy	dict-index	dictzip	render	239	5994667
sample	prose_heavy	dict-index	dictzip	render	240	8526792
sample	prose_heavy	dict-index	dictzip	render	241	7427208
sample	prose_heavy	dict-index	dictzip	render	242	5892750
sample	prose_heavy	dict-index	dictzip	render	243	5941333
sample	prose_heavy	dict-index	dictzip	render	244	5591666
sample	prose_heavy	dict-index	dictzip	render	245	9527459
sample	prose_heavy	dict-index	dictzip	render	246	7958166
sample	prose_heavy	dict-index	dictzip	render	247	8419416
sample	prose_heavy	dict-index	dictzip	render	248	9596541
sample	prose_heavy	dict-index	dictzip	render	249	6391875
sample	prose_heavy	dict-index	dictzip	render	250	7126666
sample	prose_heavy	dict-index	dictzip	render	251	9845000
sample	prose_heavy	dict-index	dictzip	render	252	6962042
sample	prose_heavy	dict-index	dictzip	render	253	5490417
sample	prose_heavy	dict-index	dictzip	render	254	6538125
sample	prose_heavy	dict-index	dictzip	render	255	9626875
sample	prose_heavy	dict-index	dictzip	render	256	7634709
sample	prose_heavy	dict-index	dictzip	render	257	11819458
sample	prose_heavy	dict-index	dictzip	render	258	13285042
sample	prose_heavy	dict-index	dictzip	render	259	7133458
sample	prose_heavy	dict-index	dictzip	render	260	8919000
sample	prose_heavy	dict-index	dictzip	render	261	7074958
sample	prose_heavy	dict-index	dictzip	render	262	5936334
sample	prose_heavy	dict-index	dictzip	render	263	5865250
sample	prose_heavy	dict-index	dictzip	render	264	9063500
sample	prose_heavy	dict-index	dictzip	render	265	7921333
sample	prose_heavy	dict-index	dictzip	render	266	6916334
sample	prose_heavy	dict-index	dictzip	render	267	9929666
sample	prose_heavy	dict-index	dictzip	render	268	7264750
sample	prose_heavy	dict-index	dictzip	render	269	7262500
sample	prose_heavy	dict-index	dictzip	render	270	8050584
sample	prose_heavy	dict-index	dictzip	render	271	10298959
sample	prose_heavy	dict-index	dictzip	render	272	6984542
sample	prose_heavy	dict-index	dictzip	render	273	7585708
sample	prose_heavy	dict-index	dictzip	render	274	4694583
sample	prose_heavy	dict-index	dictzip	render	275	7214834
sample	prose_heavy	dict-index	dictzip	render	276	6335083
sample	prose_heavy	dict-index	dictzip	render	277	5629667
sample	prose_heavy	dict-index	dictzip	render	278	7172625
sample	prose_heavy	dict-index	dictzip	render	279	9918250
sample	prose_heavy	dict-index	dictzip	render	280	4857334
sample	prose_heavy	dict-index	dictzip	render	281	6267917
sample	prose_heavy	dict-index	dictzip	render	282	8278666
sample	prose_heavy	dict-index	dictzip	render	283	6857333
sample	prose_heavy	dict-index	dictzip	render	284	7685083
sample	prose_heavy	dict-index	dictzip	render	285	6914208
sample	prose_heavy	dict-index	dictzip	render	286	9871500
sample	prose_heavy	dict-index	dictzip	render	287	6261792
sample	prose_heavy	dict-index	dictzip	render	288	5299166
sample	prose_heavy	dict-index	dictzip	render	289	7378000
sample	prose_heavy	dict-index	dictzip	render	290	6367500
sample	prose_heavy	dict-index	dictzip	render	291	4118916
sample	prose_heavy	dict-index	dictzip	render	292	6631750
sample	prose_heavy	dict-index	dictzip	render	293	8244625
sample	prose_heavy	dict-index	dictzip	render	294	7488750
sample	prose_heavy	dict-index	dictzip	render	295	4614917
sample	prose_heavy	dict-index	dictzip	render	296	5334375
sample	prose_heavy	dict-index	dictzip	render	297	7055750
sample	prose_heavy	dict-index	dictzip	render	298	6469000
sample	prose_heavy	dict-index	dictzip	render	299	5503291
sample	prose_heavy	dict-index	dictzip	render	300	6010833
sample	prose_heavy	dict-index	dictzip	render	301	5990250
sample	prose_heavy	dict-index	dictzip	render	302	7836958
sample	prose_heavy	dict-index	dictzip	render	303	6035333
sample	prose_heavy	dict-index	dictzip	render	304	5751125
sample	prose_heavy	dict-index	dictzip	render	305	6194334
sample	prose_heavy	dict-index	dictzip	render	306	7947167
sample	prose_heavy	dict-index	dictzip	render	307	4957625
sample	prose_heavy	dict-index	dictzip	render	308	6245833
sample	prose_heavy	dict-index	dictzip	render	309	6715583
sample	prose_heavy	dict-index	dictzip	render	310	8012625
sample	prose_heavy	dict-index	dictzip	render	311	6399333
sample	prose_heavy	dict-index	dictzip	render	312	7577875
sample	prose_heavy	dict-index	dictzip	render	313	8022917
sample	prose_heavy	dict-index	dictzip	render	314	6361541
sample	prose_heavy	dict-index	dictzip	render	315	5042792
sample	prose_heavy	dict-index	dictzip	render	316	5817541
sample	prose_heavy	dict-index	dictzip	render	317	6800583
sample	prose_heavy	dict-index	dictzip	render	318	7300000
sample	prose_heavy	dict-index	dictzip	render	319	7716166
sample	prose_heavy	dict-index	dictzip	render	320	6643875
sample	prose_heavy	dict-index	dictzip	render	321	6245542
sample	prose_heavy	dict-index	dictzip	render	322	6931084
sample	prose_heavy	dict-index	dictzip	render	323	4992292
sample	prose_heavy	dict-index	dictzip	render	324	5108583
sample	prose_heavy	dict-index	dictzip	render	325	5714583
sample	prose_heavy	dict-index	dictzip	render	326	5494209
sample	prose_heavy	dict-index	dictzip	render	327	8240625
sample	prose_heavy	dict-index	dictzip	render	328	6812667
sample	prose_heavy	dict-index	dictzip	render	329	5003666
sample	prose_heavy	dict-index	dictzip	render	330	6775083
sample	prose_heavy	dict-index	dictzip	render	331	6628584
sample	prose_heavy	dict-index	dictzip	render	332	4158875
sample	prose_heavy	dict-index	dictzip	render	333	5794291
sample	prose_heavy	dict-index	dictzip	render	334	5762417
sample	prose_heavy	dict-index	dictzip	render	335	9337833
sample	prose_heavy	dict-index	dictzip	render	336	5937042
sample	prose_heavy	dict-index	dictzip	render	337	7137500
sample	prose_heavy	dict-index	dictzip	render	338	8210917
sample	prose_heavy	dict-index	dictzip	render	339	6123125
sample	prose_heavy	dict-index	dictzip	render	340	4361792
sample	prose_heavy	dict-index	dictzip	render	341	5044875
sample	prose_heavy	dict-index	dictzip	render	342	5936792
sample	prose_heavy	dict-index	dictzip	render	343	7169334
sample	prose_heavy	dict-index	dictzip	render	344	6877500
sample	prose_heavy	dict-index	dictzip	render	345	6708875
sample	prose_heavy	dict-index	dictzip	render	346	9164792
sample	prose_heavy	dict-index	dictzip	render	347	8625333
sample	prose_heavy	dict-index	dictzip	render	348	4528083
sample	prose_heavy	dict-index	dictzip	render	349	5801625
sample	prose_heavy	dict-index	dictzip	render	350	6103833
sample	prose_heavy	dict-index	dictzip	render	351	6686417
sample	prose_heavy	dict-index	dictzip	render	352	4632500
sample	prose_heavy	dict-index	dictzip	render	353	5025708
sample	prose_heavy	dict-index	dictzip	render	354	5178917
sample	prose_heavy	dict-index	dictzip	render	355	7181791
sample	prose_heavy	dict-index	dictzip	render	356	4782042
sample	prose_heavy	dict-index	dictzip	render	357	6323916
sample	prose_heavy	dict-index	dictzip	render	358	6065250
sample	prose_heavy	dict-index	dictzip	render	359	6842458
sample	prose_heavy	dict-index	dictzip	render	360	6942000
sample	prose_heavy	dict-index	dictzip	render	361	5640542
sample	prose_heavy	dict-index	dictzip	render	362	5433459
sample	prose_heavy	dict-index	dictzip	render	363	6521167
sample	prose_heavy	dict-index	dictzip	render	364	5238708
sample	prose_heavy	dict-index	dictzip	render	365	6699083
sample	prose_heavy	dict-index	dictzip	render	366	6860708
sample	prose_heavy	dict-index	dictzip	render	367	7648708
sample	prose_heavy	dict-index	dictzip	render	368	5222500
sample	prose_heavy	dict-index	dictzip	render	369	4997458
sample	prose_heavy	dict-index	dictzip	render	370	5951625
sample	prose_heavy	dict-index	dictzip	render	371	7014833
sample	prose_heavy	dict-index	dictzip	render	372	6516084
sample	prose_heavy	dict-index	dictzip	render	373	5608916
sample	prose_heavy	dict-index	dictzip	render	374	5563500
sample	prose_heavy	dict-index	dictzip	render	375	5592000
sample	prose_heavy	dict-index	dictzip	render	376	8045917
sample	prose_heavy	dict-index	dictzip	render	377	5728334
sample	prose_heavy	dict-index	dictzip	render	378	6662000
sample	prose_heavy	dict-index	dictzip	render	379	6446125
sample	prose_heavy	dict-index	dictzip	render	380	6630125
sample	prose_heavy	dict-index	dictzip	render	381	4076208
sample	prose_heavy	dict-index	dictzip	render	382	4582125
sample	prose_heavy	dict-index	dictzip	render	383	6074833
sample	prose_heavy	dict-index	dictzip	render	384	5986834
sample	prose_heavy	dict-index	dictzip	render	385	5601125
sample	prose_heavy	dict-index	dictzip	render	386	5801084
sample	prose_heavy	dict-index	dictzip	render	387	6790250
sample	prose_heavy	dict-index	dictzip	render	388	8839000
sample	prose_heavy	dict-index	dictzip	render	389	4431750
sample	prose_heavy	dict-index	dictzip	render	390	4555166
sample	prose_heavy	dict-index	dictzip	render	391	6476084
sample	prose_heavy	dict-index	dictzip	render	392	7300375
sample	prose_heavy	dict-index	dictzip	render	393	7098125
sample	prose_heavy	dict-index	dictzip	render	394	4813958
sample	prose_heavy	dict-index	dictzip	render	395	7322583
sample	prose_heavy	dict-index	dictzip	render	396	6250583
sample	prose_heavy	dict-index	dictzip	render	397	4632125
sample	prose_heavy	dict-index	dictzip	render	398	5886542
sample	prose_heavy	dict-index	dictzip	render	399	5307458
sample	prose_heavy	dict-index	dictzip	render	400	8653459
sample	prose_heavy	dict-index	dictzip	render	401	6231584
sample	prose_heavy	dict-index	dictzip	render	402	5064458
sample	prose_heavy	dict-index	dictzip	render	403	6005667
sample	prose_heavy	dict-index	dictzip	render	404	7194667
sample	prose_heavy	dict-index	dictzip	render	405	5064209
sample	prose_heavy	dict-index	dictzip	render	406	5037000
sample	prose_heavy	dict-index	dictzip	render	407	6790042
sample	prose_heavy	dict-index	dictzip	render	408	9057542
sample	prose_heavy	dict-index	dictzip	render	409	6283791
sample	prose_heavy	dict-index	dictzip	render	410	5006083
sample	prose_heavy	dict-index	dictzip	render	411	6072667
sample	prose_heavy	dict-index	dictzip	render	412	6008375
sample	prose_heavy	dict-index	dictzip	render	413	6056583
sample	prose_heavy	dict-index	dictzip	render	414	4479125
sample	prose_heavy	dict-index	dictzip	render	415	4715208
sample	prose_heavy	dict-index	dictzip	render	416	6206708
sample	prose_heavy	dict-index	dictzip	render	417	7237042
sample	prose_heavy	dict-index	dictzip	render	418	6590000
sample	prose_heavy	dict-index	dictzip	render	419	4983708
sample	prose_heavy	dict-index	dictzip	render	420	5724250
sample	prose_heavy	dict-index	dictzip	render	421	8542791
sample	prose_heavy	dict-index	dictzip	render	422	6459833
sample	prose_heavy	dict-index	dictzip	render	423	6747042
sample	prose_heavy	dict-index	dictzip	render	424	9145792
sample	prose_heavy	dict-index	dictzip	render	425	8322709
sample	prose_heavy	dict-index	dictzip	render	426	5466875
sample	prose_heavy	dict-index	dictzip	render	427	7737959
sample	prose_heavy	dict-index	dictzip	render	428	7725500
sample	prose_heavy	dict-index	dictzip	render	429	5617459
sample	prose_heavy	dict-index	dictzip	render	430	8028875
sample	prose_heavy	dict-index	dictzip	render	431	7782291
sample	prose_heavy	dict-index	dictzip	render	432	6111333
sample	prose_heavy	dict-index	dictzip	render	433	5550375
sample	prose_heavy	dict-index	dictzip	render	434	5197625
sample	prose_heavy	dict-index	dictzip	render	435	5508625
sample	prose_heavy	dict-index	dictzip	render	436	5909916
sample	prose_heavy	dict-index	dictzip	render	437	5370458
sample	prose_heavy	dict-index	dictzip	render	438	7399334
sample	prose_heavy	dict-index	dictzip	render	439	7059625
sample	prose_heavy	dict-index	dictzip	render	440	7542584
sample	prose_heavy	dict-index	dictzip	render	441	4779250
sample	prose_heavy	dict-index	dictzip	render	442	5161584
sample	prose_heavy	dict-index	dictzip	render	443	7614834
sample	prose_heavy	dict-index	dictzip	render	444	5822792
sample	prose_heavy	dict-index	dictzip	render	445	5062833
sample	prose_heavy	dict-index	dictzip	render	446	5907417
sample	prose_heavy	dict-index	dictzip	render	447	5709042
sample	prose_heavy	dict-index	dictzip	render	448	6868708
sample	prose_heavy	dict-index	dictzip	render	449	6175209
sample	prose_heavy	dict-index	dictzip	render	450	4701709
sample	prose_heavy	dict-index	dictzip	render	451	6545417
sample	prose_heavy	dict-index	dictzip	render	452	6708125
sample	prose_heavy	dict-index	dictzip	render	453	6080500
sample	prose_heavy	dict-index	dictzip	render	454	4089541
sample	prose_heavy	dict-index	dictzip	render	455	4505500
sample	prose_heavy	dict-index	dictzip	render	456	5720625
sample	prose_heavy	dict-index	dictzip	render	457	7933542
sample	prose_heavy	dict-index	dictzip	render	458	5496708
sample	prose_heavy	dict-index	dictzip	render	459	5191250
sample	prose_heavy	dict-index	dictzip	render	460	6337458
sample	prose_heavy	dict-index	dictzip	render	461	9319208
sample	prose_heavy	dict-index	dictzip	render	462	5351000
sample	prose_heavy	dict-index	dictzip	render	463	5089917
sample	prose_heavy	dict-index	dictzip	render	464	5271292
sample	prose_heavy	dict-index	dictzip	render	465	7731417
sample	prose_heavy	dict-index	dictzip	render	466	8295000
sample	prose_heavy	dict-index	dictzip	render	467	6032709
sample	prose_heavy	dict-index	dictzip	render	468	5895500
sample	prose_heavy	dict-index	dictzip	render	469	5428917
sample	prose_heavy	dict-index	dictzip	render	470	5263917
sample	prose_heavy	dict-index	dictzip	render	471	4971208
sample	prose_heavy	dict-index	dictzip	render	472	7301042
sample	prose_heavy	dict-index	dictzip	render	473	7460333
sample	prose_heavy	dict-index	dictzip	render	474	7503916
sample	prose_heavy	dict-index	dictzip	render	475	5164584
sample	prose_heavy	dict-index	dictzip	render	476	6182167
sample	prose_heavy	dict-index	dictzip	render	477	6060250
sample	prose_heavy	dict-index	dictzip	render	478	6084709
sample	prose_heavy	dict-index	dictzip	render	479	4333583
sample	prose_heavy	dict-index	dictzip	render	480	5874459
sample	prose_heavy	dict-index	dictzip	render	481	6334208
sample	prose_heavy	dict-index	dictzip	render	482	8191500
sample	prose_heavy	dict-index	dictzip	render	483	5928833
sample	prose_heavy	dict-index	dictzip	render	484	5803584
sample	prose_heavy	dict-index	dictzip	render	485	8450167
sample	prose_heavy	dict-index	dictzip	render	486	5652792
sample	prose_heavy	dict-index	dictzip	render	487	5023375
sample	prose_heavy	dict-index	dictzip	render	488	6998916
sample	prose_heavy	dict-index	dictzip	render	489	8036708
sample	prose_heavy	dict-index	dictzip	render	490	6344541
sample	prose_heavy	dict-index	dictzip	render	491	5119292
sample	prose_heavy	dict-index	dictzip	render	492	6015042
sample	prose_heavy	dict-index	dictzip	render	493	7580375
sample	prose_heavy	dict-index	dictzip	render	494	4805125
sample	prose_heavy	dict-index	dictzip	render	495	4674834
sample	prose_heavy	dict-index	dictzip	render	496	4586167
sample	prose_heavy	dict-index	dictzip	render	497	6162541
sample	prose_heavy	dict-index	dictzip	render	498	6926708
sample	prose_heavy	dict-index	dictzip	render	499	6483000
sample	prose_heavy	dict-index	dictzip	render	500	4839834
sample	prose_heavy	dict-index	dictzip	render	501	4609666
sample	prose_heavy	dict-index	dictzip	render	502	6440042
sample	prose_heavy	dict-index	dictzip	render	503	6379583
sample	prose_heavy	dict-index	dictzip	render	504	6072583
sample	prose_heavy	dict-index	dictzip	render	505	6953667
sample	prose_heavy	dict-index	dictzip	render	506	7528125
sample	prose_heavy	dict-index	dictzip	render	507	6227542
sample	prose_heavy	dict-index	dictzip	render	508	4409709
sample	prose_heavy	dict-index	dictzip	render	509	5715917
sample	prose_heavy	dict-index	dictzip	render	510	7532208
sample	prose_heavy	dict-index	dictzip	render	511	6119125
sample	prose_heavy	dict-index	dictzip	render	512	5947459
sample	prose_heavy	dict-index	dictzip	render	513	5605750
sample	prose_heavy	dict-index	dictzip	render	514	8438375
sample	prose_heavy	dict-index	dictzip	render	515	5699958
sample	prose_heavy	dict-index	dictzip	render	516	4346292
sample	prose_heavy	dict-index	dictzip	render	517	5216459
sample	prose_heavy	dict-index	dictzip	render	518	6101458
sample	prose_heavy	dict-index	dictzip	render	519	7036333
sample	prose_heavy	dict-index	dictzip	render	520	5138959
sample	prose_heavy	dict-index	dictzip	render	521	5642334
sample	prose_heavy	dict-index	dictzip	render	522	6129708
sample	prose_heavy	dict-index	dictzip	render	523	5378625
sample	prose_heavy	dict-index	dictzip	render	524	5771916
sample	prose_heavy	dict-index	dictzip	render	525	4590667
sample	prose_heavy	dict-index	dictzip	render	526	6221459
sample	prose_heavy	dict-index	dictzip	render	527	6283250
sample	prose_heavy	dict-index	dictzip	render	528	6229042
sample	prose_heavy	dict-index	dictzip	render	529	4771375
sample	prose_heavy	dict-index	dictzip	render	530	6028750
sample	prose_heavy	dict-index	dictzip	render	531	5288208
sample	prose_heavy	dict-index	dictzip	render	532	7789625
sample	prose_heavy	dict-index	dictzip	render	533	5807958
sample	prose_heavy	dict-index	dictzip	render	534	6211458
sample	prose_heavy	dict-index	dictzip	render	535	6634125
sample	prose_heavy	dict-index	dictzip	render	536	6370125
sample	prose_heavy	dict-index	dictzip	render	537	4520459
sample	prose_heavy	dict-index	dictzip	render	538	5160208
sample	prose_heavy	dict-index	dictzip	render	539	5639875
sample	prose_heavy	dict-index	dictzip	render	540	7051667
sample	prose_heavy	dict-index	dictzip	render	541	6662000
sample	prose_heavy	dict-index	dictzip	render	542	5224250
sample	prose_heavy	dict-index	dictzip	render	543	5387125
sample	prose_heavy	dict-index	dictzip	render	544	7426333
sample	prose_heavy	dict-index	dictzip	render	545	4855083
sample	prose_heavy	dict-index	dictzip	render	546	5315750
sample	prose_heavy	dict-index	dictzip	render	547	7123916
sample	prose_heavy	dict-index	dictzip	render	548	7410708
sample	prose_heavy	dict-index	dictzip	render	549	6142167
sample	prose_heavy	dict-index	dictzip	render	550	4759667
sample	prose_heavy	dict-index	dictzip	render	551	6379584
sample	prose_heavy	dict-index	dictzip	render	552	6137625
sample	prose_heavy	dict-index	dictzip	render	553	5672708
sample	prose_heavy	dict-index	dictzip	render	554	4118792
sample	prose_heavy	dict-index	dictzip	render	555	4677917
sample	prose_heavy	dict-index	dictzip	render	556	6891917
sample	prose_heavy	dict-index	dictzip	render	557	7948042
sample	prose_heavy	dict-index	dictzip	render	558	5887250
sample	prose_heavy	dict-index	dictzip	render	559	5818167
sample	prose_heavy	dict-index	dictzip	render	560	8008291
sample	prose_heavy	dict-index	dictzip	render	561	6100750
sample	prose_heavy	dict-index	dictzip	render	562	4724292
sample	prose_heavy	dict-index	dictzip	render	563	6262834
sample	prose_heavy	dict-index	dictzip	render	564	5794667
sample	prose_heavy	dict-index	dictzip	render	565	9329417
sample	prose_heavy	dict-index	dictzip	render	566	4911792
sample	prose_heavy	dict-index	dictzip	render	567	5663375
sample	prose_heavy	dict-index	dictzip	render	568	5653000
sample	prose_heavy	dict-index	dictzip	render	569	7142459
sample	prose_heavy	dict-index	dictzip	render	570	5240167
sample	prose_heavy	dict-index	dictzip	render	571	5380583
sample	prose_heavy	dict-index	dictzip	render	572	6602625
sample	prose_heavy	dict-index	dictzip	render	573	7197959
sample	prose_heavy	dict-index	dictzip	render	574	6304708
sample	prose_heavy	dict-index	dictzip	render	575	4568500
sample	prose_heavy	dict-index	dictzip	render	576	4869208
sample	prose_heavy	dict-index	dictzip	render	577	6392792
sample	prose_heavy	dict-index	dictzip	render	578	6071375
sample	prose_heavy	dict-index	dictzip	render	579	4965875
sample	prose_heavy	dict-index	dictzip	render	580	6222208
sample	prose_heavy	dict-index	dictzip	render	581	5734750
sample	prose_heavy	dict-index	dictzip	render	582	6653334
sample	prose_heavy	dict-index	dictzip	render	583	6348792
sample	prose_heavy	dict-index	dictzip	render	584	4377291
sample	prose_heavy	dict-index	dictzip	render	585	5187667
sample	prose_heavy	dict-index	dictzip	render	586	6579375
sample	prose_heavy	dict-index	dictzip	render	587	6022916
sample	prose_heavy	dict-index	dictzip	render	588	5607750
sample	prose_heavy	dict-index	dictzip	render	589	5329083
sample	prose_heavy	dict-index	dictzip	render	590	6340208
sample	prose_heavy	dict-index	dictzip	render	591	6607709
sample	prose_heavy	dict-index	dictzip	render	592	4611292
sample	prose_heavy	dict-index	dictzip	render	593	5999500
sample	prose_heavy	dict-index	dictzip	render	594	7860708
sample	prose_heavy	dict-index	dictzip	render	595	6460375
sample	prose_heavy	dict-index	dictzip	render	596	5002834
sample	prose_heavy	dict-index	dictzip	render	597	6203167
sample	prose_heavy	dict-index	dictzip	render	598	7391000
sample	prose_heavy	dict-index	dictzip	render	599	7230583
sample	prose_heavy	dict-index	dictzip	render	600	3989209
sample	prose_heavy	dict-index	dictzip	render	601	5707375
sample	prose_heavy	dict-index	dictzip	render	602	6552709
sample	prose_heavy	dict-index	dictzip	render	603	7023000
sample	prose_heavy	dict-index	dictzip	render	604	5449792
sample	prose_heavy	dict-index	dictzip	render	605	5457208
sample	prose_heavy	dict-index	dictzip	render	606	8564375
sample	prose_heavy	dict-index	dictzip	render	607	6180583
sample	prose_heavy	dict-index	dictzip	render	608	5023875
sample	prose_heavy	dict-index	dictzip	render	609	4921292
sample	prose_heavy	dict-index	dictzip	render	610	7270333
sample	prose_heavy	dict-index	dictzip	render	611	5924250
sample	prose_heavy	dict-index	dictzip	render	612	4343625
sample	prose_heavy	dict-index	dictzip	render	613	5030166
sample	prose_heavy	dict-index	dictzip	render	614	6189917
sample	prose_heavy	dict-index	dictzip	render	615	5556708
sample	prose_heavy	dict-index	dictzip	render	616	4577667
sample	prose_heavy	dict-index	dictzip	render	617	7365041
sample	prose_heavy	dict-index	dictzip	render	618	7775375
sample	prose_heavy	dict-index	dictzip	render	619	6522292
sample	prose_heavy	dict-index	dictzip	render	620	5008208
sample	prose_heavy	dict-index	dictzip	render	621	5442709
sample	prose_heavy	dict-index	dictzip	render	622	6100542
sample	prose_heavy	dict-index	dictzip	render	623	9865667
sample	prose_heavy	dict-index	dictzip	render	624	5675417
sample	prose_heavy	dict-index	dictzip	render	625	5351708
sample	prose_heavy	dict-index	dictzip	render	626	8037208
sample	prose_heavy	dict-index	dictzip	render	627	4840083
sample	prose_heavy	dict-index	dictzip	render	628	4440709
sample	prose_heavy	dict-index	dictzip	render	629	6922791
sample	prose_heavy	dict-index	dictzip	render	630	8802458
sample	prose_heavy	dict-index	dictzip	render	631	7759917
sample	prose_heavy	dict-index	dictzip	render	632	6169292
sample	prose_heavy	dict-index	dictzip	render	633	6035167
sample	prose_heavy	dict-index	dictzip	render	634	8346166
sample	prose_heavy	dict-index	dictzip	render	635	5569833
sample	prose_heavy	dict-index	dictzip	render	636	4607708
sample	prose_heavy	dict-index	dictzip	render	637	7143958
sample	prose_heavy	dict-index	dictzip	render	638	6851625
sample	prose_heavy	dict-index	dictzip	render	639	5856167
sample	prose_heavy	dict-index	dictzip	render	640	6083375
sample	prose_heavy	dict-index	dictzip	render	641	5386000
sample	prose_heavy	dict-index	dictzip	render	642	6743250
sample	prose_heavy	dict-index	dictzip	render	643	5448875
sample	prose_heavy	dict-index	dictzip	render	644	5144041
sample	prose_heavy	dict-index	dictzip	render	645	6968708
sample	prose_heavy	dict-index	dictzip	render	646	7658292
sample	prose_heavy	dict-index	dictzip	render	647	6346208
sample	prose_heavy	dict-index	dictzip	render	648	5260833
sample	prose_heavy	dict-index	dictzip	render	649	5518208
sample	prose_heavy	dict-index	dictzip	render	650	6840750
sample	prose_heavy	dict-index	dictzip	render	651	5607208
sample	prose_heavy	dict-index	dictzip	render	652	4954541
sample	prose_heavy	dict-index	dictzip	render	653	7038750
sample	prose_heavy	dict-index	dictzip	render	654	6920500
sample	prose_heavy	dict-index	dictzip	render	655	5685791
sample	prose_heavy	dict-index	dictzip	render	656	5050958
sample	prose_heavy	dict-index	dictzip	render	657	5458916
sample	prose_heavy	dict-index	dictzip	render	658	6274667
sample	prose_heavy	dict-index	dictzip	render	659	6842459
sample	prose_heavy	dict-index	dictzip	render	660	4913792
sample	prose_heavy	dict-index	dictzip	render	661	6053750
sample	prose_heavy	dict-index	dictzip	render	662	8013375
sample	prose_heavy	dict-index	dictzip	render	663	7236333
sample	prose_heavy	dict-index	dictzip	render	664	4497042
sample	prose_heavy	dict-index	dictzip	render	665	6925792
sample	prose_heavy	dict-index	dictzip	render	666	9646000
sample	prose_heavy	dict-index	dictzip	render	667	5308834
sample	prose_heavy	dict-index	dictzip	render	668	8233334
sample	prose_heavy	dict-index	dictzip	render	669	9998708
sample	prose_heavy	dict-index	dictzip	render	670	8652791
sample	prose_heavy	dict-index	dictzip	render	671	6174625
sample	prose_heavy	dict-index	dictzip	render	672	6864334
sample	prose_heavy	dict-index	dictzip	render	673	8388041
sample	prose_heavy	dict-index	dictzip	render	674	6207000
sample	prose_heavy	dict-index	dictzip	render	675	6337209
sample	prose_heavy	dict-index	dictzip	render	676	6039708
sample	prose_heavy	dict-index	dictzip	render	677	6416084
sample	prose_heavy	dict-index	dictzip	render	678	6642666
sample	prose_heavy	dict-index	dictzip	render	679	5984958
sample	prose_heavy	dict-index	dictzip	render	680	5391208
sample	prose_heavy	dict-index	dictzip	render	681	9000250
sample	prose_heavy	dict-index	dictzip	render	682	5421458
sample	prose_heavy	dict-index	dictzip	render	683	6770708
sample	prose_heavy	dict-index	dictzip	render	684	9661750
sample	prose_heavy	dict-index	dictzip	render	685	6556208
sample	prose_heavy	dict-index	dictzip	render	686	5307792
sample	prose_heavy	dict-index	dictzip	render	687	5837792
sample	prose_heavy	dict-index	dictzip	render	688	6224459
sample	prose_heavy	dict-index	dictzip	render	689	6144334
sample	prose_heavy	dict-index	dictzip	render	690	6326000
sample	prose_heavy	dict-index	dictzip	render	691	6584166
sample	prose_heavy	dict-index	dictzip	render	692	8798250
sample	prose_heavy	dict-index	dictzip	render	693	6788167
sample	prose_heavy	dict-index	dictzip	render	694	6301875
sample	prose_heavy	dict-index	dictzip	render	695	5361042
sample	prose_heavy	dict-index	dictzip	render	696	6725541
sample	prose_heavy	dict-index	dictzip	render	697	6797208
sample	prose_heavy	dict-index	dictzip	render	698	5902708
sample	prose_heavy	dict-index	dictzip	render	699	6449833
sample	prose_heavy	dict-index	dictzip	render	700	7083750
sample	prose_heavy	dict-index	dictzip	render	701	6670833
sample	prose_heavy	dict-index	dictzip	render	702	4873250
sample	prose_heavy	dict-index	dictzip	render	703	6295000
sample	prose_heavy	dict-index	dictzip	render	704	6414625
sample	prose_heavy	dict-index	dictzip	render	705	6089666
sample	prose_heavy	dict-index	dictzip	render	706	5558625
sample	prose_heavy	dict-index	dictzip	render	707	6069708
sample	prose_heavy	dict-index	dictzip	render	708	8706208
sample	prose_heavy	dict-index	dictzip	render	709	5758375
sample	prose_heavy	dict-index	dictzip	render	710	4921167
sample	prose_heavy	dict-index	dictzip	render	711	6193333
sample	prose_heavy	dict-index	dictzip	render	712	6167834
sample	prose_heavy	dict-index	dictzip	render	713	6432333
sample	prose_heavy	dict-index	dictzip	render	714	5339708
sample	prose_heavy	dict-index	dictzip	render	715	6006708
sample	prose_heavy	dict-index	dictzip	render	716	4925084
sample	prose_heavy	dict-index	dictzip	render	717	9334334
sample	prose_heavy	dict-index	dictzip	render	718	5446042
sample	prose_heavy	dict-index	dictzip	render	719	5715125
sample	prose_heavy	dict-index	dictzip	render	720	7116541
sample	prose_heavy	dict-index	dictzip	render	721	6484542
sample	prose_heavy	dict-index	dictzip	render	722	5445500
sample	prose_heavy	dict-index	dictzip	render	723	6516750
sample	prose_heavy	dict-index	dictzip	render	724	6813458
sample	prose_heavy	dict-index	dictzip	render	725	6324375
sample	prose_heavy	dict-index	dictzip	render	726	7152792
sample	prose_heavy	dict-index	dictzip	render	727	7408458
sample	prose_heavy	dict-index	dictzip	render	728	8506333
sample	prose_heavy	dict-index	dictzip	render	729	4924291
sample	prose_heavy	dict-index	dictzip	render	730	5400250
sample	prose_heavy	dict-index	dictzip	render	731	6663292
sample	prose_heavy	dict-index	dictzip	render	732	6231584
sample	prose_heavy	dict-index	dictzip	render	733	6927417
sample	prose_heavy	dict-index	dictzip	render	734	6533250
sample	prose_heavy	dict-index	dictzip	render	735	7381750
sample	prose_heavy	dict-index	dictzip	render	736	7787125
sample	prose_heavy	dict-index	dictzip	render	737	5076125
sample	prose_heavy	dict-index	dictzip	render	738	5080750
sample	prose_heavy	dict-index	dictzip	render	739	6954416
sample	prose_heavy	dict-index	dictzip	render	740	7518375
sample	prose_heavy	dict-index	dictzip	render	741	5811334
sample	prose_heavy	dict-index	dictzip	render	742	6976875
sample	prose_heavy	dict-index	dictzip	render	743	5393959
sample	prose_heavy	dict-index	dictzip	render	744	6121542
sample	prose_heavy	dict-index	dictzip	render	745	7233000
sample	prose_heavy	dict-index	dictzip	render	746	6160542
sample	prose_heavy	dict-index	dictzip	render	747	8408583
sample	prose_heavy	dict-index	dictzip	render	748	6471833
sample	prose_heavy	dict-index	dictzip	render	749	5392959
sample	prose_heavy	dict-index	dictzip	render	750	6595250
sample	prose_heavy	dict-index	dictzip	render	751	7951542
sample	prose_heavy	dict-index	dictzip	render	752	4675416
sample	prose_heavy	dict-index	dictzip	render	753	6716959
sample	prose_heavy	dict-index	dictzip	render	754	7769500
sample	prose_heavy	dict-index	dictzip	render	755	8163292
sample	prose_heavy	dict-index	dictzip	render	756	6793875
sample	prose_heavy	dict-index	dictzip	render	757	5646459
sample	prose_heavy	dict-index	dictzip	render	758	7907584
sample	prose_heavy	dict-index	dictzip	render	759	6717000
sample	prose_heavy	dict-index	dictzip	render	760	5220083
sample	prose_heavy	dict-index	dictzip	render	761	6639875
sample	prose_heavy	dict-index	dictzip	render	762	8514625
sample	prose_heavy	dict-index	dictzip	render	763	7133000
sample	prose_heavy	dict-index	dictzip	render	764	5208583
sample	prose_heavy	dict-index	dictzip	render	765	6502708
sample	prose_heavy	dict-index	dictzip	render	766	6346833
sample	prose_heavy	dict-index	dictzip	render	767	5239792
sample	prose_heavy	dict-index	dictzip	render	768	5287250
sample	prose_heavy	dict-index	dictzip	render	769	6799708
sample	prose_heavy	dict-index	dictzip	render	770	8078125
sample	prose_heavy	dict-index	dictzip	render	771	7242875
sample	prose_heavy	dict-index	dictzip	render	772	6391042
sample	prose_heavy	dict-index	dictzip	render	773	6962625
sample	prose_heavy	dict-index	dictzip	render	774	6090541
sample	prose_heavy	dict-index	dictzip	render	775	4934334
sample	prose_heavy	dict-index	dictzip	render	776	4767167
sample	prose_heavy	dict-index	dictzip	render	777	9050333
sample	prose_heavy	dict-index	dictzip	render	778	7800041
sample	prose_heavy	dict-index	dictzip	render	779	5730291
sample	prose_heavy	dict-index	dictzip	render	780	7290041
sample	prose_heavy	dict-index	dictzip	render	781	9876333
sample	prose_heavy	dict-index	dictzip	render	782	5938208
sample	prose_heavy	dict-index	dictzip	render	783	5123834
sample	prose_heavy	dict-index	dictzip	render	784	6761583
sample	prose_heavy	dict-index	dictzip	render	785	9429084
sample	prose_heavy	dict-index	dictzip	render	786	5395542
sample	prose_heavy	dict-index	dictzip	render	787	6027416
sample	prose_heavy	dict-index	dictzip	render	788	7503792
sample	prose_heavy	dict-index	dictzip	render	789	6770541
sample	prose_heavy	dict-index	dictzip	render	790	4368583
sample	prose_heavy	dict-index	dictzip	render	791	7113584
sample	prose_heavy	dict-index	dictzip	render	792	7855292
sample	prose_heavy	dict-index	dictzip	render	793	7435000
sample	prose_heavy	dict-index	dictzip	render	794	5265708
sample	prose_heavy	dict-index	dictzip	render	795	7010083
sample	prose_heavy	dict-index	dictzip	render	796	7028750
sample	prose_heavy	dict-index	dictzip	render	797	4853834
sample	prose_heavy	dict-index	dictzip	render	798	5571375
sample	prose_heavy	dict-index	dictzip	render	799	6789375
sample	prose_heavy	dict-index	dictzip	render	800	8840458
sample	prose_heavy	dict-index	dictzip	render	801	5520833
sample	prose_heavy	dict-index	dictzip	render	802	6197583
sample	prose_heavy	dict-index	dictzip	render	803	4955750
sample	prose_heavy	dict-index	dictzip	render	804	6722500
sample	prose_heavy	dict-index	dictzip	render	805	4558958
sample	prose_heavy	dict-index	dictzip	render	806	6720375
sample	prose_heavy	dict-index	dictzip	render	807	8453583
sample	prose_heavy	dict-index	dictzip	render	808	7511792
sample	prose_heavy	dict-index	dictzip	render	809	5112375
sample	prose_heavy	dict-index	dictzip	render	810	4816042
sample	prose_heavy	dict-index	dictzip	render	811	6032584
sample	prose_heavy	dict-index	dictzip	render	812	8353625
sample	prose_heavy	dict-index	dictzip	render	813	9225750
sample	prose_heavy	dict-index	dictzip	render	814	5675500
sample	prose_heavy	dict-index	dictzip	render	815	5091875
sample	prose_heavy	dict-index	dictzip	render	816	8651166
sample	prose_heavy	dict-index	dictzip	render	817	7576583
sample	prose_heavy	dict-index	dictzip	render	818	4370291
sample	prose_heavy	dict-index	dictzip	render	819	7140209
sample	prose_heavy	dict-index	dictzip	render	820	6975333
sample	prose_heavy	dict-index	dictzip	render	821	6607458
sample	prose_heavy	dict-index	dictzip	render	822	5101584
sample	prose_heavy	dict-index	dictzip	render	823	6543541
sample	prose_heavy	dict-index	dictzip	render	824	8176333
sample	prose_heavy	dict-index	dictzip	render	825	7538708
sample	prose_heavy	dict-index	dictzip	render	826	11664250
sample	prose_heavy	dict-index	dictzip	render	827	5854167
sample	prose_heavy	dict-index	dictzip	render	828	7911292
sample	prose_heavy	dict-index	dictzip	render	829	5827708
sample	prose_heavy	dict-index	dictzip	render	830	4802125
sample	prose_heavy	dict-index	dictzip	render	831	6248875
sample	prose_heavy	dict-index	dictzip	render	832	7143958
sample	prose_heavy	dict-index	dictzip	render	833	6667791
sample	prose_heavy	dict-index	dictzip	render	834	4951958
sample	prose_heavy	dict-index	dictzip	render	835	6336583
sample	prose_heavy	dict-index	dictzip	render	836	6404708
sample	prose_heavy	dict-index	dictzip	render	837	5523916
sample	prose_heavy	dict-index	dictzip	render	838	5390083
sample	prose_heavy	dict-index	dictzip	render	839	5556667
sample	prose_heavy	dict-index	dictzip	render	840	6989250
sample	prose_heavy	dict-index	dictzip	render	841	7734792
sample	prose_heavy	dict-index	dictzip	render	842	7249042
sample	prose_heavy	dict-index	dictzip	render	843	5593375
sample	prose_heavy	dict-index	dictzip	render	844	6125542
sample	prose_heavy	dict-index	dictzip	render	845	6476333
sample	prose_heavy	dict-index	dictzip	render	846	5493125
sample	prose_heavy	dict-index	dictzip	render	847	5517000
sample	prose_heavy	dict-index	dictzip	render	848	7220625
sample	prose_heavy	dict-index	dictzip	render	849	6736042
sample	prose_heavy	dict-index	dictzip	render	850	6190917
sample	prose_heavy	dict-index	dictzip	render	851	9332375
sample	prose_heavy	dict-index	dictzip	render	852	7635750
sample	prose_heavy	dict-index	dictzip	render	853	4756417
sample	prose_heavy	dict-index	dictzip	render	854	6841833
sample	prose_heavy	dict-index	dictzip	render	855	5829833
sample	prose_heavy	dict-index	dictzip	render	856	10322750
sample	prose_heavy	dict-index	dictzip	render	857	5294250
sample	prose_heavy	dict-index	dictzip	render	858	6596750
sample	prose_heavy	dict-index	dictzip	render	859	8662709
sample	prose_heavy	dict-index	dictzip	render	860	6822458
sample	prose_heavy	dict-index	dictzip	render	861	6040792
sample	prose_heavy	dict-index	dictzip	render	862	5996375
sample	prose_heavy	dict-index	dictzip	render	863	8143959
sample	prose_heavy	dict-index	dictzip	render	864	7514083
sample	prose_heavy	dict-index	dictzip	render	865	5791125
sample	prose_heavy	dict-index	dictzip	render	866	5275292
sample	prose_heavy	dict-index	dictzip	render	867	9158834
sample	prose_heavy	dict-index	dictzip	render	868	8370334
sample	prose_heavy	dict-index	dictzip	render	869	5533542
sample	prose_heavy	dict-index	dictzip	render	870	6827791
sample	prose_heavy	dict-index	dictzip	render	871	7338167
sample	prose_heavy	dict-index	dictzip	render	872	5320041
sample	prose_heavy	dict-index	dictzip	render	873	5830334
sample	prose_heavy	dict-index	dictzip	render	874	5181416
sample	prose_heavy	dict-index	dictzip	render	875	8061583
sample	prose_heavy	dict-index	dictzip	render	876	5148334
sample	prose_heavy	dict-index	dictzip	render	877	4756250
sample	prose_heavy	dict-index	dictzip	render	878	6214084
sample	prose_heavy	dict-index	dictzip	render	879	6313833
sample	prose_heavy	dict-index	dictzip	render	880	7190709
sample	prose_heavy	dict-index	dictzip	render	881	4853209
sample	prose_heavy	dict-index	dictzip	render	882	7068750
sample	prose_heavy	dict-index	dictzip	render	883	7268541
sample	prose_heavy	dict-index	dictzip	render	884	5107667
sample	prose_heavy	dict-index	dictzip	render	885	5574375
sample	prose_heavy	dict-index	dictzip	render	886	7535833
sample	prose_heavy	dict-index	dictzip	render	887	6753292
sample	prose_heavy	dict-index	dictzip	render	888	6399083
sample	prose_heavy	dict-index	dictzip	render	889	6888125
sample	prose_heavy	dict-index	dictzip	render	890	6061167
sample	prose_heavy	dict-index	dictzip	render	891	7621750
sample	prose_heavy	dict-index	dictzip	render	892	5461667
sample	prose_heavy	dict-index	dictzip	render	893	4780125
sample	prose_heavy	dict-index	dictzip	render	894	6026791
sample	prose_heavy	dict-index	dictzip	render	895	7499583
sample	prose_heavy	dict-index	dictzip	render	896	6386708
sample	prose_heavy	dict-index	dictzip	render	897	7992375
sample	prose_heavy	dict-index	dictzip	render	898	8115333
sample	prose_heavy	dict-index	dictzip	render	899	5764417
sample	prose_heavy	dict-index	dictzip	render	900	5212417
sample	prose_heavy	dict-index	dictzip	render	901	4767125
sample	prose_heavy	dict-index	dictzip	render	902	7316458
sample	prose_heavy	dict-index	dictzip	render	903	8504667
sample	prose_heavy	dict-index	dictzip	render	904	4694792
sample	prose_heavy	dict-index	dictzip	render	905	6084917
sample	prose_heavy	dict-index	dictzip	render	906	5894958
sample	prose_heavy	dict-index	dictzip	render	907	8107959
sample	prose_heavy	dict-index	dictzip	render	908	4916458
sample	prose_heavy	dict-index	dictzip	render	909	4883041
sample	prose_heavy	dict-index	dictzip	render	910	6417375
sample	prose_heavy	dict-index	dictzip	render	911	9584667
sample	prose_heavy	dict-index	dictzip	render	912	5348166
sample	prose_heavy	dict-index	dictzip	render	913	5414542
sample	prose_heavy	dict-index	dictzip	render	914	4629000
sample	prose_heavy	dict-index	dictzip	render	915	6686584
sample	prose_heavy	dict-index	dictzip	render	916	5531416
sample	prose_heavy	dict-index	dictzip	render	917	5070458
sample	prose_heavy	dict-index	dictzip	render	918	6944833
sample	prose_heavy	dict-index	dictzip	render	919	7598667
sample	prose_heavy	dict-index	dictzip	render	920	7224167
sample	prose_heavy	dict-index	dictzip	render	921	6044125
sample	prose_heavy	dict-index	dictzip	render	922	5859500
sample	prose_heavy	dict-index	dictzip	render	923	7731167
sample	prose_heavy	dict-index	dictzip	render	924	5429750
sample	prose_heavy	dict-index	dictzip	render	925	6838416
sample	prose_heavy	dict-index	dictzip	render	926	6691709
sample	prose_heavy	dict-index	dictzip	render	927	6941500
sample	prose_heavy	dict-index	dictzip	render	928	5620500
sample	prose_heavy	dict-index	dictzip	render	929	5682958
sample	prose_heavy	dict-index	dictzip	render	930	6531250
sample	prose_heavy	dict-index	dictzip	render	931	6928000
sample	prose_heavy	dict-index	dictzip	render	932	5303625
sample	prose_heavy	dict-index	dictzip	render	933	6541375
sample	prose_heavy	dict-index	dictzip	render	934	7073375
sample	prose_heavy	dict-index	dictzip	render	935	6992708
sample	prose_heavy	dict-index	dictzip	render	936	6068625
sample	prose_heavy	dict-index	dictzip	render	937	5014167
sample	prose_heavy	dict-index	dictzip	render	938	4563375
sample	prose_heavy	dict-index	dictzip	render	939	6724709
sample	prose_heavy	dict-index	dictzip	render	940	6492583
sample	prose_heavy	dict-index	dictzip	render	941	5184000
sample	prose_heavy	dict-index	dictzip	render	942	5931708
sample	prose_heavy	dict-index	dictzip	render	943	6402125
sample	prose_heavy	dict-index	dictzip	render	944	5087250
sample	prose_heavy	dict-index	dictzip	render	945	5551666
sample	prose_heavy	dict-index	dictzip	render	946	5350208
sample	prose_heavy	dict-index	dictzip	render	947	6984833
sample	prose_heavy	dict-index	dictzip	render	948	7618459
sample	prose_heavy	dict-index	dictzip	render	949	5536000
sample	prose_heavy	dict-index	dictzip	render	950	4843292
sample	prose_heavy	dict-index	dictzip	render	951	6518708
sample	prose_heavy	dict-index	dictzip	render	952	6410875
sample	prose_heavy	dict-index	dictzip	render	953	6883084
sample	prose_heavy	dict-index	dictzip	render	954	7371041
sample	prose_heavy	dict-index	dictzip	render	955	7568500
sample	prose_heavy	dict-index	dictzip	render	956	6213833
sample	prose_heavy	dict-index	dictzip	render	957	4469542
sample	prose_heavy	dict-index	dictzip	render	958	5758250
sample	prose_heavy	dict-index	dictzip	render	959	5917292
sample	prose_heavy	dict-index	dictzip	render	960	6120750
sample	prose_heavy	dict-index	dictzip	render	961	5728292
sample	prose_heavy	dict-index	dictzip	render	962	6046958
sample	prose_heavy	dict-index	dictzip	render	963	7027625
sample	prose_heavy	dict-index	dictzip	render	964	7272250
sample	prose_heavy	dict-index	dictzip	render	965	4514167
sample	prose_heavy	dict-index	dictzip	render	966	6324791
sample	prose_heavy	dict-index	dictzip	render	967	6400625
sample	prose_heavy	dict-index	dictzip	render	968	8232458
sample	prose_heavy	dict-index	dictzip	render	969	4662791
sample	prose_heavy	dict-index	dictzip	render	970	6823958
sample	prose_heavy	dict-index	dictzip	render	971	7109792
sample	prose_heavy	dict-index	dictzip	render	972	4780084
sample	prose_heavy	dict-index	dictzip	render	973	4946875
sample	prose_heavy	dict-index	dictzip	render	974	4781042
sample	prose_heavy	dict-index	dictzip	render	975	6463791
sample	prose_heavy	dict-index	dictzip	render	976	8658708
sample	prose_heavy	dict-index	dictzip	render	977	5278792
sample	prose_heavy	dict-index	dictzip	render	978	6601416
sample	prose_heavy	dict-index	dictzip	render	979	7341333
sample	prose_heavy	dict-index	dictzip	render	980	5710625
sample	prose_heavy	dict-index	dictzip	render	981	5465500
sample	prose_heavy	dict-index	dictzip	render	982	6508250
sample	prose_heavy	dict-index	dictzip	render	983	8508709
sample	prose_heavy	dict-index	dictzip	render	984	7378500
sample	prose_heavy	dict-index	dictzip	render	985	5117166
sample	prose_heavy	dict-index	dictzip	render	986	6397708
sample	prose_heavy	dict-index	dictzip	render	987	7243417
sample	prose_heavy	dict-index	dictzip	render	988	5133083
sample	prose_heavy	dict-index	dictzip	render	989	6734292
sample	prose_heavy	dict-index	dictzip	render	990	9686084
sample	prose_heavy	dict-index	dictzip	render	991	6954500
sample	prose_heavy	dict-index	dictzip	render	992	5341125
sample	prose_heavy	dict-index	dictzip	render	993	7294834
sample	prose_heavy	dict-index	dictzip	render	994	7099375
sample	prose_heavy	dict-index	dictzip	render	995	5794417
sample	prose_heavy	dict-index	dictzip	render	996	6267042
sample	prose_heavy	dict-index	dictzip	render	997	7114000
sample	prose_heavy	dict-index	dictzip	render	998	7069084
sample	prose_heavy	dict-index	dictzip	render	999	6955542
result	prose_heavy	dict-index	dictzip	exact.p50_ns	666
result	prose_heavy	dict-index	dictzip	exact.p95_ns	2584
result	prose_heavy	dict-index	dictzip	exact.p99_ns	7209
result	prose_heavy	dict-index	dictzip	prefix.p50_ns	128291
result	prose_heavy	dict-index	dictzip	prefix.p95_ns	453875
result	prose_heavy	dict-index	dictzip	prefix.p99_ns	1353083
result	prose_heavy	dict-index	dictzip	render.p50_ns	6349375
result	prose_heavy	dict-index	dictzip	render.p95_ns	9057542
result	prose_heavy	dict-index	dictzip	render.p99_ns	10298959
result	prose_heavy	dict-index	dictzip	exact.hit.p50_ns	750
result	prose_heavy	dict-index	dictzip	exact.hit.p95_ns	3083
result	prose_heavy	dict-index	dictzip	exact.hit.p99_ns	7209
result	prose_heavy	dict-index	dictzip	exact.miss.p50_ns	458
result	prose_heavy	dict-index	dictzip	exact.miss.p95_ns	1834
result	prose_heavy	dict-index	dictzip	exact.miss.p99_ns	5583
result	prose_heavy	dict-index	dictzip	prefix.zero.p50_ns	5250
result	prose_heavy	dict-index	dictzip	prefix.zero.p95_ns	17041
result	prose_heavy	dict-index	dictzip	prefix.zero.p99_ns	93042
result	prose_heavy	dict-index	dictzip	prefix.one.p50_ns	6583
result	prose_heavy	dict-index	dictzip	prefix.one.p95_ns	20917
result	prose_heavy	dict-index	dictzip	prefix.one.p99_ns	28875
result	prose_heavy	dict-index	dictzip	prefix.many.p50_ns	145458
result	prose_heavy	dict-index	dictzip	prefix.many.p95_ns	721167
result	prose_heavy	dict-index	dictzip	prefix.many.p99_ns	1537125
result	prose_heavy	dict-index	dictzip	prefix.pathological.p50_ns	-
result	prose_heavy	dict-index	dictzip	prefix.pathological.p95_ns	-
result	prose_heavy	dict-index	dictzip	prefix.pathological.p99_ns	-
result	prose_heavy	slob	raw	artifact_bytes	10585995
result	prose_heavy	slob	raw	build_ns	83455333
sample	prose_heavy	slob	raw	open	0	1123834
sample	prose_heavy	slob	raw	open	1	431792
sample	prose_heavy	slob	raw	open	2	1182625
sample	prose_heavy	slob	raw	open	3	139417
sample	prose_heavy	slob	raw	open	4	968666
sample	prose_heavy	slob	raw	open	5	756125
sample	prose_heavy	slob	raw	open	6	261458
sample	prose_heavy	slob	raw	open	7	266458
sample	prose_heavy	slob	raw	open	8	111125
sample	prose_heavy	slob	raw	open	9	75166
sample	prose_heavy	slob	raw	open	10	72958
sample	prose_heavy	slob	raw	open	11	79958
sample	prose_heavy	slob	raw	open	12	67541
sample	prose_heavy	slob	raw	open	13	66416
sample	prose_heavy	slob	raw	open	14	65417
sample	prose_heavy	slob	raw	open	15	75583
sample	prose_heavy	slob	raw	open	16	65292
sample	prose_heavy	slob	raw	open	17	68667
sample	prose_heavy	slob	raw	open	18	70458
sample	prose_heavy	slob	raw	open	19	73208
sample	prose_heavy	slob	raw	open	20	65375
sample	prose_heavy	slob	raw	open	21	63875
sample	prose_heavy	slob	raw	open	22	163625
sample	prose_heavy	slob	raw	open	23	1010708
sample	prose_heavy	slob	raw	open	24	1612458
result	prose_heavy	slob	raw	open_ns	79958
result	prose_heavy	slob	raw	semantic_digest	11367502346538253063
result	prose_heavy	slob	raw	query_checksum	4133005253181784452
result	prose_heavy	slob	raw	outputs	1024875
result	prose_heavy	slob	raw	logical_prose_bytes	10498986
sample	prose_heavy	slob	raw	exact	0	464792
sample	prose_heavy	slob	raw	exact	1	342417
sample	prose_heavy	slob	raw	exact	2	605625
sample	prose_heavy	slob	raw	exact	3	403625
sample	prose_heavy	slob	raw	exact	4	430041
sample	prose_heavy	slob	raw	exact	5	402416
sample	prose_heavy	slob	raw	exact	6	429792
sample	prose_heavy	slob	raw	exact	7	505958
sample	prose_heavy	slob	raw	exact	8	729541
sample	prose_heavy	slob	raw	exact	9	343958
sample	prose_heavy	slob	raw	exact	10	1494750
sample	prose_heavy	slob	raw	exact	11	564708
sample	prose_heavy	slob	raw	exact	12	433917
sample	prose_heavy	slob	raw	exact	13	401875
sample	prose_heavy	slob	raw	exact	14	431333
sample	prose_heavy	slob	raw	exact	15	471750
sample	prose_heavy	slob	raw	exact	16	434333
sample	prose_heavy	slob	raw	exact	17	1018542
sample	prose_heavy	slob	raw	exact	18	2038083
sample	prose_heavy	slob	raw	exact	19	422834
sample	prose_heavy	slob	raw	exact	20	431667
sample	prose_heavy	slob	raw	exact	21	910917
sample	prose_heavy	slob	raw	exact	22	466333
sample	prose_heavy	slob	raw	exact	23	2371708
sample	prose_heavy	slob	raw	exact	24	1143375
sample	prose_heavy	slob	raw	exact	25	1665875
sample	prose_heavy	slob	raw	exact	26	1425917
sample	prose_heavy	slob	raw	exact	27	1073666
sample	prose_heavy	slob	raw	exact	28	440708
sample	prose_heavy	slob	raw	exact	29	519334
sample	prose_heavy	slob	raw	exact	30	2600458
sample	prose_heavy	slob	raw	exact	31	1350708
sample	prose_heavy	slob	raw	exact	32	785375
sample	prose_heavy	slob	raw	exact	33	822833
sample	prose_heavy	slob	raw	exact	34	441209
sample	prose_heavy	slob	raw	exact	35	415916
sample	prose_heavy	slob	raw	exact	36	470209
sample	prose_heavy	slob	raw	exact	37	907833
sample	prose_heavy	slob	raw	exact	38	438583
sample	prose_heavy	slob	raw	exact	39	466917
sample	prose_heavy	slob	raw	exact	40	433209
sample	prose_heavy	slob	raw	exact	41	968125
sample	prose_heavy	slob	raw	exact	42	1910958
sample	prose_heavy	slob	raw	exact	43	612833
sample	prose_heavy	slob	raw	exact	44	434333
sample	prose_heavy	slob	raw	exact	45	400542
sample	prose_heavy	slob	raw	exact	46	608333
sample	prose_heavy	slob	raw	exact	47	486166
sample	prose_heavy	slob	raw	exact	48	1346500
sample	prose_heavy	slob	raw	exact	49	1027750
sample	prose_heavy	slob	raw	exact	50	731750
sample	prose_heavy	slob	raw	exact	51	403916
sample	prose_heavy	slob	raw	exact	52	433416
sample	prose_heavy	slob	raw	exact	53	1995792
sample	prose_heavy	slob	raw	exact	54	439833
sample	prose_heavy	slob	raw	exact	55	487291
sample	prose_heavy	slob	raw	exact	56	428500
sample	prose_heavy	slob	raw	exact	57	347583
sample	prose_heavy	slob	raw	exact	58	426625
sample	prose_heavy	slob	raw	exact	59	1890083
sample	prose_heavy	slob	raw	exact	60	427958
sample	prose_heavy	slob	raw	exact	61	430250
sample	prose_heavy	slob	raw	exact	62	628541
sample	prose_heavy	slob	raw	exact	63	468792
sample	prose_heavy	slob	raw	exact	64	571209
sample	prose_heavy	slob	raw	exact	65	344459
sample	prose_heavy	slob	raw	exact	66	425458
sample	prose_heavy	slob	raw	exact	67	396334
sample	prose_heavy	slob	raw	exact	68	425750
sample	prose_heavy	slob	raw	exact	69	491875
sample	prose_heavy	slob	raw	exact	70	496667
sample	prose_heavy	slob	raw	exact	71	469958
sample	prose_heavy	slob	raw	exact	72	429125
sample	prose_heavy	slob	raw	exact	73	335333
sample	prose_heavy	slob	raw	exact	74	427167
sample	prose_heavy	slob	raw	exact	75	577458
sample	prose_heavy	slob	raw	exact	76	443917
sample	prose_heavy	slob	raw	exact	77	436042
sample	prose_heavy	slob	raw	exact	78	786333
sample	prose_heavy	slob	raw	exact	79	494209
sample	prose_heavy	slob	raw	exact	80	430958
sample	prose_heavy	slob	raw	exact	81	337292
sample	prose_heavy	slob	raw	exact	82	424750
sample	prose_heavy	slob	raw	exact	83	397625
sample	prose_heavy	slob	raw	exact	84	1235292
sample	prose_heavy	slob	raw	exact	85	521166
sample	prose_heavy	slob	raw	exact	86	1108250
sample	prose_heavy	slob	raw	exact	87	487667
sample	prose_heavy	slob	raw	exact	88	1081833
sample	prose_heavy	slob	raw	exact	89	719917
sample	prose_heavy	slob	raw	exact	90	976875
sample	prose_heavy	slob	raw	exact	91	403083
sample	prose_heavy	slob	raw	exact	92	428541
sample	prose_heavy	slob	raw	exact	93	1379750
sample	prose_heavy	slob	raw	exact	94	448416
sample	prose_heavy	slob	raw	exact	95	2497959
sample	prose_heavy	slob	raw	exact	96	1155416
sample	prose_heavy	slob	raw	exact	97	1988084
sample	prose_heavy	slob	raw	exact	98	437750
sample	prose_heavy	slob	raw	exact	99	412875
sample	prose_heavy	slob	raw	exact	100	1101166
sample	prose_heavy	slob	raw	exact	101	733917
sample	prose_heavy	slob	raw	exact	102	949209
sample	prose_heavy	slob	raw	exact	103	1044917
sample	prose_heavy	slob	raw	exact	104	628500
sample	prose_heavy	slob	raw	exact	105	349625
sample	prose_heavy	slob	raw	exact	106	597083
sample	prose_heavy	slob	raw	exact	107	400167
sample	prose_heavy	slob	raw	exact	108	427667
sample	prose_heavy	slob	raw	exact	109	397417
sample	prose_heavy	slob	raw	exact	110	605666
sample	prose_heavy	slob	raw	exact	111	496167
sample	prose_heavy	slob	raw	exact	112	433417
sample	prose_heavy	slob	raw	exact	113	482208
sample	prose_heavy	slob	raw	exact	114	431041
sample	prose_heavy	slob	raw	exact	115	463625
sample	prose_heavy	slob	raw	exact	116	597584
sample	prose_heavy	slob	raw	exact	117	882334
sample	prose_heavy	slob	raw	exact	118	1738917
sample	prose_heavy	slob	raw	exact	119	498375
sample	prose_heavy	slob	raw	exact	120	431167
sample	prose_heavy	slob	raw	exact	121	345292
sample	prose_heavy	slob	raw	exact	122	1228333
sample	prose_heavy	slob	raw	exact	123	1658958
sample	prose_heavy	slob	raw	exact	124	478875
sample	prose_heavy	slob	raw	exact	125	1178375
sample	prose_heavy	slob	raw	exact	126	2006291
sample	prose_heavy	slob	raw	exact	127	466542
sample	prose_heavy	slob	raw	exact	128	480458
sample	prose_heavy	slob	raw	exact	129	757416
sample	prose_heavy	slob	raw	exact	130	503042
sample	prose_heavy	slob	raw	exact	131	465458
sample	prose_heavy	slob	raw	exact	132	729416
sample	prose_heavy	slob	raw	exact	133	906417
sample	prose_heavy	slob	raw	exact	134	443375
sample	prose_heavy	slob	raw	exact	135	1184083
sample	prose_heavy	slob	raw	exact	136	1052042
sample	prose_heavy	slob	raw	exact	137	791541
sample	prose_heavy	slob	raw	exact	138	510625
sample	prose_heavy	slob	raw	exact	139	405750
sample	prose_heavy	slob	raw	exact	140	431292
sample	prose_heavy	slob	raw	exact	141	400458
sample	prose_heavy	slob	raw	exact	142	425792
sample	prose_heavy	slob	raw	exact	143	461041
sample	prose_heavy	slob	raw	exact	144	506750
sample	prose_heavy	slob	raw	exact	145	374708
sample	prose_heavy	slob	raw	exact	146	1042750
sample	prose_heavy	slob	raw	exact	147	1022042
sample	prose_heavy	slob	raw	exact	148	801959
sample	prose_heavy	slob	raw	exact	149	401958
sample	prose_heavy	slob	raw	exact	150	426041
sample	prose_heavy	slob	raw	exact	151	1765459
sample	prose_heavy	slob	raw	exact	152	1216167
sample	prose_heavy	slob	raw	exact	153	365209
sample	prose_heavy	slob	raw	exact	154	436875
sample	prose_heavy	slob	raw	exact	155	3160792
sample	prose_heavy	slob	raw	exact	156	1210833
sample	prose_heavy	slob	raw	exact	157	655709
sample	prose_heavy	slob	raw	exact	158	433875
sample	prose_heavy	slob	raw	exact	159	608000
sample	prose_heavy	slob	raw	exact	160	653000
sample	prose_heavy	slob	raw	exact	161	339250
sample	prose_heavy	slob	raw	exact	162	578667
sample	prose_heavy	slob	raw	exact	163	1151792
sample	prose_heavy	slob	raw	exact	164	439833
sample	prose_heavy	slob	raw	exact	165	761084
sample	prose_heavy	slob	raw	exact	166	435291
sample	prose_heavy	slob	raw	exact	167	465042
sample	prose_heavy	slob	raw	exact	168	428458
sample	prose_heavy	slob	raw	exact	169	400833
sample	prose_heavy	slob	raw	exact	170	1278125
sample	prose_heavy	slob	raw	exact	171	435416
sample	prose_heavy	slob	raw	exact	172	433000
sample	prose_heavy	slob	raw	exact	173	578916
sample	prose_heavy	slob	raw	exact	174	558333
sample	prose_heavy	slob	raw	exact	175	1626292
sample	prose_heavy	slob	raw	exact	176	880958
sample	prose_heavy	slob	raw	exact	177	616917
sample	prose_heavy	slob	raw	exact	178	441792
sample	prose_heavy	slob	raw	exact	179	1277625
sample	prose_heavy	slob	raw	exact	180	504875
sample	prose_heavy	slob	raw	exact	181	405166
sample	prose_heavy	slob	raw	exact	182	448209
sample	prose_heavy	slob	raw	exact	183	982458
sample	prose_heavy	slob	raw	exact	184	1264625
sample	prose_heavy	slob	raw	exact	185	1329792
sample	prose_heavy	slob	raw	exact	186	424875
sample	prose_heavy	slob	raw	exact	187	1074541
sample	prose_heavy	slob	raw	exact	188	1942667
sample	prose_heavy	slob	raw	exact	189	430459
sample	prose_heavy	slob	raw	exact	190	437917
sample	prose_heavy	slob	raw	exact	191	1090791
sample	prose_heavy	slob	raw	exact	192	600125
sample	prose_heavy	slob	raw	exact	193	402958
sample	prose_heavy	slob	raw	exact	194	431542
sample	prose_heavy	slob	raw	exact	195	404250
sample	prose_heavy	slob	raw	exact	196	836375
sample	prose_heavy	slob	raw	exact	197	519542
sample	prose_heavy	slob	raw	exact	198	456750
sample	prose_heavy	slob	raw	exact	199	464958
sample	prose_heavy	slob	raw	exact	200	430792
sample	prose_heavy	slob	raw	exact	201	643875
sample	prose_heavy	slob	raw	exact	202	447750
sample	prose_heavy	slob	raw	exact	203	408375
sample	prose_heavy	slob	raw	exact	204	436084
sample	prose_heavy	slob	raw	exact	205	1014541
sample	prose_heavy	slob	raw	exact	206	1047000
sample	prose_heavy	slob	raw	exact	207	471375
sample	prose_heavy	slob	raw	exact	208	432917
sample	prose_heavy	slob	raw	exact	209	575167
sample	prose_heavy	slob	raw	exact	210	1827208
sample	prose_heavy	slob	raw	exact	211	1157791
sample	prose_heavy	slob	raw	exact	212	2558666
sample	prose_heavy	slob	raw	exact	213	1576250
sample	prose_heavy	slob	raw	exact	214	1636667
sample	prose_heavy	slob	raw	exact	215	1793709
sample	prose_heavy	slob	raw	exact	216	922667
sample	prose_heavy	slob	raw	exact	217	1025667
sample	prose_heavy	slob	raw	exact	218	2538417
sample	prose_heavy	slob	raw	exact	219	416625
sample	prose_heavy	slob	raw	exact	220	431583
sample	prose_heavy	slob	raw	exact	221	399500
sample	prose_heavy	slob	raw	exact	222	902209
sample	prose_heavy	slob	raw	exact	223	679042
sample	prose_heavy	slob	raw	exact	224	667792
sample	prose_heavy	slob	raw	exact	225	704500
sample	prose_heavy	slob	raw	exact	226	460125
sample	prose_heavy	slob	raw	exact	227	1043458
sample	prose_heavy	slob	raw	exact	228	1160667
sample	prose_heavy	slob	raw	exact	229	418042
sample	prose_heavy	slob	raw	exact	230	432750
sample	prose_heavy	slob	raw	exact	231	470000
sample	prose_heavy	slob	raw	exact	232	426375
sample	prose_heavy	slob	raw	exact	233	573708
sample	prose_heavy	slob	raw	exact	234	440500
sample	prose_heavy	slob	raw	exact	235	1779416
sample	prose_heavy	slob	raw	exact	236	442959
sample	prose_heavy	slob	raw	exact	237	400625
sample	prose_heavy	slob	raw	exact	238	428375
sample	prose_heavy	slob	raw	exact	239	469166
sample	prose_heavy	slob	raw	exact	240	1635166
sample	prose_heavy	slob	raw	exact	241	338958
sample	prose_heavy	slob	raw	exact	242	466583
sample	prose_heavy	slob	raw	exact	243	403084
sample	prose_heavy	slob	raw	exact	244	426667
sample	prose_heavy	slob	raw	exact	245	779292
sample	prose_heavy	slob	raw	exact	246	438416
sample	prose_heavy	slob	raw	exact	247	1957792
sample	prose_heavy	slob	raw	exact	248	573833
sample	prose_heavy	slob	raw	exact	249	339000
sample	prose_heavy	slob	raw	exact	250	431042
sample	prose_heavy	slob	raw	exact	251	805500
sample	prose_heavy	slob	raw	exact	252	760125
sample	prose_heavy	slob	raw	exact	253	725167
sample	prose_heavy	slob	raw	exact	254	435917
sample	prose_heavy	slob	raw	exact	255	525875
sample	prose_heavy	slob	raw	exact	256	807916
sample	prose_heavy	slob	raw	exact	257	345416
sample	prose_heavy	slob	raw	exact	258	428875
sample	prose_heavy	slob	raw	exact	259	402208
sample	prose_heavy	slob	raw	exact	260	898333
sample	prose_heavy	slob	raw	exact	261	848709
sample	prose_heavy	slob	raw	exact	262	716708
sample	prose_heavy	slob	raw	exact	263	1265500
sample	prose_heavy	slob	raw	exact	264	624375
sample	prose_heavy	slob	raw	exact	265	344750
sample	prose_heavy	slob	raw	exact	266	428417
sample	prose_heavy	slob	raw	exact	267	408959
sample	prose_heavy	slob	raw	exact	268	1463416
sample	prose_heavy	slob	raw	exact	269	2451583
sample	prose_heavy	slob	raw	exact	270	863000
sample	prose_heavy	slob	raw	exact	271	473500
sample	prose_heavy	slob	raw	exact	272	435000
sample	prose_heavy	slob	raw	exact	273	366125
sample	prose_heavy	slob	raw	exact	274	2235917
sample	prose_heavy	slob	raw	exact	275	407125
sample	prose_heavy	slob	raw	exact	276	433000
sample	prose_heavy	slob	raw	exact	277	401625
sample	prose_heavy	slob	raw	exact	278	426542
sample	prose_heavy	slob	raw	exact	279	1487917
sample	prose_heavy	slob	raw	exact	280	1842792
sample	prose_heavy	slob	raw	exact	281	336917
sample	prose_heavy	slob	raw	exact	282	428417
sample	prose_heavy	slob	raw	exact	283	399458
sample	prose_heavy	slob	raw	exact	284	424291
sample	prose_heavy	slob	raw	exact	285	832750
sample	prose_heavy	slob	raw	exact	286	2750375
sample	prose_heavy	slob	raw	exact	287	956791
sample	prose_heavy	slob	raw	exact	288	607209
sample	prose_heavy	slob	raw	exact	289	341583
sample	prose_heavy	slob	raw	exact	290	435000
sample	prose_heavy	slob	raw	exact	291	404708
sample	prose_heavy	slob	raw	exact	292	468083
sample	prose_heavy	slob	raw	exact	293	449875
sample	prose_heavy	slob	raw	exact	294	654667
sample	prose_heavy	slob	raw	exact	295	1347167
sample	prose_heavy	slob	raw	exact	296	434458
sample	prose_heavy	slob	raw	exact	297	335000
sample	prose_heavy	slob	raw	exact	298	428583
sample	prose_heavy	slob	raw	exact	299	397208
sample	prose_heavy	slob	raw	exact	300	597834
sample	prose_heavy	slob	raw	exact	301	406625
sample	prose_heavy	slob	raw	exact	302	885833
sample	prose_heavy	slob	raw	exact	303	577083
sample	prose_heavy	slob	raw	exact	304	434667
sample	prose_heavy	slob	raw	exact	305	338500
sample	prose_heavy	slob	raw	exact	306	641042
sample	prose_heavy	slob	raw	exact	307	620041
sample	prose_heavy	slob	raw	exact	308	1079041
sample	prose_heavy	slob	raw	exact	309	775791
sample	prose_heavy	slob	raw	exact	310	620584
sample	prose_heavy	slob	raw	exact	311	3039250
sample	prose_heavy	slob	raw	exact	312	451666
sample	prose_heavy	slob	raw	exact	313	352625
sample	prose_heavy	slob	raw	exact	314	960542
sample	prose_heavy	slob	raw	exact	315	1665417
sample	prose_heavy	slob	raw	exact	316	458292
sample	prose_heavy	slob	raw	exact	317	615833
sample	prose_heavy	slob	raw	exact	318	430458
sample	prose_heavy	slob	raw	exact	319	461958
sample	prose_heavy	slob	raw	exact	320	426750
sample	prose_heavy	slob	raw	exact	321	585333
sample	prose_heavy	slob	raw	exact	322	444833
sample	prose_heavy	slob	raw	exact	323	399042
sample	prose_heavy	slob	raw	exact	324	427083
sample	prose_heavy	slob	raw	exact	325	628875
sample	prose_heavy	slob	raw	exact	326	549166
sample	prose_heavy	slob	raw	exact	327	618833
sample	prose_heavy	slob	raw	exact	328	431791
sample	prose_heavy	slob	raw	exact	329	339667
sample	prose_heavy	slob	raw	exact	330	431542
sample	prose_heavy	slob	raw	exact	331	401916
sample	prose_heavy	slob	raw	exact	332	430458
sample	prose_heavy	slob	raw	exact	333	422708
sample	prose_heavy	slob	raw	exact	334	432250
sample	prose_heavy	slob	raw	exact	335	465625
sample	prose_heavy	slob	raw	exact	336	431875
sample	prose_heavy	slob	raw	exact	337	599208
sample	prose_heavy	slob	raw	exact	338	535291
sample	prose_heavy	slob	raw	exact	339	405375
sample	prose_heavy	slob	raw	exact	340	433125
sample	prose_heavy	slob	raw	exact	341	2464083
sample	prose_heavy	slob	raw	exact	342	1104667
sample	prose_heavy	slob	raw	exact	343	1043334
sample	prose_heavy	slob	raw	exact	344	433083
sample	prose_heavy	slob	raw	exact	345	336834
sample	prose_heavy	slob	raw	exact	346	431541
sample	prose_heavy	slob	raw	exact	347	597625
sample	prose_heavy	slob	raw	exact	348	444208
sample	prose_heavy	slob	raw	exact	349	442500
sample	prose_heavy	slob	raw	exact	350	1588416
sample	prose_heavy	slob	raw	exact	351	1967292
sample	prose_heavy	slob	raw	exact	352	925625
sample	prose_heavy	slob	raw	exact	353	656667
sample	prose_heavy	slob	raw	exact	354	509459
sample	prose_heavy	slob	raw	exact	355	2182125
sample	prose_heavy	slob	raw	exact	356	1231916
sample	prose_heavy	slob	raw	exact	357	899917
sample	prose_heavy	slob	raw	exact	358	455416
sample	prose_heavy	slob	raw	exact	359	491250
sample	prose_heavy	slob	raw	exact	360	522917
sample	prose_heavy	slob	raw	exact	361	590875
sample	prose_heavy	slob	raw	exact	362	426584
sample	prose_heavy	slob	raw	exact	363	396333
sample	prose_heavy	slob	raw	exact	364	425292
sample	prose_heavy	slob	raw	exact	365	541709
sample	prose_heavy	slob	raw	exact	366	720250
sample	prose_heavy	slob	raw	exact	367	1463500
sample	prose_heavy	slob	raw	exact	368	1777667
sample	prose_heavy	slob	raw	exact	369	1014458
sample	prose_heavy	slob	raw	exact	370	444209
sample	prose_heavy	slob	raw	exact	371	405250
sample	prose_heavy	slob	raw	exact	372	437042
sample	prose_heavy	slob	raw	exact	373	1574667
sample	prose_heavy	slob	raw	exact	374	430458
sample	prose_heavy	slob	raw	exact	375	463417
sample	prose_heavy	slob	raw	exact	376	429500
sample	prose_heavy	slob	raw	exact	377	338209
sample	prose_heavy	slob	raw	exact	378	3415041
sample	prose_heavy	slob	raw	exact	379	421708
sample	prose_heavy	slob	raw	exact	380	506542
sample	prose_heavy	slob	raw	exact	381	695250
sample	prose_heavy	slob	raw	exact	382	426125
sample	prose_heavy	slob	raw	exact	383	1931625
sample	prose_heavy	slob	raw	exact	384	1307209
sample	prose_heavy	slob	raw	exact	385	340708
sample	prose_heavy	slob	raw	exact	386	935250
sample	prose_heavy	slob	raw	exact	387	597750
sample	prose_heavy	slob	raw	exact	388	1214042
sample	prose_heavy	slob	raw	exact	389	618667
sample	prose_heavy	slob	raw	exact	390	436083
sample	prose_heavy	slob	raw	exact	391	625750
sample	prose_heavy	slob	raw	exact	392	666875
sample	prose_heavy	slob	raw	exact	393	337125
sample	prose_heavy	slob	raw	exact	394	430250
sample	prose_heavy	slob	raw	exact	395	399500
sample	prose_heavy	slob	raw	exact	396	1491542
sample	prose_heavy	slob	raw	exact	397	760583
sample	prose_heavy	slob	raw	exact	398	442209
sample	prose_heavy	slob	raw	exact	399	511917
sample	prose_heavy	slob	raw	exact	400	485042
sample	prose_heavy	slob	raw	exact	401	338375
sample	prose_heavy	slob	raw	exact	402	427458
sample	prose_heavy	slob	raw	exact	403	1037542
sample	prose_heavy	slob	raw	exact	404	1208792
sample	prose_heavy	slob	raw	exact	405	1477334
sample	prose_heavy	slob	raw	exact	406	1201958
sample	prose_heavy	slob	raw	exact	407	1274917
sample	prose_heavy	slob	raw	exact	408	454875
sample	prose_heavy	slob	raw	exact	409	336917
sample	prose_heavy	slob	raw	exact	410	1650208
sample	prose_heavy	slob	raw	exact	411	3316083
sample	prose_heavy	slob	raw	exact	412	1165916
sample	prose_heavy	slob	raw	exact	413	2708542
sample	prose_heavy	slob	raw	exact	414	915125
sample	prose_heavy	slob	raw	exact	415	1274291
sample	prose_heavy	slob	raw	exact	416	1345958
sample	prose_heavy	slob	raw	exact	417	958084
sample	prose_heavy	slob	raw	exact	418	614875
sample	prose_heavy	slob	raw	exact	419	1052292
sample	prose_heavy	slob	raw	exact	420	1163125
sample	prose_heavy	slob	raw	exact	421	2097542
sample	prose_heavy	slob	raw	exact	422	1420958
sample	prose_heavy	slob	raw	exact	423	1167375
sample	prose_heavy	slob	raw	exact	424	1223500
sample	prose_heavy	slob	raw	exact	425	854458
sample	prose_heavy	slob	raw	exact	426	1343000
sample	prose_heavy	slob	raw	exact	427	2339708
sample	prose_heavy	slob	raw	exact	428	1342625
sample	prose_heavy	slob	raw	exact	429	1719333
sample	prose_heavy	slob	raw	exact	430	443083
sample	prose_heavy	slob	raw	exact	431	536584
sample	prose_heavy	slob	raw	exact	432	431667
sample	prose_heavy	slob	raw	exact	433	638500
sample	prose_heavy	slob	raw	exact	434	1508333
sample	prose_heavy	slob	raw	exact	435	517041
sample	prose_heavy	slob	raw	exact	436	436209
sample	prose_heavy	slob	raw	exact	437	400750
sample	prose_heavy	slob	raw	exact	438	486959
sample	prose_heavy	slob	raw	exact	439	793833
sample	prose_heavy	slob	raw	exact	440	1194083
sample	prose_heavy	slob	raw	exact	441	1115542
sample	prose_heavy	slob	raw	exact	442	1758833
sample	prose_heavy	slob	raw	exact	443	1230792
sample	prose_heavy	slob	raw	exact	444	1178917
sample	prose_heavy	slob	raw	exact	445	1661500
sample	prose_heavy	slob	raw	exact	446	897125
sample	prose_heavy	slob	raw	exact	447	469541
sample	prose_heavy	slob	raw	exact	448	551000
sample	prose_heavy	slob	raw	exact	449	1750583
sample	prose_heavy	slob	raw	exact	450	1079041
sample	prose_heavy	slob	raw	exact	451	656917
sample	prose_heavy	slob	raw	exact	452	2254958
sample	prose_heavy	slob	raw	exact	453	1361292
sample	prose_heavy	slob	raw	exact	454	1228750
sample	prose_heavy	slob	raw	exact	455	2188125
sample	prose_heavy	slob	raw	exact	456	1153417
sample	prose_heavy	slob	raw	exact	457	772583
sample	prose_heavy	slob	raw	exact	458	1032833
sample	prose_heavy	slob	raw	exact	459	414250
sample	prose_heavy	slob	raw	exact	460	852709
sample	prose_heavy	slob	raw	exact	461	402416
sample	prose_heavy	slob	raw	exact	462	429416
sample	prose_heavy	slob	raw	exact	463	462750
sample	prose_heavy	slob	raw	exact	464	575833
sample	prose_heavy	slob	raw	exact	465	424667
sample	prose_heavy	slob	raw	exact	466	632417
sample	prose_heavy	slob	raw	exact	467	395958
sample	prose_heavy	slob	raw	exact	468	424208
sample	prose_heavy	slob	raw	exact	469	394625
sample	prose_heavy	slob	raw	exact	470	1181042
sample	prose_heavy	slob	raw	exact	471	1224791
sample	prose_heavy	slob	raw	exact	472	1434791
sample	prose_heavy	slob	raw	exact	473	382583
sample	prose_heavy	slob	raw	exact	474	789500
sample	prose_heavy	slob	raw	exact	475	476917
sample	prose_heavy	slob	raw	exact	476	433584
sample	prose_heavy	slob	raw	exact	477	1485125
sample	prose_heavy	slob	raw	exact	478	2076500
sample	prose_heavy	slob	raw	exact	479	484291
sample	prose_heavy	slob	raw	exact	480	2010584
sample	prose_heavy	slob	raw	exact	481	500209
sample	prose_heavy	slob	raw	exact	482	427125
sample	prose_heavy	slob	raw	exact	483	399125
sample	prose_heavy	slob	raw	exact	484	425875
sample	prose_heavy	slob	raw	exact	485	396583
sample	prose_heavy	slob	raw	exact	486	427625
sample	prose_heavy	slob	raw	exact	487	502500
sample	prose_heavy	slob	raw	exact	488	1684500
sample	prose_heavy	slob	raw	exact	489	932875
sample	prose_heavy	slob	raw	exact	490	1299750
sample	prose_heavy	slob	raw	exact	491	802042
sample	prose_heavy	slob	raw	exact	492	445584
sample	prose_heavy	slob	raw	exact	493	404500
sample	prose_heavy	slob	raw	exact	494	430209
sample	prose_heavy	slob	raw	exact	495	473917
sample	prose_heavy	slob	raw	exact	496	430083
sample	prose_heavy	slob	raw	exact	497	341042
sample	prose_heavy	slob	raw	exact	498	1352917
sample	prose_heavy	slob	raw	exact	499	409625
sample	prose_heavy	slob	raw	exact	500	687584
sample	prose_heavy	slob	raw	exact	501	2537250
sample	prose_heavy	slob	raw	exact	502	1256916
sample	prose_heavy	slob	raw	exact	503	2622709
sample	prose_heavy	slob	raw	exact	504	1385583
sample	prose_heavy	slob	raw	exact	505	1682750
sample	prose_heavy	slob	raw	exact	506	1273292
sample	prose_heavy	slob	raw	exact	507	1457709
sample	prose_heavy	slob	raw	exact	508	2681417
sample	prose_heavy	slob	raw	exact	509	1064709
sample	prose_heavy	slob	raw	exact	510	1158709
sample	prose_heavy	slob	raw	exact	511	640833
sample	prose_heavy	slob	raw	exact	512	1551750
sample	prose_heavy	slob	raw	exact	513	350375
sample	prose_heavy	slob	raw	exact	514	443000
sample	prose_heavy	slob	raw	exact	515	423167
sample	prose_heavy	slob	raw	exact	516	450666
sample	prose_heavy	slob	raw	exact	517	438875
sample	prose_heavy	slob	raw	exact	518	425542
sample	prose_heavy	slob	raw	exact	519	454375
sample	prose_heavy	slob	raw	exact	520	628083
sample	prose_heavy	slob	raw	exact	521	962042
sample	prose_heavy	slob	raw	exact	522	1579167
sample	prose_heavy	slob	raw	exact	523	1722417
sample	prose_heavy	slob	raw	exact	524	1338542
sample	prose_heavy	slob	raw	exact	525	1376500
sample	prose_heavy	slob	raw	exact	526	2566292
sample	prose_heavy	slob	raw	exact	527	1660000
sample	prose_heavy	slob	raw	exact	528	1443000
sample	prose_heavy	slob	raw	exact	529	717708
sample	prose_heavy	slob	raw	exact	530	440333
sample	prose_heavy	slob	raw	exact	531	857292
sample	prose_heavy	slob	raw	exact	532	451375
sample	prose_heavy	slob	raw	exact	533	396459
sample	prose_heavy	slob	raw	exact	534	1669958
sample	prose_heavy	slob	raw	exact	535	1410458
sample	prose_heavy	slob	raw	exact	536	1036625
sample	prose_heavy	slob	raw	exact	537	344250
sample	prose_heavy	slob	raw	exact	538	430834
sample	prose_heavy	slob	raw	exact	539	404083
sample	prose_heavy	slob	raw	exact	540	425791
sample	prose_heavy	slob	raw	exact	541	396375
sample	prose_heavy	slob	raw	exact	542	430834
sample	prose_heavy	slob	raw	exact	543	897834
sample	prose_heavy	slob	raw	exact	544	823375
sample	prose_heavy	slob	raw	exact	545	452291
sample	prose_heavy	slob	raw	exact	546	1296459
sample	prose_heavy	slob	raw	exact	547	1419125
sample	prose_heavy	slob	raw	exact	548	438166
sample	prose_heavy	slob	raw	exact	549	399167
sample	prose_heavy	slob	raw	exact	550	426791
sample	prose_heavy	slob	raw	exact	551	459791
sample	prose_heavy	slob	raw	exact	552	427166
sample	prose_heavy	slob	raw	exact	553	334541
sample	prose_heavy	slob	raw	exact	554	2512167
sample	prose_heavy	slob	raw	exact	555	425042
sample	prose_heavy	slob	raw	exact	556	432875
sample	prose_heavy	slob	raw	exact	557	459458
sample	prose_heavy	slob	raw	exact	558	450916
sample	prose_heavy	slob	raw	exact	559	3140208
sample	prose_heavy	slob	raw	exact	560	765958
sample	prose_heavy	slob	raw	exact	561	339750
sample	prose_heavy	slob	raw	exact	562	1466167
sample	prose_heavy	slob	raw	exact	563	2059625
sample	prose_heavy	slob	raw	exact	564	633750
sample	prose_heavy	slob	raw	exact	565	425084
sample	prose_heavy	slob	raw	exact	566	432791
sample	prose_heavy	slob	raw	exact	567	476042
sample	prose_heavy	slob	raw	exact	568	432917
sample	prose_heavy	slob	raw	exact	569	339833
sample	prose_heavy	slob	raw	exact	570	427667
sample	prose_heavy	slob	raw	exact	571	399958
sample	prose_heavy	slob	raw	exact	572	439708
sample	prose_heavy	slob	raw	exact	573	1647292
sample	prose_heavy	slob	raw	exact	574	673291
sample	prose_heavy	slob	raw	exact	575	1286375
sample	prose_heavy	slob	raw	exact	576	1018750
sample	prose_heavy	slob	raw	exact	577	635583
sample	prose_heavy	slob	raw	exact	578	440750
sample	prose_heavy	slob	raw	exact	579	411667
sample	prose_heavy	slob	raw	exact	580	638458
sample	prose_heavy	slob	raw	exact	581	2034750
sample	prose_heavy	slob	raw	exact	582	1124750
sample	prose_heavy	slob	raw	exact	583	584542
sample	prose_heavy	slob	raw	exact	584	767000
sample	prose_heavy	slob	raw	exact	585	340500
sample	prose_heavy	slob	raw	exact	586	1561250
sample	prose_heavy	slob	raw	exact	587	406500
sample	prose_heavy	slob	raw	exact	588	432333
sample	prose_heavy	slob	raw	exact	589	797042
sample	prose_heavy	slob	raw	exact	590	943208
sample	prose_heavy	slob	raw	exact	591	2076458
sample	prose_heavy	slob	raw	exact	592	435000
sample	prose_heavy	slob	raw	exact	593	337375
sample	prose_heavy	slob	raw	exact	594	425833
sample	prose_heavy	slob	raw	exact	595	403208
sample	prose_heavy	slob	raw	exact	596	428125
sample	prose_heavy	slob	raw	exact	597	397834
sample	prose_heavy	slob	raw	exact	598	424458
sample	prose_heavy	slob	raw	exact	599	471041
sample	prose_heavy	slob	raw	exact	600	1563209
sample	prose_heavy	slob	raw	exact	601	374542
sample	prose_heavy	slob	raw	exact	602	454916
sample	prose_heavy	slob	raw	exact	603	1087916
sample	prose_heavy	slob	raw	exact	604	1053042
sample	prose_heavy	slob	raw	exact	605	434875
sample	prose_heavy	slob	raw	exact	606	432875
sample	prose_heavy	slob	raw	exact	607	460375
sample	prose_heavy	slob	raw	exact	608	429291
sample	prose_heavy	slob	raw	exact	609	535584
sample	prose_heavy	slob	raw	exact	610	523917
sample	prose_heavy	slob	raw	exact	611	2343583
sample	prose_heavy	slob	raw	exact	612	690791
sample	prose_heavy	slob	raw	exact	613	403542
sample	prose_heavy	slob	raw	exact	614	426208
sample	prose_heavy	slob	raw	exact	615	2117125
sample	prose_heavy	slob	raw	exact	616	704333
sample	prose_heavy	slob	raw	exact	617	340292
sample	prose_heavy	slob	raw	exact	618	747042
sample	prose_heavy	slob	raw	exact	619	1864167
sample	prose_heavy	slob	raw	exact	620	2122750
sample	prose_heavy	slob	raw	exact	621	402417
sample	prose_heavy	slob	raw	exact	622	426750
sample	prose_heavy	slob	raw	exact	623	469709
sample	prose_heavy	slob	raw	exact	624	508666
sample	prose_heavy	slob	raw	exact	625	334708
sample	prose_heavy	slob	raw	exact	626	427334
sample	prose_heavy	slob	raw	exact	627	2568750
sample	prose_heavy	slob	raw	exact	628	1188917
sample	prose_heavy	slob	raw	exact	629	1086000
sample	prose_heavy	slob	raw	exact	630	459917
sample	prose_heavy	slob	raw	exact	631	463875
sample	prose_heavy	slob	raw	exact	632	426917
sample	prose_heavy	slob	raw	exact	633	337958
sample	prose_heavy	slob	raw	exact	634	431500
sample	prose_heavy	slob	raw	exact	635	401292
sample	prose_heavy	slob	raw	exact	636	1173666
sample	prose_heavy	slob	raw	exact	637	1490042
sample	prose_heavy	slob	raw	exact	638	450333
sample	prose_heavy	slob	raw	exact	639	840792
sample	prose_heavy	slob	raw	exact	640	623708
sample	prose_heavy	slob	raw	exact	641	341750
sample	prose_heavy	slob	raw	exact	642	425625
sample	prose_heavy	slob	raw	exact	643	397292
sample	prose_heavy	slob	raw	exact	644	428167
sample	prose_heavy	slob	raw	exact	645	585750
sample	prose_heavy	slob	raw	exact	646	992334
sample	prose_heavy	slob	raw	exact	647	1966958
sample	prose_heavy	slob	raw	exact	648	2141708
sample	prose_heavy	slob	raw	exact	649	819125
sample	prose_heavy	slob	raw	exact	650	725667
sample	prose_heavy	slob	raw	exact	651	404375
sample	prose_heavy	slob	raw	exact	652	1674625
sample	prose_heavy	slob	raw	exact	653	854542
sample	prose_heavy	slob	raw	exact	654	496917
sample	prose_heavy	slob	raw	exact	655	465459
sample	prose_heavy	slob	raw	exact	656	451666
sample	prose_heavy	slob	raw	exact	657	337625
sample	prose_heavy	slob	raw	exact	658	429000
sample	prose_heavy	slob	raw	exact	659	399417
sample	prose_heavy	slob	raw	exact	660	425083
sample	prose_heavy	slob	raw	exact	661	931125
sample	prose_heavy	slob	raw	exact	662	432209
sample	prose_heavy	slob	raw	exact	663	741167
sample	prose_heavy	slob	raw	exact	664	1220125
sample	prose_heavy	slob	raw	exact	665	1018542
sample	prose_heavy	slob	raw	exact	666	1101791
sample	prose_heavy	slob	raw	exact	667	966375
sample	prose_heavy	slob	raw	exact	668	1938917
sample	prose_heavy	slob	raw	exact	669	855625
sample	prose_heavy	slob	raw	exact	670	766083
sample	prose_heavy	slob	raw	exact	671	464000
sample	prose_heavy	slob	raw	exact	672	1645750
sample	prose_heavy	slob	raw	exact	673	923667
sample	prose_heavy	slob	raw	exact	674	1124250
sample	prose_heavy	slob	raw	exact	675	1527833
sample	prose_heavy	slob	raw	exact	676	2111333
sample	prose_heavy	slob	raw	exact	677	2093792
sample	prose_heavy	slob	raw	exact	678	2395000
sample	prose_heavy	slob	raw	exact	679	1359291
sample	prose_heavy	slob	raw	exact	680	1158250
sample	prose_heavy	slob	raw	exact	681	1361958
sample	prose_heavy	slob	raw	exact	682	1238167
sample	prose_heavy	slob	raw	exact	683	410750
sample	prose_heavy	slob	raw	exact	684	734375
sample	prose_heavy	slob	raw	exact	685	555792
sample	prose_heavy	slob	raw	exact	686	1072834
sample	prose_heavy	slob	raw	exact	687	490792
sample	prose_heavy	slob	raw	exact	688	436125
sample	prose_heavy	slob	raw	exact	689	340167
sample	prose_heavy	slob	raw	exact	690	2475250
sample	prose_heavy	slob	raw	exact	691	1098500
sample	prose_heavy	slob	raw	exact	692	1897250
sample	prose_heavy	slob	raw	exact	693	746792
sample	prose_heavy	slob	raw	exact	694	521958
sample	prose_heavy	slob	raw	exact	695	469375
sample	prose_heavy	slob	raw	exact	696	3362500
sample	prose_heavy	slob	raw	exact	697	354375
sample	prose_heavy	slob	raw	exact	698	453708
sample	prose_heavy	slob	raw	exact	699	460875
sample	prose_heavy	slob	raw	exact	700	934583
sample	prose_heavy	slob	raw	exact	701	2092125
sample	prose_heavy	slob	raw	exact	702	451292
sample	prose_heavy	slob	raw	exact	703	481917
sample	prose_heavy	slob	raw	exact	704	429875
sample	prose_heavy	slob	raw	exact	705	1478833
sample	prose_heavy	slob	raw	exact	706	939833
sample	prose_heavy	slob	raw	exact	707	491000
sample	prose_heavy	slob	raw	exact	708	466291
sample	prose_heavy	slob	raw	exact	709	437333
sample	prose_heavy	slob	raw	exact	710	514167
sample	prose_heavy	slob	raw	exact	711	463458
sample	prose_heavy	slob	raw	exact	712	427875
sample	prose_heavy	slob	raw	exact	713	636541
sample	prose_heavy	slob	raw	exact	714	451208
sample	prose_heavy	slob	raw	exact	715	403542
sample	prose_heavy	slob	raw	exact	716	467375
sample	prose_heavy	slob	raw	exact	717	537500
sample	prose_heavy	slob	raw	exact	718	1351041
sample	prose_heavy	slob	raw	exact	719	1038334
sample	prose_heavy	slob	raw	exact	720	1659000
sample	prose_heavy	slob	raw	exact	721	348458
sample	prose_heavy	slob	raw	exact	722	436208
sample	prose_heavy	slob	raw	exact	723	403583
sample	prose_heavy	slob	raw	exact	724	429292
sample	prose_heavy	slob	raw	exact	725	831209
sample	prose_heavy	slob	raw	exact	726	2523875
sample	prose_heavy	slob	raw	exact	727	1208750
sample	prose_heavy	slob	raw	exact	728	1715167
sample	prose_heavy	slob	raw	exact	729	2118834
sample	prose_heavy	slob	raw	exact	730	1431000
sample	prose_heavy	slob	raw	exact	731	1145500
sample	prose_heavy	slob	raw	exact	732	2431500
sample	prose_heavy	slob	raw	exact	733	494083
sample	prose_heavy	slob	raw	exact	734	474709
sample	prose_heavy	slob	raw	exact	735	469541
sample	prose_heavy	slob	raw	exact	736	702792
sample	prose_heavy	slob	raw	exact	737	340333
sample	prose_heavy	slob	raw	exact	738	1038000
sample	prose_heavy	slob	raw	exact	739	722250
sample	prose_heavy	slob	raw	exact	740	1175167
sample	prose_heavy	slob	raw	exact	741	579000
sample	prose_heavy	slob	raw	exact	742	806042
sample	prose_heavy	slob	raw	exact	743	898125
sample	prose_heavy	slob	raw	exact	744	712292
sample	prose_heavy	slob	raw	exact	745	1759333
sample	prose_heavy	slob	raw	exact	746	1492667
sample	prose_heavy	slob	raw	exact	747	782500
sample	prose_heavy	slob	raw	exact	748	1254666
sample	prose_heavy	slob	raw	exact	749	1112500
sample	prose_heavy	slob	raw	exact	750	1189125
sample	prose_heavy	slob	raw	exact	751	2209875
sample	prose_heavy	slob	raw	exact	752	439792
sample	prose_heavy	slob	raw	exact	753	338250
sample	prose_heavy	slob	raw	exact	754	429584
sample	prose_heavy	slob	raw	exact	755	411000
sample	prose_heavy	slob	raw	exact	756	790625
sample	prose_heavy	slob	raw	exact	757	1573250
sample	prose_heavy	slob	raw	exact	758	438666
sample	prose_heavy	slob	raw	exact	759	463000
sample	prose_heavy	slob	raw	exact	760	434250
sample	prose_heavy	slob	raw	exact	761	338042
sample	prose_heavy	slob	raw	exact	762	565875
sample	prose_heavy	slob	raw	exact	763	934375
sample	prose_heavy	slob	raw	exact	764	489250
sample	prose_heavy	slob	raw	exact	765	406333
sample	prose_heavy	slob	raw	exact	766	433500
sample	prose_heavy	slob	raw	exact	767	463333
sample	prose_heavy	slob	raw	exact	768	431041
sample	prose_heavy	slob	raw	exact	769	336458
sample	prose_heavy	slob	raw	exact	770	428625
sample	prose_heavy	slob	raw	exact	771	403042
sample	prose_heavy	slob	raw	exact	772	430750
sample	prose_heavy	slob	raw	exact	773	399667
sample	prose_heavy	slob	raw	exact	774	429250
sample	prose_heavy	slob	raw	exact	775	509250
sample	prose_heavy	slob	raw	exact	776	463417
sample	prose_heavy	slob	raw	exact	777	342958
sample	prose_heavy	slob	raw	exact	778	455042
sample	prose_heavy	slob	raw	exact	779	578833
sample	prose_heavy	slob	raw	exact	780	1106292
sample	prose_heavy	slob	raw	exact	781	403250
sample	prose_heavy	slob	raw	exact	782	431083
sample	prose_heavy	slob	raw	exact	783	464250
sample	prose_heavy	slob	raw	exact	784	426375
sample	prose_heavy	slob	raw	exact	785	1515417
sample	prose_heavy	slob	raw	exact	786	437333
sample	prose_heavy	slob	raw	exact	787	403917
sample	prose_heavy	slob	raw	exact	788	428250
sample	prose_heavy	slob	raw	exact	789	399000
sample	prose_heavy	slob	raw	exact	790	428208
sample	prose_heavy	slob	raw	exact	791	2021833
sample	prose_heavy	slob	raw	exact	792	707250
sample	prose_heavy	slob	raw	exact	793	337792
sample	prose_heavy	slob	raw	exact	794	1878875
sample	prose_heavy	slob	raw	exact	795	2302250
sample	prose_heavy	slob	raw	exact	796	443208
sample	prose_heavy	slob	raw	exact	797	826500
sample	prose_heavy	slob	raw	exact	798	1012209
sample	prose_heavy	slob	raw	exact	799	522750
sample	prose_heavy	slob	raw	exact	800	1456959
sample	prose_heavy	slob	raw	exact	801	888583
sample	prose_heavy	slob	raw	exact	802	1146583
sample	prose_heavy	slob	raw	exact	803	548833
sample	prose_heavy	slob	raw	exact	804	1435083
sample	prose_heavy	slob	raw	exact	805	596750
sample	prose_heavy	slob	raw	exact	806	438375
sample	prose_heavy	slob	raw	exact	807	962042
sample	prose_heavy	slob	raw	exact	808	990083
sample	prose_heavy	slob	raw	exact	809	1141375
sample	prose_heavy	slob	raw	exact	810	433833
sample	prose_heavy	slob	raw	exact	811	404292
sample	prose_heavy	slob	raw	exact	812	736292
sample	prose_heavy	slob	raw	exact	813	1218667
sample	prose_heavy	slob	raw	exact	814	1255708
sample	prose_heavy	slob	raw	exact	815	1631583
sample	prose_heavy	slob	raw	exact	816	450583
sample	prose_heavy	slob	raw	exact	817	339583
sample	prose_heavy	slob	raw	exact	818	1700167
sample	prose_heavy	slob	raw	exact	819	894000
sample	prose_heavy	slob	raw	exact	820	430416
sample	prose_heavy	slob	raw	exact	821	454458
sample	prose_heavy	slob	raw	exact	822	428667
sample	prose_heavy	slob	raw	exact	823	1934042
sample	prose_heavy	slob	raw	exact	824	980458
sample	prose_heavy	slob	raw	exact	825	343584
sample	prose_heavy	slob	raw	exact	826	486000
sample	prose_heavy	slob	raw	exact	827	401541
sample	prose_heavy	slob	raw	exact	828	429208
sample	prose_heavy	slob	raw	exact	829	443667
sample	prose_heavy	slob	raw	exact	830	952875
sample	prose_heavy	slob	raw	exact	831	1366875
sample	prose_heavy	slob	raw	exact	832	457166
sample	prose_heavy	slob	raw	exact	833	338750
sample	prose_heavy	slob	raw	exact	834	582750
sample	prose_heavy	slob	raw	exact	835	1123417
sample	prose_heavy	slob	raw	exact	836	1210667
sample	prose_heavy	slob	raw	exact	837	612333
sample	prose_heavy	slob	raw	exact	838	456917
sample	prose_heavy	slob	raw	exact	839	2105959
sample	prose_heavy	slob	raw	exact	840	1269500
sample	prose_heavy	slob	raw	exact	841	479417
sample	prose_heavy	slob	raw	exact	842	1313708
sample	prose_heavy	slob	raw	exact	843	409000
sample	prose_heavy	slob	raw	exact	844	428959
sample	prose_heavy	slob	raw	exact	845	664791
sample	prose_heavy	slob	raw	exact	846	626292
sample	prose_heavy	slob	raw	exact	847	730166
sample	prose_heavy	slob	raw	exact	848	3988917
sample	prose_heavy	slob	raw	exact	849	953417
sample	prose_heavy	slob	raw	exact	850	1175208
sample	prose_heavy	slob	raw	exact	851	2489791
sample	prose_heavy	slob	raw	exact	852	452375
sample	prose_heavy	slob	raw	exact	853	403958
sample	prose_heavy	slob	raw	exact	854	1139459
sample	prose_heavy	slob	raw	exact	855	1355041
sample	prose_heavy	slob	raw	exact	856	1271958
sample	prose_heavy	slob	raw	exact	857	943125
sample	prose_heavy	slob	raw	exact	858	1278041
sample	prose_heavy	slob	raw	exact	859	775500
sample	prose_heavy	slob	raw	exact	860	442791
sample	prose_heavy	slob	raw	exact	861	404000
sample	prose_heavy	slob	raw	exact	862	430167
sample	prose_heavy	slob	raw	exact	863	1849167
sample	prose_heavy	slob	raw	exact	864	743625
sample	prose_heavy	slob	raw	exact	865	340083
sample	prose_heavy	slob	raw	exact	866	3367459
sample	prose_heavy	slob	raw	exact	867	735750
sample	prose_heavy	slob	raw	exact	868	435416
sample	prose_heavy	slob	raw	exact	869	402250
sample	prose_heavy	slob	raw	exact	870	431459
sample	prose_heavy	slob	raw	exact	871	481666
sample	prose_heavy	slob	raw	exact	872	429417
sample	prose_heavy	slob	raw	exact	873	537417
sample	prose_heavy	slob	raw	exact	874	1356375
sample	prose_heavy	slob	raw	exact	875	1216166
sample	prose_heavy	slob	raw	exact	876	768083
sample	prose_heavy	slob	raw	exact	877	405875
sample	prose_heavy	slob	raw	exact	878	580416
sample	prose_heavy	slob	raw	exact	879	501750
sample	prose_heavy	slob	raw	exact	880	435542
sample	prose_heavy	slob	raw	exact	881	340292
sample	prose_heavy	slob	raw	exact	882	653083
sample	prose_heavy	slob	raw	exact	883	1033250
sample	prose_heavy	slob	raw	exact	884	730375
sample	prose_heavy	slob	raw	exact	885	1101792
sample	prose_heavy	slob	raw	exact	886	1055292
sample	prose_heavy	slob	raw	exact	887	1325792
sample	prose_heavy	slob	raw	exact	888	829000
sample	prose_heavy	slob	raw	exact	889	383959
sample	prose_heavy	slob	raw	exact	890	452958
sample	prose_heavy	slob	raw	exact	891	422875
sample	prose_heavy	slob	raw	exact	892	429792
sample	prose_heavy	slob	raw	exact	893	401125
sample	prose_heavy	slob	raw	exact	894	462167
sample	prose_heavy	slob	raw	exact	895	702083
sample	prose_heavy	slob	raw	exact	896	1162291
sample	prose_heavy	slob	raw	exact	897	984458
sample	prose_heavy	slob	raw	exact	898	436334
sample	prose_heavy	slob	raw	exact	899	404625
sample	prose_heavy	slob	raw	exact	900	994875
sample	prose_heavy	slob	raw	exact	901	1882042
sample	prose_heavy	slob	raw	exact	902	1172458
sample	prose_heavy	slob	raw	exact	903	3481167
sample	prose_heavy	slob	raw	exact	904	458750
sample	prose_heavy	slob	raw	exact	905	1046875
sample	prose_heavy	slob	raw	exact	906	555542
sample	prose_heavy	slob	raw	exact	907	886167
sample	prose_heavy	slob	raw	exact	908	2371417
sample	prose_heavy	slob	raw	exact	909	406500
sample	prose_heavy	slob	raw	exact	910	804750
sample	prose_heavy	slob	raw	exact	911	1182125
sample	prose_heavy	slob	raw	exact	912	1273708
sample	prose_heavy	slob	raw	exact	913	340750
sample	prose_heavy	slob	raw	exact	914	499750
sample	prose_heavy	slob	raw	exact	915	693208
sample	prose_heavy	slob	raw	exact	916	739834
sample	prose_heavy	slob	raw	exact	917	974334
sample	prose_heavy	slob	raw	exact	918	870958
sample	prose_heavy	slob	raw	exact	919	2152333
sample	prose_heavy	slob	raw	exact	920	1227375
sample	prose_heavy	slob	raw	exact	921	352209
sample	prose_heavy	slob	raw	exact	922	1509292
sample	prose_heavy	slob	raw	exact	923	424084
sample	prose_heavy	slob	raw	exact	924	916333
sample	prose_heavy	slob	raw	exact	925	978958
sample	prose_heavy	slob	raw	exact	926	1030917
sample	prose_heavy	slob	raw	exact	927	528042
sample	prose_heavy	slob	raw	exact	928	707417
sample	prose_heavy	slob	raw	exact	929	342000
sample	prose_heavy	slob	raw	exact	930	428375
sample	prose_heavy	slob	raw	exact	931	1265250
sample	prose_heavy	slob	raw	exact	932	2824125
sample	prose_heavy	slob	raw	exact	933	1250083
sample	prose_heavy	slob	raw	exact	934	461833
sample	prose_heavy	slob	raw	exact	935	475958
sample	prose_heavy	slob	raw	exact	936	993333
sample	prose_heavy	slob	raw	exact	937	494083
sample	prose_heavy	slob	raw	exact	938	1370208
sample	prose_heavy	slob	raw	exact	939	1639208
sample	prose_heavy	slob	raw	exact	940	892875
sample	prose_heavy	slob	raw	exact	941	411916
sample	prose_heavy	slob	raw	exact	942	1158292
sample	prose_heavy	slob	raw	exact	943	1339334
sample	prose_heavy	slob	raw	exact	944	1318625
sample	prose_heavy	slob	raw	exact	945	1915208
sample	prose_heavy	slob	raw	exact	946	1110000
sample	prose_heavy	slob	raw	exact	947	2340750
sample	prose_heavy	slob	raw	exact	948	1422167
sample	prose_heavy	slob	raw	exact	949	2103750
sample	prose_heavy	slob	raw	exact	950	1034542
sample	prose_heavy	slob	raw	exact	951	471417
sample	prose_heavy	slob	raw	exact	952	428959
sample	prose_heavy	slob	raw	exact	953	335792
sample	prose_heavy	slob	raw	exact	954	608125
sample	prose_heavy	slob	raw	exact	955	2707667
sample	prose_heavy	slob	raw	exact	956	1053709
sample	prose_heavy	slob	raw	exact	957	416333
sample	prose_heavy	slob	raw	exact	958	949291
sample	prose_heavy	slob	raw	exact	959	1349791
sample	prose_heavy	slob	raw	exact	960	1644500
sample	prose_heavy	slob	raw	exact	961	795458
sample	prose_heavy	slob	raw	exact	962	432916
sample	prose_heavy	slob	raw	exact	963	551083
sample	prose_heavy	slob	raw	exact	964	448375
sample	prose_heavy	slob	raw	exact	965	399042
sample	prose_heavy	slob	raw	exact	966	1032208
sample	prose_heavy	slob	raw	exact	967	1257625
sample	prose_heavy	slob	raw	exact	968	1152750
sample	prose_heavy	slob	raw	exact	969	982667
sample	prose_heavy	slob	raw	exact	970	1046625
sample	prose_heavy	slob	raw	exact	971	1028084
sample	prose_heavy	slob	raw	exact	972	2486167
sample	prose_heavy	slob	raw	exact	973	1513166
sample	prose_heavy	slob	raw	exact	974	463959
sample	prose_heavy	slob	raw	exact	975	1116875
sample	prose_heavy	slob	raw	exact	976	503625
sample	prose_heavy	slob	raw	exact	977	336417
sample	prose_heavy	slob	raw	exact	978	423125
sample	prose_heavy	slob	raw	exact	979	463084
sample	prose_heavy	slob	raw	exact	980	525875
sample	prose_heavy	slob	raw	exact	981	566667
sample	prose_heavy	slob	raw	exact	982	1615333
sample	prose_heavy	slob	raw	exact	983	585125
sample	prose_heavy	slob	raw	exact	984	429459
sample	prose_heavy	slob	raw	exact	985	337959
sample	prose_heavy	slob	raw	exact	986	425250
sample	prose_heavy	slob	raw	exact	987	807625
sample	prose_heavy	slob	raw	exact	988	1181875
sample	prose_heavy	slob	raw	exact	989	731750
sample	prose_heavy	slob	raw	exact	990	431417
sample	prose_heavy	slob	raw	exact	991	920125
sample	prose_heavy	slob	raw	exact	992	1345000
sample	prose_heavy	slob	raw	exact	993	365917
sample	prose_heavy	slob	raw	exact	994	427792
sample	prose_heavy	slob	raw	exact	995	422334
sample	prose_heavy	slob	raw	exact	996	641792
sample	prose_heavy	slob	raw	exact	997	414333
sample	prose_heavy	slob	raw	exact	998	430750
sample	prose_heavy	slob	raw	exact	999	518709
sample	prose_heavy	slob	raw	prefix	0	715459
sample	prose_heavy	slob	raw	prefix	1	3952000
sample	prose_heavy	slob	raw	prefix	2	68098875
sample	prose_heavy	slob	raw	prefix	3	63843333
sample	prose_heavy	slob	raw	prefix	4	2215542
sample	prose_heavy	slob	raw	prefix	5	2211166
sample	prose_heavy	slob	raw	prefix	6	70093709
sample	prose_heavy	slob	raw	prefix	7	79479584
sample	prose_heavy	slob	raw	prefix	8	1107916
sample	prose_heavy	slob	raw	prefix	9	900083
sample	prose_heavy	slob	raw	prefix	10	57948791
sample	prose_heavy	slob	raw	prefix	11	75989459
sample	prose_heavy	slob	raw	prefix	12	1792125
sample	prose_heavy	slob	raw	prefix	13	2368750
sample	prose_heavy	slob	raw	prefix	14	66585500
sample	prose_heavy	slob	raw	prefix	15	54907959
sample	prose_heavy	slob	raw	prefix	16	778500
sample	prose_heavy	slob	raw	prefix	17	1717167
sample	prose_heavy	slob	raw	prefix	18	74282792
sample	prose_heavy	slob	raw	prefix	19	64189625
sample	prose_heavy	slob	raw	prefix	20	2456750
sample	prose_heavy	slob	raw	prefix	21	817500
sample	prose_heavy	slob	raw	prefix	22	60001458
sample	prose_heavy	slob	raw	prefix	23	62143667
sample	prose_heavy	slob	raw	prefix	24	758333
sample	prose_heavy	slob	raw	prefix	25	1715084
sample	prose_heavy	slob	raw	prefix	26	58780958
sample	prose_heavy	slob	raw	prefix	27	66465542
sample	prose_heavy	slob	raw	prefix	28	901291
sample	prose_heavy	slob	raw	prefix	29	1536291
sample	prose_heavy	slob	raw	prefix	30	70150000
sample	prose_heavy	slob	raw	prefix	31	51008834
sample	prose_heavy	slob	raw	prefix	32	764583
sample	prose_heavy	slob	raw	prefix	33	960625
sample	prose_heavy	slob	raw	prefix	34	57954417
sample	prose_heavy	slob	raw	prefix	35	55236542
sample	prose_heavy	slob	raw	prefix	36	1173709
sample	prose_heavy	slob	raw	prefix	37	1039541
sample	prose_heavy	slob	raw	prefix	38	70758458
sample	prose_heavy	slob	raw	prefix	39	57776625
sample	prose_heavy	slob	raw	prefix	40	749166
sample	prose_heavy	slob	raw	prefix	41	1075416
sample	prose_heavy	slob	raw	prefix	42	55221208
sample	prose_heavy	slob	raw	prefix	43	66014375
sample	prose_heavy	slob	raw	prefix	44	2860084
sample	prose_heavy	slob	raw	prefix	45	1175166
sample	prose_heavy	slob	raw	prefix	46	55436666
sample	prose_heavy	slob	raw	prefix	47	57087458
sample	prose_heavy	slob	raw	prefix	48	768333
sample	prose_heavy	slob	raw	prefix	49	1171167
sample	prose_heavy	slob	raw	prefix	50	56119167
sample	prose_heavy	slob	raw	prefix	51	56187375
sample	prose_heavy	slob	raw	prefix	52	948625
sample	prose_heavy	slob	raw	prefix	53	857791
sample	prose_heavy	slob	raw	prefix	54	59638167
sample	prose_heavy	slob	raw	prefix	55	61370792
sample	prose_heavy	slob	raw	prefix	56	1301959
sample	prose_heavy	slob	raw	prefix	57	1575750
sample	prose_heavy	slob	raw	prefix	58	54392542
sample	prose_heavy	slob	raw	prefix	59	51013083
sample	prose_heavy	slob	raw	prefix	60	885875
sample	prose_heavy	slob	raw	prefix	61	1794791
sample	prose_heavy	slob	raw	prefix	62	53887042
sample	prose_heavy	slob	raw	prefix	63	58535250
sample	prose_heavy	slob	raw	prefix	64	1061292
sample	prose_heavy	slob	raw	prefix	65	3062000
sample	prose_heavy	slob	raw	prefix	66	64816791
sample	prose_heavy	slob	raw	prefix	67	53892000
sample	prose_heavy	slob	raw	prefix	68	1144875
sample	prose_heavy	slob	raw	prefix	69	883667
sample	prose_heavy	slob	raw	prefix	70	49975334
sample	prose_heavy	slob	raw	prefix	71	51786334
sample	prose_heavy	slob	raw	prefix	72	901458
sample	prose_heavy	slob	raw	prefix	73	877042
sample	prose_heavy	slob	raw	prefix	74	56212334
sample	prose_heavy	slob	raw	prefix	75	55177958
sample	prose_heavy	slob	raw	prefix	76	1108625
sample	prose_heavy	slob	raw	prefix	77	2430083
sample	prose_heavy	slob	raw	prefix	78	53460000
sample	prose_heavy	slob	raw	prefix	79	57370250
sample	prose_heavy	slob	raw	prefix	80	2174625
sample	prose_heavy	slob	raw	prefix	81	1003833
sample	prose_heavy	slob	raw	prefix	82	54118459
sample	prose_heavy	slob	raw	prefix	83	55885750
sample	prose_heavy	slob	raw	prefix	84	2409375
sample	prose_heavy	slob	raw	prefix	85	868000
sample	prose_heavy	slob	raw	prefix	86	59127833
sample	prose_heavy	slob	raw	prefix	87	61852708
sample	prose_heavy	slob	raw	prefix	88	1642875
sample	prose_heavy	slob	raw	prefix	89	897667
sample	prose_heavy	slob	raw	prefix	90	50619542
sample	prose_heavy	slob	raw	prefix	91	56135167
sample	prose_heavy	slob	raw	prefix	92	2789666
sample	prose_heavy	slob	raw	prefix	93	814250
sample	prose_heavy	slob	raw	prefix	94	55267625
sample	prose_heavy	slob	raw	prefix	95	61133375
sample	prose_heavy	slob	raw	prefix	96	1167958
sample	prose_heavy	slob	raw	prefix	97	908375
sample	prose_heavy	slob	raw	prefix	98	56931208
sample	prose_heavy	slob	raw	prefix	99	53335083
sample	prose_heavy	slob	raw	prefix	100	2273291
sample	prose_heavy	slob	raw	prefix	101	829083
sample	prose_heavy	slob	raw	prefix	102	55840667
sample	prose_heavy	slob	raw	prefix	103	60426292
sample	prose_heavy	slob	raw	prefix	104	797667
sample	prose_heavy	slob	raw	prefix	105	2396209
sample	prose_heavy	slob	raw	prefix	106	55828833
sample	prose_heavy	slob	raw	prefix	107	56004416
sample	prose_heavy	slob	raw	prefix	108	911875
sample	prose_heavy	slob	raw	prefix	109	832125
sample	prose_heavy	slob	raw	prefix	110	70232083
sample	prose_heavy	slob	raw	prefix	111	62298000
sample	prose_heavy	slob	raw	prefix	112	747375
sample	prose_heavy	slob	raw	prefix	113	900625
sample	prose_heavy	slob	raw	prefix	114	61176500
sample	prose_heavy	slob	raw	prefix	115	59331125
sample	prose_heavy	slob	raw	prefix	116	995750
sample	prose_heavy	slob	raw	prefix	117	1252083
sample	prose_heavy	slob	raw	prefix	118	53772875
sample	prose_heavy	slob	raw	prefix	119	54404167
sample	prose_heavy	slob	raw	prefix	120	961250
sample	prose_heavy	slob	raw	prefix	121	1046541
sample	prose_heavy	slob	raw	prefix	122	55917250
sample	prose_heavy	slob	raw	prefix	123	64062708
sample	prose_heavy	slob	raw	prefix	124	914166
sample	prose_heavy	slob	raw	prefix	125	2255791
sample	prose_heavy	slob	raw	prefix	126	55342125
sample	prose_heavy	slob	raw	prefix	127	58130292
sample	prose_heavy	slob	raw	prefix	128	772709
sample	prose_heavy	slob	raw	prefix	129	1496166
sample	prose_heavy	slob	raw	prefix	130	54437125
sample	prose_heavy	slob	raw	prefix	131	56440083
sample	prose_heavy	slob	raw	prefix	132	914917
sample	prose_heavy	slob	raw	prefix	133	2076209
sample	prose_heavy	slob	raw	prefix	134	51366333
sample	prose_heavy	slob	raw	prefix	135	61256500
sample	prose_heavy	slob	raw	prefix	136	794750
sample	prose_heavy	slob	raw	prefix	137	1052334
sample	prose_heavy	slob	raw	prefix	138	55645542
sample	prose_heavy	slob	raw	prefix	139	56810625
sample	prose_heavy	slob	raw	prefix	140	1477709
sample	prose_heavy	slob	raw	prefix	141	1179750
sample	prose_heavy	slob	raw	prefix	142	60783209
sample	prose_heavy	slob	raw	prefix	143	58398042
sample	prose_heavy	slob	raw	prefix	144	1325583
sample	prose_heavy	slob	raw	prefix	145	924084
sample	prose_heavy	slob	raw	prefix	146	62885542
sample	prose_heavy	slob	raw	prefix	147	58160750
sample	prose_heavy	slob	raw	prefix	148	1624625
sample	prose_heavy	slob	raw	prefix	149	2038584
sample	prose_heavy	slob	raw	prefix	150	58737125
sample	prose_heavy	slob	raw	prefix	151	47356792
sample	prose_heavy	slob	raw	prefix	152	3233417
sample	prose_heavy	slob	raw	prefix	153	885083
sample	prose_heavy	slob	raw	prefix	154	53681834
sample	prose_heavy	slob	raw	prefix	155	64714292
sample	prose_heavy	slob	raw	prefix	156	1549792
sample	prose_heavy	slob	raw	prefix	157	831166
sample	prose_heavy	slob	raw	prefix	158	52272542
sample	prose_heavy	slob	raw	prefix	159	56300625
sample	prose_heavy	slob	raw	prefix	160	2639750
sample	prose_heavy	slob	raw	prefix	161	985875
sample	prose_heavy	slob	raw	prefix	162	53181750
sample	prose_heavy	slob	raw	prefix	163	59656875
sample	prose_heavy	slob	raw	prefix	164	1901208
sample	prose_heavy	slob	raw	prefix	165	1681916
sample	prose_heavy	slob	raw	prefix	166	55678209
sample	prose_heavy	slob	raw	prefix	167	58391000
sample	prose_heavy	slob	raw	prefix	168	748083
sample	prose_heavy	slob	raw	prefix	169	880667
sample	prose_heavy	slob	raw	prefix	170	54367417
sample	prose_heavy	slob	raw	prefix	171	56486542
sample	prose_heavy	slob	raw	prefix	172	2731583
sample	prose_heavy	slob	raw	prefix	173	865250
sample	prose_heavy	slob	raw	prefix	174	62298292
sample	prose_heavy	slob	raw	prefix	175	59813250
sample	prose_heavy	slob	raw	prefix	176	1902917
sample	prose_heavy	slob	raw	prefix	177	3045042
sample	prose_heavy	slob	raw	prefix	178	62287000
sample	prose_heavy	slob	raw	prefix	179	59360958
sample	prose_heavy	slob	raw	prefix	180	1075958
sample	prose_heavy	slob	raw	prefix	181	1050375
sample	prose_heavy	slob	raw	prefix	182	56240000
sample	prose_heavy	slob	raw	prefix	183	51985875
sample	prose_heavy	slob	raw	prefix	184	758792
sample	prose_heavy	slob	raw	prefix	185	922583
sample	prose_heavy	slob	raw	prefix	186	56518250
sample	prose_heavy	slob	raw	prefix	187	60099917
sample	prose_heavy	slob	raw	prefix	188	3217209
sample	prose_heavy	slob	raw	prefix	189	2022291
sample	prose_heavy	slob	raw	prefix	190	63854875
sample	prose_heavy	slob	raw	prefix	191	55095292
sample	prose_heavy	slob	raw	prefix	192	818166
sample	prose_heavy	slob	raw	prefix	193	1692875
sample	prose_heavy	slob	raw	prefix	194	55271500
sample	prose_heavy	slob	raw	prefix	195	61920833
sample	prose_heavy	slob	raw	prefix	196	948583
sample	prose_heavy	slob	raw	prefix	197	818083
sample	prose_heavy	slob	raw	prefix	198	54788875
sample	prose_heavy	slob	raw	prefix	199	53057334
sample	prose_heavy	slob	raw	prefix	200	1632166
sample	prose_heavy	slob	raw	prefix	201	1316000
sample	prose_heavy	slob	raw	prefix	202	64620167
sample	prose_heavy	slob	raw	prefix	203	68585083
sample	prose_heavy	slob	raw	prefix	204	2469791
sample	prose_heavy	slob	raw	prefix	205	1222958
sample	prose_heavy	slob	raw	prefix	206	63474459
sample	prose_heavy	slob	raw	prefix	207	69701042
sample	prose_heavy	slob	raw	prefix	208	1005542
sample	prose_heavy	slob	raw	prefix	209	1141875
sample	prose_heavy	slob	raw	prefix	210	64218083
sample	prose_heavy	slob	raw	prefix	211	83599291
sample	prose_heavy	slob	raw	prefix	212	977042
sample	prose_heavy	slob	raw	prefix	213	1044000
sample	prose_heavy	slob	raw	prefix	214	71711084
sample	prose_heavy	slob	raw	prefix	215	60922125
sample	prose_heavy	slob	raw	prefix	216	1344459
sample	prose_heavy	slob	raw	prefix	217	880584
sample	prose_heavy	slob	raw	prefix	218	64726166
sample	prose_heavy	slob	raw	prefix	219	56147042
sample	prose_heavy	slob	raw	prefix	220	1705750
sample	prose_heavy	slob	raw	prefix	221	1729916
sample	prose_heavy	slob	raw	prefix	222	70599375
sample	prose_heavy	slob	raw	prefix	223	60403458
sample	prose_heavy	slob	raw	prefix	224	749542
sample	prose_heavy	slob	raw	prefix	225	874458
sample	prose_heavy	slob	raw	prefix	226	56000000
sample	prose_heavy	slob	raw	prefix	227	62807875
sample	prose_heavy	slob	raw	prefix	228	894166
sample	prose_heavy	slob	raw	prefix	229	1381083
sample	prose_heavy	slob	raw	prefix	230	56812875
sample	prose_heavy	slob	raw	prefix	231	63519500
sample	prose_heavy	slob	raw	prefix	232	747458
sample	prose_heavy	slob	raw	prefix	233	3678000
sample	prose_heavy	slob	raw	prefix	234	56080417
sample	prose_heavy	slob	raw	prefix	235	57933917
sample	prose_heavy	slob	raw	prefix	236	889000
sample	prose_heavy	slob	raw	prefix	237	824792
sample	prose_heavy	slob	raw	prefix	238	55571958
sample	prose_heavy	slob	raw	prefix	239	55846125
sample	prose_heavy	slob	raw	prefix	240	763917
sample	prose_heavy	slob	raw	prefix	241	1476750
sample	prose_heavy	slob	raw	prefix	242	55953292
sample	prose_heavy	slob	raw	prefix	243	53628958
sample	prose_heavy	slob	raw	prefix	244	914584
sample	prose_heavy	slob	raw	prefix	245	2838875
sample	prose_heavy	slob	raw	prefix	246	56725750
sample	prose_heavy	slob	raw	prefix	247	55925833
sample	prose_heavy	slob	raw	prefix	248	727458
sample	prose_heavy	slob	raw	prefix	249	869500
sample	prose_heavy	slob	raw	prefix	250	61412375
sample	prose_heavy	slob	raw	prefix	251	53257208
sample	prose_heavy	slob	raw	prefix	252	1305375
sample	prose_heavy	slob	raw	prefix	253	2404459
sample	prose_heavy	slob	raw	prefix	254	58410125
sample	prose_heavy	slob	raw	prefix	255	63052917
sample	prose_heavy	slob	raw	prefix	256	762875
sample	prose_heavy	slob	raw	prefix	257	2809583
sample	prose_heavy	slob	raw	prefix	258	53535666
sample	prose_heavy	slob	raw	prefix	259	59344667
sample	prose_heavy	slob	raw	prefix	260	1807250
sample	prose_heavy	slob	raw	prefix	261	3882667
sample	prose_heavy	slob	raw	prefix	262	59486084
sample	prose_heavy	slob	raw	prefix	263	60163500
sample	prose_heavy	slob	raw	prefix	264	1442250
sample	prose_heavy	slob	raw	prefix	265	1568542
sample	prose_heavy	slob	raw	prefix	266	74190042
sample	prose_heavy	slob	raw	prefix	267	57305417
sample	prose_heavy	slob	raw	prefix	268	2438959
sample	prose_heavy	slob	raw	prefix	269	1129500
sample	prose_heavy	slob	raw	prefix	270	59315375
sample	prose_heavy	slob	raw	prefix	271	56941375
sample	prose_heavy	slob	raw	prefix	272	1228209
sample	prose_heavy	slob	raw	prefix	273	3080458
sample	prose_heavy	slob	raw	prefix	274	53598417
sample	prose_heavy	slob	raw	prefix	275	49030500
sample	prose_heavy	slob	raw	prefix	276	2198125
sample	prose_heavy	slob	raw	prefix	277	1198292
sample	prose_heavy	slob	raw	prefix	278	59822625
sample	prose_heavy	slob	raw	prefix	279	56555375
sample	prose_heavy	slob	raw	prefix	280	1478917
sample	prose_heavy	slob	raw	prefix	281	902167
sample	prose_heavy	slob	raw	prefix	282	61184250
sample	prose_heavy	slob	raw	prefix	283	52608166
sample	prose_heavy	slob	raw	prefix	284	1773750
sample	prose_heavy	slob	raw	prefix	285	3276750
sample	prose_heavy	slob	raw	prefix	286	56653500
sample	prose_heavy	slob	raw	prefix	287	59716792
sample	prose_heavy	slob	raw	prefix	288	763084
sample	prose_heavy	slob	raw	prefix	289	1043667
sample	prose_heavy	slob	raw	prefix	290	61586250
sample	prose_heavy	slob	raw	prefix	291	69979542
sample	prose_heavy	slob	raw	prefix	292	1829333
sample	prose_heavy	slob	raw	prefix	293	1009417
sample	prose_heavy	slob	raw	prefix	294	54100667
sample	prose_heavy	slob	raw	prefix	295	60779667
sample	prose_heavy	slob	raw	prefix	296	3798458
sample	prose_heavy	slob	raw	prefix	297	905042
sample	prose_heavy	slob	raw	prefix	298	65244709
sample	prose_heavy	slob	raw	prefix	299	64011958
sample	prose_heavy	slob	raw	prefix	300	3512000
sample	prose_heavy	slob	raw	prefix	301	3387541
sample	prose_heavy	slob	raw	prefix	302	60250958
sample	prose_heavy	slob	raw	prefix	303	59327458
sample	prose_heavy	slob	raw	prefix	304	779417
sample	prose_heavy	slob	raw	prefix	305	882583
sample	prose_heavy	slob	raw	prefix	306	59786333
sample	prose_heavy	slob	raw	prefix	307	68507458
sample	prose_heavy	slob	raw	prefix	308	2259750
sample	prose_heavy	slob	raw	prefix	309	1561167
sample	prose_heavy	slob	raw	prefix	310	66509917
sample	prose_heavy	slob	raw	prefix	311	70943875
sample	prose_heavy	slob	raw	prefix	312	773459
sample	prose_heavy	slob	raw	prefix	313	1744583
sample	prose_heavy	slob	raw	prefix	314	67497042
sample	prose_heavy	slob	raw	prefix	315	72048917
sample	prose_heavy	slob	raw	prefix	316	3396750
sample	prose_heavy	slob	raw	prefix	317	1659791
sample	prose_heavy	slob	raw	prefix	318	66225500
sample	prose_heavy	slob	raw	prefix	319	83471833
sample	prose_heavy	slob	raw	prefix	320	775917
sample	prose_heavy	slob	raw	prefix	321	900834
sample	prose_heavy	slob	raw	prefix	322	79582458
sample	prose_heavy	slob	raw	prefix	323	66100166
sample	prose_heavy	slob	raw	prefix	324	908709
sample	prose_heavy	slob	raw	prefix	325	847875
sample	prose_heavy	slob	raw	prefix	326	80237083
sample	prose_heavy	slob	raw	prefix	327	69458416
sample	prose_heavy	slob	raw	prefix	328	2087000
sample	prose_heavy	slob	raw	prefix	329	1673334
sample	prose_heavy	slob	raw	prefix	330	61283708
sample	prose_heavy	slob	raw	prefix	331	59287208
sample	prose_heavy	slob	raw	prefix	332	1423833
sample	prose_heavy	slob	raw	prefix	333	816500
sample	prose_heavy	slob	raw	prefix	334	75294416
sample	prose_heavy	slob	raw	prefix	335	56834958
sample	prose_heavy	slob	raw	prefix	336	757917
sample	prose_heavy	slob	raw	prefix	337	2405500
sample	prose_heavy	slob	raw	prefix	338	60853459
sample	prose_heavy	slob	raw	prefix	339	58079375
sample	prose_heavy	slob	raw	prefix	340	1656709
sample	prose_heavy	slob	raw	prefix	341	831125
sample	prose_heavy	slob	raw	prefix	342	77966625
sample	prose_heavy	slob	raw	prefix	343	62727083
sample	prose_heavy	slob	raw	prefix	344	1265041
sample	prose_heavy	slob	raw	prefix	345	2488792
sample	prose_heavy	slob	raw	prefix	346	52022208
sample	prose_heavy	slob	raw	prefix	347	64537750
sample	prose_heavy	slob	raw	prefix	348	2086625
sample	prose_heavy	slob	raw	prefix	349	827625
sample	prose_heavy	slob	raw	prefix	350	53876125
sample	prose_heavy	slob	raw	prefix	351	57162417
sample	prose_heavy	slob	raw	prefix	352	1638875
sample	prose_heavy	slob	raw	prefix	353	865959
sample	prose_heavy	slob	raw	prefix	354	53488750
sample	prose_heavy	slob	raw	prefix	355	62687958
sample	prose_heavy	slob	raw	prefix	356	1944708
sample	prose_heavy	slob	raw	prefix	357	3602125
sample	prose_heavy	slob	raw	prefix	358	64153333
sample	prose_heavy	slob	raw	prefix	359	56271666
sample	prose_heavy	slob	raw	prefix	360	1944000
sample	prose_heavy	slob	raw	prefix	361	2134333
sample	prose_heavy	slob	raw	prefix	362	59635000
sample	prose_heavy	slob	raw	prefix	363	57758250
sample	prose_heavy	slob	raw	prefix	364	1292416
sample	prose_heavy	slob	raw	prefix	365	1349875
sample	prose_heavy	slob	raw	prefix	366	55342458
sample	prose_heavy	slob	raw	prefix	367	61503500
sample	prose_heavy	slob	raw	prefix	368	764458
sample	prose_heavy	slob	raw	prefix	369	3033666
sample	prose_heavy	slob	raw	prefix	370	95891375
sample	prose_heavy	slob	raw	prefix	371	64413375
sample	prose_heavy	slob	raw	prefix	372	1056583
sample	prose_heavy	slob	raw	prefix	373	1069875
sample	prose_heavy	slob	raw	prefix	374	72703750
sample	prose_heavy	slob	raw	prefix	375	54015084
sample	prose_heavy	slob	raw	prefix	376	1760708
sample	prose_heavy	slob	raw	prefix	377	917792
sample	prose_heavy	slob	raw	prefix	378	62842375
sample	prose_heavy	slob	raw	prefix	379	62677709
sample	prose_heavy	slob	raw	prefix	380	916375
sample	prose_heavy	slob	raw	prefix	381	1004375
sample	prose_heavy	slob	raw	prefix	382	66785792
sample	prose_heavy	slob	raw	prefix	383	67358333
sample	prose_heavy	slob	raw	prefix	384	2964250
sample	prose_heavy	slob	raw	prefix	385	1564916
sample	prose_heavy	slob	raw	prefix	386	59287292
sample	prose_heavy	slob	raw	prefix	387	70051583
sample	prose_heavy	slob	raw	prefix	388	921125
sample	prose_heavy	slob	raw	prefix	389	1814125
sample	prose_heavy	slob	raw	prefix	390	59400041
sample	prose_heavy	slob	raw	prefix	391	78631209
sample	prose_heavy	slob	raw	prefix	392	1049417
sample	prose_heavy	slob	raw	prefix	393	2375541
sample	prose_heavy	slob	raw	prefix	394	71899667
sample	prose_heavy	slob	raw	prefix	395	89319334
sample	prose_heavy	slob	raw	prefix	396	2262792
sample	prose_heavy	slob	raw	prefix	397	852875
sample	prose_heavy	slob	raw	prefix	398	66497708
sample	prose_heavy	slob	raw	prefix	399	62536208
sample	prose_heavy	slob	raw	prefix	400	762291
sample	prose_heavy	slob	raw	prefix	401	2320583
sample	prose_heavy	slob	raw	prefix	402	66419625
sample	prose_heavy	slob	raw	prefix	403	59990042
sample	prose_heavy	slob	raw	prefix	404	1463500
sample	prose_heavy	slob	raw	prefix	405	1379000
sample	prose_heavy	slob	raw	prefix	406	64631292
sample	prose_heavy	slob	raw	prefix	407	67068042
sample	prose_heavy	slob	raw	prefix	408	763000
sample	prose_heavy	slob	raw	prefix	409	1091458
sample	prose_heavy	slob	raw	prefix	410	68426042
sample	prose_heavy	slob	raw	prefix	411	62775542
sample	prose_heavy	slob	raw	prefix	412	917709
sample	prose_heavy	slob	raw	prefix	413	1170417
sample	prose_heavy	slob	raw	prefix	414	77627709
sample	prose_heavy	slob	raw	prefix	415	73846000
sample	prose_heavy	slob	raw	prefix	416	842250
sample	prose_heavy	slob	raw	prefix	417	1143125
sample	prose_heavy	slob	raw	prefix	418	67560292
sample	prose_heavy	slob	raw	prefix	419	62072458
sample	prose_heavy	slob	raw	prefix	420	2363084
sample	prose_heavy	slob	raw	prefix	421	2042292
sample	prose_heavy	slob	raw	prefix	422	66528042
sample	prose_heavy	slob	raw	prefix	423	65413583
sample	prose_heavy	slob	raw	prefix	424	1821375
sample	prose_heavy	slob	raw	prefix	425	1167625
sample	prose_heavy	slob	raw	prefix	426	66512000
sample	prose_heavy	slob	raw	prefix	427	71375625
sample	prose_heavy	slob	raw	prefix	428	1000917
sample	prose_heavy	slob	raw	prefix	429	3867083
sample	prose_heavy	slob	raw	prefix	430	62668000
sample	prose_heavy	slob	raw	prefix	431	65136416
sample	prose_heavy	slob	raw	prefix	432	1128375
sample	prose_heavy	slob	raw	prefix	433	3996375
sample	prose_heavy	slob	raw	prefix	434	59871208
sample	prose_heavy	slob	raw	prefix	435	52194875
sample	prose_heavy	slob	raw	prefix	436	1434667
sample	prose_heavy	slob	raw	prefix	437	824208
sample	prose_heavy	slob	raw	prefix	438	54297125
sample	prose_heavy	slob	raw	prefix	439	59634250
sample	prose_heavy	slob	raw	prefix	440	1588167
sample	prose_heavy	slob	raw	prefix	441	2014375
sample	prose_heavy	slob	raw	prefix	442	57898458
sample	prose_heavy	slob	raw	prefix	443	65757458
sample	prose_heavy	slob	raw	prefix	444	960833
sample	prose_heavy	slob	raw	prefix	445	1959833
sample	prose_heavy	slob	raw	prefix	446	61240375
sample	prose_heavy	slob	raw	prefix	447	56944709
sample	prose_heavy	slob	raw	prefix	448	3046458
sample	prose_heavy	slob	raw	prefix	449	1166625
sample	prose_heavy	slob	raw	prefix	450	62479625
sample	prose_heavy	slob	raw	prefix	451	66572667
sample	prose_heavy	slob	raw	prefix	452	2350625
sample	prose_heavy	slob	raw	prefix	453	1227042
sample	prose_heavy	slob	raw	prefix	454	83964250
sample	prose_heavy	slob	raw	prefix	455	69995375
sample	prose_heavy	slob	raw	prefix	456	759459
sample	prose_heavy	slob	raw	prefix	457	871500
sample	prose_heavy	slob	raw	prefix	458	64442541
sample	prose_heavy	slob	raw	prefix	459	66009042
sample	prose_heavy	slob	raw	prefix	460	2070709
sample	prose_heavy	slob	raw	prefix	461	892625
sample	prose_heavy	slob	raw	prefix	462	63845000
sample	prose_heavy	slob	raw	prefix	463	64901792
sample	prose_heavy	slob	raw	prefix	464	755750
sample	prose_heavy	slob	raw	prefix	465	877250
sample	prose_heavy	slob	raw	prefix	466	80122125
sample	prose_heavy	slob	raw	prefix	467	71304167
sample	prose_heavy	slob	raw	prefix	468	932166
sample	prose_heavy	slob	raw	prefix	469	2491584
sample	prose_heavy	slob	raw	prefix	470	62665167
sample	prose_heavy	slob	raw	prefix	471	68439000
sample	prose_heavy	slob	raw	prefix	472	743375
sample	prose_heavy	slob	raw	prefix	473	2568208
sample	prose_heavy	slob	raw	prefix	474	69832583
sample	prose_heavy	slob	raw	prefix	475	70382084
sample	prose_heavy	slob	raw	prefix	476	4229041
sample	prose_heavy	slob	raw	prefix	477	3783917
sample	prose_heavy	slob	raw	prefix	478	66333958
sample	prose_heavy	slob	raw	prefix	479	67043917
sample	prose_heavy	slob	raw	prefix	480	766250
sample	prose_heavy	slob	raw	prefix	481	1816875
sample	prose_heavy	slob	raw	prefix	482	68484667
sample	prose_heavy	slob	raw	prefix	483	64508625
sample	prose_heavy	slob	raw	prefix	484	926958
sample	prose_heavy	slob	raw	prefix	485	975458
sample	prose_heavy	slob	raw	prefix	486	55582375
sample	prose_heavy	slob	raw	prefix	487	64714041
sample	prose_heavy	slob	raw	prefix	488	2157000
sample	prose_heavy	slob	raw	prefix	489	915833
sample	prose_heavy	slob	raw	prefix	490	63568458
sample	prose_heavy	slob	raw	prefix	491	62066917
sample	prose_heavy	slob	raw	prefix	492	1086750
sample	prose_heavy	slob	raw	prefix	493	1063542
sample	prose_heavy	slob	raw	prefix	494	60273916
sample	prose_heavy	slob	raw	prefix	495	76462459
sample	prose_heavy	slob	raw	prefix	496	2166375
sample	prose_heavy	slob	raw	prefix	497	882709
sample	prose_heavy	slob	raw	prefix	498	65427875
sample	prose_heavy	slob	raw	prefix	499	63726791
sample	prose_heavy	slob	raw	prefix	500	1444917
sample	prose_heavy	slob	raw	prefix	501	4351041
sample	prose_heavy	slob	raw	prefix	502	57831333
sample	prose_heavy	slob	raw	prefix	503	63949584
sample	prose_heavy	slob	raw	prefix	504	746834
sample	prose_heavy	slob	raw	prefix	505	1446125
sample	prose_heavy	slob	raw	prefix	506	70354334
sample	prose_heavy	slob	raw	prefix	507	58918125
sample	prose_heavy	slob	raw	prefix	508	891459
sample	prose_heavy	slob	raw	prefix	509	809750
sample	prose_heavy	slob	raw	prefix	510	61490917
sample	prose_heavy	slob	raw	prefix	511	53142334
sample	prose_heavy	slob	raw	prefix	512	1555917
sample	prose_heavy	slob	raw	prefix	513	1455291
sample	prose_heavy	slob	raw	prefix	514	56600917
sample	prose_heavy	slob	raw	prefix	515	70559459
sample	prose_heavy	slob	raw	prefix	516	2213292
sample	prose_heavy	slob	raw	prefix	517	1698708
sample	prose_heavy	slob	raw	prefix	518	67012042
sample	prose_heavy	slob	raw	prefix	519	60078250
sample	prose_heavy	slob	raw	prefix	520	756083
sample	prose_heavy	slob	raw	prefix	521	877250
sample	prose_heavy	slob	raw	prefix	522	52593625
sample	prose_heavy	slob	raw	prefix	523	51132250
sample	prose_heavy	slob	raw	prefix	524	1666167
sample	prose_heavy	slob	raw	prefix	525	830167
sample	prose_heavy	slob	raw	prefix	526	50667667
sample	prose_heavy	slob	raw	prefix	527	53806500
sample	prose_heavy	slob	raw	prefix	528	761916
sample	prose_heavy	slob	raw	prefix	529	1177667
sample	prose_heavy	slob	raw	prefix	530	51513833
sample	prose_heavy	slob	raw	prefix	531	55125666
sample	prose_heavy	slob	raw	prefix	532	958416
sample	prose_heavy	slob	raw	prefix	533	1412875
sample	prose_heavy	slob	raw	prefix	534	53932166
sample	prose_heavy	slob	raw	prefix	535	49977709
sample	prose_heavy	slob	raw	prefix	536	758833
sample	prose_heavy	slob	raw	prefix	537	942750
sample	prose_heavy	slob	raw	prefix	538	47979000
sample	prose_heavy	slob	raw	prefix	539	46668292
sample	prose_heavy	slob	raw	prefix	540	1863125
sample	prose_heavy	slob	raw	prefix	541	2065542
sample	prose_heavy	slob	raw	prefix	542	50763542
sample	prose_heavy	slob	raw	prefix	543	50210375
sample	prose_heavy	slob	raw	prefix	544	1223708
sample	prose_heavy	slob	raw	prefix	545	2574459
sample	prose_heavy	slob	raw	prefix	546	48601958
sample	prose_heavy	slob	raw	prefix	547	51021541
sample	prose_heavy	slob	raw	prefix	548	914458
sample	prose_heavy	slob	raw	prefix	549	2300500
sample	prose_heavy	slob	raw	prefix	550	49316833
sample	prose_heavy	slob	raw	prefix	551	56899167
sample	prose_heavy	slob	raw	prefix	552	2111375
sample	prose_heavy	slob	raw	prefix	553	1270208
sample	prose_heavy	slob	raw	prefix	554	45999792
sample	prose_heavy	slob	raw	prefix	555	58978834
sample	prose_heavy	slob	raw	prefix	556	903667
sample	prose_heavy	slob	raw	prefix	557	817417
sample	prose_heavy	slob	raw	prefix	558	60500666
sample	prose_heavy	slob	raw	prefix	559	57739375
sample	prose_heavy	slob	raw	prefix	560	738167
sample	prose_heavy	slob	raw	prefix	561	882916
sample	prose_heavy	slob	raw	prefix	562	53898916
sample	prose_heavy	slob	raw	prefix	563	54932084
sample	prose_heavy	slob	raw	prefix	564	1030375
sample	prose_heavy	slob	raw	prefix	565	1420375
sample	prose_heavy	slob	raw	prefix	566	50440125
sample	prose_heavy	slob	raw	prefix	567	61803458
sample	prose_heavy	slob	raw	prefix	568	1200292
sample	prose_heavy	slob	raw	prefix	569	1955291
sample	prose_heavy	slob	raw	prefix	570	50414291
sample	prose_heavy	slob	raw	prefix	571	55757333
sample	prose_heavy	slob	raw	prefix	572	890875
sample	prose_heavy	slob	raw	prefix	573	823750
sample	prose_heavy	slob	raw	prefix	574	63975125
sample	prose_heavy	slob	raw	prefix	575	50481834
sample	prose_heavy	slob	raw	prefix	576	961375
sample	prose_heavy	slob	raw	prefix	577	1520209
sample	prose_heavy	slob	raw	prefix	578	63201541
sample	prose_heavy	slob	raw	prefix	579	54238666
sample	prose_heavy	slob	raw	prefix	580	927625
sample	prose_heavy	slob	raw	prefix	581	844667
sample	prose_heavy	slob	raw	prefix	582	73686750
sample	prose_heavy	slob	raw	prefix	583	67975417
sample	prose_heavy	slob	raw	prefix	584	1044042
sample	prose_heavy	slob	raw	prefix	585	3891417
sample	prose_heavy	slob	raw	prefix	586	62482375
sample	prose_heavy	slob	raw	prefix	587	55784625
sample	prose_heavy	slob	raw	prefix	588	883375
sample	prose_heavy	slob	raw	prefix	589	1250166
sample	prose_heavy	slob	raw	prefix	590	59634291
sample	prose_heavy	slob	raw	prefix	591	67101750
sample	prose_heavy	slob	raw	prefix	592	725375
sample	prose_heavy	slob	raw	prefix	593	949000
sample	prose_heavy	slob	raw	prefix	594	57331084
sample	prose_heavy	slob	raw	prefix	595	57508750
sample	prose_heavy	slob	raw	prefix	596	1850292
sample	prose_heavy	slob	raw	prefix	597	813500
sample	prose_heavy	slob	raw	prefix	598	60213500
sample	prose_heavy	slob	raw	prefix	599	61229833
sample	prose_heavy	slob	raw	prefix	600	1696458
sample	prose_heavy	slob	raw	prefix	601	896000
sample	prose_heavy	slob	raw	prefix	602	60156291
sample	prose_heavy	slob	raw	prefix	603	60639584
sample	prose_heavy	slob	raw	prefix	604	2825292
sample	prose_heavy	slob	raw	prefix	605	832042
sample	prose_heavy	slob	raw	prefix	606	55962334
sample	prose_heavy	slob	raw	prefix	607	57965333
sample	prose_heavy	slob	raw	prefix	608	767042
sample	prose_heavy	slob	raw	prefix	609	917625
sample	prose_heavy	slob	raw	prefix	610	54459417
sample	prose_heavy	slob	raw	prefix	611	54296917
sample	prose_heavy	slob	raw	prefix	612	930416
sample	prose_heavy	slob	raw	prefix	613	823250
sample	prose_heavy	slob	raw	prefix	614	54294250
sample	prose_heavy	slob	raw	prefix	615	52990250
sample	prose_heavy	slob	raw	prefix	616	820750
sample	prose_heavy	slob	raw	prefix	617	913875
sample	prose_heavy	slob	raw	prefix	618	57621375
sample	prose_heavy	slob	raw	prefix	619	59702833
sample	prose_heavy	slob	raw	prefix	620	915291
sample	prose_heavy	slob	raw	prefix	621	1532083
sample	prose_heavy	slob	raw	prefix	622	53715875
sample	prose_heavy	slob	raw	prefix	623	53710041
sample	prose_heavy	slob	raw	prefix	624	783334
sample	prose_heavy	slob	raw	prefix	625	2102000
sample	prose_heavy	slob	raw	prefix	626	59665083
sample	prose_heavy	slob	raw	prefix	627	54457625
sample	prose_heavy	slob	raw	prefix	628	918292
sample	prose_heavy	slob	raw	prefix	629	1453583
sample	prose_heavy	slob	raw	prefix	630	54027541
sample	prose_heavy	slob	raw	prefix	631	63052042
sample	prose_heavy	slob	raw	prefix	632	877250
sample	prose_heavy	slob	raw	prefix	633	966042
sample	prose_heavy	slob	raw	prefix	634	57423708
sample	prose_heavy	slob	raw	prefix	635	59436500
sample	prose_heavy	slob	raw	prefix	636	1806708
sample	prose_heavy	slob	raw	prefix	637	823000
sample	prose_heavy	slob	raw	prefix	638	55753084
sample	prose_heavy	slob	raw	prefix	639	59432709
sample	prose_heavy	slob	raw	prefix	640	962250
sample	prose_heavy	slob	raw	prefix	641	911042
sample	prose_heavy	slob	raw	prefix	642	57168791
sample	prose_heavy	slob	raw	prefix	643	58747917
sample	prose_heavy	slob	raw	prefix	644	1882958
sample	prose_heavy	slob	raw	prefix	645	2560000
sample	prose_heavy	slob	raw	prefix	646	52324000
sample	prose_heavy	slob	raw	prefix	647	58071708
sample	prose_heavy	slob	raw	prefix	648	1584959
sample	prose_heavy	slob	raw	prefix	649	2605500
sample	prose_heavy	slob	raw	prefix	650	50823625
sample	prose_heavy	slob	raw	prefix	651	53209458
sample	prose_heavy	slob	raw	prefix	652	1370917
sample	prose_heavy	slob	raw	prefix	653	861458
sample	prose_heavy	slob	raw	prefix	654	53788500
sample	prose_heavy	slob	raw	prefix	655	57753917
sample	prose_heavy	slob	raw	prefix	656	827666
sample	prose_heavy	slob	raw	prefix	657	1847792
sample	prose_heavy	slob	raw	prefix	658	58013000
sample	prose_heavy	slob	raw	prefix	659	55680917
sample	prose_heavy	slob	raw	prefix	660	1080334
sample	prose_heavy	slob	raw	prefix	661	896583
sample	prose_heavy	slob	raw	prefix	662	55885208
sample	prose_heavy	slob	raw	prefix	663	60150542
sample	prose_heavy	slob	raw	prefix	664	1177792
sample	prose_heavy	slob	raw	prefix	665	1429417
sample	prose_heavy	slob	raw	prefix	666	54500000
sample	prose_heavy	slob	raw	prefix	667	54711167
sample	prose_heavy	slob	raw	prefix	668	1873166
sample	prose_heavy	slob	raw	prefix	669	873750
sample	prose_heavy	slob	raw	prefix	670	55206125
sample	prose_heavy	slob	raw	prefix	671	60826000
sample	prose_heavy	slob	raw	prefix	672	1409541
sample	prose_heavy	slob	raw	prefix	673	2414750
sample	prose_heavy	slob	raw	prefix	674	59928333
sample	prose_heavy	slob	raw	prefix	675	54223708
sample	prose_heavy	slob	raw	prefix	676	1304958
sample	prose_heavy	slob	raw	prefix	677	1747042
sample	prose_heavy	slob	raw	prefix	678	55483583
sample	prose_heavy	slob	raw	prefix	679	50280875
sample	prose_heavy	slob	raw	prefix	680	733042
sample	prose_heavy	slob	raw	prefix	681	1021416
sample	prose_heavy	slob	raw	prefix	682	52558292
sample	prose_heavy	slob	raw	prefix	683	54589167
sample	prose_heavy	slob	raw	prefix	684	914167
sample	prose_heavy	slob	raw	prefix	685	819875
sample	prose_heavy	slob	raw	prefix	686	54525083
sample	prose_heavy	slob	raw	prefix	687	52433500
sample	prose_heavy	slob	raw	prefix	688	895792
sample	prose_heavy	slob	raw	prefix	689	1228792
sample	prose_heavy	slob	raw	prefix	690	55403333
sample	prose_heavy	slob	raw	prefix	691	53871334
sample	prose_heavy	slob	raw	prefix	692	3209584
sample	prose_heavy	slob	raw	prefix	693	2314209
sample	prose_heavy	slob	raw	prefix	694	52223333
sample	prose_heavy	slob	raw	prefix	695	54353084
sample	prose_heavy	slob	raw	prefix	696	2474708
sample	prose_heavy	slob	raw	prefix	697	1206625
sample	prose_heavy	slob	raw	prefix	698	54848916
sample	prose_heavy	slob	raw	prefix	699	61617958
sample	prose_heavy	slob	raw	prefix	700	900500
sample	prose_heavy	slob	raw	prefix	701	825208
sample	prose_heavy	slob	raw	prefix	702	67052750
sample	prose_heavy	slob	raw	prefix	703	58272667
sample	prose_heavy	slob	raw	prefix	704	1250041
sample	prose_heavy	slob	raw	prefix	705	880125
sample	prose_heavy	slob	raw	prefix	706	50236458
sample	prose_heavy	slob	raw	prefix	707	58149792
sample	prose_heavy	slob	raw	prefix	708	2146250
sample	prose_heavy	slob	raw	prefix	709	1097667
sample	prose_heavy	slob	raw	prefix	710	62707167
sample	prose_heavy	slob	raw	prefix	711	72032041
sample	prose_heavy	slob	raw	prefix	712	1150458
sample	prose_heavy	slob	raw	prefix	713	900709
sample	prose_heavy	slob	raw	prefix	714	60698292
sample	prose_heavy	slob	raw	prefix	715	59194250
sample	prose_heavy	slob	raw	prefix	716	3063292
sample	prose_heavy	slob	raw	prefix	717	842750
sample	prose_heavy	slob	raw	prefix	718	61140875
sample	prose_heavy	slob	raw	prefix	719	57427667
sample	prose_heavy	slob	raw	prefix	720	1605208
sample	prose_heavy	slob	raw	prefix	721	894208
sample	prose_heavy	slob	raw	prefix	722	57439583
sample	prose_heavy	slob	raw	prefix	723	54252500
sample	prose_heavy	slob	raw	prefix	724	1318542
sample	prose_heavy	slob	raw	prefix	725	1394875
sample	prose_heavy	slob	raw	prefix	726	67575417
sample	prose_heavy	slob	raw	prefix	727	59656334
sample	prose_heavy	slob	raw	prefix	728	1819333
sample	prose_heavy	slob	raw	prefix	729	2630458
sample	prose_heavy	slob	raw	prefix	730	72592000
sample	prose_heavy	slob	raw	prefix	731	69656666
sample	prose_heavy	slob	raw	prefix	732	994291
sample	prose_heavy	slob	raw	prefix	733	1302583
sample	prose_heavy	slob	raw	prefix	734	71903875
sample	prose_heavy	slob	raw	prefix	735	53985208
sample	prose_heavy	slob	raw	prefix	736	1804333
sample	prose_heavy	slob	raw	prefix	737	2913959
sample	prose_heavy	slob	raw	prefix	738	60999083
sample	prose_heavy	slob	raw	prefix	739	73515292
sample	prose_heavy	slob	raw	prefix	740	1186583
sample	prose_heavy	slob	raw	prefix	741	2805917
sample	prose_heavy	slob	raw	prefix	742	53179208
sample	prose_heavy	slob	raw	prefix	743	67105542
sample	prose_heavy	slob	raw	prefix	744	749167
sample	prose_heavy	slob	raw	prefix	745	926000
sample	prose_heavy	slob	raw	prefix	746	57708167
sample	prose_heavy	slob	raw	prefix	747	54375541
sample	prose_heavy	slob	raw	prefix	748	1711208
sample	prose_heavy	slob	raw	prefix	749	833167
sample	prose_heavy	slob	raw	prefix	750	61690166
sample	prose_heavy	slob	raw	prefix	751	55438708
sample	prose_heavy	slob	raw	prefix	752	748416
sample	prose_heavy	slob	raw	prefix	753	2169666
sample	prose_heavy	slob	raw	prefix	754	56441334
sample	prose_heavy	slob	raw	prefix	755	56832416
sample	prose_heavy	slob	raw	prefix	756	922584
sample	prose_heavy	slob	raw	prefix	757	1411125
sample	prose_heavy	slob	raw	prefix	758	56193083
sample	prose_heavy	slob	raw	prefix	759	66849292
sample	prose_heavy	slob	raw	prefix	760	1626041
sample	prose_heavy	slob	raw	prefix	761	1602583
sample	prose_heavy	slob	raw	prefix	762	62544458
sample	prose_heavy	slob	raw	prefix	763	59280250
sample	prose_heavy	slob	raw	prefix	764	915500
sample	prose_heavy	slob	raw	prefix	765	840042
sample	prose_heavy	slob	raw	prefix	766	53865125
sample	prose_heavy	slob	raw	prefix	767	60831958
sample	prose_heavy	slob	raw	prefix	768	1437083
sample	prose_heavy	slob	raw	prefix	769	2749375
sample	prose_heavy	slob	raw	prefix	770	58281333
sample	prose_heavy	slob	raw	prefix	771	69431125
sample	prose_heavy	slob	raw	prefix	772	4086542
sample	prose_heavy	slob	raw	prefix	773	948417
sample	prose_heavy	slob	raw	prefix	774	66676375
sample	prose_heavy	slob	raw	prefix	775	75385375
sample	prose_heavy	slob	raw	prefix	776	1331583
sample	prose_heavy	slob	raw	prefix	777	1887458
sample	prose_heavy	slob	raw	prefix	778	60177583
sample	prose_heavy	slob	raw	prefix	779	51933041
sample	prose_heavy	slob	raw	prefix	780	884334
sample	prose_heavy	slob	raw	prefix	781	917208
sample	prose_heavy	slob	raw	prefix	782	52788709
sample	prose_heavy	slob	raw	prefix	783	65407250
sample	prose_heavy	slob	raw	prefix	784	2001250
sample	prose_heavy	slob	raw	prefix	785	915750
sample	prose_heavy	slob	raw	prefix	786	66042041
sample	prose_heavy	slob	raw	prefix	787	67923000
sample	prose_heavy	slob	raw	prefix	788	2448583
sample	prose_heavy	slob	raw	prefix	789	1332583
sample	prose_heavy	slob	raw	prefix	790	61175667
sample	prose_heavy	slob	raw	prefix	791	63338125
sample	prose_heavy	slob	raw	prefix	792	799167
sample	prose_heavy	slob	raw	prefix	793	2612208
sample	prose_heavy	slob	raw	prefix	794	65672750
sample	prose_heavy	slob	raw	prefix	795	60736833
sample	prose_heavy	slob	raw	prefix	796	1379042
sample	prose_heavy	slob	raw	prefix	797	1689084
sample	prose_heavy	slob	raw	prefix	798	67348042
sample	prose_heavy	slob	raw	prefix	799	60303958
sample	prose_heavy	slob	raw	prefix	800	763250
sample	prose_heavy	slob	raw	prefix	801	2100875
sample	prose_heavy	slob	raw	prefix	802	65788750
sample	prose_heavy	slob	raw	prefix	803	59095666
sample	prose_heavy	slob	raw	prefix	804	892500
sample	prose_heavy	slob	raw	prefix	805	1926042
sample	prose_heavy	slob	raw	prefix	806	58721542
sample	prose_heavy	slob	raw	prefix	807	56463917
sample	prose_heavy	slob	raw	prefix	808	758875
sample	prose_heavy	slob	raw	prefix	809	1330958
sample	prose_heavy	slob	raw	prefix	810	64855458
sample	prose_heavy	slob	raw	prefix	811	61135125
sample	prose_heavy	slob	raw	prefix	812	917375
sample	prose_heavy	slob	raw	prefix	813	818208
sample	prose_heavy	slob	raw	prefix	814	62937500
sample	prose_heavy	slob	raw	prefix	815	63629083
sample	prose_heavy	slob	raw	prefix	816	1015375
sample	prose_heavy	slob	raw	prefix	817	1030625
sample	prose_heavy	slob	raw	prefix	818	65655917
sample	prose_heavy	slob	raw	prefix	819	59377500
sample	prose_heavy	slob	raw	prefix	820	1140667
sample	prose_heavy	slob	raw	prefix	821	2544041
sample	prose_heavy	slob	raw	prefix	822	59973209
sample	prose_heavy	slob	raw	prefix	823	59821458
sample	prose_heavy	slob	raw	prefix	824	2745000
sample	prose_heavy	slob	raw	prefix	825	892583
sample	prose_heavy	slob	raw	prefix	826	50798667
sample	prose_heavy	slob	raw	prefix	827	64844291
sample	prose_heavy	slob	raw	prefix	828	1228250
sample	prose_heavy	slob	raw	prefix	829	829375
sample	prose_heavy	slob	raw	prefix	830	64724875
sample	prose_heavy	slob	raw	prefix	831	61543167
sample	prose_heavy	slob	raw	prefix	832	771083
sample	prose_heavy	slob	raw	prefix	833	2910000
sample	prose_heavy	slob	raw	prefix	834	55268667
sample	prose_heavy	slob	raw	prefix	835	59044375
sample	prose_heavy	slob	raw	prefix	836	912500
sample	prose_heavy	slob	raw	prefix	837	1305083
sample	prose_heavy	slob	raw	prefix	838	60069042
sample	prose_heavy	slob	raw	prefix	839	56303333
sample	prose_heavy	slob	raw	prefix	840	2051791
sample	prose_heavy	slob	raw	prefix	841	1058750
sample	prose_heavy	slob	raw	prefix	842	52908250
sample	prose_heavy	slob	raw	prefix	843	63635417
sample	prose_heavy	slob	raw	prefix	844	916333
sample	prose_heavy	slob	raw	prefix	845	1187708
sample	prose_heavy	slob	raw	prefix	846	60490167
sample	prose_heavy	slob	raw	prefix	847	54015708
sample	prose_heavy	slob	raw	prefix	848	2176792
sample	prose_heavy	slob	raw	prefix	849	914292
sample	prose_heavy	slob	raw	prefix	850	50487334
sample	prose_heavy	slob	raw	prefix	851	59843417
sample	prose_heavy	slob	raw	prefix	852	1569959
sample	prose_heavy	slob	raw	prefix	853	1116417
sample	prose_heavy	slob	raw	prefix	854	53496042
sample	prose_heavy	slob	raw	prefix	855	59955792
sample	prose_heavy	slob	raw	prefix	856	769583
sample	prose_heavy	slob	raw	prefix	857	2005875
sample	prose_heavy	slob	raw	prefix	858	54955666
sample	prose_heavy	slob	raw	prefix	859	63222000
sample	prose_heavy	slob	raw	prefix	860	981000
sample	prose_heavy	slob	raw	prefix	861	828959
sample	prose_heavy	slob	raw	prefix	862	58686042
sample	prose_heavy	slob	raw	prefix	863	50207583
sample	prose_heavy	slob	raw	prefix	864	750042
sample	prose_heavy	slob	raw	prefix	865	1679292
sample	prose_heavy	slob	raw	prefix	866	56754292
sample	prose_heavy	slob	raw	prefix	867	56254875
sample	prose_heavy	slob	raw	prefix	868	1685584
sample	prose_heavy	slob	raw	prefix	869	1244333
sample	prose_heavy	slob	raw	prefix	870	51063416
sample	prose_heavy	slob	raw	prefix	871	57884750
sample	prose_heavy	slob	raw	prefix	872	731583
sample	prose_heavy	slob	raw	prefix	873	1396959
sample	prose_heavy	slob	raw	prefix	874	50754375
sample	prose_heavy	slob	raw	prefix	875	54294500
sample	prose_heavy	slob	raw	prefix	876	1007750
sample	prose_heavy	slob	raw	prefix	877	812500
sample	prose_heavy	slob	raw	prefix	878	71154167
sample	prose_heavy	slob	raw	prefix	879	74052000
sample	prose_heavy	slob	raw	prefix	880	2140458
sample	prose_heavy	slob	raw	prefix	881	3950958
sample	prose_heavy	slob	raw	prefix	882	64344625
sample	prose_heavy	slob	raw	prefix	883	59883250
sample	prose_heavy	slob	raw	prefix	884	3998875
sample	prose_heavy	slob	raw	prefix	885	1537375
sample	prose_heavy	slob	raw	prefix	886	65284417
sample	prose_heavy	slob	raw	prefix	887	59017916
sample	prose_heavy	slob	raw	prefix	888	1916875
sample	prose_heavy	slob	raw	prefix	889	2209708
sample	prose_heavy	slob	raw	prefix	890	59896833
sample	prose_heavy	slob	raw	prefix	891	54949542
sample	prose_heavy	slob	raw	prefix	892	1512000
sample	prose_heavy	slob	raw	prefix	893	875167
sample	prose_heavy	slob	raw	prefix	894	61719417
sample	prose_heavy	slob	raw	prefix	895	54977208
sample	prose_heavy	slob	raw	prefix	896	1141875
sample	prose_heavy	slob	raw	prefix	897	886459
sample	prose_heavy	slob	raw	prefix	898	60410042
sample	prose_heavy	slob	raw	prefix	899	58738250
sample	prose_heavy	slob	raw	prefix	900	894625
sample	prose_heavy	slob	raw	prefix	901	878959
sample	prose_heavy	slob	raw	prefix	902	59088708
sample	prose_heavy	slob	raw	prefix	903	60986792
sample	prose_heavy	slob	raw	prefix	904	2621875
sample	prose_heavy	slob	raw	prefix	905	2648042
sample	prose_heavy	slob	raw	prefix	906	57612417
sample	prose_heavy	slob	raw	prefix	907	58699083
sample	prose_heavy	slob	raw	prefix	908	2668458
sample	prose_heavy	slob	raw	prefix	909	1515750
sample	prose_heavy	slob	raw	prefix	910	64636792
sample	prose_heavy	slob	raw	prefix	911	58984542
sample	prose_heavy	slob	raw	prefix	912	935541
sample	prose_heavy	slob	raw	prefix	913	1104250
sample	prose_heavy	slob	raw	prefix	914	61404500
sample	prose_heavy	slob	raw	prefix	915	72824334
sample	prose_heavy	slob	raw	prefix	916	1923917
sample	prose_heavy	slob	raw	prefix	917	1300458
sample	prose_heavy	slob	raw	prefix	918	58746750
sample	prose_heavy	slob	raw	prefix	919	57997375
sample	prose_heavy	slob	raw	prefix	920	1052208
sample	prose_heavy	slob	raw	prefix	921	1772000
sample	prose_heavy	slob	raw	prefix	922	69957125
sample	prose_heavy	slob	raw	prefix	923	62283250
sample	prose_heavy	slob	raw	prefix	924	924792
sample	prose_heavy	slob	raw	prefix	925	1519709
sample	prose_heavy	slob	raw	prefix	926	61307542
sample	prose_heavy	slob	raw	prefix	927	57338417
sample	prose_heavy	slob	raw	prefix	928	2594458
sample	prose_heavy	slob	raw	prefix	929	1105167
sample	prose_heavy	slob	raw	prefix	930	49578250
sample	prose_heavy	slob	raw	prefix	931	60715041
sample	prose_heavy	slob	raw	prefix	932	1418166
sample	prose_heavy	slob	raw	prefix	933	1000417
sample	prose_heavy	slob	raw	prefix	934	58711708
sample	prose_heavy	slob	raw	prefix	935	56907375
sample	prose_heavy	slob	raw	prefix	936	1750708
sample	prose_heavy	slob	raw	prefix	937	2674000
sample	prose_heavy	slob	raw	prefix	938	66937667
sample	prose_heavy	slob	raw	prefix	939	63950541
sample	prose_heavy	slob	raw	prefix	940	1695125
sample	prose_heavy	slob	raw	prefix	941	851875
sample	prose_heavy	slob	raw	prefix	942	60808291
sample	prose_heavy	slob	raw	prefix	943	56178417
sample	prose_heavy	slob	raw	prefix	944	767875
sample	prose_heavy	slob	raw	prefix	945	2107667
sample	prose_heavy	slob	raw	prefix	946	56339750
sample	prose_heavy	slob	raw	prefix	947	56547417
sample	prose_heavy	slob	raw	prefix	948	2289250
sample	prose_heavy	slob	raw	prefix	949	1361916
sample	prose_heavy	slob	raw	prefix	950	65152042
sample	prose_heavy	slob	raw	prefix	951	63201708
sample	prose_heavy	slob	raw	prefix	952	1379542
sample	prose_heavy	slob	raw	prefix	953	883208
sample	prose_heavy	slob	raw	prefix	954	53745375
sample	prose_heavy	slob	raw	prefix	955	59715750
sample	prose_heavy	slob	raw	prefix	956	1409709
sample	prose_heavy	slob	raw	prefix	957	1139583
sample	prose_heavy	slob	raw	prefix	958	59305459
sample	prose_heavy	slob	raw	prefix	959	54709541
sample	prose_heavy	slob	raw	prefix	960	2755000
sample	prose_heavy	slob	raw	prefix	961	1525916
sample	prose_heavy	slob	raw	prefix	962	64862500
sample	prose_heavy	slob	raw	prefix	963	58308000
sample	prose_heavy	slob	raw	prefix	964	930875
sample	prose_heavy	slob	raw	prefix	965	1384333
sample	prose_heavy	slob	raw	prefix	966	57410875
sample	prose_heavy	slob	raw	prefix	967	63830459
sample	prose_heavy	slob	raw	prefix	968	1214416
sample	prose_heavy	slob	raw	prefix	969	2983958
sample	prose_heavy	slob	raw	prefix	970	66985250
sample	prose_heavy	slob	raw	prefix	971	69382500
sample	prose_heavy	slob	raw	prefix	972	1845875
sample	prose_heavy	slob	raw	prefix	973	840958
sample	prose_heavy	slob	raw	prefix	974	67805041
sample	prose_heavy	slob	raw	prefix	975	68025417
sample	prose_heavy	slob	raw	prefix	976	1675959
sample	prose_heavy	slob	raw	prefix	977	886333
sample	prose_heavy	slob	raw	prefix	978	70861875
sample	prose_heavy	slob	raw	prefix	979	64380166
sample	prose_heavy	slob	raw	prefix	980	1625500
sample	prose_heavy	slob	raw	prefix	981	861458
sample	prose_heavy	slob	raw	prefix	982	64932250
sample	prose_heavy	slob	raw	prefix	983	71797333
sample	prose_heavy	slob	raw	prefix	984	759791
sample	prose_heavy	slob	raw	prefix	985	1084750
sample	prose_heavy	slob	raw	prefix	986	55520375
sample	prose_heavy	slob	raw	prefix	987	66339250
sample	prose_heavy	slob	raw	prefix	988	1191667
sample	prose_heavy	slob	raw	prefix	989	956333
sample	prose_heavy	slob	raw	prefix	990	75775875
sample	prose_heavy	slob	raw	prefix	991	86274417
sample	prose_heavy	slob	raw	prefix	992	2101125
sample	prose_heavy	slob	raw	prefix	993	1941709
sample	prose_heavy	slob	raw	prefix	994	103450000
sample	prose_heavy	slob	raw	prefix	995	103036667
sample	prose_heavy	slob	raw	prefix	996	2343667
sample	prose_heavy	slob	raw	prefix	997	1463041
sample	prose_heavy	slob	raw	prefix	998	93017333
sample	prose_heavy	slob	raw	prefix	999	95055625
sample	prose_heavy	slob	raw	render	0	187541
sample	prose_heavy	slob	raw	render	1	391209
sample	prose_heavy	slob	raw	render	2	285208
sample	prose_heavy	slob	raw	render	3	207958
sample	prose_heavy	slob	raw	render	4	1856000
sample	prose_heavy	slob	raw	render	5	277500
sample	prose_heavy	slob	raw	render	6	344542
sample	prose_heavy	slob	raw	render	7	639584
sample	prose_heavy	slob	raw	render	8	275834
sample	prose_heavy	slob	raw	render	9	111333
sample	prose_heavy	slob	raw	render	10	1174458
sample	prose_heavy	slob	raw	render	11	1262209
sample	prose_heavy	slob	raw	render	12	103750
sample	prose_heavy	slob	raw	render	13	775292
sample	prose_heavy	slob	raw	render	14	92250
sample	prose_heavy	slob	raw	render	15	131875
sample	prose_heavy	slob	raw	render	16	76292
sample	prose_heavy	slob	raw	render	17	212125
sample	prose_heavy	slob	raw	render	18	865125
sample	prose_heavy	slob	raw	render	19	222833
sample	prose_heavy	slob	raw	render	20	121792
sample	prose_heavy	slob	raw	render	21	169875
sample	prose_heavy	slob	raw	render	22	181167
sample	prose_heavy	slob	raw	render	23	192875
sample	prose_heavy	slob	raw	render	24	156334
sample	prose_heavy	slob	raw	render	25	83333
sample	prose_heavy	slob	raw	render	26	90416
sample	prose_heavy	slob	raw	render	27	64750
sample	prose_heavy	slob	raw	render	28	184334
sample	prose_heavy	slob	raw	render	29	126667
sample	prose_heavy	slob	raw	render	30	55583
sample	prose_heavy	slob	raw	render	31	219125
sample	prose_heavy	slob	raw	render	32	282666
sample	prose_heavy	slob	raw	render	33	1060083
sample	prose_heavy	slob	raw	render	34	283000
sample	prose_heavy	slob	raw	render	35	249208
sample	prose_heavy	slob	raw	render	36	283583
sample	prose_heavy	slob	raw	render	37	154291
sample	prose_heavy	slob	raw	render	38	204375
sample	prose_heavy	slob	raw	render	39	250291
sample	prose_heavy	slob	raw	render	40	168625
sample	prose_heavy	slob	raw	render	41	101125
sample	prose_heavy	slob	raw	render	42	157458
sample	prose_heavy	slob	raw	render	43	252833
sample	prose_heavy	slob	raw	render	44	194500
sample	prose_heavy	slob	raw	render	45	115334
sample	prose_heavy	slob	raw	render	46	179375
sample	prose_heavy	slob	raw	render	47	168291
sample	prose_heavy	slob	raw	render	48	176375
sample	prose_heavy	slob	raw	render	49	172833
sample	prose_heavy	slob	raw	render	50	210208
sample	prose_heavy	slob	raw	render	51	133458
sample	prose_heavy	slob	raw	render	52	94292
sample	prose_heavy	slob	raw	render	53	88709
sample	prose_heavy	slob	raw	render	54	214375
sample	prose_heavy	slob	raw	render	55	138625
sample	prose_heavy	slob	raw	render	56	379250
sample	prose_heavy	slob	raw	render	57	110042
sample	prose_heavy	slob	raw	render	58	54708
sample	prose_heavy	slob	raw	render	59	88542
sample	prose_heavy	slob	raw	render	60	170083
sample	prose_heavy	slob	raw	render	61	90458
sample	prose_heavy	slob	raw	render	62	106042
sample	prose_heavy	slob	raw	render	63	1462500
sample	prose_heavy	slob	raw	render	64	87458
sample	prose_heavy	slob	raw	render	65	49709
sample	prose_heavy	slob	raw	render	66	153708
sample	prose_heavy	slob	raw	render	67	406791
sample	prose_heavy	slob	raw	render	68	120959
sample	prose_heavy	slob	raw	render	69	56292
sample	prose_heavy	slob	raw	render	70	108458
sample	prose_heavy	slob	raw	render	71	165375
sample	prose_heavy	slob	raw	render	72	76875
sample	prose_heavy	slob	raw	render	73	74833
sample	prose_heavy	slob	raw	render	74	483333
sample	prose_heavy	slob	raw	render	75	115334
sample	prose_heavy	slob	raw	render	76	475625
sample	prose_heavy	slob	raw	render	77	72250
sample	prose_heavy	slob	raw	render	78	210709
sample	prose_heavy	slob	raw	render	79	115042
sample	prose_heavy	slob	raw	render	80	50792
sample	prose_heavy	slob	raw	render	81	62958
sample	prose_heavy	slob	raw	render	82	169166
sample	prose_heavy	slob	raw	render	83	150459
sample	prose_heavy	slob	raw	render	84	626667
sample	prose_heavy	slob	raw	render	85	274083
sample	prose_heavy	slob	raw	render	86	224583
sample	prose_heavy	slob	raw	render	87	94166
sample	prose_heavy	slob	raw	render	88	60500
sample	prose_heavy	slob	raw	render	89	104750
sample	prose_heavy	slob	raw	render	90	51458
sample	prose_heavy	slob	raw	render	91	45917
sample	prose_heavy	slob	raw	render	92	52250
sample	prose_heavy	slob	raw	render	93	67250
sample	prose_heavy	slob	raw	render	94	1096750
sample	prose_heavy	slob	raw	render	95	1689333
sample	prose_heavy	slob	raw	render	96	94833
sample	prose_heavy	slob	raw	render	97	259084
sample	prose_heavy	slob	raw	render	98	180583
sample	prose_heavy	slob	raw	render	99	2831709
sample	prose_heavy	slob	raw	render	100	134375
sample	prose_heavy	slob	raw	render	101	132375
sample	prose_heavy	slob	raw	render	102	368500
sample	prose_heavy	slob	raw	render	103	1456291
sample	prose_heavy	slob	raw	render	104	142167
sample	prose_heavy	slob	raw	render	105	78916
sample	prose_heavy	slob	raw	render	106	166250
sample	prose_heavy	slob	raw	render	107	91042
sample	prose_heavy	slob	raw	render	108	47625
sample	prose_heavy	slob	raw	render	109	59375
sample	prose_heavy	slob	raw	render	110	72542
sample	prose_heavy	slob	raw	render	111	101667
sample	prose_heavy	slob	raw	render	112	492250
sample	prose_heavy	slob	raw	render	113	126291
sample	prose_heavy	slob	raw	render	114	234000
sample	prose_heavy	slob	raw	render	115	253500
sample	prose_heavy	slob	raw	render	116	144583
sample	prose_heavy	slob	raw	render	117	821250
sample	prose_heavy	slob	raw	render	118	107042
sample	prose_heavy	slob	raw	render	119	540333
sample	prose_heavy	slob	raw	render	120	190333
sample	prose_heavy	slob	raw	render	121	188208
sample	prose_heavy	slob	raw	render	122	198042
sample	prose_heavy	slob	raw	render	123	202625
sample	prose_heavy	slob	raw	render	124	129958
sample	prose_heavy	slob	raw	render	125	253166
sample	prose_heavy	slob	raw	render	126	214042
sample	prose_heavy	slob	raw	render	127	196291
sample	prose_heavy	slob	raw	render	128	292333
sample	prose_heavy	slob	raw	render	129	260167
sample	prose_heavy	slob	raw	render	130	178917
sample	prose_heavy	slob	raw	render	131	317959
sample	prose_heavy	slob	raw	render	132	248584
sample	prose_heavy	slob	raw	render	133	163667
sample	prose_heavy	slob	raw	render	134	142875
sample	prose_heavy	slob	raw	render	135	308292
sample	prose_heavy	slob	raw	render	136	175959
sample	prose_heavy	slob	raw	render	137	212250
sample	prose_heavy	slob	raw	render	138	745917
sample	prose_heavy	slob	raw	render	139	144334
sample	prose_heavy	slob	raw	render	140	109084
sample	prose_heavy	slob	raw	render	141	160333
sample	prose_heavy	slob	raw	render	142	121542
sample	prose_heavy	slob	raw	render	143	124042
sample	prose_heavy	slob	raw	render	144	178750
sample	prose_heavy	slob	raw	render	145	150875
sample	prose_heavy	slob	raw	render	146	130541
sample	prose_heavy	slob	raw	render	147	207625
sample	prose_heavy	slob	raw	render	148	160750
sample	prose_heavy	slob	raw	render	149	1993375
sample	prose_heavy	slob	raw	render	150	428625
sample	prose_heavy	slob	raw	render	151	335583
sample	prose_heavy	slob	raw	render	152	352583
sample	prose_heavy	slob	raw	render	153	264167
sample	prose_heavy	slob	raw	render	154	203250
sample	prose_heavy	slob	raw	render	155	191958
sample	prose_heavy	slob	raw	render	156	157708
sample	prose_heavy	slob	raw	render	157	228292
sample	prose_heavy	slob	raw	render	158	122959
sample	prose_heavy	slob	raw	render	159	100917
sample	prose_heavy	slob	raw	render	160	226541
sample	prose_heavy	slob	raw	render	161	115750
sample	prose_heavy	slob	raw	render	162	54375
sample	prose_heavy	slob	raw	render	163	58917
sample	prose_heavy	slob	raw	render	164	78208
sample	prose_heavy	slob	raw	render	165	88417
sample	prose_heavy	slob	raw	render	166	55542
sample	prose_heavy	slob	raw	render	167	124458
sample	prose_heavy	slob	raw	render	168	51584
sample	prose_heavy	slob	raw	render	169	46500
sample	prose_heavy	slob	raw	render	170	192166
sample	prose_heavy	slob	raw	render	171	429416
sample	prose_heavy	slob	raw	render	172	89333
sample	prose_heavy	slob	raw	render	173	49958
sample	prose_heavy	slob	raw	render	174	40958
sample	prose_heavy	slob	raw	render	175	223500
sample	prose_heavy	slob	raw	render	176	107292
sample	prose_heavy	slob	raw	render	177	49959
sample	prose_heavy	slob	raw	render	178	141625
sample	prose_heavy	slob	raw	render	179	126333
sample	prose_heavy	slob	raw	render	180	46083
sample	prose_heavy	slob	raw	render	181	374708
sample	prose_heavy	slob	raw	render	182	197875
sample	prose_heavy	slob	raw	render	183	317833
sample	prose_heavy	slob	raw	render	184	132917
sample	prose_heavy	slob	raw	render	185	153917
sample	prose_heavy	slob	raw	render	186	166500
sample	prose_heavy	slob	raw	render	187	124583
sample	prose_heavy	slob	raw	render	188	118542
sample	prose_heavy	slob	raw	render	189	199292
sample	prose_heavy	slob	raw	render	190	128750
sample	prose_heavy	slob	raw	render	191	79917
sample	prose_heavy	slob	raw	render	192	54083
sample	prose_heavy	slob	raw	render	193	76500
sample	prose_heavy	slob	raw	render	194	73584
sample	prose_heavy	slob	raw	render	195	135792
sample	prose_heavy	slob	raw	render	196	123959
sample	prose_heavy	slob	raw	render	197	196791
sample	prose_heavy	slob	raw	render	198	2032833
sample	prose_heavy	slob	raw	render	199	193083
sample	prose_heavy	slob	raw	render	200	134917
sample	prose_heavy	slob	raw	render	201	147625
sample	prose_heavy	slob	raw	render	202	176750
sample	prose_heavy	slob	raw	render	203	692708
sample	prose_heavy	slob	raw	render	204	652417
sample	prose_heavy	slob	raw	render	205	166291
sample	prose_heavy	slob	raw	render	206	128208
sample	prose_heavy	slob	raw	render	207	285708
sample	prose_heavy	slob	raw	render	208	160917
sample	prose_heavy	slob	raw	render	209	199750
sample	prose_heavy	slob	raw	render	210	92708
sample	prose_heavy	slob	raw	render	211	229833
sample	prose_heavy	slob	raw	render	212	97125
sample	prose_heavy	slob	raw	render	213	124375
sample	prose_heavy	slob	raw	render	214	217416
sample	prose_heavy	slob	raw	render	215	111458
sample	prose_heavy	slob	raw	render	216	87708
sample	prose_heavy	slob	raw	render	217	54625
sample	prose_heavy	slob	raw	render	218	189042
sample	prose_heavy	slob	raw	render	219	493375
sample	prose_heavy	slob	raw	render	220	211917
sample	prose_heavy	slob	raw	render	221	112708
sample	prose_heavy	slob	raw	render	222	1458291
sample	prose_heavy	slob	raw	render	223	301167
sample	prose_heavy	slob	raw	render	224	341416
sample	prose_heavy	slob	raw	render	225	155916
sample	prose_heavy	slob	raw	render	226	177375
sample	prose_heavy	slob	raw	render	227	103750
sample	prose_heavy	slob	raw	render	228	203208
sample	prose_heavy	slob	raw	render	229	109208
sample	prose_heavy	slob	raw	render	230	214458
sample	prose_heavy	slob	raw	render	231	337083
sample	prose_heavy	slob	raw	render	232	120209
sample	prose_heavy	slob	raw	render	233	134416
sample	prose_heavy	slob	raw	render	234	223792
sample	prose_heavy	slob	raw	render	235	65083
sample	prose_heavy	slob	raw	render	236	52916
sample	prose_heavy	slob	raw	render	237	45917
sample	prose_heavy	slob	raw	render	238	42834
sample	prose_heavy	slob	raw	render	239	93250
sample	prose_heavy	slob	raw	render	240	102166
sample	prose_heavy	slob	raw	render	241	192666
sample	prose_heavy	slob	raw	render	242	129167
sample	prose_heavy	slob	raw	render	243	386500
sample	prose_heavy	slob	raw	render	244	168333
sample	prose_heavy	slob	raw	render	245	231625
sample	prose_heavy	slob	raw	render	246	202417
sample	prose_heavy	slob	raw	render	247	250167
sample	prose_heavy	slob	raw	render	248	1498500
sample	prose_heavy	slob	raw	render	249	78625
sample	prose_heavy	slob	raw	render	250	80583
sample	prose_heavy	slob	raw	render	251	220625
sample	prose_heavy	slob	raw	render	252	132500
sample	prose_heavy	slob	raw	render	253	223167
sample	prose_heavy	slob	raw	render	254	117500
sample	prose_heavy	slob	raw	render	255	51084
sample	prose_heavy	slob	raw	render	256	43583
sample	prose_heavy	slob	raw	render	257	212708
sample	prose_heavy	slob	raw	render	258	257500
sample	prose_heavy	slob	raw	render	259	221375
sample	prose_heavy	slob	raw	render	260	186417
sample	prose_heavy	slob	raw	render	261	61250
sample	prose_heavy	slob	raw	render	262	74917
sample	prose_heavy	slob	raw	render	263	153125
sample	prose_heavy	slob	raw	render	264	120833
sample	prose_heavy	slob	raw	render	265	80417
sample	prose_heavy	slob	raw	render	266	209417
sample	prose_heavy	slob	raw	render	267	1993250
sample	prose_heavy	slob	raw	render	268	108084
sample	prose_heavy	slob	raw	render	269	53458
sample	prose_heavy	slob	raw	render	270	53292
sample	prose_heavy	slob	raw	render	271	44208
sample	prose_heavy	slob	raw	render	272	551833
sample	prose_heavy	slob	raw	render	273	76792
sample	prose_heavy	slob	raw	render	274	49042
sample	prose_heavy	slob	raw	render	275	47125
sample	prose_heavy	slob	raw	render	276	154959
sample	prose_heavy	slob	raw	render	277	73041
sample	prose_heavy	slob	raw	render	278	214166
sample	prose_heavy	slob	raw	render	279	261666
sample	prose_heavy	slob	raw	render	280	522500
sample	prose_heavy	slob	raw	render	281	107333
sample	prose_heavy	slob	raw	render	282	50459
sample	prose_heavy	slob	raw	render	283	77792
sample	prose_heavy	slob	raw	render	284	49000
sample	prose_heavy	slob	raw	render	285	70500
sample	prose_heavy	slob	raw	render	286	45791
sample	prose_heavy	slob	raw	render	287	655250
sample	prose_heavy	slob	raw	render	288	85792
sample	prose_heavy	slob	raw	render	289	160792
sample	prose_heavy	slob	raw	render	290	152042
sample	prose_heavy	slob	raw	render	291	194625
sample	prose_heavy	slob	raw	render	292	171583
sample	prose_heavy	slob	raw	render	293	118583
sample	prose_heavy	slob	raw	render	294	156917
sample	prose_heavy	slob	raw	render	295	57292
sample	prose_heavy	slob	raw	render	296	122125
sample	prose_heavy	slob	raw	render	297	219833
sample	prose_heavy	slob	raw	render	298	671541
sample	prose_heavy	slob	raw	render	299	198459
sample	prose_heavy	slob	raw	render	300	172792
sample	prose_heavy	slob	raw	render	301	191208
sample	prose_heavy	slob	raw	render	302	129875
sample	prose_heavy	slob	raw	render	303	56208
sample	prose_heavy	slob	raw	render	304	180292
sample	prose_heavy	slob	raw	render	305	102042
sample	prose_heavy	slob	raw	render	306	89167
sample	prose_heavy	slob	raw	render	307	66541
sample	prose_heavy	slob	raw	render	308	47417
sample	prose_heavy	slob	raw	render	309	54250
sample	prose_heavy	slob	raw	render	310	61959
sample	prose_heavy	slob	raw	render	311	61125
sample	prose_heavy	slob	raw	render	312	83292
sample	prose_heavy	slob	raw	render	313	60125
sample	prose_heavy	slob	raw	render	314	58250
sample	prose_heavy	slob	raw	render	315	57875
sample	prose_heavy	slob	raw	render	316	418375
sample	prose_heavy	slob	raw	render	317	164166
sample	prose_heavy	slob	raw	render	318	200250
sample	prose_heavy	slob	raw	render	319	107500
sample	prose_heavy	slob	raw	render	320	75541
sample	prose_heavy	slob	raw	render	321	167208
sample	prose_heavy	slob	raw	render	322	133125
sample	prose_heavy	slob	raw	render	323	72333
sample	prose_heavy	slob	raw	render	324	61917
sample	prose_heavy	slob	raw	render	325	234250
sample	prose_heavy	slob	raw	render	326	263125
sample	prose_heavy	slob	raw	render	327	192500
sample	prose_heavy	slob	raw	render	328	248000
sample	prose_heavy	slob	raw	render	329	293167
sample	prose_heavy	slob	raw	render	330	210000
sample	prose_heavy	slob	raw	render	331	444250
sample	prose_heavy	slob	raw	render	332	168250
sample	prose_heavy	slob	raw	render	333	131292
sample	prose_heavy	slob	raw	render	334	188625
sample	prose_heavy	slob	raw	render	335	136292
sample	prose_heavy	slob	raw	render	336	156125
sample	prose_heavy	slob	raw	render	337	164666
sample	prose_heavy	slob	raw	render	338	126834
sample	prose_heavy	slob	raw	render	339	56916
sample	prose_heavy	slob	raw	render	340	44000
sample	prose_heavy	slob	raw	render	341	46666
sample	prose_heavy	slob	raw	render	342	2249334
sample	prose_heavy	slob	raw	render	343	228791
sample	prose_heavy	slob	raw	render	344	105291
sample	prose_heavy	slob	raw	render	345	148833
sample	prose_heavy	slob	raw	render	346	227208
sample	prose_heavy	slob	raw	render	347	324375
sample	prose_heavy	slob	raw	render	348	116083
sample	prose_heavy	slob	raw	render	349	144292
sample	prose_heavy	slob	raw	render	350	116458
sample	prose_heavy	slob	raw	render	351	53625
sample	prose_heavy	slob	raw	render	352	46042
sample	prose_heavy	slob	raw	render	353	46666
sample	prose_heavy	slob	raw	render	354	49167
sample	prose_heavy	slob	raw	render	355	143458
sample	prose_heavy	slob	raw	render	356	92792
sample	prose_heavy	slob	raw	render	357	1603084
sample	prose_heavy	slob	raw	render	358	180000
sample	prose_heavy	slob	raw	render	359	83500
sample	prose_heavy	slob	raw	render	360	49833
sample	prose_heavy	slob	raw	render	361	46583
sample	prose_heavy	slob	raw	render	362	283875
sample	prose_heavy	slob	raw	render	363	132750
sample	prose_heavy	slob	raw	render	364	87417
sample	prose_heavy	slob	raw	render	365	68708
sample	prose_heavy	slob	raw	render	366	53583
sample	prose_heavy	slob	raw	render	367	211584
sample	prose_heavy	slob	raw	render	368	156041
sample	prose_heavy	slob	raw	render	369	345041
sample	prose_heavy	slob	raw	render	370	111041
sample	prose_heavy	slob	raw	render	371	46958
sample	prose_heavy	slob	raw	render	372	205083
sample	prose_heavy	slob	raw	render	373	116250
sample	prose_heavy	slob	raw	render	374	67125
sample	prose_heavy	slob	raw	render	375	52666
sample	prose_heavy	slob	raw	render	376	49583
sample	prose_heavy	slob	raw	render	377	40916
sample	prose_heavy	slob	raw	render	378	45917
sample	prose_heavy	slob	raw	render	379	48459
sample	prose_heavy	slob	raw	render	380	94959
sample	prose_heavy	slob	raw	render	381	57375
sample	prose_heavy	slob	raw	render	382	49708
sample	prose_heavy	slob	raw	render	383	47292
sample	prose_heavy	slob	raw	render	384	192417
sample	prose_heavy	slob	raw	render	385	152542
sample	prose_heavy	slob	raw	render	386	64416
sample	prose_heavy	slob	raw	render	387	45500
sample	prose_heavy	slob	raw	render	388	127000
sample	prose_heavy	slob	raw	render	389	64125
sample	prose_heavy	slob	raw	render	390	163291
sample	prose_heavy	slob	raw	render	391	108583
sample	prose_heavy	slob	raw	render	392	52208
sample	prose_heavy	slob	raw	render	393	193166
sample	prose_heavy	slob	raw	render	394	102875
sample	prose_heavy	slob	raw	render	395	103833
sample	prose_heavy	slob	raw	render	396	61166
sample	prose_heavy	slob	raw	render	397	66750
sample	prose_heavy	slob	raw	render	398	281791
sample	prose_heavy	slob	raw	render	399	110250
sample	prose_heavy	slob	raw	render	400	68208
sample	prose_heavy	slob	raw	render	401	50167
sample	prose_heavy	slob	raw	render	402	41375
sample	prose_heavy	slob	raw	render	403	42958
sample	prose_heavy	slob	raw	render	404	1043125
sample	prose_heavy	slob	raw	render	405	199250
sample	prose_heavy	slob	raw	render	406	365833
sample	prose_heavy	slob	raw	render	407	84625
sample	prose_heavy	slob	raw	render	408	69333
sample	prose_heavy	slob	raw	render	409	71625
sample	prose_heavy	slob	raw	render	410	219792
sample	prose_heavy	slob	raw	render	411	67167
sample	prose_heavy	slob	raw	render	412	103667
sample	prose_heavy	slob	raw	render	413	107416
sample	prose_heavy	slob	raw	render	414	70792
sample	prose_heavy	slob	raw	render	415	48375
sample	prose_heavy	slob	raw	render	416	66625
sample	prose_heavy	slob	raw	render	417	83709
sample	prose_heavy	slob	raw	render	418	167333
sample	prose_heavy	slob	raw	render	419	119959
sample	prose_heavy	slob	raw	render	420	81291
sample	prose_heavy	slob	raw	render	421	94250
sample	prose_heavy	slob	raw	render	422	67333
sample	prose_heavy	slob	raw	render	423	92459
sample	prose_heavy	slob	raw	render	424	270875
sample	prose_heavy	slob	raw	render	425	118833
sample	prose_heavy	slob	raw	render	426	77125
sample	prose_heavy	slob	raw	render	427	539083
sample	prose_heavy	slob	raw	render	428	76167
sample	prose_heavy	slob	raw	render	429	100125
sample	prose_heavy	slob	raw	render	430	53542
sample	prose_heavy	slob	raw	render	431	63500
sample	prose_heavy	slob	raw	render	432	394916
sample	prose_heavy	slob	raw	render	433	81208
sample	prose_heavy	slob	raw	render	434	181041
sample	prose_heavy	slob	raw	render	435	213167
sample	prose_heavy	slob	raw	render	436	84125
sample	prose_heavy	slob	raw	render	437	201833
sample	prose_heavy	slob	raw	render	438	315375
sample	prose_heavy	slob	raw	render	439	54666
sample	prose_heavy	slob	raw	render	440	44208
sample	prose_heavy	slob	raw	render	441	52875
sample	prose_heavy	slob	raw	render	442	463833
sample	prose_heavy	slob	raw	render	443	188208
sample	prose_heavy	slob	raw	render	444	303375
sample	prose_heavy	slob	raw	render	445	408917
sample	prose_heavy	slob	raw	render	446	213125
sample	prose_heavy	slob	raw	render	447	121042
sample	prose_heavy	slob	raw	render	448	53375
sample	prose_heavy	slob	raw	render	449	53000
sample	prose_heavy	slob	raw	render	450	229750
sample	prose_heavy	slob	raw	render	451	132042
sample	prose_heavy	slob	raw	render	452	152333
sample	prose_heavy	slob	raw	render	453	194250
sample	prose_heavy	slob	raw	render	454	1403083
sample	prose_heavy	slob	raw	render	455	361167
sample	prose_heavy	slob	raw	render	456	354417
sample	prose_heavy	slob	raw	render	457	135625
sample	prose_heavy	slob	raw	render	458	1058458
sample	prose_heavy	slob	raw	render	459	176125
sample	prose_heavy	slob	raw	render	460	144250
sample	prose_heavy	slob	raw	render	461	191125
sample	prose_heavy	slob	raw	render	462	238500
sample	prose_heavy	slob	raw	render	463	150125
sample	prose_heavy	slob	raw	render	464	178208
sample	prose_heavy	slob	raw	render	465	1729042
sample	prose_heavy	slob	raw	render	466	195750
sample	prose_heavy	slob	raw	render	467	91875
sample	prose_heavy	slob	raw	render	468	52208
sample	prose_heavy	slob	raw	render	469	45500
sample	prose_heavy	slob	raw	render	470	179375
sample	prose_heavy	slob	raw	render	471	233166
sample	prose_heavy	slob	raw	render	472	1255917
sample	prose_heavy	slob	raw	render	473	216375
sample	prose_heavy	slob	raw	render	474	183667
sample	prose_heavy	slob	raw	render	475	216250
sample	prose_heavy	slob	raw	render	476	140459
sample	prose_heavy	slob	raw	render	477	102917
sample	prose_heavy	slob	raw	render	478	48750
sample	prose_heavy	slob	raw	render	479	625708
sample	prose_heavy	slob	raw	render	480	4936417
sample	prose_heavy	slob	raw	render	481	2424208
sample	prose_heavy	slob	raw	render	482	204292
sample	prose_heavy	slob	raw	render	483	180750
sample	prose_heavy	slob	raw	render	484	184875
sample	prose_heavy	slob	raw	render	485	167084
sample	prose_heavy	slob	raw	render	486	235750
sample	prose_heavy	slob	raw	render	487	212541
sample	prose_heavy	slob	raw	render	488	122042
sample	prose_heavy	slob	raw	render	489	671666
sample	prose_heavy	slob	raw	render	490	102958
sample	prose_heavy	slob	raw	render	491	48875
sample	prose_heavy	slob	raw	render	492	155042
sample	prose_heavy	slob	raw	render	493	100333
sample	prose_heavy	slob	raw	render	494	53667
sample	prose_heavy	slob	raw	render	495	50083
sample	prose_heavy	slob	raw	render	496	99875
sample	prose_heavy	slob	raw	render	497	175208
sample	prose_heavy	slob	raw	render	498	119625
sample	prose_heavy	slob	raw	render	499	86375
sample	prose_heavy	slob	raw	render	500	47250
sample	prose_heavy	slob	raw	render	501	270500
sample	prose_heavy	slob	raw	render	502	164041
sample	prose_heavy	slob	raw	render	503	186167
sample	prose_heavy	slob	raw	render	504	119167
sample	prose_heavy	slob	raw	render	505	203584
sample	prose_heavy	slob	raw	render	506	233792
sample	prose_heavy	slob	raw	render	507	125750
sample	prose_heavy	slob	raw	render	508	67708
sample	prose_heavy	slob	raw	render	509	148875
sample	prose_heavy	slob	raw	render	510	241542
sample	prose_heavy	slob	raw	render	511	77625
sample	prose_heavy	slob	raw	render	512	190625
sample	prose_heavy	slob	raw	render	513	214834
sample	prose_heavy	slob	raw	render	514	130417
sample	prose_heavy	slob	raw	render	515	113042
sample	prose_heavy	slob	raw	render	516	93708
sample	prose_heavy	slob	raw	render	517	72834
sample	prose_heavy	slob	raw	render	518	69167
sample	prose_heavy	slob	raw	render	519	94084
sample	prose_heavy	slob	raw	render	520	220250
sample	prose_heavy	slob	raw	render	521	318959
sample	prose_heavy	slob	raw	render	522	529833
sample	prose_heavy	slob	raw	render	523	89709
sample	prose_heavy	slob	raw	render	524	276041
sample	prose_heavy	slob	raw	render	525	134833
sample	prose_heavy	slob	raw	render	526	183417
sample	prose_heavy	slob	raw	render	527	163500
sample	prose_heavy	slob	raw	render	528	310875
sample	prose_heavy	slob	raw	render	529	86917
sample	prose_heavy	slob	raw	render	530	230208
sample	prose_heavy	slob	raw	render	531	280875
sample	prose_heavy	slob	raw	render	532	100750
sample	prose_heavy	slob	raw	render	533	68708
sample	prose_heavy	slob	raw	render	534	46750
sample	prose_heavy	slob	raw	render	535	150000
sample	prose_heavy	slob	raw	render	536	215291
sample	prose_heavy	slob	raw	render	537	116958
sample	prose_heavy	slob	raw	render	538	87625
sample	prose_heavy	slob	raw	render	539	191625
sample	prose_heavy	slob	raw	render	540	212542
sample	prose_heavy	slob	raw	render	541	401584
sample	prose_heavy	slob	raw	render	542	106584
sample	prose_heavy	slob	raw	render	543	199667
sample	prose_heavy	slob	raw	render	544	59333
sample	prose_heavy	slob	raw	render	545	47291
sample	prose_heavy	slob	raw	render	546	109083
sample	prose_heavy	slob	raw	render	547	49208
sample	prose_heavy	slob	raw	render	548	67250
sample	prose_heavy	slob	raw	render	549	188000
sample	prose_heavy	slob	raw	render	550	88458
sample	prose_heavy	slob	raw	render	551	77542
sample	prose_heavy	slob	raw	render	552	47667
sample	prose_heavy	slob	raw	render	553	55667
sample	prose_heavy	slob	raw	render	554	87667
sample	prose_heavy	slob	raw	render	555	260500
sample	prose_heavy	slob	raw	render	556	83084
sample	prose_heavy	slob	raw	render	557	102959
sample	prose_heavy	slob	raw	render	558	190250
sample	prose_heavy	slob	raw	render	559	83917
sample	prose_heavy	slob	raw	render	560	723417
sample	prose_heavy	slob	raw	render	561	79833
sample	prose_heavy	slob	raw	render	562	46625
sample	prose_heavy	slob	raw	render	563	44417
sample	prose_heavy	slob	raw	render	564	43167
sample	prose_heavy	slob	raw	render	565	63250
sample	prose_heavy	slob	raw	render	566	71625
sample	prose_heavy	slob	raw	render	567	51666
sample	prose_heavy	slob	raw	render	568	319625
sample	prose_heavy	slob	raw	render	569	106750
sample	prose_heavy	slob	raw	render	570	56125
sample	prose_heavy	slob	raw	render	571	45583
sample	prose_heavy	slob	raw	render	572	167750
sample	prose_heavy	slob	raw	render	573	180417
sample	prose_heavy	slob	raw	render	574	263792
sample	prose_heavy	slob	raw	render	575	98542
sample	prose_heavy	slob	raw	render	576	48250
sample	prose_heavy	slob	raw	render	577	219583
sample	prose_heavy	slob	raw	render	578	114583
sample	prose_heavy	slob	raw	render	579	206875
sample	prose_heavy	slob	raw	render	580	85583
sample	prose_heavy	slob	raw	render	581	54625
sample	prose_heavy	slob	raw	render	582	194666
sample	prose_heavy	slob	raw	render	583	178375
sample	prose_heavy	slob	raw	render	584	86167
sample	prose_heavy	slob	raw	render	585	54792
sample	prose_heavy	slob	raw	render	586	85000
sample	prose_heavy	slob	raw	render	587	50750
sample	prose_heavy	slob	raw	render	588	41791
sample	prose_heavy	slob	raw	render	589	43708
sample	prose_heavy	slob	raw	render	590	191166
sample	prose_heavy	slob	raw	render	591	162292
sample	prose_heavy	slob	raw	render	592	428000
sample	prose_heavy	slob	raw	render	593	103792
sample	prose_heavy	slob	raw	render	594	174292
sample	prose_heavy	slob	raw	render	595	107541
sample	prose_heavy	slob	raw	render	596	85917
sample	prose_heavy	slob	raw	render	597	171291
sample	prose_heavy	slob	raw	render	598	75000
sample	prose_heavy	slob	raw	render	599	215792
sample	prose_heavy	slob	raw	render	600	288250
sample	prose_heavy	slob	raw	render	601	165333
sample	prose_heavy	slob	raw	render	602	56625
sample	prose_heavy	slob	raw	render	603	78208
sample	prose_heavy	slob	raw	render	604	65083
sample	prose_heavy	slob	raw	render	605	46125
sample	prose_heavy	slob	raw	render	606	532042
sample	prose_heavy	slob	raw	render	607	78208
sample	prose_heavy	slob	raw	render	608	51959
sample	prose_heavy	slob	raw	render	609	169583
sample	prose_heavy	slob	raw	render	610	262042
sample	prose_heavy	slob	raw	render	611	99959
sample	prose_heavy	slob	raw	render	612	50833
sample	prose_heavy	slob	raw	render	613	65833
sample	prose_heavy	slob	raw	render	614	239583
sample	prose_heavy	slob	raw	render	615	259041
sample	prose_heavy	slob	raw	render	616	100333
sample	prose_heavy	slob	raw	render	617	70875
sample	prose_heavy	slob	raw	render	618	60167
sample	prose_heavy	slob	raw	render	619	60417
sample	prose_heavy	slob	raw	render	620	60333
sample	prose_heavy	slob	raw	render	621	64875
sample	prose_heavy	slob	raw	render	622	87125
sample	prose_heavy	slob	raw	render	623	48250
sample	prose_heavy	slob	raw	render	624	42542
sample	prose_heavy	slob	raw	render	625	174792
sample	prose_heavy	slob	raw	render	626	392166
sample	prose_heavy	slob	raw	render	627	1204209
sample	prose_heavy	slob	raw	render	628	183167
sample	prose_heavy	slob	raw	render	629	193584
sample	prose_heavy	slob	raw	render	630	759459
sample	prose_heavy	slob	raw	render	631	123333
sample	prose_heavy	slob	raw	render	632	73083
sample	prose_heavy	slob	raw	render	633	91292
sample	prose_heavy	slob	raw	render	634	55833
sample	prose_heavy	slob	raw	render	635	46250
sample	prose_heavy	slob	raw	render	636	261041
sample	prose_heavy	slob	raw	render	637	231667
sample	prose_heavy	slob	raw	render	638	196541
sample	prose_heavy	slob	raw	render	639	384667
sample	prose_heavy	slob	raw	render	640	60666
sample	prose_heavy	slob	raw	render	641	60916
sample	prose_heavy	slob	raw	render	642	164208
sample	prose_heavy	slob	raw	render	643	199834
sample	prose_heavy	slob	raw	render	644	118000
sample	prose_heavy	slob	raw	render	645	52333
sample	prose_heavy	slob	raw	render	646	62833
sample	prose_heavy	slob	raw	render	647	65542
sample	prose_heavy	slob	raw	render	648	216042
sample	prose_heavy	slob	raw	render	649	347292
sample	prose_heavy	slob	raw	render	650	118542
sample	prose_heavy	slob	raw	render	651	67958
sample	prose_heavy	slob	raw	render	652	47042
sample	prose_heavy	slob	raw	render	653	55125
sample	prose_heavy	slob	raw	render	654	69166
sample	prose_heavy	slob	raw	render	655	178833
sample	prose_heavy	slob	raw	render	656	150625
sample	prose_heavy	slob	raw	render	657	80167
sample	prose_heavy	slob	raw	render	658	245959
sample	prose_heavy	slob	raw	render	659	269417
sample	prose_heavy	slob	raw	render	660	109375
sample	prose_heavy	slob	raw	render	661	67333
sample	prose_heavy	slob	raw	render	662	47542
sample	prose_heavy	slob	raw	render	663	55375
sample	prose_heavy	slob	raw	render	664	285958
sample	prose_heavy	slob	raw	render	665	143208
sample	prose_heavy	slob	raw	render	666	193042
sample	prose_heavy	slob	raw	render	667	198667
sample	prose_heavy	slob	raw	render	668	659916
sample	prose_heavy	slob	raw	render	669	248459
sample	prose_heavy	slob	raw	render	670	192750
sample	prose_heavy	slob	raw	render	671	112916
sample	prose_heavy	slob	raw	render	672	70708
sample	prose_heavy	slob	raw	render	673	45833
sample	prose_heavy	slob	raw	render	674	175542
sample	prose_heavy	slob	raw	render	675	121417
sample	prose_heavy	slob	raw	render	676	56709
sample	prose_heavy	slob	raw	render	677	42250
sample	prose_heavy	slob	raw	render	678	46084
sample	prose_heavy	slob	raw	render	679	39042
sample	prose_heavy	slob	raw	render	680	43750
sample	prose_heavy	slob	raw	render	681	277292
sample	prose_heavy	slob	raw	render	682	207417
sample	prose_heavy	slob	raw	render	683	140250
sample	prose_heavy	slob	raw	render	684	194209
sample	prose_heavy	slob	raw	render	685	87667
sample	prose_heavy	slob	raw	render	686	83708
sample	prose_heavy	slob	raw	render	687	118750
sample	prose_heavy	slob	raw	render	688	53333
sample	prose_heavy	slob	raw	render	689	47417
sample	prose_heavy	slob	raw	render	690	56958
sample	prose_heavy	slob	raw	render	691	191500
sample	prose_heavy	slob	raw	render	692	88209
sample	prose_heavy	slob	raw	render	693	284416
sample	prose_heavy	slob	raw	render	694	125541
sample	prose_heavy	slob	raw	render	695	193000
sample	prose_heavy	slob	raw	render	696	1163875
sample	prose_heavy	slob	raw	render	697	163500
sample	prose_heavy	slob	raw	render	698	153250
sample	prose_heavy	slob	raw	render	699	242458
sample	prose_heavy	slob	raw	render	700	199167
sample	prose_heavy	slob	raw	render	701	296958
sample	prose_heavy	slob	raw	render	702	249833
sample	prose_heavy	slob	raw	render	703	213625
sample	prose_heavy	slob	raw	render	704	207625
sample	prose_heavy	slob	raw	render	705	84041
sample	prose_heavy	slob	raw	render	706	216084
sample	prose_heavy	slob	raw	render	707	108500
sample	prose_heavy	slob	raw	render	708	55458
sample	prose_heavy	slob	raw	render	709	215334
sample	prose_heavy	slob	raw	render	710	176125
sample	prose_heavy	slob	raw	render	711	173083
sample	prose_heavy	slob	raw	render	712	244750
sample	prose_heavy	slob	raw	render	713	304167
sample	prose_heavy	slob	raw	render	714	237542
sample	prose_heavy	slob	raw	render	715	94959
sample	prose_heavy	slob	raw	render	716	76875
sample	prose_heavy	slob	raw	render	717	60625
sample	prose_heavy	slob	raw	render	718	89750
sample	prose_heavy	slob	raw	render	719	96292
sample	prose_heavy	slob	raw	render	720	76750
sample	prose_heavy	slob	raw	render	721	201208
sample	prose_heavy	slob	raw	render	722	416083
sample	prose_heavy	slob	raw	render	723	204458
sample	prose_heavy	slob	raw	render	724	193541
sample	prose_heavy	slob	raw	render	725	86583
sample	prose_heavy	slob	raw	render	726	142666
sample	prose_heavy	slob	raw	render	727	263416
sample	prose_heavy	slob	raw	render	728	85583
sample	prose_heavy	slob	raw	render	729	70834
sample	prose_heavy	slob	raw	render	730	261083
sample	prose_heavy	slob	raw	render	731	119208
sample	prose_heavy	slob	raw	render	732	192959
sample	prose_heavy	slob	raw	render	733	72583
sample	prose_heavy	slob	raw	render	734	44834
sample	prose_heavy	slob	raw	render	735	199416
sample	prose_heavy	slob	raw	render	736	230750
sample	prose_heavy	slob	raw	render	737	114208
sample	prose_heavy	slob	raw	render	738	61875
sample	prose_heavy	slob	raw	render	739	200750
sample	prose_heavy	slob	raw	render	740	168792
sample	prose_heavy	slob	raw	render	741	336458
sample	prose_heavy	slob	raw	render	742	113083
sample	prose_heavy	slob	raw	render	743	50667
sample	prose_heavy	slob	raw	render	744	96209
sample	prose_heavy	slob	raw	render	745	272667
sample	prose_heavy	slob	raw	render	746	163375
sample	prose_heavy	slob	raw	render	747	142958
sample	prose_heavy	slob	raw	render	748	176833
sample	prose_heavy	slob	raw	render	749	53542
sample	prose_heavy	slob	raw	render	750	93375
sample	prose_heavy	slob	raw	render	751	184292
sample	prose_heavy	slob	raw	render	752	165167
sample	prose_heavy	slob	raw	render	753	103833
sample	prose_heavy	slob	raw	render	754	246667
sample	prose_heavy	slob	raw	render	755	85250
sample	prose_heavy	slob	raw	render	756	99833
sample	prose_heavy	slob	raw	render	757	174041
sample	prose_heavy	slob	raw	render	758	755459
sample	prose_heavy	slob	raw	render	759	179167
sample	prose_heavy	slob	raw	render	760	180791
sample	prose_heavy	slob	raw	render	761	228792
sample	prose_heavy	slob	raw	render	762	174584
sample	prose_heavy	slob	raw	render	763	135292
sample	prose_heavy	slob	raw	render	764	61250
sample	prose_heavy	slob	raw	render	765	156416
sample	prose_heavy	slob	raw	render	766	608333
sample	prose_heavy	slob	raw	render	767	194084
sample	prose_heavy	slob	raw	render	768	178834
sample	prose_heavy	slob	raw	render	769	332208
sample	prose_heavy	slob	raw	render	770	98000
sample	prose_heavy	slob	raw	render	771	263916
sample	prose_heavy	slob	raw	render	772	289458
sample	prose_heavy	slob	raw	render	773	204875
sample	prose_heavy	slob	raw	render	774	1133375
sample	prose_heavy	slob	raw	render	775	221042
sample	prose_heavy	slob	raw	render	776	276541
sample	prose_heavy	slob	raw	render	777	391542
sample	prose_heavy	slob	raw	render	778	145625
sample	prose_heavy	slob	raw	render	779	140500
sample	prose_heavy	slob	raw	render	780	320958
sample	prose_heavy	slob	raw	render	781	160541
sample	prose_heavy	slob	raw	render	782	142208
sample	prose_heavy	slob	raw	render	783	212792
sample	prose_heavy	slob	raw	render	784	341708
sample	prose_heavy	slob	raw	render	785	171250
sample	prose_heavy	slob	raw	render	786	148625
sample	prose_heavy	slob	raw	render	787	155459
sample	prose_heavy	slob	raw	render	788	1041666
sample	prose_heavy	slob	raw	render	789	106792
sample	prose_heavy	slob	raw	render	790	51292
sample	prose_heavy	slob	raw	render	791	153625
sample	prose_heavy	slob	raw	render	792	12646167
sample	prose_heavy	slob	raw	render	793	71292
sample	prose_heavy	slob	raw	render	794	48625
sample	prose_heavy	slob	raw	render	795	184208
sample	prose_heavy	slob	raw	render	796	230666
sample	prose_heavy	slob	raw	render	797	213625
sample	prose_heavy	slob	raw	render	798	147708
sample	prose_heavy	slob	raw	render	799	138958
sample	prose_heavy	slob	raw	render	800	10424417
sample	prose_heavy	slob	raw	render	801	179917
sample	prose_heavy	slob	raw	render	802	125666
sample	prose_heavy	slob	raw	render	803	126417
sample	prose_heavy	slob	raw	render	804	102250
sample	prose_heavy	slob	raw	render	805	214583
sample	prose_heavy	slob	raw	render	806	156583
sample	prose_heavy	slob	raw	render	807	139042
sample	prose_heavy	slob	raw	render	808	107875
sample	prose_heavy	slob	raw	render	809	52833
sample	prose_heavy	slob	raw	render	810	97042
sample	prose_heavy	slob	raw	render	811	362959
sample	prose_heavy	slob	raw	render	812	164375
sample	prose_heavy	slob	raw	render	813	217000
sample	prose_heavy	slob	raw	render	814	167417
sample	prose_heavy	slob	raw	render	815	155959
sample	prose_heavy	slob	raw	render	816	74917
sample	prose_heavy	slob	raw	render	817	86875
sample	prose_heavy	slob	raw	render	818	156125
sample	prose_heavy	slob	raw	render	819	4050417
sample	prose_heavy	slob	raw	render	820	229209
sample	prose_heavy	slob	raw	render	821	299875
sample	prose_heavy	slob	raw	render	822	306333
sample	prose_heavy	slob	raw	render	823	201834
sample	prose_heavy	slob	raw	render	824	52083
sample	prose_heavy	slob	raw	render	825	41542
sample	prose_heavy	slob	raw	render	826	39709
sample	prose_heavy	slob	raw	render	827	38666
sample	prose_heavy	slob	raw	render	828	76625
sample	prose_heavy	slob	raw	render	829	149000
sample	prose_heavy	slob	raw	render	830	123750
sample	prose_heavy	slob	raw	render	831	172208
sample	prose_heavy	slob	raw	render	832	146292
sample	prose_heavy	slob	raw	render	833	229875
sample	prose_heavy	slob	raw	render	834	257625
sample	prose_heavy	slob	raw	render	835	257375
sample	prose_heavy	slob	raw	render	836	398875
sample	prose_heavy	slob	raw	render	837	191667
sample	prose_heavy	slob	raw	render	838	169833
sample	prose_heavy	slob	raw	render	839	216666
sample	prose_heavy	slob	raw	render	840	190333
sample	prose_heavy	slob	raw	render	841	173333
sample	prose_heavy	slob	raw	render	842	254125
sample	prose_heavy	slob	raw	render	843	149292
sample	prose_heavy	slob	raw	render	844	232583
sample	prose_heavy	slob	raw	render	845	108041
sample	prose_heavy	slob	raw	render	846	67708
sample	prose_heavy	slob	raw	render	847	56625
sample	prose_heavy	slob	raw	render	848	161500
sample	prose_heavy	slob	raw	render	849	201875
sample	prose_heavy	slob	raw	render	850	213042
sample	prose_heavy	slob	raw	render	851	125166
sample	prose_heavy	slob	raw	render	852	171500
sample	prose_heavy	slob	raw	render	853	210708
sample	prose_heavy	slob	raw	render	854	161084
sample	prose_heavy	slob	raw	render	855	178500
sample	prose_heavy	slob	raw	render	856	332208
sample	prose_heavy	slob	raw	render	857	143250
sample	prose_heavy	slob	raw	render	858	205042
sample	prose_heavy	slob	raw	render	859	126000
sample	prose_heavy	slob	raw	render	860	78292
sample	prose_heavy	slob	raw	render	861	479500
sample	prose_heavy	slob	raw	render	862	178625
sample	prose_heavy	slob	raw	render	863	229750
sample	prose_heavy	slob	raw	render	864	185083
sample	prose_heavy	slob	raw	render	865	187000
sample	prose_heavy	slob	raw	render	866	216084
sample	prose_heavy	slob	raw	render	867	159375
sample	prose_heavy	slob	raw	render	868	140416
sample	prose_heavy	slob	raw	render	869	57417
sample	prose_heavy	slob	raw	render	870	46708
sample	prose_heavy	slob	raw	render	871	44250
sample	prose_heavy	slob	raw	render	872	254000
sample	prose_heavy	slob	raw	render	873	180125
sample	prose_heavy	slob	raw	render	874	542333
sample	prose_heavy	slob	raw	render	875	90333
sample	prose_heavy	slob	raw	render	876	49209
sample	prose_heavy	slob	raw	render	877	231708
sample	prose_heavy	slob	raw	render	878	258334
sample	prose_heavy	slob	raw	render	879	525917
sample	prose_heavy	slob	raw	render	880	129750
sample	prose_heavy	slob	raw	render	881	211958
sample	prose_heavy	slob	raw	render	882	144458
sample	prose_heavy	slob	raw	render	883	85375
sample	prose_heavy	slob	raw	render	884	52583
sample	prose_heavy	slob	raw	render	885	489834
sample	prose_heavy	slob	raw	render	886	158666
sample	prose_heavy	slob	raw	render	887	112875
sample	prose_heavy	slob	raw	render	888	618500
sample	prose_heavy	slob	raw	render	889	454667
sample	prose_heavy	slob	raw	render	890	107208
sample	prose_heavy	slob	raw	render	891	54334
sample	prose_heavy	slob	raw	render	892	518083
sample	prose_heavy	slob	raw	render	893	50375
sample	prose_heavy	slob	raw	render	894	43375
sample	prose_heavy	slob	raw	render	895	43250
sample	prose_heavy	slob	raw	render	896	44042
sample	prose_heavy	slob	raw	render	897	366333
sample	prose_heavy	slob	raw	render	898	124333
sample	prose_heavy	slob	raw	render	899	55166
sample	prose_heavy	slob	raw	render	900	49541
sample	prose_heavy	slob	raw	render	901	71500
sample	prose_heavy	slob	raw	render	902	69209
sample	prose_heavy	slob	raw	render	903	67167
sample	prose_heavy	slob	raw	render	904	97041
sample	prose_heavy	slob	raw	render	905	234292
sample	prose_heavy	slob	raw	render	906	188042
sample	prose_heavy	slob	raw	render	907	62542
sample	prose_heavy	slob	raw	render	908	228708
sample	prose_heavy	slob	raw	render	909	146125
sample	prose_heavy	slob	raw	render	910	211292
sample	prose_heavy	slob	raw	render	911	228709
sample	prose_heavy	slob	raw	render	912	137542
sample	prose_heavy	slob	raw	render	913	77542
sample	prose_heavy	slob	raw	render	914	63750
sample	prose_heavy	slob	raw	render	915	242500
sample	prose_heavy	slob	raw	render	916	1833875
sample	prose_heavy	slob	raw	render	917	199917
sample	prose_heavy	slob	raw	render	918	126625
sample	prose_heavy	slob	raw	render	919	182250
sample	prose_heavy	slob	raw	render	920	235459
sample	prose_heavy	slob	raw	render	921	134750
sample	prose_heavy	slob	raw	render	922	214542
sample	prose_heavy	slob	raw	render	923	204167
sample	prose_heavy	slob	raw	render	924	102000
sample	prose_heavy	slob	raw	render	925	92750
sample	prose_heavy	slob	raw	render	926	164167
sample	prose_heavy	slob	raw	render	927	664500
sample	prose_heavy	slob	raw	render	928	65084
sample	prose_heavy	slob	raw	render	929	660750
sample	prose_heavy	slob	raw	render	930	106667
sample	prose_heavy	slob	raw	render	931	105125
sample	prose_heavy	slob	raw	render	932	334958
sample	prose_heavy	slob	raw	render	933	175125
sample	prose_heavy	slob	raw	render	934	204000
sample	prose_heavy	slob	raw	render	935	109416
sample	prose_heavy	slob	raw	render	936	219000
sample	prose_heavy	slob	raw	render	937	228875
sample	prose_heavy	slob	raw	render	938	188250
sample	prose_heavy	slob	raw	render	939	100000
sample	prose_heavy	slob	raw	render	940	187875
sample	prose_heavy	slob	raw	render	941	216833
sample	prose_heavy	slob	raw	render	942	308125
sample	prose_heavy	slob	raw	render	943	165417
sample	prose_heavy	slob	raw	render	944	84083
sample	prose_heavy	slob	raw	render	945	47458
sample	prose_heavy	slob	raw	render	946	45750
sample	prose_heavy	slob	raw	render	947	43084
sample	prose_heavy	slob	raw	render	948	127167
sample	prose_heavy	slob	raw	render	949	190542
sample	prose_heavy	slob	raw	render	950	86959
sample	prose_heavy	slob	raw	render	951	93333
sample	prose_heavy	slob	raw	render	952	45834
sample	prose_heavy	slob	raw	render	953	43750
sample	prose_heavy	slob	raw	render	954	44708
sample	prose_heavy	slob	raw	render	955	48875
sample	prose_heavy	slob	raw	render	956	207875
sample	prose_heavy	slob	raw	render	957	148416
sample	prose_heavy	slob	raw	render	958	236292
sample	prose_heavy	slob	raw	render	959	213833
sample	prose_heavy	slob	raw	render	960	102500
sample	prose_heavy	slob	raw	render	961	70833
sample	prose_heavy	slob	raw	render	962	48208
sample	prose_heavy	slob	raw	render	963	41834
sample	prose_heavy	slob	raw	render	964	46042
sample	prose_heavy	slob	raw	render	965	208917
sample	prose_heavy	slob	raw	render	966	54083
sample	prose_heavy	slob	raw	render	967	159125
sample	prose_heavy	slob	raw	render	968	84625
sample	prose_heavy	slob	raw	render	969	75125
sample	prose_heavy	slob	raw	render	970	46167
sample	prose_heavy	slob	raw	render	971	117875
sample	prose_heavy	slob	raw	render	972	168542
sample	prose_heavy	slob	raw	render	973	165667
sample	prose_heavy	slob	raw	render	974	191291
sample	prose_heavy	slob	raw	render	975	84000
sample	prose_heavy	slob	raw	render	976	52208
sample	prose_heavy	slob	raw	render	977	41000
sample	prose_heavy	slob	raw	render	978	109334
sample	prose_heavy	slob	raw	render	979	47625
sample	prose_heavy	slob	raw	render	980	214041
sample	prose_heavy	slob	raw	render	981	157500
sample	prose_heavy	slob	raw	render	982	75417
sample	prose_heavy	slob	raw	render	983	46959
sample	prose_heavy	slob	raw	render	984	78542
sample	prose_heavy	slob	raw	render	985	46583
sample	prose_heavy	slob	raw	render	986	241417
sample	prose_heavy	slob	raw	render	987	189625
sample	prose_heavy	slob	raw	render	988	68792
sample	prose_heavy	slob	raw	render	989	48333
sample	prose_heavy	slob	raw	render	990	44833
sample	prose_heavy	slob	raw	render	991	171708
sample	prose_heavy	slob	raw	render	992	142084
sample	prose_heavy	slob	raw	render	993	142333
sample	prose_heavy	slob	raw	render	994	153459
sample	prose_heavy	slob	raw	render	995	1269875
sample	prose_heavy	slob	raw	render	996	91250
sample	prose_heavy	slob	raw	render	997	83958
sample	prose_heavy	slob	raw	render	998	50292
sample	prose_heavy	slob	raw	render	999	407583
result	prose_heavy	slob	raw	exact.p50_ns	566667
result	prose_heavy	slob	raw	exact.p95_ns	2103750
result	prose_heavy	slob	raw	exact.p99_ns	2824125
result	prose_heavy	slob	raw	prefix.p50_ns	45999792
result	prose_heavy	slob	raw	prefix.p95_ns	70093709
result	prose_heavy	slob	raw	prefix.p99_ns	83471833
result	prose_heavy	slob	raw	render.p50_ns	144292
result	prose_heavy	slob	raw	render.p95_ns	625708
result	prose_heavy	slob	raw	render.p99_ns	1993250
result	prose_heavy	slob	raw	exact.hit.p50_ns	597834
result	prose_heavy	slob	raw	exact.hit.p95_ns	2117125
result	prose_heavy	slob	raw	exact.hit.p99_ns	3039250
result	prose_heavy	slob	raw	exact.miss.p50_ns	517041
result	prose_heavy	slob	raw	exact.miss.p95_ns	2092125
result	prose_heavy	slob	raw	exact.miss.p99_ns	2707667
result	prose_heavy	slob	raw	prefix.zero.p50_ns	1128375
result	prose_heavy	slob	raw	prefix.zero.p95_ns	2805917
result	prose_heavy	slob	raw	prefix.zero.p99_ns	3867083
result	prose_heavy	slob	raw	prefix.one.p50_ns	1318542
result	prose_heavy	slob	raw	prefix.one.p95_ns	3080458
result	prose_heavy	slob	raw	prefix.one.p99_ns	3998875
result	prose_heavy	slob	raw	prefix.many.p50_ns	59638167
result	prose_heavy	slob	raw	prefix.many.p95_ns	74052000
result	prose_heavy	slob	raw	prefix.many.p99_ns	93017333
result	prose_heavy	slob	raw	prefix.pathological.p50_ns	-
result	prose_heavy	slob	raw	prefix.pathological.p95_ns	-
result	prose_heavy	slob	raw	prefix.pathological.p99_ns	-
result	prose_heavy	slob	lzma2	artifact_bytes	123820
result	prose_heavy	slob	lzma2	build_ns	719857166
sample	prose_heavy	slob	lzma2	open	0	233959
sample	prose_heavy	slob	lzma2	open	1	85125
sample	prose_heavy	slob	lzma2	open	2	73500
sample	prose_heavy	slob	lzma2	open	3	78250
sample	prose_heavy	slob	lzma2	open	4	75125
sample	prose_heavy	slob	lzma2	open	5	66000
sample	prose_heavy	slob	lzma2	open	6	74042
sample	prose_heavy	slob	lzma2	open	7	65041
sample	prose_heavy	slob	lzma2	open	8	62708
sample	prose_heavy	slob	lzma2	open	9	64166
sample	prose_heavy	slob	lzma2	open	10	63291
sample	prose_heavy	slob	lzma2	open	11	63917
sample	prose_heavy	slob	lzma2	open	12	199292
sample	prose_heavy	slob	lzma2	open	13	312917
sample	prose_heavy	slob	lzma2	open	14	188750
sample	prose_heavy	slob	lzma2	open	15	185458
sample	prose_heavy	slob	lzma2	open	16	171542
sample	prose_heavy	slob	lzma2	open	17	154333
sample	prose_heavy	slob	lzma2	open	18	172542
sample	prose_heavy	slob	lzma2	open	19	211625
sample	prose_heavy	slob	lzma2	open	20	102416
sample	prose_heavy	slob	lzma2	open	21	79750
sample	prose_heavy	slob	lzma2	open	22	88792
sample	prose_heavy	slob	lzma2	open	23	94875
sample	prose_heavy	slob	lzma2	open	24	84833
result	prose_heavy	slob	lzma2	open_ns	85125
result	prose_heavy	slob	lzma2	semantic_digest	11367502346538253063
result	prose_heavy	slob	lzma2	query_checksum	4133005253181784452
result	prose_heavy	slob	lzma2	outputs	1024875
result	prose_heavy	slob	lzma2	logical_prose_bytes	10498986
sample	prose_heavy	slob	lzma2	exact	0	2229167
sample	prose_heavy	slob	lzma2	exact	1	361750
sample	prose_heavy	slob	lzma2	exact	2	435250
sample	prose_heavy	slob	lzma2	exact	3	469334
sample	prose_heavy	slob	lzma2	exact	4	1173084
sample	prose_heavy	slob	lzma2	exact	5	3129916
sample	prose_heavy	slob	lzma2	exact	6	1418459
sample	prose_heavy	slob	lzma2	exact	7	1369375
sample	prose_heavy	slob	lzma2	exact	8	2090958
sample	prose_heavy	slob	lzma2	exact	9	873625
sample	prose_heavy	slob	lzma2	exact	10	725417
sample	prose_heavy	slob	lzma2	exact	11	409834
sample	prose_heavy	slob	lzma2	exact	12	1254458
sample	prose_heavy	slob	lzma2	exact	13	1175292
sample	prose_heavy	slob	lzma2	exact	14	1345167
sample	prose_heavy	slob	lzma2	exact	15	1449792
sample	prose_heavy	slob	lzma2	exact	16	1231125
sample	prose_heavy	slob	lzma2	exact	17	346959
sample	prose_heavy	slob	lzma2	exact	18	1262542
sample	prose_heavy	slob	lzma2	exact	19	1836583
sample	prose_heavy	slob	lzma2	exact	20	1610542
sample	prose_heavy	slob	lzma2	exact	21	1387250
sample	prose_heavy	slob	lzma2	exact	22	2368458
sample	prose_heavy	slob	lzma2	exact	23	1485750
sample	prose_heavy	slob	lzma2	exact	24	2520333
sample	prose_heavy	slob	lzma2	exact	25	1207584
sample	prose_heavy	slob	lzma2	exact	26	1561750
sample	prose_heavy	slob	lzma2	exact	27	1319583
sample	prose_heavy	slob	lzma2	exact	28	1362416
sample	prose_heavy	slob	lzma2	exact	29	766917
sample	prose_heavy	slob	lzma2	exact	30	435708
sample	prose_heavy	slob	lzma2	exact	31	1492709
sample	prose_heavy	slob	lzma2	exact	32	1522375
sample	prose_heavy	slob	lzma2	exact	33	483334
sample	prose_heavy	slob	lzma2	exact	34	485375
sample	prose_heavy	slob	lzma2	exact	35	455333
sample	prose_heavy	slob	lzma2	exact	36	2378958
sample	prose_heavy	slob	lzma2	exact	37	1295875
sample	prose_heavy	slob	lzma2	exact	38	2000667
sample	prose_heavy	slob	lzma2	exact	39	784875
sample	prose_heavy	slob	lzma2	exact	40	538458
sample	prose_heavy	slob	lzma2	exact	41	337916
sample	prose_heavy	slob	lzma2	exact	42	2037459
sample	prose_heavy	slob	lzma2	exact	43	2624792
sample	prose_heavy	slob	lzma2	exact	44	1046084
sample	prose_heavy	slob	lzma2	exact	45	1085416
sample	prose_heavy	slob	lzma2	exact	46	1394791
sample	prose_heavy	slob	lzma2	exact	47	669625
sample	prose_heavy	slob	lzma2	exact	48	1304667
sample	prose_heavy	slob	lzma2	exact	49	380875
sample	prose_heavy	slob	lzma2	exact	50	448167
sample	prose_heavy	slob	lzma2	exact	51	874292
sample	prose_heavy	slob	lzma2	exact	52	434875
sample	prose_heavy	slob	lzma2	exact	53	402750
sample	prose_heavy	slob	lzma2	exact	54	426875
sample	prose_heavy	slob	lzma2	exact	55	463083
sample	prose_heavy	slob	lzma2	exact	56	424833
sample	prose_heavy	slob	lzma2	exact	57	395875
sample	prose_heavy	slob	lzma2	exact	58	1528583
sample	prose_heavy	slob	lzma2	exact	59	1182583
sample	prose_heavy	slob	lzma2	exact	60	1068417
sample	prose_heavy	slob	lzma2	exact	61	472084
sample	prose_heavy	slob	lzma2	exact	62	428083
sample	prose_heavy	slob	lzma2	exact	63	515500
sample	prose_heavy	slob	lzma2	exact	64	425375
sample	prose_heavy	slob	lzma2	exact	65	2081333
sample	prose_heavy	slob	lzma2	exact	66	1186709
sample	prose_heavy	slob	lzma2	exact	67	1653541
sample	prose_heavy	slob	lzma2	exact	68	1896958
sample	prose_heavy	slob	lzma2	exact	69	1114166
sample	prose_heavy	slob	lzma2	exact	70	2407500
sample	prose_heavy	slob	lzma2	exact	71	1486500
sample	prose_heavy	slob	lzma2	exact	72	1183833
sample	prose_heavy	slob	lzma2	exact	73	861875
sample	prose_heavy	slob	lzma2	exact	74	912542
sample	prose_heavy	slob	lzma2	exact	75	1234125
sample	prose_heavy	slob	lzma2	exact	76	1113292
sample	prose_heavy	slob	lzma2	exact	77	1580292
sample	prose_heavy	slob	lzma2	exact	78	1111750
sample	prose_heavy	slob	lzma2	exact	79	689125
sample	prose_heavy	slob	lzma2	exact	80	466459
sample	prose_heavy	slob	lzma2	exact	81	339875
sample	prose_heavy	slob	lzma2	exact	82	427584
sample	prose_heavy	slob	lzma2	exact	83	1785416
sample	prose_heavy	slob	lzma2	exact	84	947875
sample	prose_heavy	slob	lzma2	exact	85	405667
sample	prose_heavy	slob	lzma2	exact	86	967542
sample	prose_heavy	slob	lzma2	exact	87	532875
sample	prose_heavy	slob	lzma2	exact	88	432584
sample	prose_heavy	slob	lzma2	exact	89	341166
sample	prose_heavy	slob	lzma2	exact	90	428292
sample	prose_heavy	slob	lzma2	exact	91	1035833
sample	prose_heavy	slob	lzma2	exact	92	1503375
sample	prose_heavy	slob	lzma2	exact	93	483917
sample	prose_heavy	slob	lzma2	exact	94	1402625
sample	prose_heavy	slob	lzma2	exact	95	509333
sample	prose_heavy	slob	lzma2	exact	96	432459
sample	prose_heavy	slob	lzma2	exact	97	341459
sample	prose_heavy	slob	lzma2	exact	98	427417
sample	prose_heavy	slob	lzma2	exact	99	2655250
sample	prose_heavy	slob	lzma2	exact	100	675375
sample	prose_heavy	slob	lzma2	exact	101	1224250
sample	prose_heavy	slob	lzma2	exact	102	1654125
sample	prose_heavy	slob	lzma2	exact	103	1205292
sample	prose_heavy	slob	lzma2	exact	104	482709
sample	prose_heavy	slob	lzma2	exact	105	342292
sample	prose_heavy	slob	lzma2	exact	106	434209
sample	prose_heavy	slob	lzma2	exact	107	791458
sample	prose_heavy	slob	lzma2	exact	108	973000
sample	prose_heavy	slob	lzma2	exact	109	858625
sample	prose_heavy	slob	lzma2	exact	110	1149333
sample	prose_heavy	slob	lzma2	exact	111	1165500
sample	prose_heavy	slob	lzma2	exact	112	1211541
sample	prose_heavy	slob	lzma2	exact	113	878083
sample	prose_heavy	slob	lzma2	exact	114	549041
sample	prose_heavy	slob	lzma2	exact	115	1383625
sample	prose_heavy	slob	lzma2	exact	116	1221708
sample	prose_heavy	slob	lzma2	exact	117	409375
sample	prose_heavy	slob	lzma2	exact	118	428833
sample	prose_heavy	slob	lzma2	exact	119	493667
sample	prose_heavy	slob	lzma2	exact	120	1857167
sample	prose_heavy	slob	lzma2	exact	121	981541
sample	prose_heavy	slob	lzma2	exact	122	473833
sample	prose_heavy	slob	lzma2	exact	123	414167
sample	prose_heavy	slob	lzma2	exact	124	1137500
sample	prose_heavy	slob	lzma2	exact	125	417875
sample	prose_heavy	slob	lzma2	exact	126	437458
sample	prose_heavy	slob	lzma2	exact	127	515083
sample	prose_heavy	slob	lzma2	exact	128	433083
sample	prose_heavy	slob	lzma2	exact	129	339625
sample	prose_heavy	slob	lzma2	exact	130	1143125
sample	prose_heavy	slob	lzma2	exact	131	1090291
sample	prose_heavy	slob	lzma2	exact	132	766542
sample	prose_heavy	slob	lzma2	exact	133	408667
sample	prose_heavy	slob	lzma2	exact	134	1269792
sample	prose_heavy	slob	lzma2	exact	135	485500
sample	prose_heavy	slob	lzma2	exact	136	430708
sample	prose_heavy	slob	lzma2	exact	137	336333
sample	prose_heavy	slob	lzma2	exact	138	423250
sample	prose_heavy	slob	lzma2	exact	139	1261834
sample	prose_heavy	slob	lzma2	exact	140	1317292
sample	prose_heavy	slob	lzma2	exact	141	405083
sample	prose_heavy	slob	lzma2	exact	142	425208
sample	prose_heavy	slob	lzma2	exact	143	1418792
sample	prose_heavy	slob	lzma2	exact	144	438125
sample	prose_heavy	slob	lzma2	exact	145	345417
sample	prose_heavy	slob	lzma2	exact	146	958125
sample	prose_heavy	slob	lzma2	exact	147	2328208
sample	prose_heavy	slob	lzma2	exact	148	1384959
sample	prose_heavy	slob	lzma2	exact	149	1054458
sample	prose_heavy	slob	lzma2	exact	150	2674416
sample	prose_heavy	slob	lzma2	exact	151	472916
sample	prose_heavy	slob	lzma2	exact	152	903625
sample	prose_heavy	slob	lzma2	exact	153	713500
sample	prose_heavy	slob	lzma2	exact	154	446042
sample	prose_heavy	slob	lzma2	exact	155	410750
sample	prose_heavy	slob	lzma2	exact	156	779667
sample	prose_heavy	slob	lzma2	exact	157	405042
sample	prose_heavy	slob	lzma2	exact	158	429750
sample	prose_heavy	slob	lzma2	exact	159	466625
sample	prose_heavy	slob	lzma2	exact	160	1056542
sample	prose_heavy	slob	lzma2	exact	161	1063209
sample	prose_heavy	slob	lzma2	exact	162	1181792
sample	prose_heavy	slob	lzma2	exact	163	1176833
sample	prose_heavy	slob	lzma2	exact	164	1863500
sample	prose_heavy	slob	lzma2	exact	165	421875
sample	prose_heavy	slob	lzma2	exact	166	439584
sample	prose_heavy	slob	lzma2	exact	167	2451083
sample	prose_heavy	slob	lzma2	exact	168	1280875
sample	prose_heavy	slob	lzma2	exact	169	2029583
sample	prose_heavy	slob	lzma2	exact	170	1832084
sample	prose_heavy	slob	lzma2	exact	171	1180542
sample	prose_heavy	slob	lzma2	exact	172	449333
sample	prose_heavy	slob	lzma2	exact	173	403041
sample	prose_heavy	slob	lzma2	exact	174	1662916
sample	prose_heavy	slob	lzma2	exact	175	463416
sample	prose_heavy	slob	lzma2	exact	176	643375
sample	prose_heavy	slob	lzma2	exact	177	919834
sample	prose_heavy	slob	lzma2	exact	178	1261709
sample	prose_heavy	slob	lzma2	exact	179	441417
sample	prose_heavy	slob	lzma2	exact	180	883875
sample	prose_heavy	slob	lzma2	exact	181	406917
sample	prose_heavy	slob	lzma2	exact	182	436458
sample	prose_heavy	slob	lzma2	exact	183	469208
sample	prose_heavy	slob	lzma2	exact	184	437083
sample	prose_heavy	slob	lzma2	exact	185	928583
sample	prose_heavy	slob	lzma2	exact	186	1105333
sample	prose_heavy	slob	lzma2	exact	187	1363958
sample	prose_heavy	slob	lzma2	exact	188	1412917
sample	prose_heavy	slob	lzma2	exact	189	416583
sample	prose_heavy	slob	lzma2	exact	190	429666
sample	prose_heavy	slob	lzma2	exact	191	465125
sample	prose_heavy	slob	lzma2	exact	192	1746625
sample	prose_heavy	slob	lzma2	exact	193	993792
sample	prose_heavy	slob	lzma2	exact	194	1691625
sample	prose_heavy	slob	lzma2	exact	195	1534875
sample	prose_heavy	slob	lzma2	exact	196	1352250
sample	prose_heavy	slob	lzma2	exact	197	2508959
sample	prose_heavy	slob	lzma2	exact	198	1289792
sample	prose_heavy	slob	lzma2	exact	199	3217167
sample	prose_heavy	slob	lzma2	exact	200	1374041
sample	prose_heavy	slob	lzma2	exact	201	1080333
sample	prose_heavy	slob	lzma2	exact	202	453792
sample	prose_heavy	slob	lzma2	exact	203	434417
sample	prose_heavy	slob	lzma2	exact	204	1191000
sample	prose_heavy	slob	lzma2	exact	205	796875
sample	prose_heavy	slob	lzma2	exact	206	1055583
sample	prose_heavy	slob	lzma2	exact	207	545083
sample	prose_heavy	slob	lzma2	exact	208	427375
sample	prose_heavy	slob	lzma2	exact	209	358458
sample	prose_heavy	slob	lzma2	exact	210	463416
sample	prose_heavy	slob	lzma2	exact	211	397667
sample	prose_heavy	slob	lzma2	exact	212	572458
sample	prose_heavy	slob	lzma2	exact	213	1444375
sample	prose_heavy	slob	lzma2	exact	214	449833
sample	prose_heavy	slob	lzma2	exact	215	465209
sample	prose_heavy	slob	lzma2	exact	216	972417
sample	prose_heavy	slob	lzma2	exact	217	346125
sample	prose_heavy	slob	lzma2	exact	218	855584
sample	prose_heavy	slob	lzma2	exact	219	445959
sample	prose_heavy	slob	lzma2	exact	220	1092833
sample	prose_heavy	slob	lzma2	exact	221	432416
sample	prose_heavy	slob	lzma2	exact	222	1031458
sample	prose_heavy	slob	lzma2	exact	223	3452083
sample	prose_heavy	slob	lzma2	exact	224	1039875
sample	prose_heavy	slob	lzma2	exact	225	355667
sample	prose_heavy	slob	lzma2	exact	226	432125
sample	prose_heavy	slob	lzma2	exact	227	1724666
sample	prose_heavy	slob	lzma2	exact	228	436042
sample	prose_heavy	slob	lzma2	exact	229	958042
sample	prose_heavy	slob	lzma2	exact	230	569583
sample	prose_heavy	slob	lzma2	exact	231	1114792
sample	prose_heavy	slob	lzma2	exact	232	1260083
sample	prose_heavy	slob	lzma2	exact	233	844125
sample	prose_heavy	slob	lzma2	exact	234	1110625
sample	prose_heavy	slob	lzma2	exact	235	1070834
sample	prose_heavy	slob	lzma2	exact	236	847875
sample	prose_heavy	slob	lzma2	exact	237	1021917
sample	prose_heavy	slob	lzma2	exact	238	829792
sample	prose_heavy	slob	lzma2	exact	239	1368625
sample	prose_heavy	slob	lzma2	exact	240	1457375
sample	prose_heavy	slob	lzma2	exact	241	958625
sample	prose_heavy	slob	lzma2	exact	242	1200417
sample	prose_heavy	slob	lzma2	exact	243	511000
sample	prose_heavy	slob	lzma2	exact	244	573625
sample	prose_heavy	slob	lzma2	exact	245	995500
sample	prose_heavy	slob	lzma2	exact	246	436584
sample	prose_heavy	slob	lzma2	exact	247	464750
sample	prose_heavy	slob	lzma2	exact	248	424959
sample	prose_heavy	slob	lzma2	exact	249	333500
sample	prose_heavy	slob	lzma2	exact	250	1226292
sample	prose_heavy	slob	lzma2	exact	251	1993291
sample	prose_heavy	slob	lzma2	exact	252	470584
sample	prose_heavy	slob	lzma2	exact	253	408792
sample	prose_heavy	slob	lzma2	exact	254	1405125
sample	prose_heavy	slob	lzma2	exact	255	484500
sample	prose_heavy	slob	lzma2	exact	256	1892416
sample	prose_heavy	slob	lzma2	exact	257	716083
sample	prose_heavy	slob	lzma2	exact	258	490916
sample	prose_heavy	slob	lzma2	exact	259	1305583
sample	prose_heavy	slob	lzma2	exact	260	1206542
sample	prose_heavy	slob	lzma2	exact	261	999375
sample	prose_heavy	slob	lzma2	exact	262	988084
sample	prose_heavy	slob	lzma2	exact	263	1077375
sample	prose_heavy	slob	lzma2	exact	264	745833
sample	prose_heavy	slob	lzma2	exact	265	590625
sample	prose_heavy	slob	lzma2	exact	266	1393500
sample	prose_heavy	slob	lzma2	exact	267	517417
sample	prose_heavy	slob	lzma2	exact	268	586250
sample	prose_heavy	slob	lzma2	exact	269	1203084
sample	prose_heavy	slob	lzma2	exact	270	1495667
sample	prose_heavy	slob	lzma2	exact	271	1147792
sample	prose_heavy	slob	lzma2	exact	272	441125
sample	prose_heavy	slob	lzma2	exact	273	338708
sample	prose_heavy	slob	lzma2	exact	274	537666
sample	prose_heavy	slob	lzma2	exact	275	721375
sample	prose_heavy	slob	lzma2	exact	276	913916
sample	prose_heavy	slob	lzma2	exact	277	2813625
sample	prose_heavy	slob	lzma2	exact	278	1276542
sample	prose_heavy	slob	lzma2	exact	279	2742250
sample	prose_heavy	slob	lzma2	exact	280	1307166
sample	prose_heavy	slob	lzma2	exact	281	880209
sample	prose_heavy	slob	lzma2	exact	282	816625
sample	prose_heavy	slob	lzma2	exact	283	403375
sample	prose_heavy	slob	lzma2	exact	284	538416
sample	prose_heavy	slob	lzma2	exact	285	1191208
sample	prose_heavy	slob	lzma2	exact	286	1038875
sample	prose_heavy	slob	lzma2	exact	287	465708
sample	prose_heavy	slob	lzma2	exact	288	459458
sample	prose_heavy	slob	lzma2	exact	289	333834
sample	prose_heavy	slob	lzma2	exact	290	918083
sample	prose_heavy	slob	lzma2	exact	291	722458
sample	prose_heavy	slob	lzma2	exact	292	428292
sample	prose_heavy	slob	lzma2	exact	293	394208
sample	prose_heavy	slob	lzma2	exact	294	419458
sample	prose_heavy	slob	lzma2	exact	295	483584
sample	prose_heavy	slob	lzma2	exact	296	658459
sample	prose_heavy	slob	lzma2	exact	297	889542
sample	prose_heavy	slob	lzma2	exact	298	446208
sample	prose_heavy	slob	lzma2	exact	299	497708
sample	prose_heavy	slob	lzma2	exact	300	1010209
sample	prose_heavy	slob	lzma2	exact	301	411042
sample	prose_heavy	slob	lzma2	exact	302	1898958
sample	prose_heavy	slob	lzma2	exact	303	482125
sample	prose_heavy	slob	lzma2	exact	304	429333
sample	prose_heavy	slob	lzma2	exact	305	336500
sample	prose_heavy	slob	lzma2	exact	306	659625
sample	prose_heavy	slob	lzma2	exact	307	411208
sample	prose_heavy	slob	lzma2	exact	308	1495833
sample	prose_heavy	slob	lzma2	exact	309	1921834
sample	prose_heavy	slob	lzma2	exact	310	677417
sample	prose_heavy	slob	lzma2	exact	311	696833
sample	prose_heavy	slob	lzma2	exact	312	431416
sample	prose_heavy	slob	lzma2	exact	313	339792
sample	prose_heavy	slob	lzma2	exact	314	434083
sample	prose_heavy	slob	lzma2	exact	315	399000
sample	prose_heavy	slob	lzma2	exact	316	2078125
sample	prose_heavy	slob	lzma2	exact	317	506708
sample	prose_heavy	slob	lzma2	exact	318	890416
sample	prose_heavy	slob	lzma2	exact	319	499583
sample	prose_heavy	slob	lzma2	exact	320	461459
sample	prose_heavy	slob	lzma2	exact	321	800125
sample	prose_heavy	slob	lzma2	exact	322	662625
sample	prose_heavy	slob	lzma2	exact	323	405083
sample	prose_heavy	slob	lzma2	exact	324	431083
sample	prose_heavy	slob	lzma2	exact	325	402625
sample	prose_heavy	slob	lzma2	exact	326	434166
sample	prose_heavy	slob	lzma2	exact	327	495416
sample	prose_heavy	slob	lzma2	exact	328	692584
sample	prose_heavy	slob	lzma2	exact	329	701833
sample	prose_heavy	slob	lzma2	exact	330	493459
sample	prose_heavy	slob	lzma2	exact	331	501334
sample	prose_heavy	slob	lzma2	exact	332	1127541
sample	prose_heavy	slob	lzma2	exact	333	408875
sample	prose_heavy	slob	lzma2	exact	334	1352583
sample	prose_heavy	slob	lzma2	exact	335	1469250
sample	prose_heavy	slob	lzma2	exact	336	433459
sample	prose_heavy	slob	lzma2	exact	337	347875
sample	prose_heavy	slob	lzma2	exact	338	426500
sample	prose_heavy	slob	lzma2	exact	339	398167
sample	prose_heavy	slob	lzma2	exact	340	427958
sample	prose_heavy	slob	lzma2	exact	341	399375
sample	prose_heavy	slob	lzma2	exact	342	946250
sample	prose_heavy	slob	lzma2	exact	343	1577958
sample	prose_heavy	slob	lzma2	exact	344	803084
sample	prose_heavy	slob	lzma2	exact	345	1348459
sample	prose_heavy	slob	lzma2	exact	346	536750
sample	prose_heavy	slob	lzma2	exact	347	1570875
sample	prose_heavy	slob	lzma2	exact	348	433917
sample	prose_heavy	slob	lzma2	exact	349	401375
sample	prose_heavy	slob	lzma2	exact	350	1114833
sample	prose_heavy	slob	lzma2	exact	351	644250
sample	prose_heavy	slob	lzma2	exact	352	431250
sample	prose_heavy	slob	lzma2	exact	353	340334
sample	prose_heavy	slob	lzma2	exact	354	717459
sample	prose_heavy	slob	lzma2	exact	355	904250
sample	prose_heavy	slob	lzma2	exact	356	642791
sample	prose_heavy	slob	lzma2	exact	357	406041
sample	prose_heavy	slob	lzma2	exact	358	430083
sample	prose_heavy	slob	lzma2	exact	359	492208
sample	prose_heavy	slob	lzma2	exact	360	745750
sample	prose_heavy	slob	lzma2	exact	361	625416
sample	prose_heavy	slob	lzma2	exact	362	433958
sample	prose_heavy	slob	lzma2	exact	363	405625
sample	prose_heavy	slob	lzma2	exact	364	495042
sample	prose_heavy	slob	lzma2	exact	365	442000
sample	prose_heavy	slob	lzma2	exact	366	431167
sample	prose_heavy	slob	lzma2	exact	367	463500
sample	prose_heavy	slob	lzma2	exact	368	427791
sample	prose_heavy	slob	lzma2	exact	369	1512583
sample	prose_heavy	slob	lzma2	exact	370	455875
sample	prose_heavy	slob	lzma2	exact	371	402375
sample	prose_heavy	slob	lzma2	exact	372	429083
sample	prose_heavy	slob	lzma2	exact	373	402084
sample	prose_heavy	slob	lzma2	exact	374	426709
sample	prose_heavy	slob	lzma2	exact	375	969875
sample	prose_heavy	slob	lzma2	exact	376	597625
sample	prose_heavy	slob	lzma2	exact	377	343208
sample	prose_heavy	slob	lzma2	exact	378	1095375
sample	prose_heavy	slob	lzma2	exact	379	428083
sample	prose_heavy	slob	lzma2	exact	380	528333
sample	prose_heavy	slob	lzma2	exact	381	1981542
sample	prose_heavy	slob	lzma2	exact	382	922166
sample	prose_heavy	slob	lzma2	exact	383	1300542
sample	prose_heavy	slob	lzma2	exact	384	555333
sample	prose_heavy	slob	lzma2	exact	385	357666
sample	prose_heavy	slob	lzma2	exact	386	2676209
sample	prose_heavy	slob	lzma2	exact	387	669583
sample	prose_heavy	slob	lzma2	exact	388	435042
sample	prose_heavy	slob	lzma2	exact	389	404250
sample	prose_heavy	slob	lzma2	exact	390	512625
sample	prose_heavy	slob	lzma2	exact	391	1088250
sample	prose_heavy	slob	lzma2	exact	392	431042
sample	prose_heavy	slob	lzma2	exact	393	340666
sample	prose_heavy	slob	lzma2	exact	394	429416
sample	prose_heavy	slob	lzma2	exact	395	405958
sample	prose_heavy	slob	lzma2	exact	396	433791
sample	prose_heavy	slob	lzma2	exact	397	817667
sample	prose_heavy	slob	lzma2	exact	398	1450125
sample	prose_heavy	slob	lzma2	exact	399	479667
sample	prose_heavy	slob	lzma2	exact	400	431959
sample	prose_heavy	slob	lzma2	exact	401	1325916
sample	prose_heavy	slob	lzma2	exact	402	951917
sample	prose_heavy	slob	lzma2	exact	403	848167
sample	prose_heavy	slob	lzma2	exact	404	1552083
sample	prose_heavy	slob	lzma2	exact	405	1370500
sample	prose_heavy	slob	lzma2	exact	406	3050500
sample	prose_heavy	slob	lzma2	exact	407	1292333
sample	prose_heavy	slob	lzma2	exact	408	762959
sample	prose_heavy	slob	lzma2	exact	409	342125
sample	prose_heavy	slob	lzma2	exact	410	2721000
sample	prose_heavy	slob	lzma2	exact	411	796250
sample	prose_heavy	slob	lzma2	exact	412	451416
sample	prose_heavy	slob	lzma2	exact	413	459750
sample	prose_heavy	slob	lzma2	exact	414	437375
sample	prose_heavy	slob	lzma2	exact	415	469583
sample	prose_heavy	slob	lzma2	exact	416	432042
sample	prose_heavy	slob	lzma2	exact	417	905083
sample	prose_heavy	slob	lzma2	exact	418	456417
sample	prose_heavy	slob	lzma2	exact	419	405166
sample	prose_heavy	slob	lzma2	exact	420	428458
sample	prose_heavy	slob	lzma2	exact	421	1297833
sample	prose_heavy	slob	lzma2	exact	422	439750
sample	prose_heavy	slob	lzma2	exact	423	666458
sample	prose_heavy	slob	lzma2	exact	424	431458
sample	prose_heavy	slob	lzma2	exact	425	338750
sample	prose_heavy	slob	lzma2	exact	426	484625
sample	prose_heavy	slob	lzma2	exact	427	1189625
sample	prose_heavy	slob	lzma2	exact	428	2007084
sample	prose_heavy	slob	lzma2	exact	429	587792
sample	prose_heavy	slob	lzma2	exact	430	430167
sample	prose_heavy	slob	lzma2	exact	431	511917
sample	prose_heavy	slob	lzma2	exact	432	927500
sample	prose_heavy	slob	lzma2	exact	433	398583
sample	prose_heavy	slob	lzma2	exact	434	611667
sample	prose_heavy	slob	lzma2	exact	435	400459
sample	prose_heavy	slob	lzma2	exact	436	627167
sample	prose_heavy	slob	lzma2	exact	437	478375
sample	prose_heavy	slob	lzma2	exact	438	427250
sample	prose_heavy	slob	lzma2	exact	439	1316292
sample	prose_heavy	slob	lzma2	exact	440	1742250
sample	prose_heavy	slob	lzma2	exact	441	997583
sample	prose_heavy	slob	lzma2	exact	442	436583
sample	prose_heavy	slob	lzma2	exact	443	405458
sample	prose_heavy	slob	lzma2	exact	444	429083
sample	prose_heavy	slob	lzma2	exact	445	400416
sample	prose_heavy	slob	lzma2	exact	446	471875
sample	prose_heavy	slob	lzma2	exact	447	2358333
sample	prose_heavy	slob	lzma2	exact	448	495875
sample	prose_heavy	slob	lzma2	exact	449	631667
sample	prose_heavy	slob	lzma2	exact	450	438042
sample	prose_heavy	slob	lzma2	exact	451	440292
sample	prose_heavy	slob	lzma2	exact	452	1199459
sample	prose_heavy	slob	lzma2	exact	453	1070625
sample	prose_heavy	slob	lzma2	exact	454	1042792
sample	prose_heavy	slob	lzma2	exact	455	1002208
sample	prose_heavy	slob	lzma2	exact	456	1083708
sample	prose_heavy	slob	lzma2	exact	457	1874667
sample	prose_heavy	slob	lzma2	exact	458	797292
sample	prose_heavy	slob	lzma2	exact	459	408000
sample	prose_heavy	slob	lzma2	exact	460	432416
sample	prose_heavy	slob	lzma2	exact	461	403666
sample	prose_heavy	slob	lzma2	exact	462	1069833
sample	prose_heavy	slob	lzma2	exact	463	1337667
sample	prose_heavy	slob	lzma2	exact	464	602375
sample	prose_heavy	slob	lzma2	exact	465	1092333
sample	prose_heavy	slob	lzma2	exact	466	1920584
sample	prose_heavy	slob	lzma2	exact	467	411041
sample	prose_heavy	slob	lzma2	exact	468	758084
sample	prose_heavy	slob	lzma2	exact	469	479167
sample	prose_heavy	slob	lzma2	exact	470	1790750
sample	prose_heavy	slob	lzma2	exact	471	685709
sample	prose_heavy	slob	lzma2	exact	472	428709
sample	prose_heavy	slob	lzma2	exact	473	339084
sample	prose_heavy	slob	lzma2	exact	474	426292
sample	prose_heavy	slob	lzma2	exact	475	536959
sample	prose_heavy	slob	lzma2	exact	476	433000
sample	prose_heavy	slob	lzma2	exact	477	484292
sample	prose_heavy	slob	lzma2	exact	478	645875
sample	prose_heavy	slob	lzma2	exact	479	1081958
sample	prose_heavy	slob	lzma2	exact	480	1115166
sample	prose_heavy	slob	lzma2	exact	481	957416
sample	prose_heavy	slob	lzma2	exact	482	1242542
sample	prose_heavy	slob	lzma2	exact	483	745125
sample	prose_heavy	slob	lzma2	exact	484	1098083
sample	prose_heavy	slob	lzma2	exact	485	941209
sample	prose_heavy	slob	lzma2	exact	486	439917
sample	prose_heavy	slob	lzma2	exact	487	1703875
sample	prose_heavy	slob	lzma2	exact	488	499125
sample	prose_heavy	slob	lzma2	exact	489	346167
sample	prose_heavy	slob	lzma2	exact	490	430208
sample	prose_heavy	slob	lzma2	exact	491	406041
sample	prose_heavy	slob	lzma2	exact	492	434000
sample	prose_heavy	slob	lzma2	exact	493	446750
sample	prose_heavy	slob	lzma2	exact	494	1128375
sample	prose_heavy	slob	lzma2	exact	495	1458291
sample	prose_heavy	slob	lzma2	exact	496	1102375
sample	prose_heavy	slob	lzma2	exact	497	382875
sample	prose_heavy	slob	lzma2	exact	498	1900084
sample	prose_heavy	slob	lzma2	exact	499	409625
sample	prose_heavy	slob	lzma2	exact	500	574916
sample	prose_heavy	slob	lzma2	exact	501	453125
sample	prose_heavy	slob	lzma2	exact	502	441708
sample	prose_heavy	slob	lzma2	exact	503	477583
sample	prose_heavy	slob	lzma2	exact	504	475792
sample	prose_heavy	slob	lzma2	exact	505	2172334
sample	prose_heavy	slob	lzma2	exact	506	450333
sample	prose_heavy	slob	lzma2	exact	507	1128459
sample	prose_heavy	slob	lzma2	exact	508	1258458
sample	prose_heavy	slob	lzma2	exact	509	460959
sample	prose_heavy	slob	lzma2	exact	510	466500
sample	prose_heavy	slob	lzma2	exact	511	472208
sample	prose_heavy	slob	lzma2	exact	512	1044583
sample	prose_heavy	slob	lzma2	exact	513	348792
sample	prose_heavy	slob	lzma2	exact	514	440375
sample	prose_heavy	slob	lzma2	exact	515	403250
sample	prose_heavy	slob	lzma2	exact	516	429166
sample	prose_heavy	slob	lzma2	exact	517	399625
sample	prose_heavy	slob	lzma2	exact	518	426792
sample	prose_heavy	slob	lzma2	exact	519	1777208
sample	prose_heavy	slob	lzma2	exact	520	1022292
sample	prose_heavy	slob	lzma2	exact	521	422042
sample	prose_heavy	slob	lzma2	exact	522	440500
sample	prose_heavy	slob	lzma2	exact	523	970750
sample	prose_heavy	slob	lzma2	exact	524	519292
sample	prose_heavy	slob	lzma2	exact	525	408208
sample	prose_heavy	slob	lzma2	exact	526	435958
sample	prose_heavy	slob	lzma2	exact	527	464875
sample	prose_heavy	slob	lzma2	exact	528	427375
sample	prose_heavy	slob	lzma2	exact	529	337250
sample	prose_heavy	slob	lzma2	exact	530	2661542
sample	prose_heavy	slob	lzma2	exact	531	579584
sample	prose_heavy	slob	lzma2	exact	532	498875
sample	prose_heavy	slob	lzma2	exact	533	404417
sample	prose_heavy	slob	lzma2	exact	534	1962958
sample	prose_heavy	slob	lzma2	exact	535	1199958
sample	prose_heavy	slob	lzma2	exact	536	710334
sample	prose_heavy	slob	lzma2	exact	537	621875
sample	prose_heavy	slob	lzma2	exact	538	428375
sample	prose_heavy	slob	lzma2	exact	539	585458
sample	prose_heavy	slob	lzma2	exact	540	431083
sample	prose_heavy	slob	lzma2	exact	541	642125
sample	prose_heavy	slob	lzma2	exact	542	846334
sample	prose_heavy	slob	lzma2	exact	543	473750
sample	prose_heavy	slob	lzma2	exact	544	758500
sample	prose_heavy	slob	lzma2	exact	545	1023625
sample	prose_heavy	slob	lzma2	exact	546	451541
sample	prose_heavy	slob	lzma2	exact	547	402125
sample	prose_heavy	slob	lzma2	exact	548	424209
sample	prose_heavy	slob	lzma2	exact	549	397042
sample	prose_heavy	slob	lzma2	exact	550	1175208
sample	prose_heavy	slob	lzma2	exact	551	1102166
sample	prose_heavy	slob	lzma2	exact	552	553292
sample	prose_heavy	slob	lzma2	exact	553	348334
sample	prose_heavy	slob	lzma2	exact	554	604667
sample	prose_heavy	slob	lzma2	exact	555	1242750
sample	prose_heavy	slob	lzma2	exact	556	999042
sample	prose_heavy	slob	lzma2	exact	557	950334
sample	prose_heavy	slob	lzma2	exact	558	708500
sample	prose_heavy	slob	lzma2	exact	559	1083792
sample	prose_heavy	slob	lzma2	exact	560	2365625
sample	prose_heavy	slob	lzma2	exact	561	494958
sample	prose_heavy	slob	lzma2	exact	562	434292
sample	prose_heavy	slob	lzma2	exact	563	404666
sample	prose_heavy	slob	lzma2	exact	564	427458
sample	prose_heavy	slob	lzma2	exact	565	403042
sample	prose_heavy	slob	lzma2	exact	566	2360541
sample	prose_heavy	slob	lzma2	exact	567	825875
sample	prose_heavy	slob	lzma2	exact	568	429417
sample	prose_heavy	slob	lzma2	exact	569	336792
sample	prose_heavy	slob	lzma2	exact	570	441500
sample	prose_heavy	slob	lzma2	exact	571	1146583
sample	prose_heavy	slob	lzma2	exact	572	435625
sample	prose_heavy	slob	lzma2	exact	573	401333
sample	prose_heavy	slob	lzma2	exact	574	428333
sample	prose_heavy	slob	lzma2	exact	575	462125
sample	prose_heavy	slob	lzma2	exact	576	516834
sample	prose_heavy	slob	lzma2	exact	577	357334
sample	prose_heavy	slob	lzma2	exact	578	515583
sample	prose_heavy	slob	lzma2	exact	579	1016125
sample	prose_heavy	slob	lzma2	exact	580	561500
sample	prose_heavy	slob	lzma2	exact	581	587083
sample	prose_heavy	slob	lzma2	exact	582	1010458
sample	prose_heavy	slob	lzma2	exact	583	951708
sample	prose_heavy	slob	lzma2	exact	584	456542
sample	prose_heavy	slob	lzma2	exact	585	338542
sample	prose_heavy	slob	lzma2	exact	586	430541
sample	prose_heavy	slob	lzma2	exact	587	794292
sample	prose_heavy	slob	lzma2	exact	588	509750
sample	prose_heavy	slob	lzma2	exact	589	400166
sample	prose_heavy	slob	lzma2	exact	590	427875
sample	prose_heavy	slob	lzma2	exact	591	462916
sample	prose_heavy	slob	lzma2	exact	592	422958
sample	prose_heavy	slob	lzma2	exact	593	399084
sample	prose_heavy	slob	lzma2	exact	594	1072125
sample	prose_heavy	slob	lzma2	exact	595	2092792
sample	prose_heavy	slob	lzma2	exact	596	446500
sample	prose_heavy	slob	lzma2	exact	597	407291
sample	prose_heavy	slob	lzma2	exact	598	558541
sample	prose_heavy	slob	lzma2	exact	599	463625
sample	prose_heavy	slob	lzma2	exact	600	2177375
sample	prose_heavy	slob	lzma2	exact	601	873834
sample	prose_heavy	slob	lzma2	exact	602	909958
sample	prose_heavy	slob	lzma2	exact	603	431625
sample	prose_heavy	slob	lzma2	exact	604	491791
sample	prose_heavy	slob	lzma2	exact	605	654583
sample	prose_heavy	slob	lzma2	exact	606	433458
sample	prose_heavy	slob	lzma2	exact	607	721250
sample	prose_heavy	slob	lzma2	exact	608	430000
sample	prose_heavy	slob	lzma2	exact	609	336292
sample	prose_heavy	slob	lzma2	exact	610	444209
sample	prose_heavy	slob	lzma2	exact	611	407125
sample	prose_heavy	slob	lzma2	exact	612	433167
sample	prose_heavy	slob	lzma2	exact	613	403875
sample	prose_heavy	slob	lzma2	exact	614	436459
sample	prose_heavy	slob	lzma2	exact	615	524750
sample	prose_heavy	slob	lzma2	exact	616	484250
sample	prose_heavy	slob	lzma2	exact	617	339708
sample	prose_heavy	slob	lzma2	exact	618	430166
sample	prose_heavy	slob	lzma2	exact	619	403000
sample	prose_heavy	slob	lzma2	exact	620	1265000
sample	prose_heavy	slob	lzma2	exact	621	406291
sample	prose_heavy	slob	lzma2	exact	622	1239959
sample	prose_heavy	slob	lzma2	exact	623	563667
sample	prose_heavy	slob	lzma2	exact	624	587542
sample	prose_heavy	slob	lzma2	exact	625	873583
sample	prose_heavy	slob	lzma2	exact	626	2052125
sample	prose_heavy	slob	lzma2	exact	627	413833
sample	prose_heavy	slob	lzma2	exact	628	536708
sample	prose_heavy	slob	lzma2	exact	629	894291
sample	prose_heavy	slob	lzma2	exact	630	1030583
sample	prose_heavy	slob	lzma2	exact	631	693458
sample	prose_heavy	slob	lzma2	exact	632	2279709
sample	prose_heavy	slob	lzma2	exact	633	344417
sample	prose_heavy	slob	lzma2	exact	634	808625
sample	prose_heavy	slob	lzma2	exact	635	413250
sample	prose_heavy	slob	lzma2	exact	636	431917
sample	prose_heavy	slob	lzma2	exact	637	417875
sample	prose_heavy	slob	lzma2	exact	638	892958
sample	prose_heavy	slob	lzma2	exact	639	1161583
sample	prose_heavy	slob	lzma2	exact	640	1153459
sample	prose_heavy	slob	lzma2	exact	641	1031709
sample	prose_heavy	slob	lzma2	exact	642	1205875
sample	prose_heavy	slob	lzma2	exact	643	414750
sample	prose_heavy	slob	lzma2	exact	644	1477791
sample	prose_heavy	slob	lzma2	exact	645	468917
sample	prose_heavy	slob	lzma2	exact	646	817042
sample	prose_heavy	slob	lzma2	exact	647	1880875
sample	prose_heavy	slob	lzma2	exact	648	1271792
sample	prose_heavy	slob	lzma2	exact	649	511625
sample	prose_heavy	slob	lzma2	exact	650	1120041
sample	prose_heavy	slob	lzma2	exact	651	410333
sample	prose_heavy	slob	lzma2	exact	652	432833
sample	prose_heavy	slob	lzma2	exact	653	402750
sample	prose_heavy	slob	lzma2	exact	654	431208
sample	prose_heavy	slob	lzma2	exact	655	1089792
sample	prose_heavy	slob	lzma2	exact	656	1845291
sample	prose_heavy	slob	lzma2	exact	657	341209
sample	prose_heavy	slob	lzma2	exact	658	453667
sample	prose_heavy	slob	lzma2	exact	659	410083
sample	prose_heavy	slob	lzma2	exact	660	432291
sample	prose_heavy	slob	lzma2	exact	661	405959
sample	prose_heavy	slob	lzma2	exact	662	1754834
sample	prose_heavy	slob	lzma2	exact	663	474583
sample	prose_heavy	slob	lzma2	exact	664	431792
sample	prose_heavy	slob	lzma2	exact	665	338458
sample	prose_heavy	slob	lzma2	exact	666	430958
sample	prose_heavy	slob	lzma2	exact	667	573750
sample	prose_heavy	slob	lzma2	exact	668	795334
sample	prose_heavy	slob	lzma2	exact	669	663958
sample	prose_heavy	slob	lzma2	exact	670	670541
sample	prose_heavy	slob	lzma2	exact	671	976708
sample	prose_heavy	slob	lzma2	exact	672	448542
sample	prose_heavy	slob	lzma2	exact	673	892666
sample	prose_heavy	slob	lzma2	exact	674	436625
sample	prose_heavy	slob	lzma2	exact	675	1155125
sample	prose_heavy	slob	lzma2	exact	676	760791
sample	prose_heavy	slob	lzma2	exact	677	412917
sample	prose_heavy	slob	lzma2	exact	678	432417
sample	prose_heavy	slob	lzma2	exact	679	467083
sample	prose_heavy	slob	lzma2	exact	680	431667
sample	prose_heavy	slob	lzma2	exact	681	396334
sample	prose_heavy	slob	lzma2	exact	682	1450334
sample	prose_heavy	slob	lzma2	exact	683	774584
sample	prose_heavy	slob	lzma2	exact	684	1173708
sample	prose_heavy	slob	lzma2	exact	685	1920500
sample	prose_heavy	slob	lzma2	exact	686	1455958
sample	prose_heavy	slob	lzma2	exact	687	1100167
sample	prose_heavy	slob	lzma2	exact	688	2568667
sample	prose_heavy	slob	lzma2	exact	689	372333
sample	prose_heavy	slob	lzma2	exact	690	442958
sample	prose_heavy	slob	lzma2	exact	691	407333
sample	prose_heavy	slob	lzma2	exact	692	1186000
sample	prose_heavy	slob	lzma2	exact	693	2154625
sample	prose_heavy	slob	lzma2	exact	694	1016500
sample	prose_heavy	slob	lzma2	exact	695	724875
sample	prose_heavy	slob	lzma2	exact	696	428958
sample	prose_heavy	slob	lzma2	exact	697	333833
sample	prose_heavy	slob	lzma2	exact	698	421042
sample	prose_heavy	slob	lzma2	exact	699	714459
sample	prose_heavy	slob	lzma2	exact	700	441000
sample	prose_heavy	slob	lzma2	exact	701	408042
sample	prose_heavy	slob	lzma2	exact	702	462458
sample	prose_heavy	slob	lzma2	exact	703	468458
sample	prose_heavy	slob	lzma2	exact	704	431125
sample	prose_heavy	slob	lzma2	exact	705	343625
sample	prose_heavy	slob	lzma2	exact	706	433916
sample	prose_heavy	slob	lzma2	exact	707	551500
sample	prose_heavy	slob	lzma2	exact	708	434250
sample	prose_heavy	slob	lzma2	exact	709	421000
sample	prose_heavy	slob	lzma2	exact	710	671916
sample	prose_heavy	slob	lzma2	exact	711	1815459
sample	prose_heavy	slob	lzma2	exact	712	935000
sample	prose_heavy	slob	lzma2	exact	713	731250
sample	prose_heavy	slob	lzma2	exact	714	461125
sample	prose_heavy	slob	lzma2	exact	715	1055500
sample	prose_heavy	slob	lzma2	exact	716	1154542
sample	prose_heavy	slob	lzma2	exact	717	404584
sample	prose_heavy	slob	lzma2	exact	718	475875
sample	prose_heavy	slob	lzma2	exact	719	467250
sample	prose_heavy	slob	lzma2	exact	720	1636666
sample	prose_heavy	slob	lzma2	exact	721	984375
sample	prose_heavy	slob	lzma2	exact	722	769000
sample	prose_heavy	slob	lzma2	exact	723	409167
sample	prose_heavy	slob	lzma2	exact	724	434542
sample	prose_heavy	slob	lzma2	exact	725	1785584
sample	prose_heavy	slob	lzma2	exact	726	442917
sample	prose_heavy	slob	lzma2	exact	727	749625
sample	prose_heavy	slob	lzma2	exact	728	1295583
sample	prose_heavy	slob	lzma2	exact	729	433000
sample	prose_heavy	slob	lzma2	exact	730	432833
sample	prose_heavy	slob	lzma2	exact	731	408708
sample	prose_heavy	slob	lzma2	exact	732	448459
sample	prose_heavy	slob	lzma2	exact	733	1114292
sample	prose_heavy	slob	lzma2	exact	734	538958
sample	prose_heavy	slob	lzma2	exact	735	473458
sample	prose_heavy	slob	lzma2	exact	736	964875
sample	prose_heavy	slob	lzma2	exact	737	480334
sample	prose_heavy	slob	lzma2	exact	738	1184083
sample	prose_heavy	slob	lzma2	exact	739	407875
sample	prose_heavy	slob	lzma2	exact	740	718875
sample	prose_heavy	slob	lzma2	exact	741	403542
sample	prose_heavy	slob	lzma2	exact	742	436333
sample	prose_heavy	slob	lzma2	exact	743	466625
sample	prose_heavy	slob	lzma2	exact	744	1444959
sample	prose_heavy	slob	lzma2	exact	745	911833
sample	prose_heavy	slob	lzma2	exact	746	1152000
sample	prose_heavy	slob	lzma2	exact	747	1079667
sample	prose_heavy	slob	lzma2	exact	748	914250
sample	prose_heavy	slob	lzma2	exact	749	1022500
sample	prose_heavy	slob	lzma2	exact	750	1826750
sample	prose_heavy	slob	lzma2	exact	751	1793250
sample	prose_heavy	slob	lzma2	exact	752	428458
sample	prose_heavy	slob	lzma2	exact	753	439292
sample	prose_heavy	slob	lzma2	exact	754	431042
sample	prose_heavy	slob	lzma2	exact	755	874833
sample	prose_heavy	slob	lzma2	exact	756	554208
sample	prose_heavy	slob	lzma2	exact	757	1689625
sample	prose_heavy	slob	lzma2	exact	758	440000
sample	prose_heavy	slob	lzma2	exact	759	469250
sample	prose_heavy	slob	lzma2	exact	760	1163250
sample	prose_heavy	slob	lzma2	exact	761	792042
sample	prose_heavy	slob	lzma2	exact	762	704792
sample	prose_heavy	slob	lzma2	exact	763	491375
sample	prose_heavy	slob	lzma2	exact	764	656208
sample	prose_heavy	slob	lzma2	exact	765	403291
sample	prose_heavy	slob	lzma2	exact	766	430167
sample	prose_heavy	slob	lzma2	exact	767	463208
sample	prose_heavy	slob	lzma2	exact	768	427375
sample	prose_heavy	slob	lzma2	exact	769	337500
sample	prose_heavy	slob	lzma2	exact	770	426208
sample	prose_heavy	slob	lzma2	exact	771	596167
sample	prose_heavy	slob	lzma2	exact	772	1110792
sample	prose_heavy	slob	lzma2	exact	773	1467791
sample	prose_heavy	slob	lzma2	exact	774	454833
sample	prose_heavy	slob	lzma2	exact	775	469292
sample	prose_heavy	slob	lzma2	exact	776	451583
sample	prose_heavy	slob	lzma2	exact	777	361208
sample	prose_heavy	slob	lzma2	exact	778	1363834
sample	prose_heavy	slob	lzma2	exact	779	411000
sample	prose_heavy	slob	lzma2	exact	780	522167
sample	prose_heavy	slob	lzma2	exact	781	421125
sample	prose_heavy	slob	lzma2	exact	782	539625
sample	prose_heavy	slob	lzma2	exact	783	474667
sample	prose_heavy	slob	lzma2	exact	784	1116000
sample	prose_heavy	slob	lzma2	exact	785	344125
sample	prose_heavy	slob	lzma2	exact	786	461833
sample	prose_heavy	slob	lzma2	exact	787	402791
sample	prose_heavy	slob	lzma2	exact	788	428541
sample	prose_heavy	slob	lzma2	exact	789	1049709
sample	prose_heavy	slob	lzma2	exact	790	433667
sample	prose_heavy	slob	lzma2	exact	791	1690084
sample	prose_heavy	slob	lzma2	exact	792	438209
sample	prose_heavy	slob	lzma2	exact	793	339042
sample	prose_heavy	slob	lzma2	exact	794	574709
sample	prose_heavy	slob	lzma2	exact	795	1079708
sample	prose_heavy	slob	lzma2	exact	796	635958
sample	prose_heavy	slob	lzma2	exact	797	748375
sample	prose_heavy	slob	lzma2	exact	798	438750
sample	prose_heavy	slob	lzma2	exact	799	967834
sample	prose_heavy	slob	lzma2	exact	800	439958
sample	prose_heavy	slob	lzma2	exact	801	340458
sample	prose_heavy	slob	lzma2	exact	802	429250
sample	prose_heavy	slob	lzma2	exact	803	399000
sample	prose_heavy	slob	lzma2	exact	804	427833
sample	prose_heavy	slob	lzma2	exact	805	559834
sample	prose_heavy	slob	lzma2	exact	806	1177333
sample	prose_heavy	slob	lzma2	exact	807	1180000
sample	prose_heavy	slob	lzma2	exact	808	737917
sample	prose_heavy	slob	lzma2	exact	809	362125
sample	prose_heavy	slob	lzma2	exact	810	626083
sample	prose_heavy	slob	lzma2	exact	811	1538708
sample	prose_heavy	slob	lzma2	exact	812	966500
sample	prose_heavy	slob	lzma2	exact	813	1124625
sample	prose_heavy	slob	lzma2	exact	814	949292
sample	prose_heavy	slob	lzma2	exact	815	701542
sample	prose_heavy	slob	lzma2	exact	816	1293000
sample	prose_heavy	slob	lzma2	exact	817	360333
sample	prose_heavy	slob	lzma2	exact	818	784083
sample	prose_heavy	slob	lzma2	exact	819	427125
sample	prose_heavy	slob	lzma2	exact	820	436167
sample	prose_heavy	slob	lzma2	exact	821	406083
sample	prose_heavy	slob	lzma2	exact	822	1670542
sample	prose_heavy	slob	lzma2	exact	823	518083
sample	prose_heavy	slob	lzma2	exact	824	435333
sample	prose_heavy	slob	lzma2	exact	825	341792
sample	prose_heavy	slob	lzma2	exact	826	431375
sample	prose_heavy	slob	lzma2	exact	827	420041
sample	prose_heavy	slob	lzma2	exact	828	430917
sample	prose_heavy	slob	lzma2	exact	829	2529958
sample	prose_heavy	slob	lzma2	exact	830	545333
sample	prose_heavy	slob	lzma2	exact	831	468875
sample	prose_heavy	slob	lzma2	exact	832	485667
sample	prose_heavy	slob	lzma2	exact	833	339291
sample	prose_heavy	slob	lzma2	exact	834	431500
sample	prose_heavy	slob	lzma2	exact	835	491167
sample	prose_heavy	slob	lzma2	exact	836	1088959
sample	prose_heavy	slob	lzma2	exact	837	848834
sample	prose_heavy	slob	lzma2	exact	838	436500
sample	prose_heavy	slob	lzma2	exact	839	2021625
sample	prose_heavy	slob	lzma2	exact	840	1155375
sample	prose_heavy	slob	lzma2	exact	841	426875
sample	prose_heavy	slob	lzma2	exact	842	955083
sample	prose_heavy	slob	lzma2	exact	843	1382084
sample	prose_heavy	slob	lzma2	exact	844	442042
sample	prose_heavy	slob	lzma2	exact	845	773291
sample	prose_heavy	slob	lzma2	exact	846	802083
sample	prose_heavy	slob	lzma2	exact	847	465166
sample	prose_heavy	slob	lzma2	exact	848	428667
sample	prose_heavy	slob	lzma2	exact	849	337500
sample	prose_heavy	slob	lzma2	exact	850	444500
sample	prose_heavy	slob	lzma2	exact	851	940541
sample	prose_heavy	slob	lzma2	exact	852	443917
sample	prose_heavy	slob	lzma2	exact	853	402500
sample	prose_heavy	slob	lzma2	exact	854	430833
sample	prose_heavy	slob	lzma2	exact	855	464209
sample	prose_heavy	slob	lzma2	exact	856	431375
sample	prose_heavy	slob	lzma2	exact	857	334916
sample	prose_heavy	slob	lzma2	exact	858	425708
sample	prose_heavy	slob	lzma2	exact	859	2560958
sample	prose_heavy	slob	lzma2	exact	860	458791
sample	prose_heavy	slob	lzma2	exact	861	408291
sample	prose_heavy	slob	lzma2	exact	862	491292
sample	prose_heavy	slob	lzma2	exact	863	465833
sample	prose_heavy	slob	lzma2	exact	864	1993666
sample	prose_heavy	slob	lzma2	exact	865	854500
sample	prose_heavy	slob	lzma2	exact	866	455291
sample	prose_heavy	slob	lzma2	exact	867	1070834
sample	prose_heavy	slob	lzma2	exact	868	682375
sample	prose_heavy	slob	lzma2	exact	869	405792
sample	prose_heavy	slob	lzma2	exact	870	825917
sample	prose_heavy	slob	lzma2	exact	871	1028125
sample	prose_heavy	slob	lzma2	exact	872	444792
sample	prose_heavy	slob	lzma2	exact	873	339875
sample	prose_heavy	slob	lzma2	exact	874	428916
sample	prose_heavy	slob	lzma2	exact	875	461792
sample	prose_heavy	slob	lzma2	exact	876	619084
sample	prose_heavy	slob	lzma2	exact	877	403250
sample	prose_heavy	slob	lzma2	exact	878	425334
sample	prose_heavy	slob	lzma2	exact	879	459458
sample	prose_heavy	slob	lzma2	exact	880	812333
sample	prose_heavy	slob	lzma2	exact	881	786917
sample	prose_heavy	slob	lzma2	exact	882	435541
sample	prose_heavy	slob	lzma2	exact	883	410167
sample	prose_heavy	slob	lzma2	exact	884	1666000
sample	prose_heavy	slob	lzma2	exact	885	1015792
sample	prose_heavy	slob	lzma2	exact	886	538666
sample	prose_heavy	slob	lzma2	exact	887	938750
sample	prose_heavy	slob	lzma2	exact	888	438667
sample	prose_heavy	slob	lzma2	exact	889	866750
sample	prose_heavy	slob	lzma2	exact	890	462875
sample	prose_heavy	slob	lzma2	exact	891	408750
sample	prose_heavy	slob	lzma2	exact	892	427459
sample	prose_heavy	slob	lzma2	exact	893	565041
sample	prose_heavy	slob	lzma2	exact	894	1679209
sample	prose_heavy	slob	lzma2	exact	895	1495917
sample	prose_heavy	slob	lzma2	exact	896	527541
sample	prose_heavy	slob	lzma2	exact	897	759916
sample	prose_heavy	slob	lzma2	exact	898	2748209
sample	prose_heavy	slob	lzma2	exact	899	617625
sample	prose_heavy	slob	lzma2	exact	900	436416
sample	prose_heavy	slob	lzma2	exact	901	443209
sample	prose_heavy	slob	lzma2	exact	902	1314791
sample	prose_heavy	slob	lzma2	exact	903	1234292
sample	prose_heavy	slob	lzma2	exact	904	435542
sample	prose_heavy	slob	lzma2	exact	905	342666
sample	prose_heavy	slob	lzma2	exact	906	430000
sample	prose_heavy	slob	lzma2	exact	907	405250
sample	prose_heavy	slob	lzma2	exact	908	435416
sample	prose_heavy	slob	lzma2	exact	909	559208
sample	prose_heavy	slob	lzma2	exact	910	1003208
sample	prose_heavy	slob	lzma2	exact	911	493334
sample	prose_heavy	slob	lzma2	exact	912	1467333
sample	prose_heavy	slob	lzma2	exact	913	362000
sample	prose_heavy	slob	lzma2	exact	914	434250
sample	prose_heavy	slob	lzma2	exact	915	403458
sample	prose_heavy	slob	lzma2	exact	916	1071333
sample	prose_heavy	slob	lzma2	exact	917	1291625
sample	prose_heavy	slob	lzma2	exact	918	750459
sample	prose_heavy	slob	lzma2	exact	919	3424500
sample	prose_heavy	slob	lzma2	exact	920	1335958
sample	prose_heavy	slob	lzma2	exact	921	349291
sample	prose_heavy	slob	lzma2	exact	922	433042
sample	prose_heavy	slob	lzma2	exact	923	405084
sample	prose_heavy	slob	lzma2	exact	924	1852000
sample	prose_heavy	slob	lzma2	exact	925	871875
sample	prose_heavy	slob	lzma2	exact	926	788917
sample	prose_heavy	slob	lzma2	exact	927	644583
sample	prose_heavy	slob	lzma2	exact	928	435292
sample	prose_heavy	slob	lzma2	exact	929	341042
sample	prose_heavy	slob	lzma2	exact	930	427417
sample	prose_heavy	slob	lzma2	exact	931	622958
sample	prose_heavy	slob	lzma2	exact	932	942750
sample	prose_heavy	slob	lzma2	exact	933	414625
sample	prose_heavy	slob	lzma2	exact	934	434250
sample	prose_heavy	slob	lzma2	exact	935	781625
sample	prose_heavy	slob	lzma2	exact	936	441583
sample	prose_heavy	slob	lzma2	exact	937	340375
sample	prose_heavy	slob	lzma2	exact	938	430292
sample	prose_heavy	slob	lzma2	exact	939	411125
sample	prose_heavy	slob	lzma2	exact	940	432708
sample	prose_heavy	slob	lzma2	exact	941	889000
sample	prose_heavy	slob	lzma2	exact	942	1024292
sample	prose_heavy	slob	lzma2	exact	943	465833
sample	prose_heavy	slob	lzma2	exact	944	1101417
sample	prose_heavy	slob	lzma2	exact	945	812750
sample	prose_heavy	slob	lzma2	exact	946	1162333
sample	prose_heavy	slob	lzma2	exact	947	808000
sample	prose_heavy	slob	lzma2	exact	948	435291
sample	prose_heavy	slob	lzma2	exact	949	403083
sample	prose_heavy	slob	lzma2	exact	950	2044917
sample	prose_heavy	slob	lzma2	exact	951	591125
sample	prose_heavy	slob	lzma2	exact	952	855333
sample	prose_heavy	slob	lzma2	exact	953	646250
sample	prose_heavy	slob	lzma2	exact	954	1524666
sample	prose_heavy	slob	lzma2	exact	955	2721834
sample	prose_heavy	slob	lzma2	exact	956	651292
sample	prose_heavy	slob	lzma2	exact	957	479459
sample	prose_heavy	slob	lzma2	exact	958	822833
sample	prose_heavy	slob	lzma2	exact	959	2372666
sample	prose_heavy	slob	lzma2	exact	960	434750
sample	prose_heavy	slob	lzma2	exact	961	789000
sample	prose_heavy	slob	lzma2	exact	962	463000
sample	prose_heavy	slob	lzma2	exact	963	406625
sample	prose_heavy	slob	lzma2	exact	964	433667
sample	prose_heavy	slob	lzma2	exact	965	420542
sample	prose_heavy	slob	lzma2	exact	966	433333
sample	prose_heavy	slob	lzma2	exact	967	983333
sample	prose_heavy	slob	lzma2	exact	968	1528417
sample	prose_heavy	slob	lzma2	exact	969	916583
sample	prose_heavy	slob	lzma2	exact	970	680333
sample	prose_heavy	slob	lzma2	exact	971	789375
sample	prose_heavy	slob	lzma2	exact	972	1892958
sample	prose_heavy	slob	lzma2	exact	973	1141208
sample	prose_heavy	slob	lzma2	exact	974	1614333
sample	prose_heavy	slob	lzma2	exact	975	875250
sample	prose_heavy	slob	lzma2	exact	976	439458
sample	prose_heavy	slob	lzma2	exact	977	340250
sample	prose_heavy	slob	lzma2	exact	978	2303083
sample	prose_heavy	slob	lzma2	exact	979	934333
sample	prose_heavy	slob	lzma2	exact	980	1554250
sample	prose_heavy	slob	lzma2	exact	981	2187417
sample	prose_heavy	slob	lzma2	exact	982	439750
sample	prose_heavy	slob	lzma2	exact	983	1185959
sample	prose_heavy	slob	lzma2	exact	984	641750
sample	prose_heavy	slob	lzma2	exact	985	353791
sample	prose_heavy	slob	lzma2	exact	986	900333
sample	prose_heavy	slob	lzma2	exact	987	633625
sample	prose_heavy	slob	lzma2	exact	988	1612833
sample	prose_heavy	slob	lzma2	exact	989	1088291
sample	prose_heavy	slob	lzma2	exact	990	435750
sample	prose_heavy	slob	lzma2	exact	991	487209
sample	prose_heavy	slob	lzma2	exact	992	787333
sample	prose_heavy	slob	lzma2	exact	993	918375
sample	prose_heavy	slob	lzma2	exact	994	1479250
sample	prose_heavy	slob	lzma2	exact	995	1602417
sample	prose_heavy	slob	lzma2	exact	996	455166
sample	prose_heavy	slob	lzma2	exact	997	920542
sample	prose_heavy	slob	lzma2	exact	998	2225458
sample	prose_heavy	slob	lzma2	exact	999	608250
sample	prose_heavy	slob	lzma2	prefix	0	3555208
sample	prose_heavy	slob	lzma2	prefix	1	902875
sample	prose_heavy	slob	lzma2	prefix	2	53891250
sample	prose_heavy	slob	lzma2	prefix	3	62746542
sample	prose_heavy	slob	lzma2	prefix	4	1724333
sample	prose_heavy	slob	lzma2	prefix	5	842750
sample	prose_heavy	slob	lzma2	prefix	6	54145416
sample	prose_heavy	slob	lzma2	prefix	7	53739083
sample	prose_heavy	slob	lzma2	prefix	8	940750
sample	prose_heavy	slob	lzma2	prefix	9	874042
sample	prose_heavy	slob	lzma2	prefix	10	53050583
sample	prose_heavy	slob	lzma2	prefix	11	57356250
sample	prose_heavy	slob	lzma2	prefix	12	900333
sample	prose_heavy	slob	lzma2	prefix	13	2993208
sample	prose_heavy	slob	lzma2	prefix	14	50982375
sample	prose_heavy	slob	lzma2	prefix	15	53915583
sample	prose_heavy	slob	lzma2	prefix	16	1087667
sample	prose_heavy	slob	lzma2	prefix	17	1513458
sample	prose_heavy	slob	lzma2	prefix	18	54261084
sample	prose_heavy	slob	lzma2	prefix	19	61001291
sample	prose_heavy	slob	lzma2	prefix	20	1572458
sample	prose_heavy	slob	lzma2	prefix	21	893666
sample	prose_heavy	slob	lzma2	prefix	22	55823958
sample	prose_heavy	slob	lzma2	prefix	23	52872375
sample	prose_heavy	slob	lzma2	prefix	24	764459
sample	prose_heavy	slob	lzma2	prefix	25	877916
sample	prose_heavy	slob	lzma2	prefix	26	57006000
sample	prose_heavy	slob	lzma2	prefix	27	61009959
sample	prose_heavy	slob	lzma2	prefix	28	1024375
sample	prose_heavy	slob	lzma2	prefix	29	1244375
sample	prose_heavy	slob	lzma2	prefix	30	53729959
sample	prose_heavy	slob	lzma2	prefix	31	49259917
sample	prose_heavy	slob	lzma2	prefix	32	1724625
sample	prose_heavy	slob	lzma2	prefix	33	2278500
sample	prose_heavy	slob	lzma2	prefix	34	57019541
sample	prose_heavy	slob	lzma2	prefix	35	60009375
sample	prose_heavy	slob	lzma2	prefix	36	2644125
sample	prose_heavy	slob	lzma2	prefix	37	818125
sample	prose_heavy	slob	lzma2	prefix	38	54036375
sample	prose_heavy	slob	lzma2	prefix	39	55049292
sample	prose_heavy	slob	lzma2	prefix	40	2101625
sample	prose_heavy	slob	lzma2	prefix	41	882083
sample	prose_heavy	slob	lzma2	prefix	42	60305333
sample	prose_heavy	slob	lzma2	prefix	43	54769125
sample	prose_heavy	slob	lzma2	prefix	44	1117167
sample	prose_heavy	slob	lzma2	prefix	45	2359458
sample	prose_heavy	slob	lzma2	prefix	46	57730875
sample	prose_heavy	slob	lzma2	prefix	47	63779833
sample	prose_heavy	slob	lzma2	prefix	48	1762166
sample	prose_heavy	slob	lzma2	prefix	49	2000292
sample	prose_heavy	slob	lzma2	prefix	50	63646708
sample	prose_heavy	slob	lzma2	prefix	51	47282541
sample	prose_heavy	slob	lzma2	prefix	52	1965000
sample	prose_heavy	slob	lzma2	prefix	53	824083
sample	prose_heavy	slob	lzma2	prefix	54	67378625
sample	prose_heavy	slob	lzma2	prefix	55	69679750
sample	prose_heavy	slob	lzma2	prefix	56	1016208
sample	prose_heavy	slob	lzma2	prefix	57	954584
sample	prose_heavy	slob	lzma2	prefix	58	63227625
sample	prose_heavy	slob	lzma2	prefix	59	57363709
sample	prose_heavy	slob	lzma2	prefix	60	2833875
sample	prose_heavy	slob	lzma2	prefix	61	1988458
sample	prose_heavy	slob	lzma2	prefix	62	70637750
sample	prose_heavy	slob	lzma2	prefix	63	62874083
sample	prose_heavy	slob	lzma2	prefix	64	1607166
sample	prose_heavy	slob	lzma2	prefix	65	1696458
sample	prose_heavy	slob	lzma2	prefix	66	61432500
sample	prose_heavy	slob	lzma2	prefix	67	62123958
sample	prose_heavy	slob	lzma2	prefix	68	1405792
sample	prose_heavy	slob	lzma2	prefix	69	1707083
sample	prose_heavy	slob	lzma2	prefix	70	66688084
sample	prose_heavy	slob	lzma2	prefix	71	69441625
sample	prose_heavy	slob	lzma2	prefix	72	1570083
sample	prose_heavy	slob	lzma2	prefix	73	1354958
sample	prose_heavy	slob	lzma2	prefix	74	72469583
sample	prose_heavy	slob	lzma2	prefix	75	62617084
sample	prose_heavy	slob	lzma2	prefix	76	2118500
sample	prose_heavy	slob	lzma2	prefix	77	825458
sample	prose_heavy	slob	lzma2	prefix	78	72100541
sample	prose_heavy	slob	lzma2	prefix	79	57114958
sample	prose_heavy	slob	lzma2	prefix	80	1815875
sample	prose_heavy	slob	lzma2	prefix	81	2654542
sample	prose_heavy	slob	lzma2	prefix	82	55747791
sample	prose_heavy	slob	lzma2	prefix	83	56184667
sample	prose_heavy	slob	lzma2	prefix	84	3850625
sample	prose_heavy	slob	lzma2	prefix	85	2838750
sample	prose_heavy	slob	lzma2	prefix	86	82196583
sample	prose_heavy	slob	lzma2	prefix	87	69074458
sample	prose_heavy	slob	lzma2	prefix	88	761667
sample	prose_heavy	slob	lzma2	prefix	89	883458
sample	prose_heavy	slob	lzma2	prefix	90	56341125
sample	prose_heavy	slob	lzma2	prefix	91	61483375
sample	prose_heavy	slob	lzma2	prefix	92	930084
sample	prose_heavy	slob	lzma2	prefix	93	3271042
sample	prose_heavy	slob	lzma2	prefix	94	59953583
sample	prose_heavy	slob	lzma2	prefix	95	54239625
sample	prose_heavy	slob	lzma2	prefix	96	746542
sample	prose_heavy	slob	lzma2	prefix	97	1417667
sample	prose_heavy	slob	lzma2	prefix	98	57215334
sample	prose_heavy	slob	lzma2	prefix	99	62728083
sample	prose_heavy	slob	lzma2	prefix	100	1205208
sample	prose_heavy	slob	lzma2	prefix	101	875417
sample	prose_heavy	slob	lzma2	prefix	102	59979333
sample	prose_heavy	slob	lzma2	prefix	103	54151042
sample	prose_heavy	slob	lzma2	prefix	104	1315542
sample	prose_heavy	slob	lzma2	prefix	105	1256875
sample	prose_heavy	slob	lzma2	prefix	106	53732542
sample	prose_heavy	slob	lzma2	prefix	107	62164250
sample	prose_heavy	slob	lzma2	prefix	108	3903125
sample	prose_heavy	slob	lzma2	prefix	109	2645125
sample	prose_heavy	slob	lzma2	prefix	110	49496875
sample	prose_heavy	slob	lzma2	prefix	111	51127166
sample	prose_heavy	slob	lzma2	prefix	112	767375
sample	prose_heavy	slob	lzma2	prefix	113	2614458
sample	prose_heavy	slob	lzma2	prefix	114	59555083
sample	prose_heavy	slob	lzma2	prefix	115	114742625
sample	prose_heavy	slob	lzma2	prefix	116	3285625
sample	prose_heavy	slob	lzma2	prefix	117	1905084
sample	prose_heavy	slob	lzma2	prefix	118	66796417
sample	prose_heavy	slob	lzma2	prefix	119	75584958
sample	prose_heavy	slob	lzma2	prefix	120	3309375
sample	prose_heavy	slob	lzma2	prefix	121	4183625
sample	prose_heavy	slob	lzma2	prefix	122	172315583
sample	prose_heavy	slob	lzma2	prefix	123	92531792
sample	prose_heavy	slob	lzma2	prefix	124	2001875
sample	prose_heavy	slob	lzma2	prefix	125	2123833
sample	prose_heavy	slob	lzma2	prefix	126	216954333
sample	prose_heavy	slob	lzma2	prefix	127	74281375
sample	prose_heavy	slob	lzma2	prefix	128	939875
sample	prose_heavy	slob	lzma2	prefix	129	891125
sample	prose_heavy	slob	lzma2	prefix	130	64482917
sample	prose_heavy	slob	lzma2	prefix	131	62609292
sample	prose_heavy	slob	lzma2	prefix	132	950542
sample	prose_heavy	slob	lzma2	prefix	133	2290417
sample	prose_heavy	slob	lzma2	prefix	134	41633875
sample	prose_heavy	slob	lzma2	prefix	135	46329125
sample	prose_heavy	slob	lzma2	prefix	136	1840041
sample	prose_heavy	slob	lzma2	prefix	137	878917
sample	prose_heavy	slob	lzma2	prefix	138	58221709
sample	prose_heavy	slob	lzma2	prefix	139	64030250
sample	prose_heavy	slob	lzma2	prefix	140	1573250
sample	prose_heavy	slob	lzma2	prefix	141	960709
sample	prose_heavy	slob	lzma2	prefix	142	56720167
sample	prose_heavy	slob	lzma2	prefix	143	51522291
sample	prose_heavy	slob	lzma2	prefix	144	1516708
sample	prose_heavy	slob	lzma2	prefix	145	1165917
sample	prose_heavy	slob	lzma2	prefix	146	50288083
sample	prose_heavy	slob	lzma2	prefix	147	55391500
sample	prose_heavy	slob	lzma2	prefix	148	928083
sample	prose_heavy	slob	lzma2	prefix	149	844125
sample	prose_heavy	slob	lzma2	prefix	150	56740375
sample	prose_heavy	slob	lzma2	prefix	151	62667917
sample	prose_heavy	slob	lzma2	prefix	152	746125
sample	prose_heavy	slob	lzma2	prefix	153	898250
sample	prose_heavy	slob	lzma2	prefix	154	63306542
sample	prose_heavy	slob	lzma2	prefix	155	49938625
sample	prose_heavy	slob	lzma2	prefix	156	967584
sample	prose_heavy	slob	lzma2	prefix	157	841083
sample	prose_heavy	slob	lzma2	prefix	158	53689459
sample	prose_heavy	slob	lzma2	prefix	159	58501875
sample	prose_heavy	slob	lzma2	prefix	160	732292
sample	prose_heavy	slob	lzma2	prefix	161	923000
sample	prose_heavy	slob	lzma2	prefix	162	55842875
sample	prose_heavy	slob	lzma2	prefix	163	47625375
sample	prose_heavy	slob	lzma2	prefix	164	994916
sample	prose_heavy	slob	lzma2	prefix	165	2203958
sample	prose_heavy	slob	lzma2	prefix	166	49601417
sample	prose_heavy	slob	lzma2	prefix	167	51821625
sample	prose_heavy	slob	lzma2	prefix	168	2199791
sample	prose_heavy	slob	lzma2	prefix	169	1193292
sample	prose_heavy	slob	lzma2	prefix	170	54496292
sample	prose_heavy	slob	lzma2	prefix	171	50966875
sample	prose_heavy	slob	lzma2	prefix	172	2233917
sample	prose_heavy	slob	lzma2	prefix	173	2087500
sample	prose_heavy	slob	lzma2	prefix	174	55659375
sample	prose_heavy	slob	lzma2	prefix	175	50430416
sample	prose_heavy	slob	lzma2	prefix	176	733125
sample	prose_heavy	slob	lzma2	prefix	177	864084
sample	prose_heavy	slob	lzma2	prefix	178	57194208
sample	prose_heavy	slob	lzma2	prefix	179	55884625
sample	prose_heavy	slob	lzma2	prefix	180	1466791
sample	prose_heavy	slob	lzma2	prefix	181	2399834
sample	prose_heavy	slob	lzma2	prefix	182	60026500
sample	prose_heavy	slob	lzma2	prefix	183	62904000
sample	prose_heavy	slob	lzma2	prefix	184	2808542
sample	prose_heavy	slob	lzma2	prefix	185	1308334
sample	prose_heavy	slob	lzma2	prefix	186	49248833
sample	prose_heavy	slob	lzma2	prefix	187	49734458
sample	prose_heavy	slob	lzma2	prefix	188	997500
sample	prose_heavy	slob	lzma2	prefix	189	883875
sample	prose_heavy	slob	lzma2	prefix	190	48466875
sample	prose_heavy	slob	lzma2	prefix	191	51417209
sample	prose_heavy	slob	lzma2	prefix	192	1229125
sample	prose_heavy	slob	lzma2	prefix	193	2080208
sample	prose_heavy	slob	lzma2	prefix	194	54962209
sample	prose_heavy	slob	lzma2	prefix	195	52016208
sample	prose_heavy	slob	lzma2	prefix	196	1778208
sample	prose_heavy	slob	lzma2	prefix	197	930584
sample	prose_heavy	slob	lzma2	prefix	198	47440833
sample	prose_heavy	slob	lzma2	prefix	199	50057042
sample	prose_heavy	slob	lzma2	prefix	200	1473875
sample	prose_heavy	slob	lzma2	prefix	201	2147167
sample	prose_heavy	slob	lzma2	prefix	202	46432583
sample	prose_heavy	slob	lzma2	prefix	203	54782042
sample	prose_heavy	slob	lzma2	prefix	204	2636000
sample	prose_heavy	slob	lzma2	prefix	205	1020625
sample	prose_heavy	slob	lzma2	prefix	206	55735708
sample	prose_heavy	slob	lzma2	prefix	207	59492792
sample	prose_heavy	slob	lzma2	prefix	208	1724375
sample	prose_heavy	slob	lzma2	prefix	209	881042
sample	prose_heavy	slob	lzma2	prefix	210	50086334
sample	prose_heavy	slob	lzma2	prefix	211	52099000
sample	prose_heavy	slob	lzma2	prefix	212	2322042
sample	prose_heavy	slob	lzma2	prefix	213	1023667
sample	prose_heavy	slob	lzma2	prefix	214	54205958
sample	prose_heavy	slob	lzma2	prefix	215	59818209
sample	prose_heavy	slob	lzma2	prefix	216	784791
sample	prose_heavy	slob	lzma2	prefix	217	1187250
sample	prose_heavy	slob	lzma2	prefix	218	51467084
sample	prose_heavy	slob	lzma2	prefix	219	59674750
sample	prose_heavy	slob	lzma2	prefix	220	1758209
sample	prose_heavy	slob	lzma2	prefix	221	895791
sample	prose_heavy	slob	lzma2	prefix	222	66901708
sample	prose_heavy	slob	lzma2	prefix	223	47398708
sample	prose_heavy	slob	lzma2	prefix	224	766583
sample	prose_heavy	slob	lzma2	prefix	225	877500
sample	prose_heavy	slob	lzma2	prefix	226	57086459
sample	prose_heavy	slob	lzma2	prefix	227	53644958
sample	prose_heavy	slob	lzma2	prefix	228	1414875
sample	prose_heavy	slob	lzma2	prefix	229	1303750
sample	prose_heavy	slob	lzma2	prefix	230	64522833
sample	prose_heavy	slob	lzma2	prefix	231	55913083
sample	prose_heavy	slob	lzma2	prefix	232	2488083
sample	prose_heavy	slob	lzma2	prefix	233	906542
sample	prose_heavy	slob	lzma2	prefix	234	53991375
sample	prose_heavy	slob	lzma2	prefix	235	58688833
sample	prose_heavy	slob	lzma2	prefix	236	1983084
sample	prose_heavy	slob	lzma2	prefix	237	2407500
sample	prose_heavy	slob	lzma2	prefix	238	58637291
sample	prose_heavy	slob	lzma2	prefix	239	54294625
sample	prose_heavy	slob	lzma2	prefix	240	2990708
sample	prose_heavy	slob	lzma2	prefix	241	1211250
sample	prose_heavy	slob	lzma2	prefix	242	61377333
sample	prose_heavy	slob	lzma2	prefix	243	67563834
sample	prose_heavy	slob	lzma2	prefix	244	919041
sample	prose_heavy	slob	lzma2	prefix	245	1008875
sample	prose_heavy	slob	lzma2	prefix	246	62020750
sample	prose_heavy	slob	lzma2	prefix	247	55469583
sample	prose_heavy	slob	lzma2	prefix	248	773250
sample	prose_heavy	slob	lzma2	prefix	249	865042
sample	prose_heavy	slob	lzma2	prefix	250	52451250
sample	prose_heavy	slob	lzma2	prefix	251	60733541
sample	prose_heavy	slob	lzma2	prefix	252	4386125
sample	prose_heavy	slob	lzma2	prefix	253	823000
sample	prose_heavy	slob	lzma2	prefix	254	54780000
sample	prose_heavy	slob	lzma2	prefix	255	55719417
sample	prose_heavy	slob	lzma2	prefix	256	797417
sample	prose_heavy	slob	lzma2	prefix	257	1006833
sample	prose_heavy	slob	lzma2	prefix	258	60217583
sample	prose_heavy	slob	lzma2	prefix	259	51678250
sample	prose_heavy	slob	lzma2	prefix	260	1093916
sample	prose_heavy	slob	lzma2	prefix	261	830500
sample	prose_heavy	slob	lzma2	prefix	262	54626875
sample	prose_heavy	slob	lzma2	prefix	263	53949792
sample	prose_heavy	slob	lzma2	prefix	264	1782208
sample	prose_heavy	slob	lzma2	prefix	265	1062917
sample	prose_heavy	slob	lzma2	prefix	266	56970750
sample	prose_heavy	slob	lzma2	prefix	267	53690709
sample	prose_heavy	slob	lzma2	prefix	268	906792
sample	prose_heavy	slob	lzma2	prefix	269	1315000
sample	prose_heavy	slob	lzma2	prefix	270	51319000
sample	prose_heavy	slob	lzma2	prefix	271	57739917
sample	prose_heavy	slob	lzma2	prefix	272	1491833
sample	prose_heavy	slob	lzma2	prefix	273	1395833
sample	prose_heavy	slob	lzma2	prefix	274	58019583
sample	prose_heavy	slob	lzma2	prefix	275	54816250
sample	prose_heavy	slob	lzma2	prefix	276	931458
sample	prose_heavy	slob	lzma2	prefix	277	829083
sample	prose_heavy	slob	lzma2	prefix	278	55984959
sample	prose_heavy	slob	lzma2	prefix	279	58717167
sample	prose_heavy	slob	lzma2	prefix	280	733833
sample	prose_heavy	slob	lzma2	prefix	281	3575625
sample	prose_heavy	slob	lzma2	prefix	282	54519625
sample	prose_heavy	slob	lzma2	prefix	283	52452000
sample	prose_heavy	slob	lzma2	prefix	284	2121542
sample	prose_heavy	slob	lzma2	prefix	285	854166
sample	prose_heavy	slob	lzma2	prefix	286	55099958
sample	prose_heavy	slob	lzma2	prefix	287	62696041
sample	prose_heavy	slob	lzma2	prefix	288	777125
sample	prose_heavy	slob	lzma2	prefix	289	881666
sample	prose_heavy	slob	lzma2	prefix	290	65624875
sample	prose_heavy	slob	lzma2	prefix	291	54931541
sample	prose_heavy	slob	lzma2	prefix	292	1523666
sample	prose_heavy	slob	lzma2	prefix	293	2670583
sample	prose_heavy	slob	lzma2	prefix	294	61395750
sample	prose_heavy	slob	lzma2	prefix	295	54783375
sample	prose_heavy	slob	lzma2	prefix	296	1406334
sample	prose_heavy	slob	lzma2	prefix	297	1046583
sample	prose_heavy	slob	lzma2	prefix	298	54957041
sample	prose_heavy	slob	lzma2	prefix	299	54132584
sample	prose_heavy	slob	lzma2	prefix	300	1320416
sample	prose_heavy	slob	lzma2	prefix	301	828041
sample	prose_heavy	slob	lzma2	prefix	302	59556500
sample	prose_heavy	slob	lzma2	prefix	303	51220792
sample	prose_heavy	slob	lzma2	prefix	304	754791
sample	prose_heavy	slob	lzma2	prefix	305	3076458
sample	prose_heavy	slob	lzma2	prefix	306	47326000
sample	prose_heavy	slob	lzma2	prefix	307	49804834
sample	prose_heavy	slob	lzma2	prefix	308	1779042
sample	prose_heavy	slob	lzma2	prefix	309	1086958
sample	prose_heavy	slob	lzma2	prefix	310	68734834
sample	prose_heavy	slob	lzma2	prefix	311	58312417
sample	prose_heavy	slob	lzma2	prefix	312	772000
sample	prose_heavy	slob	lzma2	prefix	313	911750
sample	prose_heavy	slob	lzma2	prefix	314	56471666
sample	prose_heavy	slob	lzma2	prefix	315	59007666
sample	prose_heavy	slob	lzma2	prefix	316	3717917
sample	prose_heavy	slob	lzma2	prefix	317	1106375
sample	prose_heavy	slob	lzma2	prefix	318	61544708
sample	prose_heavy	slob	lzma2	prefix	319	60030875
sample	prose_heavy	slob	lzma2	prefix	320	1077125
sample	prose_heavy	slob	lzma2	prefix	321	1096542
sample	prose_heavy	slob	lzma2	prefix	322	55912167
sample	prose_heavy	slob	lzma2	prefix	323	57286625
sample	prose_heavy	slob	lzma2	prefix	324	924375
sample	prose_heavy	slob	lzma2	prefix	325	2850875
sample	prose_heavy	slob	lzma2	prefix	326	58486042
sample	prose_heavy	slob	lzma2	prefix	327	58886958
sample	prose_heavy	slob	lzma2	prefix	328	2658917
sample	prose_heavy	slob	lzma2	prefix	329	881791
sample	prose_heavy	slob	lzma2	prefix	330	54389750
sample	prose_heavy	slob	lzma2	prefix	331	50696667
sample	prose_heavy	slob	lzma2	prefix	332	992709
sample	prose_heavy	slob	lzma2	prefix	333	1140083
sample	prose_heavy	slob	lzma2	prefix	334	52249541
sample	prose_heavy	slob	lzma2	prefix	335	55359875
sample	prose_heavy	slob	lzma2	prefix	336	1467458
sample	prose_heavy	slob	lzma2	prefix	337	1246209
sample	prose_heavy	slob	lzma2	prefix	338	52299500
sample	prose_heavy	slob	lzma2	prefix	339	56416875
sample	prose_heavy	slob	lzma2	prefix	340	892708
sample	prose_heavy	slob	lzma2	prefix	341	821125
sample	prose_heavy	slob	lzma2	prefix	342	55192375
sample	prose_heavy	slob	lzma2	prefix	343	50026334
sample	prose_heavy	slob	lzma2	prefix	344	781583
sample	prose_heavy	slob	lzma2	prefix	345	2357417
sample	prose_heavy	slob	lzma2	prefix	346	57998625
sample	prose_heavy	slob	lzma2	prefix	347	50732291
sample	prose_heavy	slob	lzma2	prefix	348	1251041
sample	prose_heavy	slob	lzma2	prefix	349	4075083
sample	prose_heavy	slob	lzma2	prefix	350	51544583
sample	prose_heavy	slob	lzma2	prefix	351	58246500
sample	prose_heavy	slob	lzma2	prefix	352	1331125
sample	prose_heavy	slob	lzma2	prefix	353	1369709
sample	prose_heavy	slob	lzma2	prefix	354	58365708
sample	prose_heavy	slob	lzma2	prefix	355	57729250
sample	prose_heavy	slob	lzma2	prefix	356	1855667
sample	prose_heavy	slob	lzma2	prefix	357	1275209
sample	prose_heavy	slob	lzma2	prefix	358	59779292
sample	prose_heavy	slob	lzma2	prefix	359	62093625
sample	prose_heavy	slob	lzma2	prefix	360	818458
sample	prose_heavy	slob	lzma2	prefix	361	1116375
sample	prose_heavy	slob	lzma2	prefix	362	58412709
sample	prose_heavy	slob	lzma2	prefix	363	55818375
sample	prose_heavy	slob	lzma2	prefix	364	2869666
sample	prose_heavy	slob	lzma2	prefix	365	1252250
sample	prose_heavy	slob	lzma2	prefix	366	47101125
sample	prose_heavy	slob	lzma2	prefix	367	55759750
sample	prose_heavy	slob	lzma2	prefix	368	749417
sample	prose_heavy	slob	lzma2	prefix	369	1109542
sample	prose_heavy	slob	lzma2	prefix	370	51671083
sample	prose_heavy	slob	lzma2	prefix	371	55918667
sample	prose_heavy	slob	lzma2	prefix	372	1037667
sample	prose_heavy	slob	lzma2	prefix	373	1384916
sample	prose_heavy	slob	lzma2	prefix	374	51665292
sample	prose_heavy	slob	lzma2	prefix	375	72597208
sample	prose_heavy	slob	lzma2	prefix	376	1086958
sample	prose_heavy	slob	lzma2	prefix	377	3170459
sample	prose_heavy	slob	lzma2	prefix	378	62291834
sample	prose_heavy	slob	lzma2	prefix	379	63954333
sample	prose_heavy	slob	lzma2	prefix	380	893500
sample	prose_heavy	slob	lzma2	prefix	381	1070500
sample	prose_heavy	slob	lzma2	prefix	382	60614458
sample	prose_heavy	slob	lzma2	prefix	383	52415750
sample	prose_heavy	slob	lzma2	prefix	384	2254042
sample	prose_heavy	slob	lzma2	prefix	385	8701083
sample	prose_heavy	slob	lzma2	prefix	386	60952209
sample	prose_heavy	slob	lzma2	prefix	387	65076542
sample	prose_heavy	slob	lzma2	prefix	388	2026459
sample	prose_heavy	slob	lzma2	prefix	389	824708
sample	prose_heavy	slob	lzma2	prefix	390	51445709
sample	prose_heavy	slob	lzma2	prefix	391	56036875
sample	prose_heavy	slob	lzma2	prefix	392	2665875
sample	prose_heavy	slob	lzma2	prefix	393	2146750
sample	prose_heavy	slob	lzma2	prefix	394	52560167
sample	prose_heavy	slob	lzma2	prefix	395	59596667
sample	prose_heavy	slob	lzma2	prefix	396	1868833
sample	prose_heavy	slob	lzma2	prefix	397	1702333
sample	prose_heavy	slob	lzma2	prefix	398	55604375
sample	prose_heavy	slob	lzma2	prefix	399	55514667
sample	prose_heavy	slob	lzma2	prefix	400	1009500
sample	prose_heavy	slob	lzma2	prefix	401	1225375
sample	prose_heavy	slob	lzma2	prefix	402	59726583
sample	prose_heavy	slob	lzma2	prefix	403	49888917
sample	prose_heavy	slob	lzma2	prefix	404	2107750
sample	prose_heavy	slob	lzma2	prefix	405	820458
sample	prose_heavy	slob	lzma2	prefix	406	49564084
sample	prose_heavy	slob	lzma2	prefix	407	65634333
sample	prose_heavy	slob	lzma2	prefix	408	2649667
sample	prose_heavy	slob	lzma2	prefix	409	1230125
sample	prose_heavy	slob	lzma2	prefix	410	57436542
sample	prose_heavy	slob	lzma2	prefix	411	53102583
sample	prose_heavy	slob	lzma2	prefix	412	2242208
sample	prose_heavy	slob	lzma2	prefix	413	1063458
sample	prose_heavy	slob	lzma2	prefix	414	56186750
sample	prose_heavy	slob	lzma2	prefix	415	50107000
sample	prose_heavy	slob	lzma2	prefix	416	1445459
sample	prose_heavy	slob	lzma2	prefix	417	989625
sample	prose_heavy	slob	lzma2	prefix	418	60380375
sample	prose_heavy	slob	lzma2	prefix	419	56067125
sample	prose_heavy	slob	lzma2	prefix	420	896500
sample	prose_heavy	slob	lzma2	prefix	421	813416
sample	prose_heavy	slob	lzma2	prefix	422	61240875
sample	prose_heavy	slob	lzma2	prefix	423	71477125
sample	prose_heavy	slob	lzma2	prefix	424	753791
sample	prose_heavy	slob	lzma2	prefix	425	1315875
sample	prose_heavy	slob	lzma2	prefix	426	56957250
sample	prose_heavy	slob	lzma2	prefix	427	51311084
sample	prose_heavy	slob	lzma2	prefix	428	1426042
sample	prose_heavy	slob	lzma2	prefix	429	1410083
sample	prose_heavy	slob	lzma2	prefix	430	46971625
sample	prose_heavy	slob	lzma2	prefix	431	59132750
sample	prose_heavy	slob	lzma2	prefix	432	883833
sample	prose_heavy	slob	lzma2	prefix	433	879500
sample	prose_heavy	slob	lzma2	prefix	434	53273792
sample	prose_heavy	slob	lzma2	prefix	435	54010875
sample	prose_heavy	slob	lzma2	prefix	436	1753917
sample	prose_heavy	slob	lzma2	prefix	437	945375
sample	prose_heavy	slob	lzma2	prefix	438	53462875
sample	prose_heavy	slob	lzma2	prefix	439	64363250
sample	prose_heavy	slob	lzma2	prefix	440	2383542
sample	prose_heavy	slob	lzma2	prefix	441	889500
sample	prose_heavy	slob	lzma2	prefix	442	51262125
sample	prose_heavy	slob	lzma2	prefix	443	55501500
sample	prose_heavy	slob	lzma2	prefix	444	2175417
sample	prose_heavy	slob	lzma2	prefix	445	932375
sample	prose_heavy	slob	lzma2	prefix	446	48275833
sample	prose_heavy	slob	lzma2	prefix	447	60988875
sample	prose_heavy	slob	lzma2	prefix	448	810333
sample	prose_heavy	slob	lzma2	prefix	449	1622458
sample	prose_heavy	slob	lzma2	prefix	450	56618666
sample	prose_heavy	slob	lzma2	prefix	451	58068250
sample	prose_heavy	slob	lzma2	prefix	452	1267833
sample	prose_heavy	slob	lzma2	prefix	453	1124125
sample	prose_heavy	slob	lzma2	prefix	454	62201667
sample	prose_heavy	slob	lzma2	prefix	455	53973625
sample	prose_heavy	slob	lzma2	prefix	456	1357500
sample	prose_heavy	slob	lzma2	prefix	457	1059042
sample	prose_heavy	slob	lzma2	prefix	458	54467500
sample	prose_heavy	slob	lzma2	prefix	459	53524250
sample	prose_heavy	slob	lzma2	prefix	460	1224667
sample	prose_heavy	slob	lzma2	prefix	461	2214458
sample	prose_heavy	slob	lzma2	prefix	462	61535084
sample	prose_heavy	slob	lzma2	prefix	463	58537333
sample	prose_heavy	slob	lzma2	prefix	464	765166
sample	prose_heavy	slob	lzma2	prefix	465	870417
sample	prose_heavy	slob	lzma2	prefix	466	53769125
sample	prose_heavy	slob	lzma2	prefix	467	55642708
sample	prose_heavy	slob	lzma2	prefix	468	914083
sample	prose_heavy	slob	lzma2	prefix	469	817083
sample	prose_heavy	slob	lzma2	prefix	470	55850125
sample	prose_heavy	slob	lzma2	prefix	471	57408125
sample	prose_heavy	slob	lzma2	prefix	472	1514958
sample	prose_heavy	slob	lzma2	prefix	473	2386917
sample	prose_heavy	slob	lzma2	prefix	474	51969959
sample	prose_heavy	slob	lzma2	prefix	475	55415333
sample	prose_heavy	slob	lzma2	prefix	476	1017500
sample	prose_heavy	slob	lzma2	prefix	477	1293625
sample	prose_heavy	slob	lzma2	prefix	478	56896708
sample	prose_heavy	slob	lzma2	prefix	479	52480292
sample	prose_heavy	slob	lzma2	prefix	480	836083
sample	prose_heavy	slob	lzma2	prefix	481	1692958
sample	prose_heavy	slob	lzma2	prefix	482	52185792
sample	prose_heavy	slob	lzma2	prefix	483	63979166
sample	prose_heavy	slob	lzma2	prefix	484	1405250
sample	prose_heavy	slob	lzma2	prefix	485	2339708
sample	prose_heavy	slob	lzma2	prefix	486	54579750
sample	prose_heavy	slob	lzma2	prefix	487	54968375
sample	prose_heavy	slob	lzma2	prefix	488	742042
sample	prose_heavy	slob	lzma2	prefix	489	922125
sample	prose_heavy	slob	lzma2	prefix	490	58408459
sample	prose_heavy	slob	lzma2	prefix	491	55252666
sample	prose_heavy	slob	lzma2	prefix	492	3297666
sample	prose_heavy	slob	lzma2	prefix	493	1950208
sample	prose_heavy	slob	lzma2	prefix	494	49575084
sample	prose_heavy	slob	lzma2	prefix	495	54327583
sample	prose_heavy	slob	lzma2	prefix	496	826792
sample	prose_heavy	slob	lzma2	prefix	497	880000
sample	prose_heavy	slob	lzma2	prefix	498	61533791
sample	prose_heavy	slob	lzma2	prefix	499	51006708
sample	prose_heavy	slob	lzma2	prefix	500	1449417
sample	prose_heavy	slob	lzma2	prefix	501	1727917
sample	prose_heavy	slob	lzma2	prefix	502	58175625
sample	prose_heavy	slob	lzma2	prefix	503	56140084
sample	prose_heavy	slob	lzma2	prefix	504	862458
sample	prose_heavy	slob	lzma2	prefix	505	3264917
sample	prose_heavy	slob	lzma2	prefix	506	58978334
sample	prose_heavy	slob	lzma2	prefix	507	54839917
sample	prose_heavy	slob	lzma2	prefix	508	1363000
sample	prose_heavy	slob	lzma2	prefix	509	2745209
sample	prose_heavy	slob	lzma2	prefix	510	51516750
sample	prose_heavy	slob	lzma2	prefix	511	54760458
sample	prose_heavy	slob	lzma2	prefix	512	784917
sample	prose_heavy	slob	lzma2	prefix	513	1855792
sample	prose_heavy	slob	lzma2	prefix	514	62505958
sample	prose_heavy	slob	lzma2	prefix	515	54314584
sample	prose_heavy	slob	lzma2	prefix	516	1160542
sample	prose_heavy	slob	lzma2	prefix	517	2358917
sample	prose_heavy	slob	lzma2	prefix	518	55333833
sample	prose_heavy	slob	lzma2	prefix	519	63556083
sample	prose_heavy	slob	lzma2	prefix	520	748459
sample	prose_heavy	slob	lzma2	prefix	521	2182625
sample	prose_heavy	slob	lzma2	prefix	522	59075458
sample	prose_heavy	slob	lzma2	prefix	523	56162917
sample	prose_heavy	slob	lzma2	prefix	524	1599042
sample	prose_heavy	slob	lzma2	prefix	525	1005666
sample	prose_heavy	slob	lzma2	prefix	526	58680375
sample	prose_heavy	slob	lzma2	prefix	527	52202792
sample	prose_heavy	slob	lzma2	prefix	528	743500
sample	prose_heavy	slob	lzma2	prefix	529	2188375
sample	prose_heavy	slob	lzma2	prefix	530	50622292
sample	prose_heavy	slob	lzma2	prefix	531	56275750
sample	prose_heavy	slob	lzma2	prefix	532	1049084
sample	prose_heavy	slob	lzma2	prefix	533	850500
sample	prose_heavy	slob	lzma2	prefix	534	61314709
sample	prose_heavy	slob	lzma2	prefix	535	49931125
sample	prose_heavy	slob	lzma2	prefix	536	1159375
sample	prose_heavy	slob	lzma2	prefix	537	938500
sample	prose_heavy	slob	lzma2	prefix	538	55086500
sample	prose_heavy	slob	lzma2	prefix	539	56438583
sample	prose_heavy	slob	lzma2	prefix	540	2264375
sample	prose_heavy	slob	lzma2	prefix	541	1239208
sample	prose_heavy	slob	lzma2	prefix	542	56189542
sample	prose_heavy	slob	lzma2	prefix	543	63780333
sample	prose_heavy	slob	lzma2	prefix	544	1140792
sample	prose_heavy	slob	lzma2	prefix	545	2857875
sample	prose_heavy	slob	lzma2	prefix	546	58613291
sample	prose_heavy	slob	lzma2	prefix	547	53600417
sample	prose_heavy	slob	lzma2	prefix	548	930292
sample	prose_heavy	slob	lzma2	prefix	549	1527125
sample	prose_heavy	slob	lzma2	prefix	550	59711417
sample	prose_heavy	slob	lzma2	prefix	551	54761041
sample	prose_heavy	slob	lzma2	prefix	552	2536709
sample	prose_heavy	slob	lzma2	prefix	553	1962750
sample	prose_heavy	slob	lzma2	prefix	554	63340417
sample	prose_heavy	slob	lzma2	prefix	555	60079625
sample	prose_heavy	slob	lzma2	prefix	556	1706083
sample	prose_heavy	slob	lzma2	prefix	557	822666
sample	prose_heavy	slob	lzma2	prefix	558	54669500
sample	prose_heavy	slob	lzma2	prefix	559	54531417
sample	prose_heavy	slob	lzma2	prefix	560	924708
sample	prose_heavy	slob	lzma2	prefix	561	1877125
sample	prose_heavy	slob	lzma2	prefix	562	55986250
sample	prose_heavy	slob	lzma2	prefix	563	62200083
sample	prose_heavy	slob	lzma2	prefix	564	1040875
sample	prose_heavy	slob	lzma2	prefix	565	827958
sample	prose_heavy	slob	lzma2	prefix	566	55594917
sample	prose_heavy	slob	lzma2	prefix	567	52453917
sample	prose_heavy	slob	lzma2	prefix	568	750583
sample	prose_heavy	slob	lzma2	prefix	569	876125
sample	prose_heavy	slob	lzma2	prefix	570	62931208
sample	prose_heavy	slob	lzma2	prefix	571	69909333
sample	prose_heavy	slob	lzma2	prefix	572	932250
sample	prose_heavy	slob	lzma2	prefix	573	1090042
sample	prose_heavy	slob	lzma2	prefix	574	58059375
sample	prose_heavy	slob	lzma2	prefix	575	50740708
sample	prose_heavy	slob	lzma2	prefix	576	1883333
sample	prose_heavy	slob	lzma2	prefix	577	2293583
sample	prose_heavy	slob	lzma2	prefix	578	58456500
sample	prose_heavy	slob	lzma2	prefix	579	61209500
sample	prose_heavy	slob	lzma2	prefix	580	904833
sample	prose_heavy	slob	lzma2	prefix	581	1373834
sample	prose_heavy	slob	lzma2	prefix	582	62410166
sample	prose_heavy	slob	lzma2	prefix	583	69120834
sample	prose_heavy	slob	lzma2	prefix	584	1835166
sample	prose_heavy	slob	lzma2	prefix	585	1007042
sample	prose_heavy	slob	lzma2	prefix	586	59266291
sample	prose_heavy	slob	lzma2	prefix	587	62870292
sample	prose_heavy	slob	lzma2	prefix	588	2132375
sample	prose_heavy	slob	lzma2	prefix	589	1231875
sample	prose_heavy	slob	lzma2	prefix	590	58748125
sample	prose_heavy	slob	lzma2	prefix	591	57307292
sample	prose_heavy	slob	lzma2	prefix	592	737125
sample	prose_heavy	slob	lzma2	prefix	593	1469458
sample	prose_heavy	slob	lzma2	prefix	594	58176583
sample	prose_heavy	slob	lzma2	prefix	595	60529625
sample	prose_heavy	slob	lzma2	prefix	596	3271708
sample	prose_heavy	slob	lzma2	prefix	597	840958
sample	prose_heavy	slob	lzma2	prefix	598	60233625
sample	prose_heavy	slob	lzma2	prefix	599	58331083
sample	prose_heavy	slob	lzma2	prefix	600	1272334
sample	prose_heavy	slob	lzma2	prefix	601	3341834
sample	prose_heavy	slob	lzma2	prefix	602	59766542
sample	prose_heavy	slob	lzma2	prefix	603	59090000
sample	prose_heavy	slob	lzma2	prefix	604	1313375
sample	prose_heavy	slob	lzma2	prefix	605	1454459
sample	prose_heavy	slob	lzma2	prefix	606	57588792
sample	prose_heavy	slob	lzma2	prefix	607	50275125
sample	prose_heavy	slob	lzma2	prefix	608	1895209
sample	prose_heavy	slob	lzma2	prefix	609	895333
sample	prose_heavy	slob	lzma2	prefix	610	56639208
sample	prose_heavy	slob	lzma2	prefix	611	62195417
sample	prose_heavy	slob	lzma2	prefix	612	1797958
sample	prose_heavy	slob	lzma2	prefix	613	1097458
sample	prose_heavy	slob	lzma2	prefix	614	60612041
sample	prose_heavy	slob	lzma2	prefix	615	56028250
sample	prose_heavy	slob	lzma2	prefix	616	853708
sample	prose_heavy	slob	lzma2	prefix	617	2427458
sample	prose_heavy	slob	lzma2	prefix	618	61145084
sample	prose_heavy	slob	lzma2	prefix	619	55664416
sample	prose_heavy	slob	lzma2	prefix	620	1374250
sample	prose_heavy	slob	lzma2	prefix	621	1007042
sample	prose_heavy	slob	lzma2	prefix	622	62210875
sample	prose_heavy	slob	lzma2	prefix	623	54398584
sample	prose_heavy	slob	lzma2	prefix	624	1572166
sample	prose_heavy	slob	lzma2	prefix	625	1637792
sample	prose_heavy	slob	lzma2	prefix	626	55810958
sample	prose_heavy	slob	lzma2	prefix	627	50336667
sample	prose_heavy	slob	lzma2	prefix	628	2711875
sample	prose_heavy	slob	lzma2	prefix	629	867541
sample	prose_heavy	slob	lzma2	prefix	630	55642083
sample	prose_heavy	slob	lzma2	prefix	631	54094292
sample	prose_heavy	slob	lzma2	prefix	632	1018791
sample	prose_heavy	slob	lzma2	prefix	633	885625
sample	prose_heavy	slob	lzma2	prefix	634	53369750
sample	prose_heavy	slob	lzma2	prefix	635	60296541
sample	prose_heavy	slob	lzma2	prefix	636	1645834
sample	prose_heavy	slob	lzma2	prefix	637	838000
sample	prose_heavy	slob	lzma2	prefix	638	60511083
sample	prose_heavy	slob	lzma2	prefix	639	62807625
sample	prose_heavy	slob	lzma2	prefix	640	876750
sample	prose_heavy	slob	lzma2	prefix	641	871417
sample	prose_heavy	slob	lzma2	prefix	642	52448958
sample	prose_heavy	slob	lzma2	prefix	643	55929834
sample	prose_heavy	slob	lzma2	prefix	644	884584
sample	prose_heavy	slob	lzma2	prefix	645	874125
sample	prose_heavy	slob	lzma2	prefix	646	56179584
sample	prose_heavy	slob	lzma2	prefix	647	56818667
sample	prose_heavy	slob	lzma2	prefix	648	1941250
sample	prose_heavy	slob	lzma2	prefix	649	3555584
sample	prose_heavy	slob	lzma2	prefix	650	60951125
sample	prose_heavy	slob	lzma2	prefix	651	61922500
sample	prose_heavy	slob	lzma2	prefix	652	1072375
sample	prose_heavy	slob	lzma2	prefix	653	1434083
sample	prose_heavy	slob	lzma2	prefix	654	80643750
sample	prose_heavy	slob	lzma2	prefix	655	82655750
sample	prose_heavy	slob	lzma2	prefix	656	2456583
sample	prose_heavy	slob	lzma2	prefix	657	1324500
sample	prose_heavy	slob	lzma2	prefix	658	85737500
sample	prose_heavy	slob	lzma2	prefix	659	73792125
sample	prose_heavy	slob	lzma2	prefix	660	1561042
sample	prose_heavy	slob	lzma2	prefix	661	845833
sample	prose_heavy	slob	lzma2	prefix	662	81227417
sample	prose_heavy	slob	lzma2	prefix	663	174541667
sample	prose_heavy	slob	lzma2	prefix	664	1431333
sample	prose_heavy	slob	lzma2	prefix	665	2190167
sample	prose_heavy	slob	lzma2	prefix	666	59356667
sample	prose_heavy	slob	lzma2	prefix	667	51336209
sample	prose_heavy	slob	lzma2	prefix	668	1218250
sample	prose_heavy	slob	lzma2	prefix	669	1050041
sample	prose_heavy	slob	lzma2	prefix	670	56331084
sample	prose_heavy	slob	lzma2	prefix	671	56688667
sample	prose_heavy	slob	lzma2	prefix	672	1316959
sample	prose_heavy	slob	lzma2	prefix	673	1470834
sample	prose_heavy	slob	lzma2	prefix	674	58101375
sample	prose_heavy	slob	lzma2	prefix	675	48471708
sample	prose_heavy	slob	lzma2	prefix	676	1139167
sample	prose_heavy	slob	lzma2	prefix	677	825625
sample	prose_heavy	slob	lzma2	prefix	678	63950875
sample	prose_heavy	slob	lzma2	prefix	679	60665750
sample	prose_heavy	slob	lzma2	prefix	680	1951958
sample	prose_heavy	slob	lzma2	prefix	681	894291
sample	prose_heavy	slob	lzma2	prefix	682	53090542
sample	prose_heavy	slob	lzma2	prefix	683	52848541
sample	prose_heavy	slob	lzma2	prefix	684	943875
sample	prose_heavy	slob	lzma2	prefix	685	1978333
sample	prose_heavy	slob	lzma2	prefix	686	57260334
sample	prose_heavy	slob	lzma2	prefix	687	61166583
sample	prose_heavy	slob	lzma2	prefix	688	745125
sample	prose_heavy	slob	lzma2	prefix	689	2890667
sample	prose_heavy	slob	lzma2	prefix	690	63664958
sample	prose_heavy	slob	lzma2	prefix	691	57283042
sample	prose_heavy	slob	lzma2	prefix	692	928625
sample	prose_heavy	slob	lzma2	prefix	693	1092416
sample	prose_heavy	slob	lzma2	prefix	694	56823500
sample	prose_heavy	slob	lzma2	prefix	695	53305250
sample	prose_heavy	slob	lzma2	prefix	696	833708
sample	prose_heavy	slob	lzma2	prefix	697	1637750
sample	prose_heavy	slob	lzma2	prefix	698	52935834
sample	prose_heavy	slob	lzma2	prefix	699	59619375
sample	prose_heavy	slob	lzma2	prefix	700	2274958
sample	prose_heavy	slob	lzma2	prefix	701	839292
sample	prose_heavy	slob	lzma2	prefix	702	53701833
sample	prose_heavy	slob	lzma2	prefix	703	58288291
sample	prose_heavy	slob	lzma2	prefix	704	980542
sample	prose_heavy	slob	lzma2	prefix	705	882125
sample	prose_heavy	slob	lzma2	prefix	706	52705167
sample	prose_heavy	slob	lzma2	prefix	707	55428791
sample	prose_heavy	slob	lzma2	prefix	708	2525625
sample	prose_heavy	slob	lzma2	prefix	709	1970916
sample	prose_heavy	slob	lzma2	prefix	710	53500875
sample	prose_heavy	slob	lzma2	prefix	711	50266125
sample	prose_heavy	slob	lzma2	prefix	712	2054458
sample	prose_heavy	slob	lzma2	prefix	713	1400416
sample	prose_heavy	slob	lzma2	prefix	714	50043625
sample	prose_heavy	slob	lzma2	prefix	715	56161792
sample	prose_heavy	slob	lzma2	prefix	716	930875
sample	prose_heavy	slob	lzma2	prefix	717	2682166
sample	prose_heavy	slob	lzma2	prefix	718	53748375
sample	prose_heavy	slob	lzma2	prefix	719	54272000
sample	prose_heavy	slob	lzma2	prefix	720	819791
sample	prose_heavy	slob	lzma2	prefix	721	1340000
sample	prose_heavy	slob	lzma2	prefix	722	63181125
sample	prose_heavy	slob	lzma2	prefix	723	56456041
sample	prose_heavy	slob	lzma2	prefix	724	1002917
sample	prose_heavy	slob	lzma2	prefix	725	1150666
sample	prose_heavy	slob	lzma2	prefix	726	58953375
sample	prose_heavy	slob	lzma2	prefix	727	53515875
sample	prose_heavy	slob	lzma2	prefix	728	722541
sample	prose_heavy	slob	lzma2	prefix	729	3024042
sample	prose_heavy	slob	lzma2	prefix	730	60208834
sample	prose_heavy	slob	lzma2	prefix	731	51666667
sample	prose_heavy	slob	lzma2	prefix	732	1233042
sample	prose_heavy	slob	lzma2	prefix	733	1266250
sample	prose_heavy	slob	lzma2	prefix	734	52252292
sample	prose_heavy	slob	lzma2	prefix	735	54276625
sample	prose_heavy	slob	lzma2	prefix	736	867583
sample	prose_heavy	slob	lzma2	prefix	737	3690584
sample	prose_heavy	slob	lzma2	prefix	738	62197917
sample	prose_heavy	slob	lzma2	prefix	739	55594000
sample	prose_heavy	slob	lzma2	prefix	740	2261625
sample	prose_heavy	slob	lzma2	prefix	741	1467625
sample	prose_heavy	slob	lzma2	prefix	742	52437708
sample	prose_heavy	slob	lzma2	prefix	743	55330625
sample	prose_heavy	slob	lzma2	prefix	744	772000
sample	prose_heavy	slob	lzma2	prefix	745	2360208
sample	prose_heavy	slob	lzma2	prefix	746	53668958
sample	prose_heavy	slob	lzma2	prefix	747	58033708
sample	prose_heavy	slob	lzma2	prefix	748	3444667
sample	prose_heavy	slob	lzma2	prefix	749	1555875
sample	prose_heavy	slob	lzma2	prefix	750	53697041
sample	prose_heavy	slob	lzma2	prefix	751	51791417
sample	prose_heavy	slob	lzma2	prefix	752	1072375
sample	prose_heavy	slob	lzma2	prefix	753	1825167
sample	prose_heavy	slob	lzma2	prefix	754	53859458
sample	prose_heavy	slob	lzma2	prefix	755	53263750
sample	prose_heavy	slob	lzma2	prefix	756	1126167
sample	prose_heavy	slob	lzma2	prefix	757	826500
sample	prose_heavy	slob	lzma2	prefix	758	49357959
sample	prose_heavy	slob	lzma2	prefix	759	58726292
sample	prose_heavy	slob	lzma2	prefix	760	1686250
sample	prose_heavy	slob	lzma2	prefix	761	1683375
sample	prose_heavy	slob	lzma2	prefix	762	55795541
sample	prose_heavy	slob	lzma2	prefix	763	50394375
sample	prose_heavy	slob	lzma2	prefix	764	909791
sample	prose_heavy	slob	lzma2	prefix	765	822083
sample	prose_heavy	slob	lzma2	prefix	766	64997625
sample	prose_heavy	slob	lzma2	prefix	767	56064375
sample	prose_heavy	slob	lzma2	prefix	768	731708
sample	prose_heavy	slob	lzma2	prefix	769	1280542
sample	prose_heavy	slob	lzma2	prefix	770	52430042
sample	prose_heavy	slob	lzma2	prefix	771	57893875
sample	prose_heavy	slob	lzma2	prefix	772	903541
sample	prose_heavy	slob	lzma2	prefix	773	822292
sample	prose_heavy	slob	lzma2	prefix	774	57021083
sample	prose_heavy	slob	lzma2	prefix	775	49892042
sample	prose_heavy	slob	lzma2	prefix	776	921542
sample	prose_heavy	slob	lzma2	prefix	777	922291
sample	prose_heavy	slob	lzma2	prefix	778	59333125
sample	prose_heavy	slob	lzma2	prefix	779	61005791
sample	prose_heavy	slob	lzma2	prefix	780	906083
sample	prose_heavy	slob	lzma2	prefix	781	2261292
sample	prose_heavy	slob	lzma2	prefix	782	65569417
sample	prose_heavy	slob	lzma2	prefix	783	55574333
sample	prose_heavy	slob	lzma2	prefix	784	2150916
sample	prose_heavy	slob	lzma2	prefix	785	2529250
sample	prose_heavy	slob	lzma2	prefix	786	52751875
sample	prose_heavy	slob	lzma2	prefix	787	59826167
sample	prose_heavy	slob	lzma2	prefix	788	937833
sample	prose_heavy	slob	lzma2	prefix	789	1448750
sample	prose_heavy	slob	lzma2	prefix	790	59664417
sample	prose_heavy	slob	lzma2	prefix	791	63109375
sample	prose_heavy	slob	lzma2	prefix	792	816375
sample	prose_heavy	slob	lzma2	prefix	793	1240166
sample	prose_heavy	slob	lzma2	prefix	794	62825750
sample	prose_heavy	slob	lzma2	prefix	795	66392667
sample	prose_heavy	slob	lzma2	prefix	796	1143417
sample	prose_heavy	slob	lzma2	prefix	797	902125
sample	prose_heavy	slob	lzma2	prefix	798	48583458
sample	prose_heavy	slob	lzma2	prefix	799	53687750
sample	prose_heavy	slob	lzma2	prefix	800	920792
sample	prose_heavy	slob	lzma2	prefix	801	1721167
sample	prose_heavy	slob	lzma2	prefix	802	66025417
sample	prose_heavy	slob	lzma2	prefix	803	61476584
sample	prose_heavy	slob	lzma2	prefix	804	2082292
sample	prose_heavy	slob	lzma2	prefix	805	1271583
sample	prose_heavy	slob	lzma2	prefix	806	57102250
sample	prose_heavy	slob	lzma2	prefix	807	54591750
sample	prose_heavy	slob	lzma2	prefix	808	1847625
sample	prose_heavy	slob	lzma2	prefix	809	3443917
sample	prose_heavy	slob	lzma2	prefix	810	69722458
sample	prose_heavy	slob	lzma2	prefix	811	69254875
sample	prose_heavy	slob	lzma2	prefix	812	3286708
sample	prose_heavy	slob	lzma2	prefix	813	830459
sample	prose_heavy	slob	lzma2	prefix	814	72603875
sample	prose_heavy	slob	lzma2	prefix	815	63610959
sample	prose_heavy	slob	lzma2	prefix	816	2006000
sample	prose_heavy	slob	lzma2	prefix	817	2627750
sample	prose_heavy	slob	lzma2	prefix	818	57194375
sample	prose_heavy	slob	lzma2	prefix	819	58201750
sample	prose_heavy	slob	lzma2	prefix	820	919791
sample	prose_heavy	slob	lzma2	prefix	821	1586250
sample	prose_heavy	slob	lzma2	prefix	822	59854333
sample	prose_heavy	slob	lzma2	prefix	823	55628417
sample	prose_heavy	slob	lzma2	prefix	824	1041833
sample	prose_heavy	slob	lzma2	prefix	825	1461916
sample	prose_heavy	slob	lzma2	prefix	826	55544000
sample	prose_heavy	slob	lzma2	prefix	827	57318000
sample	prose_heavy	slob	lzma2	prefix	828	1121291
sample	prose_heavy	slob	lzma2	prefix	829	832750
sample	prose_heavy	slob	lzma2	prefix	830	55863917
sample	prose_heavy	slob	lzma2	prefix	831	56596208
sample	prose_heavy	slob	lzma2	prefix	832	1798416
sample	prose_heavy	slob	lzma2	prefix	833	1075209
sample	prose_heavy	slob	lzma2	prefix	834	57382792
sample	prose_heavy	slob	lzma2	prefix	835	62855333
sample	prose_heavy	slob	lzma2	prefix	836	2069292
sample	prose_heavy	slob	lzma2	prefix	837	1487834
sample	prose_heavy	slob	lzma2	prefix	838	51701750
sample	prose_heavy	slob	lzma2	prefix	839	52828875
sample	prose_heavy	slob	lzma2	prefix	840	1173958
sample	prose_heavy	slob	lzma2	prefix	841	1004333
sample	prose_heavy	slob	lzma2	prefix	842	54916750
sample	prose_heavy	slob	lzma2	prefix	843	59300084
sample	prose_heavy	slob	lzma2	prefix	844	916458
sample	prose_heavy	slob	lzma2	prefix	845	1832958
sample	prose_heavy	slob	lzma2	prefix	846	51625291
sample	prose_heavy	slob	lzma2	prefix	847	57192125
sample	prose_heavy	slob	lzma2	prefix	848	775083
sample	prose_heavy	slob	lzma2	prefix	849	873375
sample	prose_heavy	slob	lzma2	prefix	850	49725958
sample	prose_heavy	slob	lzma2	prefix	851	64415500
sample	prose_heavy	slob	lzma2	prefix	852	922625
sample	prose_heavy	slob	lzma2	prefix	853	825584
sample	prose_heavy	slob	lzma2	prefix	854	57907000
sample	prose_heavy	slob	lzma2	prefix	855	49875292
sample	prose_heavy	slob	lzma2	prefix	856	1616917
sample	prose_heavy	slob	lzma2	prefix	857	885583
sample	prose_heavy	slob	lzma2	prefix	858	58159958
sample	prose_heavy	slob	lzma2	prefix	859	50424833
sample	prose_heavy	slob	lzma2	prefix	860	1195834
sample	prose_heavy	slob	lzma2	prefix	861	2761250
sample	prose_heavy	slob	lzma2	prefix	862	63765333
sample	prose_heavy	slob	lzma2	prefix	863	55240000
sample	prose_heavy	slob	lzma2	prefix	864	2630458
sample	prose_heavy	slob	lzma2	prefix	865	899542
sample	prose_heavy	slob	lzma2	prefix	866	57725500
sample	prose_heavy	slob	lzma2	prefix	867	55229791
sample	prose_heavy	slob	lzma2	prefix	868	1069875
sample	prose_heavy	slob	lzma2	prefix	869	824125
sample	prose_heavy	slob	lzma2	prefix	870	51414500
sample	prose_heavy	slob	lzma2	prefix	871	59005083
sample	prose_heavy	slob	lzma2	prefix	872	1313041
sample	prose_heavy	slob	lzma2	prefix	873	1598666
sample	prose_heavy	slob	lzma2	prefix	874	59333333
sample	prose_heavy	slob	lzma2	prefix	875	54385833
sample	prose_heavy	slob	lzma2	prefix	876	2086583
sample	prose_heavy	slob	lzma2	prefix	877	827959
sample	prose_heavy	slob	lzma2	prefix	878	50067083
sample	prose_heavy	slob	lzma2	prefix	879	73894083
sample	prose_heavy	slob	lzma2	prefix	880	745375
sample	prose_heavy	slob	lzma2	prefix	881	878250
sample	prose_heavy	slob	lzma2	prefix	882	65567333
sample	prose_heavy	slob	lzma2	prefix	883	54760542
sample	prose_heavy	slob	lzma2	prefix	884	911709
sample	prose_heavy	slob	lzma2	prefix	885	893166
sample	prose_heavy	slob	lzma2	prefix	886	58120166
sample	prose_heavy	slob	lzma2	prefix	887	70443750
sample	prose_heavy	slob	lzma2	prefix	888	844000
sample	prose_heavy	slob	lzma2	prefix	889	1154833
sample	prose_heavy	slob	lzma2	prefix	890	54054917
sample	prose_heavy	slob	lzma2	prefix	891	85541667
sample	prose_heavy	slob	lzma2	prefix	892	3710333
sample	prose_heavy	slob	lzma2	prefix	893	2384125
sample	prose_heavy	slob	lzma2	prefix	894	82780750
sample	prose_heavy	slob	lzma2	prefix	895	61113917
sample	prose_heavy	slob	lzma2	prefix	896	747166
sample	prose_heavy	slob	lzma2	prefix	897	1032666
sample	prose_heavy	slob	lzma2	prefix	898	54836584
sample	prose_heavy	slob	lzma2	prefix	899	63050334
sample	prose_heavy	slob	lzma2	prefix	900	923916
sample	prose_heavy	slob	lzma2	prefix	901	1052500
sample	prose_heavy	slob	lzma2	prefix	902	57004208
sample	prose_heavy	slob	lzma2	prefix	903	50669291
sample	prose_heavy	slob	lzma2	prefix	904	1032333
sample	prose_heavy	slob	lzma2	prefix	905	1007042
sample	prose_heavy	slob	lzma2	prefix	906	60553916
sample	prose_heavy	slob	lzma2	prefix	907	60667292
sample	prose_heavy	slob	lzma2	prefix	908	1643708
sample	prose_heavy	slob	lzma2	prefix	909	952167
sample	prose_heavy	slob	lzma2	prefix	910	52346416
sample	prose_heavy	slob	lzma2	prefix	911	58753666
sample	prose_heavy	slob	lzma2	prefix	912	761042
sample	prose_heavy	slob	lzma2	prefix	913	1147333
sample	prose_heavy	slob	lzma2	prefix	914	62193500
sample	prose_heavy	slob	lzma2	prefix	915	62954333
sample	prose_heavy	slob	lzma2	prefix	916	1839167
sample	prose_heavy	slob	lzma2	prefix	917	1120875
sample	prose_heavy	slob	lzma2	prefix	918	55729625
sample	prose_heavy	slob	lzma2	prefix	919	69048291
sample	prose_heavy	slob	lzma2	prefix	920	776917
sample	prose_heavy	slob	lzma2	prefix	921	968167
sample	prose_heavy	slob	lzma2	prefix	922	61943291
sample	prose_heavy	slob	lzma2	prefix	923	66473625
sample	prose_heavy	slob	lzma2	prefix	924	1269500
sample	prose_heavy	slob	lzma2	prefix	925	2738083
sample	prose_heavy	slob	lzma2	prefix	926	70451542
sample	prose_heavy	slob	lzma2	prefix	927	59175375
sample	prose_heavy	slob	lzma2	prefix	928	2643833
sample	prose_heavy	slob	lzma2	prefix	929	1006875
sample	prose_heavy	slob	lzma2	prefix	930	52940083
sample	prose_heavy	slob	lzma2	prefix	931	50994291
sample	prose_heavy	slob	lzma2	prefix	932	2264916
sample	prose_heavy	slob	lzma2	prefix	933	1331417
sample	prose_heavy	slob	lzma2	prefix	934	61526833
sample	prose_heavy	slob	lzma2	prefix	935	60093875
sample	prose_heavy	slob	lzma2	prefix	936	1305083
sample	prose_heavy	slob	lzma2	prefix	937	2545959
sample	prose_heavy	slob	lzma2	prefix	938	53361584
sample	prose_heavy	slob	lzma2	prefix	939	63579333
sample	prose_heavy	slob	lzma2	prefix	940	1036375
sample	prose_heavy	slob	lzma2	prefix	941	1357125
sample	prose_heavy	slob	lzma2	prefix	942	60325458
sample	prose_heavy	slob	lzma2	prefix	943	61394167
sample	prose_heavy	slob	lzma2	prefix	944	2242708
sample	prose_heavy	slob	lzma2	prefix	945	1587541
sample	prose_heavy	slob	lzma2	prefix	946	58111417
sample	prose_heavy	slob	lzma2	prefix	947	59628833
sample	prose_heavy	slob	lzma2	prefix	948	1293792
sample	prose_heavy	slob	lzma2	prefix	949	1199042
sample	prose_heavy	slob	lzma2	prefix	950	74120917
sample	prose_heavy	slob	lzma2	prefix	951	52164042
sample	prose_heavy	slob	lzma2	prefix	952	892625
sample	prose_heavy	slob	lzma2	prefix	953	1068292
sample	prose_heavy	slob	lzma2	prefix	954	66830209
sample	prose_heavy	slob	lzma2	prefix	955	54546500
sample	prose_heavy	slob	lzma2	prefix	956	1996000
sample	prose_heavy	slob	lzma2	prefix	957	2232625
sample	prose_heavy	slob	lzma2	prefix	958	62215625
sample	prose_heavy	slob	lzma2	prefix	959	57151375
sample	prose_heavy	slob	lzma2	prefix	960	760458
sample	prose_heavy	slob	lzma2	prefix	961	1127625
sample	prose_heavy	slob	lzma2	prefix	962	56521333
sample	prose_heavy	slob	lzma2	prefix	963	54639625
sample	prose_heavy	slob	lzma2	prefix	964	2136667
sample	prose_heavy	slob	lzma2	prefix	965	824292
sample	prose_heavy	slob	lzma2	prefix	966	49120333
sample	prose_heavy	slob	lzma2	prefix	967	64992833
sample	prose_heavy	slob	lzma2	prefix	968	1610041
sample	prose_heavy	slob	lzma2	prefix	969	3871500
sample	prose_heavy	slob	lzma2	prefix	970	56104875
sample	prose_heavy	slob	lzma2	prefix	971	52711458
sample	prose_heavy	slob	lzma2	prefix	972	920500
sample	prose_heavy	slob	lzma2	prefix	973	818166
sample	prose_heavy	slob	lzma2	prefix	974	53931708
sample	prose_heavy	slob	lzma2	prefix	975	65204292
sample	prose_heavy	slob	lzma2	prefix	976	1716334
sample	prose_heavy	slob	lzma2	prefix	977	949542
sample	prose_heavy	slob	lzma2	prefix	978	53212791
sample	prose_heavy	slob	lzma2	prefix	979	64505917
sample	prose_heavy	slob	lzma2	prefix	980	1020833
sample	prose_heavy	slob	lzma2	prefix	981	1833834
sample	prose_heavy	slob	lzma2	prefix	982	68560875
sample	prose_heavy	slob	lzma2	prefix	983	59390333
sample	prose_heavy	slob	lzma2	prefix	984	1035834
sample	prose_heavy	slob	lzma2	prefix	985	883125
sample	prose_heavy	slob	lzma2	prefix	986	53794875
sample	prose_heavy	slob	lzma2	prefix	987	64080125
sample	prose_heavy	slob	lzma2	prefix	988	1115667
sample	prose_heavy	slob	lzma2	prefix	989	1492708
sample	prose_heavy	slob	lzma2	prefix	990	58780458
sample	prose_heavy	slob	lzma2	prefix	991	66151208
sample	prose_heavy	slob	lzma2	prefix	992	2199458
sample	prose_heavy	slob	lzma2	prefix	993	1075250
sample	prose_heavy	slob	lzma2	prefix	994	65609166
sample	prose_heavy	slob	lzma2	prefix	995	97871250
sample	prose_heavy	slob	lzma2	prefix	996	2259708
sample	prose_heavy	slob	lzma2	prefix	997	3147875
sample	prose_heavy	slob	lzma2	prefix	998	62273375
sample	prose_heavy	slob	lzma2	prefix	999	57007666
sample	prose_heavy	slob	lzma2	render	0	410208
sample	prose_heavy	slob	lzma2	render	1	250917
sample	prose_heavy	slob	lzma2	render	2	199916
sample	prose_heavy	slob	lzma2	render	3	252333
sample	prose_heavy	slob	lzma2	render	4	234458
sample	prose_heavy	slob	lzma2	render	5	256792
sample	prose_heavy	slob	lzma2	render	6	429875
sample	prose_heavy	slob	lzma2	render	7	292417
sample	prose_heavy	slob	lzma2	render	8	217417
sample	prose_heavy	slob	lzma2	render	9	111083
sample	prose_heavy	slob	lzma2	render	10	86458
sample	prose_heavy	slob	lzma2	render	11	55125
sample	prose_heavy	slob	lzma2	render	12	81666
sample	prose_heavy	slob	lzma2	render	13	54583
sample	prose_heavy	slob	lzma2	render	14	234541
sample	prose_heavy	slob	lzma2	render	15	47375
sample	prose_heavy	slob	lzma2	render	16	26500
sample	prose_heavy	slob	lzma2	render	17	36666
sample	prose_heavy	slob	lzma2	render	18	34208
sample	prose_heavy	slob	lzma2	render	19	25209
sample	prose_heavy	slob	lzma2	render	20	152167
sample	prose_heavy	slob	lzma2	render	21	28875
sample	prose_heavy	slob	lzma2	render	22	20583
sample	prose_heavy	slob	lzma2	render	23	61333
sample	prose_heavy	slob	lzma2	render	24	604250
sample	prose_heavy	slob	lzma2	render	25	22000
sample	prose_heavy	slob	lzma2	render	26	20667
sample	prose_heavy	slob	lzma2	render	27	19459
sample	prose_heavy	slob	lzma2	render	28	56625
sample	prose_heavy	slob	lzma2	render	29	38042
sample	prose_heavy	slob	lzma2	render	30	29916
sample	prose_heavy	slob	lzma2	render	31	196333
sample	prose_heavy	slob	lzma2	render	32	73541
sample	prose_heavy	slob	lzma2	render	33	55583
sample	prose_heavy	slob	lzma2	render	34	51916
sample	prose_heavy	slob	lzma2	render	35	50500
sample	prose_heavy	slob	lzma2	render	36	108333
sample	prose_heavy	slob	lzma2	render	37	277708
sample	prose_heavy	slob	lzma2	render	38	107708
sample	prose_heavy	slob	lzma2	render	39	35000
sample	prose_heavy	slob	lzma2	render	40	19708
sample	prose_heavy	slob	lzma2	render	41	19084
sample	prose_heavy	slob	lzma2	render	42	18417
sample	prose_heavy	slob	lzma2	render	43	44083
sample	prose_heavy	slob	lzma2	render	44	22584
sample	prose_heavy	slob	lzma2	render	45	72125
sample	prose_heavy	slob	lzma2	render	46	21291
sample	prose_heavy	slob	lzma2	render	47	127166
sample	prose_heavy	slob	lzma2	render	48	59167
sample	prose_heavy	slob	lzma2	render	49	25833
sample	prose_heavy	slob	lzma2	render	50	20500
sample	prose_heavy	slob	lzma2	render	51	135000
sample	prose_heavy	slob	lzma2	render	52	141166
sample	prose_heavy	slob	lzma2	render	53	78459
sample	prose_heavy	slob	lzma2	render	54	83791
sample	prose_heavy	slob	lzma2	render	55	42125
sample	prose_heavy	slob	lzma2	render	56	21959
sample	prose_heavy	slob	lzma2	render	57	19541
sample	prose_heavy	slob	lzma2	render	58	19209
sample	prose_heavy	slob	lzma2	render	59	80416
sample	prose_heavy	slob	lzma2	render	60	36583
sample	prose_heavy	slob	lzma2	render	61	21791
sample	prose_heavy	slob	lzma2	render	62	27541
sample	prose_heavy	slob	lzma2	render	63	19083
sample	prose_heavy	slob	lzma2	render	64	71792
sample	prose_heavy	slob	lzma2	render	65	23542
sample	prose_heavy	slob	lzma2	render	66	20334
sample	prose_heavy	slob	lzma2	render	67	38417
sample	prose_heavy	slob	lzma2	render	68	22375
sample	prose_heavy	slob	lzma2	render	69	20917
sample	prose_heavy	slob	lzma2	render	70	20292
sample	prose_heavy	slob	lzma2	render	71	60958
sample	prose_heavy	slob	lzma2	render	72	113708
sample	prose_heavy	slob	lzma2	render	73	34917
sample	prose_heavy	slob	lzma2	render	74	20292
sample	prose_heavy	slob	lzma2	render	75	157000
sample	prose_heavy	slob	lzma2	render	76	56875
sample	prose_heavy	slob	lzma2	render	77	49083
sample	prose_heavy	slob	lzma2	render	78	23834
sample	prose_heavy	slob	lzma2	render	79	43208
sample	prose_heavy	slob	lzma2	render	80	125208
sample	prose_heavy	slob	lzma2	render	81	131916
sample	prose_heavy	slob	lzma2	render	82	39500
sample	prose_heavy	slob	lzma2	render	83	21791
sample	prose_heavy	slob	lzma2	render	84	155041
sample	prose_heavy	slob	lzma2	render	85	63542
sample	prose_heavy	slob	lzma2	render	86	23000
sample	prose_heavy	slob	lzma2	render	87	32750
sample	prose_heavy	slob	lzma2	render	88	26208
sample	prose_heavy	slob	lzma2	render	89	22166
sample	prose_heavy	slob	lzma2	render	90	106333
sample	prose_heavy	slob	lzma2	render	91	29375
sample	prose_heavy	slob	lzma2	render	92	34375
sample	prose_heavy	slob	lzma2	render	93	26541
sample	prose_heavy	slob	lzma2	render	94	20750
sample	prose_heavy	slob	lzma2	render	95	194417
sample	prose_heavy	slob	lzma2	render	96	140041
sample	prose_heavy	slob	lzma2	render	97	43708
sample	prose_heavy	slob	lzma2	render	98	24708
sample	prose_heavy	slob	lzma2	render	99	19709
sample	prose_heavy	slob	lzma2	render	100	18750
sample	prose_heavy	slob	lzma2	render	101	18291
sample	prose_heavy	slob	lzma2	render	102	69125
sample	prose_heavy	slob	lzma2	render	103	134084
sample	prose_heavy	slob	lzma2	render	104	39084
sample	prose_heavy	slob	lzma2	render	105	26583
sample	prose_heavy	slob	lzma2	render	106	20416
sample	prose_heavy	slob	lzma2	render	107	19042
sample	prose_heavy	slob	lzma2	render	108	60292
sample	prose_heavy	slob	lzma2	render	109	42166
sample	prose_heavy	slob	lzma2	render	110	26167
sample	prose_heavy	slob	lzma2	render	111	19916
sample	prose_heavy	slob	lzma2	render	112	31500
sample	prose_heavy	slob	lzma2	render	113	110166
sample	prose_heavy	slob	lzma2	render	114	1143500
sample	prose_heavy	slob	lzma2	render	115	42334
sample	prose_heavy	slob	lzma2	render	116	22583
sample	prose_heavy	slob	lzma2	render	117	22750
sample	prose_heavy	slob	lzma2	render	118	18709
sample	prose_heavy	slob	lzma2	render	119	18500
sample	prose_heavy	slob	lzma2	render	120	17875
sample	prose_heavy	slob	lzma2	render	121	79625
sample	prose_heavy	slob	lzma2	render	122	26500
sample	prose_heavy	slob	lzma2	render	123	20667
sample	prose_heavy	slob	lzma2	render	124	48042
sample	prose_heavy	slob	lzma2	render	125	26083
sample	prose_heavy	slob	lzma2	render	126	20958
sample	prose_heavy	slob	lzma2	render	127	18916
sample	prose_heavy	slob	lzma2	render	128	120334
sample	prose_heavy	slob	lzma2	render	129	68541
sample	prose_heavy	slob	lzma2	render	130	59916
sample	prose_heavy	slob	lzma2	render	131	67500
sample	prose_heavy	slob	lzma2	render	132	66708
sample	prose_heavy	slob	lzma2	render	133	146041
sample	prose_heavy	slob	lzma2	render	134	50750
sample	prose_heavy	slob	lzma2	render	135	46708
sample	prose_heavy	slob	lzma2	render	136	19166
sample	prose_heavy	slob	lzma2	render	137	19333
sample	prose_heavy	slob	lzma2	render	138	18125
sample	prose_heavy	slob	lzma2	render	139	62291
sample	prose_heavy	slob	lzma2	render	140	23750
sample	prose_heavy	slob	lzma2	render	141	20625
sample	prose_heavy	slob	lzma2	render	142	19333
sample	prose_heavy	slob	lzma2	render	143	181417
sample	prose_heavy	slob	lzma2	render	144	29917
sample	prose_heavy	slob	lzma2	render	145	85666
sample	prose_heavy	slob	lzma2	render	146	29875
sample	prose_heavy	slob	lzma2	render	147	38666
sample	prose_heavy	slob	lzma2	render	148	272583
sample	prose_heavy	slob	lzma2	render	149	45500
sample	prose_heavy	slob	lzma2	render	150	22666
sample	prose_heavy	slob	lzma2	render	151	19166
sample	prose_heavy	slob	lzma2	render	152	18917
sample	prose_heavy	slob	lzma2	render	153	138958
sample	prose_heavy	slob	lzma2	render	154	84416
sample	prose_heavy	slob	lzma2	render	155	129625
sample	prose_heavy	slob	lzma2	render	156	83625
sample	prose_heavy	slob	lzma2	render	157	31209
sample	prose_heavy	slob	lzma2	render	158	26792
sample	prose_heavy	slob	lzma2	render	159	20458
sample	prose_heavy	slob	lzma2	render	160	211708
sample	prose_heavy	slob	lzma2	render	161	79167
sample	prose_heavy	slob	lzma2	render	162	35042
sample	prose_heavy	slob	lzma2	render	163	22334
sample	prose_heavy	slob	lzma2	render	164	34375
sample	prose_heavy	slob	lzma2	render	165	22292
sample	prose_heavy	slob	lzma2	render	166	20000
sample	prose_heavy	slob	lzma2	render	167	19625
sample	prose_heavy	slob	lzma2	render	168	18375
sample	prose_heavy	slob	lzma2	render	169	150750
sample	prose_heavy	slob	lzma2	render	170	38875
sample	prose_heavy	slob	lzma2	render	171	32625
sample	prose_heavy	slob	lzma2	render	172	34625
sample	prose_heavy	slob	lzma2	render	173	23958
sample	prose_heavy	slob	lzma2	render	174	28166
sample	prose_heavy	slob	lzma2	render	175	19833
sample	prose_heavy	slob	lzma2	render	176	19417
sample	prose_heavy	slob	lzma2	render	177	19083
sample	prose_heavy	slob	lzma2	render	178	19333
sample	prose_heavy	slob	lzma2	render	179	18458
sample	prose_heavy	slob	lzma2	render	180	38792
sample	prose_heavy	slob	lzma2	render	181	19125
sample	prose_heavy	slob	lzma2	render	182	18833
sample	prose_heavy	slob	lzma2	render	183	17875
sample	prose_heavy	slob	lzma2	render	184	39000
sample	prose_heavy	slob	lzma2	render	185	20916
sample	prose_heavy	slob	lzma2	render	186	199667
sample	prose_heavy	slob	lzma2	render	187	47583
sample	prose_heavy	slob	lzma2	render	188	25083
sample	prose_heavy	slob	lzma2	render	189	43041
sample	prose_heavy	slob	lzma2	render	190	114250
sample	prose_heavy	slob	lzma2	render	191	34291
sample	prose_heavy	slob	lzma2	render	192	28625
sample	prose_heavy	slob	lzma2	render	193	105750
sample	prose_heavy	slob	lzma2	render	194	241042
sample	prose_heavy	slob	lzma2	render	195	41708
sample	prose_heavy	slob	lzma2	render	196	22833
sample	prose_heavy	slob	lzma2	render	197	29417
sample	prose_heavy	slob	lzma2	render	198	140875
sample	prose_heavy	slob	lzma2	render	199	71541
sample	prose_heavy	slob	lzma2	render	200	42208
sample	prose_heavy	slob	lzma2	render	201	31333
sample	prose_heavy	slob	lzma2	render	202	21042
sample	prose_heavy	slob	lzma2	render	203	18667
sample	prose_heavy	slob	lzma2	render	204	18250
sample	prose_heavy	slob	lzma2	render	205	17875
sample	prose_heavy	slob	lzma2	render	206	37791
sample	prose_heavy	slob	lzma2	render	207	22292
sample	prose_heavy	slob	lzma2	render	208	151042
sample	prose_heavy	slob	lzma2	render	209	39666
sample	prose_heavy	slob	lzma2	render	210	22125
sample	prose_heavy	slob	lzma2	render	211	20667
sample	prose_heavy	slob	lzma2	render	212	18917
sample	prose_heavy	slob	lzma2	render	213	18625
sample	prose_heavy	slob	lzma2	render	214	38208
sample	prose_heavy	slob	lzma2	render	215	25833
sample	prose_heavy	slob	lzma2	render	216	22959
sample	prose_heavy	slob	lzma2	render	217	32083
sample	prose_heavy	slob	lzma2	render	218	22125
sample	prose_heavy	slob	lzma2	render	219	25292
sample	prose_heavy	slob	lzma2	render	220	19042
sample	prose_heavy	slob	lzma2	render	221	18292
sample	prose_heavy	slob	lzma2	render	222	18584
sample	prose_heavy	slob	lzma2	render	223	18625
sample	prose_heavy	slob	lzma2	render	224	41083
sample	prose_heavy	slob	lzma2	render	225	47291
sample	prose_heavy	slob	lzma2	render	226	80000
sample	prose_heavy	slob	lzma2	render	227	56500
sample	prose_heavy	slob	lzma2	render	228	49042
sample	prose_heavy	slob	lzma2	render	229	46625
sample	prose_heavy	slob	lzma2	render	230	55583
sample	prose_heavy	slob	lzma2	render	231	46458
sample	prose_heavy	slob	lzma2	render	232	46500
sample	prose_heavy	slob	lzma2	render	233	59916
sample	prose_heavy	slob	lzma2	render	234	36458
sample	prose_heavy	slob	lzma2	render	235	21459
sample	prose_heavy	slob	lzma2	render	236	19542
sample	prose_heavy	slob	lzma2	render	237	142792
sample	prose_heavy	slob	lzma2	render	238	569959
sample	prose_heavy	slob	lzma2	render	239	26708
sample	prose_heavy	slob	lzma2	render	240	109166
sample	prose_heavy	slob	lzma2	render	241	106000
sample	prose_heavy	slob	lzma2	render	242	47000
sample	prose_heavy	slob	lzma2	render	243	21875
sample	prose_heavy	slob	lzma2	render	244	178250
sample	prose_heavy	slob	lzma2	render	245	263333
sample	prose_heavy	slob	lzma2	render	246	48916
sample	prose_heavy	slob	lzma2	render	247	20333
sample	prose_heavy	slob	lzma2	render	248	20584
sample	prose_heavy	slob	lzma2	render	249	19417
sample	prose_heavy	slob	lzma2	render	250	36083
sample	prose_heavy	slob	lzma2	render	251	21541
sample	prose_heavy	slob	lzma2	render	252	57084
sample	prose_heavy	slob	lzma2	render	253	32708
sample	prose_heavy	slob	lzma2	render	254	19959
sample	prose_heavy	slob	lzma2	render	255	19916
sample	prose_heavy	slob	lzma2	render	256	31125
sample	prose_heavy	slob	lzma2	render	257	148417
sample	prose_heavy	slob	lzma2	render	258	45792
sample	prose_heavy	slob	lzma2	render	259	21500
sample	prose_heavy	slob	lzma2	render	260	19375
sample	prose_heavy	slob	lzma2	render	261	19000
sample	prose_heavy	slob	lzma2	render	262	19084
sample	prose_heavy	slob	lzma2	render	263	18708
sample	prose_heavy	slob	lzma2	render	264	142084
sample	prose_heavy	slob	lzma2	render	265	53208
sample	prose_heavy	slob	lzma2	render	266	23917
sample	prose_heavy	slob	lzma2	render	267	20125
sample	prose_heavy	slob	lzma2	render	268	32042
sample	prose_heavy	slob	lzma2	render	269	26458
sample	prose_heavy	slob	lzma2	render	270	18125
sample	prose_heavy	slob	lzma2	render	271	49500
sample	prose_heavy	slob	lzma2	render	272	35542
sample	prose_heavy	slob	lzma2	render	273	38459
sample	prose_heavy	slob	lzma2	render	274	21042
sample	prose_heavy	slob	lzma2	render	275	37375
sample	prose_heavy	slob	lzma2	render	276	21666
sample	prose_heavy	slob	lzma2	render	277	77042
sample	prose_heavy	slob	lzma2	render	278	24375
sample	prose_heavy	slob	lzma2	render	279	26916
sample	prose_heavy	slob	lzma2	render	280	20083
sample	prose_heavy	slob	lzma2	render	281	19875
sample	prose_heavy	slob	lzma2	render	282	19500
sample	prose_heavy	slob	lzma2	render	283	857166
sample	prose_heavy	slob	lzma2	render	284	108042
sample	prose_heavy	slob	lzma2	render	285	25584
sample	prose_heavy	slob	lzma2	render	286	21542
sample	prose_heavy	slob	lzma2	render	287	18625
sample	prose_heavy	slob	lzma2	render	288	69083
sample	prose_heavy	slob	lzma2	render	289	33459
sample	prose_heavy	slob	lzma2	render	290	435042
sample	prose_heavy	slob	lzma2	render	291	91833
sample	prose_heavy	slob	lzma2	render	292	56875
sample	prose_heavy	slob	lzma2	render	293	115916
sample	prose_heavy	slob	lzma2	render	294	53209
sample	prose_heavy	slob	lzma2	render	295	28916
sample	prose_heavy	slob	lzma2	render	296	20166
sample	prose_heavy	slob	lzma2	render	297	18584
sample	prose_heavy	slob	lzma2	render	298	34000
sample	prose_heavy	slob	lzma2	render	299	21750
sample	prose_heavy	slob	lzma2	render	300	19959
sample	prose_heavy	slob	lzma2	render	301	21083
sample	prose_heavy	slob	lzma2	render	302	20875
sample	prose_heavy	slob	lzma2	render	303	20208
sample	prose_heavy	slob	lzma2	render	304	18875
sample	prose_heavy	slob	lzma2	render	305	18833
sample	prose_heavy	slob	lzma2	render	306	18916
sample	prose_heavy	slob	lzma2	render	307	22583
sample	prose_heavy	slob	lzma2	render	308	36208
sample	prose_heavy	slob	lzma2	render	309	21917
sample	prose_heavy	slob	lzma2	render	310	272625
sample	prose_heavy	slob	lzma2	render	311	47041
sample	prose_heavy	slob	lzma2	render	312	43375
sample	prose_heavy	slob	lzma2	render	313	21958
sample	prose_heavy	slob	lzma2	render	314	19750
sample	prose_heavy	slob	lzma2	render	315	38208
sample	prose_heavy	slob	lzma2	render	316	109584
sample	prose_heavy	slob	lzma2	render	317	49875
sample	prose_heavy	slob	lzma2	render	318	23209
sample	prose_heavy	slob	lzma2	render	319	55166
sample	prose_heavy	slob	lzma2	render	320	24708
sample	prose_heavy	slob	lzma2	render	321	20916
sample	prose_heavy	slob	lzma2	render	322	159916
sample	prose_heavy	slob	lzma2	render	323	211000
sample	prose_heavy	slob	lzma2	render	324	190417
sample	prose_heavy	slob	lzma2	render	325	572084
sample	prose_heavy	slob	lzma2	render	326	245542
sample	prose_heavy	slob	lzma2	render	327	115375
sample	prose_heavy	slob	lzma2	render	328	84333
sample	prose_heavy	slob	lzma2	render	329	49625
sample	prose_heavy	slob	lzma2	render	330	112583
sample	prose_heavy	slob	lzma2	render	331	28708
sample	prose_heavy	slob	lzma2	render	332	21417
sample	prose_heavy	slob	lzma2	render	333	18709
sample	prose_heavy	slob	lzma2	render	334	132084
sample	prose_heavy	slob	lzma2	render	335	46792
sample	prose_heavy	slob	lzma2	render	336	23416
sample	prose_heavy	slob	lzma2	render	337	19084
sample	prose_heavy	slob	lzma2	render	338	136333
sample	prose_heavy	slob	lzma2	render	339	62083
sample	prose_heavy	slob	lzma2	render	340	23625
sample	prose_heavy	slob	lzma2	render	341	20000
sample	prose_heavy	slob	lzma2	render	342	18500
sample	prose_heavy	slob	lzma2	render	343	19500
sample	prose_heavy	slob	lzma2	render	344	123958
sample	prose_heavy	slob	lzma2	render	345	66875
sample	prose_heavy	slob	lzma2	render	346	82917
sample	prose_heavy	slob	lzma2	render	347	58208
sample	prose_heavy	slob	lzma2	render	348	64042
sample	prose_heavy	slob	lzma2	render	349	22917
sample	prose_heavy	slob	lzma2	render	350	94833
sample	prose_heavy	slob	lzma2	render	351	126042
sample	prose_heavy	slob	lzma2	render	352	35875
sample	prose_heavy	slob	lzma2	render	353	21708
sample	prose_heavy	slob	lzma2	render	354	112750
sample	prose_heavy	slob	lzma2	render	355	36208
sample	prose_heavy	slob	lzma2	render	356	28500
sample	prose_heavy	slob	lzma2	render	357	155208
sample	prose_heavy	slob	lzma2	render	358	91084
sample	prose_heavy	slob	lzma2	render	359	67541
sample	prose_heavy	slob	lzma2	render	360	24792
sample	prose_heavy	slob	lzma2	render	361	20791
sample	prose_heavy	slob	lzma2	render	362	158625
sample	prose_heavy	slob	lzma2	render	363	78917
sample	prose_heavy	slob	lzma2	render	364	37917
sample	prose_heavy	slob	lzma2	render	365	34542
sample	prose_heavy	slob	lzma2	render	366	24916
sample	prose_heavy	slob	lzma2	render	367	20083
sample	prose_heavy	slob	lzma2	render	368	19417
sample	prose_heavy	slob	lzma2	render	369	150667
sample	prose_heavy	slob	lzma2	render	370	57250
sample	prose_heavy	slob	lzma2	render	371	25541
sample	prose_heavy	slob	lzma2	render	372	19833
sample	prose_heavy	slob	lzma2	render	373	18667
sample	prose_heavy	slob	lzma2	render	374	38667
sample	prose_heavy	slob	lzma2	render	375	22000
sample	prose_heavy	slob	lzma2	render	376	19625
sample	prose_heavy	slob	lzma2	render	377	19625
sample	prose_heavy	slob	lzma2	render	378	20250
sample	prose_heavy	slob	lzma2	render	379	20167
sample	prose_heavy	slob	lzma2	render	380	32875
sample	prose_heavy	slob	lzma2	render	381	117000
sample	prose_heavy	slob	lzma2	render	382	51833
sample	prose_heavy	slob	lzma2	render	383	132708
sample	prose_heavy	slob	lzma2	render	384	61583
sample	prose_heavy	slob	lzma2	render	385	26875
sample	prose_heavy	slob	lzma2	render	386	19625
sample	prose_heavy	slob	lzma2	render	387	18708
sample	prose_heavy	slob	lzma2	render	388	31667
sample	prose_heavy	slob	lzma2	render	389	22625
sample	prose_heavy	slob	lzma2	render	390	128333
sample	prose_heavy	slob	lzma2	render	391	61208
sample	prose_heavy	slob	lzma2	render	392	23875
sample	prose_heavy	slob	lzma2	render	393	72084
sample	prose_heavy	slob	lzma2	render	394	35792
sample	prose_heavy	slob	lzma2	render	395	40042
sample	prose_heavy	slob	lzma2	render	396	193959
sample	prose_heavy	slob	lzma2	render	397	109958
sample	prose_heavy	slob	lzma2	render	398	26000
sample	prose_heavy	slob	lzma2	render	399	22125
sample	prose_heavy	slob	lzma2	render	400	19208
sample	prose_heavy	slob	lzma2	render	401	18292
sample	prose_heavy	slob	lzma2	render	402	167792
sample	prose_heavy	slob	lzma2	render	403	28250
sample	prose_heavy	slob	lzma2	render	404	56708
sample	prose_heavy	slob	lzma2	render	405	35417
sample	prose_heavy	slob	lzma2	render	406	24166
sample	prose_heavy	slob	lzma2	render	407	20875
sample	prose_heavy	slob	lzma2	render	408	20000
sample	prose_heavy	slob	lzma2	render	409	19084
sample	prose_heavy	slob	lzma2	render	410	50666
sample	prose_heavy	slob	lzma2	render	411	46250
sample	prose_heavy	slob	lzma2	render	412	28708
sample	prose_heavy	slob	lzma2	render	413	22834
sample	prose_heavy	slob	lzma2	render	414	19750
sample	prose_heavy	slob	lzma2	render	415	35000
sample	prose_heavy	slob	lzma2	render	416	24125
sample	prose_heavy	slob	lzma2	render	417	19083
sample	prose_heavy	slob	lzma2	render	418	18000
sample	prose_heavy	slob	lzma2	render	419	37667
sample	prose_heavy	slob	lzma2	render	420	148250
sample	prose_heavy	slob	lzma2	render	421	103208
sample	prose_heavy	slob	lzma2	render	422	56959
sample	prose_heavy	slob	lzma2	render	423	94750
sample	prose_heavy	slob	lzma2	render	424	139583
sample	prose_heavy	slob	lzma2	render	425	189666
sample	prose_heavy	slob	lzma2	render	426	93167
sample	prose_heavy	slob	lzma2	render	427	91083
sample	prose_heavy	slob	lzma2	render	428	28375
sample	prose_heavy	slob	lzma2	render	429	20125
sample	prose_heavy	slob	lzma2	render	430	19083
sample	prose_heavy	slob	lzma2	render	431	162792
sample	prose_heavy	slob	lzma2	render	432	84625
sample	prose_heavy	slob	lzma2	render	433	29208
sample	prose_heavy	slob	lzma2	render	434	125584
sample	prose_heavy	slob	lzma2	render	435	34416
sample	prose_heavy	slob	lzma2	render	436	20542
sample	prose_heavy	slob	lzma2	render	437	18875
sample	prose_heavy	slob	lzma2	render	438	114416
sample	prose_heavy	slob	lzma2	render	439	128333
sample	prose_heavy	slob	lzma2	render	440	48291
sample	prose_heavy	slob	lzma2	render	441	96917
sample	prose_heavy	slob	lzma2	render	442	38375
sample	prose_heavy	slob	lzma2	render	443	22125
sample	prose_heavy	slob	lzma2	render	444	31292
sample	prose_heavy	slob	lzma2	render	445	24333
sample	prose_heavy	slob	lzma2	render	446	25208
sample	prose_heavy	slob	lzma2	render	447	20833
sample	prose_heavy	slob	lzma2	render	448	20542
sample	prose_heavy	slob	lzma2	render	449	20584
sample	prose_heavy	slob	lzma2	render	450	67208
sample	prose_heavy	slob	lzma2	render	451	22125
sample	prose_heavy	slob	lzma2	render	452	18833
sample	prose_heavy	slob	lzma2	render	453	65250
sample	prose_heavy	slob	lzma2	render	454	24708
sample	prose_heavy	slob	lzma2	render	455	208250
sample	prose_heavy	slob	lzma2	render	456	48833
sample	prose_heavy	slob	lzma2	render	457	21625
sample	prose_heavy	slob	lzma2	render	458	19750
sample	prose_heavy	slob	lzma2	render	459	18667
sample	prose_heavy	slob	lzma2	render	460	74917
sample	prose_heavy	slob	lzma2	render	461	25125
sample	prose_heavy	slob	lzma2	render	462	20125
sample	prose_heavy	slob	lzma2	render	463	19459
sample	prose_heavy	slob	lzma2	render	464	41250
sample	prose_heavy	slob	lzma2	render	465	38542
sample	prose_heavy	slob	lzma2	render	466	20667
sample	prose_heavy	slob	lzma2	render	467	18458
sample	prose_heavy	slob	lzma2	render	468	160291
sample	prose_heavy	slob	lzma2	render	469	148833
sample	prose_heavy	slob	lzma2	render	470	28458
sample	prose_heavy	slob	lzma2	render	471	20916
sample	prose_heavy	slob	lzma2	render	472	36667
sample	prose_heavy	slob	lzma2	render	473	31541
sample	prose_heavy	slob	lzma2	render	474	21292
sample	prose_heavy	slob	lzma2	render	475	35834
sample	prose_heavy	slob	lzma2	render	476	23375
sample	prose_heavy	slob	lzma2	render	477	19167
sample	prose_heavy	slob	lzma2	render	478	192583
sample	prose_heavy	slob	lzma2	render	479	43875
sample	prose_heavy	slob	lzma2	render	480	22750
sample	prose_heavy	slob	lzma2	render	481	19792
sample	prose_heavy	slob	lzma2	render	482	18625
sample	prose_heavy	slob	lzma2	render	483	18083
sample	prose_heavy	slob	lzma2	render	484	58791
sample	prose_heavy	slob	lzma2	render	485	22750
sample	prose_heavy	slob	lzma2	render	486	90041
sample	prose_heavy	slob	lzma2	render	487	30125
sample	prose_heavy	slob	lzma2	render	488	20167
sample	prose_heavy	slob	lzma2	render	489	85708
sample	prose_heavy	slob	lzma2	render	490	38250
sample	prose_heavy	slob	lzma2	render	491	22708
sample	prose_heavy	slob	lzma2	render	492	20542
sample	prose_heavy	slob	lzma2	render	493	122417
sample	prose_heavy	slob	lzma2	render	494	39542
sample	prose_heavy	slob	lzma2	render	495	21875
sample	prose_heavy	slob	lzma2	render	496	21166
sample	prose_heavy	slob	lzma2	render	497	19291
sample	prose_heavy	slob	lzma2	render	498	20417
sample	prose_heavy	slob	lzma2	render	499	32625
sample	prose_heavy	slob	lzma2	render	500	18833
sample	prose_heavy	slob	lzma2	render	501	18792
sample	prose_heavy	slob	lzma2	render	502	59250
sample	prose_heavy	slob	lzma2	render	503	114417
sample	prose_heavy	slob	lzma2	render	504	145417
sample	prose_heavy	slob	lzma2	render	505	29541
sample	prose_heavy	slob	lzma2	render	506	22458
sample	prose_heavy	slob	lzma2	render	507	57708
sample	prose_heavy	slob	lzma2	render	508	40791
sample	prose_heavy	slob	lzma2	render	509	23333
sample	prose_heavy	slob	lzma2	render	510	20958
sample	prose_heavy	slob	lzma2	render	511	21333
sample	prose_heavy	slob	lzma2	render	512	19333
sample	prose_heavy	slob	lzma2	render	513	72333
sample	prose_heavy	slob	lzma2	render	514	25750
sample	prose_heavy	slob	lzma2	render	515	195083
sample	prose_heavy	slob	lzma2	render	516	43125
sample	prose_heavy	slob	lzma2	render	517	22666
sample	prose_heavy	slob	lzma2	render	518	72291
sample	prose_heavy	slob	lzma2	render	519	51791
sample	prose_heavy	slob	lzma2	render	520	214541
sample	prose_heavy	slob	lzma2	render	521	255042
sample	prose_heavy	slob	lzma2	render	522	85125
sample	prose_heavy	slob	lzma2	render	523	55750
sample	prose_heavy	slob	lzma2	render	524	73500
sample	prose_heavy	slob	lzma2	render	525	57708
sample	prose_heavy	slob	lzma2	render	526	23375
sample	prose_heavy	slob	lzma2	render	527	19167
sample	prose_heavy	slob	lzma2	render	528	18500
sample	prose_heavy	slob	lzma2	render	529	22417
sample	prose_heavy	slob	lzma2	render	530	18584
sample	prose_heavy	slob	lzma2	render	531	19041
sample	prose_heavy	slob	lzma2	render	532	127625
sample	prose_heavy	slob	lzma2	render	533	103125
sample	prose_heavy	slob	lzma2	render	534	23750
sample	prose_heavy	slob	lzma2	render	535	57250
sample	prose_heavy	slob	lzma2	render	536	34667
sample	prose_heavy	slob	lzma2	render	537	34916
sample	prose_heavy	slob	lzma2	render	538	22583
sample	prose_heavy	slob	lzma2	render	539	137417
sample	prose_heavy	slob	lzma2	render	540	37917
sample	prose_heavy	slob	lzma2	render	541	23584
sample	prose_heavy	slob	lzma2	render	542	19250
sample	prose_heavy	slob	lzma2	render	543	18416
sample	prose_heavy	slob	lzma2	render	544	754958
sample	prose_heavy	slob	lzma2	render	545	124583
sample	prose_heavy	slob	lzma2	render	546	36208
sample	prose_heavy	slob	lzma2	render	547	21250
sample	prose_heavy	slob	lzma2	render	548	19875
sample	prose_heavy	slob	lzma2	render	549	21750
sample	prose_heavy	slob	lzma2	render	550	39667
sample	prose_heavy	slob	lzma2	render	551	88041
sample	prose_heavy	slob	lzma2	render	552	50916
sample	prose_heavy	slob	lzma2	render	553	36542
sample	prose_heavy	slob	lzma2	render	554	22625
sample	prose_heavy	slob	lzma2	render	555	21416
sample	prose_heavy	slob	lzma2	render	556	19583
sample	prose_heavy	slob	lzma2	render	557	704042
sample	prose_heavy	slob	lzma2	render	558	145542
sample	prose_heavy	slob	lzma2	render	559	127458
sample	prose_heavy	slob	lzma2	render	560	43833
sample	prose_heavy	slob	lzma2	render	561	30458
sample	prose_heavy	slob	lzma2	render	562	22625
sample	prose_heavy	slob	lzma2	render	563	19166
sample	prose_heavy	slob	lzma2	render	564	116416
sample	prose_heavy	slob	lzma2	render	565	29583
sample	prose_heavy	slob	lzma2	render	566	33000
sample	prose_heavy	slob	lzma2	render	567	22208
sample	prose_heavy	slob	lzma2	render	568	36958
sample	prose_heavy	slob	lzma2	render	569	32917
sample	prose_heavy	slob	lzma2	render	570	26041
sample	prose_heavy	slob	lzma2	render	571	21375
sample	prose_heavy	slob	lzma2	render	572	20917
sample	prose_heavy	slob	lzma2	render	573	179500
sample	prose_heavy	slob	lzma2	render	574	34417
sample	prose_heavy	slob	lzma2	render	575	21250
sample	prose_heavy	slob	lzma2	render	576	19542
sample	prose_heavy	slob	lzma2	render	577	18500
sample	prose_heavy	slob	lzma2	render	578	18334
sample	prose_heavy	slob	lzma2	render	579	30292
sample	prose_heavy	slob	lzma2	render	580	38750
sample	prose_heavy	slob	lzma2	render	581	31875
sample	prose_heavy	slob	lzma2	render	582	231458
sample	prose_heavy	slob	lzma2	render	583	39708
sample	prose_heavy	slob	lzma2	render	584	21583
sample	prose_heavy	slob	lzma2	render	585	19125
sample	prose_heavy	slob	lzma2	render	586	61500
sample	prose_heavy	slob	lzma2	render	587	150500
sample	prose_heavy	slob	lzma2	render	588	23125
sample	prose_heavy	slob	lzma2	render	589	20125
sample	prose_heavy	slob	lzma2	render	590	19166
sample	prose_heavy	slob	lzma2	render	591	18583
sample	prose_heavy	slob	lzma2	render	592	35375
sample	prose_heavy	slob	lzma2	render	593	1284125
sample	prose_heavy	slob	lzma2	render	594	50375
sample	prose_heavy	slob	lzma2	render	595	30625
sample	prose_heavy	slob	lzma2	render	596	21083
sample	prose_heavy	slob	lzma2	render	597	125500
sample	prose_heavy	slob	lzma2	render	598	21458
sample	prose_heavy	slob	lzma2	render	599	37333
sample	prose_heavy	slob	lzma2	render	600	22042
sample	prose_heavy	slob	lzma2	render	601	151500
sample	prose_heavy	slob	lzma2	render	602	43625
sample	prose_heavy	slob	lzma2	render	603	21583
sample	prose_heavy	slob	lzma2	render	604	29416
sample	prose_heavy	slob	lzma2	render	605	27333
sample	prose_heavy	slob	lzma2	render	606	21250
sample	prose_heavy	slob	lzma2	render	607	50541
sample	prose_heavy	slob	lzma2	render	608	149292
sample	prose_heavy	slob	lzma2	render	609	246500
sample	prose_heavy	slob	lzma2	render	610	46833
sample	prose_heavy	slob	lzma2	render	611	22750
sample	prose_heavy	slob	lzma2	render	612	20000
sample	prose_heavy	slob	lzma2	render	613	20666
sample	prose_heavy	slob	lzma2	render	614	20583
sample	prose_heavy	slob	lzma2	render	615	41833
sample	prose_heavy	slob	lzma2	render	616	77333
sample	prose_heavy	slob	lzma2	render	617	54375
sample	prose_heavy	slob	lzma2	render	618	48875
sample	prose_heavy	slob	lzma2	render	619	48875
sample	prose_heavy	slob	lzma2	render	620	56041
sample	prose_heavy	slob	lzma2	render	621	50791
sample	prose_heavy	slob	lzma2	render	622	69625
sample	prose_heavy	slob	lzma2	render	623	31459
sample	prose_heavy	slob	lzma2	render	624	154208
sample	prose_heavy	slob	lzma2	render	625	44041
sample	prose_heavy	slob	lzma2	render	626	21375
sample	prose_heavy	slob	lzma2	render	627	31375
sample	prose_heavy	slob	lzma2	render	628	131125
sample	prose_heavy	slob	lzma2	render	629	76875
sample	prose_heavy	slob	lzma2	render	630	75542
sample	prose_heavy	slob	lzma2	render	631	25375
sample	prose_heavy	slob	lzma2	render	632	20000
sample	prose_heavy	slob	lzma2	render	633	170875
sample	prose_heavy	slob	lzma2	render	634	158417
sample	prose_heavy	slob	lzma2	render	635	120875
sample	prose_heavy	slob	lzma2	render	636	45792
sample	prose_heavy	slob	lzma2	render	637	216000
sample	prose_heavy	slob	lzma2	render	638	200375
sample	prose_heavy	slob	lzma2	render	639	60166
sample	prose_heavy	slob	lzma2	render	640	23500
sample	prose_heavy	slob	lzma2	render	641	20000
sample	prose_heavy	slob	lzma2	render	642	46083
sample	prose_heavy	slob	lzma2	render	643	95958
sample	prose_heavy	slob	lzma2	render	644	27625
sample	prose_heavy	slob	lzma2	render	645	19666
sample	prose_heavy	slob	lzma2	render	646	36416
sample	prose_heavy	slob	lzma2	render	647	33500
sample	prose_heavy	slob	lzma2	render	648	21042
sample	prose_heavy	slob	lzma2	render	649	20375
sample	prose_heavy	slob	lzma2	render	650	55292
sample	prose_heavy	slob	lzma2	render	651	46083
sample	prose_heavy	slob	lzma2	render	652	23708
sample	prose_heavy	slob	lzma2	render	653	21833
sample	prose_heavy	slob	lzma2	render	654	36625
sample	prose_heavy	slob	lzma2	render	655	39417
sample	prose_heavy	slob	lzma2	render	656	100291
sample	prose_heavy	slob	lzma2	render	657	93875
sample	prose_heavy	slob	lzma2	render	658	81792
sample	prose_heavy	slob	lzma2	render	659	34959
sample	prose_heavy	slob	lzma2	render	660	24333
sample	prose_heavy	slob	lzma2	render	661	18917
sample	prose_heavy	slob	lzma2	render	662	182000
sample	prose_heavy	slob	lzma2	render	663	74791
sample	prose_heavy	slob	lzma2	render	664	31042
sample	prose_heavy	slob	lzma2	render	665	116375
sample	prose_heavy	slob	lzma2	render	666	118750
sample	prose_heavy	slob	lzma2	render	667	171625
sample	prose_heavy	slob	lzma2	render	668	43417
sample	prose_heavy	slob	lzma2	render	669	33208
sample	prose_heavy	slob	lzma2	render	670	40292
sample	prose_heavy	slob	lzma2	render	671	23041
sample	prose_heavy	slob	lzma2	render	672	36417
sample	prose_heavy	slob	lzma2	render	673	22709
sample	prose_heavy	slob	lzma2	render	674	25083
sample	prose_heavy	slob	lzma2	render	675	22584
sample	prose_heavy	slob	lzma2	render	676	21375
sample	prose_heavy	slob	lzma2	render	677	21209
sample	prose_heavy	slob	lzma2	render	678	115083
sample	prose_heavy	slob	lzma2	render	679	55875
sample	prose_heavy	slob	lzma2	render	680	31708
sample	prose_heavy	slob	lzma2	render	681	22209
sample	prose_heavy	slob	lzma2	render	682	19333
sample	prose_heavy	slob	lzma2	render	683	122958
sample	prose_heavy	slob	lzma2	render	684	44125
sample	prose_heavy	slob	lzma2	render	685	23667
sample	prose_heavy	slob	lzma2	render	686	34500
sample	prose_heavy	slob	lzma2	render	687	21125
sample	prose_heavy	slob	lzma2	render	688	21458
sample	prose_heavy	slob	lzma2	render	689	18917
sample	prose_heavy	slob	lzma2	render	690	57583
sample	prose_heavy	slob	lzma2	render	691	139375
sample	prose_heavy	slob	lzma2	render	692	32833
sample	prose_heavy	slob	lzma2	render	693	20458
sample	prose_heavy	slob	lzma2	render	694	18500
sample	prose_heavy	slob	lzma2	render	695	60875
sample	prose_heavy	slob	lzma2	render	696	23500
sample	prose_heavy	slob	lzma2	render	697	36959
sample	prose_heavy	slob	lzma2	render	698	48667
sample	prose_heavy	slob	lzma2	render	699	168292
sample	prose_heavy	slob	lzma2	render	700	36333
sample	prose_heavy	slob	lzma2	render	701	33041
sample	prose_heavy	slob	lzma2	render	702	29958
sample	prose_heavy	slob	lzma2	render	703	20875
sample	prose_heavy	slob	lzma2	render	704	19041
sample	prose_heavy	slob	lzma2	render	705	59542
sample	prose_heavy	slob	lzma2	render	706	35708
sample	prose_heavy	slob	lzma2	render	707	33959
sample	prose_heavy	slob	lzma2	render	708	20750
sample	prose_heavy	slob	lzma2	render	709	21416
sample	prose_heavy	slob	lzma2	render	710	19584
sample	prose_heavy	slob	lzma2	render	711	18625
sample	prose_heavy	slob	lzma2	render	712	18292
sample	prose_heavy	slob	lzma2	render	713	155375
sample	prose_heavy	slob	lzma2	render	714	291875
sample	prose_heavy	slob	lzma2	render	715	71167
sample	prose_heavy	slob	lzma2	render	716	74709
sample	prose_heavy	slob	lzma2	render	717	62792
sample	prose_heavy	slob	lzma2	render	718	238917
sample	prose_heavy	slob	lzma2	render	719	225708
sample	prose_heavy	slob	lzma2	render	720	74792
sample	prose_heavy	slob	lzma2	render	721	23084
sample	prose_heavy	slob	lzma2	render	722	20125
sample	prose_heavy	slob	lzma2	render	723	18667
sample	prose_heavy	slob	lzma2	render	724	32000
sample	prose_heavy	slob	lzma2	render	725	31917
sample	prose_heavy	slob	lzma2	render	726	157917
sample	prose_heavy	slob	lzma2	render	727	34709
sample	prose_heavy	slob	lzma2	render	728	34625
sample	prose_heavy	slob	lzma2	render	729	34042
sample	prose_heavy	slob	lzma2	render	730	21792
sample	prose_heavy	slob	lzma2	render	731	21250
sample	prose_heavy	slob	lzma2	render	732	130000
sample	prose_heavy	slob	lzma2	render	733	49500
sample	prose_heavy	slob	lzma2	render	734	20959
sample	prose_heavy	slob	lzma2	render	735	19792
sample	prose_heavy	slob	lzma2	render	736	26375
sample	prose_heavy	slob	lzma2	render	737	18875
sample	prose_heavy	slob	lzma2	render	738	53875
sample	prose_heavy	slob	lzma2	render	739	26167
sample	prose_heavy	slob	lzma2	render	740	18792
sample	prose_heavy	slob	lzma2	render	741	18375
sample	prose_heavy	slob	lzma2	render	742	21084
sample	prose_heavy	slob	lzma2	render	743	38917
sample	prose_heavy	slob	lzma2	render	744	36083
sample	prose_heavy	slob	lzma2	render	745	21084
sample	prose_heavy	slob	lzma2	render	746	53292
sample	prose_heavy	slob	lzma2	render	747	27917
sample	prose_heavy	slob	lzma2	render	748	18667
sample	prose_heavy	slob	lzma2	render	749	19000
sample	prose_heavy	slob	lzma2	render	750	18083
sample	prose_heavy	slob	lzma2	render	751	33709
sample	prose_heavy	slob	lzma2	render	752	22542
sample	prose_heavy	slob	lzma2	render	753	36708
sample	prose_heavy	slob	lzma2	render	754	25375
sample	prose_heavy	slob	lzma2	render	755	28917
sample	prose_heavy	slob	lzma2	render	756	24416
sample	prose_heavy	slob	lzma2	render	757	21250
sample	prose_heavy	slob	lzma2	render	758	33834
sample	prose_heavy	slob	lzma2	render	759	33167
sample	prose_heavy	slob	lzma2	render	760	21000
sample	prose_heavy	slob	lzma2	render	761	21583
sample	prose_heavy	slob	lzma2	render	762	20542
sample	prose_heavy	slob	lzma2	render	763	19167
sample	prose_heavy	slob	lzma2	render	764	77209
sample	prose_heavy	slob	lzma2	render	765	37083
sample	prose_heavy	slob	lzma2	render	766	29375
sample	prose_heavy	slob	lzma2	render	767	22000
sample	prose_heavy	slob	lzma2	render	768	19209
sample	prose_heavy	slob	lzma2	render	769	49042
sample	prose_heavy	slob	lzma2	render	770	19709
sample	prose_heavy	slob	lzma2	render	771	20792
sample	prose_heavy	slob	lzma2	render	772	18917
sample	prose_heavy	slob	lzma2	render	773	19542
sample	prose_heavy	slob	lzma2	render	774	18334
sample	prose_heavy	slob	lzma2	render	775	37959
sample	prose_heavy	slob	lzma2	render	776	32625
sample	prose_heavy	slob	lzma2	render	777	22917
sample	prose_heavy	slob	lzma2	render	778	18417
sample	prose_heavy	slob	lzma2	render	779	18541
sample	prose_heavy	slob	lzma2	render	780	48209
sample	prose_heavy	slob	lzma2	render	781	30458
sample	prose_heavy	slob	lzma2	render	782	21834
sample	prose_heavy	slob	lzma2	render	783	19709
sample	prose_heavy	slob	lzma2	render	784	20000
sample	prose_heavy	slob	lzma2	render	785	19750
sample	prose_heavy	slob	lzma2	render	786	561167
sample	prose_heavy	slob	lzma2	render	787	31208
sample	prose_heavy	slob	lzma2	render	788	20791
sample	prose_heavy	slob	lzma2	render	789	39584
sample	prose_heavy	slob	lzma2	render	790	30625
sample	prose_heavy	slob	lzma2	render	791	21250
sample	prose_heavy	slob	lzma2	render	792	37209
sample	prose_heavy	slob	lzma2	render	793	21708
sample	prose_heavy	slob	lzma2	render	794	34417
sample	prose_heavy	slob	lzma2	render	795	64208
sample	prose_heavy	slob	lzma2	render	796	55334
sample	prose_heavy	slob	lzma2	render	797	22666
sample	prose_heavy	slob	lzma2	render	798	34416
sample	prose_heavy	slob	lzma2	render	799	21000
sample	prose_heavy	slob	lzma2	render	800	134500
sample	prose_heavy	slob	lzma2	render	801	157667
sample	prose_heavy	slob	lzma2	render	802	95458
sample	prose_heavy	slob	lzma2	render	803	48959
sample	prose_heavy	slob	lzma2	render	804	27667
sample	prose_heavy	slob	lzma2	render	805	22250
sample	prose_heavy	slob	lzma2	render	806	19292
sample	prose_heavy	slob	lzma2	render	807	18833
sample	prose_heavy	slob	lzma2	render	808	19250
sample	prose_heavy	slob	lzma2	render	809	136000
sample	prose_heavy	slob	lzma2	render	810	71792
sample	prose_heavy	slob	lzma2	render	811	188041
sample	prose_heavy	slob	lzma2	render	812	64625
sample	prose_heavy	slob	lzma2	render	813	57500
sample	prose_heavy	slob	lzma2	render	814	50334
sample	prose_heavy	slob	lzma2	render	815	51583
sample	prose_heavy	slob	lzma2	render	816	70958
sample	prose_heavy	slob	lzma2	render	817	742708
sample	prose_heavy	slob	lzma2	render	818	35375
sample	prose_heavy	slob	lzma2	render	819	19750
sample	prose_heavy	slob	lzma2	render	820	32625
sample	prose_heavy	slob	lzma2	render	821	25500
sample	prose_heavy	slob	lzma2	render	822	21667
sample	prose_heavy	slob	lzma2	render	823	116958
sample	prose_heavy	slob	lzma2	render	824	141209
sample	prose_heavy	slob	lzma2	render	825	48459
sample	prose_heavy	slob	lzma2	render	826	22291
sample	prose_heavy	slob	lzma2	render	827	19750
sample	prose_heavy	slob	lzma2	render	828	19292
sample	prose_heavy	slob	lzma2	render	829	163958
sample	prose_heavy	slob	lzma2	render	830	140083
sample	prose_heavy	slob	lzma2	render	831	33750
sample	prose_heavy	slob	lzma2	render	832	21375
sample	prose_heavy	slob	lzma2	render	833	29458
sample	prose_heavy	slob	lzma2	render	834	21250
sample	prose_heavy	slob	lzma2	render	835	32833
sample	prose_heavy	slob	lzma2	render	836	21166
sample	prose_heavy	slob	lzma2	render	837	65709
sample	prose_heavy	slob	lzma2	render	838	24917
sample	prose_heavy	slob	lzma2	render	839	20916
sample	prose_heavy	slob	lzma2	render	840	20000
sample	prose_heavy	slob	lzma2	render	841	19875
sample	prose_heavy	slob	lzma2	render	842	39000
sample	prose_heavy	slob	lzma2	render	843	44292
sample	prose_heavy	slob	lzma2	render	844	101834
sample	prose_heavy	slob	lzma2	render	845	52791
sample	prose_heavy	slob	lzma2	render	846	26792
sample	prose_heavy	slob	lzma2	render	847	37333
sample	prose_heavy	slob	lzma2	render	848	124625
sample	prose_heavy	slob	lzma2	render	849	87542
sample	prose_heavy	slob	lzma2	render	850	177750
sample	prose_heavy	slob	lzma2	render	851	42792
sample	prose_heavy	slob	lzma2	render	852	23250
sample	prose_heavy	slob	lzma2	render	853	19750
sample	prose_heavy	slob	lzma2	render	854	23083
sample	prose_heavy	slob	lzma2	render	855	31375
sample	prose_heavy	slob	lzma2	render	856	113500
sample	prose_heavy	slob	lzma2	render	857	39833
sample	prose_heavy	slob	lzma2	render	858	23208
sample	prose_heavy	slob	lzma2	render	859	34166
sample	prose_heavy	slob	lzma2	render	860	53709
sample	prose_heavy	slob	lzma2	render	861	21000
sample	prose_heavy	slob	lzma2	render	862	127542
sample	prose_heavy	slob	lzma2	render	863	34542
sample	prose_heavy	slob	lzma2	render	864	35291
sample	prose_heavy	slob	lzma2	render	865	22333
sample	prose_heavy	slob	lzma2	render	866	62958
sample	prose_heavy	slob	lzma2	render	867	33333
sample	prose_heavy	slob	lzma2	render	868	123416
sample	prose_heavy	slob	lzma2	render	869	36167
sample	prose_heavy	slob	lzma2	render	870	21834
sample	prose_heavy	slob	lzma2	render	871	20125
sample	prose_heavy	slob	lzma2	render	872	82916
sample	prose_heavy	slob	lzma2	render	873	129500
sample	prose_heavy	slob	lzma2	render	874	48708
sample	prose_heavy	slob	lzma2	render	875	21709
sample	prose_heavy	slob	lzma2	render	876	19500
sample	prose_heavy	slob	lzma2	render	877	19000
sample	prose_heavy	slob	lzma2	render	878	18750
sample	prose_heavy	slob	lzma2	render	879	1534375
sample	prose_heavy	slob	lzma2	render	880	63125
sample	prose_heavy	slob	lzma2	render	881	31291
sample	prose_heavy	slob	lzma2	render	882	22666
sample	prose_heavy	slob	lzma2	render	883	34042
sample	prose_heavy	slob	lzma2	render	884	21208
sample	prose_heavy	slob	lzma2	render	885	166250
sample	prose_heavy	slob	lzma2	render	886	73125
sample	prose_heavy	slob	lzma2	render	887	47292
sample	prose_heavy	slob	lzma2	render	888	25375
sample	prose_heavy	slob	lzma2	render	889	34583
sample	prose_heavy	slob	lzma2	render	890	21417
sample	prose_heavy	slob	lzma2	render	891	22292
sample	prose_heavy	slob	lzma2	render	892	20625
sample	prose_heavy	slob	lzma2	render	893	19292
sample	prose_heavy	slob	lzma2	render	894	43375
sample	prose_heavy	slob	lzma2	render	895	21333
sample	prose_heavy	slob	lzma2	render	896	19250
sample	prose_heavy	slob	lzma2	render	897	188708
sample	prose_heavy	slob	lzma2	render	898	46458
sample	prose_heavy	slob	lzma2	render	899	26375
sample	prose_heavy	slob	lzma2	render	900	19333
sample	prose_heavy	slob	lzma2	render	901	19042
sample	prose_heavy	slob	lzma2	render	902	18959
sample	prose_heavy	slob	lzma2	render	903	61042
sample	prose_heavy	slob	lzma2	render	904	32458
sample	prose_heavy	slob	lzma2	render	905	24083
sample	prose_heavy	slob	lzma2	render	906	19958
sample	prose_heavy	slob	lzma2	render	907	24500
sample	prose_heavy	slob	lzma2	render	908	81667
sample	prose_heavy	slob	lzma2	render	909	78709
sample	prose_heavy	slob	lzma2	render	910	252500
sample	prose_heavy	slob	lzma2	render	911	109125
sample	prose_heavy	slob	lzma2	render	912	58083
sample	prose_heavy	slob	lzma2	render	913	54292
sample	prose_heavy	slob	lzma2	render	914	50041
sample	prose_heavy	slob	lzma2	render	915	195625
sample	prose_heavy	slob	lzma2	render	916	135375
sample	prose_heavy	slob	lzma2	render	917	108709
sample	prose_heavy	slob	lzma2	render	918	51667
sample	prose_heavy	slob	lzma2	render	919	98166
sample	prose_heavy	slob	lzma2	render	920	214750
sample	prose_heavy	slob	lzma2	render	921	43625
sample	prose_heavy	slob	lzma2	render	922	24333
sample	prose_heavy	slob	lzma2	render	923	24042
sample	prose_heavy	slob	lzma2	render	924	20459
sample	prose_heavy	slob	lzma2	render	925	44083
sample	prose_heavy	slob	lzma2	render	926	22750
sample	prose_heavy	slob	lzma2	render	927	20584
sample	prose_heavy	slob	lzma2	render	928	18834
sample	prose_heavy	slob	lzma2	render	929	19750
sample	prose_heavy	slob	lzma2	render	930	46417
sample	prose_heavy	slob	lzma2	render	931	22459
sample	prose_heavy	slob	lzma2	render	932	29625
sample	prose_heavy	slob	lzma2	render	933	19333
sample	prose_heavy	slob	lzma2	render	934	21292
sample	prose_heavy	slob	lzma2	render	935	108084
sample	prose_heavy	slob	lzma2	render	936	64042
sample	prose_heavy	slob	lzma2	render	937	25833
sample	prose_heavy	slob	lzma2	render	938	20583
sample	prose_heavy	slob	lzma2	render	939	76166
sample	prose_heavy	slob	lzma2	render	940	26083
sample	prose_heavy	slob	lzma2	render	941	21125
sample	prose_heavy	slob	lzma2	render	942	35375
sample	prose_heavy	slob	lzma2	render	943	19083
sample	prose_heavy	slob	lzma2	render	944	19625
sample	prose_heavy	slob	lzma2	render	945	321084
sample	prose_heavy	slob	lzma2	render	946	157875
sample	prose_heavy	slob	lzma2	render	947	247916
sample	prose_heavy	slob	lzma2	render	948	27250
sample	prose_heavy	slob	lzma2	render	949	1490709
sample	prose_heavy	slob	lzma2	render	950	179041
sample	prose_heavy	slob	lzma2	render	951	81250
sample	prose_heavy	slob	lzma2	render	952	323875
sample	prose_heavy	slob	lzma2	render	953	410709
sample	prose_heavy	slob	lzma2	render	954	145792
sample	prose_heavy	slob	lzma2	render	955	42417
sample	prose_heavy	slob	lzma2	render	956	33083
sample	prose_heavy	slob	lzma2	render	957	22583
sample	prose_heavy	slob	lzma2	render	958	19500
sample	prose_heavy	slob	lzma2	render	959	120708
sample	prose_heavy	slob	lzma2	render	960	40708
sample	prose_heavy	slob	lzma2	render	961	48750
sample	prose_heavy	slob	lzma2	render	962	44750
sample	prose_heavy	slob	lzma2	render	963	22958
sample	prose_heavy	slob	lzma2	render	964	20625
sample	prose_heavy	slob	lzma2	render	965	19209
sample	prose_heavy	slob	lzma2	render	966	19292
sample	prose_heavy	slob	lzma2	render	967	126125
sample	prose_heavy	slob	lzma2	render	968	108542
sample	prose_heavy	slob	lzma2	render	969	141333
sample	prose_heavy	slob	lzma2	render	970	40334
sample	prose_heavy	slob	lzma2	render	971	24709
sample	prose_heavy	slob	lzma2	render	972	19541
sample	prose_heavy	slob	lzma2	render	973	105584
sample	prose_heavy	slob	lzma2	render	974	90625
sample	prose_heavy	slob	lzma2	render	975	24959
sample	prose_heavy	slob	lzma2	render	976	20666
sample	prose_heavy	slob	lzma2	render	977	18917
sample	prose_heavy	slob	lzma2	render	978	27791
sample	prose_heavy	slob	lzma2	render	979	19500
sample	prose_heavy	slob	lzma2	render	980	88625
sample	prose_heavy	slob	lzma2	render	981	50500
sample	prose_heavy	slob	lzma2	render	982	29375
sample	prose_heavy	slob	lzma2	render	983	21000
sample	prose_heavy	slob	lzma2	render	984	125542
sample	prose_heavy	slob	lzma2	render	985	36625
sample	prose_heavy	slob	lzma2	render	986	143875
sample	prose_heavy	slob	lzma2	render	987	36166
sample	prose_heavy	slob	lzma2	render	988	150208
sample	prose_heavy	slob	lzma2	render	989	103375
sample	prose_heavy	slob	lzma2	render	990	53958
sample	prose_heavy	slob	lzma2	render	991	26584
sample	prose_heavy	slob	lzma2	render	992	19125
sample	prose_heavy	slob	lzma2	render	993	22417
sample	prose_heavy	slob	lzma2	render	994	137250
sample	prose_heavy	slob	lzma2	render	995	43458
sample	prose_heavy	slob	lzma2	render	996	22708
sample	prose_heavy	slob	lzma2	render	997	18917
sample	prose_heavy	slob	lzma2	render	998	20584
sample	prose_heavy	slob	lzma2	render	999	19834
result	prose_heavy	slob	lzma2	exact.p50_ns	573625
result	prose_heavy	slob	lzma2	exact.p95_ns	1993291
result	prose_heavy	slob	lzma2	exact.p99_ns	2721000
result	prose_heavy	slob	lzma2	prefix.p50_ns	41633875
result	prose_heavy	slob	lzma2	prefix.p95_ns	65569417
result	prose_heavy	slob	lzma2	prefix.p99_ns	82655750
result	prose_heavy	slob	lzma2	render.p50_ns	33083
result	prose_heavy	slob	lzma2	render.p95_ns	195625
result	prose_heavy	slob	lzma2	render.p99_ns	572084
result	prose_heavy	slob	lzma2	exact.hit.p50_ns	643375
result	prose_heavy	slob	lzma2	exact.hit.p95_ns	2007084
result	prose_heavy	slob	lzma2	exact.hit.p99_ns	2721000
result	prose_heavy	slob	lzma2	exact.miss.p50_ns	480334
result	prose_heavy	slob	lzma2	exact.miss.p95_ns	1920500
result	prose_heavy	slob	lzma2	exact.miss.p99_ns	2655250
result	prose_heavy	slob	lzma2	prefix.zero.p50_ns	1106375
result	prose_heavy	slob	lzma2	prefix.zero.p95_ns	2738083
result	prose_heavy	slob	lzma2	prefix.zero.p99_ns	3309375
result	prose_heavy	slob	lzma2	prefix.one.p50_ns	1280542
result	prose_heavy	slob	lzma2	prefix.one.p95_ns	3443917
result	prose_heavy	slob	lzma2	prefix.one.p99_ns	4183625
result	prose_heavy	slob	lzma2	prefix.many.p50_ns	56896708
result	prose_heavy	slob	lzma2	prefix.many.p95_ns	70451542
result	prose_heavy	slob	lzma2	prefix.many.p99_ns	97871250
result	prose_heavy	slob	lzma2	prefix.pathological.p50_ns	-
result	prose_heavy	slob	lzma2	prefix.pathological.p95_ns	-
result	prose_heavy	slob	lzma2	prefix.pathological.p99_ns	-
